// 4.21.4 0x96615435 D2 AY R0 FARGB8888 U565 N0 SExtFlashSection
// Generated by imageconverter. Please, do not edit!

#include <touchgfx/hal/Config.hpp>

LOCATION_PRAGMA("ExtFlashSection")
KEEP extern const unsigned char image_batery_cu_released[] LOCATION_ATTRIBUTE("ExtFlashSection") = { // 100x60 ARGB8888 pixels.
    0xf8, 0xfc, 0xf8, 0x00, 0xf8, 0xfc, 0xf8, 0x00, 0xf8, 0xfc, 0xf8, 0x00,
    0xf8, 0xfc, 0xf8, 0x00, 0xf8, 0xfc, 0xf8, 0x00, 0xf8, 0xfc, 0xf8, 0x00,
    0x48, 0x2c, 0x18, 0x34, 0x30, 0x10, 0x00, 0x71, 0x30, 0x10, 0x00, 0x9a,
    0x48, 0x30, 0x18, 0xb2, 0x50, 0x34, 0x20, 0xb2, 0x50, 0x34, 0x20, 0xcb,
    0x50, 0x34, 0x20, 0xcb, 0x50, 0x34, 0x20, 0xcb, 0x50, 0x34, 0x20, 0xcb,
    0x50, 0x34, 0x20, 0xcb, 0x50, 0x34, 0x20, 0xcb, 0x50, 0x34, 0x20, 0xcb,
    0x50, 0x34, 0x20, 0xcb, 0x50, 0x34, 0x20, 0xcb, 0x50, 0x34, 0x20, 0xcb,
    0x50, 0x34, 0x20, 0xcb, 0x50, 0x34, 0x20, 0xcb, 0x50, 0x34, 0x20, 0xcb,
    0x50, 0x34, 0x20, 0xcb, 0x50, 0x34, 0x20, 0xcb, 0x50, 0x34, 0x20, 0xcb,
    0x50, 0x34, 0x20, 0xcb, 0x50, 0x34, 0x20, 0xcb, 0x50, 0x34, 0x20, 0xcb,
    0x50, 0x34, 0x20, 0xcb, 0x50, 0x34, 0x20, 0xcb, 0x50, 0x34, 0x20, 0xcb,
    0x50, 0x34, 0x20, 0xcb, 0x50, 0x34, 0x20, 0xcb, 0x50, 0x34, 0x20, 0xcb,
    0x50, 0x34, 0x20, 0xcb, 0x50, 0x34, 0x20, 0xcb, 0x50, 0x34, 0x20, 0xcb,
    0x50, 0x34, 0x20, 0xcb, 0x50, 0x34, 0x20, 0xcb, 0x50, 0x34, 0x20, 0xcb,
    0x50, 0x34, 0x20, 0xcb, 0x50, 0x34, 0x20, 0xcb, 0x50, 0x34, 0x20, 0xcb,
    0x50, 0x34, 0x20, 0xcb, 0x50, 0x34, 0x20, 0xcb, 0x50, 0x34, 0x20, 0xcb,
    0x50, 0x34, 0x20, 0xcb, 0x50, 0x34, 0x20, 0xcb, 0x50, 0x34, 0x20, 0xcb,
    0x50, 0x34, 0x20, 0xcb, 0x50, 0x34, 0x20, 0xcb, 0x50, 0x34, 0x20, 0xcb,
    0x50, 0x34, 0x20, 0xcb, 0x50, 0x34, 0x20, 0xcb, 0x50, 0x34, 0x20, 0xcb,
    0x50, 0x34, 0x20, 0xcb, 0x50, 0x34, 0x20, 0xcb, 0x50, 0x34, 0x20, 0xcb,
    0x50, 0x34, 0x20, 0xcb, 0x50, 0x34, 0x20, 0xcb, 0x50, 0x34, 0x20, 0xcb,
    0x50, 0x34, 0x20, 0xcb, 0x50, 0x34, 0x20, 0xcb, 0x50, 0x34, 0x20, 0xcb,
    0x50, 0x34, 0x20, 0xcb, 0x50, 0x34, 0x20, 0xcb, 0x50, 0x34, 0x20, 0xcb,
    0x50, 0x34, 0x20, 0xcb, 0x50, 0x34, 0x20, 0xcb, 0x50, 0x34, 0x20, 0xcb,
    0x50, 0x34, 0x20, 0xcb, 0x50, 0x34, 0x20, 0xcb, 0x50, 0x34, 0x20, 0xcb,
    0x50, 0x34, 0x20, 0xcb, 0x50, 0x34, 0x20, 0xcb, 0x50, 0x34, 0x20, 0xcb,
    0x50, 0x34, 0x20, 0xcb, 0x50, 0x34, 0x20, 0xcb, 0x50, 0x34, 0x20, 0xcb,
    0x50, 0x34, 0x20, 0xcb, 0x50, 0x34, 0x20, 0xcb, 0x50, 0x34, 0x20, 0xcb,
    0x50, 0x34, 0x20, 0xcb, 0x50, 0x34, 0x20, 0xcb, 0x50, 0x34, 0x20, 0xcb,
    0x50, 0x34, 0x20, 0xcb, 0x50, 0x34, 0x20, 0xcb, 0x50, 0x34, 0x20, 0xbe,
    0x58, 0x40, 0x30, 0xb2, 0x78, 0x60, 0x50, 0x9a, 0x78, 0x60, 0x50, 0x71,
    0x58, 0x3c, 0x30, 0x41, 0xf8, 0xfc, 0xf8, 0x00, 0xf8, 0xfc, 0xf8, 0x00,
    0xf8, 0xfc, 0xf8, 0x00, 0xf8, 0xfc, 0xf8, 0x00, 0xf8, 0xfc, 0xf8, 0x00,
    0xf8, 0xfc, 0xf8, 0x00, 0xf8, 0xfc, 0xf8, 0x00, 0xf8, 0xfc, 0xf8, 0x00,
    0xf8, 0xfc, 0xf8, 0x00, 0xf8, 0xfc, 0xf8, 0x00, 0x18, 0x08, 0x00, 0x34,
    0x30, 0x14, 0x00, 0xb2, 0x48, 0x2c, 0x18, 0xcb, 0x38, 0x14, 0x00, 0xcb,
    0x28, 0x10, 0x00, 0xcb, 0x40, 0x1c, 0x08, 0xcb, 0x50, 0x34, 0x28, 0xcb,
    0x58, 0x38, 0x28, 0xcb, 0x58, 0x38, 0x28, 0xcb, 0x58, 0x38, 0x28, 0xcb,
    0x58, 0x38, 0x28, 0xcb, 0x58, 0x38, 0x28, 0xcb, 0x58, 0x38, 0x28, 0xcb,
    0x58, 0x38, 0x28, 0xcb, 0x58, 0x38, 0x28, 0xcb, 0x58, 0x38, 0x28, 0xcb,
    0x58, 0x38, 0x28, 0xcb, 0x58, 0x38, 0x28, 0xcb, 0x58, 0x38, 0x28, 0xcb,
    0x58, 0x38, 0x28, 0xcb, 0x58, 0x38, 0x28, 0xcb, 0x58, 0x38, 0x28, 0xcb,
    0x58, 0x38, 0x28, 0xcb, 0x58, 0x38, 0x28, 0xcb, 0x58, 0x38, 0x28, 0xcb,
    0x58, 0x38, 0x28, 0xcb, 0x58, 0x38, 0x28, 0xcb, 0x58, 0x38, 0x28, 0xcb,
    0x58, 0x38, 0x28, 0xcb, 0x58, 0x38, 0x28, 0xcb, 0x58, 0x38, 0x28, 0xcb,
    0x58, 0x38, 0x28, 0xcb, 0x58, 0x38, 0x28, 0xcb, 0x58, 0x38, 0x28, 0xcb,
    0x58, 0x38, 0x28, 0xcb, 0x58, 0x38, 0x28, 0xcb, 0x58, 0x38, 0x28, 0xcb,
    0x58, 0x38, 0x28, 0xcb, 0x58, 0x38, 0x28, 0xcb, 0x58, 0x38, 0x28, 0xcb,
    0x58, 0x38, 0x28, 0xcb, 0x58, 0x38, 0x28, 0xcb, 0x58, 0x38, 0x28, 0xcb,
    0x58, 0x38, 0x28, 0xcb, 0x58, 0x38, 0x28, 0xcb, 0x58, 0x38, 0x28, 0xcb,
    0x58, 0x38, 0x28, 0xcb, 0x58, 0x38, 0x28, 0xcb, 0x58, 0x38, 0x28, 0xcb,
    0x58, 0x38, 0x28, 0xcb, 0x58, 0x38, 0x28, 0xcb, 0x58, 0x38, 0x28, 0xcb,
    0x58, 0x38, 0x28, 0xcb, 0x58, 0x38, 0x28, 0xcb, 0x58, 0x38, 0x28, 0xcb,
    0x58, 0x38, 0x28, 0xcb, 0x58, 0x38, 0x28, 0xcb, 0x58, 0x38, 0x28, 0xcb,
    0x58, 0x38, 0x28, 0xcb, 0x58, 0x38, 0x28, 0xcb, 0x58, 0x38, 0x28, 0xcb,
    0x58, 0x38, 0x28, 0xcb, 0x58, 0x38, 0x28, 0xcb, 0x58, 0x38, 0x28, 0xcb,
    0x58, 0x38, 0x28, 0xcb, 0x58, 0x38, 0x28, 0xcb, 0x58, 0x38, 0x28, 0xcb,
    0x58, 0x38, 0x28, 0xcb, 0x58, 0x38, 0x28, 0xcb, 0x58, 0x38, 0x28, 0xcb,
    0x58, 0x38, 0x28, 0xcb, 0x58, 0x38, 0x28, 0xcb, 0x58, 0x38, 0x28, 0xcb,
    0x58, 0x38, 0x28, 0xcb, 0x58, 0x38, 0x28, 0xcb, 0x58, 0x38, 0x28, 0xcb,
    0x58, 0x38, 0x28, 0xcb, 0x58, 0x38, 0x28, 0xcb, 0x58, 0x38, 0x28, 0xcb,
    0x58, 0x38, 0x28, 0xcb, 0x58, 0x38, 0x28, 0xcb, 0x58, 0x38, 0x28, 0xcb,
    0x58, 0x38, 0x28, 0xcb, 0x58, 0x38, 0x28, 0xcb, 0x58, 0x38, 0x28, 0xcb,
    0x58, 0x3c, 0x28, 0xcb, 0x68, 0x4c, 0x40, 0xcb, 0x80, 0x68, 0x58, 0xcb,
    0x70, 0x5c, 0x48, 0xcb, 0x58, 0x40, 0x30, 0xcb, 0x78, 0x60, 0x50, 0xb2,
    0x88, 0x74, 0x68, 0x24, 0xf8, 0xfc, 0xf8, 0x00, 0xf8, 0xfc, 0xf8, 0x00,
    0xf8, 0xfc, 0xf8, 0x00, 0xf8, 0xfc, 0xf8, 0x00, 0xf8, 0xfc, 0xf8, 0x00,
    0xf8, 0xfc, 0xf8, 0x00, 0xf8, 0xfc, 0xf8, 0x00, 0x18, 0x0c, 0x00, 0x59,
    0x18, 0x08, 0x00, 0xcb, 0x28, 0x10, 0x00, 0xcb, 0x40, 0x1c, 0x08, 0xcb,
    0x40, 0x24, 0x10, 0xcb, 0x30, 0x14, 0x00, 0xcb, 0x38, 0x14, 0x00, 0xcb,
    0x50, 0x30, 0x20, 0xcb, 0x58, 0x38, 0x28, 0xcf, 0x58, 0x38, 0x28, 0xcb,
    0x58, 0x38, 0x28, 0xcb, 0x58, 0x38, 0x28, 0xcf, 0x58, 0x38, 0x28, 0xcb,
    0x58, 0x38, 0x28, 0xcf, 0x58, 0x38, 0x28, 0xcb, 0x58, 0x38, 0x28, 0xcf,
    0x58, 0x38, 0x28, 0xcb, 0x58, 0x38, 0x28, 0xcf, 0x58, 0x38, 0x28, 0xcb,
    0x58, 0x38, 0x28, 0xcf, 0x58, 0x38, 0x28, 0xcb, 0x58, 0x38, 0x28, 0xcf,
    0x58, 0x38, 0x28, 0xcb, 0x58, 0x38, 0x28, 0xcf, 0x58, 0x38, 0x28, 0xcb,
    0x58, 0x38, 0x28, 0xcf, 0x58, 0x38, 0x28, 0xcb, 0x58, 0x38, 0x28, 0xcf,
    0x58, 0x38, 0x28, 0xcb, 0x58, 0x38, 0x28, 0xcf, 0x58, 0x38, 0x28, 0xcb,
    0x58, 0x38, 0x28, 0xcf, 0x58, 0x38, 0x28, 0xcb, 0x58, 0x38, 0x28, 0xcf,
    0x58, 0x38, 0x28, 0xcb, 0x58, 0x38, 0x28, 0xcf, 0x58, 0x38, 0x28, 0xcb,
    0x58, 0x38, 0x28, 0xcf, 0x58, 0x38, 0x28, 0xcb, 0x58, 0x38, 0x28, 0xcf,
    0x58, 0x38, 0x28, 0xcb, 0x58, 0x38, 0x28, 0xcf, 0x58, 0x38, 0x28, 0xcb,
    0x58, 0x38, 0x28, 0xcf, 0x58, 0x38, 0x28, 0xcb, 0x58, 0x38, 0x28, 0xcf,
    0x58, 0x38, 0x28, 0xcb, 0x58, 0x38, 0x28, 0xcf, 0x58, 0x38, 0x28, 0xcb,
    0x58, 0x38, 0x28, 0xcf, 0x58, 0x38, 0x28, 0xcb, 0x58, 0x38, 0x28, 0xcf,
    0x58, 0x38, 0x28, 0xcb, 0x58, 0x38, 0x28, 0xcf, 0x58, 0x38, 0x28, 0xcb,
    0x58, 0x38, 0x28, 0xcf, 0x58, 0x38, 0x28, 0xcb, 0x58, 0x38, 0x28, 0xcf,
    0x58, 0x38, 0x28, 0xcb, 0x58, 0x38, 0x28, 0xcf, 0x58, 0x38, 0x28, 0xcb,
    0x58, 0x38, 0x28, 0xcf, 0x58, 0x38, 0x28, 0xcb, 0x58, 0x38, 0x28, 0xcf,
    0x58, 0x38, 0x28, 0xcb, 0x58, 0x38, 0x28, 0xcf, 0x58, 0x38, 0x28, 0xcb,
    0x58, 0x38, 0x28, 0xcf, 0x58, 0x38, 0x28, 0xcb, 0x58, 0x38, 0x28, 0xcf,
    0x58, 0x38, 0x28, 0xcb, 0x58, 0x38, 0x28, 0xcf, 0x58, 0x38, 0x28, 0xcb,
    0x58, 0x38, 0x28, 0xcf, 0x58, 0x38, 0x28, 0xcb, 0x58, 0x38, 0x28, 0xcf,
    0x58, 0x38, 0x28, 0xcb, 0x58, 0x38, 0x28, 0xcf, 0x58, 0x38, 0x28, 0xcb,
    0x58, 0x38, 0x28, 0xcf, 0x58, 0x38, 0x28, 0xcb, 0x58, 0x38, 0x28, 0xcf,
    0x58, 0x38, 0x28, 0xcb, 0x58, 0x38, 0x28, 0xcf, 0x58, 0x38, 0x28, 0xcb,
    0x58, 0x38, 0x28, 0xcf, 0x58, 0x40, 0x30, 0xcb, 0x70, 0x58, 0x48, 0xcb,
    0x78, 0x5c, 0x50, 0xcb, 0x60, 0x48, 0x38, 0xcb, 0x68, 0x4c, 0x40, 0xcb,
    0x88, 0x70, 0x60, 0xcb, 0x88, 0x78, 0x68, 0xcb, 0x88, 0x78, 0x68, 0x65,
    0xf8, 0xfc, 0xf8, 0x00, 0xf8, 0xfc, 0xf8, 0x00, 0xf8, 0xfc, 0xf8, 0x00,
    0xf8, 0xfc, 0xf8, 0x00, 0xf8, 0xfc, 0xf8, 0x00, 0x18, 0x08, 0x00, 0x65,
    0x18, 0x08, 0x00, 0xcb, 0x20, 0x0c, 0x00, 0xcb, 0x28, 0x10, 0x00, 0xcb,
    0x30, 0x14, 0x00, 0xcb, 0x40, 0x24, 0x10, 0xcf, 0x38, 0x18, 0x00, 0xcb,
    0x30, 0x14, 0x00, 0xcb, 0x40, 0x24, 0x10, 0xcf, 0x58, 0x38, 0x28, 0xcb,
    0x50, 0x38, 0x28, 0xcb, 0x50, 0x38, 0x28, 0xcf, 0x50, 0x38, 0x20, 0xcb,
    0x50, 0x38, 0x28, 0xcb, 0x50, 0x38, 0x28, 0xcb, 0x50, 0x38, 0x28, 0xcf,
    0x50, 0x38, 0x28, 0xcb, 0x50, 0x38, 0x28, 0xcb, 0x50, 0x38, 0x20, 0xcb,
    0x50, 0x38, 0x28, 0xcf, 0x50, 0x38, 0x28, 0xcb, 0x50, 0x38, 0x28, 0xcb,
    0x50, 0x38, 0x28, 0xcb, 0x50, 0x38, 0x28, 0xcf, 0x50, 0x38, 0x20, 0xcb,
    0x50, 0x38, 0x28, 0xcb, 0x50, 0x38, 0x28, 0xcb, 0x50, 0x38, 0x28, 0xcf,
    0x50, 0x38, 0x28, 0xcb, 0x50, 0x38, 0x28, 0xcb, 0x50, 0x38, 0x20, 0xcb,
    0x50, 0x38, 0x28, 0xcf, 0x50, 0x38, 0x28, 0xcb, 0x50, 0x38, 0x28, 0xcb,
    0x50, 0x38, 0x28, 0xcb, 0x50, 0x38, 0x28, 0xcf, 0x50, 0x38, 0x20, 0xcb,
    0x50, 0x38, 0x28, 0xcb, 0x50, 0x38, 0x28, 0xcb, 0x50, 0x38, 0x28, 0xcf,
    0x50, 0x38, 0x28, 0xcb, 0x50, 0x38, 0x28, 0xcb, 0x50, 0x38, 0x20, 0xcb,
    0x50, 0x38, 0x28, 0xcf, 0x50, 0x38, 0x28, 0xcb, 0x50, 0x38, 0x28, 0xcb,
    0x50, 0x38, 0x28, 0xcb, 0x50, 0x38, 0x28, 0xcf, 0x50, 0x38, 0x20, 0xcb,
    0x50, 0x38, 0x28, 0xcb, 0x50, 0x38, 0x28, 0xcb, 0x50, 0x38, 0x28, 0xcf,
    0x50, 0x38, 0x28, 0xcb, 0x50, 0x38, 0x28, 0xcb, 0x50, 0x38, 0x20, 0xcb,
    0x50, 0x38, 0x28, 0xcf, 0x50, 0x38, 0x28, 0xcb, 0x50, 0x38, 0x28, 0xcb,
    0x50, 0x38, 0x28, 0xcb, 0x50, 0x38, 0x28, 0xcf, 0x50, 0x38, 0x20, 0xcb,
    0x50, 0x38, 0x28, 0xcb, 0x50, 0x38, 0x28, 0xcb, 0x50, 0x38, 0x28, 0xcf,
    0x50, 0x38, 0x28, 0xcb, 0x50, 0x38, 0x28, 0xcb, 0x50, 0x38, 0x20, 0xcb,
    0x50, 0x38, 0x28, 0xcf, 0x50, 0x38, 0x28, 0xcb, 0x50, 0x38, 0x28, 0xcb,
    0x50, 0x38, 0x28, 0xcb, 0x50, 0x38, 0x28, 0xcf, 0x50, 0x38, 0x20, 0xcb,
    0x50, 0x38, 0x28, 0xcb, 0x50, 0x38, 0x28, 0xcb, 0x50, 0x38, 0x28, 0xcf,
    0x50, 0x38, 0x28, 0xcb, 0x50, 0x38, 0x28, 0xcb, 0x50, 0x38, 0x20, 0xcb,
    0x50, 0x38, 0x28, 0xcf, 0x50, 0x38, 0x28, 0xcb, 0x50, 0x38, 0x28, 0xcb,
    0x50, 0x38, 0x28, 0xcb, 0x50, 0x38, 0x28, 0xcf, 0x50, 0x38, 0x20, 0xcb,
    0x50, 0x38, 0x28, 0xcb, 0x58, 0x38, 0x28, 0xcb, 0x60, 0x48, 0x38, 0xcf,
    0x70, 0x5c, 0x48, 0xcb, 0x70, 0x54, 0x48, 0xcf, 0x68, 0x4c, 0x38, 0xcf,
    0x78, 0x5c, 0x50, 0xcb, 0x80, 0x6c, 0x60, 0xcb, 0x88, 0x74, 0x68, 0xcf,
    0x88, 0x78, 0x68, 0xcb, 0x88, 0x78, 0x68, 0x59, 0xf8, 0xfc, 0xf8, 0x00,
    0xf8, 0xfc, 0xf8, 0x00, 0xf8, 0xfc, 0xf8, 0x00, 0x18, 0x08, 0x00, 0x24,
    0x18, 0x0c, 0x00, 0xcb, 0x20, 0x0c, 0x00, 0xcb, 0x20, 0x10, 0x00, 0xcb,
    0x20, 0x0c, 0x00, 0xcf, 0x28, 0x10, 0x00, 0xcb, 0x38, 0x14, 0x00, 0xcb,
    0x40, 0x1c, 0x08, 0xcf, 0x38, 0x14, 0x00, 0xcb, 0x40, 0x20, 0x08, 0xcb,
    0x50, 0x38, 0x20, 0xcb, 0x58, 0x38, 0x28, 0xcb, 0x58, 0x38, 0x28, 0xcb,
    0x58, 0x38, 0x28, 0xcb, 0x58, 0x38, 0x20, 0xcb, 0x58, 0x38, 0x28, 0xcb,
    0x58, 0x38, 0x20, 0xcb, 0x58, 0x38, 0x28, 0xcb, 0x58, 0x38, 0x28, 0xcb,
    0x58, 0x38, 0x28, 0xcb, 0x58, 0x38, 0x20, 0xcb, 0x58, 0x38, 0x28, 0xcb,
    0x58, 0x38, 0x20, 0xcb, 0x58, 0x38, 0x28, 0xcb, 0x58, 0x38, 0x28, 0xcb,
    0x58, 0x38, 0x28, 0xcb, 0x58, 0x38, 0x20, 0xcb, 0x58, 0x38, 0x28, 0xcb,
    0x58, 0x38, 0x20, 0xcb, 0x58, 0x38, 0x28, 0xcb, 0x58, 0x38, 0x28, 0xcb,
    0x58, 0x38, 0x28, 0xcb, 0x58, 0x38, 0x20, 0xcb, 0x58, 0x38, 0x28, 0xcb,
    0x58, 0x38, 0x20, 0xcb, 0x58, 0x38, 0x28, 0xcb, 0x58, 0x38, 0x28, 0xcb,
    0x58, 0x38, 0x28, 0xcb, 0x58, 0x38, 0x20, 0xcb, 0x58, 0x38, 0x28, 0xcb,
    0x58, 0x38, 0x20, 0xcb, 0x58, 0x38, 0x28, 0xcb, 0x58, 0x38, 0x28, 0xcb,
    0x58, 0x38, 0x28, 0xcb, 0x58, 0x38, 0x20, 0xcb, 0x58, 0x38, 0x28, 0xcb,
    0x58, 0x38, 0x20, 0xcb, 0x58, 0x38, 0x28, 0xcb, 0x58, 0x38, 0x28, 0xcb,
    0x58, 0x38, 0x28, 0xcb, 0x58, 0x38, 0x20, 0xcb, 0x58, 0x38, 0x28, 0xcb,
    0x58, 0x38, 0x20, 0xcb, 0x58, 0x38, 0x28, 0xcb, 0x58, 0x38, 0x28, 0xcb,
    0x58, 0x38, 0x28, 0xcb, 0x58, 0x38, 0x20, 0xcb, 0x58, 0x38, 0x28, 0xcb,
    0x58, 0x38, 0x20, 0xcb, 0x58, 0x38, 0x28, 0xcb, 0x58, 0x38, 0x28, 0xcb,
    0x58, 0x38, 0x28, 0xcb, 0x58, 0x38, 0x20, 0xcb, 0x58, 0x38, 0x28, 0xcb,
    0x58, 0x38, 0x20, 0xcb, 0x58, 0x38, 0x28, 0xcb, 0x58, 0x38, 0x28, 0xcb,
    0x58, 0x38, 0x28, 0xcb, 0x58, 0x38, 0x20, 0xcb, 0x58, 0x38, 0x28, 0xcb,
    0x58, 0x38, 0x20, 0xcb, 0x58, 0x38, 0x28, 0xcb, 0x58, 0x38, 0x28, 0xcb,
    0x58, 0x38, 0x28, 0xcb, 0x58, 0x38, 0x20, 0xcb, 0x58, 0x38, 0x28, 0xcb,
    0x58, 0x38, 0x20, 0xcb, 0x58, 0x38, 0x28, 0xcb, 0x58, 0x38, 0x28, 0xcb,
    0x58, 0x38, 0x28, 0xcb, 0x58, 0x38, 0x20, 0xcb, 0x58, 0x38, 0x28, 0xcb,
    0x58, 0x38, 0x20, 0xcb, 0x58, 0x38, 0x28, 0xcb, 0x58, 0x38, 0x28, 0xcb,
    0x58, 0x38, 0x28, 0xcb, 0x58, 0x38, 0x28, 0xcb, 0x58, 0x3c, 0x28, 0xcb,
    0x68, 0x4c, 0x40, 0xcb, 0x70, 0x58, 0x48, 0xcb, 0x68, 0x50, 0x40, 0xcb,
    0x70, 0x58, 0x48, 0xcb, 0x78, 0x64, 0x58, 0xcb, 0x88, 0x70, 0x60, 0xcf,
    0x80, 0x6c, 0x60, 0xcb, 0x88, 0x74, 0x68, 0xcb, 0x90, 0x78, 0x70, 0xcb,
    0x88, 0x74, 0x68, 0x34, 0xf8, 0xfc, 0xf8, 0x00, 0xf8, 0xfc, 0xf8, 0x00,
    0x10, 0x04, 0x00, 0xb2, 0x18, 0x0c, 0x00, 0xcb, 0x20, 0x0c, 0x00, 0xcb,
    0x20, 0x0c, 0x00, 0xcf, 0x20, 0x0c, 0x00, 0xcb, 0x28, 0x10, 0x00, 0xcb,
    0x30, 0x14, 0x00, 0xcb, 0x38, 0x18, 0x08, 0xcb, 0x38, 0x14, 0x00, 0xcf,
    0x40, 0x1c, 0x08, 0xcb, 0x50, 0x30, 0x20, 0xcb, 0x58, 0x38, 0x28, 0xcf,
    0x50, 0x38, 0x20, 0xcb, 0x58, 0x38, 0x28, 0xcf, 0x58, 0x38, 0x28, 0xcf,
    0x50, 0x38, 0x28, 0xcb, 0x58, 0x38, 0x28, 0xcb, 0x58, 0x38, 0x20, 0xcf,
    0x50, 0x38, 0x28, 0xcf, 0x58, 0x38, 0x28, 0xcb, 0x58, 0x38, 0x28, 0xcb,
    0x50, 0x38, 0x28, 0xcf, 0x58, 0x38, 0x20, 0xcf, 0x58, 0x38, 0x28, 0xcb,
    0x50, 0x38, 0x28, 0xcb, 0x58, 0x38, 0x20, 0xcf, 0x58, 0x38, 0x28, 0xcf,
    0x50, 0x38, 0x28, 0xcb, 0x58, 0x38, 0x28, 0xcb, 0x58, 0x38, 0x20, 0xcf,
    0x50, 0x38, 0x28, 0xcf, 0x58, 0x38, 0x28, 0xcb, 0x58, 0x38, 0x28, 0xcb,
    0x50, 0x38, 0x28, 0xcf, 0x58, 0x38, 0x20, 0xcf, 0x58, 0x38, 0x28, 0xcb,
    0x50, 0x38, 0x28, 0xcb, 0x58, 0x38, 0x20, 0xcf, 0x58, 0x38, 0x28, 0xcf,
    0x50, 0x38, 0x28, 0xcb, 0x58, 0x38, 0x28, 0xcb, 0x58, 0x38, 0x20, 0xcf,
    0x50, 0x38, 0x28, 0xcf, 0x58, 0x38, 0x28, 0xcb, 0x58, 0x38, 0x28, 0xcb,
    0x50, 0x38, 0x28, 0xcf, 0x58, 0x38, 0x20, 0xcf, 0x58, 0x38, 0x28, 0xcb,
    0x50, 0x38, 0x28, 0xcb, 0x58, 0x38, 0x20, 0xcf, 0x58, 0x38, 0x28, 0xcf,
    0x50, 0x38, 0x28, 0xcb, 0x58, 0x38, 0x28, 0xcb, 0x58, 0x38, 0x20, 0xcf,
    0x50, 0x38, 0x28, 0xcf, 0x58, 0x38, 0x28, 0xcb, 0x58, 0x38, 0x28, 0xcb,
    0x50, 0x38, 0x28, 0xcf, 0x58, 0x38, 0x20, 0xcf, 0x58, 0x38, 0x28, 0xcb,
    0x50, 0x38, 0x28, 0xcb, 0x58, 0x38, 0x20, 0xcf, 0x58, 0x38, 0x28, 0xcf,
    0x50, 0x38, 0x28, 0xcb, 0x58, 0x38, 0x28, 0xcb, 0x58, 0x38, 0x20, 0xcf,
    0x50, 0x38, 0x28, 0xcf, 0x58, 0x38, 0x28, 0xcb, 0x58, 0x38, 0x28, 0xcb,
    0x50, 0x38, 0x28, 0xcf, 0x58, 0x38, 0x20, 0xcf, 0x58, 0x38, 0x28, 0xcb,
    0x50, 0x38, 0x28, 0xcb, 0x58, 0x38, 0x20, 0xcf, 0x58, 0x38, 0x28, 0xcf,
    0x50, 0x38, 0x28, 0xcb, 0x58, 0x38, 0x28, 0xcb, 0x58, 0x38, 0x20, 0xcf,
    0x50, 0x38, 0x28, 0xcf, 0x58, 0x38, 0x28, 0xcb, 0x58, 0x38, 0x28, 0xcb,
    0x50, 0x38, 0x28, 0xcf, 0x58, 0x38, 0x20, 0xcf, 0x58, 0x38, 0x28, 0xcb,
    0x50, 0x38, 0x28, 0xcb, 0x58, 0x38, 0x20, 0xcf, 0x50, 0x38, 0x28, 0xcf,
    0x58, 0x40, 0x28, 0xcb, 0x68, 0x50, 0x40, 0xcb, 0x70, 0x54, 0x48, 0xcf,
    0x70, 0x54, 0x48, 0xcb, 0x78, 0x60, 0x50, 0xcb, 0x80, 0x6c, 0x60, 0xcb,
    0x80, 0x70, 0x60, 0xcb, 0x88, 0x70, 0x60, 0xcb, 0x88, 0x6c, 0x60, 0xcb,
    0x88, 0x74, 0x68, 0xcf, 0x90, 0x7c, 0x70, 0xb2, 0xf8, 0xfc, 0xf8, 0x00,
    0x10, 0x04, 0x00, 0x41, 0x10, 0x04, 0x00, 0xcb, 0x10, 0x08, 0x00, 0xcb,
    0x18, 0x08, 0x00, 0xcf, 0x18, 0x08, 0x00, 0xcb, 0x20, 0x0c, 0x00, 0xcb,
    0x20, 0x0c, 0x00, 0xcf, 0x28, 0x10, 0x00, 0xcb, 0x30, 0x14, 0x00, 0xcb,
    0x38, 0x18, 0x00, 0xcb, 0x40, 0x1c, 0x08, 0xcf, 0x48, 0x30, 0x20, 0xcb,
    0x58, 0x38, 0x28, 0xcb, 0x50, 0x38, 0x28, 0xcb, 0x50, 0x38, 0x20, 0xcb,
    0x58, 0x38, 0x28, 0xcb, 0x50, 0x38, 0x28, 0xcf, 0x50, 0x38, 0x28, 0xcb,
    0x58, 0x38, 0x20, 0xcb, 0x50, 0x38, 0x28, 0xcb, 0x50, 0x38, 0x28, 0xcb,
    0x58, 0x38, 0x20, 0xcb, 0x50, 0x38, 0x28, 0xcb, 0x50, 0x38, 0x28, 0xcb,
    0x58, 0x38, 0x28, 0xcf, 0x50, 0x38, 0x28, 0xcb, 0x50, 0x38, 0x28, 0xcb,
    0x58, 0x38, 0x28, 0xcb, 0x50, 0x38, 0x28, 0xcb, 0x50, 0x38, 0x28, 0xcb,
    0x58, 0x38, 0x20, 0xcb, 0x50, 0x38, 0x28, 0xcb, 0x50, 0x38, 0x28, 0xcf,
    0x58, 0x38, 0x20, 0xcb, 0x50, 0x38, 0x28, 0xcb, 0x50, 0x38, 0x28, 0xcb,
    0x58, 0x38, 0x28, 0xcb, 0x50, 0x38, 0x28, 0xcb, 0x50, 0x38, 0x28, 0xcb,
    0x58, 0x38, 0x28, 0xcb, 0x50, 0x38, 0x28, 0xcf, 0x50, 0x38, 0x28, 0xcb,
    0x58, 0x38, 0x20, 0xcb, 0x50, 0x38, 0x28, 0xcb, 0x50, 0x38, 0x28, 0xcb,
    0x58, 0x38, 0x20, 0xcb, 0x50, 0x38, 0x28, 0xcb, 0x50, 0x38, 0x28, 0xcb,
    0x58, 0x38, 0x28, 0xcf, 0x50, 0x38, 0x28, 0xcb, 0x50, 0x38, 0x28, 0xcb,
    0x58, 0x38, 0x28, 0xcb, 0x50, 0x38, 0x28, 0xcb, 0x50, 0x38, 0x28, 0xcb,
    0x58, 0x38, 0x20, 0xcb, 0x50, 0x38, 0x28, 0xcb, 0x50, 0x38, 0x28, 0xcf,
    0x58, 0x38, 0x20, 0xcb, 0x50, 0x38, 0x28, 0xcb, 0x50, 0x38, 0x28, 0xcb,
    0x58, 0x38, 0x28, 0xcb, 0x50, 0x38, 0x28, 0xcb, 0x50, 0x38, 0x28, 0xcb,
    0x58, 0x38, 0x28, 0xcb, 0x50, 0x38, 0x28, 0xcf, 0x50, 0x38, 0x28, 0xcb,
    0x58, 0x38, 0x20, 0xcb, 0x50, 0x38, 0x28, 0xcb, 0x50, 0x38, 0x28, 0xcb,
    0x58, 0x38, 0x20, 0xcb, 0x50, 0x38, 0x28, 0xcb, 0x50, 0x38, 0x28, 0xcb,
    0x58, 0x38, 0x28, 0xcf, 0x50, 0x38, 0x28, 0xcb, 0x50, 0x38, 0x28, 0xcb,
    0x58, 0x38, 0x28, 0xcb, 0x50, 0x38, 0x28, 0xcb, 0x50, 0x38, 0x28, 0xcb,
    0x58, 0x38, 0x20, 0xcb, 0x50, 0x38, 0x28, 0xcb, 0x50, 0x38, 0x28, 0xcf,
    0x58, 0x38, 0x20, 0xcb, 0x50, 0x38, 0x28, 0xcb, 0x50, 0x38, 0x28, 0xcb,
    0x58, 0x38, 0x28, 0xcb, 0x50, 0x38, 0x20, 0xcb, 0x58, 0x38, 0x28, 0xcb,
    0x58, 0x38, 0x28, 0xcb, 0x58, 0x40, 0x30, 0xcf, 0x68, 0x50, 0x40, 0xcb,
    0x68, 0x54, 0x40, 0xcb, 0x70, 0x58, 0x48, 0xcf, 0x80, 0x68, 0x58, 0xcf,
    0x80, 0x70, 0x60, 0xcb, 0x88, 0x70, 0x68, 0xcf, 0x88, 0x70, 0x68, 0xcb,
    0x80, 0x70, 0x60, 0xcb, 0x80, 0x68, 0x60, 0xcb, 0x80, 0x6c, 0x60, 0xcb,
    0x80, 0x6c, 0x60, 0x34, 0x08, 0x04, 0x00, 0x71, 0x10, 0x04, 0x00, 0xcb,
    0x10, 0x04, 0x00, 0xcb, 0x10, 0x04, 0x00, 0xcb, 0x10, 0x08, 0x00, 0xcb,
    0x18, 0x08, 0x00, 0xcb, 0x20, 0x0c, 0x00, 0xcf, 0x20, 0x0c, 0x00, 0xcb,
    0x30, 0x14, 0x00, 0xcb, 0x40, 0x1c, 0x08, 0xcb, 0x40, 0x20, 0x10, 0xcb,
    0x48, 0x28, 0x10, 0xcf, 0x48, 0x30, 0x18, 0xcb, 0x50, 0x2c, 0x18, 0xcb,
    0x50, 0x30, 0x18, 0xcb, 0x48, 0x30, 0x18, 0xcb, 0x50, 0x2c, 0x18, 0xcb,
    0x48, 0x30, 0x18, 0xcb, 0x50, 0x30, 0x18, 0xcb, 0x50, 0x2c, 0x18, 0xcf,
    0x48, 0x30, 0x18, 0xcb, 0x50, 0x30, 0x18, 0xcf, 0x50, 0x2c, 0x18, 0xcb,
    0x48, 0x30, 0x18, 0xcb, 0x50, 0x30, 0x18, 0xcb, 0x50, 0x2c, 0x18, 0xcb,
    0x48, 0x30, 0x18, 0xcb, 0x50, 0x30, 0x18, 0xcf, 0x50, 0x2c, 0x18, 0xcb,
    0x48, 0x30, 0x18, 0xcf, 0x50, 0x30, 0x18, 0xcb, 0x50, 0x2c, 0x18, 0xcb,
    0x48, 0x30, 0x18, 0xcb, 0x50, 0x30, 0x18, 0xcb, 0x50, 0x2c, 0x18, 0xcb,
    0x48, 0x30, 0x18, 0xcf, 0x50, 0x30, 0x18, 0xcb, 0x50, 0x2c, 0x18, 0xcf,
    0x48, 0x30, 0x18, 0xcb, 0x50, 0x30, 0x18, 0xcb, 0x50, 0x2c, 0x18, 0xcb,
    0x48, 0x30, 0x18, 0xcb, 0x50, 0x30, 0x18, 0xcb, 0x50, 0x2c, 0x18, 0xcf,
    0x48, 0x30, 0x18, 0xcb, 0x50, 0x30, 0x18, 0xcf, 0x50, 0x2c, 0x18, 0xcb,
    0x48, 0x30, 0x18, 0xcb, 0x50, 0x30, 0x18, 0xcb, 0x50, 0x2c, 0x18, 0xcb,
    0x48, 0x30, 0x18, 0xcb, 0x50, 0x30, 0x18, 0xcf, 0x50, 0x2c, 0x18, 0xcb,
    0x48, 0x30, 0x18, 0xcf, 0x50, 0x30, 0x18, 0xcb, 0x50, 0x2c, 0x18, 0xcb,
    0x48, 0x30, 0x18, 0xcb, 0x50, 0x30, 0x18, 0xcb, 0x50, 0x2c, 0x18, 0xcb,
    0x48, 0x30, 0x18, 0xcf, 0x50, 0x30, 0x18, 0xcb, 0x50, 0x2c, 0x18, 0xcf,
    0x48, 0x30, 0x18, 0xcb, 0x50, 0x30, 0x18, 0xcb, 0x50, 0x2c, 0x18, 0xcb,
    0x48, 0x30, 0x18, 0xcb, 0x50, 0x30, 0x18, 0xcb, 0x50, 0x2c, 0x18, 0xcf,
    0x48, 0x30, 0x18, 0xcb, 0x50, 0x30, 0x18, 0xcf, 0x50, 0x2c, 0x18, 0xcb,
    0x48, 0x30, 0x18, 0xcb, 0x50, 0x30, 0x18, 0xcb, 0x50, 0x2c, 0x18, 0xcb,
    0x48, 0x30, 0x18, 0xcb, 0x50, 0x30, 0x18, 0xcf, 0x50, 0x2c, 0x18, 0xcb,
    0x48, 0x30, 0x18, 0xcf, 0x50, 0x30, 0x18, 0xcb, 0x50, 0x2c, 0x18, 0xcb,
    0x48, 0x30, 0x18, 0xcb, 0x50, 0x30, 0x18, 0xcb, 0x50, 0x2c, 0x18, 0xcb,
    0x48, 0x30, 0x18, 0xcf, 0x48, 0x30, 0x18, 0xcb, 0x50, 0x2c, 0x18, 0xcf,
    0x48, 0x30, 0x18, 0xcb, 0x50, 0x2c, 0x18, 0xcb, 0x58, 0x38, 0x28, 0xcb,
    0x60, 0x40, 0x30, 0xcb, 0x60, 0x48, 0x38, 0xcb, 0x78, 0x5c, 0x50, 0xcb,
    0x80, 0x6c, 0x60, 0xcb, 0x88, 0x70, 0x68, 0xcb, 0x88, 0x70, 0x68, 0xcf,
    0x80, 0x70, 0x60, 0xcb, 0x80, 0x6c, 0x60, 0xcb, 0x80, 0x6c, 0x60, 0xcf,
    0x90, 0x78, 0x68, 0xcb, 0x90, 0x7c, 0x70, 0x71, 0x10, 0x04, 0x00, 0x9a,
    0x10, 0x08, 0x00, 0xcb, 0x10, 0x08, 0x00, 0xcf, 0x10, 0x08, 0x00, 0xcb,
    0x10, 0x04, 0x00, 0xcb, 0x10, 0x08, 0x00, 0xcf, 0x10, 0x08, 0x00, 0xcb,
    0x18, 0x0c, 0x00, 0xcb, 0x30, 0x10, 0x00, 0xcf, 0x38, 0x18, 0x00, 0xcb,
    0x38, 0x18, 0x00, 0xcb, 0x38, 0x14, 0x00, 0xcb, 0x38, 0x14, 0x00, 0xcf,
    0x38, 0x18, 0x00, 0xcf, 0x38, 0x14, 0x00, 0xcb, 0x38, 0x14, 0x00, 0xcf,
    0x38, 0x18, 0x00, 0xcb, 0x38, 0x14, 0x00, 0xcb, 0x38, 0x18, 0x00, 0xcf,
    0x38, 0x14, 0x00, 0xcb, 0x38, 0x18, 0x00, 0xcb, 0x38, 0x14, 0x00, 0xcf,
    0x38, 0x14, 0x00, 0xcb, 0x38, 0x18, 0x00, 0xcb, 0x38, 0x14, 0x00, 0xcf,
    0x38, 0x18, 0x00, 0xcb, 0x38, 0x14, 0x00, 0xcb, 0x38, 0x18, 0x00, 0xcf,
    0x38, 0x14, 0x00, 0xcb, 0x38, 0x18, 0x00, 0xcb, 0x38, 0x14, 0x00, 0xcf,
    0x38, 0x14, 0x00, 0xcb, 0x38, 0x18, 0x00, 0xcb, 0x38, 0x14, 0x00, 0xcf,
    0x38, 0x18, 0x00, 0xcb, 0x38, 0x14, 0x00, 0xcb, 0x38, 0x18, 0x00, 0xcf,
    0x38, 0x14, 0x00, 0xcb, 0x38, 0x18, 0x00, 0xcb, 0x38, 0x14, 0x00, 0xcf,
    0x38, 0x14, 0x00, 0xcb, 0x38, 0x18, 0x00, 0xcb, 0x38, 0x14, 0x00, 0xcf,
    0x38, 0x18, 0x00, 0xcb, 0x38, 0x14, 0x00, 0xcb, 0x38, 0x18, 0x00, 0xcf,
    0x38, 0x14, 0x00, 0xcb, 0x38, 0x18, 0x00, 0xcb, 0x38, 0x14, 0x00, 0xcf,
    0x38, 0x14, 0x00, 0xcb, 0x38, 0x18, 0x00, 0xcb, 0x38, 0x14, 0x00, 0xcf,
    0x38, 0x18, 0x00, 0xcb, 0x38, 0x14, 0x00, 0xcb, 0x38, 0x18, 0x00, 0xcf,
    0x38, 0x14, 0x00, 0xcb, 0x38, 0x18, 0x00, 0xcb, 0x38, 0x14, 0x00, 0xcf,
    0x38, 0x14, 0x00, 0xcb, 0x38, 0x18, 0x00, 0xcb, 0x38, 0x14, 0x00, 0xcf,
    0x38, 0x18, 0x00, 0xcb, 0x38, 0x14, 0x00, 0xcb, 0x38, 0x18, 0x00, 0xcf,
    0x38, 0x14, 0x00, 0xcb, 0x38, 0x18, 0x00, 0xcb, 0x38, 0x14, 0x00, 0xcf,
    0x38, 0x14, 0x00, 0xcb, 0x38, 0x18, 0x00, 0xcb, 0x38, 0x14, 0x00, 0xcf,
    0x38, 0x18, 0x00, 0xcb, 0x38, 0x14, 0x00, 0xcb, 0x38, 0x18, 0x00, 0xcf,
    0x38, 0x14, 0x00, 0xcb, 0x38, 0x18, 0x00, 0xcb, 0x38, 0x14, 0x00, 0xcf,
    0x38, 0x14, 0x00, 0xcb, 0x38, 0x18, 0x00, 0xcb, 0x38, 0x14, 0x00, 0xcf,
    0x38, 0x18, 0x00, 0xcb, 0x38, 0x14, 0x00, 0xcb, 0x38, 0x18, 0x00, 0xcf,
    0x38, 0x14, 0x00, 0xcb, 0x38, 0x18, 0x00, 0xcb, 0x38, 0x14, 0x00, 0xcf,
    0x38, 0x18, 0x00, 0xcb, 0x38, 0x14, 0x00, 0xcb, 0x38, 0x18, 0x00, 0xcf,
    0x38, 0x18, 0x08, 0xcb, 0x40, 0x24, 0x10, 0xcf, 0x50, 0x30, 0x20, 0xcb,
    0x68, 0x50, 0x40, 0xcb, 0x80, 0x6c, 0x60, 0xcb, 0x80, 0x70, 0x60, 0xcb,
    0x88, 0x70, 0x60, 0xcb, 0x80, 0x70, 0x60, 0xcb, 0x88, 0x70, 0x60, 0xcf,
    0x88, 0x70, 0x68, 0xcb, 0x88, 0x78, 0x70, 0xcb, 0x90, 0x7c, 0x70, 0x9a,
    0x10, 0x04, 0x00, 0xb2, 0x10, 0x08, 0x00, 0xcb, 0x10, 0x08, 0x00, 0xcb,
    0x10, 0x04, 0x00, 0xcf, 0x10, 0x08, 0x00, 0xcb, 0x10, 0x04, 0x00, 0xcb,
    0x10, 0x04, 0x00, 0xcb, 0x18, 0x0c, 0x00, 0xcb, 0x30, 0x14, 0x00, 0xcf,
    0x38, 0x14, 0x00, 0xcb, 0x38, 0x18, 0x00, 0xcb, 0x38, 0x14, 0x00, 0xcb,
    0x38, 0x18, 0x00, 0xcb, 0x38, 0x18, 0x00, 0xcb, 0x38, 0x14, 0x00, 0xcb,
    0x38, 0x18, 0x00, 0xcf, 0x38, 0x14, 0x00, 0xcb, 0x38, 0x18, 0x00, 0xcb,
    0x38, 0x14, 0x00, 0xcf, 0x38, 0x18, 0x00, 0xcb, 0x38, 0x14, 0x00, 0xcb,
    0x38, 0x18, 0x00, 0xcb, 0x38, 0x18, 0x00, 0xcb, 0x38, 0x14, 0x00, 0xcf,
    0x38, 0x18, 0x00, 0xcb, 0x38, 0x14, 0x00, 0xcb, 0x38, 0x18, 0x00, 0xcb,
    0x38, 0x14, 0x00, 0xcb, 0x38, 0x18, 0x00, 0xcb, 0x38, 0x14, 0x00, 0xcb,
    0x38, 0x18, 0x00, 0xcb, 0x38, 0x18, 0x00, 0xcf, 0x38, 0x14, 0x00, 0xcb,
    0x38, 0x18, 0x00, 0xcb, 0x38, 0x14, 0x00, 0xcb, 0x38, 0x18, 0x00, 0xcb,
    0x38, 0x14, 0x00, 0xcb, 0x38, 0x18, 0x00, 0xcb, 0x38, 0x14, 0x00, 0xcb,
    0x38, 0x18, 0x00, 0xcf, 0x38, 0x18, 0x00, 0xcb, 0x38, 0x14, 0x00, 0xcb,
    0x38, 0x18, 0x00, 0xcf, 0x38, 0x14, 0x00, 0xcb, 0x38, 0x18, 0x00, 0xcb,
    0x38, 0x14, 0x00, 0xcb, 0x38, 0x18, 0x00, 0xcb, 0x38, 0x14, 0x00, 0xcf,
    0x38, 0x18, 0x00, 0xcb, 0x38, 0x18, 0x00, 0xcb, 0x38, 0x14, 0x00, 0xcb,
    0x38, 0x18, 0x00, 0xcb, 0x38, 0x14, 0x00, 0xcb, 0x38, 0x18, 0x00, 0xcb,
    0x38, 0x14, 0x00, 0xcb, 0x38, 0x18, 0x00, 0xcf, 0x38, 0x14, 0x00, 0xcb,
    0x38, 0x18, 0x00, 0xcb, 0x38, 0x18, 0x00, 0xcb, 0x38, 0x14, 0x00, 0xcb,
    0x38, 0x18, 0x00, 0xcb, 0x38, 0x14, 0x00, 0xcb, 0x38, 0x18, 0x00, 0xcb,
    0x38, 0x14, 0x00, 0xcf, 0x38, 0x18, 0x00, 0xcb, 0x38, 0x14, 0x00, 0xcb,
    0x38, 0x18, 0x00, 0xcf, 0x38, 0x18, 0x00, 0xcb, 0x38, 0x14, 0x00, 0xcb,
    0x38, 0x18, 0x00, 0xcb, 0x38, 0x14, 0x00, 0xcb, 0x38, 0x18, 0x00, 0xcf,
    0x38, 0x14, 0x00, 0xcb, 0x38, 0x18, 0x00, 0xcb, 0x38, 0x14, 0x00, 0xcb,
    0x38, 0x18, 0x00, 0xcb, 0x38, 0x18, 0x00, 0xcb, 0x38, 0x14, 0x00, 0xcb,
    0x38, 0x18, 0x00, 0xcb, 0x38, 0x14, 0x00, 0xcf, 0x38, 0x18, 0x00, 0xcb,
    0x38, 0x14, 0x00, 0xcb, 0x38, 0x18, 0x00, 0xcb, 0x38, 0x14, 0x00, 0xcb,
    0x38, 0x14, 0x00, 0xcb, 0x38, 0x18, 0x00, 0xcb, 0x38, 0x18, 0x00, 0xcb,
    0x38, 0x14, 0x00, 0xcb, 0x38, 0x18, 0x00, 0xcf, 0x38, 0x18, 0x00, 0xcb,
    0x38, 0x14, 0x00, 0xcb, 0x50, 0x34, 0x20, 0xcf, 0x78, 0x60, 0x50, 0xcf,
    0x88, 0x70, 0x60, 0xcb, 0x80, 0x70, 0x60, 0xcb, 0x88, 0x70, 0x68, 0xcf,
    0x88, 0x70, 0x68, 0xcb, 0x80, 0x70, 0x60, 0xcb, 0x80, 0x68, 0x58, 0xcb,
    0x80, 0x6c, 0x60, 0xb2, 0x08, 0x04, 0x00, 0xbe, 0x10, 0x04, 0x00, 0xcb,
    0x10, 0x04, 0x00, 0xcb, 0x08, 0x04, 0x00, 0xcb, 0x08, 0x04, 0x00, 0xcf,
    0x10, 0x04, 0x00, 0xcb, 0x10, 0x04, 0x00, 0xcb, 0x20, 0x0c, 0x00, 0xcb,
    0x38, 0x14, 0x08, 0xcb, 0x38, 0x14, 0x00, 0xcf, 0x38, 0x18, 0x00, 0xcb,
    0x38, 0x14, 0x08, 0xcf, 0x38, 0x14, 0x00, 0xcb, 0x38, 0x18, 0x00, 0xcb,
    0x38, 0x14, 0x08, 0xcb, 0x38, 0x18, 0x00, 0xcb, 0x38, 0x18, 0x00, 0xcb,
    0x38, 0x14, 0x08, 0xcb, 0x38, 0x18, 0x00, 0xcb, 0x38, 0x14, 0x00, 0xcb,
    0x38, 0x14, 0x08, 0xcf, 0x38, 0x18, 0x00, 0xcb, 0x38, 0x14, 0x00, 0xcb,
    0x38, 0x18, 0x00, 0xcb, 0x38, 0x14, 0x00, 0xcf, 0x38, 0x18, 0x00, 0xcb,
    0x38, 0x14, 0x00, 0xcf, 0x38, 0x18, 0x00, 0xcb, 0x38, 0x14, 0x00, 0xcf,
    0x38, 0x14, 0x00, 0xcb, 0x38, 0x18, 0x08, 0xcb, 0x38, 0x14, 0x00, 0xcb,
    0x38, 0x18, 0x00, 0xcf, 0x38, 0x14, 0x08, 0xcb, 0x38, 0x18, 0x00, 0xcf,
    0x38, 0x14, 0x00, 0xcb, 0x38, 0x18, 0x00, 0xcf, 0x38, 0x14, 0x00, 0xcb,
    0x38, 0x14, 0x00, 0xcb, 0x38, 0x18, 0x00, 0xcb, 0x38, 0x14, 0x00, 0xcb,
    0x38, 0x18, 0x00, 0xcb, 0x38, 0x14, 0x08, 0xcb, 0x38, 0x18, 0x00, 0xcb,
    0x38, 0x14, 0x00, 0xcf, 0x38, 0x18, 0x08, 0xcb, 0x38, 0x14, 0x00, 0xcb,
    0x38, 0x14, 0x00, 0xcb, 0x38, 0x18, 0x00, 0xcf, 0x38, 0x14, 0x00, 0xcb,
    0x38, 0x18, 0x00, 0xcf, 0x38, 0x14, 0x00, 0xcb, 0x38, 0x18, 0x00, 0xcf,
    0x38, 0x14, 0x00, 0xcb, 0x38, 0x18, 0x08, 0xcb, 0x38, 0x14, 0x00, 0xcb,
    0x38, 0x14, 0x00, 0xcf, 0x38, 0x18, 0x08, 0xcb, 0x38, 0x14, 0x00, 0xcf,
    0x38, 0x18, 0x00, 0xcb, 0x38, 0x14, 0x00, 0xcf, 0x38, 0x18, 0x00, 0xcb,
    0x38, 0x14, 0x00, 0xcb, 0x38, 0x18, 0x00, 0xcb, 0x38, 0x14, 0x00, 0xcb,
    0x38, 0x14, 0x00, 0xcb, 0x38, 0x18, 0x08, 0xcb, 0x38, 0x14, 0x00, 0xcb,
    0x38, 0x18, 0x00, 0xcf, 0x38, 0x14, 0x08, 0xcb, 0x38, 0x18, 0x00, 0xcb,
    0x38, 0x14, 0x00, 0xcb, 0x38, 0x18, 0x00, 0xcf, 0x38, 0x14, 0x00, 0xcb,
    0x38, 0x14, 0x00, 0xcf, 0x38, 0x18, 0x00, 0xcb, 0x38, 0x14, 0x00, 0xcf,
    0x38, 0x18, 0x00, 0xcb, 0x38, 0x14, 0x08, 0xcb, 0x38, 0x18, 0x00, 0xcb,
    0x38, 0x14, 0x00, 0xcf, 0x38, 0x18, 0x08, 0xcb, 0x38, 0x14, 0x00, 0xcf,
    0x38, 0x18, 0x00, 0xcb, 0x38, 0x18, 0x08, 0xcf, 0x38, 0x14, 0x00, 0xcb,
    0x38, 0x14, 0x00, 0xcb, 0x38, 0x18, 0x00, 0xcb, 0x38, 0x14, 0x00, 0xcb,
    0x38, 0x14, 0x00, 0xcb, 0x38, 0x18, 0x00, 0xcb, 0x48, 0x24, 0x10, 0xcb,
    0x70, 0x54, 0x48, 0xcb, 0x80, 0x6c, 0x60, 0xcb, 0x80, 0x6c, 0x60, 0xcf,
    0x80, 0x6c, 0x60, 0xcb, 0x80, 0x68, 0x60, 0xcb, 0x78, 0x64, 0x58, 0xcb,
    0x78, 0x64, 0x58, 0xcf, 0x80, 0x6c, 0x60, 0xb2, 0x10, 0x04, 0x00, 0xcb,
    0x08, 0x04, 0x00, 0xcb, 0x10, 0x04, 0x00, 0xcf, 0x10, 0x08, 0x00, 0xcb,
    0x08, 0x04, 0x00, 0xcb, 0x08, 0x04, 0x00, 0xcf, 0x10, 0x08, 0x00, 0xcb,
    0x20, 0x0c, 0x00, 0xcb, 0x38, 0x18, 0x00, 0xcf, 0x38, 0x18, 0x00, 0xcb,
    0x38, 0x14, 0x00, 0xcb, 0x38, 0x18, 0x00, 0xcb, 0x38, 0x18, 0x00, 0xcf,
    0x38, 0x14, 0x00, 0xcb, 0x38, 0x14, 0x00, 0xcf, 0x38, 0x18, 0x00, 0xcb,
    0x38, 0x14, 0x00, 0xcf, 0x38, 0x14, 0x00, 0xcb, 0x38, 0x18, 0x00, 0xcb,
    0x38, 0x18, 0x00, 0xcf, 0x38, 0x14, 0x00, 0xcb, 0x38, 0x18, 0x00, 0xcb,
    0x38, 0x14, 0x08, 0xcf, 0x38, 0x14, 0x00, 0xcb, 0x38, 0x18, 0x00, 0xcb,
    0x38, 0x14, 0x08, 0xcb, 0x38, 0x18, 0x00, 0xcb, 0x38, 0x14, 0x00, 0xcf,
    0x38, 0x18, 0x00, 0xcb, 0x38, 0x18, 0x00, 0xcb, 0x38, 0x14, 0x00, 0xcf,
    0x38, 0x14, 0x00, 0xcb, 0x38, 0x18, 0x00, 0xcb, 0x38, 0x14, 0x00, 0xcb,
    0x38, 0x14, 0x00, 0xcb, 0x38, 0x18, 0x00, 0xcf, 0x38, 0x18, 0x08, 0xcb,
    0x38, 0x14, 0x00, 0xcb, 0x38, 0x18, 0x00, 0xcf, 0x38, 0x14, 0x08, 0xcb,
    0x38, 0x18, 0x00, 0xcf, 0x38, 0x14, 0x00, 0xcb, 0x38, 0x18, 0x00, 0xcb,
    0x38, 0x14, 0x00, 0xcf, 0x38, 0x18, 0x00, 0xcb, 0x38, 0x14, 0x00, 0xcb,
    0x38, 0x18, 0x00, 0xcb, 0x38, 0x18, 0x00, 0xcf, 0x38, 0x14, 0x08, 0xcb,
    0x38, 0x14, 0x00, 0xcb, 0x38, 0x18, 0x00, 0xcb, 0x38, 0x14, 0x08, 0xcb,
    0x38, 0x14, 0x00, 0xcf, 0x38, 0x18, 0x00, 0xcb, 0x38, 0x18, 0x00, 0xcb,
    0x38, 0x14, 0x00, 0xcb, 0x38, 0x18, 0x00, 0xcb, 0x38, 0x14, 0x00, 0xcb,
    0x38, 0x18, 0x00, 0xcb, 0x38, 0x14, 0x00, 0xcf, 0x38, 0x18, 0x08, 0xcb,
    0x38, 0x14, 0x00, 0xcb, 0x38, 0x18, 0x00, 0xcf, 0x38, 0x14, 0x08, 0xcb,
    0x38, 0x18, 0x00, 0xcf, 0x38, 0x18, 0x00, 0xcb, 0x38, 0x14, 0x00, 0xcb,
    0x38, 0x14, 0x00, 0xcf, 0x38, 0x18, 0x00, 0xcb, 0x38, 0x14, 0x00, 0xcb,
    0x38, 0x14, 0x00, 0xcb, 0x38, 0x18, 0x00, 0xcf, 0x38, 0x18, 0x08, 0xcb,
    0x38, 0x14, 0x00, 0xcb, 0x38, 0x18, 0x00, 0xcb, 0x38, 0x14, 0x08, 0xcb,
    0x38, 0x18, 0x00, 0xcf, 0x38, 0x14, 0x00, 0xcb, 0x38, 0x18, 0x00, 0xcb,
    0x38, 0x14, 0x00, 0xcb, 0x38, 0x18, 0x00, 0xcb, 0x38, 0x14, 0x00, 0xcb,
    0x38, 0x14, 0x00, 0xcb, 0x38, 0x18, 0x00, 0xcf, 0x38, 0x14, 0x00, 0xcb,
    0x38, 0x14, 0x00, 0xcf, 0x38, 0x18, 0x00, 0xcb, 0x38, 0x18, 0x00, 0xcf,
    0x38, 0x14, 0x00, 0xcb, 0x38, 0x18, 0x00, 0xcf, 0x38, 0x18, 0x00, 0xcb,
    0x38, 0x18, 0x08, 0xcb, 0x68, 0x4c, 0x40, 0xcf, 0x78, 0x64, 0x58, 0xcb,
    0x80, 0x64, 0x58, 0xcb, 0x78, 0x64, 0x58, 0xcb, 0x78, 0x64, 0x58, 0xcb,
    0x78, 0x64, 0x50, 0xcf, 0x78, 0x64, 0x58, 0xcb, 0x80, 0x68, 0x60, 0xcb,
    0x10, 0x04, 0x00, 0xcb, 0x08, 0x04, 0x00, 0xcb, 0x10, 0x08, 0x00, 0xcf,
    0x10, 0x04, 0x00, 0xcb, 0x10, 0x04, 0x00, 0xcb, 0x08, 0x04, 0x00, 0xcb,
    0x10, 0x04, 0x00, 0xcf, 0x20, 0x0c, 0x00, 0xcb, 0x38, 0x18, 0x00, 0xcb,
    0x38, 0x14, 0x00, 0xcb, 0x38, 0x14, 0x00, 0xcb, 0x38, 0x18, 0x00, 0xcb,
    0x38, 0x18, 0x00, 0xcb, 0x38, 0x14, 0x00, 0xcb, 0x38, 0x18, 0x00, 0xcb,
    0x38, 0x18, 0x00, 0xcf, 0x38, 0x14, 0x00, 0xcb, 0x38, 0x14, 0x00, 0xcb,
    0x38, 0x18, 0x00, 0xcf, 0x38, 0x14, 0x00, 0xcb, 0x38, 0x18, 0x00, 0xcb,
    0x38, 0x18, 0x00, 0xcb, 0x38, 0x14, 0x00, 0xcb, 0x38, 0x18, 0x00, 0xcf,
    0x38, 0x18, 0x00, 0xcb, 0x38, 0x14, 0x00, 0xcb, 0x38, 0x14, 0x00, 0xcb,
    0x38, 0x18, 0x08, 0xcb, 0x38, 0x14, 0x00, 0xcb, 0x38, 0x18, 0x00, 0xcb,
    0x38, 0x18, 0x00, 0xcb, 0x38, 0x14, 0x00, 0xcf, 0x38, 0x18, 0x00, 0xcb,
    0x38, 0x18, 0x00, 0xcb, 0x38, 0x14, 0x00, 0xcb, 0x38, 0x18, 0x00, 0xcb,
    0x38, 0x14, 0x00, 0xcb, 0x38, 0x18, 0x00, 0xcb, 0x38, 0x14, 0x00, 0xcb,
    0x38, 0x18, 0x00, 0xcf, 0x38, 0x14, 0x00, 0xcb, 0x38, 0x18, 0x00, 0xcb,
    0x38, 0x14, 0x00, 0xcf, 0x38, 0x18, 0x00, 0xcb, 0x38, 0x14, 0x00, 0xcb,
    0x38, 0x14, 0x00, 0xcb, 0x38, 0x18, 0x00, 0xcf, 0x38, 0x18, 0x00, 0xcb,
    0x38, 0x14, 0x00, 0xcb, 0x38, 0x18, 0x00, 0xcb, 0x38, 0x18, 0x00, 0xcb,
    0x38, 0x14, 0x00, 0xcb, 0x38, 0x18, 0x00, 0xcb, 0x38, 0x14, 0x00, 0xcf,
    0x38, 0x14, 0x00, 0xcb, 0x38, 0x18, 0x00, 0xcf, 0x38, 0x18, 0x00, 0xcb,
    0x38, 0x14, 0x00, 0xcb, 0x38, 0x14, 0x00, 0xcb, 0x38, 0x18, 0x00, 0xcb,
    0x38, 0x14, 0x00, 0xcb, 0x38, 0x18, 0x00, 0xcb, 0x38, 0x14, 0x00, 0xcb,
    0x38, 0x14, 0x00, 0xcf, 0x38, 0x18, 0x00, 0xcb, 0x38, 0x18, 0x00, 0xcb,
    0x38, 0x14, 0x00, 0xcf, 0x38, 0x18, 0x00, 0xcb, 0x38, 0x18, 0x00, 0xcb,
    0x38, 0x14, 0x00, 0xcb, 0x38, 0x18, 0x00, 0xcf, 0x38, 0x14, 0x00, 0xcb,
    0x38, 0x14, 0x00, 0xcb, 0x38, 0x18, 0x00, 0xcb, 0x38, 0x18, 0x00, 0xcb,
    0x38, 0x14, 0x00, 0xcb, 0x38, 0x14, 0x00, 0xcb, 0x38, 0x18, 0x00, 0xcf,
    0x38, 0x14, 0x00, 0xcb, 0x38, 0x18, 0x00, 0xcf, 0x38, 0x14, 0x00, 0xcb,
    0x38, 0x18, 0x00, 0xcb, 0x38, 0x18, 0x00, 0xcb, 0x38, 0x14, 0x00, 0xcb,
    0x38, 0x18, 0x00, 0xcb, 0x38, 0x18, 0x08, 0xcb, 0x38, 0x14, 0x00, 0xcb,
    0x38, 0x14, 0x00, 0xcb, 0x38, 0x18, 0x00, 0xcf, 0x38, 0x14, 0x00, 0xcb,
    0x38, 0x14, 0x00, 0xcb, 0x38, 0x18, 0x00, 0xcf, 0x60, 0x44, 0x30, 0xcb,
    0x78, 0x60, 0x50, 0xcb, 0x78, 0x64, 0x58, 0xcf, 0x78, 0x64, 0x58, 0xcb,
    0x80, 0x64, 0x50, 0xcb, 0x78, 0x64, 0x58, 0xcb, 0x78, 0x64, 0x50, 0xcb,
    0x80, 0x68, 0x58, 0xcb, 0x10, 0x04, 0x00, 0xcb, 0x08, 0x04, 0x00, 0xcb,
    0x08, 0x04, 0x00, 0xcb, 0x10, 0x08, 0x00, 0xcb, 0x10, 0x04, 0x00, 0xcb,
    0x10, 0x08, 0x00, 0xcb, 0x08, 0x04, 0x00, 0xcb, 0x20, 0x0c, 0x00, 0xcf,
    0x38, 0x18, 0x00, 0xcb, 0x38, 0x14, 0x08, 0xcf, 0x38, 0x18, 0x00, 0xcf,
    0x38, 0x14, 0x00, 0xcb, 0x38, 0x14, 0x08, 0xcf, 0x38, 0x18, 0x00, 0xcb,
    0x38, 0x14, 0x00, 0xcb, 0x38, 0x18, 0x08, 0xcb, 0x38, 0x18, 0x00, 0xcb,
    0x38, 0x14, 0x00, 0xcb, 0x38, 0x18, 0x08, 0xcb, 0x38, 0x14, 0x00, 0xcb,
    0x38, 0x14, 0x00, 0xcf, 0x38, 0x18, 0x00, 0xcb, 0x38, 0x14, 0x00, 0xcb,
    0x38, 0x18, 0x00, 0xcb, 0x38, 0x14, 0x00, 0xcf, 0x38, 0x18, 0x00, 0xcb,
    0x38, 0x18, 0x00, 0xcf, 0x38, 0x14, 0x00, 0xcb, 0x38, 0x14, 0x00, 0xcf,
    0x38, 0x18, 0x08, 0xcb, 0x38, 0x14, 0x00, 0xcb, 0x38, 0x14, 0x00, 0xcb,
    0x38, 0x18, 0x08, 0xcf, 0x38, 0x14, 0x00, 0xcb, 0x38, 0x18, 0x00, 0xcf,
    0x38, 0x14, 0x08, 0xcb, 0x38, 0x14, 0x00, 0xcf, 0x38, 0x18, 0x00, 0xcb,
    0x38, 0x18, 0x00, 0xcb, 0x38, 0x14, 0x00, 0xcb, 0x38, 0x18, 0x00, 0xcb,
    0x38, 0x14, 0x08, 0xcb, 0x38, 0x18, 0x00, 0xcb, 0x38, 0x18, 0x00, 0xcb,
    0x38, 0x14, 0x08, 0xcf, 0x38, 0x18, 0x00, 0xcb, 0x38, 0x14, 0x00, 0xcb,
    0x38, 0x14, 0x08, 0xcb, 0x38, 0x18, 0x00, 0xcf, 0x38, 0x14, 0x00, 0xcf,
    0x38, 0x14, 0x00, 0xcb, 0x38, 0x18, 0x00, 0xcf, 0x38, 0x18, 0x00, 0xcb,
    0x38, 0x14, 0x08, 0xcb, 0x38, 0x14, 0x00, 0xcb, 0x38, 0x18, 0x00, 0xcf,
    0x38, 0x14, 0x08, 0xcb, 0x38, 0x18, 0x00, 0xcf, 0x38, 0x18, 0x00, 0xcf,
    0x38, 0x14, 0x08, 0xcb, 0x38, 0x18, 0x00, 0xcf, 0x38, 0x18, 0x00, 0xcb,
    0x38, 0x14, 0x00, 0xcb, 0x38, 0x18, 0x00, 0xcb, 0x38, 0x14, 0x00, 0xcb,
    0x38, 0x14, 0x08, 0xcb, 0x38, 0x18, 0x00, 0xcb, 0x38, 0x14, 0x00, 0xcb,
    0x38, 0x14, 0x08, 0xcf, 0x38, 0x18, 0x00, 0xcb, 0x38, 0x18, 0x00, 0xcb,
    0x38, 0x14, 0x08, 0xcb, 0x38, 0x14, 0x00, 0xcf, 0x38, 0x18, 0x00, 0xcf,
    0x38, 0x14, 0x00, 0xcb, 0x38, 0x18, 0x00, 0xcf, 0x38, 0x18, 0x00, 0xcb,
    0x38, 0x14, 0x08, 0xcb, 0x38, 0x18, 0x00, 0xcb, 0x38, 0x14, 0x00, 0xcf,
    0x38, 0x18, 0x08, 0xcb, 0x38, 0x14, 0x00, 0xcf, 0x38, 0x18, 0x00, 0xcf,
    0x38, 0x14, 0x08, 0xcb, 0x38, 0x18, 0x00, 0xcb, 0x38, 0x14, 0x00, 0xcf,
    0x38, 0x18, 0x00, 0xcb, 0x38, 0x14, 0x00, 0xcb, 0x38, 0x18, 0x08, 0xcb,
    0x38, 0x18, 0x00, 0xcb, 0x38, 0x14, 0x00, 0xcb, 0x38, 0x14, 0x00, 0xcb,
    0x60, 0x44, 0x30, 0xcb, 0x78, 0x60, 0x50, 0xcb, 0x78, 0x64, 0x58, 0xcf,
    0x78, 0x64, 0x50, 0xcb, 0x78, 0x64, 0x58, 0xcb, 0x80, 0x64, 0x58, 0xcf,
    0x78, 0x64, 0x58, 0xcb, 0x80, 0x68, 0x60, 0xcb, 0x10, 0x04, 0x00, 0xcb,
    0x10, 0x04, 0x00, 0xcb, 0x08, 0x04, 0x00, 0xcf, 0x10, 0x04, 0x00, 0xcb,
    0x08, 0x04, 0x00, 0xcf, 0x10, 0x04, 0x00, 0xcb, 0x10, 0x08, 0x00, 0xcb,
    0x20, 0x0c, 0x00, 0xcb, 0x38, 0x18, 0x00, 0xcb, 0x38, 0x18, 0x00, 0xcb,
    0x38, 0x14, 0x00, 0xcb, 0x38, 0x18, 0x00, 0xcb, 0x38, 0x14, 0x00, 0xcb,
    0x38, 0x14, 0x00, 0xcf, 0x38, 0x18, 0x00, 0xcb, 0x38, 0x14, 0x00, 0xcb,
    0x38, 0x14, 0x00, 0xcf, 0x38, 0x18, 0x00, 0xcf, 0x38, 0x18, 0x00, 0xcb,
    0x38, 0x14, 0x00, 0xcb, 0x38, 0x18, 0x08, 0xcf, 0x38, 0x14, 0x00, 0xcb,
    0x38, 0x18, 0x00, 0xcb, 0x38, 0x14, 0x08, 0xcb, 0x38, 0x14, 0x00, 0xcb,
    0x38, 0x18, 0x00, 0xcb, 0x38, 0x18, 0x08, 0xcb, 0x38, 0x14, 0x00, 0xcf,
    0x38, 0x18, 0x00, 0xcb, 0x38, 0x18, 0x00, 0xcb, 0x38, 0x14, 0x00, 0xcf,
    0x38, 0x18, 0x00, 0xcb, 0x38, 0x14, 0x00, 0xcb, 0x38, 0x18, 0x00, 0xcb,
    0x38, 0x14, 0x00, 0xcb, 0x38, 0x18, 0x00, 0xcf, 0x38, 0x18, 0x00, 0xcb,
    0x38, 0x14, 0x00, 0xcb, 0x38, 0x14, 0x08, 0xcf, 0x38, 0x18, 0x00, 0xcb,
    0x38, 0x14, 0x00, 0xcf, 0x38, 0x14, 0x00, 0xcb, 0x38, 0x18, 0x00, 0xcb,
    0x38, 0x14, 0x00, 0xcf, 0x38, 0x18, 0x00, 0xcb, 0x38, 0x18, 0x00, 0xcb,
    0x38, 0x14, 0x00, 0xcb, 0x38, 0x18, 0x00, 0xcb, 0x38, 0x18, 0x00, 0xcb,
    0x38, 0x14, 0x00, 0xcb, 0x38, 0x14, 0x08, 0xcb, 0x38, 0x18, 0x00, 0xcb,
    0x38, 0x18, 0x00, 0xcf, 0x38, 0x14, 0x00, 0xcb, 0x38, 0x18, 0x00, 0xcb,
    0x38, 0x18, 0x00, 0xcb, 0x38, 0x14, 0x00, 0xcb, 0x38, 0x14, 0x00, 0xcb,
    0x38, 0x18, 0x00, 0xcb, 0x38, 0x14, 0x00, 0xcb, 0x38, 0x14, 0x00, 0xcb,
    0x38, 0x18, 0x00, 0xcf, 0x38, 0x14, 0x08, 0xcb, 0x38, 0x18, 0x00, 0xcf,
    0x38, 0x18, 0x00, 0xcb, 0x38, 0x14, 0x00, 0xcf, 0x38, 0x18, 0x00, 0xcb,
    0x38, 0x18, 0x00, 0xcb, 0x38, 0x14, 0x00, 0xcf, 0x38, 0x18, 0x00, 0xcb,
    0x38, 0x14, 0x00, 0xcb, 0x38, 0x18, 0x00, 0xcb, 0x38, 0x18, 0x00, 0xcb,
    0x38, 0x14, 0x00, 0xcb, 0x38, 0x14, 0x08, 0xcb, 0x38, 0x18, 0x00, 0xcb,
    0x38, 0x14, 0x00, 0xcf, 0x38, 0x18, 0x00, 0xcb, 0x38, 0x14, 0x00, 0xcb,
    0x38, 0x18, 0x00, 0xcb, 0x38, 0x14, 0x00, 0xcb, 0x38, 0x14, 0x00, 0xcb,
    0x38, 0x18, 0x00, 0xcb, 0x38, 0x14, 0x00, 0xcb, 0x38, 0x14, 0x00, 0xcf,
    0x38, 0x18, 0x00, 0xcb, 0x38, 0x14, 0x00, 0xcb, 0x38, 0x18, 0x00, 0xcf,
    0x38, 0x14, 0x00, 0xcb, 0x38, 0x18, 0x00, 0xcf, 0x38, 0x18, 0x00, 0xcb,
    0x38, 0x14, 0x00, 0xcf, 0x60, 0x44, 0x38, 0xcb, 0x78, 0x60, 0x50, 0xcb,
    0x78, 0x60, 0x58, 0xcb, 0x78, 0x64, 0x50, 0xcb, 0x78, 0x60, 0x58, 0xcf,
    0x78, 0x64, 0x50, 0xcb, 0x80, 0x64, 0x58, 0xcb, 0x80, 0x68, 0x60, 0xcb,
    0x10, 0x04, 0x00, 0xcb, 0x08, 0x08, 0x00, 0xcb, 0x10, 0x08, 0x00, 0xcb,
    0x10, 0x04, 0x00, 0xcf, 0x08, 0x04, 0x00, 0xcb, 0x10, 0x04, 0x00, 0xcb,
    0x10, 0x04, 0x00, 0xcf, 0x20, 0x0c, 0x00, 0xcb, 0x38, 0x18, 0x00, 0xcb,
    0x38, 0x14, 0x00, 0xcb, 0x38, 0x14, 0x00, 0xcf, 0x38, 0x18, 0x00, 0xcb,
    0x38, 0x18, 0x00, 0xcb, 0x38, 0x14, 0x00, 0xcb, 0x38, 0x18, 0x00, 0xcf,
    0x38, 0x14, 0x00, 0xcb, 0x38, 0x14, 0x00, 0xcb, 0x38, 0x18, 0x08, 0xcb,
    0x38, 0x14, 0x00, 0xcb, 0x38, 0x18, 0x00, 0xcb, 0x38, 0x14, 0x00, 0xcb,
    0x38, 0x18, 0x00, 0xcf, 0x38, 0x18, 0x00, 0xcb, 0x38, 0x14, 0x00, 0xcf,
    0x38, 0x18, 0x00, 0xcb, 0x38, 0x14, 0x00, 0xcb, 0x38, 0x14, 0x00, 0xcb,
    0x38, 0x18, 0x00, 0xcb, 0x38, 0x14, 0x00, 0xcb, 0x38, 0x14, 0x00, 0xcb,
    0x38, 0x18, 0x00, 0xcb, 0x38, 0x18, 0x00, 0xcf, 0x38, 0x14, 0x00, 0xcb,
    0x38, 0x18, 0x00, 0xcb, 0x38, 0x14, 0x00, 0xcb, 0x38, 0x14, 0x00, 0xcb,
    0x38, 0x18, 0x00, 0xcb, 0x38, 0x14, 0x00, 0xcb, 0x38, 0x18, 0x00, 0xcb,
    0x38, 0x18, 0x00, 0xcf, 0x38, 0x14, 0x00, 0xcb, 0x38, 0x18, 0x00, 0xcb,
    0x38, 0x14, 0x00, 0xcf, 0x38, 0x14, 0x00, 0xcb, 0x38, 0x18, 0x00, 0xcb,
    0x38, 0x14, 0x00, 0xcf, 0x38, 0x14, 0x00, 0xcf, 0x38, 0x18, 0x00, 0xcb,
    0x38, 0x14, 0x00, 0xcb, 0x38, 0x18, 0x00, 0xcf, 0x38, 0x18, 0x00, 0xcb,
    0x38, 0x14, 0x00, 0xcb, 0x38, 0x14, 0x00, 0xcb, 0x38, 0x18, 0x00, 0xcf,
    0x38, 0x14, 0x00, 0xcb, 0x38, 0x18, 0x00, 0xcb, 0x38, 0x14, 0x00, 0xcf,
    0x38, 0x18, 0x00, 0xcb, 0x38, 0x18, 0x00, 0xcb, 0x38, 0x14, 0x00, 0xcb,
    0x38, 0x18, 0x00, 0xcb, 0x38, 0x14, 0x00, 0xcb, 0x38, 0x14, 0x00, 0xcb,
    0x38, 0x18, 0x00, 0xcb, 0x38, 0x14, 0x00, 0xcf, 0x38, 0x14, 0x00, 0xcb,
    0x38, 0x18, 0x00, 0xcb, 0x38, 0x14, 0x00, 0xcb, 0x38, 0x18, 0x00, 0xcb,
    0x38, 0x14, 0x00, 0xcf, 0x38, 0x14, 0x00, 0xcb, 0x38, 0x18, 0x00, 0xcf,
    0x38, 0x18, 0x00, 0xcb, 0x38, 0x14, 0x00, 0xcb, 0x38, 0x18, 0x00, 0xcb,
    0x38, 0x14, 0x00, 0xcb, 0x38, 0x18, 0x00, 0xcb, 0x38, 0x14, 0x00, 0xcf,
    0x38, 0x18, 0x00, 0xcb, 0x38, 0x18, 0x00, 0xcb, 0x38, 0x14, 0x00, 0xcf,
    0x38, 0x18, 0x00, 0xcb, 0x38, 0x18, 0x00, 0xcb, 0x38, 0x14, 0x00, 0xcb,
    0x38, 0x18, 0x00, 0xcb, 0x38, 0x18, 0x08, 0xcb, 0x38, 0x14, 0x00, 0xcb,
    0x38, 0x14, 0x00, 0xcb, 0x38, 0x18, 0x00, 0xcf, 0x38, 0x14, 0x08, 0xcb,
    0x38, 0x14, 0x00, 0xcb, 0x38, 0x18, 0x00, 0xcb, 0x60, 0x44, 0x30, 0xcf,
    0x78, 0x60, 0x50, 0xcb, 0x78, 0x64, 0x58, 0xcb, 0x78, 0x64, 0x58, 0xcf,
    0x80, 0x60, 0x50, 0xcb, 0x78, 0x64, 0x58, 0xcb, 0x78, 0x64, 0x50, 0xcf,
    0x80, 0x68, 0x58, 0xcb, 0x08, 0x04, 0x00, 0xcb, 0x10, 0x04, 0x00, 0xcb,
    0x10, 0x04, 0x00, 0xcb, 0x08, 0x08, 0x00, 0xcb, 0x10, 0x04, 0x00, 0xcb,
    0x08, 0x08, 0x00, 0xcb, 0x10, 0x04, 0x00, 0xcf, 0x20, 0x0c, 0x00, 0xcb,
    0x38, 0x18, 0x08, 0xcb, 0x38, 0x14, 0x00, 0xcf, 0x38, 0x18, 0x00, 0xcb,
    0x38, 0x18, 0x08, 0xcb, 0x38, 0x14, 0x00, 0xcf, 0x38, 0x18, 0x00, 0xcb,
    0x38, 0x18, 0x08, 0xcb, 0x38, 0x18, 0x00, 0xcb, 0x38, 0x14, 0x00, 0xcb,
    0x38, 0x18, 0x00, 0xcf, 0x38, 0x14, 0x00, 0xcb, 0x38, 0x14, 0x00, 0xcb,
    0x38, 0x18, 0x00, 0xcf, 0x38, 0x14, 0x00, 0xcb, 0x38, 0x14, 0x00, 0xcb,
    0x38, 0x18, 0x00, 0xcb, 0x38, 0x18, 0x00, 0xcf, 0x38, 0x14, 0x00, 0xcf,
    0x38, 0x18, 0x00, 0xcb, 0x38, 0x18, 0x00, 0xcb, 0x38, 0x14, 0x00, 0xcf,
    0x38, 0x14, 0x08, 0xcb, 0x38, 0x18, 0x00, 0xcb, 0x38, 0x14, 0x00, 0xcb,
    0x38, 0x14, 0x08, 0xcf, 0x38, 0x18, 0x00, 0xcb, 0x38, 0x18, 0x00, 0xcf,
    0x38, 0x14, 0x08, 0xcb, 0x38, 0x18, 0x00, 0xcf, 0x38, 0x14, 0x00, 0xcb,
    0x38, 0x14, 0x00, 0xcb, 0x38, 0x18, 0x00, 0xcb, 0x38, 0x18, 0x08, 0xcb,
    0x38, 0x14, 0x00, 0xcb, 0x38, 0x18, 0x00, 0xcb, 0x38, 0x18, 0x08, 0xcb,
    0x38, 0x14, 0x00, 0xcb, 0x38, 0x18, 0x00, 0xcb, 0x38, 0x14, 0x08, 0xcb,
    0x38, 0x14, 0x00, 0xcb, 0x38, 0x18, 0x00, 0xcf, 0x38, 0x14, 0x08, 0xcb,
    0x38, 0x18, 0x00, 0xcb, 0x38, 0x14, 0x00, 0xcb, 0x38, 0x18, 0x08, 0xcb,
    0x38, 0x14, 0x00, 0xcb, 0x38, 0x18, 0x00, 0xcf, 0x38, 0x14, 0x08, 0xcb,
    0x38, 0x18, 0x00, 0xcb, 0x38, 0x14, 0x00, 0xcf, 0x38, 0x14, 0x08, 0xcb,
    0x38, 0x18, 0x00, 0xcf, 0x38, 0x18, 0x00, 0xcf, 0x38, 0x14, 0x08, 0xcb,
    0x38, 0x18, 0x00, 0xcb, 0x38, 0x18, 0x00, 0xcb, 0x38, 0x14, 0x08, 0xcb,
    0x38, 0x18, 0x00, 0xcb, 0x38, 0x14, 0x00, 0xcf, 0x38, 0x14, 0x08, 0xcb,
    0x38, 0x18, 0x00, 0xcb, 0x38, 0x18, 0x00, 0xcb, 0x38, 0x14, 0x08, 0xcb,
    0x38, 0x14, 0x00, 0xcb, 0x38, 0x18, 0x00, 0xcf, 0x38, 0x14, 0x08, 0xcf,
    0x38, 0x18, 0x00, 0xcb, 0x38, 0x18, 0x00, 0xcb, 0x38, 0x14, 0x08, 0xcf,
    0x38, 0x14, 0x00, 0xcb, 0x38, 0x18, 0x00, 0xcb, 0x38, 0x14, 0x08, 0xcb,
    0x38, 0x14, 0x00, 0xcf, 0x38, 0x18, 0x00, 0xcb, 0x38, 0x14, 0x08, 0xcb,
    0x38, 0x14, 0x00, 0xcf, 0x38, 0x18, 0x00, 0xcb, 0x38, 0x18, 0x00, 0xcf,
    0x38, 0x14, 0x00, 0xcb, 0x38, 0x18, 0x00, 0xcb, 0x38, 0x18, 0x00, 0xcb,
    0x38, 0x14, 0x00, 0xcb, 0x38, 0x14, 0x00, 0xcb, 0x38, 0x18, 0x00, 0xcb,
    0x60, 0x44, 0x30, 0xcf, 0x78, 0x5c, 0x50, 0xcb, 0x78, 0x64, 0x58, 0xcb,
    0x78, 0x64, 0x58, 0xcf, 0x78, 0x64, 0x50, 0xcb, 0x78, 0x64, 0x58, 0xcb,
    0x78, 0x64, 0x58, 0xcb, 0x80, 0x68, 0x60, 0xcb, 0x10, 0x04, 0x00, 0xcb,
    0x10, 0x04, 0x00, 0xcf, 0x08, 0x04, 0x00, 0xcf, 0x10, 0x04, 0x00, 0xcb,
    0x10, 0x04, 0x00, 0xcb, 0x08, 0x04, 0x00, 0xcf, 0x10, 0x08, 0x00, 0xcb,
    0x20, 0x0c, 0x00, 0xcb, 0x38, 0x18, 0x00, 0xcf, 0x38, 0x14, 0x00, 0xcb,
    0x38, 0x14, 0x00, 0xcb, 0x38, 0x18, 0x00, 0xcb, 0x38, 0x14, 0x00, 0xcb,
    0x38, 0x14, 0x00, 0xcf, 0x38, 0x18, 0x00, 0xcb, 0x38, 0x14, 0x00, 0xcb,
    0x38, 0x18, 0x00, 0xcf, 0x38, 0x18, 0x00, 0xcb, 0x38, 0x14, 0x00, 0xcb,
    0x38, 0x18, 0x08, 0xcf, 0x38, 0x18, 0x00, 0xcb, 0x38, 0x14, 0x00, 0xcb,
    0x38, 0x14, 0x08, 0xcb, 0x38, 0x18, 0x00, 0xcb, 0x38, 0x14, 0x00, 0xcb,
    0x38, 0x14, 0x08, 0xcb, 0x38, 0x18, 0x00, 0xcb, 0x38, 0x14, 0x00, 0xcf,
    0x38, 0x18, 0x00, 0xcb, 0x38, 0x18, 0x00, 0xcf, 0x38, 0x14, 0x00, 0xcb,
    0x38, 0x18, 0x00, 0xcb, 0x38, 0x14, 0x00, 0xcb, 0x38, 0x18, 0x00, 0xcb,
    0x38, 0x14, 0x00, 0xcb, 0x38, 0x18, 0x00, 0xcf, 0x38, 0x18, 0x00, 0xcb,
    0x38, 0x14, 0x08, 0xcb, 0x38, 0x14, 0x00, 0xcf, 0x38, 0x18, 0x00, 0xcb,
    0x38, 0x14, 0x00, 0xcf, 0x38, 0x14, 0x00, 0xcb, 0x38, 0x18, 0x00, 0xcf,
    0x38, 0x14, 0x00, 0xcb, 0x38, 0x18, 0x00, 0xcb, 0x38, 0x18, 0x00, 0xcf,
    0x38, 0x14, 0x00, 0xcb, 0x38, 0x18, 0x00, 0xcb, 0x38, 0x18, 0x00, 0xcb,
    0x38, 0x14, 0x00, 0xcb, 0x38, 0x14, 0x00, 0xcf, 0x38, 0x18, 0x00, 0xcf,
    0x38, 0x18, 0x00, 0xcb, 0x38, 0x14, 0x00, 0xcb, 0x38, 0x14, 0x00, 0xcb,
    0x38, 0x18, 0x00, 0xcb, 0x38, 0x18, 0x00, 0xcb, 0x38, 0x14, 0x00, 0xcb,
    0x38, 0x14, 0x00, 0xcb, 0x38, 0x18, 0x00, 0xcb, 0x38, 0x14, 0x00, 0xcb,
    0x38, 0x14, 0x00, 0xcf, 0x38, 0x18, 0x00, 0xcb, 0x38, 0x14, 0x00, 0xcf,
    0x38, 0x18, 0x00, 0xcb, 0x38, 0x18, 0x00, 0xcb, 0x38, 0x14, 0x00, 0xcf,
    0x38, 0x18, 0x00, 0xcb, 0x38, 0x14, 0x00, 0xcb, 0x38, 0x18, 0x00, 0xcf,
    0x38, 0x18, 0x00, 0xcb, 0x38, 0x14, 0x00, 0xcb, 0x38, 0x18, 0x00, 0xcb,
    0x38, 0x14, 0x00, 0xcb, 0x38, 0x14, 0x00, 0xcb, 0x38, 0x18, 0x00, 0xcf,
    0x38, 0x14, 0x00, 0xcb, 0x38, 0x18, 0x00, 0xcb, 0x38, 0x18, 0x00, 0xcb,
    0x38, 0x14, 0x00, 0xcf, 0x38, 0x18, 0x00, 0xcb, 0x38, 0x18, 0x00, 0xcb,
    0x38, 0x14, 0x00, 0xcf, 0x38, 0x18, 0x00, 0xcb, 0x38, 0x14, 0x00, 0xcb,
    0x38, 0x14, 0x00, 0xcf, 0x38, 0x18, 0x00, 0xcb, 0x38, 0x14, 0x08, 0xcb,
    0x38, 0x18, 0x00, 0xcf, 0x38, 0x18, 0x00, 0xcb, 0x38, 0x14, 0x00, 0xcf,
    0x38, 0x14, 0x00, 0xcb, 0x60, 0x44, 0x38, 0xcb, 0x78, 0x60, 0x50, 0xcb,
    0x78, 0x60, 0x58, 0xcb, 0x78, 0x64, 0x50, 0xcb, 0x80, 0x64, 0x58, 0xcb,
    0x78, 0x60, 0x58, 0xcf, 0x78, 0x64, 0x50, 0xcb, 0x80, 0x68, 0x60, 0xcb,
    0x10, 0x04, 0x00, 0xcb, 0x08, 0x04, 0x00, 0xcb, 0x10, 0x08, 0x00, 0xcb,
    0x10, 0x04, 0x00, 0xcb, 0x08, 0x04, 0x00, 0xcf, 0x10, 0x04, 0x00, 0xcb,
    0x10, 0x04, 0x00, 0xcb, 0x20, 0x0c, 0x00, 0xcb, 0x38, 0x18, 0x00, 0xcb,
    0x38, 0x18, 0x00, 0xcb, 0x38, 0x14, 0x00, 0xcf, 0x38, 0x18, 0x00, 0xcb,
    0x38, 0x14, 0x08, 0xcb, 0x38, 0x14, 0x00, 0xcb, 0x38, 0x18, 0x00, 0xcf,
    0x38, 0x14, 0x00, 0xcb, 0x38, 0x14, 0x08, 0xcb, 0x38, 0x18, 0x00, 0xcb,
    0x38, 0x14, 0x00, 0xcb, 0x38, 0x18, 0x00, 0xcb, 0x38, 0x18, 0x00, 0xcb,
    0x38, 0x14, 0x00, 0xcf, 0x38, 0x18, 0x00, 0xcb, 0x38, 0x18, 0x00, 0xcf,
    0x38, 0x14, 0x00, 0xcb, 0x38, 0x18, 0x00, 0xcb, 0x38, 0x14, 0x00, 0xcf,
    0x38, 0x14, 0x08, 0xcb, 0x38, 0x18, 0x00, 0xcb, 0x38, 0x14, 0x00, 0xcb,
    0x38, 0x18, 0x00, 0xcf, 0x38, 0x18, 0x00, 0xcb, 0x38, 0x14, 0x00, 0xcb,
    0x38, 0x14, 0x08, 0xcf, 0x38, 0x18, 0x00, 0xcb, 0x38, 0x14, 0x00, 0xcb,
    0x38, 0x18, 0x00, 0xcb, 0x38, 0x18, 0x00, 0xcb, 0x38, 0x14, 0x00, 0xcb,
    0x38, 0x18, 0x00, 0xcf, 0x38, 0x18, 0x00, 0xcb, 0x38, 0x14, 0x00, 0xcb,
    0x38, 0x14, 0x08, 0xcb, 0x38, 0x18, 0x00, 0xcf, 0x38, 0x14, 0x00, 0xcb,
    0x38, 0x14, 0x00, 0xcb, 0x38, 0x18, 0x00, 0xcf, 0x38, 0x14, 0x08, 0xcb,
    0x38, 0x18, 0x00, 0xcb, 0x38, 0x18, 0x00, 0xcb, 0x38, 0x14, 0x00, 0xcb,
    0x38, 0x18, 0x00, 0xcb, 0x38, 0x14, 0x00, 0xcf, 0x38, 0x18, 0x00, 0xcb,
    0x38, 0x14, 0x00, 0xcb, 0x38, 0x18, 0x00, 0xcf, 0x38, 0x14, 0x08, 0xcb,
    0x38, 0x18, 0x00, 0xcb, 0x38, 0x18, 0x00, 0xcf, 0x38, 0x14, 0x00, 0xcb,
    0x38, 0x18, 0x00, 0xcb, 0x38, 0x18, 0x00, 0xcb, 0x38, 0x14, 0x00, 0xcb,
    0x38, 0x14, 0x00, 0xcf, 0x38, 0x18, 0x00, 0xcb, 0x38, 0x14, 0x00, 0xcb,
    0x38, 0x18, 0x00, 0xcb, 0x38, 0x14, 0x00, 0xcb, 0x38, 0x14, 0x08, 0xcf,
    0x38, 0x18, 0x00, 0xcb, 0x38, 0x14, 0x00, 0xcb, 0x38, 0x18, 0x00, 0xcf,
    0x38, 0x18, 0x00, 0xcb, 0x38, 0x14, 0x00, 0xcb, 0x38, 0x18, 0x00, 0xcb,
    0x38, 0x14, 0x00, 0xcb, 0x38, 0x18, 0x00, 0xcb, 0x38, 0x14, 0x00, 0xcf,
    0x38, 0x14, 0x00, 0xcb, 0x38, 0x18, 0x00, 0xcb, 0x38, 0x14, 0x08, 0xcb,
    0x38, 0x14, 0x00, 0xcb, 0x38, 0x18, 0x00, 0xcb, 0x38, 0x18, 0x00, 0xcb,
    0x38, 0x14, 0x08, 0xcb, 0x38, 0x18, 0x00, 0xcb, 0x38, 0x14, 0x00, 0xcb,
    0x38, 0x14, 0x00, 0xcf, 0x38, 0x18, 0x00, 0xcb, 0x38, 0x14, 0x00, 0xcb,
    0x38, 0x18, 0x08, 0xcb, 0x38, 0x14, 0x00, 0xcf, 0x60, 0x44, 0x30, 0xcb,
    0x78, 0x60, 0x50, 0xcf, 0x78, 0x64, 0x58, 0xcb, 0x78, 0x60, 0x58, 0xcb,
    0x78, 0x64, 0x50, 0xcf, 0x80, 0x64, 0x58, 0xcb, 0x78, 0x64, 0x50, 0xcb,
    0x80, 0x68, 0x58, 0xcb, 0x08, 0x04, 0x00, 0xcb, 0x10, 0x04, 0x00, 0xcb,
    0x08, 0x08, 0x00, 0xcb, 0x10, 0x04, 0x00, 0xcb, 0x08, 0x08, 0x00, 0xcb,
    0x10, 0x04, 0x00, 0xcb, 0x10, 0x04, 0x00, 0xcf, 0x20, 0x0c, 0x00, 0xcb,
    0x38, 0x18, 0x00, 0xcb, 0x38, 0x14, 0x08, 0xcf, 0x38, 0x18, 0x00, 0xcb,
    0x38, 0x18, 0x00, 0xcb, 0x38, 0x14, 0x00, 0xcf, 0x38, 0x18, 0x00, 0xcb,
    0x38, 0x18, 0x00, 0xcb, 0x38, 0x14, 0x00, 0xcb, 0x38, 0x18, 0x00, 0xcf,
    0x38, 0x14, 0x00, 0xcb, 0x38, 0x14, 0x00, 0xcf, 0x38, 0x14, 0x00, 0xcb,
    0x38, 0x18, 0x00, 0xcb, 0x38, 0x14, 0x00, 0xcb, 0x38, 0x18, 0x00, 0xcf,
    0x38, 0x14, 0x08, 0xcb, 0x38, 0x18, 0x00, 0xcb, 0x38, 0x18, 0x00, 0xcb,
    0x38, 0x14, 0x00, 0xcb, 0x38, 0x18, 0x00, 0xcb, 0x38, 0x14, 0x00, 0xcb,
    0x38, 0x14, 0x00, 0xcb, 0x38, 0x18, 0x08, 0xcb, 0x38, 0x14, 0x00, 0xcf,
    0x38, 0x18, 0x00, 0xcb, 0x38, 0x18, 0x00, 0xcb, 0x38, 0x14, 0x00, 0xcf,
    0x38, 0x14, 0x00, 0xcb, 0x38, 0x14, 0x00, 0xcb, 0x38, 0x18, 0x00, 0xcf,
    0x38, 0x14, 0x00, 0xcb, 0x38, 0x14, 0x08, 0xcb, 0x38, 0x18, 0x00, 0xcb,
    0x38, 0x18, 0x00, 0xcb, 0x38, 0x14, 0x00, 0xcb, 0x38, 0x18, 0x00, 0xcb,
    0x38, 0x14, 0x00, 0xcb, 0x38, 0x18, 0x08, 0xcb, 0x38, 0x14, 0x00, 0xcf,
    0x38, 0x14, 0x00, 0xcb, 0x38, 0x18, 0x00, 0xcf, 0x38, 0x14, 0x00, 0xcf,
    0x38, 0x14, 0x08, 0xcb, 0x38, 0x18, 0x00, 0xcb, 0x38, 0x14, 0x00, 0xcb,
    0x38, 0x18, 0x08, 0xcf, 0x38, 0x18, 0x00, 0xcb, 0x38, 0x14, 0x00, 0xcb,
    0x38, 0x14, 0x00, 0xcf, 0x38, 0x18, 0x00, 0xcb, 0x38, 0x14, 0x00, 0xcb,
    0x38, 0x14, 0x08, 0xcf, 0x38, 0x18, 0x00, 0xcb, 0x38, 0x18, 0x00, 0xcb,
    0x38, 0x14, 0x08, 0xcb, 0x38, 0x18, 0x00, 0xcb, 0x38, 0x14, 0x00, 0xcf,
    0x38, 0x14, 0x08, 0xcb, 0x38, 0x18, 0x00, 0xcb, 0x38, 0x18, 0x00, 0xcf,
    0x38, 0x14, 0x00, 0xcb, 0x38, 0x18, 0x00, 0xcb, 0x38, 0x14, 0x00, 0xcb,
    0x38, 0x14, 0x08, 0xcf, 0x38, 0x18, 0x00, 0xcb, 0x38, 0x14, 0x00, 0xcf,
    0x38, 0x18, 0x08, 0xcf, 0x38, 0x18, 0x00, 0xcb, 0x38, 0x14, 0x00, 0xcb,
    0x38, 0x18, 0x08, 0xcb, 0x38, 0x14, 0x00, 0xcf, 0x38, 0x18, 0x00, 0xcb,
    0x38, 0x18, 0x00, 0xcb, 0x38, 0x14, 0x00, 0xcf, 0x38, 0x14, 0x00, 0xcb,
    0x38, 0x18, 0x00, 0xcf, 0x38, 0x14, 0x00, 0xcb, 0x38, 0x18, 0x00, 0xcb,
    0x38, 0x18, 0x00, 0xcf, 0x38, 0x14, 0x00, 0xcb, 0x38, 0x14, 0x00, 0xcb,
    0x38, 0x18, 0x00, 0xcb, 0x38, 0x18, 0x00, 0xcb, 0x38, 0x14, 0x00, 0xcb,
    0x58, 0x44, 0x30, 0xcb, 0x78, 0x60, 0x50, 0xcb, 0x78, 0x64, 0x58, 0xcf,
    0x78, 0x64, 0x58, 0xcb, 0x78, 0x60, 0x50, 0xcb, 0x78, 0x64, 0x58, 0xcb,
    0x80, 0x64, 0x58, 0xcf, 0x80, 0x68, 0x60, 0xcb, 0x10, 0x04, 0x00, 0xcb,
    0x10, 0x04, 0x00, 0xcf, 0x08, 0x04, 0x00, 0xcf, 0x10, 0x04, 0x00, 0xcb,
    0x10, 0x04, 0x00, 0xcb, 0x08, 0x08, 0x00, 0xcf, 0x08, 0x04, 0x00, 0xcb,
    0x20, 0x0c, 0x00, 0xcb, 0x38, 0x18, 0x00, 0xcf, 0x38, 0x14, 0x00, 0xcb,
    0x38, 0x14, 0x00, 0xcb, 0x38, 0x18, 0x00, 0xcb, 0x38, 0x14, 0x00, 0xcb,
    0x38, 0x18, 0x00, 0xcf, 0x38, 0x14, 0x08, 0xcb, 0x38, 0x18, 0x00, 0xcb,
    0x38, 0x18, 0x00, 0xcb, 0x38, 0x18, 0x00, 0xcf, 0x38, 0x14, 0x08, 0xcb,
    0x38, 0x18, 0x00, 0xcb, 0x38, 0x14, 0x00, 0xcf, 0x38, 0x18, 0x08, 0xcb,
    0x38, 0x14, 0x00, 0xcb, 0x38, 0x14, 0x00, 0xcb, 0x38, 0x18, 0x00, 0xcf,
    0x38, 0x14, 0x00, 0xcb, 0x38, 0x18, 0x00, 0xcb, 0x38, 0x18, 0x00, 0xcf,
    0x38, 0x14, 0x00, 0xcf, 0x38, 0x18, 0x00, 0xcb, 0x38, 0x14, 0x00, 0xcb,
    0x38, 0x14, 0x00, 0xcb, 0x38, 0x18, 0x00, 0xcb, 0x38, 0x18, 0x00, 0xcb,
    0x38, 0x14, 0x00, 0xcb, 0x38, 0x18, 0x08, 0xcb, 0x38, 0x18, 0x00, 0xcf,
    0x38, 0x14, 0x00, 0xcb, 0x38, 0x18, 0x00, 0xcb, 0x38, 0x14, 0x00, 0xcb,
    0x38, 0x18, 0x00, 0xcf, 0x38, 0x14, 0x00, 0xcf, 0x38, 0x18, 0x00, 0xcb,
    0x38, 0x14, 0x00, 0xcf, 0x38, 0x18, 0x00, 0xcb, 0x38, 0x18, 0x00, 0xcb,
    0x38, 0x14, 0x00, 0xcb, 0x38, 0x18, 0x00, 0xcb, 0x38, 0x18, 0x00, 0xcb,
    0x38, 0x14, 0x00, 0xcb, 0x38, 0x18, 0x00, 0xcb, 0x38, 0x14, 0x00, 0xcb,
    0x38, 0x18, 0x00, 0xcb, 0x38, 0x14, 0x00, 0xcb, 0x38, 0x14, 0x00, 0xcb,
    0x38, 0x18, 0x00, 0xcb, 0x38, 0x18, 0x00, 0xcf, 0x38, 0x14, 0x00, 0xcb,
    0x38, 0x18, 0x00, 0xcb, 0x38, 0x14, 0x00, 0xcb, 0x38, 0x14, 0x00, 0xcf,
    0x38, 0x18, 0x00, 0xcb, 0x38, 0x14, 0x00, 0xcb, 0x38, 0x18, 0x00, 0xcf,
    0x38, 0x18, 0x00, 0xcb, 0x38, 0x14, 0x00, 0xcb, 0x38, 0x18, 0x00, 0xcb,
    0x38, 0x14, 0x00, 0xcb, 0x38, 0x18, 0x00, 0xcb, 0x38, 0x18, 0x00, 0xcb,
    0x38, 0x14, 0x00, 0xcf, 0x38, 0x18, 0x00, 0xcb, 0x38, 0x14, 0x00, 0xcb,
    0x38, 0x14, 0x00, 0xcb, 0x38, 0x18, 0x00, 0xcb, 0x38, 0x14, 0x00, 0xcb,
    0x38, 0x14, 0x00, 0xcf, 0x38, 0x18, 0x00, 0xcb, 0x38, 0x18, 0x00, 0xcb,
    0x38, 0x14, 0x00, 0xcb, 0x38, 0x18, 0x00, 0xcf, 0x38, 0x18, 0x00, 0xcb,
    0x38, 0x14, 0x08, 0xcb, 0x38, 0x14, 0x00, 0xcb, 0x38, 0x18, 0x00, 0xcf,
    0x38, 0x14, 0x00, 0xcb, 0x38, 0x18, 0x08, 0xcb, 0x38, 0x18, 0x00, 0xcb,
    0x38, 0x14, 0x00, 0xcf, 0x38, 0x18, 0x00, 0xcf, 0x38, 0x14, 0x00, 0xcb,
    0x38, 0x14, 0x00, 0xcb, 0x60, 0x44, 0x38, 0xcf, 0x78, 0x60, 0x50, 0xcb,
    0x78, 0x60, 0x58, 0xcb, 0x78, 0x64, 0x50, 0xcb, 0x80, 0x64, 0x58, 0xcb,
    0x78, 0x64, 0x58, 0xcf, 0x78, 0x64, 0x50, 0xcb, 0x80, 0x68, 0x60, 0xcb,
    0x10, 0x04, 0x00, 0xcb, 0x08, 0x04, 0x00, 0xcb, 0x10, 0x08, 0x00, 0xcb,
    0x10, 0x04, 0x00, 0xcb, 0x08, 0x04, 0x00, 0xcf, 0x10, 0x08, 0x00, 0xcb,
    0x10, 0x04, 0x00, 0xcb, 0x20, 0x0c, 0x00, 0xcb, 0x38, 0x18, 0x00, 0xcb,
    0x38, 0x18, 0x00, 0xcb, 0x38, 0x14, 0x00, 0xcf, 0x38, 0x14, 0x08, 0xcb,
    0x38, 0x18, 0x00, 0xcb, 0x38, 0x14, 0x00, 0xcb, 0x38, 0x14, 0x00, 0xcf,
    0x38, 0x14, 0x00, 0xcb, 0x38, 0x18, 0x00, 0xcb, 0x38, 0x14, 0x00, 0xcb,
    0x38, 0x18, 0x00, 0xcb, 0x38, 0x18, 0x00, 0xcb, 0x38, 0x14, 0x00, 0xcf,
    0x38, 0x18, 0x00, 0xcb, 0x38, 0x18, 0x00, 0xcb, 0x38, 0x14, 0x00, 0xcb,
    0x38, 0x14, 0x00, 0xcf, 0x38, 0x18, 0x08, 0xcb, 0x38, 0x14, 0x00, 0xcb,
    0x38, 0x14, 0x00, 0xcb, 0x38, 0x18, 0x08, 0xcb, 0x38, 0x18, 0x00, 0xcf,
    0x38, 0x14, 0x00, 0xcb, 0x38, 0x18, 0x00, 0xcb, 0x38, 0x14, 0x08, 0xcf,
    0x38, 0x14, 0x00, 0xcf, 0x38, 0x18, 0x00, 0xcb, 0x38, 0x18, 0x00, 0xcb,
    0x38, 0x14, 0x00, 0xcb, 0x38, 0x18, 0x08, 0xcb, 0x38, 0x14, 0x00, 0xcf,
    0x38, 0x18, 0x00, 0xcb, 0x38, 0x14, 0x00, 0xcb, 0x38, 0x18, 0x08, 0xcb,
    0x38, 0x14, 0x00, 0xcb, 0x38, 0x14, 0x00, 0xcf, 0x38, 0x18, 0x08, 0xcb,
    0x38, 0x14, 0x00, 0xcb, 0x38, 0x18, 0x00, 0xcf, 0x38, 0x14, 0x00, 0xcb,
    0x38, 0x14, 0x08, 0xcb, 0x38, 0x18, 0x00, 0xcf, 0x38, 0x18, 0x00, 0xcb,
    0x38, 0x14, 0x00, 0xcf, 0x38, 0x18, 0x00, 0xcf, 0x38, 0x14, 0x00, 0xcb,
    0x38, 0x18, 0x08, 0xcb, 0x38, 0x14, 0x00, 0xcf, 0x38, 0x18, 0x00, 0xcb,
    0x38, 0x14, 0x08, 0xcb, 0x38, 0x18, 0x00, 0xcb, 0x38, 0x18, 0x00, 0xcb,
    0x38, 0x14, 0x00, 0xcf, 0x38, 0x18, 0x00, 0xcb, 0x38, 0x14, 0x00, 0xcb,
    0x38, 0x14, 0x08, 0xcb, 0x38, 0x18, 0x00, 0xcb, 0x38, 0x18, 0x00, 0xcf,
    0x38, 0x14, 0x00, 0xcb, 0x38, 0x14, 0x08, 0xcf, 0x38, 0x18, 0x00, 0xcb,
    0x38, 0x14, 0x00, 0xcb, 0x38, 0x18, 0x08, 0xcb, 0x38, 0x18, 0x00, 0xcb,
    0x38, 0x14, 0x00, 0xcb, 0x38, 0x18, 0x00, 0xcb, 0x38, 0x18, 0x00, 0xcb,
    0x38, 0x14, 0x08, 0xcf, 0x38, 0x18, 0x00, 0xcb, 0x38, 0x14, 0x00, 0xcb,
    0x38, 0x14, 0x00, 0xcb, 0x38, 0x14, 0x08, 0xcf, 0x38, 0x14, 0x00, 0xcb,
    0x38, 0x18, 0x00, 0xcb, 0x38, 0x18, 0x00, 0xcb, 0x38, 0x14, 0x00, 0xcb,
    0x38, 0x18, 0x00, 0xcb, 0x38, 0x14, 0x00, 0xcf, 0x38, 0x14, 0x00, 0xcb,
    0x38, 0x18, 0x00, 0xcb, 0x38, 0x14, 0x08, 0xcb, 0x38, 0x18, 0x00, 0xcb,
    0x38, 0x18, 0x00, 0xcb, 0x38, 0x14, 0x00, 0xcf, 0x60, 0x44, 0x30, 0xcb,
    0x78, 0x60, 0x50, 0xcb, 0x78, 0x64, 0x58, 0xcf, 0x78, 0x60, 0x50, 0xcb,
    0x78, 0x64, 0x58, 0xcb, 0x78, 0x64, 0x50, 0xcb, 0x78, 0x64, 0x58, 0xcb,
    0x80, 0x68, 0x58, 0xcb, 0x08, 0x04, 0x00, 0xcb, 0x10, 0x04, 0x00, 0xcb,
    0x10, 0x08, 0x00, 0xcb, 0x08, 0x04, 0x00, 0xcb, 0x10, 0x04, 0x00, 0xcb,
    0x10, 0x04, 0x00, 0xcb, 0x10, 0x04, 0x00, 0xcf, 0x20, 0x0c, 0x00, 0xcb,
    0x38, 0x18, 0x00, 0xcb, 0x38, 0x18, 0x08, 0xcf, 0x38, 0x14, 0x00, 0xcb,
    0x38, 0x18, 0x00, 0xcb, 0x38, 0x18, 0x00, 0xcf, 0x38, 0x18, 0x00, 0xcb,
    0x38, 0x14, 0x00, 0xcb, 0x38, 0x18, 0x00, 0xcf, 0x38, 0x14, 0x08, 0xcb,
    0x38, 0x14, 0x00, 0xcb, 0x38, 0x18, 0x00, 0xcf, 0x38, 0x14, 0x00, 0xcb,
    0x38, 0x14, 0x00, 0xcb, 0x38, 0x18, 0x00, 0xcb, 0x38, 0x14, 0x00, 0xcf,
    0x38, 0x18, 0x00, 0xcb, 0x38, 0x18, 0x00, 0xcb, 0x38, 0x14, 0x00, 0xcf,
    0x38, 0x18, 0x00, 0xcb, 0x38, 0x14, 0x00, 0xcb, 0x38, 0x18, 0x00, 0xcb,
    0x38, 0x14, 0x00, 0xcb, 0x38, 0x18, 0x00, 0xcf, 0x38, 0x18, 0x00, 0xcb,
    0x38, 0x14, 0x00, 0xcb, 0x38, 0x14, 0x00, 0xcb, 0x38, 0x18, 0x00, 0xcf,
    0x38, 0x14, 0x00, 0xcb, 0x38, 0x14, 0x00, 0xcb, 0x38, 0x18, 0x00, 0xcf,
    0x38, 0x18, 0x00, 0xcb, 0x38, 0x14, 0x00, 0xcb, 0x38, 0x18, 0x00, 0xcb,
    0x38, 0x18, 0x00, 0xcb, 0x38, 0x14, 0x00, 0xcb, 0x38, 0x18, 0x00, 0xcb,
    0x38, 0x14, 0x00, 0xcb, 0x38, 0x18, 0x00, 0xcf, 0x38, 0x14, 0x00, 0xcb,
    0x38, 0x18, 0x00, 0xcb, 0x38, 0x14, 0x00, 0xcf, 0x38, 0x18, 0x00, 0xcb,
    0x38, 0x14, 0x00, 0xcb, 0x38, 0x14, 0x08, 0xcb, 0x38, 0x18, 0x00, 0xcb,
    0x38, 0x18, 0x00, 0xcb, 0x38, 0x14, 0x00, 0xcf, 0x38, 0x18, 0x00, 0xcb,
    0x38, 0x14, 0x00, 0xcb, 0x38, 0x14, 0x00, 0xcf, 0x38, 0x18, 0x00, 0xcb,
    0x38, 0x14, 0x08, 0xcb, 0x38, 0x18, 0x00, 0xcb, 0x38, 0x18, 0x00, 0xcf,
    0x38, 0x14, 0x00, 0xcb, 0x38, 0x14, 0x00, 0xcb, 0x38, 0x18, 0x00, 0xcf,
    0x38, 0x14, 0x00, 0xcb, 0x38, 0x18, 0x00, 0xcb, 0x38, 0x18, 0x00, 0xcf,
    0x38, 0x14, 0x00, 0xcb, 0x38, 0x14, 0x00, 0xcb, 0x38, 0x14, 0x00, 0xcf,
    0x38, 0x18, 0x00, 0xcb, 0x38, 0x14, 0x00, 0xcf, 0x38, 0x14, 0x08, 0xcb,
    0x38, 0x18, 0x00, 0xcb, 0x38, 0x14, 0x00, 0xcf, 0x38, 0x18, 0x00, 0xcb,
    0x38, 0x18, 0x00, 0xcb, 0x38, 0x18, 0x00, 0xcf, 0x38, 0x18, 0x00, 0xcb,
    0x38, 0x14, 0x00, 0xcb, 0x38, 0x14, 0x00, 0xcf, 0x38, 0x18, 0x00, 0xcf,
    0x38, 0x18, 0x00, 0xcb, 0x38, 0x14, 0x08, 0xcb, 0x38, 0x18, 0x00, 0xcb,
    0x38, 0x14, 0x00, 0xcf, 0x38, 0x18, 0x00, 0xcb, 0x38, 0x14, 0x00, 0xcb,
    0x38, 0x14, 0x00, 0xcb, 0x38, 0x18, 0x00, 0xcf, 0x38, 0x14, 0x08, 0xcb,
    0x60, 0x44, 0x30, 0xcb, 0x78, 0x60, 0x50, 0xcb, 0x78, 0x64, 0x58, 0xcf,
    0x78, 0x64, 0x58, 0xcb, 0x80, 0x60, 0x50, 0xcb, 0x78, 0x64, 0x58, 0xcf,
    0x78, 0x64, 0x58, 0xcb, 0x80, 0x68, 0x60, 0xcb, 0x10, 0x04, 0x00, 0xcb,
    0x10, 0x04, 0x00, 0xcf, 0x08, 0x04, 0x00, 0xcb, 0x10, 0x04, 0x00, 0xcf,
    0x08, 0x08, 0x00, 0xcb, 0x08, 0x04, 0x00, 0xcb, 0x10, 0x04, 0x00, 0xcf,
    0x20, 0x0c, 0x00, 0xcb, 0x38, 0x18, 0x00, 0xcb, 0x38, 0x14, 0x00, 0xcb,
    0x38, 0x14, 0x00, 0xcb, 0x38, 0x18, 0x00, 0xcb, 0x38, 0x14, 0x00, 0xcf,
    0x38, 0x14, 0x08, 0xcb, 0x38, 0x18, 0x00, 0xcb, 0x38, 0x18, 0x00, 0xcb,
    0x38, 0x14, 0x00, 0xcb, 0x38, 0x18, 0x00, 0xcf, 0x38, 0x18, 0x00, 0xcb,
    0x38, 0x14, 0x08, 0xcb, 0x38, 0x18, 0x00, 0xcb, 0x38, 0x14, 0x00, 0xcf,
    0x38, 0x14, 0x08, 0xcb, 0x38, 0x18, 0x00, 0xcb, 0x38, 0x14, 0x00, 0xcb,
    0x38, 0x18, 0x00, 0xcb, 0x38, 0x14, 0x00, 0xcf, 0x38, 0x18, 0x00, 0xcb,
    0x38, 0x14, 0x00, 0xcb, 0x38, 0x14, 0x08, 0xcf, 0x38, 0x18, 0x00, 0xcb,
    0x38, 0x14, 0x00, 0xcb, 0x38, 0x18, 0x00, 0xcb, 0x38, 0x18, 0x08, 0xcb,
    0x38, 0x14, 0x00, 0xcb, 0x38, 0x18, 0x00, 0xcf, 0x38, 0x14, 0x00, 0xcb,
    0x38, 0x14, 0x00, 0xcb, 0x38, 0x18, 0x08, 0xcb, 0x38, 0x14, 0x00, 0xcf,
    0x38, 0x14, 0x00, 0xcf, 0x38, 0x18, 0x00, 0xcb, 0x38, 0x14, 0x00, 0xcf,
    0x38, 0x18, 0x00, 0xcb, 0x38, 0x18, 0x00, 0xcb, 0x38, 0x14, 0x00, 0xcb,
    0x38, 0x18, 0x08, 0xcb, 0x38, 0x14, 0x00, 0xcb, 0x38, 0x18, 0x00, 0xcb,
    0x38, 0x14, 0x00, 0xcb, 0x38, 0x18, 0x00, 0xcb, 0x38, 0x14, 0x00, 0xcf,
    0x38, 0x18, 0x00, 0xcb, 0x38, 0x14, 0x00, 0xcb, 0x38, 0x14, 0x00, 0xcb,
    0x38, 0x18, 0x00, 0xcb, 0x38, 0x18, 0x00, 0xcb, 0x38, 0x14, 0x00, 0xcf,
    0x38, 0x18, 0x00, 0xcb, 0x38, 0x14, 0x00, 0xcb, 0x38, 0x14, 0x00, 0xcf,
    0x38, 0x18, 0x00, 0xcb, 0x38, 0x18, 0x08, 0xcb, 0x38, 0x14, 0x00, 0xcf,
    0x38, 0x18, 0x00, 0xcb, 0x38, 0x14, 0x08, 0xcb, 0x38, 0x14, 0x00, 0xcb,
    0x38, 0x18, 0x00, 0xcb, 0x38, 0x18, 0x00, 0xcb, 0x38, 0x14, 0x00, 0xcf,
    0x38, 0x18, 0x00, 0xcb, 0x38, 0x18, 0x00, 0xcb, 0x38, 0x14, 0x00, 0xcf,
    0x38, 0x18, 0x00, 0xcb, 0x38, 0x14, 0x00, 0xcb, 0x38, 0x14, 0x00, 0xcb,
    0x38, 0x18, 0x00, 0xcb, 0x38, 0x14, 0x00, 0xcb, 0x38, 0x14, 0x08, 0xcb,
    0x38, 0x18, 0x00, 0xcb, 0x38, 0x18, 0x00, 0xcb, 0x38, 0x14, 0x08, 0xcb,
    0x38, 0x14, 0x00, 0xcb, 0x38, 0x18, 0x00, 0xcf, 0x38, 0x14, 0x00, 0xcb,
    0x38, 0x18, 0x00, 0xcb, 0x38, 0x18, 0x00, 0xcb, 0x38, 0x14, 0x00, 0xcf,
    0x38, 0x18, 0x00, 0xcb, 0x38, 0x14, 0x00, 0xcb, 0x38, 0x18, 0x00, 0xcb,
    0x38, 0x14, 0x00, 0xcb, 0x60, 0x44, 0x30, 0xcb, 0x78, 0x60, 0x50, 0xcf,
    0x78, 0x60, 0x58, 0xcb, 0x78, 0x64, 0x58, 0xcb, 0x78, 0x64, 0x50, 0xcf,
    0x80, 0x64, 0x58, 0xcb, 0x78, 0x64, 0x50, 0xcb, 0x80, 0x68, 0x60, 0xcf,
    0x10, 0x04, 0x00, 0xcb, 0x08, 0x04, 0x00, 0xcb, 0x10, 0x08, 0x00, 0xcb,
    0x10, 0x04, 0x00, 0xcb, 0x10, 0x04, 0x00, 0xcf, 0x08, 0x08, 0x00, 0xcb,
    0x10, 0x04, 0x00, 0xcb, 0x20, 0x0c, 0x00, 0xcb, 0x38, 0x18, 0x00, 0xcf,
    0x38, 0x18, 0x00, 0xcb, 0x38, 0x14, 0x00, 0xcb, 0x38, 0x18, 0x00, 0xcf,
    0x38, 0x14, 0x00, 0xcb, 0x38, 0x14, 0x00, 0xcb, 0x38, 0x18, 0x00, 0xcb,
    0x38, 0x14, 0x00, 0xcf, 0x38, 0x14, 0x00, 0xcb, 0x38, 0x18, 0x00, 0xcb,
    0x38, 0x14, 0x00, 0xcb, 0x38, 0x18, 0x00, 0xcf, 0x38, 0x18, 0x00, 0xcb,
    0x38, 0x14, 0x00, 0xcb, 0x38, 0x18, 0x00, 0xcb, 0x38, 0x14, 0x00, 0xcf,
    0x38, 0x18, 0x08, 0xcb, 0x38, 0x14, 0x00, 0xcb, 0x38, 0x18, 0x00, 0xcb,
    0x38, 0x18, 0x08, 0xcf, 0x38, 0x14, 0x00, 0xcb, 0x38, 0x18, 0x00, 0xcb,
    0x38, 0x14, 0x00, 0xcb, 0x38, 0x14, 0x00, 0xcf, 0x38, 0x18, 0x00, 0xcb,
    0x38, 0x14, 0x00, 0xcb, 0x38, 0x18, 0x00, 0xcb, 0x38, 0x18, 0x08, 0xcb,
    0x38, 0x14, 0x00, 0xcf, 0x38, 0x18, 0x00, 0xcb, 0x38, 0x18, 0x00, 0xcb,
    0x38, 0x14, 0x00, 0xcb, 0x38, 0x14, 0x00, 0xcb, 0x38, 0x18, 0x08, 0xcb,
    0x38, 0x14, 0x00, 0xcb, 0x38, 0x14, 0x00, 0xcf, 0x38, 0x18, 0x08, 0xcb,
    0x38, 0x14, 0x00, 0xcf, 0x38, 0x14, 0x00, 0xcb, 0x38, 0x18, 0x00, 0xcf,
    0x38, 0x14, 0x00, 0xcb, 0x38, 0x18, 0x08, 0xcb, 0x38, 0x18, 0x00, 0xcf,
    0x38, 0x14, 0x00, 0xcb, 0x38, 0x18, 0x00, 0xcb, 0x38, 0x14, 0x08, 0xcf,
    0x38, 0x18, 0x00, 0xcb, 0x38, 0x14, 0x00, 0xcb, 0x38, 0x18, 0x08, 0xcf,
    0x38, 0x18, 0x00, 0xcb, 0x38, 0x14, 0x00, 0xcb, 0x38, 0x18, 0x00, 0xcb,
    0x38, 0x14, 0x00, 0xcb, 0x38, 0x14, 0x00, 0xcb, 0x38, 0x18, 0x00, 0xcb,
    0x38, 0x18, 0x00, 0xcb, 0x38, 0x14, 0x00, 0xcb, 0x38, 0x18, 0x00, 0xcf,
    0x38, 0x14, 0x00, 0xcb, 0x38, 0x14, 0x00, 0xcb, 0x38, 0x18, 0x08, 0xcf,
    0x38, 0x14, 0x00, 0xcb, 0x38, 0x18, 0x00, 0xcb, 0x38, 0x14, 0x08, 0xcb,
    0x38, 0x18, 0x00, 0xcb, 0x38, 0x18, 0x00, 0xcf, 0x38, 0x14, 0x00, 0xcb,
    0x38, 0x18, 0x08, 0xcb, 0x38, 0x18, 0x00, 0xcf, 0x38, 0x14, 0x00, 0xcb,
    0x38, 0x14, 0x00, 0xcf, 0x38, 0x18, 0x00, 0xcb, 0x38, 0x14, 0x00, 0xcb,
    0x38, 0x18, 0x00, 0xcb, 0x38, 0x18, 0x00, 0xcb, 0x38, 0x14, 0x00, 0xcb,
    0x38, 0x14, 0x00, 0xcf, 0x38, 0x18, 0x00, 0xcb, 0x38, 0x14, 0x08, 0xcb,
    0x38, 0x14, 0x00, 0xcb, 0x38, 0x18, 0x00, 0xcf, 0x38, 0x18, 0x08, 0xcb,
    0x38, 0x14, 0x00, 0xcf, 0x38, 0x14, 0x00, 0xcb, 0x60, 0x44, 0x38, 0xcb,
    0x78, 0x60, 0x50, 0xcb, 0x78, 0x64, 0x58, 0xcb, 0x78, 0x60, 0x50, 0xcb,
    0x78, 0x64, 0x58, 0xcb, 0x78, 0x64, 0x58, 0xcb, 0x80, 0x60, 0x50, 0xcb,
    0x80, 0x68, 0x60, 0xcb, 0x08, 0x04, 0x00, 0xcb, 0x10, 0x04, 0x00, 0xcb,
    0x08, 0x08, 0x00, 0xcb, 0x10, 0x04, 0x00, 0xcb, 0x10, 0x04, 0x00, 0xcb,
    0x10, 0x04, 0x00, 0xcf, 0x10, 0x08, 0x00, 0xcb, 0x20, 0x0c, 0x00, 0xcb,
    0x38, 0x18, 0x00, 0xcf, 0x38, 0x14, 0x08, 0xcb, 0x38, 0x18, 0x00, 0xcb,
    0x38, 0x18, 0x00, 0xcb, 0x38, 0x18, 0x00, 0xcb, 0x38, 0x18, 0x00, 0xcb,
    0x38, 0x14, 0x08, 0xcf, 0x38, 0x18, 0x00, 0xcb, 0x38, 0x18, 0x00, 0xcb,
    0x38, 0x14, 0x08, 0xcb, 0x38, 0x14, 0x00, 0xcf, 0x38, 0x18, 0x00, 0xcb,
    0x38, 0x14, 0x00, 0xcb, 0x38, 0x18, 0x00, 0xcb, 0x38, 0x14, 0x00, 0xcf,
    0x38, 0x18, 0x00, 0xcb, 0x38, 0x14, 0x00, 0xcb, 0x38, 0x14, 0x00, 0xcf,
    0x38, 0x18, 0x00, 0xcb, 0x38, 0x14, 0x00, 0xcb, 0x38, 0x18, 0x00, 0xcf,
    0x38, 0x18, 0x00, 0xcb, 0x38, 0x14, 0x00, 0xcb, 0x38, 0x18, 0x08, 0xcf,
    0x38, 0x14, 0x00, 0xcb, 0x38, 0x14, 0x00, 0xcf, 0x38, 0x18, 0x00, 0xcb,
    0x38, 0x14, 0x00, 0xcb, 0x38, 0x14, 0x00, 0xcb, 0x38, 0x18, 0x00, 0xcf,
    0x38, 0x14, 0x00, 0xcb, 0x38, 0x18, 0x00, 0xcb, 0x38, 0x18, 0x00, 0xcf,
    0x38, 0x14, 0x00, 0xcb, 0x38, 0x18, 0x00, 0xcb, 0x38, 0x18, 0x00, 0xcb,
    0x38, 0x14, 0x00, 0xcb, 0x38, 0x18, 0x00, 0xcb, 0x38, 0x18, 0x00, 0xcf,
    0x38, 0x14, 0x00, 0xcb, 0x38, 0x18, 0x00, 0xcb, 0x38, 0x14, 0x00, 0xcf,
    0x38, 0x14, 0x00, 0xcb, 0x38, 0x18, 0x00, 0xcb, 0x38, 0x14, 0x00, 0xcb,
    0x38, 0x18, 0x00, 0xcf, 0x38, 0x14, 0x00, 0xcb, 0x38, 0x14, 0x00, 0xcb,
    0x38, 0x18, 0x00, 0xcb, 0x38, 0x14, 0x00, 0xcb, 0x38, 0x14, 0x08, 0xcf,
    0x38, 0x18, 0x00, 0xcb, 0x38, 0x18, 0x00, 0xcf, 0x38, 0x14, 0x08, 0xcb,
    0x38, 0x14, 0x00, 0xcf, 0x38, 0x18, 0x00, 0xcb, 0x38, 0x14, 0x00, 0xcb,
    0x38, 0x18, 0x00, 0xcf, 0x38, 0x18, 0x00, 0xcb, 0x38, 0x14, 0x00, 0xcb,
    0x38, 0x18, 0x00, 0xcb, 0x38, 0x14, 0x00, 0xcb, 0x38, 0x14, 0x00, 0xcf,
    0x38, 0x18, 0x00, 0xcb, 0x38, 0x14, 0x00, 0xcb, 0x38, 0x14, 0x00, 0xcb,
    0x38, 0x18, 0x00, 0xcf, 0x38, 0x14, 0x00, 0xcb, 0x38, 0x18, 0x00, 0xcb,
    0x38, 0x14, 0x00, 0xcf, 0x38, 0x18, 0x00, 0xcb, 0x38, 0x14, 0x00, 0xcb,
    0x38, 0x14, 0x00, 0xcf, 0x38, 0x18, 0x00, 0xcf, 0x38, 0x18, 0x00, 0xcb,
    0x38, 0x14, 0x08, 0xcb, 0x38, 0x18, 0x00, 0xcb, 0x38, 0x18, 0x00, 0xcf,
    0x38, 0x14, 0x00, 0xcb, 0x38, 0x18, 0x00, 0xcb, 0x38, 0x14, 0x00, 0xcb,
    0x38, 0x18, 0x00, 0xcb, 0x38, 0x14, 0x00, 0xcf, 0x38, 0x18, 0x00, 0xcb,
    0x58, 0x44, 0x30, 0xcb, 0x78, 0x60, 0x50, 0xcf, 0x78, 0x64, 0x58, 0xcb,
    0x78, 0x60, 0x58, 0xcf, 0x80, 0x64, 0x50, 0xcb, 0x78, 0x64, 0x58, 0xcf,
    0x78, 0x64, 0x58, 0xcb, 0x80, 0x68, 0x58, 0xcb, 0x10, 0x04, 0x00, 0xcb,
    0x10, 0x04, 0x00, 0xcf, 0x08, 0x04, 0x00, 0xcf, 0x08, 0x04, 0x00, 0xcb,
    0x10, 0x04, 0x00, 0xcb, 0x08, 0x04, 0x00, 0xcb, 0x10, 0x04, 0x00, 0xcb,
    0x20, 0x0c, 0x00, 0xcb, 0x38, 0x18, 0x00, 0xcb, 0x38, 0x14, 0x00, 0xcf,
    0x38, 0x14, 0x00, 0xcb, 0x38, 0x14, 0x08, 0xcf, 0x38, 0x14, 0x00, 0xcb,
    0x38, 0x18, 0x00, 0xcb, 0x38, 0x14, 0x00, 0xcf, 0x38, 0x18, 0x00, 0xcb,
    0x38, 0x18, 0x00, 0xcb, 0x38, 0x14, 0x00, 0xcf, 0x38, 0x18, 0x00, 0xcb,
    0x38, 0x14, 0x08, 0xcb, 0x38, 0x14, 0x00, 0xcb, 0x38, 0x18, 0x00, 0xcf,
    0x38, 0x18, 0x08, 0xcb, 0x38, 0x14, 0x00, 0xcb, 0x38, 0x18, 0x00, 0xcb,
    0x38, 0x18, 0x00, 0xcb, 0x38, 0x14, 0x00, 0xcb, 0x38, 0x14, 0x00, 0xcb,
    0x38, 0x18, 0x00, 0xcb, 0x38, 0x14, 0x00, 0xcb, 0x38, 0x18, 0x00, 0xcb,
    0x38, 0x18, 0x00, 0xcb, 0x38, 0x14, 0x00, 0xcb, 0x38, 0x18, 0x00, 0xcb,
    0x38, 0x18, 0x00, 0xcf, 0x38, 0x14, 0x00, 0xcb, 0x38, 0x18, 0x00, 0xcb,
    0x38, 0x14, 0x08, 0xcb, 0x38, 0x14, 0x00, 0xcb, 0x38, 0x18, 0x00, 0xcf,
    0x38, 0x14, 0x08, 0xcb, 0x38, 0x14, 0x00, 0xcb, 0x38, 0x18, 0x00, 0xcf,
    0x38, 0x14, 0x00, 0xcb, 0x38, 0x14, 0x00, 0xcb, 0x38, 0x18, 0x00, 0xcb,
    0x38, 0x14, 0x00, 0xcb, 0x38, 0x18, 0x08, 0xcb, 0x38, 0x18, 0x00, 0xcb,
    0x38, 0x14, 0x00, 0xcb, 0x38, 0x18, 0x00, 0xcb, 0x38, 0x14, 0x08, 0xcb,
    0x38, 0x18, 0x00, 0xcf, 0x38, 0x18, 0x00, 0xcb, 0x38, 0x14, 0x00, 0xcb,
    0x38, 0x18, 0x00, 0xcf, 0x38, 0x18, 0x00, 0xcb, 0x38, 0x14, 0x00, 0xcb,
    0x38, 0x18, 0x00, 0xcb, 0x38, 0x14, 0x00, 0xcf, 0x38, 0x18, 0x00, 0xcb,
    0x38, 0x18, 0x00, 0xcb, 0x38, 0x14, 0x00, 0xcb, 0x38, 0x14, 0x00, 0xcf,
    0x38, 0x18, 0x08, 0xcb, 0x38, 0x14, 0x00, 0xcb, 0x38, 0x18, 0x00, 0xcb,
    0x38, 0x14, 0x08, 0xcf, 0x38, 0x18, 0x00, 0xcb, 0x38, 0x18, 0x00, 0xcb,
    0x38, 0x14, 0x00, 0xcf, 0x38, 0x18, 0x00, 0xcb, 0x38, 0x14, 0x08, 0xcb,
    0x38, 0x18, 0x00, 0xcb, 0x38, 0x14, 0x00, 0xcb, 0x38, 0x18, 0x00, 0xcb,
    0x38, 0x14, 0x00, 0xcb, 0x38, 0x18, 0x08, 0xcb, 0x38, 0x18, 0x00, 0xcb,
    0x38, 0x14, 0x00, 0xcb, 0x38, 0x18, 0x08, 0xcb, 0x38, 0x14, 0x00, 0xcb,
    0x38, 0x14, 0x00, 0xcf, 0x38, 0x18, 0x00, 0xcb, 0x38, 0x14, 0x00, 0xcb,
    0x38, 0x14, 0x00, 0xcb, 0x38, 0x18, 0x00, 0xcf, 0x38, 0x14, 0x00, 0xcb,
    0x38, 0x18, 0x00, 0xcb, 0x38, 0x14, 0x00, 0xcb, 0x38, 0x18, 0x00, 0xcb,
    0x38, 0x14, 0x00, 0xcf, 0x60, 0x44, 0x30, 0xcb, 0x78, 0x60, 0x50, 0xcb,
    0x78, 0x60, 0x58, 0xcf, 0x78, 0x64, 0x58, 0xcb, 0x78, 0x64, 0x50, 0xcb,
    0x78, 0x64, 0x58, 0xcb, 0x78, 0x64, 0x58, 0xcf, 0x80, 0x68, 0x58, 0xcb,
    0x10, 0x04, 0x00, 0xcb, 0x10, 0x04, 0x00, 0xcb, 0x10, 0x08, 0x00, 0xcb,
    0x08, 0x08, 0x00, 0xcb, 0x10, 0x04, 0x00, 0xcf, 0x08, 0x08, 0x00, 0xcb,
    0x10, 0x04, 0x00, 0xcf, 0x20, 0x0c, 0x00, 0xcb, 0x38, 0x18, 0x00, 0xcb,
    0x38, 0x18, 0x00, 0xcb, 0x38, 0x14, 0x00, 0xcb, 0x38, 0x18, 0x00, 0xcf,
    0x38, 0x14, 0x00, 0xcb, 0x38, 0x14, 0x00, 0xcb, 0x38, 0x18, 0x00, 0xcb,
    0x38, 0x14, 0x00, 0xcb, 0x38, 0x14, 0x00, 0xcb, 0x38, 0x18, 0x00, 0xcb,
    0x38, 0x18, 0x00, 0xcb, 0x38, 0x14, 0x00, 0xcf, 0x38, 0x18, 0x00, 0xcb,
    0x38, 0x14, 0x00, 0xcb, 0x38, 0x14, 0x00, 0xcb, 0x38, 0x18, 0x00, 0xcf,
    0x38, 0x14, 0x00, 0xcb, 0x38, 0x18, 0x08, 0xcb, 0x38, 0x14, 0x00, 0xcf,
    0x38, 0x18, 0x00, 0xcb, 0x38, 0x14, 0x08, 0xcf, 0x38, 0x14, 0x00, 0xcb,
    0x38, 0x18, 0x00, 0xcf, 0x38, 0x14, 0x00, 0xcb, 0x38, 0x14, 0x00, 0xcb,
    0x38, 0x18, 0x08, 0xcb, 0x38, 0x14, 0x00, 0xcf, 0x38, 0x18, 0x00, 0xcb,
    0x38, 0x18, 0x00, 0xcb, 0x38, 0x14, 0x00, 0xcf, 0x38, 0x18, 0x00, 0xcb,
    0x38, 0x18, 0x00, 0xcb, 0x38, 0x14, 0x00, 0xcb, 0x38, 0x18, 0x00, 0xcb,
    0x38, 0x18, 0x00, 0xcf, 0x38, 0x14, 0x08, 0xcb, 0x38, 0x18, 0x00, 0xcf,
    0x38, 0x14, 0x00, 0xcf, 0x38, 0x14, 0x00, 0xcb, 0x38, 0x18, 0x00, 0xcf,
    0x38, 0x14, 0x00, 0xcb, 0x38, 0x18, 0x00, 0xcf, 0x38, 0x14, 0x00, 0xcb,
    0x38, 0x18, 0x00, 0xcb, 0x38, 0x14, 0x00, 0xcb, 0x38, 0x14, 0x00, 0xcb,
    0x38, 0x18, 0x08, 0xcb, 0x38, 0x14, 0x00, 0xcf, 0x38, 0x14, 0x00, 0xcb,
    0x38, 0x18, 0x08, 0xcb, 0x38, 0x14, 0x00, 0xcb, 0x38, 0x14, 0x00, 0xcb,
    0x38, 0x18, 0x00, 0xcb, 0x38, 0x18, 0x00, 0xcb, 0x38, 0x14, 0x00, 0xcb,
    0x38, 0x18, 0x00, 0xcb, 0x38, 0x18, 0x00, 0xcb, 0x38, 0x14, 0x00, 0xcb,
    0x38, 0x14, 0x00, 0xcf, 0x38, 0x18, 0x00, 0xcb, 0x38, 0x14, 0x00, 0xcb,
    0x38, 0x18, 0x00, 0xcb, 0x38, 0x14, 0x08, 0xcb, 0x38, 0x18, 0x00, 0xcf,
    0x38, 0x18, 0x00, 0xcb, 0x38, 0x14, 0x00, 0xcf, 0x38, 0x18, 0x00, 0xcb,
    0x38, 0x14, 0x00, 0xcf, 0x38, 0x14, 0x00, 0xcb, 0x38, 0x18, 0x00, 0xcf,
    0x38, 0x14, 0x00, 0xcb, 0x38, 0x18, 0x00, 0xcf, 0x38, 0x18, 0x00, 0xcb,
    0x38, 0x14, 0x00, 0xcb, 0x38, 0x18, 0x00, 0xcb, 0x38, 0x18, 0x00, 0xcf,
    0x38, 0x14, 0x00, 0xcb, 0x38, 0x18, 0x08, 0xcb, 0x38, 0x14, 0x00, 0xcb,
    0x38, 0x18, 0x00, 0xcf, 0x38, 0x14, 0x08, 0xcf, 0x38, 0x18, 0x00, 0xcb,
    0x38, 0x14, 0x00, 0xcb, 0x38, 0x14, 0x08, 0xcb, 0x60, 0x44, 0x30, 0xcb,
    0x78, 0x60, 0x50, 0xcb, 0x78, 0x64, 0x58, 0xcb, 0x78, 0x64, 0x50, 0xcb,
    0x80, 0x60, 0x58, 0xcb, 0x78, 0x64, 0x50, 0xcb, 0x78, 0x64, 0x58, 0xcb,
    0x80, 0x68, 0x60, 0xcb, 0x08, 0x04, 0x00, 0xcb, 0x08, 0x04, 0x00, 0xcb,
    0x10, 0x04, 0x00, 0xcb, 0x10, 0x04, 0x00, 0xcf, 0x10, 0x04, 0x00, 0xcb,
    0x10, 0x04, 0x00, 0xcb, 0x08, 0x08, 0x00, 0xcb, 0x20, 0x0c, 0x00, 0xcf,
    0x38, 0x18, 0x00, 0xcb, 0x38, 0x14, 0x08, 0xcb, 0x38, 0x18, 0x00, 0xcb,
    0x38, 0x18, 0x00, 0xcb, 0x38, 0x18, 0x00, 0xcf, 0x38, 0x14, 0x08, 0xcb,
    0x38, 0x18, 0x00, 0xcb, 0x38, 0x14, 0x00, 0xcf, 0x38, 0x14, 0x08, 0xcf,
    0x38, 0x18, 0x00, 0xcb, 0x38, 0x14, 0x00, 0xcb, 0x38, 0x18, 0x00, 0xcb,
    0x38, 0x18, 0x00, 0xcf, 0x38, 0x14, 0x00, 0xcb, 0x38, 0x18, 0x00, 0xcb,
    0x38, 0x14, 0x00, 0xcf, 0x38, 0x18, 0x00, 0xcb, 0x38, 0x14, 0x00, 0xcb,
    0x38, 0x18, 0x00, 0xcf, 0x38, 0x18, 0x00, 0xcb, 0x38, 0x14, 0x00, 0xcb,
    0x38, 0x18, 0x00, 0xcb, 0x38, 0x18, 0x08, 0xcf, 0x38, 0x14, 0x00, 0xcb,
    0x38, 0x18, 0x00, 0xcb, 0x38, 0x14, 0x00, 0xcf, 0x38, 0x14, 0x00, 0xcb,
    0x38, 0x18, 0x00, 0xcb, 0x38, 0x14, 0x08, 0xcf, 0x38, 0x14, 0x00, 0xcb,
    0x38, 0x18, 0x00, 0xcb, 0x38, 0x14, 0x00, 0xcf, 0x38, 0x18, 0x00, 0xcb,
    0x38, 0x14, 0x00, 0xcb, 0x38, 0x14, 0x00, 0xcb, 0x38, 0x18, 0x00, 0xcb,
    0x38, 0x18, 0x00, 0xcb, 0x38, 0x14, 0x00, 0xcb, 0x38, 0x18, 0x08, 0xcb,
    0x38, 0x14, 0x00, 0xcb, 0x38, 0x14, 0x00, 0xcf, 0x38, 0x18, 0x00, 0xcb,
    0x38, 0x14, 0x00, 0xcb, 0x38, 0x18, 0x00, 0xcf, 0x38, 0x18, 0x00, 0xcb,
    0x38, 0x14, 0x00, 0xcb, 0x38, 0x18, 0x00, 0xcf, 0x38, 0x18, 0x00, 0xcb,
    0x38, 0x14, 0x00, 0xcb, 0x38, 0x18, 0x00, 0xcf, 0x38, 0x18, 0x00, 0xcf,
    0x38, 0x14, 0x00, 0xcb, 0x38, 0x14, 0x08, 0xcf, 0x38, 0x18, 0x00, 0xcf,
    0x38, 0x14, 0x00, 0xcb, 0x38, 0x14, 0x08, 0xcb, 0x38, 0x18, 0x00, 0xcf,
    0x38, 0x18, 0x00, 0xcb, 0x38, 0x14, 0x00, 0xcb, 0x38, 0x18, 0x00, 0xcb,
    0x38, 0x14, 0x00, 0xcf, 0x38, 0x14, 0x00, 0xcb, 0x38, 0x18, 0x00, 0xcb,
    0x38, 0x14, 0x00, 0xcb, 0x38, 0x14, 0x00, 0xcb, 0x38, 0x18, 0x00, 0xcb,
    0x38, 0x18, 0x08, 0xcf, 0x38, 0x14, 0x00, 0xcb, 0x38, 0x18, 0x00, 0xcb,
    0x38, 0x14, 0x00, 0xcb, 0x38, 0x14, 0x00, 0xcb, 0x38, 0x18, 0x00, 0xcb,
    0x38, 0x14, 0x00, 0xcf, 0x38, 0x14, 0x08, 0xcb, 0x38, 0x18, 0x00, 0xcb,
    0x38, 0x14, 0x00, 0xcb, 0x38, 0x18, 0x00, 0xcf, 0x38, 0x14, 0x00, 0xcb,
    0x38, 0x18, 0x00, 0xcb, 0x38, 0x14, 0x00, 0xcb, 0x38, 0x18, 0x00, 0xcb,
    0x38, 0x18, 0x00, 0xcf, 0x38, 0x14, 0x00, 0xcb, 0x38, 0x18, 0x00, 0xcb,
    0x60, 0x44, 0x38, 0xcf, 0x78, 0x5c, 0x50, 0xcf, 0x78, 0x64, 0x58, 0xcb,
    0x78, 0x64, 0x58, 0xcf, 0x78, 0x60, 0x50, 0xcf, 0x80, 0x64, 0x58, 0xcb,
    0x78, 0x64, 0x50, 0xcb, 0x80, 0x68, 0x60, 0xcb, 0x10, 0x04, 0x00, 0xcb,
    0x10, 0x04, 0x00, 0xcb, 0x08, 0x08, 0x00, 0xcf, 0x08, 0x04, 0x00, 0xcb,
    0x10, 0x04, 0x00, 0xcb, 0x10, 0x04, 0x00, 0xcb, 0x10, 0x04, 0x00, 0xcb,
    0x20, 0x0c, 0x00, 0xcf, 0x38, 0x18, 0x00, 0xcb, 0x38, 0x14, 0x00, 0xcf,
    0x38, 0x14, 0x00, 0xcb, 0x38, 0x18, 0x00, 0xcb, 0x38, 0x14, 0x00, 0xcb,
    0x38, 0x18, 0x00, 0xcf, 0x38, 0x18, 0x00, 0xcb, 0x38, 0x18, 0x00, 0xcb,
    0x38, 0x14, 0x00, 0xcb, 0x38, 0x18, 0x00, 0xcf, 0x38, 0x14, 0x00, 0xcb,
    0x38, 0x14, 0x08, 0xcb, 0x38, 0x18, 0x00, 0xcb, 0x38, 0x14, 0x00, 0xcb,
    0x38, 0x18, 0x08, 0xcb, 0x38, 0x18, 0x00, 0xcb, 0x38, 0x14, 0x00, 0xcb,
    0x38, 0x14, 0x00, 0xcb, 0x38, 0x18, 0x08, 0xcb, 0x38, 0x14, 0x00, 0xcb,
    0x38, 0x14, 0x00, 0xcb, 0x38, 0x18, 0x00, 0xcb, 0x38, 0x14, 0x00, 0xcb,
    0x38, 0x18, 0x00, 0xcb, 0x38, 0x18, 0x00, 0xcf, 0x38, 0x14, 0x00, 0xcb,
    0x38, 0x18, 0x00, 0xcb, 0x38, 0x18, 0x00, 0xcb, 0x38, 0x14, 0x00, 0xcb,
    0x38, 0x18, 0x00, 0xcb, 0x38, 0x14, 0x00, 0xcb, 0x38, 0x18, 0x08, 0xcf,
    0x38, 0x14, 0x00, 0xcb, 0x38, 0x18, 0x00, 0xcb, 0x38, 0x14, 0x08, 0xcf,
    0x38, 0x18, 0x00, 0xcb, 0x38, 0x14, 0x00, 0xcb, 0x38, 0x18, 0x00, 0xcb,
    0x38, 0x18, 0x00, 0xcb, 0x38, 0x14, 0x00, 0xcb, 0x38, 0x18, 0x00, 0xcb,
    0x38, 0x18, 0x08, 0xcb, 0x38, 0x14, 0x00, 0xcb, 0x38, 0x14, 0x00, 0xcf,
    0x38, 0x18, 0x08, 0xcb, 0x38, 0x14, 0x00, 0xcb, 0x38, 0x14, 0x00, 0xcb,
    0x38, 0x18, 0x00, 0xcb, 0x38, 0x14, 0x00, 0xcb, 0x38, 0x14, 0x00, 0xcb,
    0x38, 0x18, 0x00, 0xcb, 0x38, 0x18, 0x00, 0xcb, 0x38, 0x14, 0x00, 0xcb,
    0x38, 0x18, 0x00, 0xcb, 0x38, 0x18, 0x00, 0xcb, 0x38, 0x14, 0x00, 0xcf,
    0x38, 0x14, 0x00, 0xcb, 0x38, 0x18, 0x00, 0xcb, 0x38, 0x14, 0x08, 0xcb,
    0x38, 0x18, 0x00, 0xcf, 0x38, 0x18, 0x00, 0xcb, 0x38, 0x14, 0x08, 0xcb,
    0x38, 0x18, 0x00, 0xcf, 0x38, 0x18, 0x00, 0xcb, 0x38, 0x14, 0x00, 0xcb,
    0x38, 0x14, 0x00, 0xcb, 0x38, 0x18, 0x00, 0xcb, 0x38, 0x18, 0x00, 0xcb,
    0x38, 0x14, 0x08, 0xcf, 0x38, 0x18, 0x00, 0xcb, 0x38, 0x18, 0x00, 0xcb,
    0x38, 0x14, 0x08, 0xcb, 0x38, 0x18, 0x00, 0xcf, 0x38, 0x14, 0x00, 0xcb,
    0x38, 0x14, 0x00, 0xcb, 0x38, 0x18, 0x00, 0xcb, 0x38, 0x14, 0x08, 0xcb,
    0x38, 0x18, 0x00, 0xcf, 0x38, 0x14, 0x00, 0xcb, 0x38, 0x14, 0x00, 0xcb,
    0x38, 0x18, 0x00, 0xcb, 0x38, 0x14, 0x08, 0xcb, 0x38, 0x14, 0x00, 0xcf,
    0x38, 0x18, 0x00, 0xcb, 0x60, 0x44, 0x30, 0xcb, 0x78, 0x5c, 0x50, 0xcb,
    0x78, 0x64, 0x58, 0xcb, 0x78, 0x64, 0x58, 0xcb, 0x78, 0x64, 0x50, 0xcb,
    0x78, 0x64, 0x58, 0xcf, 0x78, 0x64, 0x58, 0xcb, 0x80, 0x68, 0x58, 0xcb,
    0x10, 0x04, 0x00, 0xcb, 0x10, 0x04, 0x00, 0xcb, 0x08, 0x08, 0x00, 0xcb,
    0x10, 0x04, 0x00, 0xcb, 0x08, 0x08, 0x00, 0xcf, 0x08, 0x04, 0x00, 0xcb,
    0x10, 0x04, 0x00, 0xcb, 0x20, 0x0c, 0x00, 0xcb, 0x38, 0x18, 0x00, 0xcb,
    0x38, 0x18, 0x00, 0xcb, 0x38, 0x14, 0x00, 0xcf, 0x38, 0x14, 0x08, 0xcb,
    0x38, 0x18, 0x00, 0xcb, 0x38, 0x14, 0x00, 0xcb, 0x38, 0x14, 0x00, 0xcb,
    0x38, 0x18, 0x00, 0xcb, 0x38, 0x14, 0x00, 0xcb, 0x38, 0x18, 0x00, 0xcb,
    0x38, 0x18, 0x00, 0xcf, 0x38, 0x14, 0x00, 0xcb, 0x38, 0x14, 0x00, 0xcb,
    0x38, 0x18, 0x00, 0xcf, 0x38, 0x14, 0x00, 0xcf, 0x38, 0x14, 0x00, 0xcb,
    0x38, 0x18, 0x00, 0xcf, 0x38, 0x18, 0x00, 0xcb, 0x38, 0x14, 0x00, 0xcf,
    0x38, 0x18, 0x00, 0xcf, 0x38, 0x18, 0x00, 0xcb, 0x38, 0x14, 0x00, 0xcf,
    0x38, 0x14, 0x00, 0xcb, 0x38, 0x18, 0x00, 0xcb, 0x38, 0x14, 0x08, 0xcb,
    0x38, 0x14, 0x00, 0xcb, 0x38, 0x18, 0x00, 0xcf, 0x38, 0x14, 0x08, 0xcb,
    0x38, 0x18, 0x00, 0xcb, 0x38, 0x18, 0x00, 0xcf, 0x38, 0x14, 0x00, 0xcb,
    0x38, 0x18, 0x00, 0xcb, 0x38, 0x18, 0x00, 0xcb, 0x38, 0x14, 0x00, 0xcf,
    0x38, 0x18, 0x00, 0xcb, 0x38, 0x14, 0x00, 0xcb, 0x38, 0x14, 0x00, 0xcf,
    0x38, 0x18, 0x08, 0xcf, 0x38, 0x14, 0x00, 0xcb, 0x38, 0x14, 0x00, 0xcf,
    0x38, 0x18, 0x00, 0xcb, 0x38, 0x14, 0x00, 0xcb, 0x38, 0x18, 0x00, 0xcf,
    0x38, 0x14, 0x00, 0xcb, 0x38, 0x18, 0x00, 0xcb, 0x38, 0x18, 0x00, 0xcf,
    0x38, 0x14, 0x08, 0xcb, 0x38, 0x18, 0x00, 0xcf, 0x38, 0x18, 0x00, 0xcb,
    0x38, 0x14, 0x08, 0xcb, 0x38, 0x14, 0x00, 0xcb, 0x38, 0x18, 0x00, 0xcf,
    0x38, 0x14, 0x00, 0xcb, 0x38, 0x14, 0x00, 0xcb, 0x38, 0x18, 0x00, 0xcb,
    0x38, 0x18, 0x00, 0xcb, 0x38, 0x14, 0x00, 0xcf, 0x38, 0x14, 0x00, 0xcb,
    0x38, 0x18, 0x00, 0xcb, 0x38, 0x14, 0x00, 0xcf, 0x38, 0x18, 0x00, 0xcb,
    0x38, 0x14, 0x00, 0xcb, 0x38, 0x14, 0x00, 0xcf, 0x38, 0x18, 0x00, 0xcb,
    0x38, 0x18, 0x08, 0xcf, 0x38, 0x14, 0x00, 0xcf, 0x38, 0x14, 0x00, 0xcb,
    0x38, 0x18, 0x00, 0xcb, 0x38, 0x14, 0x00, 0xcf, 0x38, 0x14, 0x00, 0xcb,
    0x38, 0x18, 0x00, 0xcb, 0x38, 0x14, 0x00, 0xcf, 0x38, 0x18, 0x00, 0xcb,
    0x38, 0x18, 0x00, 0xcb, 0x38, 0x14, 0x00, 0xcf, 0x38, 0x18, 0x00, 0xcb,
    0x38, 0x18, 0x00, 0xcb, 0x38, 0x14, 0x00, 0xcb, 0x38, 0x18, 0x00, 0xcf,
    0x38, 0x18, 0x08, 0xcb, 0x38, 0x14, 0x00, 0xcb, 0x38, 0x18, 0x00, 0xcb,
    0x38, 0x14, 0x00, 0xcb, 0x38, 0x14, 0x00, 0xcb, 0x58, 0x44, 0x30, 0xcb,
    0x78, 0x60, 0x50, 0xcb, 0x78, 0x64, 0x58, 0xcf, 0x78, 0x60, 0x50, 0xcb,
    0x80, 0x64, 0x58, 0xcb, 0x78, 0x64, 0x58, 0xcb, 0x78, 0x64, 0x50, 0xcf,
    0x80, 0x68, 0x60, 0xcb, 0x08, 0x04, 0x00, 0xcb, 0x10, 0x04, 0x00, 0xcb,
    0x10, 0x04, 0x00, 0xcf, 0x10, 0x04, 0x00, 0xcb, 0x10, 0x04, 0x00, 0xcb,
    0x08, 0x08, 0x00, 0xcf, 0x10, 0x04, 0x00, 0xcb, 0x20, 0x0c, 0x00, 0xcb,
    0x38, 0x18, 0x00, 0xcf, 0x38, 0x18, 0x08, 0xcb, 0x38, 0x14, 0x00, 0xcb,
    0x38, 0x18, 0x00, 0xcf, 0x38, 0x18, 0x00, 0xcb, 0x38, 0x14, 0x00, 0xcb,
    0x38, 0x14, 0x08, 0xcf, 0x38, 0x18, 0x00, 0xcf, 0x38, 0x14, 0x00, 0xcb,
    0x38, 0x14, 0x08, 0xcb, 0x38, 0x18, 0x00, 0xcb, 0x38, 0x18, 0x00, 0xcf,
    0x38, 0x14, 0x00, 0xcb, 0x38, 0x18, 0x08, 0xcb, 0x38, 0x18, 0x00, 0xcb,
    0x38, 0x14, 0x00, 0xcb, 0x38, 0x18, 0x08, 0xcb, 0x38, 0x14, 0x00, 0xcb,
    0x38, 0x14, 0x00, 0xcb, 0x38, 0x18, 0x00, 0xcb, 0x38, 0x18, 0x08, 0xcb,
    0x38, 0x14, 0x00, 0xcf, 0x38, 0x18, 0x00, 0xcb, 0x38, 0x18, 0x00, 0xcb,
    0x38, 0x14, 0x00, 0xcf, 0x38, 0x18, 0x00, 0xcb, 0x38, 0x14, 0x00, 0xcb,
    0x38, 0x14, 0x00, 0xcf, 0x38, 0x18, 0x00, 0xcb, 0x38, 0x14, 0x00, 0xcb,
    0x38, 0x14, 0x00, 0xcf, 0x38, 0x18, 0x00, 0xcb, 0x38, 0x14, 0x00, 0xcb,
    0x38, 0x14, 0x00, 0xcb, 0x38, 0x18, 0x00, 0xcb, 0x38, 0x18, 0x00, 0xcb,
    0x38, 0x14, 0x00, 0xcb, 0x38, 0x18, 0x00, 0xcb, 0x38, 0x18, 0x00, 0xcb,
    0x38, 0x14, 0x00, 0xcf, 0x38, 0x18, 0x00, 0xcb, 0x38, 0x14, 0x00, 0xcb,
    0x38, 0x18, 0x08, 0xcf, 0x38, 0x14, 0x00, 0xcb, 0x38, 0x14, 0x00, 0xcb,
    0x38, 0x18, 0x00, 0xcb, 0x38, 0x14, 0x00, 0xcf, 0x38, 0x14, 0x00, 0xcb,
    0x38, 0x18, 0x00, 0xcb, 0x38, 0x18, 0x00, 0xcf, 0x38, 0x14, 0x00, 0xcb,
    0x38, 0x18, 0x08, 0xcb, 0x38, 0x18, 0x00, 0xcf, 0x38, 0x14, 0x00, 0xcb,
    0x38, 0x14, 0x08, 0xcb, 0x38, 0x18, 0x00, 0xcf, 0x38, 0x18, 0x00, 0xcb,
    0x38, 0x14, 0x08, 0xcb, 0x38, 0x18, 0x00, 0xcb, 0x38, 0x14, 0x00, 0xcb,
    0x38, 0x14, 0x00, 0xcb, 0x38, 0x18, 0x00, 0xcb, 0x38, 0x14, 0x00, 0xcb,
    0x38, 0x14, 0x00, 0xcb, 0x38, 0x18, 0x00, 0xcb, 0x38, 0x18, 0x00, 0xcb,
    0x38, 0x14, 0x00, 0xcb, 0x38, 0x18, 0x00, 0xcb, 0x38, 0x18, 0x00, 0xcb,
    0x38, 0x14, 0x00, 0xcb, 0x38, 0x18, 0x00, 0xcf, 0x38, 0x14, 0x00, 0xcb,
    0x38, 0x14, 0x00, 0xcb, 0x38, 0x18, 0x08, 0xcb, 0x38, 0x14, 0x00, 0xcf,
    0x38, 0x14, 0x00, 0xcb, 0x38, 0x18, 0x00, 0xcb, 0x38, 0x14, 0x00, 0xcf,
    0x38, 0x14, 0x00, 0xcb, 0x38, 0x18, 0x00, 0xcb, 0x38, 0x14, 0x00, 0xcf,
    0x38, 0x18, 0x00, 0xcf, 0x38, 0x18, 0x00, 0xcb, 0x38, 0x14, 0x00, 0xcf,
    0x60, 0x44, 0x38, 0xcb, 0x78, 0x60, 0x50, 0xcb, 0x78, 0x64, 0x58, 0xcf,
    0x78, 0x64, 0x58, 0xcb, 0x80, 0x60, 0x50, 0xcb, 0x78, 0x64, 0x58, 0xcb,
    0x78, 0x64, 0x58, 0xcb, 0x80, 0x68, 0x58, 0xcb, 0x10, 0x04, 0x00, 0xcb,
    0x08, 0x04, 0x00, 0xcb, 0x08, 0x08, 0x00, 0xcf, 0x10, 0x04, 0x00, 0xcb,
    0x10, 0x04, 0x00, 0xcb, 0x10, 0x08, 0x00, 0xcb, 0x10, 0x04, 0x00, 0xcf,
    0x20, 0x0c, 0x00, 0xcb, 0x38, 0x18, 0x00, 0xcb, 0x38, 0x14, 0x00, 0xcb,
    0x38, 0x14, 0x00, 0xcb, 0x38, 0x18, 0x00, 0xcf, 0x38, 0x14, 0x00, 0xcb,
    0x38, 0x18, 0x00, 0xcb, 0x38, 0x18, 0x00, 0xcb, 0x38, 0x14, 0x00, 0xcb,
    0x38, 0x18, 0x00, 0xcf, 0x38, 0x14, 0x00, 0xcb, 0x38, 0x14, 0x00, 0xcb,
    0x38, 0x18, 0x00, 0xcb, 0x38, 0x14, 0x00, 0xcb, 0x38, 0x14, 0x00, 0xcb,
    0x38, 0x18, 0x00, 0xcf, 0x38, 0x14, 0x00, 0xcb, 0x38, 0x18, 0x00, 0xcb,
    0x38, 0x14, 0x00, 0xcf, 0x38, 0x14, 0x00, 0xcb, 0x38, 0x18, 0x00, 0xcb,
    0x38, 0x14, 0x00, 0xcb, 0x38, 0x14, 0x00, 0xcb, 0x38, 0x18, 0x08, 0xcb,
    0x38, 0x14, 0x00, 0xcf, 0x38, 0x18, 0x00, 0xcb, 0x38, 0x18, 0x00, 0xcb,
    0x38, 0x14, 0x00, 0xcb, 0x38, 0x18, 0x00, 0xcb, 0x38, 0x18, 0x00, 0xcb,
    0x38, 0x14, 0x08, 0xcb, 0x38, 0x18, 0x00, 0xcb, 0x38, 0x14, 0x00, 0xcf,
    0x38, 0x18, 0x08, 0xcb, 0x38, 0x14, 0x00, 0xcb, 0x38, 0x18, 0x00, 0xcf,
    0x38, 0x14, 0x08, 0xcb, 0x38, 0x14, 0x00, 0xcb, 0x38, 0x18, 0x00, 0xcb,
    0x38, 0x14, 0x00, 0xcb, 0x38, 0x18, 0x08, 0xcb, 0x38, 0x14, 0x00, 0xcb,
    0x38, 0x18, 0x00, 0xcb, 0x38, 0x18, 0x00, 0xcb, 0x38, 0x14, 0x00, 0xcb,
    0x38, 0x18, 0x00, 0xcb, 0x38, 0x18, 0x00, 0xcb, 0x38, 0x14, 0x00, 0xcb,
    0x38, 0x14, 0x00, 0xcb, 0x38, 0x18, 0x00, 0xcb, 0x38, 0x14, 0x00, 0xcf,
    0x38, 0x14, 0x00, 0xcb, 0x38, 0x18, 0x00, 0xcb, 0x38, 0x18, 0x00, 0xcb,
    0x38, 0x14, 0x00, 0xcf, 0x38, 0x14, 0x00, 0xcb, 0x38, 0x18, 0x00, 0xcb,
    0x38, 0x14, 0x00, 0xcb, 0x38, 0x18, 0x00, 0xcf, 0x38, 0x18, 0x00, 0xcb,
    0x38, 0x14, 0x00, 0xcf, 0x38, 0x18, 0x08, 0xcb, 0x38, 0x18, 0x00, 0xcf,
    0x38, 0x18, 0x00, 0xcb, 0x38, 0x14, 0x00, 0xcb, 0x38, 0x14, 0x00, 0xcb,
    0x38, 0x18, 0x00, 0xcf, 0x38, 0x14, 0x08, 0xcb, 0x38, 0x14, 0x00, 0xcf,
    0x38, 0x18, 0x00, 0xcb, 0x38, 0x14, 0x08, 0xcb, 0x38, 0x18, 0x00, 0xcb,
    0x38, 0x18, 0x00, 0xcb, 0x38, 0x14, 0x00, 0xcb, 0x38, 0x18, 0x00, 0xcf,
    0x38, 0x18, 0x00, 0xcb, 0x38, 0x14, 0x00, 0xcb, 0x38, 0x18, 0x08, 0xcb,
    0x38, 0x18, 0x00, 0xcb, 0x38, 0x14, 0x00, 0xcb, 0x38, 0x18, 0x00, 0xcb,
    0x38, 0x14, 0x00, 0xcb, 0x38, 0x14, 0x00, 0xcb, 0x38, 0x18, 0x00, 0xcb,
    0x38, 0x18, 0x00, 0xcf, 0x60, 0x44, 0x30, 0xcb, 0x78, 0x5c, 0x50, 0xcb,
    0x78, 0x64, 0x58, 0xcb, 0x78, 0x64, 0x50, 0xcf, 0x78, 0x60, 0x58, 0xcb,
    0x80, 0x64, 0x50, 0xcf, 0x78, 0x64, 0x58, 0xcb, 0x80, 0x68, 0x60, 0xcb,
    0x10, 0x04, 0x00, 0xcb, 0x10, 0x04, 0x00, 0xcb, 0x08, 0x08, 0x00, 0xcb,
    0x08, 0x04, 0x00, 0xcb, 0x10, 0x04, 0x00, 0xcb, 0x08, 0x04, 0x00, 0xcf,
    0x10, 0x04, 0x00, 0xcb, 0x20, 0x0c, 0x00, 0xcb, 0x38, 0x18, 0x00, 0xcf,
    0x38, 0x14, 0x00, 0xcb, 0x38, 0x18, 0x00, 0xcb, 0x38, 0x14, 0x00, 0xcb,
    0x38, 0x14, 0x08, 0xcf, 0x38, 0x18, 0x00, 0xcb, 0x38, 0x14, 0x00, 0xcb,
    0x38, 0x18, 0x00, 0xcb, 0x38, 0x18, 0x00, 0xcb, 0x38, 0x14, 0x00, 0xcf,
    0x38, 0x18, 0x08, 0xcb, 0x38, 0x18, 0x00, 0xcb, 0x38, 0x14, 0x00, 0xcf,
    0x38, 0x18, 0x00, 0xcb, 0x38, 0x14, 0x00, 0xcb, 0x38, 0x18, 0x00, 0xcf,
    0x38, 0x18, 0x00, 0xcb, 0x38, 0x14, 0x08, 0xcb, 0x38, 0x18, 0x00, 0xcf,
    0x38, 0x18, 0x00, 0xcb, 0x38, 0x14, 0x00, 0xcf, 0x38, 0x18, 0x00, 0xcb,
    0x38, 0x14, 0x00, 0xcb, 0x38, 0x14, 0x00, 0xcb, 0x38, 0x18, 0x00, 0xcf,
    0x38, 0x14, 0x08, 0xcb, 0x38, 0x14, 0x00, 0xcf, 0x38, 0x18, 0x00, 0xcb,
    0x38, 0x14, 0x00, 0xcf, 0x38, 0x18, 0x00, 0xcb, 0x38, 0x14, 0x00, 0xcb,
    0x38, 0x18, 0x00, 0xcb, 0x38, 0x14, 0x00, 0xcf, 0x38, 0x18, 0x00, 0xcb,
    0x38, 0x18, 0x00, 0xcb, 0x38, 0x14, 0x00, 0xcf, 0x38, 0x18, 0x00, 0xcf,
    0x38, 0x14, 0x00, 0xcb, 0x38, 0x18, 0x00, 0xcf, 0x38, 0x14, 0x00, 0xcb,
    0x38, 0x14, 0x00, 0xcf, 0x38, 0x18, 0x00, 0xcb, 0x38, 0x14, 0x00, 0xcf,
    0x38, 0x14, 0x00, 0xcb, 0x38, 0x18, 0x08, 0xcf, 0x38, 0x18, 0x00, 0xcf,
    0x38, 0x14, 0x00, 0xcb, 0x38, 0x18, 0x08, 0xcb, 0x38, 0x18, 0x00, 0xcf,
    0x38, 0x14, 0x00, 0xcb, 0x38, 0x18, 0x08, 0xcb, 0x38, 0x14, 0x00, 0xcb,
    0x38, 0x14, 0x00, 0xcf, 0x38, 0x18, 0x00, 0xcb, 0x38, 0x18, 0x00, 0xcb,
    0x38, 0x14, 0x00, 0xcb, 0x38, 0x14, 0x00, 0xcf, 0x38, 0x18, 0x00, 0xcb,
    0x38, 0x14, 0x00, 0xcb, 0x38, 0x14, 0x00, 0xcb, 0x38, 0x18, 0x00, 0xcb,
    0x38, 0x14, 0x00, 0xcf, 0x38, 0x18, 0x08, 0xcb, 0x38, 0x18, 0x00, 0xcb,
    0x38, 0x14, 0x00, 0xcf, 0x38, 0x18, 0x00, 0xcb, 0x38, 0x18, 0x00, 0xcb,
    0x38, 0x14, 0x00, 0xcb, 0x38, 0x14, 0x00, 0xcf, 0x38, 0x18, 0x00, 0xcb,
    0x38, 0x14, 0x00, 0xcf, 0x38, 0x18, 0x08, 0xcb, 0x38, 0x14, 0x00, 0xcb,
    0x38, 0x14, 0x00, 0xcb, 0x38, 0x18, 0x00, 0xcb, 0x38, 0x14, 0x00, 0xcf,
    0x38, 0x14, 0x00, 0xcb, 0x38, 0x18, 0x00, 0xcf, 0x38, 0x18, 0x08, 0xcb,
    0x38, 0x14, 0x00, 0xcf, 0x38, 0x18, 0x00, 0xcb, 0x38, 0x14, 0x08, 0xcb,
    0x38, 0x14, 0x00, 0xcb, 0x38, 0x18, 0x00, 0xcb, 0x60, 0x44, 0x30, 0xcf,
    0x78, 0x5c, 0x50, 0xcb, 0x78, 0x64, 0x58, 0xcb, 0x78, 0x64, 0x58, 0xcb,
    0x78, 0x64, 0x50, 0xcb, 0x78, 0x64, 0x58, 0xcb, 0x78, 0x64, 0x50, 0xcf,
    0x80, 0x68, 0x60, 0xcb, 0x10, 0x04, 0x00, 0xcb, 0x10, 0x04, 0x00, 0xcb,
    0x10, 0x04, 0x00, 0xcf, 0x10, 0x04, 0x00, 0xcb, 0x08, 0x08, 0x00, 0xcb,
    0x10, 0x04, 0x00, 0xcb, 0x10, 0x04, 0x00, 0xcb, 0x20, 0x10, 0x00, 0xcb,
    0x38, 0x18, 0x00, 0xcf, 0x38, 0x14, 0x08, 0xcb, 0x38, 0x18, 0x00, 0xcb,
    0x38, 0x18, 0x00, 0xcb, 0x38, 0x14, 0x00, 0xcb, 0x38, 0x18, 0x00, 0xcf,
    0x38, 0x14, 0x00, 0xcb, 0x38, 0x14, 0x08, 0xcb, 0x38, 0x18, 0x00, 0xcf,
    0x38, 0x14, 0x00, 0xcb, 0x38, 0x18, 0x00, 0xcb, 0x38, 0x14, 0x00, 0xcf,
    0x38, 0x18, 0x08, 0xcb, 0x38, 0x18, 0x00, 0xcb, 0x38, 0x14, 0x00, 0xcb,
    0x38, 0x14, 0x08, 0xcb, 0x38, 0x18, 0x00, 0xcb, 0x38, 0x14, 0x00, 0xcb,
    0x38, 0x18, 0x00, 0xcb, 0x38, 0x14, 0x00, 0xcb, 0x38, 0x18, 0x08, 0xcf,
    0x38, 0x18, 0x00, 0xcb, 0x38, 0x14, 0x00, 0xcb, 0x38, 0x18, 0x00, 0xcb,
    0x38, 0x18, 0x00, 0xcb, 0x38, 0x14, 0x00, 0xcb, 0x38, 0x18, 0x00, 0xcb,
    0x38, 0x14, 0x08, 0xcf, 0x38, 0x14, 0x00, 0xcb, 0x38, 0x18, 0x00, 0xcb,
    0x38, 0x18, 0x00, 0xcf, 0x38, 0x14, 0x08, 0xcb, 0x38, 0x14, 0x00, 0xcb,
    0x38, 0x18, 0x00, 0xcb, 0x38, 0x14, 0x00, 0xcb, 0x38, 0x18, 0x00, 0xcb,
    0x38, 0x18, 0x08, 0xcb, 0x38, 0x14, 0x00, 0xcb, 0x38, 0x18, 0x00, 0xcb,
    0x38, 0x18, 0x00, 0xcf, 0x38, 0x14, 0x00, 0xcb, 0x38, 0x18, 0x08, 0xcb,
    0x38, 0x18, 0x00, 0xcb, 0x38, 0x14, 0x00, 0xcb, 0x38, 0x14, 0x00, 0xcb,
    0x38, 0x18, 0x00, 0xcb, 0x38, 0x14, 0x00, 0xcb, 0x38, 0x18, 0x00, 0xcf,
    0x38, 0x14, 0x00, 0xcb, 0x38, 0x18, 0x00, 0xcb, 0x38, 0x18, 0x00, 0xcb,
    0x38, 0x14, 0x00, 0xcf, 0x38, 0x18, 0x00, 0xcb, 0x38, 0x18, 0x08, 0xcb,
    0x38, 0x14, 0x00, 0xcb, 0x38, 0x18, 0x00, 0xcf, 0x38, 0x18, 0x08, 0xcb,
    0x38, 0x14, 0x00, 0xcb, 0x38, 0x18, 0x00, 0xcb, 0x38, 0x18, 0x08, 0xcb,
    0x38, 0x14, 0x00, 0xcf, 0x38, 0x14, 0x00, 0xcb, 0x38, 0x14, 0x00, 0xcb,
    0x38, 0x18, 0x00, 0xcb, 0x38, 0x14, 0x00, 0xcf, 0x38, 0x14, 0x08, 0xcb,
    0x38, 0x18, 0x00, 0xcb, 0x38, 0x18, 0x00, 0xcb, 0x38, 0x14, 0x00, 0xcb,
    0x38, 0x18, 0x00, 0xcb, 0x38, 0x14, 0x00, 0xcf, 0x38, 0x14, 0x00, 0xcb,
    0x38, 0x18, 0x00, 0xcb, 0x38, 0x18, 0x00, 0xcf, 0x38, 0x14, 0x08, 0xcb,
    0x38, 0x18, 0x00, 0xcb, 0x38, 0x14, 0x00, 0xcf, 0x38, 0x14, 0x00, 0xcb,
    0x38, 0x18, 0x00, 0xcb, 0x38, 0x14, 0x00, 0xcb, 0x38, 0x18, 0x00, 0xcf,
    0x38, 0x18, 0x00, 0xcb, 0x38, 0x14, 0x00, 0xcb, 0x38, 0x14, 0x08, 0xcb,
    0x60, 0x44, 0x30, 0xcb, 0x78, 0x60, 0x50, 0xcf, 0x78, 0x64, 0x58, 0xcb,
    0x78, 0x60, 0x58, 0xcb, 0x80, 0x64, 0x58, 0xcf, 0x78, 0x64, 0x50, 0xcb,
    0x78, 0x60, 0x58, 0xcb, 0x80, 0x68, 0x60, 0xcb, 0x08, 0x04, 0x00, 0xcb,
    0x08, 0x04, 0x00, 0xcb, 0x10, 0x08, 0x00, 0xcf, 0x10, 0x04, 0x00, 0xcb,
    0x08, 0x04, 0x00, 0xcf, 0x10, 0x08, 0x00, 0xcb, 0x10, 0x04, 0x00, 0xcb,
    0x20, 0x0c, 0x00, 0xcf, 0x38, 0x18, 0x00, 0xcb, 0x38, 0x14, 0x00, 0xcb,
    0x38, 0x14, 0x00, 0xcf, 0x38, 0x18, 0x00, 0xcb, 0x38, 0x18, 0x00, 0xcb,
    0x38, 0x14, 0x00, 0xcf, 0x38, 0x18, 0x00, 0xcb, 0x38, 0x14, 0x00, 0xcb,
    0x38, 0x18, 0x00, 0xcb, 0x38, 0x14, 0x00, 0xcb, 0x38, 0x14, 0x00, 0xcb,
    0x38, 0x18, 0x00, 0xcb, 0x38, 0x14, 0x00, 0xcf, 0x38, 0x14, 0x00, 0xcb,
    0x38, 0x18, 0x00, 0xcf, 0x38, 0x14, 0x00, 0xcb, 0x38, 0x18, 0x00, 0xcf,
    0x38, 0x14, 0x00, 0xcb, 0x38, 0x14, 0x00, 0xcb, 0x38, 0x18, 0x00, 0xcb,
    0x38, 0x14, 0x00, 0xcb, 0x38, 0x14, 0x00, 0xcf, 0x38, 0x18, 0x00, 0xcb,
    0x38, 0x14, 0x08, 0xcf, 0x38, 0x14, 0x00, 0xcb, 0x38, 0x18, 0x00, 0xcb,
    0x38, 0x18, 0x00, 0xcb, 0x38, 0x14, 0x00, 0xcb, 0x38, 0x18, 0x00, 0xcb,
    0x38, 0x14, 0x00, 0xcb, 0x38, 0x18, 0x00, 0xcf, 0x38, 0x14, 0x00, 0xcb,
    0x38, 0x18, 0x00, 0xcb, 0x38, 0x14, 0x08, 0xcf, 0x38, 0x14, 0x00, 0xcb,
    0x38, 0x18, 0x00, 0xcb, 0x38, 0x14, 0x00, 0xcf, 0x38, 0x14, 0x00, 0xcb,
    0x38, 0x18, 0x00, 0xcb, 0x38, 0x14, 0x08, 0xcb, 0x38, 0x14, 0x00, 0xcb,
    0x38, 0x18, 0x00, 0xcf, 0x38, 0x18, 0x00, 0xcb, 0x38, 0x14, 0x00, 0xcb,
    0x38, 0x18, 0x00, 0xcf, 0x38, 0x14, 0x00, 0xcb, 0x38, 0x18, 0x00, 0xcb,
    0x38, 0x14, 0x00, 0xcb, 0x38, 0x14, 0x00, 0xcb, 0x38, 0x18, 0x00, 0xcb,
    0x38, 0x14, 0x00, 0xcf, 0x38, 0x14, 0x00, 0xcb, 0x38, 0x18, 0x00, 0xcb,
    0x38, 0x14, 0x00, 0xcb, 0x38, 0x14, 0x00, 0xcf, 0x38, 0x18, 0x00, 0xcb,
    0x38, 0x14, 0x00, 0xcb, 0x38, 0x14, 0x00, 0xcf, 0x38, 0x18, 0x00, 0xcb,
    0x38, 0x18, 0x00, 0xcb, 0x38, 0x14, 0x00, 0xcf, 0x38, 0x18, 0x00, 0xcb,
    0x38, 0x18, 0x00, 0xcb, 0x38, 0x14, 0x00, 0xcb, 0x38, 0x18, 0x00, 0xcb,
    0x38, 0x14, 0x00, 0xcf, 0x38, 0x14, 0x00, 0xcb, 0x38, 0x18, 0x00, 0xcf,
    0x38, 0x18, 0x08, 0xcb, 0x38, 0x14, 0x00, 0xcb, 0x38, 0x18, 0x00, 0xcb,
    0x38, 0x18, 0x00, 0xcb, 0x38, 0x14, 0x00, 0xcf, 0x38, 0x18, 0x00, 0xcb,
    0x38, 0x14, 0x00, 0xcb, 0x38, 0x18, 0x00, 0xcb, 0x38, 0x18, 0x00, 0xcb,
    0x38, 0x14, 0x00, 0xcb, 0x38, 0x18, 0x00, 0xcb, 0x38, 0x14, 0x00, 0xcb,
    0x38, 0x14, 0x00, 0xcf, 0x38, 0x18, 0x00, 0xcb, 0x38, 0x18, 0x00, 0xcf,
    0x38, 0x14, 0x00, 0xcb, 0x58, 0x44, 0x30, 0xcb, 0x78, 0x60, 0x50, 0xcb,
    0x78, 0x64, 0x58, 0xcf, 0x78, 0x60, 0x50, 0xcb, 0x78, 0x64, 0x58, 0xcb,
    0x80, 0x64, 0x58, 0xcf, 0x78, 0x64, 0x50, 0xcb, 0x80, 0x68, 0x60, 0xcb,
    0x10, 0x04, 0x00, 0xcb, 0x08, 0x04, 0x00, 0xcb, 0x10, 0x08, 0x00, 0xcb,
    0x08, 0x04, 0x00, 0xcb, 0x10, 0x04, 0x00, 0xcb, 0x08, 0x04, 0x00, 0xcf,
    0x08, 0x04, 0x00, 0xcb, 0x20, 0x0c, 0x00, 0xcb, 0x38, 0x18, 0x00, 0xcb,
    0x38, 0x18, 0x00, 0xcb, 0x38, 0x14, 0x00, 0xcf, 0x38, 0x14, 0x08, 0xcb,
    0x38, 0x18, 0x00, 0xcb, 0x38, 0x14, 0x00, 0xcb, 0x38, 0x18, 0x08, 0xcf,
    0x38, 0x18, 0x00, 0xcb, 0x38, 0x14, 0x00, 0xcb, 0x38, 0x18, 0x08, 0xcf,
    0x38, 0x18, 0x00, 0xcb, 0x38, 0x14, 0x00, 0xcb, 0x38, 0x18, 0x00, 0xcb,
    0x38, 0x18, 0x00, 0xcb, 0x38, 0x14, 0x00, 0xcb, 0x38, 0x18, 0x00, 0xcf,
    0x38, 0x18, 0x00, 0xcb, 0x38, 0x14, 0x08, 0xcf, 0x38, 0x18, 0x00, 0xcb,
    0x38, 0x18, 0x00, 0xcf, 0x38, 0x14, 0x00, 0xcb, 0x38, 0x18, 0x00, 0xcb,
    0x38, 0x18, 0x00, 0xcb, 0x38, 0x14, 0x00, 0xcf, 0x38, 0x14, 0x00, 0xcb,
    0x38, 0x18, 0x00, 0xcf, 0x38, 0x14, 0x00, 0xcf, 0x38, 0x18, 0x00, 0xcb,
    0x38, 0x14, 0x08, 0xcb, 0x38, 0x18, 0x00, 0xcf, 0x38, 0x14, 0x00, 0xcb,
    0x38, 0x18, 0x00, 0xcb, 0x38, 0x18, 0x00, 0xcb, 0x38, 0x14, 0x00, 0xcf,
    0x38, 0x18, 0x00, 0xcb, 0x38, 0x18, 0x00, 0xcb, 0x38, 0x14, 0x00, 0xcf,
    0x38, 0x18, 0x00, 0xcb, 0x38, 0x14, 0x00, 0xcb, 0x38, 0x18, 0x00, 0xcf,
    0x38, 0x14, 0x00, 0xcb, 0x38, 0x14, 0x00, 0xcb, 0x38, 0x18, 0x00, 0xcf,
    0x38, 0x14, 0x08, 0xcb, 0x38, 0x18, 0x00, 0xcb, 0x38, 0x14, 0x00, 0xcf,
    0x38, 0x18, 0x08, 0xcb, 0x38, 0x18, 0x00, 0xcb, 0x38, 0x14, 0x00, 0xcf,
    0x38, 0x18, 0x08, 0xcb, 0x38, 0x14, 0x00, 0xcb, 0x38, 0x18, 0x00, 0xcb,
    0x38, 0x18, 0x08, 0xcb, 0x38, 0x14, 0x00, 0xcf, 0x38, 0x18, 0x00, 0xcb,
    0x38, 0x14, 0x00, 0xcb, 0x38, 0x18, 0x00, 0xcb, 0x38, 0x14, 0x08, 0xcf,
    0x38, 0x14, 0x00, 0xcb, 0x38, 0x18, 0x00, 0xcb, 0x38, 0x14, 0x00, 0xcb,
    0x38, 0x18, 0x00, 0xcb, 0x38, 0x14, 0x08, 0xcf, 0x38, 0x18, 0x00, 0xcb,
    0x38, 0x18, 0x00, 0xcb, 0x38, 0x14, 0x00, 0xcb, 0x38, 0x18, 0x00, 0xcb,
    0x38, 0x14, 0x00, 0xcb, 0x38, 0x14, 0x00, 0xcf, 0x38, 0x18, 0x00, 0xcb,
    0x38, 0x14, 0x08, 0xcb, 0x38, 0x14, 0x00, 0xcf, 0x38, 0x18, 0x00, 0xcb,
    0x38, 0x14, 0x08, 0xcb, 0x38, 0x14, 0x00, 0xcf, 0x38, 0x18, 0x00, 0xcb,
    0x38, 0x14, 0x08, 0xcb, 0x38, 0x18, 0x00, 0xcf, 0x38, 0x18, 0x00, 0xcb,
    0x38, 0x14, 0x08, 0xcb, 0x38, 0x14, 0x00, 0xcb, 0x38, 0x18, 0x00, 0xcb,
    0x38, 0x14, 0x08, 0xcf, 0x38, 0x14, 0x00, 0xcb, 0x60, 0x44, 0x30, 0xcb,
    0x78, 0x60, 0x50, 0xcf, 0x78, 0x64, 0x58, 0xcb, 0x78, 0x64, 0x58, 0xcb,
    0x78, 0x60, 0x50, 0xcb, 0x78, 0x64, 0x58, 0xcb, 0x80, 0x64, 0x50, 0xcb,
    0x80, 0x68, 0x60, 0xcb, 0x10, 0x04, 0x00, 0xcb, 0x10, 0x04, 0x00, 0xcb,
    0x08, 0x04, 0x00, 0xcf, 0x10, 0x04, 0x00, 0xcb, 0x10, 0x08, 0x00, 0xcb,
    0x10, 0x04, 0x00, 0xcb, 0x10, 0x04, 0x00, 0xcf, 0x20, 0x0c, 0x00, 0xcb,
    0x38, 0x18, 0x00, 0xcb, 0x38, 0x14, 0x08, 0xcf, 0x38, 0x18, 0x00, 0xcb,
    0x38, 0x18, 0x00, 0xcb, 0x38, 0x14, 0x00, 0xcb, 0x38, 0x14, 0x00, 0xcb,
    0x38, 0x18, 0x00, 0xcf, 0x38, 0x14, 0x00, 0xcb, 0x38, 0x14, 0x00, 0xcb,
    0x38, 0x18, 0x00, 0xcf, 0x38, 0x14, 0x00, 0xcb, 0x38, 0x14, 0x00, 0xcb,
    0x38, 0x18, 0x08, 0xcf, 0x38, 0x14, 0x00, 0xcb, 0x38, 0x14, 0x00, 0xcb,
    0x38, 0x18, 0x08, 0xcb, 0x38, 0x14, 0x00, 0xcb, 0x38, 0x14, 0x00, 0xcb,
    0x38, 0x18, 0x00, 0xcb, 0x38, 0x14, 0x00, 0xcb, 0x38, 0x14, 0x08, 0xcf,
    0x38, 0x18, 0x00, 0xcb, 0x38, 0x14, 0x00, 0xcb, 0x38, 0x18, 0x00, 0xcb,
    0x38, 0x18, 0x00, 0xcb, 0x38, 0x14, 0x08, 0xcb, 0x38, 0x18, 0x00, 0xcb,
    0x38, 0x14, 0x00, 0xcb, 0x38, 0x18, 0x00, 0xcf, 0x38, 0x14, 0x00, 0xcb,
    0x38, 0x14, 0x00, 0xcb, 0x38, 0x18, 0x08, 0xcb, 0x38, 0x14, 0x00, 0xcf,
    0x38, 0x14, 0x00, 0xcb, 0x38, 0x18, 0x00, 0xcb, 0x38, 0x14, 0x08, 0xcb,
    0x38, 0x18, 0x00, 0xcb, 0x38, 0x14, 0x00, 0xcb, 0x38, 0x18, 0x08, 0xcf,
    0x38, 0x18, 0x00, 0xcb, 0x38, 0x14, 0x00, 0xcb, 0x38, 0x18, 0x00, 0xcb,
    0x38, 0x14, 0x00, 0xcb, 0x38, 0x18, 0x00, 0xcb, 0x38, 0x14, 0x00, 0xcb,
    0x38, 0x14, 0x00, 0xcb, 0x38, 0x18, 0x00, 0xcf, 0x38, 0x14, 0x00, 0xcb,
    0x38, 0x18, 0x00, 0xcb, 0x38, 0x14, 0x00, 0xcf, 0x38, 0x18, 0x00, 0xcb,
    0x38, 0x14, 0x00, 0xcb, 0x38, 0x14, 0x00, 0xcf, 0x38, 0x18, 0x00, 0xcb,
    0x38, 0x14, 0x00, 0xcb, 0x38, 0x18, 0x08, 0xcb, 0x38, 0x18, 0x00, 0xcb,
    0x38, 0x14, 0x00, 0xcb, 0x38, 0x18, 0x00, 0xcf, 0x38, 0x14, 0x00, 0xcb,
    0x38, 0x18, 0x00, 0xcb, 0x38, 0x14, 0x00, 0xcf, 0x38, 0x14, 0x00, 0xcb,
    0x38, 0x18, 0x00, 0xcb, 0x38, 0x14, 0x08, 0xcf, 0x38, 0x18, 0x00, 0xcb,
    0x38, 0x18, 0x00, 0xcb, 0x38, 0x14, 0x08, 0xcb, 0x38, 0x18, 0x00, 0xcf,
    0x38, 0x18, 0x00, 0xcb, 0x38, 0x14, 0x00, 0xcb, 0x38, 0x18, 0x00, 0xcb,
    0x38, 0x18, 0x00, 0xcb, 0x38, 0x14, 0x00, 0xcb, 0x38, 0x18, 0x00, 0xcf,
    0x38, 0x14, 0x00, 0xcb, 0x38, 0x14, 0x00, 0xcb, 0x38, 0x18, 0x00, 0xcf,
    0x38, 0x14, 0x00, 0xcb, 0x38, 0x18, 0x00, 0xcf, 0x38, 0x18, 0x00, 0xcb,
    0x38, 0x14, 0x00, 0xcb, 0x38, 0x18, 0x00, 0xcb, 0x38, 0x18, 0x00, 0xcb,
    0x60, 0x44, 0x38, 0xcf, 0x78, 0x5c, 0x50, 0xcb, 0x78, 0x64, 0x58, 0xcb,
    0x78, 0x64, 0x58, 0xcf, 0x80, 0x64, 0x50, 0xcb, 0x78, 0x64, 0x58, 0xcb,
    0x78, 0x64, 0x58, 0xcf, 0x80, 0x68, 0x58, 0xcb, 0x10, 0x04, 0x00, 0xcb,
    0x08, 0x04, 0x00, 0xcb, 0x10, 0x08, 0x00, 0xcf, 0x10, 0x04, 0x00, 0xcb,
    0x08, 0x04, 0x00, 0xcb, 0x10, 0x08, 0x00, 0xcb, 0x10, 0x04, 0x00, 0xcf,
    0x20, 0x0c, 0x00, 0xcb, 0x38, 0x18, 0x00, 0xcb, 0x38, 0x14, 0x00, 0xcb,
    0x38, 0x14, 0x00, 0xcb, 0x38, 0x18, 0x00, 0xcf, 0x38, 0x14, 0x00, 0xcb,
    0x38, 0x18, 0x00, 0xcb, 0x38, 0x18, 0x00, 0xcb, 0x38, 0x14, 0x00, 0xcb,
    0x38, 0x18, 0x00, 0xcb, 0x38, 0x18, 0x00, 0xcb, 0x38, 0x14, 0x00, 0xcf,
    0x38, 0x18, 0x00, 0xcb, 0x38, 0x18, 0x00, 0xcb, 0x38, 0x14, 0x00, 0xcf,
    0x38, 0x18, 0x00, 0xcb, 0x38, 0x18, 0x00, 0xcb, 0x38, 0x14, 0x00, 0xcf,
    0x38, 0x18, 0x00, 0xcb, 0x38, 0x18, 0x00, 0xcb, 0x38, 0x14, 0x00, 0xcb,
    0x38, 0x18, 0x00, 0xcb, 0x38, 0x14, 0x00, 0xcf, 0x38, 0x14, 0x08, 0xcb,
    0x38, 0x18, 0x00, 0xcb, 0x38, 0x14, 0x00, 0xcf, 0x38, 0x18, 0x00, 0xcb,
    0x38, 0x14, 0x00, 0xcb, 0x38, 0x18, 0x00, 0xcb, 0x38, 0x18, 0x00, 0xcb,
    0x38, 0x14, 0x00, 0xcb, 0x38, 0x18, 0x00, 0xcb, 0x38, 0x18, 0x00, 0xcf,
    0x38, 0x14, 0x00, 0xcb, 0x38, 0x18, 0x00, 0xcb, 0x38, 0x14, 0x00, 0xcf,
    0x38, 0x14, 0x00, 0xcb, 0x38, 0x18, 0x00, 0xcb, 0x38, 0x14, 0x00, 0xcf,
    0x38, 0x14, 0x00, 0xcb, 0x38, 0x18, 0x00, 0xcb, 0x38, 0x18, 0x00, 0xcf,
    0x38, 0x14, 0x08, 0xcb, 0x38, 0x18, 0x00, 0xcb, 0x38, 0x18, 0x00, 0xcf,
    0x38, 0x14, 0x00, 0xcb, 0x38, 0x18, 0x00, 0xcb, 0x38, 0x14, 0x00, 0xcb,
    0x38, 0x14, 0x08, 0xcb, 0x38, 0x18, 0x00, 0xcb, 0x38, 0x18, 0x00, 0xcf,
    0x38, 0x14, 0x00, 0xcb, 0x38, 0x18, 0x00, 0xcb, 0x38, 0x14, 0x00, 0xcb,
    0x38, 0x18, 0x00, 0xcb, 0x38, 0x14, 0x00, 0xcf, 0x38, 0x14, 0x00, 0xcf,
    0x38, 0x18, 0x00, 0xcb, 0x38, 0x18, 0x00, 0xcb, 0x38, 0x14, 0x00, 0xcb,
    0x38, 0x18, 0x08, 0xcf, 0x38, 0x14, 0x00, 0xcb, 0x38, 0x18, 0x00, 0xcb,
    0x38, 0x18, 0x00, 0xcb, 0x38, 0x14, 0x00, 0xcb, 0x38, 0x14, 0x00, 0xcf,
    0x38, 0x18, 0x00, 0xcb, 0x38, 0x14, 0x00, 0xcb, 0x38, 0x14, 0x00, 0xcf,
    0x38, 0x18, 0x00, 0xcb, 0x38, 0x14, 0x00, 0xcb, 0x38, 0x14, 0x00, 0xcf,
    0x38, 0x18, 0x00, 0xcb, 0x38, 0x14, 0x00, 0xcb, 0x38, 0x18, 0x00, 0xcf,
    0x38, 0x18, 0x00, 0xcb, 0x38, 0x14, 0x00, 0xcb, 0x38, 0x18, 0x00, 0xcb,
    0x38, 0x14, 0x00, 0xcb, 0x38, 0x14, 0x00, 0xcb, 0x38, 0x18, 0x00, 0xcb,
    0x38, 0x14, 0x00, 0xcf, 0x38, 0x14, 0x00, 0xcb, 0x38, 0x18, 0x00, 0xcb,
    0x38, 0x14, 0x00, 0xcf, 0x60, 0x44, 0x30, 0xcb, 0x78, 0x60, 0x50, 0xcb,
    0x78, 0x60, 0x58, 0xcb, 0x78, 0x64, 0x50, 0xcb, 0x78, 0x64, 0x58, 0xcf,
    0x78, 0x60, 0x58, 0xcb, 0x78, 0x64, 0x50, 0xcb, 0x80, 0x68, 0x60, 0xcb,
    0x08, 0x04, 0x00, 0xcb, 0x10, 0x04, 0x00, 0xcb, 0x10, 0x08, 0x00, 0xcb,
    0x08, 0x04, 0x00, 0xcf, 0x08, 0x04, 0x00, 0xcb, 0x10, 0x04, 0x00, 0xcb,
    0x08, 0x04, 0x00, 0xcb, 0x20, 0x0c, 0x00, 0xcf, 0x38, 0x18, 0x00, 0xcb,
    0x38, 0x18, 0x00, 0xcb, 0x38, 0x14, 0x00, 0xcf, 0x38, 0x18, 0x08, 0xcb,
    0x38, 0x14, 0x00, 0xcb, 0x38, 0x14, 0x00, 0xcf, 0x38, 0x18, 0x08, 0xcb,
    0x38, 0x14, 0x00, 0xcf, 0x38, 0x14, 0x00, 0xcb, 0x38, 0x18, 0x08, 0xcb,
    0x38, 0x14, 0x00, 0xcb, 0x38, 0x14, 0x00, 0xcb, 0x38, 0x18, 0x00, 0xcb,
    0x38, 0x14, 0x00, 0xcf, 0x38, 0x14, 0x00, 0xcb, 0x38, 0x18, 0x00, 0xcb,
    0x38, 0x14, 0x00, 0xcf, 0x38, 0x14, 0x00, 0xcb, 0x38, 0x18, 0x08, 0xcf,
    0x38, 0x18, 0x00, 0xcb, 0x38, 0x14, 0x00, 0xcb, 0x38, 0x18, 0x00, 0xcb,
    0x38, 0x18, 0x00, 0xcb, 0x38, 0x14, 0x00, 0xcf, 0x38, 0x14, 0x00, 0xcb,
    0x38, 0x18, 0x00, 0xcb, 0x38, 0x14, 0x00, 0xcf, 0x38, 0x14, 0x08, 0xcb,
    0x38, 0x18, 0x00, 0xcf, 0x38, 0x14, 0x00, 0xcb, 0x38, 0x14, 0x08, 0xcb,
    0x38, 0x18, 0x00, 0xcb, 0x38, 0x18, 0x00, 0xcb, 0x38, 0x14, 0x00, 0xcb,
    0x38, 0x18, 0x00, 0xcf, 0x38, 0x18, 0x00, 0xcb, 0x38, 0x14, 0x00, 0xcb,
    0x38, 0x18, 0x00, 0xcb, 0x38, 0x14, 0x00, 0xcb, 0x38, 0x14, 0x00, 0xcb,
    0x38, 0x18, 0x00, 0xcf, 0x38, 0x14, 0x00, 0xcb, 0x38, 0x14, 0x00, 0xcb,
    0x38, 0x18, 0x00, 0xcf, 0x38, 0x14, 0x08, 0xcb, 0x38, 0x18, 0x00, 0xcf,
    0x38, 0x18, 0x00, 0xcb, 0x38, 0x14, 0x00, 0xcb, 0x38, 0x14, 0x00, 0xcf,
    0x38, 0x18, 0x00, 0xcb, 0x38, 0x14, 0x08, 0xcb, 0x38, 0x18, 0x00, 0xcf,
    0x38, 0x18, 0x00, 0xcb, 0x38, 0x14, 0x08, 0xcb, 0x38, 0x18, 0x00, 0xcb,
    0x38, 0x14, 0x00, 0xcb, 0x38, 0x14, 0x00, 0xcf, 0x38, 0x18, 0x00, 0xcb,
    0x38, 0x14, 0x00, 0xcb, 0x38, 0x14, 0x00, 0xcb, 0x38, 0x18, 0x00, 0xcb,
    0x38, 0x14, 0x08, 0xcf, 0x38, 0x18, 0x00, 0xcb, 0x38, 0x14, 0x00, 0xcb,
    0x38, 0x18, 0x00, 0xcb, 0x38, 0x14, 0x00, 0xcf, 0x38, 0x18, 0x00, 0xcb,
    0x38, 0x18, 0x00, 0xcb, 0x38, 0x14, 0x00, 0xcb, 0x38, 0x18, 0x08, 0xcb,
    0x38, 0x18, 0x00, 0xcf, 0x38, 0x14, 0x00, 0xcb, 0x38, 0x14, 0x08, 0xcb,
    0x38, 0x18, 0x00, 0xcb, 0x38, 0x14, 0x00, 0xcb, 0x38, 0x18, 0x08, 0xcf,
    0x38, 0x18, 0x00, 0xcb, 0x38, 0x14, 0x00, 0xcb, 0x38, 0x18, 0x08, 0xcf,
    0x38, 0x18, 0x00, 0xcb, 0x38, 0x14, 0x00, 0xcb, 0x38, 0x18, 0x08, 0xcf,
    0x38, 0x14, 0x00, 0xcb, 0x38, 0x14, 0x00, 0xcb, 0x60, 0x44, 0x30, 0xcb,
    0x78, 0x60, 0x50, 0xcf, 0x78, 0x64, 0x58, 0xcb, 0x78, 0x60, 0x58, 0xcb,
    0x80, 0x64, 0x50, 0xcb, 0x78, 0x64, 0x58, 0xcf, 0x78, 0x64, 0x58, 0xcb,
    0x80, 0x68, 0x58, 0xcb, 0x10, 0x04, 0x00, 0xcb, 0x08, 0x04, 0x00, 0xcb,
    0x10, 0x04, 0x00, 0xcb, 0x10, 0x04, 0x00, 0xcf, 0x10, 0x08, 0x00, 0xcb,
    0x10, 0x04, 0x00, 0xcb, 0x10, 0x04, 0x00, 0xcb, 0x20, 0x10, 0x00, 0xcb,
    0x38, 0x18, 0x00, 0xcf, 0x38, 0x14, 0x00, 0xcb, 0x38, 0x18, 0x00, 0xcb,
    0x38, 0x18, 0x00, 0xcb, 0x38, 0x14, 0x00, 0xcf, 0x38, 0x18, 0x00, 0xcb,
    0x38, 0x18, 0x00, 0xcb, 0x38, 0x14, 0x00, 0xcf, 0x38, 0x18, 0x00, 0xcb,
    0x38, 0x18, 0x00, 0xcb, 0x38, 0x14, 0x00, 0xcf, 0x38, 0x18, 0x08, 0xcb,
    0x38, 0x18, 0x00, 0xcb, 0x38, 0x14, 0x00, 0xcb, 0x38, 0x18, 0x08, 0xcb,
    0x38, 0x18, 0x00, 0xcb, 0x38, 0x14, 0x00, 0xcb, 0x38, 0x14, 0x00, 0xcb,
    0x38, 0x18, 0x00, 0xcb, 0x38, 0x14, 0x00, 0xcf, 0x38, 0x14, 0x00, 0xcb,
    0x38, 0x18, 0x00, 0xcb, 0x38, 0x18, 0x00, 0xcf, 0x38, 0x14, 0x00, 0xcb,
    0x38, 0x18, 0x08, 0xcb, 0x38, 0x18, 0x00, 0xcb, 0x38, 0x14, 0x00, 0xcb,
    0x38, 0x18, 0x00, 0xcf, 0x38, 0x18, 0x00, 0xcb, 0x38, 0x14, 0x00, 0xcb,
    0x38, 0x14, 0x00, 0xcf, 0x38, 0x18, 0x00, 0xcb, 0x38, 0x14, 0x00, 0xcb,
    0x38, 0x14, 0x08, 0xcf, 0x38, 0x18, 0x00, 0xcb, 0x38, 0x14, 0x00, 0xcb,
    0x38, 0x18, 0x08, 0xcf, 0x38, 0x18, 0x00, 0xcb, 0x38, 0x18, 0x00, 0xcb,
    0x38, 0x14, 0x08, 0xcf, 0x38, 0x18, 0x00, 0xcb, 0x38, 0x14, 0x00, 0xcb,
    0x38, 0x18, 0x00, 0xcb, 0x38, 0x14, 0x00, 0xcb, 0x38, 0x14, 0x00, 0xcb,
    0x38, 0x18, 0x00, 0xcf, 0x38, 0x18, 0x00, 0xcb, 0x38, 0x14, 0x00, 0xcb,
    0x38, 0x18, 0x00, 0xcb, 0x38, 0x14, 0x00, 0xcb, 0x38, 0x14, 0x00, 0xcb,
    0x38, 0x18, 0x00, 0xcf, 0x38, 0x14, 0x00, 0xcb, 0x38, 0x14, 0x00, 0xcb,
    0x38, 0x18, 0x00, 0xcb, 0x38, 0x18, 0x00, 0xcb, 0x38, 0x14, 0x08, 0xcb,
    0x38, 0x18, 0x00, 0xcf, 0x38, 0x18, 0x00, 0xcb, 0x38, 0x14, 0x00, 0xcb,
    0x38, 0x18, 0x00, 0xcf, 0x38, 0x14, 0x00, 0xcb, 0x38, 0x14, 0x00, 0xcb,
    0x38, 0x18, 0x00, 0xcf, 0x38, 0x18, 0x08, 0xcb, 0x38, 0x14, 0x00, 0xcb,
    0x38, 0x14, 0x00, 0xcf, 0x38, 0x18, 0x08, 0xcb, 0x38, 0x14, 0x00, 0xcb,
    0x38, 0x14, 0x00, 0xcf, 0x38, 0x18, 0x00, 0xcb, 0x38, 0x18, 0x00, 0xcb,
    0x38, 0x14, 0x00, 0xcf, 0x38, 0x14, 0x00, 0xcb, 0x38, 0x18, 0x00, 0xcb,
    0x38, 0x14, 0x00, 0xcf, 0x38, 0x14, 0x00, 0xcb, 0x38, 0x18, 0x00, 0xcb,
    0x38, 0x14, 0x00, 0xcf, 0x38, 0x18, 0x00, 0xcb, 0x38, 0x18, 0x00, 0xcb,
    0x38, 0x14, 0x00, 0xcb, 0x38, 0x18, 0x00, 0xcb, 0x38, 0x18, 0x00, 0xcb,
    0x58, 0x44, 0x38, 0xcf, 0x78, 0x60, 0x50, 0xcb, 0x78, 0x64, 0x58, 0xcb,
    0x78, 0x64, 0x50, 0xcb, 0x78, 0x60, 0x58, 0xcb, 0x80, 0x64, 0x50, 0xcb,
    0x78, 0x64, 0x58, 0xcf, 0x80, 0x68, 0x60, 0xcb, 0x10, 0x04, 0x00, 0xcb,
    0x08, 0x04, 0x00, 0xcb, 0x10, 0x08, 0x00, 0xcf, 0x08, 0x04, 0x00, 0xcb,
    0x08, 0x04, 0x00, 0xcb, 0x10, 0x08, 0x00, 0xcf, 0x10, 0x04, 0x00, 0xcb,
    0x20, 0x0c, 0x00, 0xcb, 0x38, 0x14, 0x08, 0xcb, 0x38, 0x14, 0x00, 0xcf,
    0x38, 0x18, 0x00, 0xcb, 0x38, 0x14, 0x00, 0xcb, 0x38, 0x14, 0x00, 0xcb,
    0x38, 0x18, 0x00, 0xcb, 0x38, 0x14, 0x00, 0xcb, 0x38, 0x14, 0x00, 0xcb,
    0x38, 0x18, 0x00, 0xcb, 0x38, 0x14, 0x00, 0xcf, 0x38, 0x14, 0x00, 0xcb,
    0x38, 0x18, 0x00, 0xcf, 0x38, 0x14, 0x00, 0xcb, 0x38, 0x14, 0x00, 0xcf,
    0x38, 0x18, 0x00, 0xcb, 0x38, 0x18, 0x00, 0xcf, 0x38, 0x14, 0x08, 0xcb,
    0x38, 0x18, 0x00, 0xcb, 0x38, 0x18, 0x00, 0xcb, 0x38, 0x14, 0x00, 0xcf,
    0x38, 0x14, 0x08, 0xcb, 0x38, 0x18, 0x00, 0xcb, 0x38, 0x14, 0x00, 0xcb,
    0x38, 0x14, 0x00, 0xcb, 0x38, 0x18, 0x00, 0xcf, 0x38, 0x14, 0x00, 0xcb,
    0x38, 0x14, 0x00, 0xcb, 0x38, 0x18, 0x00, 0xcb, 0x38, 0x14, 0x00, 0xcb,
    0x38, 0x18, 0x00, 0xcb, 0x38, 0x18, 0x00, 0xcf, 0x38, 0x14, 0x00, 0xcb,
    0x38, 0x18, 0x00, 0xcb, 0x38, 0x18, 0x00, 0xcb, 0x38, 0x14, 0x00, 0xcb,
    0x38, 0x14, 0x00, 0xcb, 0x38, 0x14, 0x00, 0xcf, 0x38, 0x18, 0x00, 0xcb,
    0x38, 0x14, 0x00, 0xcb, 0x38, 0x18, 0x00, 0xcb, 0x38, 0x14, 0x00, 0xcb,
    0x38, 0x18, 0x00, 0xcf, 0x38, 0x18, 0x08, 0xcb, 0x38, 0x14, 0x00, 0xcb,
    0x38, 0x18, 0x00, 0xcb, 0x38, 0x14, 0x00, 0xcb, 0x38, 0x14, 0x08, 0xcf,
    0x38, 0x18, 0x00, 0xcb, 0x38, 0x18, 0x00, 0xcf, 0x38, 0x14, 0x08, 0xcb,
    0x38, 0x18, 0x00, 0xcb, 0x38, 0x18, 0x00, 0xcb, 0x38, 0x14, 0x00, 0xcf,
    0x38, 0x18, 0x00, 0xcb, 0x38, 0x18, 0x00, 0xcf, 0x38, 0x14, 0x00, 0xcb,
    0x38, 0x14, 0x00, 0xcb, 0x38, 0x18, 0x00, 0xcb, 0x38, 0x14, 0x00, 0xcf,
    0x38, 0x18, 0x08, 0xcb, 0x38, 0x18, 0x00, 0xcb, 0x38, 0x14, 0x00, 0xcb,
    0x38, 0x18, 0x00, 0xcb, 0x38, 0x14, 0x00, 0xcf, 0x38, 0x18, 0x00, 0xcb,
    0x38, 0x14, 0x00, 0xcb, 0x38, 0x18, 0x00, 0xcb, 0x38, 0x18, 0x00, 0xcb,
    0x38, 0x14, 0x00, 0xcf, 0x38, 0x14, 0x00, 0xcb, 0x38, 0x18, 0x00, 0xcb,
    0x38, 0x18, 0x00, 0xcb, 0x38, 0x14, 0x00, 0xcf, 0x38, 0x18, 0x00, 0xcb,
    0x38, 0x18, 0x00, 0xcb, 0x38, 0x14, 0x00, 0xcb, 0x38, 0x18, 0x00, 0xcb,
    0x38, 0x18, 0x08, 0xcb, 0x38, 0x14, 0x00, 0xcb, 0x38, 0x14, 0x00, 0xcb,
    0x38, 0x18, 0x00, 0xcf, 0x38, 0x14, 0x00, 0xcb, 0x38, 0x14, 0x00, 0xcb,
    0x38, 0x14, 0x00, 0xcf, 0x60, 0x44, 0x30, 0xcb, 0x78, 0x5c, 0x50, 0xcb,
    0x78, 0x64, 0x58, 0xcf, 0x78, 0x64, 0x58, 0xcf, 0x78, 0x64, 0x50, 0xcb,
    0x78, 0x64, 0x58, 0xcb, 0x80, 0x64, 0x50, 0xcb, 0x80, 0x68, 0x60, 0xcb,
    0x10, 0x04, 0x00, 0xcb, 0x10, 0x04, 0x00, 0xcb, 0x08, 0x08, 0x00, 0xcb,
    0x10, 0x04, 0x00, 0xcb, 0x10, 0x04, 0x00, 0xcb, 0x08, 0x04, 0x00, 0xcf,
    0x10, 0x04, 0x00, 0xcb, 0x20, 0x0c, 0x00, 0xcb, 0x38, 0x18, 0x00, 0xcb,
    0x38, 0x18, 0x00, 0xcb, 0x38, 0x14, 0x00, 0xcf, 0x38, 0x18, 0x08, 0xcb,
    0x38, 0x18, 0x00, 0xcb, 0x38, 0x14, 0x00, 0xcf, 0x38, 0x18, 0x08, 0xcb,
    0x38, 0x18, 0x00, 0xcb, 0x38, 0x14, 0x00, 0xcf, 0x38, 0x18, 0x08, 0xcb,
    0x38, 0x18, 0x00, 0xcb, 0x38, 0x14, 0x00, 0xcb, 0x38, 0x18, 0x00, 0xcb,
    0x38, 0x14, 0x00, 0xcb, 0x38, 0x14, 0x00, 0xcf, 0x38, 0x18, 0x00, 0xcb,
    0x38, 0x14, 0x00, 0xcb, 0x38, 0x14, 0x00, 0xcf, 0x38, 0x18, 0x00, 0xcb,
    0x38, 0x18, 0x00, 0xcb, 0x38, 0x14, 0x00, 0xcf, 0x38, 0x18, 0x00, 0xcb,
    0x38, 0x18, 0x00, 0xcb, 0x38, 0x14, 0x08, 0xcf, 0x38, 0x18, 0x00, 0xcb,
    0x38, 0x18, 0x00, 0xcb, 0x38, 0x14, 0x08, 0xcf, 0x38, 0x18, 0x00, 0xcb,
    0x38, 0x14, 0x00, 0xcb, 0x38, 0x14, 0x08, 0xcf, 0x38, 0x18, 0x00, 0xcb,
    0x38, 0x14, 0x00, 0xcb, 0x38, 0x14, 0x08, 0xcf, 0x38, 0x18, 0x00, 0xcb,
    0x38, 0x18, 0x00, 0xcb, 0x38, 0x14, 0x00, 0xcf, 0x38, 0x18, 0x00, 0xcb,
    0x38, 0x14, 0x08, 0xcb, 0x38, 0x14, 0x00, 0xcf, 0x38, 0x18, 0x00, 0xcb,
    0x38, 0x14, 0x00, 0xcb, 0x38, 0x14, 0x00, 0xcf, 0x38, 0x18, 0x00, 0xcb,
    0x38, 0x18, 0x00, 0xcf, 0x38, 0x14, 0x00, 0xcb, 0x38, 0x18, 0x00, 0xcb,
    0x38, 0x14, 0x00, 0xcb, 0x38, 0x18, 0x00, 0xcb, 0x38, 0x14, 0x00, 0xcf,
    0x38, 0x14, 0x00, 0xcb, 0x38, 0x18, 0x00, 0xcb, 0x38, 0x14, 0x00, 0xcf,
    0x38, 0x14, 0x08, 0xcb, 0x38, 0x18, 0x00, 0xcb, 0x38, 0x14, 0x00, 0xcf,
    0x38, 0x14, 0x08, 0xcb, 0x38, 0x18, 0x00, 0xcb, 0x38, 0x14, 0x00, 0xcb,
    0x38, 0x14, 0x00, 0xcb, 0x38, 0x18, 0x00, 0xcf, 0x38, 0x14, 0x00, 0xcb,
    0x38, 0x18, 0x00, 0xcb, 0x38, 0x14, 0x08, 0xcf, 0x38, 0x18, 0x00, 0xcb,
    0x38, 0x14, 0x00, 0xcb, 0x38, 0x18, 0x00, 0xcb, 0x38, 0x14, 0x00, 0xcf,
    0x38, 0x18, 0x00, 0xcb, 0x38, 0x18, 0x00, 0xcb, 0x38, 0x14, 0x08, 0xcb,
    0x38, 0x14, 0x00, 0xcb, 0x38, 0x18, 0x00, 0xcb, 0x38, 0x14, 0x08, 0xcb,
    0x38, 0x14, 0x00, 0xcf, 0x38, 0x18, 0x00, 0xcb, 0x38, 0x14, 0x08, 0xcb,
    0x38, 0x14, 0x00, 0xcf, 0x38, 0x18, 0x00, 0xcf, 0x38, 0x14, 0x00, 0xcb,
    0x38, 0x18, 0x00, 0xcb, 0x38, 0x14, 0x08, 0xcf, 0x38, 0x18, 0x00, 0xcb,
    0x38, 0x18, 0x00, 0xcb, 0x38, 0x14, 0x08, 0xcb, 0x60, 0x44, 0x30, 0xcb,
    0x78, 0x60, 0x50, 0xcb, 0x78, 0x60, 0x58, 0xcb, 0x78, 0x64, 0x58, 0xcb,
    0x80, 0x60, 0x58, 0xcf, 0x78, 0x64, 0x50, 0xcb, 0x78, 0x64, 0x58, 0xcb,
    0x80, 0x68, 0x58, 0xcb, 0x08, 0x04, 0x00, 0xcb, 0x10, 0x04, 0x00, 0xcf,
    0x10, 0x04, 0x00, 0xcb, 0x10, 0x04, 0x00, 0xcb, 0x08, 0x08, 0x00, 0xcf,
    0x10, 0x04, 0x00, 0xcb, 0x10, 0x04, 0x00, 0xcb, 0x20, 0x10, 0x00, 0xcf,
    0x38, 0x18, 0x00, 0xcb, 0x38, 0x14, 0x00, 0xcb, 0x38, 0x14, 0x00, 0xcb,
    0x38, 0x18, 0x00, 0xcf, 0x38, 0x14, 0x00, 0xcb, 0x38, 0x14, 0x00, 0xcb,
    0x38, 0x18, 0x00, 0xcf, 0x38, 0x14, 0x00, 0xcb, 0x38, 0x14, 0x00, 0xcb,
    0x38, 0x18, 0x00, 0xcb, 0x38, 0x14, 0x00, 0xcb, 0x38, 0x18, 0x00, 0xcf,
    0x38, 0x18, 0x08, 0xcb, 0x38, 0x14, 0x00, 0xcb, 0x38, 0x18, 0x00, 0xcb,
    0x38, 0x18, 0x08, 0xcb, 0x38, 0x14, 0x00, 0xcb, 0x38, 0x14, 0x00, 0xcf,
    0x38, 0x18, 0x00, 0xcb, 0x38, 0x14, 0x08, 0xcb, 0x38, 0x14, 0x00, 0xcb,
    0x38, 0x18, 0x00, 0xcf, 0x38, 0x14, 0x00, 0xcb, 0x38, 0x14, 0x00, 0xcb,
    0x38, 0x18, 0x00, 0xcb, 0x38, 0x14, 0x00, 0xcb, 0x38, 0x18, 0x00, 0xcf,
    0x38, 0x18, 0x00, 0xcb, 0x38, 0x14, 0x00, 0xcb, 0x38, 0x18, 0x00, 0xcb,
    0x38, 0x18, 0x00, 0xcb, 0x38, 0x14, 0x00, 0xcb, 0x38, 0x14, 0x00, 0xcf,
    0x38, 0x18, 0x00, 0xcb, 0x38, 0x14, 0x00, 0xcb, 0x38, 0x18, 0x08, 0xcb,
    0x38, 0x18, 0x00, 0xcb, 0x38, 0x14, 0x00, 0xcb, 0x38, 0x18, 0x00, 0xcf,
    0x38, 0x18, 0x00, 0xcb, 0x38, 0x14, 0x08, 0xcb, 0x38, 0x14, 0x00, 0xcb,
    0x38, 0x18, 0x00, 0xcb, 0x38, 0x14, 0x00, 0xcb, 0x38, 0x14, 0x08, 0xcf,
    0x38, 0x18, 0x00, 0xcb, 0x38, 0x18, 0x00, 0xcb, 0x38, 0x14, 0x00, 0xcb,
    0x38, 0x18, 0x00, 0xcb, 0x38, 0x18, 0x00, 0xcb, 0x38, 0x14, 0x00, 0xcb,
    0x38, 0x18, 0x00, 0xcb, 0x38, 0x18, 0x00, 0xcb, 0x38, 0x14, 0x00, 0xcb,
    0x38, 0x18, 0x00, 0xcb, 0x38, 0x18, 0x00, 0xcf, 0x38, 0x18, 0x00, 0xcb,
    0x38, 0x18, 0x00, 0xcb, 0x38, 0x14, 0x00, 0xcf, 0x38, 0x18, 0x00, 0xcb,
    0x38, 0x14, 0x00, 0xcb, 0x38, 0x14, 0x00, 0xcb, 0x38, 0x18, 0x00, 0xcb,
    0x38, 0x14, 0x00, 0xcb, 0x38, 0x18, 0x00, 0xcb, 0x38, 0x14, 0x08, 0xcf,
    0x38, 0x14, 0x00, 0xcb, 0x38, 0x18, 0x00, 0xcb, 0x38, 0x14, 0x00, 0xcb,
    0x38, 0x18, 0x00, 0xcf, 0x38, 0x18, 0x00, 0xcf, 0x38, 0x14, 0x00, 0xcb,
    0x38, 0x18, 0x00, 0xcb, 0x38, 0x18, 0x00, 0xcb, 0x38, 0x14, 0x00, 0xcf,
    0x38, 0x18, 0x00, 0xcb, 0x38, 0x18, 0x00, 0xcb, 0x38, 0x14, 0x00, 0xcb,
    0x38, 0x18, 0x00, 0xcb, 0x38, 0x14, 0x00, 0xcb, 0x38, 0x18, 0x00, 0xcb,
    0x38, 0x14, 0x00, 0xcf, 0x38, 0x18, 0x00, 0xcb, 0x38, 0x14, 0x00, 0xcb,
    0x60, 0x44, 0x30, 0xcf, 0x78, 0x60, 0x50, 0xcb, 0x78, 0x64, 0x58, 0xcb,
    0x78, 0x64, 0x50, 0xcb, 0x78, 0x64, 0x58, 0xcb, 0x78, 0x60, 0x58, 0xcf,
    0x78, 0x64, 0x58, 0xcb, 0x80, 0x68, 0x60, 0xcb, 0x10, 0x04, 0x00, 0xcb,
    0x08, 0x04, 0x00, 0xcb, 0x10, 0x08, 0x00, 0xcf, 0x08, 0x04, 0x00, 0xcb,
    0x08, 0x04, 0x00, 0xcb, 0x10, 0x08, 0x00, 0xcb, 0x10, 0x04, 0x00, 0xcb,
    0x20, 0x0c, 0x00, 0xcf, 0x38, 0x18, 0x00, 0xcb, 0x38, 0x14, 0x08, 0xcb,
    0x38, 0x18, 0x00, 0xcf, 0x38, 0x18, 0x00, 0xcb, 0x38, 0x14, 0x00, 0xcb,
    0x38, 0x18, 0x08, 0xcb, 0x38, 0x18, 0x00, 0xcb, 0x38, 0x14, 0x00, 0xcf,
    0x38, 0x18, 0x00, 0xcb, 0x38, 0x14, 0x00, 0xcb, 0x38, 0x14, 0x00, 0xcf,
    0x38, 0x18, 0x00, 0xcb, 0x38, 0x14, 0x00, 0xcb, 0x38, 0x14, 0x00, 0xcf,
    0x38, 0x18, 0x00, 0xcb, 0x38, 0x18, 0x00, 0xcb, 0x38, 0x14, 0x00, 0xcf,
    0x38, 0x18, 0x00, 0xcb, 0x38, 0x18, 0x00, 0xcb, 0x38, 0x14, 0x00, 0xcb,
    0x38, 0x18, 0x00, 0xcb, 0x38, 0x18, 0x00, 0xcb, 0x38, 0x14, 0x00, 0xcf,
    0x38, 0x18, 0x00, 0xcb, 0x38, 0x14, 0x00, 0xcb, 0x38, 0x14, 0x00, 0xcf,
    0x38, 0x18, 0x00, 0xcb, 0x38, 0x14, 0x00, 0xcb, 0x38, 0x14, 0x00, 0xcf,
    0x38, 0x18, 0x00, 0xcb, 0x38, 0x18, 0x00, 0xcb, 0x38, 0x14, 0x00, 0xcf,
    0x38, 0x18, 0x00, 0xcb, 0x38, 0x18, 0x00, 0xcb, 0x38, 0x14, 0x00, 0xcf,
    0x38, 0x14, 0x00, 0xcb, 0x38, 0x18, 0x00, 0xcb, 0x38, 0x14, 0x00, 0xcf,
    0x38, 0x18, 0x00, 0xcb, 0x38, 0x18, 0x00, 0xcb, 0x38, 0x14, 0x00, 0xcf,
    0x38, 0x18, 0x00, 0xcb, 0x38, 0x18, 0x00, 0xcb, 0x38, 0x14, 0x00, 0xcb,
    0x38, 0x18, 0x00, 0xcf, 0x38, 0x14, 0x00, 0xcb, 0x38, 0x14, 0x00, 0xcf,
    0x38, 0x18, 0x08, 0xcf, 0x38, 0x14, 0x00, 0xcb, 0x38, 0x14, 0x00, 0xcf,
    0x38, 0x18, 0x08, 0xcb, 0x38, 0x14, 0x00, 0xcf, 0x38, 0x18, 0x00, 0xcb,
    0x38, 0x14, 0x00, 0xcb, 0x38, 0x14, 0x00, 0xcb, 0x38, 0x18, 0x00, 0xcf,
    0x38, 0x14, 0x08, 0xcb, 0x38, 0x14, 0x00, 0xcb, 0x38, 0x18, 0x00, 0xcb,
    0x38, 0x18, 0x08, 0xcb, 0x38, 0x14, 0x00, 0xcf, 0x38, 0x18, 0x00, 0xcb,
    0x38, 0x18, 0x00, 0xcf, 0x38, 0x14, 0x00, 0xcb, 0x38, 0x18, 0x00, 0xcb,
    0x38, 0x18, 0x00, 0xcf, 0x38, 0x14, 0x00, 0xcb, 0x38, 0x14, 0x08, 0xcb,
    0x38, 0x18, 0x00, 0xcf, 0x38, 0x14, 0x00, 0xcb, 0x38, 0x14, 0x00, 0xcb,
    0x38, 0x18, 0x00, 0xcb, 0x38, 0x14, 0x00, 0xcb, 0x38, 0x14, 0x00, 0xcb,
    0x38, 0x18, 0x00, 0xcb, 0x38, 0x14, 0x00, 0xcb, 0x38, 0x14, 0x00, 0xcb,
    0x38, 0x18, 0x08, 0xcf, 0x38, 0x14, 0x00, 0xcb, 0x38, 0x18, 0x00, 0xcb,
    0x38, 0x14, 0x00, 0xcb, 0x38, 0x18, 0x00, 0xcf, 0x38, 0x14, 0x08, 0xcb,
    0x38, 0x18, 0x00, 0xcb, 0x60, 0x44, 0x30, 0xcf, 0x78, 0x60, 0x50, 0xcb,
    0x78, 0x60, 0x58, 0xcf, 0x78, 0x64, 0x50, 0xcb, 0x80, 0x64, 0x50, 0xcb,
    0x78, 0x64, 0x58, 0xcf, 0x78, 0x64, 0x50, 0xcb, 0x80, 0x68, 0x60, 0xcb,
    0x10, 0x04, 0x00, 0xcb, 0x08, 0x04, 0x00, 0xcb, 0x10, 0x08, 0x00, 0xcb,
    0x10, 0x04, 0x00, 0xcb, 0x10, 0x04, 0x00, 0xcf, 0x08, 0x04, 0x00, 0xcb,
    0x10, 0x04, 0x00, 0xcb, 0x20, 0x0c, 0x00, 0xcb, 0x38, 0x18, 0x00, 0xcf,
    0x38, 0x14, 0x00, 0xcb, 0x38, 0x18, 0x00, 0xcb, 0x38, 0x14, 0x00, 0xcb,
    0x38, 0x14, 0x00, 0xcf, 0x38, 0x18, 0x00, 0xcb, 0x38, 0x14, 0x00, 0xcb,
    0x38, 0x18, 0x00, 0xcb, 0x38, 0x18, 0x08, 0xcf, 0x38, 0x14, 0x00, 0xcb,
    0x38, 0x18, 0x00, 0xcb, 0x38, 0x18, 0x08, 0xcb, 0x38, 0x14, 0x00, 0xcb,
    0x38, 0x14, 0x00, 0xcf, 0x38, 0x18, 0x00, 0xcb, 0x38, 0x14, 0x00, 0xcb,
    0x38, 0x14, 0x00, 0xcb, 0x38, 0x18, 0x08, 0xcb, 0x38, 0x14, 0x00, 0xcf,
    0x38, 0x18, 0x00, 0xcb, 0x38, 0x14, 0x00, 0xcb, 0x38, 0x14, 0x08, 0xcf,
    0x38, 0x18, 0x00, 0xcb, 0x38, 0x18, 0x00, 0xcb, 0x38, 0x14, 0x08, 0xcb,
    0x38, 0x18, 0x00, 0xcb, 0x38, 0x18, 0x00, 0xcb, 0x38, 0x14, 0x08, 0xcb,
    0x38, 0x14, 0x00, 0xcf, 0x38, 0x18, 0x00, 0xcb, 0x38, 0x14, 0x08, 0xcb,
    0x38, 0x14, 0x00, 0xcb, 0x38, 0x18, 0x00, 0xcb, 0x38, 0x14, 0x08, 0xcb,
    0x38, 0x18, 0x00, 0xcf, 0x38, 0x18, 0x00, 0xcb, 0x38, 0x14, 0x00, 0xcb,
    0x38, 0x14, 0x00, 0xcb, 0x38, 0x18, 0x08, 0xcb, 0x38, 0x14, 0x00, 0xcb,
    0x38, 0x14, 0x00, 0xcf, 0x38, 0x18, 0x00, 0xcb, 0x38, 0x14, 0x08, 0xcb,
    0x38, 0x18, 0x00, 0xcf, 0x38, 0x18, 0x00, 0xcb, 0x38, 0x14, 0x00, 0xcb,
    0x38, 0x18, 0x00, 0xcb, 0x38, 0x18, 0x00, 0xcb, 0x38, 0x14, 0x00, 0xcb,
    0x38, 0x18, 0x00, 0xcb, 0x38, 0x14, 0x00, 0xcf, 0x38, 0x14, 0x00, 0xcb,
    0x38, 0x18, 0x08, 0xcb, 0x38, 0x18, 0x00, 0xcf, 0x38, 0x14, 0x00, 0xcb,
    0x38, 0x14, 0x00, 0xcb, 0x38, 0x18, 0x00, 0xcf, 0x38, 0x14, 0x00, 0xcb,
    0x38, 0x14, 0x00, 0xcb, 0x38, 0x18, 0x00, 0xcf, 0x38, 0x14, 0x00, 0xcb,
    0x38, 0x18, 0x08, 0xcb, 0x38, 0x14, 0x00, 0xcf, 0x38, 0x14, 0x00, 0xcb,
    0x38, 0x18, 0x08, 0xcb, 0x38, 0x18, 0x00, 0xcb, 0x38, 0x14, 0x00, 0xcb,
    0x38, 0x18, 0x00, 0xcb, 0x38, 0x18, 0x00, 0xcb, 0x38, 0x14, 0x00, 0xcb,
    0x38, 0x18, 0x08, 0xcb, 0x38, 0x18, 0x00, 0xcf, 0x38, 0x14, 0x00, 0xcf,
    0x38, 0x18, 0x08, 0xcb, 0x38, 0x18, 0x00, 0xcf, 0x38, 0x14, 0x00, 0xcb,
    0x38, 0x18, 0x00, 0xcb, 0x38, 0x14, 0x00, 0xcf, 0x38, 0x18, 0x00, 0xcb,
    0x38, 0x14, 0x00, 0xcb, 0x38, 0x18, 0x08, 0xcf, 0x38, 0x14, 0x00, 0xcb,
    0x38, 0x14, 0x00, 0xcb, 0x38, 0x14, 0x00, 0xcb, 0x58, 0x44, 0x38, 0xcb,
    0x78, 0x60, 0x50, 0xcb, 0x78, 0x60, 0x58, 0xcb, 0x78, 0x64, 0x58, 0xcf,
    0x78, 0x64, 0x58, 0xcb, 0x80, 0x64, 0x50, 0xcb, 0x78, 0x64, 0x58, 0xcb,
    0x80, 0x68, 0x58, 0xcb, 0x10, 0x04, 0x00, 0xcb, 0x08, 0x04, 0x00, 0xcb,
    0x10, 0x04, 0x00, 0xcf, 0x10, 0x04, 0x00, 0xcb, 0x08, 0x08, 0x00, 0xcb,
    0x10, 0x04, 0x00, 0xcf, 0x10, 0x04, 0x00, 0xcb, 0x20, 0x0c, 0x00, 0xcb,
    0x38, 0x18, 0x00, 0xcb, 0x38, 0x18, 0x00, 0xcf, 0x38, 0x14, 0x00, 0xcb,
    0x38, 0x18, 0x08, 0xcb, 0x38, 0x18, 0x00, 0xcf, 0x38, 0x14, 0x00, 0xcb,
    0x38, 0x14, 0x00, 0xcb, 0x38, 0x18, 0x00, 0xcb, 0x38, 0x14, 0x00, 0xcb,
    0x38, 0x14, 0x00, 0xcf, 0x38, 0x18, 0x00, 0xcb, 0x38, 0x18, 0x00, 0xcb,
    0x38, 0x14, 0x00, 0xcf, 0x38, 0x18, 0x00, 0xcb, 0x38, 0x18, 0x08, 0xcb,
    0x38, 0x14, 0x00, 0xcf, 0x38, 0x18, 0x00, 0xcb, 0x38, 0x14, 0x00, 0xcb,
    0x38, 0x18, 0x00, 0xcf, 0x38, 0x14, 0x00, 0xcb, 0x38, 0x18, 0x00, 0xcb,
    0x38, 0x14, 0x00, 0xcb, 0x38, 0x18, 0x00, 0xcb, 0x38, 0x14, 0x00, 0xcf,
    0x38, 0x14, 0x00, 0xcb, 0x38, 0x18, 0x00, 0xcf, 0x38, 0x18, 0x00, 0xcb,
    0x38, 0x14, 0x00, 0xcb, 0x38, 0x18, 0x00, 0xcb, 0x38, 0x18, 0x00, 0xcf,
    0x38, 0x14, 0x00, 0xcb, 0x38, 0x18, 0x00, 0xcf, 0x38, 0x14, 0x00, 0xcb,
    0x38, 0x14, 0x00, 0xcb, 0x38, 0x18, 0x00, 0xcb, 0x38, 0x18, 0x00, 0xcf,
    0x38, 0x14, 0x00, 0xcb, 0x38, 0x18, 0x00, 0xcb, 0x38, 0x14, 0x00, 0xcf,
    0x38, 0x18, 0x00, 0xcb, 0x38, 0x18, 0x00, 0xcb, 0x38, 0x14, 0x00, 0xcb,
    0x38, 0x14, 0x00, 0xcb, 0x38, 0x18, 0x00, 0xcb, 0x38, 0x14, 0x00, 0xcb,
    0x38, 0x14, 0x08, 0xcb, 0x38, 0x18, 0x00, 0xcb, 0x38, 0x14, 0x00, 0xcb,
    0x38, 0x18, 0x00, 0xcb, 0x38, 0x18, 0x08, 0xcb, 0x38, 0x14, 0x00, 0xcb,
    0x38, 0x18, 0x00, 0xcb, 0x38, 0x14, 0x00, 0xcb, 0x38, 0x18, 0x00, 0xcf,
    0x38, 0x18, 0x00, 0xcb, 0x38, 0x14, 0x08, 0xcb, 0x38, 0x18, 0x00, 0xcb,
    0x38, 0x18, 0x00, 0xcf, 0x38, 0x14, 0x00, 0xcb, 0x38, 0x18, 0x00, 0xcb,
    0x38, 0x14, 0x00, 0xcb, 0x38, 0x18, 0x00, 0xcb, 0x38, 0x14, 0x00, 0xcb,
    0x38, 0x14, 0x00, 0xcb, 0x38, 0x18, 0x00, 0xcf, 0x38, 0x14, 0x00, 0xcb,
    0x38, 0x14, 0x00, 0xcf, 0x38, 0x18, 0x00, 0xcb, 0x38, 0x14, 0x00, 0xcb,
    0x38, 0x14, 0x00, 0xcf, 0x38, 0x18, 0x00, 0xcb, 0x38, 0x14, 0x00, 0xcb,
    0x38, 0x14, 0x00, 0xcb, 0x38, 0x18, 0x00, 0xcb, 0x38, 0x14, 0x00, 0xcf,
    0x38, 0x18, 0x08, 0xcb, 0x38, 0x18, 0x00, 0xcb, 0x38, 0x14, 0x00, 0xcb,
    0x38, 0x18, 0x00, 0xcf, 0x38, 0x14, 0x00, 0xcb, 0x38, 0x18, 0x00, 0xcb,
    0x38, 0x18, 0x00, 0xcb, 0x38, 0x18, 0x00, 0xcf, 0x38, 0x14, 0x00, 0xcb,
    0x60, 0x44, 0x30, 0xcb, 0x78, 0x60, 0x50, 0xcf, 0x78, 0x64, 0x58, 0xcb,
    0x78, 0x60, 0x58, 0xcb, 0x78, 0x64, 0x50, 0xcb, 0x78, 0x60, 0x58, 0xcf,
    0x80, 0x64, 0x58, 0xcb, 0x80, 0x68, 0x60, 0xcb, 0x10, 0x04, 0x00, 0xcb,
    0x08, 0x04, 0x00, 0xcb, 0x10, 0x08, 0x00, 0xcf, 0x08, 0x04, 0x00, 0xcb,
    0x08, 0x04, 0x00, 0xcb, 0x10, 0x08, 0x00, 0xcb, 0x10, 0x04, 0x00, 0xcf,
    0x20, 0x0c, 0x00, 0xcb, 0x38, 0x18, 0x00, 0xcb, 0x38, 0x14, 0x00, 0xcb,
    0x38, 0x14, 0x00, 0xcb, 0x38, 0x18, 0x00, 0xcb, 0x38, 0x14, 0x00, 0xcb,
    0x38, 0x18, 0x00, 0xcf, 0x38, 0x18, 0x08, 0xcb, 0x38, 0x14, 0x00, 0xcb,
    0x38, 0x18, 0x00, 0xcf, 0x38, 0x14, 0x00, 0xcb, 0x38, 0x14, 0x00, 0xcb,
    0x38, 0x18, 0x00, 0xcb, 0x38, 0x14, 0x00, 0xcb, 0x38, 0x14, 0x00, 0xcb,
    0x38, 0x18, 0x00, 0xcb, 0x38, 0x18, 0x00, 0xcf, 0x38, 0x14, 0x00, 0xcb,
    0x38, 0x18, 0x00, 0xcb, 0x38, 0x14, 0x00, 0xcb, 0x38, 0x18, 0x08, 0xcf,
    0x38, 0x18, 0x00, 0xcb, 0x38, 0x14, 0x00, 0xcb, 0x38, 0x18, 0x00, 0xcf,
    0x38, 0x18, 0x00, 0xcb, 0x38, 0x14, 0x00, 0xcb, 0x38, 0x14, 0x08, 0xcb,
    0x38, 0x18, 0x00, 0xcf, 0x38, 0x14, 0x00, 0xcb, 0x38, 0x14, 0x00, 0xcb,
    0x38, 0x18, 0x08, 0xcb, 0x38, 0x18, 0x00, 0xcb, 0x38, 0x14, 0x00, 0xcf,
    0x38, 0x18, 0x00, 0xcb, 0x38, 0x18, 0x00, 0xcb, 0x38, 0x14, 0x08, 0xcb,
    0x38, 0x14, 0x00, 0xcf, 0x38, 0x18, 0x00, 0xcb, 0x38, 0x14, 0x08, 0xcb,
    0x38, 0x18, 0x00, 0xcf, 0x38, 0x14, 0x00, 0xcb, 0x38, 0x18, 0x00, 0xcb,
    0x38, 0x14, 0x00, 0xcf, 0x38, 0x18, 0x00, 0xcf, 0x38, 0x18, 0x00, 0xcb,
    0x38, 0x14, 0x00, 0xcf, 0x38, 0x18, 0x00, 0xcf, 0x38, 0x14, 0x00, 0xcb,
    0x38, 0x14, 0x00, 0xcf, 0x38, 0x18, 0x00, 0xcf, 0x38, 0x14, 0x00, 0xcb,
    0x38, 0x18, 0x00, 0xcf, 0x38, 0x14, 0x00, 0xcb, 0x38, 0x14, 0x00, 0xcb,
    0x38, 0x18, 0x00, 0xcb, 0x38, 0x14, 0x00, 0xcb, 0x38, 0x14, 0x00, 0xcb,
    0x38, 0x18, 0x00, 0xcb, 0x38, 0x14, 0x00, 0xcb, 0x38, 0x18, 0x08, 0xcf,
    0x38, 0x14, 0x00, 0xcb, 0x38, 0x18, 0x00, 0xcb, 0x38, 0x18, 0x00, 0xcf,
    0x38, 0x18, 0x00, 0xcb, 0x38, 0x14, 0x00, 0xcb, 0x38, 0x18, 0x00, 0xcb,
    0x38, 0x14, 0x00, 0xcf, 0x38, 0x18, 0x08, 0xcb, 0x38, 0x18, 0x00, 0xcb,
    0x38, 0x14, 0x00, 0xcf, 0x38, 0x18, 0x00, 0xcb, 0x38, 0x18, 0x00, 0xcb,
    0x38, 0x14, 0x08, 0xcb, 0x38, 0x18, 0x00, 0xcb, 0x38, 0x14, 0x00, 0xcb,
    0x38, 0x14, 0x00, 0xcb, 0x38, 0x18, 0x00, 0xcf, 0x38, 0x14, 0x00, 0xcb,
    0x38, 0x14, 0x00, 0xcb, 0x38, 0x18, 0x08, 0xcb, 0x38, 0x14, 0x00, 0xcf,
    0x38, 0x14, 0x00, 0xcb, 0x38, 0x18, 0x00, 0xcb, 0x38, 0x14, 0x00, 0xcf,
    0x38, 0x18, 0x00, 0xcb, 0x60, 0x44, 0x30, 0xcb, 0x78, 0x60, 0x50, 0xcf,
    0x78, 0x64, 0x58, 0xcb, 0x78, 0x64, 0x50, 0xcb, 0x80, 0x64, 0x58, 0xcb,
    0x78, 0x64, 0x58, 0xcf, 0x78, 0x64, 0x50, 0xcb, 0x80, 0x68, 0x60, 0xcb,
    0x10, 0x04, 0x00, 0xcb, 0x10, 0x04, 0x00, 0xcb, 0x08, 0x08, 0x00, 0xcb,
    0x10, 0x04, 0x00, 0xcb, 0x10, 0x04, 0x00, 0xcb, 0x08, 0x04, 0x00, 0xcb,
    0x10, 0x04, 0x00, 0xcb, 0x18, 0x0c, 0x00, 0xcf, 0x38, 0x14, 0x08, 0xcb,
    0x38, 0x18, 0x00, 0xcb, 0x38, 0x14, 0x00, 0xcf, 0x38, 0x14, 0x00, 0xcb,
    0x38, 0x18, 0x00, 0xcb, 0x38, 0x14, 0x00, 0xcf, 0x38, 0x14, 0x00, 0xcb,
    0x38, 0x18, 0x00, 0xcb, 0x38, 0x18, 0x08, 0xcb, 0x38, 0x14, 0x00, 0xcb,
    0x38, 0x18, 0x00, 0xcf, 0x38, 0x18, 0x08, 0xcb, 0x38, 0x14, 0x00, 0xcf,
    0x38, 0x14, 0x00, 0xcb, 0x38, 0x18, 0x00, 0xcb, 0x38, 0x14, 0x08, 0xcb,
    0x38, 0x14, 0x00, 0xcb, 0x38, 0x18, 0x00, 0xcb, 0x38, 0x14, 0x00, 0xcf,
    0x38, 0x14, 0x00, 0xcb, 0x38, 0x18, 0x00, 0xcb, 0x38, 0x14, 0x00, 0xcf,
    0x38, 0x14, 0x08, 0xcb, 0x38, 0x18, 0x00, 0xcb, 0x38, 0x18, 0x00, 0xcb,
    0x38, 0x14, 0x00, 0xcb, 0x38, 0x18, 0x00, 0xcf, 0x38, 0x18, 0x00, 0xcb,
    0x38, 0x14, 0x00, 0xcb, 0x38, 0x14, 0x00, 0xcf, 0x38, 0x18, 0x00, 0xcb,
    0x38, 0x14, 0x08, 0xcb, 0x38, 0x14, 0x00, 0xcf, 0x38, 0x18, 0x00, 0xcb,
    0x38, 0x14, 0x00, 0xcb, 0x38, 0x18, 0x00, 0xcb, 0x38, 0x14, 0x00, 0xcb,
    0x38, 0x18, 0x00, 0xcb, 0x38, 0x14, 0x00, 0xcb, 0x38, 0x14, 0x00, 0xcb,
    0x38, 0x18, 0x08, 0xcb, 0x38, 0x14, 0x00, 0xcb, 0x38, 0x14, 0x00, 0xcb,
    0x38, 0x18, 0x08, 0xcb, 0x38, 0x14, 0x00, 0xcb, 0x38, 0x18, 0x00, 0xcb,
    0x38, 0x18, 0x00, 0xcb, 0x38, 0x14, 0x08, 0xcb, 0x38, 0x14, 0x00, 0xcb,
    0x38, 0x18, 0x00, 0xcb, 0x38, 0x18, 0x00, 0xcb, 0x38, 0x14, 0x00, 0xcf,
    0x38, 0x18, 0x08, 0xcb, 0x38, 0x18, 0x00, 0xcf, 0x38, 0x14, 0x00, 0xcb,
    0x38, 0x18, 0x00, 0xcf, 0x38, 0x14, 0x00, 0xcb, 0x38, 0x18, 0x00, 0xcb,
    0x38, 0x14, 0x00, 0xcb, 0x38, 0x14, 0x00, 0xcf, 0x38, 0x18, 0x08, 0xcb,
    0x38, 0x14, 0x00, 0xcb, 0x38, 0x14, 0x00, 0xcf, 0x38, 0x18, 0x08, 0xcb,
    0x38, 0x14, 0x00, 0xcb, 0x38, 0x18, 0x00, 0xcb, 0x38, 0x14, 0x00, 0xcb,
    0x38, 0x14, 0x00, 0xcb, 0x38, 0x18, 0x08, 0xcb, 0x38, 0x14, 0x00, 0xcf,
    0x38, 0x14, 0x00, 0xcb, 0x38, 0x18, 0x00, 0xcf, 0x38, 0x18, 0x00, 0xcf,
    0x38, 0x14, 0x00, 0xcb, 0x38, 0x18, 0x00, 0xcb, 0x38, 0x18, 0x00, 0xcb,
    0x38, 0x14, 0x00, 0xcf, 0x38, 0x18, 0x00, 0xcb, 0x38, 0x18, 0x00, 0xcb,
    0x38, 0x14, 0x00, 0xcb, 0x38, 0x18, 0x00, 0xcb, 0x38, 0x14, 0x08, 0xcb,
    0x38, 0x14, 0x00, 0xcb, 0x38, 0x18, 0x08, 0xcb, 0x58, 0x40, 0x30, 0xcb,
    0x70, 0x58, 0x50, 0xcb, 0x78, 0x5c, 0x50, 0xcf, 0x78, 0x60, 0x50, 0xcb,
    0x78, 0x64, 0x58, 0xcb, 0x78, 0x64, 0x50, 0xcb, 0x78, 0x64, 0x50, 0xcb,
    0x80, 0x68, 0x60, 0xcb, 0x08, 0x04, 0x00, 0xb2, 0x10, 0x04, 0x00, 0xcb,
    0x10, 0x04, 0x00, 0xcf, 0x10, 0x04, 0x00, 0xcb, 0x10, 0x08, 0x00, 0xcf,
    0x08, 0x04, 0x00, 0xcb, 0x10, 0x04, 0x00, 0xcb, 0x18, 0x08, 0x00, 0xcf,
    0x30, 0x14, 0x00, 0xcb, 0x38, 0x18, 0x00, 0xcb, 0x38, 0x18, 0x00, 0xcf,
    0x38, 0x14, 0x08, 0xcb, 0x38, 0x18, 0x00, 0xcb, 0x38, 0x18, 0x00, 0xcb,
    0x38, 0x14, 0x00, 0xcf, 0x38, 0x14, 0x00, 0xcb, 0x38, 0x18, 0x00, 0xcb,
    0x38, 0x14, 0x00, 0xcf, 0x38, 0x18, 0x00, 0xcb, 0x38, 0x14, 0x00, 0xcb,
    0x38, 0x18, 0x00, 0xcb, 0x38, 0x18, 0x00, 0xcf, 0x38, 0x14, 0x00, 0xcb,
    0x38, 0x18, 0x00, 0xcf, 0x38, 0x18, 0x00, 0xcb, 0x38, 0x14, 0x00, 0xcb,
    0x38, 0x18, 0x08, 0xcb, 0x38, 0x18, 0x00, 0xcb, 0x38, 0x14, 0x00, 0xcb,
    0x38, 0x18, 0x00, 0xcb, 0x38, 0x14, 0x00, 0xcb, 0x38, 0x14, 0x00, 0xcf,
    0x38, 0x18, 0x00, 0xcb, 0x38, 0x14, 0x00, 0xcb, 0x38, 0x14, 0x00, 0xcb,
    0x38, 0x18, 0x08, 0xcb, 0x38, 0x18, 0x00, 0xcf, 0x38, 0x14, 0x00, 0xcb,
    0x38, 0x18, 0x00, 0xcb, 0x38, 0x18, 0x00, 0xcb, 0x38, 0x14, 0x00, 0xcb,
    0x38, 0x18, 0x00, 0xcf, 0x38, 0x18, 0x00, 0xcb, 0x38, 0x14, 0x00, 0xcf,
    0x38, 0x18, 0x00, 0xcb, 0x38, 0x18, 0x00, 0xcf, 0x38, 0x14, 0x00, 0xcb,
    0x38, 0x18, 0x00, 0xcf, 0x38, 0x18, 0x00, 0xcb, 0x38, 0x14, 0x00, 0xcb,
    0x38, 0x18, 0x00, 0xcf, 0x38, 0x14, 0x00, 0xcb, 0x38, 0x14, 0x00, 0xcb,
    0x38, 0x18, 0x00, 0xcb, 0x38, 0x18, 0x00, 0xcf, 0x38, 0x14, 0x00, 0xcb,
    0x38, 0x18, 0x00, 0xcb, 0x38, 0x14, 0x00, 0xcb, 0x38, 0x14, 0x08, 0xcb,
    0x38, 0x18, 0x00, 0xcb, 0x38, 0x14, 0x00, 0xcf, 0x38, 0x14, 0x00, 0xcb,
    0x38, 0x18, 0x00, 0xcb, 0x38, 0x18, 0x08, 0xcf, 0x38, 0x14, 0x00, 0xcb,
    0x38, 0x18, 0x00, 0xcb, 0x38, 0x18, 0x00, 0xcf, 0x38, 0x14, 0x00, 0xcb,
    0x38, 0x18, 0x00, 0xcb, 0x38, 0x14, 0x00, 0xcb, 0x38, 0x18, 0x00, 0xcb,
    0x38, 0x18, 0x00, 0xcf, 0x38, 0x14, 0x00, 0xcb, 0x38, 0x18, 0x00, 0xcb,
    0x38, 0x18, 0x00, 0xcf, 0x38, 0x14, 0x00, 0xcb, 0x38, 0x18, 0x00, 0xcb,
    0x38, 0x18, 0x00, 0xcb, 0x38, 0x14, 0x00, 0xcb, 0x38, 0x14, 0x00, 0xcb,
    0x38, 0x18, 0x00, 0xcb, 0x38, 0x14, 0x08, 0xcf, 0x38, 0x18, 0x00, 0xcb,
    0x38, 0x14, 0x00, 0xcb, 0x38, 0x14, 0x08, 0xcb, 0x38, 0x18, 0x00, 0xcf,
    0x38, 0x14, 0x00, 0xcb, 0x38, 0x18, 0x00, 0xcb, 0x38, 0x18, 0x00, 0xcf,
    0x38, 0x14, 0x00, 0xcb, 0x38, 0x18, 0x00, 0xcf, 0x38, 0x1c, 0x08, 0xcb,
    0x60, 0x44, 0x30, 0xcb, 0x68, 0x50, 0x40, 0xcf, 0x68, 0x50, 0x40, 0xcb,
    0x70, 0x50, 0x40, 0xcb, 0x70, 0x54, 0x48, 0xcf, 0x70, 0x5c, 0x50, 0xcb,
    0x78, 0x60, 0x50, 0xcb, 0x80, 0x6c, 0x60, 0xc3, 0x10, 0x04, 0x00, 0xb2,
    0x08, 0x04, 0x00, 0xcb, 0x08, 0x08, 0x00, 0xcb, 0x10, 0x04, 0x00, 0xcf,
    0x08, 0x04, 0x00, 0xcb, 0x10, 0x08, 0x00, 0xcb, 0x10, 0x04, 0x00, 0xcb,
    0x10, 0x08, 0x00, 0xcb, 0x28, 0x10, 0x00, 0xcb, 0x38, 0x14, 0x00, 0xcb,
    0x38, 0x18, 0x00, 0xcb, 0x38, 0x14, 0x00, 0xcf, 0x38, 0x18, 0x00, 0xcb,
    0x38, 0x18, 0x08, 0xcb, 0x38, 0x14, 0x00, 0xcb, 0x38, 0x18, 0x00, 0xcf,
    0x38, 0x14, 0x00, 0xcb, 0x38, 0x18, 0x00, 0xcb, 0x38, 0x14, 0x00, 0xcb,
    0x38, 0x14, 0x00, 0xcb, 0x38, 0x18, 0x08, 0xcb, 0x38, 0x14, 0x00, 0xcb,
    0x38, 0x14, 0x00, 0xcb, 0x38, 0x18, 0x00, 0xcf, 0x38, 0x14, 0x00, 0xcb,
    0x38, 0x14, 0x00, 0xcb, 0x38, 0x18, 0x00, 0xcf, 0x38, 0x14, 0x00, 0xcb,
    0x38, 0x18, 0x00, 0xcf, 0x38, 0x18, 0x08, 0xcb, 0x38, 0x14, 0x00, 0xcb,
    0x38, 0x18, 0x00, 0xcf, 0x38, 0x18, 0x08, 0xcb, 0x38, 0x14, 0x00, 0xcb,
    0x38, 0x14, 0x00, 0xcf, 0x38, 0x18, 0x00, 0xcb, 0x38, 0x14, 0x00, 0xcb,
    0x38, 0x14, 0x00, 0xcb, 0x38, 0x18, 0x00, 0xcf, 0x38, 0x14, 0x00, 0xcb,
    0x38, 0x14, 0x00, 0xcb, 0x38, 0x18, 0x08, 0xcb, 0x38, 0x14, 0x00, 0xcb,
    0x38, 0x14, 0x00, 0xcb, 0x38, 0x18, 0x08, 0xcf, 0x38, 0x14, 0x00, 0xcb,
    0x38, 0x14, 0x00, 0xcb, 0x38, 0x18, 0x08, 0xcb, 0x38, 0x14, 0x00, 0xcf,
    0x38, 0x18, 0x00, 0xcb, 0x38, 0x18, 0x00, 0xcb, 0x38, 0x14, 0x00, 0xcf,
    0x38, 0x18, 0x08, 0xcb, 0x38, 0x14, 0x00, 0xcb, 0x38, 0x14, 0x00, 0xcf,
    0x38, 0x18, 0x00, 0xcb, 0x38, 0x18, 0x00, 0xcf, 0x38, 0x14, 0x00, 0xcf,
    0x38, 0x18, 0x00, 0xcb, 0x38, 0x18, 0x00, 0xcb, 0x38, 0x14, 0x00, 0xcb,
    0x38, 0x14, 0x00, 0xcb, 0x38, 0x18, 0x00, 0xcb, 0x38, 0x14, 0x00, 0xcb,
    0x38, 0x14, 0x00, 0xcb, 0x38, 0x18, 0x08, 0xcb, 0x38, 0x14, 0x00, 0xcb,
    0x38, 0x18, 0x00, 0xcb, 0x38, 0x14, 0x00, 0xcf, 0x38, 0x18, 0x00, 0xcb,
    0x38, 0x14, 0x00, 0xcb, 0x38, 0x14, 0x00, 0xcf, 0x38, 0x18, 0x08, 0xcb,
    0x38, 0x14, 0x00, 0xcb, 0x38, 0x14, 0x00, 0xcf, 0x38, 0x18, 0x00, 0xcb,
    0x38, 0x14, 0x00, 0xcb, 0x38, 0x18, 0x00, 0xcf, 0x38, 0x18, 0x08, 0xcb,
    0x38, 0x14, 0x00, 0xcb, 0x38, 0x18, 0x00, 0xcb, 0x38, 0x14, 0x00, 0xcb,
    0x38, 0x14, 0x00, 0xcf, 0x38, 0x18, 0x00, 0xcb, 0x38, 0x18, 0x00, 0xcb,
    0x38, 0x14, 0x00, 0xcb, 0x38, 0x14, 0x00, 0xcf, 0x38, 0x18, 0x08, 0xcb,
    0x38, 0x14, 0x00, 0xcb, 0x38, 0x14, 0x00, 0xcf, 0x38, 0x18, 0x00, 0xcb,
    0x48, 0x24, 0x10, 0xcb, 0x60, 0x48, 0x38, 0xcf, 0x68, 0x4c, 0x40, 0xcb,
    0x68, 0x4c, 0x38, 0xcb, 0x60, 0x48, 0x38, 0xcb, 0x60, 0x44, 0x38, 0xcf,
    0x60, 0x44, 0x38, 0xcb, 0x68, 0x4c, 0x40, 0xcb, 0x78, 0x64, 0x58, 0xb2,
    0x10, 0x04, 0x00, 0x9a, 0x10, 0x04, 0x00, 0xcb, 0x08, 0x08, 0x00, 0xcb,
    0x10, 0x04, 0x00, 0xcb, 0x10, 0x04, 0x00, 0xcb, 0x08, 0x04, 0x00, 0xcf,
    0x08, 0x04, 0x00, 0xcb, 0x10, 0x04, 0x00, 0xcf, 0x18, 0x0c, 0x00, 0xcb,
    0x30, 0x10, 0x00, 0xcb, 0x30, 0x14, 0x00, 0xcf, 0x38, 0x14, 0x00, 0xcb,
    0x38, 0x14, 0x00, 0xcb, 0x38, 0x14, 0x00, 0xcb, 0x38, 0x18, 0x00, 0xcb,
    0x38, 0x14, 0x00, 0xcb, 0x38, 0x18, 0x08, 0xcf, 0x38, 0x18, 0x00, 0xcb,
    0x38, 0x14, 0x00, 0xcf, 0x38, 0x18, 0x00, 0xcf, 0x38, 0x18, 0x00, 0xcb,
    0x38, 0x14, 0x00, 0xcb, 0x38, 0x18, 0x08, 0xcf, 0x38, 0x18, 0x00, 0xcb,
    0x38, 0x14, 0x00, 0xcb, 0x38, 0x18, 0x08, 0xcf, 0x38, 0x14, 0x00, 0xcb,
    0x38, 0x14, 0x00, 0xcb, 0x38, 0x18, 0x00, 0xcf, 0x38, 0x14, 0x00, 0xcb,
    0x38, 0x14, 0x00, 0xcb, 0x38, 0x18, 0x00, 0xcb, 0x38, 0x18, 0x00, 0xcb,
    0x38, 0x14, 0x00, 0xcf, 0x38, 0x18, 0x00, 0xcb, 0x38, 0x18, 0x00, 0xcb,
    0x38, 0x14, 0x00, 0xcb, 0x38, 0x18, 0x08, 0xcf, 0x38, 0x18, 0x00, 0xcb,
    0x38, 0x14, 0x00, 0xcb, 0x38, 0x18, 0x00, 0xcf, 0x38, 0x14, 0x00, 0xcb,
    0x38, 0x18, 0x00, 0xcb, 0x38, 0x14, 0x00, 0xcb, 0x38, 0x18, 0x00, 0xcb,
    0x38, 0x14, 0x00, 0xcb, 0x38, 0x18, 0x00, 0xcb, 0x38, 0x14, 0x00, 0xcb,
    0x38, 0x14, 0x00, 0xcf, 0x38, 0x18, 0x08, 0xcb, 0x38, 0x14, 0x00, 0xcb,
    0x38, 0x18, 0x00, 0xcb, 0x38, 0x18, 0x00, 0xcb, 0x38, 0x14, 0x00, 0xcf,
    0x38, 0x14, 0x08, 0xcb, 0x38, 0x18, 0x00, 0xcb, 0x38, 0x14, 0x00, 0xcb,
    0x38, 0x14, 0x08, 0xcb, 0x38, 0x18, 0x00, 0xcf, 0x38, 0x18, 0x00, 0xcb,
    0x38, 0x14, 0x00, 0xcb, 0x38, 0x18, 0x08, 0xcf, 0x38, 0x18, 0x00, 0xcb,
    0x38, 0x14, 0x00, 0xcb, 0x38, 0x18, 0x00, 0xcf, 0x38, 0x14, 0x00, 0xcf,
    0x38, 0x18, 0x00, 0xcb, 0x38, 0x14, 0x00, 0xcb, 0x38, 0x18, 0x08, 0xcf,
    0x38, 0x14, 0x00, 0xcb, 0x38, 0x18, 0x00, 0xcb, 0x38, 0x14, 0x00, 0xcb,
    0x38, 0x18, 0x00, 0xcb, 0x38, 0x14, 0x00, 0xcb, 0x38, 0x18, 0x00, 0xcb,
    0x38, 0x14, 0x08, 0xcf, 0x38, 0x14, 0x00, 0xcb, 0x38, 0x18, 0x00, 0xcb,
    0x38, 0x14, 0x00, 0xcf, 0x38, 0x18, 0x00, 0xcb, 0x38, 0x18, 0x00, 0xcb,
    0x38, 0x14, 0x00, 0xcb, 0x38, 0x18, 0x00, 0xcb, 0x38, 0x18, 0x00, 0xcf,
    0x38, 0x14, 0x00, 0xcb, 0x38, 0x18, 0x00, 0xcb, 0x38, 0x18, 0x00, 0xcb,
    0x38, 0x14, 0x00, 0xcb, 0x38, 0x18, 0x08, 0xcb, 0x38, 0x18, 0x08, 0xcb,
    0x38, 0x14, 0x00, 0xcb, 0x40, 0x20, 0x10, 0xcb, 0x58, 0x38, 0x28, 0xcb,
    0x60, 0x44, 0x30, 0xcb, 0x68, 0x4c, 0x40, 0xcb, 0x68, 0x50, 0x40, 0xcf,
    0x68, 0x4c, 0x38, 0xcb, 0x60, 0x40, 0x30, 0xcb, 0x50, 0x34, 0x20, 0xcb,
    0x60, 0x44, 0x30, 0x9a, 0x10, 0x04, 0x00, 0x71, 0x08, 0x04, 0x00, 0xcb,
    0x10, 0x04, 0x00, 0xcf, 0x10, 0x04, 0x00, 0xcb, 0x08, 0x08, 0x00, 0xcb,
    0x10, 0x04, 0x00, 0xcb, 0x10, 0x04, 0x00, 0xcf, 0x08, 0x08, 0x00, 0xcb,
    0x10, 0x04, 0x00, 0xcb, 0x18, 0x08, 0x00, 0xcf, 0x20, 0x0c, 0x08, 0xcb,
    0x28, 0x10, 0x00, 0xcb, 0x28, 0x10, 0x00, 0xcf, 0x28, 0x10, 0x00, 0xcf,
    0x28, 0x10, 0x00, 0xcb, 0x28, 0x10, 0x00, 0xcb, 0x28, 0x10, 0x00, 0xcb,
    0x28, 0x10, 0x00, 0xcb, 0x28, 0x10, 0x08, 0xcb, 0x28, 0x10, 0x00, 0xcb,
    0x28, 0x10, 0x00, 0xcb, 0x28, 0x10, 0x00, 0xcf, 0x28, 0x10, 0x00, 0xcb,
    0x28, 0x10, 0x00, 0xcb, 0x28, 0x10, 0x00, 0xcb, 0x28, 0x10, 0x00, 0xcb,
    0x28, 0x10, 0x00, 0xcb, 0x28, 0x10, 0x00, 0xcb, 0x28, 0x10, 0x00, 0xcb,
    0x28, 0x10, 0x00, 0xcb, 0x28, 0x10, 0x00, 0xcf, 0x28, 0x10, 0x00, 0xcb,
    0x28, 0x10, 0x00, 0xcb, 0x28, 0x10, 0x00, 0xcb, 0x28, 0x10, 0x08, 0xcf,
    0x28, 0x10, 0x00, 0xcb, 0x28, 0x10, 0x00, 0xcb, 0x28, 0x10, 0x00, 0xcb,
    0x28, 0x10, 0x00, 0xcb, 0x28, 0x10, 0x00, 0xcb, 0x28, 0x10, 0x08, 0xcf,
    0x28, 0x10, 0x00, 0xcb, 0x28, 0x10, 0x00, 0xcf, 0x28, 0x10, 0x00, 0xcf,
    0x28, 0x10, 0x00, 0xcb, 0x28, 0x10, 0x08, 0xcf, 0x28, 0x10, 0x00, 0xcb,
    0x28, 0x10, 0x00, 0xcb, 0x28, 0x10, 0x00, 0xcb, 0x28, 0x10, 0x00, 0xcb,
    0x28, 0x10, 0x00, 0xcf, 0x28, 0x10, 0x00, 0xcb, 0x28, 0x10, 0x00, 0xcb,
    0x28, 0x10, 0x00, 0xcb, 0x28, 0x10, 0x00, 0xcb, 0x28, 0x10, 0x00, 0xcb,
    0x28, 0x10, 0x00, 0xcb, 0x28, 0x10, 0x00, 0xcb, 0x28, 0x10, 0x00, 0xcb,
    0x28, 0x10, 0x00, 0xcf, 0x28, 0x10, 0x00, 0xcb, 0x28, 0x10, 0x00, 0xcb,
    0x28, 0x10, 0x00, 0xcf, 0x28, 0x10, 0x00, 0xcb, 0x28, 0x10, 0x00, 0xcb,
    0x28, 0x10, 0x00, 0xcb, 0x28, 0x10, 0x00, 0xcb, 0x28, 0x10, 0x00, 0xcb,
    0x28, 0x10, 0x00, 0xcb, 0x28, 0x10, 0x00, 0xcf, 0x28, 0x10, 0x08, 0xcb,
    0x28, 0x10, 0x00, 0xcb, 0x28, 0x10, 0x00, 0xcf, 0x28, 0x10, 0x00, 0xcb,
    0x28, 0x10, 0x00, 0xcb, 0x28, 0x10, 0x00, 0xcb, 0x28, 0x10, 0x00, 0xcb,
    0x28, 0x10, 0x00, 0xcb, 0x28, 0x10, 0x00, 0xcf, 0x28, 0x10, 0x00, 0xcb,
    0x28, 0x10, 0x08, 0xcf, 0x28, 0x10, 0x00, 0xcb, 0x28, 0x10, 0x00, 0xcb,
    0x28, 0x10, 0x08, 0xcb, 0x28, 0x10, 0x00, 0xcf, 0x28, 0x10, 0x00, 0xcb,
    0x28, 0x10, 0x00, 0xcb, 0x28, 0x10, 0x00, 0xcf, 0x28, 0x10, 0x00, 0xcf,
    0x30, 0x10, 0x00, 0xcb, 0x28, 0x10, 0x00, 0xcf, 0x30, 0x14, 0x00, 0xcb,
    0x40, 0x1c, 0x08, 0xcf, 0x48, 0x2c, 0x18, 0xcb, 0x58, 0x3c, 0x28, 0xcb,
    0x60, 0x48, 0x38, 0xcb, 0x68, 0x54, 0x40, 0xcb, 0x70, 0x54, 0x48, 0xcf,
    0x68, 0x4c, 0x38, 0xcb, 0x60, 0x44, 0x30, 0x75, 0x08, 0x04, 0x00, 0x34,
    0x10, 0x04, 0x00, 0xcb, 0x10, 0x08, 0x00, 0xcb, 0x08, 0x04, 0x00, 0xcf,
    0x10, 0x04, 0x00, 0xcb, 0x10, 0x08, 0x00, 0xcb, 0x10, 0x04, 0x00, 0xcb,
    0x08, 0x04, 0x00, 0xcb, 0x10, 0x04, 0x00, 0xcb, 0x10, 0x04, 0x00, 0xcb,
    0x10, 0x08, 0x00, 0xcb, 0x18, 0x08, 0x00, 0xcb, 0x18, 0x0c, 0x00, 0xcb,
    0x18, 0x0c, 0x00, 0xcb, 0x18, 0x0c, 0x00, 0xcf, 0x18, 0x0c, 0x00, 0xcb,
    0x18, 0x08, 0x00, 0xcb, 0x18, 0x0c, 0x00, 0xcf, 0x18, 0x0c, 0x00, 0xcb,
    0x18, 0x08, 0x00, 0xcb, 0x18, 0x0c, 0x00, 0xcb, 0x18, 0x0c, 0x00, 0xcb,
    0x18, 0x08, 0x00, 0xcb, 0x18, 0x0c, 0x00, 0xcf, 0x18, 0x0c, 0x00, 0xcb,
    0x18, 0x0c, 0x00, 0xcb, 0x18, 0x0c, 0x00, 0xcf, 0x18, 0x0c, 0x00, 0xcb,
    0x18, 0x0c, 0x00, 0xcb, 0x18, 0x0c, 0x00, 0xcf, 0x18, 0x0c, 0x00, 0xcb,
    0x18, 0x0c, 0x00, 0xcb, 0x18, 0x08, 0x00, 0xcf, 0x18, 0x0c, 0x00, 0xcb,
    0x18, 0x0c, 0x00, 0xcb, 0x18, 0x08, 0x00, 0xcf, 0x18, 0x0c, 0x00, 0xcb,
    0x18, 0x0c, 0x00, 0xcf, 0x18, 0x08, 0x00, 0xcb, 0x18, 0x0c, 0x00, 0xcb,
    0x18, 0x0c, 0x00, 0xcb, 0x18, 0x0c, 0x00, 0xcb, 0x18, 0x0c, 0x00, 0xcb,
    0x18, 0x0c, 0x00, 0xcb, 0x18, 0x0c, 0x00, 0xcb, 0x18, 0x0c, 0x00, 0xcb,
    0x18, 0x0c, 0x00, 0xcf, 0x18, 0x0c, 0x00, 0xcb, 0x18, 0x0c, 0x00, 0xcb,
    0x18, 0x0c, 0x00, 0xcf, 0x18, 0x0c, 0x00, 0xcb, 0x18, 0x08, 0x00, 0xcb,
    0x18, 0x0c, 0x00, 0xcf, 0x18, 0x0c, 0x00, 0xcb, 0x18, 0x0c, 0x00, 0xcf,
    0x18, 0x0c, 0x00, 0xcf, 0x18, 0x0c, 0x00, 0xcb, 0x18, 0x0c, 0x00, 0xcb,
    0x18, 0x0c, 0x00, 0xcb, 0x18, 0x08, 0x00, 0xcb, 0x18, 0x0c, 0x00, 0xcb,
    0x18, 0x0c, 0x00, 0xcb, 0x18, 0x0c, 0x00, 0xcb, 0x18, 0x0c, 0x00, 0xcf,
    0x18, 0x0c, 0x00, 0xcb, 0x18, 0x0c, 0x00, 0xcb, 0x18, 0x0c, 0x00, 0xcf,
    0x18, 0x0c, 0x00, 0xcb, 0x18, 0x0c, 0x00, 0xcb, 0x18, 0x0c, 0x00, 0xcb,
    0x18, 0x0c, 0x00, 0xcf, 0x18, 0x0c, 0x00, 0xcb, 0x18, 0x0c, 0x00, 0xcb,
    0x18, 0x0c, 0x00, 0xcf, 0x18, 0x0c, 0x00, 0xcb, 0x18, 0x0c, 0x00, 0xcf,
    0x18, 0x0c, 0x00, 0xcb, 0x18, 0x0c, 0x00, 0xcb, 0x18, 0x0c, 0x00, 0xcb,
    0x18, 0x08, 0x00, 0xcb, 0x18, 0x0c, 0x00, 0xcf, 0x18, 0x0c, 0x00, 0xcb,
    0x18, 0x08, 0x00, 0xcb, 0x18, 0x0c, 0x00, 0xcf, 0x18, 0x0c, 0x00, 0xcb,
    0x18, 0x08, 0x00, 0xcb, 0x18, 0x0c, 0x00, 0xcb, 0x18, 0x0c, 0x00, 0xcb,
    0x20, 0x0c, 0x00, 0xcb, 0x20, 0x0c, 0x00, 0xcb, 0x20, 0x10, 0x00, 0xcb,
    0x28, 0x10, 0x00, 0xcf, 0x30, 0x14, 0x00, 0xcb, 0x40, 0x1c, 0x08, 0xcb,
    0x40, 0x24, 0x10, 0xcf, 0x50, 0x30, 0x20, 0xcb, 0x58, 0x3c, 0x28, 0xcb,
    0x68, 0x4c, 0x40, 0xcb, 0x78, 0x64, 0x58, 0xcb, 0x78, 0x60, 0x58, 0x41,
    0xf8, 0xfc, 0xf8, 0x00, 0x10, 0x04, 0x00, 0xb2, 0x08, 0x04, 0x00, 0xcb,
    0x10, 0x04, 0x00, 0xcb, 0x08, 0x04, 0x00, 0xcf, 0x10, 0x04, 0x00, 0xcb,
    0x08, 0x08, 0x00, 0xcb, 0x10, 0x04, 0x00, 0xcf, 0x08, 0x04, 0x00, 0xcf,
    0x08, 0x08, 0x00, 0xcb, 0x10, 0x04, 0x00, 0xcb, 0x10, 0x08, 0x00, 0xcf,
    0x18, 0x08, 0x00, 0xcb, 0x18, 0x08, 0x00, 0xcb, 0x18, 0x08, 0x00, 0xcb,
    0x18, 0x08, 0x00, 0xcb, 0x18, 0x08, 0x00, 0xcf, 0x18, 0x08, 0x00, 0xcb,
    0x18, 0x08, 0x00, 0xcb, 0x18, 0x08, 0x00, 0xcf, 0x18, 0x08, 0x00, 0xcf,
    0x18, 0x08, 0x00, 0xcb, 0x18, 0x08, 0x00, 0xcb, 0x18, 0x08, 0x00, 0xcf,
    0x18, 0x08, 0x00, 0xcb, 0x18, 0x08, 0x00, 0xcb, 0x18, 0x08, 0x00, 0xcf,
    0x18, 0x08, 0x00, 0xcb, 0x18, 0x08, 0x00, 0xcb, 0x18, 0x08, 0x00, 0xcf,
    0x18, 0x08, 0x00, 0xcb, 0x18, 0x08, 0x00, 0xcb, 0x18, 0x08, 0x00, 0xcb,
    0x18, 0x08, 0x00, 0xcb, 0x18, 0x08, 0x00, 0xcb, 0x18, 0x08, 0x00, 0xcb,
    0x18, 0x08, 0x00, 0xcb, 0x18, 0x08, 0x00, 0xcf, 0x18, 0x08, 0x00, 0xcb,
    0x18, 0x08, 0x00, 0xcb, 0x18, 0x08, 0x00, 0xcf, 0x18, 0x08, 0x00, 0xcb,
    0x18, 0x08, 0x00, 0xcb, 0x18, 0x08, 0x00, 0xcb, 0x18, 0x08, 0x00, 0xcb,
    0x18, 0x08, 0x00, 0xcb, 0x18, 0x08, 0x00, 0xcf, 0x18, 0x08, 0x00, 0xcb,
    0x18, 0x08, 0x00, 0xcb, 0x18, 0x08, 0x00, 0xcf, 0x18, 0x08, 0x00, 0xcb,
    0x18, 0x08, 0x00, 0xcb, 0x18, 0x08, 0x00, 0xcb, 0x18, 0x08, 0x00, 0xcb,
    0x18, 0x08, 0x00, 0xcb, 0x18, 0x08, 0x00, 0xcb, 0x18, 0x08, 0x00, 0xcf,
    0x18, 0x08, 0x00, 0xcb, 0x18, 0x08, 0x00, 0xcf, 0x18, 0x08, 0x00, 0xcb,
    0x18, 0x08, 0x00, 0xcf, 0x18, 0x08, 0x00, 0xcb, 0x18, 0x08, 0x00, 0xcb,
    0x18, 0x08, 0x00, 0xcb, 0x18, 0x08, 0x00, 0xcf, 0x18, 0x08, 0x00, 0xcb,
    0x18, 0x08, 0x00, 0xcb, 0x18, 0x08, 0x00, 0xcf, 0x18, 0x08, 0x00, 0xcb,
    0x18, 0x08, 0x00, 0xcb, 0x18, 0x08, 0x00, 0xcb, 0x18, 0x08, 0x00, 0xcb,
    0x18, 0x08, 0x00, 0xcb, 0x18, 0x08, 0x00, 0xcb, 0x18, 0x08, 0x00, 0xcf,
    0x18, 0x08, 0x00, 0xcb, 0x18, 0x08, 0x00, 0xcb, 0x18, 0x08, 0x00, 0xcf,
    0x18, 0x08, 0x00, 0xcb, 0x18, 0x08, 0x00, 0xcb, 0x18, 0x08, 0x00, 0xcb,
    0x18, 0x08, 0x00, 0xcb, 0x18, 0x08, 0x00, 0xcf, 0x18, 0x08, 0x00, 0xcb,
    0x18, 0x08, 0x00, 0xcb, 0x18, 0x08, 0x00, 0xcf, 0x18, 0x08, 0x00, 0xcb,
    0x18, 0x08, 0x00, 0xcb, 0x18, 0x0c, 0x00, 0xcf, 0x20, 0x10, 0x00, 0xcb,
    0x28, 0x0c, 0x00, 0xcb, 0x28, 0x0c, 0x00, 0xcb, 0x30, 0x10, 0x00, 0xcb,
    0x38, 0x14, 0x00, 0xcb, 0x40, 0x1c, 0x08, 0xcf, 0x40, 0x1c, 0x08, 0xcb,
    0x40, 0x24, 0x10, 0xcb, 0x48, 0x24, 0x10, 0xcf, 0x60, 0x44, 0x30, 0xb2,
    0xf8, 0xfc, 0xf8, 0x00, 0xf8, 0xfc, 0xf8, 0x00, 0x10, 0x04, 0x00, 0x34,
    0x08, 0x08, 0x00, 0xcb, 0x10, 0x04, 0x00, 0xcb, 0x10, 0x04, 0x00, 0xcb,
    0x08, 0x08, 0x00, 0xcf, 0x10, 0x04, 0x00, 0xcb, 0x10, 0x04, 0x00, 0xcb,
    0x10, 0x04, 0x00, 0xcb, 0x08, 0x04, 0x00, 0xcb, 0x10, 0x08, 0x00, 0xcf,
    0x18, 0x08, 0x00, 0xcb, 0x18, 0x08, 0x00, 0xcb, 0x18, 0x08, 0x00, 0xcf,
    0x18, 0x08, 0x00, 0xcb, 0x18, 0x08, 0x00, 0xcb, 0x18, 0x08, 0x00, 0xcb,
    0x18, 0x08, 0x00, 0xcb, 0x18, 0x0c, 0x00, 0xcb, 0x18, 0x08, 0x00, 0xcb,
    0x18, 0x08, 0x00, 0xcb, 0x18, 0x08, 0x00, 0xcb, 0x18, 0x0c, 0x00, 0xcb,
    0x18, 0x08, 0x00, 0xcb, 0x18, 0x08, 0x00, 0xcb, 0x18, 0x08, 0x00, 0xcb,
    0x18, 0x08, 0x00, 0xcb, 0x18, 0x08, 0x00, 0xcb, 0x18, 0x08, 0x00, 0xcb,
    0x18, 0x08, 0x00, 0xcb, 0x18, 0x08, 0x00, 0xcf, 0x18, 0x08, 0x00, 0xcb,
    0x18, 0x08, 0x00, 0xcb, 0x18, 0x08, 0x00, 0xcf, 0x18, 0x0c, 0x00, 0xcf,
    0x18, 0x08, 0x00, 0xcb, 0x18, 0x08, 0x00, 0xcb, 0x18, 0x08, 0x00, 0xcb,
    0x18, 0x0c, 0x00, 0xcb, 0x18, 0x08, 0x00, 0xcf, 0x18, 0x08, 0x00, 0xcb,
    0x18, 0x08, 0x00, 0xcb, 0x18, 0x08, 0x00, 0xcf, 0x18, 0x08, 0x00, 0xcf,
    0x18, 0x08, 0x00, 0xcb, 0x18, 0x08, 0x00, 0xcb, 0x18, 0x08, 0x00, 0xcb,
    0x18, 0x08, 0x00, 0xcb, 0x18, 0x08, 0x00, 0xcb, 0x18, 0x08, 0x00, 0xcb,
    0x18, 0x08, 0x00, 0xcb, 0x18, 0x08, 0x00, 0xcf, 0x18, 0x08, 0x00, 0xcb,
    0x18, 0x08, 0x00, 0xcb, 0x18, 0x08, 0x00, 0xcb, 0x18, 0x08, 0x00, 0xcb,
    0x18, 0x08, 0x00, 0xcb, 0x18, 0x08, 0x00, 0xcb, 0x18, 0x08, 0x00, 0xcb,
    0x18, 0x08, 0x00, 0xcf, 0x18, 0x08, 0x00, 0xcb, 0x18, 0x08, 0x00, 0xcb,
    0x18, 0x08, 0x00, 0xcf, 0x18, 0x08, 0x00, 0xcb, 0x18, 0x08, 0x00, 0xcb,
    0x18, 0x08, 0x00, 0xcb, 0x18, 0x08, 0x00, 0xcb, 0x18, 0x08, 0x00, 0xcb,
    0x18, 0x08, 0x00, 0xcf, 0x18, 0x08, 0x00, 0xcb, 0x18, 0x08, 0x00, 0xcf,
    0x18, 0x08, 0x00, 0xcb, 0x18, 0x08, 0x00, 0xcb, 0x18, 0x08, 0x00, 0xcf,
    0x18, 0x08, 0x00, 0xcb, 0x18, 0x08, 0x00, 0xcb, 0x18, 0x08, 0x00, 0xcb,
    0x18, 0x08, 0x00, 0xcf, 0x18, 0x08, 0x00, 0xcb, 0x18, 0x08, 0x00, 0xcb,
    0x18, 0x08, 0x00, 0xcf, 0x18, 0x08, 0x00, 0xcb, 0x18, 0x0c, 0x00, 0xcb,
    0x18, 0x08, 0x00, 0xcb, 0x18, 0x08, 0x00, 0xcb, 0x18, 0x08, 0x00, 0xcf,
    0x18, 0x08, 0x00, 0xcb, 0x18, 0x08, 0x00, 0xcb, 0x18, 0x08, 0x00, 0xcf,
    0x20, 0x0c, 0x00, 0xcb, 0x28, 0x10, 0x00, 0xcb, 0x20, 0x0c, 0x00, 0xcf,
    0x28, 0x10, 0x00, 0xcb, 0x30, 0x14, 0x00, 0xcb, 0x40, 0x1c, 0x08, 0xcb,
    0x38, 0x1c, 0x08, 0xcb, 0x38, 0x18, 0x08, 0xcf, 0x38, 0x18, 0x00, 0xcb,
    0x38, 0x14, 0x00, 0x28, 0xf8, 0xfc, 0xf8, 0x00, 0xf8, 0xfc, 0xf8, 0x00,
    0xf8, 0xfc, 0xf8, 0x00, 0x08, 0x04, 0x00, 0x59, 0x10, 0x08, 0x00, 0xcb,
    0x10, 0x04, 0x00, 0xcb, 0x08, 0x04, 0x00, 0xcb, 0x10, 0x04, 0x00, 0xcb,
    0x10, 0x08, 0x00, 0xcb, 0x10, 0x04, 0x00, 0xcb, 0x10, 0x04, 0x00, 0xcf,
    0x10, 0x08, 0x00, 0xcb, 0x18, 0x08, 0x00, 0xcb, 0x18, 0x08, 0x00, 0xcb,
    0x10, 0x0c, 0x00, 0xcf, 0x18, 0x08, 0x00, 0xcb, 0x18, 0x0c, 0x00, 0xcb,
    0x18, 0x08, 0x00, 0xcf, 0x18, 0x08, 0x00, 0xcf, 0x18, 0x0c, 0x00, 0xcb,
    0x18, 0x08, 0x00, 0xcb, 0x18, 0x08, 0x00, 0xcf, 0x18, 0x0c, 0x00, 0xcb,
    0x18, 0x08, 0x00, 0xcf, 0x18, 0x08, 0x00, 0xcb, 0x18, 0x0c, 0x00, 0xcf,
    0x18, 0x08, 0x00, 0xcf, 0x18, 0x0c, 0x00, 0xcb, 0x18, 0x08, 0x00, 0xcf,
    0x18, 0x0c, 0x00, 0xcb, 0x18, 0x08, 0x00, 0xcb, 0x18, 0x0c, 0x00, 0xcb,
    0x18, 0x0c, 0x00, 0xcf, 0x18, 0x08, 0x00, 0xcb, 0x18, 0x08, 0x00, 0xcb,
    0x18, 0x0c, 0x00, 0xcb, 0x18, 0x08, 0x00, 0xcb, 0x18, 0x08, 0x00, 0xcf,
    0x10, 0x0c, 0x00, 0xcb, 0x18, 0x08, 0x00, 0xcb, 0x18, 0x08, 0x00, 0xcb,
    0x18, 0x0c, 0x00, 0xcb, 0x18, 0x08, 0x00, 0xcb, 0x10, 0x08, 0x00, 0xcb,
    0x18, 0x0c, 0x00, 0xcb, 0x18, 0x08, 0x00, 0xcf, 0x18, 0x08, 0x00, 0xcb,
    0x10, 0x0c, 0x00, 0xcf, 0x18, 0x08, 0x00, 0xcb, 0x18, 0x0c, 0x00, 0xcf,
    0x18, 0x08, 0x00, 0xcb, 0x10, 0x0c, 0x00, 0xcb, 0x18, 0x0c, 0x00, 0xcf,
    0x18, 0x08, 0x00, 0xcb, 0x10, 0x0c, 0x00, 0xcf, 0x18, 0x0c, 0x00, 0xcf,
    0x18, 0x08, 0x00, 0xcb, 0x10, 0x0c, 0x00, 0xcb, 0x18, 0x08, 0x00, 0xcf,
    0x18, 0x0c, 0x00, 0xcb, 0x10, 0x0c, 0x00, 0xcb, 0x18, 0x08, 0x00, 0xcb,
    0x18, 0x0c, 0x00, 0xcb, 0x10, 0x08, 0x00, 0xcf, 0x18, 0x08, 0x00, 0xcb,
    0x18, 0x0c, 0x00, 0xcb, 0x10, 0x08, 0x00, 0xcf, 0x18, 0x08, 0x00, 0xcb,
    0x18, 0x0c, 0x00, 0xcb, 0x10, 0x08, 0x00, 0xcb, 0x18, 0x08, 0x00, 0xcb,
    0x18, 0x0c, 0x00, 0xcf, 0x10, 0x08, 0x00, 0xcb, 0x18, 0x08, 0x00, 0xcb,
    0x18, 0x0c, 0x00, 0xcb, 0x10, 0x08, 0x00, 0xcb, 0x18, 0x0c, 0x00, 0xcb,
    0x18, 0x08, 0x00, 0xcf, 0x10, 0x0c, 0x00, 0xcb, 0x18, 0x08, 0x00, 0xcb,
    0x18, 0x0c, 0x00, 0xcb, 0x10, 0x08, 0x00, 0xcf, 0x18, 0x08, 0x00, 0xcb,
    0x18, 0x0c, 0x00, 0xcb, 0x10, 0x08, 0x00, 0xcf, 0x18, 0x08, 0x00, 0xcb,
    0x18, 0x0c, 0x00, 0xcb, 0x18, 0x0c, 0x00, 0xcb, 0x18, 0x08, 0x00, 0xcb,
    0x18, 0x08, 0x00, 0xcb, 0x20, 0x0c, 0x00, 0xcb, 0x28, 0x10, 0x08, 0xcf,
    0x20, 0x10, 0x00, 0xcb, 0x20, 0x0c, 0x00, 0xcb, 0x28, 0x10, 0x00, 0xcf,
    0x38, 0x14, 0x00, 0xcb, 0x38, 0x18, 0x08, 0xcb, 0x38, 0x14, 0x00, 0xcb,
    0x38, 0x18, 0x00, 0x65, 0xf8, 0xfc, 0xf8, 0x00, 0xf8, 0xfc, 0xf8, 0x00,
    0xf8, 0xfc, 0xf8, 0x00, 0xf8, 0xfc, 0xf8, 0x00, 0xf8, 0xfc, 0xf8, 0x00,
    0x10, 0x04, 0x00, 0x69, 0x08, 0x04, 0x00, 0xcb, 0x10, 0x04, 0x00, 0xcf,
    0x10, 0x08, 0x00, 0xcf, 0x10, 0x08, 0x00, 0xcb, 0x08, 0x04, 0x00, 0xcb,
    0x08, 0x08, 0x00, 0xcb, 0x10, 0x08, 0x00, 0xcb, 0x18, 0x08, 0x00, 0xcb,
    0x18, 0x08, 0x00, 0xcf, 0x10, 0x08, 0x00, 0xcb, 0x18, 0x0c, 0x00, 0xcb,
    0x18, 0x08, 0x00, 0xcb, 0x10, 0x08, 0x00, 0xcb, 0x18, 0x08, 0x00, 0xcb,
    0x10, 0x08, 0x00, 0xcb, 0x18, 0x08, 0x00, 0xcf, 0x10, 0x0c, 0x00, 0xcb,
    0x18, 0x08, 0x00, 0xcb, 0x10, 0x08, 0x00, 0xcb, 0x18, 0x08, 0x00, 0xcb,
    0x10, 0x08, 0x00, 0xcb, 0x18, 0x08, 0x00, 0xcb, 0x10, 0x08, 0x00, 0xcb,
    0x18, 0x08, 0x00, 0xcb, 0x10, 0x08, 0x00, 0xcf, 0x10, 0x08, 0x00, 0xcb,
    0x18, 0x08, 0x00, 0xcb, 0x10, 0x08, 0x00, 0xcb, 0x10, 0x08, 0x00, 0xcb,
    0x18, 0x08, 0x00, 0xcb, 0x10, 0x08, 0x00, 0xcb, 0x18, 0x08, 0x00, 0xcf,
    0x18, 0x0c, 0x00, 0xcb, 0x10, 0x08, 0x00, 0xcb, 0x18, 0x08, 0x00, 0xcf,
    0x18, 0x08, 0x00, 0xcb, 0x10, 0x0c, 0x00, 0xcf, 0x18, 0x08, 0x00, 0xcb,
    0x18, 0x08, 0x00, 0xcb, 0x10, 0x0c, 0x00, 0xcb, 0x18, 0x08, 0x00, 0xcb,
    0x18, 0x08, 0x00, 0xcb, 0x18, 0x08, 0x00, 0xcb, 0x10, 0x0c, 0x00, 0xcf,
    0x18, 0x08, 0x00, 0xcb, 0x18, 0x08, 0x00, 0xcb, 0x10, 0x08, 0x00, 0xcb,
    0x18, 0x08, 0x00, 0xcb, 0x18, 0x08, 0x00, 0xcb, 0x18, 0x08, 0x00, 0xcb,
    0x18, 0x08, 0x00, 0xcb, 0x18, 0x08, 0x00, 0xcb, 0x10, 0x08, 0x00, 0xcf,
    0x18, 0x08, 0x00, 0xcb, 0x18, 0x08, 0x00, 0xcb, 0x18, 0x08, 0x00, 0xcf,
    0x18, 0x08, 0x00, 0xcb, 0x18, 0x08, 0x00, 0xcb, 0x10, 0x0c, 0x00, 0xcb,
    0x18, 0x08, 0x00, 0xcb, 0x18, 0x08, 0x00, 0xcf, 0x18, 0x08, 0x00, 0xcb,
    0x18, 0x08, 0x00, 0xcb, 0x18, 0x0c, 0x00, 0xcf, 0x10, 0x08, 0x00, 0xcb,
    0x18, 0x08, 0x00, 0xcb, 0x18, 0x0c, 0x00, 0xcb, 0x18, 0x08, 0x00, 0xcf,
    0x18, 0x08, 0x00, 0xcb, 0x18, 0x08, 0x00, 0xcf, 0x10, 0x08, 0x00, 0xcb,
    0x18, 0x08, 0x00, 0xcb, 0x18, 0x08, 0x00, 0xcb, 0x18, 0x08, 0x00, 0xcb,
    0x18, 0x0c, 0x00, 0xcb, 0x18, 0x08, 0x00, 0xcf, 0x10, 0x08, 0x00, 0xcb,
    0x18, 0x08, 0x00, 0xcb, 0x18, 0x08, 0x00, 0xcb, 0x18, 0x08, 0x00, 0xcf,
    0x10, 0x08, 0x00, 0xcb, 0x18, 0x08, 0x00, 0xcb, 0x10, 0x08, 0x00, 0xcf,
    0x18, 0x08, 0x00, 0xcb, 0x18, 0x0c, 0x00, 0xcb, 0x18, 0x0c, 0x00, 0xcf,
    0x28, 0x10, 0x00, 0xcb, 0x28, 0x10, 0x00, 0xcb, 0x20, 0x0c, 0x00, 0xcb,
    0x28, 0x10, 0x00, 0xcf, 0x38, 0x14, 0x00, 0xcb, 0x38, 0x18, 0x00, 0xcb,
    0x38, 0x18, 0x00, 0x59, 0xf8, 0xfc, 0xf8, 0x00, 0xf8, 0xfc, 0xf8, 0x00,
    0xf8, 0xfc, 0xf8, 0x00, 0xf8, 0xfc, 0xf8, 0x00, 0xf8, 0xfc, 0xf8, 0x00,
    0xf8, 0xfc, 0xf8, 0x00, 0xf8, 0xfc, 0xf8, 0x00, 0x08, 0x08, 0x00, 0x28,
    0x10, 0x04, 0x00, 0xb2, 0x10, 0x04, 0x00, 0xcb, 0x08, 0x04, 0x00, 0xcb,
    0x10, 0x04, 0x00, 0xcf, 0x10, 0x08, 0x00, 0xcb, 0x18, 0x08, 0x00, 0xcf,
    0x18, 0x08, 0x00, 0xcb, 0x18, 0x0c, 0x00, 0xcb, 0x18, 0x08, 0x00, 0xcb,
    0x18, 0x08, 0x00, 0xcf, 0x10, 0x08, 0x00, 0xcb, 0x18, 0x0c, 0x00, 0xcb,
    0x18, 0x0c, 0x00, 0xcf, 0x18, 0x08, 0x00, 0xcb, 0x10, 0x08, 0x00, 0xcb,
    0x18, 0x08, 0x00, 0xcb, 0x18, 0x08, 0x00, 0xcf, 0x18, 0x0c, 0x00, 0xcb,
    0x18, 0x08, 0x00, 0xcb, 0x18, 0x08, 0x00, 0xcf, 0x10, 0x0c, 0x00, 0xcb,
    0x18, 0x08, 0x00, 0xcb, 0x18, 0x08, 0x00, 0xcb, 0x18, 0x0c, 0x00, 0xcf,
    0x18, 0x08, 0x00, 0xcb, 0x18, 0x08, 0x00, 0xcb, 0x18, 0x0c, 0x00, 0xcf,
    0x18, 0x08, 0x00, 0xcf, 0x18, 0x0c, 0x00, 0xcb, 0x10, 0x08, 0x00, 0xcb,
    0x18, 0x08, 0x00, 0xcf, 0x18, 0x08, 0x00, 0xcb, 0x18, 0x08, 0x00, 0xcb,
    0x18, 0x08, 0x00, 0xcb, 0x10, 0x0c, 0x00, 0xcf, 0x18, 0x08, 0x00, 0xcb,
    0x18, 0x08, 0x00, 0xcf, 0x18, 0x08, 0x00, 0xcb, 0x18, 0x08, 0x00, 0xcf,
    0x10, 0x0c, 0x00, 0xcb, 0x18, 0x08, 0x00, 0xcb, 0x18, 0x08, 0x00, 0xcb,
    0x18, 0x08, 0x00, 0xcb, 0x18, 0x08, 0x00, 0xcb, 0x18, 0x08, 0x00, 0xcf,
    0x18, 0x08, 0x00, 0xcb, 0x18, 0x0c, 0x00, 0xcb, 0x10, 0x08, 0x00, 0xcf,
    0x18, 0x08, 0x00, 0xcb, 0x18, 0x08, 0x00, 0xcb, 0x10, 0x0c, 0x00, 0xcf,
    0x18, 0x08, 0x00, 0xcb, 0x18, 0x08, 0x00, 0xcb, 0x10, 0x0c, 0x00, 0xcb,
    0x18, 0x08, 0x00, 0xcf, 0x18, 0x08, 0x00, 0xcb, 0x10, 0x08, 0x00, 0xcb,
    0x18, 0x08, 0x00, 0xcf, 0x18, 0x0c, 0x00, 0xcb, 0x10, 0x08, 0x00, 0xcb,
    0x18, 0x08, 0x00, 0xcb, 0x18, 0x0c, 0x00, 0xcb, 0x10, 0x08, 0x00, 0xcf,
    0x18, 0x08, 0x00, 0xcb, 0x18, 0x08, 0x00, 0xcb, 0x10, 0x08, 0x00, 0xcb,
    0x18, 0x0c, 0x00, 0xcb, 0x18, 0x08, 0x00, 0xcb, 0x10, 0x08, 0x00, 0xcf,
    0x18, 0x0c, 0x00, 0xcb, 0x18, 0x08, 0x00, 0xcb, 0x10, 0x08, 0x00, 0xcf,
    0x18, 0x08, 0x00, 0xcb, 0x18, 0x08, 0x00, 0xcb, 0x10, 0x08, 0x00, 0xcb,
    0x18, 0x0c, 0x00, 0xcb, 0x18, 0x0c, 0x00, 0xcb, 0x18, 0x08, 0x00, 0xcf,
    0x18, 0x0c, 0x00, 0xcb, 0x18, 0x08, 0x00, 0xcb, 0x18, 0x08, 0x00, 0xcb,
    0x10, 0x0c, 0x00, 0xcf, 0x18, 0x08, 0x00, 0xcb, 0x18, 0x08, 0x00, 0xcb,
    0x18, 0x0c, 0x00, 0xcb, 0x28, 0x0c, 0x00, 0xcb, 0x30, 0x10, 0x00, 0xcb,
    0x20, 0x0c, 0x00, 0xcf, 0x10, 0x08, 0x00, 0xcb, 0x20, 0x0c, 0x00, 0xb2,
    0x38, 0x14, 0x00, 0x34, 0xf8, 0xfc, 0xf8, 0x00, 0xf8, 0xfc, 0xf8, 0x00,
    0xf8, 0xfc, 0xf8, 0x00, 0xf8, 0xfc, 0xf8, 0x00, 0xf8, 0xfc, 0xf8, 0x00,
    0xf8, 0xfc, 0xf8, 0x00, 0xf8, 0xfc, 0xf8, 0x00, 0xf8, 0xfc, 0xf8, 0x00,
    0xf8, 0xfc, 0xf8, 0x00, 0xf8, 0xfc, 0xf8, 0x00, 0x10, 0x08, 0x00, 0x41,
    0x10, 0x04, 0x00, 0x75, 0x10, 0x04, 0x00, 0x9a, 0x10, 0x08, 0x00, 0xb2,
    0x08, 0x04, 0x00, 0xbe, 0x08, 0x04, 0x00, 0xcb, 0x10, 0x08, 0x00, 0xcb,
    0x08, 0x04, 0x00, 0xcf, 0x08, 0x04, 0x00, 0xcb, 0x10, 0x04, 0x00, 0xcb,
    0x08, 0x04, 0x00, 0xcf, 0x10, 0x04, 0x00, 0xcb, 0x10, 0x08, 0x00, 0xcb,
    0x08, 0x04, 0x00, 0xcb, 0x10, 0x04, 0x00, 0xcf, 0x08, 0x08, 0x00, 0xcb,
    0x08, 0x04, 0x00, 0xcb, 0x10, 0x04, 0x00, 0xcf, 0x10, 0x08, 0x00, 0xcb,
    0x08, 0x04, 0x00, 0xcb, 0x10, 0x04, 0x00, 0xcf, 0x08, 0x08, 0x00, 0xcb,
    0x10, 0x04, 0x00, 0xcb, 0x08, 0x04, 0x00, 0xcb, 0x08, 0x08, 0x00, 0xcb,
    0x10, 0x04, 0x00, 0xcb, 0x10, 0x04, 0x00, 0xcb, 0x08, 0x04, 0x00, 0xcb,
    0x10, 0x08, 0x00, 0xcb, 0x08, 0x04, 0x00, 0xcb, 0x08, 0x08, 0x00, 0xcb,
    0x10, 0x04, 0x00, 0xcb, 0x08, 0x04, 0x00, 0xcb, 0x10, 0x04, 0x00, 0xcb,
    0x08, 0x04, 0x00, 0xcb, 0x08, 0x08, 0x00, 0xcb, 0x10, 0x04, 0x00, 0xcb,
    0x08, 0x04, 0x00, 0xcf, 0x10, 0x04, 0x00, 0xcb, 0x08, 0x08, 0x00, 0xcf,
    0x08, 0x04, 0x00, 0xcf, 0x08, 0x04, 0x00, 0xcb, 0x08, 0x08, 0x00, 0xcb,
    0x08, 0x04, 0x00, 0xcf, 0x10, 0x08, 0x00, 0xcb, 0x08, 0x04, 0x00, 0xcb,
    0x08, 0x04, 0x00, 0xcf, 0x10, 0x08, 0x00, 0xcb, 0x08, 0x04, 0x00, 0xcb,
    0x10, 0x04, 0x00, 0xcb, 0x10, 0x08, 0x00, 0xcb, 0x08, 0x04, 0x00, 0xcb,
    0x08, 0x04, 0x00, 0xcf, 0x10, 0x08, 0x00, 0xcb, 0x08, 0x04, 0x00, 0xcb,
    0x10, 0x04, 0x00, 0xcb, 0x10, 0x08, 0x00, 0xcf, 0x08, 0x04, 0x00, 0xcb,
    0x08, 0x04, 0x00, 0xcb, 0x10, 0x08, 0x00, 0xcf, 0x08, 0x04, 0x00, 0xcb,
    0x10, 0x04, 0x00, 0xcb, 0x10, 0x04, 0x00, 0xcf, 0x08, 0x08, 0x00, 0xcb,
    0x08, 0x04, 0x00, 0xcf, 0x10, 0x04, 0x00, 0xcb, 0x08, 0x04, 0x00, 0xcb,
    0x10, 0x08, 0x00, 0xcb, 0x10, 0x04, 0x00, 0xcb, 0x08, 0x08, 0x00, 0xcf,
    0x08, 0x04, 0x00, 0xcb, 0x10, 0x08, 0x00, 0xcf, 0x08, 0x04, 0x00, 0xcb,
    0x10, 0x04, 0x00, 0xcf, 0x08, 0x04, 0x00, 0xcb, 0x08, 0x04, 0x00, 0xcb,
    0x08, 0x04, 0x00, 0xcb, 0x08, 0x08, 0x00, 0xcb, 0x10, 0x04, 0x00, 0xcb,
    0x08, 0x04, 0x00, 0xcf, 0x10, 0x08, 0x00, 0xcb, 0x08, 0x04, 0x00, 0xcb,
    0x08, 0x04, 0x00, 0xcf, 0x10, 0x04, 0x00, 0xb2, 0x10, 0x08, 0x00, 0xb2,
    0x20, 0x10, 0x00, 0x9a, 0x20, 0x10, 0x00, 0x75, 0x10, 0x04, 0x00, 0x34,
    0xf8, 0xfc, 0xf8, 0x00, 0xf8, 0xfc, 0xf8, 0x00, 0xf8, 0xfc, 0xf8, 0x00,
    0xf8, 0xfc, 0xf8, 0x00, 0xf8, 0xfc, 0xf8, 0x00, 0xf8, 0xfc, 0xf8, 0x00
};
