// 4.21.4 0x1e8fd1a7 D2 AY R0 FARGB8888 U565 N0 SExtFlashSection
// Generated by imageconverter. Please, do not edit!

#include <touchgfx/hal/Config.hpp>

LOCATION_PRAGMA("ExtFlashSection")
KEEP extern const unsigned char image_rs485button_pressed[] LOCATION_ATTRIBUTE("ExtFlashSection") = { // 153x47 ARGB8888 pixels.
    0x00, 0x00, 0x00, 0x00, 0x00, 0x00, 0x00, 0x00, 0x00, 0x00, 0x00, 0x00,
    0x00, 0x00, 0x00, 0x00, 0x00, 0x00, 0x00, 0x00, 0x00, 0x00, 0x00, 0x00,
    0xc8, 0xc8, 0xc8, 0x41, 0xc8, 0xcc, 0xc8, 0x8e, 0xc8, 0xcc, 0xc8, 0xae,
    0xc8, 0xc8, 0xc8, 0xdf, 0xc8, 0xc8, 0xc8, 0xdf, 0xc8, 0xc8, 0xc8, 0xff,
    0xc8, 0xc8, 0xc8, 0xff, 0xc8, 0xcc, 0xc8, 0xff, 0xc8, 0xc8, 0xc8, 0xff,
    0xc8, 0xc8, 0xc8, 0xff, 0xc8, 0xcc, 0xc8, 0xff, 0xc8, 0xc8, 0xc8, 0xff,
    0xc8, 0xc8, 0xc8, 0xff, 0xc8, 0xcc, 0xc8, 0xff, 0xc8, 0xc8, 0xc8, 0xff,
    0xc8, 0xc8, 0xc8, 0xff, 0xc8, 0xcc, 0xc8, 0xff, 0xc8, 0xc8, 0xc8, 0xff,
    0xc8, 0xc8, 0xc8, 0xff, 0xc8, 0xcc, 0xc8, 0xff, 0xc8, 0xc8, 0xc8, 0xff,
    0xc8, 0xc8, 0xc8, 0xff, 0xc8, 0xcc, 0xc8, 0xff, 0xc8, 0xc8, 0xc8, 0xff,
    0xc8, 0xc8, 0xc8, 0xff, 0xc8, 0xcc, 0xc8, 0xff, 0xc8, 0xc8, 0xc8, 0xff,
    0xc8, 0xc8, 0xc8, 0xff, 0xc8, 0xcc, 0xc8, 0xff, 0xc8, 0xc8, 0xc8, 0xff,
    0xc8, 0xc8, 0xc8, 0xff, 0xc8, 0xcc, 0xc8, 0xff, 0xc8, 0xc8, 0xc8, 0xff,
    0xc8, 0xc8, 0xc8, 0xff, 0xc8, 0xcc, 0xc8, 0xff, 0xc8, 0xc8, 0xc8, 0xff,
    0xc8, 0xc8, 0xc8, 0xff, 0xc8, 0xcc, 0xc8, 0xff, 0xc8, 0xc8, 0xc8, 0xff,
    0xc8, 0xc8, 0xc8, 0xff, 0xc8, 0xcc, 0xc8, 0xff, 0xc8, 0xc8, 0xc8, 0xff,
    0xc8, 0xc8, 0xc8, 0xff, 0xc8, 0xcc, 0xc8, 0xff, 0xc8, 0xc8, 0xc8, 0xff,
    0xc8, 0xc8, 0xc8, 0xff, 0xc8, 0xcc, 0xc8, 0xff, 0xc8, 0xc8, 0xc8, 0xff,
    0xc8, 0xc8, 0xc8, 0xff, 0xc8, 0xcc, 0xc8, 0xff, 0xc8, 0xc8, 0xc8, 0xff,
    0xc8, 0xc8, 0xc8, 0xff, 0xc8, 0xcc, 0xc8, 0xff, 0xc8, 0xc8, 0xc8, 0xff,
    0xc8, 0xc8, 0xc8, 0xff, 0xc8, 0xcc, 0xc8, 0xff, 0xc8, 0xc8, 0xc8, 0xff,
    0xc8, 0xc8, 0xc8, 0xff, 0xc8, 0xcc, 0xc8, 0xff, 0xc8, 0xc8, 0xc8, 0xff,
    0xc8, 0xc8, 0xc8, 0xff, 0xc8, 0xcc, 0xc8, 0xff, 0xc8, 0xc8, 0xc8, 0xff,
    0xc8, 0xc8, 0xc8, 0xff, 0xc8, 0xcc, 0xc8, 0xff, 0xc8, 0xc8, 0xc8, 0xff,
    0xc8, 0xc8, 0xc8, 0xff, 0xc8, 0xcc, 0xc8, 0xff, 0xc8, 0xc8, 0xc8, 0xff,
    0xc8, 0xc8, 0xc8, 0xff, 0xc8, 0xcc, 0xc8, 0xff, 0xc8, 0xc8, 0xc8, 0xff,
    0xc8, 0xc8, 0xc8, 0xff, 0xc8, 0xcc, 0xc8, 0xff, 0xc8, 0xc8, 0xc8, 0xff,
    0xc8, 0xc8, 0xc8, 0xff, 0xc8, 0xcc, 0xc8, 0xff, 0xc8, 0xc8, 0xc8, 0xff,
    0xc8, 0xc8, 0xc8, 0xff, 0xc8, 0xcc, 0xc8, 0xff, 0xc8, 0xc8, 0xc8, 0xff,
    0xc8, 0xc8, 0xc8, 0xff, 0xc8, 0xcc, 0xc8, 0xff, 0xc8, 0xc8, 0xc8, 0xff,
    0xc8, 0xc8, 0xc8, 0xff, 0xc8, 0xcc, 0xc8, 0xff, 0xc8, 0xc8, 0xc8, 0xff,
    0xc8, 0xc8, 0xc8, 0xff, 0xc8, 0xcc, 0xc8, 0xff, 0xc8, 0xc8, 0xc8, 0xff,
    0xc8, 0xc8, 0xc8, 0xff, 0xc8, 0xcc, 0xc8, 0xff, 0xc8, 0xc8, 0xc8, 0xff,
    0xc8, 0xc8, 0xc8, 0xff, 0xc8, 0xcc, 0xc8, 0xff, 0xc8, 0xc8, 0xc8, 0xff,
    0xc8, 0xc8, 0xc8, 0xff, 0xc8, 0xcc, 0xc8, 0xff, 0xc8, 0xc8, 0xc8, 0xff,
    0xc8, 0xc8, 0xc8, 0xff, 0xc8, 0xcc, 0xc8, 0xff, 0xc8, 0xc8, 0xc8, 0xff,
    0xc8, 0xc8, 0xc8, 0xff, 0xc8, 0xcc, 0xc8, 0xff, 0xc8, 0xc8, 0xc8, 0xff,
    0xc8, 0xc8, 0xc8, 0xff, 0xc8, 0xcc, 0xc8, 0xff, 0xc8, 0xc8, 0xc8, 0xff,
    0xc8, 0xc8, 0xc8, 0xff, 0xc8, 0xcc, 0xc8, 0xff, 0xc8, 0xc8, 0xc8, 0xff,
    0xc8, 0xc8, 0xc8, 0xff, 0xc8, 0xcc, 0xc8, 0xff, 0xc8, 0xc8, 0xc8, 0xff,
    0xc8, 0xc8, 0xc8, 0xff, 0xc8, 0xcc, 0xc8, 0xff, 0xc8, 0xc8, 0xc8, 0xff,
    0xc8, 0xc8, 0xc8, 0xff, 0xc8, 0xcc, 0xc8, 0xff, 0xc8, 0xc8, 0xc8, 0xff,
    0xc8, 0xc8, 0xc8, 0xff, 0xc8, 0xcc, 0xc8, 0xff, 0xc8, 0xc8, 0xc8, 0xff,
    0xc8, 0xc8, 0xc8, 0xff, 0xc8, 0xcc, 0xc8, 0xff, 0xc8, 0xc8, 0xc8, 0xff,
    0xc8, 0xc8, 0xc8, 0xff, 0xc8, 0xcc, 0xc8, 0xff, 0xc8, 0xc8, 0xc8, 0xff,
    0xc8, 0xc8, 0xc8, 0xff, 0xc8, 0xcc, 0xc8, 0xff, 0xc8, 0xc8, 0xc8, 0xff,
    0xc8, 0xc8, 0xc8, 0xff, 0xc8, 0xcc, 0xc8, 0xff, 0xc8, 0xc8, 0xc8, 0xff,
    0xc8, 0xc8, 0xc8, 0xff, 0xc8, 0xc8, 0xc8, 0xdf, 0xc8, 0xc8, 0xc8, 0xcf,
    0xc8, 0xcc, 0xc8, 0xbe, 0xc8, 0xcc, 0xc8, 0x8e, 0xc8, 0xc8, 0xc8, 0x51,
    0x00, 0x00, 0x00, 0x00, 0x00, 0x00, 0x00, 0x00, 0x00, 0x00, 0x00, 0x00,
    0x00, 0x00, 0x00, 0x00, 0x00, 0x00, 0x00, 0x00, 0x00, 0x00, 0x00, 0x00,
    0x00, 0x00, 0x00, 0x00, 0x00, 0x00, 0x00, 0x00, 0x00, 0x00, 0x00, 0x00,
    0x00, 0x00, 0x00, 0x00, 0xc8, 0xc8, 0xc8, 0x41, 0xc8, 0xc8, 0xc8, 0xdf,
    0xc8, 0xc8, 0xc8, 0xff, 0xc8, 0xc8, 0xc8, 0xff, 0xc8, 0xc8, 0xc8, 0xff,
    0xc8, 0xcc, 0xc8, 0xff, 0xc8, 0xcc, 0xc8, 0xff, 0xc8, 0xc8, 0xc8, 0xff,
    0xc8, 0xcc, 0xc8, 0xff, 0xc8, 0xcc, 0xc8, 0xff, 0xc8, 0xc8, 0xc8, 0xff,
    0xc8, 0xcc, 0xc8, 0xff, 0xc8, 0xc8, 0xc8, 0xff, 0xc8, 0xcc, 0xc8, 0xff,
    0xc8, 0xc8, 0xc8, 0xff, 0xc8, 0xcc, 0xc8, 0xff, 0xc8, 0xc8, 0xc8, 0xff,
    0xc8, 0xcc, 0xc8, 0xff, 0xc8, 0xcc, 0xc8, 0xff, 0xc8, 0xc8, 0xc8, 0xff,
    0xc8, 0xcc, 0xc8, 0xff, 0xc8, 0xc8, 0xc8, 0xff, 0xc8, 0xcc, 0xc8, 0xff,
    0xc8, 0xc8, 0xc8, 0xff, 0xc8, 0xcc, 0xc8, 0xff, 0xc8, 0xc8, 0xc8, 0xff,
    0xc8, 0xcc, 0xc8, 0xff, 0xc8, 0xcc, 0xc8, 0xff, 0xc8, 0xc8, 0xc8, 0xff,
    0xc8, 0xcc, 0xc8, 0xff, 0xc8, 0xc8, 0xc8, 0xff, 0xc8, 0xcc, 0xc8, 0xff,
    0xc8, 0xc8, 0xc8, 0xff, 0xc8, 0xcc, 0xc8, 0xff, 0xc8, 0xc8, 0xc8, 0xff,
    0xc8, 0xcc, 0xc8, 0xff, 0xc8, 0xcc, 0xc8, 0xff, 0xc8, 0xc8, 0xc8, 0xff,
    0xc8, 0xcc, 0xc8, 0xff, 0xc8, 0xc8, 0xc8, 0xff, 0xc8, 0xcc, 0xc8, 0xff,
    0xc8, 0xc8, 0xc8, 0xff, 0xc8, 0xcc, 0xc8, 0xff, 0xc8, 0xc8, 0xc8, 0xff,
    0xc8, 0xcc, 0xc8, 0xff, 0xc8, 0xcc, 0xc8, 0xff, 0xc8, 0xc8, 0xc8, 0xff,
    0xc8, 0xcc, 0xc8, 0xff, 0xc8, 0xc8, 0xc8, 0xff, 0xc8, 0xcc, 0xc8, 0xff,
    0xc8, 0xc8, 0xc8, 0xff, 0xc8, 0xcc, 0xc8, 0xff, 0xc8, 0xc8, 0xc8, 0xff,
    0xc8, 0xcc, 0xc8, 0xff, 0xc8, 0xcc, 0xc8, 0xff, 0xc8, 0xc8, 0xc8, 0xff,
    0xc8, 0xcc, 0xc8, 0xff, 0xc8, 0xc8, 0xc8, 0xff, 0xc8, 0xcc, 0xc8, 0xff,
    0xc8, 0xc8, 0xc8, 0xff, 0xc8, 0xcc, 0xc8, 0xff, 0xc8, 0xc8, 0xc8, 0xff,
    0xc8, 0xcc, 0xc8, 0xff, 0xc8, 0xcc, 0xc8, 0xff, 0xc8, 0xc8, 0xc8, 0xff,
    0xc8, 0xcc, 0xc8, 0xff, 0xc8, 0xc8, 0xc8, 0xff, 0xc8, 0xcc, 0xc8, 0xff,
    0xc8, 0xc8, 0xc8, 0xff, 0xc8, 0xcc, 0xc8, 0xff, 0xc8, 0xc8, 0xc8, 0xff,
    0xc8, 0xcc, 0xc8, 0xff, 0xc8, 0xcc, 0xc8, 0xff, 0xc8, 0xc8, 0xc8, 0xff,
    0xc8, 0xcc, 0xc8, 0xff, 0xc8, 0xc8, 0xc8, 0xff, 0xc8, 0xcc, 0xc8, 0xff,
    0xc8, 0xc8, 0xc8, 0xff, 0xc8, 0xcc, 0xc8, 0xff, 0xc8, 0xc8, 0xc8, 0xff,
    0xc8, 0xcc, 0xc8, 0xff, 0xc8, 0xcc, 0xc8, 0xff, 0xc8, 0xc8, 0xc8, 0xff,
    0xc8, 0xcc, 0xc8, 0xff, 0xc8, 0xc8, 0xc8, 0xff, 0xc8, 0xcc, 0xc8, 0xff,
    0xc8, 0xc8, 0xc8, 0xff, 0xc8, 0xcc, 0xc8, 0xff, 0xc8, 0xc8, 0xc8, 0xff,
    0xc8, 0xcc, 0xc8, 0xff, 0xc8, 0xcc, 0xc8, 0xff, 0xc8, 0xc8, 0xc8, 0xff,
    0xc8, 0xcc, 0xc8, 0xff, 0xc8, 0xc8, 0xc8, 0xff, 0xc8, 0xcc, 0xc8, 0xff,
    0xc8, 0xc8, 0xc8, 0xff, 0xc8, 0xcc, 0xc8, 0xff, 0xc8, 0xc8, 0xc8, 0xff,
    0xc8, 0xcc, 0xc8, 0xff, 0xc8, 0xcc, 0xc8, 0xff, 0xc8, 0xc8, 0xc8, 0xff,
    0xc8, 0xcc, 0xc8, 0xff, 0xc8, 0xc8, 0xc8, 0xff, 0xc8, 0xcc, 0xc8, 0xff,
    0xc8, 0xc8, 0xc8, 0xff, 0xc8, 0xcc, 0xc8, 0xff, 0xc8, 0xc8, 0xc8, 0xff,
    0xc8, 0xcc, 0xc8, 0xff, 0xc8, 0xcc, 0xc8, 0xff, 0xc8, 0xc8, 0xc8, 0xff,
    0xc8, 0xcc, 0xc8, 0xff, 0xc8, 0xc8, 0xc8, 0xff, 0xc8, 0xcc, 0xc8, 0xff,
    0xc8, 0xc8, 0xc8, 0xff, 0xc8, 0xcc, 0xc8, 0xff, 0xc8, 0xc8, 0xc8, 0xff,
    0xc8, 0xcc, 0xc8, 0xff, 0xc8, 0xcc, 0xc8, 0xff, 0xc8, 0xc8, 0xc8, 0xff,
    0xc8, 0xcc, 0xc8, 0xff, 0xc8, 0xc8, 0xc8, 0xff, 0xc8, 0xcc, 0xc8, 0xff,
    0xc8, 0xc8, 0xc8, 0xff, 0xc8, 0xcc, 0xc8, 0xff, 0xc8, 0xc8, 0xc8, 0xff,
    0xc8, 0xcc, 0xc8, 0xff, 0xc8, 0xcc, 0xc8, 0xff, 0xc8, 0xc8, 0xc8, 0xff,
    0xc8, 0xcc, 0xc8, 0xff, 0xc8, 0xc8, 0xc8, 0xff, 0xc8, 0xcc, 0xc8, 0xff,
    0xc8, 0xc8, 0xc8, 0xff, 0xc8, 0xcc, 0xc8, 0xff, 0xc8, 0xc8, 0xc8, 0xff,
    0xc8, 0xcc, 0xc8, 0xff, 0xc8, 0xcc, 0xc8, 0xff, 0xc8, 0xc8, 0xc8, 0xff,
    0xc8, 0xcc, 0xc8, 0xff, 0xc8, 0xcc, 0xc8, 0xff, 0xc8, 0xc8, 0xc8, 0xff,
    0xc8, 0xc8, 0xc8, 0xff, 0xc8, 0xc8, 0xc8, 0xff, 0xc8, 0xcc, 0xc8, 0xff,
    0xc8, 0xc8, 0xc8, 0xdf, 0xc8, 0xc8, 0xc8, 0x61, 0x00, 0x00, 0x00, 0x00,
    0x00, 0x00, 0x00, 0x00, 0x00, 0x00, 0x00, 0x00, 0x00, 0x00, 0x00, 0x00,
    0x00, 0x00, 0x00, 0x00, 0x00, 0x00, 0x00, 0x00, 0x00, 0x00, 0x00, 0x00,
    0xc8, 0xcc, 0xc8, 0x7d, 0xc8, 0xc8, 0xc8, 0xff, 0xc8, 0xcc, 0xc8, 0xff,
    0xc8, 0xcc, 0xc8, 0xff, 0xd0, 0xc8, 0xd0, 0xff, 0xc8, 0xc8, 0xc8, 0xff,
    0xd0, 0xcc, 0xd0, 0xff, 0xc8, 0xc8, 0xc8, 0xff, 0xd0, 0xcc, 0xd0, 0xff,
    0xd0, 0xc8, 0xd0, 0xff, 0xc8, 0xc8, 0xc8, 0xff, 0xd0, 0xcc, 0xd0, 0xff,
    0xd0, 0xc8, 0xd0, 0xff, 0xc8, 0xcc, 0xc8, 0xff, 0xd0, 0xc8, 0xd0, 0xff,
    0xd0, 0xcc, 0xd0, 0xff, 0xc8, 0xc8, 0xc8, 0xff, 0xd0, 0xcc, 0xd0, 0xff,
    0xd0, 0xc8, 0xd0, 0xff, 0xc8, 0xc8, 0xc8, 0xff, 0xd0, 0xcc, 0xd0, 0xff,
    0xd0, 0xc8, 0xd0, 0xff, 0xc8, 0xcc, 0xc8, 0xff, 0xd0, 0xc8, 0xd0, 0xff,
    0xd0, 0xcc, 0xd0, 0xff, 0xc8, 0xc8, 0xc8, 0xff, 0xd0, 0xcc, 0xd0, 0xff,
    0xd0, 0xc8, 0xd0, 0xff, 0xc8, 0xc8, 0xc8, 0xff, 0xd0, 0xcc, 0xd0, 0xff,
    0xd0, 0xc8, 0xd0, 0xff, 0xc8, 0xcc, 0xc8, 0xff, 0xd0, 0xc8, 0xd0, 0xff,
    0xd0, 0xcc, 0xd0, 0xff, 0xc8, 0xc8, 0xc8, 0xff, 0xd0, 0xcc, 0xd0, 0xff,
    0xd0, 0xc8, 0xd0, 0xff, 0xc8, 0xc8, 0xc8, 0xff, 0xd0, 0xcc, 0xd0, 0xff,
    0xd0, 0xc8, 0xd0, 0xff, 0xc8, 0xcc, 0xc8, 0xff, 0xd0, 0xc8, 0xd0, 0xff,
    0xd0, 0xcc, 0xd0, 0xff, 0xc8, 0xc8, 0xc8, 0xff, 0xd0, 0xcc, 0xd0, 0xff,
    0xd0, 0xc8, 0xd0, 0xff, 0xc8, 0xc8, 0xc8, 0xff, 0xd0, 0xcc, 0xd0, 0xff,
    0xd0, 0xc8, 0xd0, 0xff, 0xc8, 0xcc, 0xc8, 0xff, 0xd0, 0xc8, 0xd0, 0xff,
    0xd0, 0xcc, 0xd0, 0xff, 0xc8, 0xc8, 0xc8, 0xff, 0xd0, 0xcc, 0xd0, 0xff,
    0xd0, 0xc8, 0xd0, 0xff, 0xc8, 0xc8, 0xc8, 0xff, 0xd0, 0xcc, 0xd0, 0xff,
    0xd0, 0xc8, 0xd0, 0xff, 0xc8, 0xcc, 0xc8, 0xff, 0xd0, 0xc8, 0xd0, 0xff,
    0xd0, 0xcc, 0xd0, 0xff, 0xc8, 0xc8, 0xc8, 0xff, 0xd0, 0xcc, 0xd0, 0xff,
    0xd0, 0xc8, 0xd0, 0xff, 0xc8, 0xc8, 0xc8, 0xff, 0xd0, 0xcc, 0xd0, 0xff,
    0xd0, 0xc8, 0xd0, 0xff, 0xc8, 0xcc, 0xc8, 0xff, 0xd0, 0xc8, 0xd0, 0xff,
    0xd0, 0xcc, 0xd0, 0xff, 0xc8, 0xc8, 0xc8, 0xff, 0xd0, 0xcc, 0xd0, 0xff,
    0xd0, 0xc8, 0xd0, 0xff, 0xc8, 0xc8, 0xc8, 0xff, 0xd0, 0xcc, 0xd0, 0xff,
    0xd0, 0xc8, 0xd0, 0xff, 0xc8, 0xcc, 0xc8, 0xff, 0xd0, 0xc8, 0xd0, 0xff,
    0xd0, 0xcc, 0xd0, 0xff, 0xc8, 0xc8, 0xc8, 0xff, 0xd0, 0xcc, 0xd0, 0xff,
    0xd0, 0xc8, 0xd0, 0xff, 0xc8, 0xc8, 0xc8, 0xff, 0xd0, 0xcc, 0xd0, 0xff,
    0xd0, 0xc8, 0xd0, 0xff, 0xc8, 0xcc, 0xc8, 0xff, 0xd0, 0xc8, 0xd0, 0xff,
    0xd0, 0xcc, 0xd0, 0xff, 0xc8, 0xc8, 0xc8, 0xff, 0xd0, 0xcc, 0xd0, 0xff,
    0xd0, 0xc8, 0xd0, 0xff, 0xc8, 0xc8, 0xc8, 0xff, 0xd0, 0xcc, 0xd0, 0xff,
    0xd0, 0xc8, 0xd0, 0xff, 0xc8, 0xcc, 0xc8, 0xff, 0xd0, 0xc8, 0xd0, 0xff,
    0xd0, 0xcc, 0xd0, 0xff, 0xc8, 0xc8, 0xc8, 0xff, 0xd0, 0xcc, 0xd0, 0xff,
    0xd0, 0xc8, 0xd0, 0xff, 0xc8, 0xc8, 0xc8, 0xff, 0xd0, 0xcc, 0xd0, 0xff,
    0xd0, 0xc8, 0xd0, 0xff, 0xc8, 0xcc, 0xc8, 0xff, 0xd0, 0xc8, 0xd0, 0xff,
    0xd0, 0xcc, 0xd0, 0xff, 0xc8, 0xc8, 0xc8, 0xff, 0xd0, 0xcc, 0xd0, 0xff,
    0xd0, 0xc8, 0xd0, 0xff, 0xc8, 0xc8, 0xc8, 0xff, 0xd0, 0xcc, 0xd0, 0xff,
    0xd0, 0xc8, 0xd0, 0xff, 0xc8, 0xcc, 0xc8, 0xff, 0xd0, 0xc8, 0xd0, 0xff,
    0xd0, 0xcc, 0xd0, 0xff, 0xc8, 0xc8, 0xc8, 0xff, 0xd0, 0xcc, 0xd0, 0xff,
    0xd0, 0xc8, 0xd0, 0xff, 0xc8, 0xc8, 0xc8, 0xff, 0xd0, 0xcc, 0xd0, 0xff,
    0xd0, 0xc8, 0xd0, 0xff, 0xc8, 0xcc, 0xc8, 0xff, 0xd0, 0xc8, 0xd0, 0xff,
    0xd0, 0xcc, 0xd0, 0xff, 0xc8, 0xc8, 0xc8, 0xff, 0xd0, 0xcc, 0xd0, 0xff,
    0xd0, 0xc8, 0xd0, 0xff, 0xc8, 0xc8, 0xc8, 0xff, 0xd0, 0xcc, 0xd0, 0xff,
    0xd0, 0xc8, 0xd0, 0xff, 0xc8, 0xcc, 0xc8, 0xff, 0xd0, 0xc8, 0xd0, 0xff,
    0xd0, 0xcc, 0xd0, 0xff, 0xc8, 0xc8, 0xc8, 0xff, 0xd0, 0xcc, 0xd0, 0xff,
    0xd0, 0xc8, 0xd0, 0xff, 0xc8, 0xc8, 0xc8, 0xff, 0xd0, 0xcc, 0xd0, 0xff,
    0xd0, 0xcc, 0xd0, 0xff, 0xc8, 0xc8, 0xc8, 0xff, 0xd0, 0xcc, 0xd0, 0xff,
    0xd0, 0xcc, 0xd0, 0xff, 0xc8, 0xc8, 0xc8, 0xff, 0xd0, 0xcc, 0xd0, 0xff,
    0xc8, 0xcc, 0xc8, 0xff, 0xc8, 0xc8, 0xc8, 0xff, 0xd0, 0xcc, 0xd0, 0x7d,
    0x00, 0x00, 0x00, 0x00, 0x00, 0x00, 0x00, 0x00, 0x00, 0x00, 0x00, 0x00,
    0x00, 0x00, 0x00, 0x00, 0x00, 0x00, 0x00, 0x00, 0xc8, 0xcc, 0xc8, 0x7d,
    0xc8, 0xc8, 0xc8, 0xff, 0xc8, 0xc8, 0xc8, 0xff, 0xc8, 0xcc, 0xc8, 0xff,
    0xd0, 0xcc, 0xd0, 0xff, 0xc8, 0xc8, 0xc8, 0xff, 0xc8, 0xcc, 0xc8, 0xff,
    0xc8, 0xc8, 0xc8, 0xff, 0xc8, 0xcc, 0xc8, 0xff, 0xc8, 0xc8, 0xc8, 0xff,
    0xc8, 0xcc, 0xc8, 0xff, 0xc8, 0xcc, 0xc8, 0xff, 0xc8, 0xc8, 0xc8, 0xff,
    0xc8, 0xcc, 0xc8, 0xff, 0xc8, 0xc8, 0xc8, 0xff, 0xc8, 0xcc, 0xc8, 0xff,
    0xc8, 0xc8, 0xc8, 0xff, 0xc8, 0xcc, 0xc8, 0xff, 0xc8, 0xcc, 0xc8, 0xff,
    0xc8, 0xc8, 0xc8, 0xff, 0xc8, 0xcc, 0xc8, 0xff, 0xc8, 0xc8, 0xc8, 0xff,
    0xc8, 0xcc, 0xc8, 0xff, 0xc8, 0xc8, 0xc8, 0xff, 0xc8, 0xcc, 0xc8, 0xff,
    0xc8, 0xc8, 0xc8, 0xff, 0xc8, 0xcc, 0xc8, 0xff, 0xc8, 0xcc, 0xc8, 0xff,
    0xc8, 0xc8, 0xc8, 0xff, 0xc8, 0xcc, 0xc8, 0xff, 0xc8, 0xc8, 0xc8, 0xff,
    0xc8, 0xcc, 0xc8, 0xff, 0xc8, 0xc8, 0xc8, 0xff, 0xc8, 0xcc, 0xc8, 0xff,
    0xc8, 0xc8, 0xc8, 0xff, 0xc8, 0xcc, 0xc8, 0xff, 0xc8, 0xcc, 0xc8, 0xff,
    0xc8, 0xc8, 0xc8, 0xff, 0xc8, 0xcc, 0xc8, 0xff, 0xc8, 0xc8, 0xc8, 0xff,
    0xc8, 0xcc, 0xc8, 0xff, 0xc8, 0xc8, 0xc8, 0xff, 0xc8, 0xcc, 0xc8, 0xff,
    0xc8, 0xc8, 0xc8, 0xff, 0xc8, 0xcc, 0xc8, 0xff, 0xc8, 0xcc, 0xc8, 0xff,
    0xc8, 0xc8, 0xc8, 0xff, 0xc8, 0xcc, 0xc8, 0xff, 0xc8, 0xc8, 0xc8, 0xff,
    0xc8, 0xcc, 0xc8, 0xff, 0xc8, 0xc8, 0xc8, 0xff, 0xc8, 0xcc, 0xc8, 0xff,
    0xc8, 0xc8, 0xc8, 0xff, 0xc8, 0xcc, 0xc8, 0xff, 0xc8, 0xcc, 0xc8, 0xff,
    0xc8, 0xc8, 0xc8, 0xff, 0xc8, 0xcc, 0xc8, 0xff, 0xc8, 0xc8, 0xc8, 0xff,
    0xc8, 0xcc, 0xc8, 0xff, 0xc8, 0xc8, 0xc8, 0xff, 0xc8, 0xcc, 0xc8, 0xff,
    0xc8, 0xc8, 0xc8, 0xff, 0xc8, 0xcc, 0xc8, 0xff, 0xc8, 0xcc, 0xc8, 0xff,
    0xc8, 0xc8, 0xc8, 0xff, 0xc8, 0xcc, 0xc8, 0xff, 0xc8, 0xc8, 0xc8, 0xff,
    0xc8, 0xcc, 0xc8, 0xff, 0xc8, 0xc8, 0xc8, 0xff, 0xc8, 0xcc, 0xc8, 0xff,
    0xc8, 0xc8, 0xc8, 0xff, 0xc8, 0xcc, 0xc8, 0xff, 0xc8, 0xcc, 0xc8, 0xff,
    0xc8, 0xc8, 0xc8, 0xff, 0xc8, 0xcc, 0xc8, 0xff, 0xc8, 0xc8, 0xc8, 0xff,
    0xc8, 0xcc, 0xc8, 0xff, 0xc8, 0xc8, 0xc8, 0xff, 0xc8, 0xcc, 0xc8, 0xff,
    0xc8, 0xc8, 0xc8, 0xff, 0xc8, 0xcc, 0xc8, 0xff, 0xc8, 0xcc, 0xc8, 0xff,
    0xc8, 0xc8, 0xc8, 0xff, 0xc8, 0xcc, 0xc8, 0xff, 0xc8, 0xc8, 0xc8, 0xff,
    0xc8, 0xcc, 0xc8, 0xff, 0xc8, 0xc8, 0xc8, 0xff, 0xc8, 0xcc, 0xc8, 0xff,
    0xc8, 0xc8, 0xc8, 0xff, 0xc8, 0xcc, 0xc8, 0xff, 0xc8, 0xcc, 0xc8, 0xff,
    0xc8, 0xc8, 0xc8, 0xff, 0xc8, 0xcc, 0xc8, 0xff, 0xc8, 0xc8, 0xc8, 0xff,
    0xc8, 0xcc, 0xc8, 0xff, 0xc8, 0xc8, 0xc8, 0xff, 0xc8, 0xcc, 0xc8, 0xff,
    0xc8, 0xc8, 0xc8, 0xff, 0xc8, 0xcc, 0xc8, 0xff, 0xc8, 0xcc, 0xc8, 0xff,
    0xc8, 0xc8, 0xc8, 0xff, 0xc8, 0xcc, 0xc8, 0xff, 0xc8, 0xc8, 0xc8, 0xff,
    0xc8, 0xcc, 0xc8, 0xff, 0xc8, 0xc8, 0xc8, 0xff, 0xc8, 0xcc, 0xc8, 0xff,
    0xc8, 0xc8, 0xc8, 0xff, 0xc8, 0xcc, 0xc8, 0xff, 0xc8, 0xcc, 0xc8, 0xff,
    0xc8, 0xc8, 0xc8, 0xff, 0xc8, 0xcc, 0xc8, 0xff, 0xc8, 0xc8, 0xc8, 0xff,
    0xc8, 0xcc, 0xc8, 0xff, 0xc8, 0xc8, 0xc8, 0xff, 0xc8, 0xcc, 0xc8, 0xff,
    0xc8, 0xc8, 0xc8, 0xff, 0xc8, 0xcc, 0xc8, 0xff, 0xc8, 0xcc, 0xc8, 0xff,
    0xc8, 0xc8, 0xc8, 0xff, 0xc8, 0xcc, 0xc8, 0xff, 0xc8, 0xc8, 0xc8, 0xff,
    0xc8, 0xcc, 0xc8, 0xff, 0xc8, 0xc8, 0xc8, 0xff, 0xc8, 0xcc, 0xc8, 0xff,
    0xc8, 0xc8, 0xc8, 0xff, 0xc8, 0xcc, 0xc8, 0xff, 0xc8, 0xcc, 0xc8, 0xff,
    0xc8, 0xc8, 0xc8, 0xff, 0xc8, 0xcc, 0xc8, 0xff, 0xc8, 0xc8, 0xc8, 0xff,
    0xc8, 0xcc, 0xc8, 0xff, 0xc8, 0xc8, 0xc8, 0xff, 0xc8, 0xcc, 0xc8, 0xff,
    0xc8, 0xc8, 0xc8, 0xff, 0xc8, 0xcc, 0xc8, 0xff, 0xc8, 0xcc, 0xc8, 0xff,
    0xc8, 0xc8, 0xc8, 0xff, 0xc8, 0xc8, 0xc8, 0xff, 0xc8, 0xcc, 0xc8, 0xff,
    0xc8, 0xc8, 0xc8, 0xff, 0xc8, 0xc8, 0xc8, 0xff, 0xc8, 0xcc, 0xc8, 0xff,
    0xc8, 0xcc, 0xc8, 0xff, 0xc8, 0xc8, 0xc8, 0xff, 0xc8, 0xc8, 0xc8, 0xff,
    0xd0, 0xcc, 0xd0, 0xff, 0xc8, 0xcc, 0xc8, 0xff, 0xc8, 0xc8, 0xc8, 0xff,
    0xc8, 0xcc, 0xc8, 0x7d, 0x00, 0x00, 0x00, 0x00, 0x00, 0x00, 0x00, 0x00,
    0x00, 0x00, 0x00, 0x00, 0xc8, 0xc8, 0xc8, 0x61, 0xc8, 0xc8, 0xc8, 0xff,
    0xd0, 0xcc, 0xd0, 0xff, 0xc8, 0xc8, 0xc8, 0xff, 0xc8, 0xc8, 0xc8, 0xff,
    0xc8, 0xcc, 0xc8, 0xff, 0xc8, 0xc8, 0xc8, 0xff, 0xd0, 0xcc, 0xd0, 0xff,
    0xc8, 0xcc, 0xc8, 0xff, 0xc8, 0xc8, 0xc8, 0xff, 0xd0, 0xc8, 0xd0, 0xff,
    0xc8, 0xcc, 0xc8, 0xff, 0xc8, 0xc8, 0xc8, 0xff, 0xc8, 0xcc, 0xc8, 0xff,
    0xd0, 0xc8, 0xd0, 0xff, 0xc8, 0xcc, 0xc8, 0xff, 0xc8, 0xc8, 0xc8, 0xff,
    0xd0, 0xcc, 0xd0, 0xff, 0xc8, 0xc8, 0xc8, 0xff, 0xc8, 0xc8, 0xc8, 0xff,
    0xd0, 0xcc, 0xd0, 0xff, 0xc8, 0xcc, 0xc8, 0xff, 0xc8, 0xc8, 0xc8, 0xff,
    0xd0, 0xcc, 0xd0, 0xff, 0xc8, 0xcc, 0xc8, 0xff, 0xc8, 0xc8, 0xc8, 0xff,
    0xd0, 0xc8, 0xd0, 0xff, 0xc8, 0xcc, 0xc8, 0xff, 0xc8, 0xc8, 0xc8, 0xff,
    0xd0, 0xcc, 0xd0, 0xff, 0xc8, 0xc8, 0xc8, 0xff, 0xc8, 0xcc, 0xc8, 0xff,
    0xd0, 0xc8, 0xd0, 0xff, 0xc8, 0xcc, 0xc8, 0xff, 0xc8, 0xc8, 0xc8, 0xff,
    0xd0, 0xcc, 0xd0, 0xff, 0xc8, 0xc8, 0xc8, 0xff, 0xc8, 0xc8, 0xc8, 0xff,
    0xd0, 0xcc, 0xd0, 0xff, 0xc8, 0xcc, 0xc8, 0xff, 0xc8, 0xc8, 0xc8, 0xff,
    0xd0, 0xcc, 0xd0, 0xff, 0xc8, 0xcc, 0xc8, 0xff, 0xc8, 0xc8, 0xc8, 0xff,
    0xd0, 0xc8, 0xd0, 0xff, 0xc8, 0xcc, 0xc8, 0xff, 0xc8, 0xc8, 0xc8, 0xff,
    0xd0, 0xcc, 0xd0, 0xff, 0xc8, 0xc8, 0xc8, 0xff, 0xc8, 0xcc, 0xc8, 0xff,
    0xd0, 0xc8, 0xd0, 0xff, 0xc8, 0xcc, 0xc8, 0xff, 0xc8, 0xc8, 0xc8, 0xff,
    0xd0, 0xcc, 0xd0, 0xff, 0xc8, 0xc8, 0xc8, 0xff, 0xc8, 0xc8, 0xc8, 0xff,
    0xd0, 0xcc, 0xd0, 0xff, 0xc8, 0xcc, 0xc8, 0xff, 0xc8, 0xc8, 0xc8, 0xff,
    0xd0, 0xcc, 0xd0, 0xff, 0xc8, 0xcc, 0xc8, 0xff, 0xc8, 0xc8, 0xc8, 0xff,
    0xd0, 0xc8, 0xd0, 0xff, 0xc8, 0xcc, 0xc8, 0xff, 0xc8, 0xc8, 0xc8, 0xff,
    0xd0, 0xcc, 0xd0, 0xff, 0xc8, 0xc8, 0xc8, 0xff, 0xc8, 0xcc, 0xc8, 0xff,
    0xd0, 0xc8, 0xd0, 0xff, 0xc8, 0xcc, 0xc8, 0xff, 0xc8, 0xc8, 0xc8, 0xff,
    0xd0, 0xcc, 0xd0, 0xff, 0xc8, 0xc8, 0xc8, 0xff, 0xc8, 0xc8, 0xc8, 0xff,
    0xd0, 0xcc, 0xd0, 0xff, 0xc8, 0xcc, 0xc8, 0xff, 0xc8, 0xc8, 0xc8, 0xff,
    0xd0, 0xcc, 0xd0, 0xff, 0xc8, 0xcc, 0xc8, 0xff, 0xc8, 0xc8, 0xc8, 0xff,
    0xd0, 0xc8, 0xd0, 0xff, 0xc8, 0xcc, 0xc8, 0xff, 0xc8, 0xc8, 0xc8, 0xff,
    0xd0, 0xcc, 0xd0, 0xff, 0xc8, 0xc8, 0xc8, 0xff, 0xc8, 0xcc, 0xc8, 0xff,
    0xd0, 0xc8, 0xd0, 0xff, 0xc8, 0xcc, 0xc8, 0xff, 0xc8, 0xc8, 0xc8, 0xff,
    0xd0, 0xcc, 0xd0, 0xff, 0xc8, 0xc8, 0xc8, 0xff, 0xc8, 0xc8, 0xc8, 0xff,
    0xd0, 0xcc, 0xd0, 0xff, 0xc8, 0xcc, 0xc8, 0xff, 0xc8, 0xc8, 0xc8, 0xff,
    0xd0, 0xcc, 0xd0, 0xff, 0xc8, 0xcc, 0xc8, 0xff, 0xc8, 0xc8, 0xc8, 0xff,
    0xd0, 0xc8, 0xd0, 0xff, 0xc8, 0xcc, 0xc8, 0xff, 0xc8, 0xc8, 0xc8, 0xff,
    0xd0, 0xcc, 0xd0, 0xff, 0xc8, 0xc8, 0xc8, 0xff, 0xc8, 0xcc, 0xc8, 0xff,
    0xd0, 0xc8, 0xd0, 0xff, 0xc8, 0xcc, 0xc8, 0xff, 0xc8, 0xc8, 0xc8, 0xff,
    0xd0, 0xcc, 0xd0, 0xff, 0xc8, 0xc8, 0xc8, 0xff, 0xc8, 0xc8, 0xc8, 0xff,
    0xd0, 0xcc, 0xd0, 0xff, 0xc8, 0xcc, 0xc8, 0xff, 0xc8, 0xc8, 0xc8, 0xff,
    0xd0, 0xcc, 0xd0, 0xff, 0xc8, 0xcc, 0xc8, 0xff, 0xc8, 0xc8, 0xc8, 0xff,
    0xd0, 0xc8, 0xd0, 0xff, 0xc8, 0xcc, 0xc8, 0xff, 0xc8, 0xc8, 0xc8, 0xff,
    0xd0, 0xcc, 0xd0, 0xff, 0xc8, 0xc8, 0xc8, 0xff, 0xc8, 0xcc, 0xc8, 0xff,
    0xd0, 0xc8, 0xd0, 0xff, 0xc8, 0xcc, 0xc8, 0xff, 0xc8, 0xc8, 0xc8, 0xff,
    0xd0, 0xcc, 0xd0, 0xff, 0xc8, 0xc8, 0xc8, 0xff, 0xc8, 0xc8, 0xc8, 0xff,
    0xd0, 0xcc, 0xd0, 0xff, 0xc8, 0xcc, 0xc8, 0xff, 0xc8, 0xc8, 0xc8, 0xff,
    0xd0, 0xcc, 0xd0, 0xff, 0xc8, 0xcc, 0xc8, 0xff, 0xc8, 0xc8, 0xc8, 0xff,
    0xd0, 0xc8, 0xd0, 0xff, 0xc8, 0xcc, 0xc8, 0xff, 0xc8, 0xc8, 0xc8, 0xff,
    0xc8, 0xcc, 0xc8, 0xff, 0xd0, 0xcc, 0xd0, 0xff, 0xc8, 0xc8, 0xc8, 0xff,
    0xc8, 0xcc, 0xc8, 0xff, 0xd0, 0xc8, 0xd0, 0xff, 0xc8, 0xc8, 0xc8, 0xff,
    0xc8, 0xcc, 0xc8, 0xff, 0xc8, 0xc8, 0xc8, 0xff, 0xc8, 0xc8, 0xc8, 0xff,
    0xc8, 0xcc, 0xc8, 0xff, 0xc8, 0xc8, 0xc8, 0xff, 0xc8, 0xc8, 0xc8, 0xff,
    0xc8, 0xcc, 0xc8, 0xff, 0xc8, 0xc8, 0xc8, 0x41, 0x00, 0x00, 0x00, 0x00,
    0x00, 0x00, 0x00, 0x00, 0xc8, 0xc8, 0xc8, 0xdf, 0xc8, 0xcc, 0xc8, 0xff,
    0xd0, 0xcc, 0xd0, 0xff, 0xc8, 0xc8, 0xc8, 0xff, 0xd0, 0xcc, 0xd0, 0xff,
    0xc8, 0xc8, 0xc8, 0xff, 0xc8, 0xc8, 0xc8, 0xff, 0xd0, 0xcc, 0xd0, 0xff,
    0xc8, 0xc8, 0xc8, 0xff, 0xc8, 0xcc, 0xc8, 0xff, 0xd0, 0xcc, 0xd0, 0xff,
    0xc8, 0xc8, 0xc8, 0xff, 0xc8, 0xc8, 0xc8, 0xff, 0xd0, 0xcc, 0xd0, 0xff,
    0xc8, 0xcc, 0xc8, 0xff, 0xc8, 0xc8, 0xc8, 0xff, 0xd0, 0xcc, 0xd0, 0xff,
    0xc8, 0xc8, 0xc8, 0xff, 0xc8, 0xcc, 0xc8, 0xff, 0xd0, 0xc8, 0xd0, 0xff,
    0xc8, 0xc8, 0xc8, 0xff, 0xc8, 0xcc, 0xc8, 0xff, 0xd0, 0xc8, 0xd0, 0xff,
    0xc8, 0xc8, 0xc8, 0xff, 0xc8, 0xcc, 0xc8, 0xff, 0xd0, 0xc8, 0xd0, 0xff,
    0xc8, 0xcc, 0xc8, 0xff, 0xc8, 0xc8, 0xc8, 0xff, 0xd0, 0xc8, 0xd0, 0xff,
    0xc8, 0xcc, 0xc8, 0xff, 0xc8, 0xcc, 0xc8, 0xff, 0xd0, 0xc8, 0xd0, 0xff,
    0xc8, 0xcc, 0xc8, 0xff, 0xc8, 0xc8, 0xc8, 0xff, 0xd0, 0xcc, 0xd0, 0xff,
    0xc8, 0xcc, 0xc8, 0xff, 0xc8, 0xc8, 0xc8, 0xff, 0xd0, 0xc8, 0xd0, 0xff,
    0xc8, 0xcc, 0xc8, 0xff, 0xc8, 0xc8, 0xc8, 0xff, 0xd0, 0xc8, 0xd0, 0xff,
    0xc8, 0xcc, 0xc8, 0xff, 0xc8, 0xc8, 0xc8, 0xff, 0xd0, 0xcc, 0xd0, 0xff,
    0xc8, 0xcc, 0xc8, 0xff, 0xc8, 0xc8, 0xc8, 0xff, 0xd0, 0xc8, 0xd0, 0xff,
    0xc8, 0xcc, 0xc8, 0xff, 0xc8, 0xcc, 0xc8, 0xff, 0xd0, 0xc8, 0xd0, 0xff,
    0xc8, 0xcc, 0xc8, 0xff, 0xc8, 0xc8, 0xc8, 0xff, 0xd0, 0xcc, 0xd0, 0xff,
    0xc8, 0xcc, 0xc8, 0xff, 0xc8, 0xc8, 0xc8, 0xff, 0xd0, 0xc8, 0xd0, 0xff,
    0xc8, 0xcc, 0xc8, 0xff, 0xc8, 0xc8, 0xc8, 0xff, 0xd0, 0xc8, 0xd0, 0xff,
    0xc8, 0xcc, 0xc8, 0xff, 0xc8, 0xc8, 0xc8, 0xff, 0xd0, 0xcc, 0xd0, 0xff,
    0xc8, 0xcc, 0xc8, 0xff, 0xc8, 0xc8, 0xc8, 0xff, 0xd0, 0xc8, 0xd0, 0xff,
    0xc8, 0xcc, 0xc8, 0xff, 0xc8, 0xcc, 0xc8, 0xff, 0xd0, 0xc8, 0xd0, 0xff,
    0xc8, 0xcc, 0xc8, 0xff, 0xc8, 0xc8, 0xc8, 0xff, 0xd0, 0xcc, 0xd0, 0xff,
    0xc8, 0xcc, 0xc8, 0xff, 0xc8, 0xc8, 0xc8, 0xff, 0xd0, 0xc8, 0xd0, 0xff,
    0xc8, 0xcc, 0xc8, 0xff, 0xc8, 0xc8, 0xc8, 0xff, 0xd0, 0xc8, 0xd0, 0xff,
    0xc8, 0xcc, 0xc8, 0xff, 0xc8, 0xc8, 0xc8, 0xff, 0xd0, 0xcc, 0xd0, 0xff,
    0xc8, 0xcc, 0xc8, 0xff, 0xc8, 0xc8, 0xc8, 0xff, 0xd0, 0xc8, 0xd0, 0xff,
    0xc8, 0xcc, 0xc8, 0xff, 0xc8, 0xcc, 0xc8, 0xff, 0xd0, 0xc8, 0xd0, 0xff,
    0xc8, 0xcc, 0xc8, 0xff, 0xc8, 0xc8, 0xc8, 0xff, 0xd0, 0xcc, 0xd0, 0xff,
    0xc8, 0xcc, 0xc8, 0xff, 0xc8, 0xc8, 0xc8, 0xff, 0xd0, 0xc8, 0xd0, 0xff,
    0xc8, 0xcc, 0xc8, 0xff, 0xc8, 0xc8, 0xc8, 0xff, 0xd0, 0xc8, 0xd0, 0xff,
    0xc8, 0xcc, 0xc8, 0xff, 0xc8, 0xc8, 0xc8, 0xff, 0xd0, 0xcc, 0xd0, 0xff,
    0xc8, 0xcc, 0xc8, 0xff, 0xc8, 0xc8, 0xc8, 0xff, 0xd0, 0xc8, 0xd0, 0xff,
    0xc8, 0xcc, 0xc8, 0xff, 0xc8, 0xcc, 0xc8, 0xff, 0xd0, 0xc8, 0xd0, 0xff,
    0xc8, 0xcc, 0xc8, 0xff, 0xc8, 0xc8, 0xc8, 0xff, 0xd0, 0xcc, 0xd0, 0xff,
    0xc8, 0xcc, 0xc8, 0xff, 0xc8, 0xc8, 0xc8, 0xff, 0xd0, 0xc8, 0xd0, 0xff,
    0xc8, 0xcc, 0xc8, 0xff, 0xc8, 0xc8, 0xc8, 0xff, 0xd0, 0xc8, 0xd0, 0xff,
    0xc8, 0xcc, 0xc8, 0xff, 0xc8, 0xc8, 0xc8, 0xff, 0xd0, 0xcc, 0xd0, 0xff,
    0xc8, 0xcc, 0xc8, 0xff, 0xc8, 0xc8, 0xc8, 0xff, 0xd0, 0xc8, 0xd0, 0xff,
    0xc8, 0xcc, 0xc8, 0xff, 0xc8, 0xcc, 0xc8, 0xff, 0xd0, 0xc8, 0xd0, 0xff,
    0xc8, 0xcc, 0xc8, 0xff, 0xc8, 0xc8, 0xc8, 0xff, 0xd0, 0xcc, 0xd0, 0xff,
    0xc8, 0xcc, 0xc8, 0xff, 0xc8, 0xc8, 0xc8, 0xff, 0xd0, 0xc8, 0xd0, 0xff,
    0xc8, 0xcc, 0xc8, 0xff, 0xc8, 0xc8, 0xc8, 0xff, 0xd0, 0xc8, 0xd0, 0xff,
    0xc8, 0xcc, 0xc8, 0xff, 0xc8, 0xc8, 0xc8, 0xff, 0xd0, 0xcc, 0xd0, 0xff,
    0xc8, 0xcc, 0xc8, 0xff, 0xc8, 0xc8, 0xc8, 0xff, 0xd0, 0xc8, 0xd0, 0xff,
    0xc8, 0xcc, 0xc8, 0xff, 0xc8, 0xc8, 0xc8, 0xff, 0xd0, 0xcc, 0xd0, 0xff,
    0xc8, 0xcc, 0xc8, 0xff, 0xc8, 0xc8, 0xc8, 0xff, 0xd0, 0xcc, 0xd0, 0xff,
    0xc8, 0xcc, 0xc8, 0xff, 0xd0, 0xc8, 0xd0, 0xff, 0xd0, 0xcc, 0xd0, 0xff,
    0xc8, 0xcc, 0xc8, 0xff, 0xd0, 0xc8, 0xd0, 0xff, 0xc8, 0xcc, 0xc8, 0xff,
    0xc8, 0xc8, 0xc8, 0xff, 0xc8, 0xc8, 0xc8, 0xdf, 0x00, 0x00, 0x00, 0x00,
    0xc8, 0xc8, 0xc8, 0x51, 0xc8, 0xcc, 0xc8, 0xff, 0xc8, 0xc8, 0xc8, 0xff,
    0xc8, 0xcc, 0xc8, 0xff, 0xc8, 0xcc, 0xc8, 0xff, 0xc8, 0xc8, 0xc8, 0xff,
    0xd0, 0xcc, 0xd0, 0xff, 0xc8, 0xcc, 0xc8, 0xff, 0xc8, 0xc8, 0xc8, 0xff,
    0xc8, 0xc8, 0xc8, 0xff, 0xc8, 0xcc, 0xc8, 0xff, 0xc8, 0xcc, 0xc8, 0xff,
    0xc8, 0xc8, 0xc8, 0xff, 0xd0, 0xcc, 0xd0, 0xff, 0xc8, 0xc8, 0xc8, 0xff,
    0xc8, 0xc8, 0xc8, 0xff, 0xc8, 0xcc, 0xc8, 0xff, 0xc8, 0xc8, 0xc8, 0xff,
    0xc8, 0xcc, 0xc8, 0xff, 0xc8, 0xcc, 0xc8, 0xff, 0xc8, 0xc8, 0xc8, 0xff,
    0xc8, 0xcc, 0xc8, 0xff, 0xc8, 0xcc, 0xc8, 0xff, 0xc8, 0xc8, 0xc8, 0xff,
    0xc8, 0xcc, 0xc8, 0xff, 0xc8, 0xc8, 0xc8, 0xff, 0xc8, 0xcc, 0xc8, 0xff,
    0xc8, 0xcc, 0xc8, 0xff, 0xc8, 0xc8, 0xc8, 0xff, 0xc8, 0xcc, 0xc8, 0xff,
    0xc8, 0xc8, 0xc8, 0xff, 0xc8, 0xc8, 0xc8, 0xff, 0xc8, 0xcc, 0xc8, 0xff,
    0xc8, 0xc8, 0xc8, 0xff, 0xc8, 0xc8, 0xc8, 0xff, 0xc8, 0xcc, 0xc8, 0xff,
    0xc8, 0xc8, 0xc8, 0xff, 0xc8, 0xcc, 0xc8, 0xff, 0xc8, 0xcc, 0xc8, 0xff,
    0xc8, 0xc8, 0xc8, 0xff, 0xc8, 0xcc, 0xc8, 0xff, 0xc8, 0xcc, 0xc8, 0xff,
    0xc8, 0xc8, 0xc8, 0xff, 0xc8, 0xc8, 0xc8, 0xff, 0xc8, 0xcc, 0xc8, 0xff,
    0xc8, 0xc8, 0xc8, 0xff, 0xc8, 0xcc, 0xc8, 0xff, 0xc8, 0xc8, 0xc8, 0xff,
    0xc8, 0xc8, 0xc8, 0xff, 0xc8, 0xcc, 0xc8, 0xff, 0xc8, 0xc8, 0xc8, 0xff,
    0xc8, 0xc8, 0xc8, 0xff, 0xc8, 0xcc, 0xc8, 0xff, 0xc8, 0xc8, 0xc8, 0xff,
    0xc8, 0xcc, 0xc8, 0xff, 0xc8, 0xcc, 0xc8, 0xff, 0xc8, 0xc8, 0xc8, 0xff,
    0xc8, 0xcc, 0xc8, 0xff, 0xc8, 0xc8, 0xc8, 0xff, 0xc8, 0xcc, 0xc8, 0xff,
    0xc8, 0xc8, 0xc8, 0xff, 0xc8, 0xc8, 0xc8, 0xff, 0xc8, 0xcc, 0xc8, 0xff,
    0xc8, 0xcc, 0xc8, 0xff, 0xc8, 0xc8, 0xc8, 0xff, 0xc8, 0xcc, 0xc8, 0xff,
    0xc8, 0xc8, 0xc8, 0xff, 0xc8, 0xc8, 0xc8, 0xff, 0xc8, 0xcc, 0xc8, 0xff,
    0xc8, 0xc8, 0xc8, 0xff, 0xc8, 0xc8, 0xc8, 0xff, 0xc8, 0xcc, 0xc8, 0xff,
    0xc8, 0xc8, 0xc8, 0xff, 0xc8, 0xcc, 0xc8, 0xff, 0xc8, 0xcc, 0xc8, 0xff,
    0xc8, 0xc8, 0xc8, 0xff, 0xc8, 0xcc, 0xc8, 0xff, 0xc8, 0xcc, 0xc8, 0xff,
    0xc8, 0xc8, 0xc8, 0xff, 0xc8, 0xc8, 0xc8, 0xff, 0xc8, 0xcc, 0xc8, 0xff,
    0xc8, 0xc8, 0xc8, 0xff, 0xc8, 0xcc, 0xc8, 0xff, 0xc8, 0xc8, 0xc8, 0xff,
    0xc8, 0xc8, 0xc8, 0xff, 0xc8, 0xcc, 0xc8, 0xff, 0xc8, 0xc8, 0xc8, 0xff,
    0xc8, 0xc8, 0xc8, 0xff, 0xc8, 0xcc, 0xc8, 0xff, 0xc8, 0xc8, 0xc8, 0xff,
    0xc8, 0xcc, 0xc8, 0xff, 0xc8, 0xcc, 0xc8, 0xff, 0xc8, 0xc8, 0xc8, 0xff,
    0xc8, 0xcc, 0xc8, 0xff, 0xc8, 0xc8, 0xc8, 0xff, 0xc8, 0xcc, 0xc8, 0xff,
    0xc8, 0xc8, 0xc8, 0xff, 0xc8, 0xc8, 0xc8, 0xff, 0xc8, 0xcc, 0xc8, 0xff,
    0xc8, 0xcc, 0xc8, 0xff, 0xc8, 0xc8, 0xc8, 0xff, 0xc8, 0xcc, 0xc8, 0xff,
    0xc8, 0xc8, 0xc8, 0xff, 0xc8, 0xc8, 0xc8, 0xff, 0xc8, 0xcc, 0xc8, 0xff,
    0xc8, 0xc8, 0xc8, 0xff, 0xc8, 0xc8, 0xc8, 0xff, 0xc8, 0xcc, 0xc8, 0xff,
    0xc8, 0xc8, 0xc8, 0xff, 0xc8, 0xcc, 0xc8, 0xff, 0xc8, 0xcc, 0xc8, 0xff,
    0xc8, 0xc8, 0xc8, 0xff, 0xc8, 0xcc, 0xc8, 0xff, 0xc8, 0xcc, 0xc8, 0xff,
    0xc8, 0xc8, 0xc8, 0xff, 0xc8, 0xc8, 0xc8, 0xff, 0xc8, 0xcc, 0xc8, 0xff,
    0xc8, 0xc8, 0xc8, 0xff, 0xc8, 0xcc, 0xc8, 0xff, 0xc8, 0xc8, 0xc8, 0xff,
    0xc8, 0xc8, 0xc8, 0xff, 0xc8, 0xcc, 0xc8, 0xff, 0xc8, 0xc8, 0xc8, 0xff,
    0xc8, 0xc8, 0xc8, 0xff, 0xc8, 0xcc, 0xc8, 0xff, 0xc8, 0xc8, 0xc8, 0xff,
    0xc8, 0xcc, 0xc8, 0xff, 0xc8, 0xcc, 0xc8, 0xff, 0xc8, 0xc8, 0xc8, 0xff,
    0xc8, 0xcc, 0xc8, 0xff, 0xc8, 0xc8, 0xc8, 0xff, 0xc8, 0xcc, 0xc8, 0xff,
    0xc8, 0xc8, 0xc8, 0xff, 0xc8, 0xc8, 0xc8, 0xff, 0xc8, 0xcc, 0xc8, 0xff,
    0xc8, 0xcc, 0xc8, 0xff, 0xc8, 0xc8, 0xc8, 0xff, 0xd0, 0xcc, 0xd0, 0xff,
    0xc8, 0xc8, 0xc8, 0xff, 0xc8, 0xc8, 0xc8, 0xff, 0xc8, 0xcc, 0xc8, 0xff,
    0xc8, 0xc8, 0xc8, 0xff, 0xc8, 0xc8, 0xc8, 0xff, 0xc8, 0xcc, 0xc8, 0xff,
    0xc8, 0xc8, 0xc8, 0xff, 0xc8, 0xc8, 0xc8, 0xff, 0xc8, 0xcc, 0xc8, 0xff,
    0xc8, 0xc8, 0xc8, 0xff, 0xc8, 0xcc, 0xc8, 0xff, 0xd0, 0xcc, 0xd0, 0xff,
    0xc8, 0xc8, 0xc8, 0xff, 0xc8, 0xcc, 0xc8, 0xff, 0xc8, 0xc8, 0xc8, 0x41,
    0xc8, 0xcc, 0xc8, 0x8e, 0xc8, 0xc8, 0xc8, 0xff, 0xd0, 0xc8, 0xd0, 0xff,
    0xc8, 0xcc, 0xc8, 0xff, 0xc8, 0xc8, 0xc8, 0xff, 0xc8, 0xc8, 0xc8, 0xff,
    0xc8, 0xcc, 0xc8, 0xff, 0xd0, 0xcc, 0xd0, 0xff, 0xc8, 0xc8, 0xc8, 0xff,
    0xc8, 0xcc, 0xc8, 0xff, 0xd0, 0xc8, 0xd0, 0xff, 0xc8, 0xc8, 0xc8, 0xff,
    0xc8, 0xcc, 0xc8, 0xff, 0xc8, 0xcc, 0xc8, 0xff, 0xc8, 0xc8, 0xc8, 0xff,
    0xd0, 0xcc, 0xd0, 0xff, 0xc8, 0xc8, 0xc8, 0xff, 0xc8, 0xc8, 0xc8, 0xff,
    0xd0, 0xcc, 0xd0, 0xff, 0xc8, 0xc8, 0xc8, 0xff, 0xd0, 0xc8, 0xd0, 0xff,
    0xc8, 0xcc, 0xc8, 0xff, 0xd0, 0xc8, 0xd0, 0xff, 0xc8, 0xcc, 0xc8, 0xff,
    0xd0, 0xc8, 0xd0, 0xff, 0xc8, 0xcc, 0xc8, 0xff, 0xc8, 0xc8, 0xc8, 0xff,
    0xd0, 0xc8, 0xd0, 0xff, 0xc8, 0xcc, 0xc8, 0xff, 0xd0, 0xcc, 0xd0, 0xff,
    0xc8, 0xc8, 0xc8, 0xff, 0xd0, 0xcc, 0xd0, 0xff, 0xc8, 0xcc, 0xc8, 0xff,
    0xd0, 0xc8, 0xd0, 0xff, 0xc8, 0xcc, 0xc8, 0xff, 0xc8, 0xc8, 0xc8, 0xff,
    0xd0, 0xc8, 0xd0, 0xff, 0xc8, 0xcc, 0xc8, 0xff, 0xd0, 0xc8, 0xd0, 0xff,
    0xc8, 0xc8, 0xc8, 0xff, 0xd0, 0xcc, 0xd0, 0xff, 0xc8, 0xc8, 0xc8, 0xff,
    0xd0, 0xcc, 0xd0, 0xff, 0xc8, 0xcc, 0xc8, 0xff, 0xc8, 0xc8, 0xc8, 0xff,
    0xd0, 0xc8, 0xd0, 0xff, 0xc8, 0xcc, 0xc8, 0xff, 0xd0, 0xcc, 0xd0, 0xff,
    0xc8, 0xc8, 0xc8, 0xff, 0xd0, 0xcc, 0xd0, 0xff, 0xc8, 0xcc, 0xc8, 0xff,
    0xd0, 0xc8, 0xd0, 0xff, 0xc8, 0xcc, 0xc8, 0xff, 0xc8, 0xc8, 0xc8, 0xff,
    0xd0, 0xc8, 0xd0, 0xff, 0xc8, 0xcc, 0xc8, 0xff, 0xd0, 0xc8, 0xd0, 0xff,
    0xc8, 0xcc, 0xc8, 0xff, 0xd0, 0xcc, 0xd0, 0xff, 0xc8, 0xc8, 0xc8, 0xff,
    0xd0, 0xcc, 0xd0, 0xff, 0xc8, 0xc8, 0xc8, 0xff, 0xc8, 0xc8, 0xc8, 0xff,
    0xd0, 0xc8, 0xd0, 0xff, 0xc8, 0xcc, 0xc8, 0xff, 0xd0, 0xcc, 0xd0, 0xff,
    0xc8, 0xc8, 0xc8, 0xff, 0xd0, 0xcc, 0xd0, 0xff, 0xc8, 0xcc, 0xc8, 0xff,
    0xd0, 0xc8, 0xd0, 0xff, 0xc8, 0xcc, 0xc8, 0xff, 0xc8, 0xc8, 0xc8, 0xff,
    0xd0, 0xc8, 0xd0, 0xff, 0xc8, 0xcc, 0xc8, 0xff, 0xd0, 0xc8, 0xd0, 0xff,
    0xc8, 0xc8, 0xc8, 0xff, 0xd0, 0xcc, 0xd0, 0xff, 0xc8, 0xc8, 0xc8, 0xff,
    0xd0, 0xcc, 0xd0, 0xff, 0xc8, 0xcc, 0xc8, 0xff, 0xc8, 0xc8, 0xc8, 0xff,
    0xd0, 0xc8, 0xd0, 0xff, 0xc8, 0xcc, 0xc8, 0xff, 0xd0, 0xcc, 0xd0, 0xff,
    0xc8, 0xc8, 0xc8, 0xff, 0xd0, 0xcc, 0xd0, 0xff, 0xc8, 0xcc, 0xc8, 0xff,
    0xd0, 0xc8, 0xd0, 0xff, 0xc8, 0xcc, 0xc8, 0xff, 0xc8, 0xc8, 0xc8, 0xff,
    0xd0, 0xc8, 0xd0, 0xff, 0xc8, 0xcc, 0xc8, 0xff, 0xd0, 0xc8, 0xd0, 0xff,
    0xc8, 0xcc, 0xc8, 0xff, 0xd0, 0xcc, 0xd0, 0xff, 0xc8, 0xc8, 0xc8, 0xff,
    0xd0, 0xcc, 0xd0, 0xff, 0xc8, 0xc8, 0xc8, 0xff, 0xc8, 0xc8, 0xc8, 0xff,
    0xd0, 0xc8, 0xd0, 0xff, 0xc8, 0xcc, 0xc8, 0xff, 0xd0, 0xcc, 0xd0, 0xff,
    0xc8, 0xc8, 0xc8, 0xff, 0xd0, 0xcc, 0xd0, 0xff, 0xc8, 0xcc, 0xc8, 0xff,
    0xd0, 0xc8, 0xd0, 0xff, 0xc8, 0xcc, 0xc8, 0xff, 0xc8, 0xc8, 0xc8, 0xff,
    0xd0, 0xc8, 0xd0, 0xff, 0xc8, 0xcc, 0xc8, 0xff, 0xd0, 0xc8, 0xd0, 0xff,
    0xc8, 0xc8, 0xc8, 0xff, 0xd0, 0xcc, 0xd0, 0xff, 0xc8, 0xc8, 0xc8, 0xff,
    0xd0, 0xcc, 0xd0, 0xff, 0xc8, 0xcc, 0xc8, 0xff, 0xc8, 0xc8, 0xc8, 0xff,
    0xd0, 0xc8, 0xd0, 0xff, 0xc8, 0xcc, 0xc8, 0xff, 0xd0, 0xcc, 0xd0, 0xff,
    0xc8, 0xc8, 0xc8, 0xff, 0xd0, 0xcc, 0xd0, 0xff, 0xc8, 0xcc, 0xc8, 0xff,
    0xd0, 0xc8, 0xd0, 0xff, 0xc8, 0xcc, 0xc8, 0xff, 0xc8, 0xc8, 0xc8, 0xff,
    0xd0, 0xc8, 0xd0, 0xff, 0xc8, 0xcc, 0xc8, 0xff, 0xd0, 0xc8, 0xd0, 0xff,
    0xc8, 0xcc, 0xc8, 0xff, 0xd0, 0xcc, 0xd0, 0xff, 0xc8, 0xc8, 0xc8, 0xff,
    0xd0, 0xcc, 0xd0, 0xff, 0xc8, 0xc8, 0xc8, 0xff, 0xc8, 0xc8, 0xc8, 0xff,
    0xd0, 0xcc, 0xd0, 0xff, 0xc8, 0xc8, 0xc8, 0xff, 0xc8, 0xcc, 0xc8, 0xff,
    0xc8, 0xcc, 0xc8, 0xff, 0xd0, 0xc8, 0xd0, 0xff, 0xc8, 0xcc, 0xc8, 0xff,
    0xd0, 0xcc, 0xd0, 0xff, 0xc8, 0xc8, 0xc8, 0xff, 0xc8, 0xcc, 0xc8, 0xff,
    0xd0, 0xcc, 0xd0, 0xff, 0xc8, 0xc8, 0xc8, 0xff, 0xc8, 0xcc, 0xc8, 0xff,
    0xc8, 0xc8, 0xc8, 0xff, 0xc8, 0xc8, 0xc8, 0xff, 0xd0, 0xcc, 0xd0, 0xff,
    0xc8, 0xc8, 0xc8, 0xff, 0xc8, 0xc8, 0xc8, 0xff, 0xd0, 0xcc, 0xd0, 0x8e,
    0xc8, 0xc8, 0xc8, 0xbe, 0xc8, 0xcc, 0xc8, 0xff, 0xd0, 0xcc, 0xd0, 0xff,
    0xc8, 0xc8, 0xc8, 0xff, 0xd0, 0xcc, 0xd0, 0xff, 0xc8, 0xc8, 0xc8, 0xff,
    0xc8, 0xc8, 0xc8, 0xff, 0xc8, 0xcc, 0xc8, 0xff, 0xd0, 0xc8, 0xd0, 0xff,
    0xc8, 0xcc, 0xc8, 0xff, 0xc8, 0xc8, 0xc8, 0xff, 0xd0, 0xc8, 0xd0, 0xff,
    0xc8, 0xcc, 0xc8, 0xff, 0xc8, 0xc8, 0xc8, 0xff, 0xd0, 0xcc, 0xd0, 0xff,
    0xc8, 0xcc, 0xc8, 0xff, 0xc8, 0xc8, 0xc8, 0xff, 0xd0, 0xcc, 0xd0, 0xff,
    0xc8, 0xcc, 0xc8, 0xff, 0xc8, 0xc8, 0xc8, 0xff, 0xc8, 0xcc, 0xc8, 0xff,
    0xc8, 0xc8, 0xc8, 0xff, 0xc8, 0xcc, 0xc8, 0xff, 0xd0, 0xc8, 0xd0, 0xff,
    0xc8, 0xcc, 0xc8, 0xff, 0xc8, 0xc8, 0xc8, 0xff, 0xd0, 0xcc, 0xd0, 0xff,
    0xc8, 0xc8, 0xc8, 0xff, 0xc8, 0xcc, 0xc8, 0xff, 0xc8, 0xc8, 0xc8, 0xff,
    0xc8, 0xc8, 0xc8, 0xff, 0xc8, 0xcc, 0xc8, 0xff, 0xd0, 0xc8, 0xd0, 0xff,
    0xc8, 0xcc, 0xc8, 0xff, 0xc8, 0xcc, 0xc8, 0xff, 0xd0, 0xc8, 0xd0, 0xff,
    0xc8, 0xcc, 0xc8, 0xff, 0xc8, 0xcc, 0xc8, 0xff, 0xc8, 0xc8, 0xc8, 0xff,
    0xc8, 0xcc, 0xc8, 0xff, 0xc8, 0xc8, 0xc8, 0xff, 0xd0, 0xc8, 0xd0, 0xff,
    0xc8, 0xcc, 0xc8, 0xff, 0xc8, 0xc8, 0xc8, 0xff, 0xd0, 0xcc, 0xd0, 0xff,
    0xc8, 0xcc, 0xc8, 0xff, 0xc8, 0xc8, 0xc8, 0xff, 0xc8, 0xcc, 0xc8, 0xff,
    0xc8, 0xc8, 0xc8, 0xff, 0xc8, 0xc8, 0xc8, 0xff, 0xd0, 0xcc, 0xd0, 0xff,
    0xc8, 0xcc, 0xc8, 0xff, 0xc8, 0xc8, 0xc8, 0xff, 0xd0, 0xcc, 0xd0, 0xff,
    0xc8, 0xc8, 0xc8, 0xff, 0xc8, 0xc8, 0xc8, 0xff, 0xc8, 0xcc, 0xc8, 0xff,
    0xc8, 0xc8, 0xc8, 0xff, 0xc8, 0xc8, 0xc8, 0xff, 0xd0, 0xcc, 0xd0, 0xff,
    0xc8, 0xcc, 0xc8, 0xff, 0xc8, 0xcc, 0xc8, 0xff, 0xd0, 0xc8, 0xd0, 0xff,
    0xc8, 0xcc, 0xc8, 0xff, 0xc8, 0xc8, 0xc8, 0xff, 0xc8, 0xc8, 0xc8, 0xff,
    0xc8, 0xcc, 0xc8, 0xff, 0xc8, 0xc8, 0xc8, 0xff, 0xd0, 0xc8, 0xd0, 0xff,
    0xc8, 0xcc, 0xc8, 0xff, 0xc8, 0xcc, 0xc8, 0xff, 0xd0, 0xc8, 0xd0, 0xff,
    0xc8, 0xcc, 0xc8, 0xff, 0xc8, 0xcc, 0xc8, 0xff, 0xc8, 0xc8, 0xc8, 0xff,
    0xc8, 0xcc, 0xc8, 0xff, 0xc8, 0xc8, 0xc8, 0xff, 0xd0, 0xc8, 0xd0, 0xff,
    0xc8, 0xcc, 0xc8, 0xff, 0xc8, 0xc8, 0xc8, 0xff, 0xd0, 0xcc, 0xd0, 0xff,
    0xc8, 0xcc, 0xc8, 0xff, 0xc8, 0xc8, 0xc8, 0xff, 0xc8, 0xcc, 0xc8, 0xff,
    0xc8, 0xc8, 0xc8, 0xff, 0xc8, 0xc8, 0xc8, 0xff, 0xd0, 0xcc, 0xd0, 0xff,
    0xc8, 0xcc, 0xc8, 0xff, 0xc8, 0xc8, 0xc8, 0xff, 0xd0, 0xcc, 0xd0, 0xff,
    0xc8, 0xc8, 0xc8, 0xff, 0xc8, 0xc8, 0xc8, 0xff, 0xc8, 0xcc, 0xc8, 0xff,
    0xc8, 0xc8, 0xc8, 0xff, 0xc8, 0xc8, 0xc8, 0xff, 0xd0, 0xcc, 0xd0, 0xff,
    0xc8, 0xcc, 0xc8, 0xff, 0xc8, 0xcc, 0xc8, 0xff, 0xd0, 0xc8, 0xd0, 0xff,
    0xc8, 0xcc, 0xc8, 0xff, 0xc8, 0xc8, 0xc8, 0xff, 0xc8, 0xc8, 0xc8, 0xff,
    0xc8, 0xcc, 0xc8, 0xff, 0xc8, 0xc8, 0xc8, 0xff, 0xd0, 0xc8, 0xd0, 0xff,
    0xc8, 0xcc, 0xc8, 0xff, 0xc8, 0xcc, 0xc8, 0xff, 0xd0, 0xc8, 0xd0, 0xff,
    0xc8, 0xcc, 0xc8, 0xff, 0xc8, 0xcc, 0xc8, 0xff, 0xc8, 0xc8, 0xc8, 0xff,
    0xc8, 0xcc, 0xc8, 0xff, 0xc8, 0xc8, 0xc8, 0xff, 0xd0, 0xc8, 0xd0, 0xff,
    0xc8, 0xcc, 0xc8, 0xff, 0xc8, 0xc8, 0xc8, 0xff, 0xd0, 0xcc, 0xd0, 0xff,
    0xc8, 0xcc, 0xc8, 0xff, 0xc8, 0xc8, 0xc8, 0xff, 0xc8, 0xcc, 0xc8, 0xff,
    0xc8, 0xc8, 0xc8, 0xff, 0xc8, 0xc8, 0xc8, 0xff, 0xd0, 0xcc, 0xd0, 0xff,
    0xc8, 0xcc, 0xc8, 0xff, 0xc8, 0xc8, 0xc8, 0xff, 0xd0, 0xcc, 0xd0, 0xff,
    0xc8, 0xc8, 0xc8, 0xff, 0xc8, 0xc8, 0xc8, 0xff, 0xc8, 0xcc, 0xc8, 0xff,
    0xc8, 0xc8, 0xc8, 0xff, 0xc8, 0xc8, 0xc8, 0xff, 0xd0, 0xcc, 0xd0, 0xff,
    0xc8, 0xcc, 0xc8, 0xff, 0xc8, 0xc8, 0xc8, 0xff, 0xd0, 0xcc, 0xd0, 0xff,
    0xc8, 0xc8, 0xc8, 0xff, 0xc8, 0xc8, 0xc8, 0xff, 0xc8, 0xcc, 0xc8, 0xff,
    0xd0, 0xc8, 0xd0, 0xff, 0xc8, 0xc8, 0xc8, 0xff, 0xc8, 0xcc, 0xc8, 0xff,
    0xc8, 0xc8, 0xc8, 0xff, 0xd0, 0xc8, 0xd0, 0xff, 0xc8, 0xcc, 0xc8, 0xff,
    0xc8, 0xc8, 0xc8, 0xff, 0xd0, 0xcc, 0xd0, 0xff, 0xd0, 0xcc, 0xd0, 0xff,
    0xc8, 0xc8, 0xc8, 0xff, 0xc8, 0xcc, 0xc8, 0xff, 0xc8, 0xc8, 0xc8, 0xff,
    0xd0, 0xcc, 0xd0, 0xff, 0xc8, 0xc8, 0xc8, 0xff, 0xc8, 0xcc, 0xc8, 0xae,
    0xc8, 0xc8, 0xc8, 0xcf, 0xc8, 0xcc, 0xc8, 0xff, 0xc8, 0xc8, 0xc8, 0xff,
    0xc8, 0xcc, 0xc8, 0xff, 0xc8, 0xcc, 0xc8, 0xff, 0xd0, 0xc8, 0xd0, 0xff,
    0xc8, 0xcc, 0xc8, 0xff, 0xc8, 0xc8, 0xc8, 0xff, 0xc8, 0xcc, 0xc8, 0xff,
    0xc8, 0xcc, 0xc8, 0xff, 0xc8, 0xc8, 0xc8, 0xff, 0xd0, 0xcc, 0xd0, 0xff,
    0xc8, 0xc8, 0xc8, 0xff, 0xc8, 0xc8, 0xc8, 0xff, 0xd0, 0xcc, 0xd0, 0xff,
    0xc8, 0xc8, 0xc8, 0xff, 0xc8, 0xc8, 0xc8, 0xff, 0xc8, 0xcc, 0xc8, 0xff,
    0xc8, 0xc8, 0xc8, 0xff, 0xd0, 0xcc, 0xd0, 0xff, 0xc8, 0xcc, 0xc8, 0xff,
    0xc8, 0xc8, 0xc8, 0xff, 0xc8, 0xc8, 0xc8, 0xff, 0xc8, 0xcc, 0xc8, 0xff,
    0xc8, 0xc8, 0xc8, 0xff, 0xc8, 0xcc, 0xc8, 0xff, 0xc8, 0xcc, 0xc8, 0xff,
    0xc8, 0xc8, 0xc8, 0xff, 0xd0, 0xcc, 0xd0, 0xff, 0xc8, 0xcc, 0xc8, 0xff,
    0xc8, 0xc8, 0xc8, 0xff, 0xc8, 0xcc, 0xc8, 0xff, 0xc8, 0xc8, 0xc8, 0xff,
    0xc8, 0xc8, 0xc8, 0xff, 0xc8, 0xcc, 0xc8, 0xff, 0xc8, 0xc8, 0xc8, 0xff,
    0xc8, 0xcc, 0xc8, 0xff, 0xd0, 0xc8, 0xd0, 0xff, 0xc8, 0xcc, 0xc8, 0xff,
    0xc8, 0xcc, 0xc8, 0xff, 0xc8, 0xc8, 0xc8, 0xff, 0xc8, 0xcc, 0xc8, 0xff,
    0xc8, 0xc8, 0xc8, 0xff, 0xc8, 0xc8, 0xc8, 0xff, 0xc8, 0xcc, 0xc8, 0xff,
    0xc8, 0xc8, 0xc8, 0xff, 0xd0, 0xc8, 0xd0, 0xff, 0xc8, 0xcc, 0xc8, 0xff,
    0xc8, 0xcc, 0xc8, 0xff, 0xc8, 0xc8, 0xc8, 0xff, 0xc8, 0xc8, 0xc8, 0xff,
    0xc8, 0xcc, 0xc8, 0xff, 0xc8, 0xc8, 0xc8, 0xff, 0xc8, 0xcc, 0xc8, 0xff,
    0xc8, 0xcc, 0xc8, 0xff, 0xd0, 0xc8, 0xd0, 0xff, 0xc8, 0xcc, 0xc8, 0xff,
    0xc8, 0xcc, 0xc8, 0xff, 0xc8, 0xc8, 0xc8, 0xff, 0xc8, 0xc8, 0xc8, 0xff,
    0xc8, 0xcc, 0xc8, 0xff, 0xc8, 0xc8, 0xc8, 0xff, 0xc8, 0xcc, 0xc8, 0xff,
    0xc8, 0xcc, 0xc8, 0xff, 0xd0, 0xc8, 0xd0, 0xff, 0xc8, 0xcc, 0xc8, 0xff,
    0xc8, 0xcc, 0xc8, 0xff, 0xc8, 0xc8, 0xc8, 0xff, 0xc8, 0xc8, 0xc8, 0xff,
    0xc8, 0xcc, 0xc8, 0xff, 0xc8, 0xc8, 0xc8, 0xff, 0xc8, 0xcc, 0xc8, 0xff,
    0xc8, 0xc8, 0xc8, 0xff, 0xd0, 0xc8, 0xd0, 0xff, 0xc8, 0xcc, 0xc8, 0xff,
    0xc8, 0xcc, 0xc8, 0xff, 0xc8, 0xc8, 0xc8, 0xff, 0xc8, 0xcc, 0xc8, 0xff,
    0xc8, 0xc8, 0xc8, 0xff, 0xc8, 0xc8, 0xc8, 0xff, 0xc8, 0xcc, 0xc8, 0xff,
    0xc8, 0xc8, 0xc8, 0xff, 0xd0, 0xc8, 0xd0, 0xff, 0xc8, 0xcc, 0xc8, 0xff,
    0xc8, 0xcc, 0xc8, 0xff, 0xc8, 0xc8, 0xc8, 0xff, 0xc8, 0xc8, 0xc8, 0xff,
    0xc8, 0xcc, 0xc8, 0xff, 0xc8, 0xc8, 0xc8, 0xff, 0xc8, 0xcc, 0xc8, 0xff,
    0xc8, 0xcc, 0xc8, 0xff, 0xd0, 0xc8, 0xd0, 0xff, 0xc8, 0xcc, 0xc8, 0xff,
    0xc8, 0xcc, 0xc8, 0xff, 0xc8, 0xc8, 0xc8, 0xff, 0xc8, 0xc8, 0xc8, 0xff,
    0xc8, 0xcc, 0xc8, 0xff, 0xc8, 0xc8, 0xc8, 0xff, 0xc8, 0xcc, 0xc8, 0xff,
    0xc8, 0xcc, 0xc8, 0xff, 0xd0, 0xc8, 0xd0, 0xff, 0xc8, 0xcc, 0xc8, 0xff,
    0xc8, 0xcc, 0xc8, 0xff, 0xc8, 0xc8, 0xc8, 0xff, 0xc8, 0xc8, 0xc8, 0xff,
    0xc8, 0xcc, 0xc8, 0xff, 0xc8, 0xc8, 0xc8, 0xff, 0xc8, 0xcc, 0xc8, 0xff,
    0xc8, 0xc8, 0xc8, 0xff, 0xd0, 0xc8, 0xd0, 0xff, 0xc8, 0xcc, 0xc8, 0xff,
    0xc8, 0xcc, 0xc8, 0xff, 0xc8, 0xc8, 0xc8, 0xff, 0xc8, 0xcc, 0xc8, 0xff,
    0xc8, 0xc8, 0xc8, 0xff, 0xc8, 0xc8, 0xc8, 0xff, 0xc8, 0xcc, 0xc8, 0xff,
    0xc8, 0xc8, 0xc8, 0xff, 0xd0, 0xc8, 0xd0, 0xff, 0xc8, 0xcc, 0xc8, 0xff,
    0xc8, 0xcc, 0xc8, 0xff, 0xc8, 0xc8, 0xc8, 0xff, 0xc8, 0xc8, 0xc8, 0xff,
    0xc8, 0xcc, 0xc8, 0xff, 0xc8, 0xc8, 0xc8, 0xff, 0xc8, 0xcc, 0xc8, 0xff,
    0xc8, 0xcc, 0xc8, 0xff, 0xd0, 0xc8, 0xd0, 0xff, 0xc8, 0xcc, 0xc8, 0xff,
    0xc8, 0xcc, 0xc8, 0xff, 0xc8, 0xc8, 0xc8, 0xff, 0xc8, 0xcc, 0xc8, 0xff,
    0xc8, 0xc8, 0xc8, 0xff, 0xc8, 0xcc, 0xc8, 0xff, 0xc8, 0xcc, 0xc8, 0xff,
    0xd0, 0xc8, 0xd0, 0xff, 0xc8, 0xcc, 0xc8, 0xff, 0xc8, 0xcc, 0xc8, 0xff,
    0xc8, 0xc8, 0xc8, 0xff, 0xc8, 0xcc, 0xc8, 0xff, 0xc8, 0xcc, 0xc8, 0xff,
    0xc8, 0xc8, 0xc8, 0xff, 0xc8, 0xcc, 0xc8, 0xff, 0xc8, 0xc8, 0xc8, 0xff,
    0xc8, 0xc8, 0xc8, 0xff, 0xc8, 0xcc, 0xc8, 0xff, 0xc8, 0xc8, 0xc8, 0xff,
    0xd0, 0xcc, 0xd0, 0xff, 0xc8, 0xc8, 0xc8, 0xff, 0xc8, 0xcc, 0xc8, 0xff,
    0xc8, 0xcc, 0xc8, 0xff, 0xc8, 0xc8, 0xc8, 0xff, 0xc8, 0xc8, 0xc8, 0xdf,
    0xc8, 0xc8, 0xc8, 0xdf, 0xd0, 0xc8, 0xd0, 0xff, 0xc8, 0xcc, 0xc8, 0xff,
    0xc8, 0xc8, 0xc8, 0xff, 0xc8, 0xc8, 0xc8, 0xff, 0xd0, 0xcc, 0xd0, 0xff,
    0xc8, 0xcc, 0xc8, 0xff, 0xc8, 0xc8, 0xc8, 0xff, 0xd0, 0xc8, 0xd0, 0xff,
    0xc8, 0xcc, 0xc8, 0xff, 0xc8, 0xcc, 0xc8, 0xff, 0xc8, 0xc8, 0xc8, 0xff,
    0xc8, 0xcc, 0xc8, 0xff, 0xc8, 0xcc, 0xc8, 0xff, 0xc8, 0xc8, 0xc8, 0xff,
    0xc8, 0xcc, 0xc8, 0xff, 0xd0, 0xcc, 0xd0, 0xff, 0xc8, 0xc8, 0xc8, 0xff,
    0xc8, 0xc8, 0xc8, 0xff, 0xd0, 0xcc, 0xd0, 0xff, 0xc8, 0xc8, 0xc8, 0xff,
    0xd0, 0xcc, 0xd0, 0xff, 0xd0, 0xcc, 0xd0, 0xff, 0xc8, 0xc8, 0xc8, 0xff,
    0xc8, 0xc8, 0xc8, 0xff, 0xd0, 0xcc, 0xd0, 0xff, 0xc8, 0xc8, 0xc8, 0xff,
    0xc8, 0xc8, 0xc8, 0xff, 0xd0, 0xcc, 0xd0, 0xff, 0xc8, 0xc8, 0xc8, 0xff,
    0xd0, 0xcc, 0xd0, 0xff, 0xd0, 0xcc, 0xd0, 0xff, 0xc8, 0xc8, 0xc8, 0xff,
    0xc8, 0xcc, 0xc8, 0xff, 0xd0, 0xc8, 0xd0, 0xff, 0xc8, 0xcc, 0xc8, 0xff,
    0xc8, 0xc8, 0xc8, 0xff, 0xd0, 0xc8, 0xd0, 0xff, 0xc8, 0xcc, 0xc8, 0xff,
    0xd0, 0xc8, 0xd0, 0xff, 0xd0, 0xcc, 0xd0, 0xff, 0xc8, 0xcc, 0xc8, 0xff,
    0xc8, 0xc8, 0xc8, 0xff, 0xd0, 0xcc, 0xd0, 0xff, 0xc8, 0xcc, 0xc8, 0xff,
    0xc8, 0xc8, 0xc8, 0xff, 0xd0, 0xcc, 0xd0, 0xff, 0xc8, 0xc8, 0xc8, 0xff,
    0xd0, 0xcc, 0xd0, 0xff, 0xd0, 0xcc, 0xd0, 0xff, 0xc8, 0xc8, 0xc8, 0xff,
    0xc8, 0xc8, 0xc8, 0xff, 0xd0, 0xcc, 0xd0, 0xff, 0xc8, 0xc8, 0xc8, 0xff,
    0xc8, 0xcc, 0xc8, 0xff, 0xd0, 0xc8, 0xd0, 0xff, 0xc8, 0xc8, 0xc8, 0xff,
    0xd0, 0xcc, 0xd0, 0xff, 0xd0, 0xcc, 0xd0, 0xff, 0xc8, 0xc8, 0xc8, 0xff,
    0xc8, 0xc8, 0xc8, 0xff, 0xd0, 0xcc, 0xd0, 0xff, 0xc8, 0xc8, 0xc8, 0xff,
    0xc8, 0xc8, 0xc8, 0xff, 0xd0, 0xcc, 0xd0, 0xff, 0xc8, 0xc8, 0xc8, 0xff,
    0xd0, 0xcc, 0xd0, 0xff, 0xd0, 0xcc, 0xd0, 0xff, 0xc8, 0xc8, 0xc8, 0xff,
    0xc8, 0xcc, 0xc8, 0xff, 0xd0, 0xc8, 0xd0, 0xff, 0xc8, 0xcc, 0xc8, 0xff,
    0xc8, 0xcc, 0xc8, 0xff, 0xd0, 0xc8, 0xd0, 0xff, 0xc8, 0xcc, 0xc8, 0xff,
    0xd0, 0xc8, 0xd0, 0xff, 0xd0, 0xcc, 0xd0, 0xff, 0xc8, 0xcc, 0xc8, 0xff,
    0xc8, 0xc8, 0xc8, 0xff, 0xd0, 0xcc, 0xd0, 0xff, 0xc8, 0xcc, 0xc8, 0xff,
    0xc8, 0xc8, 0xc8, 0xff, 0xd0, 0xcc, 0xd0, 0xff, 0xc8, 0xc8, 0xc8, 0xff,
    0xd0, 0xcc, 0xd0, 0xff, 0xd0, 0xcc, 0xd0, 0xff, 0xc8, 0xc8, 0xc8, 0xff,
    0xc8, 0xc8, 0xc8, 0xff, 0xd0, 0xcc, 0xd0, 0xff, 0xc8, 0xc8, 0xc8, 0xff,
    0xc8, 0xcc, 0xc8, 0xff, 0xd0, 0xc8, 0xd0, 0xff, 0xc8, 0xc8, 0xc8, 0xff,
    0xd0, 0xcc, 0xd0, 0xff, 0xd0, 0xcc, 0xd0, 0xff, 0xc8, 0xc8, 0xc8, 0xff,
    0xc8, 0xc8, 0xc8, 0xff, 0xd0, 0xcc, 0xd0, 0xff, 0xc8, 0xc8, 0xc8, 0xff,
    0xc8, 0xc8, 0xc8, 0xff, 0xd0, 0xcc, 0xd0, 0xff, 0xc8, 0xc8, 0xc8, 0xff,
    0xd0, 0xcc, 0xd0, 0xff, 0xd0, 0xcc, 0xd0, 0xff, 0xc8, 0xc8, 0xc8, 0xff,
    0xc8, 0xcc, 0xc8, 0xff, 0xd0, 0xc8, 0xd0, 0xff, 0xc8, 0xcc, 0xc8, 0xff,
    0xc8, 0xcc, 0xc8, 0xff, 0xd0, 0xc8, 0xd0, 0xff, 0xc8, 0xcc, 0xc8, 0xff,
    0xd0, 0xc8, 0xd0, 0xff, 0xd0, 0xcc, 0xd0, 0xff, 0xc8, 0xcc, 0xc8, 0xff,
    0xc8, 0xc8, 0xc8, 0xff, 0xd0, 0xcc, 0xd0, 0xff, 0xc8, 0xcc, 0xc8, 0xff,
    0xc8, 0xc8, 0xc8, 0xff, 0xd0, 0xcc, 0xd0, 0xff, 0xc8, 0xc8, 0xc8, 0xff,
    0xd0, 0xcc, 0xd0, 0xff, 0xd0, 0xcc, 0xd0, 0xff, 0xc8, 0xc8, 0xc8, 0xff,
    0xc8, 0xc8, 0xc8, 0xff, 0xd0, 0xcc, 0xd0, 0xff, 0xc8, 0xc8, 0xc8, 0xff,
    0xc8, 0xcc, 0xc8, 0xff, 0xd0, 0xc8, 0xd0, 0xff, 0xc8, 0xc8, 0xc8, 0xff,
    0xd0, 0xcc, 0xd0, 0xff, 0xd0, 0xc8, 0xd0, 0xff, 0xc8, 0xc8, 0xc8, 0xff,
    0xc8, 0xcc, 0xc8, 0xff, 0xd0, 0xc8, 0xd0, 0xff, 0xc8, 0xc8, 0xc8, 0xff,
    0xc8, 0xcc, 0xc8, 0xff, 0xd0, 0xc8, 0xd0, 0xff, 0xc8, 0xc8, 0xc8, 0xff,
    0xd0, 0xcc, 0xd0, 0xff, 0xc8, 0xc8, 0xc8, 0xff, 0xd0, 0xc8, 0xd0, 0xff,
    0xd0, 0xcc, 0xd0, 0xff, 0xc8, 0xcc, 0xc8, 0xff, 0xd0, 0xc8, 0xd0, 0xff,
    0xc8, 0xcc, 0xc8, 0xff, 0xc8, 0xc8, 0xc8, 0xff, 0xc8, 0xc8, 0xc8, 0xff,
    0xc8, 0xcc, 0xc8, 0xff, 0xd0, 0xc8, 0xd0, 0xff, 0xc8, 0xc8, 0xc8, 0xff,
    0xc8, 0xcc, 0xc8, 0xff, 0xd0, 0xcc, 0xd0, 0xff, 0xc8, 0xc8, 0xc8, 0xdf,
    0xc8, 0xcc, 0xc8, 0xff, 0xc8, 0xc8, 0xc8, 0xff, 0xd0, 0xcc, 0xd0, 0xff,
    0xc8, 0xc8, 0xc8, 0xff, 0xc8, 0xc8, 0xc8, 0xff, 0xc8, 0xcc, 0xc8, 0xff,
    0xc8, 0xc8, 0xc8, 0xff, 0xd0, 0xcc, 0xd0, 0xff, 0xc8, 0xc8, 0xc8, 0xff,
    0xd0, 0xc8, 0xd0, 0xff, 0xc8, 0xcc, 0xc8, 0xff, 0xd0, 0xc8, 0xd0, 0xff,
    0xc8, 0xcc, 0xc8, 0xff, 0xd0, 0xc8, 0xd0, 0xff, 0xc8, 0xc8, 0xc8, 0xff,
    0xc8, 0xcc, 0xc8, 0xff, 0xd0, 0xcc, 0xd0, 0xff, 0xc8, 0xc8, 0xc8, 0xff,
    0xc8, 0xcc, 0xc8, 0xff, 0xc8, 0xc8, 0xc8, 0xff, 0xc8, 0xc8, 0xc8, 0xff,
    0xc8, 0xcc, 0xc8, 0xff, 0xc8, 0xcc, 0xc8, 0xff, 0xc8, 0xc8, 0xc8, 0xff,
    0xd0, 0xcc, 0xd0, 0xff, 0xc8, 0xcc, 0xc8, 0xff, 0xc8, 0xc8, 0xc8, 0xff,
    0xd0, 0xcc, 0xd0, 0xff, 0xc8, 0xc8, 0xc8, 0xff, 0xc8, 0xc8, 0xc8, 0xff,
    0xc8, 0xcc, 0xc8, 0xff, 0xc8, 0xc8, 0xc8, 0xff, 0xc8, 0xcc, 0xc8, 0xff,
    0xd0, 0xc8, 0xd0, 0xff, 0xc8, 0xcc, 0xc8, 0xff, 0xc8, 0xcc, 0xc8, 0xff,
    0xd0, 0xc8, 0xd0, 0xff, 0xc8, 0xcc, 0xc8, 0xff, 0xc8, 0xc8, 0xc8, 0xff,
    0xc8, 0xc8, 0xc8, 0xff, 0xc8, 0xcc, 0xc8, 0xff, 0xc8, 0xc8, 0xc8, 0xff,
    0xd0, 0xc8, 0xd0, 0xff, 0xc8, 0xcc, 0xc8, 0xff, 0xc8, 0xc8, 0xc8, 0xff,
    0xd0, 0xcc, 0xd0, 0xff, 0xc8, 0xc8, 0xc8, 0xff, 0xc8, 0xc8, 0xc8, 0xff,
    0xc8, 0xcc, 0xc8, 0xff, 0xc8, 0xc8, 0xc8, 0xff, 0xc8, 0xcc, 0xc8, 0xff,
    0xd0, 0xcc, 0xd0, 0xff, 0xc8, 0xc8, 0xc8, 0xff, 0xc8, 0xcc, 0xc8, 0xff,
    0xd0, 0xc8, 0xd0, 0xff, 0xc8, 0xcc, 0xc8, 0xff, 0xc8, 0xc8, 0xc8, 0xff,
    0xc8, 0xcc, 0xc8, 0xff, 0xc8, 0xc8, 0xc8, 0xff, 0xc8, 0xcc, 0xc8, 0xff,
    0xd0, 0xcc, 0xd0, 0xff, 0xc8, 0xc8, 0xc8, 0xff, 0xc8, 0xcc, 0xc8, 0xff,
    0xd0, 0xcc, 0xd0, 0xff, 0xc8, 0xc8, 0xc8, 0xff, 0xc8, 0xc8, 0xc8, 0xff,
    0xc8, 0xcc, 0xc8, 0xff, 0xc8, 0xc8, 0xc8, 0xff, 0xc8, 0xcc, 0xc8, 0xff,
    0xd0, 0xc8, 0xd0, 0xff, 0xc8, 0xcc, 0xc8, 0xff, 0xc8, 0xc8, 0xc8, 0xff,
    0xd0, 0xc8, 0xd0, 0xff, 0xc8, 0xcc, 0xc8, 0xff, 0xc8, 0xc8, 0xc8, 0xff,
    0xc8, 0xc8, 0xc8, 0xff, 0xc8, 0xcc, 0xc8, 0xff, 0xc8, 0xc8, 0xc8, 0xff,
    0xd0, 0xc8, 0xd0, 0xff, 0xc8, 0xcc, 0xc8, 0xff, 0xc8, 0xc8, 0xc8, 0xff,
    0xd0, 0xcc, 0xd0, 0xff, 0xc8, 0xc8, 0xc8, 0xff, 0xc8, 0xc8, 0xc8, 0xff,
    0xc8, 0xcc, 0xc8, 0xff, 0xc8, 0xc8, 0xc8, 0xff, 0xc8, 0xcc, 0xc8, 0xff,
    0xd0, 0xcc, 0xd0, 0xff, 0xc8, 0xc8, 0xc8, 0xff, 0xc8, 0xcc, 0xc8, 0xff,
    0xd0, 0xc8, 0xd0, 0xff, 0xc8, 0xcc, 0xc8, 0xff, 0xc8, 0xc8, 0xc8, 0xff,
    0xc8, 0xcc, 0xc8, 0xff, 0xc8, 0xc8, 0xc8, 0xff, 0xc8, 0xcc, 0xc8, 0xff,
    0xd0, 0xcc, 0xd0, 0xff, 0xc8, 0xc8, 0xc8, 0xff, 0xc8, 0xcc, 0xc8, 0xff,
    0xd0, 0xcc, 0xd0, 0xff, 0xc8, 0xc8, 0xc8, 0xff, 0xc8, 0xc8, 0xc8, 0xff,
    0xc8, 0xcc, 0xc8, 0xff, 0xc8, 0xc8, 0xc8, 0xff, 0xc8, 0xcc, 0xc8, 0xff,
    0xd0, 0xc8, 0xd0, 0xff, 0xc8, 0xcc, 0xc8, 0xff, 0xc8, 0xc8, 0xc8, 0xff,
    0xd0, 0xc8, 0xd0, 0xff, 0xc8, 0xcc, 0xc8, 0xff, 0xc8, 0xc8, 0xc8, 0xff,
    0xc8, 0xc8, 0xc8, 0xff, 0xc8, 0xcc, 0xc8, 0xff, 0xc8, 0xc8, 0xc8, 0xff,
    0xd0, 0xc8, 0xd0, 0xff, 0xc8, 0xcc, 0xc8, 0xff, 0xc8, 0xc8, 0xc8, 0xff,
    0xd0, 0xcc, 0xd0, 0xff, 0xc8, 0xc8, 0xc8, 0xff, 0xc8, 0xc8, 0xc8, 0xff,
    0xc8, 0xcc, 0xc8, 0xff, 0xc8, 0xc8, 0xc8, 0xff, 0xc8, 0xcc, 0xc8, 0xff,
    0xd0, 0xcc, 0xd0, 0xff, 0xc8, 0xc8, 0xc8, 0xff, 0xc8, 0xcc, 0xc8, 0xff,
    0xd0, 0xc8, 0xd0, 0xff, 0xc8, 0xcc, 0xc8, 0xff, 0xc8, 0xcc, 0xc8, 0xff,
    0xc8, 0xc8, 0xc8, 0xff, 0xc8, 0xcc, 0xc8, 0xff, 0xc8, 0xcc, 0xc8, 0xff,
    0xd0, 0xc8, 0xd0, 0xff, 0xc8, 0xcc, 0xc8, 0xff, 0xc8, 0xcc, 0xc8, 0xff,
    0xc8, 0xc8, 0xc8, 0xff, 0xc8, 0xcc, 0xc8, 0xff, 0xc8, 0xcc, 0xc8, 0xff,
    0xc8, 0xc8, 0xc8, 0xff, 0xc8, 0xcc, 0xc8, 0xff, 0xc8, 0xc8, 0xc8, 0xff,
    0xc8, 0xcc, 0xc8, 0xff, 0xc8, 0xc8, 0xc8, 0xff, 0xc8, 0xcc, 0xc8, 0xff,
    0xd0, 0xcc, 0xd0, 0xff, 0xc8, 0xc8, 0xc8, 0xff, 0xc8, 0xcc, 0xc8, 0xff,
    0xd0, 0xcc, 0xd0, 0xff, 0xc8, 0xc8, 0xc8, 0xff, 0xc8, 0xc8, 0xc8, 0xff,
    0xd0, 0xcc, 0xd0, 0xff, 0xc8, 0xc8, 0xc8, 0xff, 0xc8, 0xc8, 0xc8, 0xff,
    0xc8, 0xc8, 0xc8, 0xff, 0xc8, 0xcc, 0xc8, 0xff, 0xc8, 0xcc, 0xc8, 0xff,
    0xd0, 0xcc, 0xd0, 0xff, 0xc8, 0xc8, 0xc8, 0xff, 0xc8, 0xcc, 0xc8, 0xff,
    0xd0, 0xc8, 0xd0, 0xff, 0xc8, 0xcc, 0xc8, 0xff, 0xc8, 0xcc, 0xc8, 0xff,
    0xc8, 0xc8, 0xc8, 0xff, 0xc8, 0xc8, 0xc8, 0xff, 0xc8, 0xcc, 0xc8, 0xff,
    0xd0, 0xc8, 0xd0, 0xff, 0xc8, 0xcc, 0xc8, 0xff, 0xc8, 0xc8, 0xc8, 0xff,
    0xc8, 0xc8, 0xc8, 0xff, 0xc8, 0xcc, 0xc8, 0xff, 0xd0, 0xc8, 0xd0, 0xff,
    0xc8, 0xcc, 0xc8, 0xff, 0xc8, 0xcc, 0xc8, 0xff, 0xd0, 0xc8, 0xd0, 0xff,
    0xc8, 0xc8, 0xc8, 0xff, 0xc8, 0xcc, 0xc8, 0xff, 0xc8, 0xc8, 0xc8, 0xff,
    0xc8, 0xc8, 0xc8, 0xff, 0xc8, 0xcc, 0xc8, 0xff, 0xc8, 0xc8, 0xc8, 0xff,
    0xc8, 0xcc, 0xc8, 0xff, 0xc8, 0xcc, 0xc8, 0xff, 0xc8, 0xc8, 0xc8, 0xff,
    0xc8, 0xc8, 0xc8, 0xff, 0xc8, 0xcc, 0xc8, 0xff, 0xd0, 0xc8, 0xd0, 0xff,
    0xc8, 0xc8, 0xc8, 0xff, 0xc8, 0xcc, 0xc8, 0xff, 0xc8, 0xc8, 0xc8, 0xff,
    0xc8, 0xcc, 0xc8, 0xff, 0xc8, 0xcc, 0xc8, 0xff, 0xc8, 0xc8, 0xc8, 0xff,
    0xc8, 0xcc, 0xc8, 0xff, 0xc8, 0xcc, 0xc8, 0xff, 0xd0, 0xc8, 0xd0, 0xff,
    0xc8, 0xcc, 0xc8, 0xff, 0xc8, 0xc8, 0xc8, 0xff, 0xc8, 0xcc, 0xc8, 0xff,
    0xc8, 0xc8, 0xc8, 0xff, 0xc8, 0xcc, 0xc8, 0xff, 0xc8, 0xcc, 0xc8, 0xff,
    0xc8, 0xc8, 0xc8, 0xff, 0xc8, 0xc8, 0xc8, 0xff, 0xd0, 0xcc, 0xd0, 0xff,
    0xc8, 0xc8, 0xc8, 0xff, 0xc8, 0xc8, 0xc8, 0xff, 0xc8, 0xcc, 0xc8, 0xff,
    0xc8, 0xcc, 0xc8, 0xff, 0xc8, 0xc8, 0xc8, 0xff, 0xc8, 0xcc, 0xc8, 0xff,
    0xc8, 0xc8, 0xc8, 0xff, 0xc8, 0xc8, 0xc8, 0xff, 0xd0, 0xcc, 0xd0, 0xff,
    0xc8, 0xc8, 0xc8, 0xff, 0xc8, 0xc8, 0xc8, 0xff, 0xc8, 0xcc, 0xc8, 0xff,
    0xc8, 0xcc, 0xc8, 0xff, 0xc8, 0xc8, 0xc8, 0xff, 0xc8, 0xcc, 0xc8, 0xff,
    0xc8, 0xc8, 0xc8, 0xff, 0xc8, 0xc8, 0xc8, 0xff, 0xd0, 0xcc, 0xd0, 0xff,
    0xc8, 0xcc, 0xc8, 0xff, 0xc8, 0xc8, 0xc8, 0xff, 0xc8, 0xcc, 0xc8, 0xff,
    0xc8, 0xc8, 0xc8, 0xff, 0xc8, 0xcc, 0xc8, 0xff, 0xc8, 0xcc, 0xc8, 0xff,
    0xc8, 0xc8, 0xc8, 0xff, 0xc8, 0xcc, 0xc8, 0xff, 0xd0, 0xcc, 0xd0, 0xff,
    0xc8, 0xc8, 0xc8, 0xff, 0xc8, 0xcc, 0xc8, 0xff, 0xc8, 0xc8, 0xc8, 0xff,
    0xc8, 0xcc, 0xc8, 0xff, 0xc8, 0xcc, 0xc8, 0xff, 0xc8, 0xc8, 0xc8, 0xff,
    0xc8, 0xc8, 0xc8, 0xff, 0xc8, 0xcc, 0xc8, 0xff, 0xd0, 0xc8, 0xd0, 0xff,
    0xc8, 0xc8, 0xc8, 0xff, 0xc8, 0xcc, 0xc8, 0xff, 0xc8, 0xc8, 0xc8, 0xff,
    0xc8, 0xcc, 0xc8, 0xff, 0xc8, 0xcc, 0xc8, 0xff, 0xc8, 0xc8, 0xc8, 0xff,
    0xc8, 0xc8, 0xc8, 0xff, 0xc8, 0xcc, 0xc8, 0xff, 0xd0, 0xc8, 0xd0, 0xff,
    0xc8, 0xcc, 0xc8, 0xff, 0xc8, 0xc8, 0xc8, 0xff, 0xc8, 0xc8, 0xc8, 0xff,
    0xc8, 0xcc, 0xc8, 0xff, 0xc8, 0xc8, 0xc8, 0xff, 0xc8, 0xcc, 0xc8, 0xff,
    0xc8, 0xc8, 0xc8, 0xff, 0xc8, 0xc8, 0xc8, 0xff, 0xd0, 0xcc, 0xd0, 0xff,
    0xc8, 0xcc, 0xc8, 0xff, 0xc8, 0xc8, 0xc8, 0xff, 0xc8, 0xcc, 0xc8, 0xff,
    0xc8, 0xc8, 0xc8, 0xff, 0xc8, 0xcc, 0xc8, 0xff, 0xc8, 0xcc, 0xc8, 0xff,
    0xc8, 0xc8, 0xc8, 0xff, 0xc8, 0xcc, 0xc8, 0xff, 0xd0, 0xcc, 0xd0, 0xff,
    0xc8, 0xc8, 0xc8, 0xff, 0xc8, 0xcc, 0xc8, 0xff, 0xc8, 0xc8, 0xc8, 0xff,
    0xc8, 0xcc, 0xc8, 0xff, 0xc8, 0xcc, 0xc8, 0xff, 0xc8, 0xc8, 0xc8, 0xff,
    0xc8, 0xc8, 0xc8, 0xff, 0xc8, 0xcc, 0xc8, 0xff, 0xd0, 0xc8, 0xd0, 0xff,
    0xc8, 0xc8, 0xc8, 0xff, 0xc8, 0xcc, 0xc8, 0xff, 0xc8, 0xc8, 0xc8, 0xff,
    0xc8, 0xcc, 0xc8, 0xff, 0xc8, 0xc8, 0xc8, 0xff, 0xc8, 0xcc, 0xc8, 0xff,
    0xc8, 0xc8, 0xc8, 0xff, 0xc8, 0xc8, 0xc8, 0xff, 0xc8, 0xcc, 0xc8, 0xff,
    0xc8, 0xc8, 0xc8, 0xff, 0xd0, 0xc8, 0xd0, 0xff, 0xc8, 0xcc, 0xc8, 0xff,
    0xc8, 0xc8, 0xc8, 0xff, 0xd0, 0xcc, 0xd0, 0xff, 0xc8, 0xc8, 0xc8, 0xff,
    0xc8, 0xcc, 0xc8, 0xff, 0xd0, 0xcc, 0xd0, 0xff, 0xc8, 0xc8, 0xc8, 0xff,
    0xc8, 0xc8, 0xc8, 0xff, 0xc8, 0xcc, 0xc8, 0xff, 0xd0, 0xc8, 0xd0, 0xff,
    0xc8, 0xc8, 0xc8, 0xff, 0xc8, 0xcc, 0xc8, 0xff, 0xd0, 0xc8, 0xd0, 0xff,
    0xc8, 0xcc, 0xc8, 0xff, 0xc8, 0xcc, 0xc8, 0xff, 0xc8, 0xcc, 0xc8, 0xff,
    0xc8, 0xc8, 0xc8, 0xff, 0xc8, 0xcc, 0xc8, 0xff, 0xc8, 0xcc, 0xc8, 0xff,
    0xc8, 0xc8, 0xc8, 0xff, 0xc8, 0xc8, 0xc8, 0xff, 0xc8, 0xcc, 0xc8, 0xff,
    0xd0, 0xc8, 0xd0, 0xff, 0xc8, 0xcc, 0xc8, 0xff, 0xc8, 0xc8, 0xc8, 0xff,
    0xc8, 0xcc, 0xc8, 0xff, 0xc8, 0xc8, 0xc8, 0xff, 0xc8, 0xcc, 0xc8, 0xff,
    0xd0, 0xcc, 0xd0, 0xff, 0xc8, 0xc8, 0xc8, 0xff, 0xc8, 0xcc, 0xc8, 0xff,
    0xc8, 0xcc, 0xc8, 0xff, 0xc8, 0xc8, 0xc8, 0xff, 0xd0, 0xcc, 0xd0, 0xff,
    0xc8, 0xcc, 0xc8, 0xff, 0xc8, 0xc8, 0xc8, 0xff, 0xc8, 0xc8, 0xc8, 0xff,
    0xd0, 0xcc, 0xd0, 0xff, 0xc8, 0xcc, 0xc8, 0xff, 0xc8, 0xc8, 0xc8, 0xff,
    0xd0, 0xcc, 0xd0, 0xff, 0xc8, 0xc8, 0xc8, 0xff, 0xd0, 0xcc, 0xd0, 0xff,
    0xc8, 0xcc, 0xc8, 0xff, 0xd0, 0xc8, 0xd0, 0xff, 0xd0, 0xc8, 0xd0, 0xff,
    0xc8, 0xcc, 0xc8, 0xff, 0xd0, 0xcc, 0xd0, 0xff, 0xd0, 0xc8, 0xd0, 0xff,
    0xc8, 0xcc, 0xc8, 0xff, 0xc8, 0xcc, 0xc8, 0xff, 0xc8, 0xc8, 0xc8, 0xff,
    0xc8, 0xcc, 0xc8, 0xff, 0xd0, 0xc8, 0xd0, 0xff, 0xc8, 0xc8, 0xc8, 0xff,
    0xc8, 0xcc, 0xc8, 0xff, 0xd0, 0xc8, 0xd0, 0xff, 0xd0, 0xc8, 0xd0, 0xff,
    0xc8, 0xcc, 0xc8, 0xff, 0xc8, 0xc8, 0xc8, 0xff, 0xc8, 0xcc, 0xc8, 0xff,
    0xc8, 0xcc, 0xc8, 0xff, 0xd0, 0xc8, 0xd0, 0xff, 0xc8, 0xcc, 0xc8, 0xff,
    0xc8, 0xc8, 0xc8, 0xff, 0xd0, 0xc8, 0xd0, 0xff, 0xd0, 0xcc, 0xd0, 0xff,
    0xc8, 0xcc, 0xc8, 0xff, 0xc8, 0xc8, 0xc8, 0xff, 0xc8, 0xcc, 0xc8, 0xff,
    0xc8, 0xcc, 0xc8, 0xff, 0xd0, 0xc8, 0xd0, 0xff, 0xc8, 0xc8, 0xc8, 0xff,
    0xc8, 0xcc, 0xc8, 0xff, 0xd0, 0xc8, 0xd0, 0xff, 0xd0, 0xcc, 0xd0, 0xff,
    0xc8, 0xcc, 0xc8, 0xff, 0xc8, 0xc8, 0xc8, 0xff, 0xc8, 0xcc, 0xc8, 0xff,
    0xc8, 0xcc, 0xc8, 0xff, 0xd0, 0xc8, 0xd0, 0xff, 0xc8, 0xc8, 0xc8, 0xff,
    0xc8, 0xc8, 0xc8, 0xff, 0xd0, 0xcc, 0xd0, 0xff, 0xd0, 0xcc, 0xd0, 0xff,
    0xc8, 0xc8, 0xc8, 0xff, 0xc8, 0xcc, 0xc8, 0xff, 0xc8, 0xc8, 0xc8, 0xff,
    0xc8, 0xc8, 0xc8, 0xff, 0xd0, 0xcc, 0xd0, 0xff, 0xc8, 0xcc, 0xc8, 0xff,
    0xc8, 0xc8, 0xc8, 0xff, 0xd0, 0xc8, 0xd0, 0xff, 0xd0, 0xcc, 0xd0, 0xff,
    0xc8, 0xc8, 0xc8, 0xff, 0xc8, 0xc8, 0xc8, 0xff, 0xc8, 0xcc, 0xc8, 0xff,
    0xc8, 0xcc, 0xc8, 0xff, 0xd0, 0xc8, 0xd0, 0xff, 0xc8, 0xc8, 0xc8, 0xff,
    0xc8, 0xcc, 0xc8, 0xff, 0xd0, 0xcc, 0xd0, 0xff, 0xd0, 0xc8, 0xd0, 0xff,
    0xc8, 0xcc, 0xc8, 0xff, 0xc8, 0xcc, 0xc8, 0xff, 0xc8, 0xc8, 0xc8, 0xff,
    0xc8, 0xcc, 0xc8, 0xff, 0xd0, 0xcc, 0xd0, 0xff, 0xc8, 0xc8, 0xc8, 0xff,
    0xc8, 0xc8, 0xc8, 0xff, 0xd0, 0xcc, 0xd0, 0xff, 0xd0, 0xcc, 0xd0, 0xff,
    0xc8, 0xc8, 0xc8, 0xff, 0xc8, 0xcc, 0xc8, 0xff, 0xc8, 0xc8, 0xc8, 0xff,
    0xc8, 0xc8, 0xc8, 0xff, 0xd0, 0xcc, 0xd0, 0xff, 0xc8, 0xcc, 0xc8, 0xff,
    0xc8, 0xc8, 0xc8, 0xff, 0xd0, 0xcc, 0xd0, 0xff, 0xd0, 0xcc, 0xd0, 0xff,
    0xc8, 0xc8, 0xc8, 0xff, 0xc8, 0xcc, 0xc8, 0xff, 0xc8, 0xc8, 0xc8, 0xff,
    0xc8, 0xc8, 0xc8, 0xff, 0xd0, 0xcc, 0xd0, 0xff, 0xc8, 0xcc, 0xc8, 0xff,
    0xc8, 0xc8, 0xc8, 0xff, 0xd0, 0xc8, 0xd0, 0xff, 0xd0, 0xcc, 0xd0, 0xff,
    0xc8, 0xc8, 0xc8, 0xff, 0xc8, 0xc8, 0xc8, 0xff, 0xc8, 0xcc, 0xc8, 0xff,
    0xc8, 0xcc, 0xc8, 0xff, 0xd0, 0xc8, 0xd0, 0xff, 0xc8, 0xc8, 0xc8, 0xff,
    0xc8, 0xcc, 0xc8, 0xff, 0xd0, 0xcc, 0xd0, 0xff, 0xd0, 0xc8, 0xd0, 0xff,
    0xc8, 0xcc, 0xc8, 0xff, 0xc8, 0xcc, 0xc8, 0xff, 0xc8, 0xc8, 0xc8, 0xff,
    0xc8, 0xcc, 0xc8, 0xff, 0xd0, 0xcc, 0xd0, 0xff, 0xc8, 0xc8, 0xc8, 0xff,
    0xc8, 0xc8, 0xc8, 0xff, 0xd0, 0xcc, 0xd0, 0xff, 0xd0, 0xc8, 0xd0, 0xff,
    0xc8, 0xcc, 0xc8, 0xff, 0xd0, 0xcc, 0xd0, 0xff, 0xc8, 0xc8, 0xc8, 0xff,
    0xc8, 0xcc, 0xc8, 0xff, 0xc8, 0xcc, 0xc8, 0xff, 0xd0, 0xc8, 0xd0, 0xff,
    0xc8, 0xcc, 0xc8, 0xff, 0xc8, 0xc8, 0xc8, 0xff, 0xd0, 0xc8, 0xd0, 0xff,
    0xc8, 0xcc, 0xc8, 0xff, 0xc8, 0xc8, 0xc8, 0xff, 0xd0, 0xcc, 0xd0, 0xff,
    0xc8, 0xcc, 0xc8, 0xff, 0xc8, 0xc8, 0xc8, 0xff, 0xd0, 0xcc, 0xd0, 0xff,
    0xc8, 0xcc, 0xc8, 0xff, 0xc8, 0xc8, 0xc8, 0xff, 0xc8, 0xc8, 0xc8, 0xff,
    0xc8, 0xc8, 0xc8, 0xff, 0xd0, 0xcc, 0xd0, 0xff, 0xc8, 0xc8, 0xc8, 0xff,
    0xc8, 0xc8, 0xc8, 0xff, 0xd0, 0xcc, 0xd0, 0xff, 0xc8, 0xc8, 0xc8, 0xff,
    0xc8, 0xcc, 0xc8, 0xff, 0xc8, 0xc8, 0xc8, 0xff, 0xd0, 0xc8, 0xd0, 0xff,
    0xc8, 0xcc, 0xc8, 0xff, 0xc8, 0xc8, 0xc8, 0xff, 0xd0, 0xcc, 0xd0, 0xff,
    0xc8, 0xc8, 0xc8, 0xff, 0xc8, 0xc8, 0xc8, 0xff, 0xd0, 0xcc, 0xd0, 0xff,
    0xc8, 0xc8, 0xc8, 0xff, 0xc8, 0xc8, 0xc8, 0xff, 0xd0, 0xcc, 0xd0, 0xff,
    0xc8, 0xc8, 0xc8, 0xff, 0xc8, 0xc8, 0xc8, 0xff, 0xd0, 0xcc, 0xd0, 0xff,
    0xc8, 0xcc, 0xc8, 0xff, 0xc8, 0xc8, 0xc8, 0xff, 0xc8, 0xc8, 0xc8, 0xff,
    0xc8, 0xcc, 0xc8, 0xff, 0xc8, 0xc8, 0xc8, 0xff, 0xc8, 0xc8, 0xc8, 0xff,
    0xc8, 0xcc, 0xc8, 0xff, 0xc8, 0xc8, 0xc8, 0xff, 0xc8, 0xcc, 0xc8, 0xff,
    0xc8, 0xcc, 0xc8, 0xff, 0xc8, 0xc8, 0xc8, 0xff, 0xc8, 0xcc, 0xc8, 0xff,
    0xc8, 0xc8, 0xc8, 0xff, 0xc8, 0xc8, 0xc8, 0xff, 0xc8, 0xcc, 0xc8, 0xff,
    0xd0, 0xc8, 0xd0, 0xff, 0xc8, 0xc8, 0xc8, 0xff, 0xc8, 0xcc, 0xc8, 0xff,
    0xd0, 0xcc, 0xd0, 0xff, 0xc8, 0xc8, 0xc8, 0xff, 0xc8, 0xcc, 0xc8, 0xff,
    0xd0, 0xcc, 0xd0, 0xff, 0xc8, 0xc8, 0xc8, 0xff, 0xc8, 0xcc, 0xc8, 0xff,
    0xd0, 0xc8, 0xd0, 0xff, 0xc8, 0xc8, 0xc8, 0xff, 0xc8, 0xcc, 0xc8, 0xff,
    0xd0, 0xc8, 0xd0, 0xff, 0xc8, 0xc8, 0xc8, 0xff, 0xc8, 0xcc, 0xc8, 0xff,
    0xd0, 0xcc, 0xd0, 0xff, 0xc8, 0xc8, 0xc8, 0xff, 0xc8, 0xc8, 0xc8, 0xff,
    0xd0, 0xcc, 0xd0, 0xff, 0xc8, 0xc8, 0xc8, 0xff, 0xc8, 0xc8, 0xc8, 0xff,
    0xd0, 0xcc, 0xd0, 0xff, 0xc8, 0xcc, 0xc8, 0xff, 0xc8, 0xc8, 0xc8, 0xff,
    0xd0, 0xc8, 0xd0, 0xff, 0xc8, 0xcc, 0xc8, 0xff, 0xc8, 0xc8, 0xc8, 0xff,
    0xd0, 0xcc, 0xd0, 0xff, 0xc8, 0xc8, 0xc8, 0xff, 0xc8, 0xc8, 0xc8, 0xff,
    0xd0, 0xcc, 0xd0, 0xff, 0xc8, 0xcc, 0xc8, 0xff, 0xc8, 0xc8, 0xc8, 0xff,
    0xd0, 0xcc, 0xd0, 0xff, 0xc8, 0xc8, 0xc8, 0xff, 0xc8, 0xc8, 0xc8, 0xff,
    0xd0, 0xcc, 0xd0, 0xff, 0xc8, 0xcc, 0xc8, 0xff, 0xc8, 0xc8, 0xc8, 0xff,
    0xd0, 0xc8, 0xd0, 0xff, 0xc8, 0xcc, 0xc8, 0xff, 0xc8, 0xc8, 0xc8, 0xff,
    0xd0, 0xcc, 0xd0, 0xff, 0xc8, 0xcc, 0xc8, 0xff, 0xc8, 0xc8, 0xc8, 0xff,
    0xd0, 0xcc, 0xd0, 0xff, 0xc8, 0xc8, 0xc8, 0xff, 0xc8, 0xc8, 0xc8, 0xff,
    0xd0, 0xcc, 0xd0, 0xff, 0xc8, 0xc8, 0xc8, 0xff, 0xc8, 0xcc, 0xc8, 0xff,
    0xd0, 0xc8, 0xd0, 0xff, 0xc8, 0xc8, 0xc8, 0xff, 0xc8, 0xcc, 0xc8, 0xff,
    0xd0, 0xc8, 0xd0, 0xff, 0xc8, 0xc8, 0xc8, 0xff, 0xc8, 0xcc, 0xc8, 0xff,
    0xd0, 0xc8, 0xd0, 0xff, 0xc8, 0xcc, 0xc8, 0xff, 0xc8, 0xc8, 0xc8, 0xff,
    0xd0, 0xc8, 0xd0, 0xff, 0xc8, 0xcc, 0xc8, 0xff, 0xc8, 0xc8, 0xc8, 0xff,
    0xd0, 0xcc, 0xd0, 0xff, 0xc8, 0xcc, 0xc8, 0xff, 0xc8, 0xc8, 0xc8, 0xff,
    0xd0, 0xcc, 0xd0, 0xff, 0xc8, 0xcc, 0xc8, 0xff, 0xc8, 0xc8, 0xc8, 0xff,
    0xd0, 0xc8, 0xd0, 0xff, 0xc8, 0xcc, 0xc8, 0xff, 0xc8, 0xc8, 0xc8, 0xff,
    0xd0, 0xcc, 0xd0, 0xff, 0xc8, 0xcc, 0xc8, 0xff, 0xc8, 0xc8, 0xc8, 0xff,
    0xd0, 0xc8, 0xd0, 0xff, 0xc8, 0xcc, 0xc8, 0xff, 0xc8, 0xc8, 0xc8, 0xff,
    0xd0, 0xcc, 0xd0, 0xff, 0xc8, 0xcc, 0xc8, 0xff, 0xc8, 0xc8, 0xc8, 0xff,
    0xd0, 0xcc, 0xd0, 0xff, 0xc8, 0xc8, 0xc8, 0xff, 0xc8, 0xc8, 0xc8, 0xff,
    0xd0, 0xcc, 0xd0, 0xff, 0xc8, 0xc8, 0xc8, 0xff, 0xc8, 0xcc, 0xc8, 0xff,
    0xd0, 0xc8, 0xd0, 0xff, 0xc8, 0xc8, 0xc8, 0xff, 0xc8, 0xcc, 0xc8, 0xff,
    0xd0, 0xc8, 0xd0, 0xff, 0xc8, 0xc8, 0xc8, 0xff, 0xc8, 0xcc, 0xc8, 0xff,
    0xd0, 0xc8, 0xd0, 0xff, 0xc8, 0xcc, 0xc8, 0xff, 0xc8, 0xc8, 0xc8, 0xff,
    0xd0, 0xcc, 0xd0, 0xff, 0xc8, 0xcc, 0xc8, 0xff, 0xc8, 0xc8, 0xc8, 0xff,
    0xc8, 0xc8, 0xc8, 0xff, 0xd0, 0xcc, 0xd0, 0xff, 0xc8, 0xc8, 0xc8, 0xff,
    0xc8, 0xc8, 0xc8, 0xff, 0xd0, 0xcc, 0xd0, 0xff, 0xc8, 0xc8, 0xc8, 0xff,
    0xc8, 0xcc, 0xc8, 0xff, 0xc8, 0xcc, 0xc8, 0xff, 0xc8, 0xc8, 0xc8, 0xff,
    0xc8, 0xc8, 0xc8, 0xff, 0xc8, 0xcc, 0xc8, 0xff, 0xd0, 0xc8, 0xd0, 0xff,
    0xc8, 0xc8, 0xc8, 0xff, 0xc8, 0xcc, 0xc8, 0xff, 0xc8, 0xc8, 0xc8, 0xff,
    0xc8, 0xcc, 0xc8, 0xff, 0xd0, 0xcc, 0xd0, 0xff, 0xc8, 0xc8, 0xc8, 0xff,
    0xc8, 0xcc, 0xc8, 0xff, 0xd0, 0xc8, 0xd0, 0xff, 0xc8, 0xcc, 0xc8, 0xff,
    0xc8, 0xcc, 0xc8, 0xff, 0xd0, 0xc8, 0xd0, 0xff, 0xc8, 0xc8, 0xc8, 0xff,
    0xc8, 0xcc, 0xc8, 0xff, 0xc8, 0xc8, 0xc8, 0xff, 0xc8, 0xcc, 0xc8, 0xff,
    0xc8, 0xcc, 0xc8, 0xff, 0xc8, 0xc8, 0xc8, 0xff, 0xd0, 0xcc, 0xd0, 0xff,
    0xc8, 0xcc, 0xc8, 0xff, 0xc8, 0xc8, 0xc8, 0xff, 0xd0, 0xcc, 0xd0, 0xff,
    0xc8, 0xc8, 0xc8, 0xff, 0xc8, 0xcc, 0xc8, 0xff, 0xc8, 0xcc, 0xc8, 0xff,
    0xd0, 0xc8, 0xd0, 0xff, 0xc8, 0xcc, 0xc8, 0xff, 0xc8, 0xc8, 0xc8, 0xff,
    0xd0, 0xc8, 0xd0, 0xff, 0xc8, 0xcc, 0xc8, 0xff, 0xd0, 0xcc, 0xd0, 0xff,
    0xc8, 0xc8, 0xc8, 0xff, 0xd0, 0xcc, 0xd0, 0xff, 0xc8, 0xcc, 0xc8, 0xff,
    0xc8, 0xc8, 0xc8, 0xff, 0xd0, 0xc8, 0xd0, 0xff, 0xc8, 0xc8, 0xc8, 0xff,
    0xc8, 0xcc, 0xc8, 0xff, 0xd0, 0xc8, 0xd0, 0xff, 0xc8, 0xcc, 0xc8, 0xff,
    0xc8, 0xc8, 0xc8, 0xff, 0xc8, 0xcc, 0xc8, 0xff, 0xc8, 0xcc, 0xc8, 0xff,
    0xc8, 0xc8, 0xc8, 0xff, 0xd0, 0xc8, 0xd0, 0xff, 0xc8, 0xcc, 0xc8, 0xff,
    0xc8, 0xc8, 0xc8, 0xff, 0xc8, 0xcc, 0xc8, 0xff, 0xc8, 0xc8, 0xc8, 0xff,
    0xc8, 0xc8, 0xc8, 0xff, 0xc8, 0xcc, 0xc8, 0xff, 0xc8, 0xcc, 0xc8, 0xff,
    0xc8, 0xc8, 0xc8, 0xff, 0xd0, 0xcc, 0xd0, 0xff, 0xc8, 0xcc, 0xc8, 0xff,
    0xc8, 0xc8, 0xc8, 0xff, 0xc8, 0xcc, 0xc8, 0xff, 0xc8, 0xc8, 0xc8, 0xff,
    0xc8, 0xcc, 0xc8, 0xff, 0xc8, 0xcc, 0xc8, 0xff, 0xc8, 0xc8, 0xc8, 0xff,
    0xc8, 0xcc, 0xc8, 0xff, 0xd0, 0xcc, 0xd0, 0xff, 0xc8, 0xc8, 0xc8, 0xff,
    0xc8, 0xc8, 0xc8, 0xff, 0xc8, 0xcc, 0xc8, 0xff, 0xc8, 0xcc, 0xc8, 0xff,
    0xc8, 0xc8, 0xc8, 0xff, 0xc8, 0xcc, 0xc8, 0xff, 0xc8, 0xc8, 0xc8, 0xff,
    0xc8, 0xc8, 0xc8, 0xff, 0xd0, 0xcc, 0xd0, 0xff, 0xc8, 0xc8, 0xc8, 0xff,
    0xc8, 0xcc, 0xc8, 0xff, 0xc8, 0xc8, 0xc8, 0xff, 0xc8, 0xcc, 0xc8, 0xff,
    0xc8, 0xcc, 0xc8, 0xff, 0xc8, 0xc8, 0xc8, 0xff, 0xc8, 0xcc, 0xc8, 0xff,
    0xc8, 0xc8, 0xc8, 0xff, 0xd0, 0xcc, 0xd0, 0xff, 0xc8, 0xcc, 0xc8, 0xff,
    0xc8, 0xc8, 0xc8, 0xff, 0xc8, 0xcc, 0xc8, 0xff, 0xc8, 0xc8, 0xc8, 0xff,
    0xc8, 0xc8, 0xc8, 0xff, 0xc8, 0xcc, 0xc8, 0xff, 0xc8, 0xc8, 0xc8, 0xff,
    0xc8, 0xcc, 0xc8, 0xff, 0xd0, 0xcc, 0xd0, 0xff, 0xc8, 0xc8, 0xc8, 0xff,
    0xc8, 0xcc, 0xc8, 0xff, 0xc8, 0xcc, 0xc8, 0xff, 0xc8, 0xc8, 0xc8, 0xff,
    0xc8, 0xcc, 0xc8, 0xff, 0xc8, 0xc8, 0xc8, 0xff, 0xc8, 0xcc, 0xc8, 0xff,
    0xc8, 0xcc, 0xc8, 0xff, 0xd0, 0xc8, 0xd0, 0xff, 0xc8, 0xcc, 0xc8, 0xff,
    0xc8, 0xc8, 0xc8, 0xff, 0xc8, 0xcc, 0xc8, 0xff, 0xc8, 0xcc, 0xc8, 0xff,
    0xc8, 0xc8, 0xc8, 0xff, 0xc8, 0xcc, 0xc8, 0xff, 0xc8, 0xc8, 0xc8, 0xff,
    0xc8, 0xc8, 0xc8, 0xff, 0xd0, 0xcc, 0xd0, 0xff, 0xc8, 0xc8, 0xc8, 0xff,
    0xc8, 0xc8, 0xc8, 0xff, 0xc8, 0xcc, 0xc8, 0xff, 0xc8, 0xc8, 0xc8, 0xff,
    0xc8, 0xcc, 0xc8, 0xff, 0xc8, 0xc8, 0xc8, 0xff, 0xc8, 0xc8, 0xc8, 0xff,
    0xc8, 0xcc, 0xc8, 0xff, 0xd0, 0xc8, 0xd0, 0xff, 0xc8, 0xcc, 0xc8, 0xff,
    0xc8, 0xcc, 0xc8, 0xff, 0xc8, 0xc8, 0xc8, 0xff, 0xc8, 0xc8, 0xc8, 0xff,
    0xc8, 0xcc, 0xc8, 0xff, 0xc8, 0xc8, 0xc8, 0xff, 0xc8, 0xcc, 0xc8, 0xff,
    0xc8, 0xcc, 0xc8, 0xff, 0xd0, 0xc8, 0xd0, 0xff, 0xc8, 0xcc, 0xc8, 0xff,
    0xc8, 0xc8, 0xc8, 0xff, 0xc8, 0xcc, 0xc8, 0xff, 0xc8, 0xcc, 0xc8, 0xff,
    0xc8, 0xc8, 0xc8, 0xff, 0xc8, 0xcc, 0xc8, 0xff, 0xc8, 0xcc, 0xc8, 0xff,
    0xc8, 0xc8, 0xc8, 0xff, 0xd0, 0xcc, 0xd0, 0xff, 0xc8, 0xc8, 0xc8, 0xff,
    0xc8, 0xcc, 0xc8, 0xff, 0xc8, 0xc8, 0xc8, 0xff, 0xc8, 0xcc, 0xc8, 0xff,
    0xc8, 0xc8, 0xc8, 0xff, 0xc8, 0xcc, 0xc8, 0xff, 0xc8, 0xc8, 0xc8, 0xff,
    0xc8, 0xcc, 0xc8, 0xff, 0xc8, 0xcc, 0xc8, 0xff, 0xc8, 0xc8, 0xc8, 0xff,
    0xd0, 0xcc, 0xd0, 0xff, 0xc8, 0xc8, 0xc8, 0xff, 0xc8, 0xc8, 0xc8, 0xff,
    0xd0, 0xcc, 0xd0, 0xff, 0xc8, 0xc8, 0xc8, 0xff, 0xd0, 0xcc, 0xd0, 0xff,
    0xc8, 0xcc, 0xc8, 0xff, 0xc8, 0xc8, 0xc8, 0xff, 0xc8, 0xcc, 0xc8, 0xff,
    0xd0, 0xc8, 0xd0, 0xff, 0xc8, 0xcc, 0xc8, 0xff, 0xc8, 0xc8, 0xc8, 0xff,
    0xd0, 0xc8, 0xd0, 0xff, 0xc8, 0xcc, 0xc8, 0xff, 0xc8, 0xcc, 0xc8, 0xff,
    0xc8, 0xc8, 0xc8, 0xff, 0xc8, 0xcc, 0xc8, 0xff, 0xc8, 0xc8, 0xc8, 0xff,
    0xc8, 0xcc, 0xc8, 0xff, 0xc8, 0xcc, 0xc8, 0xff, 0xc8, 0xc8, 0xc8, 0xff,
    0xc8, 0xc8, 0xc8, 0xff, 0xd0, 0xcc, 0xd0, 0xff, 0xc8, 0xc8, 0xc8, 0xff,
    0xc8, 0xc8, 0xc8, 0xff, 0xd0, 0xcc, 0xd0, 0xff, 0xc8, 0xc8, 0xc8, 0xff,
    0xc8, 0xc8, 0xc8, 0xff, 0xc8, 0xcc, 0xc8, 0xff, 0xc8, 0xc8, 0xc8, 0xff,
    0xc8, 0xcc, 0xc8, 0xff, 0xc8, 0xc8, 0xc8, 0xff, 0xc8, 0xc8, 0xc8, 0xff,
    0xc8, 0xcc, 0xc8, 0xff, 0xc8, 0xcc, 0xc8, 0xff, 0xc8, 0xc8, 0xc8, 0xff,
    0xc8, 0xc8, 0xc8, 0xff, 0xc8, 0xcc, 0xc8, 0xff, 0xc8, 0xc8, 0xc8, 0xff,
    0xd0, 0xc8, 0xd0, 0xff, 0xc8, 0xcc, 0xc8, 0xff, 0xc8, 0xcc, 0xc8, 0xff,
    0xd0, 0xc8, 0xd0, 0xff, 0xc8, 0xcc, 0xc8, 0xff, 0xc8, 0xcc, 0xc8, 0xff,
    0xd0, 0xc8, 0xd0, 0xff, 0xc8, 0xcc, 0xc8, 0xff, 0xc8, 0xc8, 0xc8, 0xff,
    0xd0, 0xcc, 0xd0, 0xff, 0xd0, 0xc8, 0xd0, 0xff, 0xc8, 0xcc, 0xc8, 0xff,
    0xc8, 0xcc, 0xc8, 0xff, 0xc8, 0xcc, 0xc8, 0xff, 0xd0, 0xc8, 0xd0, 0xff,
    0xc8, 0xcc, 0xc8, 0xff, 0xd0, 0xc8, 0xd0, 0xff, 0xc8, 0xcc, 0xc8, 0xff,
    0xc8, 0xc8, 0xc8, 0xff, 0xd0, 0xcc, 0xd0, 0xff, 0xc8, 0xc8, 0xc8, 0xff,
    0xc8, 0xc8, 0xc8, 0xff, 0xc8, 0xcc, 0xc8, 0xff, 0xd0, 0xc8, 0xd0, 0xff,
    0xc8, 0xcc, 0xc8, 0xff, 0xd0, 0xc8, 0xd0, 0xff, 0xc8, 0xc8, 0xc8, 0xff,
    0xc8, 0xcc, 0xc8, 0xff, 0xd0, 0xc8, 0xd0, 0xff, 0xc8, 0xc8, 0xc8, 0xff,
    0xc8, 0xcc, 0xc8, 0xff, 0xc8, 0xcc, 0xc8, 0xff, 0xd0, 0xc8, 0xd0, 0xff,
    0xc8, 0xcc, 0xc8, 0xff, 0xd0, 0xc8, 0xd0, 0xff, 0xc8, 0xc8, 0xc8, 0xff,
    0xc8, 0xcc, 0xc8, 0xff, 0xd0, 0xcc, 0xd0, 0xff, 0xc8, 0xc8, 0xc8, 0xff,
    0xc8, 0xcc, 0xc8, 0xff, 0xc8, 0xcc, 0xc8, 0xff, 0xd0, 0xc8, 0xd0, 0xff,
    0xc8, 0xc8, 0xc8, 0xff, 0xd0, 0xcc, 0xd0, 0xff, 0xc8, 0xc8, 0xc8, 0xff,
    0xc8, 0xc8, 0xc8, 0xff, 0xd0, 0xcc, 0xd0, 0xff, 0xc8, 0xc8, 0xc8, 0xff,
    0xc8, 0xc8, 0xc8, 0xff, 0xc8, 0xcc, 0xc8, 0xff, 0xd0, 0xc8, 0xd0, 0xff,
    0xc8, 0xcc, 0xc8, 0xff, 0xd0, 0xcc, 0xd0, 0xff, 0xc8, 0xc8, 0xc8, 0xff,
    0xc8, 0xcc, 0xc8, 0xff, 0xd0, 0xc8, 0xd0, 0xff, 0xc8, 0xc8, 0xc8, 0xff,
    0xc8, 0xcc, 0xc8, 0xff, 0xc8, 0xc8, 0xc8, 0xff, 0xd0, 0xcc, 0xd0, 0xff,
    0xc8, 0xc8, 0xc8, 0xff, 0xd0, 0xc8, 0xd0, 0xff, 0xc8, 0xcc, 0xc8, 0xff,
    0xc8, 0xc8, 0xc8, 0xff, 0xd0, 0xcc, 0xd0, 0xff, 0xc8, 0xc8, 0xc8, 0xff,
    0xc8, 0xc8, 0xc8, 0xff, 0xc8, 0xcc, 0xc8, 0xff, 0xd0, 0xc8, 0xd0, 0xff,
    0xc8, 0xcc, 0xc8, 0xff, 0xd0, 0xc8, 0xd0, 0xff, 0xc8, 0xc8, 0xc8, 0xff,
    0xc8, 0xcc, 0xc8, 0xff, 0xd0, 0xcc, 0xd0, 0xff, 0xc8, 0xc8, 0xc8, 0xff,
    0xc8, 0xcc, 0xc8, 0xff, 0xc8, 0xcc, 0xc8, 0xff, 0xd0, 0xc8, 0xd0, 0xff,
    0xc8, 0xcc, 0xc8, 0xff, 0xd0, 0xc8, 0xd0, 0xff, 0xc8, 0xcc, 0xc8, 0xff,
    0xc8, 0xcc, 0xc8, 0xff, 0xd0, 0xc8, 0xd0, 0xff, 0xc8, 0xcc, 0xc8, 0xff,
    0xc8, 0xc8, 0xc8, 0xff, 0xc8, 0xc8, 0xc8, 0xff, 0xd0, 0xcc, 0xd0, 0xff,
    0xc8, 0xcc, 0xc8, 0xff, 0xd0, 0xc8, 0xd0, 0xff, 0xc8, 0xcc, 0xc8, 0xff,
    0xc8, 0xc8, 0xc8, 0xff, 0xd0, 0xc8, 0xd0, 0xff, 0xc8, 0xcc, 0xc8, 0xff,
    0xc8, 0xc8, 0xc8, 0xff, 0xc8, 0xcc, 0xc8, 0xff, 0xd0, 0xcc, 0xd0, 0xff,
    0xc8, 0xc8, 0xc8, 0xff, 0xd0, 0xc8, 0xd0, 0xff, 0xc8, 0xcc, 0xc8, 0xff,
    0xc8, 0xc8, 0xc8, 0xff, 0xd0, 0xc8, 0xd0, 0xff, 0xc8, 0xcc, 0xc8, 0xff,
    0xc8, 0xcc, 0xc8, 0xff, 0xc8, 0xc8, 0xc8, 0xff, 0xd0, 0xcc, 0xd0, 0xff,
    0xc8, 0xc8, 0xc8, 0xff, 0xd0, 0xcc, 0xd0, 0xff, 0xc8, 0xc8, 0xc8, 0xff,
    0xc8, 0xc8, 0xc8, 0xff, 0xd0, 0xcc, 0xd0, 0xff, 0xd0, 0xc8, 0xd0, 0xff,
    0xc8, 0xc8, 0xc8, 0xff, 0xc8, 0xcc, 0xc8, 0xff, 0xd0, 0xcc, 0xd0, 0xff,
    0xc8, 0xc8, 0xc8, 0xff, 0xc8, 0xcc, 0xc8, 0xff, 0xc8, 0xcc, 0xc8, 0xff,
    0xc8, 0xc8, 0xc8, 0xff, 0xc8, 0xc8, 0xc8, 0xff, 0xd0, 0xcc, 0xd0, 0xff,
    0xc8, 0xc8, 0xc8, 0xff, 0xc8, 0xcc, 0xc8, 0xff, 0xd0, 0xcc, 0xd0, 0xff,
    0xc8, 0xc8, 0xc8, 0xff, 0xc8, 0xcc, 0xc8, 0xff, 0xc8, 0xcc, 0xc8, 0xff,
    0xc8, 0xc8, 0xc8, 0xff, 0xc8, 0xc8, 0xc8, 0xff, 0xd0, 0xcc, 0xd0, 0xff,
    0xc8, 0xc8, 0xc8, 0xff, 0xd0, 0xc8, 0xd0, 0xff, 0xc8, 0xcc, 0xc8, 0xff,
    0xd0, 0xc8, 0xd0, 0xff, 0xc8, 0xc8, 0xc8, 0xff, 0xc8, 0xcc, 0xc8, 0xff,
    0xc8, 0xc8, 0xc8, 0xff, 0xc8, 0xcc, 0xc8, 0xff, 0xd0, 0xc8, 0xd0, 0xff,
    0xc8, 0xcc, 0xc8, 0xff, 0xc8, 0xcc, 0xc8, 0xff, 0xc8, 0xc8, 0xc8, 0xff,
    0xd0, 0xcc, 0xd0, 0xff, 0xc8, 0xcc, 0xc8, 0xff, 0xc8, 0xc8, 0xc8, 0xff,
    0xd0, 0xcc, 0xd0, 0xff, 0xd0, 0xcc, 0xd0, 0xff, 0xc8, 0xc8, 0xc8, 0xff,
    0xd0, 0xc8, 0xd0, 0xff, 0xc8, 0xcc, 0xc8, 0xff, 0xd0, 0xcc, 0xd0, 0xff,
    0xc8, 0xcc, 0xc8, 0xff, 0xc8, 0xc8, 0xc8, 0xff, 0xc8, 0xcc, 0xc8, 0xff,
    0xc8, 0xc8, 0xc8, 0xff, 0xc8, 0xc8, 0xc8, 0xff, 0xc8, 0xcc, 0xc8, 0xff,
    0xd0, 0xc8, 0xd0, 0xff, 0xc8, 0xcc, 0xc8, 0xff, 0xc8, 0xc8, 0xc8, 0xff,
    0xc8, 0xc8, 0xc8, 0xff, 0xc8, 0xcc, 0xc8, 0xff, 0xc8, 0xc8, 0xc8, 0xff,
    0xc8, 0xc8, 0xc8, 0xff, 0xc8, 0xcc, 0xc8, 0xff, 0xd0, 0xc8, 0xd0, 0xff,
    0xc8, 0xc8, 0xc8, 0xff, 0xc8, 0xcc, 0xc8, 0xff, 0xc8, 0xc8, 0xc8, 0xff,
    0xc8, 0xc8, 0xc8, 0xff, 0xc8, 0xcc, 0xc8, 0xff, 0xd0, 0xcc, 0xd0, 0xff,
    0xc8, 0xc8, 0xc8, 0xff, 0xc8, 0xcc, 0xc8, 0xff, 0xd0, 0xc8, 0xd0, 0xff,
    0xc8, 0xcc, 0xc8, 0xff, 0xc8, 0xc8, 0xc8, 0xff, 0xc8, 0xcc, 0xc8, 0xff,
    0xc8, 0xc8, 0xc8, 0xff, 0xc8, 0xcc, 0xc8, 0xff, 0xd0, 0xcc, 0xd0, 0xff,
    0xc8, 0xc8, 0xc8, 0xff, 0xc8, 0xcc, 0xc8, 0xff, 0xd0, 0xc8, 0xd0, 0xff,
    0xc8, 0xc8, 0xc8, 0xff, 0xc8, 0xcc, 0xc8, 0xff, 0xc8, 0xc8, 0xc8, 0xff,
    0xc8, 0xcc, 0xc8, 0xff, 0xc8, 0xcc, 0xc8, 0xff, 0xd0, 0xc8, 0xd0, 0xff,
    0xc8, 0xcc, 0xc8, 0xff, 0xc8, 0xc8, 0xc8, 0xff, 0xd0, 0xcc, 0xd0, 0xff,
    0xc8, 0xc8, 0xc8, 0xff, 0xc8, 0xcc, 0xc8, 0xff, 0xc8, 0xcc, 0xc8, 0xff,
    0xc8, 0xc8, 0xc8, 0xff, 0xc8, 0xcc, 0xc8, 0xff, 0xd0, 0xcc, 0xd0, 0xff,
    0xc8, 0xc8, 0xc8, 0xff, 0xc8, 0xcc, 0xc8, 0xff, 0xd0, 0xcc, 0xd0, 0xff,
    0xc8, 0xc8, 0xc8, 0xff, 0xc8, 0xcc, 0xc8, 0xff, 0xc8, 0xc8, 0xc8, 0xff,
    0xc8, 0xc8, 0xc8, 0xff, 0xc8, 0xcc, 0xc8, 0xff, 0xd0, 0xc8, 0xd0, 0xff,
    0xc8, 0xcc, 0xc8, 0xff, 0xc8, 0xcc, 0xc8, 0xff, 0xd0, 0xc8, 0xd0, 0xff,
    0xc8, 0xcc, 0xc8, 0xff, 0xc8, 0xc8, 0xc8, 0xff, 0xc8, 0xcc, 0xc8, 0xff,
    0xc8, 0xc8, 0xc8, 0xff, 0xc8, 0xcc, 0xc8, 0xff, 0xd0, 0xcc, 0xd0, 0xff,
    0xc8, 0xc8, 0xc8, 0xff, 0xc8, 0xcc, 0xc8, 0xff, 0xd0, 0xcc, 0xd0, 0xff,
    0xc8, 0xc8, 0xc8, 0xff, 0xc8, 0xcc, 0xc8, 0xff, 0xc8, 0xc8, 0xc8, 0xff,
    0xc8, 0xcc, 0xc8, 0xff, 0xc8, 0xcc, 0xc8, 0xff, 0xd0, 0xc8, 0xd0, 0xff,
    0xc8, 0xc8, 0xc8, 0xff, 0xc8, 0xcc, 0xc8, 0xff, 0xd0, 0xc8, 0xd0, 0xff,
    0xc8, 0xc8, 0xc8, 0xff, 0xc8, 0xcc, 0xc8, 0xff, 0xc8, 0xc8, 0xc8, 0xff,
    0xc8, 0xcc, 0xc8, 0xff, 0xc8, 0xc8, 0xc8, 0xff, 0xd0, 0xc8, 0xd0, 0xff,
    0xc8, 0xcc, 0xc8, 0xff, 0xc8, 0xcc, 0xc8, 0xff, 0xd0, 0xc8, 0xd0, 0xff,
    0xc8, 0xcc, 0xc8, 0xff, 0xc8, 0xcc, 0xc8, 0xff, 0xc8, 0xc8, 0xc8, 0xff,
    0xc8, 0xc8, 0xc8, 0xff, 0xc8, 0xcc, 0xc8, 0xff, 0xd0, 0xcc, 0xd0, 0xff,
    0xc8, 0xc8, 0xc8, 0xff, 0xc8, 0xcc, 0xc8, 0xff, 0xd0, 0xc8, 0xd0, 0xff,
    0xc8, 0xc8, 0xc8, 0xff, 0xc8, 0xcc, 0xc8, 0xff, 0xc8, 0xc8, 0xc8, 0xff,
    0xc8, 0xcc, 0xc8, 0xff, 0xc8, 0xc8, 0xc8, 0xff, 0xd0, 0xcc, 0xd0, 0xff,
    0xc8, 0xcc, 0xc8, 0xff, 0xc8, 0xc8, 0xc8, 0xff, 0xd0, 0xc8, 0xd0, 0xff,
    0xc8, 0xcc, 0xc8, 0xff, 0xc8, 0xc8, 0xc8, 0xff, 0xc8, 0xc8, 0xc8, 0xff,
    0xc8, 0xcc, 0xc8, 0xff, 0xc8, 0xcc, 0xc8, 0xff, 0xd0, 0xc8, 0xd0, 0xff,
    0xc8, 0xcc, 0xc8, 0xff, 0xc8, 0xcc, 0xc8, 0xff, 0xc8, 0xc8, 0xc8, 0xff,
    0xc8, 0xc8, 0xc8, 0xff, 0xd0, 0xcc, 0xd0, 0xff, 0xc8, 0xc8, 0xc8, 0xff,
    0xc8, 0xc8, 0xc8, 0xff, 0xc8, 0xcc, 0xc8, 0xff, 0xd0, 0xcc, 0xd0, 0xff,
    0xc8, 0xc8, 0xc8, 0xff, 0xc8, 0xcc, 0xc8, 0xff, 0xc8, 0xc8, 0xc8, 0xff,
    0xc8, 0xc8, 0xc8, 0xff, 0xd0, 0xcc, 0xd0, 0xff, 0xc8, 0xc8, 0xc8, 0xff,
    0xc8, 0xc8, 0xc8, 0xff, 0xd0, 0xcc, 0xd0, 0xff, 0xc8, 0xc8, 0xc8, 0xff,
    0xc8, 0xcc, 0xc8, 0xff, 0xd0, 0xcc, 0xd0, 0xff, 0xc8, 0xc8, 0xc8, 0xff,
    0xc8, 0xcc, 0xc8, 0xff, 0xc8, 0xcc, 0xc8, 0xff, 0xd0, 0xc8, 0xd0, 0xff,
    0xc8, 0xcc, 0xc8, 0xff, 0xc8, 0xc8, 0xc8, 0xff, 0xc8, 0xcc, 0xc8, 0xff,
    0xc8, 0xcc, 0xc8, 0xff, 0xc8, 0xc8, 0xc8, 0xff, 0xc8, 0xcc, 0xc8, 0xff,
    0xd0, 0xc8, 0xd0, 0xff, 0xc8, 0xc8, 0xc8, 0xff, 0xc8, 0xcc, 0xc8, 0xff,
    0xd0, 0xc8, 0xd0, 0xff, 0xc8, 0xc8, 0xc8, 0xff, 0xc8, 0xcc, 0xc8, 0xff,
    0xc8, 0xc8, 0xc8, 0xff, 0xc8, 0xcc, 0xc8, 0xff, 0xc8, 0xcc, 0xc8, 0xff,
    0xc8, 0xc8, 0xc8, 0xff, 0xd0, 0xc8, 0xd0, 0xff, 0xc8, 0xcc, 0xc8, 0xff,
    0xc8, 0xc8, 0xc8, 0xff, 0xd0, 0xcc, 0xd0, 0xff, 0xd0, 0xcc, 0xd0, 0xff,
    0xc8, 0xcc, 0xc8, 0xff, 0xc8, 0xc8, 0xc8, 0xff, 0xd0, 0xc8, 0xd0, 0xff,
    0xc8, 0xcc, 0xc8, 0xff, 0xc8, 0xc8, 0xc8, 0xff, 0xd0, 0xcc, 0xd0, 0xff,
    0xc8, 0xcc, 0xc8, 0xff, 0xd0, 0xc8, 0xd0, 0xff, 0xc8, 0xcc, 0xc8, 0xff,
    0xc8, 0xcc, 0xc8, 0xff, 0xc8, 0xc8, 0xc8, 0xff, 0xc8, 0xc8, 0xc8, 0xff,
    0xd0, 0xcc, 0xd0, 0xff, 0xc8, 0xc8, 0xc8, 0xff, 0xc8, 0xcc, 0xc8, 0xff,
    0xd0, 0xc8, 0xd0, 0xff, 0xc8, 0xcc, 0xc8, 0xff, 0xc8, 0xc8, 0xc8, 0xff,
    0xc8, 0xc8, 0xc8, 0xff, 0xc8, 0xcc, 0xc8, 0xff, 0xc8, 0xcc, 0xc8, 0xff,
    0xd0, 0xc8, 0xd0, 0xff, 0xc8, 0xcc, 0xc8, 0xff, 0xc8, 0xc8, 0xc8, 0xff,
    0xd0, 0xcc, 0xd0, 0xff, 0xc8, 0xc8, 0xc8, 0xff, 0xc8, 0xc8, 0xc8, 0xff,
    0xc8, 0xcc, 0xc8, 0xff, 0xc8, 0xcc, 0xc8, 0xff, 0xc8, 0xc8, 0xc8, 0xff,
    0xd0, 0xcc, 0xd0, 0xff, 0xc8, 0xc8, 0xc8, 0xff, 0xc8, 0xc8, 0xc8, 0xff,
    0xd0, 0xcc, 0xd0, 0xff, 0xc8, 0xc8, 0xc8, 0xff, 0xc8, 0xcc, 0xc8, 0xff,
    0xc8, 0xc8, 0xc8, 0xff, 0xc8, 0xc8, 0xc8, 0xff, 0xc8, 0xcc, 0xc8, 0xff,
    0xd0, 0xc8, 0xd0, 0xff, 0xc8, 0xc8, 0xc8, 0xff, 0xc8, 0xcc, 0xc8, 0xff,
    0xd0, 0xc8, 0xd0, 0xff, 0xc8, 0xc8, 0xc8, 0xff, 0xc8, 0xcc, 0xc8, 0xff,
    0xc8, 0xc8, 0xc8, 0xff, 0xc8, 0xcc, 0xc8, 0xff, 0xc8, 0xc8, 0xc8, 0xff,
    0xd0, 0xcc, 0xd0, 0xff, 0xc8, 0xcc, 0xc8, 0xff, 0xc8, 0xc8, 0xc8, 0xff,
    0xd0, 0xcc, 0xd0, 0xff, 0xc8, 0xc8, 0xc8, 0xff, 0xc8, 0xc8, 0xc8, 0xff,
    0xc8, 0xcc, 0xc8, 0xff, 0xc8, 0xc8, 0xc8, 0xff, 0xc8, 0xcc, 0xc8, 0xff,
    0xd0, 0xc8, 0xd0, 0xff, 0xc8, 0xcc, 0xc8, 0xff, 0xc8, 0xc8, 0xc8, 0xff,
    0xd0, 0xcc, 0xd0, 0xff, 0xc8, 0xc8, 0xc8, 0xff, 0xc8, 0xc8, 0xc8, 0xff,
    0xc8, 0xcc, 0xc8, 0xff, 0xc8, 0xc8, 0xc8, 0xff, 0xc8, 0xc8, 0xc8, 0xff,
    0xd0, 0xcc, 0xd0, 0xff, 0xc8, 0xc8, 0xc8, 0xff, 0xc8, 0xcc, 0xc8, 0xff,
    0xd0, 0xc8, 0xd0, 0xff, 0xc8, 0xcc, 0xc8, 0xff, 0xc8, 0xcc, 0xc8, 0xff,
    0xc8, 0xc8, 0xc8, 0xff, 0xc8, 0xcc, 0xc8, 0xff, 0xc8, 0xcc, 0xc8, 0xff,
    0xd0, 0xc8, 0xd0, 0xff, 0xc8, 0xc8, 0xc8, 0xff, 0xc8, 0xcc, 0xc8, 0xff,
    0xd0, 0xcc, 0xd0, 0xff, 0xc8, 0xc8, 0xc8, 0xff, 0xc8, 0xc8, 0xc8, 0xff,
    0xc8, 0xcc, 0xc8, 0xff, 0xc8, 0xc8, 0xc8, 0xff, 0xc8, 0xc8, 0xc8, 0xff,
    0xd0, 0xcc, 0xd0, 0xff, 0xc8, 0xcc, 0xc8, 0xff, 0xc8, 0xc8, 0xc8, 0xff,
    0xd0, 0xc8, 0xd0, 0xff, 0xc8, 0xcc, 0xc8, 0xff, 0xc8, 0xc8, 0xc8, 0xff,
    0xc8, 0xcc, 0xc8, 0xff, 0xc8, 0xcc, 0xc8, 0xff, 0xc8, 0xc8, 0xc8, 0xff,
    0xd0, 0xcc, 0xd0, 0xff, 0xc8, 0xc8, 0xc8, 0xff, 0xc8, 0xcc, 0xc8, 0xff,
    0xd0, 0xc8, 0xd0, 0xff, 0xc8, 0xcc, 0xc8, 0xff, 0xc8, 0xc8, 0xc8, 0xff,
    0xc8, 0xcc, 0xc8, 0xff, 0xc8, 0xc8, 0xc8, 0xff, 0xc8, 0xcc, 0xc8, 0xff,
    0xd0, 0xc8, 0xd0, 0xff, 0xc8, 0xcc, 0xc8, 0xff, 0xc8, 0xc8, 0xc8, 0xff,
    0xd0, 0xcc, 0xd0, 0xff, 0xc8, 0xc8, 0xc8, 0xff, 0xc8, 0xc8, 0xc8, 0xff,
    0xc8, 0xcc, 0xc8, 0xff, 0xc8, 0xcc, 0xc8, 0xff, 0xc8, 0xc8, 0xc8, 0xff,
    0xd0, 0xcc, 0xd0, 0xff, 0xc8, 0xcc, 0xc8, 0xff, 0xc8, 0xc8, 0xc8, 0xff,
    0xc8, 0xc8, 0xc8, 0xff, 0xd0, 0xcc, 0xd0, 0xff, 0xc8, 0xc8, 0xc8, 0xff,
    0xc8, 0xc8, 0xc8, 0xff, 0xd0, 0xcc, 0xd0, 0xff, 0xc8, 0xcc, 0xc8, 0xff,
    0xc8, 0xc8, 0xc8, 0xff, 0xc8, 0xcc, 0xc8, 0xff, 0xc8, 0xc8, 0xc8, 0xff,
    0xc8, 0xcc, 0xc8, 0xff, 0xd0, 0xc8, 0xd0, 0xff, 0xc8, 0xc8, 0xc8, 0xff,
    0xc8, 0xcc, 0xc8, 0xff, 0xd0, 0xc8, 0xd0, 0xff, 0xc8, 0xc8, 0xc8, 0xff,
    0xc8, 0xcc, 0xc8, 0xff, 0xc8, 0xc8, 0xc8, 0xff, 0xc8, 0xcc, 0xc8, 0xff,
    0xc8, 0xc8, 0xc8, 0xff, 0xd0, 0xcc, 0xd0, 0xff, 0xc8, 0xc8, 0xc8, 0xff,
    0xc8, 0xc8, 0xc8, 0xff, 0xc8, 0xcc, 0xc8, 0xff, 0xc8, 0xc8, 0xc8, 0xff,
    0xc8, 0xcc, 0xc8, 0xff, 0xc8, 0xc8, 0xc8, 0xff, 0xc8, 0xcc, 0xc8, 0xff,
    0xc8, 0xc8, 0xc8, 0xff, 0xd0, 0xcc, 0xd0, 0xff, 0xc8, 0xc8, 0xc8, 0xff,
    0xc8, 0xc8, 0xc8, 0xff, 0xd0, 0xc8, 0xd0, 0xff, 0xc8, 0xcc, 0xc8, 0xff,
    0xc8, 0xcc, 0xc8, 0xff, 0xc8, 0xc8, 0xc8, 0xff, 0xc8, 0xc8, 0xc8, 0xff,
    0xc8, 0xcc, 0xc8, 0xff, 0xc8, 0xc8, 0xc8, 0xff, 0xc8, 0xc8, 0xc8, 0xff,
    0xc8, 0xcc, 0xc8, 0xff, 0xd0, 0xcc, 0xd0, 0xff, 0xc8, 0xc8, 0xc8, 0xff,
    0xc8, 0xcc, 0xc8, 0xff, 0xc8, 0xc8, 0xc8, 0xff, 0xc8, 0xcc, 0xc8, 0xff,
    0xc8, 0xc8, 0xc8, 0xff, 0xd0, 0xc8, 0xd0, 0xff, 0xc8, 0xcc, 0xc8, 0xff,
    0xd0, 0xcc, 0xd0, 0xff, 0xc8, 0xc8, 0xc8, 0xff, 0xc8, 0xcc, 0xc8, 0xff,
    0xc8, 0xcc, 0xc8, 0xff, 0xd0, 0xc8, 0xd0, 0xff, 0xc8, 0xcc, 0xc8, 0xff,
    0xc8, 0xcc, 0xc8, 0xff, 0xd0, 0xc8, 0xd0, 0xff, 0xc8, 0xcc, 0xc8, 0xff,
    0xd0, 0xc8, 0xd0, 0xff, 0xc8, 0xcc, 0xc8, 0xff, 0xc8, 0xc8, 0xc8, 0xff,
    0xc8, 0xc8, 0xc8, 0xff, 0xd0, 0xcc, 0xd0, 0xff, 0xc8, 0xcc, 0xc8, 0xff,
    0xc8, 0xc8, 0xc8, 0xff, 0xd0, 0xcc, 0xd0, 0xff, 0xc8, 0xc8, 0xc8, 0xff,
    0xd0, 0xcc, 0xd0, 0xff, 0xc8, 0xc8, 0xc8, 0xff, 0xc8, 0xcc, 0xc8, 0xff,
    0xc8, 0xcc, 0xc8, 0xff, 0xd0, 0xc8, 0xd0, 0xff, 0xc8, 0xcc, 0xc8, 0xff,
    0xc8, 0xc8, 0xc8, 0xff, 0xd0, 0xc8, 0xd0, 0xff, 0xc8, 0xcc, 0xc8, 0xff,
    0xd0, 0xcc, 0xd0, 0xff, 0xc8, 0xc8, 0xc8, 0xff, 0xc8, 0xcc, 0xc8, 0xff,
    0xc8, 0xcc, 0xc8, 0xff, 0xd0, 0xc8, 0xd0, 0xff, 0xc8, 0xcc, 0xc8, 0xff,
    0xc8, 0xcc, 0xc8, 0xff, 0xd0, 0xc8, 0xd0, 0xff, 0xc8, 0xcc, 0xc8, 0xff,
    0xd0, 0xc8, 0xd0, 0xff, 0xc8, 0xc8, 0xc8, 0xff, 0xc8, 0xcc, 0xc8, 0xff,
    0xc8, 0xc8, 0xc8, 0xff, 0xd0, 0xc8, 0xd0, 0xff, 0xc8, 0xcc, 0xc8, 0xff,
    0xc8, 0xcc, 0xc8, 0xff, 0xd0, 0xc8, 0xd0, 0xff, 0xc8, 0xcc, 0xc8, 0xff,
    0xd0, 0xc8, 0xd0, 0xff, 0xc8, 0xcc, 0xc8, 0xff, 0xc8, 0xc8, 0xc8, 0xff,
    0xc8, 0xcc, 0xc8, 0xff, 0xd0, 0xc8, 0xd0, 0xff, 0xc8, 0xcc, 0xc8, 0xff,
    0xc8, 0xcc, 0xc8, 0xff, 0xd0, 0xc8, 0xd0, 0xff, 0xc8, 0xcc, 0xc8, 0xff,
    0xd0, 0xcc, 0xd0, 0xff, 0xc8, 0xc8, 0xc8, 0xff, 0xc8, 0xcc, 0xc8, 0xff,
    0xc8, 0xcc, 0xc8, 0xff, 0xd0, 0xc8, 0xd0, 0xff, 0xc8, 0xc8, 0xc8, 0xff,
    0xc8, 0xcc, 0xc8, 0xff, 0xd0, 0xc8, 0xd0, 0xff, 0xc8, 0xc8, 0xc8, 0xff,
    0xd0, 0xcc, 0xd0, 0xff, 0xc8, 0xc8, 0xc8, 0xff, 0xc8, 0xcc, 0xc8, 0xff,
    0xc8, 0xcc, 0xc8, 0xff, 0xd0, 0xc8, 0xd0, 0xff, 0xc8, 0xcc, 0xc8, 0xff,
    0xc8, 0xc8, 0xc8, 0xff, 0xd0, 0xcc, 0xd0, 0xff, 0xc8, 0xcc, 0xc8, 0xff,
    0xd0, 0xc8, 0xd0, 0xff, 0xc8, 0xcc, 0xc8, 0xff, 0xc8, 0xc8, 0xc8, 0xff,
    0xc8, 0xc8, 0xc8, 0xff, 0xd0, 0xcc, 0xd0, 0xff, 0xc8, 0xc8, 0xc8, 0xff,
    0xc8, 0xcc, 0xc8, 0xff, 0xd0, 0xc8, 0xd0, 0xff, 0xc8, 0xc8, 0xc8, 0xff,
    0xd0, 0xcc, 0xd0, 0xff, 0xc8, 0xc8, 0xc8, 0xff, 0xc8, 0xcc, 0xc8, 0xff,
    0xc8, 0xcc, 0xc8, 0xff, 0xd0, 0xc8, 0xd0, 0xff, 0xc8, 0xc8, 0xc8, 0xff,
    0xc8, 0xcc, 0xc8, 0xff, 0xd0, 0xc8, 0xd0, 0xff, 0xc8, 0xcc, 0xc8, 0xff,
    0xd0, 0xc8, 0xd0, 0xff, 0xc8, 0xcc, 0xc8, 0xff, 0xc8, 0xc8, 0xc8, 0xff,
    0xc8, 0xcc, 0xc8, 0xff, 0xd0, 0xcc, 0xd0, 0xff, 0xc8, 0xc8, 0xc8, 0xff,
    0xc8, 0xcc, 0xc8, 0xff, 0xd0, 0xcc, 0xd0, 0xff, 0xc8, 0xc8, 0xc8, 0xff,
    0xd0, 0xc8, 0xd0, 0xff, 0xc8, 0xcc, 0xc8, 0xff, 0xc8, 0xc8, 0xc8, 0xff,
    0xc8, 0xcc, 0xc8, 0xff, 0xc8, 0xcc, 0xc8, 0xff, 0xc8, 0xc8, 0xc8, 0xff,
    0xd0, 0xcc, 0xd0, 0xff, 0xc8, 0xcc, 0xc8, 0xff, 0xc8, 0xc8, 0xc8, 0xff,
    0xc8, 0xcc, 0xc8, 0xff, 0xd0, 0xc8, 0xd0, 0xff, 0xc8, 0xcc, 0xc8, 0xff,
    0xc8, 0xcc, 0xc8, 0xff, 0xd0, 0xc8, 0xd0, 0xff, 0xc8, 0xcc, 0xc8, 0xff,
    0xc8, 0xcc, 0xc8, 0xff, 0xc8, 0xc8, 0xc8, 0xff, 0xc8, 0xcc, 0xc8, 0xff,
    0xc8, 0xcc, 0xc8, 0xff, 0xc8, 0xc8, 0xc8, 0xff, 0xd0, 0xcc, 0xd0, 0xff,
    0xc8, 0xc8, 0xc8, 0xff, 0xd0, 0xc8, 0xd0, 0xff, 0xc8, 0xcc, 0xc8, 0xff,
    0xc8, 0xcc, 0xc8, 0xff, 0xc8, 0xc8, 0xc8, 0xff, 0xc8, 0xc8, 0xc8, 0xff,
    0xc8, 0xc8, 0xc8, 0xff, 0xd0, 0xcc, 0xd0, 0xff, 0xd0, 0xcc, 0xd0, 0xff,
    0xc8, 0xc8, 0xc8, 0xff, 0xd0, 0xcc, 0xd0, 0xff, 0xc8, 0xc8, 0xc8, 0xff,
    0xc8, 0xcc, 0xc8, 0xff, 0xc8, 0xcc, 0xc8, 0xff, 0xd0, 0xcc, 0xd0, 0xff,
    0xc8, 0xc8, 0xc8, 0xff, 0xc8, 0xcc, 0xc8, 0xff, 0xd0, 0xc8, 0xd0, 0xff,
    0xc8, 0xcc, 0xc8, 0xff, 0xc8, 0xcc, 0xc8, 0xff, 0xd0, 0xc8, 0xd0, 0xff,
    0xc8, 0xcc, 0xc8, 0xff, 0xc8, 0xc8, 0xc8, 0xff, 0xc8, 0xc8, 0xc8, 0xff,
    0xd0, 0xcc, 0xd0, 0xff, 0xc8, 0xc8, 0xc8, 0xff, 0xc8, 0xcc, 0xc8, 0xff,
    0xc8, 0xc8, 0xc8, 0xff, 0xd0, 0xcc, 0xd0, 0xff, 0xc8, 0xc8, 0xc8, 0xff,
    0xc8, 0xcc, 0xc8, 0xff, 0xc8, 0xc8, 0xc8, 0xff, 0xc8, 0xc8, 0xc8, 0xff,
    0xc8, 0xcc, 0xc8, 0xff, 0xd0, 0xc8, 0xd0, 0xff, 0xc8, 0xcc, 0xc8, 0xff,
    0xc8, 0xc8, 0xc8, 0xff, 0xc8, 0xc8, 0xc8, 0xff, 0xc8, 0xcc, 0xc8, 0xff,
    0xc8, 0xc8, 0xc8, 0xff, 0xc8, 0xc8, 0xc8, 0xff, 0xc8, 0xcc, 0xc8, 0xff,
    0xc8, 0xcc, 0xc8, 0xff, 0xd0, 0xc8, 0xd0, 0xff, 0xc8, 0xcc, 0xc8, 0xff,
    0xc8, 0xc8, 0xc8, 0xff, 0xc8, 0xcc, 0xc8, 0xff, 0xc8, 0xc8, 0xc8, 0xff,
    0xc8, 0xc8, 0xc8, 0xff, 0xc8, 0xcc, 0xc8, 0xff, 0xc8, 0xcc, 0xc8, 0xff,
    0xc8, 0xc8, 0xc8, 0xff, 0xd0, 0xc8, 0xd0, 0xff, 0xc8, 0xcc, 0xc8, 0xff,
    0xc8, 0xc8, 0xc8, 0xff, 0xc8, 0xcc, 0xc8, 0xff, 0xc8, 0xcc, 0xc8, 0xff,
    0xc8, 0xc8, 0xc8, 0xff, 0xc8, 0xcc, 0xc8, 0xff, 0xc8, 0xc8, 0xc8, 0xff,
    0xc8, 0xcc, 0xc8, 0xff, 0xd0, 0xc8, 0xd0, 0xff, 0xc8, 0xc8, 0xc8, 0xff,
    0xc8, 0xcc, 0xc8, 0xff, 0xc8, 0xc8, 0xc8, 0xff, 0xc8, 0xc8, 0xc8, 0xff,
    0xc8, 0xcc, 0xc8, 0xff, 0xc8, 0xcc, 0xc8, 0xff, 0xc8, 0xc8, 0xc8, 0xff,
    0xc8, 0xcc, 0xc8, 0xff, 0xd0, 0xcc, 0xd0, 0xff, 0xc8, 0xc8, 0xc8, 0xff,
    0xc8, 0xcc, 0xc8, 0xff, 0xc8, 0xc8, 0xc8, 0xff, 0xc8, 0xc8, 0xc8, 0xff,
    0xc8, 0xcc, 0xc8, 0xff, 0xc8, 0xcc, 0xc8, 0xff, 0xc8, 0xc8, 0xc8, 0xff,
    0xc8, 0xcc, 0xc8, 0xff, 0xd0, 0xc8, 0xd0, 0xff, 0xc8, 0xcc, 0xc8, 0xff,
    0xc8, 0xc8, 0xc8, 0xff, 0xc8, 0xc8, 0xc8, 0xff, 0xc8, 0xcc, 0xc8, 0xff,
    0xc8, 0xc8, 0xc8, 0xff, 0xc8, 0xc8, 0xc8, 0xff, 0xc8, 0xcc, 0xc8, 0xff,
    0xc8, 0xc8, 0xc8, 0xff, 0xd0, 0xc8, 0xd0, 0xff, 0xc8, 0xcc, 0xc8, 0xff,
    0xc8, 0xc8, 0xc8, 0xff, 0xc8, 0xcc, 0xc8, 0xff, 0xc8, 0xcc, 0xc8, 0xff,
    0xc8, 0xc8, 0xc8, 0xff, 0xc8, 0xcc, 0xc8, 0xff, 0xc8, 0xc8, 0xc8, 0xff,
    0xc8, 0xcc, 0xc8, 0xff, 0xd0, 0xc8, 0xd0, 0xff, 0xc8, 0xc8, 0xc8, 0xff,
    0xc8, 0xcc, 0xc8, 0xff, 0xc8, 0xc8, 0xc8, 0xff, 0xc8, 0xc8, 0xc8, 0xff,
    0xc8, 0xcc, 0xc8, 0xff, 0xc8, 0xc8, 0xc8, 0xff, 0xc8, 0xcc, 0xc8, 0xff,
    0xc8, 0xc8, 0xc8, 0xff, 0xd0, 0xcc, 0xd0, 0xff, 0xc8, 0xcc, 0xc8, 0xff,
    0xc8, 0xc8, 0xc8, 0xff, 0xc8, 0xcc, 0xc8, 0xff, 0xc8, 0xcc, 0xc8, 0xff,
    0xc8, 0xc8, 0xc8, 0xff, 0xc8, 0xcc, 0xc8, 0xff, 0xc8, 0xcc, 0xc8, 0xff,
    0xc8, 0xc8, 0xc8, 0xff, 0xd0, 0xc8, 0xd0, 0xff, 0xc8, 0xcc, 0xc8, 0xff,
    0xc8, 0xc8, 0xc8, 0xff, 0xc8, 0xcc, 0xc8, 0xff, 0xc8, 0xcc, 0xc8, 0xff,
    0xc8, 0xc8, 0xc8, 0xff, 0xc8, 0xcc, 0xc8, 0xff, 0xc8, 0xc8, 0xc8, 0xff,
    0xc8, 0xcc, 0xc8, 0xff, 0xd0, 0xc8, 0xd0, 0xff, 0xc8, 0xc8, 0xc8, 0xff,
    0xc8, 0xcc, 0xc8, 0xff, 0xc8, 0xc8, 0xc8, 0xff, 0xc8, 0xc8, 0xc8, 0xff,
    0xc8, 0xcc, 0xc8, 0xff, 0xc8, 0xcc, 0xc8, 0xff, 0xc8, 0xc8, 0xc8, 0xff,
    0xd0, 0xcc, 0xd0, 0xff, 0xc8, 0xc8, 0xc8, 0xff, 0xd0, 0xc8, 0xd0, 0xff,
    0xc8, 0xc8, 0xc8, 0xff, 0xc8, 0xcc, 0xc8, 0xff, 0xd0, 0xc8, 0xd0, 0xff,
    0xc8, 0xc8, 0xc8, 0xff, 0xc8, 0xcc, 0xc8, 0xff, 0xc8, 0xcc, 0xc8, 0xff,
    0xd0, 0xc8, 0xd0, 0xff, 0xc8, 0xc8, 0xc8, 0xff, 0xc8, 0xcc, 0xc8, 0xff,
    0xd0, 0xc8, 0xd0, 0xff, 0xc8, 0xc8, 0xc8, 0xff, 0xc8, 0xcc, 0xc8, 0xff,
    0xd0, 0xc8, 0xd0, 0xff, 0xc8, 0xc8, 0xc8, 0xff, 0xd0, 0xcc, 0xd0, 0xff,
    0xc8, 0xc8, 0xc8, 0xff, 0xc8, 0xcc, 0xc8, 0xff, 0xc8, 0xcc, 0xc8, 0xff,
    0xc8, 0xc8, 0xc8, 0xff, 0xc8, 0xcc, 0xc8, 0xff, 0xd0, 0xc8, 0xd0, 0xff,
    0xc8, 0xcc, 0xc8, 0xff, 0xc8, 0xc8, 0xc8, 0xff, 0xd0, 0xcc, 0xd0, 0xff,
    0xc8, 0xc8, 0xc8, 0xff, 0xc8, 0xc8, 0xc8, 0xff, 0xc8, 0xcc, 0xc8, 0xff,
    0xc8, 0xc8, 0xc8, 0xff, 0xc8, 0xcc, 0xc8, 0xff, 0xd0, 0xc8, 0xd0, 0xff,
    0xc8, 0xc8, 0xc8, 0xff, 0xc8, 0xcc, 0xc8, 0xff, 0xc8, 0xc8, 0xc8, 0xff,
    0xc8, 0xcc, 0xc8, 0xff, 0xc8, 0xcc, 0xc8, 0xff, 0xc8, 0xc8, 0xc8, 0xff,
    0xd0, 0xc8, 0xd0, 0xff, 0xc8, 0xcc, 0xc8, 0xff, 0xc8, 0xc8, 0xc8, 0xff,
    0xd0, 0xcc, 0xd0, 0xff, 0xc8, 0xcc, 0xc8, 0xff, 0xd0, 0xc8, 0xd0, 0xff,
    0xc8, 0xcc, 0xc8, 0xff, 0xc8, 0xc8, 0xc8, 0xff, 0xc8, 0xc8, 0xc8, 0xff,
    0xd0, 0xcc, 0xd0, 0xff, 0xc8, 0xc8, 0xc8, 0xff, 0xc8, 0xcc, 0xc8, 0xff,
    0xd0, 0xcc, 0xd0, 0xff, 0xc8, 0xcc, 0xc8, 0xff, 0xc8, 0xc8, 0xc8, 0xff,
    0xc8, 0xcc, 0xc8, 0xff, 0xd0, 0xc8, 0xd0, 0xff, 0xc8, 0xc8, 0xc8, 0xff,
    0xc8, 0xcc, 0xc8, 0xff, 0xd0, 0xcc, 0xd0, 0xff, 0xc8, 0xc8, 0xc8, 0xff,
    0xd0, 0xcc, 0xd0, 0xff, 0xc8, 0xc8, 0xc8, 0xff, 0xc8, 0xcc, 0xc8, 0xff,
    0xc8, 0xc8, 0xc8, 0xff, 0xd0, 0xc8, 0xd0, 0xff, 0xc8, 0xcc, 0xc8, 0xff,
    0xc8, 0xcc, 0xc8, 0xff, 0xd0, 0xc8, 0xd0, 0xff, 0xc8, 0xcc, 0xc8, 0xff,
    0xd0, 0xc8, 0xd0, 0xff, 0xc8, 0xc8, 0xc8, 0xff, 0xc8, 0xcc, 0xc8, 0xff,
    0xc8, 0xc8, 0xc8, 0xff, 0xd0, 0xcc, 0xd0, 0xff, 0xc8, 0xc8, 0xc8, 0xff,
    0xc8, 0xc8, 0xc8, 0xff, 0xd0, 0xcc, 0xd0, 0xff, 0xc8, 0xc8, 0xc8, 0xff,
    0xd0, 0xcc, 0xd0, 0xff, 0xc8, 0xcc, 0xc8, 0xff, 0xc8, 0xc8, 0xc8, 0xff,
    0xc8, 0xc8, 0xc8, 0xff, 0xd0, 0xcc, 0xd0, 0xff, 0xc8, 0xcc, 0xc8, 0xff,
    0xc8, 0xc8, 0xc8, 0xff, 0xd0, 0xcc, 0xd0, 0xff, 0xc8, 0xc8, 0xc8, 0xff,
    0xd0, 0xc8, 0xd0, 0xff, 0xc8, 0xcc, 0xc8, 0xff, 0xc8, 0xc8, 0xc8, 0xff,
    0xc8, 0xc8, 0xc8, 0xff, 0xd0, 0xcc, 0xd0, 0xff, 0xc8, 0xc8, 0xc8, 0xff,
    0xc8, 0xcc, 0xc8, 0xff, 0xd0, 0xcc, 0xd0, 0xff, 0xc8, 0xc8, 0xc8, 0xff,
    0xd0, 0xc8, 0xd0, 0xff, 0xc8, 0xcc, 0xc8, 0xff, 0xc8, 0xc8, 0xc8, 0xff,
    0xc8, 0xcc, 0xc8, 0xff, 0xd0, 0xcc, 0xd0, 0xff, 0xc8, 0xc8, 0xc8, 0xff,
    0xc8, 0xcc, 0xc8, 0xff, 0xd0, 0xcc, 0xd0, 0xff, 0xc8, 0xc8, 0xc8, 0xff,
    0xd0, 0xcc, 0xd0, 0xff, 0xc8, 0xcc, 0xc8, 0xff, 0xc8, 0xc8, 0xc8, 0xff,
    0xc8, 0xcc, 0xc8, 0xff, 0xd0, 0xcc, 0xd0, 0xff, 0xc8, 0xc8, 0xc8, 0xff,
    0xc8, 0xc8, 0xc8, 0xff, 0xd0, 0xcc, 0xd0, 0xff, 0xc8, 0xc8, 0xc8, 0xff,
    0xd0, 0xcc, 0xd0, 0xff, 0xc8, 0xc8, 0xc8, 0xff, 0xc8, 0xcc, 0xc8, 0xff,
    0xc8, 0xcc, 0xc8, 0xff, 0xd0, 0xc8, 0xd0, 0xff, 0xc8, 0xcc, 0xc8, 0xff,
    0xc8, 0xc8, 0xc8, 0xff, 0xd0, 0xcc, 0xd0, 0xff, 0xc8, 0xcc, 0xc8, 0xff,
    0xd0, 0xc8, 0xd0, 0xff, 0xc8, 0xcc, 0xc8, 0xff, 0xc8, 0xc8, 0xc8, 0xff,
    0xc8, 0xc8, 0xc8, 0xff, 0xd0, 0xcc, 0xd0, 0xff, 0xc8, 0xc8, 0xc8, 0xff,
    0xc8, 0xc8, 0xc8, 0xff, 0xd0, 0xcc, 0xd0, 0xff, 0xc8, 0xc8, 0xc8, 0xff,
    0xd0, 0xc8, 0xd0, 0xff, 0xc8, 0xcc, 0xc8, 0xff, 0xc8, 0xcc, 0xc8, 0xff,
    0xc8, 0xc8, 0xc8, 0xff, 0xd0, 0xcc, 0xd0, 0xff, 0xc8, 0xc8, 0xc8, 0xff,
    0xc8, 0xc8, 0xc8, 0xff, 0xd0, 0xcc, 0xd0, 0xff, 0xc8, 0xc8, 0xc8, 0xff,
    0xd0, 0xcc, 0xd0, 0xff, 0xc8, 0xc8, 0xc8, 0xff, 0xc8, 0xcc, 0xc8, 0xff,
    0xc8, 0xcc, 0xc8, 0xff, 0xd0, 0xc8, 0xd0, 0xff, 0xc8, 0xcc, 0xc8, 0xff,
    0xc8, 0xcc, 0xc8, 0xff, 0xd0, 0xc8, 0xd0, 0xff, 0xc8, 0xc8, 0xc8, 0xff,
    0xd0, 0xcc, 0xd0, 0xff, 0xc8, 0xc8, 0xc8, 0xff, 0xc8, 0xc8, 0xc8, 0xff,
    0xc8, 0xcc, 0xc8, 0xff, 0xc8, 0xcc, 0xc8, 0xff, 0xc8, 0xcc, 0xc8, 0xff,
    0xd0, 0xc8, 0xd0, 0xff, 0xc8, 0xcc, 0xc8, 0xff, 0xc8, 0xcc, 0xc8, 0xff,
    0xc8, 0xc8, 0xc8, 0xff, 0xd0, 0xc8, 0xd0, 0xff, 0xc8, 0xcc, 0xc8, 0xff,
    0xc8, 0xc8, 0xc8, 0xff, 0xc8, 0xcc, 0xc8, 0xff, 0xc8, 0xcc, 0xc8, 0xff,
    0xc8, 0xc8, 0xc8, 0xff, 0xc8, 0xcc, 0xc8, 0xff, 0xc8, 0xc8, 0xc8, 0xff,
    0xd0, 0xcc, 0xd0, 0xff, 0xc8, 0xcc, 0xc8, 0xff, 0xc8, 0xc8, 0xc8, 0xff,
    0xd0, 0xc8, 0xd0, 0xff, 0xc8, 0xcc, 0xc8, 0xff, 0xc8, 0xc8, 0xc8, 0xff,
    0xd0, 0xcc, 0xd0, 0xff, 0xc8, 0xc8, 0xc8, 0xff, 0xc8, 0xcc, 0xc8, 0xff,
    0xd0, 0xc8, 0xd0, 0xff, 0xc8, 0xcc, 0xc8, 0xff, 0xc8, 0xc8, 0xc8, 0xff,
    0xc8, 0xcc, 0xc8, 0xff, 0xc8, 0xc8, 0xc8, 0xff, 0xc8, 0xc8, 0xc8, 0xff,
    0xc8, 0xcc, 0xc8, 0xff, 0xc8, 0xcc, 0xc8, 0xff, 0xd0, 0xc8, 0xd0, 0xff,
    0xc8, 0xcc, 0xc8, 0xff, 0xc8, 0xc8, 0xc8, 0xff, 0xd0, 0xc8, 0xd0, 0xff,
    0xd0, 0xcc, 0xd0, 0xff, 0xc8, 0xc8, 0xc8, 0xff, 0xc8, 0xc8, 0xc8, 0xff,
    0xc8, 0xcc, 0xc8, 0xff, 0xc8, 0xc8, 0xc8, 0xff, 0xc8, 0xc8, 0xc8, 0xff,
    0xc8, 0xcc, 0xc8, 0xff, 0xc8, 0xc8, 0xc8, 0xff, 0xc8, 0xcc, 0xc8, 0xff,
    0xc8, 0xcc, 0xc8, 0xff, 0xc8, 0xc8, 0xc8, 0xff, 0xd0, 0xcc, 0xd0, 0xff,
    0xc8, 0xcc, 0xc8, 0xff, 0xc8, 0xc8, 0xc8, 0xff, 0xc8, 0xc8, 0xc8, 0xff,
    0xd0, 0xcc, 0xd0, 0xff, 0xc8, 0xc8, 0xc8, 0xff, 0xc8, 0xcc, 0xc8, 0xff,
    0xd0, 0xcc, 0xd0, 0xff, 0xc8, 0xc8, 0xc8, 0xff, 0xc8, 0xcc, 0xc8, 0xff,
    0xd0, 0xcc, 0xd0, 0xff, 0xc8, 0xc8, 0xc8, 0xff, 0xc8, 0xcc, 0xc8, 0xff,
    0xc8, 0xc8, 0xc8, 0xff, 0xd0, 0xcc, 0xd0, 0xff, 0xc8, 0xc8, 0xc8, 0xff,
    0xc8, 0xcc, 0xc8, 0xff, 0xc8, 0xc8, 0xc8, 0xff, 0xc8, 0xcc, 0xc8, 0xff,
    0xd0, 0xc8, 0xd0, 0xff, 0xc8, 0xc8, 0xc8, 0xff, 0xc8, 0xcc, 0xc8, 0xff,
    0xd0, 0xcc, 0xd0, 0xff, 0xc8, 0xc8, 0xc8, 0xff, 0xc8, 0xcc, 0xc8, 0xff,
    0xd0, 0xcc, 0xd0, 0xff, 0xc8, 0xc8, 0xc8, 0xff, 0xc8, 0xcc, 0xc8, 0xff,
    0xd0, 0xcc, 0xd0, 0xff, 0xc8, 0xc8, 0xc8, 0xff, 0xc8, 0xc8, 0xc8, 0xff,
    0xd0, 0xcc, 0xd0, 0xff, 0xc8, 0xc8, 0xc8, 0xff, 0xc8, 0xcc, 0xc8, 0xff,
    0xd0, 0xcc, 0xd0, 0xff, 0xc8, 0xc8, 0xc8, 0xff, 0xc8, 0xcc, 0xc8, 0xff,
    0xd0, 0xc8, 0xd0, 0xff, 0xc8, 0xcc, 0xc8, 0xff, 0xc8, 0xcc, 0xc8, 0xff,
    0xd0, 0xc8, 0xd0, 0xff, 0xc8, 0xcc, 0xc8, 0xff, 0xc8, 0xcc, 0xc8, 0xff,
    0xd0, 0xc8, 0xd0, 0xff, 0xc8, 0xcc, 0xc8, 0xff, 0xc8, 0xc8, 0xc8, 0xff,
    0xd0, 0xc8, 0xd0, 0xff, 0xc8, 0xcc, 0xc8, 0xff, 0xc8, 0xcc, 0xc8, 0xff,
    0xd0, 0xc8, 0xd0, 0xff, 0xc8, 0xc8, 0xc8, 0xff, 0xc8, 0xcc, 0xc8, 0xff,
    0xd0, 0xc8, 0xd0, 0xff, 0xc8, 0xc8, 0xc8, 0xff, 0xc8, 0xcc, 0xc8, 0xff,
    0xd0, 0xc8, 0xd0, 0xff, 0xc8, 0xcc, 0xc8, 0xff, 0xc8, 0xc8, 0xc8, 0xff,
    0xd0, 0xc8, 0xd0, 0xff, 0xc8, 0xcc, 0xc8, 0xff, 0xc8, 0xc8, 0xc8, 0xff,
    0xd0, 0xc8, 0xd0, 0xff, 0xc8, 0xcc, 0xc8, 0xff, 0xc8, 0xc8, 0xc8, 0xff,
    0xd0, 0xcc, 0xd0, 0xff, 0xc8, 0xc8, 0xc8, 0xff, 0xc8, 0xc8, 0xc8, 0xff,
    0xd0, 0xcc, 0xd0, 0xff, 0xc8, 0xc8, 0xc8, 0xff, 0xc8, 0xc8, 0xc8, 0xff,
    0xd0, 0xcc, 0xd0, 0xff, 0xc8, 0xc8, 0xc8, 0xff, 0xc8, 0xcc, 0xc8, 0xff,
    0xd0, 0xc8, 0xd0, 0xff, 0xc8, 0xcc, 0xc8, 0xff, 0xc8, 0xc8, 0xc8, 0xff,
    0xd0, 0xc8, 0xd0, 0xff, 0xc8, 0xcc, 0xc8, 0xff, 0xc8, 0xcc, 0xc8, 0xff,
    0xd0, 0xc8, 0xd0, 0xff, 0xc8, 0xcc, 0xc8, 0xff, 0xc8, 0xcc, 0xc8, 0xff,
    0xd0, 0xc8, 0xd0, 0xff, 0xc8, 0xcc, 0xc8, 0xff, 0xc8, 0xcc, 0xc8, 0xff,
    0xd0, 0xc8, 0xd0, 0xff, 0xc8, 0xc8, 0xc8, 0xff, 0xc8, 0xcc, 0xc8, 0xff,
    0xd0, 0xc8, 0xd0, 0xff, 0xc8, 0xcc, 0xc8, 0xff, 0xc8, 0xcc, 0xc8, 0xff,
    0xd0, 0xc8, 0xd0, 0xff, 0xc8, 0xc8, 0xc8, 0xff, 0xc8, 0xcc, 0xc8, 0xff,
    0xd0, 0xc8, 0xd0, 0xff, 0xc8, 0xc8, 0xc8, 0xff, 0xc8, 0xcc, 0xc8, 0xff,
    0xd0, 0xc8, 0xd0, 0xff, 0xc8, 0xc8, 0xc8, 0xff, 0xc8, 0xcc, 0xc8, 0xff,
    0xd0, 0xcc, 0xd0, 0xff, 0xc8, 0xc8, 0xc8, 0xff, 0xc8, 0xcc, 0xc8, 0xff,
    0xc8, 0xcc, 0xc8, 0xff, 0xd0, 0xc8, 0xd0, 0xff, 0xc8, 0xcc, 0xc8, 0xff,
    0xc8, 0xc8, 0xc8, 0xff, 0xd0, 0xc8, 0xd0, 0xff, 0xc8, 0xcc, 0xc8, 0xff,
    0xc8, 0xc8, 0xc8, 0xff, 0xd0, 0xc8, 0xd0, 0xff, 0xc8, 0xcc, 0xc8, 0xff,
    0xc8, 0xcc, 0xc8, 0xff, 0xc8, 0xc8, 0xc8, 0xff, 0xd0, 0xcc, 0xd0, 0xff,
    0xc8, 0xc8, 0xc8, 0xff, 0xc8, 0xc8, 0xc8, 0xff, 0xd0, 0xcc, 0xd0, 0xff,
    0xc8, 0xc8, 0xc8, 0xff, 0xc8, 0xcc, 0xc8, 0xff, 0xd0, 0xc8, 0xd0, 0xff,
    0xc8, 0xc8, 0xc8, 0xff, 0xc8, 0xcc, 0xc8, 0xff, 0xc8, 0xcc, 0xc8, 0xff,
    0xc8, 0xc8, 0xc8, 0xff, 0xd0, 0xc8, 0xd0, 0xff, 0xc8, 0xcc, 0xc8, 0xff,
    0xc8, 0xc8, 0xc8, 0xff, 0xc8, 0xcc, 0xc8, 0xff, 0xc8, 0xc8, 0xc8, 0xff,
    0xc8, 0xcc, 0xc8, 0xff, 0xc8, 0xc8, 0xc8, 0xff, 0xc8, 0xcc, 0xc8, 0xff,
    0xc8, 0xcc, 0xc8, 0xff, 0xd0, 0xcc, 0xd0, 0xff, 0xd0, 0xc8, 0xd0, 0xff,
    0xc8, 0xcc, 0xc8, 0xff, 0xc8, 0xc8, 0xc8, 0xff, 0xc8, 0xcc, 0xc8, 0xff,
    0xc8, 0xcc, 0xc8, 0xff, 0xc8, 0xc8, 0xc8, 0xff, 0xc8, 0xcc, 0xc8, 0xff,
    0xc8, 0xcc, 0xc8, 0xff, 0xd0, 0xc8, 0xd0, 0xff, 0xc8, 0xcc, 0xc8, 0xff,
    0xd0, 0xcc, 0xd0, 0xff, 0xc8, 0xc8, 0xc8, 0xff, 0xd0, 0xcc, 0xd0, 0xff,
    0xc8, 0xc8, 0xc8, 0xff, 0xd0, 0xc8, 0xd0, 0xff, 0xc8, 0xcc, 0xc8, 0xff,
    0xc8, 0xc8, 0xc8, 0xff, 0xd0, 0xc8, 0xd0, 0xff, 0xc8, 0xcc, 0xc8, 0xff,
    0xc8, 0xcc, 0xc8, 0xff, 0xc8, 0xc8, 0xc8, 0xff, 0xd0, 0xcc, 0xd0, 0xff,
    0xc8, 0xc8, 0xc8, 0xff, 0xc8, 0xc8, 0xc8, 0xff, 0xc8, 0xcc, 0xc8, 0xff,
    0xc8, 0xc8, 0xc8, 0xff, 0xc8, 0xc8, 0xc8, 0xff, 0xc8, 0xcc, 0xc8, 0xff,
    0xc8, 0xc8, 0xc8, 0xff, 0xc8, 0xc8, 0xc8, 0xff, 0xc8, 0xcc, 0xc8, 0xff,
    0xd0, 0xc8, 0xd0, 0xff, 0xc8, 0xcc, 0xc8, 0xff, 0xc8, 0xcc, 0xc8, 0xff,
    0xd0, 0xc8, 0xd0, 0xff, 0xc8, 0xcc, 0xc8, 0xff, 0xc8, 0xc8, 0xc8, 0xff,
    0xc8, 0xcc, 0xc8, 0xff, 0xc8, 0xc8, 0xc8, 0xff, 0xc8, 0xcc, 0xc8, 0xff,
    0xc8, 0xc8, 0xc8, 0xff, 0xc8, 0xcc, 0xc8, 0xff, 0xd0, 0xc8, 0xd0, 0xff,
    0xc8, 0xc8, 0xc8, 0xff, 0xc8, 0xcc, 0xc8, 0xff, 0xc8, 0xc8, 0xc8, 0xff,
    0xc8, 0xcc, 0xc8, 0xff, 0xc8, 0xc8, 0xc8, 0xff, 0xc8, 0xcc, 0xc8, 0xff,
    0xc8, 0xc8, 0xc8, 0xff, 0xc8, 0xc8, 0xc8, 0xff, 0xd0, 0xcc, 0xd0, 0xff,
    0xc8, 0xc8, 0xc8, 0xff, 0xc8, 0xc8, 0xc8, 0xff, 0xc8, 0xcc, 0xc8, 0xff,
    0xc8, 0xc8, 0xc8, 0xff, 0xc8, 0xc8, 0xc8, 0xff, 0xc8, 0xcc, 0xc8, 0xff,
    0xc8, 0xc8, 0xc8, 0xff, 0xc8, 0xc8, 0xc8, 0xff, 0xd0, 0xcc, 0xd0, 0xff,
    0xc8, 0xc8, 0xc8, 0xff, 0xc8, 0xcc, 0xc8, 0xff, 0xc8, 0xcc, 0xc8, 0xff,
    0xc8, 0xc8, 0xc8, 0xff, 0xc8, 0xc8, 0xc8, 0xff, 0xc8, 0xcc, 0xc8, 0xff,
    0xc8, 0xcc, 0xc8, 0xff, 0xc8, 0xc8, 0xc8, 0xff, 0xd0, 0xcc, 0xd0, 0xff,
    0xc8, 0xc8, 0xc8, 0xff, 0xc8, 0xcc, 0xc8, 0xff, 0xc8, 0xc8, 0xc8, 0xff,
    0xc8, 0xc8, 0xc8, 0xff, 0xc8, 0xcc, 0xc8, 0xff, 0xc8, 0xcc, 0xc8, 0xff,
    0xc8, 0xc8, 0xc8, 0xff, 0xc8, 0xcc, 0xc8, 0xff, 0xd0, 0xcc, 0xd0, 0xff,
    0xc8, 0xc8, 0xc8, 0xff, 0xc8, 0xcc, 0xc8, 0xff, 0xc8, 0xcc, 0xc8, 0xff,
    0xc8, 0xc8, 0xc8, 0xff, 0xc8, 0xcc, 0xc8, 0xff, 0xc8, 0xcc, 0xc8, 0xff,
    0xc8, 0xc8, 0xc8, 0xff, 0xc8, 0xcc, 0xc8, 0xff, 0xd0, 0xcc, 0xd0, 0xff,
    0xc8, 0xc8, 0xc8, 0xff, 0xc8, 0xcc, 0xc8, 0xff, 0xc8, 0xc8, 0xc8, 0xff,
    0xc8, 0xcc, 0xc8, 0xff, 0xc8, 0xc8, 0xc8, 0xff, 0xc8, 0xcc, 0xc8, 0xff,
    0xc8, 0xc8, 0xc8, 0xff, 0xc8, 0xcc, 0xc8, 0xff, 0xd0, 0xc8, 0xd0, 0xff,
    0xc8, 0xc8, 0xc8, 0xff, 0xc8, 0xcc, 0xc8, 0xff, 0xc8, 0xc8, 0xc8, 0xff,
    0xc8, 0xc8, 0xc8, 0xff, 0xc8, 0xcc, 0xc8, 0xff, 0xc8, 0xcc, 0xc8, 0xff,
    0xc8, 0xc8, 0xc8, 0xff, 0xc8, 0xcc, 0xc8, 0xff, 0xd0, 0xc8, 0xd0, 0xff,
    0xc8, 0xc8, 0xc8, 0xff, 0xc8, 0xcc, 0xc8, 0xff, 0xc8, 0xcc, 0xc8, 0xff,
    0xc8, 0xc8, 0xc8, 0xff, 0xc8, 0xcc, 0xc8, 0xff, 0xc8, 0xcc, 0xc8, 0xff,
    0xc8, 0xc8, 0xc8, 0xff, 0xc8, 0xcc, 0xc8, 0xff, 0xd0, 0xcc, 0xd0, 0xff,
    0xc8, 0xc8, 0xc8, 0xff, 0xc8, 0xc8, 0xc8, 0xff, 0xc8, 0xcc, 0xc8, 0xff,
    0xc8, 0xc8, 0xc8, 0xff, 0xc8, 0xc8, 0xc8, 0xff, 0xc8, 0xcc, 0xc8, 0xff,
    0xc8, 0xc8, 0xc8, 0xff, 0xd0, 0xcc, 0xd0, 0xff, 0xc8, 0xcc, 0xc8, 0xff,
    0xc8, 0xc8, 0xc8, 0xff, 0xd0, 0xcc, 0xd0, 0xff, 0xc8, 0xcc, 0xc8, 0xff,
    0xc8, 0xc8, 0xc8, 0xff, 0xc8, 0xc8, 0xc8, 0xff, 0xd0, 0xcc, 0xd0, 0xff,
    0xc8, 0xc8, 0xc8, 0xff, 0xc8, 0xcc, 0xc8, 0xff, 0xc8, 0xcc, 0xc8, 0xff,
    0xd0, 0xc8, 0xd0, 0xff, 0xc8, 0xcc, 0xc8, 0xff, 0xc8, 0xc8, 0xc8, 0xff,
    0xd0, 0xcc, 0xd0, 0xff, 0xc8, 0xc8, 0xc8, 0xff, 0xc8, 0xcc, 0xc8, 0xff,
    0xc8, 0xc8, 0xc8, 0xff, 0xd0, 0xc8, 0xd0, 0xff, 0xc8, 0xcc, 0xc8, 0xff,
    0xc8, 0xcc, 0xc8, 0xff, 0xc8, 0xc8, 0xc8, 0xff, 0xd0, 0xcc, 0xd0, 0xff,
    0xc8, 0xcc, 0xc8, 0xff, 0xd0, 0xc8, 0xd0, 0xff, 0xc8, 0xcc, 0xc8, 0xff,
    0xc8, 0xc8, 0xc8, 0xff, 0xd0, 0xc8, 0xd0, 0xff, 0xc8, 0xcc, 0xc8, 0xff,
    0xc8, 0xc8, 0xc8, 0xff, 0xc8, 0xc8, 0xc8, 0xff, 0xc8, 0xcc, 0xc8, 0xff,
    0xd0, 0xc8, 0xd0, 0xff, 0xc8, 0xc8, 0xc8, 0xff, 0xd0, 0xcc, 0xd0, 0xff,
    0xc8, 0xc8, 0xc8, 0xff, 0xd0, 0xc8, 0xd0, 0xff, 0xc8, 0xcc, 0xc8, 0xff,
    0xc8, 0xc8, 0xc8, 0xff, 0xc8, 0xc8, 0xc8, 0xff, 0xc8, 0xcc, 0xc8, 0xff,
    0xc8, 0xc8, 0xc8, 0xff, 0xd0, 0xcc, 0xd0, 0xff, 0xc8, 0xcc, 0xc8, 0xff,
    0xc8, 0xc8, 0xc8, 0xff, 0xd0, 0xcc, 0xd0, 0xff, 0xc8, 0xcc, 0xc8, 0xff,
    0xc8, 0xc8, 0xc8, 0xff, 0xd0, 0xc8, 0xd0, 0xff, 0xc8, 0xcc, 0xc8, 0xff,
    0xc8, 0xc8, 0xc8, 0xff, 0xd0, 0xc8, 0xd0, 0xff, 0xc8, 0xcc, 0xc8, 0xff,
    0xc8, 0xcc, 0xc8, 0xff, 0xd0, 0xc8, 0xd0, 0xff, 0xc8, 0xcc, 0xc8, 0xff,
    0xd0, 0xc8, 0xd0, 0xff, 0xc8, 0xcc, 0xc8, 0xff, 0xd0, 0xcc, 0xd0, 0xff,
    0xc8, 0xc8, 0xc8, 0xff, 0xc8, 0xcc, 0xc8, 0xff, 0xd0, 0xc8, 0xd0, 0xff,
    0xc8, 0xcc, 0xc8, 0xff, 0xc8, 0xc8, 0xc8, 0xff, 0xc8, 0xc8, 0xc8, 0xff,
    0xd0, 0xcc, 0xd0, 0xff, 0xc8, 0xc8, 0xc8, 0xff, 0xd0, 0xcc, 0xd0, 0xff,
    0xc8, 0xcc, 0xc8, 0xff, 0xd0, 0xc8, 0xd0, 0xff, 0xc8, 0xc8, 0xc8, 0xff,
    0xc8, 0xcc, 0xc8, 0xff, 0xd0, 0xcc, 0xd0, 0xff, 0xc8, 0xc8, 0xc8, 0xff,
    0xc8, 0xcc, 0xc8, 0xff, 0xc8, 0xc8, 0xc8, 0xff, 0xd0, 0xcc, 0xd0, 0xff,
    0xc8, 0xc8, 0xc8, 0xff, 0xd0, 0xcc, 0xd0, 0xff, 0xc8, 0xcc, 0xc8, 0xff,
    0xc8, 0xc8, 0xc8, 0xff, 0xd0, 0xcc, 0xd0, 0xff, 0xc8, 0xcc, 0xc8, 0xff,
    0xc8, 0xc8, 0xc8, 0xff, 0xc8, 0xcc, 0xc8, 0xff, 0xd0, 0xcc, 0xd0, 0xff,
    0xc8, 0xc8, 0xc8, 0xff, 0xd0, 0xcc, 0xd0, 0xff, 0xc8, 0xcc, 0xc8, 0xff,
    0xc8, 0xc8, 0xc8, 0xff, 0xd0, 0xcc, 0xd0, 0xff, 0xc8, 0xc8, 0xc8, 0xff,
    0xc8, 0xc8, 0xc8, 0xff, 0xc8, 0xcc, 0xc8, 0xff, 0xd0, 0xcc, 0xd0, 0xff,
    0xc8, 0xc8, 0xc8, 0xff, 0xd0, 0xcc, 0xd0, 0xff, 0xc8, 0xc8, 0xc8, 0xff,
    0xc8, 0xc8, 0xc8, 0xff, 0xd0, 0xcc, 0xd0, 0xff, 0xc8, 0xcc, 0xc8, 0xff,
    0xc8, 0xc8, 0xc8, 0xff, 0xc8, 0xcc, 0xc8, 0xff, 0xd0, 0xcc, 0xd0, 0xff,
    0xc8, 0xc8, 0xc8, 0xff, 0xd0, 0xcc, 0xd0, 0xff, 0xc8, 0xc8, 0xc8, 0xff,
    0xc8, 0xc8, 0xc8, 0xff, 0xd0, 0xcc, 0xd0, 0xff, 0xc8, 0xc8, 0xc8, 0xff,
    0xc8, 0xc8, 0xc8, 0xff, 0xc8, 0xcc, 0xc8, 0xff, 0xd0, 0xc8, 0xd0, 0xff,
    0xc8, 0xc8, 0xc8, 0xff, 0xd0, 0xcc, 0xd0, 0xff, 0xc8, 0xc8, 0xc8, 0xff,
    0xc8, 0xc8, 0xc8, 0xff, 0xd0, 0xcc, 0xd0, 0xff, 0xc8, 0xc8, 0xc8, 0xff,
    0xc8, 0xc8, 0xc8, 0xff, 0xc8, 0xcc, 0xc8, 0xff, 0xd0, 0xc8, 0xd0, 0xff,
    0xc8, 0xcc, 0xc8, 0xff, 0xd0, 0xcc, 0xd0, 0xff, 0xc8, 0xc8, 0xc8, 0xff,
    0xc8, 0xcc, 0xc8, 0xff, 0xd0, 0xcc, 0xd0, 0xff, 0xc8, 0xc8, 0xc8, 0xff,
    0xc8, 0xcc, 0xc8, 0xff, 0xc8, 0xcc, 0xc8, 0xff, 0xd0, 0xc8, 0xd0, 0xff,
    0xc8, 0xcc, 0xc8, 0xff, 0xd0, 0xc8, 0xd0, 0xff, 0xc8, 0xc8, 0xc8, 0xff,
    0xc8, 0xcc, 0xc8, 0xff, 0xd0, 0xcc, 0xd0, 0xff, 0xc8, 0xc8, 0xc8, 0xff,
    0xc8, 0xcc, 0xc8, 0xff, 0xc8, 0xc8, 0xc8, 0xff, 0xd0, 0xc8, 0xd0, 0xff,
    0xc8, 0xcc, 0xc8, 0xff, 0xd0, 0xc8, 0xd0, 0xff, 0xc8, 0xcc, 0xc8, 0xff,
    0xc8, 0xc8, 0xc8, 0xff, 0xd0, 0xcc, 0xd0, 0xff, 0xc8, 0xc8, 0xc8, 0xff,
    0xc8, 0xcc, 0xc8, 0xff, 0xc8, 0xcc, 0xc8, 0xff, 0xd0, 0xc8, 0xd0, 0xff,
    0xc8, 0xcc, 0xc8, 0xff, 0xd0, 0xcc, 0xd0, 0xff, 0xc8, 0xc8, 0xc8, 0xff,
    0xc8, 0xc8, 0xc8, 0xff, 0xc8, 0xcc, 0xc8, 0xff, 0xc8, 0xc8, 0xc8, 0xff,
    0xc8, 0xc8, 0xc8, 0xff, 0xc8, 0xcc, 0xc8, 0xff, 0xc8, 0xc8, 0xc8, 0xff,
    0xc8, 0xcc, 0xc8, 0xff, 0xc8, 0xcc, 0xc8, 0xff, 0xc8, 0xc8, 0xc8, 0xff,
    0xd0, 0xc8, 0xd0, 0xff, 0xc8, 0xcc, 0xc8, 0xff, 0xc8, 0xc8, 0xc8, 0xff,
    0xc8, 0xcc, 0xc8, 0xff, 0xc8, 0xc8, 0xc8, 0xff, 0xc8, 0xcc, 0xc8, 0xff,
    0xc8, 0xc8, 0xc8, 0xff, 0xd0, 0xcc, 0xd0, 0xff, 0xc8, 0xcc, 0xc8, 0xff,
    0xc8, 0xcc, 0xc8, 0xff, 0xc8, 0xc8, 0xc8, 0xff, 0xd0, 0xc8, 0xd0, 0xff,
    0xc8, 0xcc, 0xc8, 0xff, 0xc8, 0xc8, 0xc8, 0xff, 0xc8, 0xc8, 0xc8, 0xff,
    0xc8, 0xcc, 0xc8, 0xff, 0xc8, 0xc8, 0xc8, 0xff, 0xd0, 0xcc, 0xd0, 0xff,
    0xc8, 0xcc, 0xc8, 0xff, 0xc8, 0xc8, 0xc8, 0xff, 0xc8, 0xc8, 0xc8, 0xff,
    0xc8, 0xc8, 0xc8, 0xff, 0xc8, 0xcc, 0xc8, 0xff, 0xc8, 0xcc, 0xc8, 0xff,
    0xc8, 0xc8, 0xc8, 0xff, 0xc8, 0xcc, 0xc8, 0xff, 0xc8, 0xcc, 0xc8, 0xff,
    0xd0, 0xc8, 0xd0, 0xff, 0xc8, 0xcc, 0xc8, 0xff, 0xc8, 0xcc, 0xc8, 0xff,
    0xd0, 0xc8, 0xd0, 0xff, 0xc8, 0xcc, 0xc8, 0xff, 0xc8, 0xc8, 0xc8, 0xff,
    0xc8, 0xc8, 0xc8, 0xff, 0xc8, 0xcc, 0xc8, 0xff, 0xc8, 0xc8, 0xc8, 0xff,
    0xc8, 0xcc, 0xc8, 0xff, 0xc8, 0xc8, 0xc8, 0xff, 0xc8, 0xcc, 0xc8, 0xff,
    0xc8, 0xcc, 0xc8, 0xff, 0xc8, 0xc8, 0xc8, 0xff, 0xc8, 0xcc, 0xc8, 0xff,
    0xc8, 0xcc, 0xc8, 0xff, 0xc8, 0xc8, 0xc8, 0xff, 0xc8, 0xcc, 0xc8, 0xff,
    0xc8, 0xc8, 0xc8, 0xff, 0xc8, 0xcc, 0xc8, 0xff, 0xd0, 0xc8, 0xd0, 0xff,
    0xc8, 0xcc, 0xc8, 0xff, 0xc8, 0xc8, 0xc8, 0xff, 0xc8, 0xc8, 0xc8, 0xff,
    0xd0, 0xcc, 0xd0, 0xff, 0xc8, 0xc8, 0xc8, 0xff, 0xc8, 0xcc, 0xc8, 0xff,
    0xc8, 0xcc, 0xc8, 0xff, 0xc8, 0xc8, 0xc8, 0xff, 0xd0, 0xcc, 0xd0, 0xff,
    0xc8, 0xc8, 0xc8, 0xff, 0xc8, 0xc8, 0xc8, 0xff, 0xc8, 0xcc, 0xc8, 0xff,
    0xc8, 0xc8, 0xc8, 0xff, 0xd0, 0xcc, 0xd0, 0xff, 0xc8, 0xcc, 0xc8, 0xff,
    0xc8, 0xc8, 0xc8, 0xff, 0xc8, 0xc8, 0xc8, 0xff, 0xc8, 0xcc, 0xc8, 0xff,
    0xd0, 0xc8, 0xd0, 0xff, 0xc8, 0xcc, 0xc8, 0xff, 0xc8, 0xc8, 0xc8, 0xff,
    0xd0, 0xc8, 0xd0, 0xff, 0xc8, 0xcc, 0xc8, 0xff, 0xc8, 0xc8, 0xc8, 0xff,
    0xd0, 0xc8, 0xd0, 0xff, 0xc8, 0xcc, 0xc8, 0xff, 0xc8, 0xc8, 0xc8, 0xff,
    0xc8, 0xc8, 0xc8, 0xff, 0xd0, 0xcc, 0xd0, 0xff, 0xc8, 0xc8, 0xc8, 0xff,
    0xc8, 0xc8, 0xc8, 0xff, 0xc8, 0xcc, 0xc8, 0xff, 0xd0, 0xc8, 0xd0, 0xff,
    0xc8, 0xcc, 0xc8, 0xff, 0xc8, 0xcc, 0xc8, 0xff, 0xc8, 0xc8, 0xc8, 0xff,
    0xc8, 0xcc, 0xc8, 0xff, 0xd0, 0xc8, 0xd0, 0xff, 0xc8, 0xc8, 0xc8, 0xff,
    0xc8, 0xcc, 0xc8, 0xff, 0xc8, 0xcc, 0xc8, 0xff, 0xd0, 0xc8, 0xd0, 0xff,
    0xc8, 0xcc, 0xc8, 0xff, 0xc8, 0xc8, 0xc8, 0xff, 0xc8, 0xc8, 0xc8, 0xff,
    0xc8, 0xcc, 0xc8, 0xff, 0xd0, 0xc8, 0xd0, 0xff, 0xc8, 0xcc, 0xc8, 0xff,
    0xc8, 0xc8, 0xc8, 0xff, 0xc8, 0xcc, 0xc8, 0xff, 0xd0, 0xc8, 0xd0, 0xff,
    0xc8, 0xcc, 0xc8, 0xff, 0xc8, 0xcc, 0xc8, 0xff, 0xc8, 0xc8, 0xc8, 0xff,
    0xc8, 0xcc, 0xc8, 0xff, 0xd0, 0xcc, 0xd0, 0xff, 0xc8, 0xc8, 0xc8, 0xff,
    0xc8, 0xcc, 0xc8, 0xff, 0xc8, 0xcc, 0xc8, 0xff, 0xd0, 0xc8, 0xd0, 0xff,
    0xc8, 0xcc, 0xc8, 0xff, 0xc8, 0xcc, 0xc8, 0xff, 0xc8, 0xc8, 0xc8, 0xff,
    0xc8, 0xcc, 0xc8, 0xff, 0xd0, 0xc8, 0xd0, 0xff, 0xc8, 0xcc, 0xc8, 0xff,
    0xc8, 0xc8, 0xc8, 0xff, 0xc8, 0xc8, 0xc8, 0xff, 0xd0, 0xcc, 0xd0, 0xff,
    0xc8, 0xc8, 0xc8, 0xff, 0xc8, 0xc8, 0xc8, 0xff, 0xc8, 0xcc, 0xc8, 0xff,
    0xc8, 0xc8, 0xc8, 0xff, 0xd0, 0xc8, 0xd0, 0xff, 0xc8, 0xcc, 0xc8, 0xff,
    0xc8, 0xcc, 0xc8, 0xff, 0xc8, 0xc8, 0xc8, 0xff, 0xd0, 0xc8, 0xd0, 0xff,
    0xc8, 0xcc, 0xc8, 0xff, 0xc8, 0xc8, 0xc8, 0xff, 0xc8, 0xcc, 0xc8, 0xff,
    0xc8, 0xcc, 0xc8, 0xff, 0xd0, 0xc8, 0xd0, 0xff, 0xc8, 0xcc, 0xc8, 0xff,
    0xc8, 0xc8, 0xc8, 0xff, 0xc8, 0xcc, 0xc8, 0xff, 0xd0, 0xc8, 0xd0, 0xff,
    0xc8, 0xcc, 0xc8, 0xff, 0xc8, 0xc8, 0xc8, 0xff, 0xc8, 0xc8, 0xc8, 0xff,
    0xc8, 0xcc, 0xc8, 0xff, 0xd0, 0xc8, 0xd0, 0xff, 0xc8, 0xc8, 0xc8, 0xff,
    0xc8, 0xcc, 0xc8, 0xff, 0xd0, 0xcc, 0xd0, 0xff, 0xc8, 0xc8, 0xc8, 0xff,
    0xd0, 0xcc, 0xd0, 0xff, 0xc8, 0xc8, 0xc8, 0xff, 0xd0, 0xcc, 0xd0, 0xff,
    0xc8, 0xcc, 0xc8, 0xff, 0xd0, 0xc8, 0xd0, 0xff, 0xc8, 0xc8, 0xc8, 0xff,
    0xd0, 0xcc, 0xd0, 0xff, 0xc8, 0xcc, 0xc8, 0xff, 0xc8, 0xc8, 0xc8, 0xff,
    0xc8, 0xcc, 0xc8, 0xff, 0xd0, 0xc8, 0xd0, 0xff, 0xc8, 0xc8, 0xc8, 0xff,
    0xc8, 0xcc, 0xc8, 0xff, 0xd0, 0xcc, 0xd0, 0xff, 0xc8, 0xc8, 0xc8, 0xff,
    0xc8, 0xc8, 0xc8, 0xff, 0xc8, 0xcc, 0xc8, 0xff, 0xd0, 0xc8, 0xd0, 0xff,
    0xc8, 0xc8, 0xc8, 0xff, 0xc8, 0xcc, 0xc8, 0xff, 0xc8, 0xcc, 0xc8, 0xff,
    0xd0, 0xc8, 0xd0, 0xff, 0xc8, 0xcc, 0xc8, 0xff, 0xc8, 0xcc, 0xc8, 0xff,
    0xd0, 0xc8, 0xd0, 0xff, 0xc8, 0xc8, 0xc8, 0xff, 0xc8, 0xcc, 0xc8, 0xff,
    0xd0, 0xcc, 0xd0, 0xff, 0xc8, 0xc8, 0xc8, 0xff, 0xc8, 0xcc, 0xc8, 0xff,
    0xc8, 0xc8, 0xc8, 0xff, 0xd0, 0xcc, 0xd0, 0xff, 0xc8, 0xc8, 0xc8, 0xff,
    0xc8, 0xc8, 0xc8, 0xff, 0xd0, 0xcc, 0xd0, 0xff, 0xc8, 0xc8, 0xc8, 0xff,
    0xc8, 0xc8, 0xc8, 0xff, 0xc8, 0xcc, 0xc8, 0xff, 0xc8, 0xc8, 0xc8, 0xff,
    0xd0, 0xcc, 0xd0, 0xff, 0xc8, 0xcc, 0xc8, 0xff, 0xd0, 0xc8, 0xd0, 0xff,
    0xc8, 0xcc, 0xc8, 0xff, 0xc8, 0xc8, 0xc8, 0xff, 0xd0, 0xcc, 0xd0, 0xff,
    0xc8, 0xc8, 0xc8, 0xff, 0xc8, 0xc8, 0xc8, 0xff, 0xd0, 0xcc, 0xd0, 0xff,
    0xc8, 0xc8, 0xc8, 0xff, 0xd0, 0xc8, 0xd0, 0xff, 0xc8, 0xcc, 0xc8, 0xff,
    0xd0, 0xc8, 0xd0, 0xff, 0xc8, 0xcc, 0xc8, 0xff, 0xd0, 0xc8, 0xd0, 0xff,
    0xc8, 0xc8, 0xc8, 0xff, 0xc8, 0xcc, 0xc8, 0xff, 0xc8, 0xc8, 0xc8, 0xff,
    0xc8, 0xcc, 0xc8, 0xff, 0xc8, 0xcc, 0xc8, 0xff, 0xc8, 0xc8, 0xc8, 0xff,
    0xc8, 0xcc, 0xc8, 0xff, 0xd0, 0xc8, 0xd0, 0xff, 0xc8, 0xc8, 0xc8, 0xff,
    0xc8, 0xcc, 0xc8, 0xff, 0xd0, 0xc8, 0xd0, 0xff, 0xc8, 0xcc, 0xc8, 0xff,
    0xc8, 0xcc, 0xc8, 0xff, 0xc8, 0xc8, 0xc8, 0xff, 0xc8, 0xcc, 0xc8, 0xff,
    0xc8, 0xc8, 0xc8, 0xff, 0xc8, 0xc8, 0xc8, 0xff, 0xd0, 0xcc, 0xd0, 0xff,
    0xc8, 0xc8, 0xc8, 0xff, 0xc8, 0xcc, 0xc8, 0xff, 0xd0, 0xcc, 0xd0, 0xff,
    0xc8, 0xc8, 0xc8, 0xff, 0xc8, 0xcc, 0xc8, 0xff, 0xc8, 0xcc, 0xc8, 0xff,
    0xc8, 0xc8, 0xc8, 0xff, 0xc8, 0xcc, 0xc8, 0xff, 0xc8, 0xcc, 0xc8, 0xff,
    0xc8, 0xc8, 0xc8, 0xff, 0xc8, 0xcc, 0xc8, 0xff, 0xc8, 0xcc, 0xc8, 0xff,
    0xd0, 0xc8, 0xd0, 0xff, 0xc8, 0xcc, 0xc8, 0xff, 0xc8, 0xcc, 0xc8, 0xff,
    0xc8, 0xc8, 0xc8, 0xff, 0xc8, 0xcc, 0xc8, 0xff, 0xc8, 0xc8, 0xc8, 0xff,
    0xd0, 0xc8, 0xd0, 0xff, 0xc8, 0xcc, 0xc8, 0xff, 0xc8, 0xcc, 0xc8, 0xff,
    0xd0, 0xc8, 0xd0, 0xff, 0xc8, 0xcc, 0xc8, 0xff, 0xc8, 0xc8, 0xc8, 0xff,
    0xc8, 0xc8, 0xc8, 0xff, 0xc8, 0xcc, 0xc8, 0xff, 0xc8, 0xcc, 0xc8, 0xff,
    0xd0, 0xc8, 0xd0, 0xff, 0xc8, 0xcc, 0xc8, 0xff, 0xc8, 0xcc, 0xc8, 0xff,
    0xd0, 0xc8, 0xd0, 0xff, 0xc8, 0xc8, 0xc8, 0xff, 0xc8, 0xcc, 0xc8, 0xff,
    0xc8, 0xc8, 0xc8, 0xff, 0xc8, 0xcc, 0xc8, 0xff, 0xc8, 0xc8, 0xc8, 0xff,
    0xd0, 0xc8, 0xd0, 0xff, 0xc8, 0xcc, 0xc8, 0xff, 0xc8, 0xc8, 0xc8, 0xff,
    0xd0, 0xc8, 0xd0, 0xff, 0xc8, 0xcc, 0xc8, 0xff, 0xc8, 0xc8, 0xc8, 0xff,
    0xc8, 0xc8, 0xc8, 0xff, 0xc8, 0xcc, 0xc8, 0xff, 0xc8, 0xc8, 0xc8, 0xff,
    0xd0, 0xcc, 0xd0, 0xff, 0xc8, 0xc8, 0xc8, 0xff, 0xc8, 0xcc, 0xc8, 0xff,
    0xd0, 0xcc, 0xd0, 0xff, 0xc8, 0xc8, 0xc8, 0xff, 0xc8, 0xcc, 0xc8, 0xff,
    0xc8, 0xc8, 0xc8, 0xff, 0xc8, 0xcc, 0xc8, 0xff, 0xc8, 0xcc, 0xc8, 0xff,
    0xd0, 0xc8, 0xd0, 0xff, 0xc8, 0xcc, 0xc8, 0xff, 0xc8, 0xcc, 0xc8, 0xff,
    0xd0, 0xc8, 0xd0, 0xff, 0xc8, 0xc8, 0xc8, 0xff, 0xc8, 0xcc, 0xc8, 0xff,
    0xc8, 0xc8, 0xc8, 0xff, 0xc8, 0xcc, 0xc8, 0xff, 0xc8, 0xcc, 0xc8, 0xff,
    0xd0, 0xc8, 0xd0, 0xff, 0xc8, 0xc8, 0xc8, 0xff, 0xc8, 0xcc, 0xc8, 0xff,
    0xd0, 0xc8, 0xd0, 0xff, 0xc8, 0xcc, 0xc8, 0xff, 0xc8, 0xc8, 0xc8, 0xff,
    0xc8, 0xcc, 0xc8, 0xff, 0xc8, 0xc8, 0xc8, 0xff, 0xc8, 0xcc, 0xc8, 0xff,
    0xd0, 0xc8, 0xd0, 0xff, 0xc8, 0xcc, 0xc8, 0xff, 0xc8, 0xcc, 0xc8, 0xff,
    0xd0, 0xc8, 0xd0, 0xff, 0xc8, 0xcc, 0xc8, 0xff, 0xc8, 0xc8, 0xc8, 0xff,
    0xc8, 0xc8, 0xc8, 0xff, 0xc8, 0xcc, 0xc8, 0xff, 0xc8, 0xc8, 0xc8, 0xff,
    0xc8, 0xcc, 0xc8, 0xff, 0xd0, 0xc8, 0xd0, 0xff, 0xc8, 0xc8, 0xc8, 0xff,
    0xc8, 0xcc, 0xc8, 0xff, 0xc8, 0xcc, 0xc8, 0xff, 0xd0, 0xc8, 0xd0, 0xff,
    0xc8, 0xc8, 0xc8, 0xff, 0xc8, 0xcc, 0xc8, 0xff, 0xd0, 0xc8, 0xd0, 0xff,
    0xc8, 0xcc, 0xc8, 0xff, 0xc8, 0xcc, 0xc8, 0xff, 0xd0, 0xc8, 0xd0, 0xff,
    0xc8, 0xc8, 0xc8, 0xff, 0xc8, 0xcc, 0xc8, 0xff, 0xd0, 0xc8, 0xd0, 0xff,
    0xc8, 0xcc, 0xc8, 0xff, 0xc8, 0xcc, 0xc8, 0xff, 0xc8, 0xc8, 0xc8, 0xff,
    0xd0, 0xc8, 0xd0, 0xff, 0xc8, 0xcc, 0xc8, 0xff, 0xc8, 0xc8, 0xc8, 0xff,
    0xc8, 0xc8, 0xc8, 0xff, 0xd0, 0xcc, 0xd0, 0xff, 0xc8, 0xcc, 0xc8, 0xff,
    0xc8, 0xc8, 0xc8, 0xff, 0xc8, 0xc8, 0xc8, 0xff, 0xc8, 0xcc, 0xc8, 0xff,
    0xc8, 0xc8, 0xc8, 0xff, 0xd0, 0xc8, 0xd0, 0xff, 0xc8, 0xcc, 0xc8, 0xff,
    0xc8, 0xc8, 0xc8, 0xff, 0xc8, 0xcc, 0xc8, 0xff, 0xd0, 0xcc, 0xd0, 0xff,
    0xc8, 0xc8, 0xc8, 0xff, 0xc8, 0xcc, 0xc8, 0xff, 0xc8, 0xc8, 0xc8, 0xff,
    0xd0, 0xcc, 0xd0, 0xff, 0xc8, 0xc8, 0xc8, 0xff, 0xc8, 0xc8, 0xc8, 0xff,
    0xc8, 0xcc, 0xc8, 0xff, 0xc8, 0xc8, 0xc8, 0xff, 0xc8, 0xcc, 0xc8, 0xff,
    0xd0, 0xcc, 0xd0, 0xff, 0xc8, 0xc8, 0xc8, 0xff, 0xc8, 0xcc, 0xc8, 0xff,
    0xd0, 0xcc, 0xd0, 0xff, 0xc8, 0xc8, 0xc8, 0xff, 0xc8, 0xcc, 0xc8, 0xff,
    0xd0, 0xc8, 0xd0, 0xff, 0xc8, 0xcc, 0xc8, 0xff, 0xc8, 0xc8, 0xc8, 0xff,
    0xc8, 0xc8, 0xc8, 0xff, 0xd0, 0xcc, 0xd0, 0xff, 0xc8, 0xcc, 0xc8, 0xff,
    0xc8, 0xc8, 0xc8, 0xff, 0xd0, 0xcc, 0xd0, 0xff, 0xc8, 0xc8, 0xc8, 0xff,
    0xd0, 0xc8, 0xd0, 0xff, 0xd0, 0xcc, 0xd0, 0xff, 0xc8, 0xc8, 0xc8, 0xff,
    0xc8, 0xcc, 0xc8, 0xff, 0xc8, 0xcc, 0xc8, 0xff, 0xd0, 0xc8, 0xd0, 0xff,
    0xc8, 0xc8, 0xc8, 0xff, 0xc8, 0xcc, 0xc8, 0xff, 0xc8, 0xc8, 0xc8, 0xff,
    0xd0, 0xcc, 0xd0, 0xff, 0xd0, 0xcc, 0xd0, 0xff, 0xc8, 0xc8, 0xc8, 0xff,
    0xc8, 0xcc, 0xc8, 0xff, 0xd0, 0xcc, 0xd0, 0xff, 0xc8, 0xc8, 0xc8, 0xff,
    0xc8, 0xcc, 0xc8, 0xff, 0xd0, 0xc8, 0xd0, 0xff, 0xc8, 0xc8, 0xc8, 0xff,
    0xc8, 0xcc, 0xc8, 0xff, 0xd0, 0xc8, 0xd0, 0xff, 0xc8, 0xc8, 0xc8, 0xff,
    0xc8, 0xcc, 0xc8, 0xff, 0xd0, 0xc8, 0xd0, 0xff, 0xc8, 0xcc, 0xc8, 0xff,
    0xd0, 0xc8, 0xd0, 0xff, 0xc8, 0xc8, 0xc8, 0xff, 0xc8, 0xcc, 0xc8, 0xff,
    0xd0, 0xc8, 0xd0, 0xff, 0xc8, 0xc8, 0xc8, 0xff, 0xc8, 0xcc, 0xc8, 0xff,
    0xd0, 0xcc, 0xd0, 0xff, 0xc8, 0xc8, 0xc8, 0xff, 0xc8, 0xcc, 0xc8, 0xff,
    0xd0, 0xc8, 0xd0, 0xff, 0xc8, 0xc8, 0xc8, 0xff, 0xc8, 0xcc, 0xc8, 0xff,
    0xc8, 0xc8, 0xc8, 0xff, 0xc8, 0xcc, 0xc8, 0xff, 0xd0, 0xcc, 0xd0, 0xff,
    0xd0, 0xc8, 0xd0, 0xff, 0xc8, 0xc8, 0xc8, 0xff, 0xc8, 0xcc, 0xc8, 0xff,
    0xc8, 0xc8, 0xc8, 0xff, 0xd0, 0xc8, 0xd0, 0xff, 0xc8, 0xcc, 0xc8, 0xff,
    0xc8, 0xcc, 0xc8, 0xff, 0xc8, 0xc8, 0xc8, 0xff, 0xd0, 0xcc, 0xd0, 0xff,
    0xd0, 0xcc, 0xd0, 0xff, 0xc8, 0xc8, 0xc8, 0xff, 0xc8, 0xcc, 0xc8, 0xff,
    0xc8, 0xcc, 0xc8, 0xff, 0xd0, 0xc8, 0xd0, 0xff, 0xc8, 0xcc, 0xc8, 0xff,
    0xc8, 0xc8, 0xc8, 0xff, 0xc8, 0xcc, 0xc8, 0xff, 0xd0, 0xcc, 0xd0, 0xff,
    0xd0, 0xc8, 0xd0, 0xff, 0xc8, 0xc8, 0xc8, 0xff, 0xc8, 0xcc, 0xc8, 0xff,
    0xc8, 0xc8, 0xc8, 0xff, 0xd0, 0xc8, 0xd0, 0xff, 0xc8, 0xcc, 0xc8, 0xff,
    0xc8, 0xc8, 0xc8, 0xff, 0xc8, 0xc8, 0xc8, 0xff, 0xd0, 0xcc, 0xd0, 0xff,
    0xd0, 0xc8, 0xd0, 0xff, 0xc8, 0xc8, 0xc8, 0xff, 0xc8, 0xcc, 0xc8, 0xff,
    0xc8, 0xc8, 0xc8, 0xff, 0xd0, 0xc8, 0xd0, 0xff, 0xc8, 0xcc, 0xc8, 0xff,
    0xc8, 0xcc, 0xc8, 0xff, 0xc8, 0xcc, 0xc8, 0xff, 0xd0, 0xc8, 0xd0, 0xff,
    0xd0, 0xc8, 0xd0, 0xff, 0xc8, 0xcc, 0xc8, 0xff, 0xc8, 0xcc, 0xc8, 0xff,
    0xc8, 0xc8, 0xc8, 0xff, 0xd0, 0xcc, 0xd0, 0xff, 0xc8, 0xc8, 0xc8, 0xff,
    0xc8, 0xc8, 0xc8, 0xff, 0xc8, 0xcc, 0xc8, 0xff, 0xd0, 0xc8, 0xd0, 0xff,
    0xd0, 0xcc, 0xd0, 0xff, 0xc8, 0xc8, 0xc8, 0xff, 0xc8, 0xc8, 0xc8, 0xff,
    0xc8, 0xcc, 0xc8, 0xff, 0xd0, 0xc8, 0xd0, 0xff, 0xc8, 0xcc, 0xc8, 0xff,
    0xc8, 0xc8, 0xc8, 0xff, 0xc8, 0xcc, 0xc8, 0xff, 0xd0, 0xcc, 0xd0, 0xff,
    0xc8, 0xc8, 0xc8, 0xff, 0xc8, 0xc8, 0xc8, 0xff, 0xd0, 0xcc, 0xd0, 0xff,
    0xc8, 0xcc, 0xc8, 0xff, 0xc8, 0xc8, 0xc8, 0xff, 0xc8, 0xc8, 0xc8, 0xff,
    0xc8, 0xcc, 0xc8, 0xff, 0xc8, 0xc8, 0xc8, 0xff, 0xc8, 0xcc, 0xc8, 0xff,
    0xc8, 0xcc, 0xc8, 0xff, 0xc8, 0xc8, 0xc8, 0xff, 0xd0, 0xc8, 0xd0, 0xff,
    0xc8, 0xcc, 0xc8, 0xff, 0xc8, 0xcc, 0xc8, 0xff, 0xc8, 0xc8, 0xc8, 0xff,
    0xc8, 0xcc, 0xc8, 0xff, 0xc8, 0xc8, 0xc8, 0xff, 0xd0, 0xcc, 0xd0, 0xff,
    0xc8, 0xc8, 0xc8, 0xff, 0xc8, 0xcc, 0xc8, 0xff, 0xc8, 0xcc, 0xc8, 0xff,
    0xc8, 0xc8, 0xc8, 0xff, 0xd0, 0xcc, 0xd0, 0xff, 0xc8, 0xcc, 0xc8, 0xff,
    0xc8, 0xc8, 0xc8, 0xff, 0xc8, 0xc8, 0xc8, 0xff, 0xd0, 0xcc, 0xd0, 0xff,
    0xc8, 0xcc, 0xc8, 0xff, 0xd0, 0xc8, 0xd0, 0xff, 0xc8, 0xcc, 0xc8, 0xff,
    0xc8, 0xc8, 0xc8, 0xff, 0xc8, 0xcc, 0xc8, 0xff, 0xc8, 0xc8, 0xc8, 0xff,
    0xc8, 0xc8, 0xc8, 0xff, 0xc8, 0xcc, 0xc8, 0xff, 0xc8, 0xc8, 0xc8, 0xff,
    0xc8, 0xcc, 0xc8, 0xff, 0xc8, 0xc8, 0xc8, 0xff, 0xd0, 0xcc, 0xd0, 0xff,
    0xc8, 0xcc, 0xc8, 0xff, 0xc8, 0xc8, 0xc8, 0xff, 0xd0, 0xcc, 0xd0, 0xff,
    0xc8, 0xc8, 0xc8, 0xff, 0xc8, 0xc8, 0xc8, 0xff, 0xc8, 0xcc, 0xc8, 0xff,
    0xd0, 0xc8, 0xd0, 0xff, 0xc8, 0xc8, 0xc8, 0xff, 0xc8, 0xcc, 0xc8, 0xff,
    0xc8, 0xc8, 0xc8, 0xff, 0xc8, 0xcc, 0xc8, 0xff, 0xc8, 0xc8, 0xc8, 0xff,
    0xc8, 0xcc, 0xc8, 0xff, 0xc8, 0xcc, 0xc8, 0xff, 0xc8, 0xc8, 0xc8, 0xff,
    0xc8, 0xcc, 0xc8, 0xff, 0xc8, 0xcc, 0xc8, 0xff, 0xc8, 0xc8, 0xc8, 0xff,
    0xc8, 0xcc, 0xc8, 0xff, 0xc8, 0xcc, 0xc8, 0xff, 0xc8, 0xc8, 0xc8, 0xff,
    0xc8, 0xcc, 0xc8, 0xff, 0xc8, 0xc8, 0xc8, 0xff, 0xd0, 0xc8, 0xd0, 0xff,
    0xc8, 0xcc, 0xc8, 0xff, 0xc8, 0xcc, 0xc8, 0xff, 0xc8, 0xc8, 0xc8, 0xff,
    0xd0, 0xcc, 0xd0, 0xff, 0xc8, 0xcc, 0xc8, 0xff, 0xc8, 0xc8, 0xc8, 0xff,
    0xc8, 0xc8, 0xc8, 0xff, 0xc8, 0xcc, 0xc8, 0xff, 0xc8, 0xc8, 0xc8, 0xff,
    0xd0, 0xc8, 0xd0, 0xff, 0xc8, 0xcc, 0xc8, 0xff, 0xc8, 0xc8, 0xc8, 0xff,
    0xc8, 0xcc, 0xc8, 0xff, 0xc8, 0xc8, 0xc8, 0xff, 0xc8, 0xcc, 0xc8, 0xff,
    0xc8, 0xcc, 0xc8, 0xff, 0xd0, 0xc8, 0xd0, 0xff, 0xc8, 0xcc, 0xc8, 0xff,
    0xc8, 0xc8, 0xc8, 0xff, 0xd0, 0xcc, 0xd0, 0xff, 0xc8, 0xc8, 0xc8, 0xff,
    0xc8, 0xcc, 0xc8, 0xff, 0xd0, 0xc8, 0xd0, 0xff, 0xc8, 0xcc, 0xc8, 0xff,
    0xc8, 0xcc, 0xc8, 0xff, 0xc8, 0xc8, 0xc8, 0xff, 0xd0, 0xc8, 0xd0, 0xff,
    0xc8, 0xcc, 0xc8, 0xff, 0xc8, 0xc8, 0xc8, 0xff, 0xc8, 0xcc, 0xc8, 0xff,
    0xc8, 0xcc, 0xc8, 0xff, 0xd0, 0xc8, 0xd0, 0xff, 0xc8, 0xc8, 0xc8, 0xff,
    0xc8, 0xcc, 0xc8, 0xff, 0xc8, 0xc8, 0xc8, 0xff, 0xc8, 0xcc, 0xc8, 0xff,
    0xc8, 0xcc, 0xc8, 0xff, 0xd0, 0xc8, 0xd0, 0xff, 0xc8, 0xcc, 0xc8, 0xff,
    0xc8, 0xcc, 0xc8, 0xff, 0xc8, 0xc8, 0xc8, 0xff, 0xd0, 0xc8, 0xd0, 0xff,
    0xc8, 0xcc, 0xc8, 0xff, 0xc8, 0xc8, 0xc8, 0xff, 0xc8, 0xc8, 0xc8, 0xff,
    0xc8, 0xcc, 0xc8, 0xff, 0xd0, 0xc8, 0xd0, 0xff, 0xc8, 0xc8, 0xc8, 0xff,
    0xc8, 0xcc, 0xc8, 0xff, 0xc8, 0xc8, 0xc8, 0xff, 0xd0, 0xcc, 0xd0, 0xff,
    0xc8, 0xcc, 0xc8, 0xff, 0xc8, 0xc8, 0xc8, 0xff, 0xc8, 0xcc, 0xc8, 0xff,
    0xc8, 0xcc, 0xc8, 0xff, 0xd0, 0xc8, 0xd0, 0xff, 0xc8, 0xcc, 0xc8, 0xff,
    0xc8, 0xcc, 0xc8, 0xff, 0xc8, 0xc8, 0xc8, 0xff, 0xd0, 0xcc, 0xd0, 0xff,
    0xc8, 0xc8, 0xc8, 0xff, 0xc8, 0xcc, 0xc8, 0xff, 0xc8, 0xcc, 0xc8, 0xff,
    0xc8, 0xc8, 0xc8, 0xff, 0xd0, 0xcc, 0xd0, 0xff, 0xc8, 0xcc, 0xc8, 0xff,
    0xc8, 0xc8, 0xc8, 0xff, 0xc8, 0xc8, 0xc8, 0xff, 0xd0, 0xcc, 0xd0, 0xff,
    0xc8, 0xc8, 0xc8, 0xff, 0xc8, 0xc8, 0xc8, 0xff, 0xc8, 0xcc, 0xc8, 0xff,
    0xc8, 0xcc, 0xc8, 0xff, 0xd0, 0xc8, 0xd0, 0xff, 0xc8, 0xc8, 0xc8, 0xff,
    0xc8, 0xcc, 0xc8, 0xff, 0xc8, 0xcc, 0xc8, 0xff, 0xd0, 0xc8, 0xd0, 0xff,
    0xc8, 0xcc, 0xc8, 0xff, 0xc8, 0xcc, 0xc8, 0xff, 0xc8, 0xc8, 0xc8, 0xff,
    0xc8, 0xcc, 0xc8, 0xff, 0xd0, 0xcc, 0xd0, 0xff, 0xc8, 0xc8, 0xc8, 0xff,
    0xc8, 0xcc, 0xc8, 0xff, 0xc8, 0xc8, 0xc8, 0xff, 0xd0, 0xc8, 0xd0, 0xff,
    0xc8, 0xcc, 0xc8, 0xff, 0xc8, 0xc8, 0xc8, 0xff, 0xd0, 0xcc, 0xd0, 0xff,
    0xc8, 0xcc, 0xc8, 0xff, 0xc8, 0xc8, 0xc8, 0xff, 0xd0, 0xcc, 0xd0, 0xff,
    0xc8, 0xc8, 0xc8, 0xff, 0xc8, 0xcc, 0xc8, 0xff, 0xd0, 0xcc, 0xd0, 0xff,
    0xc8, 0xc8, 0xc8, 0xff, 0xd0, 0xc8, 0xd0, 0xff, 0xc8, 0xcc, 0xc8, 0xff,
    0xc8, 0xcc, 0xc8, 0xff, 0xd0, 0xc8, 0xd0, 0xff, 0xc8, 0xc8, 0xc8, 0xff,
    0xc8, 0xcc, 0xc8, 0xff, 0xc8, 0xc8, 0xc8, 0xff, 0xd0, 0xcc, 0xd0, 0xff,
    0xc8, 0xc8, 0xc8, 0xff, 0xc8, 0xcc, 0xc8, 0xff, 0xc8, 0xc8, 0xc8, 0xff,
    0xd0, 0xc8, 0xd0, 0xff, 0xc8, 0xcc, 0xc8, 0xff, 0xd0, 0xc8, 0xd0, 0xff,
    0xc8, 0xc8, 0xc8, 0xff, 0xc8, 0xcc, 0xc8, 0xff, 0xd0, 0xcc, 0xd0, 0xff,
    0xc8, 0xc8, 0xc8, 0xff, 0xc8, 0xc8, 0xc8, 0xff, 0xc8, 0xcc, 0xc8, 0xff,
    0xc8, 0xc8, 0xc8, 0xff, 0xc8, 0xcc, 0xc8, 0xff, 0xd0, 0xc8, 0xd0, 0xff,
    0xc8, 0xcc, 0xc8, 0xff, 0xc8, 0xcc, 0xc8, 0xff, 0xc8, 0xc8, 0xc8, 0xff,
    0xc8, 0xcc, 0xc8, 0xff, 0xc8, 0xc8, 0xc8, 0xff, 0xd0, 0xc8, 0xd0, 0xff,
    0xc8, 0xcc, 0xc8, 0xff, 0xc8, 0xc8, 0xc8, 0xff, 0xd0, 0xc8, 0xd0, 0xff,
    0xc8, 0xcc, 0xc8, 0xff, 0xc8, 0xcc, 0xc8, 0xff, 0xd0, 0xc8, 0xd0, 0xff,
    0xc8, 0xcc, 0xc8, 0xff, 0xc8, 0xcc, 0xc8, 0xff, 0xd0, 0xc8, 0xd0, 0xff,
    0xc8, 0xcc, 0xc8, 0xff, 0xc8, 0xc8, 0xc8, 0xff, 0xd0, 0xc8, 0xd0, 0xff,
    0xc8, 0xcc, 0xc8, 0xff, 0xd0, 0xc8, 0xd0, 0xff, 0xc8, 0xc8, 0xc8, 0xff,
    0xd0, 0xcc, 0xd0, 0xff, 0xc8, 0xc8, 0xc8, 0xff, 0xd0, 0xcc, 0xd0, 0xff,
    0xc8, 0xc8, 0xc8, 0xff, 0xc8, 0xc8, 0xc8, 0xff, 0xd0, 0xc8, 0xd0, 0xff,
    0xc8, 0xcc, 0xc8, 0xff, 0xd0, 0xc8, 0xd0, 0xff, 0xc8, 0xcc, 0xc8, 0xff,
    0xc8, 0xcc, 0xc8, 0xff, 0xc8, 0xc8, 0xc8, 0xff, 0xc8, 0xcc, 0xc8, 0xff,
    0xd0, 0xc8, 0xd0, 0xff, 0xc8, 0xc8, 0xc8, 0xff, 0xc8, 0xcc, 0xc8, 0xff,
    0xc8, 0xc8, 0xc8, 0xff, 0xd0, 0xcc, 0xd0, 0xff, 0xc8, 0xc8, 0xc8, 0xff,
    0xc8, 0xc8, 0xc8, 0xff, 0xc8, 0xcc, 0xc8, 0xff, 0xd0, 0xcc, 0xd0, 0xff,
    0xc8, 0xc8, 0xc8, 0xff, 0xc8, 0xc8, 0xc8, 0xff, 0xd0, 0xcc, 0xd0, 0xff,
    0xc8, 0xc8, 0xc8, 0xff, 0xc8, 0xcc, 0xc8, 0xff, 0xd0, 0xc8, 0xd0, 0xff,
    0xc8, 0xc8, 0xc8, 0xff, 0xc8, 0xcc, 0xc8, 0xff, 0xc8, 0xcc, 0xc8, 0xff,
    0xc8, 0xc8, 0xc8, 0xff, 0xc8, 0xc8, 0xc8, 0xff, 0xc8, 0xcc, 0xc8, 0xff,
    0xc8, 0xcc, 0xc8, 0xff, 0xc8, 0xc8, 0xc8, 0xff, 0xc8, 0xc8, 0xc8, 0xff,
    0xc8, 0xcc, 0xc8, 0xff, 0xd0, 0xcc, 0xd0, 0xff, 0xc8, 0xc8, 0xc8, 0xff,
    0xc8, 0xc8, 0xc8, 0xff, 0xd0, 0xcc, 0xd0, 0xff, 0xc8, 0xc8, 0xc8, 0xff,
    0xc8, 0xcc, 0xc8, 0xff, 0xc8, 0xcc, 0xc8, 0xff, 0xd0, 0xc8, 0xd0, 0xff,
    0xd0, 0xcc, 0xd0, 0xff, 0xc8, 0xc8, 0xc8, 0xff, 0xc8, 0xc8, 0xc8, 0xff,
    0xc8, 0xcc, 0xc8, 0xff, 0xc8, 0xc8, 0xc8, 0xff, 0xd0, 0xc8, 0xd0, 0xff,
    0xc8, 0xcc, 0xc8, 0xff, 0xc8, 0xcc, 0xc8, 0xff, 0xc8, 0xc8, 0xc8, 0xff,
    0xd0, 0xcc, 0xd0, 0xff, 0xc8, 0xcc, 0xc8, 0xff, 0xc8, 0xc8, 0xc8, 0xff,
    0xc8, 0xcc, 0xc8, 0xff, 0xc8, 0xcc, 0xc8, 0xff, 0xd0, 0xc8, 0xd0, 0xff,
    0xc8, 0xc8, 0xc8, 0xff, 0xc8, 0xcc, 0xc8, 0xff, 0xc8, 0xc8, 0xc8, 0xff,
    0xd0, 0xc8, 0xd0, 0xff, 0xc8, 0xc8, 0xc8, 0xff, 0xc8, 0xcc, 0xc8, 0xff,
    0xc8, 0xc8, 0xc8, 0xff, 0xc8, 0xc8, 0xc8, 0xff, 0xd0, 0xcc, 0xd0, 0xff,
    0xc8, 0xc8, 0xc8, 0xff, 0xc8, 0xcc, 0xc8, 0xff, 0xc8, 0xc8, 0xc8, 0xff,
    0xd0, 0xcc, 0xd0, 0xff, 0xc8, 0xc8, 0xc8, 0xff, 0xc8, 0xcc, 0xc8, 0xff,
    0xc8, 0xc8, 0xc8, 0xff, 0xc8, 0xc8, 0xc8, 0xff, 0xd0, 0xcc, 0xd0, 0xff,
    0xc8, 0xcc, 0xc8, 0xff, 0xc8, 0xc8, 0xc8, 0xff, 0xc8, 0xcc, 0xc8, 0xff,
    0xd0, 0xc8, 0xd0, 0xff, 0xc8, 0xc8, 0xc8, 0xff, 0xc8, 0xcc, 0xc8, 0xff,
    0xc8, 0xcc, 0xc8, 0xff, 0xc8, 0xc8, 0xc8, 0xff, 0xd0, 0xc8, 0xd0, 0xff,
    0xc8, 0xcc, 0xc8, 0xff, 0xc8, 0xc8, 0xc8, 0xff, 0xc8, 0xc8, 0xc8, 0xff,
    0xd0, 0xcc, 0xd0, 0xff, 0xc8, 0xc8, 0xc8, 0xff, 0xc8, 0xc8, 0xc8, 0xff,
    0xc8, 0xcc, 0xc8, 0xff, 0xc8, 0xc8, 0xc8, 0xff, 0xd0, 0xcc, 0xd0, 0xff,
    0xc8, 0xcc, 0xc8, 0xff, 0xc8, 0xc8, 0xc8, 0xff, 0xc8, 0xcc, 0xc8, 0xff,
    0xc8, 0xcc, 0xc8, 0xff, 0xc8, 0xc8, 0xc8, 0xff, 0xc8, 0xc8, 0xc8, 0xff,
    0xc8, 0xcc, 0xc8, 0xff, 0xc8, 0xc8, 0xc8, 0xff, 0xc8, 0xc8, 0xc8, 0xff,
    0xc8, 0xcc, 0xc8, 0xff, 0xc8, 0xc8, 0xc8, 0xff, 0xc8, 0xcc, 0xc8, 0xff,
    0xd0, 0xcc, 0xd0, 0xff, 0xc8, 0xc8, 0xc8, 0xff, 0xc8, 0xc8, 0xc8, 0xff,
    0xd0, 0xcc, 0xd0, 0xff, 0xc8, 0xc8, 0xc8, 0xff, 0xc8, 0xcc, 0xc8, 0xff,
    0xc8, 0xc8, 0xc8, 0xff, 0xd0, 0xc8, 0xd0, 0xff, 0xc8, 0xcc, 0xc8, 0xff,
    0xc8, 0xcc, 0xc8, 0xff, 0xd0, 0xc8, 0xd0, 0xff, 0xc8, 0xcc, 0xc8, 0xff,
    0xc8, 0xcc, 0xc8, 0xff, 0xc8, 0xc8, 0xc8, 0xff, 0xc8, 0xcc, 0xc8, 0xff,
    0xc8, 0xc8, 0xc8, 0xff, 0xc8, 0xc8, 0xc8, 0xff, 0xc8, 0xcc, 0xc8, 0xff,
    0xd0, 0xcc, 0xd0, 0xff, 0xc8, 0xc8, 0xc8, 0xff, 0xc8, 0xcc, 0xc8, 0xff,
    0xd0, 0xc8, 0xd0, 0xff, 0xc8, 0xc8, 0xc8, 0xff, 0xc8, 0xcc, 0xc8, 0xff,
    0xd0, 0xc8, 0xd0, 0xff, 0xc8, 0xc8, 0xc8, 0xff, 0xc8, 0xcc, 0xc8, 0xff,
    0xc8, 0xc8, 0xc8, 0xff, 0xc8, 0xcc, 0xc8, 0xff, 0xd0, 0xcc, 0xd0, 0xff,
    0xc8, 0xc8, 0xc8, 0xff, 0xc8, 0xcc, 0xc8, 0xff, 0xc8, 0xc8, 0xc8, 0xff,
    0xc8, 0xc8, 0xc8, 0xff, 0xc8, 0xcc, 0xc8, 0xff, 0xc8, 0xc8, 0xc8, 0xff,
    0xc8, 0xcc, 0xc8, 0xff, 0xd0, 0xc8, 0xd0, 0xff, 0xc8, 0xcc, 0xc8, 0xff,
    0xc8, 0xcc, 0xc8, 0xff, 0xc8, 0xc8, 0xc8, 0xff, 0xc8, 0xcc, 0xc8, 0xff,
    0xd0, 0xcc, 0xd0, 0xff, 0xc8, 0xc8, 0xc8, 0xff, 0xc8, 0xcc, 0xc8, 0xff,
    0xc8, 0xc8, 0xc8, 0xff, 0xd0, 0xcc, 0xd0, 0xff, 0xc8, 0xc8, 0xc8, 0xff,
    0xc8, 0xcc, 0xc8, 0xff, 0xd0, 0xcc, 0xd0, 0xff, 0xc8, 0xc8, 0xc8, 0xff,
    0xc8, 0xc8, 0xc8, 0xff, 0xc8, 0xcc, 0xc8, 0xff, 0xd0, 0xc8, 0xd0, 0xff,
    0xc8, 0xc8, 0xc8, 0xff, 0xc8, 0xcc, 0xc8, 0xff, 0xc8, 0xcc, 0xc8, 0xff,
    0xc8, 0xc8, 0xc8, 0xff, 0xd0, 0xcc, 0xd0, 0xff, 0xc8, 0xc8, 0xc8, 0xff,
    0xc8, 0xc8, 0xc8, 0xff, 0xc8, 0xcc, 0xc8, 0xff, 0xd0, 0xcc, 0xd0, 0xff,
    0xc8, 0xc8, 0xc8, 0xff, 0xc8, 0xcc, 0xc8, 0xff, 0xc8, 0xcc, 0xc8, 0xff,
    0xc8, 0xc8, 0xc8, 0xff, 0xc8, 0xcc, 0xc8, 0xff, 0xd0, 0xcc, 0xd0, 0xff,
    0xc8, 0xc8, 0xc8, 0xff, 0xc8, 0xcc, 0xc8, 0xff, 0xd0, 0xcc, 0xd0, 0xff,
    0xc8, 0xc8, 0xc8, 0xff, 0xc8, 0xc8, 0xc8, 0xff, 0xd0, 0xcc, 0xd0, 0xff,
    0xc8, 0xcc, 0xc8, 0xff, 0xc8, 0xc8, 0xc8, 0xff, 0xd0, 0xcc, 0xd0, 0xff,
    0xc8, 0xc8, 0xc8, 0xff, 0xd0, 0xcc, 0xd0, 0xff, 0xc8, 0xc8, 0xc8, 0xff,
    0xc8, 0xc8, 0xc8, 0xff, 0xc8, 0xcc, 0xc8, 0xff, 0xc8, 0xcc, 0xc8, 0xff,
    0xc8, 0xc8, 0xc8, 0xff, 0xd0, 0xcc, 0xd0, 0xff, 0xc8, 0xc8, 0xc8, 0xff,
    0xc8, 0xc8, 0xc8, 0xff, 0xc8, 0xcc, 0xc8, 0xff, 0xc8, 0xcc, 0xc8, 0xff,
    0xc8, 0xc8, 0xc8, 0xff, 0xd0, 0xcc, 0xd0, 0xff, 0xc8, 0xc8, 0xc8, 0xff,
    0xc8, 0xcc, 0xc8, 0xff, 0xd0, 0xcc, 0xd0, 0xff, 0xc8, 0xc8, 0xc8, 0xff,
    0xc8, 0xc8, 0xc8, 0xff, 0xc8, 0xcc, 0xc8, 0xff, 0xc8, 0xc8, 0xc8, 0xff,
    0xc8, 0xc8, 0xc8, 0xff, 0xd0, 0xcc, 0xd0, 0xff, 0xc8, 0xc8, 0xc8, 0xff,
    0xc8, 0xc8, 0xc8, 0xff, 0xc8, 0xcc, 0xc8, 0xff, 0xc8, 0xcc, 0xc8, 0xff,
    0xd0, 0xc8, 0xd0, 0xff, 0xc8, 0xcc, 0xc8, 0xff, 0xc8, 0xcc, 0xc8, 0xff,
    0xc8, 0xc8, 0xc8, 0xff, 0xd0, 0xcc, 0xd0, 0xff, 0xc8, 0xcc, 0xc8, 0xff,
    0xc8, 0xc8, 0xc8, 0xff, 0xc8, 0xcc, 0xc8, 0xff, 0xc8, 0xc8, 0xc8, 0xff,
    0xd0, 0xcc, 0xd0, 0xff, 0xc8, 0xc8, 0xc8, 0xff, 0xc8, 0xcc, 0xc8, 0xff,
    0xc8, 0xc8, 0xc8, 0xff, 0xd0, 0xcc, 0xd0, 0xff, 0xc8, 0xc8, 0xc8, 0xff,
    0xc8, 0xcc, 0xc8, 0xff, 0xc8, 0xc8, 0xc8, 0xff, 0xc8, 0xc8, 0xc8, 0xff,
    0xd0, 0xcc, 0xd0, 0xff, 0xc8, 0xcc, 0xc8, 0xff, 0xc8, 0xc8, 0xc8, 0xff,
    0xc8, 0xcc, 0xc8, 0xff, 0xd0, 0xcc, 0xd0, 0xff, 0xc8, 0xc8, 0xc8, 0xff,
    0xc8, 0xc8, 0xc8, 0xff, 0xc8, 0xcc, 0xc8, 0xff, 0xc8, 0xcc, 0xc8, 0xff,
    0xd0, 0xc8, 0xd0, 0xff, 0xc8, 0xcc, 0xc8, 0xff, 0xc8, 0xcc, 0xc8, 0xff,
    0xc8, 0xc8, 0xc8, 0xff, 0xd0, 0xcc, 0xd0, 0xff, 0xc8, 0xcc, 0xc8, 0xff,
    0xc8, 0xc8, 0xc8, 0xff, 0xc8, 0xc8, 0xc8, 0xff, 0xc8, 0xcc, 0xc8, 0xff,
    0xd0, 0xc8, 0xd0, 0xff, 0xc8, 0xc8, 0xc8, 0xff, 0xc8, 0xcc, 0xc8, 0xff,
    0xd0, 0xc8, 0xd0, 0xff, 0xc8, 0xcc, 0xc8, 0xff, 0xd0, 0xc8, 0xd0, 0xff,
    0xc8, 0xcc, 0xc8, 0xff, 0xd0, 0xcc, 0xd0, 0xff, 0xc8, 0xc8, 0xc8, 0xff,
    0xd0, 0xcc, 0xd0, 0xff, 0xc8, 0xc8, 0xc8, 0xff, 0xc8, 0xc8, 0xc8, 0xff,
    0xc8, 0xcc, 0xc8, 0xff, 0xc8, 0xcc, 0xc8, 0xff, 0xc8, 0xc8, 0xc8, 0xff,
    0xc8, 0xcc, 0xc8, 0xff, 0xc8, 0xcc, 0xc8, 0xff, 0xc8, 0xc8, 0xc8, 0xff,
    0xd0, 0xcc, 0xd0, 0xff, 0xc8, 0xcc, 0xc8, 0xff, 0xc8, 0xc8, 0xc8, 0xff,
    0xc8, 0xc8, 0xc8, 0xff, 0xd0, 0xcc, 0xd0, 0xff, 0xc8, 0xc8, 0xc8, 0xff,
    0xc8, 0xc8, 0xc8, 0xff, 0xd0, 0xcc, 0xd0, 0xff, 0xc8, 0xcc, 0xc8, 0xff,
    0xd0, 0xc8, 0xd0, 0xff, 0xc8, 0xcc, 0xc8, 0xff, 0xc8, 0xc8, 0xc8, 0xff,
    0xc8, 0xc8, 0xc8, 0xff, 0xd0, 0xcc, 0xd0, 0xff, 0xc8, 0xcc, 0xc8, 0xff,
    0xc8, 0xc8, 0xc8, 0xff, 0xc8, 0xcc, 0xc8, 0xff, 0xc8, 0xcc, 0xc8, 0xff,
    0xd0, 0xc8, 0xd0, 0xff, 0xc8, 0xcc, 0xc8, 0xff, 0xc8, 0xc8, 0xc8, 0xff,
    0xc8, 0xc8, 0xc8, 0xff, 0xc8, 0xcc, 0xc8, 0xff, 0xc8, 0xc8, 0xc8, 0xff,
    0xd0, 0xcc, 0xd0, 0xff, 0xc8, 0xcc, 0xc8, 0xff, 0xc8, 0xcc, 0xc8, 0xff,
    0xd0, 0xc8, 0xd0, 0xff, 0xc8, 0xc8, 0xc8, 0xff, 0xc8, 0xcc, 0xc8, 0xff,
    0xd0, 0xc8, 0xd0, 0xff, 0xc8, 0xc8, 0xc8, 0xff, 0xc8, 0xcc, 0xc8, 0xff,
    0xc8, 0xc8, 0xc8, 0xff, 0xd0, 0xc8, 0xd0, 0xff, 0xc8, 0xcc, 0xc8, 0xff,
    0xc8, 0xc8, 0xc8, 0xff, 0xc8, 0xcc, 0xc8, 0xff, 0xc8, 0xcc, 0xc8, 0xff,
    0xc8, 0xc8, 0xc8, 0xff, 0xc8, 0xcc, 0xc8, 0xff, 0xc8, 0xc8, 0xc8, 0xff,
    0xc8, 0xcc, 0xc8, 0xff, 0xc8, 0xcc, 0xc8, 0xff, 0xd0, 0xc8, 0xd0, 0xff,
    0xc8, 0xcc, 0xc8, 0xff, 0xc8, 0xcc, 0xc8, 0xff, 0xc8, 0xc8, 0xc8, 0xff,
    0xd0, 0xc8, 0xd0, 0xff, 0xd0, 0xcc, 0xd0, 0xff, 0xc8, 0xc8, 0xc8, 0xff,
    0xc8, 0xcc, 0xc8, 0xff, 0xc8, 0xcc, 0xc8, 0xff, 0xd0, 0xc8, 0xd0, 0xff,
    0xc8, 0xcc, 0xc8, 0xff, 0xc8, 0xc8, 0xc8, 0xff, 0xc8, 0xcc, 0xc8, 0xff,
    0xd0, 0xc8, 0xd0, 0xff, 0xc8, 0xc8, 0xc8, 0xff, 0xd0, 0xcc, 0xd0, 0xff,
    0xc8, 0xc8, 0xc8, 0xff, 0xc8, 0xc8, 0xc8, 0xff, 0xc8, 0xcc, 0xc8, 0xff,
    0xc8, 0xc8, 0xc8, 0xff, 0xc8, 0xc8, 0xc8, 0xff, 0xc8, 0xcc, 0xc8, 0xff,
    0xc8, 0xcc, 0xc8, 0xff, 0xd0, 0xc8, 0xd0, 0xff, 0xc8, 0xc8, 0xc8, 0xff,
    0xc8, 0xcc, 0xc8, 0xff, 0xd0, 0xc8, 0xd0, 0xff, 0xc8, 0xc8, 0xc8, 0xff,
    0xc8, 0xcc, 0xc8, 0xff, 0xc8, 0xcc, 0xc8, 0xff, 0xd0, 0xcc, 0xd0, 0xff,
    0xc8, 0xc8, 0xc8, 0xff, 0xd0, 0xc8, 0xd0, 0xff, 0xc8, 0xcc, 0xc8, 0xff,
    0xc8, 0xcc, 0xc8, 0xff, 0xc8, 0xc8, 0xc8, 0xff, 0xd0, 0xcc, 0xd0, 0xff,
    0xc8, 0xc8, 0xc8, 0xff, 0xd0, 0xc8, 0xd0, 0xff, 0xc8, 0xcc, 0xc8, 0xff,
    0xc8, 0xc8, 0xc8, 0xff, 0xc8, 0xcc, 0xc8, 0xff, 0xd0, 0xc8, 0xd0, 0xff,
    0xc8, 0xc8, 0xc8, 0xff, 0xc8, 0xcc, 0xc8, 0xff, 0xc8, 0xcc, 0xc8, 0xff,
    0xd0, 0xc8, 0xd0, 0xff, 0xd0, 0xcc, 0xd0, 0xff, 0xc8, 0xcc, 0xc8, 0xff,
    0xc8, 0xc8, 0xc8, 0xff, 0xc8, 0xcc, 0xc8, 0xff, 0xd0, 0xcc, 0xd0, 0xff,
    0xd0, 0xc8, 0xd0, 0xff, 0xc8, 0xc8, 0xc8, 0xff, 0xc8, 0xcc, 0xc8, 0xff,
    0xc8, 0xc8, 0xc8, 0xff, 0xd0, 0xcc, 0xd0, 0xff, 0xc8, 0xc8, 0xc8, 0xff,
    0xc8, 0xcc, 0xc8, 0xff, 0xc8, 0xc8, 0xc8, 0xff, 0xd0, 0xc8, 0xd0, 0xff,
    0xd0, 0xcc, 0xd0, 0xff, 0xc8, 0xcc, 0xc8, 0xff, 0xc8, 0xc8, 0xc8, 0xff,
    0xc8, 0xcc, 0xc8, 0xff, 0xd0, 0xc8, 0xd0, 0xff, 0xc8, 0xcc, 0xc8, 0xff,
    0xc8, 0xc8, 0xc8, 0xff, 0xc8, 0xc8, 0xc8, 0xff, 0xd0, 0xcc, 0xd0, 0xff,
    0xd0, 0xcc, 0xd0, 0xff, 0xc8, 0xcc, 0xc8, 0xff, 0xc8, 0xc8, 0xc8, 0xff,
    0xc8, 0xc8, 0xc8, 0xff, 0xd0, 0xcc, 0xd0, 0xff, 0xc8, 0xc8, 0xc8, 0xff,
    0xc8, 0xcc, 0xc8, 0xff, 0xc8, 0xcc, 0xc8, 0xff, 0xd0, 0xc8, 0xd0, 0xff,
    0xd0, 0xc8, 0xd0, 0xff, 0xc8, 0xcc, 0xc8, 0xff, 0xc8, 0xc8, 0xc8, 0xff,
    0xc8, 0xc8, 0xc8, 0xff, 0xd0, 0xcc, 0xd0, 0xff, 0xc8, 0xc8, 0xc8, 0xff,
    0xc8, 0xc8, 0xc8, 0xff, 0xc8, 0xcc, 0xc8, 0xff, 0xd0, 0xcc, 0xd0, 0xff,
    0xd0, 0xc8, 0xd0, 0xff, 0xc8, 0xcc, 0xc8, 0xff, 0xc8, 0xcc, 0xc8, 0xff,
    0xc8, 0xc8, 0xc8, 0xff, 0xd0, 0xcc, 0xd0, 0xff, 0xc8, 0xc8, 0xc8, 0xff,
    0xc8, 0xcc, 0xc8, 0xff, 0xd0, 0xc8, 0xd0, 0xff, 0xc8, 0xcc, 0xc8, 0xff,
    0xc8, 0xc8, 0xc8, 0xff, 0xc8, 0xcc, 0xc8, 0xff, 0xc8, 0xc8, 0xc8, 0xff,
    0xd0, 0xcc, 0xd0, 0xff, 0xc8, 0xcc, 0xc8, 0xff, 0xc8, 0xc8, 0xc8, 0xff,
    0xd0, 0xc8, 0xd0, 0xff, 0xc8, 0xcc, 0xc8, 0xff, 0xd0, 0xc8, 0xd0, 0xff,
    0xc8, 0xc8, 0xc8, 0xff, 0xc8, 0xcc, 0xc8, 0xff, 0xd0, 0xc8, 0xd0, 0xff,
    0xc8, 0xcc, 0xc8, 0xff, 0xc8, 0xc8, 0xc8, 0xff, 0xc8, 0xc8, 0xc8, 0xff,
    0xd0, 0xcc, 0xd0, 0xff, 0xc8, 0xcc, 0xc8, 0xff, 0xc8, 0xc8, 0xc8, 0xff,
    0xc8, 0xc8, 0xc8, 0xff, 0xd0, 0xcc, 0xd0, 0xff, 0xc8, 0xc8, 0xc8, 0xff,
    0xc8, 0xcc, 0xc8, 0xff, 0xd0, 0xcc, 0xd0, 0xff, 0xc8, 0xc8, 0xc8, 0xff,
    0xc8, 0xc8, 0xc8, 0xff, 0xc8, 0xcc, 0xc8, 0xff, 0xd0, 0xc8, 0xd0, 0xff,
    0xc8, 0xcc, 0xc8, 0xff, 0xc8, 0xc8, 0xc8, 0xff, 0xd0, 0xc8, 0xd0, 0xff,
    0xc8, 0xcc, 0xc8, 0xff, 0xc8, 0xcc, 0xc8, 0xff, 0xc8, 0xc8, 0xc8, 0xff,
    0xc8, 0xc8, 0xc8, 0xff, 0xc8, 0xcc, 0xc8, 0xff, 0xc8, 0xc8, 0xc8, 0xff,
    0xd0, 0xc8, 0xd0, 0xff, 0xc8, 0xcc, 0xc8, 0xff, 0xc8, 0xc8, 0xc8, 0xff,
    0xd0, 0xcc, 0xd0, 0xff, 0xc8, 0xcc, 0xc8, 0xff, 0xc8, 0xc8, 0xc8, 0xff,
    0xc8, 0xcc, 0xc8, 0xff, 0xc8, 0xcc, 0xc8, 0xff, 0xc8, 0xc8, 0xc8, 0xff,
    0xd0, 0xcc, 0xd0, 0xff, 0xc8, 0xcc, 0xc8, 0xff, 0xc8, 0xc8, 0xc8, 0xff,
    0xc8, 0xc8, 0xc8, 0xff, 0xd0, 0xcc, 0xd0, 0xff, 0xd0, 0xc8, 0xd0, 0xff,
    0xc8, 0xc8, 0xc8, 0xff, 0xc8, 0xcc, 0xc8, 0xff, 0xd0, 0xc8, 0xd0, 0xff,
    0xc8, 0xc8, 0xc8, 0xff, 0xc8, 0xcc, 0xc8, 0xff, 0xc8, 0xc8, 0xc8, 0xff,
    0xd0, 0xc8, 0xd0, 0xff, 0xc8, 0xcc, 0xc8, 0xff, 0xc8, 0xcc, 0xc8, 0xff,
    0xc8, 0xc8, 0xc8, 0xff, 0xc8, 0xcc, 0xc8, 0xff, 0xd0, 0xc8, 0xd0, 0xff,
    0xc8, 0xc8, 0xc8, 0xff, 0xc8, 0xcc, 0xc8, 0xff, 0xc8, 0xcc, 0xc8, 0xff,
    0xd0, 0xc8, 0xd0, 0xff, 0xc8, 0xcc, 0xc8, 0xff, 0xc8, 0xc8, 0xc8, 0xff,
    0xc8, 0xcc, 0xc8, 0xff, 0xc8, 0xc8, 0xc8, 0xff, 0xd0, 0xcc, 0xd0, 0xff,
    0xc8, 0xcc, 0xc8, 0xff, 0xc8, 0xc8, 0xc8, 0xff, 0xd0, 0xcc, 0xd0, 0xff,
    0xc8, 0xcc, 0xc8, 0xff, 0xd0, 0xc8, 0xd0, 0xff, 0xc8, 0xc8, 0xc8, 0xff,
    0xc8, 0xcc, 0xc8, 0xff, 0xc8, 0xcc, 0xc8, 0xff, 0xc8, 0xc8, 0xc8, 0xff,
    0xc8, 0xcc, 0xc8, 0xff, 0xd0, 0xcc, 0xd0, 0xff, 0xc8, 0xc8, 0xc8, 0xff,
    0xc8, 0xc8, 0xc8, 0xff, 0xc8, 0xcc, 0xc8, 0xff, 0xc8, 0xc8, 0xc8, 0xff,
    0xc8, 0xcc, 0xc8, 0xff, 0xd0, 0xc8, 0xd0, 0xff, 0xc8, 0xc8, 0xc8, 0xff,
    0xc8, 0xcc, 0xc8, 0xff, 0xd0, 0xc8, 0xd0, 0xff, 0xc8, 0xcc, 0xc8, 0xff,
    0xc8, 0xcc, 0xc8, 0xff, 0xc8, 0xc8, 0xc8, 0xff, 0xd0, 0xc8, 0xd0, 0xff,
    0xc8, 0xcc, 0xc8, 0xff, 0xc8, 0xcc, 0xc8, 0xff, 0xc8, 0xc8, 0xc8, 0xff,
    0xd0, 0xc8, 0xd0, 0xff, 0xc8, 0xcc, 0xc8, 0xff, 0xc8, 0xc8, 0xc8, 0xff,
    0xc8, 0xc8, 0xc8, 0xff, 0xc8, 0xcc, 0xc8, 0xff, 0xd0, 0xc8, 0xd0, 0xff,
    0xc8, 0xc8, 0xc8, 0xff, 0xc8, 0xcc, 0xc8, 0xff, 0xc8, 0xcc, 0xc8, 0xff,
    0xc8, 0xc8, 0xc8, 0xff, 0xd0, 0xcc, 0xd0, 0xff, 0xc8, 0xc8, 0xc8, 0xff,
    0xc8, 0xcc, 0xc8, 0xff, 0xc8, 0xc8, 0xc8, 0xff, 0xd0, 0xcc, 0xd0, 0xff,
    0xc8, 0xc8, 0xc8, 0xff, 0xc8, 0xcc, 0xc8, 0xff, 0xc8, 0xc8, 0xc8, 0xff,
    0xc8, 0xcc, 0xc8, 0xff, 0xd0, 0xc8, 0xd0, 0xff, 0xc8, 0xc8, 0xc8, 0xff,
    0xc8, 0xcc, 0xc8, 0xff, 0xc8, 0xcc, 0xc8, 0xff, 0xd0, 0xc8, 0xd0, 0xff,
    0xc8, 0xcc, 0xc8, 0xff, 0xc8, 0xcc, 0xc8, 0xff, 0xc8, 0xc8, 0xc8, 0xff,
    0xc8, 0xc8, 0xc8, 0xff, 0xd0, 0xcc, 0xd0, 0xff, 0xc8, 0xcc, 0xc8, 0xff,
    0xc8, 0xc8, 0xc8, 0xff, 0xc8, 0xc8, 0xc8, 0xff, 0xd0, 0xcc, 0xd0, 0xff,
    0xc8, 0xc8, 0xc8, 0xff, 0xc8, 0xc8, 0xc8, 0xff, 0xc8, 0xcc, 0xc8, 0xff,
    0xc8, 0xcc, 0xc8, 0xff, 0xd0, 0xc8, 0xd0, 0xff, 0xc8, 0xcc, 0xc8, 0xff,
    0xc8, 0xcc, 0xc8, 0xff, 0xc8, 0xc8, 0xc8, 0xff, 0xd0, 0xcc, 0xd0, 0xff,
    0xc8, 0xc8, 0xc8, 0xff, 0xc8, 0xc8, 0xc8, 0xff, 0xc8, 0xcc, 0xc8, 0xff,
    0xc8, 0xc8, 0xc8, 0xff, 0xd0, 0xc8, 0xd0, 0xff, 0xc8, 0xcc, 0xc8, 0xff,
    0xc8, 0xc8, 0xc8, 0xff, 0xc8, 0xcc, 0xc8, 0xff, 0xc8, 0xcc, 0xc8, 0xff,
    0xc8, 0xc8, 0xc8, 0xff, 0xc8, 0xcc, 0xc8, 0xff, 0xc8, 0xc8, 0xc8, 0xff,
    0xd0, 0xc8, 0xd0, 0xff, 0xc8, 0xcc, 0xc8, 0xff, 0xc8, 0xc8, 0xc8, 0xff,
    0xc8, 0xc8, 0xc8, 0xff, 0xc8, 0xcc, 0xc8, 0xff, 0xd0, 0xcc, 0xd0, 0xff,
    0xc8, 0xc8, 0xc8, 0xff, 0xc8, 0xcc, 0xc8, 0xff, 0xd0, 0xcc, 0xd0, 0xff,
    0xc8, 0xc8, 0xc8, 0xff, 0xc8, 0xc8, 0xc8, 0xff, 0xd0, 0xcc, 0xd0, 0xff,
    0xc8, 0xc8, 0xc8, 0xff, 0xc8, 0xcc, 0xc8, 0xff, 0xd0, 0xcc, 0xd0, 0xff,
    0xc8, 0xc8, 0xc8, 0xff, 0xc8, 0xcc, 0xc8, 0xff, 0xc8, 0xcc, 0xc8, 0xff,
    0xc8, 0xc8, 0xc8, 0xff, 0xc8, 0xcc, 0xc8, 0xff, 0xc8, 0xc8, 0xc8, 0xff,
    0xc8, 0xc8, 0xc8, 0xff, 0xc8, 0xcc, 0xc8, 0xff, 0xd0, 0xcc, 0xd0, 0xff,
    0xc8, 0xcc, 0xc8, 0xff, 0xc8, 0xc8, 0xc8, 0xff, 0xc8, 0xcc, 0xc8, 0xff,
    0xd0, 0xc8, 0xd0, 0xff, 0xc8, 0xcc, 0xc8, 0xff, 0xc8, 0xc8, 0xc8, 0xff,
    0xc8, 0xcc, 0xc8, 0xff, 0xd0, 0xc8, 0xd0, 0xff, 0xc8, 0xc8, 0xc8, 0xff,
    0xc8, 0xcc, 0xc8, 0xff, 0xd0, 0xc8, 0xd0, 0xff, 0xc8, 0xcc, 0xc8, 0xff,
    0xc8, 0xc8, 0xc8, 0xff, 0xc8, 0xc8, 0xc8, 0xff, 0xc8, 0xcc, 0xc8, 0xff,
    0xc8, 0xc8, 0xc8, 0xff, 0xd0, 0xcc, 0xd0, 0xff, 0xc8, 0xc8, 0xc8, 0xff,
    0xd0, 0xc8, 0xd0, 0xff, 0xc8, 0xcc, 0xc8, 0xff, 0xc8, 0xc8, 0xc8, 0xff,
    0xd0, 0xc8, 0xd0, 0xff, 0xc8, 0xcc, 0xc8, 0xff, 0xc8, 0xcc, 0xc8, 0xff,
    0xc8, 0xc8, 0xc8, 0xff, 0xc8, 0xcc, 0xc8, 0xff, 0xc8, 0xcc, 0xc8, 0xff,
    0xc8, 0xc8, 0xc8, 0xff, 0xd0, 0xcc, 0xd0, 0xff, 0xc8, 0xcc, 0xc8, 0xff,
    0xd0, 0xc8, 0xd0, 0xff, 0xc8, 0xcc, 0xc8, 0xff, 0xc8, 0xcc, 0xc8, 0xff,
    0xc8, 0xc8, 0xc8, 0xff, 0xd0, 0xc8, 0xd0, 0xff, 0xc8, 0xcc, 0xc8, 0xff,
    0xc8, 0xcc, 0xc8, 0xff, 0xc8, 0xc8, 0xc8, 0xff, 0xc8, 0xcc, 0xc8, 0xff,
    0xd0, 0xc8, 0xd0, 0xff, 0xc8, 0xc8, 0xc8, 0xff, 0xc8, 0xcc, 0xc8, 0xff,
    0xc8, 0xc8, 0xc8, 0xff, 0xd0, 0xc8, 0xd0, 0xff, 0xc8, 0xcc, 0xc8, 0xff,
    0xc8, 0xcc, 0xc8, 0xff, 0xc8, 0xc8, 0xc8, 0xff, 0xc8, 0xc8, 0xc8, 0xff,
    0xc8, 0xcc, 0xc8, 0xff, 0xd0, 0xc8, 0xd0, 0xff, 0xc8, 0xc8, 0xc8, 0xff,
    0xc8, 0xcc, 0xc8, 0xff, 0xc8, 0xcc, 0xc8, 0xff, 0xd0, 0xc8, 0xd0, 0xff,
    0xc8, 0xc8, 0xc8, 0xff, 0xd0, 0xcc, 0xd0, 0xff, 0xc8, 0xc8, 0xc8, 0xff,
    0xc8, 0xc8, 0xc8, 0xff, 0xc8, 0xcc, 0xc8, 0xff, 0xd0, 0xcc, 0xd0, 0xff,
    0xc8, 0xc8, 0xc8, 0xff, 0xd0, 0xc8, 0xd0, 0xff, 0xc8, 0xcc, 0xc8, 0xff,
    0xc8, 0xcc, 0xc8, 0xff, 0xc8, 0xc8, 0xc8, 0xff, 0xc8, 0xcc, 0xc8, 0xff,
    0xc8, 0xc8, 0xc8, 0xff, 0xc8, 0xc8, 0xc8, 0xff, 0xc8, 0xcc, 0xc8, 0xff,
    0xc8, 0xcc, 0xc8, 0xff, 0xc8, 0xc8, 0xc8, 0xff, 0xc8, 0xcc, 0xc8, 0xff,
    0xd0, 0xc8, 0xd0, 0xff, 0xc8, 0xcc, 0xc8, 0xff, 0xc8, 0xcc, 0xc8, 0xff,
    0xc8, 0xcc, 0xc8, 0xff, 0xd0, 0xc8, 0xd0, 0xff, 0xc8, 0xcc, 0xc8, 0xff,
    0xc8, 0xcc, 0xc8, 0xff, 0xc8, 0xc8, 0xc8, 0xff, 0xc8, 0xcc, 0xc8, 0xff,
    0xd0, 0xc8, 0xd0, 0xff, 0xc8, 0xc8, 0xc8, 0xff, 0xc8, 0xcc, 0xc8, 0xff,
    0xc8, 0xc8, 0xc8, 0xff, 0xc8, 0xcc, 0xc8, 0xff, 0xd0, 0xcc, 0xd0, 0xff,
    0xc8, 0xc8, 0xc8, 0xff, 0xc8, 0xcc, 0xc8, 0xff, 0xc8, 0xc8, 0xc8, 0xff,
    0xd0, 0xcc, 0xd0, 0xff, 0xc8, 0xc8, 0xc8, 0xff, 0xc8, 0xcc, 0xc8, 0xff,
    0xc8, 0xc8, 0xc8, 0xff, 0xc8, 0xcc, 0xc8, 0xff, 0xd0, 0xc8, 0xd0, 0xff,
    0xc8, 0xc8, 0xc8, 0xff, 0xc8, 0xcc, 0xc8, 0xff, 0xc8, 0xc8, 0xc8, 0xff,
    0xd0, 0xc8, 0xd0, 0xff, 0xc8, 0xcc, 0xc8, 0xff, 0xc8, 0xc8, 0xc8, 0xff,
    0xc8, 0xc8, 0xc8, 0xff, 0xc8, 0xcc, 0xc8, 0xff, 0xd0, 0xc8, 0xd0, 0xff,
    0xc8, 0xcc, 0xc8, 0xff, 0xc8, 0xcc, 0xc8, 0xff, 0xc8, 0xc8, 0xc8, 0xff,
    0xd0, 0xcc, 0xd0, 0xff, 0xc8, 0xc8, 0xc8, 0xff, 0xc8, 0xcc, 0xc8, 0xff,
    0xc8, 0xc8, 0xc8, 0xff, 0xc8, 0xc8, 0xc8, 0xff, 0xd0, 0xcc, 0xd0, 0xff,
    0xc8, 0xc8, 0xc8, 0xff, 0xc8, 0xcc, 0xc8, 0xff, 0xc8, 0xcc, 0xc8, 0xff,
    0xd0, 0xc8, 0xd0, 0xff, 0xc8, 0xcc, 0xc8, 0xff, 0xc8, 0xcc, 0xc8, 0xff,
    0xc8, 0xc8, 0xc8, 0xff, 0xc8, 0xcc, 0xc8, 0xff, 0xd0, 0xc8, 0xd0, 0xff,
    0xc8, 0xc8, 0xc8, 0xff, 0xd0, 0xcc, 0xd0, 0xff, 0xc8, 0xc8, 0xc8, 0xff,
    0xd0, 0xc8, 0xd0, 0xff, 0xc8, 0xcc, 0xc8, 0xff, 0xc8, 0xcc, 0xc8, 0xff,
    0xd0, 0xc8, 0xd0, 0xff, 0xc8, 0xcc, 0xc8, 0xff, 0xc8, 0xcc, 0xc8, 0xff,
    0xd0, 0xc8, 0xd0, 0xff, 0xc8, 0xc8, 0xc8, 0xff, 0xc8, 0xcc, 0xc8, 0xff,
    0xc8, 0xc8, 0xc8, 0xff, 0xc8, 0xc8, 0xc8, 0xff, 0xc8, 0xcc, 0xc8, 0xff,
    0xc8, 0xcc, 0xc8, 0xff, 0xc8, 0xc8, 0xc8, 0xff, 0xc8, 0xcc, 0xc8, 0xff,
    0xc8, 0xc8, 0xc8, 0xff, 0xc8, 0xcc, 0xc8, 0xff, 0xc8, 0xc8, 0xc8, 0xff,
    0xc8, 0xc8, 0xc8, 0xff, 0xd0, 0xcc, 0xd0, 0xff, 0xd0, 0xc8, 0xd0, 0xff,
    0xc8, 0xcc, 0xc8, 0xff, 0xc8, 0xcc, 0xc8, 0xff, 0xd0, 0xc8, 0xd0, 0xff,
    0xc8, 0xc8, 0xc8, 0xff, 0xc8, 0xcc, 0xc8, 0xff, 0xc8, 0xc8, 0xc8, 0xff,
    0xd0, 0xc8, 0xd0, 0xff, 0xc8, 0xcc, 0xc8, 0xff, 0xc8, 0xc8, 0xc8, 0xff,
    0xc8, 0xcc, 0xc8, 0xff, 0xc8, 0xcc, 0xc8, 0xff, 0xc8, 0xc8, 0xc8, 0xff,
    0xd0, 0xcc, 0xd0, 0xff, 0xc8, 0xcc, 0xc8, 0xff, 0xc8, 0xc8, 0xc8, 0xff,
    0xc8, 0xc8, 0xc8, 0xff, 0xc8, 0xcc, 0xc8, 0xff, 0xd0, 0xcc, 0xd0, 0xff,
    0xc8, 0xc8, 0xc8, 0xff, 0xc8, 0xcc, 0xc8, 0xff, 0xd0, 0xcc, 0xd0, 0xff,
    0xc8, 0xc8, 0xc8, 0xff, 0xc8, 0xc8, 0xc8, 0xff, 0xc8, 0xcc, 0xc8, 0xff,
    0xc8, 0xcc, 0xc8, 0xff, 0xd0, 0xc8, 0xd0, 0xff, 0xc8, 0xcc, 0xc8, 0xff,
    0xc8, 0xc8, 0xc8, 0xff, 0xc8, 0xc8, 0xc8, 0xff, 0xd0, 0xcc, 0xd0, 0xff,
    0xc8, 0xc8, 0xc8, 0xff, 0xc8, 0xc8, 0xc8, 0xff, 0xd0, 0xcc, 0xd0, 0xff,
    0xc8, 0xc8, 0xc8, 0xff, 0xc8, 0xc8, 0xc8, 0xff, 0xc8, 0xcc, 0xc8, 0xff,
    0xc8, 0xc8, 0xc8, 0xff, 0xd0, 0xc8, 0xd0, 0xff, 0xc8, 0xcc, 0xc8, 0xff,
    0xc8, 0xcc, 0xc8, 0xff, 0xc8, 0xc8, 0xc8, 0xff, 0xd0, 0xc8, 0xd0, 0xff,
    0xc8, 0xcc, 0xc8, 0xff, 0xc8, 0xc8, 0xc8, 0xff, 0xc8, 0xcc, 0xc8, 0xff,
    0xc8, 0xcc, 0xc8, 0xff, 0xd0, 0xc8, 0xd0, 0xff, 0xc8, 0xcc, 0xc8, 0xff,
    0xc8, 0xcc, 0xc8, 0xff, 0xc8, 0xc8, 0xc8, 0xff, 0xd0, 0xcc, 0xd0, 0xff,
    0xc8, 0xc8, 0xc8, 0xff, 0xd0, 0xcc, 0xd0, 0xff, 0xc8, 0xc8, 0xc8, 0xff,
    0xc8, 0xcc, 0xc8, 0xff, 0xc8, 0xcc, 0xc8, 0xff, 0xc8, 0xc8, 0xc8, 0xff,
    0xc8, 0xc8, 0xc8, 0xff, 0xd0, 0xcc, 0xd0, 0xff, 0xc8, 0xcc, 0xc8, 0xff,
    0xc8, 0xc8, 0xc8, 0xff, 0xc8, 0xcc, 0xc8, 0xff, 0xd0, 0xcc, 0xd0, 0xff,
    0xc8, 0xc8, 0xc8, 0xff, 0xc8, 0xc8, 0xc8, 0xff, 0xc8, 0xcc, 0xc8, 0xff,
    0xc8, 0xcc, 0xc8, 0xff, 0xc8, 0xc8, 0xc8, 0xff, 0xd0, 0xcc, 0xd0, 0xff,
    0xc8, 0xc8, 0xc8, 0xff, 0xd0, 0xcc, 0xd0, 0xff, 0xc8, 0xcc, 0xc8, 0xff,
    0xd0, 0xc8, 0xd0, 0xff, 0xc8, 0xcc, 0xc8, 0xff, 0xd0, 0xc8, 0xd0, 0xff,
    0xd0, 0xc8, 0xd0, 0xff, 0xc8, 0xcc, 0xc8, 0xff, 0xc8, 0xc8, 0xc8, 0xff,
    0xc8, 0xc8, 0xc8, 0xff, 0xd0, 0xc8, 0xd0, 0xff, 0xc8, 0xcc, 0xc8, 0xff,
    0xc8, 0xc8, 0xc8, 0xff, 0xc8, 0xc8, 0xc8, 0xff, 0xd0, 0xcc, 0xd0, 0xff,
    0xc8, 0xc8, 0xc8, 0xff, 0xc8, 0xcc, 0xc8, 0xff, 0xc8, 0xcc, 0xc8, 0xff,
    0xc8, 0xc8, 0xc8, 0xff, 0xd0, 0xcc, 0xd0, 0xff, 0xc8, 0xc8, 0xc8, 0xff,
    0xc8, 0xc8, 0xc8, 0xff, 0xc8, 0xcc, 0xc8, 0xff, 0xc8, 0xc8, 0xc8, 0xff,
    0xd0, 0xc8, 0xd0, 0xff, 0xc8, 0xcc, 0xc8, 0xff, 0xc8, 0xc8, 0xc8, 0xff,
    0xc8, 0xcc, 0xc8, 0xff, 0xd0, 0xcc, 0xd0, 0xff, 0xc8, 0xc8, 0xc8, 0xff,
    0xc8, 0xcc, 0xc8, 0xff, 0xc8, 0xcc, 0xc8, 0xff, 0xc8, 0xc8, 0xc8, 0xff,
    0xd0, 0xcc, 0xd0, 0xff, 0xc8, 0xcc, 0xc8, 0xff, 0xc8, 0xc8, 0xc8, 0xff,
    0xc8, 0xcc, 0xc8, 0xff, 0xd0, 0xcc, 0xd0, 0xff, 0xc8, 0xc8, 0xc8, 0xff,
    0xc8, 0xcc, 0xc8, 0xff, 0xc8, 0xc8, 0xc8, 0xff, 0xc8, 0xc8, 0xc8, 0xff,
    0xd0, 0xcc, 0xd0, 0xff, 0xc8, 0xc8, 0xc8, 0xff, 0xc8, 0xcc, 0xc8, 0xff,
    0xc8, 0xc8, 0xc8, 0xff, 0xd0, 0xcc, 0xd0, 0xff, 0xc8, 0xcc, 0xc8, 0xff,
    0xc8, 0xc8, 0xc8, 0xff, 0xc8, 0xcc, 0xc8, 0xff, 0xc8, 0xc8, 0xc8, 0xff,
    0xd0, 0xc8, 0xd0, 0xff, 0xc8, 0xcc, 0xc8, 0xff, 0xc8, 0xc8, 0xc8, 0xff,
    0xc8, 0xc8, 0xc8, 0xff, 0xd0, 0xcc, 0xd0, 0xff, 0xc8, 0xc8, 0xc8, 0xff,
    0xc8, 0xcc, 0xc8, 0xff, 0xc8, 0xcc, 0xc8, 0xff, 0xc8, 0xc8, 0xc8, 0xff,
    0xc8, 0xcc, 0xc8, 0xff, 0xc8, 0xcc, 0xc8, 0xff, 0xd0, 0xc8, 0xd0, 0xff,
    0xc8, 0xc8, 0xc8, 0xff, 0xc8, 0xcc, 0xc8, 0xff, 0xc8, 0xc8, 0xc8, 0xff,
    0xc8, 0xcc, 0xc8, 0xff, 0xc8, 0xc8, 0xc8, 0xff, 0xd0, 0xcc, 0xd0, 0xff,
    0xc8, 0xcc, 0xc8, 0xff, 0xc8, 0xc8, 0xc8, 0xff, 0xd0, 0xcc, 0xd0, 0xff,
    0xc8, 0xcc, 0xc8, 0xff, 0xd0, 0xc8, 0xd0, 0xff, 0xc8, 0xc8, 0xc8, 0xff,
    0xd0, 0xcc, 0xd0, 0xff, 0xc8, 0xcc, 0xc8, 0xff, 0xd0, 0xc8, 0xd0, 0xff,
    0xc8, 0xcc, 0xc8, 0xff, 0xd0, 0xc8, 0xd0, 0xff, 0xc8, 0xcc, 0xc8, 0xff,
    0xc8, 0xcc, 0xc8, 0xff, 0xc8, 0xc8, 0xc8, 0xff, 0xc8, 0xc8, 0xc8, 0xff,
    0xc8, 0xcc, 0xc8, 0xff, 0xd0, 0xc8, 0xd0, 0xff, 0xc8, 0xcc, 0xc8, 0xff,
    0xc8, 0xcc, 0xc8, 0xff, 0xd0, 0xc8, 0xd0, 0xff, 0xc8, 0xc8, 0xc8, 0xff,
    0xc8, 0xcc, 0xc8, 0xff, 0xd0, 0xcc, 0xd0, 0xff, 0xc8, 0xc8, 0xc8, 0xff,
    0xc8, 0xc8, 0xc8, 0xff, 0xd0, 0xcc, 0xd0, 0xff, 0xc8, 0xc8, 0xc8, 0xff,
    0xc8, 0xc8, 0xc8, 0xff, 0xc8, 0xcc, 0xc8, 0xff, 0xc8, 0xcc, 0xc8, 0xff,
    0xc8, 0xc8, 0xc8, 0xff, 0xc8, 0xc8, 0xc8, 0xff, 0xc8, 0xcc, 0xc8, 0xff,
    0xd0, 0xc8, 0xd0, 0xff, 0xc8, 0xcc, 0xc8, 0xff, 0xc8, 0xc8, 0xc8, 0xff,
    0xd0, 0xcc, 0xd0, 0xff, 0xc8, 0xc8, 0xc8, 0xff, 0xc8, 0xcc, 0xc8, 0xff,
    0xc8, 0xc8, 0xc8, 0xff, 0xc8, 0xcc, 0xc8, 0xff, 0xd0, 0xcc, 0xd0, 0xff,
    0xc8, 0xc8, 0xc8, 0xff, 0xc8, 0xcc, 0xc8, 0xff, 0xd0, 0xcc, 0xd0, 0xff,
    0xc8, 0xc8, 0xc8, 0xff, 0xc8, 0xcc, 0xc8, 0xff, 0xd0, 0xcc, 0xd0, 0xff,
    0xc8, 0xc8, 0xc8, 0xff, 0xc8, 0xcc, 0xc8, 0xff, 0xc8, 0xcc, 0xc8, 0xff,
    0xc8, 0xc8, 0xc8, 0xff, 0xc8, 0xc8, 0xc8, 0xff, 0xd0, 0xcc, 0xd0, 0xff,
    0xc8, 0xc8, 0xc8, 0xff, 0xc8, 0xcc, 0xc8, 0xff, 0xc8, 0xcc, 0xc8, 0xff,
    0xd0, 0xc8, 0xd0, 0xff, 0xd0, 0xc8, 0xd0, 0xff, 0xc8, 0xcc, 0xc8, 0xff,
    0xc8, 0xc8, 0xc8, 0xff, 0xc8, 0xc8, 0xc8, 0xff, 0xd0, 0xcc, 0xd0, 0xff,
    0xc8, 0xc8, 0xc8, 0xff, 0xc8, 0xcc, 0xc8, 0xff, 0xc8, 0xc8, 0xc8, 0xff,
    0xd0, 0xc8, 0xd0, 0xff, 0xc8, 0xcc, 0xc8, 0xff, 0xc8, 0xcc, 0xc8, 0xff,
    0xd0, 0xc8, 0xd0, 0xff, 0xc8, 0xcc, 0xc8, 0xff, 0xd0, 0xc8, 0xd0, 0xff,
    0xc8, 0xcc, 0xc8, 0xff, 0xc8, 0xc8, 0xc8, 0xff, 0xc8, 0xc8, 0xc8, 0xff,
    0xc8, 0xcc, 0xc8, 0xff, 0xc8, 0xc8, 0xc8, 0xff, 0xd0, 0xcc, 0xd0, 0xff,
    0xc8, 0xcc, 0xc8, 0xff, 0xc8, 0xc8, 0xc8, 0xff, 0xd0, 0xc8, 0xd0, 0xff,
    0xc8, 0xcc, 0xc8, 0xff, 0xc8, 0xc8, 0xc8, 0xff, 0xc8, 0xc8, 0xc8, 0xff,
    0xc8, 0xcc, 0xc8, 0xff, 0xc8, 0xc8, 0xc8, 0xff, 0xd0, 0xc8, 0xd0, 0xff,
    0xc8, 0xcc, 0xc8, 0xff, 0xc8, 0xcc, 0xc8, 0xff, 0xc8, 0xc8, 0xc8, 0xff,
    0xc8, 0xcc, 0xc8, 0xff, 0xd0, 0xcc, 0xd0, 0xff, 0xc8, 0xcc, 0xc8, 0xff,
    0xc8, 0xcc, 0xc8, 0xff, 0xc8, 0xc8, 0xc8, 0xff, 0xd0, 0xcc, 0xd0, 0xff,
    0xc8, 0xc8, 0xc8, 0xff, 0xc8, 0xcc, 0xc8, 0xff, 0xc8, 0xc8, 0xc8, 0xff,
    0xd0, 0xc8, 0xd0, 0xff, 0xd0, 0xcc, 0xd0, 0xff, 0xc8, 0xc8, 0xc8, 0xff,
    0xc8, 0xcc, 0xc8, 0xff, 0xc8, 0xcc, 0xc8, 0xff, 0xd0, 0xc8, 0xd0, 0xff,
    0xd0, 0xcc, 0xd0, 0xff, 0xc8, 0xcc, 0xc8, 0xff, 0xc8, 0xc8, 0xc8, 0xff,
    0xc8, 0xcc, 0xc8, 0xff, 0xd0, 0xc8, 0xd0, 0xff, 0xc8, 0xc8, 0xc8, 0xff,
    0xc8, 0xcc, 0xc8, 0xff, 0xc8, 0xc8, 0xc8, 0xff, 0xd0, 0xc8, 0xd0, 0xff,
    0xc8, 0xcc, 0xc8, 0xff, 0xd0, 0xc8, 0xd0, 0xff, 0xc8, 0xc8, 0xc8, 0xff,
    0xc8, 0xcc, 0xc8, 0xff, 0xd0, 0xc8, 0xd0, 0xff, 0xc8, 0xc8, 0xc8, 0xff,
    0xc8, 0xcc, 0xc8, 0xff, 0xc8, 0xc8, 0xc8, 0xff, 0xd0, 0xcc, 0xd0, 0xff,
    0xc8, 0xcc, 0xc8, 0xff, 0xd0, 0xc8, 0xd0, 0xff, 0xc8, 0xcc, 0xc8, 0xff,
    0xc8, 0xc8, 0xc8, 0xff, 0xd0, 0xcc, 0xd0, 0xff, 0xc8, 0xc8, 0xc8, 0xff,
    0xc8, 0xc8, 0xc8, 0xff, 0xc8, 0xcc, 0xc8, 0xff, 0xd0, 0xc8, 0xd0, 0xff,
    0xc8, 0xcc, 0xc8, 0xff, 0xd0, 0xcc, 0xd0, 0xff, 0xc8, 0xc8, 0xc8, 0xff,
    0xc8, 0xcc, 0xc8, 0xff, 0xd0, 0xcc, 0xd0, 0xff, 0xc8, 0xc8, 0xc8, 0xff,
    0xc8, 0xcc, 0xc8, 0xff, 0xc8, 0xc8, 0xc8, 0xff, 0xd0, 0xc8, 0xd0, 0xff,
    0xc8, 0xcc, 0xc8, 0xff, 0xd0, 0xc8, 0xd0, 0xff, 0xc8, 0xc8, 0xc8, 0xff,
    0xc8, 0xcc, 0xc8, 0xff, 0xc8, 0xc8, 0xc8, 0xff, 0xc8, 0xcc, 0xc8, 0xff,
    0xc8, 0xcc, 0xc8, 0xff, 0xd0, 0xc8, 0xd0, 0xff, 0xc8, 0xcc, 0xc8, 0xff,
    0xc8, 0xc8, 0xc8, 0xff, 0xd0, 0xc8, 0xd0, 0xff, 0xc8, 0xcc, 0xc8, 0xff,
    0xc8, 0xc8, 0xc8, 0xff, 0xc8, 0xc8, 0xc8, 0xff, 0xc8, 0xcc, 0xc8, 0xff,
    0xc8, 0xcc, 0xc8, 0xff, 0xc8, 0xc8, 0xc8, 0xff, 0xd0, 0xc8, 0xd0, 0xff,
    0xc8, 0xcc, 0xc8, 0xff, 0xc8, 0xc8, 0xc8, 0xff, 0xc8, 0xc8, 0xc8, 0xff,
    0xd0, 0xcc, 0xd0, 0xff, 0xc8, 0xc8, 0xc8, 0xff, 0xc8, 0xc8, 0xc8, 0xff,
    0xd0, 0xcc, 0xd0, 0xff, 0xc8, 0xc8, 0xc8, 0xff, 0xc8, 0xcc, 0xc8, 0xff,
    0xc8, 0xc8, 0xc8, 0xff, 0xd0, 0xc8, 0xd0, 0xff, 0xc8, 0xcc, 0xc8, 0xff,
    0xc8, 0xcc, 0xc8, 0xff, 0xc8, 0xc8, 0xc8, 0xff, 0xc8, 0xcc, 0xc8, 0xff,
    0xc8, 0xcc, 0xc8, 0xff, 0xc8, 0xc8, 0xc8, 0xff, 0xd0, 0xc8, 0xd0, 0xff,
    0xc8, 0xcc, 0xc8, 0xff, 0xc8, 0xcc, 0xc8, 0xff, 0xd0, 0xc8, 0xd0, 0xff,
    0xc8, 0xc8, 0xc8, 0xff, 0xc8, 0xcc, 0xc8, 0xff, 0xd0, 0xc8, 0xd0, 0xff,
    0xc8, 0xc8, 0xc8, 0xdf, 0xc8, 0xcc, 0xc8, 0xff, 0xc8, 0xc8, 0xc8, 0xff,
    0xc8, 0xcc, 0xc8, 0xff, 0xc8, 0xc8, 0xc8, 0xff, 0xc8, 0xcc, 0xc8, 0xff,
    0xc8, 0xc8, 0xc8, 0xff, 0xd0, 0xcc, 0xd0, 0xff, 0xc8, 0xc8, 0xc8, 0xff,
    0xc8, 0xc8, 0xc8, 0xff, 0xd0, 0xcc, 0xd0, 0xff, 0xc8, 0xc8, 0xc8, 0xff,
    0xc8, 0xc8, 0xc8, 0xff, 0xc8, 0xcc, 0xc8, 0xff, 0xc8, 0xc8, 0xc8, 0xff,
    0xc8, 0xc8, 0xc8, 0xff, 0xc8, 0xcc, 0xc8, 0xff, 0xc8, 0xc8, 0xc8, 0xff,
    0xd0, 0xc8, 0xd0, 0xff, 0xc8, 0xcc, 0xc8, 0xff, 0xd0, 0xcc, 0xd0, 0xff,
    0xc8, 0xc8, 0xc8, 0xff, 0xc8, 0xcc, 0xc8, 0xff, 0xc8, 0xcc, 0xc8, 0xff,
    0xd0, 0xc8, 0xd0, 0xff, 0xc8, 0xc8, 0xc8, 0xff, 0xc8, 0xcc, 0xc8, 0xff,
    0xc8, 0xc8, 0xc8, 0xff, 0xc8, 0xcc, 0xc8, 0xff, 0xd0, 0xcc, 0xd0, 0xff,
    0xc8, 0xc8, 0xc8, 0xff, 0xc8, 0xcc, 0xc8, 0xff, 0xc8, 0xc8, 0xc8, 0xff,
    0xd0, 0xc8, 0xd0, 0xff, 0xc8, 0xcc, 0xc8, 0xff, 0xc8, 0xcc, 0xc8, 0xff,
    0xc8, 0xc8, 0xc8, 0xff, 0xc8, 0xc8, 0xc8, 0xff, 0xc8, 0xcc, 0xc8, 0xff,
    0xd0, 0xc8, 0xd0, 0xff, 0xc8, 0xc8, 0xc8, 0xff, 0xc8, 0xcc, 0xc8, 0xff,
    0xd0, 0xcc, 0xd0, 0xff, 0xc8, 0xc8, 0xc8, 0xff, 0xd0, 0xcc, 0xd0, 0xff,
    0xc8, 0xc8, 0xc8, 0xff, 0xc8, 0xc8, 0xc8, 0xff, 0xc8, 0xc8, 0xc8, 0xff,
    0xc8, 0xcc, 0xc8, 0xff, 0xd0, 0xcc, 0xd0, 0xff, 0xc8, 0xc8, 0xc8, 0xff,
    0xc8, 0xcc, 0xc8, 0xff, 0xd0, 0xcc, 0xd0, 0xff, 0xc8, 0xc8, 0xc8, 0xff,
    0xc8, 0xcc, 0xc8, 0xff, 0xc8, 0xcc, 0xc8, 0xff, 0xc8, 0xc8, 0xc8, 0xff,
    0xc8, 0xc8, 0xc8, 0xff, 0xc8, 0xcc, 0xc8, 0xff, 0xc8, 0xc8, 0xc8, 0xff,
    0xc8, 0xc8, 0xc8, 0xff, 0xc8, 0xc8, 0xc8, 0xff, 0xd0, 0xcc, 0xd0, 0xff,
    0xc8, 0xc8, 0xc8, 0xff, 0xc8, 0xcc, 0xc8, 0xff, 0xc8, 0xc8, 0xc8, 0xff,
    0xd0, 0xcc, 0xd0, 0xff, 0xc8, 0xcc, 0xc8, 0xff, 0xc8, 0xc8, 0xc8, 0xff,
    0xc8, 0xcc, 0xc8, 0xff, 0xc8, 0xc8, 0xc8, 0xff, 0xd0, 0xc8, 0xd0, 0xff,
    0xc8, 0xcc, 0xc8, 0xff, 0xc8, 0xc8, 0xc8, 0xff, 0xc8, 0xc8, 0xc8, 0xff,
    0xc8, 0xcc, 0xc8, 0xff, 0xd0, 0xc8, 0xd0, 0xff, 0xc8, 0xcc, 0xc8, 0xff,
    0xc8, 0xcc, 0xc8, 0xff, 0xc8, 0xc8, 0xc8, 0xff, 0xd0, 0xcc, 0xd0, 0xff,
    0xc8, 0xcc, 0xc8, 0xff, 0xc8, 0xc8, 0xc8, 0xff, 0xc8, 0xcc, 0xc8, 0xff,
    0xc8, 0xc8, 0xc8, 0xff, 0xc8, 0xcc, 0xc8, 0xff, 0xc8, 0xcc, 0xc8, 0xff,
    0xc8, 0xc8, 0xc8, 0xff, 0xc8, 0xcc, 0xc8, 0xff, 0xd0, 0xcc, 0xd0, 0xff,
    0xc8, 0xc8, 0xc8, 0xff, 0xc8, 0xc8, 0xc8, 0xff, 0xc8, 0xcc, 0xc8, 0xff,
    0xc8, 0xc8, 0xc8, 0xff, 0xc8, 0xcc, 0xc8, 0xff, 0xc8, 0xcc, 0xc8, 0xff,
    0xc8, 0xc8, 0xc8, 0xff, 0xc8, 0xcc, 0xc8, 0xff, 0xd0, 0xcc, 0xd0, 0xff,
    0xc8, 0xc8, 0xc8, 0xff, 0xc8, 0xcc, 0xc8, 0xff, 0xc8, 0xc8, 0xc8, 0xff,
    0xc8, 0xc8, 0xc8, 0xff, 0xc8, 0xcc, 0xc8, 0xff, 0xc8, 0xc8, 0xc8, 0xff,
    0xc8, 0xcc, 0xc8, 0xff, 0xc8, 0xc8, 0xc8, 0xff, 0xd0, 0xcc, 0xd0, 0xff,
    0xc8, 0xcc, 0xc8, 0xff, 0xc8, 0xc8, 0xc8, 0xff, 0xc8, 0xcc, 0xc8, 0xff,
    0xd0, 0xcc, 0xd0, 0xff, 0xc8, 0xc8, 0xc8, 0xff, 0xd0, 0xcc, 0xd0, 0xff,
    0xc8, 0xc8, 0xc8, 0xff, 0xd0, 0xc8, 0xd0, 0xff, 0xc8, 0xcc, 0xc8, 0xff,
    0xc8, 0xc8, 0xc8, 0xff, 0xd0, 0xcc, 0xd0, 0xff, 0xc8, 0xcc, 0xc8, 0xff,
    0xc8, 0xc8, 0xc8, 0xff, 0xc8, 0xcc, 0xc8, 0xff, 0xc8, 0xc8, 0xc8, 0xff,
    0xd0, 0xcc, 0xd0, 0xff, 0xc8, 0xc8, 0xc8, 0xff, 0xc8, 0xc8, 0xc8, 0xff,
    0xd0, 0xcc, 0xd0, 0xff, 0xc8, 0xcc, 0xc8, 0xff, 0xc8, 0xc8, 0xc8, 0xff,
    0xc8, 0xcc, 0xc8, 0xff, 0xc8, 0xc8, 0xc8, 0xff, 0xc8, 0xcc, 0xc8, 0xff,
    0xc8, 0xcc, 0xc8, 0xff, 0xc8, 0xc8, 0xc8, 0xff, 0xc8, 0xcc, 0xc8, 0xff,
    0xd0, 0xc8, 0xd0, 0xff, 0xc8, 0xcc, 0xc8, 0xff, 0xc8, 0xcc, 0xc8, 0xff,
    0xd0, 0xc8, 0xd0, 0xff, 0xc8, 0xcc, 0xc8, 0xff, 0xc8, 0xc8, 0xc8, 0xff,
    0xd0, 0xc8, 0xd0, 0xff, 0xc8, 0xcc, 0xc8, 0xff, 0xd0, 0xc8, 0xd0, 0xff,
    0xc8, 0xc8, 0xc8, 0xff, 0xc8, 0xcc, 0xc8, 0xff, 0xc8, 0xcc, 0xc8, 0xff,
    0xc8, 0xc8, 0xc8, 0xff, 0xc8, 0xcc, 0xc8, 0xff, 0xd0, 0xcc, 0xd0, 0xff,
    0xc8, 0xc8, 0xc8, 0xff, 0xc8, 0xcc, 0xc8, 0xff, 0xc8, 0xc8, 0xc8, 0xdf,
    0xc8, 0xc8, 0xc8, 0xdf, 0xd0, 0xcc, 0xd0, 0xff, 0xc8, 0xc8, 0xc8, 0xff,
    0xd0, 0xc8, 0xd0, 0xff, 0xc8, 0xcc, 0xc8, 0xff, 0xc8, 0xc8, 0xc8, 0xff,
    0xd0, 0xcc, 0xd0, 0xff, 0xc8, 0xcc, 0xc8, 0xff, 0xc8, 0xc8, 0xc8, 0xff,
    0xd0, 0xcc, 0xd0, 0xff, 0xc8, 0xcc, 0xc8, 0xff, 0xc8, 0xc8, 0xc8, 0xff,
    0xd0, 0xcc, 0xd0, 0xff, 0xc8, 0xcc, 0xc8, 0xff, 0xc8, 0xc8, 0xc8, 0xff,
    0xd0, 0xcc, 0xd0, 0xff, 0xc8, 0xcc, 0xc8, 0xff, 0xc8, 0xc8, 0xc8, 0xff,
    0xc8, 0xcc, 0xc8, 0xff, 0xc8, 0xc8, 0xc8, 0xff, 0xd0, 0xc8, 0xd0, 0xff,
    0xc8, 0xcc, 0xc8, 0xff, 0xc8, 0xc8, 0xc8, 0xff, 0xd0, 0xcc, 0xd0, 0xff,
    0xc8, 0xc8, 0xc8, 0xff, 0xc8, 0xcc, 0xc8, 0xff, 0xd0, 0xc8, 0xd0, 0xff,
    0xc8, 0xcc, 0xc8, 0xff, 0xc8, 0xc8, 0xc8, 0xff, 0xc8, 0xc8, 0xc8, 0xff,
    0xd0, 0xcc, 0xd0, 0xff, 0xc8, 0xcc, 0xc8, 0xff, 0xc8, 0xc8, 0xc8, 0xff,
    0xc8, 0xcc, 0xc8, 0xff, 0xd0, 0xc8, 0xd0, 0xff, 0xc8, 0xcc, 0xc8, 0xff,
    0xc8, 0xcc, 0xc8, 0xff, 0xd0, 0xc8, 0xd0, 0xff, 0xc8, 0xcc, 0xc8, 0xff,
    0xc8, 0xcc, 0xc8, 0xff, 0xc8, 0xc8, 0xc8, 0xff, 0xc8, 0xcc, 0xc8, 0xff,
    0xc8, 0xc8, 0xc8, 0xff, 0xc8, 0xcc, 0xc8, 0xff, 0xc8, 0xcc, 0xc8, 0xff,
    0xd0, 0xcc, 0xd0, 0xff, 0xc8, 0xc8, 0xc8, 0xff, 0xc8, 0xcc, 0xc8, 0xff,
    0xd0, 0xc8, 0xd0, 0xff, 0xc8, 0xc8, 0xc8, 0xff, 0xc8, 0xcc, 0xc8, 0xff,
    0xc8, 0xc8, 0xc8, 0xff, 0xd0, 0xcc, 0xd0, 0xff, 0xc8, 0xc8, 0xc8, 0xff,
    0xd0, 0xc8, 0xd0, 0xff, 0xd0, 0xcc, 0xd0, 0xff, 0xc8, 0xcc, 0xc8, 0xff,
    0xd0, 0xc8, 0xd0, 0xff, 0xd0, 0xcc, 0xd0, 0xff, 0xc8, 0xcc, 0xc8, 0xff,
    0xc8, 0xc8, 0xc8, 0xff, 0xc8, 0xcc, 0xc8, 0xff, 0xc8, 0xc8, 0xc8, 0xff,
    0xd0, 0xc8, 0xd0, 0xff, 0xc8, 0xcc, 0xc8, 0xff, 0xc8, 0xc8, 0xc8, 0xff,
    0xc8, 0xc8, 0xc8, 0xff, 0xd0, 0xcc, 0xd0, 0xff, 0xc8, 0xcc, 0xc8, 0xff,
    0xc8, 0xc8, 0xc8, 0xff, 0xc8, 0xcc, 0xc8, 0xff, 0xc8, 0xcc, 0xc8, 0xff,
    0xd0, 0xc8, 0xd0, 0xff, 0xc8, 0xcc, 0xc8, 0xff, 0xc8, 0xcc, 0xc8, 0xff,
    0xc8, 0xc8, 0xc8, 0xff, 0xc8, 0xc8, 0xc8, 0xff, 0xd0, 0xcc, 0xd0, 0xff,
    0xc8, 0xc8, 0xc8, 0xff, 0xc8, 0xc8, 0xc8, 0xff, 0xc8, 0xcc, 0xc8, 0xff,
    0xd0, 0xc8, 0xd0, 0xff, 0xc8, 0xcc, 0xc8, 0xff, 0xc8, 0xc8, 0xc8, 0xff,
    0xd0, 0xcc, 0xd0, 0xff, 0xc8, 0xc8, 0xc8, 0xff, 0xd0, 0xcc, 0xd0, 0xff,
    0xc8, 0xc8, 0xc8, 0xff, 0xc8, 0xc8, 0xc8, 0xff, 0xc8, 0xcc, 0xc8, 0xff,
    0xd0, 0xcc, 0xd0, 0xff, 0xc8, 0xc8, 0xc8, 0xff, 0xc8, 0xc8, 0xc8, 0xff,
    0xd0, 0xcc, 0xd0, 0xff, 0xc8, 0xc8, 0xc8, 0xff, 0xd0, 0xc8, 0xd0, 0xff,
    0xc8, 0xcc, 0xc8, 0xff, 0xc8, 0xc8, 0xc8, 0xff, 0xc8, 0xc8, 0xc8, 0xff,
    0xd0, 0xcc, 0xd0, 0xff, 0xc8, 0xcc, 0xc8, 0xff, 0xc8, 0xc8, 0xc8, 0xff,
    0xd0, 0xcc, 0xd0, 0xff, 0xc8, 0xc8, 0xc8, 0xff, 0xd0, 0xcc, 0xd0, 0xff,
    0xc8, 0xc8, 0xc8, 0xff, 0xc8, 0xc8, 0xc8, 0xff, 0xc8, 0xcc, 0xc8, 0xff,
    0xd0, 0xc8, 0xd0, 0xff, 0xc8, 0xc8, 0xc8, 0xff, 0xc8, 0xcc, 0xc8, 0xff,
    0xc8, 0xc8, 0xc8, 0xff, 0xc8, 0xcc, 0xc8, 0xff, 0xc8, 0xcc, 0xc8, 0xff,
    0xc8, 0xc8, 0xc8, 0xff, 0xd0, 0xcc, 0xd0, 0xff, 0xc8, 0xc8, 0xc8, 0xff,
    0xc8, 0xc8, 0xc8, 0xff, 0xc8, 0xcc, 0xc8, 0xff, 0xd0, 0xc8, 0xd0, 0xff,
    0xc8, 0xcc, 0xc8, 0xff, 0xc8, 0xc8, 0xc8, 0xff, 0xd0, 0xcc, 0xd0, 0xff,
    0xc8, 0xcc, 0xc8, 0xff, 0xc8, 0xc8, 0xc8, 0xff, 0xd0, 0xc8, 0xd0, 0xff,
    0xc8, 0xcc, 0xc8, 0xff, 0xc8, 0xc8, 0xc8, 0xff, 0xc8, 0xcc, 0xc8, 0xff,
    0xd0, 0xc8, 0xd0, 0xff, 0xd0, 0xcc, 0xd0, 0xff, 0xc8, 0xc8, 0xc8, 0xff,
    0xc8, 0xc8, 0xc8, 0xff, 0xd0, 0xcc, 0xd0, 0xff, 0xc8, 0xcc, 0xc8, 0xff,
    0xc8, 0xc8, 0xc8, 0xff, 0xc8, 0xc8, 0xc8, 0xff, 0xc8, 0xcc, 0xc8, 0xff,
    0xc8, 0xcc, 0xc8, 0xff, 0xc8, 0xc8, 0xc8, 0xff, 0xc8, 0xcc, 0xc8, 0xff,
    0xc8, 0xc8, 0xc8, 0xff, 0xd0, 0xcc, 0xd0, 0xff, 0xc8, 0xcc, 0xc8, 0xff,
    0xc8, 0xc8, 0xc8, 0xff, 0xd0, 0xcc, 0xd0, 0xff, 0xc8, 0xc8, 0xc8, 0xff,
    0xc8, 0xc8, 0xc8, 0xff, 0xd0, 0xc8, 0xd0, 0xff, 0xc8, 0xcc, 0xc8, 0xff,
    0xc8, 0xc8, 0xc8, 0xff, 0xc8, 0xc8, 0xc8, 0xff, 0xc8, 0xcc, 0xc8, 0xcf,
    0xc8, 0xcc, 0xc8, 0xae, 0xc8, 0xc8, 0xc8, 0xff, 0xc8, 0xcc, 0xc8, 0xff,
    0xd0, 0xcc, 0xd0, 0xff, 0xc8, 0xc8, 0xc8, 0xff, 0xc8, 0xc8, 0xc8, 0xff,
    0xc8, 0xcc, 0xc8, 0xff, 0xc8, 0xc8, 0xc8, 0xff, 0xc8, 0xc8, 0xc8, 0xff,
    0xc8, 0xcc, 0xc8, 0xff, 0xc8, 0xc8, 0xc8, 0xff, 0xc8, 0xc8, 0xc8, 0xff,
    0xd0, 0xcc, 0xd0, 0xff, 0xc8, 0xc8, 0xc8, 0xff, 0xc8, 0xc8, 0xc8, 0xff,
    0xd0, 0xcc, 0xd0, 0xff, 0xc8, 0xc8, 0xc8, 0xff, 0xd0, 0xcc, 0xd0, 0xff,
    0xc8, 0xcc, 0xc8, 0xff, 0xc8, 0xc8, 0xc8, 0xff, 0xc8, 0xcc, 0xc8, 0xff,
    0xc8, 0xc8, 0xc8, 0xff, 0xd0, 0xc8, 0xd0, 0xff, 0xc8, 0xcc, 0xc8, 0xff,
    0xc8, 0xcc, 0xc8, 0xff, 0xc8, 0xc8, 0xc8, 0xff, 0xc8, 0xcc, 0xc8, 0xff,
    0xd0, 0xcc, 0xd0, 0xff, 0xc8, 0xc8, 0xc8, 0xff, 0xc8, 0xc8, 0xc8, 0xff,
    0xc8, 0xcc, 0xc8, 0xff, 0xd0, 0xc8, 0xd0, 0xff, 0xc8, 0xcc, 0xc8, 0xff,
    0xc8, 0xcc, 0xc8, 0xff, 0xc8, 0xc8, 0xc8, 0xff, 0xd0, 0xc8, 0xd0, 0xff,
    0xc8, 0xcc, 0xc8, 0xff, 0xc8, 0xc8, 0xc8, 0xff, 0xd0, 0xc8, 0xd0, 0xff,
    0xc8, 0xcc, 0xc8, 0xff, 0xc8, 0xc8, 0xc8, 0xff, 0xd0, 0xc8, 0xd0, 0xff,
    0xc8, 0xcc, 0xc8, 0xff, 0xc8, 0xc8, 0xc8, 0xff, 0xc8, 0xc8, 0xc8, 0xff,
    0xd0, 0xcc, 0xd0, 0xff, 0xc8, 0xcc, 0xc8, 0xff, 0xc8, 0xc8, 0xc8, 0xff,
    0xc8, 0xcc, 0xc8, 0xff, 0xc8, 0xcc, 0xc8, 0xff, 0xc8, 0xc8, 0xc8, 0xff,
    0xd0, 0xc8, 0xd0, 0xff, 0xc8, 0xcc, 0xc8, 0xff, 0xc8, 0xcc, 0xc8, 0xff,
    0xc8, 0xc8, 0xc8, 0xff, 0xc8, 0xc8, 0xc8, 0xff, 0xc8, 0xcc, 0xc8, 0xff,
    0xc8, 0xc8, 0xc8, 0xff, 0xc8, 0xc8, 0xc8, 0xff, 0xd0, 0xcc, 0xd0, 0xff,
    0xc8, 0xcc, 0xc8, 0xff, 0xd0, 0xc8, 0xd0, 0xff, 0xc8, 0xcc, 0xc8, 0xff,
    0xc8, 0xcc, 0xc8, 0xff, 0xd0, 0xc8, 0xd0, 0xff, 0xc8, 0xcc, 0xc8, 0xff,
    0xc8, 0xc8, 0xc8, 0xff, 0xc8, 0xc8, 0xc8, 0xff, 0xd0, 0xcc, 0xd0, 0xff,
    0xc8, 0xc8, 0xc8, 0xff, 0xc8, 0xcc, 0xc8, 0xff, 0xc8, 0xc8, 0xc8, 0xff,
    0xc8, 0xc8, 0xc8, 0xff, 0xd0, 0xcc, 0xd0, 0xff, 0xc8, 0xcc, 0xc8, 0xff,
    0xc8, 0xc8, 0xc8, 0xff, 0xc8, 0xcc, 0xc8, 0xff, 0xc8, 0xc8, 0xc8, 0xff,
    0xd0, 0xcc, 0xd0, 0xff, 0xc8, 0xcc, 0xc8, 0xff, 0xc8, 0xc8, 0xc8, 0xff,
    0xc8, 0xc8, 0xc8, 0xff, 0xd0, 0xcc, 0xd0, 0xff, 0xc8, 0xc8, 0xc8, 0xff,
    0xc8, 0xc8, 0xc8, 0xff, 0xd0, 0xcc, 0xd0, 0xff, 0xc8, 0xc8, 0xc8, 0xff,
    0xc8, 0xcc, 0xc8, 0xff, 0xd0, 0xc8, 0xd0, 0xff, 0xc8, 0xc8, 0xc8, 0xff,
    0xc8, 0xcc, 0xc8, 0xff, 0xd0, 0xcc, 0xd0, 0xff, 0xc8, 0xc8, 0xc8, 0xff,
    0xc8, 0xcc, 0xc8, 0xff, 0xd0, 0xcc, 0xd0, 0xff, 0xc8, 0xc8, 0xc8, 0xff,
    0xc8, 0xcc, 0xc8, 0xff, 0xd0, 0xcc, 0xd0, 0xff, 0xc8, 0xc8, 0xc8, 0xff,
    0xc8, 0xc8, 0xc8, 0xff, 0xd0, 0xcc, 0xd0, 0xff, 0xc8, 0xc8, 0xc8, 0xff,
    0xc8, 0xcc, 0xc8, 0xff, 0xd0, 0xcc, 0xd0, 0xff, 0xc8, 0xc8, 0xc8, 0xff,
    0xc8, 0xcc, 0xc8, 0xff, 0xd0, 0xcc, 0xd0, 0xff, 0xc8, 0xc8, 0xc8, 0xff,
    0xc8, 0xcc, 0xc8, 0xff, 0xd0, 0xcc, 0xd0, 0xff, 0xc8, 0xc8, 0xc8, 0xff,
    0xc8, 0xc8, 0xc8, 0xff, 0xd0, 0xcc, 0xd0, 0xff, 0xc8, 0xc8, 0xc8, 0xff,
    0xc8, 0xcc, 0xc8, 0xff, 0xc8, 0xcc, 0xc8, 0xff, 0xc8, 0xc8, 0xc8, 0xff,
    0xc8, 0xcc, 0xc8, 0xff, 0xd0, 0xc8, 0xd0, 0xff, 0xc8, 0xc8, 0xc8, 0xff,
    0xc8, 0xcc, 0xc8, 0xff, 0xd0, 0xc8, 0xd0, 0xff, 0xc8, 0xc8, 0xc8, 0xff,
    0xc8, 0xcc, 0xc8, 0xff, 0xc8, 0xcc, 0xc8, 0xff, 0xc8, 0xcc, 0xc8, 0xff,
    0xc8, 0xc8, 0xc8, 0xff, 0xd0, 0xc8, 0xd0, 0xff, 0xc8, 0xcc, 0xc8, 0xff,
    0xc8, 0xcc, 0xc8, 0xff, 0xc8, 0xc8, 0xc8, 0xff, 0xc8, 0xcc, 0xc8, 0xff,
    0xd0, 0xc8, 0xd0, 0xff, 0xc8, 0xcc, 0xc8, 0xff, 0xc8, 0xc8, 0xc8, 0xff,
    0xd0, 0xcc, 0xd0, 0xff, 0xc8, 0xc8, 0xc8, 0xff, 0xd0, 0xc8, 0xd0, 0xff,
    0xc8, 0xcc, 0xc8, 0xff, 0xd0, 0xc8, 0xd0, 0xff, 0xc8, 0xcc, 0xc8, 0xff,
    0xc8, 0xcc, 0xc8, 0xff, 0xc8, 0xc8, 0xc8, 0xff, 0xc8, 0xc8, 0xc8, 0xff,
    0xc8, 0xcc, 0xc8, 0xff, 0xd0, 0xc8, 0xd0, 0xff, 0xc8, 0xcc, 0xc8, 0xff,
    0xc8, 0xcc, 0xc8, 0xff, 0xc8, 0xc8, 0xc8, 0xff, 0xc8, 0xcc, 0xc8, 0xff,
    0xd0, 0xcc, 0xd0, 0xff, 0xc8, 0xc8, 0xc8, 0xff, 0xc8, 0xc8, 0xc8, 0xbe,
    0xc8, 0xcc, 0xc8, 0x8e, 0xc8, 0xc8, 0xc8, 0xff, 0xc8, 0xcc, 0xc8, 0xff,
    0xc8, 0xcc, 0xc8, 0xff, 0xd0, 0xc8, 0xd0, 0xff, 0xc8, 0xcc, 0xc8, 0xff,
    0xd0, 0xcc, 0xd0, 0xff, 0xc8, 0xc8, 0xc8, 0xff, 0xd0, 0xcc, 0xd0, 0xff,
    0xc8, 0xcc, 0xc8, 0xff, 0xc8, 0xc8, 0xc8, 0xff, 0xd0, 0xcc, 0xd0, 0xff,
    0xc8, 0xcc, 0xc8, 0xff, 0xc8, 0xc8, 0xc8, 0xff, 0xc8, 0xcc, 0xc8, 0xff,
    0xc8, 0xc8, 0xc8, 0xff, 0xc8, 0xc8, 0xc8, 0xff, 0xc8, 0xcc, 0xc8, 0xff,
    0xd0, 0xc8, 0xd0, 0xff, 0xc8, 0xcc, 0xc8, 0xff, 0xc8, 0xcc, 0xc8, 0xff,
    0xd0, 0xc8, 0xd0, 0xff, 0xc8, 0xcc, 0xc8, 0xff, 0xc8, 0xc8, 0xc8, 0xff,
    0xd0, 0xc8, 0xd0, 0xff, 0xc8, 0xcc, 0xc8, 0xff, 0xc8, 0xc8, 0xc8, 0xff,
    0xc8, 0xcc, 0xc8, 0xff, 0xd0, 0xcc, 0xd0, 0xff, 0xc8, 0xc8, 0xc8, 0xff,
    0xc8, 0xcc, 0xc8, 0xff, 0xc8, 0xc8, 0xc8, 0xff, 0xd0, 0xc8, 0xd0, 0xff,
    0xc8, 0xcc, 0xc8, 0xff, 0xc8, 0xc8, 0xc8, 0xff, 0xc8, 0xcc, 0xc8, 0xff,
    0xc8, 0xcc, 0xc8, 0xff, 0xc8, 0xc8, 0xc8, 0xff, 0xc8, 0xcc, 0xc8, 0xff,
    0xd0, 0xcc, 0xd0, 0xff, 0xc8, 0xc8, 0xc8, 0xff, 0xc8, 0xcc, 0xc8, 0xff,
    0xd0, 0xcc, 0xd0, 0xff, 0xc8, 0xc8, 0xc8, 0xff, 0xc8, 0xc8, 0xc8, 0xff,
    0xc8, 0xcc, 0xc8, 0xff, 0xd0, 0xc8, 0xd0, 0xff, 0xc8, 0xc8, 0xc8, 0xff,
    0xd0, 0xcc, 0xd0, 0xff, 0xc8, 0xcc, 0xc8, 0xff, 0xc8, 0xc8, 0xc8, 0xff,
    0xc8, 0xcc, 0xc8, 0xff, 0xc8, 0xc8, 0xc8, 0xff, 0xc8, 0xcc, 0xc8, 0xff,
    0xc8, 0xcc, 0xc8, 0xff, 0xc8, 0xc8, 0xc8, 0xff, 0xd0, 0xcc, 0xd0, 0xff,
    0xc8, 0xcc, 0xc8, 0xff, 0xc8, 0xc8, 0xc8, 0xff, 0xc8, 0xc8, 0xc8, 0xff,
    0xc8, 0xcc, 0xc8, 0xff, 0xc8, 0xc8, 0xc8, 0xff, 0xc8, 0xcc, 0xc8, 0xff,
    0xc8, 0xc8, 0xc8, 0xff, 0xc8, 0xcc, 0xc8, 0xff, 0xd0, 0xcc, 0xd0, 0xff,
    0xc8, 0xc8, 0xc8, 0xff, 0xc8, 0xcc, 0xc8, 0xff, 0xc8, 0xc8, 0xc8, 0xff,
    0xd0, 0xcc, 0xd0, 0xff, 0xc8, 0xc8, 0xc8, 0xff, 0xd0, 0xcc, 0xd0, 0xff,
    0xc8, 0xc8, 0xc8, 0xff, 0xc8, 0xc8, 0xc8, 0xff, 0xd0, 0xc8, 0xd0, 0xff,
    0xc8, 0xcc, 0xc8, 0xff, 0xd0, 0xc8, 0xd0, 0xff, 0xc8, 0xcc, 0xc8, 0xff,
    0xc8, 0xc8, 0xc8, 0xff, 0xd0, 0xcc, 0xd0, 0xff, 0xc8, 0xc8, 0xc8, 0xff,
    0xc8, 0xcc, 0xc8, 0xff, 0xc8, 0xcc, 0xc8, 0xff, 0xc8, 0xc8, 0xc8, 0xff,
    0xc8, 0xcc, 0xc8, 0xff, 0xc8, 0xcc, 0xc8, 0xff, 0xc8, 0xc8, 0xc8, 0xff,
    0xc8, 0xcc, 0xc8, 0xff, 0xd0, 0xcc, 0xd0, 0xff, 0xc8, 0xc8, 0xc8, 0xff,
    0xc8, 0xcc, 0xc8, 0xff, 0xc8, 0xc8, 0xc8, 0xff, 0xc8, 0xc8, 0xc8, 0xff,
    0xc8, 0xcc, 0xc8, 0xff, 0xc8, 0xc8, 0xc8, 0xff, 0xc8, 0xc8, 0xc8, 0xff,
    0xc8, 0xcc, 0xc8, 0xff, 0xd0, 0xcc, 0xd0, 0xff, 0xc8, 0xc8, 0xc8, 0xff,
    0xc8, 0xcc, 0xc8, 0xff, 0xc8, 0xc8, 0xc8, 0xff, 0xc8, 0xc8, 0xc8, 0xff,
    0xc8, 0xcc, 0xc8, 0xff, 0xc8, 0xc8, 0xc8, 0xff, 0xc8, 0xc8, 0xc8, 0xff,
    0xc8, 0xcc, 0xc8, 0xff, 0xd0, 0xc8, 0xd0, 0xff, 0xc8, 0xc8, 0xc8, 0xff,
    0xc8, 0xcc, 0xc8, 0xff, 0xc8, 0xcc, 0xc8, 0xff, 0xc8, 0xc8, 0xc8, 0xff,
    0xd0, 0xcc, 0xd0, 0xff, 0xc8, 0xc8, 0xc8, 0xff, 0xc8, 0xc8, 0xc8, 0xff,
    0xd0, 0xcc, 0xd0, 0xff, 0xc8, 0xc8, 0xc8, 0xff, 0xc8, 0xcc, 0xc8, 0xff,
    0xd0, 0xcc, 0xd0, 0xff, 0xc8, 0xc8, 0xc8, 0xff, 0xc8, 0xcc, 0xc8, 0xff,
    0xc8, 0xcc, 0xc8, 0xff, 0xc8, 0xc8, 0xc8, 0xff, 0xc8, 0xcc, 0xc8, 0xff,
    0xd0, 0xc8, 0xd0, 0xff, 0xc8, 0xc8, 0xc8, 0xff, 0xc8, 0xcc, 0xc8, 0xff,
    0xd0, 0xcc, 0xd0, 0xff, 0xc8, 0xc8, 0xc8, 0xff, 0xc8, 0xc8, 0xc8, 0xff,
    0xc8, 0xcc, 0xc8, 0xff, 0xc8, 0xc8, 0xc8, 0xff, 0xc8, 0xcc, 0xc8, 0xff,
    0xc8, 0xcc, 0xc8, 0xff, 0xc8, 0xc8, 0xc8, 0xff, 0xc8, 0xcc, 0xc8, 0xff,
    0xc8, 0xcc, 0xc8, 0xff, 0xd0, 0xc8, 0xd0, 0xff, 0xc8, 0xcc, 0xc8, 0xff,
    0xc8, 0xc8, 0xc8, 0xff, 0xc8, 0xc8, 0xc8, 0xff, 0xd0, 0xcc, 0xd0, 0xff,
    0xc8, 0xc8, 0xc8, 0xff, 0xc8, 0xc8, 0xc8, 0xff, 0xd0, 0xcc, 0xd0, 0xff,
    0xc8, 0xcc, 0xc8, 0xff, 0xc8, 0xc8, 0xc8, 0xff, 0xd0, 0xcc, 0xd0, 0xff,
    0xc8, 0xc8, 0xc8, 0xff, 0xc8, 0xcc, 0xc8, 0xff, 0xd0, 0xc8, 0xd0, 0xff,
    0xc8, 0xcc, 0xc8, 0xff, 0xc8, 0xcc, 0xc8, 0xff, 0xd0, 0xcc, 0xd0, 0x8e,
    0xc8, 0xc8, 0xc8, 0x41, 0xd0, 0xc8, 0xd0, 0xff, 0xc8, 0xc8, 0xc8, 0xff,
    0xc8, 0xcc, 0xc8, 0xff, 0xc8, 0xc8, 0xc8, 0xff, 0xc8, 0xc8, 0xc8, 0xff,
    0xc8, 0xcc, 0xc8, 0xff, 0xd0, 0xc8, 0xd0, 0xff, 0xc8, 0xc8, 0xc8, 0xff,
    0xc8, 0xcc, 0xc8, 0xff, 0xd0, 0xc8, 0xd0, 0xff, 0xc8, 0xcc, 0xc8, 0xff,
    0xc8, 0xc8, 0xc8, 0xff, 0xd0, 0xcc, 0xd0, 0xff, 0xc8, 0xcc, 0xc8, 0xff,
    0xc8, 0xc8, 0xc8, 0xff, 0xd0, 0xcc, 0xd0, 0xff, 0xc8, 0xc8, 0xc8, 0xff,
    0xc8, 0xc8, 0xc8, 0xff, 0xd0, 0xcc, 0xd0, 0xff, 0xc8, 0xc8, 0xc8, 0xff,
    0xc8, 0xcc, 0xc8, 0xff, 0xc8, 0xcc, 0xc8, 0xff, 0xc8, 0xc8, 0xc8, 0xff,
    0xc8, 0xcc, 0xc8, 0xff, 0xd0, 0xc8, 0xd0, 0xff, 0xc8, 0xc8, 0xc8, 0xff,
    0xc8, 0xc8, 0xc8, 0xff, 0xc8, 0xcc, 0xc8, 0xff, 0xd0, 0xcc, 0xd0, 0xff,
    0xc8, 0xc8, 0xc8, 0xff, 0xc8, 0xcc, 0xc8, 0xff, 0xc8, 0xcc, 0xc8, 0xff,
    0xd0, 0xc8, 0xd0, 0xff, 0xc8, 0xc8, 0xc8, 0xff, 0xc8, 0xcc, 0xc8, 0xff,
    0xd0, 0xc8, 0xd0, 0xff, 0xc8, 0xc8, 0xc8, 0xff, 0xc8, 0xcc, 0xc8, 0xff,
    0xc8, 0xc8, 0xc8, 0xff, 0xc8, 0xc8, 0xc8, 0xff, 0xc8, 0xcc, 0xc8, 0xff,
    0xd0, 0xc8, 0xd0, 0xff, 0xc8, 0xcc, 0xc8, 0xff, 0xc8, 0xcc, 0xc8, 0xff,
    0xd0, 0xc8, 0xd0, 0xff, 0xc8, 0xcc, 0xc8, 0xff, 0xc8, 0xc8, 0xc8, 0xff,
    0xc8, 0xc8, 0xc8, 0xff, 0xd0, 0xcc, 0xd0, 0xff, 0xc8, 0xc8, 0xc8, 0xff,
    0xd0, 0xcc, 0xd0, 0xff, 0xc8, 0xc8, 0xc8, 0xff, 0xd0, 0xc8, 0xd0, 0xff,
    0xc8, 0xcc, 0xc8, 0xff, 0xc8, 0xc8, 0xc8, 0xff, 0xd0, 0xc8, 0xd0, 0xff,
    0xc8, 0xcc, 0xc8, 0xff, 0xc8, 0xcc, 0xc8, 0xff, 0xd0, 0xc8, 0xd0, 0xff,
    0xc8, 0xc8, 0xc8, 0xff, 0xc8, 0xcc, 0xc8, 0xff, 0xd0, 0xc8, 0xd0, 0xff,
    0xc8, 0xc8, 0xc8, 0xff, 0xc8, 0xcc, 0xc8, 0xff, 0xc8, 0xc8, 0xc8, 0xff,
    0xd0, 0xcc, 0xd0, 0xff, 0xc8, 0xcc, 0xc8, 0xff, 0xc8, 0xc8, 0xc8, 0xff,
    0xc8, 0xc8, 0xc8, 0xff, 0xc8, 0xcc, 0xc8, 0xff, 0xc8, 0xcc, 0xc8, 0xff,
    0xc8, 0xcc, 0xc8, 0xff, 0xc8, 0xc8, 0xc8, 0xff, 0xc8, 0xcc, 0xc8, 0xff,
    0xd0, 0xcc, 0xd0, 0xff, 0xc8, 0xc8, 0xc8, 0xff, 0xc8, 0xc8, 0xc8, 0xff,
    0xc8, 0xcc, 0xc8, 0xff, 0xc8, 0xc8, 0xc8, 0xff, 0xd0, 0xcc, 0xd0, 0xff,
    0xc8, 0xc8, 0xc8, 0xff, 0xd0, 0xcc, 0xd0, 0xff, 0xc8, 0xc8, 0xc8, 0xff,
    0xd0, 0xcc, 0xd0, 0xff, 0xc8, 0xc8, 0xc8, 0xff, 0xc8, 0xc8, 0xc8, 0xff,
    0xd0, 0xcc, 0xd0, 0xff, 0xc8, 0xc8, 0xc8, 0xff, 0xc8, 0xcc, 0xc8, 0xff,
    0xc8, 0xc8, 0xc8, 0xff, 0xd0, 0xcc, 0xd0, 0xff, 0xc8, 0xcc, 0xc8, 0xff,
    0xd0, 0xc8, 0xd0, 0xff, 0xc8, 0xcc, 0xc8, 0xff, 0xc8, 0xc8, 0xc8, 0xff,
    0xd0, 0xc8, 0xd0, 0xff, 0xc8, 0xcc, 0xc8, 0xff, 0xc8, 0xc8, 0xc8, 0xff,
    0xc8, 0xcc, 0xc8, 0xff, 0xd0, 0xcc, 0xd0, 0xff, 0xc8, 0xc8, 0xc8, 0xff,
    0xd0, 0xcc, 0xd0, 0xff, 0xc8, 0xc8, 0xc8, 0xff, 0xc8, 0xcc, 0xc8, 0xff,
    0xd0, 0xcc, 0xd0, 0xff, 0xc8, 0xc8, 0xc8, 0xff, 0xc8, 0xc8, 0xc8, 0xff,
    0xc8, 0xcc, 0xc8, 0xff, 0xd0, 0xc8, 0xd0, 0xff, 0xc8, 0xc8, 0xc8, 0xff,
    0xc8, 0xcc, 0xc8, 0xff, 0xc8, 0xcc, 0xc8, 0xff, 0xc8, 0xc8, 0xc8, 0xff,
    0xd0, 0xc8, 0xd0, 0xff, 0xc8, 0xcc, 0xc8, 0xff, 0xc8, 0xc8, 0xc8, 0xff,
    0xc8, 0xc8, 0xc8, 0xff, 0xc8, 0xcc, 0xc8, 0xff, 0xd0, 0xc8, 0xd0, 0xff,
    0xc8, 0xcc, 0xc8, 0xff, 0xc8, 0xcc, 0xc8, 0xff, 0xd0, 0xc8, 0xd0, 0xff,
    0xc8, 0xcc, 0xc8, 0xff, 0xc8, 0xc8, 0xc8, 0xff, 0xd0, 0xc8, 0xd0, 0xff,
    0xc8, 0xcc, 0xc8, 0xff, 0xc8, 0xcc, 0xc8, 0xff, 0xd0, 0xc8, 0xd0, 0xff,
    0xd0, 0xc8, 0xd0, 0xff, 0xc8, 0xcc, 0xc8, 0xff, 0xd0, 0xc8, 0xd0, 0xff,
    0xc8, 0xc8, 0xc8, 0xff, 0xd0, 0xc8, 0xd0, 0xff, 0xc8, 0xcc, 0xc8, 0xff,
    0xc8, 0xc8, 0xc8, 0xff, 0xc8, 0xcc, 0xc8, 0xff, 0xc8, 0xcc, 0xc8, 0xff,
    0xc8, 0xc8, 0xc8, 0xff, 0xc8, 0xcc, 0xc8, 0xff, 0xd0, 0xcc, 0xd0, 0xff,
    0xc8, 0xc8, 0xc8, 0xff, 0xc8, 0xcc, 0xc8, 0xff, 0xd0, 0xcc, 0xd0, 0xff,
    0xc8, 0xc8, 0xc8, 0xff, 0xc8, 0xc8, 0xc8, 0xff, 0xc8, 0xcc, 0xc8, 0xff,
    0xd0, 0xc8, 0xd0, 0xff, 0xc8, 0xc8, 0xc8, 0xff, 0xc8, 0xcc, 0xc8, 0xff,
    0xc8, 0xc8, 0xc8, 0xff, 0xc8, 0xc8, 0xc8, 0xff, 0xc8, 0xc8, 0xc8, 0x51,
    0x00, 0x00, 0x00, 0x00, 0xc8, 0xc8, 0xc8, 0xdf, 0xc8, 0xcc, 0xc8, 0xff,
    0xd0, 0xcc, 0xd0, 0xff, 0xc8, 0xc8, 0xc8, 0xff, 0xc8, 0xcc, 0xc8, 0xff,
    0xc8, 0xcc, 0xc8, 0xff, 0xc8, 0xc8, 0xc8, 0xff, 0xc8, 0xcc, 0xc8, 0xff,
    0xc8, 0xc8, 0xc8, 0xff, 0xc8, 0xcc, 0xc8, 0xff, 0xc8, 0xc8, 0xc8, 0xff,
    0xc8, 0xc8, 0xc8, 0xff, 0xd0, 0xcc, 0xd0, 0xff, 0xc8, 0xc8, 0xc8, 0xff,
    0xc8, 0xcc, 0xc8, 0xff, 0xd0, 0xcc, 0xd0, 0xff, 0xc8, 0xc8, 0xc8, 0xff,
    0xc8, 0xcc, 0xc8, 0xff, 0xc8, 0xc8, 0xc8, 0xff, 0xc8, 0xc8, 0xc8, 0xff,
    0xd0, 0xcc, 0xd0, 0xff, 0xc8, 0xc8, 0xc8, 0xff, 0xc8, 0xcc, 0xc8, 0xff,
    0xc8, 0xcc, 0xc8, 0xff, 0xc8, 0xcc, 0xc8, 0xff, 0xd0, 0xc8, 0xd0, 0xff,
    0xc8, 0xcc, 0xc8, 0xff, 0xc8, 0xc8, 0xc8, 0xff, 0xc8, 0xc8, 0xc8, 0xff,
    0xd0, 0xcc, 0xd0, 0xff, 0xc8, 0xc8, 0xc8, 0xff, 0xc8, 0xcc, 0xc8, 0xff,
    0xc8, 0xc8, 0xc8, 0xff, 0xd0, 0xcc, 0xd0, 0xff, 0xc8, 0xcc, 0xc8, 0xff,
    0xc8, 0xc8, 0xc8, 0xff, 0xd0, 0xcc, 0xd0, 0xff, 0xc8, 0xcc, 0xc8, 0xff,
    0xd0, 0xc8, 0xd0, 0xff, 0xc8, 0xcc, 0xc8, 0xff, 0xc8, 0xc8, 0xc8, 0xff,
    0xc8, 0xc8, 0xc8, 0xff, 0xc8, 0xcc, 0xc8, 0xff, 0xd0, 0xc8, 0xd0, 0xff,
    0xc8, 0xc8, 0xc8, 0xff, 0xc8, 0xcc, 0xc8, 0xff, 0xc8, 0xcc, 0xc8, 0xff,
    0xc8, 0xc8, 0xc8, 0xff, 0xc8, 0xc8, 0xc8, 0xff, 0xd0, 0xcc, 0xd0, 0xff,
    0xc8, 0xc8, 0xc8, 0xff, 0xc8, 0xcc, 0xc8, 0xff, 0xd0, 0xc8, 0xd0, 0xff,
    0xc8, 0xcc, 0xc8, 0xff, 0xc8, 0xcc, 0xc8, 0xff, 0xc8, 0xc8, 0xc8, 0xff,
    0xc8, 0xc8, 0xc8, 0xff, 0xc8, 0xcc, 0xc8, 0xff, 0xd0, 0xcc, 0xd0, 0xff,
    0xc8, 0xc8, 0xc8, 0xff, 0xc8, 0xcc, 0xc8, 0xff, 0xd0, 0xcc, 0xd0, 0xff,
    0xc8, 0xc8, 0xc8, 0xff, 0xc8, 0xc8, 0xc8, 0xff, 0xc8, 0xcc, 0xc8, 0xff,
    0xc8, 0xc8, 0xc8, 0xff, 0xd0, 0xc8, 0xd0, 0xff, 0xc8, 0xcc, 0xc8, 0xff,
    0xc8, 0xcc, 0xc8, 0xff, 0xd0, 0xc8, 0xd0, 0xff, 0xc8, 0xc8, 0xc8, 0xff,
    0xd0, 0xcc, 0xd0, 0xff, 0xc8, 0xc8, 0xc8, 0xff, 0xc8, 0xcc, 0xc8, 0xff,
    0xc8, 0xc8, 0xc8, 0xff, 0xc8, 0xcc, 0xc8, 0xff, 0xd0, 0xcc, 0xd0, 0xff,
    0xc8, 0xc8, 0xc8, 0xff, 0xc8, 0xcc, 0xc8, 0xff, 0xc8, 0xc8, 0xc8, 0xff,
    0xc8, 0xcc, 0xc8, 0xff, 0xc8, 0xc8, 0xc8, 0xff, 0xd0, 0xcc, 0xd0, 0xff,
    0xc8, 0xc8, 0xc8, 0xff, 0xc8, 0xcc, 0xc8, 0xff, 0xd0, 0xcc, 0xd0, 0xff,
    0xc8, 0xc8, 0xc8, 0xff, 0xc8, 0xc8, 0xc8, 0xff, 0xc8, 0xcc, 0xc8, 0xff,
    0xd0, 0xc8, 0xd0, 0xff, 0xc8, 0xcc, 0xc8, 0xff, 0xc8, 0xc8, 0xc8, 0xff,
    0xd0, 0xcc, 0xd0, 0xff, 0xc8, 0xcc, 0xc8, 0xff, 0xc8, 0xc8, 0xc8, 0xff,
    0xc8, 0xcc, 0xc8, 0xff, 0xc8, 0xc8, 0xc8, 0xff, 0xc8, 0xc8, 0xc8, 0xff,
    0xd0, 0xcc, 0xd0, 0xff, 0xc8, 0xc8, 0xc8, 0xff, 0xc8, 0xcc, 0xc8, 0xff,
    0xd0, 0xc8, 0xd0, 0xff, 0xc8, 0xcc, 0xc8, 0xff, 0xc8, 0xc8, 0xc8, 0xff,
    0xc8, 0xcc, 0xc8, 0xff, 0xc8, 0xcc, 0xc8, 0xff, 0xc8, 0xc8, 0xc8, 0xff,
    0xd0, 0xcc, 0xd0, 0xff, 0xc8, 0xc8, 0xc8, 0xff, 0xc8, 0xcc, 0xc8, 0xff,
    0xd0, 0xc8, 0xd0, 0xff, 0xc8, 0xcc, 0xc8, 0xff, 0xc8, 0xcc, 0xc8, 0xff,
    0xc8, 0xc8, 0xc8, 0xff, 0xd0, 0xcc, 0xd0, 0xff, 0xc8, 0xcc, 0xc8, 0xff,
    0xc8, 0xc8, 0xc8, 0xff, 0xd0, 0xcc, 0xd0, 0xff, 0xc8, 0xc8, 0xc8, 0xff,
    0xc8, 0xc8, 0xc8, 0xff, 0xd0, 0xcc, 0xd0, 0xff, 0xc8, 0xc8, 0xc8, 0xff,
    0xc8, 0xcc, 0xc8, 0xff, 0xc8, 0xcc, 0xc8, 0xff, 0xc8, 0xc8, 0xc8, 0xff,
    0xc8, 0xc8, 0xc8, 0xff, 0xc8, 0xcc, 0xc8, 0xff, 0xc8, 0xcc, 0xc8, 0xff,
    0xc8, 0xc8, 0xc8, 0xff, 0xc8, 0xcc, 0xc8, 0xff, 0xc8, 0xcc, 0xc8, 0xff,
    0xd0, 0xc8, 0xd0, 0xff, 0xc8, 0xcc, 0xc8, 0xff, 0xc8, 0xc8, 0xc8, 0xff,
    0xd0, 0xc8, 0xd0, 0xff, 0xc8, 0xcc, 0xc8, 0xff, 0xd0, 0xc8, 0xd0, 0xff,
    0xc8, 0xc8, 0xc8, 0xff, 0xc8, 0xcc, 0xc8, 0xff, 0xc8, 0xc8, 0xc8, 0xff,
    0xc8, 0xc8, 0xc8, 0xff, 0xc8, 0xcc, 0xc8, 0xff, 0xc8, 0xc8, 0xc8, 0xff,
    0xc8, 0xc8, 0xc8, 0xff, 0xc8, 0xcc, 0xc8, 0xff, 0xc8, 0xcc, 0xc8, 0xff,
    0xc8, 0xc8, 0xc8, 0xff, 0xd0, 0xcc, 0xd0, 0xff, 0xc8, 0xcc, 0xc8, 0xff,
    0xd0, 0xc8, 0xd0, 0xff, 0xc8, 0xcc, 0xc8, 0xdf, 0x00, 0x00, 0x00, 0x00,
    0x00, 0x00, 0x00, 0x00, 0xc8, 0xc8, 0xc8, 0x41, 0xc8, 0xc8, 0xc8, 0xff,
    0xc8, 0xc8, 0xc8, 0xff, 0xd0, 0xcc, 0xd0, 0xff, 0xd0, 0xc8, 0xd0, 0xff,
    0xc8, 0xc8, 0xc8, 0xff, 0xc8, 0xcc, 0xc8, 0xff, 0xd0, 0xcc, 0xd0, 0xff,
    0xc8, 0xc8, 0xc8, 0xff, 0xd0, 0xcc, 0xd0, 0xff, 0xc8, 0xcc, 0xc8, 0xff,
    0xc8, 0xc8, 0xc8, 0xff, 0xc8, 0xc8, 0xc8, 0xff, 0xc8, 0xcc, 0xc8, 0xff,
    0xc8, 0xc8, 0xc8, 0xff, 0xc8, 0xc8, 0xc8, 0xff, 0xc8, 0xcc, 0xc8, 0xff,
    0xd0, 0xcc, 0xd0, 0xff, 0xc8, 0xc8, 0xc8, 0xff, 0xc8, 0xcc, 0xc8, 0xff,
    0xd0, 0xc8, 0xd0, 0xff, 0xc8, 0xc8, 0xc8, 0xff, 0xd0, 0xc8, 0xd0, 0xff,
    0xc8, 0xc8, 0xc8, 0xff, 0xc8, 0xcc, 0xc8, 0xff, 0xc8, 0xcc, 0xc8, 0xff,
    0xd0, 0xc8, 0xd0, 0xff, 0xc8, 0xcc, 0xc8, 0xff, 0xc8, 0xc8, 0xc8, 0xff,
    0xc8, 0xcc, 0xc8, 0xff, 0xd0, 0xc8, 0xd0, 0xff, 0xc8, 0xc8, 0xc8, 0xff,
    0xc8, 0xcc, 0xc8, 0xff, 0xc8, 0xc8, 0xc8, 0xff, 0xc8, 0xc8, 0xc8, 0xff,
    0xc8, 0xcc, 0xc8, 0xff, 0xc8, 0xc8, 0xc8, 0xff, 0xd0, 0xc8, 0xd0, 0xff,
    0xc8, 0xcc, 0xc8, 0xff, 0xc8, 0xcc, 0xc8, 0xff, 0xd0, 0xc8, 0xd0, 0xff,
    0xc8, 0xcc, 0xc8, 0xff, 0xc8, 0xcc, 0xc8, 0xff, 0xc8, 0xc8, 0xc8, 0xff,
    0xc8, 0xcc, 0xc8, 0xff, 0xd0, 0xc8, 0xd0, 0xff, 0xc8, 0xcc, 0xc8, 0xff,
    0xc8, 0xcc, 0xc8, 0xff, 0xc8, 0xc8, 0xc8, 0xff, 0xc8, 0xcc, 0xc8, 0xff,
    0xc8, 0xcc, 0xc8, 0xff, 0xc8, 0xc8, 0xc8, 0xff, 0xc8, 0xcc, 0xc8, 0xff,
    0xd0, 0xc8, 0xd0, 0xff, 0xc8, 0xcc, 0xc8, 0xff, 0xc8, 0xcc, 0xc8, 0xff,
    0xd0, 0xc8, 0xd0, 0xff, 0xc8, 0xc8, 0xc8, 0xff, 0xc8, 0xcc, 0xc8, 0xff,
    0xc8, 0xc8, 0xc8, 0xff, 0xc8, 0xcc, 0xc8, 0xff, 0xc8, 0xcc, 0xc8, 0xff,
    0xd0, 0xc8, 0xd0, 0xff, 0xc8, 0xcc, 0xc8, 0xff, 0xd0, 0xcc, 0xd0, 0xff,
    0xc8, 0xc8, 0xc8, 0xff, 0xc8, 0xcc, 0xc8, 0xff, 0xd0, 0xc8, 0xd0, 0xff,
    0xc8, 0xcc, 0xc8, 0xff, 0xc8, 0xc8, 0xc8, 0xff, 0xd0, 0xc8, 0xd0, 0xff,
    0xc8, 0xcc, 0xc8, 0xff, 0xc8, 0xc8, 0xc8, 0xff, 0xd0, 0xc8, 0xd0, 0xff,
    0xc8, 0xcc, 0xc8, 0xff, 0xc8, 0xc8, 0xc8, 0xff, 0xd0, 0xcc, 0xd0, 0xff,
    0xc8, 0xc8, 0xc8, 0xff, 0xc8, 0xc8, 0xc8, 0xff, 0xd0, 0xcc, 0xd0, 0xff,
    0xc8, 0xc8, 0xc8, 0xff, 0xc8, 0xcc, 0xc8, 0xff, 0xc8, 0xc8, 0xc8, 0xff,
    0xc8, 0xc8, 0xc8, 0xff, 0xc8, 0xcc, 0xc8, 0xff, 0xc8, 0xcc, 0xc8, 0xff,
    0xc8, 0xc8, 0xc8, 0xff, 0xc8, 0xcc, 0xc8, 0xff, 0xd0, 0xcc, 0xd0, 0xff,
    0xc8, 0xc8, 0xc8, 0xff, 0xc8, 0xc8, 0xc8, 0xff, 0xc8, 0xcc, 0xc8, 0xff,
    0xc8, 0xc8, 0xc8, 0xff, 0xd0, 0xc8, 0xd0, 0xff, 0xc8, 0xcc, 0xc8, 0xff,
    0xc8, 0xcc, 0xc8, 0xff, 0xd0, 0xc8, 0xd0, 0xff, 0xc8, 0xcc, 0xc8, 0xff,
    0xc8, 0xc8, 0xc8, 0xff, 0xc8, 0xcc, 0xc8, 0xff, 0xc8, 0xc8, 0xc8, 0xff,
    0xc8, 0xcc, 0xc8, 0xff, 0xd0, 0xc8, 0xd0, 0xff, 0xc8, 0xc8, 0xc8, 0xff,
    0xc8, 0xcc, 0xc8, 0xff, 0xd0, 0xc8, 0xd0, 0xff, 0xc8, 0xcc, 0xc8, 0xff,
    0xc8, 0xc8, 0xc8, 0xff, 0xc8, 0xcc, 0xc8, 0xff, 0xc8, 0xcc, 0xc8, 0xff,
    0xd0, 0xc8, 0xd0, 0xff, 0xc8, 0xc8, 0xc8, 0xff, 0xc8, 0xcc, 0xc8, 0xff,
    0xc8, 0xc8, 0xc8, 0xff, 0xc8, 0xc8, 0xc8, 0xff, 0xd0, 0xcc, 0xd0, 0xff,
    0xc8, 0xcc, 0xc8, 0xff, 0xc8, 0xc8, 0xc8, 0xff, 0xc8, 0xcc, 0xc8, 0xff,
    0xc8, 0xc8, 0xc8, 0xff, 0xc8, 0xc8, 0xc8, 0xff, 0xc8, 0xcc, 0xc8, 0xff,
    0xd0, 0xc8, 0xd0, 0xff, 0xc8, 0xcc, 0xc8, 0xff, 0xc8, 0xcc, 0xc8, 0xff,
    0xd0, 0xc8, 0xd0, 0xff, 0xc8, 0xc8, 0xc8, 0xff, 0xc8, 0xcc, 0xc8, 0xff,
    0xd0, 0xc8, 0xd0, 0xff, 0xc8, 0xcc, 0xc8, 0xff, 0xc8, 0xc8, 0xc8, 0xff,
    0xc8, 0xcc, 0xc8, 0xff, 0xc8, 0xcc, 0xc8, 0xff, 0xc8, 0xc8, 0xc8, 0xff,
    0xc8, 0xcc, 0xc8, 0xff, 0xd0, 0xcc, 0xd0, 0xff, 0xc8, 0xc8, 0xc8, 0xff,
    0xc8, 0xcc, 0xc8, 0xff, 0xd0, 0xcc, 0xd0, 0xff, 0xc8, 0xc8, 0xc8, 0xff,
    0xd0, 0xcc, 0xd0, 0xff, 0xc8, 0xcc, 0xc8, 0xff, 0xd0, 0xc8, 0xd0, 0xff,
    0xd0, 0xcc, 0xd0, 0xff, 0xc8, 0xcc, 0xc8, 0xff, 0xc8, 0xc8, 0xc8, 0xff,
    0xd0, 0xc8, 0xd0, 0xff, 0xc8, 0xcc, 0xc8, 0xff, 0xc8, 0xc8, 0xc8, 0xff,
    0xc8, 0xc8, 0xc8, 0xff, 0xc8, 0xcc, 0xc8, 0x61, 0x00, 0x00, 0x00, 0x00,
    0x00, 0x00, 0x00, 0x00, 0x00, 0x00, 0x00, 0x00, 0xd0, 0xcc, 0xd0, 0x7d,
    0xc8, 0xc8, 0xc8, 0xff, 0xc8, 0xcc, 0xc8, 0xff, 0xc8, 0xcc, 0xc8, 0xff,
    0xc8, 0xc8, 0xc8, 0xff, 0xd0, 0xc8, 0xd0, 0xff, 0xc8, 0xcc, 0xc8, 0xff,
    0xc8, 0xc8, 0xc8, 0xff, 0xc8, 0xc8, 0xc8, 0xff, 0xd0, 0xcc, 0xd0, 0xff,
    0xc8, 0xcc, 0xc8, 0xff, 0xc8, 0xc8, 0xc8, 0xff, 0xd0, 0xcc, 0xd0, 0xff,
    0xc8, 0xcc, 0xc8, 0xff, 0xc8, 0xc8, 0xc8, 0xff, 0xd0, 0xc8, 0xd0, 0xff,
    0xc8, 0xcc, 0xc8, 0xff, 0xc8, 0xcc, 0xc8, 0xff, 0xc8, 0xc8, 0xc8, 0xff,
    0xc8, 0xcc, 0xc8, 0xff, 0xc8, 0xcc, 0xc8, 0xff, 0xc8, 0xc8, 0xc8, 0xff,
    0xd0, 0xcc, 0xd0, 0xff, 0xc8, 0xc8, 0xc8, 0xff, 0xc8, 0xc8, 0xc8, 0xff,
    0xc8, 0xcc, 0xc8, 0xff, 0xd0, 0xc8, 0xd0, 0xff, 0xc8, 0xcc, 0xc8, 0xff,
    0xc8, 0xcc, 0xc8, 0xff, 0xc8, 0xc8, 0xc8, 0xff, 0xd0, 0xcc, 0xd0, 0xff,
    0xc8, 0xcc, 0xc8, 0xff, 0xd0, 0xc8, 0xd0, 0xff, 0xc8, 0xcc, 0xc8, 0xff,
    0xc8, 0xcc, 0xc8, 0xff, 0xd0, 0xc8, 0xd0, 0xff, 0xc8, 0xc8, 0xc8, 0xff,
    0xc8, 0xcc, 0xc8, 0xff, 0xc8, 0xc8, 0xc8, 0xff, 0xd0, 0xc8, 0xd0, 0xff,
    0xc8, 0xcc, 0xc8, 0xff, 0xc8, 0xc8, 0xc8, 0xff, 0xd0, 0xcc, 0xd0, 0xff,
    0xc8, 0xc8, 0xc8, 0xff, 0xc8, 0xc8, 0xc8, 0xff, 0xd0, 0xcc, 0xd0, 0xff,
    0xd0, 0xc8, 0xd0, 0xff, 0xc8, 0xc8, 0xc8, 0xff, 0xc8, 0xcc, 0xc8, 0xff,
    0xd0, 0xc8, 0xd0, 0xff, 0xc8, 0xc8, 0xc8, 0xff, 0xc8, 0xcc, 0xc8, 0xff,
    0xc8, 0xc8, 0xc8, 0xff, 0xd0, 0xc8, 0xd0, 0xff, 0xc8, 0xcc, 0xc8, 0xff,
    0xc8, 0xcc, 0xc8, 0xff, 0xd0, 0xc8, 0xd0, 0xff, 0xc8, 0xcc, 0xc8, 0xff,
    0xd0, 0xc8, 0xd0, 0xff, 0xc8, 0xc8, 0xc8, 0xff, 0xc8, 0xcc, 0xc8, 0xff,
    0xc8, 0xc8, 0xc8, 0xff, 0xd0, 0xc8, 0xd0, 0xff, 0xc8, 0xcc, 0xc8, 0xff,
    0xc8, 0xcc, 0xc8, 0xff, 0xc8, 0xc8, 0xc8, 0xff, 0xc8, 0xcc, 0xc8, 0xff,
    0xc8, 0xc8, 0xc8, 0xff, 0xc8, 0xcc, 0xc8, 0xff, 0xc8, 0xcc, 0xc8, 0xff,
    0xc8, 0xcc, 0xc8, 0xff, 0xc8, 0xc8, 0xc8, 0xff, 0xd0, 0xcc, 0xd0, 0xff,
    0xc8, 0xcc, 0xc8, 0xff, 0xc8, 0xc8, 0xc8, 0xff, 0xc8, 0xc8, 0xc8, 0xff,
    0xc8, 0xcc, 0xc8, 0xff, 0xd0, 0xcc, 0xd0, 0xff, 0xc8, 0xc8, 0xc8, 0xff,
    0xc8, 0xcc, 0xc8, 0xff, 0xd0, 0xcc, 0xd0, 0xff, 0xc8, 0xc8, 0xc8, 0xff,
    0xd0, 0xcc, 0xd0, 0xff, 0xc8, 0xc8, 0xc8, 0xff, 0xd0, 0xc8, 0xd0, 0xff,
    0xc8, 0xcc, 0xc8, 0xff, 0xc8, 0xc8, 0xc8, 0xff, 0xc8, 0xcc, 0xc8, 0xff,
    0xc8, 0xc8, 0xc8, 0xff, 0xd0, 0xcc, 0xd0, 0xff, 0xc8, 0xcc, 0xc8, 0xff,
    0xc8, 0xc8, 0xc8, 0xff, 0xc8, 0xc8, 0xc8, 0xff, 0xd0, 0xcc, 0xd0, 0xff,
    0xc8, 0xc8, 0xc8, 0xff, 0xc8, 0xcc, 0xc8, 0xff, 0xd0, 0xcc, 0xd0, 0xff,
    0xc8, 0xc8, 0xc8, 0xff, 0xd0, 0xcc, 0xd0, 0xff, 0xc8, 0xc8, 0xc8, 0xff,
    0xc8, 0xcc, 0xc8, 0xff, 0xc8, 0xcc, 0xc8, 0xff, 0xd0, 0xc8, 0xd0, 0xff,
    0xc8, 0xc8, 0xc8, 0xff, 0xc8, 0xcc, 0xc8, 0xff, 0xd0, 0xc8, 0xd0, 0xff,
    0xc8, 0xc8, 0xc8, 0xff, 0xc8, 0xcc, 0xc8, 0xff, 0xd0, 0xc8, 0xd0, 0xff,
    0xc8, 0xcc, 0xc8, 0xff, 0xc8, 0xc8, 0xc8, 0xff, 0xd0, 0xcc, 0xd0, 0xff,
    0xc8, 0xcc, 0xc8, 0xff, 0xc8, 0xc8, 0xc8, 0xff, 0xc8, 0xc8, 0xc8, 0xff,
    0xd0, 0xcc, 0xd0, 0xff, 0xc8, 0xc8, 0xc8, 0xff, 0xd0, 0xcc, 0xd0, 0xff,
    0xc8, 0xcc, 0xc8, 0xff, 0xc8, 0xc8, 0xc8, 0xff, 0xd0, 0xcc, 0xd0, 0xff,
    0xc8, 0xc8, 0xc8, 0xff, 0xc8, 0xc8, 0xc8, 0xff, 0xd0, 0xcc, 0xd0, 0xff,
    0xc8, 0xcc, 0xc8, 0xff, 0xc8, 0xc8, 0xc8, 0xff, 0xd0, 0xcc, 0xd0, 0xff,
    0xc8, 0xc8, 0xc8, 0xff, 0xc8, 0xc8, 0xc8, 0xff, 0xd0, 0xcc, 0xd0, 0xff,
    0xc8, 0xc8, 0xc8, 0xff, 0xd0, 0xc8, 0xd0, 0xff, 0xc8, 0xcc, 0xc8, 0xff,
    0xc8, 0xc8, 0xc8, 0xff, 0xc8, 0xc8, 0xc8, 0xff, 0xc8, 0xcc, 0xc8, 0xff,
    0xc8, 0xc8, 0xc8, 0xff, 0xd0, 0xc8, 0xd0, 0xff, 0xc8, 0xcc, 0xc8, 0xff,
    0xc8, 0xc8, 0xc8, 0xff, 0xc8, 0xc8, 0xc8, 0xff, 0xc8, 0xcc, 0xc8, 0xff,
    0xc8, 0xc8, 0xc8, 0xff, 0xc8, 0xc8, 0xc8, 0xff, 0xd0, 0xcc, 0xd0, 0xff,
    0xc8, 0xcc, 0xc8, 0xff, 0xc8, 0xc8, 0xc8, 0xff, 0xc8, 0xcc, 0xc8, 0xff,
    0xd0, 0xcc, 0xd0, 0x7d, 0x00, 0x00, 0x00, 0x00, 0x00, 0x00, 0x00, 0x00,
    0x00, 0x00, 0x00, 0x00, 0x00, 0x00, 0x00, 0x00, 0x00, 0x00, 0x00, 0x00,
    0xc8, 0xcc, 0xc8, 0x7d, 0xc8, 0xc8, 0xc8, 0xff, 0xc8, 0xcc, 0xc8, 0xff,
    0xc8, 0xcc, 0xc8, 0xff, 0xc8, 0xc8, 0xc8, 0xff, 0xd0, 0xcc, 0xd0, 0xff,
    0xc8, 0xcc, 0xc8, 0xff, 0xc8, 0xc8, 0xc8, 0xff, 0xc8, 0xc8, 0xc8, 0xff,
    0xd0, 0xcc, 0xd0, 0xff, 0xc8, 0xc8, 0xc8, 0xff, 0xc8, 0xc8, 0xc8, 0xff,
    0xd0, 0xcc, 0xd0, 0xff, 0xc8, 0xcc, 0xc8, 0xff, 0xc8, 0xc8, 0xc8, 0xff,
    0xc8, 0xc8, 0xc8, 0xff, 0xd0, 0xcc, 0xd0, 0xff, 0xc8, 0xc8, 0xc8, 0xff,
    0xc8, 0xcc, 0xc8, 0xff, 0xd0, 0xcc, 0xd0, 0xff, 0xc8, 0xc8, 0xc8, 0xff,
    0xc8, 0xcc, 0xc8, 0xff, 0xd0, 0xcc, 0xd0, 0xff, 0xc8, 0xc8, 0xc8, 0xff,
    0xc8, 0xcc, 0xc8, 0xff, 0xc8, 0xc8, 0xc8, 0xff, 0xd0, 0xc8, 0xd0, 0xff,
    0xc8, 0xcc, 0xc8, 0xff, 0xc8, 0xc8, 0xc8, 0xff, 0xc8, 0xcc, 0xc8, 0xff,
    0xc8, 0xc8, 0xc8, 0xff, 0xd0, 0xc8, 0xd0, 0xff, 0xc8, 0xcc, 0xc8, 0xff,
    0xc8, 0xcc, 0xc8, 0xff, 0xc8, 0xc8, 0xc8, 0xff, 0xc8, 0xcc, 0xc8, 0xff,
    0xc8, 0xcc, 0xc8, 0xff, 0xd0, 0xc8, 0xd0, 0xff, 0xc8, 0xcc, 0xc8, 0xff,
    0xc8, 0xc8, 0xc8, 0xff, 0xd0, 0xcc, 0xd0, 0xff, 0xc8, 0xcc, 0xc8, 0xff,
    0xc8, 0xc8, 0xc8, 0xff, 0xc8, 0xcc, 0xc8, 0xff, 0xc8, 0xcc, 0xc8, 0xff,
    0xc8, 0xc8, 0xc8, 0xff, 0xd0, 0xcc, 0xd0, 0xff, 0xc8, 0xcc, 0xc8, 0xff,
    0xc8, 0xc8, 0xc8, 0xff, 0xd0, 0xcc, 0xd0, 0xff, 0xc8, 0xcc, 0xc8, 0xff,
    0xc8, 0xc8, 0xc8, 0xff, 0xc8, 0xc8, 0xc8, 0xff, 0xc8, 0xcc, 0xc8, 0xff,
    0xc8, 0xc8, 0xc8, 0xff, 0xc8, 0xcc, 0xc8, 0xff, 0xc8, 0xc8, 0xc8, 0xff,
    0xd0, 0xcc, 0xd0, 0xff, 0xc8, 0xc8, 0xc8, 0xff, 0xc8, 0xcc, 0xc8, 0xff,
    0xc8, 0xcc, 0xc8, 0xff, 0xc8, 0xc8, 0xc8, 0xff, 0xc8, 0xc8, 0xc8, 0xff,
    0xd0, 0xcc, 0xd0, 0xff, 0xc8, 0xc8, 0xc8, 0xff, 0xd0, 0xc8, 0xd0, 0xff,
    0xc8, 0xcc, 0xc8, 0xff, 0xd0, 0xc8, 0xd0, 0xff, 0xc8, 0xc8, 0xc8, 0xff,
    0xc8, 0xcc, 0xc8, 0xff, 0xd0, 0xc8, 0xd0, 0xff, 0xc8, 0xcc, 0xc8, 0xff,
    0xc8, 0xc8, 0xc8, 0xff, 0xd0, 0xcc, 0xd0, 0xff, 0xc8, 0xcc, 0xc8, 0xff,
    0xc8, 0xc8, 0xc8, 0xff, 0xc8, 0xcc, 0xc8, 0xff, 0xc8, 0xc8, 0xc8, 0xff,
    0xc8, 0xc8, 0xc8, 0xff, 0xc8, 0xcc, 0xc8, 0xff, 0xd0, 0xc8, 0xd0, 0xff,
    0xc8, 0xcc, 0xc8, 0xff, 0xc8, 0xcc, 0xc8, 0xff, 0xc8, 0xc8, 0xc8, 0xff,
    0xd0, 0xc8, 0xd0, 0xff, 0xc8, 0xcc, 0xc8, 0xff, 0xc8, 0xc8, 0xc8, 0xff,
    0xd0, 0xcc, 0xd0, 0xff, 0xc8, 0xc8, 0xc8, 0xff, 0xc8, 0xcc, 0xc8, 0xff,
    0xc8, 0xcc, 0xc8, 0xff, 0xc8, 0xc8, 0xc8, 0xff, 0xc8, 0xcc, 0xc8, 0xff,
    0xc8, 0xc8, 0xc8, 0xff, 0xc8, 0xc8, 0xc8, 0xff, 0xc8, 0xcc, 0xc8, 0xff,
    0xc8, 0xc8, 0xc8, 0xff, 0xc8, 0xc8, 0xc8, 0xff, 0xd0, 0xcc, 0xd0, 0xff,
    0xc8, 0xc8, 0xc8, 0xff, 0xc8, 0xcc, 0xc8, 0xff, 0xc8, 0xcc, 0xc8, 0xff,
    0xc8, 0xc8, 0xc8, 0xff, 0xc8, 0xcc, 0xc8, 0xff, 0xd0, 0xcc, 0xd0, 0xff,
    0xc8, 0xc8, 0xc8, 0xff, 0xc8, 0xcc, 0xc8, 0xff, 0xc8, 0xc8, 0xc8, 0xff,
    0xc8, 0xcc, 0xc8, 0xff, 0xc8, 0xc8, 0xc8, 0xff, 0xd0, 0xc8, 0xd0, 0xff,
    0xc8, 0xcc, 0xc8, 0xff, 0xc8, 0xcc, 0xc8, 0xff, 0xd0, 0xc8, 0xd0, 0xff,
    0xc8, 0xc8, 0xc8, 0xff, 0xc8, 0xcc, 0xc8, 0xff, 0xc8, 0xc8, 0xc8, 0xff,
    0xd0, 0xcc, 0xd0, 0xff, 0xc8, 0xcc, 0xc8, 0xff, 0xc8, 0xc8, 0xc8, 0xff,
    0xc8, 0xcc, 0xc8, 0xff, 0xc8, 0xc8, 0xc8, 0xff, 0xc8, 0xc8, 0xc8, 0xff,
    0xc8, 0xcc, 0xc8, 0xff, 0xc8, 0xc8, 0xc8, 0xff, 0xc8, 0xcc, 0xc8, 0xff,
    0xc8, 0xcc, 0xc8, 0xff, 0xc8, 0xc8, 0xc8, 0xff, 0xc8, 0xcc, 0xc8, 0xff,
    0xd0, 0xcc, 0xd0, 0xff, 0xc8, 0xc8, 0xc8, 0xff, 0xc8, 0xcc, 0xc8, 0xff,
    0xd0, 0xcc, 0xd0, 0xff, 0xc8, 0xc8, 0xc8, 0xff, 0xc8, 0xcc, 0xc8, 0xff,
    0xd0, 0xcc, 0xd0, 0xff, 0xc8, 0xc8, 0xc8, 0xff, 0xc8, 0xcc, 0xc8, 0xff,
    0xc8, 0xcc, 0xc8, 0xff, 0xd0, 0xc8, 0xd0, 0xff, 0xc8, 0xcc, 0xc8, 0xff,
    0xc8, 0xc8, 0xc8, 0xff, 0xc8, 0xc8, 0xc8, 0xff, 0xc8, 0xcc, 0xc8, 0xff,
    0xc8, 0xc8, 0xc8, 0xff, 0xc8, 0xc8, 0xc8, 0xff, 0xd0, 0xcc, 0xd0, 0x7d,
    0x00, 0x00, 0x00, 0x00, 0x00, 0x00, 0x00, 0x00, 0x00, 0x00, 0x00, 0x00,
    0x00, 0x00, 0x00, 0x00, 0x00, 0x00, 0x00, 0x00, 0x00, 0x00, 0x00, 0x00,
    0x00, 0x00, 0x00, 0x00, 0xd0, 0xc8, 0xd0, 0x61, 0xd0, 0xc8, 0xd0, 0xdf,
    0xc8, 0xcc, 0xc8, 0xff, 0xc8, 0xc8, 0xc8, 0xff, 0xc8, 0xc8, 0xc8, 0xff,
    0xd0, 0xcc, 0xd0, 0xff, 0xc8, 0xcc, 0xc8, 0xff, 0xc8, 0xc8, 0xc8, 0xff,
    0xc8, 0xcc, 0xc8, 0xff, 0xc8, 0xcc, 0xc8, 0xff, 0xc8, 0xc8, 0xc8, 0xff,
    0xd0, 0xc8, 0xd0, 0xff, 0xc8, 0xcc, 0xc8, 0xff, 0xc8, 0xcc, 0xc8, 0xff,
    0xd0, 0xc8, 0xd0, 0xff, 0xc8, 0xc8, 0xc8, 0xff, 0xc8, 0xcc, 0xc8, 0xff,
    0xd0, 0xc8, 0xd0, 0xff, 0xc8, 0xc8, 0xc8, 0xff, 0xc8, 0xcc, 0xc8, 0xff,
    0xc8, 0xc8, 0xc8, 0xff, 0xc8, 0xc8, 0xc8, 0xff, 0xd0, 0xcc, 0xd0, 0xff,
    0xc8, 0xcc, 0xc8, 0xff, 0xc8, 0xc8, 0xc8, 0xff, 0xc8, 0xcc, 0xc8, 0xff,
    0xd0, 0xc8, 0xd0, 0xff, 0xc8, 0xcc, 0xc8, 0xff, 0xc8, 0xc8, 0xc8, 0xff,
    0xc8, 0xcc, 0xc8, 0xff, 0xc8, 0xc8, 0xc8, 0xff, 0xd0, 0xc8, 0xd0, 0xff,
    0xc8, 0xcc, 0xc8, 0xff, 0xd0, 0xc8, 0xd0, 0xff, 0xc8, 0xcc, 0xc8, 0xff,
    0xc8, 0xc8, 0xc8, 0xff, 0xc8, 0xcc, 0xc8, 0xff, 0xc8, 0xcc, 0xc8, 0xff,
    0xc8, 0xc8, 0xc8, 0xff, 0xc8, 0xc8, 0xc8, 0xff, 0xc8, 0xcc, 0xc8, 0xff,
    0xd0, 0xc8, 0xd0, 0xff, 0xc8, 0xcc, 0xc8, 0xff, 0xc8, 0xc8, 0xc8, 0xff,
    0xc8, 0xc8, 0xc8, 0xff, 0xc8, 0xcc, 0xc8, 0xff, 0xc8, 0xc8, 0xc8, 0xff,
    0xc8, 0xc8, 0xc8, 0xff, 0xd0, 0xcc, 0xd0, 0xff, 0xc8, 0xcc, 0xc8, 0xff,
    0xc8, 0xc8, 0xc8, 0xff, 0xd0, 0xcc, 0xd0, 0xff, 0xc8, 0xc8, 0xc8, 0xff,
    0xd0, 0xc8, 0xd0, 0xff, 0xc8, 0xcc, 0xc8, 0xff, 0xc8, 0xcc, 0xc8, 0xff,
    0xc8, 0xc8, 0xc8, 0xff, 0xd0, 0xcc, 0xd0, 0xff, 0xc8, 0xc8, 0xc8, 0xff,
    0xd0, 0xcc, 0xd0, 0xff, 0xc8, 0xc8, 0xc8, 0xff, 0xc8, 0xcc, 0xc8, 0xff,
    0xc8, 0xcc, 0xc8, 0xff, 0xd0, 0xc8, 0xd0, 0xff, 0xc8, 0xcc, 0xc8, 0xff,
    0xc8, 0xcc, 0xc8, 0xff, 0xc8, 0xc8, 0xc8, 0xff, 0xd0, 0xcc, 0xd0, 0xff,
    0xc8, 0xc8, 0xc8, 0xff, 0xc8, 0xcc, 0xc8, 0xff, 0xc8, 0xc8, 0xc8, 0xff,
    0xc8, 0xc8, 0xc8, 0xff, 0xd0, 0xcc, 0xd0, 0xff, 0xc8, 0xc8, 0xc8, 0xff,
    0xc8, 0xc8, 0xc8, 0xff, 0xd0, 0xcc, 0xd0, 0xff, 0xd0, 0xcc, 0xd0, 0xff,
    0xc8, 0xc8, 0xc8, 0xff, 0xc8, 0xc8, 0xc8, 0xff, 0xc8, 0xcc, 0xc8, 0xff,
    0xc8, 0xc8, 0xc8, 0xff, 0xc8, 0xcc, 0xc8, 0xff, 0xc8, 0xcc, 0xc8, 0xff,
    0xd0, 0xc8, 0xd0, 0xff, 0xc8, 0xcc, 0xc8, 0xff, 0xc8, 0xc8, 0xc8, 0xff,
    0xd0, 0xc8, 0xd0, 0xff, 0xc8, 0xcc, 0xc8, 0xff, 0xc8, 0xc8, 0xc8, 0xff,
    0xd0, 0xc8, 0xd0, 0xff, 0xd0, 0xcc, 0xd0, 0xff, 0xc8, 0xcc, 0xc8, 0xff,
    0xd0, 0xc8, 0xd0, 0xff, 0xc8, 0xcc, 0xc8, 0xff, 0xd0, 0xcc, 0xd0, 0xff,
    0xc8, 0xc8, 0xc8, 0xff, 0xc8, 0xcc, 0xc8, 0xff, 0xc8, 0xcc, 0xc8, 0xff,
    0xd0, 0xc8, 0xd0, 0xff, 0xc8, 0xc8, 0xc8, 0xff, 0xd0, 0xcc, 0xd0, 0xff,
    0xc8, 0xc8, 0xc8, 0xff, 0xc8, 0xc8, 0xc8, 0xff, 0xc8, 0xcc, 0xc8, 0xff,
    0xd0, 0xcc, 0xd0, 0xff, 0xc8, 0xc8, 0xc8, 0xff, 0xc8, 0xcc, 0xc8, 0xff,
    0xd0, 0xc8, 0xd0, 0xff, 0xc8, 0xcc, 0xc8, 0xff, 0xc8, 0xc8, 0xc8, 0xff,
    0xc8, 0xc8, 0xc8, 0xff, 0xc8, 0xcc, 0xc8, 0xff, 0xc8, 0xcc, 0xc8, 0xff,
    0xc8, 0xc8, 0xc8, 0xff, 0xc8, 0xcc, 0xc8, 0xff, 0xc8, 0xc8, 0xc8, 0xff,
    0xc8, 0xc8, 0xc8, 0xff, 0xd0, 0xcc, 0xd0, 0xff, 0xc8, 0xc8, 0xc8, 0xff,
    0xd0, 0xcc, 0xd0, 0xff, 0xc8, 0xcc, 0xc8, 0xff, 0xd0, 0xc8, 0xd0, 0xff,
    0xd0, 0xcc, 0xd0, 0xff, 0xc8, 0xc8, 0xc8, 0xff, 0xd0, 0xc8, 0xd0, 0xff,
    0xc8, 0xcc, 0xc8, 0xff, 0xc8, 0xc8, 0xc8, 0xff, 0xc8, 0xc8, 0xc8, 0xff,
    0xc8, 0xcc, 0xc8, 0xff, 0xc8, 0xc8, 0xc8, 0xff, 0xc8, 0xc8, 0xc8, 0xff,
    0xd0, 0xcc, 0xd0, 0xff, 0xc8, 0xc8, 0xc8, 0xff, 0xc8, 0xc8, 0xc8, 0xff,
    0xc8, 0xcc, 0xc8, 0xff, 0xc8, 0xc8, 0xc8, 0xff, 0xd0, 0xc8, 0xd0, 0xff,
    0xc8, 0xcc, 0xc8, 0xff, 0xc8, 0xcc, 0xc8, 0xff, 0xd0, 0xc8, 0xd0, 0xff,
    0xc8, 0xcc, 0xc8, 0xff, 0xd0, 0xcc, 0xd0, 0xff, 0xc8, 0xc8, 0xc8, 0xff,
    0xd0, 0xcc, 0xd0, 0xdf, 0xc8, 0xc8, 0xc8, 0x41, 0x00, 0x00, 0x00, 0x00,
    0x00, 0x00, 0x00, 0x00, 0x00, 0x00, 0x00, 0x00, 0x00, 0x00, 0x00, 0x00,
    0x00, 0x00, 0x00, 0x00, 0x00, 0x00, 0x00, 0x00, 0x00, 0x00, 0x00, 0x00,
    0x00, 0x00, 0x00, 0x00, 0x00, 0x00, 0x00, 0x00, 0x00, 0x00, 0x00, 0x00,
    0xc8, 0xc8, 0xc8, 0x51, 0xd0, 0xcc, 0xd0, 0x8e, 0xc8, 0xc8, 0xc8, 0xbe,
    0xc8, 0xcc, 0xc8, 0xcf, 0xc8, 0xc8, 0xc8, 0xdf, 0xd0, 0xc8, 0xd0, 0xff,
    0xc8, 0xcc, 0xc8, 0xff, 0xc8, 0xcc, 0xc8, 0xff, 0xd0, 0xc8, 0xd0, 0xff,
    0xc8, 0xc8, 0xc8, 0xff, 0xc8, 0xcc, 0xc8, 0xff, 0xc8, 0xcc, 0xc8, 0xff,
    0xc8, 0xc8, 0xc8, 0xff, 0xc8, 0xcc, 0xc8, 0xff, 0xc8, 0xcc, 0xc8, 0xff,
    0xc8, 0xc8, 0xc8, 0xff, 0xd0, 0xcc, 0xd0, 0xff, 0xc8, 0xcc, 0xc8, 0xff,
    0xc8, 0xc8, 0xc8, 0xff, 0xc8, 0xc8, 0xc8, 0xff, 0xd0, 0xcc, 0xd0, 0xff,
    0xc8, 0xc8, 0xc8, 0xff, 0xc8, 0xcc, 0xc8, 0xff, 0xc8, 0xcc, 0xc8, 0xff,
    0xc8, 0xc8, 0xc8, 0xff, 0xd0, 0xc8, 0xd0, 0xff, 0xc8, 0xcc, 0xc8, 0xff,
    0xc8, 0xcc, 0xc8, 0xff, 0xd0, 0xcc, 0xd0, 0xff, 0xc8, 0xc8, 0xc8, 0xff,
    0xc8, 0xc8, 0xc8, 0xff, 0xc8, 0xcc, 0xc8, 0xff, 0xd0, 0xc8, 0xd0, 0xff,
    0xc8, 0xc8, 0xc8, 0xff, 0xd0, 0xcc, 0xd0, 0xff, 0xc8, 0xc8, 0xc8, 0xff,
    0xd0, 0xcc, 0xd0, 0xff, 0xc8, 0xc8, 0xc8, 0xff, 0xc8, 0xc8, 0xc8, 0xff,
    0xd0, 0xcc, 0xd0, 0xff, 0xc8, 0xc8, 0xc8, 0xff, 0xd0, 0xcc, 0xd0, 0xff,
    0xc8, 0xcc, 0xc8, 0xff, 0xd0, 0xc8, 0xd0, 0xff, 0xc8, 0xcc, 0xc8, 0xff,
    0xc8, 0xc8, 0xc8, 0xff, 0xc8, 0xc8, 0xc8, 0xff, 0xc8, 0xcc, 0xc8, 0xff,
    0xd0, 0xc8, 0xd0, 0xff, 0xc8, 0xcc, 0xc8, 0xff, 0xc8, 0xcc, 0xc8, 0xff,
    0xd0, 0xc8, 0xd0, 0xff, 0xc8, 0xcc, 0xc8, 0xff, 0xc8, 0xc8, 0xc8, 0xff,
    0xc8, 0xc8, 0xc8, 0xff, 0xc8, 0xcc, 0xc8, 0xff, 0xc8, 0xc8, 0xc8, 0xff,
    0xd0, 0xc8, 0xd0, 0xff, 0xc8, 0xcc, 0xc8, 0xff, 0xc8, 0xc8, 0xc8, 0xff,
    0xc8, 0xc8, 0xc8, 0xff, 0xc8, 0xcc, 0xc8, 0xff, 0xc8, 0xc8, 0xc8, 0xff,
    0xc8, 0xc8, 0xc8, 0xff, 0xc8, 0xcc, 0xc8, 0xff, 0xc8, 0xcc, 0xc8, 0xff,
    0xd0, 0xc8, 0xd0, 0xff, 0xc8, 0xcc, 0xc8, 0xff, 0xc8, 0xcc, 0xc8, 0xff,
    0xc8, 0xc8, 0xc8, 0xff, 0xc8, 0xcc, 0xc8, 0xff, 0xc8, 0xc8, 0xc8, 0xff,
    0xc8, 0xcc, 0xc8, 0xff, 0xc8, 0xc8, 0xc8, 0xff, 0xc8, 0xcc, 0xc8, 0xff,
    0xd0, 0xcc, 0xd0, 0xff, 0xc8, 0xc8, 0xc8, 0xff, 0xc8, 0xcc, 0xc8, 0xff,
    0xd0, 0xc8, 0xd0, 0xff, 0xc8, 0xc8, 0xc8, 0xff, 0xc8, 0xcc, 0xc8, 0xff,
    0xc8, 0xc8, 0xc8, 0xff, 0xc8, 0xcc, 0xc8, 0xff, 0xc8, 0xcc, 0xc8, 0xff,
    0xc8, 0xc8, 0xc8, 0xff, 0xc8, 0xcc, 0xc8, 0xff, 0xc8, 0xc8, 0xc8, 0xff,
    0xc8, 0xc8, 0xc8, 0xff, 0xc8, 0xcc, 0xc8, 0xff, 0xc8, 0xc8, 0xc8, 0xff,
    0xc8, 0xc8, 0xc8, 0xff, 0xd0, 0xcc, 0xd0, 0xff, 0xc8, 0xc8, 0xc8, 0xff,
    0xc8, 0xc8, 0xc8, 0xff, 0xd0, 0xcc, 0xd0, 0xff, 0xc8, 0xc8, 0xc8, 0xff,
    0xc8, 0xcc, 0xc8, 0xff, 0xc8, 0xc8, 0xc8, 0xff, 0xc8, 0xcc, 0xc8, 0xff,
    0xd0, 0xcc, 0xd0, 0xff, 0xc8, 0xc8, 0xc8, 0xff, 0xc8, 0xc8, 0xc8, 0xff,
    0xc8, 0xcc, 0xc8, 0xff, 0xd0, 0xc8, 0xd0, 0xff, 0xc8, 0xc8, 0xc8, 0xff,
    0xc8, 0xcc, 0xc8, 0xff, 0xd0, 0xcc, 0xd0, 0xff, 0xc8, 0xcc, 0xc8, 0xff,
    0xd0, 0xc8, 0xd0, 0xff, 0xc8, 0xc8, 0xc8, 0xff, 0xd0, 0xcc, 0xd0, 0xff,
    0xc8, 0xcc, 0xc8, 0xff, 0xd0, 0xc8, 0xd0, 0xff, 0xc8, 0xcc, 0xc8, 0xff,
    0xc8, 0xc8, 0xc8, 0xff, 0xc8, 0xc8, 0xc8, 0xff, 0xc8, 0xcc, 0xc8, 0xff,
    0xc8, 0xc8, 0xc8, 0xff, 0xc8, 0xc8, 0xc8, 0xff, 0xc8, 0xcc, 0xc8, 0xff,
    0xc8, 0xcc, 0xc8, 0xff, 0xc8, 0xc8, 0xc8, 0xff, 0xd0, 0xcc, 0xd0, 0xff,
    0xc8, 0xcc, 0xc8, 0xff, 0xd0, 0xc8, 0xd0, 0xff, 0xd0, 0xcc, 0xd0, 0xff,
    0xc8, 0xcc, 0xc8, 0xff, 0xc8, 0xc8, 0xc8, 0xff, 0xd0, 0xcc, 0xd0, 0xff,
    0xc8, 0xcc, 0xc8, 0xff, 0xc8, 0xc8, 0xc8, 0xff, 0xd0, 0xcc, 0xd0, 0xff,
    0xc8, 0xcc, 0xc8, 0xff, 0xc8, 0xc8, 0xc8, 0xff, 0xd0, 0xc8, 0xd0, 0xff,
    0xc8, 0xcc, 0xc8, 0xff, 0xc8, 0xc8, 0xc8, 0xdf, 0xc8, 0xc8, 0xc8, 0xdf,
    0xd0, 0xcc, 0xd0, 0xae, 0xc8, 0xcc, 0xc8, 0x8e, 0xc8, 0xc8, 0xc8, 0x41,
    0x00, 0x00, 0x00, 0x00, 0x00, 0x00, 0x00, 0x00, 0x00, 0x00, 0x00, 0x00,
    0x00, 0x00, 0x00, 0x00, 0x00, 0x00, 0x00, 0x00, 0x00, 0x00, 0x00, 0x00
};
