// 4.21.4 0xcfb57aec D2 AY R0 FARGB8888 U565 N0 SExtFlashSection
// Generated by imageconverter. Please, do not edit!

#include <touchgfx/hal/Config.hpp>

LOCATION_PRAGMA("ExtFlashSection")
KEEP extern const unsigned char image_sel_cu[] LOCATION_ATTRIBUTE("ExtFlashSection") = { // 100x60 ARGB8888 pixels.
    0x00, 0x00, 0x00, 0x00, 0x00, 0x00, 0x00, 0x00, 0x00, 0x00, 0x00, 0x00,
    0x00, 0x00, 0x00, 0x00, 0x00, 0x00, 0x00, 0x00, 0xe0, 0xe0, 0x20, 0x08,
    0xe8, 0xe4, 0x20, 0x51, 0xe8, 0xe8, 0x20, 0x92, 0xe8, 0xe8, 0x18, 0xbe,
    0xe8, 0xe8, 0x20, 0xdf, 0xe8, 0xe8, 0x20, 0xe7, 0xe8, 0xe8, 0x20, 0xff,
    0xe8, 0xe8, 0x20, 0xff, 0xe8, 0xe8, 0x20, 0xff, 0xe8, 0xe8, 0x20, 0xff,
    0xe8, 0xe8, 0x20, 0xff, 0xe8, 0xe8, 0x20, 0xff, 0xe8, 0xe8, 0x20, 0xff,
    0xe8, 0xe8, 0x20, 0xff, 0xe8, 0xe8, 0x20, 0xff, 0xe8, 0xe8, 0x20, 0xff,
    0xe8, 0xe8, 0x20, 0xff, 0xe8, 0xe8, 0x20, 0xff, 0xe8, 0xe8, 0x20, 0xff,
    0xe8, 0xe8, 0x20, 0xff, 0xe8, 0xe8, 0x20, 0xff, 0xe8, 0xe8, 0x20, 0xff,
    0xe8, 0xe8, 0x20, 0xff, 0xe8, 0xe8, 0x20, 0xff, 0xe8, 0xe8, 0x20, 0xff,
    0xe8, 0xe8, 0x20, 0xff, 0xe8, 0xe8, 0x20, 0xff, 0xe8, 0xe8, 0x20, 0xff,
    0xe8, 0xe8, 0x20, 0xff, 0xe8, 0xe8, 0x20, 0xff, 0xe8, 0xe8, 0x20, 0xff,
    0xe8, 0xe8, 0x20, 0xff, 0xe8, 0xe8, 0x20, 0xff, 0xe8, 0xe8, 0x20, 0xff,
    0xe8, 0xe8, 0x20, 0xff, 0xe8, 0xe8, 0x20, 0xff, 0xe8, 0xe8, 0x20, 0xff,
    0xe8, 0xe8, 0x20, 0xff, 0xe8, 0xe8, 0x20, 0xff, 0xe8, 0xe8, 0x20, 0xff,
    0xe8, 0xe8, 0x20, 0xff, 0xe8, 0xe8, 0x20, 0xff, 0xe8, 0xe8, 0x20, 0xff,
    0xe8, 0xe8, 0x20, 0xff, 0xe8, 0xe8, 0x20, 0xff, 0xe8, 0xe8, 0x20, 0xff,
    0xe8, 0xe8, 0x20, 0xff, 0xe8, 0xe8, 0x20, 0xff, 0xe8, 0xe8, 0x20, 0xff,
    0xe8, 0xe8, 0x20, 0xff, 0xe8, 0xe8, 0x20, 0xff, 0xe8, 0xe8, 0x20, 0xff,
    0xe8, 0xe8, 0x20, 0xff, 0xe8, 0xe8, 0x20, 0xff, 0xe8, 0xe8, 0x20, 0xff,
    0xe8, 0xe8, 0x20, 0xff, 0xe8, 0xe8, 0x20, 0xff, 0xe8, 0xe8, 0x20, 0xff,
    0xe8, 0xe8, 0x20, 0xff, 0xe8, 0xe8, 0x20, 0xff, 0xe8, 0xe8, 0x20, 0xff,
    0xe8, 0xe8, 0x20, 0xff, 0xe8, 0xe8, 0x20, 0xff, 0xe8, 0xe8, 0x20, 0xff,
    0xe8, 0xe8, 0x20, 0xff, 0xe8, 0xe8, 0x20, 0xff, 0xe8, 0xe8, 0x20, 0xff,
    0xe8, 0xe8, 0x20, 0xff, 0xe8, 0xe8, 0x20, 0xff, 0xe8, 0xe8, 0x20, 0xff,
    0xe8, 0xe8, 0x20, 0xff, 0xe8, 0xe8, 0x20, 0xff, 0xe8, 0xe8, 0x20, 0xff,
    0xe8, 0xe8, 0x20, 0xff, 0xe8, 0xe8, 0x20, 0xff, 0xe8, 0xe8, 0x20, 0xff,
    0xe8, 0xe8, 0x20, 0xff, 0xe8, 0xe8, 0x20, 0xff, 0xe8, 0xe8, 0x20, 0xff,
    0xe8, 0xe8, 0x20, 0xff, 0xe8, 0xe8, 0x20, 0xff, 0xe8, 0xe8, 0x20, 0xff,
    0xe8, 0xe8, 0x20, 0xff, 0xe8, 0xe8, 0x20, 0xff, 0xe8, 0xe8, 0x20, 0xe7,
    0xe8, 0xe8, 0x20, 0xdf, 0xe8, 0xe8, 0x18, 0xbe, 0xe8, 0xe8, 0x20, 0x92,
    0xe8, 0xe4, 0x20, 0x51, 0xe0, 0xe0, 0x20, 0x08, 0x00, 0x00, 0x00, 0x00,
    0x00, 0x00, 0x00, 0x00, 0x00, 0x00, 0x00, 0x00, 0x00, 0x00, 0x00, 0x00,
    0x00, 0x00, 0x00, 0x00, 0x00, 0x00, 0x00, 0x00, 0x00, 0x00, 0x00, 0x00,
    0x00, 0x00, 0x00, 0x00, 0x00, 0x00, 0x00, 0x00, 0xe0, 0xe4, 0x20, 0x55,
    0xe8, 0xe4, 0x20, 0xe3, 0xe8, 0xe8, 0x20, 0xff, 0xe8, 0xe8, 0x20, 0xff,
    0xe8, 0xe4, 0x20, 0xff, 0xe8, 0xe8, 0x20, 0xff, 0xe8, 0xe4, 0x20, 0xff,
    0xe8, 0xe8, 0x18, 0xff, 0xe8, 0xe4, 0x20, 0xff, 0xe8, 0xe8, 0x20, 0xff,
    0xe8, 0xe4, 0x18, 0xff, 0xe8, 0xe8, 0x20, 0xff, 0xe8, 0xe4, 0x20, 0xff,
    0xe8, 0xe8, 0x18, 0xff, 0xe8, 0xe4, 0x20, 0xff, 0xe8, 0xe8, 0x20, 0xff,
    0xe8, 0xe4, 0x18, 0xff, 0xe8, 0xe8, 0x20, 0xff, 0xe8, 0xe4, 0x20, 0xff,
    0xe8, 0xe8, 0x18, 0xff, 0xe8, 0xe4, 0x20, 0xff, 0xe8, 0xe8, 0x20, 0xff,
    0xe8, 0xe4, 0x18, 0xff, 0xe8, 0xe8, 0x20, 0xff, 0xe8, 0xe4, 0x20, 0xff,
    0xe8, 0xe8, 0x18, 0xff, 0xe8, 0xe4, 0x20, 0xff, 0xe8, 0xe8, 0x20, 0xff,
    0xe8, 0xe4, 0x18, 0xff, 0xe8, 0xe8, 0x20, 0xff, 0xe8, 0xe4, 0x20, 0xff,
    0xe8, 0xe8, 0x18, 0xff, 0xe8, 0xe4, 0x20, 0xff, 0xe8, 0xe8, 0x20, 0xff,
    0xe8, 0xe4, 0x18, 0xff, 0xe8, 0xe8, 0x20, 0xff, 0xe8, 0xe4, 0x20, 0xff,
    0xe8, 0xe8, 0x18, 0xff, 0xe8, 0xe4, 0x20, 0xff, 0xe8, 0xe8, 0x20, 0xff,
    0xe8, 0xe4, 0x18, 0xff, 0xe8, 0xe8, 0x20, 0xff, 0xe8, 0xe4, 0x20, 0xff,
    0xe8, 0xe8, 0x18, 0xff, 0xe8, 0xe4, 0x20, 0xff, 0xe8, 0xe8, 0x20, 0xff,
    0xe8, 0xe4, 0x18, 0xff, 0xe8, 0xe8, 0x20, 0xff, 0xe8, 0xe4, 0x20, 0xff,
    0xe8, 0xe8, 0x18, 0xff, 0xe8, 0xe4, 0x20, 0xff, 0xe8, 0xe8, 0x20, 0xff,
    0xe8, 0xe4, 0x18, 0xff, 0xe8, 0xe8, 0x20, 0xff, 0xe8, 0xe4, 0x20, 0xff,
    0xe8, 0xe8, 0x18, 0xff, 0xe8, 0xe4, 0x20, 0xff, 0xe8, 0xe8, 0x20, 0xff,
    0xe8, 0xe4, 0x18, 0xff, 0xe8, 0xe8, 0x20, 0xff, 0xe8, 0xe4, 0x20, 0xff,
    0xe8, 0xe8, 0x18, 0xff, 0xe8, 0xe4, 0x20, 0xff, 0xe8, 0xe8, 0x20, 0xff,
    0xe8, 0xe4, 0x18, 0xff, 0xe8, 0xe8, 0x20, 0xff, 0xe8, 0xe4, 0x20, 0xff,
    0xe8, 0xe8, 0x18, 0xff, 0xe8, 0xe4, 0x20, 0xff, 0xe8, 0xe8, 0x20, 0xff,
    0xe8, 0xe4, 0x18, 0xff, 0xe8, 0xe8, 0x20, 0xff, 0xe8, 0xe4, 0x20, 0xff,
    0xe8, 0xe8, 0x18, 0xff, 0xe8, 0xe4, 0x20, 0xff, 0xe8, 0xe8, 0x20, 0xff,
    0xe8, 0xe4, 0x18, 0xff, 0xe8, 0xe8, 0x20, 0xff, 0xe8, 0xe4, 0x20, 0xff,
    0xe8, 0xe8, 0x18, 0xff, 0xe8, 0xe4, 0x20, 0xff, 0xe8, 0xe8, 0x20, 0xff,
    0xe8, 0xe4, 0x18, 0xff, 0xe8, 0xe8, 0x20, 0xff, 0xe8, 0xe4, 0x20, 0xff,
    0xe8, 0xe8, 0x18, 0xff, 0xe8, 0xe4, 0x20, 0xff, 0xe8, 0xe8, 0x20, 0xff,
    0xe8, 0xe8, 0x20, 0xff, 0xe8, 0xe8, 0x20, 0xff, 0xe8, 0xe4, 0x20, 0xe3,
    0xe0, 0xe4, 0x20, 0x55, 0x00, 0x00, 0x00, 0x00, 0x00, 0x00, 0x00, 0x00,
    0x00, 0x00, 0x00, 0x00, 0x00, 0x00, 0x00, 0x00, 0x00, 0x00, 0x00, 0x00,
    0x00, 0x00, 0x00, 0x00, 0xc0, 0xc0, 0x00, 0x04, 0xe8, 0xe8, 0x20, 0x92,
    0xe8, 0xe8, 0x20, 0xff, 0xe8, 0xe8, 0x18, 0xff, 0xe8, 0xe8, 0x18, 0xff,
    0xe8, 0xe8, 0x20, 0xff, 0xe8, 0xe8, 0x20, 0xff, 0xe8, 0xe8, 0x18, 0xff,
    0xe8, 0xe8, 0x20, 0xff, 0xe8, 0xe4, 0x20, 0xff, 0xe8, 0xe8, 0x18, 0xff,
    0xe8, 0xe8, 0x20, 0xff, 0xe8, 0xe8, 0x20, 0xff, 0xe8, 0xe4, 0x18, 0xff,
    0xe8, 0xe8, 0x20, 0xff, 0xe8, 0xe8, 0x20, 0xff, 0xe8, 0xe8, 0x18, 0xff,
    0xe8, 0xe4, 0x20, 0xff, 0xe8, 0xe8, 0x20, 0xff, 0xe8, 0xe8, 0x18, 0xff,
    0xe8, 0xe8, 0x20, 0xff, 0xe8, 0xe4, 0x20, 0xff, 0xe8, 0xe8, 0x18, 0xff,
    0xe8, 0xe8, 0x20, 0xff, 0xe8, 0xe8, 0x20, 0xff, 0xe8, 0xe4, 0x18, 0xff,
    0xe8, 0xe8, 0x20, 0xff, 0xe8, 0xe8, 0x20, 0xff, 0xe8, 0xe8, 0x18, 0xff,
    0xe8, 0xe4, 0x20, 0xff, 0xe8, 0xe8, 0x20, 0xff, 0xe8, 0xe8, 0x18, 0xff,
    0xe8, 0xe8, 0x20, 0xff, 0xe8, 0xe4, 0x20, 0xff, 0xe8, 0xe8, 0x18, 0xff,
    0xe8, 0xe8, 0x20, 0xff, 0xe8, 0xe8, 0x20, 0xff, 0xe8, 0xe4, 0x18, 0xff,
    0xe8, 0xe8, 0x20, 0xff, 0xe8, 0xe8, 0x20, 0xff, 0xe8, 0xe8, 0x18, 0xff,
    0xe8, 0xe4, 0x20, 0xff, 0xe8, 0xe8, 0x20, 0xff, 0xe8, 0xe8, 0x18, 0xff,
    0xe8, 0xe8, 0x20, 0xff, 0xe8, 0xe4, 0x20, 0xff, 0xe8, 0xe8, 0x18, 0xff,
    0xe8, 0xe8, 0x20, 0xff, 0xe8, 0xe8, 0x20, 0xff, 0xe8, 0xe4, 0x18, 0xff,
    0xe8, 0xe8, 0x20, 0xff, 0xe8, 0xe8, 0x20, 0xff, 0xe8, 0xe8, 0x18, 0xff,
    0xe8, 0xe4, 0x20, 0xff, 0xe8, 0xe8, 0x20, 0xff, 0xe8, 0xe8, 0x18, 0xff,
    0xe8, 0xe8, 0x20, 0xff, 0xe8, 0xe4, 0x20, 0xff, 0xe8, 0xe8, 0x18, 0xff,
    0xe8, 0xe8, 0x20, 0xff, 0xe8, 0xe8, 0x20, 0xff, 0xe8, 0xe4, 0x18, 0xff,
    0xe8, 0xe8, 0x20, 0xff, 0xe8, 0xe8, 0x20, 0xff, 0xe8, 0xe8, 0x18, 0xff,
    0xe8, 0xe4, 0x20, 0xff, 0xe8, 0xe8, 0x20, 0xff, 0xe8, 0xe8, 0x18, 0xff,
    0xe8, 0xe8, 0x20, 0xff, 0xe8, 0xe4, 0x20, 0xff, 0xe8, 0xe8, 0x18, 0xff,
    0xe8, 0xe8, 0x20, 0xff, 0xe8, 0xe8, 0x20, 0xff, 0xe8, 0xe4, 0x18, 0xff,
    0xe8, 0xe8, 0x20, 0xff, 0xe8, 0xe8, 0x20, 0xff, 0xe8, 0xe8, 0x18, 0xff,
    0xe8, 0xe4, 0x20, 0xff, 0xe8, 0xe8, 0x20, 0xff, 0xe8, 0xe8, 0x18, 0xff,
    0xe8, 0xe8, 0x20, 0xff, 0xe8, 0xe4, 0x20, 0xff, 0xe8, 0xe8, 0x18, 0xff,
    0xe8, 0xe8, 0x20, 0xff, 0xe8, 0xe8, 0x20, 0xff, 0xe8, 0xe4, 0x18, 0xff,
    0xe8, 0xe8, 0x20, 0xff, 0xe8, 0xe8, 0x20, 0xff, 0xe8, 0xe8, 0x20, 0xff,
    0xe8, 0xe4, 0x18, 0xff, 0xe8, 0xe8, 0x20, 0xff, 0xe8, 0xe8, 0x18, 0xff,
    0xe8, 0xe8, 0x20, 0xff, 0xe8, 0xe8, 0x20, 0xff, 0xe8, 0xe8, 0x18, 0x8a,
    0xc0, 0xc0, 0x00, 0x04, 0x00, 0x00, 0x00, 0x00, 0x00, 0x00, 0x00, 0x00,
    0x00, 0x00, 0x00, 0x00, 0x00, 0x00, 0x00, 0x00, 0xe8, 0xe8, 0x18, 0x92,
    0xe8, 0xe4, 0x20, 0xff, 0xe8, 0xe8, 0x20, 0xff, 0xe8, 0xe8, 0x20, 0xff,
    0xe8, 0xe4, 0x20, 0xff, 0xe0, 0xe8, 0x20, 0xff, 0xe8, 0xe8, 0x18, 0xff,
    0xe8, 0xe4, 0x20, 0xff, 0xe0, 0xe8, 0x20, 0xff, 0xe8, 0xe8, 0x20, 0xff,
    0xe8, 0xe8, 0x20, 0xff, 0xe0, 0xe8, 0x20, 0xff, 0xe8, 0xe8, 0x20, 0xff,
    0xe8, 0xe8, 0x20, 0xff, 0xe0, 0xe8, 0x20, 0xff, 0xe8, 0xe8, 0x20, 0xff,
    0xe8, 0xe8, 0x20, 0xff, 0xe0, 0xe8, 0x20, 0xff, 0xe8, 0xe8, 0x20, 0xff,
    0xe8, 0xe8, 0x20, 0xff, 0xe0, 0xe8, 0x20, 0xff, 0xe8, 0xe8, 0x20, 0xff,
    0xe8, 0xe8, 0x20, 0xff, 0xe0, 0xe8, 0x20, 0xff, 0xe8, 0xe8, 0x20, 0xff,
    0xe8, 0xe8, 0x20, 0xff, 0xe0, 0xe8, 0x20, 0xff, 0xe8, 0xe8, 0x20, 0xff,
    0xe8, 0xe8, 0x20, 0xff, 0xe0, 0xe8, 0x20, 0xff, 0xe8, 0xe8, 0x20, 0xff,
    0xe8, 0xe8, 0x20, 0xff, 0xe0, 0xe8, 0x20, 0xff, 0xe8, 0xe8, 0x20, 0xff,
    0xe8, 0xe8, 0x20, 0xff, 0xe0, 0xe8, 0x20, 0xff, 0xe8, 0xe8, 0x20, 0xff,
    0xe8, 0xe8, 0x20, 0xff, 0xe0, 0xe8, 0x20, 0xff, 0xe8, 0xe8, 0x20, 0xff,
    0xe8, 0xe8, 0x20, 0xff, 0xe0, 0xe8, 0x20, 0xff, 0xe8, 0xe8, 0x20, 0xff,
    0xe8, 0xe8, 0x20, 0xff, 0xe0, 0xe8, 0x20, 0xff, 0xe8, 0xe8, 0x20, 0xff,
    0xe8, 0xe8, 0x20, 0xff, 0xe0, 0xe8, 0x20, 0xff, 0xe8, 0xe8, 0x20, 0xff,
    0xe8, 0xe8, 0x20, 0xff, 0xe0, 0xe8, 0x20, 0xff, 0xe8, 0xe8, 0x20, 0xff,
    0xe8, 0xe8, 0x20, 0xff, 0xe0, 0xe8, 0x20, 0xff, 0xe8, 0xe8, 0x20, 0xff,
    0xe8, 0xe8, 0x20, 0xff, 0xe0, 0xe8, 0x20, 0xff, 0xe8, 0xe8, 0x20, 0xff,
    0xe8, 0xe8, 0x20, 0xff, 0xe0, 0xe8, 0x20, 0xff, 0xe8, 0xe8, 0x20, 0xff,
    0xe8, 0xe8, 0x20, 0xff, 0xe0, 0xe8, 0x20, 0xff, 0xe8, 0xe8, 0x20, 0xff,
    0xe8, 0xe8, 0x20, 0xff, 0xe0, 0xe8, 0x20, 0xff, 0xe8, 0xe8, 0x20, 0xff,
    0xe8, 0xe8, 0x20, 0xff, 0xe0, 0xe8, 0x20, 0xff, 0xe8, 0xe8, 0x20, 0xff,
    0xe8, 0xe8, 0x20, 0xff, 0xe0, 0xe8, 0x20, 0xff, 0xe8, 0xe8, 0x20, 0xff,
    0xe8, 0xe8, 0x20, 0xff, 0xe0, 0xe8, 0x20, 0xff, 0xe8, 0xe8, 0x20, 0xff,
    0xe8, 0xe8, 0x20, 0xff, 0xe0, 0xe8, 0x20, 0xff, 0xe8, 0xe8, 0x20, 0xff,
    0xe8, 0xe8, 0x20, 0xff, 0xe0, 0xe8, 0x20, 0xff, 0xe8, 0xe8, 0x20, 0xff,
    0xe8, 0xe8, 0x20, 0xff, 0xe0, 0xe8, 0x20, 0xff, 0xe8, 0xe8, 0x20, 0xff,
    0xe8, 0xe8, 0x20, 0xff, 0xe0, 0xe8, 0x18, 0xff, 0xe8, 0xe8, 0x20, 0xff,
    0xe8, 0xe8, 0x20, 0xff, 0xe0, 0xe4, 0x20, 0xff, 0xe8, 0xe8, 0x18, 0xff,
    0xe8, 0xe8, 0x20, 0xff, 0xe8, 0xe4, 0x20, 0xff, 0xe8, 0xe8, 0x18, 0xff,
    0xe8, 0xe8, 0x20, 0xff, 0xe8, 0xe4, 0x20, 0x8a, 0x00, 0x00, 0x00, 0x00,
    0x00, 0x00, 0x00, 0x00, 0x00, 0x00, 0x00, 0x00, 0xe0, 0xe4, 0x20, 0x55,
    0xe8, 0xe8, 0x20, 0xff, 0xe8, 0xe8, 0x20, 0xff, 0xe8, 0xe4, 0x18, 0xff,
    0xe8, 0xe8, 0x20, 0xff, 0xe8, 0xe8, 0x20, 0xff, 0xe8, 0xe4, 0x18, 0xff,
    0xe8, 0xe8, 0x20, 0xff, 0xe8, 0xe8, 0x20, 0xff, 0xe8, 0xe4, 0x18, 0xff,
    0xe8, 0xe8, 0x20, 0xff, 0xe8, 0xe8, 0x18, 0xff, 0xe8, 0xe4, 0x20, 0xff,
    0xe8, 0xe4, 0x18, 0xff, 0xe8, 0xe8, 0x20, 0xff, 0xe8, 0xe4, 0x18, 0xff,
    0xe8, 0xe8, 0x18, 0xff, 0xe8, 0xe4, 0x20, 0xff, 0xe8, 0xe8, 0x18, 0xff,
    0xe8, 0xe4, 0x20, 0xff, 0xe8, 0xe4, 0x18, 0xff, 0xe8, 0xe8, 0x18, 0xff,
    0xe8, 0xe8, 0x20, 0xff, 0xe8, 0xe4, 0x18, 0xff, 0xe8, 0xe4, 0x20, 0xff,
    0xe8, 0xe8, 0x18, 0xff, 0xe8, 0xe8, 0x20, 0xff, 0xe8, 0xe4, 0x18, 0xff,
    0xe8, 0xe4, 0x18, 0xff, 0xe8, 0xe8, 0x20, 0xff, 0xe8, 0xe8, 0x18, 0xff,
    0xe8, 0xe4, 0x20, 0xff, 0xe8, 0xe4, 0x18, 0xff, 0xe8, 0xe8, 0x18, 0xff,
    0xe8, 0xe8, 0x20, 0xff, 0xe8, 0xe4, 0x18, 0xff, 0xe8, 0xe4, 0x20, 0xff,
    0xe8, 0xe8, 0x18, 0xff, 0xe8, 0xe8, 0x20, 0xff, 0xe8, 0xe4, 0x18, 0xff,
    0xe8, 0xe4, 0x18, 0xff, 0xe8, 0xe8, 0x20, 0xff, 0xe8, 0xe8, 0x18, 0xff,
    0xe8, 0xe4, 0x20, 0xff, 0xe8, 0xe4, 0x18, 0xff, 0xe8, 0xe8, 0x18, 0xff,
    0xe8, 0xe8, 0x20, 0xff, 0xe8, 0xe4, 0x18, 0xff, 0xe8, 0xe4, 0x20, 0xff,
    0xe8, 0xe8, 0x18, 0xff, 0xe8, 0xe8, 0x20, 0xff, 0xe8, 0xe4, 0x18, 0xff,
    0xe8, 0xe4, 0x18, 0xff, 0xe8, 0xe8, 0x20, 0xff, 0xe8, 0xe8, 0x18, 0xff,
    0xe8, 0xe4, 0x20, 0xff, 0xe8, 0xe4, 0x18, 0xff, 0xe8, 0xe8, 0x18, 0xff,
    0xe8, 0xe8, 0x20, 0xff, 0xe8, 0xe4, 0x18, 0xff, 0xe8, 0xe4, 0x20, 0xff,
    0xe8, 0xe8, 0x18, 0xff, 0xe8, 0xe8, 0x20, 0xff, 0xe8, 0xe4, 0x18, 0xff,
    0xe8, 0xe4, 0x18, 0xff, 0xe8, 0xe8, 0x20, 0xff, 0xe8, 0xe8, 0x18, 0xff,
    0xe8, 0xe4, 0x20, 0xff, 0xe8, 0xe4, 0x18, 0xff, 0xe8, 0xe8, 0x18, 0xff,
    0xe8, 0xe8, 0x20, 0xff, 0xe8, 0xe4, 0x18, 0xff, 0xe8, 0xe4, 0x20, 0xff,
    0xe8, 0xe8, 0x18, 0xff, 0xe8, 0xe8, 0x20, 0xff, 0xe8, 0xe4, 0x18, 0xff,
    0xe8, 0xe4, 0x18, 0xff, 0xe8, 0xe8, 0x20, 0xff, 0xe8, 0xe8, 0x18, 0xff,
    0xe8, 0xe4, 0x20, 0xff, 0xe8, 0xe4, 0x18, 0xff, 0xe8, 0xe8, 0x18, 0xff,
    0xe8, 0xe8, 0x20, 0xff, 0xe8, 0xe4, 0x18, 0xff, 0xe8, 0xe4, 0x20, 0xff,
    0xe8, 0xe8, 0x20, 0xff, 0xe8, 0xe8, 0x18, 0xff, 0xe8, 0xe4, 0x20, 0xff,
    0xe8, 0xe8, 0x20, 0xff, 0xe8, 0xe8, 0x20, 0xff, 0xe8, 0xe8, 0x20, 0xff,
    0xe8, 0xe4, 0x20, 0xff, 0xe0, 0xe8, 0x20, 0xff, 0xe8, 0xe8, 0x20, 0xff,
    0xe8, 0xe4, 0x20, 0xff, 0xe8, 0xe8, 0x20, 0xff, 0xe8, 0xe8, 0x20, 0xff,
    0xe8, 0xe4, 0x18, 0x51, 0x00, 0x00, 0x00, 0x00, 0xe0, 0xe0, 0x20, 0x08,
    0xe8, 0xe8, 0x20, 0xe3, 0xe8, 0xe4, 0x20, 0xff, 0xe8, 0xe8, 0x20, 0xff,
    0xe8, 0xe8, 0x18, 0xff, 0xe8, 0xe8, 0x20, 0xff, 0xe8, 0xe8, 0x20, 0xff,
    0xe8, 0xe8, 0x20, 0xff, 0xe8, 0xe8, 0x20, 0xff, 0xe8, 0xe8, 0x20, 0xff,
    0xe8, 0xe8, 0x20, 0xff, 0xe8, 0xe4, 0x18, 0xff, 0xe8, 0xe8, 0x20, 0xff,
    0xe8, 0xe8, 0x20, 0xff, 0xe8, 0xe8, 0x20, 0xff, 0xe8, 0xe8, 0x20, 0xff,
    0xe8, 0xe8, 0x20, 0xff, 0xe8, 0xe4, 0x20, 0xff, 0xe8, 0xe8, 0x20, 0xff,
    0xe8, 0xe8, 0x20, 0xff, 0xe8, 0xe8, 0x20, 0xff, 0xe8, 0xe8, 0x20, 0xff,
    0xe8, 0xe8, 0x20, 0xff, 0xe8, 0xe8, 0x20, 0xff, 0xe8, 0xe8, 0x20, 0xff,
    0xe8, 0xe8, 0x18, 0xff, 0xe8, 0xe4, 0x20, 0xff, 0xe8, 0xe8, 0x20, 0xff,
    0xe8, 0xe8, 0x20, 0xff, 0xe8, 0xe8, 0x20, 0xff, 0xe8, 0xe8, 0x20, 0xff,
    0xe8, 0xe4, 0x20, 0xff, 0xe8, 0xe8, 0x20, 0xff, 0xe8, 0xe8, 0x20, 0xff,
    0xe8, 0xe8, 0x20, 0xff, 0xe8, 0xe8, 0x20, 0xff, 0xe8, 0xe8, 0x20, 0xff,
    0xe8, 0xe8, 0x18, 0xff, 0xe8, 0xe4, 0x20, 0xff, 0xe8, 0xe8, 0x20, 0xff,
    0xe8, 0xe8, 0x20, 0xff, 0xe8, 0xe8, 0x20, 0xff, 0xe8, 0xe8, 0x20, 0xff,
    0xe8, 0xe4, 0x20, 0xff, 0xe8, 0xe8, 0x20, 0xff, 0xe8, 0xe8, 0x20, 0xff,
    0xe8, 0xe8, 0x20, 0xff, 0xe8, 0xe8, 0x20, 0xff, 0xe8, 0xe8, 0x20, 0xff,
    0xe8, 0xe8, 0x18, 0xff, 0xe8, 0xe4, 0x20, 0xff, 0xe8, 0xe8, 0x20, 0xff,
    0xe8, 0xe8, 0x20, 0xff, 0xe8, 0xe8, 0x20, 0xff, 0xe8, 0xe8, 0x20, 0xff,
    0xe8, 0xe4, 0x20, 0xff, 0xe8, 0xe8, 0x20, 0xff, 0xe8, 0xe8, 0x20, 0xff,
    0xe8, 0xe8, 0x20, 0xff, 0xe8, 0xe8, 0x20, 0xff, 0xe8, 0xe8, 0x20, 0xff,
    0xe8, 0xe8, 0x18, 0xff, 0xe8, 0xe4, 0x20, 0xff, 0xe8, 0xe8, 0x20, 0xff,
    0xe8, 0xe8, 0x20, 0xff, 0xe8, 0xe8, 0x20, 0xff, 0xe8, 0xe8, 0x20, 0xff,
    0xe8, 0xe4, 0x20, 0xff, 0xe8, 0xe8, 0x20, 0xff, 0xe8, 0xe8, 0x20, 0xff,
    0xe8, 0xe8, 0x20, 0xff, 0xe8, 0xe8, 0x20, 0xff, 0xe8, 0xe8, 0x20, 0xff,
    0xe8, 0xe8, 0x18, 0xff, 0xe8, 0xe4, 0x20, 0xff, 0xe8, 0xe8, 0x20, 0xff,
    0xe8, 0xe8, 0x20, 0xff, 0xe8, 0xe8, 0x20, 0xff, 0xe8, 0xe8, 0x20, 0xff,
    0xe8, 0xe4, 0x20, 0xff, 0xe8, 0xe8, 0x20, 0xff, 0xe8, 0xe8, 0x20, 0xff,
    0xe8, 0xe8, 0x20, 0xff, 0xe8, 0xe8, 0x20, 0xff, 0xe8, 0xe8, 0x18, 0xff,
    0xe8, 0xe8, 0x20, 0xff, 0xe8, 0xe4, 0x20, 0xff, 0xe8, 0xe8, 0x20, 0xff,
    0xe8, 0xe8, 0x20, 0xff, 0xe8, 0xe4, 0x18, 0xff, 0xe8, 0xe8, 0x18, 0xff,
    0xe8, 0xe8, 0x20, 0xff, 0xe8, 0xe8, 0x18, 0xff, 0xe8, 0xe8, 0x20, 0xff,
    0xe8, 0xe8, 0x18, 0xff, 0xe8, 0xe8, 0x20, 0xff, 0xe0, 0xe8, 0x20, 0xff,
    0xe8, 0xe8, 0x18, 0xff, 0xe8, 0xe8, 0x20, 0xe3, 0xc0, 0xc0, 0x00, 0x04,
    0xe8, 0xe4, 0x18, 0x51, 0xe8, 0xe8, 0x20, 0xff, 0xe8, 0xe8, 0x20, 0xff,
    0xe8, 0xe4, 0x18, 0xff, 0xe0, 0xe8, 0x20, 0xff, 0xe8, 0xe4, 0x20, 0xff,
    0xe8, 0xe8, 0x18, 0xff, 0xe0, 0xe4, 0x20, 0xdf, 0xe0, 0xe4, 0x18, 0x61,
    0xe0, 0xe4, 0x18, 0x41, 0xe8, 0xe8, 0x18, 0x20, 0xe0, 0xe8, 0x18, 0x20,
    0x00, 0x00, 0x00, 0x00, 0x00, 0x00, 0x00, 0x00, 0x00, 0x00, 0x00, 0x00,
    0x00, 0x00, 0x00, 0x00, 0x00, 0x00, 0x00, 0x00, 0x00, 0x00, 0x00, 0x00,
    0x00, 0x00, 0x00, 0x00, 0x00, 0x00, 0x00, 0x00, 0x00, 0x00, 0x00, 0x00,
    0x00, 0x00, 0x00, 0x00, 0x00, 0x00, 0x00, 0x00, 0x00, 0x00, 0x00, 0x00,
    0x00, 0x00, 0x00, 0x00, 0x00, 0x00, 0x00, 0x00, 0x00, 0x00, 0x00, 0x00,
    0x00, 0x00, 0x00, 0x00, 0x00, 0x00, 0x00, 0x00, 0x00, 0x00, 0x00, 0x00,
    0x00, 0x00, 0x00, 0x00, 0x00, 0x00, 0x00, 0x00, 0x00, 0x00, 0x00, 0x00,
    0x00, 0x00, 0x00, 0x00, 0x00, 0x00, 0x00, 0x00, 0x00, 0x00, 0x00, 0x00,
    0x00, 0x00, 0x00, 0x00, 0x00, 0x00, 0x00, 0x00, 0x00, 0x00, 0x00, 0x00,
    0x00, 0x00, 0x00, 0x00, 0x00, 0x00, 0x00, 0x00, 0x00, 0x00, 0x00, 0x00,
    0x00, 0x00, 0x00, 0x00, 0x00, 0x00, 0x00, 0x00, 0x00, 0x00, 0x00, 0x00,
    0x00, 0x00, 0x00, 0x00, 0x00, 0x00, 0x00, 0x00, 0x00, 0x00, 0x00, 0x00,
    0x00, 0x00, 0x00, 0x00, 0x00, 0x00, 0x00, 0x00, 0x00, 0x00, 0x00, 0x00,
    0x00, 0x00, 0x00, 0x00, 0x00, 0x00, 0x00, 0x00, 0x00, 0x00, 0x00, 0x00,
    0x00, 0x00, 0x00, 0x00, 0x00, 0x00, 0x00, 0x00, 0x00, 0x00, 0x00, 0x00,
    0x00, 0x00, 0x00, 0x00, 0x00, 0x00, 0x00, 0x00, 0x00, 0x00, 0x00, 0x00,
    0x00, 0x00, 0x00, 0x00, 0x00, 0x00, 0x00, 0x00, 0x00, 0x00, 0x00, 0x00,
    0x00, 0x00, 0x00, 0x00, 0x00, 0x00, 0x00, 0x00, 0x00, 0x00, 0x00, 0x00,
    0x00, 0x00, 0x00, 0x00, 0x00, 0x00, 0x00, 0x00, 0x00, 0x00, 0x00, 0x00,
    0x00, 0x00, 0x00, 0x00, 0x00, 0x00, 0x00, 0x00, 0x00, 0x00, 0x00, 0x00,
    0x00, 0x00, 0x00, 0x00, 0x00, 0x00, 0x00, 0x00, 0x00, 0x00, 0x00, 0x00,
    0x00, 0x00, 0x00, 0x00, 0x00, 0x00, 0x00, 0x00, 0x00, 0x00, 0x00, 0x00,
    0x00, 0x00, 0x00, 0x00, 0x00, 0x00, 0x00, 0x00, 0x00, 0x00, 0x00, 0x00,
    0x00, 0x00, 0x00, 0x00, 0x00, 0x00, 0x00, 0x00, 0x00, 0x00, 0x00, 0x00,
    0x00, 0x00, 0x00, 0x00, 0x00, 0x00, 0x00, 0x00, 0x00, 0x00, 0x00, 0x00,
    0x00, 0x00, 0x00, 0x00, 0xe0, 0xe8, 0x18, 0x20, 0xe8, 0xe8, 0x18, 0x20,
    0xe0, 0xe4, 0x18, 0x30, 0xe0, 0xe4, 0x20, 0x61, 0xe8, 0xe4, 0x20, 0xdf,
    0xe8, 0xe8, 0x20, 0xff, 0xe8, 0xe4, 0x18, 0xff, 0xe8, 0xe8, 0x20, 0xff,
    0xe8, 0xe4, 0x20, 0xff, 0xe8, 0xe8, 0x20, 0xff, 0xe8, 0xe8, 0x20, 0xff,
    0xe0, 0xe4, 0x18, 0x51, 0xe8, 0xe8, 0x20, 0x92, 0xe8, 0xe8, 0x20, 0xff,
    0xe8, 0xe8, 0x20, 0xff, 0xe8, 0xe8, 0x20, 0xff, 0xe8, 0xe8, 0x20, 0xff,
    0xe8, 0xe8, 0x20, 0xff, 0xe8, 0xe8, 0x20, 0xdf, 0xe8, 0xe4, 0x20, 0x20,
    0x00, 0x00, 0x00, 0x00, 0x00, 0x00, 0x00, 0x00, 0x00, 0x00, 0x00, 0x00,
    0x00, 0x00, 0x00, 0x00, 0x00, 0x00, 0x00, 0x00, 0x00, 0x00, 0x00, 0x00,
    0x00, 0x00, 0x00, 0x00, 0x00, 0x00, 0x00, 0x00, 0x00, 0x00, 0x00, 0x00,
    0x00, 0x00, 0x00, 0x00, 0x00, 0x00, 0x00, 0x00, 0x00, 0x00, 0x00, 0x00,
    0x00, 0x00, 0x00, 0x00, 0x00, 0x00, 0x00, 0x00, 0x00, 0x00, 0x00, 0x00,
    0x00, 0x00, 0x00, 0x00, 0x00, 0x00, 0x00, 0x00, 0x00, 0x00, 0x00, 0x00,
    0x00, 0x00, 0x00, 0x00, 0x00, 0x00, 0x00, 0x00, 0x00, 0x00, 0x00, 0x00,
    0x00, 0x00, 0x00, 0x00, 0x00, 0x00, 0x00, 0x00, 0x00, 0x00, 0x00, 0x00,
    0x00, 0x00, 0x00, 0x00, 0x00, 0x00, 0x00, 0x00, 0x00, 0x00, 0x00, 0x00,
    0x00, 0x00, 0x00, 0x00, 0x00, 0x00, 0x00, 0x00, 0x00, 0x00, 0x00, 0x00,
    0x00, 0x00, 0x00, 0x00, 0x00, 0x00, 0x00, 0x00, 0x00, 0x00, 0x00, 0x00,
    0x00, 0x00, 0x00, 0x00, 0x00, 0x00, 0x00, 0x00, 0x00, 0x00, 0x00, 0x00,
    0x00, 0x00, 0x00, 0x00, 0x00, 0x00, 0x00, 0x00, 0x00, 0x00, 0x00, 0x00,
    0x00, 0x00, 0x00, 0x00, 0x00, 0x00, 0x00, 0x00, 0x00, 0x00, 0x00, 0x00,
    0x00, 0x00, 0x00, 0x00, 0x00, 0x00, 0x00, 0x00, 0x00, 0x00, 0x00, 0x00,
    0x00, 0x00, 0x00, 0x00, 0x00, 0x00, 0x00, 0x00, 0x00, 0x00, 0x00, 0x00,
    0x00, 0x00, 0x00, 0x00, 0x00, 0x00, 0x00, 0x00, 0x00, 0x00, 0x00, 0x00,
    0x00, 0x00, 0x00, 0x00, 0x00, 0x00, 0x00, 0x00, 0x00, 0x00, 0x00, 0x00,
    0x00, 0x00, 0x00, 0x00, 0x00, 0x00, 0x00, 0x00, 0x00, 0x00, 0x00, 0x00,
    0x00, 0x00, 0x00, 0x00, 0x00, 0x00, 0x00, 0x00, 0x00, 0x00, 0x00, 0x00,
    0x00, 0x00, 0x00, 0x00, 0x00, 0x00, 0x00, 0x00, 0x00, 0x00, 0x00, 0x00,
    0x00, 0x00, 0x00, 0x00, 0x00, 0x00, 0x00, 0x00, 0x00, 0x00, 0x00, 0x00,
    0x00, 0x00, 0x00, 0x00, 0x00, 0x00, 0x00, 0x00, 0x00, 0x00, 0x00, 0x00,
    0x00, 0x00, 0x00, 0x00, 0x00, 0x00, 0x00, 0x00, 0x00, 0x00, 0x00, 0x00,
    0x00, 0x00, 0x00, 0x00, 0x00, 0x00, 0x00, 0x00, 0x00, 0x00, 0x00, 0x00,
    0x00, 0x00, 0x00, 0x00, 0x00, 0x00, 0x00, 0x00, 0x00, 0x00, 0x00, 0x00,
    0x00, 0x00, 0x00, 0x00, 0x00, 0x00, 0x00, 0x00, 0x00, 0x00, 0x00, 0x00,
    0x00, 0x00, 0x00, 0x00, 0x00, 0x00, 0x00, 0x00, 0x00, 0x00, 0x00, 0x00,
    0xe8, 0xe8, 0x20, 0x20, 0xe8, 0xe4, 0x20, 0xdf, 0xe0, 0xe8, 0x20, 0xff,
    0xe8, 0xe8, 0x18, 0xff, 0xe8, 0xe4, 0x20, 0xff, 0xe8, 0xe8, 0x20, 0xff,
    0xe8, 0xe8, 0x20, 0xff, 0xe8, 0xe4, 0x18, 0x92, 0xe8, 0xe8, 0x18, 0xbe,
    0xe8, 0xe4, 0x20, 0xff, 0xe8, 0xe8, 0x18, 0xff, 0xe8, 0xe8, 0x20, 0xff,
    0xe8, 0xe4, 0x18, 0xff, 0xe8, 0xe8, 0x20, 0xff, 0xe0, 0xe4, 0x18, 0x61,
    0x00, 0x00, 0x00, 0x00, 0x00, 0x00, 0x00, 0x00, 0x00, 0x00, 0x00, 0x00,
    0x00, 0x00, 0x00, 0x00, 0x00, 0x00, 0x00, 0x00, 0x00, 0x00, 0x00, 0x00,
    0x00, 0x00, 0x00, 0x00, 0x00, 0x00, 0x00, 0x00, 0x00, 0x00, 0x00, 0x00,
    0x00, 0x00, 0x00, 0x00, 0x00, 0x00, 0x00, 0x00, 0x00, 0x00, 0x00, 0x00,
    0x00, 0x00, 0x00, 0x00, 0x00, 0x00, 0x00, 0x00, 0x00, 0x00, 0x00, 0x00,
    0x00, 0x00, 0x00, 0x00, 0x00, 0x00, 0x00, 0x00, 0x00, 0x00, 0x00, 0x00,
    0x00, 0x00, 0x00, 0x00, 0x00, 0x00, 0x00, 0x00, 0x00, 0x00, 0x00, 0x00,
    0x00, 0x00, 0x00, 0x00, 0x00, 0x00, 0x00, 0x00, 0x00, 0x00, 0x00, 0x00,
    0x00, 0x00, 0x00, 0x00, 0x00, 0x00, 0x00, 0x00, 0x00, 0x00, 0x00, 0x00,
    0x00, 0x00, 0x00, 0x00, 0x00, 0x00, 0x00, 0x00, 0x00, 0x00, 0x00, 0x00,
    0x00, 0x00, 0x00, 0x00, 0x00, 0x00, 0x00, 0x00, 0x00, 0x00, 0x00, 0x00,
    0x00, 0x00, 0x00, 0x00, 0x00, 0x00, 0x00, 0x00, 0x00, 0x00, 0x00, 0x00,
    0x00, 0x00, 0x00, 0x00, 0x00, 0x00, 0x00, 0x00, 0x00, 0x00, 0x00, 0x00,
    0x00, 0x00, 0x00, 0x00, 0x00, 0x00, 0x00, 0x00, 0x00, 0x00, 0x00, 0x00,
    0x00, 0x00, 0x00, 0x00, 0x00, 0x00, 0x00, 0x00, 0x00, 0x00, 0x00, 0x00,
    0x00, 0x00, 0x00, 0x00, 0x00, 0x00, 0x00, 0x00, 0x00, 0x00, 0x00, 0x00,
    0x00, 0x00, 0x00, 0x00, 0x00, 0x00, 0x00, 0x00, 0x00, 0x00, 0x00, 0x00,
    0x00, 0x00, 0x00, 0x00, 0x00, 0x00, 0x00, 0x00, 0x00, 0x00, 0x00, 0x00,
    0x00, 0x00, 0x00, 0x00, 0x00, 0x00, 0x00, 0x00, 0x00, 0x00, 0x00, 0x00,
    0x00, 0x00, 0x00, 0x00, 0x00, 0x00, 0x00, 0x00, 0x00, 0x00, 0x00, 0x00,
    0x00, 0x00, 0x00, 0x00, 0x00, 0x00, 0x00, 0x00, 0x00, 0x00, 0x00, 0x00,
    0x00, 0x00, 0x00, 0x00, 0x00, 0x00, 0x00, 0x00, 0x00, 0x00, 0x00, 0x00,
    0x00, 0x00, 0x00, 0x00, 0x00, 0x00, 0x00, 0x00, 0x00, 0x00, 0x00, 0x00,
    0x00, 0x00, 0x00, 0x00, 0x00, 0x00, 0x00, 0x00, 0x00, 0x00, 0x00, 0x00,
    0x00, 0x00, 0x00, 0x00, 0x00, 0x00, 0x00, 0x00, 0x00, 0x00, 0x00, 0x00,
    0x00, 0x00, 0x00, 0x00, 0x00, 0x00, 0x00, 0x00, 0x00, 0x00, 0x00, 0x00,
    0x00, 0x00, 0x00, 0x00, 0x00, 0x00, 0x00, 0x00, 0x00, 0x00, 0x00, 0x00,
    0x00, 0x00, 0x00, 0x00, 0x00, 0x00, 0x00, 0x00, 0x00, 0x00, 0x00, 0x00,
    0x00, 0x00, 0x00, 0x00, 0x00, 0x00, 0x00, 0x00, 0xe0, 0xe4, 0x18, 0x61,
    0xe8, 0xe8, 0x20, 0xff, 0xe8, 0xe8, 0x20, 0xff, 0xe8, 0xe8, 0x18, 0xff,
    0xe0, 0xe8, 0x20, 0xff, 0xe8, 0xe8, 0x20, 0xff, 0xe8, 0xe8, 0x20, 0xbe,
    0xe8, 0xe8, 0x20, 0xdf, 0xe8, 0xe8, 0x20, 0xff, 0xe0, 0xe4, 0x20, 0xff,
    0xe8, 0xe8, 0x18, 0xff, 0xe8, 0xe8, 0x20, 0xff, 0xe8, 0xe4, 0x20, 0xff,
    0xe0, 0xe4, 0x18, 0x30, 0x00, 0x00, 0x00, 0x00, 0x00, 0x00, 0x00, 0x00,
    0x00, 0x00, 0x00, 0x00, 0x00, 0x00, 0x00, 0x00, 0x00, 0x00, 0x00, 0x00,
    0x00, 0x00, 0x00, 0x00, 0x00, 0x00, 0x00, 0x00, 0x00, 0x00, 0x00, 0x00,
    0x00, 0x00, 0x00, 0x00, 0x00, 0x00, 0x00, 0x00, 0x00, 0x00, 0x00, 0x00,
    0x00, 0x00, 0x00, 0x00, 0x00, 0x00, 0x00, 0x00, 0x00, 0x00, 0x00, 0x00,
    0x00, 0x00, 0x00, 0x00, 0x00, 0x00, 0x00, 0x00, 0x00, 0x00, 0x00, 0x00,
    0x00, 0x00, 0x00, 0x00, 0x00, 0x00, 0x00, 0x00, 0x00, 0x00, 0x00, 0x00,
    0x00, 0x00, 0x00, 0x00, 0x00, 0x00, 0x00, 0x00, 0x00, 0x00, 0x00, 0x00,
    0x00, 0x00, 0x00, 0x00, 0x00, 0x00, 0x00, 0x00, 0x00, 0x00, 0x00, 0x00,
    0x00, 0x00, 0x00, 0x00, 0x00, 0x00, 0x00, 0x00, 0x00, 0x00, 0x00, 0x00,
    0x00, 0x00, 0x00, 0x00, 0x00, 0x00, 0x00, 0x00, 0x00, 0x00, 0x00, 0x00,
    0x00, 0x00, 0x00, 0x00, 0x00, 0x00, 0x00, 0x00, 0x00, 0x00, 0x00, 0x00,
    0x00, 0x00, 0x00, 0x00, 0x00, 0x00, 0x00, 0x00, 0x00, 0x00, 0x00, 0x00,
    0x00, 0x00, 0x00, 0x00, 0x00, 0x00, 0x00, 0x00, 0x00, 0x00, 0x00, 0x00,
    0x00, 0x00, 0x00, 0x00, 0x00, 0x00, 0x00, 0x00, 0x00, 0x00, 0x00, 0x00,
    0x00, 0x00, 0x00, 0x00, 0x00, 0x00, 0x00, 0x00, 0x00, 0x00, 0x00, 0x00,
    0x00, 0x00, 0x00, 0x00, 0x00, 0x00, 0x00, 0x00, 0x00, 0x00, 0x00, 0x00,
    0x00, 0x00, 0x00, 0x00, 0x00, 0x00, 0x00, 0x00, 0x00, 0x00, 0x00, 0x00,
    0x00, 0x00, 0x00, 0x00, 0x00, 0x00, 0x00, 0x00, 0x00, 0x00, 0x00, 0x00,
    0x00, 0x00, 0x00, 0x00, 0x00, 0x00, 0x00, 0x00, 0x00, 0x00, 0x00, 0x00,
    0x00, 0x00, 0x00, 0x00, 0x00, 0x00, 0x00, 0x00, 0x00, 0x00, 0x00, 0x00,
    0x00, 0x00, 0x00, 0x00, 0x00, 0x00, 0x00, 0x00, 0x00, 0x00, 0x00, 0x00,
    0x00, 0x00, 0x00, 0x00, 0x00, 0x00, 0x00, 0x00, 0x00, 0x00, 0x00, 0x00,
    0x00, 0x00, 0x00, 0x00, 0x00, 0x00, 0x00, 0x00, 0x00, 0x00, 0x00, 0x00,
    0x00, 0x00, 0x00, 0x00, 0x00, 0x00, 0x00, 0x00, 0x00, 0x00, 0x00, 0x00,
    0x00, 0x00, 0x00, 0x00, 0x00, 0x00, 0x00, 0x00, 0x00, 0x00, 0x00, 0x00,
    0x00, 0x00, 0x00, 0x00, 0x00, 0x00, 0x00, 0x00, 0x00, 0x00, 0x00, 0x00,
    0x00, 0x00, 0x00, 0x00, 0x00, 0x00, 0x00, 0x00, 0x00, 0x00, 0x00, 0x00,
    0x00, 0x00, 0x00, 0x00, 0x00, 0x00, 0x00, 0x00, 0x00, 0x00, 0x00, 0x00,
    0xe0, 0xe4, 0x18, 0x41, 0xe8, 0xe8, 0x20, 0xff, 0xe8, 0xe4, 0x20, 0xff,
    0xe8, 0xe8, 0x20, 0xff, 0xe8, 0xe4, 0x18, 0xff, 0xe8, 0xe8, 0x20, 0xff,
    0xe8, 0xe8, 0x20, 0xdf, 0xe8, 0xe8, 0x20, 0xeb, 0xe8, 0xe8, 0x20, 0xff,
    0xe8, 0xe8, 0x20, 0xff, 0xe8, 0xe8, 0x20, 0xff, 0xe8, 0xe8, 0x20, 0xff,
    0xe8, 0xe8, 0x20, 0xff, 0xe8, 0xe8, 0x18, 0x20, 0x00, 0x00, 0x00, 0x00,
    0x00, 0x00, 0x00, 0x00, 0x00, 0x00, 0x00, 0x00, 0x00, 0x00, 0x00, 0x00,
    0x00, 0x00, 0x00, 0x00, 0x00, 0x00, 0x00, 0x00, 0x00, 0x00, 0x00, 0x00,
    0x00, 0x00, 0x00, 0x00, 0x00, 0x00, 0x00, 0x00, 0x00, 0x00, 0x00, 0x00,
    0x00, 0x00, 0x00, 0x00, 0x00, 0x00, 0x00, 0x00, 0x00, 0x00, 0x00, 0x00,
    0x00, 0x00, 0x00, 0x00, 0x00, 0x00, 0x00, 0x00, 0x00, 0x00, 0x00, 0x00,
    0x00, 0x00, 0x00, 0x00, 0x00, 0x00, 0x00, 0x00, 0x00, 0x00, 0x00, 0x00,
    0x00, 0x00, 0x00, 0x00, 0x00, 0x00, 0x00, 0x00, 0x00, 0x00, 0x00, 0x00,
    0x00, 0x00, 0x00, 0x00, 0x00, 0x00, 0x00, 0x00, 0x00, 0x00, 0x00, 0x00,
    0x00, 0x00, 0x00, 0x00, 0x00, 0x00, 0x00, 0x00, 0x00, 0x00, 0x00, 0x00,
    0x00, 0x00, 0x00, 0x00, 0x00, 0x00, 0x00, 0x00, 0x00, 0x00, 0x00, 0x00,
    0x00, 0x00, 0x00, 0x00, 0x00, 0x00, 0x00, 0x00, 0x00, 0x00, 0x00, 0x00,
    0x00, 0x00, 0x00, 0x00, 0x00, 0x00, 0x00, 0x00, 0x00, 0x00, 0x00, 0x00,
    0x00, 0x00, 0x00, 0x00, 0x00, 0x00, 0x00, 0x00, 0x00, 0x00, 0x00, 0x00,
    0x00, 0x00, 0x00, 0x00, 0x00, 0x00, 0x00, 0x00, 0x00, 0x00, 0x00, 0x00,
    0x00, 0x00, 0x00, 0x00, 0x00, 0x00, 0x00, 0x00, 0x00, 0x00, 0x00, 0x00,
    0x00, 0x00, 0x00, 0x00, 0x00, 0x00, 0x00, 0x00, 0x00, 0x00, 0x00, 0x00,
    0x00, 0x00, 0x00, 0x00, 0x00, 0x00, 0x00, 0x00, 0x00, 0x00, 0x00, 0x00,
    0x00, 0x00, 0x00, 0x00, 0x00, 0x00, 0x00, 0x00, 0x00, 0x00, 0x00, 0x00,
    0x00, 0x00, 0x00, 0x00, 0x00, 0x00, 0x00, 0x00, 0x00, 0x00, 0x00, 0x00,
    0x00, 0x00, 0x00, 0x00, 0x00, 0x00, 0x00, 0x00, 0x00, 0x00, 0x00, 0x00,
    0x00, 0x00, 0x00, 0x00, 0x00, 0x00, 0x00, 0x00, 0x00, 0x00, 0x00, 0x00,
    0x00, 0x00, 0x00, 0x00, 0x00, 0x00, 0x00, 0x00, 0x00, 0x00, 0x00, 0x00,
    0x00, 0x00, 0x00, 0x00, 0x00, 0x00, 0x00, 0x00, 0x00, 0x00, 0x00, 0x00,
    0x00, 0x00, 0x00, 0x00, 0x00, 0x00, 0x00, 0x00, 0x00, 0x00, 0x00, 0x00,
    0x00, 0x00, 0x00, 0x00, 0x00, 0x00, 0x00, 0x00, 0x00, 0x00, 0x00, 0x00,
    0x00, 0x00, 0x00, 0x00, 0x00, 0x00, 0x00, 0x00, 0x00, 0x00, 0x00, 0x00,
    0x00, 0x00, 0x00, 0x00, 0x00, 0x00, 0x00, 0x00, 0x00, 0x00, 0x00, 0x00,
    0x00, 0x00, 0x00, 0x00, 0x00, 0x00, 0x00, 0x00, 0x00, 0x00, 0x00, 0x00,
    0x00, 0x00, 0x00, 0x00, 0xe8, 0xe8, 0x18, 0x20, 0xe8, 0xe4, 0x20, 0xff,
    0xe8, 0xe8, 0x20, 0xff, 0xe8, 0xe8, 0x20, 0xff, 0xe8, 0xe8, 0x20, 0xff,
    0xe8, 0xe4, 0x18, 0xff, 0xe8, 0xe8, 0x20, 0xe3, 0xe8, 0xe4, 0x20, 0xff,
    0xe8, 0xe8, 0x18, 0xff, 0xe8, 0xe4, 0x20, 0xff, 0xe0, 0xe8, 0x20, 0xff,
    0xe8, 0xe4, 0x18, 0xff, 0xe8, 0xe8, 0x20, 0xff, 0xe8, 0xe8, 0x18, 0x20,
    0x00, 0x00, 0x00, 0x00, 0x00, 0x00, 0x00, 0x00, 0x00, 0x00, 0x00, 0x00,
    0x00, 0x00, 0x00, 0x00, 0x00, 0x00, 0x00, 0x00, 0x00, 0x00, 0x00, 0x00,
    0x00, 0x00, 0x00, 0x00, 0x00, 0x00, 0x00, 0x00, 0x00, 0x00, 0x00, 0x00,
    0x00, 0x00, 0x00, 0x00, 0x00, 0x00, 0x00, 0x00, 0x00, 0x00, 0x00, 0x00,
    0x00, 0x00, 0x00, 0x00, 0x00, 0x00, 0x00, 0x00, 0x00, 0x00, 0x00, 0x00,
    0x00, 0x00, 0x00, 0x00, 0x00, 0x00, 0x00, 0x00, 0x00, 0x00, 0x00, 0x00,
    0x00, 0x00, 0x00, 0x00, 0x00, 0x00, 0x00, 0x00, 0x00, 0x00, 0x00, 0x00,
    0x00, 0x00, 0x00, 0x00, 0x00, 0x00, 0x00, 0x00, 0x00, 0x00, 0x00, 0x00,
    0x00, 0x00, 0x00, 0x00, 0x00, 0x00, 0x00, 0x00, 0x00, 0x00, 0x00, 0x00,
    0x00, 0x00, 0x00, 0x00, 0x00, 0x00, 0x00, 0x00, 0x00, 0x00, 0x00, 0x00,
    0x00, 0x00, 0x00, 0x00, 0x00, 0x00, 0x00, 0x00, 0x00, 0x00, 0x00, 0x00,
    0x00, 0x00, 0x00, 0x00, 0x00, 0x00, 0x00, 0x00, 0x00, 0x00, 0x00, 0x00,
    0x00, 0x00, 0x00, 0x00, 0x00, 0x00, 0x00, 0x00, 0x00, 0x00, 0x00, 0x00,
    0x00, 0x00, 0x00, 0x00, 0x00, 0x00, 0x00, 0x00, 0x00, 0x00, 0x00, 0x00,
    0x00, 0x00, 0x00, 0x00, 0x00, 0x00, 0x00, 0x00, 0x00, 0x00, 0x00, 0x00,
    0x00, 0x00, 0x00, 0x00, 0x00, 0x00, 0x00, 0x00, 0x00, 0x00, 0x00, 0x00,
    0x00, 0x00, 0x00, 0x00, 0x00, 0x00, 0x00, 0x00, 0x00, 0x00, 0x00, 0x00,
    0x00, 0x00, 0x00, 0x00, 0x00, 0x00, 0x00, 0x00, 0x00, 0x00, 0x00, 0x00,
    0x00, 0x00, 0x00, 0x00, 0x00, 0x00, 0x00, 0x00, 0x00, 0x00, 0x00, 0x00,
    0x00, 0x00, 0x00, 0x00, 0x00, 0x00, 0x00, 0x00, 0x00, 0x00, 0x00, 0x00,
    0x00, 0x00, 0x00, 0x00, 0x00, 0x00, 0x00, 0x00, 0x00, 0x00, 0x00, 0x00,
    0x00, 0x00, 0x00, 0x00, 0x00, 0x00, 0x00, 0x00, 0x00, 0x00, 0x00, 0x00,
    0x00, 0x00, 0x00, 0x00, 0x00, 0x00, 0x00, 0x00, 0x00, 0x00, 0x00, 0x00,
    0x00, 0x00, 0x00, 0x00, 0x00, 0x00, 0x00, 0x00, 0x00, 0x00, 0x00, 0x00,
    0x00, 0x00, 0x00, 0x00, 0x00, 0x00, 0x00, 0x00, 0x00, 0x00, 0x00, 0x00,
    0x00, 0x00, 0x00, 0x00, 0x00, 0x00, 0x00, 0x00, 0x00, 0x00, 0x00, 0x00,
    0x00, 0x00, 0x00, 0x00, 0x00, 0x00, 0x00, 0x00, 0x00, 0x00, 0x00, 0x00,
    0x00, 0x00, 0x00, 0x00, 0x00, 0x00, 0x00, 0x00, 0x00, 0x00, 0x00, 0x00,
    0x00, 0x00, 0x00, 0x00, 0x00, 0x00, 0x00, 0x00, 0xe8, 0xe8, 0x18, 0x20,
    0xe8, 0xe8, 0x20, 0xff, 0xe8, 0xe8, 0x18, 0xff, 0xe0, 0xe8, 0x20, 0xff,
    0xe8, 0xe8, 0x20, 0xff, 0xe8, 0xe8, 0x20, 0xff, 0xe8, 0xe4, 0x20, 0xff,
    0xe8, 0xe8, 0x20, 0xff, 0xe8, 0xe8, 0x20, 0xff, 0xe8, 0xe8, 0x18, 0xff,
    0xe8, 0xe4, 0x20, 0xff, 0xe8, 0xe8, 0x20, 0xff, 0xe8, 0xe8, 0x18, 0xff,
    0x00, 0x00, 0x00, 0x00, 0x00, 0x00, 0x00, 0x00, 0x00, 0x00, 0x00, 0x00,
    0x00, 0x00, 0x00, 0x00, 0x00, 0x00, 0x00, 0x00, 0x00, 0x00, 0x00, 0x00,
    0x00, 0x00, 0x00, 0x00, 0x00, 0x00, 0x00, 0x00, 0x00, 0x00, 0x00, 0x00,
    0x00, 0x00, 0x00, 0x00, 0x00, 0x00, 0x00, 0x00, 0x00, 0x00, 0x00, 0x00,
    0x00, 0x00, 0x00, 0x00, 0x00, 0x00, 0x00, 0x00, 0x00, 0x00, 0x00, 0x00,
    0x00, 0x00, 0x00, 0x00, 0x00, 0x00, 0x00, 0x00, 0x00, 0x00, 0x00, 0x00,
    0x00, 0x00, 0x00, 0x00, 0x00, 0x00, 0x00, 0x00, 0x00, 0x00, 0x00, 0x00,
    0x00, 0x00, 0x00, 0x00, 0x00, 0x00, 0x00, 0x00, 0x00, 0x00, 0x00, 0x00,
    0x00, 0x00, 0x00, 0x00, 0x00, 0x00, 0x00, 0x00, 0x00, 0x00, 0x00, 0x00,
    0x00, 0x00, 0x00, 0x00, 0x00, 0x00, 0x00, 0x00, 0x00, 0x00, 0x00, 0x00,
    0x00, 0x00, 0x00, 0x00, 0x00, 0x00, 0x00, 0x00, 0x00, 0x00, 0x00, 0x00,
    0x00, 0x00, 0x00, 0x00, 0x00, 0x00, 0x00, 0x00, 0x00, 0x00, 0x00, 0x00,
    0x00, 0x00, 0x00, 0x00, 0x00, 0x00, 0x00, 0x00, 0x00, 0x00, 0x00, 0x00,
    0x00, 0x00, 0x00, 0x00, 0x00, 0x00, 0x00, 0x00, 0x00, 0x00, 0x00, 0x00,
    0x00, 0x00, 0x00, 0x00, 0x00, 0x00, 0x00, 0x00, 0x00, 0x00, 0x00, 0x00,
    0x00, 0x00, 0x00, 0x00, 0x00, 0x00, 0x00, 0x00, 0x00, 0x00, 0x00, 0x00,
    0x00, 0x00, 0x00, 0x00, 0x00, 0x00, 0x00, 0x00, 0x00, 0x00, 0x00, 0x00,
    0x00, 0x00, 0x00, 0x00, 0x00, 0x00, 0x00, 0x00, 0x00, 0x00, 0x00, 0x00,
    0x00, 0x00, 0x00, 0x00, 0x00, 0x00, 0x00, 0x00, 0x00, 0x00, 0x00, 0x00,
    0x00, 0x00, 0x00, 0x00, 0x00, 0x00, 0x00, 0x00, 0x00, 0x00, 0x00, 0x00,
    0x00, 0x00, 0x00, 0x00, 0x00, 0x00, 0x00, 0x00, 0x00, 0x00, 0x00, 0x00,
    0x00, 0x00, 0x00, 0x00, 0x00, 0x00, 0x00, 0x00, 0x00, 0x00, 0x00, 0x00,
    0x00, 0x00, 0x00, 0x00, 0x00, 0x00, 0x00, 0x00, 0x00, 0x00, 0x00, 0x00,
    0x00, 0x00, 0x00, 0x00, 0x00, 0x00, 0x00, 0x00, 0x00, 0x00, 0x00, 0x00,
    0x00, 0x00, 0x00, 0x00, 0x00, 0x00, 0x00, 0x00, 0x00, 0x00, 0x00, 0x00,
    0x00, 0x00, 0x00, 0x00, 0x00, 0x00, 0x00, 0x00, 0x00, 0x00, 0x00, 0x00,
    0x00, 0x00, 0x00, 0x00, 0x00, 0x00, 0x00, 0x00, 0x00, 0x00, 0x00, 0x00,
    0x00, 0x00, 0x00, 0x00, 0x00, 0x00, 0x00, 0x00, 0x00, 0x00, 0x00, 0x00,
    0x00, 0x00, 0x00, 0x00, 0x00, 0x00, 0x00, 0x00, 0x00, 0x00, 0x00, 0x00,
    0x00, 0x00, 0x00, 0x00, 0xe8, 0xe4, 0x20, 0xff, 0xe8, 0xe8, 0x20, 0xff,
    0xe8, 0xe4, 0x18, 0xff, 0xe8, 0xe8, 0x20, 0xff, 0xe8, 0xe8, 0x20, 0xff,
    0xe8, 0xe8, 0x18, 0xff, 0xe8, 0xe8, 0x20, 0xff, 0xe8, 0xe8, 0x20, 0xff,
    0xe8, 0xe8, 0x20, 0xff, 0xe8, 0xe8, 0x20, 0xff, 0xe8, 0xe8, 0x20, 0xff,
    0xe0, 0xe4, 0x20, 0xff, 0x00, 0x00, 0x00, 0x00, 0x00, 0x00, 0x00, 0x00,
    0x00, 0x00, 0x00, 0x00, 0x00, 0x00, 0x00, 0x00, 0x00, 0x00, 0x00, 0x00,
    0x00, 0x00, 0x00, 0x00, 0x00, 0x00, 0x00, 0x00, 0x00, 0x00, 0x00, 0x00,
    0x00, 0x00, 0x00, 0x00, 0x00, 0x00, 0x00, 0x00, 0x00, 0x00, 0x00, 0x00,
    0x00, 0x00, 0x00, 0x00, 0x00, 0x00, 0x00, 0x00, 0x00, 0x00, 0x00, 0x00,
    0x00, 0x00, 0x00, 0x00, 0x00, 0x00, 0x00, 0x00, 0x00, 0x00, 0x00, 0x00,
    0x00, 0x00, 0x00, 0x00, 0x00, 0x00, 0x00, 0x00, 0x00, 0x00, 0x00, 0x00,
    0x00, 0x00, 0x00, 0x00, 0x00, 0x00, 0x00, 0x00, 0x00, 0x00, 0x00, 0x00,
    0x00, 0x00, 0x00, 0x00, 0x00, 0x00, 0x00, 0x00, 0x00, 0x00, 0x00, 0x00,
    0x00, 0x00, 0x00, 0x00, 0x00, 0x00, 0x00, 0x00, 0x00, 0x00, 0x00, 0x00,
    0x00, 0x00, 0x00, 0x00, 0x00, 0x00, 0x00, 0x00, 0x00, 0x00, 0x00, 0x00,
    0x00, 0x00, 0x00, 0x00, 0x00, 0x00, 0x00, 0x00, 0x00, 0x00, 0x00, 0x00,
    0x00, 0x00, 0x00, 0x00, 0x00, 0x00, 0x00, 0x00, 0x00, 0x00, 0x00, 0x00,
    0x00, 0x00, 0x00, 0x00, 0x00, 0x00, 0x00, 0x00, 0x00, 0x00, 0x00, 0x00,
    0x00, 0x00, 0x00, 0x00, 0x00, 0x00, 0x00, 0x00, 0x00, 0x00, 0x00, 0x00,
    0x00, 0x00, 0x00, 0x00, 0x00, 0x00, 0x00, 0x00, 0x00, 0x00, 0x00, 0x00,
    0x00, 0x00, 0x00, 0x00, 0x00, 0x00, 0x00, 0x00, 0x00, 0x00, 0x00, 0x00,
    0x00, 0x00, 0x00, 0x00, 0x00, 0x00, 0x00, 0x00, 0x00, 0x00, 0x00, 0x00,
    0x00, 0x00, 0x00, 0x00, 0x00, 0x00, 0x00, 0x00, 0x00, 0x00, 0x00, 0x00,
    0x00, 0x00, 0x00, 0x00, 0x00, 0x00, 0x00, 0x00, 0x00, 0x00, 0x00, 0x00,
    0x00, 0x00, 0x00, 0x00, 0x00, 0x00, 0x00, 0x00, 0x00, 0x00, 0x00, 0x00,
    0x00, 0x00, 0x00, 0x00, 0x00, 0x00, 0x00, 0x00, 0x00, 0x00, 0x00, 0x00,
    0x00, 0x00, 0x00, 0x00, 0x00, 0x00, 0x00, 0x00, 0x00, 0x00, 0x00, 0x00,
    0x00, 0x00, 0x00, 0x00, 0x00, 0x00, 0x00, 0x00, 0x00, 0x00, 0x00, 0x00,
    0x00, 0x00, 0x00, 0x00, 0x00, 0x00, 0x00, 0x00, 0x00, 0x00, 0x00, 0x00,
    0x00, 0x00, 0x00, 0x00, 0x00, 0x00, 0x00, 0x00, 0x00, 0x00, 0x00, 0x00,
    0x00, 0x00, 0x00, 0x00, 0x00, 0x00, 0x00, 0x00, 0x00, 0x00, 0x00, 0x00,
    0x00, 0x00, 0x00, 0x00, 0x00, 0x00, 0x00, 0x00, 0x00, 0x00, 0x00, 0x00,
    0x00, 0x00, 0x00, 0x00, 0x00, 0x00, 0x00, 0x00, 0x00, 0x00, 0x00, 0x00,
    0x00, 0x00, 0x00, 0x00, 0x00, 0x00, 0x00, 0x00, 0xe8, 0xe8, 0x20, 0xff,
    0xe8, 0xe4, 0x20, 0xff, 0xe8, 0xe8, 0x18, 0xff, 0xe8, 0xe8, 0x20, 0xff,
    0xe0, 0xe4, 0x20, 0xff, 0xe8, 0xe8, 0x20, 0xff, 0xe8, 0xe4, 0x20, 0xff,
    0xe8, 0xe8, 0x18, 0xff, 0xe0, 0xe4, 0x20, 0xff, 0xe8, 0xe8, 0x18, 0xff,
    0xe8, 0xe8, 0x20, 0xff, 0xe8, 0xe8, 0x20, 0xff, 0x00, 0x00, 0x00, 0x00,
    0x00, 0x00, 0x00, 0x00, 0x00, 0x00, 0x00, 0x00, 0x00, 0x00, 0x00, 0x00,
    0x00, 0x00, 0x00, 0x00, 0x00, 0x00, 0x00, 0x00, 0x00, 0x00, 0x00, 0x00,
    0x00, 0x00, 0x00, 0x00, 0x00, 0x00, 0x00, 0x00, 0x00, 0x00, 0x00, 0x00,
    0x00, 0x00, 0x00, 0x00, 0x00, 0x00, 0x00, 0x00, 0x00, 0x00, 0x00, 0x00,
    0x00, 0x00, 0x00, 0x00, 0x00, 0x00, 0x00, 0x00, 0x00, 0x00, 0x00, 0x00,
    0x00, 0x00, 0x00, 0x00, 0x00, 0x00, 0x00, 0x00, 0x00, 0x00, 0x00, 0x00,
    0x00, 0x00, 0x00, 0x00, 0x00, 0x00, 0x00, 0x00, 0x00, 0x00, 0x00, 0x00,
    0x00, 0x00, 0x00, 0x00, 0x00, 0x00, 0x00, 0x00, 0x00, 0x00, 0x00, 0x00,
    0x00, 0x00, 0x00, 0x00, 0x00, 0x00, 0x00, 0x00, 0x00, 0x00, 0x00, 0x00,
    0x00, 0x00, 0x00, 0x00, 0x00, 0x00, 0x00, 0x00, 0x00, 0x00, 0x00, 0x00,
    0x00, 0x00, 0x00, 0x00, 0x00, 0x00, 0x00, 0x00, 0x00, 0x00, 0x00, 0x00,
    0x00, 0x00, 0x00, 0x00, 0x00, 0x00, 0x00, 0x00, 0x00, 0x00, 0x00, 0x00,
    0x00, 0x00, 0x00, 0x00, 0x00, 0x00, 0x00, 0x00, 0x00, 0x00, 0x00, 0x00,
    0x00, 0x00, 0x00, 0x00, 0x00, 0x00, 0x00, 0x00, 0x00, 0x00, 0x00, 0x00,
    0x00, 0x00, 0x00, 0x00, 0x00, 0x00, 0x00, 0x00, 0x00, 0x00, 0x00, 0x00,
    0x00, 0x00, 0x00, 0x00, 0x00, 0x00, 0x00, 0x00, 0x00, 0x00, 0x00, 0x00,
    0x00, 0x00, 0x00, 0x00, 0x00, 0x00, 0x00, 0x00, 0x00, 0x00, 0x00, 0x00,
    0x00, 0x00, 0x00, 0x00, 0x00, 0x00, 0x00, 0x00, 0x00, 0x00, 0x00, 0x00,
    0x00, 0x00, 0x00, 0x00, 0x00, 0x00, 0x00, 0x00, 0x00, 0x00, 0x00, 0x00,
    0x00, 0x00, 0x00, 0x00, 0x00, 0x00, 0x00, 0x00, 0x00, 0x00, 0x00, 0x00,
    0x00, 0x00, 0x00, 0x00, 0x00, 0x00, 0x00, 0x00, 0x00, 0x00, 0x00, 0x00,
    0x00, 0x00, 0x00, 0x00, 0x00, 0x00, 0x00, 0x00, 0x00, 0x00, 0x00, 0x00,
    0x00, 0x00, 0x00, 0x00, 0x00, 0x00, 0x00, 0x00, 0x00, 0x00, 0x00, 0x00,
    0x00, 0x00, 0x00, 0x00, 0x00, 0x00, 0x00, 0x00, 0x00, 0x00, 0x00, 0x00,
    0x00, 0x00, 0x00, 0x00, 0x00, 0x00, 0x00, 0x00, 0x00, 0x00, 0x00, 0x00,
    0x00, 0x00, 0x00, 0x00, 0x00, 0x00, 0x00, 0x00, 0x00, 0x00, 0x00, 0x00,
    0x00, 0x00, 0x00, 0x00, 0x00, 0x00, 0x00, 0x00, 0x00, 0x00, 0x00, 0x00,
    0x00, 0x00, 0x00, 0x00, 0x00, 0x00, 0x00, 0x00, 0x00, 0x00, 0x00, 0x00,
    0x00, 0x00, 0x00, 0x00, 0x00, 0x00, 0x00, 0x00, 0x00, 0x00, 0x00, 0x00,
    0xe8, 0xe8, 0x20, 0xff, 0xe0, 0xe8, 0x18, 0xff, 0xe8, 0xe8, 0x20, 0xff,
    0xe8, 0xe8, 0x20, 0xff, 0xe8, 0xe4, 0x18, 0xff, 0xe8, 0xe8, 0x20, 0xff,
    0xe8, 0xe8, 0x20, 0xff, 0xe8, 0xe8, 0x20, 0xff, 0xe8, 0xe8, 0x18, 0xff,
    0xe8, 0xe4, 0x20, 0xff, 0xe8, 0xe8, 0x20, 0xff, 0xe8, 0xe8, 0x18, 0xff,
    0x00, 0x00, 0x00, 0x00, 0x00, 0x00, 0x00, 0x00, 0x00, 0x00, 0x00, 0x00,
    0x00, 0x00, 0x00, 0x00, 0x00, 0x00, 0x00, 0x00, 0x00, 0x00, 0x00, 0x00,
    0x00, 0x00, 0x00, 0x00, 0x00, 0x00, 0x00, 0x00, 0x00, 0x00, 0x00, 0x00,
    0x00, 0x00, 0x00, 0x00, 0x00, 0x00, 0x00, 0x00, 0x00, 0x00, 0x00, 0x00,
    0x00, 0x00, 0x00, 0x00, 0x00, 0x00, 0x00, 0x00, 0x00, 0x00, 0x00, 0x00,
    0x00, 0x00, 0x00, 0x00, 0x00, 0x00, 0x00, 0x00, 0x00, 0x00, 0x00, 0x00,
    0x00, 0x00, 0x00, 0x00, 0x00, 0x00, 0x00, 0x00, 0x00, 0x00, 0x00, 0x00,
    0x00, 0x00, 0x00, 0x00, 0x00, 0x00, 0x00, 0x00, 0x00, 0x00, 0x00, 0x00,
    0x00, 0x00, 0x00, 0x00, 0x00, 0x00, 0x00, 0x00, 0x00, 0x00, 0x00, 0x00,
    0x00, 0x00, 0x00, 0x00, 0x00, 0x00, 0x00, 0x00, 0x00, 0x00, 0x00, 0x00,
    0x00, 0x00, 0x00, 0x00, 0x00, 0x00, 0x00, 0x00, 0x00, 0x00, 0x00, 0x00,
    0x00, 0x00, 0x00, 0x00, 0x00, 0x00, 0x00, 0x00, 0x00, 0x00, 0x00, 0x00,
    0x00, 0x00, 0x00, 0x00, 0x00, 0x00, 0x00, 0x00, 0x00, 0x00, 0x00, 0x00,
    0x00, 0x00, 0x00, 0x00, 0x00, 0x00, 0x00, 0x00, 0x00, 0x00, 0x00, 0x00,
    0x00, 0x00, 0x00, 0x00, 0x00, 0x00, 0x00, 0x00, 0x00, 0x00, 0x00, 0x00,
    0x00, 0x00, 0x00, 0x00, 0x00, 0x00, 0x00, 0x00, 0x00, 0x00, 0x00, 0x00,
    0x00, 0x00, 0x00, 0x00, 0x00, 0x00, 0x00, 0x00, 0x00, 0x00, 0x00, 0x00,
    0x00, 0x00, 0x00, 0x00, 0x00, 0x00, 0x00, 0x00, 0x00, 0x00, 0x00, 0x00,
    0x00, 0x00, 0x00, 0x00, 0x00, 0x00, 0x00, 0x00, 0x00, 0x00, 0x00, 0x00,
    0x00, 0x00, 0x00, 0x00, 0x00, 0x00, 0x00, 0x00, 0x00, 0x00, 0x00, 0x00,
    0x00, 0x00, 0x00, 0x00, 0x00, 0x00, 0x00, 0x00, 0x00, 0x00, 0x00, 0x00,
    0x00, 0x00, 0x00, 0x00, 0x00, 0x00, 0x00, 0x00, 0x00, 0x00, 0x00, 0x00,
    0x00, 0x00, 0x00, 0x00, 0x00, 0x00, 0x00, 0x00, 0x00, 0x00, 0x00, 0x00,
    0x00, 0x00, 0x00, 0x00, 0x00, 0x00, 0x00, 0x00, 0x00, 0x00, 0x00, 0x00,
    0x00, 0x00, 0x00, 0x00, 0x00, 0x00, 0x00, 0x00, 0x00, 0x00, 0x00, 0x00,
    0x00, 0x00, 0x00, 0x00, 0x00, 0x00, 0x00, 0x00, 0x00, 0x00, 0x00, 0x00,
    0x00, 0x00, 0x00, 0x00, 0x00, 0x00, 0x00, 0x00, 0x00, 0x00, 0x00, 0x00,
    0x00, 0x00, 0x00, 0x00, 0x00, 0x00, 0x00, 0x00, 0x00, 0x00, 0x00, 0x00,
    0x00, 0x00, 0x00, 0x00, 0x00, 0x00, 0x00, 0x00, 0x00, 0x00, 0x00, 0x00,
    0x00, 0x00, 0x00, 0x00, 0xe8, 0xe4, 0x20, 0xff, 0xe8, 0xe8, 0x20, 0xff,
    0xe8, 0xe8, 0x20, 0xff, 0xe8, 0xe4, 0x20, 0xff, 0xe8, 0xe8, 0x20, 0xff,
    0xe8, 0xe8, 0x20, 0xff, 0xe8, 0xe8, 0x20, 0xff, 0xe8, 0xe8, 0x20, 0xff,
    0xe8, 0xe8, 0x20, 0xff, 0xe8, 0xe4, 0x20, 0xff, 0xe0, 0xe8, 0x20, 0xff,
    0xe8, 0xe4, 0x20, 0xff, 0x00, 0x00, 0x00, 0x00, 0x00, 0x00, 0x00, 0x00,
    0x00, 0x00, 0x00, 0x00, 0x00, 0x00, 0x00, 0x00, 0x00, 0x00, 0x00, 0x00,
    0x00, 0x00, 0x00, 0x00, 0x00, 0x00, 0x00, 0x00, 0x00, 0x00, 0x00, 0x00,
    0x00, 0x00, 0x00, 0x00, 0x00, 0x00, 0x00, 0x00, 0x00, 0x00, 0x00, 0x00,
    0x00, 0x00, 0x00, 0x00, 0x00, 0x00, 0x00, 0x00, 0x00, 0x00, 0x00, 0x00,
    0x00, 0x00, 0x00, 0x00, 0x00, 0x00, 0x00, 0x00, 0x00, 0x00, 0x00, 0x00,
    0x00, 0x00, 0x00, 0x00, 0x00, 0x00, 0x00, 0x00, 0x00, 0x00, 0x00, 0x00,
    0x00, 0x00, 0x00, 0x00, 0x00, 0x00, 0x00, 0x00, 0x00, 0x00, 0x00, 0x00,
    0x00, 0x00, 0x00, 0x00, 0x00, 0x00, 0x00, 0x00, 0x00, 0x00, 0x00, 0x00,
    0x00, 0x00, 0x00, 0x00, 0x00, 0x00, 0x00, 0x00, 0x00, 0x00, 0x00, 0x00,
    0x00, 0x00, 0x00, 0x00, 0x00, 0x00, 0x00, 0x00, 0x00, 0x00, 0x00, 0x00,
    0x00, 0x00, 0x00, 0x00, 0x00, 0x00, 0x00, 0x00, 0x00, 0x00, 0x00, 0x00,
    0x00, 0x00, 0x00, 0x00, 0x00, 0x00, 0x00, 0x00, 0x00, 0x00, 0x00, 0x00,
    0x00, 0x00, 0x00, 0x00, 0x00, 0x00, 0x00, 0x00, 0x00, 0x00, 0x00, 0x00,
    0x00, 0x00, 0x00, 0x00, 0x00, 0x00, 0x00, 0x00, 0x00, 0x00, 0x00, 0x00,
    0x00, 0x00, 0x00, 0x00, 0x00, 0x00, 0x00, 0x00, 0x00, 0x00, 0x00, 0x00,
    0x00, 0x00, 0x00, 0x00, 0x00, 0x00, 0x00, 0x00, 0x00, 0x00, 0x00, 0x00,
    0x00, 0x00, 0x00, 0x00, 0x00, 0x00, 0x00, 0x00, 0x00, 0x00, 0x00, 0x00,
    0x00, 0x00, 0x00, 0x00, 0x00, 0x00, 0x00, 0x00, 0x00, 0x00, 0x00, 0x00,
    0x00, 0x00, 0x00, 0x00, 0x00, 0x00, 0x00, 0x00, 0x00, 0x00, 0x00, 0x00,
    0x00, 0x00, 0x00, 0x00, 0x00, 0x00, 0x00, 0x00, 0x00, 0x00, 0x00, 0x00,
    0x00, 0x00, 0x00, 0x00, 0x00, 0x00, 0x00, 0x00, 0x00, 0x00, 0x00, 0x00,
    0x00, 0x00, 0x00, 0x00, 0x00, 0x00, 0x00, 0x00, 0x00, 0x00, 0x00, 0x00,
    0x00, 0x00, 0x00, 0x00, 0x00, 0x00, 0x00, 0x00, 0x00, 0x00, 0x00, 0x00,
    0x00, 0x00, 0x00, 0x00, 0x00, 0x00, 0x00, 0x00, 0x00, 0x00, 0x00, 0x00,
    0x00, 0x00, 0x00, 0x00, 0x00, 0x00, 0x00, 0x00, 0x00, 0x00, 0x00, 0x00,
    0x00, 0x00, 0x00, 0x00, 0x00, 0x00, 0x00, 0x00, 0x00, 0x00, 0x00, 0x00,
    0x00, 0x00, 0x00, 0x00, 0x00, 0x00, 0x00, 0x00, 0x00, 0x00, 0x00, 0x00,
    0x00, 0x00, 0x00, 0x00, 0x00, 0x00, 0x00, 0x00, 0x00, 0x00, 0x00, 0x00,
    0x00, 0x00, 0x00, 0x00, 0x00, 0x00, 0x00, 0x00, 0xe8, 0xe8, 0x18, 0xff,
    0xe8, 0xe8, 0x20, 0xff, 0xe8, 0xe4, 0x18, 0xff, 0xe0, 0xe8, 0x20, 0xff,
    0xe8, 0xe8, 0x20, 0xff, 0xe8, 0xe8, 0x18, 0xff, 0xe8, 0xe4, 0x20, 0xff,
    0xe8, 0xe8, 0x18, 0xff, 0xe8, 0xe8, 0x20, 0xff, 0xe8, 0xe8, 0x18, 0xff,
    0xe8, 0xe8, 0x20, 0xff, 0xe8, 0xe8, 0x20, 0xff, 0x00, 0x00, 0x00, 0x00,
    0x00, 0x00, 0x00, 0x00, 0x00, 0x00, 0x00, 0x00, 0x00, 0x00, 0x00, 0x00,
    0x00, 0x00, 0x00, 0x00, 0x00, 0x00, 0x00, 0x00, 0x00, 0x00, 0x00, 0x00,
    0x00, 0x00, 0x00, 0x00, 0x00, 0x00, 0x00, 0x00, 0x00, 0x00, 0x00, 0x00,
    0x00, 0x00, 0x00, 0x00, 0x00, 0x00, 0x00, 0x00, 0x00, 0x00, 0x00, 0x00,
    0x00, 0x00, 0x00, 0x00, 0x00, 0x00, 0x00, 0x00, 0x00, 0x00, 0x00, 0x00,
    0x00, 0x00, 0x00, 0x00, 0x00, 0x00, 0x00, 0x00, 0x00, 0x00, 0x00, 0x00,
    0x00, 0x00, 0x00, 0x00, 0x00, 0x00, 0x00, 0x00, 0x00, 0x00, 0x00, 0x00,
    0x00, 0x00, 0x00, 0x00, 0x00, 0x00, 0x00, 0x00, 0x00, 0x00, 0x00, 0x00,
    0x00, 0x00, 0x00, 0x00, 0x00, 0x00, 0x00, 0x00, 0x00, 0x00, 0x00, 0x00,
    0x00, 0x00, 0x00, 0x00, 0x00, 0x00, 0x00, 0x00, 0x00, 0x00, 0x00, 0x00,
    0x00, 0x00, 0x00, 0x00, 0x00, 0x00, 0x00, 0x00, 0x00, 0x00, 0x00, 0x00,
    0x00, 0x00, 0x00, 0x00, 0x00, 0x00, 0x00, 0x00, 0x00, 0x00, 0x00, 0x00,
    0x00, 0x00, 0x00, 0x00, 0x00, 0x00, 0x00, 0x00, 0x00, 0x00, 0x00, 0x00,
    0x00, 0x00, 0x00, 0x00, 0x00, 0x00, 0x00, 0x00, 0x00, 0x00, 0x00, 0x00,
    0x00, 0x00, 0x00, 0x00, 0x00, 0x00, 0x00, 0x00, 0x00, 0x00, 0x00, 0x00,
    0x00, 0x00, 0x00, 0x00, 0x00, 0x00, 0x00, 0x00, 0x00, 0x00, 0x00, 0x00,
    0x00, 0x00, 0x00, 0x00, 0x00, 0x00, 0x00, 0x00, 0x00, 0x00, 0x00, 0x00,
    0x00, 0x00, 0x00, 0x00, 0x00, 0x00, 0x00, 0x00, 0x00, 0x00, 0x00, 0x00,
    0x00, 0x00, 0x00, 0x00, 0x00, 0x00, 0x00, 0x00, 0x00, 0x00, 0x00, 0x00,
    0x00, 0x00, 0x00, 0x00, 0x00, 0x00, 0x00, 0x00, 0x00, 0x00, 0x00, 0x00,
    0x00, 0x00, 0x00, 0x00, 0x00, 0x00, 0x00, 0x00, 0x00, 0x00, 0x00, 0x00,
    0x00, 0x00, 0x00, 0x00, 0x00, 0x00, 0x00, 0x00, 0x00, 0x00, 0x00, 0x00,
    0x00, 0x00, 0x00, 0x00, 0x00, 0x00, 0x00, 0x00, 0x00, 0x00, 0x00, 0x00,
    0x00, 0x00, 0x00, 0x00, 0x00, 0x00, 0x00, 0x00, 0x00, 0x00, 0x00, 0x00,
    0x00, 0x00, 0x00, 0x00, 0x00, 0x00, 0x00, 0x00, 0x00, 0x00, 0x00, 0x00,
    0x00, 0x00, 0x00, 0x00, 0x00, 0x00, 0x00, 0x00, 0x00, 0x00, 0x00, 0x00,
    0x00, 0x00, 0x00, 0x00, 0x00, 0x00, 0x00, 0x00, 0x00, 0x00, 0x00, 0x00,
    0x00, 0x00, 0x00, 0x00, 0x00, 0x00, 0x00, 0x00, 0x00, 0x00, 0x00, 0x00,
    0x00, 0x00, 0x00, 0x00, 0x00, 0x00, 0x00, 0x00, 0x00, 0x00, 0x00, 0x00,
    0xe0, 0xe8, 0x20, 0xff, 0xe8, 0xe8, 0x20, 0xff, 0xe8, 0xe8, 0x20, 0xff,
    0xe8, 0xe8, 0x18, 0xff, 0xe8, 0xe4, 0x20, 0xff, 0xe8, 0xe8, 0x20, 0xff,
    0xe8, 0xe8, 0x20, 0xff, 0xe8, 0xe4, 0x20, 0xff, 0xe0, 0xe8, 0x18, 0xff,
    0xe8, 0xe8, 0x20, 0xff, 0xe8, 0xe4, 0x20, 0xff, 0xe8, 0xe8, 0x18, 0xff,
    0x00, 0x00, 0x00, 0x00, 0x00, 0x00, 0x00, 0x00, 0x00, 0x00, 0x00, 0x00,
    0x00, 0x00, 0x00, 0x00, 0x00, 0x00, 0x00, 0x00, 0x00, 0x00, 0x00, 0x00,
    0x00, 0x00, 0x00, 0x00, 0x00, 0x00, 0x00, 0x00, 0x00, 0x00, 0x00, 0x00,
    0x00, 0x00, 0x00, 0x00, 0x00, 0x00, 0x00, 0x00, 0x00, 0x00, 0x00, 0x00,
    0x00, 0x00, 0x00, 0x00, 0x00, 0x00, 0x00, 0x00, 0x00, 0x00, 0x00, 0x00,
    0x00, 0x00, 0x00, 0x00, 0x00, 0x00, 0x00, 0x00, 0x00, 0x00, 0x00, 0x00,
    0x00, 0x00, 0x00, 0x00, 0x00, 0x00, 0x00, 0x00, 0x00, 0x00, 0x00, 0x00,
    0x00, 0x00, 0x00, 0x00, 0x00, 0x00, 0x00, 0x00, 0x00, 0x00, 0x00, 0x00,
    0x00, 0x00, 0x00, 0x00, 0x00, 0x00, 0x00, 0x00, 0x00, 0x00, 0x00, 0x00,
    0x00, 0x00, 0x00, 0x00, 0x00, 0x00, 0x00, 0x00, 0x00, 0x00, 0x00, 0x00,
    0x00, 0x00, 0x00, 0x00, 0x00, 0x00, 0x00, 0x00, 0x00, 0x00, 0x00, 0x00,
    0x00, 0x00, 0x00, 0x00, 0x00, 0x00, 0x00, 0x00, 0x00, 0x00, 0x00, 0x00,
    0x00, 0x00, 0x00, 0x00, 0x00, 0x00, 0x00, 0x00, 0x00, 0x00, 0x00, 0x00,
    0x00, 0x00, 0x00, 0x00, 0x00, 0x00, 0x00, 0x00, 0x00, 0x00, 0x00, 0x00,
    0x00, 0x00, 0x00, 0x00, 0x00, 0x00, 0x00, 0x00, 0x00, 0x00, 0x00, 0x00,
    0x00, 0x00, 0x00, 0x00, 0x00, 0x00, 0x00, 0x00, 0x00, 0x00, 0x00, 0x00,
    0x00, 0x00, 0x00, 0x00, 0x00, 0x00, 0x00, 0x00, 0x00, 0x00, 0x00, 0x00,
    0x00, 0x00, 0x00, 0x00, 0x00, 0x00, 0x00, 0x00, 0x00, 0x00, 0x00, 0x00,
    0x00, 0x00, 0x00, 0x00, 0x00, 0x00, 0x00, 0x00, 0x00, 0x00, 0x00, 0x00,
    0x00, 0x00, 0x00, 0x00, 0x00, 0x00, 0x00, 0x00, 0x00, 0x00, 0x00, 0x00,
    0x00, 0x00, 0x00, 0x00, 0x00, 0x00, 0x00, 0x00, 0x00, 0x00, 0x00, 0x00,
    0x00, 0x00, 0x00, 0x00, 0x00, 0x00, 0x00, 0x00, 0x00, 0x00, 0x00, 0x00,
    0x00, 0x00, 0x00, 0x00, 0x00, 0x00, 0x00, 0x00, 0x00, 0x00, 0x00, 0x00,
    0x00, 0x00, 0x00, 0x00, 0x00, 0x00, 0x00, 0x00, 0x00, 0x00, 0x00, 0x00,
    0x00, 0x00, 0x00, 0x00, 0x00, 0x00, 0x00, 0x00, 0x00, 0x00, 0x00, 0x00,
    0x00, 0x00, 0x00, 0x00, 0x00, 0x00, 0x00, 0x00, 0x00, 0x00, 0x00, 0x00,
    0x00, 0x00, 0x00, 0x00, 0x00, 0x00, 0x00, 0x00, 0x00, 0x00, 0x00, 0x00,
    0x00, 0x00, 0x00, 0x00, 0x00, 0x00, 0x00, 0x00, 0x00, 0x00, 0x00, 0x00,
    0x00, 0x00, 0x00, 0x00, 0x00, 0x00, 0x00, 0x00, 0x00, 0x00, 0x00, 0x00,
    0x00, 0x00, 0x00, 0x00, 0xe8, 0xe4, 0x20, 0xff, 0xe8, 0xe8, 0x20, 0xff,
    0xe8, 0xe8, 0x20, 0xff, 0xe8, 0xe4, 0x20, 0xff, 0xe8, 0xe8, 0x18, 0xff,
    0xe8, 0xe8, 0x20, 0xff, 0xe8, 0xe8, 0x20, 0xff, 0xe8, 0xe8, 0x20, 0xff,
    0xe8, 0xe4, 0x20, 0xff, 0xe8, 0xe8, 0x20, 0xff, 0xe8, 0xe8, 0x20, 0xff,
    0xe0, 0xe4, 0x20, 0xff, 0x00, 0x00, 0x00, 0x00, 0x00, 0x00, 0x00, 0x00,
    0x00, 0x00, 0x00, 0x00, 0x00, 0x00, 0x00, 0x00, 0x00, 0x00, 0x00, 0x00,
    0x00, 0x00, 0x00, 0x00, 0x00, 0x00, 0x00, 0x00, 0x00, 0x00, 0x00, 0x00,
    0x00, 0x00, 0x00, 0x00, 0x00, 0x00, 0x00, 0x00, 0x00, 0x00, 0x00, 0x00,
    0x00, 0x00, 0x00, 0x00, 0x00, 0x00, 0x00, 0x00, 0x00, 0x00, 0x00, 0x00,
    0x00, 0x00, 0x00, 0x00, 0x00, 0x00, 0x00, 0x00, 0x00, 0x00, 0x00, 0x00,
    0x00, 0x00, 0x00, 0x00, 0x00, 0x00, 0x00, 0x00, 0x00, 0x00, 0x00, 0x00,
    0x00, 0x00, 0x00, 0x00, 0x00, 0x00, 0x00, 0x00, 0x00, 0x00, 0x00, 0x00,
    0x00, 0x00, 0x00, 0x00, 0x00, 0x00, 0x00, 0x00, 0x00, 0x00, 0x00, 0x00,
    0x00, 0x00, 0x00, 0x00, 0x00, 0x00, 0x00, 0x00, 0x00, 0x00, 0x00, 0x00,
    0x00, 0x00, 0x00, 0x00, 0x00, 0x00, 0x00, 0x00, 0x00, 0x00, 0x00, 0x00,
    0x00, 0x00, 0x00, 0x00, 0x00, 0x00, 0x00, 0x00, 0x00, 0x00, 0x00, 0x00,
    0x00, 0x00, 0x00, 0x00, 0x00, 0x00, 0x00, 0x00, 0x00, 0x00, 0x00, 0x00,
    0x00, 0x00, 0x00, 0x00, 0x00, 0x00, 0x00, 0x00, 0x00, 0x00, 0x00, 0x00,
    0x00, 0x00, 0x00, 0x00, 0x00, 0x00, 0x00, 0x00, 0x00, 0x00, 0x00, 0x00,
    0x00, 0x00, 0x00, 0x00, 0x00, 0x00, 0x00, 0x00, 0x00, 0x00, 0x00, 0x00,
    0x00, 0x00, 0x00, 0x00, 0x00, 0x00, 0x00, 0x00, 0x00, 0x00, 0x00, 0x00,
    0x00, 0x00, 0x00, 0x00, 0x00, 0x00, 0x00, 0x00, 0x00, 0x00, 0x00, 0x00,
    0x00, 0x00, 0x00, 0x00, 0x00, 0x00, 0x00, 0x00, 0x00, 0x00, 0x00, 0x00,
    0x00, 0x00, 0x00, 0x00, 0x00, 0x00, 0x00, 0x00, 0x00, 0x00, 0x00, 0x00,
    0x00, 0x00, 0x00, 0x00, 0x00, 0x00, 0x00, 0x00, 0x00, 0x00, 0x00, 0x00,
    0x00, 0x00, 0x00, 0x00, 0x00, 0x00, 0x00, 0x00, 0x00, 0x00, 0x00, 0x00,
    0x00, 0x00, 0x00, 0x00, 0x00, 0x00, 0x00, 0x00, 0x00, 0x00, 0x00, 0x00,
    0x00, 0x00, 0x00, 0x00, 0x00, 0x00, 0x00, 0x00, 0x00, 0x00, 0x00, 0x00,
    0x00, 0x00, 0x00, 0x00, 0x00, 0x00, 0x00, 0x00, 0x00, 0x00, 0x00, 0x00,
    0x00, 0x00, 0x00, 0x00, 0x00, 0x00, 0x00, 0x00, 0x00, 0x00, 0x00, 0x00,
    0x00, 0x00, 0x00, 0x00, 0x00, 0x00, 0x00, 0x00, 0x00, 0x00, 0x00, 0x00,
    0x00, 0x00, 0x00, 0x00, 0x00, 0x00, 0x00, 0x00, 0x00, 0x00, 0x00, 0x00,
    0x00, 0x00, 0x00, 0x00, 0x00, 0x00, 0x00, 0x00, 0x00, 0x00, 0x00, 0x00,
    0x00, 0x00, 0x00, 0x00, 0x00, 0x00, 0x00, 0x00, 0xe8, 0xe8, 0x18, 0xff,
    0xe8, 0xe4, 0x18, 0xff, 0xe8, 0xe8, 0x20, 0xff, 0xe0, 0xe8, 0x20, 0xff,
    0xe8, 0xe8, 0x20, 0xff, 0xe8, 0xe8, 0x20, 0xff, 0xe8, 0xe8, 0x20, 0xff,
    0xe8, 0xe8, 0x18, 0xff, 0xe8, 0xe8, 0x20, 0xff, 0xe8, 0xe8, 0x18, 0xff,
    0xe8, 0xe8, 0x20, 0xff, 0xe8, 0xe8, 0x20, 0xff, 0x00, 0x00, 0x00, 0x00,
    0x00, 0x00, 0x00, 0x00, 0x00, 0x00, 0x00, 0x00, 0x00, 0x00, 0x00, 0x00,
    0x00, 0x00, 0x00, 0x00, 0x00, 0x00, 0x00, 0x00, 0x00, 0x00, 0x00, 0x00,
    0x00, 0x00, 0x00, 0x00, 0x00, 0x00, 0x00, 0x00, 0x00, 0x00, 0x00, 0x00,
    0x00, 0x00, 0x00, 0x00, 0x00, 0x00, 0x00, 0x00, 0x00, 0x00, 0x00, 0x00,
    0x00, 0x00, 0x00, 0x00, 0x00, 0x00, 0x00, 0x00, 0x00, 0x00, 0x00, 0x00,
    0x00, 0x00, 0x00, 0x00, 0x00, 0x00, 0x00, 0x00, 0x00, 0x00, 0x00, 0x00,
    0x00, 0x00, 0x00, 0x00, 0x00, 0x00, 0x00, 0x00, 0x00, 0x00, 0x00, 0x00,
    0x00, 0x00, 0x00, 0x00, 0x00, 0x00, 0x00, 0x00, 0x00, 0x00, 0x00, 0x00,
    0x00, 0x00, 0x00, 0x00, 0x00, 0x00, 0x00, 0x00, 0x00, 0x00, 0x00, 0x00,
    0x00, 0x00, 0x00, 0x00, 0x00, 0x00, 0x00, 0x00, 0x00, 0x00, 0x00, 0x00,
    0x00, 0x00, 0x00, 0x00, 0x00, 0x00, 0x00, 0x00, 0x00, 0x00, 0x00, 0x00,
    0x00, 0x00, 0x00, 0x00, 0x00, 0x00, 0x00, 0x00, 0x00, 0x00, 0x00, 0x00,
    0x00, 0x00, 0x00, 0x00, 0x00, 0x00, 0x00, 0x00, 0x00, 0x00, 0x00, 0x00,
    0x00, 0x00, 0x00, 0x00, 0x00, 0x00, 0x00, 0x00, 0x00, 0x00, 0x00, 0x00,
    0x00, 0x00, 0x00, 0x00, 0x00, 0x00, 0x00, 0x00, 0x00, 0x00, 0x00, 0x00,
    0x00, 0x00, 0x00, 0x00, 0x00, 0x00, 0x00, 0x00, 0x00, 0x00, 0x00, 0x00,
    0x00, 0x00, 0x00, 0x00, 0x00, 0x00, 0x00, 0x00, 0x00, 0x00, 0x00, 0x00,
    0x00, 0x00, 0x00, 0x00, 0x00, 0x00, 0x00, 0x00, 0x00, 0x00, 0x00, 0x00,
    0x00, 0x00, 0x00, 0x00, 0x00, 0x00, 0x00, 0x00, 0x00, 0x00, 0x00, 0x00,
    0x00, 0x00, 0x00, 0x00, 0x00, 0x00, 0x00, 0x00, 0x00, 0x00, 0x00, 0x00,
    0x00, 0x00, 0x00, 0x00, 0x00, 0x00, 0x00, 0x00, 0x00, 0x00, 0x00, 0x00,
    0x00, 0x00, 0x00, 0x00, 0x00, 0x00, 0x00, 0x00, 0x00, 0x00, 0x00, 0x00,
    0x00, 0x00, 0x00, 0x00, 0x00, 0x00, 0x00, 0x00, 0x00, 0x00, 0x00, 0x00,
    0x00, 0x00, 0x00, 0x00, 0x00, 0x00, 0x00, 0x00, 0x00, 0x00, 0x00, 0x00,
    0x00, 0x00, 0x00, 0x00, 0x00, 0x00, 0x00, 0x00, 0x00, 0x00, 0x00, 0x00,
    0x00, 0x00, 0x00, 0x00, 0x00, 0x00, 0x00, 0x00, 0x00, 0x00, 0x00, 0x00,
    0x00, 0x00, 0x00, 0x00, 0x00, 0x00, 0x00, 0x00, 0x00, 0x00, 0x00, 0x00,
    0x00, 0x00, 0x00, 0x00, 0x00, 0x00, 0x00, 0x00, 0x00, 0x00, 0x00, 0x00,
    0x00, 0x00, 0x00, 0x00, 0x00, 0x00, 0x00, 0x00, 0x00, 0x00, 0x00, 0x00,
    0xe8, 0xe8, 0x20, 0xff, 0xe8, 0xe8, 0x20, 0xff, 0xe8, 0xe4, 0x20, 0xff,
    0xe8, 0xe8, 0x18, 0xff, 0xe8, 0xe8, 0x20, 0xff, 0xe8, 0xe4, 0x20, 0xff,
    0xe8, 0xe8, 0x20, 0xff, 0xe8, 0xe4, 0x20, 0xff, 0xe0, 0xe8, 0x20, 0xff,
    0xe8, 0xe4, 0x18, 0xff, 0xe8, 0xe8, 0x20, 0xff, 0xe8, 0xe8, 0x18, 0xff,
    0x00, 0x00, 0x00, 0x00, 0x00, 0x00, 0x00, 0x00, 0x00, 0x00, 0x00, 0x00,
    0x00, 0x00, 0x00, 0x00, 0x00, 0x00, 0x00, 0x00, 0x00, 0x00, 0x00, 0x00,
    0x00, 0x00, 0x00, 0x00, 0x00, 0x00, 0x00, 0x00, 0x00, 0x00, 0x00, 0x00,
    0x00, 0x00, 0x00, 0x00, 0x00, 0x00, 0x00, 0x00, 0x00, 0x00, 0x00, 0x00,
    0x00, 0x00, 0x00, 0x00, 0x00, 0x00, 0x00, 0x00, 0x00, 0x00, 0x00, 0x00,
    0x00, 0x00, 0x00, 0x00, 0x00, 0x00, 0x00, 0x00, 0x00, 0x00, 0x00, 0x00,
    0x00, 0x00, 0x00, 0x00, 0x00, 0x00, 0x00, 0x00, 0x00, 0x00, 0x00, 0x00,
    0x00, 0x00, 0x00, 0x00, 0x00, 0x00, 0x00, 0x00, 0x00, 0x00, 0x00, 0x00,
    0x00, 0x00, 0x00, 0x00, 0x00, 0x00, 0x00, 0x00, 0x00, 0x00, 0x00, 0x00,
    0x00, 0x00, 0x00, 0x00, 0x00, 0x00, 0x00, 0x00, 0x00, 0x00, 0x00, 0x00,
    0x00, 0x00, 0x00, 0x00, 0x00, 0x00, 0x00, 0x00, 0x00, 0x00, 0x00, 0x00,
    0x00, 0x00, 0x00, 0x00, 0x00, 0x00, 0x00, 0x00, 0x00, 0x00, 0x00, 0x00,
    0x00, 0x00, 0x00, 0x00, 0x00, 0x00, 0x00, 0x00, 0x00, 0x00, 0x00, 0x00,
    0x00, 0x00, 0x00, 0x00, 0x00, 0x00, 0x00, 0x00, 0x00, 0x00, 0x00, 0x00,
    0x00, 0x00, 0x00, 0x00, 0x00, 0x00, 0x00, 0x00, 0x00, 0x00, 0x00, 0x00,
    0x00, 0x00, 0x00, 0x00, 0x00, 0x00, 0x00, 0x00, 0x00, 0x00, 0x00, 0x00,
    0x00, 0x00, 0x00, 0x00, 0x00, 0x00, 0x00, 0x00, 0x00, 0x00, 0x00, 0x00,
    0x00, 0x00, 0x00, 0x00, 0x00, 0x00, 0x00, 0x00, 0x00, 0x00, 0x00, 0x00,
    0x00, 0x00, 0x00, 0x00, 0x00, 0x00, 0x00, 0x00, 0x00, 0x00, 0x00, 0x00,
    0x00, 0x00, 0x00, 0x00, 0x00, 0x00, 0x00, 0x00, 0x00, 0x00, 0x00, 0x00,
    0x00, 0x00, 0x00, 0x00, 0x00, 0x00, 0x00, 0x00, 0x00, 0x00, 0x00, 0x00,
    0x00, 0x00, 0x00, 0x00, 0x00, 0x00, 0x00, 0x00, 0x00, 0x00, 0x00, 0x00,
    0x00, 0x00, 0x00, 0x00, 0x00, 0x00, 0x00, 0x00, 0x00, 0x00, 0x00, 0x00,
    0x00, 0x00, 0x00, 0x00, 0x00, 0x00, 0x00, 0x00, 0x00, 0x00, 0x00, 0x00,
    0x00, 0x00, 0x00, 0x00, 0x00, 0x00, 0x00, 0x00, 0x00, 0x00, 0x00, 0x00,
    0x00, 0x00, 0x00, 0x00, 0x00, 0x00, 0x00, 0x00, 0x00, 0x00, 0x00, 0x00,
    0x00, 0x00, 0x00, 0x00, 0x00, 0x00, 0x00, 0x00, 0x00, 0x00, 0x00, 0x00,
    0x00, 0x00, 0x00, 0x00, 0x00, 0x00, 0x00, 0x00, 0x00, 0x00, 0x00, 0x00,
    0x00, 0x00, 0x00, 0x00, 0x00, 0x00, 0x00, 0x00, 0x00, 0x00, 0x00, 0x00,
    0x00, 0x00, 0x00, 0x00, 0xe0, 0xe8, 0x20, 0xff, 0xe8, 0xe8, 0x20, 0xff,
    0xe8, 0xe8, 0x20, 0xff, 0xe8, 0xe4, 0x18, 0xff, 0xe8, 0xe8, 0x20, 0xff,
    0xe8, 0xe8, 0x20, 0xff, 0xe8, 0xe8, 0x20, 0xff, 0xe8, 0xe8, 0x20, 0xff,
    0xe8, 0xe4, 0x20, 0xff, 0xe8, 0xe8, 0x20, 0xff, 0xe8, 0xe8, 0x20, 0xff,
    0xe8, 0xe4, 0x20, 0xff, 0x00, 0x00, 0x00, 0x00, 0x00, 0x00, 0x00, 0x00,
    0x00, 0x00, 0x00, 0x00, 0x00, 0x00, 0x00, 0x00, 0x00, 0x00, 0x00, 0x00,
    0x00, 0x00, 0x00, 0x00, 0x00, 0x00, 0x00, 0x00, 0x00, 0x00, 0x00, 0x00,
    0x00, 0x00, 0x00, 0x00, 0x00, 0x00, 0x00, 0x00, 0x00, 0x00, 0x00, 0x00,
    0x00, 0x00, 0x00, 0x00, 0x00, 0x00, 0x00, 0x00, 0x00, 0x00, 0x00, 0x00,
    0x00, 0x00, 0x00, 0x00, 0x00, 0x00, 0x00, 0x00, 0x00, 0x00, 0x00, 0x00,
    0x00, 0x00, 0x00, 0x00, 0x00, 0x00, 0x00, 0x00, 0x00, 0x00, 0x00, 0x00,
    0x00, 0x00, 0x00, 0x00, 0x00, 0x00, 0x00, 0x00, 0x00, 0x00, 0x00, 0x00,
    0x00, 0x00, 0x00, 0x00, 0x00, 0x00, 0x00, 0x00, 0x00, 0x00, 0x00, 0x00,
    0x00, 0x00, 0x00, 0x00, 0x00, 0x00, 0x00, 0x00, 0x00, 0x00, 0x00, 0x00,
    0x00, 0x00, 0x00, 0x00, 0x00, 0x00, 0x00, 0x00, 0x00, 0x00, 0x00, 0x00,
    0x00, 0x00, 0x00, 0x00, 0x00, 0x00, 0x00, 0x00, 0x00, 0x00, 0x00, 0x00,
    0x00, 0x00, 0x00, 0x00, 0x00, 0x00, 0x00, 0x00, 0x00, 0x00, 0x00, 0x00,
    0x00, 0x00, 0x00, 0x00, 0x00, 0x00, 0x00, 0x00, 0x00, 0x00, 0x00, 0x00,
    0x00, 0x00, 0x00, 0x00, 0x00, 0x00, 0x00, 0x00, 0x00, 0x00, 0x00, 0x00,
    0x00, 0x00, 0x00, 0x00, 0x00, 0x00, 0x00, 0x00, 0x00, 0x00, 0x00, 0x00,
    0x00, 0x00, 0x00, 0x00, 0x00, 0x00, 0x00, 0x00, 0x00, 0x00, 0x00, 0x00,
    0x00, 0x00, 0x00, 0x00, 0x00, 0x00, 0x00, 0x00, 0x00, 0x00, 0x00, 0x00,
    0x00, 0x00, 0x00, 0x00, 0x00, 0x00, 0x00, 0x00, 0x00, 0x00, 0x00, 0x00,
    0x00, 0x00, 0x00, 0x00, 0x00, 0x00, 0x00, 0x00, 0x00, 0x00, 0x00, 0x00,
    0x00, 0x00, 0x00, 0x00, 0x00, 0x00, 0x00, 0x00, 0x00, 0x00, 0x00, 0x00,
    0x00, 0x00, 0x00, 0x00, 0x00, 0x00, 0x00, 0x00, 0x00, 0x00, 0x00, 0x00,
    0x00, 0x00, 0x00, 0x00, 0x00, 0x00, 0x00, 0x00, 0x00, 0x00, 0x00, 0x00,
    0x00, 0x00, 0x00, 0x00, 0x00, 0x00, 0x00, 0x00, 0x00, 0x00, 0x00, 0x00,
    0x00, 0x00, 0x00, 0x00, 0x00, 0x00, 0x00, 0x00, 0x00, 0x00, 0x00, 0x00,
    0x00, 0x00, 0x00, 0x00, 0x00, 0x00, 0x00, 0x00, 0x00, 0x00, 0x00, 0x00,
    0x00, 0x00, 0x00, 0x00, 0x00, 0x00, 0x00, 0x00, 0x00, 0x00, 0x00, 0x00,
    0x00, 0x00, 0x00, 0x00, 0x00, 0x00, 0x00, 0x00, 0x00, 0x00, 0x00, 0x00,
    0x00, 0x00, 0x00, 0x00, 0x00, 0x00, 0x00, 0x00, 0x00, 0x00, 0x00, 0x00,
    0x00, 0x00, 0x00, 0x00, 0x00, 0x00, 0x00, 0x00, 0xe8, 0xe4, 0x18, 0xff,
    0xe8, 0xe8, 0x20, 0xff, 0xe8, 0xe8, 0x20, 0xff, 0xe0, 0xe8, 0x20, 0xff,
    0xe8, 0xe8, 0x18, 0xff, 0xe8, 0xe8, 0x20, 0xff, 0xe8, 0xe8, 0x18, 0xff,
    0xe8, 0xe8, 0x20, 0xff, 0xe8, 0xe8, 0x18, 0xff, 0xe8, 0xe8, 0x20, 0xff,
    0xe0, 0xe8, 0x20, 0xff, 0xe8, 0xe8, 0x18, 0xff, 0x00, 0x00, 0x00, 0x00,
    0x00, 0x00, 0x00, 0x00, 0x00, 0x00, 0x00, 0x00, 0x00, 0x00, 0x00, 0x00,
    0x00, 0x00, 0x00, 0x00, 0x00, 0x00, 0x00, 0x00, 0x00, 0x00, 0x00, 0x00,
    0x00, 0x00, 0x00, 0x00, 0x00, 0x00, 0x00, 0x00, 0x00, 0x00, 0x00, 0x00,
    0x00, 0x00, 0x00, 0x00, 0x00, 0x00, 0x00, 0x00, 0x00, 0x00, 0x00, 0x00,
    0x00, 0x00, 0x00, 0x00, 0x00, 0x00, 0x00, 0x00, 0x00, 0x00, 0x00, 0x00,
    0x00, 0x00, 0x00, 0x00, 0x00, 0x00, 0x00, 0x00, 0x00, 0x00, 0x00, 0x00,
    0x00, 0x00, 0x00, 0x00, 0x00, 0x00, 0x00, 0x00, 0x00, 0x00, 0x00, 0x00,
    0x00, 0x00, 0x00, 0x00, 0x00, 0x00, 0x00, 0x00, 0x00, 0x00, 0x00, 0x00,
    0x00, 0x00, 0x00, 0x00, 0x00, 0x00, 0x00, 0x00, 0x00, 0x00, 0x00, 0x00,
    0x00, 0x00, 0x00, 0x00, 0x00, 0x00, 0x00, 0x00, 0x00, 0x00, 0x00, 0x00,
    0x00, 0x00, 0x00, 0x00, 0x00, 0x00, 0x00, 0x00, 0x00, 0x00, 0x00, 0x00,
    0x00, 0x00, 0x00, 0x00, 0x00, 0x00, 0x00, 0x00, 0x00, 0x00, 0x00, 0x00,
    0x00, 0x00, 0x00, 0x00, 0x00, 0x00, 0x00, 0x00, 0x00, 0x00, 0x00, 0x00,
    0x00, 0x00, 0x00, 0x00, 0x00, 0x00, 0x00, 0x00, 0x00, 0x00, 0x00, 0x00,
    0x00, 0x00, 0x00, 0x00, 0x00, 0x00, 0x00, 0x00, 0x00, 0x00, 0x00, 0x00,
    0x00, 0x00, 0x00, 0x00, 0x00, 0x00, 0x00, 0x00, 0x00, 0x00, 0x00, 0x00,
    0x00, 0x00, 0x00, 0x00, 0x00, 0x00, 0x00, 0x00, 0x00, 0x00, 0x00, 0x00,
    0x00, 0x00, 0x00, 0x00, 0x00, 0x00, 0x00, 0x00, 0x00, 0x00, 0x00, 0x00,
    0x00, 0x00, 0x00, 0x00, 0x00, 0x00, 0x00, 0x00, 0x00, 0x00, 0x00, 0x00,
    0x00, 0x00, 0x00, 0x00, 0x00, 0x00, 0x00, 0x00, 0x00, 0x00, 0x00, 0x00,
    0x00, 0x00, 0x00, 0x00, 0x00, 0x00, 0x00, 0x00, 0x00, 0x00, 0x00, 0x00,
    0x00, 0x00, 0x00, 0x00, 0x00, 0x00, 0x00, 0x00, 0x00, 0x00, 0x00, 0x00,
    0x00, 0x00, 0x00, 0x00, 0x00, 0x00, 0x00, 0x00, 0x00, 0x00, 0x00, 0x00,
    0x00, 0x00, 0x00, 0x00, 0x00, 0x00, 0x00, 0x00, 0x00, 0x00, 0x00, 0x00,
    0x00, 0x00, 0x00, 0x00, 0x00, 0x00, 0x00, 0x00, 0x00, 0x00, 0x00, 0x00,
    0x00, 0x00, 0x00, 0x00, 0x00, 0x00, 0x00, 0x00, 0x00, 0x00, 0x00, 0x00,
    0x00, 0x00, 0x00, 0x00, 0x00, 0x00, 0x00, 0x00, 0x00, 0x00, 0x00, 0x00,
    0x00, 0x00, 0x00, 0x00, 0x00, 0x00, 0x00, 0x00, 0x00, 0x00, 0x00, 0x00,
    0x00, 0x00, 0x00, 0x00, 0x00, 0x00, 0x00, 0x00, 0x00, 0x00, 0x00, 0x00,
    0xe8, 0xe8, 0x20, 0xff, 0xe8, 0xe4, 0x18, 0xff, 0xe8, 0xe8, 0x20, 0xff,
    0xe8, 0xe4, 0x20, 0xff, 0xe8, 0xe8, 0x20, 0xff, 0xe8, 0xe4, 0x20, 0xff,
    0xe8, 0xe4, 0x20, 0xff, 0xe8, 0xe8, 0x20, 0xff, 0xe8, 0xe8, 0x20, 0xff,
    0xe8, 0xe4, 0x18, 0xff, 0xe8, 0xe8, 0x20, 0xff, 0xe8, 0xe8, 0x20, 0xff,
    0x00, 0x00, 0x00, 0x00, 0x00, 0x00, 0x00, 0x00, 0x00, 0x00, 0x00, 0x00,
    0x00, 0x00, 0x00, 0x00, 0x00, 0x00, 0x00, 0x00, 0x00, 0x00, 0x00, 0x00,
    0x00, 0x00, 0x00, 0x00, 0x00, 0x00, 0x00, 0x00, 0x00, 0x00, 0x00, 0x00,
    0x00, 0x00, 0x00, 0x00, 0x00, 0x00, 0x00, 0x00, 0x00, 0x00, 0x00, 0x00,
    0x00, 0x00, 0x00, 0x00, 0x00, 0x00, 0x00, 0x00, 0x00, 0x00, 0x00, 0x00,
    0x00, 0x00, 0x00, 0x00, 0x00, 0x00, 0x00, 0x00, 0x00, 0x00, 0x00, 0x00,
    0x00, 0x00, 0x00, 0x00, 0x00, 0x00, 0x00, 0x00, 0x00, 0x00, 0x00, 0x00,
    0x00, 0x00, 0x00, 0x00, 0x00, 0x00, 0x00, 0x00, 0x00, 0x00, 0x00, 0x00,
    0x00, 0x00, 0x00, 0x00, 0x00, 0x00, 0x00, 0x00, 0x00, 0x00, 0x00, 0x00,
    0x00, 0x00, 0x00, 0x00, 0x00, 0x00, 0x00, 0x00, 0x00, 0x00, 0x00, 0x00,
    0x00, 0x00, 0x00, 0x00, 0x00, 0x00, 0x00, 0x00, 0x00, 0x00, 0x00, 0x00,
    0x00, 0x00, 0x00, 0x00, 0x00, 0x00, 0x00, 0x00, 0x00, 0x00, 0x00, 0x00,
    0x00, 0x00, 0x00, 0x00, 0x00, 0x00, 0x00, 0x00, 0x00, 0x00, 0x00, 0x00,
    0x00, 0x00, 0x00, 0x00, 0x00, 0x00, 0x00, 0x00, 0x00, 0x00, 0x00, 0x00,
    0x00, 0x00, 0x00, 0x00, 0x00, 0x00, 0x00, 0x00, 0x00, 0x00, 0x00, 0x00,
    0x00, 0x00, 0x00, 0x00, 0x00, 0x00, 0x00, 0x00, 0x00, 0x00, 0x00, 0x00,
    0x00, 0x00, 0x00, 0x00, 0x00, 0x00, 0x00, 0x00, 0x00, 0x00, 0x00, 0x00,
    0x00, 0x00, 0x00, 0x00, 0x00, 0x00, 0x00, 0x00, 0x00, 0x00, 0x00, 0x00,
    0x00, 0x00, 0x00, 0x00, 0x00, 0x00, 0x00, 0x00, 0x00, 0x00, 0x00, 0x00,
    0x00, 0x00, 0x00, 0x00, 0x00, 0x00, 0x00, 0x00, 0x00, 0x00, 0x00, 0x00,
    0x00, 0x00, 0x00, 0x00, 0x00, 0x00, 0x00, 0x00, 0x00, 0x00, 0x00, 0x00,
    0x00, 0x00, 0x00, 0x00, 0x00, 0x00, 0x00, 0x00, 0x00, 0x00, 0x00, 0x00,
    0x00, 0x00, 0x00, 0x00, 0x00, 0x00, 0x00, 0x00, 0x00, 0x00, 0x00, 0x00,
    0x00, 0x00, 0x00, 0x00, 0x00, 0x00, 0x00, 0x00, 0x00, 0x00, 0x00, 0x00,
    0x00, 0x00, 0x00, 0x00, 0x00, 0x00, 0x00, 0x00, 0x00, 0x00, 0x00, 0x00,
    0x00, 0x00, 0x00, 0x00, 0x00, 0x00, 0x00, 0x00, 0x00, 0x00, 0x00, 0x00,
    0x00, 0x00, 0x00, 0x00, 0x00, 0x00, 0x00, 0x00, 0x00, 0x00, 0x00, 0x00,
    0x00, 0x00, 0x00, 0x00, 0x00, 0x00, 0x00, 0x00, 0x00, 0x00, 0x00, 0x00,
    0x00, 0x00, 0x00, 0x00, 0x00, 0x00, 0x00, 0x00, 0x00, 0x00, 0x00, 0x00,
    0x00, 0x00, 0x00, 0x00, 0xe8, 0xe8, 0x20, 0xff, 0xe0, 0xe8, 0x20, 0xff,
    0xe8, 0xe8, 0x18, 0xff, 0xe8, 0xe8, 0x20, 0xff, 0xe8, 0xe8, 0x20, 0xff,
    0xe8, 0xe8, 0x18, 0xff, 0xe8, 0xe8, 0x20, 0xff, 0xe8, 0xe8, 0x20, 0xff,
    0xe0, 0xe4, 0x20, 0xff, 0xe8, 0xe8, 0x20, 0xff, 0xe8, 0xe4, 0x20, 0xff,
    0xe8, 0xe8, 0x20, 0xff, 0x00, 0x00, 0x00, 0x00, 0x00, 0x00, 0x00, 0x00,
    0x00, 0x00, 0x00, 0x00, 0x00, 0x00, 0x00, 0x00, 0x00, 0x00, 0x00, 0x00,
    0x00, 0x00, 0x00, 0x00, 0x00, 0x00, 0x00, 0x00, 0x00, 0x00, 0x00, 0x00,
    0x00, 0x00, 0x00, 0x00, 0x00, 0x00, 0x00, 0x00, 0x00, 0x00, 0x00, 0x00,
    0x00, 0x00, 0x00, 0x00, 0x00, 0x00, 0x00, 0x00, 0x00, 0x00, 0x00, 0x00,
    0x00, 0x00, 0x00, 0x00, 0x00, 0x00, 0x00, 0x00, 0x00, 0x00, 0x00, 0x00,
    0x00, 0x00, 0x00, 0x00, 0x00, 0x00, 0x00, 0x00, 0x00, 0x00, 0x00, 0x00,
    0x00, 0x00, 0x00, 0x00, 0x00, 0x00, 0x00, 0x00, 0x00, 0x00, 0x00, 0x00,
    0x00, 0x00, 0x00, 0x00, 0x00, 0x00, 0x00, 0x00, 0x00, 0x00, 0x00, 0x00,
    0x00, 0x00, 0x00, 0x00, 0x00, 0x00, 0x00, 0x00, 0x00, 0x00, 0x00, 0x00,
    0x00, 0x00, 0x00, 0x00, 0x00, 0x00, 0x00, 0x00, 0x00, 0x00, 0x00, 0x00,
    0x00, 0x00, 0x00, 0x00, 0x00, 0x00, 0x00, 0x00, 0x00, 0x00, 0x00, 0x00,
    0x00, 0x00, 0x00, 0x00, 0x00, 0x00, 0x00, 0x00, 0x00, 0x00, 0x00, 0x00,
    0x00, 0x00, 0x00, 0x00, 0x00, 0x00, 0x00, 0x00, 0x00, 0x00, 0x00, 0x00,
    0x00, 0x00, 0x00, 0x00, 0x00, 0x00, 0x00, 0x00, 0x00, 0x00, 0x00, 0x00,
    0x00, 0x00, 0x00, 0x00, 0x00, 0x00, 0x00, 0x00, 0x00, 0x00, 0x00, 0x00,
    0x00, 0x00, 0x00, 0x00, 0x00, 0x00, 0x00, 0x00, 0x00, 0x00, 0x00, 0x00,
    0x00, 0x00, 0x00, 0x00, 0x00, 0x00, 0x00, 0x00, 0x00, 0x00, 0x00, 0x00,
    0x00, 0x00, 0x00, 0x00, 0x00, 0x00, 0x00, 0x00, 0x00, 0x00, 0x00, 0x00,
    0x00, 0x00, 0x00, 0x00, 0x00, 0x00, 0x00, 0x00, 0x00, 0x00, 0x00, 0x00,
    0x00, 0x00, 0x00, 0x00, 0x00, 0x00, 0x00, 0x00, 0x00, 0x00, 0x00, 0x00,
    0x00, 0x00, 0x00, 0x00, 0x00, 0x00, 0x00, 0x00, 0x00, 0x00, 0x00, 0x00,
    0x00, 0x00, 0x00, 0x00, 0x00, 0x00, 0x00, 0x00, 0x00, 0x00, 0x00, 0x00,
    0x00, 0x00, 0x00, 0x00, 0x00, 0x00, 0x00, 0x00, 0x00, 0x00, 0x00, 0x00,
    0x00, 0x00, 0x00, 0x00, 0x00, 0x00, 0x00, 0x00, 0x00, 0x00, 0x00, 0x00,
    0x00, 0x00, 0x00, 0x00, 0x00, 0x00, 0x00, 0x00, 0x00, 0x00, 0x00, 0x00,
    0x00, 0x00, 0x00, 0x00, 0x00, 0x00, 0x00, 0x00, 0x00, 0x00, 0x00, 0x00,
    0x00, 0x00, 0x00, 0x00, 0x00, 0x00, 0x00, 0x00, 0x00, 0x00, 0x00, 0x00,
    0x00, 0x00, 0x00, 0x00, 0x00, 0x00, 0x00, 0x00, 0x00, 0x00, 0x00, 0x00,
    0x00, 0x00, 0x00, 0x00, 0x00, 0x00, 0x00, 0x00, 0xe8, 0xe4, 0x20, 0xff,
    0xe8, 0xe8, 0x20, 0xff, 0xe8, 0xe8, 0x20, 0xff, 0xe8, 0xe4, 0x18, 0xff,
    0xe0, 0xe8, 0x20, 0xff, 0xe8, 0xe8, 0x20, 0xff, 0xe8, 0xe8, 0x20, 0xff,
    0xe8, 0xe8, 0x18, 0xff, 0xe8, 0xe8, 0x18, 0xff, 0xe8, 0xe8, 0x20, 0xff,
    0xe8, 0xe8, 0x18, 0xff, 0xe0, 0xe4, 0x20, 0xff, 0x00, 0x00, 0x00, 0x00,
    0x00, 0x00, 0x00, 0x00, 0x00, 0x00, 0x00, 0x00, 0x00, 0x00, 0x00, 0x00,
    0x00, 0x00, 0x00, 0x00, 0x00, 0x00, 0x00, 0x00, 0x00, 0x00, 0x00, 0x00,
    0x00, 0x00, 0x00, 0x00, 0x00, 0x00, 0x00, 0x00, 0x00, 0x00, 0x00, 0x00,
    0x00, 0x00, 0x00, 0x00, 0x00, 0x00, 0x00, 0x00, 0x00, 0x00, 0x00, 0x00,
    0x00, 0x00, 0x00, 0x00, 0x00, 0x00, 0x00, 0x00, 0x00, 0x00, 0x00, 0x00,
    0x00, 0x00, 0x00, 0x00, 0x00, 0x00, 0x00, 0x00, 0x00, 0x00, 0x00, 0x00,
    0x00, 0x00, 0x00, 0x00, 0x00, 0x00, 0x00, 0x00, 0x00, 0x00, 0x00, 0x00,
    0x00, 0x00, 0x00, 0x00, 0x00, 0x00, 0x00, 0x00, 0x00, 0x00, 0x00, 0x00,
    0x00, 0x00, 0x00, 0x00, 0x00, 0x00, 0x00, 0x00, 0x00, 0x00, 0x00, 0x00,
    0x00, 0x00, 0x00, 0x00, 0x00, 0x00, 0x00, 0x00, 0x00, 0x00, 0x00, 0x00,
    0x00, 0x00, 0x00, 0x00, 0x00, 0x00, 0x00, 0x00, 0x00, 0x00, 0x00, 0x00,
    0x00, 0x00, 0x00, 0x00, 0x00, 0x00, 0x00, 0x00, 0x00, 0x00, 0x00, 0x00,
    0x00, 0x00, 0x00, 0x00, 0x00, 0x00, 0x00, 0x00, 0x00, 0x00, 0x00, 0x00,
    0x00, 0x00, 0x00, 0x00, 0x00, 0x00, 0x00, 0x00, 0x00, 0x00, 0x00, 0x00,
    0x00, 0x00, 0x00, 0x00, 0x00, 0x00, 0x00, 0x00, 0x00, 0x00, 0x00, 0x00,
    0x00, 0x00, 0x00, 0x00, 0x00, 0x00, 0x00, 0x00, 0x00, 0x00, 0x00, 0x00,
    0x00, 0x00, 0x00, 0x00, 0x00, 0x00, 0x00, 0x00, 0x00, 0x00, 0x00, 0x00,
    0x00, 0x00, 0x00, 0x00, 0x00, 0x00, 0x00, 0x00, 0x00, 0x00, 0x00, 0x00,
    0x00, 0x00, 0x00, 0x00, 0x00, 0x00, 0x00, 0x00, 0x00, 0x00, 0x00, 0x00,
    0x00, 0x00, 0x00, 0x00, 0x00, 0x00, 0x00, 0x00, 0x00, 0x00, 0x00, 0x00,
    0x00, 0x00, 0x00, 0x00, 0x00, 0x00, 0x00, 0x00, 0x00, 0x00, 0x00, 0x00,
    0x00, 0x00, 0x00, 0x00, 0x00, 0x00, 0x00, 0x00, 0x00, 0x00, 0x00, 0x00,
    0x00, 0x00, 0x00, 0x00, 0x00, 0x00, 0x00, 0x00, 0x00, 0x00, 0x00, 0x00,
    0x00, 0x00, 0x00, 0x00, 0x00, 0x00, 0x00, 0x00, 0x00, 0x00, 0x00, 0x00,
    0x00, 0x00, 0x00, 0x00, 0x00, 0x00, 0x00, 0x00, 0x00, 0x00, 0x00, 0x00,
    0x00, 0x00, 0x00, 0x00, 0x00, 0x00, 0x00, 0x00, 0x00, 0x00, 0x00, 0x00,
    0x00, 0x00, 0x00, 0x00, 0x00, 0x00, 0x00, 0x00, 0x00, 0x00, 0x00, 0x00,
    0x00, 0x00, 0x00, 0x00, 0x00, 0x00, 0x00, 0x00, 0x00, 0x00, 0x00, 0x00,
    0x00, 0x00, 0x00, 0x00, 0x00, 0x00, 0x00, 0x00, 0x00, 0x00, 0x00, 0x00,
    0xe8, 0xe8, 0x18, 0xff, 0xe8, 0xe8, 0x20, 0xff, 0xe8, 0xe4, 0x20, 0xff,
    0xe8, 0xe8, 0x20, 0xff, 0xe8, 0xe8, 0x20, 0xff, 0xe8, 0xe4, 0x20, 0xff,
    0xe8, 0xe4, 0x20, 0xff, 0xe8, 0xe8, 0x20, 0xff, 0xe8, 0xe8, 0x20, 0xff,
    0xe8, 0xe4, 0x20, 0xff, 0xe8, 0xe8, 0x20, 0xff, 0xe8, 0xe8, 0x18, 0xff,
    0x00, 0x00, 0x00, 0x00, 0x00, 0x00, 0x00, 0x00, 0x00, 0x00, 0x00, 0x00,
    0x00, 0x00, 0x00, 0x00, 0x00, 0x00, 0x00, 0x00, 0x00, 0x00, 0x00, 0x00,
    0x00, 0x00, 0x00, 0x00, 0x00, 0x00, 0x00, 0x00, 0x00, 0x00, 0x00, 0x00,
    0x00, 0x00, 0x00, 0x00, 0x00, 0x00, 0x00, 0x00, 0x00, 0x00, 0x00, 0x00,
    0x00, 0x00, 0x00, 0x00, 0x00, 0x00, 0x00, 0x00, 0x00, 0x00, 0x00, 0x00,
    0x00, 0x00, 0x00, 0x00, 0x00, 0x00, 0x00, 0x00, 0x00, 0x00, 0x00, 0x00,
    0x00, 0x00, 0x00, 0x00, 0x00, 0x00, 0x00, 0x00, 0x00, 0x00, 0x00, 0x00,
    0x00, 0x00, 0x00, 0x00, 0x00, 0x00, 0x00, 0x00, 0x00, 0x00, 0x00, 0x00,
    0x00, 0x00, 0x00, 0x00, 0x00, 0x00, 0x00, 0x00, 0x00, 0x00, 0x00, 0x00,
    0x00, 0x00, 0x00, 0x00, 0x00, 0x00, 0x00, 0x00, 0x00, 0x00, 0x00, 0x00,
    0x00, 0x00, 0x00, 0x00, 0x00, 0x00, 0x00, 0x00, 0x00, 0x00, 0x00, 0x00,
    0x00, 0x00, 0x00, 0x00, 0x00, 0x00, 0x00, 0x00, 0x00, 0x00, 0x00, 0x00,
    0x00, 0x00, 0x00, 0x00, 0x00, 0x00, 0x00, 0x00, 0x00, 0x00, 0x00, 0x00,
    0x00, 0x00, 0x00, 0x00, 0x00, 0x00, 0x00, 0x00, 0x00, 0x00, 0x00, 0x00,
    0x00, 0x00, 0x00, 0x00, 0x00, 0x00, 0x00, 0x00, 0x00, 0x00, 0x00, 0x00,
    0x00, 0x00, 0x00, 0x00, 0x00, 0x00, 0x00, 0x00, 0x00, 0x00, 0x00, 0x00,
    0x00, 0x00, 0x00, 0x00, 0x00, 0x00, 0x00, 0x00, 0x00, 0x00, 0x00, 0x00,
    0x00, 0x00, 0x00, 0x00, 0x00, 0x00, 0x00, 0x00, 0x00, 0x00, 0x00, 0x00,
    0x00, 0x00, 0x00, 0x00, 0x00, 0x00, 0x00, 0x00, 0x00, 0x00, 0x00, 0x00,
    0x00, 0x00, 0x00, 0x00, 0x00, 0x00, 0x00, 0x00, 0x00, 0x00, 0x00, 0x00,
    0x00, 0x00, 0x00, 0x00, 0x00, 0x00, 0x00, 0x00, 0x00, 0x00, 0x00, 0x00,
    0x00, 0x00, 0x00, 0x00, 0x00, 0x00, 0x00, 0x00, 0x00, 0x00, 0x00, 0x00,
    0x00, 0x00, 0x00, 0x00, 0x00, 0x00, 0x00, 0x00, 0x00, 0x00, 0x00, 0x00,
    0x00, 0x00, 0x00, 0x00, 0x00, 0x00, 0x00, 0x00, 0x00, 0x00, 0x00, 0x00,
    0x00, 0x00, 0x00, 0x00, 0x00, 0x00, 0x00, 0x00, 0x00, 0x00, 0x00, 0x00,
    0x00, 0x00, 0x00, 0x00, 0x00, 0x00, 0x00, 0x00, 0x00, 0x00, 0x00, 0x00,
    0x00, 0x00, 0x00, 0x00, 0x00, 0x00, 0x00, 0x00, 0x00, 0x00, 0x00, 0x00,
    0x00, 0x00, 0x00, 0x00, 0x00, 0x00, 0x00, 0x00, 0x00, 0x00, 0x00, 0x00,
    0x00, 0x00, 0x00, 0x00, 0x00, 0x00, 0x00, 0x00, 0x00, 0x00, 0x00, 0x00,
    0x00, 0x00, 0x00, 0x00, 0xe0, 0xe8, 0x20, 0xff, 0xe8, 0xe8, 0x18, 0xff,
    0xe8, 0xe8, 0x20, 0xff, 0xe8, 0xe8, 0x20, 0xff, 0xe8, 0xe8, 0x18, 0xff,
    0xe8, 0xe8, 0x20, 0xff, 0xe8, 0xe8, 0x20, 0xff, 0xe8, 0xe8, 0x20, 0xff,
    0xe0, 0xe4, 0x18, 0xff, 0xe8, 0xe8, 0x20, 0xff, 0xe8, 0xe8, 0x20, 0xff,
    0xe8, 0xe8, 0x20, 0xff, 0x00, 0x00, 0x00, 0x00, 0x00, 0x00, 0x00, 0x00,
    0x00, 0x00, 0x00, 0x00, 0x00, 0x00, 0x00, 0x00, 0x00, 0x00, 0x00, 0x00,
    0x00, 0x00, 0x00, 0x00, 0x00, 0x00, 0x00, 0x00, 0x00, 0x00, 0x00, 0x00,
    0x00, 0x00, 0x00, 0x00, 0x00, 0x00, 0x00, 0x00, 0x00, 0x00, 0x00, 0x00,
    0x00, 0x00, 0x00, 0x00, 0x00, 0x00, 0x00, 0x00, 0x00, 0x00, 0x00, 0x00,
    0x00, 0x00, 0x00, 0x00, 0x00, 0x00, 0x00, 0x00, 0x00, 0x00, 0x00, 0x00,
    0x00, 0x00, 0x00, 0x00, 0x00, 0x00, 0x00, 0x00, 0x00, 0x00, 0x00, 0x00,
    0x00, 0x00, 0x00, 0x00, 0x00, 0x00, 0x00, 0x00, 0x00, 0x00, 0x00, 0x00,
    0x00, 0x00, 0x00, 0x00, 0x00, 0x00, 0x00, 0x00, 0x00, 0x00, 0x00, 0x00,
    0x00, 0x00, 0x00, 0x00, 0x00, 0x00, 0x00, 0x00, 0x00, 0x00, 0x00, 0x00,
    0x00, 0x00, 0x00, 0x00, 0x00, 0x00, 0x00, 0x00, 0x00, 0x00, 0x00, 0x00,
    0x00, 0x00, 0x00, 0x00, 0x00, 0x00, 0x00, 0x00, 0x00, 0x00, 0x00, 0x00,
    0x00, 0x00, 0x00, 0x00, 0x00, 0x00, 0x00, 0x00, 0x00, 0x00, 0x00, 0x00,
    0x00, 0x00, 0x00, 0x00, 0x00, 0x00, 0x00, 0x00, 0x00, 0x00, 0x00, 0x00,
    0x00, 0x00, 0x00, 0x00, 0x00, 0x00, 0x00, 0x00, 0x00, 0x00, 0x00, 0x00,
    0x00, 0x00, 0x00, 0x00, 0x00, 0x00, 0x00, 0x00, 0x00, 0x00, 0x00, 0x00,
    0x00, 0x00, 0x00, 0x00, 0x00, 0x00, 0x00, 0x00, 0x00, 0x00, 0x00, 0x00,
    0x00, 0x00, 0x00, 0x00, 0x00, 0x00, 0x00, 0x00, 0x00, 0x00, 0x00, 0x00,
    0x00, 0x00, 0x00, 0x00, 0x00, 0x00, 0x00, 0x00, 0x00, 0x00, 0x00, 0x00,
    0x00, 0x00, 0x00, 0x00, 0x00, 0x00, 0x00, 0x00, 0x00, 0x00, 0x00, 0x00,
    0x00, 0x00, 0x00, 0x00, 0x00, 0x00, 0x00, 0x00, 0x00, 0x00, 0x00, 0x00,
    0x00, 0x00, 0x00, 0x00, 0x00, 0x00, 0x00, 0x00, 0x00, 0x00, 0x00, 0x00,
    0x00, 0x00, 0x00, 0x00, 0x00, 0x00, 0x00, 0x00, 0x00, 0x00, 0x00, 0x00,
    0x00, 0x00, 0x00, 0x00, 0x00, 0x00, 0x00, 0x00, 0x00, 0x00, 0x00, 0x00,
    0x00, 0x00, 0x00, 0x00, 0x00, 0x00, 0x00, 0x00, 0x00, 0x00, 0x00, 0x00,
    0x00, 0x00, 0x00, 0x00, 0x00, 0x00, 0x00, 0x00, 0x00, 0x00, 0x00, 0x00,
    0x00, 0x00, 0x00, 0x00, 0x00, 0x00, 0x00, 0x00, 0x00, 0x00, 0x00, 0x00,
    0x00, 0x00, 0x00, 0x00, 0x00, 0x00, 0x00, 0x00, 0x00, 0x00, 0x00, 0x00,
    0x00, 0x00, 0x00, 0x00, 0x00, 0x00, 0x00, 0x00, 0x00, 0x00, 0x00, 0x00,
    0x00, 0x00, 0x00, 0x00, 0x00, 0x00, 0x00, 0x00, 0xe8, 0xe4, 0x20, 0xff,
    0xe8, 0xe8, 0x20, 0xff, 0xe8, 0xe4, 0x18, 0xff, 0xe0, 0xe4, 0x20, 0xff,
    0xe8, 0xe8, 0x20, 0xff, 0xe8, 0xe8, 0x18, 0xff, 0xe8, 0xe8, 0x20, 0xff,
    0xe8, 0xe8, 0x20, 0xff, 0xe8, 0xe8, 0x18, 0xff, 0xe8, 0xe8, 0x20, 0xff,
    0xe8, 0xe4, 0x20, 0xff, 0xe8, 0xe8, 0x18, 0xff, 0x00, 0x00, 0x00, 0x00,
    0x00, 0x00, 0x00, 0x00, 0x00, 0x00, 0x00, 0x00, 0x00, 0x00, 0x00, 0x00,
    0x00, 0x00, 0x00, 0x00, 0x00, 0x00, 0x00, 0x00, 0x00, 0x00, 0x00, 0x00,
    0x00, 0x00, 0x00, 0x00, 0x00, 0x00, 0x00, 0x00, 0x00, 0x00, 0x00, 0x00,
    0x00, 0x00, 0x00, 0x00, 0x00, 0x00, 0x00, 0x00, 0x00, 0x00, 0x00, 0x00,
    0x00, 0x00, 0x00, 0x00, 0x00, 0x00, 0x00, 0x00, 0x00, 0x00, 0x00, 0x00,
    0x00, 0x00, 0x00, 0x00, 0x00, 0x00, 0x00, 0x00, 0x00, 0x00, 0x00, 0x00,
    0x00, 0x00, 0x00, 0x00, 0x00, 0x00, 0x00, 0x00, 0x00, 0x00, 0x00, 0x00,
    0x00, 0x00, 0x00, 0x00, 0x00, 0x00, 0x00, 0x00, 0x00, 0x00, 0x00, 0x00,
    0x00, 0x00, 0x00, 0x00, 0x00, 0x00, 0x00, 0x00, 0x00, 0x00, 0x00, 0x00,
    0x00, 0x00, 0x00, 0x00, 0x00, 0x00, 0x00, 0x00, 0x00, 0x00, 0x00, 0x00,
    0x00, 0x00, 0x00, 0x00, 0x00, 0x00, 0x00, 0x00, 0x00, 0x00, 0x00, 0x00,
    0x00, 0x00, 0x00, 0x00, 0x00, 0x00, 0x00, 0x00, 0x00, 0x00, 0x00, 0x00,
    0x00, 0x00, 0x00, 0x00, 0x00, 0x00, 0x00, 0x00, 0x00, 0x00, 0x00, 0x00,
    0x00, 0x00, 0x00, 0x00, 0x00, 0x00, 0x00, 0x00, 0x00, 0x00, 0x00, 0x00,
    0x00, 0x00, 0x00, 0x00, 0x00, 0x00, 0x00, 0x00, 0x00, 0x00, 0x00, 0x00,
    0x00, 0x00, 0x00, 0x00, 0x00, 0x00, 0x00, 0x00, 0x00, 0x00, 0x00, 0x00,
    0x00, 0x00, 0x00, 0x00, 0x00, 0x00, 0x00, 0x00, 0x00, 0x00, 0x00, 0x00,
    0x00, 0x00, 0x00, 0x00, 0x00, 0x00, 0x00, 0x00, 0x00, 0x00, 0x00, 0x00,
    0x00, 0x00, 0x00, 0x00, 0x00, 0x00, 0x00, 0x00, 0x00, 0x00, 0x00, 0x00,
    0x00, 0x00, 0x00, 0x00, 0x00, 0x00, 0x00, 0x00, 0x00, 0x00, 0x00, 0x00,
    0x00, 0x00, 0x00, 0x00, 0x00, 0x00, 0x00, 0x00, 0x00, 0x00, 0x00, 0x00,
    0x00, 0x00, 0x00, 0x00, 0x00, 0x00, 0x00, 0x00, 0x00, 0x00, 0x00, 0x00,
    0x00, 0x00, 0x00, 0x00, 0x00, 0x00, 0x00, 0x00, 0x00, 0x00, 0x00, 0x00,
    0x00, 0x00, 0x00, 0x00, 0x00, 0x00, 0x00, 0x00, 0x00, 0x00, 0x00, 0x00,
    0x00, 0x00, 0x00, 0x00, 0x00, 0x00, 0x00, 0x00, 0x00, 0x00, 0x00, 0x00,
    0x00, 0x00, 0x00, 0x00, 0x00, 0x00, 0x00, 0x00, 0x00, 0x00, 0x00, 0x00,
    0x00, 0x00, 0x00, 0x00, 0x00, 0x00, 0x00, 0x00, 0x00, 0x00, 0x00, 0x00,
    0x00, 0x00, 0x00, 0x00, 0x00, 0x00, 0x00, 0x00, 0x00, 0x00, 0x00, 0x00,
    0x00, 0x00, 0x00, 0x00, 0x00, 0x00, 0x00, 0x00, 0x00, 0x00, 0x00, 0x00,
    0xe8, 0xe8, 0x20, 0xff, 0xe8, 0xe8, 0x20, 0xff, 0xe8, 0xe8, 0x20, 0xff,
    0xe8, 0xe8, 0x20, 0xff, 0xe8, 0xe4, 0x20, 0xff, 0xe8, 0xe8, 0x20, 0xff,
    0xe8, 0xe4, 0x20, 0xff, 0xe8, 0xe8, 0x20, 0xff, 0xe8, 0xe8, 0x20, 0xff,
    0xe8, 0xe4, 0x20, 0xff, 0xe0, 0xe8, 0x20, 0xff, 0xe8, 0xe8, 0x20, 0xff,
    0x00, 0x00, 0x00, 0x00, 0x00, 0x00, 0x00, 0x00, 0x00, 0x00, 0x00, 0x00,
    0x00, 0x00, 0x00, 0x00, 0x00, 0x00, 0x00, 0x00, 0x00, 0x00, 0x00, 0x00,
    0x00, 0x00, 0x00, 0x00, 0x00, 0x00, 0x00, 0x00, 0x00, 0x00, 0x00, 0x00,
    0x00, 0x00, 0x00, 0x00, 0x00, 0x00, 0x00, 0x00, 0x00, 0x00, 0x00, 0x00,
    0x00, 0x00, 0x00, 0x00, 0x00, 0x00, 0x00, 0x00, 0x00, 0x00, 0x00, 0x00,
    0x00, 0x00, 0x00, 0x00, 0x00, 0x00, 0x00, 0x00, 0x00, 0x00, 0x00, 0x00,
    0x00, 0x00, 0x00, 0x00, 0x00, 0x00, 0x00, 0x00, 0x00, 0x00, 0x00, 0x00,
    0x00, 0x00, 0x00, 0x00, 0x00, 0x00, 0x00, 0x00, 0x00, 0x00, 0x00, 0x00,
    0x00, 0x00, 0x00, 0x00, 0x00, 0x00, 0x00, 0x00, 0x00, 0x00, 0x00, 0x00,
    0x00, 0x00, 0x00, 0x00, 0x00, 0x00, 0x00, 0x00, 0x00, 0x00, 0x00, 0x00,
    0x00, 0x00, 0x00, 0x00, 0x00, 0x00, 0x00, 0x00, 0x00, 0x00, 0x00, 0x00,
    0x00, 0x00, 0x00, 0x00, 0x00, 0x00, 0x00, 0x00, 0x00, 0x00, 0x00, 0x00,
    0x00, 0x00, 0x00, 0x00, 0x00, 0x00, 0x00, 0x00, 0x00, 0x00, 0x00, 0x00,
    0x00, 0x00, 0x00, 0x00, 0x00, 0x00, 0x00, 0x00, 0x00, 0x00, 0x00, 0x00,
    0x00, 0x00, 0x00, 0x00, 0x00, 0x00, 0x00, 0x00, 0x00, 0x00, 0x00, 0x00,
    0x00, 0x00, 0x00, 0x00, 0x00, 0x00, 0x00, 0x00, 0x00, 0x00, 0x00, 0x00,
    0x00, 0x00, 0x00, 0x00, 0x00, 0x00, 0x00, 0x00, 0x00, 0x00, 0x00, 0x00,
    0x00, 0x00, 0x00, 0x00, 0x00, 0x00, 0x00, 0x00, 0x00, 0x00, 0x00, 0x00,
    0x00, 0x00, 0x00, 0x00, 0x00, 0x00, 0x00, 0x00, 0x00, 0x00, 0x00, 0x00,
    0x00, 0x00, 0x00, 0x00, 0x00, 0x00, 0x00, 0x00, 0x00, 0x00, 0x00, 0x00,
    0x00, 0x00, 0x00, 0x00, 0x00, 0x00, 0x00, 0x00, 0x00, 0x00, 0x00, 0x00,
    0x00, 0x00, 0x00, 0x00, 0x00, 0x00, 0x00, 0x00, 0x00, 0x00, 0x00, 0x00,
    0x00, 0x00, 0x00, 0x00, 0x00, 0x00, 0x00, 0x00, 0x00, 0x00, 0x00, 0x00,
    0x00, 0x00, 0x00, 0x00, 0x00, 0x00, 0x00, 0x00, 0x00, 0x00, 0x00, 0x00,
    0x00, 0x00, 0x00, 0x00, 0x00, 0x00, 0x00, 0x00, 0x00, 0x00, 0x00, 0x00,
    0x00, 0x00, 0x00, 0x00, 0x00, 0x00, 0x00, 0x00, 0x00, 0x00, 0x00, 0x00,
    0x00, 0x00, 0x00, 0x00, 0x00, 0x00, 0x00, 0x00, 0x00, 0x00, 0x00, 0x00,
    0x00, 0x00, 0x00, 0x00, 0x00, 0x00, 0x00, 0x00, 0x00, 0x00, 0x00, 0x00,
    0x00, 0x00, 0x00, 0x00, 0x00, 0x00, 0x00, 0x00, 0x00, 0x00, 0x00, 0x00,
    0x00, 0x00, 0x00, 0x00, 0xe0, 0xe8, 0x18, 0xff, 0xe8, 0xe4, 0x20, 0xff,
    0xe8, 0xe8, 0x18, 0xff, 0xe8, 0xe8, 0x20, 0xff, 0xe8, 0xe8, 0x20, 0xff,
    0xe8, 0xe8, 0x18, 0xff, 0xe8, 0xe8, 0x20, 0xff, 0xe8, 0xe8, 0x18, 0xff,
    0xe8, 0xe4, 0x20, 0xff, 0xe8, 0xe8, 0x18, 0xff, 0xe8, 0xe8, 0x20, 0xff,
    0xe8, 0xe4, 0x20, 0xff, 0x00, 0x00, 0x00, 0x00, 0x00, 0x00, 0x00, 0x00,
    0x00, 0x00, 0x00, 0x00, 0x00, 0x00, 0x00, 0x00, 0x00, 0x00, 0x00, 0x00,
    0x00, 0x00, 0x00, 0x00, 0x00, 0x00, 0x00, 0x00, 0x00, 0x00, 0x00, 0x00,
    0x00, 0x00, 0x00, 0x00, 0x00, 0x00, 0x00, 0x00, 0x00, 0x00, 0x00, 0x00,
    0x00, 0x00, 0x00, 0x00, 0x00, 0x00, 0x00, 0x00, 0x00, 0x00, 0x00, 0x00,
    0x00, 0x00, 0x00, 0x00, 0x00, 0x00, 0x00, 0x00, 0x00, 0x00, 0x00, 0x00,
    0x00, 0x00, 0x00, 0x00, 0x00, 0x00, 0x00, 0x00, 0x00, 0x00, 0x00, 0x00,
    0x00, 0x00, 0x00, 0x00, 0x00, 0x00, 0x00, 0x00, 0x00, 0x00, 0x00, 0x00,
    0x00, 0x00, 0x00, 0x00, 0x00, 0x00, 0x00, 0x00, 0x00, 0x00, 0x00, 0x00,
    0x00, 0x00, 0x00, 0x00, 0x00, 0x00, 0x00, 0x00, 0x00, 0x00, 0x00, 0x00,
    0x00, 0x00, 0x00, 0x00, 0x00, 0x00, 0x00, 0x00, 0x00, 0x00, 0x00, 0x00,
    0x00, 0x00, 0x00, 0x00, 0x00, 0x00, 0x00, 0x00, 0x00, 0x00, 0x00, 0x00,
    0x00, 0x00, 0x00, 0x00, 0x00, 0x00, 0x00, 0x00, 0x00, 0x00, 0x00, 0x00,
    0x00, 0x00, 0x00, 0x00, 0x00, 0x00, 0x00, 0x00, 0x00, 0x00, 0x00, 0x00,
    0x00, 0x00, 0x00, 0x00, 0x00, 0x00, 0x00, 0x00, 0x00, 0x00, 0x00, 0x00,
    0x00, 0x00, 0x00, 0x00, 0x00, 0x00, 0x00, 0x00, 0x00, 0x00, 0x00, 0x00,
    0x00, 0x00, 0x00, 0x00, 0x00, 0x00, 0x00, 0x00, 0x00, 0x00, 0x00, 0x00,
    0x00, 0x00, 0x00, 0x00, 0x00, 0x00, 0x00, 0x00, 0x00, 0x00, 0x00, 0x00,
    0x00, 0x00, 0x00, 0x00, 0x00, 0x00, 0x00, 0x00, 0x00, 0x00, 0x00, 0x00,
    0x00, 0x00, 0x00, 0x00, 0x00, 0x00, 0x00, 0x00, 0x00, 0x00, 0x00, 0x00,
    0x00, 0x00, 0x00, 0x00, 0x00, 0x00, 0x00, 0x00, 0x00, 0x00, 0x00, 0x00,
    0x00, 0x00, 0x00, 0x00, 0x00, 0x00, 0x00, 0x00, 0x00, 0x00, 0x00, 0x00,
    0x00, 0x00, 0x00, 0x00, 0x00, 0x00, 0x00, 0x00, 0x00, 0x00, 0x00, 0x00,
    0x00, 0x00, 0x00, 0x00, 0x00, 0x00, 0x00, 0x00, 0x00, 0x00, 0x00, 0x00,
    0x00, 0x00, 0x00, 0x00, 0x00, 0x00, 0x00, 0x00, 0x00, 0x00, 0x00, 0x00,
    0x00, 0x00, 0x00, 0x00, 0x00, 0x00, 0x00, 0x00, 0x00, 0x00, 0x00, 0x00,
    0x00, 0x00, 0x00, 0x00, 0x00, 0x00, 0x00, 0x00, 0x00, 0x00, 0x00, 0x00,
    0x00, 0x00, 0x00, 0x00, 0x00, 0x00, 0x00, 0x00, 0x00, 0x00, 0x00, 0x00,
    0x00, 0x00, 0x00, 0x00, 0x00, 0x00, 0x00, 0x00, 0x00, 0x00, 0x00, 0x00,
    0x00, 0x00, 0x00, 0x00, 0x00, 0x00, 0x00, 0x00, 0xe8, 0xe8, 0x20, 0xff,
    0xe8, 0xe8, 0x20, 0xff, 0xe8, 0xe4, 0x18, 0xff, 0xe0, 0xe8, 0x20, 0xff,
    0xe8, 0xe8, 0x20, 0xff, 0xe8, 0xe4, 0x20, 0xff, 0xe8, 0xe8, 0x20, 0xff,
    0xe8, 0xe8, 0x20, 0xff, 0xe0, 0xe8, 0x18, 0xff, 0xe8, 0xe8, 0x20, 0xff,
    0xe8, 0xe8, 0x20, 0xff, 0xe8, 0xe8, 0x18, 0xff, 0x00, 0x00, 0x00, 0x00,
    0x00, 0x00, 0x00, 0x00, 0x00, 0x00, 0x00, 0x00, 0x00, 0x00, 0x00, 0x00,
    0x00, 0x00, 0x00, 0x00, 0x00, 0x00, 0x00, 0x00, 0x00, 0x00, 0x00, 0x00,
    0x00, 0x00, 0x00, 0x00, 0x00, 0x00, 0x00, 0x00, 0x00, 0x00, 0x00, 0x00,
    0x00, 0x00, 0x00, 0x00, 0x00, 0x00, 0x00, 0x00, 0x00, 0x00, 0x00, 0x00,
    0x00, 0x00, 0x00, 0x00, 0x00, 0x00, 0x00, 0x00, 0x00, 0x00, 0x00, 0x00,
    0x00, 0x00, 0x00, 0x00, 0x00, 0x00, 0x00, 0x00, 0x00, 0x00, 0x00, 0x00,
    0x00, 0x00, 0x00, 0x00, 0x00, 0x00, 0x00, 0x00, 0x00, 0x00, 0x00, 0x00,
    0x00, 0x00, 0x00, 0x00, 0x00, 0x00, 0x00, 0x00, 0x00, 0x00, 0x00, 0x00,
    0x00, 0x00, 0x00, 0x00, 0x00, 0x00, 0x00, 0x00, 0x00, 0x00, 0x00, 0x00,
    0x00, 0x00, 0x00, 0x00, 0x00, 0x00, 0x00, 0x00, 0x00, 0x00, 0x00, 0x00,
    0x00, 0x00, 0x00, 0x00, 0x00, 0x00, 0x00, 0x00, 0x00, 0x00, 0x00, 0x00,
    0x00, 0x00, 0x00, 0x00, 0x00, 0x00, 0x00, 0x00, 0x00, 0x00, 0x00, 0x00,
    0x00, 0x00, 0x00, 0x00, 0x00, 0x00, 0x00, 0x00, 0x00, 0x00, 0x00, 0x00,
    0x00, 0x00, 0x00, 0x00, 0x00, 0x00, 0x00, 0x00, 0x00, 0x00, 0x00, 0x00,
    0x00, 0x00, 0x00, 0x00, 0x00, 0x00, 0x00, 0x00, 0x00, 0x00, 0x00, 0x00,
    0x00, 0x00, 0x00, 0x00, 0x00, 0x00, 0x00, 0x00, 0x00, 0x00, 0x00, 0x00,
    0x00, 0x00, 0x00, 0x00, 0x00, 0x00, 0x00, 0x00, 0x00, 0x00, 0x00, 0x00,
    0x00, 0x00, 0x00, 0x00, 0x00, 0x00, 0x00, 0x00, 0x00, 0x00, 0x00, 0x00,
    0x00, 0x00, 0x00, 0x00, 0x00, 0x00, 0x00, 0x00, 0x00, 0x00, 0x00, 0x00,
    0x00, 0x00, 0x00, 0x00, 0x00, 0x00, 0x00, 0x00, 0x00, 0x00, 0x00, 0x00,
    0x00, 0x00, 0x00, 0x00, 0x00, 0x00, 0x00, 0x00, 0x00, 0x00, 0x00, 0x00,
    0x00, 0x00, 0x00, 0x00, 0x00, 0x00, 0x00, 0x00, 0x00, 0x00, 0x00, 0x00,
    0x00, 0x00, 0x00, 0x00, 0x00, 0x00, 0x00, 0x00, 0x00, 0x00, 0x00, 0x00,
    0x00, 0x00, 0x00, 0x00, 0x00, 0x00, 0x00, 0x00, 0x00, 0x00, 0x00, 0x00,
    0x00, 0x00, 0x00, 0x00, 0x00, 0x00, 0x00, 0x00, 0x00, 0x00, 0x00, 0x00,
    0x00, 0x00, 0x00, 0x00, 0x00, 0x00, 0x00, 0x00, 0x00, 0x00, 0x00, 0x00,
    0x00, 0x00, 0x00, 0x00, 0x00, 0x00, 0x00, 0x00, 0x00, 0x00, 0x00, 0x00,
    0x00, 0x00, 0x00, 0x00, 0x00, 0x00, 0x00, 0x00, 0x00, 0x00, 0x00, 0x00,
    0x00, 0x00, 0x00, 0x00, 0x00, 0x00, 0x00, 0x00, 0x00, 0x00, 0x00, 0x00,
    0xe8, 0xe8, 0x20, 0xff, 0xe8, 0xe8, 0x20, 0xff, 0xe8, 0xe8, 0x20, 0xff,
    0xe8, 0xe4, 0x18, 0xff, 0xe8, 0xe8, 0x20, 0xff, 0xe8, 0xe8, 0x20, 0xff,
    0xe8, 0xe4, 0x20, 0xff, 0xe8, 0xe8, 0x20, 0xff, 0xe8, 0xe8, 0x20, 0xff,
    0xe8, 0xe4, 0x20, 0xff, 0xe8, 0xe8, 0x20, 0xff, 0xe0, 0xe8, 0x18, 0xff,
    0x00, 0x00, 0x00, 0x00, 0x00, 0x00, 0x00, 0x00, 0x00, 0x00, 0x00, 0x00,
    0x00, 0x00, 0x00, 0x00, 0x00, 0x00, 0x00, 0x00, 0x00, 0x00, 0x00, 0x00,
    0x00, 0x00, 0x00, 0x00, 0x00, 0x00, 0x00, 0x00, 0x00, 0x00, 0x00, 0x00,
    0x00, 0x00, 0x00, 0x00, 0x00, 0x00, 0x00, 0x00, 0x00, 0x00, 0x00, 0x00,
    0x00, 0x00, 0x00, 0x00, 0x00, 0x00, 0x00, 0x00, 0x00, 0x00, 0x00, 0x00,
    0x00, 0x00, 0x00, 0x00, 0x00, 0x00, 0x00, 0x00, 0x00, 0x00, 0x00, 0x00,
    0x00, 0x00, 0x00, 0x00, 0x00, 0x00, 0x00, 0x00, 0x00, 0x00, 0x00, 0x00,
    0x00, 0x00, 0x00, 0x00, 0x00, 0x00, 0x00, 0x00, 0x00, 0x00, 0x00, 0x00,
    0x00, 0x00, 0x00, 0x00, 0x00, 0x00, 0x00, 0x00, 0x00, 0x00, 0x00, 0x00,
    0x00, 0x00, 0x00, 0x00, 0x00, 0x00, 0x00, 0x00, 0x00, 0x00, 0x00, 0x00,
    0x00, 0x00, 0x00, 0x00, 0x00, 0x00, 0x00, 0x00, 0x00, 0x00, 0x00, 0x00,
    0x00, 0x00, 0x00, 0x00, 0x00, 0x00, 0x00, 0x00, 0x00, 0x00, 0x00, 0x00,
    0x00, 0x00, 0x00, 0x00, 0x00, 0x00, 0x00, 0x00, 0x00, 0x00, 0x00, 0x00,
    0x00, 0x00, 0x00, 0x00, 0x00, 0x00, 0x00, 0x00, 0x00, 0x00, 0x00, 0x00,
    0x00, 0x00, 0x00, 0x00, 0x00, 0x00, 0x00, 0x00, 0x00, 0x00, 0x00, 0x00,
    0x00, 0x00, 0x00, 0x00, 0x00, 0x00, 0x00, 0x00, 0x00, 0x00, 0x00, 0x00,
    0x00, 0x00, 0x00, 0x00, 0x00, 0x00, 0x00, 0x00, 0x00, 0x00, 0x00, 0x00,
    0x00, 0x00, 0x00, 0x00, 0x00, 0x00, 0x00, 0x00, 0x00, 0x00, 0x00, 0x00,
    0x00, 0x00, 0x00, 0x00, 0x00, 0x00, 0x00, 0x00, 0x00, 0x00, 0x00, 0x00,
    0x00, 0x00, 0x00, 0x00, 0x00, 0x00, 0x00, 0x00, 0x00, 0x00, 0x00, 0x00,
    0x00, 0x00, 0x00, 0x00, 0x00, 0x00, 0x00, 0x00, 0x00, 0x00, 0x00, 0x00,
    0x00, 0x00, 0x00, 0x00, 0x00, 0x00, 0x00, 0x00, 0x00, 0x00, 0x00, 0x00,
    0x00, 0x00, 0x00, 0x00, 0x00, 0x00, 0x00, 0x00, 0x00, 0x00, 0x00, 0x00,
    0x00, 0x00, 0x00, 0x00, 0x00, 0x00, 0x00, 0x00, 0x00, 0x00, 0x00, 0x00,
    0x00, 0x00, 0x00, 0x00, 0x00, 0x00, 0x00, 0x00, 0x00, 0x00, 0x00, 0x00,
    0x00, 0x00, 0x00, 0x00, 0x00, 0x00, 0x00, 0x00, 0x00, 0x00, 0x00, 0x00,
    0x00, 0x00, 0x00, 0x00, 0x00, 0x00, 0x00, 0x00, 0x00, 0x00, 0x00, 0x00,
    0x00, 0x00, 0x00, 0x00, 0x00, 0x00, 0x00, 0x00, 0x00, 0x00, 0x00, 0x00,
    0x00, 0x00, 0x00, 0x00, 0x00, 0x00, 0x00, 0x00, 0x00, 0x00, 0x00, 0x00,
    0x00, 0x00, 0x00, 0x00, 0xe8, 0xe4, 0x18, 0xff, 0xe0, 0xe8, 0x20, 0xff,
    0xe8, 0xe8, 0x20, 0xff, 0xe8, 0xe8, 0x20, 0xff, 0xe8, 0xe8, 0x18, 0xff,
    0xe8, 0xe8, 0x20, 0xff, 0xe8, 0xe8, 0x20, 0xff, 0xe8, 0xe8, 0x18, 0xff,
    0xe8, 0xe4, 0x20, 0xff, 0xe8, 0xe8, 0x20, 0xff, 0xe8, 0xe4, 0x18, 0xff,
    0xe8, 0xe8, 0x20, 0xff, 0x00, 0x00, 0x00, 0x00, 0x00, 0x00, 0x00, 0x00,
    0x00, 0x00, 0x00, 0x00, 0x00, 0x00, 0x00, 0x00, 0x00, 0x00, 0x00, 0x00,
    0x00, 0x00, 0x00, 0x00, 0x00, 0x00, 0x00, 0x00, 0x00, 0x00, 0x00, 0x00,
    0x00, 0x00, 0x00, 0x00, 0x00, 0x00, 0x00, 0x00, 0x00, 0x00, 0x00, 0x00,
    0x00, 0x00, 0x00, 0x00, 0x00, 0x00, 0x00, 0x00, 0x00, 0x00, 0x00, 0x00,
    0x00, 0x00, 0x00, 0x00, 0x00, 0x00, 0x00, 0x00, 0x00, 0x00, 0x00, 0x00,
    0x00, 0x00, 0x00, 0x00, 0x00, 0x00, 0x00, 0x00, 0x00, 0x00, 0x00, 0x00,
    0x00, 0x00, 0x00, 0x00, 0x00, 0x00, 0x00, 0x00, 0x00, 0x00, 0x00, 0x00,
    0x00, 0x00, 0x00, 0x00, 0x00, 0x00, 0x00, 0x00, 0x00, 0x00, 0x00, 0x00,
    0x00, 0x00, 0x00, 0x00, 0x00, 0x00, 0x00, 0x00, 0x00, 0x00, 0x00, 0x00,
    0x00, 0x00, 0x00, 0x00, 0x00, 0x00, 0x00, 0x00, 0x00, 0x00, 0x00, 0x00,
    0x00, 0x00, 0x00, 0x00, 0x00, 0x00, 0x00, 0x00, 0x00, 0x00, 0x00, 0x00,
    0x00, 0x00, 0x00, 0x00, 0x00, 0x00, 0x00, 0x00, 0x00, 0x00, 0x00, 0x00,
    0x00, 0x00, 0x00, 0x00, 0x00, 0x00, 0x00, 0x00, 0x00, 0x00, 0x00, 0x00,
    0x00, 0x00, 0x00, 0x00, 0x00, 0x00, 0x00, 0x00, 0x00, 0x00, 0x00, 0x00,
    0x00, 0x00, 0x00, 0x00, 0x00, 0x00, 0x00, 0x00, 0x00, 0x00, 0x00, 0x00,
    0x00, 0x00, 0x00, 0x00, 0x00, 0x00, 0x00, 0x00, 0x00, 0x00, 0x00, 0x00,
    0x00, 0x00, 0x00, 0x00, 0x00, 0x00, 0x00, 0x00, 0x00, 0x00, 0x00, 0x00,
    0x00, 0x00, 0x00, 0x00, 0x00, 0x00, 0x00, 0x00, 0x00, 0x00, 0x00, 0x00,
    0x00, 0x00, 0x00, 0x00, 0x00, 0x00, 0x00, 0x00, 0x00, 0x00, 0x00, 0x00,
    0x00, 0x00, 0x00, 0x00, 0x00, 0x00, 0x00, 0x00, 0x00, 0x00, 0x00, 0x00,
    0x00, 0x00, 0x00, 0x00, 0x00, 0x00, 0x00, 0x00, 0x00, 0x00, 0x00, 0x00,
    0x00, 0x00, 0x00, 0x00, 0x00, 0x00, 0x00, 0x00, 0x00, 0x00, 0x00, 0x00,
    0x00, 0x00, 0x00, 0x00, 0x00, 0x00, 0x00, 0x00, 0x00, 0x00, 0x00, 0x00,
    0x00, 0x00, 0x00, 0x00, 0x00, 0x00, 0x00, 0x00, 0x00, 0x00, 0x00, 0x00,
    0x00, 0x00, 0x00, 0x00, 0x00, 0x00, 0x00, 0x00, 0x00, 0x00, 0x00, 0x00,
    0x00, 0x00, 0x00, 0x00, 0x00, 0x00, 0x00, 0x00, 0x00, 0x00, 0x00, 0x00,
    0x00, 0x00, 0x00, 0x00, 0x00, 0x00, 0x00, 0x00, 0x00, 0x00, 0x00, 0x00,
    0x00, 0x00, 0x00, 0x00, 0x00, 0x00, 0x00, 0x00, 0x00, 0x00, 0x00, 0x00,
    0x00, 0x00, 0x00, 0x00, 0x00, 0x00, 0x00, 0x00, 0xe8, 0xe8, 0x20, 0xff,
    0xe8, 0xe4, 0x18, 0xff, 0xe8, 0xe8, 0x20, 0xff, 0xe8, 0xe4, 0x20, 0xff,
    0xe0, 0xe8, 0x20, 0xff, 0xe8, 0xe8, 0x20, 0xff, 0xe8, 0xe8, 0x20, 0xff,
    0xe8, 0xe8, 0x20, 0xff, 0xe0, 0xe8, 0x18, 0xff, 0xe8, 0xe8, 0x20, 0xff,
    0xe8, 0xe8, 0x20, 0xff, 0xe8, 0xe4, 0x20, 0xff, 0x00, 0x00, 0x00, 0x00,
    0x00, 0x00, 0x00, 0x00, 0x00, 0x00, 0x00, 0x00, 0x00, 0x00, 0x00, 0x00,
    0x00, 0x00, 0x00, 0x00, 0x00, 0x00, 0x00, 0x00, 0x00, 0x00, 0x00, 0x00,
    0x00, 0x00, 0x00, 0x00, 0x00, 0x00, 0x00, 0x00, 0x00, 0x00, 0x00, 0x00,
    0x00, 0x00, 0x00, 0x00, 0x00, 0x00, 0x00, 0x00, 0x00, 0x00, 0x00, 0x00,
    0x00, 0x00, 0x00, 0x00, 0x00, 0x00, 0x00, 0x00, 0x00, 0x00, 0x00, 0x00,
    0x00, 0x00, 0x00, 0x00, 0x00, 0x00, 0x00, 0x00, 0x00, 0x00, 0x00, 0x00,
    0x00, 0x00, 0x00, 0x00, 0x00, 0x00, 0x00, 0x00, 0x00, 0x00, 0x00, 0x00,
    0x00, 0x00, 0x00, 0x00, 0x00, 0x00, 0x00, 0x00, 0x00, 0x00, 0x00, 0x00,
    0x00, 0x00, 0x00, 0x00, 0x00, 0x00, 0x00, 0x00, 0x00, 0x00, 0x00, 0x00,
    0x00, 0x00, 0x00, 0x00, 0x00, 0x00, 0x00, 0x00, 0x00, 0x00, 0x00, 0x00,
    0x00, 0x00, 0x00, 0x00, 0x00, 0x00, 0x00, 0x00, 0x00, 0x00, 0x00, 0x00,
    0x00, 0x00, 0x00, 0x00, 0x00, 0x00, 0x00, 0x00, 0x00, 0x00, 0x00, 0x00,
    0x00, 0x00, 0x00, 0x00, 0x00, 0x00, 0x00, 0x00, 0x00, 0x00, 0x00, 0x00,
    0x00, 0x00, 0x00, 0x00, 0x00, 0x00, 0x00, 0x00, 0x00, 0x00, 0x00, 0x00,
    0x00, 0x00, 0x00, 0x00, 0x00, 0x00, 0x00, 0x00, 0x00, 0x00, 0x00, 0x00,
    0x00, 0x00, 0x00, 0x00, 0x00, 0x00, 0x00, 0x00, 0x00, 0x00, 0x00, 0x00,
    0x00, 0x00, 0x00, 0x00, 0x00, 0x00, 0x00, 0x00, 0x00, 0x00, 0x00, 0x00,
    0x00, 0x00, 0x00, 0x00, 0x00, 0x00, 0x00, 0x00, 0x00, 0x00, 0x00, 0x00,
    0x00, 0x00, 0x00, 0x00, 0x00, 0x00, 0x00, 0x00, 0x00, 0x00, 0x00, 0x00,
    0x00, 0x00, 0x00, 0x00, 0x00, 0x00, 0x00, 0x00, 0x00, 0x00, 0x00, 0x00,
    0x00, 0x00, 0x00, 0x00, 0x00, 0x00, 0x00, 0x00, 0x00, 0x00, 0x00, 0x00,
    0x00, 0x00, 0x00, 0x00, 0x00, 0x00, 0x00, 0x00, 0x00, 0x00, 0x00, 0x00,
    0x00, 0x00, 0x00, 0x00, 0x00, 0x00, 0x00, 0x00, 0x00, 0x00, 0x00, 0x00,
    0x00, 0x00, 0x00, 0x00, 0x00, 0x00, 0x00, 0x00, 0x00, 0x00, 0x00, 0x00,
    0x00, 0x00, 0x00, 0x00, 0x00, 0x00, 0x00, 0x00, 0x00, 0x00, 0x00, 0x00,
    0x00, 0x00, 0x00, 0x00, 0x00, 0x00, 0x00, 0x00, 0x00, 0x00, 0x00, 0x00,
    0x00, 0x00, 0x00, 0x00, 0x00, 0x00, 0x00, 0x00, 0x00, 0x00, 0x00, 0x00,
    0x00, 0x00, 0x00, 0x00, 0x00, 0x00, 0x00, 0x00, 0x00, 0x00, 0x00, 0x00,
    0x00, 0x00, 0x00, 0x00, 0x00, 0x00, 0x00, 0x00, 0x00, 0x00, 0x00, 0x00,
    0xe8, 0xe8, 0x20, 0xff, 0xe8, 0xe8, 0x20, 0xff, 0xe8, 0xe8, 0x18, 0xff,
    0xe8, 0xe4, 0x20, 0xff, 0xe8, 0xe8, 0x20, 0xff, 0xe8, 0xe8, 0x18, 0xff,
    0xe8, 0xe4, 0x20, 0xff, 0xe8, 0xe8, 0x20, 0xff, 0xe8, 0xe8, 0x20, 0xff,
    0xe8, 0xe4, 0x18, 0xff, 0xe8, 0xe8, 0x20, 0xff, 0xe0, 0xe8, 0x20, 0xff,
    0x00, 0x00, 0x00, 0x00, 0x00, 0x00, 0x00, 0x00, 0x00, 0x00, 0x00, 0x00,
    0x00, 0x00, 0x00, 0x00, 0x00, 0x00, 0x00, 0x00, 0x00, 0x00, 0x00, 0x00,
    0x00, 0x00, 0x00, 0x00, 0x00, 0x00, 0x00, 0x00, 0x00, 0x00, 0x00, 0x00,
    0x00, 0x00, 0x00, 0x00, 0x00, 0x00, 0x00, 0x00, 0x00, 0x00, 0x00, 0x00,
    0x00, 0x00, 0x00, 0x00, 0x00, 0x00, 0x00, 0x00, 0x00, 0x00, 0x00, 0x00,
    0x00, 0x00, 0x00, 0x00, 0x00, 0x00, 0x00, 0x00, 0x00, 0x00, 0x00, 0x00,
    0x00, 0x00, 0x00, 0x00, 0x00, 0x00, 0x00, 0x00, 0x00, 0x00, 0x00, 0x00,
    0x00, 0x00, 0x00, 0x00, 0x00, 0x00, 0x00, 0x00, 0x00, 0x00, 0x00, 0x00,
    0x00, 0x00, 0x00, 0x00, 0x00, 0x00, 0x00, 0x00, 0x00, 0x00, 0x00, 0x00,
    0x00, 0x00, 0x00, 0x00, 0x00, 0x00, 0x00, 0x00, 0x00, 0x00, 0x00, 0x00,
    0x00, 0x00, 0x00, 0x00, 0x00, 0x00, 0x00, 0x00, 0x00, 0x00, 0x00, 0x00,
    0x00, 0x00, 0x00, 0x00, 0x00, 0x00, 0x00, 0x00, 0x00, 0x00, 0x00, 0x00,
    0x00, 0x00, 0x00, 0x00, 0x00, 0x00, 0x00, 0x00, 0x00, 0x00, 0x00, 0x00,
    0x00, 0x00, 0x00, 0x00, 0x00, 0x00, 0x00, 0x00, 0x00, 0x00, 0x00, 0x00,
    0x00, 0x00, 0x00, 0x00, 0x00, 0x00, 0x00, 0x00, 0x00, 0x00, 0x00, 0x00,
    0x00, 0x00, 0x00, 0x00, 0x00, 0x00, 0x00, 0x00, 0x00, 0x00, 0x00, 0x00,
    0x00, 0x00, 0x00, 0x00, 0x00, 0x00, 0x00, 0x00, 0x00, 0x00, 0x00, 0x00,
    0x00, 0x00, 0x00, 0x00, 0x00, 0x00, 0x00, 0x00, 0x00, 0x00, 0x00, 0x00,
    0x00, 0x00, 0x00, 0x00, 0x00, 0x00, 0x00, 0x00, 0x00, 0x00, 0x00, 0x00,
    0x00, 0x00, 0x00, 0x00, 0x00, 0x00, 0x00, 0x00, 0x00, 0x00, 0x00, 0x00,
    0x00, 0x00, 0x00, 0x00, 0x00, 0x00, 0x00, 0x00, 0x00, 0x00, 0x00, 0x00,
    0x00, 0x00, 0x00, 0x00, 0x00, 0x00, 0x00, 0x00, 0x00, 0x00, 0x00, 0x00,
    0x00, 0x00, 0x00, 0x00, 0x00, 0x00, 0x00, 0x00, 0x00, 0x00, 0x00, 0x00,
    0x00, 0x00, 0x00, 0x00, 0x00, 0x00, 0x00, 0x00, 0x00, 0x00, 0x00, 0x00,
    0x00, 0x00, 0x00, 0x00, 0x00, 0x00, 0x00, 0x00, 0x00, 0x00, 0x00, 0x00,
    0x00, 0x00, 0x00, 0x00, 0x00, 0x00, 0x00, 0x00, 0x00, 0x00, 0x00, 0x00,
    0x00, 0x00, 0x00, 0x00, 0x00, 0x00, 0x00, 0x00, 0x00, 0x00, 0x00, 0x00,
    0x00, 0x00, 0x00, 0x00, 0x00, 0x00, 0x00, 0x00, 0x00, 0x00, 0x00, 0x00,
    0x00, 0x00, 0x00, 0x00, 0x00, 0x00, 0x00, 0x00, 0x00, 0x00, 0x00, 0x00,
    0x00, 0x00, 0x00, 0x00, 0xe0, 0xe4, 0x20, 0xff, 0xe8, 0xe8, 0x20, 0xff,
    0xe8, 0xe8, 0x20, 0xff, 0xe8, 0xe8, 0x18, 0xff, 0xe8, 0xe4, 0x20, 0xff,
    0xe8, 0xe8, 0x20, 0xff, 0xe8, 0xe8, 0x20, 0xff, 0xe8, 0xe8, 0x18, 0xff,
    0xe8, 0xe4, 0x20, 0xff, 0xe8, 0xe8, 0x20, 0xff, 0xe8, 0xe8, 0x18, 0xff,
    0xe8, 0xe8, 0x20, 0xff, 0x00, 0x00, 0x00, 0x00, 0x00, 0x00, 0x00, 0x00,
    0x00, 0x00, 0x00, 0x00, 0x00, 0x00, 0x00, 0x00, 0x00, 0x00, 0x00, 0x00,
    0x00, 0x00, 0x00, 0x00, 0x00, 0x00, 0x00, 0x00, 0x00, 0x00, 0x00, 0x00,
    0x00, 0x00, 0x00, 0x00, 0x00, 0x00, 0x00, 0x00, 0x00, 0x00, 0x00, 0x00,
    0x00, 0x00, 0x00, 0x00, 0x00, 0x00, 0x00, 0x00, 0x00, 0x00, 0x00, 0x00,
    0x00, 0x00, 0x00, 0x00, 0x00, 0x00, 0x00, 0x00, 0x00, 0x00, 0x00, 0x00,
    0x00, 0x00, 0x00, 0x00, 0x00, 0x00, 0x00, 0x00, 0x00, 0x00, 0x00, 0x00,
    0x00, 0x00, 0x00, 0x00, 0x00, 0x00, 0x00, 0x00, 0x00, 0x00, 0x00, 0x00,
    0x00, 0x00, 0x00, 0x00, 0x00, 0x00, 0x00, 0x00, 0x00, 0x00, 0x00, 0x00,
    0x00, 0x00, 0x00, 0x00, 0x00, 0x00, 0x00, 0x00, 0x00, 0x00, 0x00, 0x00,
    0x00, 0x00, 0x00, 0x00, 0x00, 0x00, 0x00, 0x00, 0x00, 0x00, 0x00, 0x00,
    0x00, 0x00, 0x00, 0x00, 0x00, 0x00, 0x00, 0x00, 0x00, 0x00, 0x00, 0x00,
    0x00, 0x00, 0x00, 0x00, 0x00, 0x00, 0x00, 0x00, 0x00, 0x00, 0x00, 0x00,
    0x00, 0x00, 0x00, 0x00, 0x00, 0x00, 0x00, 0x00, 0x00, 0x00, 0x00, 0x00,
    0x00, 0x00, 0x00, 0x00, 0x00, 0x00, 0x00, 0x00, 0x00, 0x00, 0x00, 0x00,
    0x00, 0x00, 0x00, 0x00, 0x00, 0x00, 0x00, 0x00, 0x00, 0x00, 0x00, 0x00,
    0x00, 0x00, 0x00, 0x00, 0x00, 0x00, 0x00, 0x00, 0x00, 0x00, 0x00, 0x00,
    0x00, 0x00, 0x00, 0x00, 0x00, 0x00, 0x00, 0x00, 0x00, 0x00, 0x00, 0x00,
    0x00, 0x00, 0x00, 0x00, 0x00, 0x00, 0x00, 0x00, 0x00, 0x00, 0x00, 0x00,
    0x00, 0x00, 0x00, 0x00, 0x00, 0x00, 0x00, 0x00, 0x00, 0x00, 0x00, 0x00,
    0x00, 0x00, 0x00, 0x00, 0x00, 0x00, 0x00, 0x00, 0x00, 0x00, 0x00, 0x00,
    0x00, 0x00, 0x00, 0x00, 0x00, 0x00, 0x00, 0x00, 0x00, 0x00, 0x00, 0x00,
    0x00, 0x00, 0x00, 0x00, 0x00, 0x00, 0x00, 0x00, 0x00, 0x00, 0x00, 0x00,
    0x00, 0x00, 0x00, 0x00, 0x00, 0x00, 0x00, 0x00, 0x00, 0x00, 0x00, 0x00,
    0x00, 0x00, 0x00, 0x00, 0x00, 0x00, 0x00, 0x00, 0x00, 0x00, 0x00, 0x00,
    0x00, 0x00, 0x00, 0x00, 0x00, 0x00, 0x00, 0x00, 0x00, 0x00, 0x00, 0x00,
    0x00, 0x00, 0x00, 0x00, 0x00, 0x00, 0x00, 0x00, 0x00, 0x00, 0x00, 0x00,
    0x00, 0x00, 0x00, 0x00, 0x00, 0x00, 0x00, 0x00, 0x00, 0x00, 0x00, 0x00,
    0x00, 0x00, 0x00, 0x00, 0x00, 0x00, 0x00, 0x00, 0x00, 0x00, 0x00, 0x00,
    0x00, 0x00, 0x00, 0x00, 0x00, 0x00, 0x00, 0x00, 0xe8, 0xe8, 0x18, 0xff,
    0xe8, 0xe4, 0x20, 0xff, 0xe0, 0xe8, 0x20, 0xff, 0xe8, 0xe8, 0x20, 0xff,
    0xe8, 0xe8, 0x20, 0xff, 0xe8, 0xe8, 0x20, 0xff, 0xe8, 0xe8, 0x20, 0xff,
    0xe8, 0xe8, 0x20, 0xff, 0xe0, 0xe8, 0x20, 0xff, 0xe8, 0xe8, 0x20, 0xff,
    0xe8, 0xe4, 0x20, 0xff, 0xe8, 0xe8, 0x20, 0xff, 0x00, 0x00, 0x00, 0x00,
    0x00, 0x00, 0x00, 0x00, 0x00, 0x00, 0x00, 0x00, 0x00, 0x00, 0x00, 0x00,
    0x00, 0x00, 0x00, 0x00, 0x00, 0x00, 0x00, 0x00, 0x00, 0x00, 0x00, 0x00,
    0x00, 0x00, 0x00, 0x00, 0x00, 0x00, 0x00, 0x00, 0x00, 0x00, 0x00, 0x00,
    0x00, 0x00, 0x00, 0x00, 0x00, 0x00, 0x00, 0x00, 0x00, 0x00, 0x00, 0x00,
    0x00, 0x00, 0x00, 0x00, 0x00, 0x00, 0x00, 0x00, 0x00, 0x00, 0x00, 0x00,
    0x00, 0x00, 0x00, 0x00, 0x00, 0x00, 0x00, 0x00, 0x00, 0x00, 0x00, 0x00,
    0x00, 0x00, 0x00, 0x00, 0x00, 0x00, 0x00, 0x00, 0x00, 0x00, 0x00, 0x00,
    0x00, 0x00, 0x00, 0x00, 0x00, 0x00, 0x00, 0x00, 0x00, 0x00, 0x00, 0x00,
    0x00, 0x00, 0x00, 0x00, 0x00, 0x00, 0x00, 0x00, 0x00, 0x00, 0x00, 0x00,
    0x00, 0x00, 0x00, 0x00, 0x00, 0x00, 0x00, 0x00, 0x00, 0x00, 0x00, 0x00,
    0x00, 0x00, 0x00, 0x00, 0x00, 0x00, 0x00, 0x00, 0x00, 0x00, 0x00, 0x00,
    0x00, 0x00, 0x00, 0x00, 0x00, 0x00, 0x00, 0x00, 0x00, 0x00, 0x00, 0x00,
    0x00, 0x00, 0x00, 0x00, 0x00, 0x00, 0x00, 0x00, 0x00, 0x00, 0x00, 0x00,
    0x00, 0x00, 0x00, 0x00, 0x00, 0x00, 0x00, 0x00, 0x00, 0x00, 0x00, 0x00,
    0x00, 0x00, 0x00, 0x00, 0x00, 0x00, 0x00, 0x00, 0x00, 0x00, 0x00, 0x00,
    0x00, 0x00, 0x00, 0x00, 0x00, 0x00, 0x00, 0x00, 0x00, 0x00, 0x00, 0x00,
    0x00, 0x00, 0x00, 0x00, 0x00, 0x00, 0x00, 0x00, 0x00, 0x00, 0x00, 0x00,
    0x00, 0x00, 0x00, 0x00, 0x00, 0x00, 0x00, 0x00, 0x00, 0x00, 0x00, 0x00,
    0x00, 0x00, 0x00, 0x00, 0x00, 0x00, 0x00, 0x00, 0x00, 0x00, 0x00, 0x00,
    0x00, 0x00, 0x00, 0x00, 0x00, 0x00, 0x00, 0x00, 0x00, 0x00, 0x00, 0x00,
    0x00, 0x00, 0x00, 0x00, 0x00, 0x00, 0x00, 0x00, 0x00, 0x00, 0x00, 0x00,
    0x00, 0x00, 0x00, 0x00, 0x00, 0x00, 0x00, 0x00, 0x00, 0x00, 0x00, 0x00,
    0x00, 0x00, 0x00, 0x00, 0x00, 0x00, 0x00, 0x00, 0x00, 0x00, 0x00, 0x00,
    0x00, 0x00, 0x00, 0x00, 0x00, 0x00, 0x00, 0x00, 0x00, 0x00, 0x00, 0x00,
    0x00, 0x00, 0x00, 0x00, 0x00, 0x00, 0x00, 0x00, 0x00, 0x00, 0x00, 0x00,
    0x00, 0x00, 0x00, 0x00, 0x00, 0x00, 0x00, 0x00, 0x00, 0x00, 0x00, 0x00,
    0x00, 0x00, 0x00, 0x00, 0x00, 0x00, 0x00, 0x00, 0x00, 0x00, 0x00, 0x00,
    0x00, 0x00, 0x00, 0x00, 0x00, 0x00, 0x00, 0x00, 0x00, 0x00, 0x00, 0x00,
    0x00, 0x00, 0x00, 0x00, 0x00, 0x00, 0x00, 0x00, 0x00, 0x00, 0x00, 0x00,
    0xe8, 0xe8, 0x20, 0xff, 0xe8, 0xe8, 0x18, 0xff, 0xe8, 0xe4, 0x20, 0xff,
    0xe8, 0xe8, 0x20, 0xff, 0xe8, 0xe8, 0x18, 0xff, 0xe8, 0xe4, 0x20, 0xff,
    0xe8, 0xe4, 0x20, 0xff, 0xe8, 0xe8, 0x18, 0xff, 0xe8, 0xe8, 0x20, 0xff,
    0xe8, 0xe4, 0x18, 0xff, 0xe8, 0xe8, 0x20, 0xff, 0xe8, 0xe8, 0x20, 0xff,
    0x00, 0x00, 0x00, 0x00, 0x00, 0x00, 0x00, 0x00, 0x00, 0x00, 0x00, 0x00,
    0x00, 0x00, 0x00, 0x00, 0x00, 0x00, 0x00, 0x00, 0x00, 0x00, 0x00, 0x00,
    0x00, 0x00, 0x00, 0x00, 0x00, 0x00, 0x00, 0x00, 0x00, 0x00, 0x00, 0x00,
    0x00, 0x00, 0x00, 0x00, 0x00, 0x00, 0x00, 0x00, 0x00, 0x00, 0x00, 0x00,
    0x00, 0x00, 0x00, 0x00, 0x00, 0x00, 0x00, 0x00, 0x00, 0x00, 0x00, 0x00,
    0x00, 0x00, 0x00, 0x00, 0x00, 0x00, 0x00, 0x00, 0x00, 0x00, 0x00, 0x00,
    0x00, 0x00, 0x00, 0x00, 0x00, 0x00, 0x00, 0x00, 0x00, 0x00, 0x00, 0x00,
    0x00, 0x00, 0x00, 0x00, 0x00, 0x00, 0x00, 0x00, 0x00, 0x00, 0x00, 0x00,
    0x00, 0x00, 0x00, 0x00, 0x00, 0x00, 0x00, 0x00, 0x00, 0x00, 0x00, 0x00,
    0x00, 0x00, 0x00, 0x00, 0x00, 0x00, 0x00, 0x00, 0x00, 0x00, 0x00, 0x00,
    0x00, 0x00, 0x00, 0x00, 0x00, 0x00, 0x00, 0x00, 0x00, 0x00, 0x00, 0x00,
    0x00, 0x00, 0x00, 0x00, 0x00, 0x00, 0x00, 0x00, 0x00, 0x00, 0x00, 0x00,
    0x00, 0x00, 0x00, 0x00, 0x00, 0x00, 0x00, 0x00, 0x00, 0x00, 0x00, 0x00,
    0x00, 0x00, 0x00, 0x00, 0x00, 0x00, 0x00, 0x00, 0x00, 0x00, 0x00, 0x00,
    0x00, 0x00, 0x00, 0x00, 0x00, 0x00, 0x00, 0x00, 0x00, 0x00, 0x00, 0x00,
    0x00, 0x00, 0x00, 0x00, 0x00, 0x00, 0x00, 0x00, 0x00, 0x00, 0x00, 0x00,
    0x00, 0x00, 0x00, 0x00, 0x00, 0x00, 0x00, 0x00, 0x00, 0x00, 0x00, 0x00,
    0x00, 0x00, 0x00, 0x00, 0x00, 0x00, 0x00, 0x00, 0x00, 0x00, 0x00, 0x00,
    0x00, 0x00, 0x00, 0x00, 0x00, 0x00, 0x00, 0x00, 0x00, 0x00, 0x00, 0x00,
    0x00, 0x00, 0x00, 0x00, 0x00, 0x00, 0x00, 0x00, 0x00, 0x00, 0x00, 0x00,
    0x00, 0x00, 0x00, 0x00, 0x00, 0x00, 0x00, 0x00, 0x00, 0x00, 0x00, 0x00,
    0x00, 0x00, 0x00, 0x00, 0x00, 0x00, 0x00, 0x00, 0x00, 0x00, 0x00, 0x00,
    0x00, 0x00, 0x00, 0x00, 0x00, 0x00, 0x00, 0x00, 0x00, 0x00, 0x00, 0x00,
    0x00, 0x00, 0x00, 0x00, 0x00, 0x00, 0x00, 0x00, 0x00, 0x00, 0x00, 0x00,
    0x00, 0x00, 0x00, 0x00, 0x00, 0x00, 0x00, 0x00, 0x00, 0x00, 0x00, 0x00,
    0x00, 0x00, 0x00, 0x00, 0x00, 0x00, 0x00, 0x00, 0x00, 0x00, 0x00, 0x00,
    0x00, 0x00, 0x00, 0x00, 0x00, 0x00, 0x00, 0x00, 0x00, 0x00, 0x00, 0x00,
    0x00, 0x00, 0x00, 0x00, 0x00, 0x00, 0x00, 0x00, 0x00, 0x00, 0x00, 0x00,
    0x00, 0x00, 0x00, 0x00, 0x00, 0x00, 0x00, 0x00, 0x00, 0x00, 0x00, 0x00,
    0x00, 0x00, 0x00, 0x00, 0xe8, 0xe8, 0x20, 0xff, 0xe8, 0xe8, 0x20, 0xff,
    0xe8, 0xe8, 0x18, 0xff, 0xe0, 0xe4, 0x20, 0xff, 0xe8, 0xe8, 0x20, 0xff,
    0xe8, 0xe8, 0x18, 0xff, 0xe8, 0xe8, 0x20, 0xff, 0xe8, 0xe8, 0x20, 0xff,
    0xe8, 0xe4, 0x20, 0xff, 0xe8, 0xe8, 0x18, 0xff, 0xe0, 0xe8, 0x20, 0xff,
    0xe8, 0xe4, 0x18, 0xff, 0x00, 0x00, 0x00, 0x00, 0x00, 0x00, 0x00, 0x00,
    0x00, 0x00, 0x00, 0x00, 0x00, 0x00, 0x00, 0x00, 0x00, 0x00, 0x00, 0x00,
    0x00, 0x00, 0x00, 0x00, 0x00, 0x00, 0x00, 0x00, 0x00, 0x00, 0x00, 0x00,
    0x00, 0x00, 0x00, 0x00, 0x00, 0x00, 0x00, 0x00, 0x00, 0x00, 0x00, 0x00,
    0x00, 0x00, 0x00, 0x00, 0x00, 0x00, 0x00, 0x00, 0x00, 0x00, 0x00, 0x00,
    0x00, 0x00, 0x00, 0x00, 0x00, 0x00, 0x00, 0x00, 0x00, 0x00, 0x00, 0x00,
    0x00, 0x00, 0x00, 0x00, 0x00, 0x00, 0x00, 0x00, 0x00, 0x00, 0x00, 0x00,
    0x00, 0x00, 0x00, 0x00, 0x00, 0x00, 0x00, 0x00, 0x00, 0x00, 0x00, 0x00,
    0x00, 0x00, 0x00, 0x00, 0x00, 0x00, 0x00, 0x00, 0x00, 0x00, 0x00, 0x00,
    0x00, 0x00, 0x00, 0x00, 0x00, 0x00, 0x00, 0x00, 0x00, 0x00, 0x00, 0x00,
    0x00, 0x00, 0x00, 0x00, 0x00, 0x00, 0x00, 0x00, 0x00, 0x00, 0x00, 0x00,
    0x00, 0x00, 0x00, 0x00, 0x00, 0x00, 0x00, 0x00, 0x00, 0x00, 0x00, 0x00,
    0x00, 0x00, 0x00, 0x00, 0x00, 0x00, 0x00, 0x00, 0x00, 0x00, 0x00, 0x00,
    0x00, 0x00, 0x00, 0x00, 0x00, 0x00, 0x00, 0x00, 0x00, 0x00, 0x00, 0x00,
    0x00, 0x00, 0x00, 0x00, 0x00, 0x00, 0x00, 0x00, 0x00, 0x00, 0x00, 0x00,
    0x00, 0x00, 0x00, 0x00, 0x00, 0x00, 0x00, 0x00, 0x00, 0x00, 0x00, 0x00,
    0x00, 0x00, 0x00, 0x00, 0x00, 0x00, 0x00, 0x00, 0x00, 0x00, 0x00, 0x00,
    0x00, 0x00, 0x00, 0x00, 0x00, 0x00, 0x00, 0x00, 0x00, 0x00, 0x00, 0x00,
    0x00, 0x00, 0x00, 0x00, 0x00, 0x00, 0x00, 0x00, 0x00, 0x00, 0x00, 0x00,
    0x00, 0x00, 0x00, 0x00, 0x00, 0x00, 0x00, 0x00, 0x00, 0x00, 0x00, 0x00,
    0x00, 0x00, 0x00, 0x00, 0x00, 0x00, 0x00, 0x00, 0x00, 0x00, 0x00, 0x00,
    0x00, 0x00, 0x00, 0x00, 0x00, 0x00, 0x00, 0x00, 0x00, 0x00, 0x00, 0x00,
    0x00, 0x00, 0x00, 0x00, 0x00, 0x00, 0x00, 0x00, 0x00, 0x00, 0x00, 0x00,
    0x00, 0x00, 0x00, 0x00, 0x00, 0x00, 0x00, 0x00, 0x00, 0x00, 0x00, 0x00,
    0x00, 0x00, 0x00, 0x00, 0x00, 0x00, 0x00, 0x00, 0x00, 0x00, 0x00, 0x00,
    0x00, 0x00, 0x00, 0x00, 0x00, 0x00, 0x00, 0x00, 0x00, 0x00, 0x00, 0x00,
    0x00, 0x00, 0x00, 0x00, 0x00, 0x00, 0x00, 0x00, 0x00, 0x00, 0x00, 0x00,
    0x00, 0x00, 0x00, 0x00, 0x00, 0x00, 0x00, 0x00, 0x00, 0x00, 0x00, 0x00,
    0x00, 0x00, 0x00, 0x00, 0x00, 0x00, 0x00, 0x00, 0x00, 0x00, 0x00, 0x00,
    0x00, 0x00, 0x00, 0x00, 0x00, 0x00, 0x00, 0x00, 0xe0, 0xe4, 0x20, 0xff,
    0xe8, 0xe8, 0x20, 0xff, 0xe8, 0xe8, 0x20, 0xff, 0xe8, 0xe8, 0x20, 0xff,
    0xe8, 0xe8, 0x20, 0xff, 0xe8, 0xe8, 0x20, 0xff, 0xe8, 0xe8, 0x20, 0xff,
    0xe8, 0xe8, 0x20, 0xff, 0xe8, 0xe8, 0x20, 0xff, 0xe8, 0xe8, 0x20, 0xff,
    0xe8, 0xe8, 0x20, 0xff, 0xe8, 0xe8, 0x20, 0xff, 0x00, 0x00, 0x00, 0x00,
    0x00, 0x00, 0x00, 0x00, 0x00, 0x00, 0x00, 0x00, 0x00, 0x00, 0x00, 0x00,
    0x00, 0x00, 0x00, 0x00, 0x00, 0x00, 0x00, 0x00, 0x00, 0x00, 0x00, 0x00,
    0x00, 0x00, 0x00, 0x00, 0x00, 0x00, 0x00, 0x00, 0x00, 0x00, 0x00, 0x00,
    0x00, 0x00, 0x00, 0x00, 0x00, 0x00, 0x00, 0x00, 0x00, 0x00, 0x00, 0x00,
    0x00, 0x00, 0x00, 0x00, 0x00, 0x00, 0x00, 0x00, 0x00, 0x00, 0x00, 0x00,
    0x00, 0x00, 0x00, 0x00, 0x00, 0x00, 0x00, 0x00, 0x00, 0x00, 0x00, 0x00,
    0x00, 0x00, 0x00, 0x00, 0x00, 0x00, 0x00, 0x00, 0x00, 0x00, 0x00, 0x00,
    0x00, 0x00, 0x00, 0x00, 0x00, 0x00, 0x00, 0x00, 0x00, 0x00, 0x00, 0x00,
    0x00, 0x00, 0x00, 0x00, 0x00, 0x00, 0x00, 0x00, 0x00, 0x00, 0x00, 0x00,
    0x00, 0x00, 0x00, 0x00, 0x00, 0x00, 0x00, 0x00, 0x00, 0x00, 0x00, 0x00,
    0x00, 0x00, 0x00, 0x00, 0x00, 0x00, 0x00, 0x00, 0x00, 0x00, 0x00, 0x00,
    0x00, 0x00, 0x00, 0x00, 0x00, 0x00, 0x00, 0x00, 0x00, 0x00, 0x00, 0x00,
    0x00, 0x00, 0x00, 0x00, 0x00, 0x00, 0x00, 0x00, 0x00, 0x00, 0x00, 0x00,
    0x00, 0x00, 0x00, 0x00, 0x00, 0x00, 0x00, 0x00, 0x00, 0x00, 0x00, 0x00,
    0x00, 0x00, 0x00, 0x00, 0x00, 0x00, 0x00, 0x00, 0x00, 0x00, 0x00, 0x00,
    0x00, 0x00, 0x00, 0x00, 0x00, 0x00, 0x00, 0x00, 0x00, 0x00, 0x00, 0x00,
    0x00, 0x00, 0x00, 0x00, 0x00, 0x00, 0x00, 0x00, 0x00, 0x00, 0x00, 0x00,
    0x00, 0x00, 0x00, 0x00, 0x00, 0x00, 0x00, 0x00, 0x00, 0x00, 0x00, 0x00,
    0x00, 0x00, 0x00, 0x00, 0x00, 0x00, 0x00, 0x00, 0x00, 0x00, 0x00, 0x00,
    0x00, 0x00, 0x00, 0x00, 0x00, 0x00, 0x00, 0x00, 0x00, 0x00, 0x00, 0x00,
    0x00, 0x00, 0x00, 0x00, 0x00, 0x00, 0x00, 0x00, 0x00, 0x00, 0x00, 0x00,
    0x00, 0x00, 0x00, 0x00, 0x00, 0x00, 0x00, 0x00, 0x00, 0x00, 0x00, 0x00,
    0x00, 0x00, 0x00, 0x00, 0x00, 0x00, 0x00, 0x00, 0x00, 0x00, 0x00, 0x00,
    0x00, 0x00, 0x00, 0x00, 0x00, 0x00, 0x00, 0x00, 0x00, 0x00, 0x00, 0x00,
    0x00, 0x00, 0x00, 0x00, 0x00, 0x00, 0x00, 0x00, 0x00, 0x00, 0x00, 0x00,
    0x00, 0x00, 0x00, 0x00, 0x00, 0x00, 0x00, 0x00, 0x00, 0x00, 0x00, 0x00,
    0x00, 0x00, 0x00, 0x00, 0x00, 0x00, 0x00, 0x00, 0x00, 0x00, 0x00, 0x00,
    0x00, 0x00, 0x00, 0x00, 0x00, 0x00, 0x00, 0x00, 0x00, 0x00, 0x00, 0x00,
    0x00, 0x00, 0x00, 0x00, 0x00, 0x00, 0x00, 0x00, 0x00, 0x00, 0x00, 0x00,
    0xe8, 0xe8, 0x18, 0xff, 0xe8, 0xe4, 0x20, 0xff, 0xe8, 0xe8, 0x18, 0xff,
    0xe8, 0xe8, 0x20, 0xff, 0xe8, 0xe4, 0x20, 0xff, 0xe8, 0xe8, 0x18, 0xff,
    0xe8, 0xe4, 0x18, 0xff, 0xe8, 0xe8, 0x20, 0xff, 0xe0, 0xe8, 0x18, 0xff,
    0xe8, 0xe4, 0x20, 0xff, 0xe8, 0xe8, 0x20, 0xff, 0xe8, 0xe8, 0x18, 0xff,
    0x00, 0x00, 0x00, 0x00, 0x00, 0x00, 0x00, 0x00, 0x00, 0x00, 0x00, 0x00,
    0x00, 0x00, 0x00, 0x00, 0x00, 0x00, 0x00, 0x00, 0x00, 0x00, 0x00, 0x00,
    0x00, 0x00, 0x00, 0x00, 0x00, 0x00, 0x00, 0x00, 0x00, 0x00, 0x00, 0x00,
    0x00, 0x00, 0x00, 0x00, 0x00, 0x00, 0x00, 0x00, 0x00, 0x00, 0x00, 0x00,
    0x00, 0x00, 0x00, 0x00, 0x00, 0x00, 0x00, 0x00, 0x00, 0x00, 0x00, 0x00,
    0x00, 0x00, 0x00, 0x00, 0x00, 0x00, 0x00, 0x00, 0x00, 0x00, 0x00, 0x00,
    0x00, 0x00, 0x00, 0x00, 0x00, 0x00, 0x00, 0x00, 0x00, 0x00, 0x00, 0x00,
    0x00, 0x00, 0x00, 0x00, 0x00, 0x00, 0x00, 0x00, 0x00, 0x00, 0x00, 0x00,
    0x00, 0x00, 0x00, 0x00, 0x00, 0x00, 0x00, 0x00, 0x00, 0x00, 0x00, 0x00,
    0x00, 0x00, 0x00, 0x00, 0x00, 0x00, 0x00, 0x00, 0x00, 0x00, 0x00, 0x00,
    0x00, 0x00, 0x00, 0x00, 0x00, 0x00, 0x00, 0x00, 0x00, 0x00, 0x00, 0x00,
    0x00, 0x00, 0x00, 0x00, 0x00, 0x00, 0x00, 0x00, 0x00, 0x00, 0x00, 0x00,
    0x00, 0x00, 0x00, 0x00, 0x00, 0x00, 0x00, 0x00, 0x00, 0x00, 0x00, 0x00,
    0x00, 0x00, 0x00, 0x00, 0x00, 0x00, 0x00, 0x00, 0x00, 0x00, 0x00, 0x00,
    0x00, 0x00, 0x00, 0x00, 0x00, 0x00, 0x00, 0x00, 0x00, 0x00, 0x00, 0x00,
    0x00, 0x00, 0x00, 0x00, 0x00, 0x00, 0x00, 0x00, 0x00, 0x00, 0x00, 0x00,
    0x00, 0x00, 0x00, 0x00, 0x00, 0x00, 0x00, 0x00, 0x00, 0x00, 0x00, 0x00,
    0x00, 0x00, 0x00, 0x00, 0x00, 0x00, 0x00, 0x00, 0x00, 0x00, 0x00, 0x00,
    0x00, 0x00, 0x00, 0x00, 0x00, 0x00, 0x00, 0x00, 0x00, 0x00, 0x00, 0x00,
    0x00, 0x00, 0x00, 0x00, 0x00, 0x00, 0x00, 0x00, 0x00, 0x00, 0x00, 0x00,
    0x00, 0x00, 0x00, 0x00, 0x00, 0x00, 0x00, 0x00, 0x00, 0x00, 0x00, 0x00,
    0x00, 0x00, 0x00, 0x00, 0x00, 0x00, 0x00, 0x00, 0x00, 0x00, 0x00, 0x00,
    0x00, 0x00, 0x00, 0x00, 0x00, 0x00, 0x00, 0x00, 0x00, 0x00, 0x00, 0x00,
    0x00, 0x00, 0x00, 0x00, 0x00, 0x00, 0x00, 0x00, 0x00, 0x00, 0x00, 0x00,
    0x00, 0x00, 0x00, 0x00, 0x00, 0x00, 0x00, 0x00, 0x00, 0x00, 0x00, 0x00,
    0x00, 0x00, 0x00, 0x00, 0x00, 0x00, 0x00, 0x00, 0x00, 0x00, 0x00, 0x00,
    0x00, 0x00, 0x00, 0x00, 0x00, 0x00, 0x00, 0x00, 0x00, 0x00, 0x00, 0x00,
    0x00, 0x00, 0x00, 0x00, 0x00, 0x00, 0x00, 0x00, 0x00, 0x00, 0x00, 0x00,
    0x00, 0x00, 0x00, 0x00, 0x00, 0x00, 0x00, 0x00, 0x00, 0x00, 0x00, 0x00,
    0x00, 0x00, 0x00, 0x00, 0xe8, 0xe8, 0x20, 0xff, 0xe8, 0xe8, 0x20, 0xff,
    0xe0, 0xe4, 0x18, 0xff, 0xe8, 0xe8, 0x20, 0xff, 0xe8, 0xe8, 0x20, 0xff,
    0xe8, 0xe4, 0x20, 0xff, 0xe8, 0xe8, 0x20, 0xff, 0xe8, 0xe8, 0x20, 0xff,
    0xe8, 0xe4, 0x20, 0xff, 0xe8, 0xe8, 0x18, 0xff, 0xe8, 0xe4, 0x20, 0xff,
    0xe0, 0xe8, 0x20, 0xff, 0x00, 0x00, 0x00, 0x00, 0x00, 0x00, 0x00, 0x00,
    0x00, 0x00, 0x00, 0x00, 0x00, 0x00, 0x00, 0x00, 0x00, 0x00, 0x00, 0x00,
    0x00, 0x00, 0x00, 0x00, 0x00, 0x00, 0x00, 0x00, 0x00, 0x00, 0x00, 0x00,
    0x00, 0x00, 0x00, 0x00, 0x00, 0x00, 0x00, 0x00, 0x00, 0x00, 0x00, 0x00,
    0x00, 0x00, 0x00, 0x00, 0x00, 0x00, 0x00, 0x00, 0x00, 0x00, 0x00, 0x00,
    0x00, 0x00, 0x00, 0x00, 0x00, 0x00, 0x00, 0x00, 0x00, 0x00, 0x00, 0x00,
    0x00, 0x00, 0x00, 0x00, 0x00, 0x00, 0x00, 0x00, 0x00, 0x00, 0x00, 0x00,
    0x00, 0x00, 0x00, 0x00, 0x00, 0x00, 0x00, 0x00, 0x00, 0x00, 0x00, 0x00,
    0x00, 0x00, 0x00, 0x00, 0x00, 0x00, 0x00, 0x00, 0x00, 0x00, 0x00, 0x00,
    0x00, 0x00, 0x00, 0x00, 0x00, 0x00, 0x00, 0x00, 0x00, 0x00, 0x00, 0x00,
    0x00, 0x00, 0x00, 0x00, 0x00, 0x00, 0x00, 0x00, 0x00, 0x00, 0x00, 0x00,
    0x00, 0x00, 0x00, 0x00, 0x00, 0x00, 0x00, 0x00, 0x00, 0x00, 0x00, 0x00,
    0x00, 0x00, 0x00, 0x00, 0x00, 0x00, 0x00, 0x00, 0x00, 0x00, 0x00, 0x00,
    0x00, 0x00, 0x00, 0x00, 0x00, 0x00, 0x00, 0x00, 0x00, 0x00, 0x00, 0x00,
    0x00, 0x00, 0x00, 0x00, 0x00, 0x00, 0x00, 0x00, 0x00, 0x00, 0x00, 0x00,
    0x00, 0x00, 0x00, 0x00, 0x00, 0x00, 0x00, 0x00, 0x00, 0x00, 0x00, 0x00,
    0x00, 0x00, 0x00, 0x00, 0x00, 0x00, 0x00, 0x00, 0x00, 0x00, 0x00, 0x00,
    0x00, 0x00, 0x00, 0x00, 0x00, 0x00, 0x00, 0x00, 0x00, 0x00, 0x00, 0x00,
    0x00, 0x00, 0x00, 0x00, 0x00, 0x00, 0x00, 0x00, 0x00, 0x00, 0x00, 0x00,
    0x00, 0x00, 0x00, 0x00, 0x00, 0x00, 0x00, 0x00, 0x00, 0x00, 0x00, 0x00,
    0x00, 0x00, 0x00, 0x00, 0x00, 0x00, 0x00, 0x00, 0x00, 0x00, 0x00, 0x00,
    0x00, 0x00, 0x00, 0x00, 0x00, 0x00, 0x00, 0x00, 0x00, 0x00, 0x00, 0x00,
    0x00, 0x00, 0x00, 0x00, 0x00, 0x00, 0x00, 0x00, 0x00, 0x00, 0x00, 0x00,
    0x00, 0x00, 0x00, 0x00, 0x00, 0x00, 0x00, 0x00, 0x00, 0x00, 0x00, 0x00,
    0x00, 0x00, 0x00, 0x00, 0x00, 0x00, 0x00, 0x00, 0x00, 0x00, 0x00, 0x00,
    0x00, 0x00, 0x00, 0x00, 0x00, 0x00, 0x00, 0x00, 0x00, 0x00, 0x00, 0x00,
    0x00, 0x00, 0x00, 0x00, 0x00, 0x00, 0x00, 0x00, 0x00, 0x00, 0x00, 0x00,
    0x00, 0x00, 0x00, 0x00, 0x00, 0x00, 0x00, 0x00, 0x00, 0x00, 0x00, 0x00,
    0x00, 0x00, 0x00, 0x00, 0x00, 0x00, 0x00, 0x00, 0x00, 0x00, 0x00, 0x00,
    0x00, 0x00, 0x00, 0x00, 0x00, 0x00, 0x00, 0x00, 0xe8, 0xe8, 0x20, 0xff,
    0xe8, 0xe8, 0x20, 0xff, 0xe8, 0xe8, 0x20, 0xff, 0xe8, 0xe8, 0x18, 0xff,
    0xe8, 0xe8, 0x20, 0xff, 0xe8, 0xe8, 0x20, 0xff, 0xe8, 0xe8, 0x20, 0xff,
    0xe8, 0xe8, 0x20, 0xff, 0xe8, 0xe8, 0x20, 0xff, 0xe8, 0xe8, 0x20, 0xff,
    0xe8, 0xe8, 0x18, 0xff, 0xe8, 0xe4, 0x20, 0xff, 0x00, 0x00, 0x00, 0x00,
    0x00, 0x00, 0x00, 0x00, 0x00, 0x00, 0x00, 0x00, 0x00, 0x00, 0x00, 0x00,
    0x00, 0x00, 0x00, 0x00, 0x00, 0x00, 0x00, 0x00, 0x00, 0x00, 0x00, 0x00,
    0x00, 0x00, 0x00, 0x00, 0x00, 0x00, 0x00, 0x00, 0x00, 0x00, 0x00, 0x00,
    0x00, 0x00, 0x00, 0x00, 0x00, 0x00, 0x00, 0x00, 0x00, 0x00, 0x00, 0x00,
    0x00, 0x00, 0x00, 0x00, 0x00, 0x00, 0x00, 0x00, 0x00, 0x00, 0x00, 0x00,
    0x00, 0x00, 0x00, 0x00, 0x00, 0x00, 0x00, 0x00, 0x00, 0x00, 0x00, 0x00,
    0x00, 0x00, 0x00, 0x00, 0x00, 0x00, 0x00, 0x00, 0x00, 0x00, 0x00, 0x00,
    0x00, 0x00, 0x00, 0x00, 0x00, 0x00, 0x00, 0x00, 0x00, 0x00, 0x00, 0x00,
    0x00, 0x00, 0x00, 0x00, 0x00, 0x00, 0x00, 0x00, 0x00, 0x00, 0x00, 0x00,
    0x00, 0x00, 0x00, 0x00, 0x00, 0x00, 0x00, 0x00, 0x00, 0x00, 0x00, 0x00,
    0x00, 0x00, 0x00, 0x00, 0x00, 0x00, 0x00, 0x00, 0x00, 0x00, 0x00, 0x00,
    0x00, 0x00, 0x00, 0x00, 0x00, 0x00, 0x00, 0x00, 0x00, 0x00, 0x00, 0x00,
    0x00, 0x00, 0x00, 0x00, 0x00, 0x00, 0x00, 0x00, 0x00, 0x00, 0x00, 0x00,
    0x00, 0x00, 0x00, 0x00, 0x00, 0x00, 0x00, 0x00, 0x00, 0x00, 0x00, 0x00,
    0x00, 0x00, 0x00, 0x00, 0x00, 0x00, 0x00, 0x00, 0x00, 0x00, 0x00, 0x00,
    0x00, 0x00, 0x00, 0x00, 0x00, 0x00, 0x00, 0x00, 0x00, 0x00, 0x00, 0x00,
    0x00, 0x00, 0x00, 0x00, 0x00, 0x00, 0x00, 0x00, 0x00, 0x00, 0x00, 0x00,
    0x00, 0x00, 0x00, 0x00, 0x00, 0x00, 0x00, 0x00, 0x00, 0x00, 0x00, 0x00,
    0x00, 0x00, 0x00, 0x00, 0x00, 0x00, 0x00, 0x00, 0x00, 0x00, 0x00, 0x00,
    0x00, 0x00, 0x00, 0x00, 0x00, 0x00, 0x00, 0x00, 0x00, 0x00, 0x00, 0x00,
    0x00, 0x00, 0x00, 0x00, 0x00, 0x00, 0x00, 0x00, 0x00, 0x00, 0x00, 0x00,
    0x00, 0x00, 0x00, 0x00, 0x00, 0x00, 0x00, 0x00, 0x00, 0x00, 0x00, 0x00,
    0x00, 0x00, 0x00, 0x00, 0x00, 0x00, 0x00, 0x00, 0x00, 0x00, 0x00, 0x00,
    0x00, 0x00, 0x00, 0x00, 0x00, 0x00, 0x00, 0x00, 0x00, 0x00, 0x00, 0x00,
    0x00, 0x00, 0x00, 0x00, 0x00, 0x00, 0x00, 0x00, 0x00, 0x00, 0x00, 0x00,
    0x00, 0x00, 0x00, 0x00, 0x00, 0x00, 0x00, 0x00, 0x00, 0x00, 0x00, 0x00,
    0x00, 0x00, 0x00, 0x00, 0x00, 0x00, 0x00, 0x00, 0x00, 0x00, 0x00, 0x00,
    0x00, 0x00, 0x00, 0x00, 0x00, 0x00, 0x00, 0x00, 0x00, 0x00, 0x00, 0x00,
    0x00, 0x00, 0x00, 0x00, 0x00, 0x00, 0x00, 0x00, 0x00, 0x00, 0x00, 0x00,
    0xe0, 0xe4, 0x18, 0xff, 0xe8, 0xe8, 0x20, 0xff, 0xe8, 0xe4, 0x20, 0xff,
    0xe8, 0xe8, 0x20, 0xff, 0xe0, 0xe4, 0x18, 0xff, 0xe8, 0xe8, 0x20, 0xff,
    0xe8, 0xe4, 0x20, 0xff, 0xe8, 0xe8, 0x18, 0xff, 0xe0, 0xe8, 0x20, 0xff,
    0xe8, 0xe4, 0x20, 0xff, 0xe8, 0xe8, 0x20, 0xff, 0xe8, 0xe8, 0x20, 0xff,
    0x00, 0x00, 0x00, 0x00, 0x00, 0x00, 0x00, 0x00, 0x00, 0x00, 0x00, 0x00,
    0x00, 0x00, 0x00, 0x00, 0x00, 0x00, 0x00, 0x00, 0x00, 0x00, 0x00, 0x00,
    0x00, 0x00, 0x00, 0x00, 0x00, 0x00, 0x00, 0x00, 0x00, 0x00, 0x00, 0x00,
    0x00, 0x00, 0x00, 0x00, 0x00, 0x00, 0x00, 0x00, 0x00, 0x00, 0x00, 0x00,
    0x00, 0x00, 0x00, 0x00, 0x00, 0x00, 0x00, 0x00, 0x00, 0x00, 0x00, 0x00,
    0x00, 0x00, 0x00, 0x00, 0x00, 0x00, 0x00, 0x00, 0x00, 0x00, 0x00, 0x00,
    0x00, 0x00, 0x00, 0x00, 0x00, 0x00, 0x00, 0x00, 0x00, 0x00, 0x00, 0x00,
    0x00, 0x00, 0x00, 0x00, 0x00, 0x00, 0x00, 0x00, 0x00, 0x00, 0x00, 0x00,
    0x00, 0x00, 0x00, 0x00, 0x00, 0x00, 0x00, 0x00, 0x00, 0x00, 0x00, 0x00,
    0x00, 0x00, 0x00, 0x00, 0x00, 0x00, 0x00, 0x00, 0x00, 0x00, 0x00, 0x00,
    0x00, 0x00, 0x00, 0x00, 0x00, 0x00, 0x00, 0x00, 0x00, 0x00, 0x00, 0x00,
    0x00, 0x00, 0x00, 0x00, 0x00, 0x00, 0x00, 0x00, 0x00, 0x00, 0x00, 0x00,
    0x00, 0x00, 0x00, 0x00, 0x00, 0x00, 0x00, 0x00, 0x00, 0x00, 0x00, 0x00,
    0x00, 0x00, 0x00, 0x00, 0x00, 0x00, 0x00, 0x00, 0x00, 0x00, 0x00, 0x00,
    0x00, 0x00, 0x00, 0x00, 0x00, 0x00, 0x00, 0x00, 0x00, 0x00, 0x00, 0x00,
    0x00, 0x00, 0x00, 0x00, 0x00, 0x00, 0x00, 0x00, 0x00, 0x00, 0x00, 0x00,
    0x00, 0x00, 0x00, 0x00, 0x00, 0x00, 0x00, 0x00, 0x00, 0x00, 0x00, 0x00,
    0x00, 0x00, 0x00, 0x00, 0x00, 0x00, 0x00, 0x00, 0x00, 0x00, 0x00, 0x00,
    0x00, 0x00, 0x00, 0x00, 0x00, 0x00, 0x00, 0x00, 0x00, 0x00, 0x00, 0x00,
    0x00, 0x00, 0x00, 0x00, 0x00, 0x00, 0x00, 0x00, 0x00, 0x00, 0x00, 0x00,
    0x00, 0x00, 0x00, 0x00, 0x00, 0x00, 0x00, 0x00, 0x00, 0x00, 0x00, 0x00,
    0x00, 0x00, 0x00, 0x00, 0x00, 0x00, 0x00, 0x00, 0x00, 0x00, 0x00, 0x00,
    0x00, 0x00, 0x00, 0x00, 0x00, 0x00, 0x00, 0x00, 0x00, 0x00, 0x00, 0x00,
    0x00, 0x00, 0x00, 0x00, 0x00, 0x00, 0x00, 0x00, 0x00, 0x00, 0x00, 0x00,
    0x00, 0x00, 0x00, 0x00, 0x00, 0x00, 0x00, 0x00, 0x00, 0x00, 0x00, 0x00,
    0x00, 0x00, 0x00, 0x00, 0x00, 0x00, 0x00, 0x00, 0x00, 0x00, 0x00, 0x00,
    0x00, 0x00, 0x00, 0x00, 0x00, 0x00, 0x00, 0x00, 0x00, 0x00, 0x00, 0x00,
    0x00, 0x00, 0x00, 0x00, 0x00, 0x00, 0x00, 0x00, 0x00, 0x00, 0x00, 0x00,
    0x00, 0x00, 0x00, 0x00, 0x00, 0x00, 0x00, 0x00, 0x00, 0x00, 0x00, 0x00,
    0x00, 0x00, 0x00, 0x00, 0xe8, 0xe8, 0x20, 0xff, 0xe8, 0xe8, 0x18, 0xff,
    0xe8, 0xe8, 0x20, 0xff, 0xe8, 0xe4, 0x20, 0xff, 0xe8, 0xe8, 0x20, 0xff,
    0xe8, 0xe8, 0x20, 0xff, 0xe8, 0xe8, 0x20, 0xff, 0xe8, 0xe8, 0x20, 0xff,
    0xe8, 0xe4, 0x18, 0xff, 0xe8, 0xe8, 0x20, 0xff, 0xe8, 0xe8, 0x20, 0xff,
    0xe8, 0xe8, 0x18, 0xff, 0x00, 0x00, 0x00, 0x00, 0x00, 0x00, 0x00, 0x00,
    0x00, 0x00, 0x00, 0x00, 0x00, 0x00, 0x00, 0x00, 0x00, 0x00, 0x00, 0x00,
    0x00, 0x00, 0x00, 0x00, 0x00, 0x00, 0x00, 0x00, 0x00, 0x00, 0x00, 0x00,
    0x00, 0x00, 0x00, 0x00, 0x00, 0x00, 0x00, 0x00, 0x00, 0x00, 0x00, 0x00,
    0x00, 0x00, 0x00, 0x00, 0x00, 0x00, 0x00, 0x00, 0x00, 0x00, 0x00, 0x00,
    0x00, 0x00, 0x00, 0x00, 0x00, 0x00, 0x00, 0x00, 0x00, 0x00, 0x00, 0x00,
    0x00, 0x00, 0x00, 0x00, 0x00, 0x00, 0x00, 0x00, 0x00, 0x00, 0x00, 0x00,
    0x00, 0x00, 0x00, 0x00, 0x00, 0x00, 0x00, 0x00, 0x00, 0x00, 0x00, 0x00,
    0x00, 0x00, 0x00, 0x00, 0x00, 0x00, 0x00, 0x00, 0x00, 0x00, 0x00, 0x00,
    0x00, 0x00, 0x00, 0x00, 0x00, 0x00, 0x00, 0x00, 0x00, 0x00, 0x00, 0x00,
    0x00, 0x00, 0x00, 0x00, 0x00, 0x00, 0x00, 0x00, 0x00, 0x00, 0x00, 0x00,
    0x00, 0x00, 0x00, 0x00, 0x00, 0x00, 0x00, 0x00, 0x00, 0x00, 0x00, 0x00,
    0x00, 0x00, 0x00, 0x00, 0x00, 0x00, 0x00, 0x00, 0x00, 0x00, 0x00, 0x00,
    0x00, 0x00, 0x00, 0x00, 0x00, 0x00, 0x00, 0x00, 0x00, 0x00, 0x00, 0x00,
    0x00, 0x00, 0x00, 0x00, 0x00, 0x00, 0x00, 0x00, 0x00, 0x00, 0x00, 0x00,
    0x00, 0x00, 0x00, 0x00, 0x00, 0x00, 0x00, 0x00, 0x00, 0x00, 0x00, 0x00,
    0x00, 0x00, 0x00, 0x00, 0x00, 0x00, 0x00, 0x00, 0x00, 0x00, 0x00, 0x00,
    0x00, 0x00, 0x00, 0x00, 0x00, 0x00, 0x00, 0x00, 0x00, 0x00, 0x00, 0x00,
    0x00, 0x00, 0x00, 0x00, 0x00, 0x00, 0x00, 0x00, 0x00, 0x00, 0x00, 0x00,
    0x00, 0x00, 0x00, 0x00, 0x00, 0x00, 0x00, 0x00, 0x00, 0x00, 0x00, 0x00,
    0x00, 0x00, 0x00, 0x00, 0x00, 0x00, 0x00, 0x00, 0x00, 0x00, 0x00, 0x00,
    0x00, 0x00, 0x00, 0x00, 0x00, 0x00, 0x00, 0x00, 0x00, 0x00, 0x00, 0x00,
    0x00, 0x00, 0x00, 0x00, 0x00, 0x00, 0x00, 0x00, 0x00, 0x00, 0x00, 0x00,
    0x00, 0x00, 0x00, 0x00, 0x00, 0x00, 0x00, 0x00, 0x00, 0x00, 0x00, 0x00,
    0x00, 0x00, 0x00, 0x00, 0x00, 0x00, 0x00, 0x00, 0x00, 0x00, 0x00, 0x00,
    0x00, 0x00, 0x00, 0x00, 0x00, 0x00, 0x00, 0x00, 0x00, 0x00, 0x00, 0x00,
    0x00, 0x00, 0x00, 0x00, 0x00, 0x00, 0x00, 0x00, 0x00, 0x00, 0x00, 0x00,
    0x00, 0x00, 0x00, 0x00, 0x00, 0x00, 0x00, 0x00, 0x00, 0x00, 0x00, 0x00,
    0x00, 0x00, 0x00, 0x00, 0x00, 0x00, 0x00, 0x00, 0x00, 0x00, 0x00, 0x00,
    0x00, 0x00, 0x00, 0x00, 0x00, 0x00, 0x00, 0x00, 0xe8, 0xe8, 0x20, 0xff,
    0xe8, 0xe8, 0x20, 0xff, 0xe0, 0xe8, 0x18, 0xff, 0xe8, 0xe8, 0x20, 0xff,
    0xe8, 0xe8, 0x20, 0xff, 0xe8, 0xe8, 0x18, 0xff, 0xe8, 0xe8, 0x20, 0xff,
    0xe8, 0xe8, 0x20, 0xff, 0xe8, 0xe8, 0x18, 0xff, 0xe8, 0xe8, 0x20, 0xff,
    0xe0, 0xe4, 0x20, 0xff, 0xe8, 0xe8, 0x18, 0xff, 0x00, 0x00, 0x00, 0x00,
    0x00, 0x00, 0x00, 0x00, 0x00, 0x00, 0x00, 0x00, 0x00, 0x00, 0x00, 0x00,
    0x00, 0x00, 0x00, 0x00, 0x00, 0x00, 0x00, 0x00, 0x00, 0x00, 0x00, 0x00,
    0x00, 0x00, 0x00, 0x00, 0x00, 0x00, 0x00, 0x00, 0x00, 0x00, 0x00, 0x00,
    0x00, 0x00, 0x00, 0x00, 0x00, 0x00, 0x00, 0x00, 0x00, 0x00, 0x00, 0x00,
    0x00, 0x00, 0x00, 0x00, 0x00, 0x00, 0x00, 0x00, 0x00, 0x00, 0x00, 0x00,
    0x00, 0x00, 0x00, 0x00, 0x00, 0x00, 0x00, 0x00, 0x00, 0x00, 0x00, 0x00,
    0x00, 0x00, 0x00, 0x00, 0x00, 0x00, 0x00, 0x00, 0x00, 0x00, 0x00, 0x00,
    0x00, 0x00, 0x00, 0x00, 0x00, 0x00, 0x00, 0x00, 0x00, 0x00, 0x00, 0x00,
    0x00, 0x00, 0x00, 0x00, 0x00, 0x00, 0x00, 0x00, 0x00, 0x00, 0x00, 0x00,
    0x00, 0x00, 0x00, 0x00, 0x00, 0x00, 0x00, 0x00, 0x00, 0x00, 0x00, 0x00,
    0x00, 0x00, 0x00, 0x00, 0x00, 0x00, 0x00, 0x00, 0x00, 0x00, 0x00, 0x00,
    0x00, 0x00, 0x00, 0x00, 0x00, 0x00, 0x00, 0x00, 0x00, 0x00, 0x00, 0x00,
    0x00, 0x00, 0x00, 0x00, 0x00, 0x00, 0x00, 0x00, 0x00, 0x00, 0x00, 0x00,
    0x00, 0x00, 0x00, 0x00, 0x00, 0x00, 0x00, 0x00, 0x00, 0x00, 0x00, 0x00,
    0x00, 0x00, 0x00, 0x00, 0x00, 0x00, 0x00, 0x00, 0x00, 0x00, 0x00, 0x00,
    0x00, 0x00, 0x00, 0x00, 0x00, 0x00, 0x00, 0x00, 0x00, 0x00, 0x00, 0x00,
    0x00, 0x00, 0x00, 0x00, 0x00, 0x00, 0x00, 0x00, 0x00, 0x00, 0x00, 0x00,
    0x00, 0x00, 0x00, 0x00, 0x00, 0x00, 0x00, 0x00, 0x00, 0x00, 0x00, 0x00,
    0x00, 0x00, 0x00, 0x00, 0x00, 0x00, 0x00, 0x00, 0x00, 0x00, 0x00, 0x00,
    0x00, 0x00, 0x00, 0x00, 0x00, 0x00, 0x00, 0x00, 0x00, 0x00, 0x00, 0x00,
    0x00, 0x00, 0x00, 0x00, 0x00, 0x00, 0x00, 0x00, 0x00, 0x00, 0x00, 0x00,
    0x00, 0x00, 0x00, 0x00, 0x00, 0x00, 0x00, 0x00, 0x00, 0x00, 0x00, 0x00,
    0x00, 0x00, 0x00, 0x00, 0x00, 0x00, 0x00, 0x00, 0x00, 0x00, 0x00, 0x00,
    0x00, 0x00, 0x00, 0x00, 0x00, 0x00, 0x00, 0x00, 0x00, 0x00, 0x00, 0x00,
    0x00, 0x00, 0x00, 0x00, 0x00, 0x00, 0x00, 0x00, 0x00, 0x00, 0x00, 0x00,
    0x00, 0x00, 0x00, 0x00, 0x00, 0x00, 0x00, 0x00, 0x00, 0x00, 0x00, 0x00,
    0x00, 0x00, 0x00, 0x00, 0x00, 0x00, 0x00, 0x00, 0x00, 0x00, 0x00, 0x00,
    0x00, 0x00, 0x00, 0x00, 0x00, 0x00, 0x00, 0x00, 0x00, 0x00, 0x00, 0x00,
    0x00, 0x00, 0x00, 0x00, 0x00, 0x00, 0x00, 0x00, 0x00, 0x00, 0x00, 0x00,
    0xe8, 0xe4, 0x20, 0xff, 0xe8, 0xe4, 0x20, 0xff, 0xe8, 0xe8, 0x20, 0xff,
    0xe8, 0xe8, 0x18, 0xff, 0xe8, 0xe4, 0x20, 0xff, 0xe8, 0xe8, 0x20, 0xff,
    0xe8, 0xe4, 0x20, 0xff, 0xe8, 0xe8, 0x20, 0xff, 0xe8, 0xe8, 0x20, 0xff,
    0xe8, 0xe4, 0x20, 0xff, 0xe8, 0xe8, 0x20, 0xff, 0xe8, 0xe8, 0x20, 0xff,
    0xe8, 0xe4, 0x18, 0x20, 0x00, 0x00, 0x00, 0x00, 0x00, 0x00, 0x00, 0x00,
    0x00, 0x00, 0x00, 0x00, 0x00, 0x00, 0x00, 0x00, 0x00, 0x00, 0x00, 0x00,
    0x00, 0x00, 0x00, 0x00, 0x00, 0x00, 0x00, 0x00, 0x00, 0x00, 0x00, 0x00,
    0x00, 0x00, 0x00, 0x00, 0x00, 0x00, 0x00, 0x00, 0x00, 0x00, 0x00, 0x00,
    0x00, 0x00, 0x00, 0x00, 0x00, 0x00, 0x00, 0x00, 0x00, 0x00, 0x00, 0x00,
    0x00, 0x00, 0x00, 0x00, 0x00, 0x00, 0x00, 0x00, 0x00, 0x00, 0x00, 0x00,
    0x00, 0x00, 0x00, 0x00, 0x00, 0x00, 0x00, 0x00, 0x00, 0x00, 0x00, 0x00,
    0x00, 0x00, 0x00, 0x00, 0x00, 0x00, 0x00, 0x00, 0x00, 0x00, 0x00, 0x00,
    0x00, 0x00, 0x00, 0x00, 0x00, 0x00, 0x00, 0x00, 0x00, 0x00, 0x00, 0x00,
    0x00, 0x00, 0x00, 0x00, 0x00, 0x00, 0x00, 0x00, 0x00, 0x00, 0x00, 0x00,
    0x00, 0x00, 0x00, 0x00, 0x00, 0x00, 0x00, 0x00, 0x00, 0x00, 0x00, 0x00,
    0x00, 0x00, 0x00, 0x00, 0x00, 0x00, 0x00, 0x00, 0x00, 0x00, 0x00, 0x00,
    0x00, 0x00, 0x00, 0x00, 0x00, 0x00, 0x00, 0x00, 0x00, 0x00, 0x00, 0x00,
    0x00, 0x00, 0x00, 0x00, 0x00, 0x00, 0x00, 0x00, 0x00, 0x00, 0x00, 0x00,
    0x00, 0x00, 0x00, 0x00, 0x00, 0x00, 0x00, 0x00, 0x00, 0x00, 0x00, 0x00,
    0x00, 0x00, 0x00, 0x00, 0x00, 0x00, 0x00, 0x00, 0x00, 0x00, 0x00, 0x00,
    0x00, 0x00, 0x00, 0x00, 0x00, 0x00, 0x00, 0x00, 0x00, 0x00, 0x00, 0x00,
    0x00, 0x00, 0x00, 0x00, 0x00, 0x00, 0x00, 0x00, 0x00, 0x00, 0x00, 0x00,
    0x00, 0x00, 0x00, 0x00, 0x00, 0x00, 0x00, 0x00, 0x00, 0x00, 0x00, 0x00,
    0x00, 0x00, 0x00, 0x00, 0x00, 0x00, 0x00, 0x00, 0x00, 0x00, 0x00, 0x00,
    0x00, 0x00, 0x00, 0x00, 0x00, 0x00, 0x00, 0x00, 0x00, 0x00, 0x00, 0x00,
    0x00, 0x00, 0x00, 0x00, 0x00, 0x00, 0x00, 0x00, 0x00, 0x00, 0x00, 0x00,
    0x00, 0x00, 0x00, 0x00, 0x00, 0x00, 0x00, 0x00, 0x00, 0x00, 0x00, 0x00,
    0x00, 0x00, 0x00, 0x00, 0x00, 0x00, 0x00, 0x00, 0x00, 0x00, 0x00, 0x00,
    0x00, 0x00, 0x00, 0x00, 0x00, 0x00, 0x00, 0x00, 0x00, 0x00, 0x00, 0x00,
    0x00, 0x00, 0x00, 0x00, 0x00, 0x00, 0x00, 0x00, 0x00, 0x00, 0x00, 0x00,
    0x00, 0x00, 0x00, 0x00, 0x00, 0x00, 0x00, 0x00, 0x00, 0x00, 0x00, 0x00,
    0x00, 0x00, 0x00, 0x00, 0x00, 0x00, 0x00, 0x00, 0x00, 0x00, 0x00, 0x00,
    0x00, 0x00, 0x00, 0x00, 0x00, 0x00, 0x00, 0x00, 0x00, 0x00, 0x00, 0x00,
    0xe0, 0xe8, 0x18, 0x20, 0xe8, 0xe8, 0x18, 0xff, 0xe8, 0xe8, 0x20, 0xff,
    0xe8, 0xe8, 0x20, 0xff, 0xe8, 0xe4, 0x20, 0xff, 0xe8, 0xe8, 0x20, 0xff,
    0xe8, 0xe8, 0x20, 0xff, 0xe8, 0xe8, 0x20, 0xe7, 0xe8, 0xe8, 0x18, 0xff,
    0xe0, 0xe8, 0x20, 0xff, 0xe8, 0xe4, 0x18, 0xff, 0xe8, 0xe8, 0x20, 0xff,
    0xe8, 0xe8, 0x20, 0xff, 0xe8, 0xe8, 0x18, 0x20, 0x00, 0x00, 0x00, 0x00,
    0x00, 0x00, 0x00, 0x00, 0x00, 0x00, 0x00, 0x00, 0x00, 0x00, 0x00, 0x00,
    0x00, 0x00, 0x00, 0x00, 0x00, 0x00, 0x00, 0x00, 0x00, 0x00, 0x00, 0x00,
    0x00, 0x00, 0x00, 0x00, 0x00, 0x00, 0x00, 0x00, 0x00, 0x00, 0x00, 0x00,
    0x00, 0x00, 0x00, 0x00, 0x00, 0x00, 0x00, 0x00, 0x00, 0x00, 0x00, 0x00,
    0x00, 0x00, 0x00, 0x00, 0x00, 0x00, 0x00, 0x00, 0x00, 0x00, 0x00, 0x00,
    0x00, 0x00, 0x00, 0x00, 0x00, 0x00, 0x00, 0x00, 0x00, 0x00, 0x00, 0x00,
    0x00, 0x00, 0x00, 0x00, 0x00, 0x00, 0x00, 0x00, 0x00, 0x00, 0x00, 0x00,
    0x00, 0x00, 0x00, 0x00, 0x00, 0x00, 0x00, 0x00, 0x00, 0x00, 0x00, 0x00,
    0x00, 0x00, 0x00, 0x00, 0x00, 0x00, 0x00, 0x00, 0x00, 0x00, 0x00, 0x00,
    0x00, 0x00, 0x00, 0x00, 0x00, 0x00, 0x00, 0x00, 0x00, 0x00, 0x00, 0x00,
    0x00, 0x00, 0x00, 0x00, 0x00, 0x00, 0x00, 0x00, 0x00, 0x00, 0x00, 0x00,
    0x00, 0x00, 0x00, 0x00, 0x00, 0x00, 0x00, 0x00, 0x00, 0x00, 0x00, 0x00,
    0x00, 0x00, 0x00, 0x00, 0x00, 0x00, 0x00, 0x00, 0x00, 0x00, 0x00, 0x00,
    0x00, 0x00, 0x00, 0x00, 0x00, 0x00, 0x00, 0x00, 0x00, 0x00, 0x00, 0x00,
    0x00, 0x00, 0x00, 0x00, 0x00, 0x00, 0x00, 0x00, 0x00, 0x00, 0x00, 0x00,
    0x00, 0x00, 0x00, 0x00, 0x00, 0x00, 0x00, 0x00, 0x00, 0x00, 0x00, 0x00,
    0x00, 0x00, 0x00, 0x00, 0x00, 0x00, 0x00, 0x00, 0x00, 0x00, 0x00, 0x00,
    0x00, 0x00, 0x00, 0x00, 0x00, 0x00, 0x00, 0x00, 0x00, 0x00, 0x00, 0x00,
    0x00, 0x00, 0x00, 0x00, 0x00, 0x00, 0x00, 0x00, 0x00, 0x00, 0x00, 0x00,
    0x00, 0x00, 0x00, 0x00, 0x00, 0x00, 0x00, 0x00, 0x00, 0x00, 0x00, 0x00,
    0x00, 0x00, 0x00, 0x00, 0x00, 0x00, 0x00, 0x00, 0x00, 0x00, 0x00, 0x00,
    0x00, 0x00, 0x00, 0x00, 0x00, 0x00, 0x00, 0x00, 0x00, 0x00, 0x00, 0x00,
    0x00, 0x00, 0x00, 0x00, 0x00, 0x00, 0x00, 0x00, 0x00, 0x00, 0x00, 0x00,
    0x00, 0x00, 0x00, 0x00, 0x00, 0x00, 0x00, 0x00, 0x00, 0x00, 0x00, 0x00,
    0x00, 0x00, 0x00, 0x00, 0x00, 0x00, 0x00, 0x00, 0x00, 0x00, 0x00, 0x00,
    0x00, 0x00, 0x00, 0x00, 0x00, 0x00, 0x00, 0x00, 0x00, 0x00, 0x00, 0x00,
    0x00, 0x00, 0x00, 0x00, 0x00, 0x00, 0x00, 0x00, 0x00, 0x00, 0x00, 0x00,
    0x00, 0x00, 0x00, 0x00, 0x00, 0x00, 0x00, 0x00, 0x00, 0x00, 0x00, 0x00,
    0x00, 0x00, 0x00, 0x00, 0xe8, 0xe8, 0x18, 0x20, 0xe8, 0xe8, 0x20, 0xff,
    0xe8, 0xe8, 0x18, 0xff, 0xe0, 0xe4, 0x20, 0xff, 0xe8, 0xe8, 0x20, 0xff,
    0xe8, 0xe8, 0x18, 0xff, 0xe8, 0xe8, 0x20, 0xe3, 0xe8, 0xe8, 0x20, 0xdf,
    0xe8, 0xe8, 0x20, 0xff, 0xe8, 0xe8, 0x18, 0xff, 0xe8, 0xe8, 0x20, 0xff,
    0xe8, 0xe8, 0x20, 0xff, 0xe0, 0xe4, 0x18, 0xff, 0xe0, 0xe4, 0x18, 0x41,
    0x00, 0x00, 0x00, 0x00, 0x00, 0x00, 0x00, 0x00, 0x00, 0x00, 0x00, 0x00,
    0x00, 0x00, 0x00, 0x00, 0x00, 0x00, 0x00, 0x00, 0x00, 0x00, 0x00, 0x00,
    0x00, 0x00, 0x00, 0x00, 0x00, 0x00, 0x00, 0x00, 0x00, 0x00, 0x00, 0x00,
    0x00, 0x00, 0x00, 0x00, 0x00, 0x00, 0x00, 0x00, 0x00, 0x00, 0x00, 0x00,
    0x00, 0x00, 0x00, 0x00, 0x00, 0x00, 0x00, 0x00, 0x00, 0x00, 0x00, 0x00,
    0x00, 0x00, 0x00, 0x00, 0x00, 0x00, 0x00, 0x00, 0x00, 0x00, 0x00, 0x00,
    0x00, 0x00, 0x00, 0x00, 0x00, 0x00, 0x00, 0x00, 0x00, 0x00, 0x00, 0x00,
    0x00, 0x00, 0x00, 0x00, 0x00, 0x00, 0x00, 0x00, 0x00, 0x00, 0x00, 0x00,
    0x00, 0x00, 0x00, 0x00, 0x00, 0x00, 0x00, 0x00, 0x00, 0x00, 0x00, 0x00,
    0x00, 0x00, 0x00, 0x00, 0x00, 0x00, 0x00, 0x00, 0x00, 0x00, 0x00, 0x00,
    0x00, 0x00, 0x00, 0x00, 0x00, 0x00, 0x00, 0x00, 0x00, 0x00, 0x00, 0x00,
    0x00, 0x00, 0x00, 0x00, 0x00, 0x00, 0x00, 0x00, 0x00, 0x00, 0x00, 0x00,
    0x00, 0x00, 0x00, 0x00, 0x00, 0x00, 0x00, 0x00, 0x00, 0x00, 0x00, 0x00,
    0x00, 0x00, 0x00, 0x00, 0x00, 0x00, 0x00, 0x00, 0x00, 0x00, 0x00, 0x00,
    0x00, 0x00, 0x00, 0x00, 0x00, 0x00, 0x00, 0x00, 0x00, 0x00, 0x00, 0x00,
    0x00, 0x00, 0x00, 0x00, 0x00, 0x00, 0x00, 0x00, 0x00, 0x00, 0x00, 0x00,
    0x00, 0x00, 0x00, 0x00, 0x00, 0x00, 0x00, 0x00, 0x00, 0x00, 0x00, 0x00,
    0x00, 0x00, 0x00, 0x00, 0x00, 0x00, 0x00, 0x00, 0x00, 0x00, 0x00, 0x00,
    0x00, 0x00, 0x00, 0x00, 0x00, 0x00, 0x00, 0x00, 0x00, 0x00, 0x00, 0x00,
    0x00, 0x00, 0x00, 0x00, 0x00, 0x00, 0x00, 0x00, 0x00, 0x00, 0x00, 0x00,
    0x00, 0x00, 0x00, 0x00, 0x00, 0x00, 0x00, 0x00, 0x00, 0x00, 0x00, 0x00,
    0x00, 0x00, 0x00, 0x00, 0x00, 0x00, 0x00, 0x00, 0x00, 0x00, 0x00, 0x00,
    0x00, 0x00, 0x00, 0x00, 0x00, 0x00, 0x00, 0x00, 0x00, 0x00, 0x00, 0x00,
    0x00, 0x00, 0x00, 0x00, 0x00, 0x00, 0x00, 0x00, 0x00, 0x00, 0x00, 0x00,
    0x00, 0x00, 0x00, 0x00, 0x00, 0x00, 0x00, 0x00, 0x00, 0x00, 0x00, 0x00,
    0x00, 0x00, 0x00, 0x00, 0x00, 0x00, 0x00, 0x00, 0x00, 0x00, 0x00, 0x00,
    0x00, 0x00, 0x00, 0x00, 0x00, 0x00, 0x00, 0x00, 0x00, 0x00, 0x00, 0x00,
    0x00, 0x00, 0x00, 0x00, 0x00, 0x00, 0x00, 0x00, 0x00, 0x00, 0x00, 0x00,
    0x00, 0x00, 0x00, 0x00, 0x00, 0x00, 0x00, 0x00, 0xe0, 0xe4, 0x18, 0x30,
    0xe8, 0xe4, 0x20, 0xff, 0xe8, 0xe8, 0x20, 0xff, 0xe8, 0xe8, 0x18, 0xff,
    0xe8, 0xe8, 0x20, 0xff, 0xe8, 0xe4, 0x20, 0xff, 0xe8, 0xe8, 0x18, 0xdf,
    0xe8, 0xe4, 0x18, 0xbe, 0xe8, 0xe8, 0x20, 0xff, 0xe8, 0xe4, 0x20, 0xff,
    0xe8, 0xe8, 0x20, 0xff, 0xe8, 0xe8, 0x20, 0xff, 0xe8, 0xe8, 0x20, 0xff,
    0xe0, 0xe4, 0x20, 0x61, 0x00, 0x00, 0x00, 0x00, 0x00, 0x00, 0x00, 0x00,
    0x00, 0x00, 0x00, 0x00, 0x00, 0x00, 0x00, 0x00, 0x00, 0x00, 0x00, 0x00,
    0x00, 0x00, 0x00, 0x00, 0x00, 0x00, 0x00, 0x00, 0x00, 0x00, 0x00, 0x00,
    0x00, 0x00, 0x00, 0x00, 0x00, 0x00, 0x00, 0x00, 0x00, 0x00, 0x00, 0x00,
    0x00, 0x00, 0x00, 0x00, 0x00, 0x00, 0x00, 0x00, 0x00, 0x00, 0x00, 0x00,
    0x00, 0x00, 0x00, 0x00, 0x00, 0x00, 0x00, 0x00, 0x00, 0x00, 0x00, 0x00,
    0x00, 0x00, 0x00, 0x00, 0x00, 0x00, 0x00, 0x00, 0x00, 0x00, 0x00, 0x00,
    0x00, 0x00, 0x00, 0x00, 0x00, 0x00, 0x00, 0x00, 0x00, 0x00, 0x00, 0x00,
    0x00, 0x00, 0x00, 0x00, 0x00, 0x00, 0x00, 0x00, 0x00, 0x00, 0x00, 0x00,
    0x00, 0x00, 0x00, 0x00, 0x00, 0x00, 0x00, 0x00, 0x00, 0x00, 0x00, 0x00,
    0x00, 0x00, 0x00, 0x00, 0x00, 0x00, 0x00, 0x00, 0x00, 0x00, 0x00, 0x00,
    0x00, 0x00, 0x00, 0x00, 0x00, 0x00, 0x00, 0x00, 0x00, 0x00, 0x00, 0x00,
    0x00, 0x00, 0x00, 0x00, 0x00, 0x00, 0x00, 0x00, 0x00, 0x00, 0x00, 0x00,
    0x00, 0x00, 0x00, 0x00, 0x00, 0x00, 0x00, 0x00, 0x00, 0x00, 0x00, 0x00,
    0x00, 0x00, 0x00, 0x00, 0x00, 0x00, 0x00, 0x00, 0x00, 0x00, 0x00, 0x00,
    0x00, 0x00, 0x00, 0x00, 0x00, 0x00, 0x00, 0x00, 0x00, 0x00, 0x00, 0x00,
    0x00, 0x00, 0x00, 0x00, 0x00, 0x00, 0x00, 0x00, 0x00, 0x00, 0x00, 0x00,
    0x00, 0x00, 0x00, 0x00, 0x00, 0x00, 0x00, 0x00, 0x00, 0x00, 0x00, 0x00,
    0x00, 0x00, 0x00, 0x00, 0x00, 0x00, 0x00, 0x00, 0x00, 0x00, 0x00, 0x00,
    0x00, 0x00, 0x00, 0x00, 0x00, 0x00, 0x00, 0x00, 0x00, 0x00, 0x00, 0x00,
    0x00, 0x00, 0x00, 0x00, 0x00, 0x00, 0x00, 0x00, 0x00, 0x00, 0x00, 0x00,
    0x00, 0x00, 0x00, 0x00, 0x00, 0x00, 0x00, 0x00, 0x00, 0x00, 0x00, 0x00,
    0x00, 0x00, 0x00, 0x00, 0x00, 0x00, 0x00, 0x00, 0x00, 0x00, 0x00, 0x00,
    0x00, 0x00, 0x00, 0x00, 0x00, 0x00, 0x00, 0x00, 0x00, 0x00, 0x00, 0x00,
    0x00, 0x00, 0x00, 0x00, 0x00, 0x00, 0x00, 0x00, 0x00, 0x00, 0x00, 0x00,
    0x00, 0x00, 0x00, 0x00, 0x00, 0x00, 0x00, 0x00, 0x00, 0x00, 0x00, 0x00,
    0x00, 0x00, 0x00, 0x00, 0x00, 0x00, 0x00, 0x00, 0x00, 0x00, 0x00, 0x00,
    0x00, 0x00, 0x00, 0x00, 0x00, 0x00, 0x00, 0x00, 0x00, 0x00, 0x00, 0x00,
    0x00, 0x00, 0x00, 0x00, 0x00, 0x00, 0x00, 0x00, 0x00, 0x00, 0x00, 0x00,
    0xe0, 0xe4, 0x18, 0x61, 0xe8, 0xe8, 0x20, 0xff, 0xe8, 0xe4, 0x20, 0xff,
    0xe8, 0xe8, 0x20, 0xff, 0xe0, 0xe8, 0x20, 0xff, 0xe8, 0xe4, 0x20, 0xff,
    0xe8, 0xe8, 0x18, 0xbe, 0xe8, 0xe8, 0x20, 0x92, 0xe8, 0xe8, 0x20, 0xff,
    0xe0, 0xe8, 0x20, 0xff, 0xe8, 0xe4, 0x18, 0xff, 0xe8, 0xe8, 0x20, 0xff,
    0xe8, 0xe8, 0x20, 0xff, 0xe8, 0xe4, 0x20, 0xdf, 0xe8, 0xe8, 0x20, 0x20,
    0x00, 0x00, 0x00, 0x00, 0x00, 0x00, 0x00, 0x00, 0x00, 0x00, 0x00, 0x00,
    0x00, 0x00, 0x00, 0x00, 0x00, 0x00, 0x00, 0x00, 0x00, 0x00, 0x00, 0x00,
    0x00, 0x00, 0x00, 0x00, 0x00, 0x00, 0x00, 0x00, 0x00, 0x00, 0x00, 0x00,
    0x00, 0x00, 0x00, 0x00, 0x00, 0x00, 0x00, 0x00, 0x00, 0x00, 0x00, 0x00,
    0x00, 0x00, 0x00, 0x00, 0x00, 0x00, 0x00, 0x00, 0x00, 0x00, 0x00, 0x00,
    0x00, 0x00, 0x00, 0x00, 0x00, 0x00, 0x00, 0x00, 0x00, 0x00, 0x00, 0x00,
    0x00, 0x00, 0x00, 0x00, 0x00, 0x00, 0x00, 0x00, 0x00, 0x00, 0x00, 0x00,
    0x00, 0x00, 0x00, 0x00, 0x00, 0x00, 0x00, 0x00, 0x00, 0x00, 0x00, 0x00,
    0x00, 0x00, 0x00, 0x00, 0x00, 0x00, 0x00, 0x00, 0x00, 0x00, 0x00, 0x00,
    0x00, 0x00, 0x00, 0x00, 0x00, 0x00, 0x00, 0x00, 0x00, 0x00, 0x00, 0x00,
    0x00, 0x00, 0x00, 0x00, 0x00, 0x00, 0x00, 0x00, 0x00, 0x00, 0x00, 0x00,
    0x00, 0x00, 0x00, 0x00, 0x00, 0x00, 0x00, 0x00, 0x00, 0x00, 0x00, 0x00,
    0x00, 0x00, 0x00, 0x00, 0x00, 0x00, 0x00, 0x00, 0x00, 0x00, 0x00, 0x00,
    0x00, 0x00, 0x00, 0x00, 0x00, 0x00, 0x00, 0x00, 0x00, 0x00, 0x00, 0x00,
    0x00, 0x00, 0x00, 0x00, 0x00, 0x00, 0x00, 0x00, 0x00, 0x00, 0x00, 0x00,
    0x00, 0x00, 0x00, 0x00, 0x00, 0x00, 0x00, 0x00, 0x00, 0x00, 0x00, 0x00,
    0x00, 0x00, 0x00, 0x00, 0x00, 0x00, 0x00, 0x00, 0x00, 0x00, 0x00, 0x00,
    0x00, 0x00, 0x00, 0x00, 0x00, 0x00, 0x00, 0x00, 0x00, 0x00, 0x00, 0x00,
    0x00, 0x00, 0x00, 0x00, 0x00, 0x00, 0x00, 0x00, 0x00, 0x00, 0x00, 0x00,
    0x00, 0x00, 0x00, 0x00, 0x00, 0x00, 0x00, 0x00, 0x00, 0x00, 0x00, 0x00,
    0x00, 0x00, 0x00, 0x00, 0x00, 0x00, 0x00, 0x00, 0x00, 0x00, 0x00, 0x00,
    0x00, 0x00, 0x00, 0x00, 0x00, 0x00, 0x00, 0x00, 0x00, 0x00, 0x00, 0x00,
    0x00, 0x00, 0x00, 0x00, 0x00, 0x00, 0x00, 0x00, 0x00, 0x00, 0x00, 0x00,
    0x00, 0x00, 0x00, 0x00, 0x00, 0x00, 0x00, 0x00, 0x00, 0x00, 0x00, 0x00,
    0x00, 0x00, 0x00, 0x00, 0x00, 0x00, 0x00, 0x00, 0x00, 0x00, 0x00, 0x00,
    0x00, 0x00, 0x00, 0x00, 0x00, 0x00, 0x00, 0x00, 0x00, 0x00, 0x00, 0x00,
    0x00, 0x00, 0x00, 0x00, 0x00, 0x00, 0x00, 0x00, 0x00, 0x00, 0x00, 0x00,
    0x00, 0x00, 0x00, 0x00, 0x00, 0x00, 0x00, 0x00, 0x00, 0x00, 0x00, 0x00,
    0xe8, 0xe8, 0x20, 0x20, 0xe8, 0xe8, 0x20, 0xdf, 0xe8, 0xe8, 0x20, 0xff,
    0xe8, 0xe8, 0x20, 0xff, 0xe8, 0xe4, 0x18, 0xff, 0xe8, 0xe8, 0x20, 0xff,
    0xe8, 0xe8, 0x20, 0xff, 0xe8, 0xe8, 0x20, 0x92, 0xe8, 0xe4, 0x18, 0x51,
    0xe8, 0xe8, 0x20, 0xff, 0xe8, 0xe8, 0x20, 0xff, 0xe8, 0xe4, 0x18, 0xff,
    0xe8, 0xe8, 0x20, 0xff, 0xe8, 0xe8, 0x18, 0xff, 0xe8, 0xe4, 0x18, 0xff,
    0xe8, 0xe8, 0x20, 0xdf, 0xe0, 0xe4, 0x18, 0x61, 0xe0, 0xe4, 0x18, 0x30,
    0xe8, 0xe8, 0x18, 0x20, 0xe8, 0xe8, 0x18, 0x20, 0x00, 0x00, 0x00, 0x00,
    0x00, 0x00, 0x00, 0x00, 0x00, 0x00, 0x00, 0x00, 0x00, 0x00, 0x00, 0x00,
    0x00, 0x00, 0x00, 0x00, 0x00, 0x00, 0x00, 0x00, 0x00, 0x00, 0x00, 0x00,
    0x00, 0x00, 0x00, 0x00, 0x00, 0x00, 0x00, 0x00, 0x00, 0x00, 0x00, 0x00,
    0x00, 0x00, 0x00, 0x00, 0x00, 0x00, 0x00, 0x00, 0x00, 0x00, 0x00, 0x00,
    0x00, 0x00, 0x00, 0x00, 0x00, 0x00, 0x00, 0x00, 0x00, 0x00, 0x00, 0x00,
    0x00, 0x00, 0x00, 0x00, 0x00, 0x00, 0x00, 0x00, 0x00, 0x00, 0x00, 0x00,
    0x00, 0x00, 0x00, 0x00, 0x00, 0x00, 0x00, 0x00, 0x00, 0x00, 0x00, 0x00,
    0x00, 0x00, 0x00, 0x00, 0x00, 0x00, 0x00, 0x00, 0x00, 0x00, 0x00, 0x00,
    0x00, 0x00, 0x00, 0x00, 0x00, 0x00, 0x00, 0x00, 0x00, 0x00, 0x00, 0x00,
    0x00, 0x00, 0x00, 0x00, 0x00, 0x00, 0x00, 0x00, 0x00, 0x00, 0x00, 0x00,
    0x00, 0x00, 0x00, 0x00, 0x00, 0x00, 0x00, 0x00, 0x00, 0x00, 0x00, 0x00,
    0x00, 0x00, 0x00, 0x00, 0x00, 0x00, 0x00, 0x00, 0x00, 0x00, 0x00, 0x00,
    0x00, 0x00, 0x00, 0x00, 0x00, 0x00, 0x00, 0x00, 0x00, 0x00, 0x00, 0x00,
    0x00, 0x00, 0x00, 0x00, 0x00, 0x00, 0x00, 0x00, 0x00, 0x00, 0x00, 0x00,
    0x00, 0x00, 0x00, 0x00, 0x00, 0x00, 0x00, 0x00, 0x00, 0x00, 0x00, 0x00,
    0x00, 0x00, 0x00, 0x00, 0x00, 0x00, 0x00, 0x00, 0x00, 0x00, 0x00, 0x00,
    0x00, 0x00, 0x00, 0x00, 0x00, 0x00, 0x00, 0x00, 0x00, 0x00, 0x00, 0x00,
    0x00, 0x00, 0x00, 0x00, 0x00, 0x00, 0x00, 0x00, 0x00, 0x00, 0x00, 0x00,
    0x00, 0x00, 0x00, 0x00, 0x00, 0x00, 0x00, 0x00, 0x00, 0x00, 0x00, 0x00,
    0x00, 0x00, 0x00, 0x00, 0x00, 0x00, 0x00, 0x00, 0x00, 0x00, 0x00, 0x00,
    0x00, 0x00, 0x00, 0x00, 0x00, 0x00, 0x00, 0x00, 0x00, 0x00, 0x00, 0x00,
    0x00, 0x00, 0x00, 0x00, 0x00, 0x00, 0x00, 0x00, 0x00, 0x00, 0x00, 0x00,
    0x00, 0x00, 0x00, 0x00, 0x00, 0x00, 0x00, 0x00, 0x00, 0x00, 0x00, 0x00,
    0x00, 0x00, 0x00, 0x00, 0x00, 0x00, 0x00, 0x00, 0x00, 0x00, 0x00, 0x00,
    0x00, 0x00, 0x00, 0x00, 0x00, 0x00, 0x00, 0x00, 0x00, 0x00, 0x00, 0x00,
    0xe0, 0xe8, 0x18, 0x20, 0xe8, 0xe8, 0x18, 0x20, 0xe0, 0xe0, 0x18, 0x41,
    0xe0, 0xe4, 0x20, 0x61, 0xe8, 0xe8, 0x20, 0xdf, 0xe8, 0xe4, 0x20, 0xff,
    0xe8, 0xe8, 0x18, 0xff, 0xe8, 0xe8, 0x20, 0xff, 0xe8, 0xe8, 0x20, 0xff,
    0xe8, 0xe8, 0x18, 0xff, 0xe8, 0xe8, 0x20, 0xff, 0xe0, 0xe4, 0x18, 0x51,
    0xe0, 0xe0, 0x20, 0x08, 0xe8, 0xe8, 0x20, 0xe3, 0xe8, 0xe8, 0x20, 0xff,
    0xe8, 0xe8, 0x20, 0xff, 0xe0, 0xe8, 0x20, 0xff, 0xe8, 0xe8, 0x20, 0xff,
    0xe8, 0xe8, 0x20, 0xff, 0xe8, 0xe8, 0x20, 0xff, 0xe8, 0xe8, 0x20, 0xff,
    0xe8, 0xe4, 0x20, 0xff, 0xe8, 0xe8, 0x20, 0xff, 0xe8, 0xe4, 0x20, 0xff,
    0xe8, 0xe8, 0x20, 0xff, 0xe8, 0xe8, 0x20, 0xff, 0xe8, 0xe4, 0x20, 0xff,
    0xe8, 0xe8, 0x20, 0xff, 0xe8, 0xe8, 0x20, 0xff, 0xe8, 0xe4, 0x20, 0xff,
    0xe8, 0xe8, 0x20, 0xff, 0xe8, 0xe8, 0x20, 0xff, 0xe8, 0xe4, 0x20, 0xff,
    0xe8, 0xe8, 0x20, 0xff, 0xe8, 0xe8, 0x20, 0xff, 0xe8, 0xe4, 0x20, 0xff,
    0xe8, 0xe8, 0x18, 0xff, 0xe8, 0xe8, 0x20, 0xff, 0xe8, 0xe4, 0x20, 0xff,
    0xe8, 0xe8, 0x20, 0xff, 0xe8, 0xe8, 0x20, 0xff, 0xe8, 0xe4, 0x18, 0xff,
    0xe0, 0xe8, 0x20, 0xff, 0xe8, 0xe8, 0x20, 0xff, 0xe8, 0xe4, 0x20, 0xff,
    0xe0, 0xe8, 0x18, 0xff, 0xe8, 0xe8, 0x20, 0xff, 0xe8, 0xe4, 0x20, 0xff,
    0xe0, 0xe8, 0x18, 0xff, 0xe8, 0xe8, 0x20, 0xff, 0xe8, 0xe4, 0x20, 0xff,
    0xe0, 0xe8, 0x18, 0xff, 0xe8, 0xe8, 0x20, 0xff, 0xe8, 0xe4, 0x20, 0xff,
    0xe0, 0xe8, 0x18, 0xff, 0xe8, 0xe8, 0x20, 0xff, 0xe8, 0xe4, 0x20, 0xff,
    0xe0, 0xe8, 0x18, 0xff, 0xe8, 0xe8, 0x20, 0xff, 0xe8, 0xe4, 0x20, 0xff,
    0xe0, 0xe8, 0x18, 0xff, 0xe8, 0xe8, 0x20, 0xff, 0xe0, 0xe4, 0x20, 0xff,
    0xe8, 0xe8, 0x18, 0xff, 0xe8, 0xe8, 0x20, 0xff, 0xe0, 0xe4, 0x20, 0xff,
    0xe8, 0xe8, 0x18, 0xff, 0xe0, 0xe8, 0x20, 0xff, 0xe8, 0xe4, 0x20, 0xff,
    0xe8, 0xe8, 0x18, 0xff, 0xe0, 0xe8, 0x20, 0xff, 0xe8, 0xe4, 0x20, 0xff,
    0xe0, 0xe8, 0x18, 0xff, 0xe8, 0xe8, 0x20, 0xff, 0xe8, 0xe4, 0x20, 0xff,
    0xe0, 0xe8, 0x18, 0xff, 0xe8, 0xe8, 0x20, 0xff, 0xe0, 0xe4, 0x20, 0xff,
    0xe8, 0xe8, 0x18, 0xff, 0xe8, 0xe8, 0x20, 0xff, 0xe0, 0xe4, 0x20, 0xff,
    0xe8, 0xe8, 0x18, 0xff, 0xe0, 0xe8, 0x20, 0xff, 0xe8, 0xe4, 0x20, 0xff,
    0xe8, 0xe8, 0x18, 0xff, 0xe0, 0xe8, 0x20, 0xff, 0xe8, 0xe4, 0x20, 0xff,
    0xe0, 0xe8, 0x18, 0xff, 0xe8, 0xe8, 0x20, 0xff, 0xe8, 0xe4, 0x20, 0xff,
    0xe0, 0xe8, 0x18, 0xff, 0xe8, 0xe8, 0x20, 0xff, 0xe0, 0xe4, 0x20, 0xff,
    0xe8, 0xe8, 0x18, 0xff, 0xe8, 0xe8, 0x20, 0xff, 0xe0, 0xe4, 0x20, 0xff,
    0xe8, 0xe8, 0x18, 0xff, 0xe8, 0xe8, 0x20, 0xff, 0xe0, 0xe4, 0x20, 0xff,
    0xe8, 0xe8, 0x18, 0xff, 0xe8, 0xe8, 0x20, 0xff, 0xe8, 0xe4, 0x20, 0xff,
    0xe8, 0xe8, 0x20, 0xff, 0xe8, 0xe8, 0x18, 0xff, 0xe8, 0xe4, 0x20, 0xff,
    0xe8, 0xe8, 0x20, 0xff, 0xe0, 0xe4, 0x18, 0xff, 0xe8, 0xe8, 0x20, 0xff,
    0xe8, 0xe4, 0x20, 0xff, 0xe0, 0xe8, 0x20, 0xff, 0xe8, 0xe8, 0x20, 0xe3,
    0xc0, 0xbc, 0x00, 0x04, 0x00, 0x00, 0x00, 0x00, 0xe8, 0xe4, 0x20, 0x55,
    0xe8, 0xe8, 0x18, 0xff, 0xe8, 0xe8, 0x20, 0xff, 0xe8, 0xe4, 0x20, 0xff,
    0xe8, 0xe8, 0x20, 0xff, 0xe8, 0xe4, 0x20, 0xff, 0xe8, 0xe8, 0x20, 0xff,
    0xe8, 0xe8, 0x20, 0xff, 0xe8, 0xe8, 0x20, 0xff, 0xe8, 0xe8, 0x18, 0xff,
    0xe8, 0xe4, 0x20, 0xff, 0xe0, 0xe8, 0x20, 0xff, 0xe8, 0xe8, 0x18, 0xff,
    0xe8, 0xe8, 0x18, 0xff, 0xe0, 0xe8, 0x20, 0xff, 0xe8, 0xe8, 0x18, 0xff,
    0xe8, 0xe8, 0x18, 0xff, 0xe0, 0xe8, 0x20, 0xff, 0xe8, 0xe8, 0x18, 0xff,
    0xe8, 0xe8, 0x18, 0xff, 0xe0, 0xe8, 0x20, 0xff, 0xe8, 0xe8, 0x20, 0xff,
    0xe8, 0xe8, 0x18, 0xff, 0xe0, 0xe8, 0x20, 0xff, 0xe8, 0xe8, 0x20, 0xff,
    0xe8, 0xe8, 0x18, 0xff, 0xe0, 0xe8, 0x20, 0xff, 0xe8, 0xe8, 0x20, 0xff,
    0xe8, 0xe8, 0x20, 0xff, 0xe8, 0xe8, 0x18, 0xff, 0xe8, 0xe8, 0x20, 0xff,
    0xe8, 0xe8, 0x20, 0xff, 0xe8, 0xe8, 0x20, 0xff, 0xe8, 0xe8, 0x20, 0xff,
    0xe8, 0xe8, 0x20, 0xff, 0xe8, 0xe8, 0x20, 0xff, 0xe8, 0xe8, 0x20, 0xff,
    0xe8, 0xe8, 0x20, 0xff, 0xe8, 0xe8, 0x20, 0xff, 0xe8, 0xe8, 0x20, 0xff,
    0xe8, 0xe8, 0x20, 0xff, 0xe8, 0xe8, 0x20, 0xff, 0xe8, 0xe8, 0x20, 0xff,
    0xe8, 0xe8, 0x20, 0xff, 0xe8, 0xe8, 0x20, 0xff, 0xe8, 0xe8, 0x20, 0xff,
    0xe8, 0xe8, 0x20, 0xff, 0xe8, 0xe8, 0x20, 0xff, 0xe8, 0xe8, 0x20, 0xff,
    0xe8, 0xe8, 0x20, 0xff, 0xe8, 0xe8, 0x20, 0xff, 0xe8, 0xe8, 0x20, 0xff,
    0xe8, 0xe8, 0x20, 0xff, 0xe8, 0xe8, 0x20, 0xff, 0xe8, 0xe8, 0x20, 0xff,
    0xe8, 0xe8, 0x20, 0xff, 0xe8, 0xe8, 0x20, 0xff, 0xe8, 0xe8, 0x20, 0xff,
    0xe8, 0xe8, 0x20, 0xff, 0xe8, 0xe8, 0x20, 0xff, 0xe8, 0xe8, 0x20, 0xff,
    0xe8, 0xe8, 0x20, 0xff, 0xe8, 0xe8, 0x20, 0xff, 0xe8, 0xe8, 0x20, 0xff,
    0xe8, 0xe8, 0x20, 0xff, 0xe8, 0xe8, 0x20, 0xff, 0xe8, 0xe8, 0x20, 0xff,
    0xe8, 0xe8, 0x20, 0xff, 0xe8, 0xe8, 0x20, 0xff, 0xe8, 0xe8, 0x20, 0xff,
    0xe8, 0xe8, 0x20, 0xff, 0xe8, 0xe8, 0x20, 0xff, 0xe8, 0xe8, 0x20, 0xff,
    0xe8, 0xe8, 0x20, 0xff, 0xe8, 0xe8, 0x20, 0xff, 0xe8, 0xe8, 0x20, 0xff,
    0xe8, 0xe8, 0x20, 0xff, 0xe8, 0xe8, 0x20, 0xff, 0xe8, 0xe8, 0x20, 0xff,
    0xe8, 0xe8, 0x20, 0xff, 0xe8, 0xe8, 0x20, 0xff, 0xe8, 0xe8, 0x20, 0xff,
    0xe8, 0xe8, 0x20, 0xff, 0xe8, 0xe8, 0x20, 0xff, 0xe8, 0xe8, 0x20, 0xff,
    0xe8, 0xe8, 0x20, 0xff, 0xe8, 0xe4, 0x20, 0xff, 0xe8, 0xe8, 0x18, 0xff,
    0xe8, 0xe8, 0x20, 0xff, 0xe8, 0xe8, 0x20, 0xff, 0xe8, 0xe8, 0x20, 0xff,
    0xe8, 0xe8, 0x18, 0xff, 0xe8, 0xe8, 0x20, 0xff, 0xe8, 0xe8, 0x20, 0xff,
    0xe8, 0xe8, 0x20, 0xff, 0xe8, 0xe4, 0x18, 0xff, 0xe8, 0xe8, 0x20, 0xff,
    0xe8, 0xe4, 0x18, 0x51, 0x00, 0x00, 0x00, 0x00, 0x00, 0x00, 0x00, 0x00,
    0x00, 0x00, 0x00, 0x00, 0xe0, 0xe4, 0x20, 0x8e, 0xe8, 0xe8, 0x18, 0xff,
    0xe8, 0xe8, 0x18, 0xff, 0xe8, 0xe4, 0x20, 0xff, 0xe0, 0xe8, 0x18, 0xff,
    0xe8, 0xe8, 0x18, 0xff, 0xe8, 0xe4, 0x20, 0xff, 0xe8, 0xe8, 0x20, 0xff,
    0xe8, 0xe8, 0x18, 0xff, 0xe8, 0xe8, 0x20, 0xff, 0xe8, 0xe4, 0x20, 0xff,
    0xe8, 0xe8, 0x20, 0xff, 0xe8, 0xe8, 0x20, 0xff, 0xe8, 0xe4, 0x20, 0xff,
    0xe8, 0xe4, 0x20, 0xff, 0xe8, 0xe8, 0x20, 0xff, 0xe8, 0xe4, 0x20, 0xff,
    0xe8, 0xe8, 0x20, 0xff, 0xe8, 0xe4, 0x20, 0xff, 0xe8, 0xe8, 0x20, 0xff,
    0xe8, 0xe4, 0x18, 0xff, 0xe8, 0xe8, 0x20, 0xff, 0xe8, 0xe4, 0x20, 0xff,
    0xe8, 0xe8, 0x20, 0xff, 0xe8, 0xe4, 0x18, 0xff, 0xe8, 0xe8, 0x20, 0xff,
    0xe8, 0xe4, 0x20, 0xff, 0xe8, 0xe8, 0x20, 0xff, 0xe8, 0xe4, 0x20, 0xff,
    0xe8, 0xe8, 0x18, 0xff, 0xe8, 0xe4, 0x20, 0xff, 0xe8, 0xe8, 0x18, 0xff,
    0xe8, 0xe4, 0x20, 0xff, 0xe8, 0xe8, 0x18, 0xff, 0xe8, 0xe4, 0x20, 0xff,
    0xe8, 0xe8, 0x18, 0xff, 0xe8, 0xe4, 0x20, 0xff, 0xe8, 0xe8, 0x18, 0xff,
    0xe8, 0xe4, 0x20, 0xff, 0xe8, 0xe8, 0x18, 0xff, 0xe8, 0xe4, 0x20, 0xff,
    0xe0, 0xe8, 0x18, 0xff, 0xe8, 0xe4, 0x18, 0xff, 0xe8, 0xe8, 0x20, 0xff,
    0xe8, 0xe4, 0x18, 0xff, 0xe8, 0xe8, 0x20, 0xff, 0xe8, 0xe4, 0x18, 0xff,
    0xe8, 0xe8, 0x18, 0xff, 0xe8, 0xe4, 0x20, 0xff, 0xe8, 0xe8, 0x18, 0xff,
    0xe8, 0xe4, 0x20, 0xff, 0xe8, 0xe8, 0x18, 0xff, 0xe8, 0xe4, 0x20, 0xff,
    0xe8, 0xe8, 0x18, 0xff, 0xe8, 0xe4, 0x18, 0xff, 0xe8, 0xe8, 0x20, 0xff,
    0xe8, 0xe4, 0x18, 0xff, 0xe8, 0xe8, 0x20, 0xff, 0xe8, 0xe4, 0x18, 0xff,
    0xe8, 0xe8, 0x18, 0xff, 0xe8, 0xe4, 0x20, 0xff, 0xe8, 0xe8, 0x18, 0xff,
    0xe8, 0xe4, 0x20, 0xff, 0xe8, 0xe8, 0x18, 0xff, 0xe8, 0xe4, 0x20, 0xff,
    0xe8, 0xe8, 0x18, 0xff, 0xe8, 0xe4, 0x18, 0xff, 0xe8, 0xe8, 0x20, 0xff,
    0xe8, 0xe4, 0x18, 0xff, 0xe8, 0xe8, 0x20, 0xff, 0xe8, 0xe4, 0x18, 0xff,
    0xe8, 0xe8, 0x18, 0xff, 0xe8, 0xe4, 0x20, 0xff, 0xe8, 0xe8, 0x18, 0xff,
    0xe8, 0xe4, 0x20, 0xff, 0xe8, 0xe8, 0x18, 0xff, 0xe8, 0xe4, 0x20, 0xff,
    0xe8, 0xe8, 0x18, 0xff, 0xe8, 0xe4, 0x18, 0xff, 0xe8, 0xe8, 0x20, 0xff,
    0xe8, 0xe4, 0x18, 0xff, 0xe8, 0xe8, 0x20, 0xff, 0xe0, 0xe4, 0x18, 0xff,
    0xe8, 0xe8, 0x18, 0xff, 0xe8, 0xe8, 0x20, 0xff, 0xe8, 0xe8, 0x20, 0xff,
    0xe8, 0xe8, 0x20, 0xff, 0xe0, 0xe4, 0x18, 0xff, 0xe8, 0xe8, 0x20, 0xff,
    0xe8, 0xe8, 0x20, 0xff, 0xe0, 0xe4, 0x20, 0xff, 0xe8, 0xe8, 0x20, 0xff,
    0xe8, 0xe8, 0x20, 0xff, 0xe8, 0xe8, 0x18, 0xff, 0xe8, 0xe8, 0x20, 0xff,
    0xe0, 0xe4, 0x20, 0x8a, 0x00, 0x00, 0x00, 0x00, 0x00, 0x00, 0x00, 0x00,
    0x00, 0x00, 0x00, 0x00, 0x00, 0x00, 0x00, 0x00, 0xc0, 0xc0, 0x00, 0x04,
    0xe0, 0xe4, 0x20, 0x8a, 0xe8, 0xe8, 0x20, 0xff, 0xe8, 0xe8, 0x20, 0xff,
    0xe8, 0xe8, 0x20, 0xff, 0xe8, 0xe8, 0x20, 0xff, 0xe8, 0xe4, 0x20, 0xff,
    0xe0, 0xe8, 0x20, 0xff, 0xe8, 0xe8, 0x20, 0xff, 0xe8, 0xe8, 0x18, 0xff,
    0xe8, 0xe8, 0x20, 0xff, 0xe8, 0xe4, 0x20, 0xff, 0xe8, 0xe8, 0x18, 0xff,
    0xe8, 0xe8, 0x20, 0xff, 0xe8, 0xe8, 0x20, 0xff, 0xe8, 0xe8, 0x20, 0xff,
    0xe8, 0xe8, 0x18, 0xff, 0xe8, 0xe4, 0x20, 0xff, 0xe8, 0xe8, 0x20, 0xff,
    0xe8, 0xe8, 0x20, 0xff, 0xe8, 0xe8, 0x20, 0xff, 0xe8, 0xe4, 0x20, 0xff,
    0xe8, 0xe8, 0x20, 0xff, 0xe8, 0xe8, 0x20, 0xff, 0xe8, 0xe8, 0x20, 0xff,
    0xe8, 0xe4, 0x18, 0xff, 0xe8, 0xe8, 0x20, 0xff, 0xe0, 0xe8, 0x18, 0xff,
    0xe8, 0xe8, 0x20, 0xff, 0xe8, 0xe4, 0x20, 0xff, 0xe0, 0xe8, 0x20, 0xff,
    0xe8, 0xe8, 0x20, 0xff, 0xe8, 0xe8, 0x18, 0xff, 0xe0, 0xe4, 0x20, 0xff,
    0xe8, 0xe8, 0x20, 0xff, 0xe8, 0xe8, 0x20, 0xff, 0xe0, 0xe8, 0x18, 0xff,
    0xe8, 0xe4, 0x20, 0xff, 0xe8, 0xe8, 0x20, 0xff, 0xe0, 0xe8, 0x20, 0xff,
    0xe8, 0xe8, 0x20, 0xff, 0xe8, 0xe4, 0x20, 0xff, 0xe8, 0xe8, 0x20, 0xff,
    0xe8, 0xe8, 0x20, 0xff, 0xe0, 0xe8, 0x20, 0xff, 0xe8, 0xe4, 0x20, 0xff,
    0xe8, 0xe8, 0x20, 0xff, 0xe0, 0xe8, 0x20, 0xff, 0xe8, 0xe8, 0x20, 0xff,
    0xe8, 0xe4, 0x20, 0xff, 0xe0, 0xe8, 0x18, 0xff, 0xe8, 0xe8, 0x20, 0xff,
    0xe8, 0xe8, 0x20, 0xff, 0xe0, 0xe4, 0x20, 0xff, 0xe8, 0xe8, 0x20, 0xff,
    0xe8, 0xe8, 0x20, 0xff, 0xe0, 0xe8, 0x20, 0xff, 0xe8, 0xe4, 0x20, 0xff,
    0xe8, 0xe8, 0x20, 0xff, 0xe0, 0xe8, 0x20, 0xff, 0xe8, 0xe8, 0x20, 0xff,
    0xe8, 0xe4, 0x20, 0xff, 0xe0, 0xe8, 0x18, 0xff, 0xe8, 0xe8, 0x20, 0xff,
    0xe8, 0xe8, 0x20, 0xff, 0xe0, 0xe4, 0x20, 0xff, 0xe8, 0xe8, 0x20, 0xff,
    0xe8, 0xe8, 0x20, 0xff, 0xe0, 0xe8, 0x20, 0xff, 0xe8, 0xe4, 0x20, 0xff,
    0xe8, 0xe8, 0x20, 0xff, 0xe0, 0xe8, 0x20, 0xff, 0xe8, 0xe8, 0x20, 0xff,
    0xe8, 0xe4, 0x20, 0xff, 0xe0, 0xe8, 0x18, 0xff, 0xe8, 0xe8, 0x20, 0xff,
    0xe8, 0xe8, 0x20, 0xff, 0xe0, 0xe4, 0x20, 0xff, 0xe8, 0xe8, 0x20, 0xff,
    0xe8, 0xe8, 0x20, 0xff, 0xe0, 0xe8, 0x20, 0xff, 0xe8, 0xe4, 0x20, 0xff,
    0xe8, 0xe8, 0x20, 0xff, 0xe8, 0xe8, 0x20, 0xff, 0xe8, 0xe4, 0x18, 0xff,
    0xe8, 0xe8, 0x20, 0xff, 0xe8, 0xe8, 0x20, 0xff, 0xe8, 0xe4, 0x20, 0xff,
    0xe8, 0xe8, 0x18, 0xff, 0xe8, 0xe8, 0x20, 0xff, 0xe8, 0xe4, 0x20, 0xff,
    0xe8, 0xe8, 0x18, 0xff, 0xe8, 0xe4, 0x20, 0xff, 0xe0, 0xe8, 0x20, 0xff,
    0xe8, 0xe4, 0x18, 0x8a, 0xc0, 0xc0, 0x00, 0x04, 0x00, 0x00, 0x00, 0x00,
    0x00, 0x00, 0x00, 0x00, 0x00, 0x00, 0x00, 0x00, 0x00, 0x00, 0x00, 0x00,
    0x00, 0x00, 0x00, 0x00, 0x00, 0x00, 0x00, 0x00, 0xe8, 0xe8, 0x20, 0x55,
    0xe8, 0xe8, 0x20, 0xe3, 0xe8, 0xe4, 0x18, 0xff, 0xe8, 0xe8, 0x20, 0xff,
    0xe8, 0xe8, 0x18, 0xff, 0xe8, 0xe4, 0x20, 0xff, 0xe8, 0xe8, 0x20, 0xff,
    0xe0, 0xe8, 0x20, 0xff, 0xe8, 0xe4, 0x18, 0xff, 0xe8, 0xe8, 0x20, 0xff,
    0xe0, 0xe8, 0x20, 0xff, 0xe8, 0xe8, 0x18, 0xff, 0xe8, 0xe4, 0x20, 0xff,
    0xe0, 0xe8, 0x20, 0xff, 0xe8, 0xe8, 0x18, 0xff, 0xe8, 0xe8, 0x20, 0xff,
    0xe0, 0xe8, 0x18, 0xff, 0xe8, 0xe8, 0x18, 0xff, 0xe8, 0xe8, 0x20, 0xff,
    0xe0, 0xe8, 0x18, 0xff, 0xe8, 0xe8, 0x18, 0xff, 0xe8, 0xe8, 0x20, 0xff,
    0xe0, 0xe8, 0x20, 0xff, 0xe8, 0xe8, 0x20, 0xff, 0xe8, 0xe8, 0x20, 0xff,
    0xe8, 0xe8, 0x20, 0xff, 0xe8, 0xe8, 0x18, 0xff, 0xe8, 0xe8, 0x20, 0xff,
    0xe8, 0xe8, 0x20, 0xff, 0xe8, 0xe8, 0x20, 0xff, 0xe8, 0xe8, 0x20, 0xff,
    0xe8, 0xe8, 0x20, 0xff, 0xe8, 0xe8, 0x20, 0xff, 0xe8, 0xe8, 0x20, 0xff,
    0xe8, 0xe8, 0x20, 0xff, 0xe8, 0xe8, 0x20, 0xff, 0xe8, 0xe8, 0x18, 0xff,
    0xe8, 0xe8, 0x20, 0xff, 0xe8, 0xe8, 0x20, 0xff, 0xe8, 0xe8, 0x18, 0xff,
    0xe8, 0xe8, 0x20, 0xff, 0xe8, 0xe8, 0x20, 0xff, 0xe8, 0xe8, 0x18, 0xff,
    0xe8, 0xe8, 0x20, 0xff, 0xe8, 0xe8, 0x20, 0xff, 0xe8, 0xe8, 0x18, 0xff,
    0xe8, 0xe8, 0x20, 0xff, 0xe8, 0xe8, 0x20, 0xff, 0xe8, 0xe8, 0x20, 0xff,
    0xe8, 0xe8, 0x20, 0xff, 0xe8, 0xe8, 0x20, 0xff, 0xe8, 0xe8, 0x20, 0xff,
    0xe8, 0xe8, 0x18, 0xff, 0xe8, 0xe8, 0x20, 0xff, 0xe8, 0xe8, 0x20, 0xff,
    0xe8, 0xe8, 0x18, 0xff, 0xe8, 0xe8, 0x20, 0xff, 0xe8, 0xe8, 0x20, 0xff,
    0xe8, 0xe8, 0x20, 0xff, 0xe8, 0xe8, 0x20, 0xff, 0xe8, 0xe8, 0x20, 0xff,
    0xe8, 0xe8, 0x20, 0xff, 0xe8, 0xe8, 0x20, 0xff, 0xe8, 0xe8, 0x18, 0xff,
    0xe8, 0xe8, 0x20, 0xff, 0xe8, 0xe8, 0x20, 0xff, 0xe8, 0xe8, 0x18, 0xff,
    0xe8, 0xe8, 0x20, 0xff, 0xe8, 0xe8, 0x20, 0xff, 0xe8, 0xe8, 0x18, 0xff,
    0xe8, 0xe8, 0x20, 0xff, 0xe8, 0xe8, 0x20, 0xff, 0xe8, 0xe8, 0x20, 0xff,
    0xe8, 0xe8, 0x20, 0xff, 0xe8, 0xe8, 0x20, 0xff, 0xe8, 0xe8, 0x20, 0xff,
    0xe8, 0xe8, 0x18, 0xff, 0xe8, 0xe8, 0x20, 0xff, 0xe8, 0xe8, 0x20, 0xff,
    0xe8, 0xe8, 0x18, 0xff, 0xe8, 0xe8, 0x20, 0xff, 0xe8, 0xe8, 0x20, 0xff,
    0xe0, 0xe4, 0x20, 0xff, 0xe8, 0xe8, 0x18, 0xff, 0xe8, 0xe8, 0x20, 0xff,
    0xe8, 0xe8, 0x20, 0xff, 0xe8, 0xe8, 0x20, 0xff, 0xe8, 0xe8, 0x18, 0xff,
    0xe8, 0xe8, 0x20, 0xff, 0xe8, 0xe8, 0x20, 0xff, 0xe8, 0xe8, 0x20, 0xe3,
    0xe0, 0xe4, 0x18, 0x51, 0x00, 0x00, 0x00, 0x00, 0x00, 0x00, 0x00, 0x00,
    0x00, 0x00, 0x00, 0x00, 0x00, 0x00, 0x00, 0x00, 0x00, 0x00, 0x00, 0x00,
    0x00, 0x00, 0x00, 0x00, 0x00, 0x00, 0x00, 0x00, 0x00, 0x00, 0x00, 0x00,
    0x00, 0x00, 0x00, 0x00, 0xc0, 0xc0, 0x00, 0x04, 0xe0, 0xe4, 0x18, 0x51,
    0xe8, 0xe8, 0x20, 0x92, 0xe8, 0xe8, 0x18, 0xbe, 0xe8, 0xe8, 0x20, 0xdf,
    0xe8, 0xe8, 0x20, 0xe7, 0xe8, 0xe4, 0x18, 0xff, 0xe8, 0xe8, 0x20, 0xff,
    0xe8, 0xe8, 0x20, 0xff, 0xe8, 0xe8, 0x20, 0xff, 0xe8, 0xe4, 0x20, 0xff,
    0xe8, 0xe8, 0x18, 0xff, 0xe8, 0xe8, 0x20, 0xff, 0xe8, 0xe4, 0x20, 0xff,
    0xe8, 0xe8, 0x20, 0xff, 0xe8, 0xe4, 0x20, 0xff, 0xe8, 0xe4, 0x20, 0xff,
    0xe8, 0xe8, 0x20, 0xff, 0xe8, 0xe8, 0x20, 0xff, 0xe8, 0xe4, 0x20, 0xff,
    0xe8, 0xe4, 0x18, 0xff, 0xe8, 0xe8, 0x20, 0xff, 0xe8, 0xe8, 0x20, 0xff,
    0xe8, 0xe4, 0x18, 0xff, 0xe8, 0xe4, 0x20, 0xff, 0xe8, 0xe8, 0x20, 0xff,
    0xe8, 0xe8, 0x18, 0xff, 0xe8, 0xe4, 0x20, 0xff, 0xe8, 0xe4, 0x18, 0xff,
    0xe8, 0xe8, 0x20, 0xff, 0xe8, 0xe8, 0x18, 0xff, 0xe8, 0xe4, 0x18, 0xff,
    0xe0, 0xe4, 0x20, 0xff, 0xe8, 0xe8, 0x20, 0xff, 0xe8, 0xe8, 0x18, 0xff,
    0xe8, 0xe4, 0x20, 0xff, 0xe8, 0xe4, 0x20, 0xff, 0xe8, 0xe8, 0x18, 0xff,
    0xe0, 0xe8, 0x20, 0xff, 0xe8, 0xe4, 0x20, 0xff, 0xe8, 0xe4, 0x18, 0xff,
    0xe8, 0xe8, 0x20, 0xff, 0xe8, 0xe8, 0x20, 0xff, 0xe0, 0xe4, 0x18, 0xff,
    0xe8, 0xe4, 0x20, 0xff, 0xe8, 0xe8, 0x20, 0xff, 0xe8, 0xe8, 0x18, 0xff,
    0xe8, 0xe4, 0x20, 0xff, 0xe0, 0xe4, 0x18, 0xff, 0xe8, 0xe8, 0x20, 0xff,
    0xe8, 0xe8, 0x20, 0xff, 0xe8, 0xe4, 0x18, 0xff, 0xe8, 0xe4, 0x20, 0xff,
    0xe8, 0xe8, 0x20, 0xff, 0xe0, 0xe8, 0x18, 0xff, 0xe8, 0xe4, 0x20, 0xff,
    0xe8, 0xe4, 0x18, 0xff, 0xe8, 0xe8, 0x18, 0xff, 0xe8, 0xe8, 0x20, 0xff,
    0xe8, 0xe4, 0x20, 0xff, 0xe0, 0xe4, 0x18, 0xff, 0xe8, 0xe8, 0x20, 0xff,
    0xe8, 0xe8, 0x20, 0xff, 0xe8, 0xe4, 0x18, 0xff, 0xe8, 0xe4, 0x20, 0xff,
    0xe8, 0xe8, 0x20, 0xff, 0xe0, 0xe8, 0x18, 0xff, 0xe8, 0xe4, 0x20, 0xff,
    0xe8, 0xe4, 0x20, 0xff, 0xe8, 0xe8, 0x18, 0xff, 0xe8, 0xe8, 0x20, 0xff,
    0xe8, 0xe4, 0x20, 0xff, 0xe0, 0xe4, 0x18, 0xff, 0xe8, 0xe8, 0x20, 0xff,
    0xe8, 0xe8, 0x18, 0xff, 0xe8, 0xe4, 0x20, 0xff, 0xe8, 0xe4, 0x20, 0xff,
    0xe8, 0xe8, 0x18, 0xff, 0xe8, 0xe8, 0x20, 0xff, 0xe8, 0xe4, 0x20, 0xff,
    0xe8, 0xe8, 0x20, 0xff, 0xe8, 0xe8, 0x20, 0xff, 0xe8, 0xe8, 0x20, 0xff,
    0xe0, 0xe4, 0x18, 0xff, 0xe8, 0xe8, 0x20, 0xe7, 0xe8, 0xe8, 0x20, 0xdf,
    0xe0, 0xe4, 0x18, 0xbe, 0xe8, 0xe8, 0x18, 0x92, 0xe0, 0xe4, 0x20, 0x51,
    0xc0, 0xc0, 0x00, 0x04, 0x00, 0x00, 0x00, 0x00, 0x00, 0x00, 0x00, 0x00,
    0x00, 0x00, 0x00, 0x00, 0x00, 0x00, 0x00, 0x00, 0x00, 0x00, 0x00, 0x00
};
