// 4.21.4 0x91ede2ab D2 AY R0 FARGB8888 U565 N0 SExtFlashSection
// Generated by imageconverter. Please, do not edit!

#include <touchgfx/hal/Config.hpp>

LOCATION_PRAGMA("ExtFlashSection")
KEEP extern const unsigned char image_t1_pressed[] LOCATION_ATTRIBUTE("ExtFlashSection") = { // 80x50 ARGB8888 pixels.
    0xf8, 0xfc, 0xf8, 0x00, 0xf8, 0xfc, 0xf8, 0x00, 0xf8, 0xfc, 0xf8, 0x00,
    0xf8, 0xfc, 0xf8, 0x00, 0xf8, 0xfc, 0xf8, 0x00, 0xf8, 0xfc, 0xf8, 0x00,
    0x38, 0x24, 0x18, 0x41, 0x38, 0x28, 0x18, 0x8e, 0x18, 0x14, 0x08, 0xae,
    0x18, 0x0c, 0x08, 0xdf, 0x18, 0x0c, 0x08, 0xdf, 0x10, 0x10, 0x08, 0xff,
    0x18, 0x0c, 0x08, 0xff, 0x18, 0x0c, 0x08, 0xff, 0x10, 0x10, 0x08, 0xff,
    0x18, 0x0c, 0x08, 0xff, 0x18, 0x0c, 0x08, 0xff, 0x10, 0x10, 0x08, 0xff,
    0x18, 0x0c, 0x08, 0xff, 0x18, 0x0c, 0x08, 0xff, 0x10, 0x10, 0x08, 0xff,
    0x18, 0x0c, 0x08, 0xff, 0x18, 0x0c, 0x08, 0xff, 0x10, 0x10, 0x08, 0xff,
    0x18, 0x0c, 0x08, 0xff, 0x18, 0x0c, 0x08, 0xff, 0x10, 0x10, 0x08, 0xff,
    0x18, 0x0c, 0x08, 0xff, 0x18, 0x0c, 0x08, 0xff, 0x10, 0x10, 0x08, 0xff,
    0x18, 0x0c, 0x08, 0xff, 0x18, 0x0c, 0x08, 0xff, 0x10, 0x10, 0x08, 0xff,
    0x18, 0x0c, 0x08, 0xff, 0x18, 0x0c, 0x08, 0xff, 0x10, 0x10, 0x08, 0xff,
    0x18, 0x0c, 0x08, 0xff, 0x18, 0x0c, 0x08, 0xff, 0x10, 0x10, 0x08, 0xff,
    0x18, 0x0c, 0x08, 0xff, 0x18, 0x0c, 0x08, 0xff, 0x10, 0x10, 0x08, 0xff,
    0x18, 0x0c, 0x08, 0xff, 0x18, 0x0c, 0x08, 0xff, 0x10, 0x10, 0x08, 0xff,
    0x18, 0x0c, 0x08, 0xff, 0x18, 0x0c, 0x08, 0xff, 0x10, 0x10, 0x08, 0xff,
    0x18, 0x0c, 0x08, 0xff, 0x18, 0x0c, 0x08, 0xff, 0x10, 0x10, 0x08, 0xff,
    0x18, 0x0c, 0x08, 0xff, 0x18, 0x0c, 0x08, 0xff, 0x10, 0x10, 0x08, 0xff,
    0x18, 0x0c, 0x08, 0xff, 0x18, 0x0c, 0x08, 0xff, 0x10, 0x10, 0x08, 0xff,
    0x18, 0x0c, 0x08, 0xff, 0x18, 0x0c, 0x08, 0xff, 0x10, 0x10, 0x08, 0xff,
    0x18, 0x0c, 0x08, 0xff, 0x18, 0x0c, 0x08, 0xff, 0x10, 0x10, 0x08, 0xff,
    0x18, 0x0c, 0x08, 0xff, 0x18, 0x0c, 0x08, 0xff, 0x10, 0x10, 0x08, 0xff,
    0x18, 0x0c, 0x08, 0xff, 0x18, 0x0c, 0x08, 0xff, 0x10, 0x10, 0x08, 0xff,
    0x18, 0x0c, 0x08, 0xdf, 0x18, 0x0c, 0x08, 0xcf, 0x10, 0x10, 0x08, 0xbe,
    0x18, 0x0c, 0x08, 0x8e, 0x18, 0x0c, 0x08, 0x51, 0xf8, 0xfc, 0xf8, 0x00,
    0xf8, 0xfc, 0xf8, 0x00, 0xf8, 0xfc, 0xf8, 0x00, 0xf8, 0xfc, 0xf8, 0x00,
    0xf8, 0xfc, 0xf8, 0x00, 0xf8, 0xfc, 0xf8, 0x00, 0xf8, 0xfc, 0xf8, 0x00,
    0xf8, 0xfc, 0xf8, 0x00, 0xf8, 0xfc, 0xf8, 0x00, 0xf8, 0xfc, 0xf8, 0x00,
    0x48, 0x30, 0x20, 0x41, 0x38, 0x28, 0x18, 0xdf, 0x40, 0x2c, 0x20, 0xff,
    0x48, 0x30, 0x20, 0xff, 0x38, 0x28, 0x18, 0xff, 0x28, 0x1c, 0x10, 0xff,
    0x28, 0x1c, 0x10, 0xff, 0x28, 0x18, 0x10, 0xff, 0x28, 0x1c, 0x10, 0xff,
    0x28, 0x18, 0x10, 0xff, 0x28, 0x1c, 0x10, 0xff, 0x28, 0x18, 0x10, 0xff,
    0x28, 0x1c, 0x10, 0xff, 0x28, 0x1c, 0x10, 0xff, 0x28, 0x18, 0x10, 0xff,
    0x28, 0x1c, 0x10, 0xff, 0x28, 0x18, 0x10, 0xff, 0x28, 0x1c, 0x10, 0xff,
    0x28, 0x18, 0x10, 0xff, 0x28, 0x1c, 0x10, 0xff, 0x28, 0x18, 0x10, 0xff,
    0x28, 0x1c, 0x10, 0xff, 0x28, 0x1c, 0x10, 0xff, 0x28, 0x18, 0x10, 0xff,
    0x28, 0x1c, 0x10, 0xff, 0x28, 0x18, 0x10, 0xff, 0x28, 0x1c, 0x10, 0xff,
    0x28, 0x18, 0x10, 0xff, 0x28, 0x1c, 0x10, 0xff, 0x28, 0x18, 0x10, 0xff,
    0x28, 0x1c, 0x10, 0xff, 0x28, 0x1c, 0x10, 0xff, 0x28, 0x18, 0x10, 0xff,
    0x28, 0x1c, 0x10, 0xff, 0x28, 0x18, 0x10, 0xff, 0x28, 0x1c, 0x10, 0xff,
    0x28, 0x18, 0x10, 0xff, 0x28, 0x1c, 0x10, 0xff, 0x28, 0x18, 0x10, 0xff,
    0x28, 0x1c, 0x10, 0xff, 0x28, 0x1c, 0x10, 0xff, 0x28, 0x18, 0x10, 0xff,
    0x28, 0x1c, 0x10, 0xff, 0x28, 0x18, 0x10, 0xff, 0x28, 0x1c, 0x10, 0xff,
    0x28, 0x18, 0x10, 0xff, 0x28, 0x1c, 0x10, 0xff, 0x28, 0x18, 0x10, 0xff,
    0x28, 0x1c, 0x10, 0xff, 0x28, 0x1c, 0x10, 0xff, 0x28, 0x18, 0x10, 0xff,
    0x28, 0x1c, 0x10, 0xff, 0x28, 0x18, 0x10, 0xff, 0x28, 0x1c, 0x10, 0xff,
    0x28, 0x18, 0x10, 0xff, 0x28, 0x1c, 0x10, 0xff, 0x28, 0x18, 0x10, 0xff,
    0x28, 0x1c, 0x10, 0xff, 0x28, 0x1c, 0x10, 0xff, 0x28, 0x18, 0x10, 0xff,
    0x28, 0x1c, 0x10, 0xff, 0x28, 0x18, 0x10, 0xff, 0x28, 0x1c, 0x10, 0xff,
    0x28, 0x18, 0x10, 0xff, 0x28, 0x1c, 0x10, 0xff, 0x28, 0x18, 0x10, 0xff,
    0x20, 0x1c, 0x10, 0xff, 0x20, 0x14, 0x10, 0xff, 0x10, 0x0c, 0x08, 0xff,
    0x18, 0x10, 0x08, 0xff, 0x10, 0x10, 0x08, 0xdf, 0x10, 0x0c, 0x08, 0x61,
    0xf8, 0xfc, 0xf8, 0x00, 0xf8, 0xfc, 0xf8, 0x00, 0xf8, 0xfc, 0xf8, 0x00,
    0xf8, 0xfc, 0xf8, 0x00, 0xf8, 0xfc, 0xf8, 0x00, 0xf8, 0xfc, 0xf8, 0x00,
    0xf8, 0xfc, 0xf8, 0x00, 0x48, 0x34, 0x20, 0x7d, 0x50, 0x38, 0x28, 0xff,
    0x50, 0x38, 0x28, 0xff, 0x48, 0x30, 0x20, 0xff, 0x48, 0x30, 0x20, 0xff,
    0x40, 0x2c, 0x20, 0xff, 0x30, 0x20, 0x18, 0xff, 0x28, 0x1c, 0x10, 0xff,
    0x28, 0x18, 0x10, 0xff, 0x20, 0x1c, 0x10, 0xff, 0x28, 0x1c, 0x10, 0xff,
    0x28, 0x18, 0x10, 0xff, 0x20, 0x1c, 0x10, 0xff, 0x28, 0x18, 0x10, 0xff,
    0x20, 0x18, 0x10, 0xff, 0x28, 0x1c, 0x10, 0xff, 0x20, 0x18, 0x10, 0xff,
    0x28, 0x1c, 0x10, 0xff, 0x20, 0x18, 0x10, 0xff, 0x28, 0x1c, 0x10, 0xff,
    0x28, 0x18, 0x10, 0xff, 0x20, 0x1c, 0x10, 0xff, 0x28, 0x18, 0x10, 0xff,
    0x20, 0x18, 0x10, 0xff, 0x28, 0x1c, 0x10, 0xff, 0x20, 0x18, 0x10, 0xff,
    0x28, 0x1c, 0x10, 0xff, 0x20, 0x18, 0x10, 0xff, 0x28, 0x1c, 0x10, 0xff,
    0x28, 0x18, 0x10, 0xff, 0x20, 0x1c, 0x10, 0xff, 0x28, 0x18, 0x10, 0xff,
    0x20, 0x18, 0x10, 0xff, 0x28, 0x1c, 0x10, 0xff, 0x20, 0x18, 0x10, 0xff,
    0x28, 0x1c, 0x10, 0xff, 0x20, 0x18, 0x10, 0xff, 0x28, 0x1c, 0x10, 0xff,
    0x28, 0x18, 0x10, 0xff, 0x20, 0x1c, 0x10, 0xff, 0x28, 0x18, 0x10, 0xff,
    0x20, 0x18, 0x10, 0xff, 0x28, 0x1c, 0x10, 0xff, 0x20, 0x18, 0x10, 0xff,
    0x28, 0x1c, 0x10, 0xff, 0x20, 0x18, 0x10, 0xff, 0x28, 0x1c, 0x10, 0xff,
    0x28, 0x18, 0x10, 0xff, 0x20, 0x1c, 0x10, 0xff, 0x28, 0x18, 0x10, 0xff,
    0x20, 0x18, 0x10, 0xff, 0x28, 0x1c, 0x10, 0xff, 0x20, 0x18, 0x10, 0xff,
    0x28, 0x1c, 0x10, 0xff, 0x20, 0x18, 0x10, 0xff, 0x28, 0x1c, 0x10, 0xff,
    0x28, 0x18, 0x10, 0xff, 0x20, 0x1c, 0x10, 0xff, 0x28, 0x18, 0x10, 0xff,
    0x20, 0x18, 0x10, 0xff, 0x28, 0x1c, 0x10, 0xff, 0x20, 0x18, 0x10, 0xff,
    0x28, 0x1c, 0x10, 0xff, 0x20, 0x18, 0x10, 0xff, 0x28, 0x1c, 0x10, 0xff,
    0x28, 0x18, 0x10, 0xff, 0x20, 0x1c, 0x10, 0xff, 0x20, 0x18, 0x10, 0xff,
    0x18, 0x0c, 0x08, 0xff, 0x18, 0x10, 0x08, 0xff, 0x10, 0x10, 0x08, 0xff,
    0x18, 0x0c, 0x08, 0xff, 0x18, 0x0c, 0x08, 0xff, 0x10, 0x10, 0x08, 0x7d,
    0xf8, 0xfc, 0xf8, 0x00, 0xf8, 0xfc, 0xf8, 0x00, 0xf8, 0xfc, 0xf8, 0x00,
    0xf8, 0xfc, 0xf8, 0x00, 0xf8, 0xfc, 0xf8, 0x00, 0x68, 0x50, 0x40, 0x7d,
    0x60, 0x40, 0x28, 0xff, 0x60, 0x44, 0x30, 0xff, 0x58, 0x40, 0x28, 0xff,
    0x50, 0x34, 0x20, 0xff, 0x48, 0x30, 0x20, 0xff, 0x40, 0x2c, 0x18, 0xff,
    0x30, 0x24, 0x18, 0xff, 0x28, 0x18, 0x10, 0xff, 0x28, 0x18, 0x10, 0xff,
    0x20, 0x1c, 0x10, 0xff, 0x28, 0x18, 0x10, 0xff, 0x28, 0x18, 0x10, 0xff,
    0x20, 0x1c, 0x10, 0xff, 0x28, 0x18, 0x10, 0xff, 0x28, 0x1c, 0x10, 0xff,
    0x28, 0x1c, 0x10, 0xff, 0x28, 0x18, 0x10, 0xff, 0x20, 0x1c, 0x10, 0xff,
    0x28, 0x1c, 0x10, 0xff, 0x28, 0x18, 0x10, 0xff, 0x20, 0x1c, 0x10, 0xff,
    0x28, 0x18, 0x10, 0xff, 0x28, 0x1c, 0x10, 0xff, 0x28, 0x18, 0x10, 0xff,
    0x20, 0x1c, 0x10, 0xff, 0x28, 0x1c, 0x10, 0xff, 0x28, 0x18, 0x10, 0xff,
    0x28, 0x1c, 0x10, 0xff, 0x20, 0x18, 0x10, 0xff, 0x28, 0x1c, 0x10, 0xff,
    0x28, 0x1c, 0x10, 0xff, 0x20, 0x18, 0x10, 0xff, 0x28, 0x1c, 0x10, 0xff,
    0x28, 0x18, 0x10, 0xff, 0x28, 0x1c, 0x10, 0xff, 0x28, 0x18, 0x10, 0xff,
    0x20, 0x1c, 0x10, 0xff, 0x28, 0x18, 0x10, 0xff, 0x28, 0x1c, 0x10, 0xff,
    0x20, 0x1c, 0x10, 0xff, 0x28, 0x18, 0x10, 0xff, 0x28, 0x1c, 0x10, 0xff,
    0x28, 0x18, 0x10, 0xff, 0x28, 0x1c, 0x10, 0xff, 0x20, 0x18, 0x10, 0xff,
    0x28, 0x1c, 0x10, 0xff, 0x28, 0x18, 0x10, 0xff, 0x20, 0x1c, 0x10, 0xff,
    0x28, 0x1c, 0x10, 0xff, 0x28, 0x18, 0x10, 0xff, 0x28, 0x1c, 0x10, 0xff,
    0x20, 0x18, 0x10, 0xff, 0x28, 0x1c, 0x10, 0xff, 0x28, 0x18, 0x10, 0xff,
    0x28, 0x1c, 0x10, 0xff, 0x20, 0x18, 0x10, 0xff, 0x28, 0x1c, 0x10, 0xff,
    0x28, 0x1c, 0x10, 0xff, 0x20, 0x18, 0x10, 0xff, 0x28, 0x1c, 0x10, 0xff,
    0x28, 0x18, 0x10, 0xff, 0x28, 0x1c, 0x10, 0xff, 0x28, 0x18, 0x10, 0xff,
    0x20, 0x1c, 0x10, 0xff, 0x28, 0x18, 0x10, 0xff, 0x28, 0x1c, 0x10, 0xff,
    0x28, 0x18, 0x10, 0xff, 0x20, 0x14, 0x10, 0xff, 0x18, 0x10, 0x08, 0xff,
    0x10, 0x0c, 0x08, 0xff, 0x18, 0x10, 0x08, 0xff, 0x18, 0x0c, 0x08, 0xff,
    0x18, 0x10, 0x08, 0xff, 0x18, 0x0c, 0x08, 0xff, 0x10, 0x0c, 0x08, 0x7d,
    0xf8, 0xfc, 0xf8, 0x00, 0xf8, 0xfc, 0xf8, 0x00, 0xf8, 0xfc, 0xf8, 0x00,
    0x68, 0x50, 0x40, 0x61, 0x60, 0x48, 0x30, 0xff, 0x60, 0x44, 0x30, 0xff,
    0x60, 0x44, 0x30, 0xff, 0x60, 0x40, 0x28, 0xff, 0x58, 0x3c, 0x28, 0xff,
    0x48, 0x34, 0x20, 0xff, 0x40, 0x2c, 0x20, 0xff, 0x38, 0x28, 0x18, 0xff,
    0x28, 0x1c, 0x10, 0xff, 0x28, 0x18, 0x10, 0xff, 0x28, 0x1c, 0x10, 0xff,
    0x28, 0x18, 0x18, 0xff, 0x28, 0x1c, 0x10, 0xff, 0x28, 0x1c, 0x10, 0xff,
    0x28, 0x18, 0x18, 0xff, 0x28, 0x18, 0x10, 0xff, 0x20, 0x1c, 0x10, 0xff,
    0x28, 0x18, 0x18, 0xff, 0x28, 0x18, 0x10, 0xff, 0x28, 0x1c, 0x10, 0xff,
    0x28, 0x18, 0x18, 0xff, 0x28, 0x18, 0x10, 0xff, 0x28, 0x1c, 0x10, 0xff,
    0x28, 0x1c, 0x18, 0xff, 0x28, 0x18, 0x10, 0xff, 0x28, 0x18, 0x10, 0xff,
    0x28, 0x1c, 0x18, 0xff, 0x28, 0x18, 0x10, 0xff, 0x28, 0x1c, 0x10, 0xff,
    0x28, 0x18, 0x18, 0xff, 0x28, 0x18, 0x10, 0xff, 0x28, 0x1c, 0x10, 0xff,
    0x28, 0x18, 0x18, 0xff, 0x28, 0x1c, 0x10, 0xff, 0x20, 0x1c, 0x10, 0xff,
    0x28, 0x18, 0x18, 0xff, 0x28, 0x1c, 0x10, 0xff, 0x28, 0x18, 0x10, 0xff,
    0x28, 0x1c, 0x18, 0xff, 0x28, 0x18, 0x10, 0xff, 0x28, 0x18, 0x10, 0xff,
    0x28, 0x1c, 0x18, 0xff, 0x28, 0x1c, 0x10, 0xff, 0x20, 0x18, 0x10, 0xff,
    0x28, 0x1c, 0x18, 0xff, 0x28, 0x1c, 0x10, 0xff, 0x28, 0x18, 0x10, 0xff,
    0x28, 0x18, 0x18, 0xff, 0x28, 0x1c, 0x10, 0xff, 0x28, 0x18, 0x10, 0xff,
    0x28, 0x1c, 0x18, 0xff, 0x28, 0x18, 0x10, 0xff, 0x28, 0x1c, 0x10, 0xff,
    0x28, 0x18, 0x18, 0xff, 0x28, 0x1c, 0x10, 0xff, 0x28, 0x18, 0x10, 0xff,
    0x28, 0x1c, 0x18, 0xff, 0x28, 0x18, 0x10, 0xff, 0x28, 0x18, 0x10, 0xff,
    0x28, 0x1c, 0x18, 0xff, 0x28, 0x1c, 0x10, 0xff, 0x20, 0x18, 0x10, 0xff,
    0x28, 0x1c, 0x18, 0xff, 0x28, 0x1c, 0x10, 0xff, 0x28, 0x18, 0x10, 0xff,
    0x28, 0x1c, 0x18, 0xff, 0x20, 0x18, 0x10, 0xff, 0x20, 0x1c, 0x10, 0xff,
    0x18, 0x10, 0x10, 0xff, 0x18, 0x0c, 0x08, 0xff, 0x10, 0x10, 0x08, 0xff,
    0x18, 0x0c, 0x08, 0xff, 0x10, 0x10, 0x08, 0xff, 0x10, 0x10, 0x08, 0xff,
    0x18, 0x0c, 0x08, 0xff, 0x18, 0x10, 0x08, 0xff, 0x10, 0x10, 0x08, 0x41,
    0xf8, 0xfc, 0xf8, 0x00, 0xf8, 0xfc, 0xf8, 0x00, 0x78, 0x64, 0x50, 0xdf,
    0x68, 0x4c, 0x38, 0xff, 0x60, 0x48, 0x30, 0xff, 0x60, 0x40, 0x30, 0xff,
    0x60, 0x40, 0x28, 0xff, 0x60, 0x44, 0x30, 0xff, 0x50, 0x38, 0x20, 0xff,
    0x48, 0x30, 0x20, 0xff, 0x38, 0x28, 0x18, 0xff, 0x28, 0x1c, 0x10, 0xff,
    0x28, 0x1c, 0x10, 0xff, 0x28, 0x1c, 0x10, 0xff, 0x20, 0x18, 0x10, 0xff,
    0x20, 0x18, 0x10, 0xff, 0x28, 0x1c, 0x10, 0xff, 0x28, 0x1c, 0x10, 0xff,
    0x20, 0x18, 0x10, 0xff, 0x28, 0x1c, 0x10, 0xff, 0x28, 0x18, 0x10, 0xff,
    0x28, 0x1c, 0x10, 0xff, 0x20, 0x18, 0x10, 0xff, 0x28, 0x1c, 0x10, 0xff,
    0x20, 0x18, 0x10, 0xff, 0x20, 0x1c, 0x10, 0xff, 0x28, 0x18, 0x10, 0xff,
    0x20, 0x1c, 0x10, 0xff, 0x28, 0x18, 0x10, 0xff, 0x20, 0x18, 0x10, 0xff,
    0x20, 0x1c, 0x10, 0xff, 0x28, 0x1c, 0x10, 0xff, 0x20, 0x18, 0x10, 0xff,
    0x28, 0x1c, 0x10, 0xff, 0x20, 0x18, 0x10, 0xff, 0x28, 0x18, 0x10, 0xff,
    0x28, 0x1c, 0x10, 0xff, 0x28, 0x18, 0x10, 0xff, 0x20, 0x18, 0x10, 0xff,
    0x28, 0x1c, 0x10, 0xff, 0x28, 0x1c, 0x10, 0xff, 0x20, 0x18, 0x10, 0xff,
    0x20, 0x1c, 0x10, 0xff, 0x28, 0x18, 0x10, 0xff, 0x28, 0x18, 0x10, 0xff,
    0x20, 0x1c, 0x10, 0xff, 0x28, 0x18, 0x10, 0xff, 0x28, 0x18, 0x10, 0xff,
    0x28, 0x1c, 0x10, 0xff, 0x20, 0x18, 0x10, 0xff, 0x28, 0x1c, 0x10, 0xff,
    0x20, 0x18, 0x10, 0xff, 0x20, 0x18, 0x10, 0xff, 0x28, 0x1c, 0x10, 0xff,
    0x20, 0x1c, 0x10, 0xff, 0x28, 0x18, 0x10, 0xff, 0x20, 0x1c, 0x10, 0xff,
    0x20, 0x18, 0x10, 0xff, 0x28, 0x1c, 0x10, 0xff, 0x20, 0x1c, 0x10, 0xff,
    0x28, 0x18, 0x10, 0xff, 0x20, 0x18, 0x10, 0xff, 0x28, 0x1c, 0x10, 0xff,
    0x28, 0x18, 0x10, 0xff, 0x28, 0x18, 0x10, 0xff, 0x20, 0x1c, 0x10, 0xff,
    0x28, 0x18, 0x10, 0xff, 0x28, 0x18, 0x10, 0xff, 0x28, 0x1c, 0x10, 0xff,
    0x28, 0x1c, 0x10, 0xff, 0x20, 0x18, 0x10, 0xff, 0x18, 0x10, 0x08, 0xff,
    0x18, 0x10, 0x08, 0xff, 0x18, 0x0c, 0x08, 0xff, 0x10, 0x0c, 0x08, 0xff,
    0x18, 0x10, 0x08, 0xff, 0x18, 0x0c, 0x10, 0xff, 0x18, 0x10, 0x08, 0xff,
    0x18, 0x0c, 0x08, 0xff, 0x18, 0x0c, 0x08, 0xdf, 0xf8, 0xfc, 0xf8, 0x00,
    0x78, 0x64, 0x50, 0x51, 0x78, 0x60, 0x50, 0xff, 0x78, 0x60, 0x50, 0xff,
    0x70, 0x54, 0x40, 0xff, 0x60, 0x4c, 0x38, 0xff, 0x60, 0x44, 0x30, 0xff,
    0x60, 0x40, 0x28, 0xff, 0x58, 0x40, 0x28, 0xff, 0x50, 0x34, 0x20, 0xff,
    0x40, 0x2c, 0x20, 0xff, 0x30, 0x20, 0x18, 0xff, 0x28, 0x18, 0x10, 0xff,
    0x28, 0x1c, 0x10, 0xff, 0x28, 0x18, 0x10, 0xff, 0x28, 0x18, 0x10, 0xff,
    0x20, 0x1c, 0x10, 0xff, 0x28, 0x18, 0x10, 0xff, 0x28, 0x1c, 0x10, 0xff,
    0x28, 0x18, 0x10, 0xff, 0x20, 0x1c, 0x10, 0xff, 0x28, 0x1c, 0x10, 0xff,
    0x28, 0x18, 0x10, 0xff, 0x28, 0x1c, 0x10, 0xff, 0x28, 0x1c, 0x10, 0xff,
    0x28, 0x18, 0x10, 0xff, 0x28, 0x1c, 0x10, 0xff, 0x28, 0x1c, 0x10, 0xff,
    0x28, 0x1c, 0x10, 0xff, 0x28, 0x18, 0x10, 0xff, 0x28, 0x1c, 0x10, 0xff,
    0x28, 0x18, 0x10, 0xff, 0x28, 0x1c, 0x10, 0xff, 0x20, 0x1c, 0x10, 0xff,
    0x28, 0x18, 0x10, 0xff, 0x28, 0x1c, 0x10, 0xff, 0x20, 0x1c, 0x10, 0xff,
    0x28, 0x18, 0x10, 0xff, 0x28, 0x18, 0x10, 0xff, 0x20, 0x1c, 0x10, 0xff,
    0x28, 0x18, 0x10, 0xff, 0x28, 0x18, 0x10, 0xff, 0x28, 0x1c, 0x10, 0xff,
    0x28, 0x1c, 0x10, 0xff, 0x20, 0x18, 0x10, 0xff, 0x28, 0x1c, 0x10, 0xff,
    0x28, 0x1c, 0x10, 0xff, 0x28, 0x18, 0x10, 0xff, 0x20, 0x18, 0x10, 0xff,
    0x28, 0x1c, 0x10, 0xff, 0x28, 0x1c, 0x10, 0xff, 0x28, 0x18, 0x10, 0xff,
    0x28, 0x1c, 0x10, 0xff, 0x28, 0x18, 0x10, 0xff, 0x28, 0x18, 0x10, 0xff,
    0x28, 0x1c, 0x10, 0xff, 0x28, 0x18, 0x10, 0xff, 0x28, 0x18, 0x10, 0xff,
    0x28, 0x1c, 0x10, 0xff, 0x28, 0x18, 0x10, 0xff, 0x20, 0x1c, 0x10, 0xff,
    0x28, 0x1c, 0x10, 0xff, 0x28, 0x18, 0x10, 0xff, 0x20, 0x1c, 0x10, 0xff,
    0x28, 0x18, 0x10, 0xff, 0x28, 0x1c, 0x10, 0xff, 0x20, 0x18, 0x10, 0xff,
    0x28, 0x1c, 0x10, 0xff, 0x28, 0x18, 0x10, 0xff, 0x28, 0x18, 0x10, 0xff,
    0x20, 0x14, 0x10, 0xff, 0x18, 0x10, 0x08, 0xff, 0x10, 0x10, 0x08, 0xff,
    0x18, 0x0c, 0x08, 0xff, 0x18, 0x10, 0x08, 0xff, 0x10, 0x0c, 0x08, 0xff,
    0x18, 0x10, 0x08, 0xff, 0x10, 0x0c, 0x08, 0xff, 0x10, 0x10, 0x08, 0xff,
    0x18, 0x0c, 0x08, 0xff, 0x10, 0x10, 0x08, 0x41, 0x78, 0x64, 0x50, 0x8e,
    0x70, 0x54, 0x40, 0xff, 0x78, 0x5c, 0x48, 0xff, 0x78, 0x60, 0x50, 0xff,
    0x70, 0x58, 0x48, 0xff, 0x68, 0x50, 0x40, 0xff, 0x60, 0x48, 0x30, 0xff,
    0x60, 0x40, 0x30, 0xff, 0x58, 0x3c, 0x28, 0xff, 0x48, 0x34, 0x20, 0xff,
    0x40, 0x2c, 0x20, 0xff, 0x40, 0x2c, 0x20, 0xff, 0x40, 0x2c, 0x20, 0xff,
    0x40, 0x2c, 0x20, 0xff, 0x40, 0x2c, 0x20, 0xff, 0x40, 0x2c, 0x20, 0xff,
    0x40, 0x2c, 0x20, 0xff, 0x40, 0x2c, 0x20, 0xff, 0x40, 0x2c, 0x20, 0xff,
    0x40, 0x2c, 0x20, 0xff, 0x40, 0x2c, 0x20, 0xff, 0x40, 0x2c, 0x20, 0xff,
    0x40, 0x2c, 0x20, 0xff, 0x40, 0x2c, 0x20, 0xff, 0x40, 0x2c, 0x20, 0xff,
    0x40, 0x2c, 0x20, 0xff, 0x40, 0x2c, 0x20, 0xff, 0x40, 0x2c, 0x20, 0xff,
    0x40, 0x2c, 0x20, 0xff, 0x40, 0x2c, 0x20, 0xff, 0x40, 0x2c, 0x20, 0xff,
    0x40, 0x2c, 0x20, 0xff, 0x40, 0x2c, 0x20, 0xff, 0x40, 0x2c, 0x20, 0xff,
    0x40, 0x2c, 0x20, 0xff, 0x40, 0x2c, 0x20, 0xff, 0x40, 0x2c, 0x20, 0xff,
    0x40, 0x2c, 0x20, 0xff, 0x40, 0x2c, 0x20, 0xff, 0x40, 0x2c, 0x20, 0xff,
    0x40, 0x2c, 0x20, 0xff, 0x40, 0x2c, 0x20, 0xff, 0x40, 0x2c, 0x20, 0xff,
    0x40, 0x2c, 0x20, 0xff, 0x40, 0x2c, 0x20, 0xff, 0x40, 0x2c, 0x20, 0xff,
    0x40, 0x2c, 0x20, 0xff, 0x40, 0x2c, 0x20, 0xff, 0x40, 0x2c, 0x20, 0xff,
    0x40, 0x2c, 0x20, 0xff, 0x40, 0x2c, 0x20, 0xff, 0x40, 0x2c, 0x20, 0xff,
    0x40, 0x2c, 0x20, 0xff, 0x40, 0x2c, 0x20, 0xff, 0x40, 0x2c, 0x20, 0xff,
    0x40, 0x2c, 0x20, 0xff, 0x40, 0x2c, 0x20, 0xff, 0x40, 0x2c, 0x20, 0xff,
    0x40, 0x2c, 0x20, 0xff, 0x40, 0x2c, 0x20, 0xff, 0x40, 0x2c, 0x20, 0xff,
    0x40, 0x2c, 0x20, 0xff, 0x40, 0x2c, 0x20, 0xff, 0x40, 0x2c, 0x20, 0xff,
    0x40, 0x2c, 0x20, 0xff, 0x40, 0x2c, 0x20, 0xff, 0x40, 0x2c, 0x20, 0xff,
    0x40, 0x2c, 0x20, 0xff, 0x40, 0x2c, 0x20, 0xff, 0x30, 0x24, 0x18, 0xff,
    0x20, 0x18, 0x10, 0xff, 0x18, 0x0c, 0x08, 0xff, 0x10, 0x10, 0x08, 0xff,
    0x18, 0x10, 0x10, 0xff, 0x18, 0x0c, 0x08, 0xff, 0x10, 0x0c, 0x08, 0xff,
    0x18, 0x10, 0x08, 0xff, 0x18, 0x10, 0x08, 0xff, 0x10, 0x0c, 0x08, 0xff,
    0x18, 0x0c, 0x08, 0x8e, 0x90, 0x7c, 0x70, 0xbe, 0x80, 0x6c, 0x58, 0xff,
    0x78, 0x64, 0x50, 0xff, 0x78, 0x64, 0x50, 0xff, 0x78, 0x64, 0x50, 0xff,
    0x70, 0x5c, 0x48, 0xff, 0x70, 0x54, 0x40, 0xff, 0x68, 0x50, 0x38, 0xff,
    0x60, 0x44, 0x30, 0xff, 0x58, 0x40, 0x28, 0xff, 0x58, 0x40, 0x28, 0xff,
    0x58, 0x3c, 0x28, 0xff, 0x58, 0x3c, 0x28, 0xff, 0x58, 0x3c, 0x28, 0xff,
    0x58, 0x3c, 0x28, 0xff, 0x58, 0x3c, 0x28, 0xff, 0x58, 0x3c, 0x28, 0xff,
    0x58, 0x3c, 0x28, 0xff, 0x58, 0x3c, 0x28, 0xff, 0x58, 0x3c, 0x28, 0xff,
    0x58, 0x3c, 0x28, 0xff, 0x58, 0x3c, 0x28, 0xff, 0x58, 0x3c, 0x28, 0xff,
    0x58, 0x3c, 0x28, 0xff, 0x58, 0x3c, 0x28, 0xff, 0x58, 0x3c, 0x28, 0xff,
    0x58, 0x3c, 0x28, 0xff, 0x58, 0x3c, 0x28, 0xff, 0x58, 0x3c, 0x28, 0xff,
    0x58, 0x3c, 0x28, 0xff, 0x58, 0x3c, 0x28, 0xff, 0x58, 0x3c, 0x28, 0xff,
    0x58, 0x3c, 0x28, 0xff, 0x58, 0x3c, 0x28, 0xff, 0x58, 0x3c, 0x28, 0xff,
    0x58, 0x3c, 0x28, 0xff, 0x58, 0x3c, 0x28, 0xff, 0x58, 0x3c, 0x28, 0xff,
    0x58, 0x3c, 0x28, 0xff, 0x58, 0x3c, 0x28, 0xff, 0x58, 0x3c, 0x28, 0xff,
    0x58, 0x3c, 0x28, 0xff, 0x58, 0x3c, 0x28, 0xff, 0x58, 0x3c, 0x28, 0xff,
    0x58, 0x3c, 0x28, 0xff, 0x58, 0x3c, 0x28, 0xff, 0x58, 0x3c, 0x28, 0xff,
    0x58, 0x3c, 0x28, 0xff, 0x58, 0x3c, 0x28, 0xff, 0x58, 0x3c, 0x28, 0xff,
    0x58, 0x3c, 0x28, 0xff, 0x58, 0x3c, 0x28, 0xff, 0x58, 0x3c, 0x28, 0xff,
    0x58, 0x3c, 0x28, 0xff, 0x58, 0x3c, 0x28, 0xff, 0x58, 0x3c, 0x28, 0xff,
    0x58, 0x3c, 0x28, 0xff, 0x58, 0x3c, 0x28, 0xff, 0x58, 0x3c, 0x28, 0xff,
    0x58, 0x3c, 0x28, 0xff, 0x58, 0x3c, 0x28, 0xff, 0x58, 0x3c, 0x28, 0xff,
    0x58, 0x3c, 0x28, 0xff, 0x58, 0x3c, 0x28, 0xff, 0x58, 0x3c, 0x28, 0xff,
    0x58, 0x3c, 0x28, 0xff, 0x58, 0x3c, 0x28, 0xff, 0x58, 0x3c, 0x28, 0xff,
    0x58, 0x3c, 0x28, 0xff, 0x50, 0x38, 0x28, 0xff, 0x40, 0x2c, 0x20, 0xff,
    0x28, 0x18, 0x10, 0xff, 0x18, 0x10, 0x08, 0xff, 0x10, 0x0c, 0x08, 0xff,
    0x18, 0x10, 0x08, 0xff, 0x18, 0x0c, 0x08, 0xff, 0x10, 0x10, 0x10, 0xff,
    0x18, 0x0c, 0x08, 0xff, 0x18, 0x10, 0x08, 0xff, 0x18, 0x10, 0x08, 0xae,
    0x90, 0x80, 0x70, 0xcf, 0x90, 0x78, 0x68, 0xff, 0x88, 0x74, 0x68, 0xff,
    0x88, 0x70, 0x60, 0xff, 0x80, 0x70, 0x60, 0xff, 0x80, 0x6c, 0x58, 0xff,
    0x80, 0x68, 0x58, 0xff, 0x70, 0x60, 0x48, 0xff, 0x60, 0x44, 0x30, 0xff,
    0x58, 0x40, 0x28, 0xff, 0x58, 0x3c, 0x28, 0xff, 0x58, 0x3c, 0x28, 0xff,
    0x58, 0x3c, 0x28, 0xff, 0x58, 0x3c, 0x28, 0xff, 0x58, 0x3c, 0x28, 0xff,
    0x58, 0x3c, 0x28, 0xff, 0x58, 0x3c, 0x28, 0xff, 0x58, 0x3c, 0x28, 0xff,
    0x58, 0x3c, 0x28, 0xff, 0x58, 0x3c, 0x28, 0xff, 0x58, 0x3c, 0x28, 0xff,
    0x58, 0x3c, 0x28, 0xff, 0x58, 0x3c, 0x28, 0xff, 0x58, 0x3c, 0x28, 0xff,
    0x58, 0x3c, 0x28, 0xff, 0x58, 0x3c, 0x28, 0xff, 0x58, 0x3c, 0x28, 0xff,
    0x58, 0x3c, 0x28, 0xff, 0x58, 0x3c, 0x28, 0xff, 0x58, 0x3c, 0x28, 0xff,
    0x58, 0x3c, 0x28, 0xff, 0x58, 0x3c, 0x28, 0xff, 0x58, 0x3c, 0x28, 0xff,
    0x58, 0x3c, 0x28, 0xff, 0x58, 0x3c, 0x28, 0xff, 0x58, 0x3c, 0x28, 0xff,
    0x58, 0x3c, 0x28, 0xff, 0x58, 0x3c, 0x28, 0xff, 0x58, 0x3c, 0x28, 0xff,
    0x58, 0x3c, 0x28, 0xff, 0x58, 0x3c, 0x28, 0xff, 0x58, 0x3c, 0x28, 0xff,
    0x58, 0x3c, 0x28, 0xff, 0x58, 0x3c, 0x28, 0xff, 0x58, 0x3c, 0x28, 0xff,
    0x58, 0x3c, 0x28, 0xff, 0x58, 0x3c, 0x28, 0xff, 0x58, 0x3c, 0x28, 0xff,
    0x58, 0x3c, 0x28, 0xff, 0x58, 0x3c, 0x28, 0xff, 0x58, 0x3c, 0x28, 0xff,
    0x58, 0x3c, 0x28, 0xff, 0x58, 0x3c, 0x28, 0xff, 0x58, 0x3c, 0x28, 0xff,
    0x58, 0x3c, 0x28, 0xff, 0x58, 0x3c, 0x28, 0xff, 0x58, 0x3c, 0x28, 0xff,
    0x58, 0x3c, 0x28, 0xff, 0x58, 0x3c, 0x28, 0xff, 0x58, 0x3c, 0x28, 0xff,
    0x58, 0x3c, 0x28, 0xff, 0x58, 0x3c, 0x28, 0xff, 0x58, 0x3c, 0x28, 0xff,
    0x58, 0x3c, 0x28, 0xff, 0x58, 0x3c, 0x28, 0xff, 0x58, 0x3c, 0x28, 0xff,
    0x58, 0x3c, 0x28, 0xff, 0x58, 0x3c, 0x28, 0xff, 0x58, 0x3c, 0x28, 0xff,
    0x58, 0x3c, 0x28, 0xff, 0x58, 0x3c, 0x28, 0xff, 0x40, 0x2c, 0x18, 0xff,
    0x18, 0x10, 0x10, 0xff, 0x18, 0x10, 0x08, 0xff, 0x10, 0x0c, 0x08, 0xff,
    0x18, 0x10, 0x08, 0xff, 0x10, 0x0c, 0x08, 0xff, 0x10, 0x0c, 0x08, 0xff,
    0x18, 0x10, 0x08, 0xff, 0x10, 0x0c, 0x08, 0xdf, 0x90, 0x84, 0x78, 0xdf,
    0x90, 0x7c, 0x70, 0xff, 0x90, 0x7c, 0x70, 0xff, 0x90, 0x7c, 0x68, 0xff,
    0x90, 0x78, 0x68, 0xff, 0x88, 0x78, 0x68, 0xff, 0x88, 0x74, 0x68, 0xff,
    0x78, 0x64, 0x50, 0xff, 0x60, 0x40, 0x28, 0xff, 0x58, 0x3c, 0x28, 0xff,
    0x58, 0x3c, 0x28, 0xff, 0x58, 0x3c, 0x28, 0xff, 0x58, 0x40, 0x28, 0xff,
    0x58, 0x3c, 0x28, 0xff, 0x58, 0x40, 0x28, 0xff, 0x58, 0x3c, 0x28, 0xff,
    0x58, 0x3c, 0x28, 0xff, 0x58, 0x40, 0x28, 0xff, 0x58, 0x3c, 0x28, 0xff,
    0x58, 0x3c, 0x28, 0xff, 0x58, 0x3c, 0x28, 0xff, 0x58, 0x3c, 0x28, 0xff,
    0x58, 0x3c, 0x28, 0xff, 0x58, 0x3c, 0x28, 0xff, 0x58, 0x3c, 0x28, 0xff,
    0x58, 0x3c, 0x28, 0xff, 0x58, 0x3c, 0x28, 0xff, 0x58, 0x3c, 0x28, 0xff,
    0x58, 0x3c, 0x28, 0xff, 0x58, 0x3c, 0x28, 0xff, 0x58, 0x3c, 0x28, 0xff,
    0x58, 0x3c, 0x28, 0xff, 0x58, 0x3c, 0x28, 0xff, 0x58, 0x3c, 0x28, 0xff,
    0x58, 0x3c, 0x28, 0xff, 0x58, 0x40, 0x28, 0xff, 0x58, 0x3c, 0x28, 0xff,
    0x58, 0x3c, 0x28, 0xff, 0x58, 0x40, 0x28, 0xff, 0x58, 0x3c, 0x28, 0xff,
    0x58, 0x3c, 0x28, 0xff, 0x58, 0x40, 0x28, 0xff, 0x58, 0x3c, 0x28, 0xff,
    0x58, 0x3c, 0x28, 0xff, 0x58, 0x40, 0x28, 0xff, 0x58, 0x3c, 0x28, 0xff,
    0x58, 0x3c, 0x28, 0xff, 0x58, 0x40, 0x28, 0xff, 0x58, 0x3c, 0x28, 0xff,
    0x58, 0x3c, 0x28, 0xff, 0x58, 0x40, 0x28, 0xff, 0x58, 0x3c, 0x28, 0xff,
    0x58, 0x3c, 0x28, 0xff, 0x58, 0x40, 0x28, 0xff, 0x58, 0x3c, 0x28, 0xff,
    0x58, 0x40, 0x28, 0xff, 0x58, 0x3c, 0x28, 0xff, 0x58, 0x3c, 0x28, 0xff,
    0x58, 0x40, 0x28, 0xff, 0x58, 0x3c, 0x28, 0xff, 0x58, 0x3c, 0x28, 0xff,
    0x58, 0x40, 0x28, 0xff, 0x58, 0x3c, 0x28, 0xff, 0x58, 0x3c, 0x28, 0xff,
    0x58, 0x40, 0x28, 0xff, 0x58, 0x3c, 0x28, 0xff, 0x58, 0x3c, 0x28, 0xff,
    0x58, 0x40, 0x28, 0xff, 0x58, 0x3c, 0x28, 0xff, 0x58, 0x3c, 0x28, 0xff,
    0x58, 0x40, 0x28, 0xff, 0x50, 0x38, 0x20, 0xff, 0x28, 0x1c, 0x10, 0xff,
    0x18, 0x10, 0x08, 0xff, 0x18, 0x0c, 0x08, 0xff, 0x18, 0x10, 0x08, 0xff,
    0x18, 0x10, 0x08, 0xff, 0x18, 0x0c, 0x10, 0xff, 0x10, 0x10, 0x08, 0xff,
    0x18, 0x0c, 0x08, 0xdf, 0x98, 0x80, 0x70, 0xff, 0x90, 0x7c, 0x68, 0xff,
    0x90, 0x7c, 0x70, 0xff, 0x90, 0x7c, 0x70, 0xff, 0x90, 0x7c, 0x68, 0xff,
    0x90, 0x7c, 0x70, 0xff, 0x90, 0x7c, 0x70, 0xff, 0x80, 0x68, 0x58, 0xff,
    0x58, 0x3c, 0x28, 0xff, 0x58, 0x3c, 0x28, 0xff, 0x58, 0x3c, 0x28, 0xff,
    0x58, 0x3c, 0x28, 0xff, 0x58, 0x3c, 0x28, 0xff, 0x58, 0x40, 0x20, 0xff,
    0x58, 0x3c, 0x28, 0xff, 0x58, 0x3c, 0x28, 0xff, 0x58, 0x40, 0x20, 0xff,
    0x58, 0x3c, 0x28, 0xff, 0x58, 0x3c, 0x28, 0xff, 0x58, 0x40, 0x20, 0xff,
    0x58, 0x40, 0x28, 0xff, 0x58, 0x3c, 0x28, 0xff, 0x58, 0x40, 0x20, 0xff,
    0x58, 0x3c, 0x28, 0xff, 0x58, 0x40, 0x28, 0xff, 0x58, 0x3c, 0x20, 0xff,
    0x58, 0x40, 0x28, 0xff, 0x58, 0x3c, 0x28, 0xff, 0x58, 0x40, 0x20, 0xff,
    0x58, 0x3c, 0x28, 0xff, 0x58, 0x40, 0x28, 0xff, 0x58, 0x40, 0x20, 0xff,
    0x58, 0x3c, 0x28, 0xff, 0x58, 0x3c, 0x28, 0xff, 0x58, 0x40, 0x20, 0xff,
    0x58, 0x3c, 0x28, 0xff, 0x58, 0x3c, 0x28, 0xff, 0x58, 0x40, 0x20, 0xff,
    0x58, 0x3c, 0x28, 0xff, 0x58, 0x3c, 0x28, 0xff, 0x58, 0x40, 0x20, 0xff,
    0x58, 0x3c, 0x28, 0xff, 0x58, 0x3c, 0x28, 0xff, 0x58, 0x3c, 0x20, 0xff,
    0x58, 0x3c, 0x28, 0xff, 0x58, 0x3c, 0x28, 0xff, 0x58, 0x40, 0x20, 0xff,
    0x58, 0x3c, 0x28, 0xff, 0x58, 0x3c, 0x28, 0xff, 0x58, 0x3c, 0x20, 0xff,
    0x58, 0x40, 0x28, 0xff, 0x58, 0x3c, 0x28, 0xff, 0x58, 0x3c, 0x20, 0xff,
    0x58, 0x3c, 0x28, 0xff, 0x58, 0x40, 0x28, 0xff, 0x58, 0x3c, 0x20, 0xff,
    0x58, 0x3c, 0x28, 0xff, 0x58, 0x3c, 0x28, 0xff, 0x58, 0x40, 0x20, 0xff,
    0x58, 0x3c, 0x28, 0xff, 0x58, 0x3c, 0x28, 0xff, 0x58, 0x3c, 0x20, 0xff,
    0x58, 0x3c, 0x28, 0xff, 0x58, 0x40, 0x28, 0xff, 0x58, 0x3c, 0x20, 0xff,
    0x58, 0x3c, 0x28, 0xff, 0x58, 0x40, 0x28, 0xff, 0x58, 0x3c, 0x20, 0xff,
    0x58, 0x3c, 0x28, 0xff, 0x58, 0x40, 0x28, 0xff, 0x58, 0x3c, 0x28, 0xff,
    0x58, 0x3c, 0x28, 0xff, 0x30, 0x20, 0x18, 0xff, 0x10, 0x0c, 0x08, 0xff,
    0x10, 0x10, 0x08, 0xff, 0x18, 0x0c, 0x08, 0xff, 0x18, 0x0c, 0x08, 0xff,
    0x10, 0x10, 0x08, 0xff, 0x18, 0x0c, 0x08, 0xff, 0x18, 0x10, 0x08, 0xff,
    0x90, 0x80, 0x70, 0xff, 0x90, 0x7c, 0x70, 0xff, 0x88, 0x7c, 0x68, 0xff,
    0x90, 0x7c, 0x70, 0xff, 0x90, 0x7c, 0x68, 0xff, 0x88, 0x78, 0x68, 0xff,
    0x90, 0x7c, 0x70, 0xff, 0x80, 0x68, 0x58, 0xff, 0x58, 0x3c, 0x28, 0xff,
    0x58, 0x3c, 0x28, 0xff, 0x58, 0x40, 0x28, 0xff, 0x58, 0x3c, 0x28, 0xff,
    0x58, 0x3c, 0x28, 0xff, 0x58, 0x3c, 0x28, 0xff, 0x58, 0x3c, 0x28, 0xff,
    0x58, 0x3c, 0x28, 0xff, 0x58, 0x3c, 0x28, 0xff, 0x58, 0x3c, 0x28, 0xff,
    0x58, 0x3c, 0x28, 0xff, 0x58, 0x3c, 0x28, 0xff, 0x58, 0x3c, 0x28, 0xff,
    0x58, 0x3c, 0x28, 0xff, 0x58, 0x3c, 0x28, 0xff, 0x58, 0x40, 0x28, 0xff,
    0x58, 0x3c, 0x28, 0xff, 0x58, 0x3c, 0x28, 0xff, 0x58, 0x3c, 0x28, 0xff,
    0x58, 0x3c, 0x28, 0xff, 0x58, 0x3c, 0x28, 0xff, 0x58, 0x3c, 0x28, 0xff,
    0x58, 0x3c, 0x28, 0xff, 0x58, 0x3c, 0x28, 0xff, 0x58, 0x3c, 0x28, 0xff,
    0x58, 0x40, 0x28, 0xff, 0x58, 0x3c, 0x28, 0xff, 0x58, 0x3c, 0x28, 0xff,
    0x58, 0x3c, 0x28, 0xff, 0x58, 0x3c, 0x28, 0xff, 0x58, 0x3c, 0x28, 0xff,
    0x58, 0x3c, 0x28, 0xff, 0x58, 0x3c, 0x28, 0xff, 0x58, 0x40, 0x28, 0xff,
    0x58, 0x3c, 0x28, 0xff, 0x58, 0x40, 0x28, 0xff, 0x58, 0x3c, 0x28, 0xff,
    0x58, 0x3c, 0x28, 0xff, 0x58, 0x3c, 0x28, 0xff, 0x58, 0x3c, 0x28, 0xff,
    0x58, 0x40, 0x28, 0xff, 0x58, 0x3c, 0x28, 0xff, 0x58, 0x3c, 0x28, 0xff,
    0x58, 0x40, 0x28, 0xff, 0x58, 0x3c, 0x28, 0xff, 0x58, 0x3c, 0x28, 0xff,
    0x58, 0x3c, 0x28, 0xff, 0x58, 0x3c, 0x28, 0xff, 0x58, 0x3c, 0x28, 0xff,
    0x58, 0x40, 0x28, 0xff, 0x58, 0x3c, 0x28, 0xff, 0x58, 0x3c, 0x28, 0xff,
    0x58, 0x40, 0x28, 0xff, 0x58, 0x3c, 0x28, 0xff, 0x58, 0x3c, 0x28, 0xff,
    0x58, 0x3c, 0x28, 0xff, 0x58, 0x3c, 0x28, 0xff, 0x58, 0x3c, 0x28, 0xff,
    0x58, 0x3c, 0x28, 0xff, 0x58, 0x3c, 0x28, 0xff, 0x58, 0x3c, 0x28, 0xff,
    0x58, 0x3c, 0x28, 0xff, 0x58, 0x3c, 0x28, 0xff, 0x58, 0x3c, 0x28, 0xff,
    0x30, 0x20, 0x10, 0xff, 0x18, 0x10, 0x08, 0xff, 0x18, 0x0c, 0x08, 0xff,
    0x10, 0x10, 0x10, 0xff, 0x10, 0x10, 0x08, 0xff, 0x18, 0x0c, 0x08, 0xff,
    0x18, 0x10, 0x08, 0xff, 0x10, 0x0c, 0x08, 0xff, 0x90, 0x80, 0x78, 0xff,
    0x90, 0x7c, 0x68, 0xff, 0x90, 0x7c, 0x70, 0xff, 0x88, 0x78, 0x68, 0xff,
    0x90, 0x7c, 0x70, 0xff, 0x90, 0x7c, 0x68, 0xff, 0x88, 0x78, 0x68, 0xff,
    0x80, 0x68, 0x58, 0xff, 0x58, 0x3c, 0x28, 0xff, 0x58, 0x3c, 0x28, 0xff,
    0x58, 0x3c, 0x28, 0xff, 0x58, 0x40, 0x28, 0xff, 0x60, 0x3c, 0x28, 0xff,
    0x58, 0x3c, 0x28, 0xff, 0x58, 0x40, 0x28, 0xff, 0x58, 0x3c, 0x28, 0xff,
    0x58, 0x40, 0x28, 0xff, 0x58, 0x3c, 0x28, 0xff, 0x58, 0x3c, 0x28, 0xff,
    0x58, 0x40, 0x28, 0xff, 0x58, 0x3c, 0x28, 0xff, 0x58, 0x3c, 0x28, 0xff,
    0x58, 0x3c, 0x28, 0xff, 0x58, 0x3c, 0x28, 0xff, 0x58, 0x3c, 0x28, 0xff,
    0x58, 0x3c, 0x28, 0xff, 0x58, 0x40, 0x28, 0xff, 0x58, 0x3c, 0x28, 0xff,
    0x58, 0x3c, 0x28, 0xff, 0x58, 0x40, 0x28, 0xff, 0x58, 0x3c, 0x28, 0xff,
    0x58, 0x3c, 0x28, 0xff, 0x58, 0x3c, 0x28, 0xff, 0x58, 0x3c, 0x28, 0xff,
    0x58, 0x3c, 0x28, 0xff, 0x58, 0x40, 0x28, 0xff, 0x58, 0x3c, 0x28, 0xff,
    0x60, 0x3c, 0x28, 0xff, 0x58, 0x40, 0x28, 0xff, 0x58, 0x3c, 0x28, 0xff,
    0x58, 0x3c, 0x28, 0xff, 0x58, 0x3c, 0x28, 0xff, 0x58, 0x3c, 0x28, 0xff,
    0x58, 0x3c, 0x28, 0xff, 0x58, 0x40, 0x28, 0xff, 0x58, 0x3c, 0x28, 0xff,
    0x58, 0x3c, 0x28, 0xff, 0x58, 0x40, 0x28, 0xff, 0x58, 0x3c, 0x28, 0xff,
    0x58, 0x3c, 0x28, 0xff, 0x58, 0x3c, 0x28, 0xff, 0x58, 0x3c, 0x28, 0xff,
    0x58, 0x40, 0x28, 0xff, 0x58, 0x3c, 0x28, 0xff, 0x58, 0x3c, 0x28, 0xff,
    0x58, 0x40, 0x28, 0xff, 0x58, 0x3c, 0x28, 0xff, 0x58, 0x3c, 0x28, 0xff,
    0x58, 0x3c, 0x28, 0xff, 0x58, 0x3c, 0x28, 0xff, 0x58, 0x40, 0x28, 0xff,
    0x58, 0x3c, 0x28, 0xff, 0x58, 0x3c, 0x28, 0xff, 0x58, 0x40, 0x28, 0xff,
    0x58, 0x3c, 0x28, 0xff, 0x58, 0x40, 0x28, 0xff, 0x58, 0x3c, 0x28, 0xff,
    0x60, 0x40, 0x28, 0xff, 0x58, 0x40, 0x20, 0xff, 0x58, 0x3c, 0x28, 0xff,
    0x58, 0x3c, 0x28, 0xff, 0x58, 0x40, 0x28, 0xff, 0x30, 0x20, 0x10, 0xff,
    0x18, 0x10, 0x08, 0xff, 0x18, 0x0c, 0x08, 0xff, 0x18, 0x0c, 0x08, 0xff,
    0x10, 0x10, 0x08, 0xff, 0x18, 0x0c, 0x08, 0xff, 0x18, 0x10, 0x10, 0xff,
    0x10, 0x0c, 0x08, 0xff, 0x90, 0x80, 0x70, 0xff, 0x90, 0x7c, 0x70, 0xff,
    0x90, 0x7c, 0x68, 0xff, 0x90, 0x78, 0x70, 0xff, 0x90, 0x7c, 0x70, 0xff,
    0x90, 0x7c, 0x70, 0xff, 0x90, 0x7c, 0x68, 0xff, 0x78, 0x68, 0x58, 0xff,
    0x58, 0x3c, 0x28, 0xff, 0x58, 0x3c, 0x28, 0xff, 0x58, 0x3c, 0x28, 0xff,
    0x58, 0x3c, 0x20, 0xff, 0x58, 0x40, 0x28, 0xff, 0x58, 0x3c, 0x28, 0xff,
    0x58, 0x3c, 0x20, 0xff, 0x60, 0x40, 0x28, 0xff, 0x58, 0x3c, 0x28, 0xff,
    0x58, 0x3c, 0x20, 0xff, 0x60, 0x40, 0x28, 0xff, 0x58, 0x3c, 0x28, 0xff,
    0x58, 0x3c, 0x20, 0xff, 0x60, 0x40, 0x28, 0xff, 0x58, 0x3c, 0x28, 0xff,
    0x58, 0x3c, 0x20, 0xff, 0x58, 0x40, 0x28, 0xff, 0x58, 0x3c, 0x28, 0xff,
    0x58, 0x3c, 0x20, 0xff, 0x58, 0x40, 0x28, 0xff, 0x60, 0x3c, 0x28, 0xff,
    0x58, 0x3c, 0x20, 0xff, 0x58, 0x40, 0x28, 0xff, 0x60, 0x3c, 0x28, 0xff,
    0x58, 0x40, 0x20, 0xff, 0x58, 0x3c, 0x28, 0xff, 0x60, 0x3c, 0x28, 0xff,
    0x58, 0x40, 0x20, 0xff, 0x58, 0x3c, 0x28, 0xff, 0x58, 0x3c, 0x28, 0xff,
    0x58, 0x40, 0x20, 0xff, 0x58, 0x3c, 0x28, 0xff, 0x60, 0x3c, 0x28, 0xff,
    0x58, 0x40, 0x20, 0xff, 0x58, 0x3c, 0x28, 0xff, 0x60, 0x3c, 0x28, 0xff,
    0x58, 0x40, 0x20, 0xff, 0x58, 0x3c, 0x28, 0xff, 0x60, 0x3c, 0x28, 0xff,
    0x58, 0x3c, 0x20, 0xff, 0x58, 0x3c, 0x28, 0xff, 0x60, 0x40, 0x28, 0xff,
    0x58, 0x3c, 0x20, 0xff, 0x58, 0x3c, 0x28, 0xff, 0x58, 0x3c, 0x28, 0xff,
    0x60, 0x40, 0x20, 0xff, 0x58, 0x3c, 0x28, 0xff, 0x58, 0x3c, 0x28, 0xff,
    0x58, 0x40, 0x20, 0xff, 0x60, 0x3c, 0x28, 0xff, 0x58, 0x3c, 0x28, 0xff,
    0x58, 0x3c, 0x20, 0xff, 0x60, 0x3c, 0x28, 0xff, 0x58, 0x3c, 0x28, 0xff,
    0x58, 0x40, 0x20, 0xff, 0x60, 0x3c, 0x28, 0xff, 0x58, 0x3c, 0x28, 0xff,
    0x58, 0x3c, 0x20, 0xff, 0x58, 0x3c, 0x28, 0xff, 0x58, 0x3c, 0x28, 0xff,
    0x58, 0x3c, 0x28, 0xff, 0x58, 0x3c, 0x28, 0xff, 0x60, 0x40, 0x28, 0xff,
    0x58, 0x3c, 0x28, 0xff, 0x30, 0x20, 0x18, 0xff, 0x18, 0x10, 0x08, 0xff,
    0x10, 0x0c, 0x08, 0xff, 0x18, 0x10, 0x08, 0xff, 0x18, 0x0c, 0x08, 0xff,
    0x10, 0x10, 0x08, 0xff, 0x18, 0x0c, 0x08, 0xff, 0x18, 0x10, 0x08, 0xff,
    0x98, 0x80, 0x70, 0xff, 0x90, 0x7c, 0x70, 0xff, 0x90, 0x7c, 0x68, 0xff,
    0x88, 0x7c, 0x68, 0xff, 0x90, 0x7c, 0x70, 0xff, 0x90, 0x78, 0x68, 0xff,
    0x90, 0x7c, 0x68, 0xff, 0x80, 0x68, 0x58, 0xff, 0x58, 0x3c, 0x28, 0xff,
    0x58, 0x3c, 0x28, 0xff, 0x58, 0x40, 0x28, 0xff, 0x58, 0x3c, 0x28, 0xff,
    0x58, 0x3c, 0x28, 0xff, 0x58, 0x3c, 0x28, 0xff, 0x58, 0x3c, 0x28, 0xff,
    0x58, 0x3c, 0x28, 0xff, 0x58, 0x3c, 0x28, 0xff, 0x58, 0x3c, 0x28, 0xff,
    0x58, 0x3c, 0x28, 0xff, 0x58, 0x3c, 0x28, 0xff, 0x58, 0x3c, 0x28, 0xff,
    0x58, 0x40, 0x28, 0xff, 0x58, 0x3c, 0x28, 0xff, 0x58, 0x3c, 0x28, 0xff,
    0x60, 0x40, 0x28, 0xff, 0x58, 0x3c, 0x28, 0xff, 0x58, 0x3c, 0x28, 0xff,
    0x58, 0x3c, 0x28, 0xff, 0x58, 0x3c, 0x28, 0xff, 0x58, 0x3c, 0x28, 0xff,
    0x58, 0x3c, 0x28, 0xff, 0x58, 0x40, 0x28, 0xff, 0x58, 0x3c, 0x28, 0xff,
    0x58, 0x3c, 0x28, 0xff, 0x58, 0x3c, 0x28, 0xff, 0x58, 0x3c, 0x28, 0xff,
    0x58, 0x3c, 0x28, 0xff, 0x58, 0x3c, 0x28, 0xff, 0x58, 0x40, 0x28, 0xff,
    0x58, 0x3c, 0x28, 0xff, 0x58, 0x3c, 0x28, 0xff, 0x58, 0x40, 0x28, 0xff,
    0x58, 0x3c, 0x28, 0xff, 0x58, 0x3c, 0x28, 0xff, 0x58, 0x3c, 0x28, 0xff,
    0x58, 0x40, 0x28, 0xff, 0x58, 0x3c, 0x28, 0xff, 0x58, 0x3c, 0x28, 0xff,
    0x58, 0x40, 0x28, 0xff, 0x58, 0x3c, 0x28, 0xff, 0x58, 0x3c, 0x28, 0xff,
    0x58, 0x40, 0x28, 0xff, 0x58, 0x3c, 0x28, 0xff, 0x58, 0x3c, 0x28, 0xff,
    0x58, 0x3c, 0x28, 0xff, 0x58, 0x3c, 0x28, 0xff, 0x58, 0x3c, 0x28, 0xff,
    0x58, 0x40, 0x28, 0xff, 0x58, 0x3c, 0x28, 0xff, 0x58, 0x40, 0x28, 0xff,
    0x58, 0x3c, 0x28, 0xff, 0x58, 0x3c, 0x28, 0xff, 0x58, 0x3c, 0x28, 0xff,
    0x58, 0x3c, 0x28, 0xff, 0x58, 0x40, 0x28, 0xff, 0x60, 0x3c, 0x28, 0xff,
    0x58, 0x3c, 0x28, 0xff, 0x58, 0x40, 0x28, 0xff, 0x58, 0x3c, 0x28, 0xff,
    0x58, 0x3c, 0x28, 0xff, 0x58, 0x3c, 0x20, 0xff, 0x58, 0x3c, 0x28, 0xff,
    0x30, 0x20, 0x10, 0xff, 0x18, 0x0c, 0x08, 0xff, 0x10, 0x10, 0x08, 0xff,
    0x10, 0x10, 0x10, 0xff, 0x18, 0x0c, 0x08, 0xff, 0x10, 0x10, 0x08, 0xff,
    0x18, 0x0c, 0x08, 0xff, 0x18, 0x0c, 0x08, 0xff, 0x90, 0x80, 0x78, 0xff,
    0x90, 0x7c, 0x68, 0xff, 0x90, 0x7c, 0x70, 0xff, 0x88, 0x7c, 0x68, 0xff,
    0x90, 0x7c, 0x70, 0xff, 0x88, 0x7c, 0x68, 0xff, 0x90, 0x7c, 0x70, 0xff,
    0x80, 0x68, 0x58, 0xff, 0x58, 0x3c, 0x28, 0xff, 0x58, 0x3c, 0x20, 0xff,
    0x58, 0x3c, 0x28, 0xff, 0x60, 0x40, 0x28, 0xff, 0x58, 0x3c, 0x28, 0xff,
    0x58, 0x40, 0x28, 0xff, 0x60, 0x3c, 0x28, 0xff, 0x58, 0x3c, 0x20, 0xff,
    0x58, 0x40, 0x28, 0xff, 0x58, 0x40, 0x28, 0xff, 0x58, 0x3c, 0x28, 0xff,
    0x58, 0x3c, 0x28, 0xff, 0x58, 0x40, 0x28, 0xff, 0x58, 0x3c, 0x20, 0xff,
    0x58, 0x3c, 0x28, 0xff, 0x58, 0x3c, 0x28, 0xff, 0x58, 0x3c, 0x28, 0xff,
    0x58, 0x40, 0x28, 0xff, 0x60, 0x3c, 0x28, 0xff, 0x58, 0x40, 0x28, 0xff,
    0x58, 0x3c, 0x28, 0xff, 0x58, 0x3c, 0x28, 0xff, 0x58, 0x40, 0x28, 0xff,
    0x58, 0x3c, 0x28, 0xff, 0x58, 0x3c, 0x28, 0xff, 0x58, 0x40, 0x28, 0xff,
    0x58, 0x3c, 0x28, 0xff, 0x58, 0x40, 0x28, 0xff, 0x60, 0x3c, 0x28, 0xff,
    0x58, 0x3c, 0x28, 0xff, 0x58, 0x3c, 0x28, 0xff, 0x60, 0x3c, 0x28, 0xff,
    0x58, 0x3c, 0x28, 0xff, 0x58, 0x3c, 0x28, 0xff, 0x58, 0x40, 0x28, 0xff,
    0x58, 0x3c, 0x28, 0xff, 0x58, 0x3c, 0x28, 0xff, 0x58, 0x3c, 0x28, 0xff,
    0x58, 0x40, 0x28, 0xff, 0x58, 0x3c, 0x28, 0xff, 0x58, 0x3c, 0x28, 0xff,
    0x58, 0x3c, 0x28, 0xff, 0x60, 0x3c, 0x28, 0xff, 0x58, 0x3c, 0x28, 0xff,
    0x58, 0x40, 0x28, 0xff, 0x58, 0x3c, 0x28, 0xff, 0x58, 0x40, 0x28, 0xff,
    0x60, 0x3c, 0x28, 0xff, 0x58, 0x3c, 0x28, 0xff, 0x58, 0x3c, 0x28, 0xff,
    0x58, 0x3c, 0x28, 0xff, 0x58, 0x40, 0x28, 0xff, 0x58, 0x3c, 0x28, 0xff,
    0x58, 0x3c, 0x28, 0xff, 0x60, 0x40, 0x28, 0xff, 0x58, 0x3c, 0x28, 0xff,
    0x58, 0x3c, 0x28, 0xff, 0x58, 0x40, 0x28, 0xff, 0x58, 0x3c, 0x20, 0xff,
    0x58, 0x3c, 0x28, 0xff, 0x60, 0x40, 0x28, 0xff, 0x58, 0x3c, 0x28, 0xff,
    0x58, 0x3c, 0x28, 0xff, 0x58, 0x40, 0x28, 0xff, 0x30, 0x20, 0x10, 0xff,
    0x18, 0x0c, 0x08, 0xff, 0x18, 0x10, 0x08, 0xff, 0x18, 0x0c, 0x08, 0xff,
    0x18, 0x0c, 0x08, 0xff, 0x10, 0x10, 0x08, 0xff, 0x10, 0x10, 0x08, 0xff,
    0x18, 0x0c, 0x08, 0xff, 0x90, 0x80, 0x70, 0xff, 0x90, 0x7c, 0x70, 0xff,
    0x90, 0x7c, 0x70, 0xff, 0x90, 0x78, 0x68, 0xff, 0x90, 0x78, 0x70, 0xff,
    0x90, 0x7c, 0x68, 0xff, 0x88, 0x7c, 0x68, 0xff, 0x78, 0x68, 0x58, 0xff,
    0x58, 0x3c, 0x28, 0xff, 0x58, 0x3c, 0x28, 0xff, 0x58, 0x3c, 0x28, 0xff,
    0x58, 0x3c, 0x28, 0xff, 0x58, 0x3c, 0x20, 0xff, 0x58, 0x3c, 0x28, 0xff,
    0x58, 0x40, 0x28, 0xff, 0x58, 0x3c, 0x28, 0xff, 0x58, 0x3c, 0x28, 0xff,
    0x60, 0x3c, 0x28, 0xff, 0x58, 0x3c, 0x20, 0xff, 0x58, 0x40, 0x28, 0xff,
    0x60, 0x3c, 0x28, 0xff, 0x58, 0x3c, 0x28, 0xff, 0x58, 0x40, 0x28, 0xff,
    0x60, 0x3c, 0x28, 0xff, 0x58, 0x3c, 0x20, 0xff, 0x58, 0x3c, 0x28, 0xff,
    0x58, 0x3c, 0x28, 0xff, 0x58, 0x40, 0x20, 0xff, 0x58, 0x3c, 0x28, 0xff,
    0x60, 0x3c, 0x28, 0xff, 0x58, 0x3c, 0x20, 0xff, 0x58, 0x3c, 0x28, 0xff,
    0x60, 0x3c, 0x28, 0xff, 0x58, 0x3c, 0x20, 0xff, 0x58, 0x40, 0x28, 0xff,
    0x58, 0x3c, 0x28, 0xff, 0x58, 0x3c, 0x20, 0xff, 0x58, 0x40, 0x28, 0xff,
    0x58, 0x3c, 0x28, 0xff, 0x58, 0x40, 0x20, 0xff, 0x58, 0x3c, 0x28, 0xff,
    0x58, 0x3c, 0x28, 0xff, 0x60, 0x3c, 0x20, 0xff, 0x58, 0x40, 0x28, 0xff,
    0x58, 0x3c, 0x28, 0xff, 0x60, 0x3c, 0x20, 0xff, 0x58, 0x3c, 0x28, 0xff,
    0x58, 0x3c, 0x28, 0xff, 0x60, 0x40, 0x20, 0xff, 0x58, 0x3c, 0x28, 0xff,
    0x58, 0x3c, 0x28, 0xff, 0x58, 0x40, 0x20, 0xff, 0x58, 0x3c, 0x28, 0xff,
    0x60, 0x3c, 0x28, 0xff, 0x58, 0x3c, 0x20, 0xff, 0x58, 0x40, 0x28, 0xff,
    0x58, 0x3c, 0x28, 0xff, 0x58, 0x3c, 0x20, 0xff, 0x60, 0x40, 0x28, 0xff,
    0x58, 0x3c, 0x28, 0xff, 0x58, 0x3c, 0x20, 0xff, 0x58, 0x40, 0x28, 0xff,
    0x58, 0x3c, 0x20, 0xff, 0x58, 0x3c, 0x28, 0xff, 0x58, 0x3c, 0x28, 0xff,
    0x58, 0x3c, 0x28, 0xff, 0x58, 0x3c, 0x28, 0xff, 0x58, 0x3c, 0x28, 0xff,
    0x58, 0x3c, 0x28, 0xff, 0x58, 0x40, 0x28, 0xff, 0x58, 0x3c, 0x28, 0xff,
    0x58, 0x3c, 0x28, 0xff, 0x30, 0x20, 0x18, 0xff, 0x18, 0x10, 0x08, 0xff,
    0x10, 0x0c, 0x08, 0xff, 0x18, 0x10, 0x08, 0xff, 0x18, 0x0c, 0x08, 0xff,
    0x18, 0x10, 0x10, 0xff, 0x10, 0x10, 0x08, 0xff, 0x18, 0x0c, 0x08, 0xff,
    0x90, 0x80, 0x70, 0xff, 0x90, 0x7c, 0x70, 0xff, 0x90, 0x7c, 0x68, 0xff,
    0x88, 0x7c, 0x68, 0xff, 0x90, 0x7c, 0x70, 0xff, 0x90, 0x78, 0x70, 0xff,
    0x90, 0x7c, 0x68, 0xff, 0x80, 0x68, 0x58, 0xff, 0x58, 0x3c, 0x28, 0xff,
    0x58, 0x3c, 0x28, 0xff, 0x58, 0x40, 0x28, 0xff, 0x58, 0x3c, 0x28, 0xff,
    0x58, 0x3c, 0x28, 0xff, 0x58, 0x3c, 0x28, 0xff, 0x58, 0x3c, 0x28, 0xff,
    0x58, 0x40, 0x28, 0xff, 0x58, 0x3c, 0x28, 0xff, 0x58, 0x3c, 0x28, 0xff,
    0x58, 0x3c, 0x28, 0xff, 0x58, 0x3c, 0x28, 0xff, 0x58, 0x3c, 0x28, 0xff,
    0x58, 0x3c, 0x28, 0xff, 0x58, 0x40, 0x28, 0xff, 0x58, 0x3c, 0x28, 0xff,
    0x58, 0x3c, 0x28, 0xff, 0x58, 0x40, 0x28, 0xff, 0x58, 0x3c, 0x28, 0xff,
    0x58, 0x3c, 0x28, 0xff, 0x58, 0x40, 0x28, 0xff, 0x58, 0x3c, 0x28, 0xff,
    0x58, 0x3c, 0x28, 0xff, 0x58, 0x40, 0x28, 0xff, 0x58, 0x3c, 0x28, 0xff,
    0x58, 0x3c, 0x28, 0xff, 0x60, 0x3c, 0x28, 0xff, 0x58, 0x3c, 0x28, 0xff,
    0x58, 0x3c, 0x28, 0xff, 0x58, 0x40, 0x28, 0xff, 0x58, 0x3c, 0x28, 0xff,
    0x58, 0x3c, 0x28, 0xff, 0x58, 0x40, 0x28, 0xff, 0x58, 0x3c, 0x28, 0xff,
    0x58, 0x3c, 0x28, 0xff, 0x58, 0x3c, 0x28, 0xff, 0x58, 0x40, 0x28, 0xff,
    0x58, 0x3c, 0x28, 0xff, 0x58, 0x3c, 0x28, 0xff, 0x58, 0x40, 0x28, 0xff,
    0x58, 0x3c, 0x28, 0xff, 0x58, 0x3c, 0x28, 0xff, 0x58, 0x40, 0x28, 0xff,
    0x58, 0x3c, 0x28, 0xff, 0x58, 0x3c, 0x28, 0xff, 0x58, 0x3c, 0x28, 0xff,
    0x58, 0x3c, 0x28, 0xff, 0x58, 0x3c, 0x28, 0xff, 0x58, 0x40, 0x28, 0xff,
    0x58, 0x3c, 0x28, 0xff, 0x58, 0x3c, 0x28, 0xff, 0x58, 0x3c, 0x28, 0xff,
    0x58, 0x3c, 0x28, 0xff, 0x60, 0x3c, 0x28, 0xff, 0x58, 0x3c, 0x28, 0xff,
    0x58, 0x40, 0x28, 0xff, 0x58, 0x3c, 0x20, 0xff, 0x60, 0x40, 0x28, 0xff,
    0x58, 0x40, 0x28, 0xff, 0x58, 0x3c, 0x28, 0xff, 0x58, 0x3c, 0x20, 0xff,
    0x58, 0x3c, 0x28, 0xff, 0x58, 0x3c, 0x28, 0xff, 0x58, 0x3c, 0x28, 0xff,
    0x30, 0x20, 0x10, 0xff, 0x18, 0x10, 0x08, 0xff, 0x10, 0x0c, 0x08, 0xff,
    0x10, 0x10, 0x08, 0xff, 0x18, 0x0c, 0x08, 0xff, 0x18, 0x0c, 0x08, 0xff,
    0x10, 0x10, 0x08, 0xff, 0x18, 0x0c, 0x08, 0xff, 0x90, 0x80, 0x78, 0xff,
    0x90, 0x7c, 0x68, 0xff, 0x90, 0x7c, 0x70, 0xff, 0x90, 0x7c, 0x68, 0xff,
    0x88, 0x7c, 0x70, 0xff, 0x90, 0x7c, 0x68, 0xff, 0x90, 0x78, 0x70, 0xff,
    0x80, 0x68, 0x58, 0xff, 0x58, 0x3c, 0x28, 0xff, 0x58, 0x3c, 0x28, 0xff,
    0x58, 0x3c, 0x20, 0xff, 0x60, 0x40, 0x28, 0xff, 0x58, 0x40, 0x28, 0xff,
    0x58, 0x3c, 0x28, 0xff, 0x60, 0x3c, 0x20, 0xff, 0x58, 0x3c, 0x28, 0xff,
    0x58, 0x40, 0x28, 0xff, 0x58, 0x3c, 0x20, 0xff, 0x60, 0x40, 0x28, 0xff,
    0x58, 0x3c, 0x28, 0xff, 0x58, 0x3c, 0x20, 0xff, 0x58, 0x40, 0x28, 0xff,
    0x58, 0x3c, 0x28, 0xff, 0x58, 0x3c, 0x20, 0xff, 0x58, 0x3c, 0x28, 0xff,
    0x60, 0x40, 0x28, 0xff, 0x58, 0x3c, 0x28, 0xff, 0x58, 0x3c, 0x28, 0xff,
    0x58, 0x3c, 0x20, 0xff, 0x58, 0x40, 0x28, 0xff, 0x58, 0x3c, 0x28, 0xff,
    0x58, 0x3c, 0x28, 0xff, 0x58, 0x40, 0x20, 0xff, 0x58, 0x3c, 0x28, 0xff,
    0x58, 0x40, 0x28, 0xff, 0x58, 0x3c, 0x20, 0xff, 0x58, 0x3c, 0x28, 0xff,
    0x60, 0x3c, 0x28, 0xff, 0x58, 0x3c, 0x28, 0xff, 0x58, 0x3c, 0x28, 0xff,
    0x60, 0x3c, 0x20, 0xff, 0x58, 0x40, 0x28, 0xff, 0x58, 0x3c, 0x28, 0xff,
    0x58, 0x3c, 0x20, 0xff, 0x60, 0x3c, 0x28, 0xff, 0x58, 0x40, 0x28, 0xff,
    0x58, 0x3c, 0x28, 0xff, 0x58, 0x3c, 0x20, 0xff, 0x58, 0x3c, 0x28, 0xff,
    0x58, 0x3c, 0x28, 0xff, 0x60, 0x3c, 0x20, 0xff, 0x58, 0x3c, 0x28, 0xff,
    0x58, 0x40, 0x28, 0xff, 0x58, 0x3c, 0x28, 0xff, 0x58, 0x3c, 0x28, 0xff,
    0x60, 0x40, 0x20, 0xff, 0x58, 0x3c, 0x28, 0xff, 0x58, 0x3c, 0x28, 0xff,
    0x58, 0x3c, 0x28, 0xff, 0x58, 0x40, 0x20, 0xff, 0x58, 0x3c, 0x28, 0xff,
    0x58, 0x3c, 0x28, 0xff, 0x58, 0x40, 0x28, 0xff, 0x58, 0x3c, 0x28, 0xff,
    0x58, 0x3c, 0x28, 0xff, 0x58, 0x3c, 0x28, 0xff, 0x58, 0x3c, 0x28, 0xff,
    0x58, 0x3c, 0x28, 0xff, 0x60, 0x40, 0x28, 0xff, 0x58, 0x3c, 0x28, 0xff,
    0x58, 0x40, 0x28, 0xff, 0x58, 0x3c, 0x28, 0xff, 0x30, 0x20, 0x10, 0xff,
    0x18, 0x10, 0x08, 0xff, 0x18, 0x0c, 0x08, 0xff, 0x10, 0x10, 0x10, 0xff,
    0x18, 0x10, 0x08, 0xff, 0x10, 0x0c, 0x08, 0xff, 0x18, 0x10, 0x08, 0xff,
    0x18, 0x0c, 0x08, 0xff, 0x98, 0x80, 0x70, 0xff, 0x90, 0x7c, 0x70, 0xff,
    0x90, 0x7c, 0x68, 0xff, 0x90, 0x78, 0x70, 0xff, 0x90, 0x7c, 0x68, 0xff,
    0x88, 0x7c, 0x68, 0xff, 0x90, 0x7c, 0x68, 0xff, 0x78, 0x68, 0x58, 0xff,
    0x58, 0x3c, 0x28, 0xff, 0x58, 0x3c, 0x28, 0xff, 0x58, 0x3c, 0x28, 0xff,
    0x58, 0x3c, 0x28, 0xff, 0x58, 0x3c, 0x28, 0xff, 0x58, 0x40, 0x28, 0xff,
    0x58, 0x3c, 0x28, 0xff, 0x58, 0x3c, 0x28, 0xff, 0x58, 0x3c, 0x28, 0xff,
    0x58, 0x3c, 0x28, 0xff, 0x58, 0x40, 0x28, 0xff, 0x58, 0x3c, 0x28, 0xff,
    0x58, 0x3c, 0x28, 0xff, 0x60, 0x3c, 0x28, 0xff, 0x58, 0x3c, 0x28, 0xff,
    0x58, 0x3c, 0x28, 0xff, 0x58, 0x40, 0x28, 0xff, 0x58, 0x3c, 0x28, 0xff,
    0x58, 0x3c, 0x20, 0xff, 0x60, 0x3c, 0x28, 0xff, 0x58, 0x3c, 0x28, 0xff,
    0x58, 0x3c, 0x28, 0xff, 0x60, 0x3c, 0x28, 0xff, 0x58, 0x3c, 0x28, 0xff,
    0x58, 0x3c, 0x28, 0xff, 0x60, 0x3c, 0x28, 0xff, 0x58, 0x40, 0x28, 0xff,
    0x58, 0x3c, 0x28, 0xff, 0x58, 0x3c, 0x28, 0xff, 0x58, 0x40, 0x20, 0xff,
    0x58, 0x3c, 0x28, 0xff, 0x58, 0x3c, 0x28, 0xff, 0x58, 0x40, 0x28, 0xff,
    0x58, 0x3c, 0x28, 0xff, 0x58, 0x3c, 0x28, 0xff, 0x58, 0x40, 0x28, 0xff,
    0x58, 0x3c, 0x28, 0xff, 0x58, 0x3c, 0x28, 0xff, 0x58, 0x3c, 0x28, 0xff,
    0x60, 0x40, 0x28, 0xff, 0x58, 0x3c, 0x28, 0xff, 0x58, 0x40, 0x28, 0xff,
    0x58, 0x3c, 0x28, 0xff, 0x58, 0x3c, 0x28, 0xff, 0x58, 0x40, 0x20, 0xff,
    0x58, 0x3c, 0x28, 0xff, 0x58, 0x3c, 0x28, 0xff, 0x58, 0x3c, 0x28, 0xff,
    0x58, 0x3c, 0x28, 0xff, 0x58, 0x40, 0x28, 0xff, 0x60, 0x3c, 0x28, 0xff,
    0x58, 0x3c, 0x28, 0xff, 0x58, 0x40, 0x28, 0xff, 0x58, 0x3c, 0x28, 0xff,
    0x58, 0x3c, 0x28, 0xff, 0x60, 0x3c, 0x28, 0xff, 0x58, 0x3c, 0x28, 0xff,
    0x58, 0x40, 0x28, 0xff, 0x58, 0x3c, 0x20, 0xff, 0x58, 0x3c, 0x28, 0xff,
    0x58, 0x3c, 0x28, 0xff, 0x58, 0x40, 0x28, 0xff, 0x58, 0x3c, 0x28, 0xff,
    0x58, 0x3c, 0x28, 0xff, 0x30, 0x20, 0x10, 0xff, 0x18, 0x10, 0x08, 0xff,
    0x18, 0x0c, 0x08, 0xff, 0x18, 0x0c, 0x08, 0xff, 0x10, 0x10, 0x08, 0xff,
    0x18, 0x10, 0x08, 0xff, 0x18, 0x0c, 0x08, 0xff, 0x10, 0x10, 0x08, 0xff,
    0x90, 0x80, 0x70, 0xff, 0x90, 0x7c, 0x70, 0xff, 0x88, 0x7c, 0x70, 0xff,
    0x90, 0x78, 0x68, 0xff, 0x90, 0x7c, 0x70, 0xff, 0x90, 0x7c, 0x70, 0xff,
    0x90, 0x78, 0x68, 0xff, 0x80, 0x68, 0x58, 0xff, 0x58, 0x3c, 0x28, 0xff,
    0x58, 0x3c, 0x28, 0xff, 0x58, 0x40, 0x28, 0xff, 0x58, 0x3c, 0x28, 0xff,
    0x58, 0x3c, 0x20, 0xff, 0x58, 0x3c, 0x28, 0xff, 0x58, 0x40, 0x28, 0xff,
    0x60, 0x3c, 0x28, 0xff, 0x58, 0x3c, 0x28, 0xff, 0x58, 0x3c, 0x28, 0xff,
    0x58, 0x3c, 0x28, 0xff, 0x58, 0x40, 0x28, 0xff, 0x58, 0x3c, 0x28, 0xff,
    0x58, 0x40, 0x28, 0xff, 0x58, 0x3c, 0x28, 0xff, 0x60, 0x3c, 0x28, 0xff,
    0x58, 0x3c, 0x28, 0xff, 0x58, 0x3c, 0x28, 0xff, 0x58, 0x40, 0x28, 0xff,
    0x58, 0x3c, 0x28, 0xff, 0x58, 0x40, 0x28, 0xff, 0x58, 0x3c, 0x28, 0xff,
    0x58, 0x40, 0x20, 0xff, 0x58, 0x40, 0x28, 0xff, 0x58, 0x3c, 0x28, 0xff,
    0x58, 0x3c, 0x28, 0xff, 0x58, 0x3c, 0x28, 0xff, 0x58, 0x3c, 0x28, 0xff,
    0x58, 0x40, 0x28, 0xff, 0x58, 0x3c, 0x28, 0xff, 0x58, 0x3c, 0x28, 0xff,
    0x60, 0x40, 0x28, 0xff, 0x58, 0x3c, 0x28, 0xff, 0x58, 0x3c, 0x28, 0xff,
    0x60, 0x3c, 0x28, 0xff, 0x58, 0x3c, 0x28, 0xff, 0x58, 0x40, 0x28, 0xff,
    0x58, 0x3c, 0x20, 0xff, 0x58, 0x3c, 0x28, 0xff, 0x58, 0x3c, 0x28, 0xff,
    0x58, 0x40, 0x28, 0xff, 0x58, 0x3c, 0x28, 0xff, 0x58, 0x3c, 0x28, 0xff,
    0x58, 0x3c, 0x28, 0xff, 0x60, 0x3c, 0x28, 0xff, 0x58, 0x40, 0x28, 0xff,
    0x58, 0x3c, 0x28, 0xff, 0x58, 0x3c, 0x28, 0xff, 0x58, 0x40, 0x20, 0xff,
    0x58, 0x3c, 0x28, 0xff, 0x58, 0x3c, 0x28, 0xff, 0x58, 0x3c, 0x28, 0xff,
    0x60, 0x3c, 0x28, 0xff, 0x58, 0x40, 0x20, 0xff, 0x58, 0x3c, 0x28, 0xff,
    0x58, 0x3c, 0x28, 0xff, 0x58, 0x40, 0x20, 0xff, 0x58, 0x3c, 0x28, 0xff,
    0x60, 0x3c, 0x28, 0xff, 0x58, 0x40, 0x28, 0xff, 0x58, 0x3c, 0x28, 0xff,
    0x58, 0x3c, 0x20, 0xff, 0x60, 0x3c, 0x28, 0xff, 0x58, 0x3c, 0x28, 0xff,
    0x30, 0x20, 0x18, 0xff, 0x10, 0x10, 0x08, 0xff, 0x10, 0x0c, 0x08, 0xff,
    0x18, 0x0c, 0x08, 0xff, 0x18, 0x10, 0x08, 0xff, 0x10, 0x0c, 0x10, 0xff,
    0x18, 0x0c, 0x08, 0xff, 0x10, 0x10, 0x08, 0xff, 0x90, 0x80, 0x70, 0xff,
    0x90, 0x7c, 0x70, 0xff, 0x90, 0x7c, 0x68, 0xff, 0x88, 0x7c, 0x68, 0xff,
    0x90, 0x7c, 0x70, 0xff, 0x90, 0x78, 0x70, 0xff, 0x88, 0x7c, 0x68, 0xff,
    0x80, 0x68, 0x58, 0xff, 0x58, 0x3c, 0x28, 0xff, 0x58, 0x3c, 0x20, 0xff,
    0x58, 0x3c, 0x28, 0xff, 0x60, 0x40, 0x28, 0xff, 0x58, 0x3c, 0x28, 0xff,
    0x58, 0x3c, 0x28, 0xff, 0x58, 0x3c, 0x28, 0xff, 0x58, 0x40, 0x20, 0xff,
    0x58, 0x3c, 0x28, 0xff, 0x60, 0x3c, 0x28, 0xff, 0x58, 0x40, 0x20, 0xff,
    0x58, 0x3c, 0x28, 0xff, 0x60, 0x3c, 0x28, 0xff, 0x58, 0x3c, 0x20, 0xff,
    0x58, 0x40, 0x28, 0xff, 0x58, 0x3c, 0x28, 0xff, 0x58, 0x3c, 0x20, 0xff,
    0x58, 0x40, 0x28, 0xff, 0x58, 0x3c, 0x28, 0xff, 0x58, 0x3c, 0x28, 0xff,
    0x58, 0x3c, 0x28, 0xff, 0x58, 0x3c, 0x28, 0xff, 0x58, 0x3c, 0x28, 0xff,
    0x60, 0x3c, 0x28, 0xff, 0x58, 0x3c, 0x28, 0xff, 0x58, 0x40, 0x20, 0xff,
    0x58, 0x3c, 0x28, 0xff, 0x60, 0x3c, 0x28, 0xff, 0x58, 0x3c, 0x28, 0xff,
    0x58, 0x3c, 0x28, 0xff, 0x58, 0x3c, 0x28, 0xff, 0x58, 0x3c, 0x20, 0xff,
    0x58, 0x3c, 0x28, 0xff, 0x58, 0x40, 0x28, 0xff, 0x58, 0x3c, 0x20, 0xff,
    0x58, 0x3c, 0x28, 0xff, 0x58, 0x3c, 0x28, 0xff, 0x60, 0x40, 0x28, 0xff,
    0x58, 0x3c, 0x28, 0xff, 0x58, 0x3c, 0x28, 0xff, 0x58, 0x3c, 0x20, 0xff,
    0x60, 0x3c, 0x28, 0xff, 0x58, 0x40, 0x28, 0xff, 0x58, 0x3c, 0x28, 0xff,
    0x58, 0x3c, 0x28, 0xff, 0x58, 0x3c, 0x28, 0xff, 0x60, 0x40, 0x28, 0xff,
    0x58, 0x3c, 0x28, 0xff, 0x58, 0x3c, 0x28, 0xff, 0x60, 0x3c, 0x28, 0xff,
    0x58, 0x40, 0x20, 0xff, 0x58, 0x3c, 0x28, 0xff, 0x58, 0x3c, 0x28, 0xff,
    0x58, 0x40, 0x28, 0xff, 0x58, 0x3c, 0x28, 0xff, 0x58, 0x3c, 0x28, 0xff,
    0x58, 0x3c, 0x28, 0xff, 0x58, 0x3c, 0x28, 0xff, 0x58, 0x3c, 0x28, 0xff,
    0x58, 0x3c, 0x28, 0xff, 0x58, 0x40, 0x28, 0xff, 0x58, 0x3c, 0x28, 0xff,
    0x58, 0x3c, 0x28, 0xff, 0x58, 0x40, 0x28, 0xff, 0x30, 0x20, 0x10, 0xff,
    0x18, 0x10, 0x08, 0xff, 0x18, 0x10, 0x08, 0xff, 0x10, 0x0c, 0x08, 0xff,
    0x18, 0x10, 0x08, 0xff, 0x18, 0x0c, 0x08, 0xff, 0x10, 0x10, 0x08, 0xff,
    0x18, 0x0c, 0x08, 0xff, 0x90, 0x80, 0x78, 0xff, 0x90, 0x7c, 0x68, 0xff,
    0x90, 0x7c, 0x70, 0xff, 0x90, 0x7c, 0x68, 0xff, 0x88, 0x78, 0x68, 0xff,
    0x90, 0x7c, 0x70, 0xff, 0x90, 0x7c, 0x68, 0xff, 0x78, 0x68, 0x58, 0xff,
    0x58, 0x3c, 0x28, 0xff, 0x58, 0x3c, 0x28, 0xff, 0x58, 0x3c, 0x28, 0xff,
    0x58, 0x3c, 0x28, 0xff, 0x58, 0x40, 0x28, 0xff, 0x58, 0x3c, 0x28, 0xff,
    0x60, 0x3c, 0x28, 0xff, 0x58, 0x3c, 0x28, 0xff, 0x58, 0x40, 0x28, 0xff,
    0x58, 0x3c, 0x28, 0xff, 0x58, 0x3c, 0x28, 0xff, 0x58, 0x3c, 0x28, 0xff,
    0x58, 0x3c, 0x28, 0xff, 0x58, 0x3c, 0x28, 0xff, 0x58, 0x40, 0x28, 0xff,
    0x58, 0x3c, 0x28, 0xff, 0x58, 0x3c, 0x28, 0xff, 0x60, 0x3c, 0x28, 0xff,
    0x58, 0x3c, 0x28, 0xff, 0x58, 0x40, 0x20, 0xff, 0x60, 0x3c, 0x28, 0xff,
    0x58, 0x3c, 0x28, 0xff, 0x58, 0x40, 0x28, 0xff, 0x58, 0x3c, 0x28, 0xff,
    0x58, 0x3c, 0x28, 0xff, 0x58, 0x40, 0x28, 0xff, 0x58, 0x3c, 0x28, 0xff,
    0x58, 0x3c, 0x20, 0xff, 0x58, 0x40, 0x28, 0xff, 0x60, 0x40, 0x28, 0xff,
    0x58, 0x3c, 0x28, 0xff, 0x58, 0x3c, 0x28, 0xff, 0x58, 0x40, 0x28, 0xff,
    0x58, 0x3c, 0x28, 0xff, 0x58, 0x3c, 0x28, 0xff, 0x58, 0x40, 0x28, 0xff,
    0x58, 0x3c, 0x28, 0xff, 0x58, 0x3c, 0x28, 0xff, 0x58, 0x40, 0x28, 0xff,
    0x58, 0x3c, 0x28, 0xff, 0x58, 0x3c, 0x28, 0xff, 0x58, 0x40, 0x28, 0xff,
    0x58, 0x3c, 0x20, 0xff, 0x58, 0x3c, 0x28, 0xff, 0x58, 0x40, 0x28, 0xff,
    0x58, 0x3c, 0x20, 0xff, 0x58, 0x3c, 0x28, 0xff, 0x58, 0x3c, 0x28, 0xff,
    0x58, 0x3c, 0x28, 0xff, 0x58, 0x40, 0x28, 0xff, 0x58, 0x3c, 0x28, 0xff,
    0x58, 0x3c, 0x28, 0xff, 0x58, 0x3c, 0x28, 0xff, 0x58, 0x3c, 0x28, 0xff,
    0x60, 0x40, 0x28, 0xff, 0x58, 0x3c, 0x28, 0xff, 0x58, 0x40, 0x28, 0xff,
    0x60, 0x3c, 0x28, 0xff, 0x58, 0x3c, 0x20, 0xff, 0x58, 0x40, 0x28, 0xff,
    0x60, 0x3c, 0x28, 0xff, 0x58, 0x3c, 0x28, 0xff, 0x58, 0x3c, 0x28, 0xff,
    0x58, 0x3c, 0x28, 0xff, 0x30, 0x20, 0x10, 0xff, 0x18, 0x0c, 0x08, 0xff,
    0x18, 0x10, 0x08, 0xff, 0x10, 0x10, 0x10, 0xff, 0x18, 0x0c, 0x08, 0xff,
    0x18, 0x10, 0x08, 0xff, 0x10, 0x10, 0x08, 0xff, 0x18, 0x0c, 0x08, 0xff,
    0x98, 0x80, 0x70, 0xff, 0x90, 0x7c, 0x70, 0xff, 0x90, 0x7c, 0x70, 0xff,
    0x90, 0x78, 0x68, 0xff, 0x90, 0x7c, 0x70, 0xff, 0x90, 0x7c, 0x68, 0xff,
    0x90, 0x7c, 0x68, 0xff, 0x80, 0x68, 0x58, 0xff, 0x58, 0x3c, 0x28, 0xff,
    0x58, 0x3c, 0x28, 0xff, 0x58, 0x40, 0x28, 0xff, 0x58, 0x3c, 0x20, 0xff,
    0x58, 0x3c, 0x28, 0xff, 0x58, 0x40, 0x28, 0xff, 0x58, 0x3c, 0x20, 0xff,
    0x58, 0x3c, 0x28, 0xff, 0x58, 0x3c, 0x28, 0xff, 0x58, 0x40, 0x28, 0xff,
    0x58, 0x3c, 0x28, 0xff, 0x58, 0x40, 0x20, 0xff, 0x58, 0x3c, 0x28, 0xff,
    0x58, 0x3c, 0x28, 0xff, 0x60, 0x3c, 0x28, 0xff, 0x58, 0x40, 0x28, 0xff,
    0x58, 0x3c, 0x28, 0xff, 0x58, 0x3c, 0x28, 0xff, 0x58, 0x40, 0x28, 0xff,
    0x58, 0x3c, 0x28, 0xff, 0x58, 0x3c, 0x28, 0xff, 0x58, 0x40, 0x20, 0xff,
    0x58, 0x3c, 0x28, 0xff, 0x58, 0x3c, 0x28, 0xff, 0x58, 0x3c, 0x20, 0xff,
    0x60, 0x3c, 0x28, 0xff, 0x58, 0x3c, 0x28, 0xff, 0x58, 0x3c, 0x28, 0xff,
    0x58, 0x3c, 0x28, 0xff, 0x58, 0x3c, 0x28, 0xff, 0x58, 0x40, 0x20, 0xff,
    0x58, 0x3c, 0x28, 0xff, 0x60, 0x3c, 0x28, 0xff, 0x58, 0x3c, 0x28, 0xff,
    0x58, 0x3c, 0x28, 0xff, 0x60, 0x3c, 0x20, 0xff, 0x58, 0x3c, 0x28, 0xff,
    0x58, 0x3c, 0x28, 0xff, 0x58, 0x3c, 0x20, 0xff, 0x60, 0x3c, 0x28, 0xff,
    0x58, 0x40, 0x28, 0xff, 0x58, 0x3c, 0x28, 0xff, 0x58, 0x3c, 0x28, 0xff,
    0x60, 0x3c, 0x28, 0xff, 0x58, 0x3c, 0x28, 0xff, 0x58, 0x40, 0x28, 0xff,
    0x58, 0x3c, 0x28, 0xff, 0x58, 0x3c, 0x20, 0xff, 0x58, 0x40, 0x28, 0xff,
    0x58, 0x3c, 0x28, 0xff, 0x58, 0x3c, 0x28, 0xff, 0x60, 0x40, 0x28, 0xff,
    0x58, 0x3c, 0x20, 0xff, 0x58, 0x3c, 0x28, 0xff, 0x58, 0x3c, 0x28, 0xff,
    0x58, 0x3c, 0x20, 0xff, 0x58, 0x40, 0x28, 0xff, 0x58, 0x3c, 0x28, 0xff,
    0x58, 0x3c, 0x28, 0xff, 0x58, 0x3c, 0x28, 0xff, 0x58, 0x3c, 0x28, 0xff,
    0x58, 0x40, 0x20, 0xff, 0x58, 0x3c, 0x28, 0xff, 0x58, 0x3c, 0x28, 0xff,
    0x30, 0x20, 0x18, 0xff, 0x18, 0x10, 0x08, 0xff, 0x10, 0x0c, 0x08, 0xff,
    0x18, 0x0c, 0x08, 0xff, 0x10, 0x10, 0x08, 0xff, 0x18, 0x0c, 0x08, 0xff,
    0x18, 0x0c, 0x10, 0xff, 0x10, 0x10, 0x08, 0xff, 0x90, 0x80, 0x70, 0xff,
    0x90, 0x7c, 0x70, 0xff, 0x88, 0x7c, 0x68, 0xff, 0x90, 0x7c, 0x70, 0xff,
    0x88, 0x7c, 0x70, 0xff, 0x90, 0x78, 0x68, 0xff, 0x90, 0x7c, 0x70, 0xff,
    0x78, 0x68, 0x58, 0xff, 0x58, 0x3c, 0x28, 0xff, 0x58, 0x3c, 0x28, 0xff,
    0x58, 0x3c, 0x28, 0xff, 0x60, 0x3c, 0x28, 0xff, 0x58, 0x3c, 0x28, 0xff,
    0x58, 0x3c, 0x28, 0xff, 0x58, 0x40, 0x28, 0xff, 0x58, 0x3c, 0x28, 0xff,
    0x60, 0x3c, 0x28, 0xff, 0x58, 0x3c, 0x20, 0xff, 0x58, 0x3c, 0x28, 0xff,
    0x60, 0x3c, 0x28, 0xff, 0x58, 0x40, 0x28, 0xff, 0x58, 0x3c, 0x28, 0xff,
    0x58, 0x3c, 0x20, 0xff, 0x58, 0x3c, 0x28, 0xff, 0x58, 0x40, 0x28, 0xff,
    0x58, 0x3c, 0x20, 0xff, 0x58, 0x3c, 0x28, 0xff, 0x58, 0x3c, 0x28, 0xff,
    0x58, 0x3c, 0x28, 0xff, 0x60, 0x3c, 0x28, 0xff, 0x58, 0x3c, 0x28, 0xff,
    0x58, 0x40, 0x28, 0xff, 0x58, 0x3c, 0x28, 0xff, 0x58, 0x40, 0x28, 0xff,
    0x58, 0x40, 0x28, 0xff, 0x58, 0x3c, 0x28, 0xff, 0x58, 0x3c, 0x28, 0xff,
    0x58, 0x3c, 0x28, 0xff, 0x58, 0x3c, 0x28, 0xff, 0x58, 0x40, 0x28, 0xff,
    0x58, 0x3c, 0x28, 0xff, 0x58, 0x40, 0x20, 0xff, 0x58, 0x3c, 0x28, 0xff,
    0x58, 0x40, 0x28, 0xff, 0x58, 0x3c, 0x28, 0xff, 0x58, 0x40, 0x28, 0xff,
    0x58, 0x3c, 0x28, 0xff, 0x58, 0x3c, 0x28, 0xff, 0x58, 0x3c, 0x28, 0xff,
    0x58, 0x3c, 0x28, 0xff, 0x58, 0x40, 0x28, 0xff, 0x58, 0x3c, 0x28, 0xff,
    0x58, 0x3c, 0x28, 0xff, 0x58, 0x3c, 0x28, 0xff, 0x60, 0x40, 0x28, 0xff,
    0x58, 0x3c, 0x28, 0xff, 0x58, 0x3c, 0x28, 0xff, 0x60, 0x3c, 0x28, 0xff,
    0x58, 0x3c, 0x20, 0xff, 0x58, 0x40, 0x28, 0xff, 0x58, 0x3c, 0x28, 0xff,
    0x58, 0x3c, 0x28, 0xff, 0x58, 0x40, 0x28, 0xff, 0x58, 0x3c, 0x28, 0xff,
    0x58, 0x3c, 0x28, 0xff, 0x58, 0x3c, 0x28, 0xff, 0x58, 0x40, 0x28, 0xff,
    0x58, 0x3c, 0x28, 0xff, 0x58, 0x3c, 0x28, 0xff, 0x58, 0x40, 0x28, 0xff,
    0x58, 0x3c, 0x28, 0xff, 0x58, 0x3c, 0x28, 0xff, 0x30, 0x20, 0x10, 0xff,
    0x18, 0x10, 0x08, 0xff, 0x18, 0x0c, 0x08, 0xff, 0x10, 0x10, 0x08, 0xff,
    0x18, 0x10, 0x08, 0xff, 0x10, 0x0c, 0x08, 0xff, 0x18, 0x0c, 0x08, 0xff,
    0x18, 0x10, 0x08, 0xff, 0x90, 0x80, 0x78, 0xff, 0x90, 0x7c, 0x68, 0xff,
    0x90, 0x7c, 0x68, 0xff, 0x90, 0x7c, 0x70, 0xff, 0x88, 0x7c, 0x68, 0xff,
    0x90, 0x78, 0x70, 0xff, 0x90, 0x7c, 0x68, 0xff, 0x78, 0x68, 0x58, 0xff,
    0x58, 0x3c, 0x28, 0xff, 0x58, 0x3c, 0x28, 0xff, 0x58, 0x40, 0x28, 0xff,
    0x58, 0x3c, 0x28, 0xff, 0x58, 0x3c, 0x28, 0xff, 0x60, 0x3c, 0x28, 0xff,
    0x58, 0x3c, 0x28, 0xff, 0x58, 0x40, 0x28, 0xff, 0x58, 0x3c, 0x28, 0xff,
    0x58, 0x3c, 0x28, 0xff, 0x58, 0x40, 0x28, 0xff, 0x58, 0x3c, 0x28, 0xff,
    0x58, 0x3c, 0x28, 0xff, 0x58, 0x40, 0x28, 0xff, 0x58, 0x3c, 0x28, 0xff,
    0x58, 0x3c, 0x28, 0xff, 0x60, 0x3c, 0x28, 0xff, 0x58, 0x40, 0x28, 0xff,
    0x58, 0x3c, 0x28, 0xff, 0x60, 0x40, 0x28, 0xff, 0x58, 0x3c, 0x28, 0xff,
    0x58, 0x3c, 0x28, 0xff, 0x58, 0x40, 0x28, 0xff, 0x58, 0x3c, 0x28, 0xff,
    0x60, 0x3c, 0x28, 0xff, 0x58, 0x3c, 0x28, 0xff, 0x58, 0x3c, 0x20, 0xff,
    0x60, 0x40, 0x28, 0xff, 0x58, 0x3c, 0x28, 0xff, 0x58, 0x3c, 0x20, 0xff,
    0x60, 0x40, 0x28, 0xff, 0x58, 0x3c, 0x28, 0xff, 0x58, 0x3c, 0x28, 0xff,
    0x58, 0x3c, 0x28, 0xff, 0x58, 0x3c, 0x28, 0xff, 0x58, 0x3c, 0x28, 0xff,
    0x60, 0x40, 0x28, 0xff, 0x58, 0x3c, 0x28, 0xff, 0x58, 0x3c, 0x28, 0xff,
    0x58, 0x40, 0x20, 0xff, 0x60, 0x3c, 0x28, 0xff, 0x58, 0x3c, 0x28, 0xff,
    0x58, 0x40, 0x20, 0xff, 0x58, 0x3c, 0x28, 0xff, 0x58, 0x3c, 0x28, 0xff,
    0x58, 0x3c, 0x20, 0xff, 0x58, 0x3c, 0x28, 0xff, 0x58, 0x40, 0x28, 0xff,
    0x58, 0x3c, 0x28, 0xff, 0x58, 0x3c, 0x28, 0xff, 0x58, 0x40, 0x28, 0xff,
    0x58, 0x3c, 0x28, 0xff, 0x58, 0x3c, 0x28, 0xff, 0x58, 0x3c, 0x28, 0xff,
    0x60, 0x40, 0x28, 0xff, 0x58, 0x3c, 0x28, 0xff, 0x58, 0x3c, 0x20, 0xff,
    0x60, 0x40, 0x28, 0xff, 0x58, 0x3c, 0x28, 0xff, 0x58, 0x3c, 0x20, 0xff,
    0x60, 0x3c, 0x28, 0xff, 0x58, 0x3c, 0x28, 0xff, 0x58, 0x40, 0x28, 0xff,
    0x58, 0x3c, 0x28, 0xff, 0x30, 0x20, 0x10, 0xff, 0x18, 0x10, 0x08, 0xff,
    0x10, 0x0c, 0x08, 0xff, 0x18, 0x0c, 0x08, 0xff, 0x18, 0x10, 0x10, 0xff,
    0x10, 0x10, 0x08, 0xff, 0x18, 0x0c, 0x08, 0xff, 0x18, 0x0c, 0x08, 0xff,
    0x90, 0x80, 0x70, 0xff, 0x90, 0x7c, 0x70, 0xff, 0x90, 0x7c, 0x70, 0xff,
    0x90, 0x78, 0x68, 0xff, 0x90, 0x7c, 0x68, 0xff, 0x90, 0x7c, 0x70, 0xff,
    0x90, 0x7c, 0x68, 0xff, 0x80, 0x68, 0x58, 0xff, 0x58, 0x3c, 0x28, 0xff,
    0x58, 0x3c, 0x20, 0xff, 0x58, 0x3c, 0x28, 0xff, 0x58, 0x40, 0x28, 0xff,
    0x58, 0x40, 0x20, 0xff, 0x58, 0x3c, 0x28, 0xff, 0x58, 0x3c, 0x28, 0xff,
    0x58, 0x3c, 0x20, 0xff, 0x58, 0x40, 0x28, 0xff, 0x58, 0x3c, 0x28, 0xff,
    0x58, 0x3c, 0x28, 0xff, 0x58, 0x3c, 0x28, 0xff, 0x60, 0x3c, 0x20, 0xff,
    0x58, 0x3c, 0x28, 0xff, 0x58, 0x40, 0x28, 0xff, 0x58, 0x3c, 0x28, 0xff,
    0x58, 0x3c, 0x28, 0xff, 0x58, 0x3c, 0x28, 0xff, 0x58, 0x3c, 0x20, 0xff,
    0x58, 0x3c, 0x28, 0xff, 0x58, 0x40, 0x28, 0xff, 0x58, 0x3c, 0x20, 0xff,
    0x58, 0x3c, 0x28, 0xff, 0x58, 0x3c, 0x28, 0xff, 0x58, 0x3c, 0x20, 0xff,
    0x58, 0x3c, 0x28, 0xff, 0x58, 0x3c, 0x28, 0xff, 0x58, 0x3c, 0x28, 0xff,
    0x58, 0x40, 0x28, 0xff, 0x58, 0x3c, 0x28, 0xff, 0x58, 0x3c, 0x28, 0xff,
    0x58, 0x3c, 0x28, 0xff, 0x58, 0x3c, 0x28, 0xff, 0x60, 0x40, 0x28, 0xff,
    0x58, 0x3c, 0x28, 0xff, 0x58, 0x3c, 0x20, 0xff, 0x58, 0x3c, 0x28, 0xff,
    0x58, 0x3c, 0x28, 0xff, 0x58, 0x3c, 0x28, 0xff, 0x58, 0x40, 0x28, 0xff,
    0x58, 0x3c, 0x28, 0xff, 0x58, 0x3c, 0x28, 0xff, 0x60, 0x3c, 0x28, 0xff,
    0x58, 0x40, 0x28, 0xff, 0x58, 0x3c, 0x28, 0xff, 0x60, 0x3c, 0x28, 0xff,
    0x58, 0x40, 0x28, 0xff, 0x58, 0x3c, 0x28, 0xff, 0x58, 0x3c, 0x20, 0xff,
    0x58, 0x3c, 0x28, 0xff, 0x58, 0x3c, 0x28, 0xff, 0x60, 0x3c, 0x28, 0xff,
    0x58, 0x3c, 0x28, 0xff, 0x58, 0x40, 0x20, 0xff, 0x58, 0x3c, 0x28, 0xff,
    0x58, 0x3c, 0x28, 0xff, 0x58, 0x3c, 0x28, 0xff, 0x58, 0x3c, 0x28, 0xff,
    0x58, 0x3c, 0x28, 0xff, 0x58, 0x40, 0x28, 0xff, 0x58, 0x3c, 0x28, 0xff,
    0x58, 0x3c, 0x28, 0xff, 0x58, 0x3c, 0x28, 0xff, 0x58, 0x3c, 0x28, 0xff,
    0x30, 0x20, 0x10, 0xff, 0x18, 0x10, 0x08, 0xff, 0x10, 0x10, 0x08, 0xff,
    0x18, 0x0c, 0x08, 0xff, 0x18, 0x0c, 0x08, 0xff, 0x10, 0x10, 0x08, 0xff,
    0x10, 0x10, 0x08, 0xff, 0x18, 0x0c, 0x08, 0xff, 0x98, 0x80, 0x70, 0xff,
    0x90, 0x7c, 0x70, 0xff, 0x88, 0x7c, 0x68, 0xff, 0x90, 0x7c, 0x70, 0xff,
    0x90, 0x78, 0x70, 0xff, 0x88, 0x7c, 0x68, 0xff, 0x90, 0x7c, 0x68, 0xff,
    0x80, 0x68, 0x58, 0xff, 0x58, 0x3c, 0x28, 0xff, 0x58, 0x3c, 0x28, 0xff,
    0x58, 0x3c, 0x28, 0xff, 0x60, 0x3c, 0x28, 0xff, 0x58, 0x3c, 0x28, 0xff,
    0x58, 0x40, 0x28, 0xff, 0x58, 0x3c, 0x28, 0xff, 0x60, 0x3c, 0x28, 0xff,
    0x58, 0x3c, 0x28, 0xff, 0x58, 0x40, 0x28, 0xff, 0x60, 0x3c, 0x28, 0xff,
    0x58, 0x40, 0x28, 0xff, 0x58, 0x3c, 0x28, 0xff, 0x58, 0x3c, 0x28, 0xff,
    0x58, 0x3c, 0x28, 0xff, 0x60, 0x40, 0x20, 0xff, 0x58, 0x3c, 0x28, 0xff,
    0x58, 0x3c, 0x28, 0xff, 0x58, 0x40, 0x28, 0xff, 0x58, 0x3c, 0x28, 0xff,
    0x58, 0x3c, 0x28, 0xff, 0x60, 0x40, 0x28, 0xff, 0x58, 0x3c, 0x28, 0xff,
    0x58, 0x40, 0x28, 0xff, 0x58, 0x40, 0x28, 0xff, 0x58, 0x3c, 0x28, 0xff,
    0x58, 0x3c, 0x28, 0xff, 0x58, 0x40, 0x28, 0xff, 0x58, 0x3c, 0x28, 0xff,
    0x58, 0x3c, 0x28, 0xff, 0x58, 0x40, 0x28, 0xff, 0x58, 0x3c, 0x20, 0xff,
    0x58, 0x3c, 0x28, 0xff, 0x58, 0x40, 0x28, 0xff, 0x58, 0x3c, 0x28, 0xff,
    0x58, 0x3c, 0x28, 0xff, 0x58, 0x40, 0x28, 0xff, 0x58, 0x3c, 0x28, 0xff,
    0x60, 0x3c, 0x20, 0xff, 0x58, 0x3c, 0x28, 0xff, 0x58, 0x40, 0x28, 0xff,
    0x58, 0x3c, 0x28, 0xff, 0x58, 0x3c, 0x28, 0xff, 0x58, 0x3c, 0x28, 0xff,
    0x58, 0x40, 0x20, 0xff, 0x58, 0x3c, 0x28, 0xff, 0x58, 0x3c, 0x28, 0xff,
    0x58, 0x3c, 0x28, 0xff, 0x60, 0x40, 0x28, 0xff, 0x58, 0x3c, 0x28, 0xff,
    0x58, 0x40, 0x28, 0xff, 0x58, 0x3c, 0x28, 0xff, 0x58, 0x3c, 0x28, 0xff,
    0x58, 0x3c, 0x28, 0xff, 0x58, 0x3c, 0x28, 0xff, 0x58, 0x40, 0x28, 0xff,
    0x58, 0x3c, 0x28, 0xff, 0x58, 0x3c, 0x28, 0xff, 0x58, 0x40, 0x28, 0xff,
    0x58, 0x3c, 0x28, 0xff, 0x58, 0x3c, 0x20, 0xff, 0x60, 0x40, 0x28, 0xff,
    0x58, 0x3c, 0x28, 0xff, 0x58, 0x3c, 0x28, 0xff, 0x30, 0x20, 0x18, 0xff,
    0x18, 0x10, 0x08, 0xff, 0x18, 0x0c, 0x08, 0xff, 0x10, 0x10, 0x08, 0xff,
    0x18, 0x0c, 0x08, 0xff, 0x18, 0x0c, 0x08, 0xff, 0x18, 0x10, 0x08, 0xff,
    0x10, 0x10, 0x08, 0xff, 0x90, 0x80, 0x78, 0xff, 0x90, 0x7c, 0x68, 0xff,
    0x90, 0x7c, 0x68, 0xff, 0x88, 0x7c, 0x70, 0xff, 0x90, 0x7c, 0x70, 0xff,
    0x90, 0x78, 0x68, 0xff, 0x88, 0x7c, 0x70, 0xff, 0x80, 0x68, 0x58, 0xff,
    0x58, 0x3c, 0x28, 0xff, 0x58, 0x3c, 0x28, 0xff, 0x58, 0x40, 0x28, 0xff,
    0x58, 0x3c, 0x28, 0xff, 0x58, 0x3c, 0x28, 0xff, 0x58, 0x3c, 0x20, 0xff,
    0x58, 0x40, 0x28, 0xff, 0x58, 0x3c, 0x28, 0xff, 0x58, 0x3c, 0x28, 0xff,
    0x58, 0x3c, 0x20, 0xff, 0x58, 0x3c, 0x28, 0xff, 0x58, 0x3c, 0x28, 0xff,
    0x58, 0x40, 0x28, 0xff, 0x58, 0x3c, 0x28, 0xff, 0x58, 0x3c, 0x28, 0xff,
    0x58, 0x3c, 0x28, 0xff, 0x58, 0x40, 0x28, 0xff, 0x58, 0x3c, 0x28, 0xff,
    0x60, 0x3c, 0x28, 0xff, 0x58, 0x3c, 0x28, 0xff, 0x58, 0x3c, 0x28, 0xff,
    0x58, 0x3c, 0x28, 0xff, 0x58, 0x3c, 0x28, 0xff, 0x58, 0x3c, 0x28, 0xff,
    0x60, 0x3c, 0x28, 0xff, 0x58, 0x3c, 0x28, 0xff, 0x58, 0x40, 0x28, 0xff,
    0x60, 0x3c, 0x20, 0xff, 0x58, 0x3c, 0x28, 0xff, 0x58, 0x3c, 0x28, 0xff,
    0x60, 0x3c, 0x28, 0xff, 0x58, 0x40, 0x28, 0xff, 0x58, 0x3c, 0x28, 0xff,
    0x58, 0x3c, 0x28, 0xff, 0x60, 0x3c, 0x20, 0xff, 0x58, 0x40, 0x28, 0xff,
    0x58, 0x3c, 0x28, 0xff, 0x58, 0x3c, 0x28, 0xff, 0x58, 0x40, 0x28, 0xff,
    0x58, 0x3c, 0x28, 0xff, 0x58, 0x3c, 0x28, 0xff, 0x58, 0x40, 0x20, 0xff,
    0x58, 0x3c, 0x28, 0xff, 0x58, 0x3c, 0x28, 0xff, 0x58, 0x3c, 0x28, 0xff,
    0x58, 0x40, 0x28, 0xff, 0x58, 0x3c, 0x28, 0xff, 0x58, 0x3c, 0x28, 0xff,
    0x58, 0x3c, 0x28, 0xff, 0x58, 0x40, 0x20, 0xff, 0x58, 0x3c, 0x28, 0xff,
    0x58, 0x3c, 0x28, 0xff, 0x58, 0x40, 0x20, 0xff, 0x60, 0x3c, 0x28, 0xff,
    0x58, 0x3c, 0x28, 0xff, 0x58, 0x40, 0x20, 0xff, 0x60, 0x3c, 0x28, 0xff,
    0x58, 0x3c, 0x28, 0xff, 0x58, 0x40, 0x20, 0xff, 0x60, 0x3c, 0x28, 0xff,
    0x58, 0x3c, 0x28, 0xff, 0x58, 0x40, 0x28, 0xff, 0x58, 0x3c, 0x28, 0xff,
    0x58, 0x3c, 0x28, 0xff, 0x30, 0x20, 0x10, 0xff, 0x18, 0x10, 0x08, 0xff,
    0x10, 0x0c, 0x08, 0xff, 0x18, 0x10, 0x10, 0xff, 0x10, 0x10, 0x08, 0xff,
    0x18, 0x0c, 0x08, 0xff, 0x18, 0x0c, 0x10, 0xff, 0x10, 0x10, 0x08, 0xff,
    0x90, 0x80, 0x70, 0xff, 0x90, 0x7c, 0x70, 0xff, 0x90, 0x7c, 0x68, 0xff,
    0x90, 0x78, 0x68, 0xff, 0x90, 0x7c, 0x70, 0xff, 0x90, 0x7c, 0x68, 0xff,
    0x90, 0x78, 0x68, 0xff, 0x78, 0x68, 0x58, 0xff, 0x58, 0x3c, 0x28, 0xff,
    0x58, 0x3c, 0x20, 0xff, 0x58, 0x3c, 0x28, 0xff, 0x58, 0x40, 0x28, 0xff,
    0x58, 0x3c, 0x28, 0xff, 0x60, 0x3c, 0x28, 0xff, 0x58, 0x3c, 0x28, 0xff,
    0x58, 0x40, 0x28, 0xff, 0x58, 0x3c, 0x28, 0xff, 0x58, 0x3c, 0x28, 0xff,
    0x58, 0x40, 0x28, 0xff, 0x58, 0x3c, 0x20, 0xff, 0x60, 0x3c, 0x28, 0xff,
    0x58, 0x40, 0x28, 0xff, 0x58, 0x3c, 0x20, 0xff, 0x58, 0x3c, 0x28, 0xff,
    0x58, 0x3c, 0x28, 0xff, 0x58, 0x40, 0x20, 0xff, 0x58, 0x3c, 0x28, 0xff,
    0x58, 0x3c, 0x28, 0xff, 0x58, 0x40, 0x20, 0xff, 0x58, 0x3c, 0x28, 0xff,
    0x58, 0x3c, 0x28, 0xff, 0x58, 0x40, 0x20, 0xff, 0x58, 0x3c, 0x28, 0xff,
    0x58, 0x3c, 0x28, 0xff, 0x58, 0x3c, 0x28, 0xff, 0x58, 0x3c, 0x28, 0xff,
    0x58, 0x40, 0x28, 0xff, 0x58, 0x3c, 0x28, 0xff, 0x58, 0x3c, 0x20, 0xff,
    0x58, 0x3c, 0x28, 0xff, 0x58, 0x3c, 0x28, 0xff, 0x58, 0x3c, 0x28, 0xff,
    0x58, 0x40, 0x28, 0xff, 0x58, 0x3c, 0x28, 0xff, 0x58, 0x3c, 0x28, 0xff,
    0x60, 0x3c, 0x28, 0xff, 0x58, 0x3c, 0x28, 0xff, 0x58, 0x3c, 0x28, 0xff,
    0x60, 0x3c, 0x28, 0xff, 0x58, 0x3c, 0x28, 0xff, 0x58, 0x40, 0x28, 0xff,
    0x60, 0x3c, 0x28, 0xff, 0x58, 0x3c, 0x28, 0xff, 0x58, 0x3c, 0x28, 0xff,
    0x60, 0x40, 0x20, 0xff, 0x58, 0x3c, 0x28, 0xff, 0x58, 0x3c, 0x28, 0xff,
    0x58, 0x3c, 0x28, 0xff, 0x60, 0x3c, 0x28, 0xff, 0x58, 0x3c, 0x28, 0xff,
    0x58, 0x40, 0x28, 0xff, 0x58, 0x3c, 0x28, 0xff, 0x58, 0x3c, 0x28, 0xff,
    0x58, 0x3c, 0x28, 0xff, 0x58, 0x3c, 0x28, 0xff, 0x58, 0x3c, 0x28, 0xff,
    0x58, 0x3c, 0x28, 0xff, 0x58, 0x3c, 0x28, 0xff, 0x58, 0x3c, 0x28, 0xff,
    0x58, 0x3c, 0x28, 0xff, 0x58, 0x40, 0x28, 0xff, 0x58, 0x3c, 0x28, 0xff,
    0x30, 0x20, 0x10, 0xff, 0x18, 0x10, 0x08, 0xff, 0x18, 0x0c, 0x08, 0xff,
    0x10, 0x0c, 0x08, 0xff, 0x18, 0x10, 0x08, 0xff, 0x10, 0x10, 0x08, 0xff,
    0x18, 0x0c, 0x08, 0xff, 0x18, 0x0c, 0x08, 0xff, 0x90, 0x80, 0x78, 0xff,
    0x90, 0x7c, 0x70, 0xff, 0x90, 0x7c, 0x68, 0xff, 0x88, 0x7c, 0x70, 0xff,
    0x90, 0x7c, 0x70, 0xff, 0x90, 0x7c, 0x68, 0xff, 0x90, 0x7c, 0x68, 0xff,
    0x80, 0x68, 0x58, 0xff, 0x58, 0x3c, 0x28, 0xff, 0x58, 0x3c, 0x28, 0xff,
    0x58, 0x3c, 0x28, 0xff, 0x58, 0x3c, 0x28, 0xff, 0x58, 0x40, 0x20, 0xff,
    0x58, 0x3c, 0x28, 0xff, 0x58, 0x3c, 0x28, 0xff, 0x58, 0x3c, 0x20, 0xff,
    0x60, 0x40, 0x28, 0xff, 0x58, 0x3c, 0x28, 0xff, 0x58, 0x3c, 0x28, 0xff,
    0x58, 0x3c, 0x28, 0xff, 0x58, 0x3c, 0x28, 0xff, 0x58, 0x3c, 0x28, 0xff,
    0x58, 0x40, 0x28, 0xff, 0x60, 0x3c, 0x28, 0xff, 0x58, 0x3c, 0x28, 0xff,
    0x58, 0x3c, 0x28, 0xff, 0x58, 0x40, 0x28, 0xff, 0x58, 0x3c, 0x28, 0xff,
    0x60, 0x3c, 0x28, 0xff, 0x58, 0x40, 0x28, 0xff, 0x58, 0x3c, 0x28, 0xff,
    0x60, 0x3c, 0x28, 0xff, 0x58, 0x40, 0x28, 0xff, 0x58, 0x3c, 0x20, 0xff,
    0x58, 0x3c, 0x28, 0xff, 0x58, 0x40, 0x28, 0xff, 0x58, 0x3c, 0x28, 0xff,
    0x60, 0x3c, 0x28, 0xff, 0x58, 0x40, 0x28, 0xff, 0x58, 0x3c, 0x28, 0xff,
    0x60, 0x3c, 0x28, 0xff, 0x58, 0x40, 0x28, 0xff, 0x58, 0x3c, 0x28, 0xff,
    0x58, 0x3c, 0x28, 0xff, 0x58, 0x40, 0x20, 0xff, 0x58, 0x3c, 0x28, 0xff,
    0x58, 0x40, 0x28, 0xff, 0x58, 0x3c, 0x20, 0xff, 0x58, 0x3c, 0x28, 0xff,
    0x58, 0x3c, 0x28, 0xff, 0x58, 0x3c, 0x28, 0xff, 0x58, 0x40, 0x20, 0xff,
    0x58, 0x3c, 0x28, 0xff, 0x58, 0x3c, 0x28, 0xff, 0x58, 0x3c, 0x28, 0xff,
    0x58, 0x40, 0x28, 0xff, 0x58, 0x3c, 0x28, 0xff, 0x58, 0x3c, 0x28, 0xff,
    0x58, 0x40, 0x28, 0xff, 0x58, 0x3c, 0x28, 0xff, 0x58, 0x3c, 0x28, 0xff,
    0x58, 0x40, 0x28, 0xff, 0x58, 0x3c, 0x28, 0xff, 0x58, 0x3c, 0x28, 0xff,
    0x58, 0x40, 0x28, 0xff, 0x60, 0x3c, 0x28, 0xff, 0x58, 0x40, 0x28, 0xff,
    0x58, 0x3c, 0x28, 0xff, 0x58, 0x3c, 0x20, 0xff, 0x58, 0x3c, 0x28, 0xff,
    0x58, 0x3c, 0x28, 0xff, 0x58, 0x3c, 0x28, 0xff, 0x30, 0x20, 0x10, 0xff,
    0x18, 0x10, 0x08, 0xff, 0x10, 0x0c, 0x08, 0xff, 0x18, 0x0c, 0x08, 0xff,
    0x18, 0x10, 0x08, 0xff, 0x10, 0x10, 0x08, 0xff, 0x18, 0x0c, 0x08, 0xff,
    0x18, 0x10, 0x08, 0xff, 0x98, 0x80, 0x70, 0xff, 0x90, 0x7c, 0x68, 0xff,
    0x90, 0x7c, 0x70, 0xff, 0x88, 0x78, 0x68, 0xff, 0x90, 0x7c, 0x70, 0xff,
    0x88, 0x78, 0x70, 0xff, 0x90, 0x7c, 0x68, 0xff, 0x80, 0x68, 0x58, 0xff,
    0x58, 0x3c, 0x28, 0xff, 0x58, 0x3c, 0x28, 0xff, 0x58, 0x40, 0x28, 0xff,
    0x60, 0x3c, 0x28, 0xff, 0x58, 0x3c, 0x28, 0xff, 0x58, 0x40, 0x28, 0xff,
    0x58, 0x3c, 0x28, 0xff, 0x58, 0x3c, 0x28, 0xff, 0x58, 0x3c, 0x28, 0xff,
    0x58, 0x40, 0x28, 0xff, 0x58, 0x3c, 0x28, 0xff, 0x60, 0x40, 0x28, 0xff,
    0x58, 0x3c, 0x28, 0xff, 0x58, 0x3c, 0x28, 0xff, 0x58, 0x3c, 0x28, 0xff,
    0x58, 0x40, 0x28, 0xff, 0x58, 0x3c, 0x28, 0xff, 0x60, 0x3c, 0x28, 0xff,
    0x58, 0x3c, 0x28, 0xff, 0x58, 0x3c, 0x20, 0xff, 0x58, 0x3c, 0x28, 0xff,
    0x58, 0x3c, 0x28, 0xff, 0x58, 0x3c, 0x28, 0xff, 0x58, 0x3c, 0x28, 0xff,
    0x58, 0x3c, 0x28, 0xff, 0x58, 0x40, 0x28, 0xff, 0x60, 0x3c, 0x28, 0xff,
    0x58, 0x3c, 0x28, 0xff, 0x58, 0x3c, 0x20, 0xff, 0x58, 0x3c, 0x28, 0xff,
    0x58, 0x40, 0x28, 0xff, 0x58, 0x3c, 0x28, 0xff, 0x58, 0x3c, 0x20, 0xff,
    0x58, 0x40, 0x28, 0xff, 0x58, 0x3c, 0x28, 0xff, 0x60, 0x3c, 0x28, 0xff,
    0x58, 0x3c, 0x28, 0xff, 0x58, 0x3c, 0x28, 0xff, 0x58, 0x40, 0x28, 0xff,
    0x58, 0x3c, 0x28, 0xff, 0x58, 0x40, 0x28, 0xff, 0x58, 0x3c, 0x28, 0xff,
    0x58, 0x3c, 0x28, 0xff, 0x58, 0x3c, 0x28, 0xff, 0x58, 0x40, 0x28, 0xff,
    0x60, 0x3c, 0x28, 0xff, 0x58, 0x3c, 0x28, 0xff, 0x58, 0x3c, 0x28, 0xff,
    0x60, 0x40, 0x20, 0xff, 0x58, 0x3c, 0x28, 0xff, 0x58, 0x3c, 0x28, 0xff,
    0x58, 0x3c, 0x20, 0xff, 0x60, 0x3c, 0x28, 0xff, 0x58, 0x3c, 0x28, 0xff,
    0x58, 0x40, 0x20, 0xff, 0x60, 0x3c, 0x28, 0xff, 0x58, 0x3c, 0x28, 0xff,
    0x58, 0x40, 0x20, 0xff, 0x58, 0x3c, 0x28, 0xff, 0x58, 0x40, 0x28, 0xff,
    0x60, 0x3c, 0x28, 0xff, 0x58, 0x40, 0x28, 0xff, 0x58, 0x3c, 0x28, 0xff,
    0x58, 0x3c, 0x28, 0xff, 0x30, 0x20, 0x18, 0xff, 0x18, 0x10, 0x08, 0xff,
    0x10, 0x10, 0x08, 0xff, 0x18, 0x0c, 0x10, 0xff, 0x18, 0x10, 0x08, 0xff,
    0x10, 0x0c, 0x08, 0xff, 0x10, 0x0c, 0x08, 0xff, 0x18, 0x10, 0x08, 0xff,
    0x90, 0x80, 0x70, 0xff, 0x90, 0x7c, 0x70, 0xff, 0x90, 0x7c, 0x68, 0xff,
    0x90, 0x7c, 0x68, 0xff, 0x90, 0x7c, 0x70, 0xff, 0x88, 0x78, 0x68, 0xff,
    0x90, 0x7c, 0x70, 0xff, 0x78, 0x68, 0x58, 0xff, 0x58, 0x3c, 0x28, 0xff,
    0x58, 0x3c, 0x28, 0xff, 0x58, 0x3c, 0x20, 0xff, 0x58, 0x3c, 0x28, 0xff,
    0x58, 0x3c, 0x28, 0xff, 0x58, 0x3c, 0x28, 0xff, 0x60, 0x40, 0x28, 0xff,
    0x58, 0x3c, 0x28, 0xff, 0x58, 0x3c, 0x28, 0xff, 0x58, 0x3c, 0x20, 0xff,
    0x58, 0x3c, 0x28, 0xff, 0x58, 0x3c, 0x28, 0xff, 0x58, 0x40, 0x20, 0xff,
    0x58, 0x3c, 0x28, 0xff, 0x58, 0x3c, 0x28, 0xff, 0x58, 0x3c, 0x20, 0xff,
    0x58, 0x40, 0x28, 0xff, 0x58, 0x3c, 0x28, 0xff, 0x58, 0x40, 0x28, 0xff,
    0x58, 0x3c, 0x28, 0xff, 0x58, 0x40, 0x28, 0xff, 0x58, 0x3c, 0x20, 0xff,
    0x58, 0x40, 0x28, 0xff, 0x58, 0x3c, 0x28, 0xff, 0x58, 0x3c, 0x20, 0xff,
    0x58, 0x3c, 0x28, 0xff, 0x58, 0x40, 0x28, 0xff, 0x58, 0x3c, 0x28, 0xff,
    0x58, 0x3c, 0x28, 0xff, 0x58, 0x40, 0x28, 0xff, 0x58, 0x3c, 0x28, 0xff,
    0x58, 0x3c, 0x28, 0xff, 0x58, 0x3c, 0x28, 0xff, 0x58, 0x3c, 0x28, 0xff,
    0x58, 0x3c, 0x20, 0xff, 0x58, 0x40, 0x28, 0xff, 0x58, 0x3c, 0x28, 0xff,
    0x58, 0x3c, 0x28, 0xff, 0x60, 0x3c, 0x28, 0xff, 0x58, 0x3c, 0x28, 0xff,
    0x58, 0x3c, 0x20, 0xff, 0x60, 0x40, 0x28, 0xff, 0x58, 0x3c, 0x28, 0xff,
    0x58, 0x3c, 0x28, 0xff, 0x58, 0x3c, 0x28, 0xff, 0x58, 0x40, 0x20, 0xff,
    0x58, 0x3c, 0x28, 0xff, 0x58, 0x3c, 0x28, 0xff, 0x58, 0x3c, 0x28, 0xff,
    0x58, 0x40, 0x28, 0xff, 0x58, 0x3c, 0x28, 0xff, 0x58, 0x40, 0x28, 0xff,
    0x58, 0x3c, 0x28, 0xff, 0x58, 0x3c, 0x28, 0xff, 0x58, 0x3c, 0x28, 0xff,
    0x58, 0x3c, 0x28, 0xff, 0x58, 0x3c, 0x28, 0xff, 0x58, 0x3c, 0x28, 0xff,
    0x58, 0x3c, 0x28, 0xff, 0x58, 0x3c, 0x28, 0xff, 0x58, 0x3c, 0x28, 0xff,
    0x58, 0x40, 0x28, 0xff, 0x58, 0x3c, 0x20, 0xff, 0x58, 0x3c, 0x28, 0xff,
    0x30, 0x20, 0x10, 0xff, 0x18, 0x10, 0x08, 0xff, 0x18, 0x0c, 0x08, 0xff,
    0x10, 0x10, 0x08, 0xff, 0x18, 0x0c, 0x08, 0xff, 0x18, 0x10, 0x10, 0xff,
    0x18, 0x0c, 0x08, 0xff, 0x10, 0x0c, 0x08, 0xff, 0x90, 0x80, 0x78, 0xff,
    0x90, 0x7c, 0x70, 0xff, 0x90, 0x7c, 0x68, 0xff, 0x88, 0x7c, 0x70, 0xff,
    0x90, 0x7c, 0x68, 0xff, 0x90, 0x7c, 0x68, 0xff, 0x90, 0x7c, 0x68, 0xff,
    0x80, 0x68, 0x58, 0xff, 0x58, 0x3c, 0x28, 0xff, 0x58, 0x3c, 0x28, 0xff,
    0x58, 0x40, 0x28, 0xff, 0x58, 0x3c, 0x28, 0xff, 0x58, 0x3c, 0x28, 0xff,
    0x58, 0x3c, 0x20, 0xff, 0x58, 0x3c, 0x28, 0xff, 0x58, 0x40, 0x28, 0xff,
    0x58, 0x3c, 0x28, 0xff, 0x60, 0x3c, 0x28, 0xff, 0x58, 0x40, 0x28, 0xff,
    0x58, 0x3c, 0x28, 0xff, 0x58, 0x3c, 0x28, 0xff, 0x60, 0x40, 0x28, 0xff,
    0x58, 0x3c, 0x28, 0xff, 0x58, 0x3c, 0x28, 0xff, 0x58, 0x3c, 0x28, 0xff,
    0x58, 0x3c, 0x20, 0xff, 0x58, 0x3c, 0x28, 0xff, 0x60, 0x40, 0x28, 0xff,
    0x58, 0x3c, 0x28, 0xff, 0x58, 0x3c, 0x28, 0xff, 0x60, 0x3c, 0x28, 0xff,
    0x58, 0x40, 0x28, 0xff, 0x58, 0x3c, 0x28, 0xff, 0x60, 0x3c, 0x28, 0xff,
    0x58, 0x3c, 0x28, 0xff, 0x58, 0x40, 0x28, 0xff, 0x60, 0x3c, 0x28, 0xff,
    0x58, 0x3c, 0x20, 0xff, 0x58, 0x3c, 0x28, 0xff, 0x60, 0x40, 0x28, 0xff,
    0x58, 0x3c, 0x28, 0xff, 0x58, 0x3c, 0x28, 0xff, 0x60, 0x40, 0x28, 0xff,
    0x58, 0x3c, 0x28, 0xff, 0x58, 0x3c, 0x28, 0xff, 0x58, 0x40, 0x20, 0xff,
    0x58, 0x3c, 0x28, 0xff, 0x58, 0x3c, 0x28, 0xff, 0x58, 0x3c, 0x28, 0xff,
    0x58, 0x40, 0x28, 0xff, 0x58, 0x3c, 0x20, 0xff, 0x60, 0x3c, 0x28, 0xff,
    0x58, 0x3c, 0x28, 0xff, 0x58, 0x3c, 0x28, 0xff, 0x58, 0x40, 0x28, 0xff,
    0x58, 0x3c, 0x28, 0xff, 0x58, 0x3c, 0x28, 0xff, 0x58, 0x3c, 0x28, 0xff,
    0x60, 0x3c, 0x28, 0xff, 0x58, 0x3c, 0x28, 0xff, 0x58, 0x40, 0x20, 0xff,
    0x58, 0x3c, 0x28, 0xff, 0x58, 0x40, 0x28, 0xff, 0x58, 0x3c, 0x28, 0xff,
    0x58, 0x40, 0x28, 0xff, 0x60, 0x3c, 0x28, 0xff, 0x58, 0x3c, 0x20, 0xff,
    0x58, 0x3c, 0x28, 0xff, 0x58, 0x3c, 0x28, 0xff, 0x60, 0x3c, 0x28, 0xff,
    0x58, 0x40, 0x28, 0xff, 0x58, 0x3c, 0x28, 0xff, 0x30, 0x20, 0x10, 0xff,
    0x18, 0x10, 0x08, 0xff, 0x10, 0x0c, 0x08, 0xff, 0x18, 0x0c, 0x08, 0xff,
    0x10, 0x10, 0x08, 0xff, 0x18, 0x10, 0x08, 0xff, 0x18, 0x10, 0x08, 0xff,
    0x10, 0x0c, 0x08, 0xff, 0x90, 0x80, 0x70, 0xff, 0x90, 0x7c, 0x68, 0xff,
    0x90, 0x7c, 0x70, 0xff, 0x90, 0x78, 0x70, 0xff, 0x88, 0x78, 0x70, 0xff,
    0x90, 0x7c, 0x70, 0xff, 0x90, 0x7c, 0x68, 0xff, 0x78, 0x68, 0x58, 0xff,
    0x58, 0x3c, 0x28, 0xff, 0x58, 0x3c, 0x28, 0xff, 0x58, 0x3c, 0x28, 0xff,
    0x60, 0x40, 0x28, 0xff, 0x58, 0x3c, 0x28, 0xff, 0x58, 0x40, 0x28, 0xff,
    0x58, 0x3c, 0x28, 0xff, 0x58, 0x3c, 0x28, 0xff, 0x58, 0x3c, 0x20, 0xff,
    0x58, 0x40, 0x28, 0xff, 0x58, 0x3c, 0x28, 0xff, 0x58, 0x3c, 0x28, 0xff,
    0x58, 0x3c, 0x28, 0xff, 0x58, 0x3c, 0x20, 0xff, 0x58, 0x40, 0x28, 0xff,
    0x60, 0x3c, 0x28, 0xff, 0x58, 0x3c, 0x28, 0xff, 0x58, 0x40, 0x28, 0xff,
    0x58, 0x3c, 0x28, 0xff, 0x58, 0x3c, 0x28, 0xff, 0x58, 0x3c, 0x28, 0xff,
    0x58, 0x3c, 0x28, 0xff, 0x58, 0x3c, 0x28, 0xff, 0x58, 0x40, 0x28, 0xff,
    0x58, 0x3c, 0x28, 0xff, 0x58, 0x3c, 0x28, 0xff, 0x58, 0x3c, 0x20, 0xff,
    0x58, 0x3c, 0x28, 0xff, 0x58, 0x40, 0x28, 0xff, 0x58, 0x3c, 0x28, 0xff,
    0x58, 0x3c, 0x28, 0xff, 0x58, 0x40, 0x28, 0xff, 0x58, 0x3c, 0x20, 0xff,
    0x58, 0x3c, 0x28, 0xff, 0x58, 0x3c, 0x28, 0xff, 0x58, 0x3c, 0x28, 0xff,
    0x58, 0x3c, 0x28, 0xff, 0x58, 0x40, 0x28, 0xff, 0x58, 0x3c, 0x28, 0xff,
    0x58, 0x3c, 0x28, 0xff, 0x60, 0x40, 0x28, 0xff, 0x58, 0x3c, 0x28, 0xff,
    0x58, 0x3c, 0x28, 0xff, 0x58, 0x40, 0x28, 0xff, 0x58, 0x3c, 0x28, 0xff,
    0x58, 0x3c, 0x28, 0xff, 0x60, 0x40, 0x28, 0xff, 0x58, 0x3c, 0x20, 0xff,
    0x58, 0x3c, 0x28, 0xff, 0x58, 0x40, 0x28, 0xff, 0x58, 0x3c, 0x20, 0xff,
    0x58, 0x3c, 0x28, 0xff, 0x58, 0x3c, 0x28, 0xff, 0x60, 0x3c, 0x28, 0xff,
    0x58, 0x3c, 0x28, 0xff, 0x58, 0x40, 0x20, 0xff, 0x58, 0x3c, 0x28, 0xff,
    0x58, 0x3c, 0x28, 0xff, 0x58, 0x40, 0x28, 0xff, 0x58, 0x40, 0x28, 0xff,
    0x58, 0x3c, 0x28, 0xff, 0x58, 0x3c, 0x28, 0xff, 0x58, 0x3c, 0x28, 0xff,
    0x58, 0x3c, 0x28, 0xff, 0x30, 0x20, 0x18, 0xff, 0x18, 0x10, 0x08, 0xff,
    0x18, 0x10, 0x08, 0xff, 0x10, 0x0c, 0x08, 0xff, 0x18, 0x0c, 0x08, 0xff,
    0x10, 0x10, 0x08, 0xff, 0x18, 0x0c, 0x08, 0xff, 0x18, 0x10, 0x08, 0xff,
    0x90, 0x80, 0x78, 0xff, 0x90, 0x7c, 0x68, 0xff, 0x90, 0x7c, 0x68, 0xff,
    0x90, 0x7c, 0x68, 0xff, 0x90, 0x7c, 0x70, 0xff, 0x90, 0x78, 0x68, 0xff,
    0x90, 0x7c, 0x70, 0xff, 0x80, 0x68, 0x58, 0xff, 0x58, 0x3c, 0x28, 0xff,
    0x58, 0x3c, 0x20, 0xff, 0x58, 0x3c, 0x28, 0xff, 0x58, 0x3c, 0x28, 0xff,
    0x58, 0x3c, 0x28, 0xff, 0x58, 0x3c, 0x28, 0xff, 0x60, 0x40, 0x28, 0xff,
    0x58, 0x3c, 0x28, 0xff, 0x58, 0x3c, 0x28, 0xff, 0x58, 0x3c, 0x28, 0xff,
    0x60, 0x3c, 0x28, 0xff, 0x58, 0x40, 0x20, 0xff, 0x58, 0x3c, 0x28, 0xff,
    0x58, 0x3c, 0x28, 0xff, 0x58, 0x3c, 0x28, 0xff, 0x58, 0x40, 0x28, 0xff,
    0x58, 0x3c, 0x28, 0xff, 0x58, 0x3c, 0x28, 0xff, 0x60, 0x40, 0x28, 0xff,
    0x58, 0x3c, 0x20, 0xff, 0x58, 0x3c, 0x28, 0xff, 0x58, 0x40, 0x28, 0xff,
    0x58, 0x3c, 0x20, 0xff, 0x58, 0x3c, 0x28, 0xff, 0x58, 0x40, 0x28, 0xff,
    0x58, 0x3c, 0x28, 0xff, 0x58, 0x3c, 0x28, 0xff, 0x58, 0x3c, 0x28, 0xff,
    0x58, 0x3c, 0x28, 0xff, 0x58, 0x3c, 0x28, 0xff, 0x58, 0x3c, 0x28, 0xff,
    0x58, 0x3c, 0x28, 0xff, 0x58, 0x40, 0x28, 0xff, 0x58, 0x3c, 0x28, 0xff,
    0x58, 0x3c, 0x28, 0xff, 0x60, 0x40, 0x20, 0xff, 0x58, 0x3c, 0x28, 0xff,
    0x58, 0x3c, 0x28, 0xff, 0x60, 0x3c, 0x28, 0xff, 0x58, 0x3c, 0x20, 0xff,
    0x58, 0x40, 0x28, 0xff, 0x58, 0x3c, 0x28, 0xff, 0x58, 0x3c, 0x28, 0xff,
    0x58, 0x40, 0x28, 0xff, 0x58, 0x3c, 0x20, 0xff, 0x58, 0x3c, 0x28, 0xff,
    0x58, 0x3c, 0x28, 0xff, 0x58, 0x3c, 0x28, 0xff, 0x58, 0x40, 0x28, 0xff,
    0x60, 0x3c, 0x28, 0xff, 0x58, 0x3c, 0x28, 0xff, 0x58, 0x40, 0x28, 0xff,
    0x58, 0x3c, 0x28, 0xff, 0x58, 0x3c, 0x28, 0xff, 0x58, 0x3c, 0x28, 0xff,
    0x58, 0x3c, 0x28, 0xff, 0x60, 0x3c, 0x28, 0xff, 0x58, 0x3c, 0x28, 0xff,
    0x58, 0x3c, 0x28, 0xff, 0x58, 0x3c, 0x20, 0xff, 0x60, 0x40, 0x28, 0xff,
    0x58, 0x3c, 0x28, 0xff, 0x58, 0x3c, 0x28, 0xff, 0x58, 0x40, 0x28, 0xff,
    0x30, 0x20, 0x10, 0xff, 0x18, 0x0c, 0x08, 0xff, 0x10, 0x10, 0x08, 0xff,
    0x18, 0x10, 0x10, 0xff, 0x18, 0x0c, 0x08, 0xff, 0x10, 0x0c, 0x08, 0xff,
    0x18, 0x10, 0x10, 0xff, 0x18, 0x0c, 0x08, 0xff, 0x98, 0x80, 0x78, 0xff,
    0x90, 0x7c, 0x70, 0xff, 0x88, 0x7c, 0x68, 0xff, 0x90, 0x7c, 0x70, 0xff,
    0x88, 0x7c, 0x68, 0xff, 0x90, 0x7c, 0x68, 0xff, 0x90, 0x78, 0x68, 0xff,
    0x78, 0x68, 0x58, 0xff, 0x58, 0x3c, 0x28, 0xff, 0x58, 0x3c, 0x28, 0xff,
    0x58, 0x40, 0x28, 0xff, 0x58, 0x3c, 0x20, 0xff, 0x58, 0x3c, 0x28, 0xff,
    0x58, 0x3c, 0x28, 0xff, 0x58, 0x3c, 0x20, 0xff, 0x58, 0x40, 0x28, 0xff,
    0x58, 0x3c, 0x28, 0xff, 0x58, 0x3c, 0x28, 0xff, 0x58, 0x40, 0x28, 0xff,
    0x58, 0x3c, 0x28, 0xff, 0x58, 0x3c, 0x28, 0xff, 0x60, 0x40, 0x28, 0xff,
    0x58, 0x3c, 0x28, 0xff, 0x58, 0x3c, 0x20, 0xff, 0x58, 0x3c, 0x28, 0xff,
    0x58, 0x3c, 0x28, 0xff, 0x58, 0x3c, 0x28, 0xff, 0x58, 0x3c, 0x28, 0xff,
    0x58, 0x40, 0x28, 0xff, 0x60, 0x3c, 0x28, 0xff, 0x58, 0x3c, 0x28, 0xff,
    0x58, 0x3c, 0x28, 0xff, 0x60, 0x3c, 0x20, 0xff, 0x58, 0x40, 0x28, 0xff,
    0x58, 0x40, 0x28, 0xff, 0x60, 0x3c, 0x28, 0xff, 0x58, 0x40, 0x20, 0xff,
    0x58, 0x3c, 0x28, 0xff, 0x60, 0x3c, 0x28, 0xff, 0x58, 0x3c, 0x20, 0xff,
    0x58, 0x40, 0x28, 0xff, 0x60, 0x3c, 0x28, 0xff, 0x58, 0x3c, 0x28, 0xff,
    0x58, 0x40, 0x28, 0xff, 0x58, 0x3c, 0x28, 0xff, 0x58, 0x3c, 0x28, 0xff,
    0x58, 0x40, 0x28, 0xff, 0x58, 0x3c, 0x28, 0xff, 0x58, 0x3c, 0x28, 0xff,
    0x58, 0x3c, 0x28, 0xff, 0x58, 0x3c, 0x28, 0xff, 0x60, 0x3c, 0x28, 0xff,
    0x58, 0x40, 0x28, 0xff, 0x58, 0x3c, 0x28, 0xff, 0x58, 0x3c, 0x28, 0xff,
    0x58, 0x40, 0x28, 0xff, 0x58, 0x3c, 0x28, 0xff, 0x58, 0x3c, 0x28, 0xff,
    0x58, 0x3c, 0x28, 0xff, 0x58, 0x40, 0x28, 0xff, 0x60, 0x3c, 0x20, 0xff,
    0x58, 0x40, 0x28, 0xff, 0x58, 0x40, 0x28, 0xff, 0x58, 0x3c, 0x28, 0xff,
    0x58, 0x40, 0x28, 0xff, 0x58, 0x3c, 0x28, 0xff, 0x58, 0x3c, 0x28, 0xff,
    0x58, 0x3c, 0x28, 0xff, 0x58, 0x3c, 0x28, 0xff, 0x58, 0x40, 0x20, 0xff,
    0x58, 0x3c, 0x28, 0xff, 0x58, 0x3c, 0x28, 0xff, 0x30, 0x20, 0x10, 0xff,
    0x18, 0x0c, 0x08, 0xff, 0x10, 0x0c, 0x08, 0xff, 0x18, 0x10, 0x08, 0xff,
    0x18, 0x10, 0x08, 0xff, 0x10, 0x0c, 0x08, 0xff, 0x10, 0x10, 0x08, 0xff,
    0x18, 0x0c, 0x08, 0xff, 0x90, 0x80, 0x70, 0xff, 0x90, 0x7c, 0x70, 0xff,
    0x90, 0x7c, 0x70, 0xff, 0x90, 0x78, 0x68, 0xff, 0x88, 0x7c, 0x70, 0xff,
    0x90, 0x7c, 0x70, 0xff, 0x90, 0x7c, 0x68, 0xff, 0x78, 0x68, 0x58, 0xff,
    0x58, 0x3c, 0x28, 0xff, 0x58, 0x3c, 0x28, 0xff, 0x58, 0x3c, 0x28, 0xff,
    0x60, 0x40, 0x28, 0xff, 0x58, 0x40, 0x28, 0xff, 0x58, 0x3c, 0x28, 0xff,
    0x58, 0x3c, 0x28, 0xff, 0x60, 0x3c, 0x28, 0xff, 0x58, 0x40, 0x28, 0xff,
    0x58, 0x3c, 0x20, 0xff, 0x58, 0x3c, 0x28, 0xff, 0x58, 0x3c, 0x28, 0xff,
    0x58, 0x3c, 0x28, 0xff, 0x58, 0x40, 0x28, 0xff, 0x58, 0x3c, 0x28, 0xff,
    0x58, 0x3c, 0x28, 0xff, 0x60, 0x40, 0x28, 0xff, 0x58, 0x3c, 0x28, 0xff,
    0x58, 0x3c, 0x20, 0xff, 0x58, 0x40, 0x28, 0xff, 0x58, 0x3c, 0x28, 0xff,
    0x58, 0x3c, 0x28, 0xff, 0x58, 0x40, 0x28, 0xff, 0x58, 0x3c, 0x28, 0xff,
    0x58, 0x3c, 0x28, 0xff, 0x58, 0x3c, 0x28, 0xff, 0x58, 0x3c, 0x28, 0xff,
    0x58, 0x3c, 0x28, 0xff, 0x58, 0x40, 0x28, 0xff, 0x58, 0x3c, 0x28, 0xff,
    0x58, 0x3c, 0x28, 0xff, 0x58, 0x40, 0x28, 0xff, 0x58, 0x3c, 0x28, 0xff,
    0x58, 0x3c, 0x28, 0xff, 0x58, 0x3c, 0x28, 0xff, 0x58, 0x3c, 0x28, 0xff,
    0x58, 0x3c, 0x20, 0xff, 0x58, 0x40, 0x28, 0xff, 0x58, 0x3c, 0x28, 0xff,
    0x58, 0x3c, 0x28, 0xff, 0x58, 0x40, 0x20, 0xff, 0x58, 0x3c, 0x28, 0xff,
    0x58, 0x3c, 0x28, 0xff, 0x58, 0x3c, 0x20, 0xff, 0x58, 0x3c, 0x28, 0xff,
    0x60, 0x40, 0x28, 0xff, 0x58, 0x3c, 0x20, 0xff, 0x58, 0x3c, 0x28, 0xff,
    0x60, 0x3c, 0x28, 0xff, 0x58, 0x3c, 0x20, 0xff, 0x58, 0x40, 0x28, 0xff,
    0x58, 0x3c, 0x28, 0xff, 0x58, 0x3c, 0x28, 0xff, 0x58, 0x3c, 0x28, 0xff,
    0x58, 0x3c, 0x28, 0xff, 0x58, 0x3c, 0x20, 0xff, 0x58, 0x3c, 0x28, 0xff,
    0x60, 0x40, 0x28, 0xff, 0x58, 0x3c, 0x20, 0xff, 0x58, 0x40, 0x28, 0xff,
    0x58, 0x3c, 0x28, 0xff, 0x58, 0x3c, 0x28, 0xff, 0x58, 0x3c, 0x28, 0xff,
    0x58, 0x3c, 0x28, 0xff, 0x30, 0x20, 0x18, 0xff, 0x18, 0x10, 0x08, 0xff,
    0x18, 0x10, 0x08, 0xff, 0x10, 0x0c, 0x08, 0xff, 0x18, 0x0c, 0x08, 0xff,
    0x18, 0x10, 0x08, 0xff, 0x18, 0x0c, 0x08, 0xff, 0x10, 0x10, 0x08, 0xff,
    0x90, 0x80, 0x70, 0xdf, 0x90, 0x7c, 0x68, 0xff, 0x90, 0x7c, 0x70, 0xff,
    0x90, 0x78, 0x68, 0xff, 0x90, 0x7c, 0x70, 0xff, 0x90, 0x7c, 0x70, 0xff,
    0x90, 0x80, 0x70, 0xff, 0x88, 0x70, 0x60, 0xff, 0x60, 0x44, 0x30, 0xff,
    0x58, 0x3c, 0x28, 0xff, 0x58, 0x3c, 0x28, 0xff, 0x58, 0x3c, 0x28, 0xff,
    0x58, 0x3c, 0x28, 0xff, 0x58, 0x40, 0x28, 0xff, 0x58, 0x3c, 0x28, 0xff,
    0x58, 0x3c, 0x28, 0xff, 0x58, 0x3c, 0x28, 0xff, 0x60, 0x40, 0x28, 0xff,
    0x58, 0x3c, 0x28, 0xff, 0x58, 0x3c, 0x28, 0xff, 0x60, 0x40, 0x20, 0xff,
    0x58, 0x3c, 0x28, 0xff, 0x58, 0x3c, 0x28, 0xff, 0x58, 0x3c, 0x28, 0xff,
    0x58, 0x40, 0x28, 0xff, 0x58, 0x3c, 0x28, 0xff, 0x58, 0x3c, 0x28, 0xff,
    0x60, 0x3c, 0x28, 0xff, 0x58, 0x3c, 0x28, 0xff, 0x58, 0x3c, 0x20, 0xff,
    0x58, 0x40, 0x28, 0xff, 0x60, 0x3c, 0x28, 0xff, 0x58, 0x3c, 0x28, 0xff,
    0x58, 0x40, 0x28, 0xff, 0x58, 0x3c, 0x20, 0xff, 0x58, 0x3c, 0x28, 0xff,
    0x60, 0x3c, 0x28, 0xff, 0x58, 0x3c, 0x28, 0xff, 0x58, 0x40, 0x28, 0xff,
    0x58, 0x3c, 0x28, 0xff, 0x58, 0x3c, 0x28, 0xff, 0x58, 0x40, 0x20, 0xff,
    0x58, 0x3c, 0x28, 0xff, 0x60, 0x3c, 0x28, 0xff, 0x58, 0x40, 0x28, 0xff,
    0x58, 0x3c, 0x28, 0xff, 0x60, 0x3c, 0x28, 0xff, 0x58, 0x3c, 0x28, 0xff,
    0x58, 0x40, 0x28, 0xff, 0x60, 0x3c, 0x28, 0xff, 0x58, 0x40, 0x28, 0xff,
    0x58, 0x3c, 0x28, 0xff, 0x58, 0x3c, 0x28, 0xff, 0x58, 0x3c, 0x28, 0xff,
    0x58, 0x3c, 0x28, 0xff, 0x58, 0x40, 0x28, 0xff, 0x58, 0x3c, 0x28, 0xff,
    0x58, 0x3c, 0x28, 0xff, 0x58, 0x3c, 0x28, 0xff, 0x58, 0x3c, 0x28, 0xff,
    0x58, 0x3c, 0x28, 0xff, 0x58, 0x3c, 0x28, 0xff, 0x60, 0x3c, 0x28, 0xff,
    0x58, 0x3c, 0x28, 0xff, 0x58, 0x3c, 0x28, 0xff, 0x58, 0x3c, 0x28, 0xff,
    0x58, 0x40, 0x28, 0xff, 0x58, 0x3c, 0x28, 0xff, 0x60, 0x3c, 0x28, 0xff,
    0x58, 0x40, 0x28, 0xff, 0x58, 0x3c, 0x28, 0xff, 0x58, 0x3c, 0x28, 0xff,
    0x30, 0x20, 0x10, 0xff, 0x18, 0x10, 0x08, 0xff, 0x10, 0x0c, 0x08, 0xff,
    0x18, 0x10, 0x08, 0xff, 0x10, 0x10, 0x10, 0xff, 0x18, 0x0c, 0x08, 0xff,
    0x18, 0x10, 0x08, 0xff, 0x10, 0x0c, 0x08, 0xdf, 0x90, 0x80, 0x78, 0xdf,
    0x90, 0x7c, 0x70, 0xff, 0x90, 0x7c, 0x70, 0xff, 0x90, 0x80, 0x70, 0xff,
    0x98, 0x84, 0x78, 0xff, 0x98, 0x84, 0x78, 0xff, 0x98, 0x84, 0x78, 0xff,
    0x88, 0x78, 0x68, 0xff, 0x70, 0x5c, 0x48, 0xff, 0x60, 0x40, 0x28, 0xff,
    0x58, 0x3c, 0x28, 0xff, 0x58, 0x3c, 0x20, 0xff, 0x60, 0x3c, 0x28, 0xff,
    0x58, 0x3c, 0x28, 0xff, 0x58, 0x40, 0x20, 0xff, 0x58, 0x3c, 0x28, 0xff,
    0x58, 0x3c, 0x28, 0xff, 0x58, 0x3c, 0x28, 0xff, 0x58, 0x40, 0x28, 0xff,
    0x58, 0x3c, 0x28, 0xff, 0x58, 0x3c, 0x28, 0xff, 0x58, 0x3c, 0x28, 0xff,
    0x58, 0x3c, 0x20, 0xff, 0x58, 0x40, 0x28, 0xff, 0x58, 0x3c, 0x28, 0xff,
    0x58, 0x3c, 0x20, 0xff, 0x58, 0x40, 0x28, 0xff, 0x58, 0x3c, 0x28, 0xff,
    0x58, 0x3c, 0x28, 0xff, 0x58, 0x40, 0x28, 0xff, 0x58, 0x3c, 0x28, 0xff,
    0x58, 0x3c, 0x20, 0xff, 0x58, 0x3c, 0x28, 0xff, 0x58, 0x40, 0x28, 0xff,
    0x60, 0x3c, 0x28, 0xff, 0x58, 0x3c, 0x28, 0xff, 0x58, 0x40, 0x28, 0xff,
    0x58, 0x3c, 0x20, 0xff, 0x58, 0x3c, 0x28, 0xff, 0x60, 0x3c, 0x28, 0xff,
    0x58, 0x3c, 0x28, 0xff, 0x58, 0x40, 0x28, 0xff, 0x58, 0x3c, 0x28, 0xff,
    0x58, 0x3c, 0x28, 0xff, 0x58, 0x3c, 0x28, 0xff, 0x58, 0x3c, 0x28, 0xff,
    0x58, 0x3c, 0x20, 0xff, 0x58, 0x3c, 0x28, 0xff, 0x58, 0x3c, 0x28, 0xff,
    0x58, 0x3c, 0x28, 0xff, 0x58, 0x3c, 0x28, 0xff, 0x58, 0x40, 0x28, 0xff,
    0x58, 0x3c, 0x28, 0xff, 0x58, 0x3c, 0x28, 0xff, 0x58, 0x40, 0x28, 0xff,
    0x58, 0x3c, 0x28, 0xff, 0x58, 0x3c, 0x28, 0xff, 0x58, 0x40, 0x28, 0xff,
    0x60, 0x3c, 0x20, 0xff, 0x58, 0x40, 0x28, 0xff, 0x58, 0x40, 0x28, 0xff,
    0x58, 0x3c, 0x20, 0xff, 0x58, 0x40, 0x28, 0xff, 0x58, 0x40, 0x28, 0xff,
    0x58, 0x3c, 0x28, 0xff, 0x58, 0x3c, 0x28, 0xff, 0x58, 0x3c, 0x28, 0xff,
    0x58, 0x3c, 0x28, 0xff, 0x58, 0x3c, 0x20, 0xff, 0x58, 0x40, 0x28, 0xff,
    0x58, 0x3c, 0x28, 0xff, 0x50, 0x38, 0x20, 0xff, 0x30, 0x20, 0x18, 0xff,
    0x20, 0x14, 0x10, 0xff, 0x18, 0x10, 0x08, 0xff, 0x18, 0x10, 0x08, 0xff,
    0x18, 0x10, 0x08, 0xff, 0x10, 0x0c, 0x08, 0xff, 0x18, 0x10, 0x08, 0xff,
    0x18, 0x0c, 0x08, 0xcf, 0x98, 0x84, 0x78, 0xae, 0x90, 0x80, 0x70, 0xff,
    0x98, 0x88, 0x78, 0xff, 0x98, 0x88, 0x78, 0xff, 0x98, 0x88, 0x78, 0xff,
    0x98, 0x88, 0x78, 0xff, 0x98, 0x88, 0x78, 0xff, 0x98, 0x84, 0x78, 0xff,
    0x88, 0x70, 0x60, 0xff, 0x70, 0x58, 0x40, 0xff, 0x60, 0x48, 0x30, 0xff,
    0x58, 0x3c, 0x28, 0xff, 0x58, 0x3c, 0x28, 0xff, 0x58, 0x40, 0x28, 0xff,
    0x58, 0x3c, 0x28, 0xff, 0x60, 0x3c, 0x28, 0xff, 0x58, 0x3c, 0x20, 0xff,
    0x58, 0x3c, 0x28, 0xff, 0x58, 0x3c, 0x28, 0xff, 0x58, 0x40, 0x20, 0xff,
    0x58, 0x3c, 0x28, 0xff, 0x58, 0x3c, 0x28, 0xff, 0x60, 0x40, 0x28, 0xff,
    0x58, 0x3c, 0x28, 0xff, 0x58, 0x3c, 0x28, 0xff, 0x60, 0x3c, 0x28, 0xff,
    0x58, 0x40, 0x28, 0xff, 0x58, 0x3c, 0x28, 0xff, 0x58, 0x3c, 0x28, 0xff,
    0x60, 0x3c, 0x28, 0xff, 0x58, 0x3c, 0x28, 0xff, 0x58, 0x3c, 0x28, 0xff,
    0x58, 0x40, 0x28, 0xff, 0x58, 0x3c, 0x28, 0xff, 0x58, 0x3c, 0x28, 0xff,
    0x58, 0x3c, 0x28, 0xff, 0x58, 0x40, 0x28, 0xff, 0x58, 0x3c, 0x28, 0xff,
    0x58, 0x3c, 0x28, 0xff, 0x58, 0x40, 0x20, 0xff, 0x58, 0x3c, 0x28, 0xff,
    0x60, 0x3c, 0x28, 0xff, 0x58, 0x3c, 0x28, 0xff, 0x58, 0x40, 0x20, 0xff,
    0x58, 0x3c, 0x28, 0xff, 0x58, 0x40, 0x28, 0xff, 0x58, 0x40, 0x28, 0xff,
    0x58, 0x3c, 0x28, 0xff, 0x58, 0x3c, 0x28, 0xff, 0x58, 0x40, 0x20, 0xff,
    0x60, 0x3c, 0x28, 0xff, 0x58, 0x3c, 0x28, 0xff, 0x58, 0x40, 0x20, 0xff,
    0x60, 0x3c, 0x28, 0xff, 0x58, 0x3c, 0x28, 0xff, 0x58, 0x3c, 0x20, 0xff,
    0x60, 0x3c, 0x28, 0xff, 0x58, 0x40, 0x28, 0xff, 0x58, 0x3c, 0x28, 0xff,
    0x58, 0x3c, 0x28, 0xff, 0x58, 0x3c, 0x28, 0xff, 0x60, 0x3c, 0x28, 0xff,
    0x58, 0x3c, 0x28, 0xff, 0x58, 0x3c, 0x20, 0xff, 0x60, 0x40, 0x28, 0xff,
    0x58, 0x3c, 0x28, 0xff, 0x58, 0x3c, 0x20, 0xff, 0x60, 0x40, 0x28, 0xff,
    0x58, 0x3c, 0x28, 0xff, 0x58, 0x3c, 0x20, 0xff, 0x58, 0x38, 0x20, 0xff,
    0x48, 0x30, 0x20, 0xff, 0x30, 0x24, 0x18, 0xff, 0x28, 0x1c, 0x10, 0xff,
    0x28, 0x18, 0x10, 0xff, 0x20, 0x14, 0x10, 0xff, 0x18, 0x14, 0x10, 0xff,
    0x20, 0x14, 0x10, 0xff, 0x18, 0x14, 0x10, 0xff, 0x10, 0x10, 0x08, 0xbe,
    0xa0, 0x90, 0x80, 0x8e, 0xa0, 0x8c, 0x80, 0xff, 0x98, 0x88, 0x78, 0xff,
    0x98, 0x88, 0x78, 0xff, 0x98, 0x88, 0x78, 0xff, 0x98, 0x88, 0x78, 0xff,
    0x98, 0x84, 0x78, 0xff, 0x98, 0x84, 0x78, 0xff, 0x90, 0x7c, 0x70, 0xff,
    0x80, 0x6c, 0x58, 0xff, 0x78, 0x5c, 0x48, 0xff, 0x70, 0x54, 0x40, 0xff,
    0x68, 0x54, 0x40, 0xff, 0x70, 0x54, 0x40, 0xff, 0x70, 0x54, 0x40, 0xff,
    0x68, 0x54, 0x40, 0xff, 0x70, 0x54, 0x40, 0xff, 0x70, 0x54, 0x40, 0xff,
    0x70, 0x54, 0x40, 0xff, 0x70, 0x54, 0x40, 0xff, 0x70, 0x54, 0x40, 0xff,
    0x70, 0x54, 0x40, 0xff, 0x68, 0x50, 0x40, 0xff, 0x70, 0x54, 0x40, 0xff,
    0x70, 0x54, 0x40, 0xff, 0x68, 0x54, 0x40, 0xff, 0x70, 0x50, 0x40, 0xff,
    0x70, 0x54, 0x38, 0xff, 0x70, 0x54, 0x40, 0xff, 0x68, 0x54, 0x40, 0xff,
    0x70, 0x54, 0x40, 0xff, 0x70, 0x54, 0x40, 0xff, 0x70, 0x54, 0x40, 0xff,
    0x70, 0x54, 0x38, 0xff, 0x68, 0x50, 0x40, 0xff, 0x70, 0x54, 0x40, 0xff,
    0x70, 0x54, 0x38, 0xff, 0x70, 0x50, 0x40, 0xff, 0x70, 0x54, 0x40, 0xff,
    0x68, 0x54, 0x40, 0xff, 0x70, 0x54, 0x40, 0xff, 0x70, 0x50, 0x40, 0xff,
    0x68, 0x54, 0x40, 0xff, 0x70, 0x54, 0x40, 0xff, 0x70, 0x54, 0x40, 0xff,
    0x70, 0x50, 0x40, 0xff, 0x70, 0x54, 0x40, 0xff, 0x70, 0x54, 0x40, 0xff,
    0x70, 0x54, 0x40, 0xff, 0x70, 0x54, 0x40, 0xff, 0x68, 0x54, 0x40, 0xff,
    0x70, 0x50, 0x40, 0xff, 0x70, 0x54, 0x40, 0xff, 0x68, 0x54, 0x40, 0xff,
    0x70, 0x54, 0x40, 0xff, 0x70, 0x54, 0x40, 0xff, 0x68, 0x54, 0x40, 0xff,
    0x70, 0x50, 0x40, 0xff, 0x70, 0x54, 0x40, 0xff, 0x68, 0x54, 0x40, 0xff,
    0x70, 0x54, 0x40, 0xff, 0x70, 0x54, 0x40, 0xff, 0x68, 0x50, 0x40, 0xff,
    0x70, 0x54, 0x40, 0xff, 0x70, 0x54, 0x40, 0xff, 0x68, 0x54, 0x40, 0xff,
    0x70, 0x54, 0x40, 0xff, 0x70, 0x54, 0x40, 0xff, 0x68, 0x54, 0x40, 0xff,
    0x68, 0x4c, 0x38, 0xff, 0x58, 0x3c, 0x28, 0xff, 0x48, 0x30, 0x20, 0xff,
    0x38, 0x28, 0x18, 0xff, 0x30, 0x24, 0x18, 0xff, 0x28, 0x20, 0x10, 0xff,
    0x28, 0x1c, 0x10, 0xff, 0x20, 0x18, 0x10, 0xff, 0x20, 0x18, 0x10, 0xff,
    0x20, 0x14, 0x10, 0xff, 0x18, 0x0c, 0x08, 0x8e, 0xa0, 0x90, 0x80, 0x41,
    0xa0, 0x90, 0x80, 0xff, 0x98, 0x84, 0x78, 0xff, 0x98, 0x88, 0x78, 0xff,
    0x98, 0x88, 0x78, 0xff, 0x98, 0x84, 0x78, 0xff, 0x98, 0x84, 0x78, 0xff,
    0x90, 0x84, 0x78, 0xff, 0x90, 0x7c, 0x68, 0xff, 0x88, 0x70, 0x60, 0xff,
    0x78, 0x64, 0x50, 0xff, 0x70, 0x58, 0x48, 0xff, 0x70, 0x58, 0x40, 0xff,
    0x70, 0x58, 0x40, 0xff, 0x70, 0x58, 0x48, 0xff, 0x70, 0x58, 0x40, 0xff,
    0x70, 0x58, 0x48, 0xff, 0x70, 0x58, 0x40, 0xff, 0x70, 0x58, 0x48, 0xff,
    0x70, 0x58, 0x48, 0xff, 0x70, 0x58, 0x40, 0xff, 0x70, 0x58, 0x40, 0xff,
    0x70, 0x58, 0x48, 0xff, 0x70, 0x58, 0x40, 0xff, 0x70, 0x58, 0x40, 0xff,
    0x70, 0x58, 0x48, 0xff, 0x70, 0x58, 0x40, 0xff, 0x70, 0x58, 0x48, 0xff,
    0x70, 0x58, 0x40, 0xff, 0x70, 0x58, 0x40, 0xff, 0x70, 0x58, 0x48, 0xff,
    0x70, 0x58, 0x40, 0xff, 0x70, 0x58, 0x48, 0xff, 0x70, 0x58, 0x48, 0xff,
    0x70, 0x58, 0x40, 0xff, 0x70, 0x58, 0x48, 0xff, 0x70, 0x58, 0x48, 0xff,
    0x70, 0x58, 0x40, 0xff, 0x70, 0x58, 0x48, 0xff, 0x70, 0x58, 0x48, 0xff,
    0x70, 0x58, 0x40, 0xff, 0x70, 0x58, 0x40, 0xff, 0x70, 0x58, 0x48, 0xff,
    0x70, 0x58, 0x48, 0xff, 0x70, 0x58, 0x40, 0xff, 0x70, 0x58, 0x40, 0xff,
    0x70, 0x58, 0x48, 0xff, 0x70, 0x58, 0x40, 0xff, 0x70, 0x58, 0x40, 0xff,
    0x70, 0x58, 0x48, 0xff, 0x70, 0x58, 0x40, 0xff, 0x70, 0x58, 0x48, 0xff,
    0x70, 0x58, 0x40, 0xff, 0x70, 0x58, 0x48, 0xff, 0x70, 0x58, 0x40, 0xff,
    0x70, 0x58, 0x48, 0xff, 0x70, 0x58, 0x40, 0xff, 0x70, 0x58, 0x40, 0xff,
    0x70, 0x58, 0x48, 0xff, 0x70, 0x58, 0x40, 0xff, 0x70, 0x58, 0x40, 0xff,
    0x70, 0x58, 0x48, 0xff, 0x70, 0x58, 0x40, 0xff, 0x70, 0x58, 0x48, 0xff,
    0x70, 0x58, 0x40, 0xff, 0x70, 0x58, 0x48, 0xff, 0x70, 0x58, 0x48, 0xff,
    0x70, 0x58, 0x40, 0xff, 0x70, 0x58, 0x48, 0xff, 0x68, 0x50, 0x38, 0xff,
    0x58, 0x3c, 0x28, 0xff, 0x48, 0x30, 0x20, 0xff, 0x38, 0x28, 0x18, 0xff,
    0x38, 0x24, 0x18, 0xff, 0x38, 0x24, 0x18, 0xff, 0x30, 0x20, 0x18, 0xff,
    0x28, 0x1c, 0x10, 0xff, 0x28, 0x18, 0x10, 0xff, 0x18, 0x10, 0x08, 0xff,
    0x18, 0x10, 0x08, 0x51, 0xf8, 0xfc, 0xf8, 0x00, 0xa0, 0x90, 0x80, 0xdf,
    0x98, 0x8c, 0x80, 0xff, 0x98, 0x84, 0x78, 0xff, 0x98, 0x84, 0x78, 0xff,
    0x98, 0x84, 0x78, 0xff, 0x90, 0x84, 0x78, 0xff, 0x90, 0x80, 0x70, 0xff,
    0x90, 0x78, 0x68, 0xff, 0x80, 0x6c, 0x60, 0xff, 0x78, 0x60, 0x50, 0xff,
    0x70, 0x58, 0x48, 0xff, 0x70, 0x58, 0x48, 0xff, 0x70, 0x58, 0x48, 0xff,
    0x70, 0x58, 0x48, 0xff, 0x70, 0x58, 0x48, 0xff, 0x70, 0x58, 0x48, 0xff,
    0x70, 0x58, 0x40, 0xff, 0x70, 0x58, 0x48, 0xff, 0x70, 0x58, 0x48, 0xff,
    0x70, 0x58, 0x48, 0xff, 0x70, 0x58, 0x48, 0xff, 0x70, 0x58, 0x48, 0xff,
    0x70, 0x58, 0x48, 0xff, 0x70, 0x58, 0x48, 0xff, 0x70, 0x58, 0x48, 0xff,
    0x70, 0x58, 0x48, 0xff, 0x70, 0x58, 0x48, 0xff, 0x70, 0x58, 0x48, 0xff,
    0x70, 0x58, 0x48, 0xff, 0x70, 0x58, 0x48, 0xff, 0x70, 0x58, 0x48, 0xff,
    0x70, 0x58, 0x40, 0xff, 0x70, 0x58, 0x48, 0xff, 0x70, 0x58, 0x48, 0xff,
    0x70, 0x58, 0x48, 0xff, 0x70, 0x58, 0x48, 0xff, 0x70, 0x5c, 0x48, 0xff,
    0x70, 0x58, 0x48, 0xff, 0x70, 0x58, 0x48, 0xff, 0x70, 0x58, 0x48, 0xff,
    0x70, 0x58, 0x48, 0xff, 0x70, 0x58, 0x40, 0xff, 0x70, 0x58, 0x48, 0xff,
    0x70, 0x58, 0x48, 0xff, 0x70, 0x58, 0x48, 0xff, 0x70, 0x58, 0x48, 0xff,
    0x70, 0x58, 0x48, 0xff, 0x70, 0x58, 0x48, 0xff, 0x70, 0x58, 0x48, 0xff,
    0x70, 0x58, 0x48, 0xff, 0x70, 0x58, 0x40, 0xff, 0x70, 0x58, 0x48, 0xff,
    0x70, 0x58, 0x48, 0xff, 0x70, 0x58, 0x48, 0xff, 0x70, 0x58, 0x48, 0xff,
    0x70, 0x58, 0x48, 0xff, 0x70, 0x58, 0x48, 0xff, 0x70, 0x58, 0x48, 0xff,
    0x70, 0x58, 0x48, 0xff, 0x70, 0x58, 0x48, 0xff, 0x70, 0x58, 0x48, 0xff,
    0x70, 0x58, 0x48, 0xff, 0x70, 0x58, 0x48, 0xff, 0x70, 0x58, 0x48, 0xff,
    0x70, 0x58, 0x40, 0xff, 0x70, 0x58, 0x48, 0xff, 0x70, 0x58, 0x48, 0xff,
    0x70, 0x58, 0x48, 0xff, 0x70, 0x54, 0x40, 0xff, 0x60, 0x40, 0x28, 0xff,
    0x50, 0x34, 0x20, 0xff, 0x40, 0x30, 0x20, 0xff, 0x38, 0x28, 0x18, 0xff,
    0x38, 0x24, 0x18, 0xff, 0x38, 0x28, 0x18, 0xff, 0x38, 0x24, 0x18, 0xff,
    0x28, 0x1c, 0x10, 0xff, 0x18, 0x10, 0x08, 0xdf, 0xf8, 0xfc, 0xf8, 0x00,
    0xf8, 0xfc, 0xf8, 0x00, 0xa0, 0x90, 0x88, 0x41, 0x98, 0x8c, 0x80, 0xff,
    0x98, 0x84, 0x78, 0xff, 0x90, 0x84, 0x78, 0xff, 0x98, 0x84, 0x78, 0xff,
    0x90, 0x84, 0x70, 0xff, 0x90, 0x7c, 0x68, 0xff, 0x88, 0x74, 0x68, 0xff,
    0x80, 0x6c, 0x58, 0xff, 0x70, 0x5c, 0x48, 0xff, 0x70, 0x58, 0x48, 0xff,
    0x70, 0x58, 0x48, 0xff, 0x70, 0x58, 0x48, 0xff, 0x70, 0x5c, 0x40, 0xff,
    0x70, 0x58, 0x48, 0xff, 0x70, 0x58, 0x48, 0xff, 0x70, 0x5c, 0x48, 0xff,
    0x70, 0x58, 0x40, 0xff, 0x70, 0x58, 0x48, 0xff, 0x70, 0x5c, 0x48, 0xff,
    0x70, 0x58, 0x48, 0xff, 0x70, 0x5c, 0x40, 0xff, 0x70, 0x58, 0x48, 0xff,
    0x70, 0x5c, 0x48, 0xff, 0x70, 0x5c, 0x40, 0xff, 0x70, 0x58, 0x48, 0xff,
    0x70, 0x5c, 0x48, 0xff, 0x70, 0x5c, 0x48, 0xff, 0x70, 0x58, 0x48, 0xff,
    0x70, 0x5c, 0x48, 0xff, 0x70, 0x58, 0x48, 0xff, 0x70, 0x58, 0x48, 0xff,
    0x70, 0x5c, 0x40, 0xff, 0x70, 0x5c, 0x48, 0xff, 0x70, 0x58, 0x48, 0xff,
    0x70, 0x58, 0x40, 0xff, 0x70, 0x58, 0x48, 0xff, 0x70, 0x5c, 0x40, 0xff,
    0x70, 0x58, 0x48, 0xff, 0x70, 0x5c, 0x48, 0xff, 0x70, 0x5c, 0x48, 0xff,
    0x70, 0x58, 0x48, 0xff, 0x70, 0x5c, 0x48, 0xff, 0x70, 0x58, 0x48, 0xff,
    0x70, 0x5c, 0x40, 0xff, 0x70, 0x58, 0x48, 0xff, 0x70, 0x58, 0x48, 0xff,
    0x70, 0x5c, 0x48, 0xff, 0x70, 0x58, 0x48, 0xff, 0x70, 0x58, 0x48, 0xff,
    0x70, 0x5c, 0x48, 0xff, 0x70, 0x58, 0x48, 0xff, 0x70, 0x5c, 0x40, 0xff,
    0x70, 0x58, 0x48, 0xff, 0x70, 0x5c, 0x48, 0xff, 0x70, 0x58, 0x40, 0xff,
    0x70, 0x5c, 0x48, 0xff, 0x70, 0x58, 0x48, 0xff, 0x70, 0x5c, 0x40, 0xff,
    0x70, 0x58, 0x48, 0xff, 0x70, 0x5c, 0x48, 0xff, 0x70, 0x5c, 0x40, 0xff,
    0x70, 0x58, 0x48, 0xff, 0x70, 0x5c, 0x48, 0xff, 0x70, 0x58, 0x48, 0xff,
    0x70, 0x58, 0x40, 0xff, 0x70, 0x58, 0x48, 0xff, 0x70, 0x58, 0x48, 0xff,
    0x70, 0x58, 0x40, 0xff, 0x60, 0x44, 0x30, 0xff, 0x50, 0x38, 0x28, 0xff,
    0x48, 0x34, 0x20, 0xff, 0x40, 0x2c, 0x18, 0xff, 0x38, 0x28, 0x18, 0xff,
    0x38, 0x28, 0x18, 0xff, 0x38, 0x28, 0x18, 0xff, 0x28, 0x1c, 0x10, 0xff,
    0x18, 0x14, 0x10, 0x61, 0xf8, 0xfc, 0xf8, 0x00, 0xf8, 0xfc, 0xf8, 0x00,
    0xf8, 0xfc, 0xf8, 0x00, 0xa0, 0x8c, 0x80, 0x7d, 0x98, 0x88, 0x78, 0xff,
    0x98, 0x84, 0x78, 0xff, 0x90, 0x84, 0x70, 0xff, 0x90, 0x7c, 0x70, 0xff,
    0x88, 0x78, 0x68, 0xff, 0x88, 0x74, 0x68, 0xff, 0x80, 0x68, 0x58, 0xff,
    0x70, 0x58, 0x40, 0xff, 0x70, 0x58, 0x48, 0xff, 0x70, 0x58, 0x40, 0xff,
    0x70, 0x5c, 0x48, 0xff, 0x70, 0x58, 0x48, 0xff, 0x70, 0x58, 0x40, 0xff,
    0x70, 0x58, 0x48, 0xff, 0x70, 0x5c, 0x48, 0xff, 0x70, 0x58, 0x48, 0xff,
    0x70, 0x58, 0x40, 0xff, 0x70, 0x58, 0x48, 0xff, 0x70, 0x58, 0x48, 0xff,
    0x70, 0x58, 0x40, 0xff, 0x70, 0x58, 0x48, 0xff, 0x70, 0x58, 0x48, 0xff,
    0x70, 0x58, 0x40, 0xff, 0x70, 0x58, 0x48, 0xff, 0x70, 0x58, 0x40, 0xff,
    0x70, 0x58, 0x40, 0xff, 0x70, 0x58, 0x48, 0xff, 0x70, 0x58, 0x40, 0xff,
    0x70, 0x5c, 0x48, 0xff, 0x70, 0x58, 0x48, 0xff, 0x70, 0x58, 0x48, 0xff,
    0x70, 0x58, 0x40, 0xff, 0x70, 0x5c, 0x48, 0xff, 0x70, 0x58, 0x48, 0xff,
    0x70, 0x58, 0x40, 0xff, 0x70, 0x58, 0x48, 0xff, 0x70, 0x58, 0x40, 0xff,
    0x70, 0x58, 0x48, 0xff, 0x70, 0x58, 0x40, 0xff, 0x70, 0x58, 0x48, 0xff,
    0x70, 0x58, 0x48, 0xff, 0x70, 0x58, 0x40, 0xff, 0x70, 0x58, 0x48, 0xff,
    0x70, 0x5c, 0x48, 0xff, 0x70, 0x58, 0x40, 0xff, 0x70, 0x58, 0x40, 0xff,
    0x70, 0x5c, 0x48, 0xff, 0x70, 0x58, 0x40, 0xff, 0x70, 0x58, 0x48, 0xff,
    0x70, 0x58, 0x48, 0xff, 0x70, 0x58, 0x40, 0xff, 0x70, 0x58, 0x48, 0xff,
    0x70, 0x58, 0x48, 0xff, 0x70, 0x5c, 0x40, 0xff, 0x70, 0x58, 0x48, 0xff,
    0x70, 0x58, 0x48, 0xff, 0x70, 0x58, 0x40, 0xff, 0x70, 0x58, 0x48, 0xff,
    0x70, 0x58, 0x48, 0xff, 0x70, 0x58, 0x40, 0xff, 0x70, 0x58, 0x48, 0xff,
    0x70, 0x58, 0x48, 0xff, 0x70, 0x5c, 0x48, 0xff, 0x70, 0x58, 0x48, 0xff,
    0x70, 0x5c, 0x48, 0xff, 0x70, 0x58, 0x48, 0xff, 0x70, 0x58, 0x48, 0xff,
    0x60, 0x4c, 0x38, 0xff, 0x58, 0x3c, 0x28, 0xff, 0x50, 0x38, 0x20, 0xff,
    0x48, 0x30, 0x20, 0xff, 0x40, 0x28, 0x18, 0xff, 0x38, 0x28, 0x18, 0xff,
    0x30, 0x24, 0x18, 0xff, 0x20, 0x18, 0x10, 0x7d, 0xf8, 0xfc, 0xf8, 0x00,
    0xf8, 0xfc, 0xf8, 0x00, 0xf8, 0xfc, 0xf8, 0x00, 0xf8, 0xfc, 0xf8, 0x00,
    0xf8, 0xfc, 0xf8, 0x00, 0x90, 0x80, 0x70, 0x7d, 0x98, 0x88, 0x78, 0xff,
    0x98, 0x84, 0x78, 0xff, 0x88, 0x74, 0x68, 0xff, 0x90, 0x78, 0x68, 0xff,
    0x88, 0x74, 0x60, 0xff, 0x78, 0x60, 0x50, 0xff, 0x70, 0x58, 0x48, 0xff,
    0x70, 0x58, 0x48, 0xff, 0x70, 0x5c, 0x48, 0xff, 0x70, 0x58, 0x48, 0xff,
    0x78, 0x58, 0x48, 0xff, 0x70, 0x58, 0x48, 0xff, 0x70, 0x5c, 0x40, 0xff,
    0x78, 0x58, 0x48, 0xff, 0x70, 0x58, 0x48, 0xff, 0x70, 0x5c, 0x48, 0xff,
    0x70, 0x58, 0x40, 0xff, 0x78, 0x58, 0x48, 0xff, 0x70, 0x5c, 0x48, 0xff,
    0x70, 0x58, 0x48, 0xff, 0x78, 0x58, 0x48, 0xff, 0x70, 0x5c, 0x48, 0xff,
    0x70, 0x58, 0x48, 0xff, 0x78, 0x58, 0x48, 0xff, 0x70, 0x58, 0x48, 0xff,
    0x70, 0x58, 0x48, 0xff, 0x78, 0x58, 0x40, 0xff, 0x70, 0x58, 0x48, 0xff,
    0x70, 0x5c, 0x48, 0xff, 0x78, 0x58, 0x40, 0xff, 0x70, 0x58, 0x48, 0xff,
    0x70, 0x58, 0x48, 0xff, 0x78, 0x5c, 0x48, 0xff, 0x70, 0x58, 0x48, 0xff,
    0x70, 0x58, 0x48, 0xff, 0x78, 0x5c, 0x48, 0xff, 0x70, 0x58, 0x48, 0xff,
    0x70, 0x58, 0x40, 0xff, 0x78, 0x5c, 0x48, 0xff, 0x70, 0x58, 0x48, 0xff,
    0x70, 0x58, 0x40, 0xff, 0x78, 0x58, 0x48, 0xff, 0x70, 0x58, 0x48, 0xff,
    0x70, 0x58, 0x48, 0xff, 0x70, 0x58, 0x48, 0xff, 0x78, 0x58, 0x48, 0xff,
    0x70, 0x5c, 0x40, 0xff, 0x70, 0x58, 0x48, 0xff, 0x78, 0x58, 0x48, 0xff,
    0x70, 0x5c, 0x48, 0xff, 0x70, 0x58, 0x48, 0xff, 0x78, 0x58, 0x48, 0xff,
    0x70, 0x58, 0x48, 0xff, 0x70, 0x58, 0x48, 0xff, 0x78, 0x58, 0x48, 0xff,
    0x70, 0x5c, 0x48, 0xff, 0x70, 0x58, 0x48, 0xff, 0x78, 0x58, 0x48, 0xff,
    0x70, 0x5c, 0x48, 0xff, 0x70, 0x58, 0x40, 0xff, 0x78, 0x58, 0x48, 0xff,
    0x70, 0x58, 0x40, 0xff, 0x70, 0x58, 0x48, 0xff, 0x70, 0x58, 0x40, 0xff,
    0x70, 0x5c, 0x48, 0xff, 0x70, 0x58, 0x48, 0xff, 0x70, 0x54, 0x38, 0xff,
    0x58, 0x3c, 0x28, 0xff, 0x50, 0x34, 0x20, 0xff, 0x50, 0x38, 0x28, 0xff,
    0x38, 0x28, 0x18, 0xff, 0x38, 0x24, 0x18, 0xff, 0x40, 0x2c, 0x20, 0x7d,
    0xf8, 0xfc, 0xf8, 0x00, 0xf8, 0xfc, 0xf8, 0x00, 0xf8, 0xfc, 0xf8, 0x00,
    0xf8, 0xfc, 0xf8, 0x00, 0xf8, 0xfc, 0xf8, 0x00, 0xf8, 0xfc, 0xf8, 0x00,
    0xf8, 0xfc, 0xf8, 0x00, 0x98, 0x84, 0x78, 0x61, 0x90, 0x7c, 0x68, 0xdf,
    0x90, 0x7c, 0x70, 0xff, 0x90, 0x80, 0x70, 0xff, 0x80, 0x6c, 0x58, 0xff,
    0x70, 0x5c, 0x48, 0xff, 0x70, 0x58, 0x48, 0xff, 0x70, 0x58, 0x48, 0xff,
    0x70, 0x58, 0x40, 0xff, 0x70, 0x58, 0x40, 0xff, 0x70, 0x5c, 0x48, 0xff,
    0x70, 0x58, 0x48, 0xff, 0x70, 0x58, 0x48, 0xff, 0x70, 0x58, 0x40, 0xff,
    0x70, 0x58, 0x48, 0xff, 0x70, 0x5c, 0x48, 0xff, 0x70, 0x58, 0x48, 0xff,
    0x70, 0x58, 0x40, 0xff, 0x70, 0x5c, 0x48, 0xff, 0x70, 0x58, 0x48, 0xff,
    0x70, 0x58, 0x40, 0xff, 0x70, 0x5c, 0x48, 0xff, 0x70, 0x58, 0x48, 0xff,
    0x70, 0x5c, 0x48, 0xff, 0x70, 0x5c, 0x48, 0xff, 0x70, 0x58, 0x48, 0xff,
    0x70, 0x5c, 0x48, 0xff, 0x70, 0x58, 0x48, 0xff, 0x70, 0x58, 0x40, 0xff,
    0x70, 0x58, 0x48, 0xff, 0x70, 0x58, 0x48, 0xff, 0x70, 0x58, 0x40, 0xff,
    0x70, 0x58, 0x48, 0xff, 0x70, 0x5c, 0x48, 0xff, 0x70, 0x58, 0x40, 0xff,
    0x70, 0x58, 0x48, 0xff, 0x70, 0x5c, 0x48, 0xff, 0x70, 0x58, 0x48, 0xff,
    0x70, 0x58, 0x48, 0xff, 0x70, 0x5c, 0x48, 0xff, 0x70, 0x5c, 0x48, 0xff,
    0x70, 0x58, 0x40, 0xff, 0x70, 0x5c, 0x48, 0xff, 0x70, 0x58, 0x48, 0xff,
    0x70, 0x58, 0x48, 0xff, 0x70, 0x5c, 0x48, 0xff, 0x70, 0x58, 0x48, 0xff,
    0x70, 0x58, 0x40, 0xff, 0x70, 0x5c, 0x48, 0xff, 0x70, 0x58, 0x48, 0xff,
    0x70, 0x58, 0x40, 0xff, 0x70, 0x5c, 0x48, 0xff, 0x70, 0x58, 0x40, 0xff,
    0x70, 0x58, 0x48, 0xff, 0x70, 0x5c, 0x40, 0xff, 0x70, 0x58, 0x48, 0xff,
    0x70, 0x58, 0x40, 0xff, 0x70, 0x5c, 0x48, 0xff, 0x70, 0x58, 0x48, 0xff,
    0x70, 0x58, 0x48, 0xff, 0x70, 0x5c, 0x48, 0xff, 0x70, 0x58, 0x48, 0xff,
    0x70, 0x58, 0x40, 0xff, 0x78, 0x58, 0x48, 0xff, 0x70, 0x58, 0x48, 0xff,
    0x70, 0x58, 0x40, 0xff, 0x70, 0x54, 0x40, 0xff, 0x60, 0x44, 0x30, 0xff,
    0x40, 0x2c, 0x20, 0xff, 0x50, 0x34, 0x20, 0xff, 0x50, 0x34, 0x20, 0xdf,
    0x40, 0x2c, 0x20, 0x41, 0xf8, 0xfc, 0xf8, 0x00, 0xf8, 0xfc, 0xf8, 0x00,
    0xf8, 0xfc, 0xf8, 0x00, 0xf8, 0xfc, 0xf8, 0x00, 0xf8, 0xfc, 0xf8, 0x00,
    0xf8, 0xfc, 0xf8, 0x00, 0xf8, 0xfc, 0xf8, 0x00, 0xf8, 0xfc, 0xf8, 0x00,
    0xf8, 0xfc, 0xf8, 0x00, 0xf8, 0xfc, 0xf8, 0x00, 0x90, 0x7c, 0x68, 0x51,
    0x90, 0x7c, 0x70, 0x8e, 0x78, 0x5c, 0x50, 0xbe, 0x70, 0x58, 0x40, 0xcf,
    0x70, 0x58, 0x48, 0xdf, 0x70, 0x58, 0x40, 0xff, 0x70, 0x58, 0x48, 0xff,
    0x70, 0x58, 0x48, 0xff, 0x70, 0x58, 0x40, 0xff, 0x70, 0x58, 0x40, 0xff,
    0x70, 0x58, 0x48, 0xff, 0x70, 0x58, 0x40, 0xff, 0x70, 0x58, 0x40, 0xff,
    0x70, 0x58, 0x48, 0xff, 0x70, 0x58, 0x40, 0xff, 0x70, 0x58, 0x48, 0xff,
    0x70, 0x58, 0x40, 0xff, 0x70, 0x58, 0x40, 0xff, 0x70, 0x58, 0x48, 0xff,
    0x70, 0x58, 0x40, 0xff, 0x70, 0x58, 0x40, 0xff, 0x70, 0x58, 0x40, 0xff,
    0x70, 0x58, 0x40, 0xff, 0x70, 0x58, 0x40, 0xff, 0x70, 0x58, 0x48, 0xff,
    0x70, 0x58, 0x40, 0xff, 0x70, 0x58, 0x48, 0xff, 0x70, 0x58, 0x48, 0xff,
    0x70, 0x58, 0x40, 0xff, 0x70, 0x58, 0x40, 0xff, 0x70, 0x58, 0x48, 0xff,
    0x70, 0x58, 0x40, 0xff, 0x70, 0x58, 0x40, 0xff, 0x70, 0x58, 0x48, 0xff,
    0x70, 0x58, 0x40, 0xff, 0x70, 0x58, 0x40, 0xff, 0x70, 0x58, 0x40, 0xff,
    0x70, 0x58, 0x48, 0xff, 0x70, 0x58, 0x40, 0xff, 0x70, 0x58, 0x48, 0xff,
    0x70, 0x58, 0x40, 0xff, 0x70, 0x58, 0x40, 0xff, 0x70, 0x58, 0x40, 0xff,
    0x70, 0x58, 0x48, 0xff, 0x70, 0x58, 0x40, 0xff, 0x70, 0x58, 0x48, 0xff,
    0x70, 0x58, 0x40, 0xff, 0x70, 0x58, 0x40, 0xff, 0x70, 0x58, 0x48, 0xff,
    0x70, 0x58, 0x40, 0xff, 0x70, 0x58, 0x48, 0xff, 0x70, 0x58, 0x40, 0xff,
    0x70, 0x58, 0x48, 0xff, 0x70, 0x58, 0x40, 0xff, 0x70, 0x58, 0x48, 0xff,
    0x70, 0x58, 0x40, 0xff, 0x70, 0x58, 0x40, 0xff, 0x70, 0x58, 0x40, 0xff,
    0x70, 0x58, 0x48, 0xff, 0x70, 0x58, 0x40, 0xff, 0x70, 0x58, 0x48, 0xff,
    0x70, 0x58, 0x48, 0xff, 0x70, 0x58, 0x40, 0xff, 0x70, 0x58, 0x48, 0xdf,
    0x70, 0x58, 0x48, 0xdf, 0x68, 0x50, 0x40, 0xae, 0x48, 0x34, 0x20, 0x8e,
    0x48, 0x34, 0x20, 0x41, 0xf8, 0xfc, 0xf8, 0x00, 0xf8, 0xfc, 0xf8, 0x00,
    0xf8, 0xfc, 0xf8, 0x00, 0xf8, 0xfc, 0xf8, 0x00, 0xf8, 0xfc, 0xf8, 0x00,
    0xf8, 0xfc, 0xf8, 0x00
};
