// 4.21.4 0x977e3d05 D2 AY R0 FARGB8888 U565 N0 SExtFlashSection
// Generated by imageconverter. Please, do not edit!

#include <touchgfx/hal/Config.hpp>

LOCATION_PRAGMA("ExtFlashSection")
KEEP extern const unsigned char image_batterystate_pressed[] LOCATION_ATTRIBUTE("ExtFlashSection") = { // 126x44 ARGB8888 pixels.
    0x00, 0x00, 0x00, 0x00, 0x00, 0x00, 0x00, 0x00, 0x00, 0x00, 0x00, 0x00,
    0x00, 0x00, 0x00, 0x00, 0x00, 0x00, 0x00, 0x00, 0x00, 0x00, 0x00, 0x00,
    0x00, 0x00, 0x00, 0x00, 0x00, 0x00, 0x00, 0x00, 0x00, 0x00, 0x00, 0x00,
    0x00, 0x00, 0x00, 0x00, 0x00, 0x00, 0x00, 0x00, 0x00, 0x00, 0x00, 0x00,
    0x00, 0x00, 0x00, 0x00, 0x00, 0x00, 0x00, 0x00, 0x00, 0x00, 0x00, 0x00,
    0xf8, 0xa0, 0x20, 0x08, 0xf8, 0x8c, 0x18, 0x30, 0xf8, 0x8c, 0x18, 0x51,
    0xf8, 0x8c, 0x18, 0x6d, 0xf8, 0x90, 0x18, 0x86, 0xf8, 0x8c, 0x18, 0x92,
    0xf8, 0x90, 0x18, 0x9a, 0xf8, 0x90, 0x18, 0x9a, 0xf8, 0x90, 0x18, 0x9a,
    0xf8, 0x90, 0x18, 0x9a, 0xf8, 0x90, 0x18, 0x9a, 0xf8, 0x90, 0x18, 0x9a,
    0xf8, 0x90, 0x18, 0x9a, 0xf8, 0x90, 0x18, 0x9a, 0xf8, 0x90, 0x18, 0x9a,
    0xf8, 0x90, 0x18, 0x9a, 0xf8, 0x90, 0x18, 0x9a, 0xf8, 0x90, 0x18, 0x9a,
    0xf8, 0x90, 0x18, 0x9a, 0xf8, 0x90, 0x18, 0x9a, 0xf8, 0x90, 0x18, 0x9a,
    0xf8, 0x90, 0x18, 0x9a, 0xf8, 0x90, 0x18, 0x9a, 0xf8, 0x90, 0x18, 0x9a,
    0xf8, 0x90, 0x18, 0x9a, 0xf8, 0x90, 0x18, 0x9a, 0xf8, 0x90, 0x18, 0x9a,
    0xf8, 0x90, 0x18, 0x9a, 0xf8, 0x90, 0x18, 0x9a, 0xf8, 0x90, 0x18, 0x9a,
    0xf8, 0x90, 0x18, 0x9a, 0xf8, 0x90, 0x18, 0x9a, 0xf8, 0x90, 0x18, 0x9a,
    0xf8, 0x90, 0x18, 0x9a, 0xf8, 0x90, 0x18, 0x9a, 0xf8, 0x90, 0x18, 0x9a,
    0xf8, 0x90, 0x18, 0x9a, 0xf8, 0x90, 0x18, 0x9a, 0xf8, 0x90, 0x18, 0x9a,
    0xf8, 0x90, 0x18, 0x9a, 0xf8, 0x90, 0x18, 0x9a, 0xf8, 0x90, 0x18, 0x9a,
    0xf8, 0x90, 0x18, 0x9a, 0xf8, 0x90, 0x18, 0x9a, 0xf8, 0x90, 0x18, 0x9a,
    0xf8, 0x90, 0x18, 0x9a, 0xf8, 0x90, 0x18, 0x9a, 0xf8, 0x90, 0x18, 0x9a,
    0xf8, 0x90, 0x18, 0x9a, 0xf8, 0x90, 0x18, 0x9a, 0xf8, 0x90, 0x18, 0x9a,
    0xf8, 0x90, 0x18, 0x9a, 0xf8, 0x90, 0x18, 0x9a, 0xf8, 0x90, 0x18, 0x9a,
    0xf8, 0x90, 0x18, 0x9a, 0xf8, 0x90, 0x18, 0x9a, 0xf8, 0x90, 0x18, 0x9a,
    0xf8, 0x90, 0x18, 0x9a, 0xf8, 0x90, 0x18, 0x9a, 0xf8, 0x90, 0x18, 0x9a,
    0xf8, 0x90, 0x18, 0x9a, 0xf8, 0x90, 0x18, 0x9a, 0xf8, 0x90, 0x18, 0x9a,
    0xf8, 0x90, 0x18, 0x9a, 0xf8, 0x90, 0x18, 0x9a, 0xf8, 0x90, 0x18, 0x9a,
    0xf8, 0x90, 0x18, 0x9a, 0xf8, 0x90, 0x18, 0x9a, 0xf8, 0x90, 0x18, 0x9a,
    0xf8, 0x90, 0x18, 0x9a, 0xf8, 0x90, 0x18, 0x9a, 0xf8, 0x90, 0x18, 0x9a,
    0xf8, 0x90, 0x18, 0x9a, 0xf8, 0x90, 0x18, 0x9a, 0xf8, 0x90, 0x18, 0x9a,
    0xf8, 0x90, 0x18, 0x9a, 0xf8, 0x90, 0x18, 0x9a, 0xf8, 0x90, 0x18, 0x9a,
    0xf8, 0x90, 0x18, 0x9a, 0xf8, 0x90, 0x18, 0x9a, 0xf8, 0x90, 0x18, 0x9a,
    0xf8, 0x90, 0x18, 0x9a, 0xf8, 0x90, 0x18, 0x9a, 0xf8, 0x90, 0x18, 0x9a,
    0xf8, 0x90, 0x18, 0x9a, 0xf8, 0x90, 0x18, 0x9a, 0xf8, 0x90, 0x18, 0x9a,
    0xf8, 0x90, 0x18, 0x9a, 0xf8, 0x90, 0x18, 0x9a, 0xf8, 0x90, 0x18, 0x9a,
    0xf8, 0x8c, 0x18, 0x92, 0xf8, 0x90, 0x18, 0x82, 0xf8, 0x8c, 0x18, 0x6d,
    0xf8, 0x8c, 0x18, 0x51, 0xf8, 0x8c, 0x18, 0x30, 0xf8, 0xa0, 0x20, 0x08,
    0x00, 0x00, 0x00, 0x00, 0x00, 0x00, 0x00, 0x00, 0x00, 0x00, 0x00, 0x00,
    0x00, 0x00, 0x00, 0x00, 0x00, 0x00, 0x00, 0x00, 0x00, 0x00, 0x00, 0x00,
    0x00, 0x00, 0x00, 0x00, 0x00, 0x00, 0x00, 0x00, 0x00, 0x00, 0x00, 0x00,
    0x00, 0x00, 0x00, 0x00, 0x00, 0x00, 0x00, 0x00, 0x00, 0x00, 0x00, 0x00,
    0x00, 0x00, 0x00, 0x00, 0x00, 0x00, 0x00, 0x00, 0x00, 0x00, 0x00, 0x00,
    0x00, 0x00, 0x00, 0x00, 0x00, 0x00, 0x00, 0x00, 0x00, 0x00, 0x00, 0x00,
    0x00, 0x00, 0x00, 0x00, 0x00, 0x00, 0x00, 0x00, 0x00, 0x00, 0x00, 0x00,
    0x00, 0x00, 0x00, 0x00, 0x00, 0x00, 0x00, 0x00, 0x00, 0x00, 0x00, 0x00,
    0x00, 0x00, 0x00, 0x00, 0x00, 0x00, 0x00, 0x00, 0x00, 0x00, 0x00, 0x00,
    0x00, 0x00, 0x00, 0x00, 0xf8, 0x8c, 0x18, 0x2c, 0xf8, 0x8c, 0x18, 0x69,
    0xf8, 0x90, 0x18, 0x92, 0xf8, 0x90, 0x18, 0x9a, 0xf8, 0x90, 0x18, 0x9a,
    0xf8, 0x90, 0x18, 0x9a, 0xf8, 0x90, 0x18, 0x9a, 0xf8, 0x90, 0x18, 0x96,
    0xf8, 0x90, 0x18, 0x9a, 0xf8, 0x8c, 0x18, 0x96, 0xf8, 0x90, 0x18, 0x9a,
    0xf8, 0x8c, 0x18, 0x96, 0xf8, 0x90, 0x18, 0x9a, 0xf8, 0x8c, 0x18, 0x96,
    0xf8, 0x90, 0x18, 0x9a, 0xf8, 0x8c, 0x18, 0x96, 0xf8, 0x90, 0x18, 0x9a,
    0xf8, 0x8c, 0x18, 0x96, 0xf8, 0x90, 0x18, 0x9a, 0xf8, 0x8c, 0x18, 0x96,
    0xf8, 0x90, 0x18, 0x9a, 0xf8, 0x8c, 0x18, 0x96, 0xf8, 0x90, 0x18, 0x9a,
    0xf8, 0x8c, 0x18, 0x96, 0xf8, 0x90, 0x18, 0x9a, 0xf8, 0x8c, 0x18, 0x96,
    0xf8, 0x90, 0x18, 0x9a, 0xf8, 0x8c, 0x18, 0x96, 0xf8, 0x90, 0x18, 0x9a,
    0xf8, 0x8c, 0x18, 0x96, 0xf8, 0x90, 0x18, 0x9a, 0xf8, 0x8c, 0x18, 0x96,
    0xf8, 0x90, 0x18, 0x9a, 0xf8, 0x8c, 0x18, 0x96, 0xf8, 0x90, 0x18, 0x9a,
    0xf8, 0x8c, 0x18, 0x96, 0xf8, 0x90, 0x18, 0x9a, 0xf8, 0x8c, 0x18, 0x96,
    0xf8, 0x90, 0x18, 0x9a, 0xf8, 0x8c, 0x18, 0x96, 0xf8, 0x90, 0x18, 0x9a,
    0xf8, 0x8c, 0x18, 0x96, 0xf8, 0x90, 0x18, 0x9a, 0xf8, 0x8c, 0x18, 0x96,
    0xf8, 0x90, 0x18, 0x9a, 0xf8, 0x8c, 0x18, 0x96, 0xf8, 0x90, 0x18, 0x9a,
    0xf8, 0x8c, 0x18, 0x96, 0xf8, 0x90, 0x18, 0x9a, 0xf8, 0x8c, 0x18, 0x96,
    0xf8, 0x90, 0x18, 0x9a, 0xf8, 0x8c, 0x18, 0x96, 0xf8, 0x90, 0x18, 0x9a,
    0xf8, 0x8c, 0x18, 0x96, 0xf8, 0x90, 0x18, 0x9a, 0xf8, 0x8c, 0x18, 0x96,
    0xf8, 0x90, 0x18, 0x9a, 0xf8, 0x8c, 0x18, 0x96, 0xf8, 0x90, 0x18, 0x9a,
    0xf8, 0x8c, 0x18, 0x96, 0xf8, 0x90, 0x18, 0x9a, 0xf8, 0x8c, 0x18, 0x96,
    0xf8, 0x90, 0x18, 0x9a, 0xf8, 0x8c, 0x18, 0x96, 0xf8, 0x90, 0x18, 0x9a,
    0xf8, 0x8c, 0x18, 0x96, 0xf8, 0x90, 0x18, 0x9a, 0xf8, 0x8c, 0x18, 0x96,
    0xf8, 0x90, 0x18, 0x9a, 0xf8, 0x8c, 0x18, 0x96, 0xf8, 0x90, 0x18, 0x9a,
    0xf8, 0x8c, 0x18, 0x96, 0xf8, 0x90, 0x18, 0x9a, 0xf8, 0x8c, 0x18, 0x96,
    0xf8, 0x90, 0x18, 0x9a, 0xf8, 0x8c, 0x18, 0x96, 0xf8, 0x90, 0x18, 0x9a,
    0xf8, 0x8c, 0x18, 0x96, 0xf8, 0x90, 0x18, 0x9a, 0xf8, 0x8c, 0x18, 0x96,
    0xf8, 0x90, 0x18, 0x9a, 0xf8, 0x8c, 0x18, 0x96, 0xf8, 0x90, 0x18, 0x9a,
    0xf8, 0x8c, 0x18, 0x96, 0xf8, 0x90, 0x18, 0x9a, 0xf8, 0x8c, 0x18, 0x96,
    0xf8, 0x90, 0x18, 0x9a, 0xf8, 0x8c, 0x18, 0x96, 0xf8, 0x90, 0x18, 0x9a,
    0xf8, 0x8c, 0x18, 0x96, 0xf8, 0x90, 0x18, 0x9a, 0xf8, 0x90, 0x18, 0x9a,
    0xf8, 0x90, 0x18, 0x96, 0xf8, 0x90, 0x18, 0x9a, 0xf8, 0x90, 0x18, 0x9a,
    0xf8, 0x90, 0x18, 0x9a, 0xf8, 0x90, 0x18, 0x9a, 0xf8, 0x90, 0x18, 0x92,
    0xf8, 0x8c, 0x18, 0x69, 0xf8, 0x8c, 0x18, 0x2c, 0x00, 0x00, 0x00, 0x00,
    0x00, 0x00, 0x00, 0x00, 0x00, 0x00, 0x00, 0x00, 0x00, 0x00, 0x00, 0x00,
    0x00, 0x00, 0x00, 0x00, 0x00, 0x00, 0x00, 0x00, 0x00, 0x00, 0x00, 0x00,
    0x00, 0x00, 0x00, 0x00, 0x00, 0x00, 0x00, 0x00, 0x00, 0x00, 0x00, 0x00,
    0x00, 0x00, 0x00, 0x00, 0x00, 0x00, 0x00, 0x00, 0x00, 0x00, 0x00, 0x00,
    0x00, 0x00, 0x00, 0x00, 0x00, 0x00, 0x00, 0x00, 0x00, 0x00, 0x00, 0x00,
    0x00, 0x00, 0x00, 0x00, 0x00, 0x00, 0x00, 0x00, 0x00, 0x00, 0x00, 0x00,
    0x00, 0x00, 0x00, 0x00, 0x00, 0x00, 0x00, 0x00, 0x00, 0x00, 0x00, 0x00,
    0x00, 0x00, 0x00, 0x00, 0x00, 0x00, 0x00, 0x00, 0xf8, 0x90, 0x18, 0x30,
    0xf8, 0x90, 0x18, 0x82, 0xf8, 0x90, 0x18, 0x9a, 0xf8, 0x90, 0x18, 0x9a,
    0xf8, 0x90, 0x18, 0x9a, 0xf8, 0x90, 0x18, 0x9a, 0xf8, 0x90, 0x18, 0x9a,
    0xf8, 0x90, 0x18, 0x9a, 0xf8, 0x8c, 0x18, 0x96, 0xf8, 0x90, 0x18, 0x9a,
    0xf8, 0x90, 0x18, 0x9a, 0xf8, 0x90, 0x18, 0x9a, 0xf8, 0x90, 0x18, 0x96,
    0xf8, 0x90, 0x18, 0x9a, 0xf8, 0x8c, 0x18, 0x9a, 0xf8, 0x90, 0x18, 0x9a,
    0xf8, 0x90, 0x18, 0x96, 0xf8, 0x90, 0x18, 0x9a, 0xf8, 0x8c, 0x18, 0x9a,
    0xf8, 0x90, 0x18, 0x9a, 0xf8, 0x90, 0x18, 0x96, 0xf8, 0x90, 0x18, 0x9a,
    0xf8, 0x8c, 0x18, 0x9a, 0xf8, 0x90, 0x18, 0x9a, 0xf8, 0x90, 0x18, 0x96,
    0xf8, 0x90, 0x18, 0x9a, 0xf8, 0x8c, 0x18, 0x9a, 0xf8, 0x90, 0x18, 0x9a,
    0xf8, 0x90, 0x18, 0x96, 0xf8, 0x90, 0x18, 0x9a, 0xf8, 0x8c, 0x18, 0x9a,
    0xf8, 0x90, 0x18, 0x9a, 0xf8, 0x90, 0x18, 0x96, 0xf8, 0x90, 0x18, 0x9a,
    0xf8, 0x8c, 0x18, 0x9a, 0xf8, 0x90, 0x18, 0x9a, 0xf8, 0x90, 0x18, 0x96,
    0xf8, 0x90, 0x18, 0x9a, 0xf8, 0x8c, 0x18, 0x9a, 0xf8, 0x90, 0x18, 0x9a,
    0xf8, 0x90, 0x18, 0x96, 0xf8, 0x90, 0x18, 0x9a, 0xf8, 0x8c, 0x18, 0x9a,
    0xf8, 0x90, 0x18, 0x9a, 0xf8, 0x90, 0x18, 0x96, 0xf8, 0x90, 0x18, 0x9a,
    0xf8, 0x8c, 0x18, 0x9a, 0xf8, 0x90, 0x18, 0x9a, 0xf8, 0x90, 0x18, 0x96,
    0xf8, 0x90, 0x18, 0x9a, 0xf8, 0x8c, 0x18, 0x9a, 0xf8, 0x90, 0x18, 0x9a,
    0xf8, 0x90, 0x18, 0x96, 0xf8, 0x90, 0x18, 0x9a, 0xf8, 0x8c, 0x18, 0x9a,
    0xf8, 0x90, 0x18, 0x9a, 0xf8, 0x90, 0x18, 0x96, 0xf8, 0x90, 0x18, 0x9a,
    0xf8, 0x8c, 0x18, 0x9a, 0xf8, 0x90, 0x18, 0x9a, 0xf8, 0x90, 0x18, 0x96,
    0xf8, 0x90, 0x18, 0x9a, 0xf8, 0x8c, 0x18, 0x9a, 0xf8, 0x90, 0x18, 0x9a,
    0xf8, 0x90, 0x18, 0x96, 0xf8, 0x90, 0x18, 0x9a, 0xf8, 0x8c, 0x18, 0x9a,
    0xf8, 0x90, 0x18, 0x9a, 0xf8, 0x90, 0x18, 0x96, 0xf8, 0x90, 0x18, 0x9a,
    0xf8, 0x8c, 0x18, 0x9a, 0xf8, 0x90, 0x18, 0x9a, 0xf8, 0x90, 0x18, 0x96,
    0xf8, 0x90, 0x18, 0x9a, 0xf8, 0x8c, 0x18, 0x9a, 0xf8, 0x90, 0x18, 0x9a,
    0xf8, 0x90, 0x18, 0x96, 0xf8, 0x90, 0x18, 0x9a, 0xf8, 0x8c, 0x18, 0x9a,
    0xf8, 0x90, 0x18, 0x9a, 0xf8, 0x90, 0x18, 0x96, 0xf8, 0x90, 0x18, 0x9a,
    0xf8, 0x8c, 0x18, 0x9a, 0xf8, 0x90, 0x18, 0x9a, 0xf8, 0x90, 0x18, 0x96,
    0xf8, 0x90, 0x18, 0x9a, 0xf8, 0x8c, 0x18, 0x9a, 0xf8, 0x90, 0x18, 0x9a,
    0xf8, 0x90, 0x18, 0x96, 0xf8, 0x90, 0x18, 0x9a, 0xf8, 0x8c, 0x18, 0x9a,
    0xf8, 0x90, 0x18, 0x9a, 0xf8, 0x90, 0x18, 0x96, 0xf8, 0x8c, 0x18, 0x9a,
    0xf8, 0x90, 0x18, 0x9a, 0xf8, 0x90, 0x18, 0x9a, 0xf8, 0x90, 0x18, 0x9a,
    0xf8, 0x90, 0x18, 0x9a, 0xf8, 0x90, 0x18, 0x9a, 0xf8, 0x90, 0x18, 0x9a,
    0xf8, 0x90, 0x18, 0x9a, 0xf8, 0x90, 0x18, 0x9a, 0xf8, 0x8c, 0x18, 0x82,
    0xf8, 0x90, 0x10, 0x30, 0x00, 0x00, 0x00, 0x00, 0x00, 0x00, 0x00, 0x00,
    0x00, 0x00, 0x00, 0x00, 0x00, 0x00, 0x00, 0x00, 0x00, 0x00, 0x00, 0x00,
    0x00, 0x00, 0x00, 0x00, 0x00, 0x00, 0x00, 0x00, 0x00, 0x00, 0x00, 0x00,
    0x00, 0x00, 0x00, 0x00, 0x00, 0x00, 0x00, 0x00, 0x00, 0x00, 0x00, 0x00,
    0x00, 0x00, 0x00, 0x00, 0x00, 0x00, 0x00, 0x00, 0x00, 0x00, 0x00, 0x00,
    0x00, 0x00, 0x00, 0x00, 0x00, 0x00, 0x00, 0x00, 0x00, 0x00, 0x00, 0x00,
    0x00, 0x00, 0x00, 0x00, 0x00, 0x00, 0x00, 0x00, 0x00, 0x00, 0x00, 0x00,
    0xf8, 0x90, 0x18, 0x14, 0xf8, 0x90, 0x18, 0x71, 0xf8, 0x90, 0x18, 0x9a,
    0xf8, 0x90, 0x18, 0x9a, 0xf8, 0x90, 0x18, 0x9a, 0xf8, 0x90, 0x18, 0x9a,
    0xf8, 0x8c, 0x18, 0x9a, 0xf8, 0x90, 0x18, 0x96, 0xf8, 0x8c, 0x10, 0x9a,
    0xf8, 0x90, 0x18, 0x9a, 0xf8, 0x90, 0x18, 0x9a, 0xf8, 0x8c, 0x10, 0x9a,
    0xf8, 0x90, 0x18, 0x9a, 0xf8, 0x90, 0x18, 0x9a, 0xf8, 0x8c, 0x10, 0x9a,
    0xf8, 0x90, 0x18, 0x9a, 0xf8, 0x90, 0x18, 0x9a, 0xf8, 0x90, 0x10, 0x9a,
    0xf8, 0x90, 0x18, 0x9a, 0xf8, 0x90, 0x18, 0x9a, 0xf8, 0x90, 0x10, 0x9a,
    0xf8, 0x90, 0x18, 0x9a, 0xf8, 0x90, 0x18, 0x9a, 0xf8, 0x90, 0x10, 0x9a,
    0xf8, 0x90, 0x18, 0x9a, 0xf8, 0x90, 0x18, 0x9a, 0xf8, 0x90, 0x10, 0x9a,
    0xf8, 0x90, 0x18, 0x9a, 0xf8, 0x90, 0x18, 0x9a, 0xf8, 0x90, 0x10, 0x9a,
    0xf8, 0x90, 0x18, 0x9a, 0xf8, 0x90, 0x18, 0x9a, 0xf8, 0x90, 0x10, 0x9a,
    0xf8, 0x90, 0x18, 0x9a, 0xf8, 0x90, 0x18, 0x9a, 0xf8, 0x90, 0x10, 0x9a,
    0xf8, 0x90, 0x18, 0x9a, 0xf8, 0x90, 0x18, 0x9a, 0xf8, 0x90, 0x10, 0x9a,
    0xf8, 0x90, 0x18, 0x9a, 0xf8, 0x90, 0x18, 0x9a, 0xf8, 0x90, 0x10, 0x9a,
    0xf8, 0x90, 0x18, 0x9a, 0xf8, 0x90, 0x18, 0x9a, 0xf8, 0x90, 0x10, 0x9a,
    0xf8, 0x90, 0x18, 0x9a, 0xf8, 0x90, 0x18, 0x9a, 0xf8, 0x90, 0x10, 0x9a,
    0xf8, 0x90, 0x18, 0x9a, 0xf8, 0x90, 0x18, 0x9a, 0xf8, 0x90, 0x10, 0x9a,
    0xf8, 0x90, 0x18, 0x9a, 0xf8, 0x90, 0x18, 0x9a, 0xf8, 0x90, 0x10, 0x9a,
    0xf8, 0x90, 0x18, 0x9a, 0xf8, 0x90, 0x18, 0x9a, 0xf8, 0x90, 0x10, 0x9a,
    0xf8, 0x90, 0x18, 0x9a, 0xf8, 0x90, 0x18, 0x9a, 0xf8, 0x90, 0x10, 0x9a,
    0xf8, 0x90, 0x18, 0x9a, 0xf8, 0x90, 0x18, 0x9a, 0xf8, 0x90, 0x10, 0x9a,
    0xf8, 0x90, 0x18, 0x9a, 0xf8, 0x90, 0x18, 0x9a, 0xf8, 0x90, 0x10, 0x9a,
    0xf8, 0x90, 0x18, 0x9a, 0xf8, 0x90, 0x18, 0x9a, 0xf8, 0x90, 0x10, 0x9a,
    0xf8, 0x90, 0x18, 0x9a, 0xf8, 0x90, 0x18, 0x9a, 0xf8, 0x90, 0x10, 0x9a,
    0xf8, 0x90, 0x18, 0x9a, 0xf8, 0x90, 0x18, 0x9a, 0xf8, 0x90, 0x10, 0x9a,
    0xf8, 0x90, 0x18, 0x9a, 0xf8, 0x90, 0x18, 0x9a, 0xf8, 0x90, 0x10, 0x9a,
    0xf8, 0x90, 0x18, 0x9a, 0xf8, 0x90, 0x18, 0x9a, 0xf8, 0x90, 0x10, 0x9a,
    0xf8, 0x90, 0x18, 0x9a, 0xf8, 0x90, 0x18, 0x9a, 0xf8, 0x90, 0x10, 0x9a,
    0xf8, 0x90, 0x18, 0x9a, 0xf8, 0x90, 0x18, 0x9a, 0xf8, 0x90, 0x10, 0x9a,
    0xf8, 0x90, 0x18, 0x9a, 0xf8, 0x90, 0x18, 0x9a, 0xf8, 0x90, 0x10, 0x9a,
    0xf8, 0x90, 0x18, 0x9a, 0xf8, 0x90, 0x18, 0x9a, 0xf8, 0x90, 0x10, 0x9a,
    0xf8, 0x90, 0x18, 0x9a, 0xf8, 0x90, 0x18, 0x96, 0xf8, 0x8c, 0x10, 0x9a,
    0xf8, 0x90, 0x18, 0x9a, 0xf8, 0x8c, 0x18, 0x96, 0xf8, 0x8c, 0x10, 0x9a,
    0xf8, 0x90, 0x18, 0x96, 0xf8, 0x8c, 0x18, 0x9a, 0xf8, 0x90, 0x18, 0x9a,
    0xf8, 0x90, 0x18, 0x9a, 0xf8, 0x90, 0x18, 0x9a, 0xf8, 0x90, 0x18, 0x9a,
    0xf8, 0x90, 0x18, 0x9a, 0xf8, 0x90, 0x18, 0x71, 0xf8, 0x90, 0x18, 0x14,
    0x00, 0x00, 0x00, 0x00, 0x00, 0x00, 0x00, 0x00, 0x00, 0x00, 0x00, 0x00,
    0x00, 0x00, 0x00, 0x00, 0x00, 0x00, 0x00, 0x00, 0x00, 0x00, 0x00, 0x00,
    0x00, 0x00, 0x00, 0x00, 0x00, 0x00, 0x00, 0x00, 0x00, 0x00, 0x00, 0x00,
    0x00, 0x00, 0x00, 0x00, 0x00, 0x00, 0x00, 0x00, 0x00, 0x00, 0x00, 0x00,
    0x00, 0x00, 0x00, 0x00, 0x00, 0x00, 0x00, 0x00, 0x00, 0x00, 0x00, 0x00,
    0x00, 0x00, 0x00, 0x00, 0x00, 0x00, 0x00, 0x00, 0xf8, 0x8c, 0x18, 0x3c,
    0xf8, 0x90, 0x18, 0x92, 0xf8, 0x90, 0x18, 0x9a, 0xf8, 0x90, 0x18, 0x9a,
    0xf8, 0x8c, 0x18, 0x9a, 0xf8, 0x90, 0x18, 0x96, 0xf8, 0x90, 0x10, 0x9a,
    0xf8, 0x90, 0x18, 0x9a, 0xf8, 0x8c, 0x18, 0x96, 0xf8, 0x90, 0x18, 0x9a,
    0xf8, 0x90, 0x18, 0x9a, 0xf8, 0x90, 0x18, 0x96, 0xf8, 0x90, 0x18, 0x96,
    0xf8, 0x8c, 0x18, 0x9a, 0xf8, 0x90, 0x18, 0x96, 0xf8, 0x90, 0x18, 0x9a,
    0xf8, 0x8c, 0x18, 0x96, 0xf8, 0x90, 0x18, 0x96, 0xf8, 0x90, 0x18, 0x9a,
    0xf8, 0x8c, 0x18, 0x9a, 0xf8, 0x8c, 0x18, 0x96, 0xf8, 0x90, 0x18, 0x96,
    0xf8, 0x8c, 0x18, 0x9a, 0xf8, 0x90, 0x18, 0x9a, 0xf8, 0x8c, 0x18, 0x96,
    0xf8, 0x90, 0x18, 0x96, 0xf8, 0x8c, 0x18, 0x9a, 0xf8, 0x8c, 0x18, 0x9a,
    0xf8, 0x90, 0x18, 0x96, 0xf8, 0x90, 0x18, 0x96, 0xf8, 0x8c, 0x18, 0x9a,
    0xf8, 0x8c, 0x18, 0x9a, 0xf8, 0x90, 0x18, 0x96, 0xf8, 0x90, 0x18, 0x96,
    0xf8, 0x8c, 0x18, 0x9a, 0xf8, 0x8c, 0x18, 0x9a, 0xf8, 0x90, 0x18, 0x96,
    0xf8, 0x90, 0x18, 0x96, 0xf8, 0x8c, 0x18, 0x9a, 0xf8, 0x8c, 0x18, 0x9a,
    0xf8, 0x90, 0x18, 0x96, 0xf8, 0x90, 0x18, 0x96, 0xf8, 0x8c, 0x18, 0x9a,
    0xf8, 0x8c, 0x18, 0x9a, 0xf8, 0x90, 0x18, 0x96, 0xf8, 0x90, 0x18, 0x96,
    0xf8, 0x8c, 0x18, 0x9a, 0xf8, 0x8c, 0x18, 0x9a, 0xf8, 0x90, 0x18, 0x96,
    0xf8, 0x90, 0x18, 0x96, 0xf8, 0x8c, 0x18, 0x9a, 0xf8, 0x8c, 0x18, 0x9a,
    0xf8, 0x90, 0x18, 0x96, 0xf8, 0x90, 0x18, 0x96, 0xf8, 0x8c, 0x18, 0x9a,
    0xf8, 0x8c, 0x18, 0x9a, 0xf8, 0x90, 0x18, 0x96, 0xf8, 0x90, 0x18, 0x96,
    0xf8, 0x8c, 0x18, 0x9a, 0xf8, 0x8c, 0x18, 0x9a, 0xf8, 0x90, 0x18, 0x96,
    0xf8, 0x90, 0x18, 0x96, 0xf8, 0x8c, 0x18, 0x9a, 0xf8, 0x8c, 0x18, 0x9a,
    0xf8, 0x90, 0x18, 0x96, 0xf8, 0x90, 0x18, 0x96, 0xf8, 0x8c, 0x18, 0x9a,
    0xf8, 0x8c, 0x18, 0x9a, 0xf8, 0x90, 0x18, 0x96, 0xf8, 0x90, 0x18, 0x96,
    0xf8, 0x8c, 0x18, 0x9a, 0xf8, 0x8c, 0x18, 0x9a, 0xf8, 0x90, 0x18, 0x96,
    0xf8, 0x90, 0x18, 0x96, 0xf8, 0x8c, 0x18, 0x9a, 0xf8, 0x8c, 0x18, 0x9a,
    0xf8, 0x90, 0x18, 0x96, 0xf8, 0x90, 0x18, 0x96, 0xf8, 0x8c, 0x18, 0x9a,
    0xf8, 0x8c, 0x18, 0x9a, 0xf8, 0x90, 0x18, 0x96, 0xf8, 0x90, 0x18, 0x96,
    0xf8, 0x8c, 0x18, 0x9a, 0xf8, 0x8c, 0x18, 0x9a, 0xf8, 0x90, 0x18, 0x96,
    0xf8, 0x90, 0x18, 0x96, 0xf8, 0x8c, 0x18, 0x9a, 0xf8, 0x8c, 0x18, 0x9a,
    0xf8, 0x90, 0x18, 0x96, 0xf8, 0x90, 0x18, 0x96, 0xf8, 0x8c, 0x18, 0x9a,
    0xf8, 0x8c, 0x18, 0x9a, 0xf8, 0x90, 0x18, 0x96, 0xf8, 0x90, 0x18, 0x9a,
    0xf8, 0x8c, 0x18, 0x9a, 0xf8, 0x90, 0x18, 0x9a, 0xf8, 0x90, 0x18, 0x9a,
    0xf8, 0x90, 0x18, 0x96, 0xf8, 0x90, 0x18, 0x9a, 0xf8, 0x90, 0x18, 0x9a,
    0xf8, 0x90, 0x18, 0x9a, 0xf8, 0x90, 0x18, 0x96, 0xf8, 0x8c, 0x10, 0x9a,
    0xf8, 0x90, 0x18, 0x96, 0xf8, 0x90, 0x18, 0x96, 0xf8, 0x90, 0x18, 0x9a,
    0xf8, 0x90, 0x18, 0x9a, 0xf8, 0x90, 0x18, 0x9a, 0xf8, 0x8c, 0x18, 0x92,
    0xf8, 0x90, 0x18, 0x3c, 0x00, 0x00, 0x00, 0x00, 0x00, 0x00, 0x00, 0x00,
    0x00, 0x00, 0x00, 0x00, 0x00, 0x00, 0x00, 0x00, 0x00, 0x00, 0x00, 0x00,
    0x00, 0x00, 0x00, 0x00, 0x00, 0x00, 0x00, 0x00, 0x00, 0x00, 0x00, 0x00,
    0x00, 0x00, 0x00, 0x00, 0x00, 0x00, 0x00, 0x00, 0x00, 0x00, 0x00, 0x00,
    0x00, 0x00, 0x00, 0x00, 0x00, 0x00, 0x00, 0x00, 0x00, 0x00, 0x00, 0x00,
    0x00, 0x00, 0x00, 0x00, 0xf8, 0x90, 0x18, 0x51, 0xf8, 0x90, 0x18, 0x9a,
    0xf8, 0x90, 0x18, 0x9a, 0xf8, 0x90, 0x18, 0x9a, 0xf8, 0x90, 0x10, 0x9a,
    0xf8, 0x8c, 0x18, 0x96, 0xf8, 0x90, 0x18, 0x9a, 0xf8, 0x90, 0x18, 0x9a,
    0xf8, 0x90, 0x18, 0x96, 0xf8, 0x90, 0x18, 0x9a, 0xf8, 0x90, 0x18, 0x9a,
    0xf8, 0x8c, 0x18, 0x9a, 0xf8, 0x90, 0x18, 0x9a, 0xf8, 0x90, 0x18, 0x9a,
    0xf8, 0x90, 0x18, 0x9a, 0xf8, 0x90, 0x18, 0x9a, 0xf8, 0x90, 0x18, 0x9a,
    0xf8, 0x90, 0x18, 0x9a, 0xf8, 0x90, 0x18, 0x9a, 0xf8, 0x90, 0x18, 0x9a,
    0xf8, 0x90, 0x18, 0x9a, 0xf8, 0x90, 0x18, 0x9a, 0xf8, 0x90, 0x18, 0x9a,
    0xf8, 0x90, 0x18, 0x96, 0xf8, 0x8c, 0x18, 0x9a, 0xf8, 0x90, 0x18, 0x9a,
    0xf8, 0x90, 0x18, 0x9a, 0xf8, 0x90, 0x18, 0x9a, 0xf8, 0x90, 0x18, 0x96,
    0xf8, 0x90, 0x18, 0x9a, 0xf8, 0x90, 0x18, 0x9a, 0xf8, 0x90, 0x18, 0x9a,
    0xf8, 0x90, 0x18, 0x9a, 0xf8, 0x8c, 0x18, 0x9a, 0xf8, 0x90, 0x18, 0x9a,
    0xf8, 0x90, 0x18, 0x96, 0xf8, 0x90, 0x18, 0x9a, 0xf8, 0x90, 0x18, 0x9a,
    0xf8, 0x8c, 0x18, 0x9a, 0xf8, 0x90, 0x18, 0x9a, 0xf8, 0x90, 0x18, 0x96,
    0xf8, 0x90, 0x18, 0x9a, 0xf8, 0x90, 0x18, 0x9a, 0xf8, 0x90, 0x18, 0x9a,
    0xf8, 0x90, 0x18, 0x9a, 0xf8, 0x8c, 0x18, 0x9a, 0xf8, 0x90, 0x18, 0x9a,
    0xf8, 0x90, 0x18, 0x96, 0xf8, 0x90, 0x18, 0x9a, 0xf8, 0x90, 0x18, 0x9a,
    0xf8, 0x8c, 0x18, 0x9a, 0xf8, 0x90, 0x18, 0x9a, 0xf8, 0x90, 0x18, 0x96,
    0xf8, 0x90, 0x18, 0x9a, 0xf8, 0x90, 0x18, 0x9a, 0xf8, 0x90, 0x18, 0x9a,
    0xf8, 0x90, 0x18, 0x9a, 0xf8, 0x8c, 0x18, 0x9a, 0xf8, 0x90, 0x18, 0x9a,
    0xf8, 0x90, 0x18, 0x96, 0xf8, 0x90, 0x18, 0x9a, 0xf8, 0x90, 0x18, 0x9a,
    0xf8, 0x8c, 0x18, 0x9a, 0xf8, 0x90, 0x18, 0x9a, 0xf8, 0x90, 0x18, 0x96,
    0xf8, 0x90, 0x18, 0x9a, 0xf8, 0x90, 0x18, 0x9a, 0xf8, 0x90, 0x18, 0x9a,
    0xf8, 0x90, 0x18, 0x9a, 0xf8, 0x8c, 0x18, 0x9a, 0xf8, 0x90, 0x18, 0x9a,
    0xf8, 0x90, 0x18, 0x96, 0xf8, 0x90, 0x18, 0x9a, 0xf8, 0x90, 0x18, 0x9a,
    0xf8, 0x8c, 0x18, 0x9a, 0xf8, 0x90, 0x18, 0x9a, 0xf8, 0x90, 0x18, 0x96,
    0xf8, 0x90, 0x18, 0x9a, 0xf8, 0x90, 0x18, 0x9a, 0xf8, 0x90, 0x18, 0x9a,
    0xf8, 0x90, 0x18, 0x9a, 0xf8, 0x8c, 0x18, 0x9a, 0xf8, 0x90, 0x18, 0x9a,
    0xf8, 0x90, 0x18, 0x96, 0xf8, 0x90, 0x18, 0x9a, 0xf8, 0x90, 0x18, 0x9a,
    0xf8, 0x8c, 0x18, 0x9a, 0xf8, 0x90, 0x18, 0x9a, 0xf8, 0x90, 0x18, 0x96,
    0xf8, 0x90, 0x18, 0x9a, 0xf8, 0x90, 0x18, 0x9a, 0xf8, 0x90, 0x18, 0x9a,
    0xf8, 0x90, 0x18, 0x96, 0xf8, 0x8c, 0x18, 0x9a, 0xf8, 0x90, 0x18, 0x96,
    0xf8, 0x90, 0x18, 0x9a, 0xf8, 0x8c, 0x18, 0x9a, 0xf8, 0x90, 0x18, 0x96,
    0xf8, 0x90, 0x18, 0x9a, 0xf8, 0x90, 0x18, 0x9a, 0xf8, 0x90, 0x18, 0x9a,
    0xf8, 0x8c, 0x18, 0x9a, 0xf8, 0x90, 0x18, 0x9a, 0xf8, 0x90, 0x18, 0x9a,
    0xf8, 0x8c, 0x18, 0x9a, 0xf8, 0x90, 0x18, 0x9a, 0xf8, 0x8c, 0x10, 0x96,
    0xf8, 0x90, 0x18, 0x9a, 0xf8, 0x90, 0x18, 0x9a, 0xf8, 0x90, 0x18, 0x9a,
    0xf8, 0x90, 0x18, 0x9a, 0xf8, 0x90, 0x18, 0x51, 0x00, 0x00, 0x00, 0x00,
    0x00, 0x00, 0x00, 0x00, 0x00, 0x00, 0x00, 0x00, 0x00, 0x00, 0x00, 0x00,
    0x00, 0x00, 0x00, 0x00, 0x00, 0x00, 0x00, 0x00, 0x00, 0x00, 0x00, 0x00,
    0x00, 0x00, 0x00, 0x00, 0x00, 0x00, 0x00, 0x00, 0x00, 0x00, 0x00, 0x00,
    0x00, 0x00, 0x00, 0x00, 0x00, 0x00, 0x00, 0x00, 0x00, 0x00, 0x00, 0x00,
    0xf8, 0x90, 0x18, 0x59, 0xf8, 0x90, 0x18, 0x9a, 0xf8, 0x90, 0x18, 0x9a,
    0xf8, 0x8c, 0x18, 0x96, 0xf8, 0x90, 0x18, 0x9a, 0xf8, 0x90, 0x18, 0x9a,
    0xf8, 0x90, 0x18, 0x96, 0xf8, 0x8c, 0x18, 0x9a, 0xf8, 0x90, 0x18, 0x9a,
    0xf8, 0x8c, 0x18, 0x9a, 0xf8, 0x90, 0x10, 0x9a, 0xf8, 0x90, 0x18, 0x96,
    0xf8, 0x8c, 0x18, 0x9a, 0xf8, 0x90, 0x10, 0x9a, 0xf8, 0x90, 0x18, 0x96,
    0xf8, 0x8c, 0x18, 0x9a, 0xf8, 0x90, 0x10, 0x9a, 0xf8, 0x8c, 0x18, 0x96,
    0xf8, 0x90, 0x18, 0x9a, 0xf8, 0x8c, 0x10, 0x9a, 0xf8, 0x90, 0x18, 0x96,
    0xf8, 0x90, 0x18, 0x9a, 0xf8, 0x8c, 0x10, 0x9a, 0xf8, 0x90, 0x18, 0x9a,
    0xf8, 0x90, 0x18, 0x9a, 0xf8, 0x90, 0x10, 0x9a, 0xf8, 0x90, 0x18, 0x9a,
    0xf8, 0x90, 0x18, 0x9a, 0xf8, 0x90, 0x10, 0x96, 0xf8, 0x8c, 0x18, 0x9a,
    0xf8, 0x90, 0x18, 0x9a, 0xf8, 0x8c, 0x10, 0x9a, 0xf8, 0x90, 0x18, 0x96,
    0xf8, 0x90, 0x18, 0x9a, 0xf8, 0x90, 0x10, 0x9a, 0xf8, 0x90, 0x18, 0x9a,
    0xf8, 0x90, 0x18, 0x9a, 0xf8, 0x90, 0x10, 0x9a, 0xf8, 0x8c, 0x18, 0x9a,
    0xf8, 0x90, 0x18, 0x9a, 0xf8, 0x90, 0x10, 0x96, 0xf8, 0x90, 0x18, 0x9a,
    0xf8, 0x8c, 0x18, 0x9a, 0xf8, 0x90, 0x10, 0x9a, 0xf8, 0x90, 0x18, 0x96,
    0xf8, 0x90, 0x18, 0x9a, 0xf8, 0x90, 0x10, 0x9a, 0xf8, 0x90, 0x18, 0x9a,
    0xf8, 0x90, 0x18, 0x9a, 0xf8, 0x90, 0x10, 0x9a, 0xf8, 0x8c, 0x18, 0x9a,
    0xf8, 0x90, 0x18, 0x9a, 0xf8, 0x90, 0x10, 0x96, 0xf8, 0x90, 0x18, 0x9a,
    0xf8, 0x8c, 0x18, 0x9a, 0xf8, 0x90, 0x10, 0x9a, 0xf8, 0x90, 0x18, 0x96,
    0xf8, 0x90, 0x18, 0x9a, 0xf8, 0x90, 0x10, 0x9a, 0xf8, 0x90, 0x18, 0x9a,
    0xf8, 0x90, 0x18, 0x9a, 0xf8, 0x90, 0x10, 0x9a, 0xf8, 0x8c, 0x18, 0x9a,
    0xf8, 0x90, 0x18, 0x9a, 0xf8, 0x90, 0x10, 0x96, 0xf8, 0x90, 0x18, 0x9a,
    0xf8, 0x8c, 0x18, 0x9a, 0xf8, 0x90, 0x10, 0x9a, 0xf8, 0x90, 0x18, 0x96,
    0xf8, 0x90, 0x18, 0x9a, 0xf8, 0x90, 0x10, 0x9a, 0xf8, 0x90, 0x18, 0x9a,
    0xf8, 0x90, 0x18, 0x9a, 0xf8, 0x90, 0x10, 0x9a, 0xf8, 0x8c, 0x18, 0x9a,
    0xf8, 0x90, 0x18, 0x9a, 0xf8, 0x90, 0x10, 0x96, 0xf8, 0x90, 0x18, 0x9a,
    0xf8, 0x8c, 0x18, 0x9a, 0xf8, 0x90, 0x10, 0x9a, 0xf8, 0x90, 0x18, 0x96,
    0xf8, 0x90, 0x18, 0x9a, 0xf8, 0x90, 0x10, 0x9a, 0xf8, 0x90, 0x18, 0x9a,
    0xf8, 0x90, 0x18, 0x9a, 0xf8, 0x90, 0x10, 0x9a, 0xf8, 0x8c, 0x18, 0x9a,
    0xf8, 0x90, 0x18, 0x9a, 0xf8, 0x90, 0x10, 0x96, 0xf8, 0x90, 0x18, 0x9a,
    0xf8, 0x8c, 0x18, 0x9a, 0xf8, 0x90, 0x10, 0x9a, 0xf8, 0x90, 0x18, 0x9a,
    0xf8, 0x90, 0x18, 0x9a, 0xf8, 0x90, 0x10, 0x9a, 0xf8, 0x90, 0x18, 0x9a,
    0xf8, 0x90, 0x18, 0x96, 0xf8, 0x90, 0x10, 0x9a, 0xf8, 0x8c, 0x18, 0x9a,
    0xf8, 0x90, 0x18, 0x9a, 0xf8, 0x8c, 0x10, 0x96, 0xf8, 0x90, 0x18, 0x9a,
    0xf8, 0x90, 0x18, 0x96, 0xf8, 0x90, 0x10, 0x9a, 0xf8, 0x90, 0x18, 0x9a,
    0xf8, 0x90, 0x18, 0x9a, 0xf8, 0x90, 0x18, 0x9a, 0xf8, 0x90, 0x18, 0x9a,
    0xf8, 0x8c, 0x18, 0x96, 0xf8, 0x90, 0x18, 0x9a, 0xf8, 0x90, 0x18, 0x96,
    0xf8, 0x90, 0x10, 0x9a, 0xf8, 0x90, 0x18, 0x9a, 0xf8, 0x90, 0x18, 0x59,
    0x00, 0x00, 0x00, 0x00, 0x00, 0x00, 0x00, 0x00, 0x00, 0x00, 0x00, 0x00,
    0x00, 0x00, 0x00, 0x00, 0x00, 0x00, 0x00, 0x00, 0x00, 0x00, 0x00, 0x00,
    0x00, 0x00, 0x00, 0x00, 0x00, 0x00, 0x00, 0x00, 0x00, 0x00, 0x00, 0x00,
    0x00, 0x00, 0x00, 0x00, 0x00, 0x00, 0x00, 0x00, 0xf8, 0x90, 0x18, 0x51,
    0xf8, 0x90, 0x18, 0x9a, 0xf8, 0x90, 0x18, 0x9a, 0xf8, 0x90, 0x10, 0x96,
    0xf8, 0x8c, 0x18, 0x9a, 0xf8, 0x90, 0x18, 0x9a, 0xf8, 0x90, 0x18, 0x9a,
    0xf8, 0x8c, 0x18, 0x9a, 0xf8, 0x90, 0x10, 0x96, 0xf8, 0x90, 0x18, 0x9a,
    0xf8, 0x90, 0x18, 0x9a, 0xf8, 0x8c, 0x18, 0x96, 0xf8, 0x90, 0x18, 0x9a,
    0xf8, 0x90, 0x18, 0x9a, 0xf8, 0x90, 0x18, 0x96, 0xf8, 0x8c, 0x18, 0x9a,
    0xf8, 0x90, 0x18, 0x9a, 0xf8, 0x90, 0x18, 0x96, 0xf8, 0x90, 0x18, 0x9a,
    0xf8, 0x8c, 0x18, 0x9a, 0xf8, 0x90, 0x18, 0x96, 0xf8, 0x90, 0x18, 0x9a,
    0xf8, 0x8c, 0x18, 0x96, 0xf8, 0x90, 0x18, 0x96, 0xf8, 0x90, 0x18, 0x9a,
    0xf8, 0x8c, 0x18, 0x96, 0xf8, 0x90, 0x18, 0x96, 0xf8, 0x8c, 0x18, 0x9a,
    0xf8, 0x90, 0x18, 0x9a, 0xf8, 0x90, 0x18, 0x9a, 0xf8, 0x8c, 0x18, 0x9a,
    0xf8, 0x90, 0x18, 0x9a, 0xf8, 0x90, 0x18, 0x96, 0xf8, 0x8c, 0x18, 0x9a,
    0xf8, 0x90, 0x18, 0x96, 0xf8, 0x90, 0x18, 0x96, 0xf8, 0x8c, 0x18, 0x9a,
    0xf8, 0x8c, 0x18, 0x96, 0xf8, 0x90, 0x18, 0x96, 0xf8, 0x90, 0x18, 0x9a,
    0xf8, 0x90, 0x18, 0x9a, 0xf8, 0x90, 0x18, 0x9a, 0xf8, 0x8c, 0x18, 0x9a,
    0xf8, 0x90, 0x18, 0x9a, 0xf8, 0x8c, 0x18, 0x96, 0xf8, 0x8c, 0x18, 0x9a,
    0xf8, 0x90, 0x18, 0x96, 0xf8, 0x8c, 0x18, 0x96, 0xf8, 0x8c, 0x18, 0x9a,
    0xf8, 0x90, 0x18, 0x96, 0xf8, 0x90, 0x18, 0x96, 0xf8, 0x90, 0x18, 0x9a,
    0xf8, 0x90, 0x18, 0x9a, 0xf8, 0x90, 0x18, 0x9a, 0xf8, 0x8c, 0x18, 0x9a,
    0xf8, 0x90, 0x18, 0x9a, 0xf8, 0x8c, 0x18, 0x96, 0xf8, 0x8c, 0x18, 0x9a,
    0xf8, 0x90, 0x18, 0x96, 0xf8, 0x8c, 0x18, 0x96, 0xf8, 0x8c, 0x18, 0x9a,
    0xf8, 0x90, 0x18, 0x96, 0xf8, 0x90, 0x18, 0x96, 0xf8, 0x90, 0x18, 0x9a,
    0xf8, 0x90, 0x18, 0x9a, 0xf8, 0x90, 0x18, 0x9a, 0xf8, 0x8c, 0x18, 0x9a,
    0xf8, 0x90, 0x18, 0x9a, 0xf8, 0x8c, 0x18, 0x96, 0xf8, 0x8c, 0x18, 0x9a,
    0xf8, 0x90, 0x18, 0x96, 0xf8, 0x8c, 0x18, 0x96, 0xf8, 0x8c, 0x18, 0x9a,
    0xf8, 0x90, 0x18, 0x96, 0xf8, 0x90, 0x18, 0x96, 0xf8, 0x90, 0x18, 0x9a,
    0xf8, 0x90, 0x18, 0x9a, 0xf8, 0x90, 0x18, 0x9a, 0xf8, 0x8c, 0x18, 0x9a,
    0xf8, 0x90, 0x18, 0x9a, 0xf8, 0x8c, 0x18, 0x96, 0xf8, 0x8c, 0x18, 0x9a,
    0xf8, 0x90, 0x18, 0x96, 0xf8, 0x8c, 0x18, 0x96, 0xf8, 0x8c, 0x18, 0x9a,
    0xf8, 0x90, 0x18, 0x96, 0xf8, 0x90, 0x18, 0x96, 0xf8, 0x90, 0x18, 0x9a,
    0xf8, 0x90, 0x18, 0x9a, 0xf8, 0x90, 0x18, 0x9a, 0xf8, 0x8c, 0x18, 0x9a,
    0xf8, 0x90, 0x18, 0x96, 0xf8, 0x8c, 0x18, 0x9a, 0xf8, 0x8c, 0x18, 0x96,
    0xf8, 0x90, 0x18, 0x9a, 0xf8, 0x8c, 0x18, 0x9a, 0xf8, 0x90, 0x18, 0x9a,
    0xf8, 0x90, 0x18, 0x9a, 0xf8, 0x8c, 0x18, 0x96, 0xf8, 0x90, 0x18, 0x9a,
    0xf8, 0x90, 0x18, 0x9a, 0xf8, 0x90, 0x18, 0x9a, 0xf8, 0x8c, 0x18, 0x96,
    0xf8, 0x90, 0x18, 0x9a, 0xf8, 0x8c, 0x18, 0x96, 0xf8, 0x90, 0x18, 0x96,
    0xf8, 0x90, 0x18, 0x9a, 0xf8, 0x8c, 0x18, 0x9a, 0xf8, 0x90, 0x18, 0x96,
    0xf8, 0x90, 0x18, 0x9a, 0xf8, 0x8c, 0x18, 0x9a, 0xf8, 0x90, 0x18, 0x9a,
    0xf8, 0x8c, 0x18, 0x96, 0xf8, 0x90, 0x18, 0x9a, 0xf8, 0x90, 0x18, 0x9a,
    0xf8, 0x90, 0x18, 0x51, 0x00, 0x00, 0x00, 0x00, 0x00, 0x00, 0x00, 0x00,
    0x00, 0x00, 0x00, 0x00, 0x00, 0x00, 0x00, 0x00, 0x00, 0x00, 0x00, 0x00,
    0x00, 0x00, 0x00, 0x00, 0x00, 0x00, 0x00, 0x00, 0x00, 0x00, 0x00, 0x00,
    0x00, 0x00, 0x00, 0x00, 0xf8, 0x8c, 0x18, 0x3c, 0xf8, 0x90, 0x18, 0x9a,
    0xf8, 0x90, 0x18, 0x9a, 0xf8, 0x8c, 0x18, 0x96, 0xf8, 0x90, 0x18, 0x9a,
    0xf8, 0x90, 0x18, 0x9a, 0xf8, 0x90, 0x10, 0x96, 0xf8, 0x90, 0x18, 0x9a,
    0xf8, 0x90, 0x18, 0x9a, 0xf8, 0x90, 0x18, 0x9a, 0xf8, 0x90, 0x18, 0x96,
    0xf8, 0x90, 0x18, 0x9a, 0xf8, 0x90, 0x18, 0x9a, 0xf8, 0x8c, 0x18, 0x9a,
    0xf8, 0x90, 0x18, 0x9a, 0xf8, 0x90, 0x18, 0x9a, 0xf8, 0x90, 0x18, 0x9a,
    0xf8, 0x90, 0x10, 0x9a, 0xf8, 0x90, 0x18, 0x9a, 0xf8, 0x90, 0x18, 0x9a,
    0xf8, 0x90, 0x18, 0x9a, 0xf8, 0x90, 0x18, 0x9a, 0xf8, 0x90, 0x10, 0x9a,
    0xf8, 0x90, 0x18, 0x9a, 0xf8, 0x90, 0x18, 0x9a, 0xf8, 0x90, 0x18, 0x9a,
    0xf8, 0x90, 0x10, 0x9a, 0xf8, 0x90, 0x18, 0x9a, 0xf8, 0x8c, 0x18, 0x96,
    0xf8, 0x90, 0x10, 0x9a, 0xf8, 0x90, 0x18, 0x96, 0xf8, 0x90, 0x18, 0x9a,
    0xf8, 0x90, 0x18, 0x9a, 0xf8, 0x90, 0x18, 0x9a, 0xf8, 0x90, 0x10, 0x9a,
    0xf8, 0x8c, 0x18, 0x9a, 0xf8, 0x90, 0x18, 0x9a, 0xf8, 0x90, 0x10, 0x9a,
    0xf8, 0x90, 0x18, 0x9a, 0xf8, 0x90, 0x18, 0x9a, 0xf8, 0x8c, 0x18, 0x96,
    0xf8, 0x90, 0x10, 0x9a, 0xf8, 0x90, 0x18, 0x96, 0xf8, 0x90, 0x18, 0x9a,
    0xf8, 0x90, 0x10, 0x9a, 0xf8, 0x90, 0x18, 0x9a, 0xf8, 0x90, 0x18, 0x9a,
    0xf8, 0x90, 0x18, 0x9a, 0xf8, 0x90, 0x18, 0x9a, 0xf8, 0x90, 0x10, 0x9a,
    0xf8, 0x8c, 0x18, 0x9a, 0xf8, 0x90, 0x18, 0x9a, 0xf8, 0x8c, 0x10, 0x96,
    0xf8, 0x90, 0x18, 0x9a, 0xf8, 0x90, 0x18, 0x96, 0xf8, 0x90, 0x18, 0x9a,
    0xf8, 0x90, 0x10, 0x9a, 0xf8, 0x90, 0x18, 0x9a, 0xf8, 0x90, 0x18, 0x9a,
    0xf8, 0x90, 0x10, 0x9a, 0xf8, 0x90, 0x18, 0x9a, 0xf8, 0x90, 0x18, 0x9a,
    0xf8, 0x8c, 0x18, 0x9a, 0xf8, 0x90, 0x18, 0x9a, 0xf8, 0x8c, 0x10, 0x96,
    0xf8, 0x90, 0x18, 0x9a, 0xf8, 0x90, 0x18, 0x96, 0xf8, 0x90, 0x10, 0x9a,
    0xf8, 0x90, 0x18, 0x9a, 0xf8, 0x90, 0x18, 0x9a, 0xf8, 0x90, 0x18, 0x9a,
    0xf8, 0x90, 0x10, 0x9a, 0xf8, 0x90, 0x18, 0x9a, 0xf8, 0x90, 0x18, 0x9a,
    0xf8, 0x8c, 0x10, 0x9a, 0xf8, 0x90, 0x18, 0x9a, 0xf8, 0x8c, 0x18, 0x96,
    0xf8, 0x90, 0x18, 0x9a, 0xf8, 0x90, 0x18, 0x96, 0xf8, 0x90, 0x10, 0x9a,
    0xf8, 0x90, 0x18, 0x9a, 0xf8, 0x90, 0x18, 0x9a, 0xf8, 0x90, 0x10, 0x9a,
    0xf8, 0x90, 0x18, 0x9a, 0xf8, 0x90, 0x18, 0x9a, 0xf8, 0x90, 0x18, 0x9a,
    0xf8, 0x8c, 0x10, 0x9a, 0xf8, 0x90, 0x18, 0x9a, 0xf8, 0x8c, 0x18, 0x96,
    0xf8, 0x90, 0x10, 0x9a, 0xf8, 0x90, 0x18, 0x9a, 0xf8, 0x90, 0x18, 0x96,
    0xf8, 0x90, 0x18, 0x9a, 0xf8, 0x90, 0x18, 0x9a, 0xf8, 0x90, 0x10, 0x9a,
    0xf8, 0x90, 0x18, 0x96, 0xf8, 0x90, 0x18, 0x96, 0xf8, 0x8c, 0x10, 0x9a,
    0xf8, 0x90, 0x18, 0x9a, 0xf8, 0x90, 0x18, 0x9a, 0xf8, 0x90, 0x18, 0x96,
    0xf8, 0x90, 0x10, 0x9a, 0xf8, 0x90, 0x18, 0x9a, 0xf8, 0x90, 0x18, 0x9a,
    0xf8, 0x90, 0x18, 0x9a, 0xf8, 0x8c, 0x18, 0x9a, 0xf8, 0x90, 0x10, 0x9a,
    0xf8, 0x90, 0x18, 0x9a, 0xf8, 0x8c, 0x18, 0x96, 0xf8, 0x90, 0x10, 0x9a,
    0xf8, 0x90, 0x18, 0x9a, 0xf8, 0x90, 0x18, 0x9a, 0xf8, 0x90, 0x10, 0x9a,
    0xf8, 0x8c, 0x18, 0x9a, 0xf8, 0x90, 0x18, 0x96, 0xf8, 0x90, 0x18, 0x9a,
    0xf8, 0x8c, 0x18, 0x9a, 0xf8, 0x8c, 0x10, 0x3c, 0x00, 0x00, 0x00, 0x00,
    0x00, 0x00, 0x00, 0x00, 0x00, 0x00, 0x00, 0x00, 0x00, 0x00, 0x00, 0x00,
    0x00, 0x00, 0x00, 0x00, 0x00, 0x00, 0x00, 0x00, 0x00, 0x00, 0x00, 0x00,
    0xf8, 0x90, 0x18, 0x14, 0xf8, 0x90, 0x18, 0x92, 0xf8, 0x90, 0x18, 0x9a,
    0xf8, 0x90, 0x10, 0x9a, 0xf8, 0x8c, 0x18, 0x9a, 0xf8, 0x90, 0x18, 0x9a,
    0xf8, 0x90, 0x18, 0x9a, 0xf8, 0x8c, 0x18, 0x96, 0xf8, 0x90, 0x18, 0x9a,
    0xf8, 0x8c, 0x18, 0x9a, 0xf8, 0x8c, 0x18, 0x9a, 0xf8, 0x90, 0x18, 0x9a,
    0xf8, 0x90, 0x10, 0x96, 0xf8, 0x8c, 0x18, 0x9a, 0xf8, 0x90, 0x18, 0x96,
    0xf8, 0x90, 0x10, 0x9a, 0xf8, 0x8c, 0x18, 0x96, 0xf8, 0x90, 0x18, 0x96,
    0xf8, 0x8c, 0x18, 0x9a, 0xf8, 0x8c, 0x18, 0x96, 0xf8, 0x90, 0x18, 0x9a,
    0xf8, 0x90, 0x10, 0x96, 0xf8, 0x8c, 0x18, 0x9a, 0xf8, 0x8c, 0x18, 0x9a,
    0xf8, 0x90, 0x18, 0x9a, 0xf8, 0x8c, 0x18, 0x9a, 0xf8, 0x90, 0x18, 0x96,
    0xf8, 0x90, 0x18, 0x9a, 0xf8, 0x90, 0x18, 0x9a, 0xf8, 0x90, 0x18, 0x9a,
    0xf8, 0x8c, 0x18, 0x9a, 0xf8, 0x90, 0x18, 0x96, 0xf8, 0x90, 0x10, 0x9a,
    0xf8, 0x8c, 0x18, 0x9a, 0xf8, 0x90, 0x18, 0x96, 0xf8, 0x90, 0x18, 0x9a,
    0xf8, 0x90, 0x18, 0x9a, 0xf8, 0x90, 0x18, 0x9a, 0xf8, 0x90, 0x18, 0x9a,
    0xf8, 0x90, 0x18, 0x9a, 0xf8, 0x8c, 0x18, 0x9a, 0xf8, 0x90, 0x18, 0x9a,
    0xf8, 0x90, 0x18, 0x9a, 0xf8, 0x8c, 0x18, 0x96, 0xf8, 0x90, 0x18, 0x9a,
    0xf8, 0x90, 0x18, 0x9a, 0xf8, 0x90, 0x18, 0x96, 0xf8, 0x90, 0x10, 0x9a,
    0xf8, 0x8c, 0x18, 0x9a, 0xf8, 0x90, 0x18, 0x9a, 0xf8, 0x90, 0x18, 0x9a,
    0xf8, 0x90, 0x18, 0x9a, 0xf8, 0x90, 0x18, 0x9a, 0xf8, 0x8c, 0x18, 0x9a,
    0xf8, 0x90, 0x18, 0x9a, 0xf8, 0x90, 0x18, 0x96, 0xf8, 0x8c, 0x18, 0x9a,
    0xf8, 0x90, 0x18, 0x9a, 0xf8, 0x90, 0x18, 0x96, 0xf8, 0x90, 0x18, 0x9a,
    0xf8, 0x90, 0x18, 0x9a, 0xf8, 0x90, 0x18, 0x9a, 0xf8, 0x90, 0x10, 0x9a,
    0xf8, 0x90, 0x18, 0x9a, 0xf8, 0x90, 0x18, 0x9a, 0xf8, 0x8c, 0x18, 0x9a,
    0xf8, 0x90, 0x18, 0x9a, 0xf8, 0x90, 0x18, 0x96, 0xf8, 0x8c, 0x18, 0x9a,
    0xf8, 0x90, 0x18, 0x9a, 0xf8, 0x90, 0x18, 0x96, 0xf8, 0x90, 0x18, 0x9a,
    0xf8, 0x90, 0x18, 0x9a, 0xf8, 0x90, 0x18, 0x9a, 0xf8, 0x90, 0x18, 0x9a,
    0xf8, 0x90, 0x18, 0x9a, 0xf8, 0x90, 0x18, 0x9a, 0xf8, 0x8c, 0x10, 0x9a,
    0xf8, 0x90, 0x18, 0x9a, 0xf8, 0x90, 0x18, 0x96, 0xf8, 0x8c, 0x18, 0x9a,
    0xf8, 0x90, 0x18, 0x9a, 0xf8, 0x90, 0x18, 0x96, 0xf8, 0x90, 0x18, 0x9a,
    0xf8, 0x90, 0x18, 0x9a, 0xf8, 0x90, 0x18, 0x9a, 0xf8, 0x90, 0x18, 0x9a,
    0xf8, 0x90, 0x18, 0x9a, 0xf8, 0x90, 0x18, 0x9a, 0xf8, 0x8c, 0x18, 0x9a,
    0xf8, 0x90, 0x18, 0x96, 0xf8, 0x90, 0x18, 0x9a, 0xf8, 0x8c, 0x10, 0x9a,
    0xf8, 0x90, 0x18, 0x9a, 0xf8, 0x90, 0x18, 0x9a, 0xf8, 0x90, 0x18, 0x9a,
    0xf8, 0x90, 0x18, 0x9a, 0xf8, 0x90, 0x18, 0x9a, 0xf8, 0x90, 0x18, 0x96,
    0xf8, 0x8c, 0x18, 0x9a, 0xf8, 0x90, 0x18, 0x9a, 0xf8, 0x8c, 0x18, 0x9a,
    0xf8, 0x8c, 0x18, 0x96, 0xf8, 0x90, 0x18, 0x9a, 0xf8, 0x90, 0x10, 0x9a,
    0xf8, 0x90, 0x18, 0x9a, 0xf8, 0x90, 0x18, 0x9a, 0xf8, 0x90, 0x18, 0x9a,
    0xf8, 0x90, 0x18, 0x9a, 0xf8, 0x90, 0x18, 0x9a, 0xf8, 0x90, 0x18, 0x9a,
    0xf8, 0x8c, 0x18, 0x96, 0xf8, 0x90, 0x18, 0x9a, 0xf8, 0x90, 0x18, 0x9a,
    0xf8, 0x90, 0x18, 0x96, 0xf8, 0x90, 0x18, 0x9a, 0xf8, 0x90, 0x18, 0x9a,
    0xf8, 0x90, 0x18, 0x9a, 0xf8, 0x8c, 0x18, 0x8e, 0xf8, 0x94, 0x18, 0x14,
    0x00, 0x00, 0x00, 0x00, 0x00, 0x00, 0x00, 0x00, 0x00, 0x00, 0x00, 0x00,
    0x00, 0x00, 0x00, 0x00, 0x00, 0x00, 0x00, 0x00, 0x00, 0x00, 0x00, 0x00,
    0xf8, 0x90, 0x18, 0x71, 0xf8, 0x90, 0x18, 0x9a, 0xf8, 0x90, 0x18, 0x9a,
    0xf8, 0x8c, 0x18, 0x96, 0xf8, 0x90, 0x18, 0x9a, 0xf8, 0x90, 0x18, 0x9a,
    0xf8, 0x90, 0x18, 0x96, 0xf8, 0x8c, 0x18, 0x9a, 0xf8, 0x90, 0x18, 0x9a,
    0xf8, 0x90, 0x10, 0x96, 0xf8, 0x90, 0x18, 0x9a, 0xf8, 0x90, 0x18, 0x9a,
    0xf8, 0x8c, 0x18, 0x9a, 0xf8, 0x90, 0x18, 0x9a, 0xf8, 0x90, 0x18, 0x9a,
    0xf8, 0x90, 0x18, 0x9a, 0xf8, 0x90, 0x18, 0x9a, 0xf8, 0x90, 0x18, 0x9a,
    0xf8, 0x90, 0x18, 0x9a, 0xf8, 0x90, 0x18, 0x9a, 0xf8, 0x90, 0x18, 0x96,
    0xf8, 0x8c, 0x18, 0x9a, 0xf8, 0x90, 0x18, 0x9a, 0xf8, 0x90, 0x18, 0x96,
    0xf8, 0x90, 0x18, 0x96, 0xf8, 0x90, 0x10, 0x9a, 0xf8, 0x8c, 0x18, 0x9a,
    0xf8, 0x8c, 0x18, 0x96, 0xf8, 0x90, 0x18, 0x9a, 0xf8, 0x90, 0x18, 0x9a,
    0xf8, 0x90, 0x18, 0x9a, 0xf8, 0x8c, 0x18, 0x9a, 0xf8, 0x90, 0x18, 0x9a,
    0xf8, 0x90, 0x18, 0x96, 0xf8, 0x8c, 0x18, 0x9a, 0xf8, 0x90, 0x18, 0x9a,
    0xf8, 0x8c, 0x18, 0x96, 0xf8, 0x8c, 0x18, 0x96, 0xf8, 0x90, 0x18, 0x9a,
    0xf8, 0x90, 0x18, 0x96, 0xf8, 0x8c, 0x10, 0x96, 0xf8, 0x90, 0x18, 0x9a,
    0xf8, 0x90, 0x18, 0x9a, 0xf8, 0x8c, 0x18, 0x9a, 0xf8, 0x90, 0x18, 0x9a,
    0xf8, 0x8c, 0x18, 0x96, 0xf8, 0x90, 0x18, 0x9a, 0xf8, 0x90, 0x18, 0x9a,
    0xf8, 0x8c, 0x18, 0x96, 0xf8, 0x90, 0x18, 0x96, 0xf8, 0x90, 0x18, 0x9a,
    0xf8, 0x90, 0x18, 0x96, 0xf8, 0x90, 0x18, 0x96, 0xf8, 0x90, 0x18, 0x9a,
    0xf8, 0x90, 0x18, 0x9a, 0xf8, 0x8c, 0x10, 0x9a, 0xf8, 0x90, 0x18, 0x9a,
    0xf8, 0x90, 0x18, 0x96, 0xf8, 0x8c, 0x18, 0x9a, 0xf8, 0x8c, 0x18, 0x9a,
    0xf8, 0x90, 0x18, 0x96, 0xf8, 0x8c, 0x18, 0x96, 0xf8, 0x8c, 0x18, 0x9a,
    0xf8, 0x90, 0x18, 0x96, 0xf8, 0x90, 0x18, 0x96, 0xf8, 0x90, 0x18, 0x9a,
    0xf8, 0x90, 0x18, 0x9a, 0xf8, 0x8c, 0x18, 0x9a, 0xf8, 0x90, 0x18, 0x9a,
    0xf8, 0x90, 0x18, 0x96, 0xf8, 0x8c, 0x10, 0x9a, 0xf8, 0x8c, 0x18, 0x9a,
    0xf8, 0x90, 0x18, 0x96, 0xf8, 0x8c, 0x18, 0x96, 0xf8, 0x8c, 0x18, 0x9a,
    0xf8, 0x90, 0x18, 0x96, 0xf8, 0x90, 0x18, 0x96, 0xf8, 0x90, 0x18, 0x9a,
    0xf8, 0x90, 0x18, 0x9a, 0xf8, 0x8c, 0x18, 0x9a, 0xf8, 0x90, 0x18, 0x9a,
    0xf8, 0x90, 0x18, 0x96, 0xf8, 0x8c, 0x18, 0x9a, 0xf8, 0x8c, 0x18, 0x9a,
    0xf8, 0x90, 0x18, 0x96, 0xf8, 0x8c, 0x10, 0x96, 0xf8, 0x8c, 0x18, 0x9a,
    0xf8, 0x90, 0x18, 0x96, 0xf8, 0x90, 0x18, 0x9a, 0xf8, 0x90, 0x18, 0x9a,
    0xf8, 0x90, 0x18, 0x9a, 0xf8, 0x8c, 0x18, 0x96, 0xf8, 0x90, 0x18, 0x9a,
    0xf8, 0x90, 0x18, 0x96, 0xf8, 0x8c, 0x18, 0x96, 0xf8, 0x8c, 0x18, 0x9a,
    0xf8, 0x90, 0x18, 0x9a, 0xf8, 0x8c, 0x18, 0x9a, 0xf8, 0x90, 0x18, 0x9a,
    0xf8, 0x90, 0x18, 0x96, 0xf8, 0x90, 0x10, 0x9a, 0xf8, 0x90, 0x18, 0x9a,
    0xf8, 0x90, 0x18, 0x9a, 0xf8, 0x8c, 0x18, 0x96, 0xf8, 0x90, 0x18, 0x9a,
    0xf8, 0x8c, 0x18, 0x96, 0xf8, 0x90, 0x18, 0x96, 0xf8, 0x8c, 0x18, 0x9a,
    0xf8, 0x8c, 0x18, 0x96, 0xf8, 0x90, 0x18, 0x9a, 0xf8, 0x90, 0x18, 0x9a,
    0xf8, 0x90, 0x18, 0x96, 0xf8, 0x8c, 0x18, 0x9a, 0xf8, 0x90, 0x18, 0x9a,
    0xf8, 0x90, 0x18, 0x9a, 0xf8, 0x8c, 0x10, 0x9a, 0xf8, 0x90, 0x18, 0x96,
    0xf8, 0x90, 0x18, 0x9a, 0xf8, 0x90, 0x18, 0x9a, 0xf8, 0x90, 0x18, 0x71,
    0x00, 0x00, 0x00, 0x00, 0x00, 0x00, 0x00, 0x00, 0x00, 0x00, 0x00, 0x00,
    0x00, 0x00, 0x00, 0x00, 0x00, 0x00, 0x00, 0x00, 0xf8, 0x90, 0x10, 0x30,
    0xf8, 0x90, 0x18, 0x9a, 0xf8, 0x90, 0x18, 0x9a, 0xf8, 0x90, 0x18, 0x96,
    0xf8, 0x90, 0x18, 0x9a, 0xf8, 0x90, 0x18, 0x9a, 0xf8, 0x90, 0x10, 0x96,
    0xf8, 0x8c, 0x18, 0x9a, 0xf8, 0x90, 0x18, 0x9a, 0xf8, 0x90, 0x18, 0x9a,
    0xf8, 0x90, 0x18, 0x96, 0xf8, 0x90, 0x18, 0x9a, 0xf8, 0x90, 0x18, 0x9a,
    0xf8, 0x90, 0x18, 0x96, 0xf8, 0x90, 0x18, 0x9a, 0xf8, 0x8c, 0x18, 0x9a,
    0xf8, 0x90, 0x18, 0x96, 0xf8, 0x90, 0x10, 0x9a, 0xf8, 0x8c, 0x18, 0x9a,
    0xf8, 0x90, 0x18, 0x9a, 0xf8, 0x90, 0x10, 0x9a, 0xf8, 0x90, 0x18, 0x9a,
    0xf8, 0x90, 0x18, 0x9a, 0xf8, 0x90, 0x18, 0x9a, 0xf8, 0x90, 0x18, 0x9a,
    0xf8, 0x90, 0x18, 0x9a, 0xf8, 0x90, 0x18, 0x9a, 0xf8, 0x90, 0x18, 0x9a,
    0xf8, 0x90, 0x18, 0x9a, 0xf8, 0x8c, 0x10, 0x96, 0xf8, 0x90, 0x18, 0x9a,
    0xf8, 0x90, 0x18, 0x96, 0xf8, 0x90, 0x18, 0x9a, 0xf8, 0x90, 0x18, 0x9a,
    0xf8, 0x90, 0x18, 0x9a, 0xf8, 0x90, 0x10, 0x9a, 0xf8, 0x90, 0x18, 0x9a,
    0xf8, 0x90, 0x18, 0x9a, 0xf8, 0x90, 0x10, 0x9a, 0xf8, 0x90, 0x18, 0x9a,
    0xf8, 0x90, 0x18, 0x9a, 0xf8, 0x90, 0x18, 0x9a, 0xf8, 0x90, 0x18, 0x9a,
    0xf8, 0x90, 0x18, 0x96, 0xf8, 0x90, 0x10, 0x9a, 0xf8, 0x90, 0x18, 0x9a,
    0xf8, 0x90, 0x18, 0x9a, 0xf8, 0x8c, 0x18, 0x9a, 0xf8, 0x90, 0x18, 0x9a,
    0xf8, 0x90, 0x18, 0x9a, 0xf8, 0x90, 0x10, 0x9a, 0xf8, 0x8c, 0x18, 0x9a,
    0xf8, 0x8c, 0x18, 0x9a, 0xf8, 0x90, 0x10, 0x9a, 0xf8, 0x90, 0x18, 0x9a,
    0xf8, 0x8c, 0x18, 0x96, 0xf8, 0x90, 0x18, 0x9a, 0xf8, 0x90, 0x18, 0x9a,
    0xf8, 0x90, 0x18, 0x9a, 0xf8, 0x90, 0x10, 0x9a, 0xf8, 0x90, 0x18, 0x9a,
    0xf8, 0x90, 0x18, 0x9a, 0xf8, 0x90, 0x18, 0x9a, 0xf8, 0x90, 0x18, 0x9a,
    0xf8, 0x90, 0x18, 0x9a, 0xf8, 0x8c, 0x10, 0x9a, 0xf8, 0x90, 0x18, 0x9a,
    0xf8, 0x90, 0x18, 0x96, 0xf8, 0x90, 0x10, 0x9a, 0xf8, 0x90, 0x18, 0x9a,
    0xf8, 0x90, 0x18, 0x9a, 0xf8, 0x90, 0x18, 0x9a, 0xf8, 0x90, 0x18, 0x9a,
    0xf8, 0x90, 0x18, 0x9a, 0xf8, 0x90, 0x10, 0x9a, 0xf8, 0x90, 0x18, 0x9a,
    0xf8, 0x90, 0x18, 0x9a, 0xf8, 0x8c, 0x18, 0x9a, 0xf8, 0x90, 0x18, 0x9a,
    0xf8, 0x90, 0x18, 0x96, 0xf8, 0x90, 0x10, 0x9a, 0xf8, 0x90, 0x18, 0x9a,
    0xf8, 0x90, 0x18, 0x9a, 0xf8, 0x90, 0x10, 0x9a, 0xf8, 0x90, 0x18, 0x9a,
    0xf8, 0x90, 0x18, 0x9a, 0xf8, 0x90, 0x18, 0x9a, 0xf8, 0x90, 0x18, 0x9a,
    0xf8, 0x90, 0x18, 0x96, 0xf8, 0x8c, 0x10, 0x9a, 0xf8, 0x90, 0x18, 0x9a,
    0xf8, 0x90, 0x18, 0x9a, 0xf8, 0x90, 0x18, 0x9a, 0xf8, 0x90, 0x18, 0x9a,
    0xf8, 0x90, 0x18, 0x9a, 0xf8, 0x90, 0x10, 0x9a, 0xf8, 0x90, 0x18, 0x96,
    0xf8, 0x90, 0x18, 0x9a, 0xf8, 0x90, 0x10, 0x9a, 0xf8, 0x8c, 0x18, 0x9a,
    0xf8, 0x90, 0x18, 0x9a, 0xf8, 0x90, 0x18, 0x96, 0xf8, 0x90, 0x18, 0x9a,
    0xf8, 0x90, 0x18, 0x9a, 0xf8, 0x90, 0x18, 0x9a, 0xf8, 0x90, 0x18, 0x9a,
    0xf8, 0x90, 0x18, 0x9a, 0xf8, 0x90, 0x10, 0x9a, 0xf8, 0x90, 0x18, 0x9a,
    0xf8, 0x90, 0x18, 0x96, 0xf8, 0x8c, 0x10, 0x9a, 0xf8, 0x90, 0x18, 0x9a,
    0xf8, 0x90, 0x18, 0x9a, 0xf8, 0x90, 0x10, 0x96, 0xf8, 0x8c, 0x18, 0x9a,
    0xf8, 0x90, 0x18, 0x9a, 0xf8, 0x90, 0x18, 0x96, 0xf8, 0x8c, 0x18, 0x9a,
    0xf8, 0x90, 0x18, 0x9a, 0xf8, 0x90, 0x10, 0x9a, 0xf8, 0x90, 0x18, 0x9a,
    0xf8, 0x90, 0x10, 0x30, 0x00, 0x00, 0x00, 0x00, 0x00, 0x00, 0x00, 0x00,
    0x00, 0x00, 0x00, 0x00, 0x00, 0x00, 0x00, 0x00, 0xf8, 0x8c, 0x18, 0x82,
    0xf8, 0x90, 0x18, 0x9a, 0xf8, 0x90, 0x18, 0x9a, 0xf8, 0x8c, 0x10, 0x9a,
    0xf8, 0x90, 0x18, 0x9a, 0xf8, 0x90, 0x18, 0x9a, 0xf8, 0x8c, 0x18, 0x9a,
    0xf8, 0x90, 0x18, 0x9a, 0xf8, 0x90, 0x18, 0x9a, 0xf8, 0x90, 0x10, 0x96,
    0xf8, 0x8c, 0x18, 0x9a, 0xf8, 0x8c, 0x18, 0x9a, 0xf8, 0x90, 0x10, 0x96,
    0xf8, 0x90, 0x18, 0x9a, 0xf8, 0x8c, 0x18, 0x9a, 0xf8, 0x90, 0x10, 0x96,
    0xf8, 0x90, 0x18, 0x9a, 0xf8, 0x8c, 0x18, 0x9a, 0xf8, 0x90, 0x18, 0x96,
    0xf8, 0x90, 0x18, 0x96, 0xf8, 0x8c, 0x18, 0x9a, 0xf8, 0x8c, 0x18, 0x9a,
    0xf8, 0x90, 0x18, 0x96, 0xf8, 0x98, 0x28, 0x9e, 0xf8, 0xe0, 0xc0, 0xd7,
    0xf8, 0xcc, 0x98, 0xc7, 0xf8, 0x8c, 0x18, 0x9a, 0xf8, 0x90, 0x18, 0x96,
    0xf8, 0x90, 0x18, 0x9a, 0xf8, 0x90, 0x18, 0x9a, 0xf8, 0x8c, 0x18, 0x9a,
    0xf8, 0x90, 0x10, 0x9a, 0xf8, 0x90, 0x18, 0x96, 0xf8, 0x8c, 0x18, 0x9a,
    0xf8, 0x8c, 0x18, 0x96, 0xf8, 0x90, 0x18, 0x96, 0xf8, 0x90, 0x18, 0x9a,
    0xf8, 0x8c, 0x18, 0x9a, 0xf8, 0x90, 0x18, 0x96, 0xf8, 0x90, 0x18, 0x9a,
    0xf8, 0xc0, 0x78, 0xba, 0xf8, 0x8c, 0x18, 0x9a, 0xf8, 0x90, 0x18, 0x96,
    0xf8, 0x8c, 0x18, 0x9a, 0xf8, 0x90, 0x18, 0x9a, 0xf8, 0x90, 0x18, 0x96,
    0xf8, 0x90, 0x10, 0x9a, 0xf8, 0x90, 0x18, 0x96, 0xf8, 0x8c, 0x18, 0x9a,
    0xf8, 0x90, 0x18, 0x9a, 0xf8, 0x90, 0x18, 0x96, 0xf8, 0xac, 0x58, 0xaa,
    0xf8, 0xe0, 0xc0, 0xd7, 0xf8, 0xc0, 0x78, 0xba, 0xf8, 0x90, 0x18, 0x9a,
    0xf8, 0x90, 0x18, 0x9a, 0xf8, 0x90, 0x18, 0x96, 0xf8, 0x8c, 0x18, 0x9a,
    0xf8, 0x90, 0x18, 0x96, 0xf8, 0x90, 0x18, 0x9a, 0xf8, 0x8c, 0x18, 0x96,
    0xf8, 0x90, 0x10, 0x9a, 0xf8, 0x90, 0x18, 0x9a, 0xf8, 0x90, 0x18, 0x96,
    0xf8, 0x8c, 0x18, 0x9a, 0xf8, 0x90, 0x18, 0x9a, 0xf8, 0x98, 0x30, 0x9e,
    0xf8, 0xec, 0xd8, 0xe3, 0xf8, 0xdc, 0xb0, 0xd3, 0xf8, 0x8c, 0x18, 0x96,
    0xf8, 0x90, 0x18, 0x9a, 0xf8, 0x90, 0x18, 0x96, 0xf8, 0x8c, 0x18, 0x9a,
    0xf8, 0x90, 0x18, 0x9a, 0xf8, 0x90, 0x18, 0x96, 0xf8, 0xdc, 0xb0, 0xd3,
    0xf8, 0xdc, 0xb0, 0xd3, 0xf8, 0x90, 0x18, 0x9a, 0xf8, 0x8c, 0x18, 0x96,
    0xf8, 0x90, 0x18, 0x9a, 0xf8, 0x8c, 0x18, 0x9a, 0xf8, 0x90, 0x18, 0x96,
    0xf8, 0x8c, 0x18, 0x9a, 0xf8, 0x90, 0x18, 0x96, 0xf8, 0x90, 0x18, 0x9a,
    0xf8, 0x8c, 0x18, 0x9a, 0xf8, 0x90, 0x18, 0x9a, 0xf8, 0x90, 0x18, 0x9a,
    0xf8, 0x90, 0x18, 0x9a, 0xf8, 0x8c, 0x18, 0x96, 0xf8, 0x90, 0x18, 0x9a,
    0xf8, 0x90, 0x10, 0x96, 0xf8, 0x8c, 0x18, 0x9a, 0xf8, 0x8c, 0x18, 0x9a,
    0xf8, 0x90, 0x18, 0x9a, 0xf8, 0x90, 0x18, 0x9a, 0xf8, 0xe0, 0xc0, 0xd7,
    0xf8, 0xec, 0xd8, 0xe3, 0xf8, 0x90, 0x18, 0x9a, 0xf8, 0x90, 0x18, 0x96,
    0xf8, 0x8c, 0x18, 0x9a, 0xf8, 0x90, 0x18, 0x9a, 0xf8, 0x8c, 0x18, 0x96,
    0xf8, 0x90, 0x10, 0x9a, 0xf8, 0x90, 0x18, 0x9a, 0xf8, 0x8c, 0x18, 0x96,
    0xf8, 0x90, 0x18, 0x9a, 0xf8, 0x90, 0x18, 0x9a, 0xf8, 0x90, 0x18, 0x9a,
    0xf8, 0x90, 0x18, 0x9a, 0xf8, 0x90, 0x18, 0x96, 0xf8, 0x8c, 0x18, 0x9a,
    0xf8, 0x90, 0x18, 0x9a, 0xf8, 0x90, 0x18, 0x9a, 0xf8, 0x90, 0x18, 0x96,
    0xf8, 0x90, 0x18, 0x9a, 0xf8, 0x90, 0x18, 0x9a, 0xf8, 0x8c, 0x18, 0x9a,
    0xf8, 0x90, 0x18, 0x9a, 0xf8, 0x90, 0x18, 0x96, 0xf8, 0x8c, 0x18, 0x9a,
    0xf8, 0x8c, 0x18, 0x82, 0x00, 0x00, 0x00, 0x00, 0x00, 0x00, 0x00, 0x00,
    0x00, 0x00, 0x00, 0x00, 0xf8, 0x8c, 0x18, 0x2c, 0xf8, 0x90, 0x18, 0x9a,
    0xf8, 0x90, 0x18, 0x9a, 0xf8, 0x90, 0x18, 0x96, 0xf8, 0x8c, 0x18, 0x9a,
    0xf8, 0x90, 0x18, 0x96, 0xf8, 0x90, 0x18, 0x96, 0xf8, 0x90, 0x18, 0x9a,
    0xf8, 0x90, 0x18, 0x9a, 0xf8, 0x90, 0x18, 0x96, 0xf8, 0x8c, 0x18, 0x9a,
    0xf8, 0x90, 0x18, 0x9a, 0xf8, 0x90, 0x18, 0x9a, 0xf8, 0x90, 0x18, 0x9a,
    0xf8, 0x8c, 0x18, 0x9a, 0xf8, 0x90, 0x18, 0x9a, 0xf8, 0x90, 0x18, 0x9a,
    0xf8, 0x90, 0x18, 0x9a, 0xf8, 0x90, 0x18, 0x9a, 0xf8, 0x90, 0x18, 0x9a,
    0xf8, 0x90, 0x18, 0x9a, 0xf8, 0x90, 0x18, 0x96, 0xf8, 0x90, 0x18, 0x9a,
    0xf8, 0x90, 0x18, 0x9a, 0xf8, 0xa4, 0x40, 0xa6, 0xf8, 0xfc, 0xf8, 0xff,
    0xf8, 0xec, 0xd8, 0xe3, 0xf8, 0x90, 0x18, 0x9a, 0xf8, 0x90, 0x18, 0x9a,
    0xf8, 0x90, 0x10, 0x96, 0xf8, 0x90, 0x18, 0x9a, 0xf8, 0x90, 0x18, 0x9a,
    0xf8, 0x8c, 0x18, 0x9a, 0xf8, 0x90, 0x18, 0x9a, 0xf8, 0x90, 0x18, 0x9a,
    0xf8, 0x90, 0x10, 0x9a, 0xf8, 0x90, 0x18, 0x9a, 0xf8, 0x8c, 0x18, 0x9a,
    0xf8, 0x90, 0x18, 0x96, 0xf8, 0x90, 0x18, 0x9a, 0xf8, 0xcc, 0x98, 0xc7,
    0xf8, 0xfc, 0xf8, 0xff, 0xf8, 0xf8, 0xe8, 0xef, 0xf8, 0xc8, 0x88, 0xbe,
    0xf8, 0x8c, 0x18, 0x9a, 0xf8, 0x90, 0x18, 0x9a, 0xf8, 0x8c, 0x18, 0x9a,
    0xf8, 0x90, 0x18, 0x96, 0xf8, 0x90, 0x18, 0x9a, 0xf8, 0x90, 0x18, 0x9a,
    0xf8, 0x8c, 0x10, 0x96, 0xf8, 0x90, 0x18, 0x9a, 0xf8, 0xb8, 0x68, 0xb2,
    0xf8, 0xfc, 0xf8, 0xff, 0xf8, 0xd4, 0xa8, 0xcb, 0xf8, 0x8c, 0x18, 0x9a,
    0xf8, 0x90, 0x18, 0x9a, 0xf8, 0x90, 0x10, 0x9a, 0xf8, 0x8c, 0x18, 0x9a,
    0xf8, 0x90, 0x18, 0x9a, 0xf8, 0x90, 0x18, 0x96, 0xf8, 0x8c, 0x18, 0x9a,
    0xf8, 0x90, 0x18, 0x9a, 0xf8, 0x90, 0x18, 0x96, 0xf8, 0x8c, 0x18, 0x9a,
    0xf8, 0x90, 0x10, 0x9a, 0xf8, 0x90, 0x18, 0x96, 0xf8, 0xa4, 0x40, 0xa6,
    0xf8, 0xfc, 0xf8, 0xff, 0xf8, 0xec, 0xd8, 0xe3, 0xf8, 0x90, 0x18, 0x9a,
    0xf8, 0x8c, 0x18, 0x9a, 0xf8, 0x90, 0x10, 0x9a, 0xf8, 0x90, 0x18, 0x96,
    0xf8, 0x8c, 0x18, 0x9a, 0xf8, 0x90, 0x18, 0x9a, 0xf8, 0xf4, 0xe8, 0xef,
    0xf8, 0xf8, 0xf0, 0xf3, 0xf8, 0x90, 0x18, 0x9a, 0xf8, 0x90, 0x18, 0x96,
    0xf8, 0xd4, 0xa8, 0xcb, 0xf8, 0xd4, 0xa8, 0xcb, 0xf8, 0x90, 0x18, 0x9a,
    0xf8, 0x90, 0x18, 0x9a, 0xf8, 0x8c, 0x18, 0x96, 0xf8, 0x90, 0x10, 0x9a,
    0xf8, 0x90, 0x18, 0x96, 0xf8, 0x8c, 0x18, 0x96, 0xf8, 0x90, 0x10, 0x9a,
    0xf8, 0x90, 0x18, 0x9a, 0xf8, 0x90, 0x18, 0x9a, 0xf8, 0x90, 0x18, 0x9a,
    0xf8, 0x90, 0x18, 0x96, 0xf8, 0x90, 0x18, 0x9a, 0xf8, 0x90, 0x18, 0x96,
    0xf8, 0x8c, 0x10, 0x9a, 0xf8, 0x90, 0x18, 0x9a, 0xf8, 0xfc, 0xf8, 0xff,
    0xf8, 0xf0, 0xe0, 0xeb, 0xf8, 0x90, 0x18, 0x9a, 0xf8, 0x90, 0x18, 0x9a,
    0xf8, 0x90, 0x10, 0x9a, 0xf8, 0x90, 0x18, 0x9a, 0xf8, 0x8c, 0x18, 0x9a,
    0xf8, 0x90, 0x18, 0x96, 0xf8, 0x90, 0x18, 0x9a, 0xf8, 0x8c, 0x18, 0x9a,
    0xf8, 0x8c, 0x10, 0x96, 0xf8, 0x90, 0x18, 0x9a, 0xf8, 0x8c, 0x18, 0x9a,
    0xf8, 0x90, 0x18, 0x9a, 0xf8, 0x90, 0x18, 0x9a, 0xf8, 0x90, 0x10, 0x96,
    0xf8, 0x8c, 0x18, 0x9a, 0xf8, 0x90, 0x18, 0x9a, 0xf8, 0x8c, 0x18, 0x9a,
    0xf8, 0x90, 0x10, 0x96, 0xf8, 0x90, 0x18, 0x9a, 0xf8, 0x90, 0x18, 0x9a,
    0xf8, 0x90, 0x10, 0x96, 0xf8, 0x90, 0x18, 0x9a, 0xf8, 0x90, 0x18, 0x9a,
    0xf8, 0x90, 0x18, 0x9a, 0xf8, 0x8c, 0x18, 0x2c, 0x00, 0x00, 0x00, 0x00,
    0x00, 0x00, 0x00, 0x00, 0xf8, 0x90, 0x18, 0x69, 0xf8, 0x90, 0x18, 0x9a,
    0xf8, 0x90, 0x18, 0x9a, 0xf8, 0x90, 0x18, 0x96, 0xf8, 0x90, 0x18, 0x9a,
    0xf8, 0x8c, 0x18, 0x9a, 0xf8, 0x90, 0x10, 0x9a, 0xf8, 0x8c, 0x18, 0x9a,
    0xf8, 0x90, 0x18, 0x96, 0xf8, 0x90, 0x18, 0x9a, 0xf8, 0x90, 0x18, 0x9a,
    0xf8, 0x90, 0x18, 0x9a, 0xf8, 0x90, 0x18, 0x96, 0xf8, 0x90, 0x18, 0x9a,
    0xf8, 0x90, 0x18, 0x96, 0xf8, 0x90, 0x18, 0x96, 0xf8, 0x8c, 0x18, 0x9a,
    0xf8, 0x90, 0x18, 0x96, 0xf8, 0x8c, 0x10, 0x9a, 0xf8, 0x90, 0x18, 0x9a,
    0xf8, 0x8c, 0x18, 0x9a, 0xf8, 0x90, 0x10, 0x9a, 0xf8, 0x90, 0x18, 0x9a,
    0xf8, 0x8c, 0x18, 0x9a, 0xf8, 0xa4, 0x40, 0xa6, 0xf8, 0xfc, 0xf8, 0xff,
    0xf8, 0xec, 0xd8, 0xe3, 0xf8, 0x90, 0x18, 0x9a, 0xf8, 0x8c, 0x18, 0x9a,
    0xf8, 0x8c, 0x18, 0x9a, 0xf8, 0x90, 0x18, 0x96, 0xf8, 0x90, 0x18, 0x9a,
    0xf8, 0x90, 0x18, 0x96, 0xf8, 0x90, 0x18, 0x9a, 0xf8, 0x90, 0x18, 0x9a,
    0xf8, 0x90, 0x18, 0x96, 0xf8, 0x8c, 0x18, 0x9a, 0xf8, 0x90, 0x18, 0x9a,
    0xf8, 0x90, 0x10, 0x9a, 0xf8, 0x90, 0x18, 0x9a, 0xf8, 0xa4, 0x40, 0xa6,
    0xf8, 0xd4, 0xa8, 0xcb, 0xf8, 0xfc, 0xf8, 0xf7, 0xf8, 0xfc, 0xf8, 0xff,
    0xf8, 0xf8, 0xe8, 0xf3, 0xf8, 0xa4, 0x40, 0xa6, 0xf8, 0x90, 0x18, 0x9a,
    0xf8, 0xac, 0x58, 0xaa, 0xf8, 0xc8, 0x88, 0xbe, 0xf8, 0x98, 0x30, 0x9e,
    0xf8, 0x90, 0x18, 0x9a, 0xf8, 0x90, 0x18, 0x9a, 0xf8, 0xb8, 0x68, 0xb2,
    0xf8, 0xfc, 0xf8, 0xff, 0xf8, 0xd4, 0xa8, 0xcb, 0xf8, 0x90, 0x18, 0x9a,
    0xf8, 0x90, 0x18, 0x96, 0xf8, 0x90, 0x18, 0x9a, 0xf8, 0x90, 0x18, 0x9a,
    0xf8, 0x90, 0x18, 0x9a, 0xf8, 0x90, 0x10, 0x9a, 0xf8, 0x90, 0x18, 0x9a,
    0xf8, 0x90, 0x18, 0x9a, 0xf8, 0x8c, 0x18, 0x9a, 0xf8, 0x90, 0x18, 0x9a,
    0xf8, 0x90, 0x18, 0x9a, 0xf8, 0x90, 0x18, 0x9a, 0xf8, 0xa4, 0x40, 0xa6,
    0xf8, 0xfc, 0xf8, 0xff, 0xf8, 0xec, 0xd8, 0xe3, 0xf8, 0x90, 0x18, 0x9a,
    0xf8, 0x90, 0x18, 0x9a, 0xf8, 0x90, 0x18, 0x9a, 0xf8, 0x90, 0x18, 0x9a,
    0xf8, 0x90, 0x18, 0x9a, 0xf8, 0x90, 0x18, 0x9a, 0xf8, 0xf8, 0xe8, 0xef,
    0xf8, 0xf4, 0xf0, 0xf3, 0xf8, 0x90, 0x18, 0x9a, 0xf8, 0x90, 0x10, 0x9a,
    0xf8, 0xec, 0xd8, 0xe3, 0xf8, 0xfc, 0xf8, 0xff, 0xf8, 0xb8, 0x68, 0xb2,
    0xf8, 0x90, 0x18, 0x9a, 0xf8, 0x90, 0x18, 0x9a, 0xf8, 0x90, 0x18, 0x9a,
    0xf8, 0x90, 0x18, 0x9a, 0xf8, 0x90, 0x18, 0x9a, 0xf8, 0x8c, 0x18, 0x96,
    0xf8, 0x90, 0x18, 0x9a, 0xf8, 0x8c, 0x18, 0x9a, 0xf8, 0x8c, 0x18, 0x96,
    0xf8, 0x90, 0x18, 0x9a, 0xf8, 0x90, 0x18, 0x9a, 0xf8, 0x90, 0x18, 0x9a,
    0xf8, 0x90, 0x18, 0x96, 0xf8, 0xac, 0x58, 0xaa, 0xf8, 0xfc, 0xf8, 0xff,
    0xf8, 0xec, 0xd8, 0xe3, 0xf8, 0x8c, 0x18, 0x9a, 0xf8, 0x90, 0x18, 0x9a,
    0xf8, 0x90, 0x18, 0x96, 0xf8, 0x8c, 0x18, 0x9a, 0xf8, 0x90, 0x18, 0x9a,
    0xf8, 0x90, 0x18, 0x9a, 0xf8, 0x90, 0x18, 0x9a, 0xf8, 0x90, 0x18, 0x9a,
    0xf8, 0x90, 0x18, 0x96, 0xf8, 0x90, 0x18, 0x9a, 0xf8, 0x90, 0x18, 0x96,
    0xf8, 0x8c, 0x10, 0x9a, 0xf8, 0x90, 0x18, 0x9a, 0xf8, 0x90, 0x18, 0x9a,
    0xf8, 0x90, 0x18, 0x96, 0xf8, 0x90, 0x18, 0x9a, 0xf8, 0x8c, 0x18, 0x9a,
    0xf8, 0x90, 0x18, 0x9a, 0xf8, 0x90, 0x18, 0x96, 0xf8, 0x8c, 0x18, 0x9a,
    0xf8, 0x90, 0x18, 0x9a, 0xf8, 0x8c, 0x18, 0x9a, 0xf8, 0x90, 0x18, 0x9a,
    0xf8, 0x90, 0x18, 0x96, 0xf8, 0x8c, 0x18, 0x69, 0x00, 0x00, 0x00, 0x00,
    0xf8, 0xa0, 0x20, 0x08, 0xf8, 0x90, 0x18, 0x92, 0xf8, 0x8c, 0x18, 0x9a,
    0xf8, 0x90, 0x18, 0x9a, 0xf8, 0x90, 0x18, 0x9a, 0xf8, 0x8c, 0x18, 0x9a,
    0xf8, 0x90, 0x18, 0x9a, 0xf8, 0x90, 0x18, 0x9a, 0xf8, 0x90, 0x18, 0x9a,
    0xf8, 0x8c, 0x10, 0x9a, 0xf8, 0x90, 0x18, 0x9a, 0xf8, 0x8c, 0x18, 0x96,
    0xf8, 0x90, 0x10, 0x9a, 0xf8, 0x8c, 0x18, 0x9a, 0xf8, 0x8c, 0x18, 0x9a,
    0xf8, 0x90, 0x10, 0x9a, 0xf8, 0x90, 0x18, 0x9a, 0xf8, 0x90, 0x18, 0x9a,
    0xf8, 0xb4, 0x68, 0xb2, 0xf8, 0xb8, 0x68, 0xb2, 0xf8, 0xb8, 0x68, 0xb2,
    0xf8, 0xb8, 0x68, 0xb2, 0xf8, 0xb4, 0x68, 0xb2, 0xf8, 0xb8, 0x68, 0xb2,
    0xf8, 0xb8, 0x68, 0xb2, 0xf8, 0xc8, 0x88, 0xbe, 0xf8, 0xfc, 0xf8, 0xff,
    0xf8, 0xf0, 0xe0, 0xeb, 0xf8, 0xb8, 0x68, 0xb2, 0xf8, 0xb8, 0x68, 0xb2,
    0xf8, 0xb8, 0x68, 0xb2, 0xf8, 0xb4, 0x68, 0xb2, 0xf8, 0xb8, 0x68, 0xb2,
    0xf8, 0xb8, 0x68, 0xb2, 0xf8, 0xb4, 0x68, 0xb2, 0xf8, 0xac, 0x58, 0xaa,
    0xf8, 0x90, 0x18, 0x9a, 0xf8, 0x90, 0x18, 0x9a, 0xf8, 0x90, 0x18, 0x96,
    0xf8, 0x8c, 0x18, 0x9a, 0xf8, 0x90, 0x18, 0x96, 0xf8, 0x90, 0x18, 0x9a,
    0xf8, 0x8c, 0x18, 0x9a, 0xf8, 0xa4, 0x40, 0xa6, 0xf8, 0xe0, 0xc0, 0xd7,
    0xf8, 0xfc, 0xf8, 0xff, 0xf8, 0xc8, 0x88, 0xbe, 0xf8, 0x90, 0x18, 0x9a,
    0xf8, 0xd4, 0xa8, 0xcb, 0xf8, 0xfc, 0xf8, 0xff, 0xf8, 0xb8, 0x68, 0xb2,
    0xf8, 0x90, 0x18, 0x9a, 0xf8, 0x8c, 0x18, 0x9a, 0xf8, 0xb8, 0x68, 0xb2,
    0xf8, 0xfc, 0xf8, 0xff, 0xf8, 0xd4, 0xa8, 0xcb, 0xf8, 0x90, 0x18, 0x9a,
    0xf8, 0x8c, 0x18, 0x9a, 0xf8, 0x90, 0x18, 0x96, 0xf8, 0x8c, 0x18, 0x96,
    0xf8, 0x8c, 0x18, 0x9a, 0xf8, 0x90, 0x18, 0x9a, 0xf8, 0x90, 0x18, 0x96,
    0xf8, 0x8c, 0x18, 0x96, 0xf8, 0x98, 0x28, 0x9e, 0xf8, 0xc0, 0x78, 0xba,
    0xf8, 0x90, 0x18, 0x96, 0xf8, 0x8c, 0x18, 0x9a, 0xf8, 0xa4, 0x40, 0xa6,
    0xf8, 0xfc, 0xf8, 0xff, 0xf8, 0xec, 0xd8, 0xe7, 0xf8, 0x8c, 0x18, 0x9a,
    0xf8, 0x90, 0x18, 0x96, 0xf8, 0x8c, 0x18, 0x9a, 0xf8, 0x90, 0x18, 0x96,
    0xf8, 0x8c, 0x18, 0x9a, 0xf8, 0x90, 0x18, 0x9a, 0xf8, 0xf8, 0xe8, 0xf3,
    0xf8, 0xf8, 0xf0, 0xef, 0xf8, 0x8c, 0x18, 0x9a, 0xf8, 0x90, 0x18, 0x9a,
    0xf8, 0xa4, 0x40, 0xa6, 0xf8, 0xf8, 0xf8, 0xf7, 0xf8, 0xf8, 0xe8, 0xf3,
    0xf8, 0x98, 0x30, 0x9e, 0xf8, 0x8c, 0x18, 0x9a, 0xf8, 0x90, 0x18, 0x9a,
    0xf8, 0x90, 0x18, 0x9a, 0xf8, 0xb4, 0x68, 0xb2, 0xf8, 0xc8, 0x88, 0xbe,
    0xf8, 0xc8, 0x88, 0xbe, 0xf8, 0xc8, 0x88, 0xbe, 0xf8, 0xc8, 0x88, 0xbe,
    0xf8, 0xc4, 0x88, 0xbe, 0xf8, 0xc8, 0x88, 0xbe, 0xf8, 0xc4, 0x88, 0xbe,
    0xf8, 0xc8, 0x88, 0xbe, 0xf8, 0xdc, 0xb0, 0xd3, 0xf8, 0xfc, 0xf8, 0xff,
    0xf8, 0xec, 0xd8, 0xe3, 0xf8, 0xc8, 0x88, 0xbe, 0xf8, 0xc8, 0x88, 0xbe,
    0xf8, 0xc4, 0x88, 0xbe, 0xf8, 0xc8, 0x88, 0xbe, 0xf8, 0xc8, 0x88, 0xbe,
    0xf8, 0xc4, 0x88, 0xbe, 0xf8, 0xc8, 0x88, 0xbe, 0xf8, 0xc8, 0x88, 0xbe,
    0xf8, 0xc8, 0x88, 0xbe, 0xf8, 0xb4, 0x68, 0xb2, 0xf8, 0x90, 0x18, 0x9a,
    0xf8, 0x90, 0x18, 0x96, 0xf8, 0x8c, 0x18, 0x9a, 0xf8, 0x90, 0x18, 0x9a,
    0xf8, 0x90, 0x18, 0x9a, 0xf8, 0x90, 0x10, 0x96, 0xf8, 0x90, 0x18, 0x9a,
    0xf8, 0x90, 0x18, 0x9a, 0xf8, 0x8c, 0x18, 0x9a, 0xf8, 0x90, 0x18, 0x9a,
    0xf8, 0x90, 0x18, 0x96, 0xf8, 0x90, 0x18, 0x9a, 0xf8, 0x90, 0x18, 0x9a,
    0xf8, 0x90, 0x18, 0x9a, 0xf8, 0x90, 0x10, 0x92, 0xf8, 0xa0, 0x20, 0x08,
    0xf8, 0x8c, 0x18, 0x30, 0xf8, 0x90, 0x18, 0x9a, 0xf8, 0x90, 0x18, 0x9a,
    0xf8, 0x8c, 0x10, 0x96, 0xf8, 0x90, 0x18, 0x9a, 0xf8, 0x90, 0x18, 0x96,
    0xf8, 0x90, 0x10, 0x96, 0xf8, 0x90, 0x18, 0x9a, 0xf8, 0x90, 0x18, 0x96,
    0xf8, 0x90, 0x18, 0x9a, 0xf8, 0x8c, 0x18, 0x9a, 0xf8, 0x90, 0x18, 0x96,
    0xf8, 0x90, 0x18, 0x9a, 0xf8, 0x90, 0x18, 0x9a, 0xf8, 0x90, 0x18, 0x96,
    0xf8, 0x8c, 0x18, 0x9a, 0xf8, 0x90, 0x18, 0x9a, 0xf8, 0x90, 0x18, 0x96,
    0xf8, 0xfc, 0xf8, 0xff, 0xf8, 0xfc, 0xf8, 0xff, 0xf8, 0xfc, 0xf8, 0xff,
    0xf8, 0xfc, 0xf8, 0xff, 0xf8, 0xfc, 0xf8, 0xff, 0xf8, 0xfc, 0xf8, 0xff,
    0xf8, 0xfc, 0xf8, 0xff, 0xf8, 0xfc, 0xf8, 0xff, 0xf8, 0xfc, 0xf8, 0xff,
    0xf8, 0xfc, 0xf8, 0xff, 0xf8, 0xfc, 0xf8, 0xff, 0xf8, 0xfc, 0xf8, 0xff,
    0xf8, 0xfc, 0xf8, 0xff, 0xf8, 0xfc, 0xf8, 0xff, 0xf8, 0xfc, 0xf8, 0xff,
    0xf8, 0xfc, 0xf8, 0xff, 0xf8, 0xfc, 0xf8, 0xff, 0xf8, 0xec, 0xd8, 0xe3,
    0xf8, 0x8c, 0x18, 0x9a, 0xf8, 0x90, 0x10, 0x9a, 0xf8, 0x90, 0x18, 0x9a,
    0xf8, 0x8c, 0x18, 0x96, 0xf8, 0x90, 0x18, 0x9a, 0xf8, 0x90, 0x18, 0x9a,
    0xf8, 0x8c, 0x18, 0x9a, 0xf8, 0x90, 0x18, 0x9a, 0xf8, 0x90, 0x18, 0x9a,
    0xf8, 0xb4, 0x68, 0xb2, 0xf8, 0x90, 0x18, 0x9a, 0xf8, 0x90, 0x18, 0x9a,
    0xf8, 0xd4, 0xa8, 0xcb, 0xf8, 0xfc, 0xf8, 0xff, 0xf8, 0xb8, 0x68, 0xb2,
    0xf8, 0x90, 0x18, 0x9a, 0xf8, 0x8c, 0x18, 0x9a, 0xf8, 0xb8, 0x68, 0xb2,
    0xf8, 0xfc, 0xf8, 0xff, 0xf8, 0xd4, 0xa8, 0xcb, 0xf8, 0x90, 0x18, 0x9a,
    0xf8, 0x90, 0x18, 0x9a, 0xf8, 0x90, 0x10, 0x9a, 0xf8, 0xb8, 0x68, 0xb2,
    0xf8, 0xb8, 0x68, 0xb2, 0xf8, 0x90, 0x18, 0x9a, 0xf8, 0x90, 0x18, 0x9a,
    0xf8, 0x90, 0x18, 0x9a, 0xf8, 0xdc, 0xb0, 0xd3, 0xf8, 0xfc, 0xf8, 0xff,
    0xf8, 0xcc, 0x98, 0xc7, 0xf8, 0x90, 0x18, 0x9a, 0xf8, 0xa4, 0x48, 0xa6,
    0xf8, 0xfc, 0xf8, 0xff, 0xf8, 0xec, 0xd8, 0xe3, 0xf8, 0x90, 0x18, 0x9a,
    0xf8, 0x90, 0x18, 0x9a, 0xf8, 0x90, 0x10, 0x9a, 0xf8, 0x8c, 0x18, 0x96,
    0xf8, 0x90, 0x18, 0x9a, 0xf8, 0x90, 0x18, 0x9a, 0xf8, 0xf4, 0xe8, 0xf3,
    0xf8, 0xf8, 0xf0, 0xf3, 0xf8, 0x90, 0x18, 0x9a, 0xf8, 0x90, 0x18, 0x9a,
    0xf8, 0x90, 0x18, 0x9a, 0xf8, 0xc0, 0x78, 0xba, 0xf8, 0xfc, 0xf8, 0xff,
    0xf8, 0xe0, 0xc0, 0xd7, 0xf8, 0x90, 0x18, 0x9a, 0xf8, 0x90, 0x18, 0x96,
    0xf8, 0x8c, 0x10, 0x9a, 0xf8, 0xe0, 0xc0, 0xd7, 0xf8, 0xfc, 0xf8, 0xff,
    0xf8, 0xfc, 0xf8, 0xff, 0xf8, 0xfc, 0xf8, 0xff, 0xf8, 0xfc, 0xf8, 0xff,
    0xf8, 0xfc, 0xf8, 0xff, 0xf8, 0xfc, 0xf8, 0xff, 0xf8, 0xfc, 0xf8, 0xff,
    0xf8, 0xfc, 0xf8, 0xff, 0xf8, 0xfc, 0xf8, 0xff, 0xf8, 0xfc, 0xf8, 0xff,
    0xf8, 0xfc, 0xf8, 0xff, 0xf8, 0xfc, 0xf8, 0xff, 0xf8, 0xfc, 0xf8, 0xff,
    0xf8, 0xfc, 0xf8, 0xff, 0xf8, 0xfc, 0xf8, 0xff, 0xf8, 0xfc, 0xf8, 0xff,
    0xf8, 0xfc, 0xf8, 0xff, 0xf8, 0xfc, 0xf8, 0xff, 0xf8, 0xfc, 0xf8, 0xff,
    0xf8, 0xfc, 0xf8, 0xff, 0xf8, 0xec, 0xd8, 0xe3, 0xf8, 0x90, 0x18, 0x9a,
    0xf8, 0x90, 0x18, 0x9a, 0xf8, 0x90, 0x18, 0x96, 0xf8, 0x8c, 0x18, 0x9a,
    0xf8, 0x90, 0x18, 0x9a, 0xf8, 0x8c, 0x18, 0x9a, 0xf8, 0x90, 0x18, 0x96,
    0xf8, 0x90, 0x18, 0x9a, 0xf8, 0x90, 0x10, 0x9a, 0xf8, 0x8c, 0x18, 0x96,
    0xf8, 0x90, 0x18, 0x9a, 0xf8, 0x90, 0x10, 0x9a, 0xf8, 0x8c, 0x18, 0x96,
    0xf8, 0x90, 0x18, 0x9a, 0xf8, 0x90, 0x18, 0x9a, 0xf8, 0x8c, 0x18, 0x30,
    0xf8, 0x8c, 0x18, 0x51, 0xf8, 0x90, 0x18, 0x9a, 0xf8, 0x90, 0x18, 0x9a,
    0xf8, 0x90, 0x18, 0x9a, 0xf8, 0x8c, 0x18, 0x9a, 0xf8, 0x90, 0x18, 0x9a,
    0xf8, 0x8c, 0x18, 0x9a, 0xf8, 0x8c, 0x18, 0x9a, 0xf8, 0x90, 0x18, 0x96,
    0xf8, 0x90, 0x18, 0x9a, 0xf8, 0x90, 0x18, 0x9a, 0xf8, 0x90, 0x18, 0x9a,
    0xf8, 0x90, 0x18, 0x9a, 0xf8, 0x90, 0x18, 0x96, 0xf8, 0x90, 0x10, 0x9a,
    0xf8, 0x90, 0x18, 0x9a, 0xf8, 0x8c, 0x18, 0x9a, 0xf8, 0x90, 0x18, 0x9a,
    0xf8, 0xfc, 0xf8, 0xff, 0xf8, 0xfc, 0xf8, 0xf7, 0xf8, 0xd4, 0xa8, 0xcb,
    0xf8, 0xd4, 0xa8, 0xcb, 0xf8, 0xd4, 0xa8, 0xcb, 0xf8, 0xd4, 0xa8, 0xcb,
    0xf8, 0xd4, 0xa8, 0xcb, 0xf8, 0xdc, 0xb8, 0xd3, 0xf8, 0xfc, 0xf8, 0xff,
    0xf8, 0xf8, 0xf0, 0xf3, 0xf8, 0xd4, 0xa8, 0xcb, 0xf8, 0xd4, 0xa8, 0xcb,
    0xf8, 0xd4, 0xa8, 0xcb, 0xf8, 0xd4, 0xa8, 0xcb, 0xf8, 0xd4, 0xa8, 0xcb,
    0xf8, 0xdc, 0xb0, 0xd3, 0xf8, 0xfc, 0xf8, 0xff, 0xf8, 0xec, 0xd8, 0xe3,
    0xf8, 0x90, 0x18, 0x9a, 0xf8, 0x90, 0x18, 0x9a, 0xf8, 0x90, 0x18, 0x9a,
    0xf8, 0x90, 0x18, 0x9a, 0xf8, 0x90, 0x18, 0x9a, 0xf8, 0x90, 0x18, 0x96,
    0xf8, 0x90, 0x18, 0x9a, 0xf8, 0x90, 0x18, 0x9a, 0xf8, 0x90, 0x18, 0x9a,
    0xf8, 0x8c, 0x18, 0x9a, 0xf8, 0x90, 0x18, 0x9a, 0xf8, 0x90, 0x18, 0x9a,
    0xf8, 0xd4, 0xa8, 0xcb, 0xf8, 0xfc, 0xf8, 0xff, 0xf8, 0xb4, 0x68, 0xb2,
    0xf8, 0x90, 0x18, 0x9a, 0xf8, 0x90, 0x18, 0x96, 0xf8, 0xb8, 0x68, 0xb2,
    0xf8, 0xfc, 0xf8, 0xff, 0xf8, 0xd4, 0xa8, 0xcb, 0xf8, 0x98, 0x30, 0x9e,
    0xf8, 0xd0, 0x98, 0xc3, 0xf8, 0xec, 0xd8, 0xe3, 0xf8, 0xfc, 0xf8, 0xff,
    0xf8, 0xfc, 0xf8, 0xff, 0xf8, 0x8c, 0x18, 0x9a, 0xf8, 0x90, 0x18, 0x9a,
    0xf8, 0x90, 0x18, 0x9a, 0xf8, 0x98, 0x30, 0x9e, 0xf8, 0xf8, 0xf0, 0xf3,
    0xf8, 0xfc, 0xf8, 0xff, 0xf8, 0xb0, 0x58, 0xaa, 0xf8, 0xa4, 0x40, 0xa6,
    0xf8, 0xfc, 0xf8, 0xff, 0xf8, 0xec, 0xd8, 0xe3, 0xf8, 0x90, 0x18, 0x9a,
    0xf8, 0x90, 0x18, 0x9a, 0xf8, 0x90, 0x18, 0x9a, 0xf8, 0x90, 0x18, 0x9a,
    0xf8, 0x90, 0x18, 0x96, 0xf8, 0x90, 0x18, 0x9a, 0xf8, 0xf8, 0xe8, 0xef,
    0xf8, 0xf4, 0xf0, 0xf3, 0xf8, 0x90, 0x18, 0x96, 0xf8, 0x90, 0x18, 0x9a,
    0xf8, 0x8c, 0x18, 0x9a, 0xf8, 0x90, 0x18, 0x9a, 0xf8, 0xec, 0xd8, 0xe3,
    0xf8, 0xdc, 0xb0, 0xd3, 0xf8, 0x90, 0x18, 0x9a, 0xf8, 0x90, 0x18, 0x9a,
    0xf8, 0x90, 0x18, 0x9a, 0xf8, 0xb8, 0x68, 0xb2, 0xf8, 0xc8, 0x88, 0xbe,
    0xf8, 0xc8, 0x88, 0xbe, 0xf8, 0xc8, 0x88, 0xbe, 0xf8, 0xc8, 0x88, 0xbe,
    0xf8, 0xc8, 0x88, 0xbe, 0xf8, 0xc8, 0x88, 0xbe, 0xf8, 0xc8, 0x90, 0xbe,
    0xf8, 0xc8, 0x88, 0xbe, 0xf8, 0xfc, 0xf8, 0xff, 0xf8, 0xfc, 0xf8, 0xff,
    0xf8, 0xf0, 0xe0, 0xeb, 0xf8, 0xfc, 0xf8, 0xff, 0xf8, 0xd4, 0xa8, 0xcb,
    0xf8, 0xc8, 0x88, 0xbe, 0xf8, 0xc8, 0x88, 0xbe, 0xf8, 0xc8, 0x88, 0xbe,
    0xf8, 0xc8, 0x88, 0xbe, 0xf8, 0xc4, 0x88, 0xbe, 0xf8, 0xc8, 0x88, 0xbe,
    0xf8, 0xc8, 0x88, 0xbe, 0xf8, 0xc0, 0x78, 0xba, 0xf8, 0x8c, 0x18, 0x9a,
    0xf8, 0x90, 0x18, 0x9a, 0xf8, 0x90, 0x18, 0x9a, 0xf8, 0x90, 0x10, 0x96,
    0xf8, 0x8c, 0x18, 0x9a, 0xf8, 0x90, 0x18, 0x9a, 0xf8, 0x90, 0x18, 0x9a,
    0xf8, 0x8c, 0x18, 0x96, 0xf8, 0x90, 0x18, 0x9a, 0xf8, 0x90, 0x18, 0x9a,
    0xf8, 0x8c, 0x18, 0x9a, 0xf8, 0x90, 0x18, 0x9a, 0xf8, 0x90, 0x18, 0x9a,
    0xf8, 0x8c, 0x18, 0x9a, 0xf8, 0x90, 0x18, 0x9a, 0xf8, 0x8c, 0x18, 0x51,
    0xf8, 0x8c, 0x18, 0x6d, 0xf8, 0x90, 0x18, 0x9a, 0xf8, 0x90, 0x18, 0x9a,
    0xf8, 0x8c, 0x18, 0x96, 0xf8, 0x90, 0x18, 0x9a, 0xf8, 0x90, 0x18, 0x9a,
    0xf8, 0x90, 0x18, 0x9a, 0xf8, 0x90, 0x18, 0x9a, 0xf8, 0x90, 0x10, 0x9a,
    0xf8, 0x8c, 0x18, 0x96, 0xf8, 0x90, 0x18, 0x9a, 0xf8, 0x8c, 0x10, 0x9a,
    0xf8, 0x8c, 0x18, 0x96, 0xf8, 0x90, 0x18, 0x9a, 0xf8, 0x90, 0x18, 0x9a,
    0xf8, 0x90, 0x18, 0x96, 0xf8, 0x90, 0x18, 0x9a, 0xf8, 0x8c, 0x10, 0x9a,
    0xf8, 0xfc, 0xf8, 0xff, 0xf8, 0xf8, 0xe8, 0xf3, 0xf8, 0x90, 0x18, 0x9a,
    0xf8, 0x8c, 0x18, 0x9a, 0xf8, 0x90, 0x18, 0x9a, 0xf8, 0x90, 0x18, 0x9a,
    0xf8, 0x90, 0x18, 0x9a, 0xf8, 0xa4, 0x40, 0xa6, 0xf8, 0xfc, 0xf8, 0xff,
    0xf8, 0xec, 0xd8, 0xe3, 0xf8, 0x90, 0x18, 0x9a, 0xf8, 0x90, 0x18, 0x9a,
    0xf8, 0x90, 0x18, 0x9a, 0xf8, 0x90, 0x18, 0x9a, 0xf8, 0x90, 0x18, 0x9a,
    0xf8, 0xa4, 0x40, 0xa6, 0xf8, 0xfc, 0xf8, 0xff, 0xf8, 0xec, 0xd8, 0xe3,
    0xf8, 0x90, 0x18, 0x9a, 0xf8, 0x8c, 0x18, 0x9a, 0xf8, 0x90, 0x18, 0x96,
    0xf8, 0x8c, 0x10, 0x9a, 0xf8, 0x90, 0x18, 0x9a, 0xf8, 0x8c, 0x18, 0x96,
    0xf8, 0x90, 0x18, 0x9a, 0xf8, 0x90, 0x18, 0x96, 0xf8, 0x8c, 0x18, 0x96,
    0xf8, 0x90, 0x18, 0x9a, 0xf8, 0x90, 0x18, 0x96, 0xf8, 0x8c, 0x18, 0x9a,
    0xf8, 0xd4, 0xa8, 0xcb, 0xf8, 0xfc, 0xf8, 0xff, 0xf8, 0xb8, 0x68, 0xb2,
    0xf8, 0x90, 0x18, 0x9a, 0xf8, 0x90, 0x18, 0x9a, 0xf8, 0xb4, 0x68, 0xb2,
    0xf8, 0xfc, 0xf8, 0xff, 0xf8, 0xf0, 0xe0, 0xeb, 0xf8, 0xfc, 0xf8, 0xf7,
    0xf8, 0xfc, 0xf8, 0xff, 0xf8, 0xfc, 0xf8, 0xff, 0xf8, 0xfc, 0xf8, 0xff,
    0xf8, 0xfc, 0xf8, 0xff, 0xf8, 0x90, 0x18, 0x96, 0xf8, 0x8c, 0x18, 0x9a,
    0xf8, 0x90, 0x18, 0x96, 0xf8, 0x90, 0x18, 0x9a, 0xf8, 0xb0, 0x58, 0xaa,
    0xf8, 0xfc, 0xf8, 0xff, 0xf8, 0xf8, 0xe8, 0xf3, 0xf8, 0xac, 0x58, 0xaa,
    0xf8, 0xfc, 0xf8, 0xff, 0xf8, 0xec, 0xd8, 0xe7, 0xf8, 0x8c, 0x18, 0x9a,
    0xf8, 0x90, 0x18, 0x96, 0xf8, 0x8c, 0x18, 0x9a, 0xf8, 0x90, 0x18, 0x9a,
    0xf8, 0x8c, 0x18, 0x9a, 0xf8, 0x90, 0x18, 0x9a, 0xf8, 0xf8, 0xe8, 0xf3,
    0xf8, 0xf8, 0xe8, 0xef, 0xf8, 0x8c, 0x18, 0x9a, 0xf8, 0x90, 0x18, 0x96,
    0xf8, 0x90, 0x18, 0x9a, 0xf8, 0x90, 0x18, 0x9a, 0xf8, 0x98, 0x30, 0x9e,
    0xf8, 0x90, 0x18, 0x9a, 0xf8, 0x90, 0x18, 0x9a, 0xf8, 0x8c, 0x18, 0x96,
    0xf8, 0x90, 0x18, 0x9a, 0xf8, 0x90, 0x18, 0x9a, 0xf8, 0x8c, 0x18, 0x9a,
    0xf8, 0x90, 0x18, 0x9a, 0xf8, 0x8c, 0x18, 0x9a, 0xf8, 0x90, 0x18, 0x9a,
    0xf8, 0x8c, 0x18, 0x9a, 0xf8, 0x90, 0x18, 0x9a, 0xf8, 0x8c, 0x18, 0x9a,
    0xf8, 0xc8, 0x88, 0xbe, 0xf8, 0xfc, 0xf8, 0xff, 0xf8, 0xe0, 0xc0, 0xdb,
    0xf8, 0xb8, 0x68, 0xb2, 0xf8, 0xfc, 0xf8, 0xff, 0xf8, 0xe8, 0xd0, 0xdf,
    0xf8, 0x8c, 0x18, 0x9a, 0xf8, 0x90, 0x18, 0x9a, 0xf8, 0x90, 0x18, 0x9a,
    0xf8, 0x8c, 0x18, 0x9a, 0xf8, 0x90, 0x18, 0x9a, 0xf8, 0x90, 0x18, 0x9a,
    0xf8, 0x8c, 0x18, 0x9a, 0xf8, 0x90, 0x18, 0x9a, 0xf8, 0x90, 0x18, 0x9a,
    0xf8, 0x8c, 0x18, 0x9a, 0xf8, 0x90, 0x18, 0x9a, 0xf8, 0x90, 0x18, 0x9a,
    0xf8, 0x90, 0x18, 0x96, 0xf8, 0x90, 0x18, 0x9a, 0xf8, 0x90, 0x10, 0x9a,
    0xf8, 0x8c, 0x18, 0x9a, 0xf8, 0x90, 0x18, 0x9a, 0xf8, 0x90, 0x18, 0x96,
    0xf8, 0x90, 0x18, 0x9a, 0xf8, 0x90, 0x18, 0x96, 0xf8, 0x90, 0x18, 0x9a,
    0xf8, 0x90, 0x18, 0x9a, 0xf8, 0x90, 0x18, 0x96, 0xf8, 0x8c, 0x18, 0x6d,
    0xf8, 0x90, 0x18, 0x82, 0xf8, 0x90, 0x18, 0x9a, 0xf8, 0x90, 0x10, 0x9a,
    0xf8, 0x90, 0x18, 0x96, 0xf8, 0x90, 0x18, 0x9a, 0xf8, 0x90, 0x10, 0x96,
    0xf8, 0x90, 0x18, 0x96, 0xf8, 0x90, 0x18, 0x9a, 0xf8, 0x8c, 0x18, 0x9a,
    0xf8, 0x90, 0x18, 0x9a, 0xf8, 0x90, 0x18, 0x9a, 0xf8, 0x90, 0x18, 0x96,
    0xf8, 0x90, 0x18, 0x9a, 0xf8, 0x8c, 0x18, 0x9a, 0xf8, 0x90, 0x18, 0x9a,
    0xf8, 0x90, 0x18, 0x96, 0xf8, 0x90, 0x18, 0x9a, 0xf8, 0x90, 0x18, 0x9a,
    0xf8, 0xfc, 0xf8, 0xff, 0xf8, 0xf8, 0xf0, 0xef, 0xf8, 0x8c, 0x18, 0x9a,
    0xf8, 0x90, 0x18, 0x9a, 0xf8, 0x90, 0x18, 0x96, 0xf8, 0x8c, 0x18, 0x9a,
    0xf8, 0x90, 0x18, 0x9a, 0xf8, 0xa4, 0x40, 0xa6, 0xf8, 0xfc, 0xf8, 0xff,
    0xf8, 0xec, 0xd8, 0xe3, 0xf8, 0x8c, 0x18, 0x9a, 0xf8, 0x90, 0x18, 0x9a,
    0xf8, 0x8c, 0x18, 0x9a, 0xf8, 0x8c, 0x18, 0x9a, 0xf8, 0x90, 0x18, 0x9a,
    0xf8, 0xa4, 0x48, 0xa6, 0xf8, 0xfc, 0xf8, 0xff, 0xf8, 0xec, 0xd8, 0xe3,
    0xf8, 0x90, 0x18, 0x9a, 0xf8, 0x90, 0x18, 0x9a, 0xf8, 0x8c, 0x18, 0x96,
    0xf8, 0x90, 0x18, 0x9a, 0xf8, 0xc8, 0x88, 0xbe, 0xf8, 0xe0, 0xc0, 0xd7,
    0xf8, 0xa4, 0x40, 0xa6, 0xf8, 0x90, 0x18, 0x9a, 0xf8, 0x90, 0x18, 0x9a,
    0xf8, 0x90, 0x18, 0x9a, 0xf8, 0x90, 0x18, 0x9a, 0xf8, 0x90, 0x18, 0x9a,
    0xf8, 0xd4, 0xa8, 0xcb, 0xf8, 0xfc, 0xf8, 0xff, 0xf8, 0xb8, 0x68, 0xb2,
    0xf8, 0x98, 0x30, 0x9e, 0xf8, 0xd4, 0xa8, 0xcb, 0xf8, 0xf0, 0xe0, 0xeb,
    0xf8, 0xfc, 0xf8, 0xff, 0xf8, 0xfc, 0xf8, 0xff, 0xf8, 0xf0, 0xe0, 0xeb,
    0xf8, 0xd4, 0xa8, 0xcb, 0xf8, 0x98, 0x30, 0x9e, 0xf8, 0xec, 0xd8, 0xe7,
    0xf8, 0xfc, 0xf8, 0xff, 0xf8, 0x90, 0x18, 0x9a, 0xf8, 0x90, 0x18, 0x9a,
    0xf8, 0x90, 0x10, 0x9a, 0xf8, 0x90, 0x18, 0x9a, 0xf8, 0x8c, 0x18, 0x9a,
    0xf8, 0xd4, 0xa8, 0xcb, 0xf8, 0xfc, 0xf8, 0xff, 0xf8, 0xe0, 0xc0, 0xd7,
    0xf8, 0xfc, 0xf8, 0xff, 0xf8, 0xec, 0xd8, 0xe3, 0xf8, 0xc0, 0x78, 0xba,
    0xf8, 0xe0, 0xc0, 0xd7, 0xf8, 0xe0, 0xc0, 0xd7, 0xf8, 0xe0, 0xc0, 0xd7,
    0xf8, 0xe0, 0xc0, 0xd7, 0xf8, 0xe0, 0xc0, 0xd7, 0xf8, 0xfc, 0xf8, 0xf7,
    0xf8, 0xfc, 0xf8, 0xf7, 0xf8, 0xe0, 0xc0, 0xdb, 0xf8, 0xe0, 0xc0, 0xd7,
    0xf8, 0xe0, 0xc0, 0xd7, 0xf8, 0xe0, 0xc0, 0xd7, 0xf8, 0xe0, 0xc0, 0xd7,
    0xf8, 0xe0, 0xc0, 0xd7, 0xf8, 0xdc, 0xb0, 0xd3, 0xf8, 0x90, 0x18, 0x9a,
    0xf8, 0x8c, 0x18, 0x96, 0xf8, 0x90, 0x18, 0x9a, 0xf8, 0x90, 0x18, 0x9a,
    0xf8, 0x8c, 0x18, 0x9a, 0xf8, 0x90, 0x18, 0x9a, 0xf8, 0x90, 0x18, 0x9a,
    0xf8, 0x90, 0x18, 0x9a, 0xf8, 0x8c, 0x18, 0x9a, 0xf8, 0x98, 0x30, 0x9e,
    0xf8, 0xf8, 0xf0, 0xf3, 0xf8, 0xfc, 0xf8, 0xff, 0xf8, 0xa4, 0x48, 0xa6,
    0xf8, 0x90, 0x18, 0x9a, 0xf8, 0xec, 0xd8, 0xe7, 0xf8, 0xfc, 0xf8, 0xff,
    0xf8, 0xb8, 0x68, 0xb2, 0xf8, 0x8c, 0x18, 0x9a, 0xf8, 0x90, 0x18, 0x9a,
    0xf8, 0x90, 0x18, 0x9a, 0xf8, 0x90, 0x18, 0x9a, 0xf8, 0x90, 0x18, 0x9a,
    0xf8, 0x90, 0x18, 0x9a, 0xf8, 0x90, 0x18, 0x9a, 0xf8, 0x90, 0x18, 0x96,
    0xf8, 0x90, 0x18, 0x96, 0xf8, 0x8c, 0x18, 0x9a, 0xf8, 0x90, 0x18, 0x9a,
    0xf8, 0x90, 0x18, 0x9a, 0xf8, 0x8c, 0x18, 0x96, 0xf8, 0x90, 0x18, 0x9a,
    0xf8, 0x90, 0x18, 0x9a, 0xf8, 0x90, 0x18, 0x96, 0xf8, 0x8c, 0x10, 0x9a,
    0xf8, 0x90, 0x18, 0x9a, 0xf8, 0x8c, 0x18, 0x9a, 0xf8, 0x90, 0x10, 0x96,
    0xf8, 0x90, 0x18, 0x9a, 0xf8, 0x90, 0x18, 0x9a, 0xf8, 0x90, 0x18, 0x82,
    0xf8, 0x8c, 0x18, 0x92, 0xf8, 0x90, 0x18, 0x9a, 0xf8, 0x8c, 0x18, 0x9a,
    0xf8, 0x90, 0x18, 0x9a, 0xf8, 0x8c, 0x18, 0x9a, 0xf8, 0x8c, 0x18, 0x9a,
    0xf8, 0x90, 0x18, 0x9a, 0xf8, 0x90, 0x18, 0x9a, 0xf8, 0x90, 0x18, 0x96,
    0xf8, 0x90, 0x18, 0x9a, 0xf8, 0x90, 0x18, 0x9a, 0xf8, 0x90, 0x18, 0x9a,
    0xf8, 0x90, 0x10, 0x9a, 0xf8, 0x90, 0x18, 0x9a, 0xf8, 0x8c, 0x18, 0x9a,
    0xf8, 0x8c, 0x10, 0x9a, 0xf8, 0x90, 0x18, 0x96, 0xf8, 0x90, 0x18, 0x9a,
    0xf8, 0xfc, 0xf8, 0xff, 0xf8, 0xf8, 0xe8, 0xef, 0xf8, 0x90, 0x18, 0x9a,
    0xf8, 0x90, 0x18, 0x9a, 0xf8, 0x90, 0x18, 0x96, 0xf8, 0x8c, 0x18, 0x9a,
    0xf8, 0x90, 0x18, 0x96, 0xf8, 0xa4, 0x48, 0xa6, 0xf8, 0xfc, 0xf8, 0xff,
    0xf8, 0xec, 0xd8, 0xe3, 0xf8, 0x90, 0x18, 0x9a, 0xf8, 0x90, 0x18, 0x9a,
    0xf8, 0x90, 0x18, 0x96, 0xf8, 0x90, 0x18, 0x9a, 0xf8, 0x90, 0x18, 0x9a,
    0xf8, 0xa4, 0x40, 0xa6, 0xf8, 0xfc, 0xf8, 0xff, 0xf8, 0xec, 0xd8, 0xe3,
    0xf8, 0x90, 0x18, 0x9a, 0xf8, 0x90, 0x18, 0x9a, 0xf8, 0x90, 0x18, 0x9a,
    0xf8, 0x90, 0x18, 0x9a, 0xf8, 0xe0, 0xc0, 0xd7, 0xf8, 0xfc, 0xf8, 0xff,
    0xf8, 0xfc, 0xf8, 0xff, 0xf8, 0xe0, 0xc0, 0xdb, 0xf8, 0xa4, 0x40, 0xa6,
    0xf8, 0x8c, 0x18, 0x9a, 0xf8, 0x90, 0x18, 0x96, 0xf8, 0x90, 0x18, 0x9a,
    0xf8, 0xd4, 0xa8, 0xcb, 0xf8, 0xfc, 0xf8, 0xff, 0xf8, 0xf4, 0xf0, 0xf3,
    0xf8, 0xfc, 0xf8, 0xff, 0xf8, 0xfc, 0xf8, 0xff, 0xf8, 0xfc, 0xf8, 0xff,
    0xf8, 0xfc, 0xf8, 0xff, 0xf8, 0xdc, 0xb8, 0xd3, 0xf8, 0x90, 0x18, 0x9a,
    0xf8, 0x90, 0x18, 0x9a, 0xf8, 0x90, 0x18, 0x9a, 0xf8, 0xec, 0xd8, 0xe3,
    0xf8, 0xfc, 0xf8, 0xff, 0xf8, 0x90, 0x18, 0x9a, 0xf8, 0x8c, 0x18, 0x9a,
    0xf8, 0x90, 0x18, 0x96, 0xf8, 0x90, 0x18, 0x9a, 0xf8, 0x90, 0x18, 0x9a,
    0xf8, 0x98, 0x30, 0x9e, 0xf8, 0xd4, 0xa8, 0xcb, 0xf8, 0xac, 0x58, 0xae,
    0xf8, 0xfc, 0xf8, 0xff, 0xf8, 0xec, 0xd8, 0xe3, 0xf8, 0xd4, 0xa8, 0xcb,
    0xf8, 0xfc, 0xf8, 0xff, 0xf8, 0xfc, 0xf8, 0xff, 0xf8, 0xfc, 0xf8, 0xff,
    0xf8, 0xfc, 0xf8, 0xff, 0xf8, 0xfc, 0xf8, 0xff, 0xf8, 0xfc, 0xf8, 0xff,
    0xf8, 0xfc, 0xf8, 0xff, 0xf8, 0xfc, 0xf8, 0xff, 0xf8, 0xfc, 0xf8, 0xff,
    0xf8, 0xfc, 0xf8, 0xff, 0xf8, 0xfc, 0xf8, 0xff, 0xf8, 0xfc, 0xf8, 0xff,
    0xf8, 0xfc, 0xf8, 0xff, 0xf8, 0xf8, 0xf0, 0xf3, 0xf8, 0x90, 0x18, 0x9a,
    0xf8, 0x90, 0x18, 0x9a, 0xf8, 0x90, 0x18, 0x96, 0xf8, 0x90, 0x18, 0x9a,
    0xf8, 0x90, 0x18, 0x9a, 0xf8, 0x90, 0x18, 0x96, 0xf8, 0x90, 0x18, 0x9a,
    0xf8, 0x90, 0x18, 0x9a, 0xf8, 0x90, 0x18, 0x9a, 0xf8, 0xdc, 0xb8, 0xd3,
    0xf8, 0xfc, 0xf8, 0xff, 0xf8, 0xe0, 0xc0, 0xdb, 0xf8, 0x90, 0x18, 0x9a,
    0xf8, 0x8c, 0x18, 0x9a, 0xf8, 0xb0, 0x58, 0xaa, 0xf8, 0xfc, 0xf8, 0xf7,
    0xf8, 0xfc, 0xf8, 0xf7, 0xf8, 0xb0, 0x58, 0xae, 0xf8, 0x8c, 0x18, 0x9a,
    0xf8, 0x90, 0x18, 0x96, 0xf8, 0x90, 0x18, 0x9a, 0xf8, 0x8c, 0x18, 0x9a,
    0xf8, 0x90, 0x18, 0x96, 0xf8, 0x8c, 0x18, 0x9a, 0xf8, 0x90, 0x18, 0x9a,
    0xf8, 0x90, 0x18, 0x9a, 0xf8, 0x90, 0x10, 0x9a, 0xf8, 0x8c, 0x18, 0x96,
    0xf8, 0x90, 0x18, 0x9a, 0xf8, 0x90, 0x10, 0x9a, 0xf8, 0x8c, 0x18, 0x9a,
    0xf8, 0x90, 0x18, 0x96, 0xf8, 0x90, 0x18, 0x9a, 0xf8, 0x90, 0x18, 0x9a,
    0xf8, 0x90, 0x18, 0x9a, 0xf8, 0x90, 0x18, 0x9a, 0xf8, 0x8c, 0x18, 0x9a,
    0xf8, 0x8c, 0x18, 0x9a, 0xf8, 0x90, 0x18, 0x9a, 0xf8, 0x8c, 0x18, 0x92,
    0xf8, 0x90, 0x18, 0x9a, 0xf8, 0x90, 0x18, 0x96, 0xf8, 0x90, 0x18, 0x9a,
    0xf8, 0x90, 0x18, 0x9a, 0xf8, 0x90, 0x18, 0x96, 0xf8, 0x90, 0x18, 0x9a,
    0xf8, 0x8c, 0x18, 0x9a, 0xf8, 0x90, 0x10, 0x9a, 0xf8, 0x8c, 0x18, 0x96,
    0xf8, 0x90, 0x18, 0x9a, 0xf8, 0x8c, 0x10, 0x9a, 0xf8, 0x8c, 0x18, 0x96,
    0xf8, 0x90, 0x18, 0x96, 0xf8, 0x90, 0x18, 0x9a, 0xf8, 0x90, 0x18, 0x9a,
    0xf8, 0x90, 0x18, 0x96, 0xf8, 0x8c, 0x18, 0x9a, 0xf8, 0x90, 0x18, 0x9a,
    0xf8, 0xfc, 0xf8, 0xff, 0xf8, 0xfc, 0xf8, 0xff, 0xf8, 0xfc, 0xf8, 0xff,
    0xf8, 0xfc, 0xf8, 0xff, 0xf8, 0xfc, 0xf8, 0xff, 0xf8, 0xfc, 0xf8, 0xff,
    0xf8, 0xfc, 0xf8, 0xff, 0xf8, 0xfc, 0xf8, 0xff, 0xf8, 0xfc, 0xf8, 0xff,
    0xf8, 0xfc, 0xf8, 0xff, 0xf8, 0xfc, 0xf8, 0xff, 0xf8, 0xfc, 0xf8, 0xff,
    0xf8, 0xfc, 0xf8, 0xff, 0xf8, 0xfc, 0xf8, 0xff, 0xf8, 0xfc, 0xf8, 0xff,
    0xf8, 0xfc, 0xf8, 0xff, 0xf8, 0xfc, 0xf8, 0xff, 0xf8, 0xec, 0xd8, 0xe3,
    0xf8, 0x8c, 0x18, 0x9a, 0xf8, 0x90, 0x18, 0x9a, 0xf8, 0x8c, 0x10, 0x9a,
    0xf8, 0x90, 0x18, 0x9a, 0xf8, 0x90, 0x18, 0x9a, 0xf8, 0xb4, 0x68, 0xb2,
    0xf8, 0xf8, 0xf0, 0xf3, 0xf8, 0xfc, 0xf8, 0xff, 0xf8, 0xf4, 0xe8, 0xf3,
    0xf8, 0x98, 0x30, 0x9e, 0xf8, 0x98, 0x30, 0x9e, 0xf8, 0xd4, 0xa8, 0xcb,
    0xf8, 0xfc, 0xf8, 0xf7, 0xf8, 0xfc, 0xf8, 0xff, 0xf8, 0xfc, 0xf8, 0xff,
    0xf8, 0xec, 0xd8, 0xe3, 0xf8, 0xd0, 0x98, 0xc7, 0xf8, 0xbc, 0x78, 0xba,
    0xf8, 0xfc, 0xf8, 0xff, 0xf8, 0xd4, 0xa8, 0xcb, 0xf8, 0x90, 0x18, 0x9a,
    0xf8, 0x90, 0x18, 0x9a, 0xf8, 0x8c, 0x18, 0x9a, 0xf8, 0xec, 0xd8, 0xe3,
    0xf8, 0xfc, 0xf8, 0xff, 0xf8, 0x90, 0x18, 0x9a, 0xf8, 0x8c, 0x18, 0x9a,
    0xf8, 0x90, 0x18, 0x96, 0xf8, 0x90, 0x18, 0x9a, 0xf8, 0x90, 0x18, 0x9a,
    0xf8, 0x90, 0x18, 0x9a, 0xf8, 0x90, 0x18, 0x9a, 0xf8, 0xa4, 0x40, 0xa6,
    0xf8, 0xfc, 0xf8, 0xff, 0xf8, 0xec, 0xd8, 0xe7, 0xf8, 0x98, 0x30, 0x9e,
    0xf8, 0xa4, 0x40, 0xa6, 0xf8, 0xa4, 0x40, 0xa6, 0xf8, 0xa4, 0x40, 0xa6,
    0xf8, 0xa4, 0x40, 0xa6, 0xf8, 0xac, 0x58, 0xae, 0xf8, 0xfc, 0xf8, 0xff,
    0xf8, 0xfc, 0xf8, 0xff, 0xf8, 0xc4, 0x88, 0xbe, 0xf8, 0xa4, 0x40, 0xa6,
    0xf8, 0xa4, 0x48, 0xa6, 0xf8, 0xa4, 0x40, 0xa6, 0xf8, 0xa4, 0x40, 0xa6,
    0xf8, 0xa4, 0x48, 0xa6, 0xf8, 0xa4, 0x40, 0xa6, 0xf8, 0x8c, 0x18, 0x9a,
    0xf8, 0x90, 0x18, 0x9a, 0xf8, 0x8c, 0x18, 0x9a, 0xf8, 0x90, 0x18, 0x96,
    0xf8, 0x90, 0x18, 0x9a, 0xf8, 0x8c, 0x18, 0x9a, 0xf8, 0x8c, 0x18, 0x96,
    0xf8, 0x98, 0x30, 0x9e, 0xf8, 0xdc, 0xb0, 0xd3, 0xf8, 0xfc, 0xf8, 0xff,
    0xf8, 0xf8, 0xf0, 0xf3, 0xf8, 0xb4, 0x68, 0xb2, 0xf8, 0x90, 0x18, 0x9a,
    0xf8, 0x90, 0x18, 0x9a, 0xf8, 0x8c, 0x18, 0x9a, 0xf8, 0xc0, 0x78, 0xba,
    0xf8, 0xfc, 0xf8, 0xff, 0xf8, 0xfc, 0xf8, 0xf7, 0xf8, 0xc8, 0x88, 0xbe,
    0xf8, 0x8c, 0x18, 0x9a, 0xf8, 0x90, 0x18, 0x9a, 0xf8, 0x90, 0x18, 0x9a,
    0xf8, 0x8c, 0x18, 0x96, 0xf8, 0x90, 0x18, 0x9a, 0xf8, 0x90, 0x18, 0x9a,
    0xf8, 0x8c, 0x18, 0x9a, 0xf8, 0x90, 0x18, 0x9a, 0xf8, 0x90, 0x18, 0x96,
    0xf8, 0x90, 0x18, 0x9a, 0xf8, 0x90, 0x18, 0x9a, 0xf8, 0x90, 0x18, 0x9a,
    0xf8, 0x8c, 0x18, 0x9a, 0xf8, 0x90, 0x10, 0x9a, 0xf8, 0x90, 0x18, 0x96,
    0xf8, 0x8c, 0x18, 0x96, 0xf8, 0x90, 0x18, 0x9a, 0xf8, 0x90, 0x18, 0x9a,
    0xf8, 0x90, 0x10, 0x96, 0xf8, 0x90, 0x18, 0x9a, 0xf8, 0x90, 0x18, 0x9a,
    0xf8, 0x90, 0x18, 0x9a, 0xf8, 0x90, 0x18, 0x96, 0xf8, 0x8c, 0x10, 0x9a,
    0xf8, 0x90, 0x18, 0x9a, 0xf8, 0x90, 0x18, 0x96, 0xf8, 0x90, 0x10, 0x9a,
    0xf8, 0x90, 0x18, 0x9a, 0xf8, 0x90, 0x18, 0x96, 0xf8, 0x90, 0x18, 0x9a,
    0xf8, 0x90, 0x18, 0x9a, 0xf8, 0x90, 0x18, 0x9a, 0xf8, 0x90, 0x18, 0x9a,
    0xf8, 0x8c, 0x18, 0x9a, 0xf8, 0x90, 0x18, 0x9a, 0xf8, 0x90, 0x18, 0x96,
    0xf8, 0x90, 0x18, 0x9a, 0xf8, 0x90, 0x18, 0x9a, 0xf8, 0x8c, 0x18, 0x9a,
    0xf8, 0xfc, 0xf8, 0xff, 0xf8, 0xf8, 0xf8, 0xf7, 0xf8, 0xe0, 0xc0, 0xd7,
    0xf8, 0xe0, 0xc0, 0xd7, 0xf8, 0xe0, 0xc0, 0xdb, 0xf8, 0xe0, 0xc0, 0xd7,
    0xf8, 0xe0, 0xc0, 0xd7, 0xf8, 0xe8, 0xc8, 0xdf, 0xf8, 0xfc, 0xf8, 0xff,
    0xf8, 0xf4, 0xf0, 0xf3, 0xf8, 0xe0, 0xc0, 0xd7, 0xf8, 0xe0, 0xc0, 0xd7,
    0xf8, 0xe0, 0xc0, 0xd7, 0xf8, 0xe0, 0xc0, 0xd7, 0xf8, 0xe0, 0xc0, 0xd7,
    0xf8, 0xe4, 0xd0, 0xdf, 0xf8, 0xfc, 0xf8, 0xff, 0xf8, 0xec, 0xd8, 0xe7,
    0xf8, 0x90, 0x18, 0x9a, 0xf8, 0x90, 0x18, 0x96, 0xf8, 0x8c, 0x18, 0x9a,
    0xf8, 0x90, 0x18, 0x9a, 0xf8, 0x90, 0x18, 0x9a, 0xf8, 0x8c, 0x18, 0x9a,
    0xf8, 0x90, 0x18, 0x96, 0xf8, 0xd4, 0xa8, 0xcb, 0xf8, 0xdc, 0xb0, 0xd3,
    0xf8, 0xac, 0x58, 0xaa, 0xf8, 0xfc, 0xf8, 0xff, 0xf8, 0xfc, 0xf8, 0xff,
    0xf8, 0xfc, 0xf8, 0xff, 0xf8, 0xfc, 0xf8, 0xff, 0xf8, 0xc8, 0x88, 0xbe,
    0xf8, 0x90, 0x18, 0x9a, 0xf8, 0x90, 0x18, 0x9a, 0xf8, 0xb8, 0x68, 0xb2,
    0xf8, 0xfc, 0xf8, 0xff, 0xf8, 0xd4, 0xa8, 0xcb, 0xf8, 0x90, 0x18, 0x9a,
    0xf8, 0x90, 0x18, 0x9a, 0xf8, 0x90, 0x18, 0x9a, 0xf8, 0xec, 0xd8, 0xe3,
    0xf8, 0xfc, 0xf8, 0xff, 0xf8, 0x90, 0x18, 0x9a, 0xf8, 0x90, 0x10, 0x9a,
    0xf8, 0x8c, 0x18, 0x9a, 0xf8, 0x90, 0x18, 0x96, 0xf8, 0x8c, 0x10, 0x9a,
    0xf8, 0x90, 0x18, 0x9a, 0xf8, 0x90, 0x18, 0x9a, 0xf8, 0xa4, 0x40, 0xa6,
    0xf8, 0xfc, 0xf8, 0xff, 0xf8, 0xec, 0xd8, 0xe7, 0xf8, 0x90, 0x18, 0x9a,
    0xf8, 0x90, 0x18, 0x9a, 0xf8, 0x90, 0x18, 0x9a, 0xf8, 0x90, 0x18, 0x9a,
    0xf8, 0x90, 0x18, 0x9a, 0xf8, 0xac, 0x58, 0xaa, 0xf8, 0xfc, 0xf8, 0xff,
    0xf8, 0xfc, 0xf8, 0xff, 0xf8, 0xdc, 0xb8, 0xd3, 0xf8, 0x90, 0x18, 0x9a,
    0xf8, 0x90, 0x18, 0x9a, 0xf8, 0x90, 0x18, 0x9a, 0xf8, 0x8c, 0x18, 0x9a,
    0xf8, 0x90, 0x18, 0x9a, 0xf8, 0x90, 0x18, 0x9a, 0xf8, 0x90, 0x18, 0x96,
    0xf8, 0x90, 0x18, 0x9a, 0xf8, 0x8c, 0x18, 0x9a, 0xf8, 0x90, 0x18, 0x9a,
    0xf8, 0x90, 0x18, 0x9a, 0xf8, 0x90, 0x18, 0x9a, 0xf8, 0xb8, 0x68, 0xb2,
    0xf8, 0xf0, 0xe0, 0xeb, 0xf8, 0xfc, 0xf8, 0xff, 0xf8, 0xf8, 0xf0, 0xf3,
    0xf8, 0xdc, 0xb0, 0xd3, 0xf8, 0xfc, 0xf8, 0xff, 0xf8, 0xf8, 0xf0, 0xef,
    0xf8, 0xa4, 0x40, 0xa6, 0xf8, 0x90, 0x18, 0x9a, 0xf8, 0x90, 0x18, 0x9a,
    0xf8, 0xcc, 0x98, 0xc7, 0xf8, 0xfc, 0xf8, 0xff, 0xf8, 0xfc, 0xf8, 0xff,
    0xf8, 0xe0, 0xc0, 0xd7, 0xf8, 0xa4, 0x40, 0xa6, 0xf8, 0x90, 0x18, 0x9a,
    0xf8, 0x90, 0x18, 0x9a, 0xf8, 0x90, 0x18, 0x9a, 0xf8, 0x90, 0x18, 0x96,
    0xf8, 0x8c, 0x18, 0x9a, 0xf8, 0x90, 0x18, 0x9a, 0xf8, 0x90, 0x18, 0x9a,
    0xf8, 0x8c, 0x18, 0x96, 0xf8, 0x90, 0x18, 0x9a, 0xf8, 0x90, 0x18, 0x96,
    0xf8, 0x90, 0x18, 0x9a, 0xf8, 0x8c, 0x18, 0x9a, 0xf8, 0x90, 0x18, 0x9a,
    0xf8, 0x90, 0x18, 0x9a, 0xf8, 0x90, 0x10, 0x9a, 0xf8, 0x90, 0x18, 0x96,
    0xf8, 0x8c, 0x18, 0x9a, 0xf8, 0x90, 0x18, 0x9a, 0xf8, 0x90, 0x18, 0x96,
    0xf8, 0x8c, 0x18, 0x92, 0xf8, 0x90, 0x18, 0x9a, 0xf8, 0x90, 0x18, 0x9a,
    0xf8, 0x8c, 0x18, 0x9a, 0xf8, 0x90, 0x18, 0x9a, 0xf8, 0x8c, 0x18, 0x9a,
    0xf8, 0x90, 0x18, 0x96, 0xf8, 0x90, 0x18, 0x9a, 0xf8, 0x8c, 0x18, 0x9a,
    0xf8, 0x90, 0x18, 0x96, 0xf8, 0x90, 0x18, 0x9a, 0xf8, 0x90, 0x18, 0x9a,
    0xf8, 0x90, 0x10, 0x96, 0xf8, 0x8c, 0x18, 0x9a, 0xf8, 0x90, 0x18, 0x9a,
    0xf8, 0x90, 0x10, 0x9a, 0xf8, 0x90, 0x18, 0x96, 0xf8, 0x90, 0x18, 0x9a,
    0xf8, 0xfc, 0xf8, 0xff, 0xf8, 0xf8, 0xe8, 0xf3, 0xf8, 0x90, 0x18, 0x9a,
    0xf8, 0x90, 0x18, 0x9a, 0xf8, 0x8c, 0x18, 0x9a, 0xf8, 0x90, 0x18, 0x9a,
    0xf8, 0x90, 0x18, 0x9a, 0xf8, 0xa4, 0x40, 0xa6, 0xf8, 0xfc, 0xf8, 0xff,
    0xf8, 0xec, 0xd8, 0xe7, 0xf8, 0x90, 0x18, 0x9a, 0xf8, 0x90, 0x18, 0x9a,
    0xf8, 0x8c, 0x18, 0x9a, 0xf8, 0x90, 0x18, 0x9a, 0xf8, 0x90, 0x18, 0x9a,
    0xf8, 0xa4, 0x40, 0xa6, 0xf8, 0xfc, 0xf8, 0xff, 0xf8, 0xec, 0xd8, 0xe3,
    0xf8, 0x90, 0x18, 0x9a, 0xf8, 0x90, 0x18, 0x9a, 0xf8, 0x90, 0x18, 0x96,
    0xf8, 0x90, 0x18, 0x96, 0xf8, 0x90, 0x18, 0x9a, 0xf8, 0x90, 0x18, 0x9a,
    0xf8, 0x90, 0x18, 0x9a, 0xf8, 0x90, 0x18, 0x9a, 0xf8, 0x90, 0x18, 0x9a,
    0xf8, 0x90, 0x18, 0x9a, 0xf8, 0xdc, 0xb0, 0xd3, 0xf8, 0xc0, 0x78, 0xba,
    0xf8, 0xdc, 0xb0, 0xd3, 0xf8, 0xfc, 0xf8, 0xff, 0xf8, 0xb8, 0x68, 0xb2,
    0xf8, 0x90, 0x18, 0x9a, 0xf8, 0x90, 0x18, 0x9a, 0xf8, 0xb8, 0x68, 0xb2,
    0xf8, 0xfc, 0xf8, 0xff, 0xf8, 0xd4, 0xa8, 0xcb, 0xf8, 0x8c, 0x18, 0x9a,
    0xf8, 0x90, 0x18, 0x9a, 0xf8, 0x90, 0x18, 0x9a, 0xf8, 0xec, 0xd8, 0xe3,
    0xf8, 0xfc, 0xf8, 0xff, 0xf8, 0x90, 0x18, 0x9a, 0xf8, 0x90, 0x18, 0x9a,
    0xf8, 0x90, 0x18, 0x9a, 0xf8, 0x90, 0x18, 0x96, 0xf8, 0x90, 0x18, 0x9a,
    0xf8, 0x8c, 0x18, 0x96, 0xf8, 0x90, 0x18, 0x9a, 0xf8, 0xcc, 0x98, 0xc7,
    0xf8, 0xfc, 0xf8, 0xff, 0xf8, 0xec, 0xd8, 0xe3, 0xf8, 0x90, 0x18, 0x9a,
    0xf8, 0x90, 0x18, 0x9a, 0xf8, 0x8c, 0x18, 0x9a, 0xf8, 0x90, 0x18, 0x9a,
    0xf8, 0x90, 0x18, 0x9a, 0xf8, 0xc0, 0x78, 0xba, 0xf8, 0xfc, 0xf8, 0xff,
    0xf8, 0xfc, 0xf8, 0xff, 0xf8, 0xec, 0xd8, 0xe7, 0xf8, 0x90, 0x18, 0x9a,
    0xf8, 0x90, 0x18, 0x9a, 0xf8, 0x90, 0x18, 0x9a, 0xf8, 0x90, 0x18, 0x9a,
    0xf8, 0x8c, 0x18, 0x9a, 0xf8, 0x90, 0x18, 0x9a, 0xf8, 0x90, 0x18, 0x96,
    0xf8, 0x90, 0x18, 0x9a, 0xf8, 0x90, 0x10, 0x9a, 0xf8, 0x8c, 0x18, 0x96,
    0xf8, 0xb8, 0x68, 0xb2, 0xf8, 0xec, 0xd8, 0xe3, 0xf8, 0xfc, 0xf8, 0xff,
    0xf8, 0xfc, 0xf8, 0xff, 0xf8, 0xdc, 0xb8, 0xd3, 0xf8, 0x98, 0x30, 0x9e,
    0xf8, 0x90, 0x18, 0x9a, 0xf8, 0xd4, 0xa8, 0xcb, 0xf8, 0xfc, 0xf8, 0xff,
    0xf8, 0xfc, 0xf8, 0xff, 0xf8, 0xd4, 0xa8, 0xcb, 0xf8, 0x90, 0x18, 0x9a,
    0xf8, 0x90, 0x18, 0x9a, 0xf8, 0xb0, 0x58, 0xaa, 0xf8, 0xf8, 0xf0, 0xf3,
    0xf8, 0xfc, 0xf8, 0xff, 0xf8, 0xfc, 0xf8, 0xf7, 0xf8, 0xe0, 0xc0, 0xd7,
    0xf8, 0xb4, 0x68, 0xb2, 0xf8, 0x90, 0x18, 0x9a, 0xf8, 0x90, 0x18, 0x96,
    0xf8, 0x90, 0x10, 0x9a, 0xf8, 0x90, 0x18, 0x9a, 0xf8, 0x8c, 0x18, 0x96,
    0xf8, 0x90, 0x10, 0x9a, 0xf8, 0x90, 0x18, 0x9a, 0xf8, 0x8c, 0x18, 0x9a,
    0xf8, 0x90, 0x18, 0x96, 0xf8, 0x90, 0x18, 0x9a, 0xf8, 0x90, 0x18, 0x9a,
    0xf8, 0x8c, 0x18, 0x9a, 0xf8, 0x90, 0x18, 0x96, 0xf8, 0x90, 0x18, 0x9a,
    0xf8, 0x8c, 0x18, 0x9a, 0xf8, 0x90, 0x18, 0x9a, 0xf8, 0x8c, 0x18, 0x92,
    0xf8, 0x90, 0x18, 0x82, 0xf8, 0x90, 0x18, 0x9a, 0xf8, 0x90, 0x18, 0x96,
    0xf8, 0x90, 0x18, 0x9a, 0xf8, 0x90, 0x18, 0x9a, 0xf8, 0x8c, 0x18, 0x96,
    0xf8, 0x90, 0x18, 0x9a, 0xf8, 0x90, 0x10, 0x9a, 0xf8, 0x8c, 0x18, 0x9a,
    0xf8, 0x90, 0x18, 0x96, 0xf8, 0x8c, 0x18, 0x9a, 0xf8, 0x90, 0x18, 0x9a,
    0xf8, 0x90, 0x18, 0x96, 0xf8, 0x90, 0x18, 0x9a, 0xf8, 0x8c, 0x18, 0x9a,
    0xf8, 0x8c, 0x18, 0x9a, 0xf8, 0x90, 0x18, 0x9a, 0xf8, 0x90, 0x18, 0x96,
    0xf8, 0xfc, 0xf8, 0xff, 0xf8, 0xf8, 0xe8, 0xf3, 0xf8, 0x90, 0x18, 0x9a,
    0xf8, 0x8c, 0x18, 0x9a, 0xf8, 0x90, 0x18, 0x9a, 0xf8, 0x90, 0x18, 0x9a,
    0xf8, 0x8c, 0x18, 0x9a, 0xf8, 0xa4, 0x40, 0xa6, 0xf8, 0xfc, 0xf8, 0xff,
    0xf8, 0xec, 0xd8, 0xe3, 0xf8, 0x90, 0x18, 0x9a, 0xf8, 0x90, 0x18, 0x9a,
    0xf8, 0x90, 0x18, 0x9a, 0xf8, 0x8c, 0x18, 0x9a, 0xf8, 0x90, 0x18, 0x9a,
    0xf8, 0xa4, 0x40, 0xa6, 0xf8, 0xfc, 0xf8, 0xff, 0xf8, 0xec, 0xd8, 0xe3,
    0xf8, 0x8c, 0x18, 0x9a, 0xf8, 0x90, 0x10, 0x9a, 0xf8, 0x90, 0x18, 0x9a,
    0xf8, 0x8c, 0x18, 0x9a, 0xf8, 0x90, 0x10, 0x96, 0xf8, 0x90, 0x18, 0x9a,
    0xf8, 0x8c, 0x18, 0x9a, 0xf8, 0x90, 0x18, 0x96, 0xf8, 0x90, 0x18, 0x9a,
    0xf8, 0x90, 0x18, 0x9a, 0xf8, 0x90, 0x18, 0x9a, 0xf8, 0x90, 0x18, 0x9a,
    0xf8, 0xd4, 0xa8, 0xcb, 0xf8, 0xfc, 0xf8, 0xff, 0xf8, 0xb4, 0x68, 0xb2,
    0xf8, 0x90, 0x18, 0x9a, 0xf8, 0x8c, 0x18, 0x9a, 0xf8, 0xb8, 0x68, 0xb2,
    0xf8, 0xfc, 0xf8, 0xff, 0xf8, 0xd4, 0xa8, 0xcb, 0xf8, 0x90, 0x18, 0x9a,
    0xf8, 0x8c, 0x18, 0x9a, 0xf8, 0x90, 0x18, 0x9a, 0xf8, 0xf0, 0xe0, 0xeb,
    0xf8, 0xf4, 0xe8, 0xf3, 0xf8, 0x90, 0x18, 0x9a, 0xf8, 0x8c, 0x18, 0x96,
    0xf8, 0x90, 0x18, 0x9a, 0xf8, 0x90, 0x18, 0x9a, 0xf8, 0x90, 0x18, 0x9a,
    0xf8, 0x90, 0x18, 0x9a, 0xf8, 0xcc, 0x98, 0xc3, 0xf8, 0xfc, 0xf8, 0xff,
    0xf8, 0xfc, 0xf8, 0xff, 0xf8, 0xec, 0xd8, 0xe3, 0xf8, 0x90, 0x18, 0x9a,
    0xf8, 0x90, 0x18, 0x9a, 0xf8, 0x90, 0x18, 0x96, 0xf8, 0x8c, 0x18, 0x9a,
    0xf8, 0x90, 0x18, 0x9a, 0xf8, 0xe0, 0xc0, 0xd7, 0xf8, 0xfc, 0xf8, 0xff,
    0xf8, 0xec, 0xd8, 0xe3, 0xf8, 0xfc, 0xf8, 0xff, 0xf8, 0xa4, 0x40, 0xa6,
    0xf8, 0x8c, 0x18, 0x96, 0xf8, 0x90, 0x18, 0x9a, 0xf8, 0x90, 0x18, 0x96,
    0xf8, 0x90, 0x18, 0x9a, 0xf8, 0x8c, 0x18, 0x9a, 0xf8, 0x90, 0x18, 0x9a,
    0xf8, 0x90, 0x18, 0x9a, 0xf8, 0xd4, 0xa8, 0xcb, 0xf8, 0xfc, 0xf8, 0xf7,
    0xf8, 0xfc, 0xf8, 0xff, 0xf8, 0xfc, 0xf8, 0xff, 0xf8, 0xec, 0xd8, 0xe3,
    0xf8, 0xb8, 0x68, 0xb2, 0xf8, 0x90, 0x18, 0x9a, 0xf8, 0x90, 0x18, 0x9a,
    0xf8, 0x90, 0x18, 0x96, 0xf8, 0x90, 0x18, 0x9a, 0xf8, 0xac, 0x58, 0xaa,
    0xf8, 0xf8, 0xe8, 0xf3, 0xf8, 0xfc, 0xf8, 0xff, 0xf8, 0xc0, 0x78, 0xba,
    0xf8, 0x8c, 0x18, 0x9a, 0xf8, 0x90, 0x18, 0x9a, 0xf8, 0x98, 0x30, 0x9e,
    0xf8, 0xdc, 0xb8, 0xd3, 0xf8, 0xfc, 0xf8, 0xf7, 0xf8, 0xfc, 0xf8, 0xff,
    0xf8, 0xfc, 0xf8, 0xff, 0xf8, 0xe8, 0xc8, 0xdf, 0xf8, 0x8c, 0x18, 0x9a,
    0xf8, 0x90, 0x18, 0x9a, 0xf8, 0x90, 0x18, 0x9a, 0xf8, 0x90, 0x18, 0x9a,
    0xf8, 0x90, 0x18, 0x9a, 0xf8, 0x90, 0x18, 0x9a, 0xf8, 0x8c, 0x10, 0x9a,
    0xf8, 0x90, 0x18, 0x96, 0xf8, 0x90, 0x18, 0x9a, 0xf8, 0x8c, 0x10, 0x9a,
    0xf8, 0x90, 0x18, 0x96, 0xf8, 0x90, 0x18, 0x9a, 0xf8, 0x90, 0x18, 0x9a,
    0xf8, 0x90, 0x18, 0x96, 0xf8, 0x90, 0x10, 0x9a, 0xf8, 0x90, 0x18, 0x82,
    0xf8, 0x8c, 0x18, 0x6d, 0xf8, 0x90, 0x18, 0x9a, 0xf8, 0x8c, 0x10, 0x9a,
    0xf8, 0x90, 0x18, 0x96, 0xf8, 0x90, 0x18, 0x9a, 0xf8, 0x90, 0x18, 0x9a,
    0xf8, 0x90, 0x18, 0x9a, 0xf8, 0x90, 0x18, 0x9a, 0xf8, 0x90, 0x18, 0x9a,
    0xf8, 0x90, 0x10, 0x9a, 0xf8, 0x90, 0x18, 0x9a, 0xf8, 0x8c, 0x18, 0x9a,
    0xf8, 0x90, 0x18, 0x9a, 0xf8, 0x90, 0x18, 0x96, 0xf8, 0x90, 0x18, 0x9a,
    0xf8, 0x90, 0x18, 0x9a, 0xf8, 0x8c, 0x18, 0x9a, 0xf8, 0x90, 0x18, 0x9a,
    0xf8, 0xfc, 0xf8, 0xff, 0xf8, 0xf4, 0xf0, 0xef, 0xf8, 0x90, 0x18, 0x9a,
    0xf8, 0x90, 0x18, 0x96, 0xf8, 0x90, 0x18, 0x9a, 0xf8, 0x90, 0x18, 0x96,
    0xf8, 0x90, 0x18, 0x9a, 0xf8, 0xa4, 0x40, 0xa6, 0xf8, 0xfc, 0xf8, 0xff,
    0xf8, 0xec, 0xd8, 0xe3, 0xf8, 0x8c, 0x18, 0x9a, 0xf8, 0x90, 0x18, 0x9a,
    0xf8, 0x90, 0x18, 0x96, 0xf8, 0x90, 0x18, 0x9a, 0xf8, 0x90, 0x18, 0x9a,
    0xf8, 0xa4, 0x40, 0xa6, 0xf8, 0xfc, 0xf8, 0xff, 0xf8, 0xec, 0xd8, 0xe3,
    0xf8, 0x90, 0x18, 0x9a, 0xf8, 0x90, 0x18, 0x9a, 0xf8, 0x8c, 0x18, 0x9a,
    0xf8, 0x90, 0x18, 0x9a, 0xf8, 0x90, 0x18, 0x9a, 0xf8, 0x8c, 0x18, 0x96,
    0xf8, 0x90, 0x18, 0x9a, 0xf8, 0x90, 0x18, 0x9a, 0xf8, 0xa4, 0x40, 0xa6,
    0xf8, 0xd4, 0xa8, 0xcb, 0xf8, 0x8c, 0x18, 0x96, 0xf8, 0x90, 0x18, 0x9a,
    0xf8, 0xd4, 0xa8, 0xcb, 0xf8, 0xfc, 0xf8, 0xff, 0xf8, 0xb8, 0x68, 0xb2,
    0xf8, 0x90, 0x18, 0x9a, 0xf8, 0x8c, 0x18, 0x96, 0xf8, 0xb8, 0x68, 0xb2,
    0xf8, 0xfc, 0xf8, 0xff, 0xf8, 0xd4, 0xa8, 0xcb, 0xf8, 0x90, 0x18, 0x9a,
    0xf8, 0x90, 0x18, 0x9a, 0xf8, 0x90, 0x18, 0x96, 0xf8, 0xfc, 0xf8, 0xf7,
    0xf8, 0xf0, 0xe0, 0xeb, 0xf8, 0x90, 0x18, 0x9a, 0xf8, 0x90, 0x18, 0x9a,
    0xf8, 0x8c, 0x10, 0x96, 0xf8, 0x8c, 0x18, 0x9a, 0xf8, 0x90, 0x18, 0x9a,
    0xf8, 0xd4, 0xa8, 0xcb, 0xf8, 0xfc, 0xf8, 0xff, 0xf8, 0xfc, 0xf8, 0xf7,
    0xf8, 0xfc, 0xf8, 0xff, 0xf8, 0xec, 0xd8, 0xe3, 0xf8, 0x90, 0x18, 0x9a,
    0xf8, 0x8c, 0x18, 0x9a, 0xf8, 0x90, 0x18, 0x96, 0xf8, 0x90, 0x18, 0x9a,
    0xf8, 0x90, 0x18, 0x9a, 0xf8, 0xf8, 0xf0, 0xf3, 0xf8, 0xfc, 0xf8, 0xff,
    0xf8, 0xb8, 0x68, 0xb2, 0xf8, 0xfc, 0xf8, 0xff, 0xf8, 0xd4, 0xa8, 0xcb,
    0xf8, 0x90, 0x18, 0x9a, 0xf8, 0x8c, 0x18, 0x9a, 0xf8, 0x90, 0x18, 0x9a,
    0xf8, 0x90, 0x18, 0x96, 0xf8, 0x90, 0x10, 0x9a, 0xf8, 0x8c, 0x18, 0x9a,
    0xf8, 0x90, 0x18, 0x96, 0xf8, 0xb4, 0x68, 0xb2, 0xf8, 0xfc, 0xf8, 0xf7,
    0xf8, 0xdc, 0xb0, 0xd3, 0xf8, 0xb8, 0x68, 0xb2, 0xf8, 0x90, 0x18, 0x9a,
    0xf8, 0x90, 0x18, 0x9a, 0xf8, 0x90, 0x18, 0x9a, 0xf8, 0x90, 0x18, 0x9a,
    0xf8, 0x8c, 0x18, 0x9a, 0xf8, 0xb8, 0x68, 0xb2, 0xf8, 0xcc, 0x98, 0xc7,
    0xf8, 0xa4, 0x48, 0xa6, 0xf8, 0xb8, 0x68, 0xb2, 0xf8, 0x90, 0x18, 0x96,
    0xf8, 0x90, 0x18, 0x9a, 0xf8, 0x8c, 0x18, 0x9a, 0xf8, 0x90, 0x18, 0x9a,
    0xf8, 0x90, 0x18, 0x9a, 0xf8, 0x98, 0x30, 0x9e, 0xf8, 0xc8, 0x88, 0xbe,
    0xf8, 0xe8, 0xd0, 0xdf, 0xf8, 0xa4, 0x40, 0xa6, 0xf8, 0x90, 0x18, 0x9a,
    0xf8, 0x8c, 0x18, 0x96, 0xf8, 0x90, 0x18, 0x9a, 0xf8, 0x8c, 0x18, 0x96,
    0xf8, 0x90, 0x18, 0x9a, 0xf8, 0x90, 0x18, 0x9a, 0xf8, 0x90, 0x18, 0x96,
    0xf8, 0x90, 0x18, 0x9a, 0xf8, 0x90, 0x18, 0x9a, 0xf8, 0x90, 0x18, 0x9a,
    0xf8, 0x8c, 0x18, 0x96, 0xf8, 0x90, 0x18, 0x9a, 0xf8, 0x8c, 0x18, 0x9a,
    0xf8, 0x90, 0x18, 0x9a, 0xf8, 0x90, 0x18, 0x9a, 0xf8, 0x8c, 0x18, 0x6d,
    0xf8, 0x8c, 0x18, 0x51, 0xf8, 0x90, 0x18, 0x9a, 0xf8, 0x90, 0x18, 0x9a,
    0xf8, 0x8c, 0x18, 0x9a, 0xf8, 0x90, 0x10, 0x9a, 0xf8, 0x8c, 0x18, 0x96,
    0xf8, 0x90, 0x18, 0x9a, 0xf8, 0x8c, 0x18, 0x96, 0xf8, 0x90, 0x18, 0x96,
    0xf8, 0x90, 0x18, 0x9a, 0xf8, 0x8c, 0x18, 0x96, 0xf8, 0x90, 0x10, 0x9a,
    0xf8, 0x90, 0x18, 0x9a, 0xf8, 0x8c, 0x18, 0x9a, 0xf8, 0x90, 0x10, 0x96,
    0xf8, 0x90, 0x18, 0x96, 0xf8, 0x90, 0x18, 0x9a, 0xf8, 0x90, 0x10, 0x9a,
    0xf8, 0xfc, 0xf8, 0xff, 0xf8, 0xfc, 0xf8, 0xff, 0xf8, 0xf8, 0xe8, 0xf3,
    0xf8, 0xf4, 0xe8, 0xf3, 0xf8, 0xf8, 0xf0, 0xf3, 0xf8, 0xf8, 0xe8, 0xf3,
    0xf8, 0xf4, 0xf0, 0xef, 0xf8, 0xf8, 0xf0, 0xf3, 0xf8, 0xfc, 0xf8, 0xff,
    0xf8, 0xfc, 0xf8, 0xff, 0xf8, 0xf8, 0xe8, 0xf3, 0xf8, 0xf4, 0xe8, 0xf3,
    0xf8, 0xf8, 0xe8, 0xf3, 0xf8, 0xf8, 0xe8, 0xef, 0xf8, 0xf4, 0xf0, 0xf3,
    0xf8, 0xf8, 0xf0, 0xf3, 0xf8, 0xfc, 0xf8, 0xff, 0xf8, 0xec, 0xd8, 0xe3,
    0xf8, 0x90, 0x18, 0x9a, 0xf8, 0x90, 0x18, 0x9a, 0xf8, 0x8c, 0x18, 0x96,
    0xf8, 0x90, 0x18, 0x9a, 0xf8, 0x90, 0x18, 0x9a, 0xf8, 0x90, 0x10, 0x9a,
    0xf8, 0x8c, 0x18, 0x9a, 0xf8, 0x90, 0x18, 0x96, 0xf8, 0xe0, 0xc0, 0xd7,
    0xf8, 0xfc, 0xf8, 0xff, 0xf8, 0xc0, 0x78, 0xba, 0xf8, 0x90, 0x18, 0x9a,
    0xf8, 0xd4, 0xa8, 0xcb, 0xf8, 0xfc, 0xf8, 0xff, 0xf8, 0xb8, 0x68, 0xb2,
    0xf8, 0x90, 0x18, 0x9a, 0xf8, 0x90, 0x18, 0x9a, 0xf8, 0xb8, 0x68, 0xb2,
    0xf8, 0xfc, 0xf8, 0xff, 0xf8, 0xd4, 0xa8, 0xcb, 0xf8, 0xc0, 0x78, 0xba,
    0xf8, 0xe0, 0xc0, 0xd7, 0xf8, 0xe4, 0xc8, 0xdf, 0xf8, 0xfc, 0xf8, 0xff,
    0xf8, 0xe8, 0xd0, 0xdf, 0xf8, 0x90, 0x18, 0x9a, 0xf8, 0x90, 0x18, 0x9a,
    0xf8, 0x90, 0x18, 0x9a, 0xf8, 0x90, 0x18, 0x96, 0xf8, 0xe4, 0xc0, 0xd7,
    0xf8, 0xfc, 0xf8, 0xff, 0xf8, 0xf0, 0xe0, 0xeb, 0xf8, 0xb4, 0x68, 0xb2,
    0xf8, 0xfc, 0xf8, 0xff, 0xf8, 0xec, 0xd8, 0xe7, 0xf8, 0x90, 0x18, 0x9a,
    0xf8, 0x90, 0x18, 0x9a, 0xf8, 0x8c, 0x18, 0x9a, 0xf8, 0x90, 0x18, 0x9a,
    0xf8, 0xb8, 0x68, 0xb2, 0xf8, 0xfc, 0xf8, 0xff, 0xf8, 0xec, 0xd8, 0xe3,
    0xf8, 0x90, 0x18, 0x9a, 0xf8, 0xec, 0xd8, 0xe7, 0xf8, 0xfc, 0xf8, 0xf7,
    0xf8, 0x98, 0x30, 0x9e, 0xf8, 0x90, 0x18, 0x9a, 0xf8, 0x90, 0x18, 0x9a,
    0xf8, 0x8c, 0x18, 0x9a, 0xf8, 0x90, 0x18, 0x96, 0xf8, 0x90, 0x18, 0x9a,
    0xf8, 0x90, 0x18, 0x9a, 0xf8, 0x90, 0x18, 0x9a, 0xf8, 0x8c, 0x18, 0x9a,
    0xf8, 0x98, 0x30, 0x9e, 0xf8, 0xa4, 0x40, 0xa6, 0xf8, 0x90, 0x18, 0x9a,
    0xf8, 0xac, 0x58, 0xaa, 0xf8, 0xc8, 0x88, 0xbe, 0xf8, 0x98, 0x30, 0x9e,
    0xf8, 0x98, 0x30, 0x9e, 0xf8, 0xe8, 0xc8, 0xdf, 0xf8, 0xfc, 0xf8, 0xff,
    0xf8, 0xd4, 0xa8, 0xcb, 0xf8, 0x90, 0x18, 0x9a, 0xf8, 0x90, 0x18, 0x9a,
    0xf8, 0x90, 0x18, 0x96, 0xf8, 0x90, 0x18, 0x9a, 0xf8, 0x90, 0x18, 0x9a,
    0xf8, 0xc8, 0x88, 0xbe, 0xf8, 0xd4, 0xa8, 0xcb, 0xf8, 0x8c, 0x18, 0x9a,
    0xf8, 0x90, 0x18, 0x9a, 0xf8, 0x90, 0x18, 0x9a, 0xf8, 0x90, 0x18, 0x9a,
    0xf8, 0x90, 0x18, 0x9a, 0xf8, 0x90, 0x18, 0x96, 0xf8, 0x8c, 0x10, 0x9a,
    0xf8, 0x90, 0x18, 0x9a, 0xf8, 0x90, 0x18, 0x96, 0xf8, 0x8c, 0x18, 0x9a,
    0xf8, 0x90, 0x18, 0x9a, 0xf8, 0x90, 0x18, 0x9a, 0xf8, 0x8c, 0x18, 0x96,
    0xf8, 0x90, 0x10, 0x9a, 0xf8, 0x90, 0x18, 0x9a, 0xf8, 0x90, 0x18, 0x96,
    0xf8, 0x8c, 0x10, 0x9a, 0xf8, 0x90, 0x18, 0x9a, 0xf8, 0x8c, 0x18, 0x51,
    0xf8, 0x8c, 0x18, 0x30, 0xf8, 0x90, 0x18, 0x9a, 0xf8, 0x90, 0x18, 0x9a,
    0xf8, 0x90, 0x18, 0x96, 0xf8, 0x90, 0x18, 0x9a, 0xf8, 0x90, 0x18, 0x9a,
    0xf8, 0x8c, 0x18, 0x9a, 0xf8, 0x90, 0x10, 0x9a, 0xf8, 0x90, 0x18, 0x9a,
    0xf8, 0x8c, 0x18, 0x9a, 0xf8, 0x90, 0x18, 0x9a, 0xf8, 0x90, 0x18, 0x96,
    0xf8, 0x90, 0x18, 0x9a, 0xf8, 0x90, 0x18, 0x9a, 0xf8, 0x8c, 0x18, 0x9a,
    0xf8, 0x90, 0x18, 0x9a, 0xf8, 0x90, 0x18, 0x96, 0xf8, 0x8c, 0x18, 0x9a,
    0xf8, 0xfc, 0xf8, 0xff, 0xf8, 0xfc, 0xf8, 0xff, 0xf8, 0xf8, 0xf0, 0xf3,
    0xf8, 0xf8, 0xf0, 0xef, 0xf8, 0xf4, 0xe8, 0xf3, 0xf8, 0xf8, 0xf0, 0xf3,
    0xf8, 0xf8, 0xe8, 0xf3, 0xf8, 0xf8, 0xf0, 0xf3, 0xf8, 0xfc, 0xf8, 0xff,
    0xf8, 0xfc, 0xf8, 0xf7, 0xf8, 0xf8, 0xf0, 0xf3, 0xf8, 0xf8, 0xf0, 0xf3,
    0xf8, 0xf4, 0xf0, 0xf3, 0xf8, 0xf8, 0xf0, 0xf3, 0xf8, 0xf8, 0xe8, 0xef,
    0xf8, 0xf4, 0xf0, 0xf3, 0xf8, 0xf8, 0xe8, 0xf3, 0xf8, 0xe8, 0xc8, 0xdf,
    0xf8, 0x8c, 0x18, 0x9a, 0xf8, 0x90, 0x18, 0x9a, 0xf8, 0x90, 0x10, 0x96,
    0xf8, 0x90, 0x18, 0x9a, 0xf8, 0x90, 0x18, 0x9a, 0xf8, 0x8c, 0x18, 0x96,
    0xf8, 0x90, 0x18, 0x9a, 0xf8, 0xa4, 0x40, 0xa6, 0xf8, 0xfc, 0xf8, 0xff,
    0xf8, 0xf8, 0xf0, 0xf3, 0xf8, 0x90, 0x18, 0x9a, 0xf8, 0x8c, 0x18, 0x9a,
    0xf8, 0xd4, 0xa8, 0xcb, 0xf8, 0xfc, 0xf8, 0xff, 0xf8, 0xb4, 0x68, 0xb2,
    0xf8, 0x90, 0x18, 0x9a, 0xf8, 0x90, 0x18, 0x9a, 0xf8, 0xb4, 0x68, 0xb2,
    0xf8, 0xfc, 0xf8, 0xff, 0xf8, 0xd4, 0xa8, 0xcb, 0xf8, 0xb8, 0x68, 0xb2,
    0xf8, 0xfc, 0xf8, 0xff, 0xf8, 0xfc, 0xf8, 0xff, 0xf8, 0xf0, 0xe0, 0xeb,
    0xf8, 0xa4, 0x40, 0xa6, 0xf8, 0x8c, 0x18, 0x9a, 0xf8, 0x90, 0x18, 0x9a,
    0xf8, 0x98, 0x30, 0x9e, 0xf8, 0xf0, 0xe0, 0xeb, 0xf8, 0xfc, 0xf8, 0xff,
    0xf8, 0xf0, 0xe0, 0xeb, 0xf8, 0x98, 0x30, 0x9e, 0xf8, 0xa4, 0x40, 0xa6,
    0xf8, 0xfc, 0xf8, 0xff, 0xf8, 0xec, 0xd8, 0xe3, 0xf8, 0x90, 0x18, 0x9a,
    0xf8, 0x90, 0x18, 0x9a, 0xf8, 0x90, 0x18, 0x96, 0xf8, 0x8c, 0x18, 0x9a,
    0xf8, 0xe0, 0xc0, 0xd7, 0xf8, 0xfc, 0xf8, 0xff, 0xf8, 0xc4, 0x88, 0xbe,
    0xf8, 0x90, 0x18, 0x9a, 0xf8, 0xd4, 0xa8, 0xcb, 0xf8, 0xfc, 0xf8, 0xff,
    0xf8, 0xd4, 0xa8, 0xcb, 0xf8, 0x90, 0x18, 0x9a, 0xf8, 0x90, 0x18, 0x9a,
    0xf8, 0x90, 0x18, 0x96, 0xf8, 0x8c, 0x18, 0x9a, 0xf8, 0x90, 0x18, 0x9a,
    0xf8, 0x90, 0x10, 0x9a, 0xf8, 0x90, 0x18, 0x9a, 0xf8, 0x90, 0x18, 0x9a,
    0xf8, 0xdc, 0xb0, 0xd3, 0xf8, 0xfc, 0xf8, 0xff, 0xf8, 0xac, 0x58, 0xaa,
    0xf8, 0xd4, 0xa8, 0xcb, 0xf8, 0xfc, 0xf8, 0xff, 0xf8, 0xb8, 0x68, 0xb2,
    0xf8, 0x90, 0x18, 0x9a, 0xf8, 0x90, 0x18, 0x9a, 0xf8, 0xec, 0xd8, 0xe3,
    0xf8, 0xfc, 0xf8, 0xff, 0xf8, 0xd4, 0xa8, 0xcb, 0xf8, 0x8c, 0x18, 0x9a,
    0xf8, 0x8c, 0x18, 0x9a, 0xf8, 0x90, 0x18, 0x96, 0xf8, 0x8c, 0x18, 0x9a,
    0xf8, 0xe0, 0xc0, 0xd7, 0xf8, 0xfc, 0xf8, 0xff, 0xf8, 0xb8, 0x68, 0xb2,
    0xf8, 0x8c, 0x18, 0x9a, 0xf8, 0x90, 0x18, 0x9a, 0xf8, 0x8c, 0x18, 0x96,
    0xf8, 0x90, 0x18, 0x9a, 0xf8, 0x90, 0x18, 0x9a, 0xf8, 0x90, 0x18, 0x9a,
    0xf8, 0x90, 0x18, 0x9a, 0xf8, 0x8c, 0x10, 0x9a, 0xf8, 0x90, 0x18, 0x9a,
    0xf8, 0x90, 0x18, 0x96, 0xf8, 0x8c, 0x10, 0x9a, 0xf8, 0x90, 0x18, 0x9a,
    0xf8, 0x90, 0x18, 0x9a, 0xf8, 0x90, 0x18, 0x9a, 0xf8, 0x90, 0x18, 0x9a,
    0xf8, 0x90, 0x18, 0x96, 0xf8, 0x90, 0x18, 0x9a, 0xf8, 0x8c, 0x18, 0x30,
    0xf8, 0xa0, 0x20, 0x08, 0xf8, 0x90, 0x18, 0x92, 0xf8, 0x8c, 0x18, 0x9a,
    0xf8, 0x90, 0x18, 0x9a, 0xf8, 0x90, 0x18, 0x96, 0xf8, 0x90, 0x18, 0x9a,
    0xf8, 0x90, 0x18, 0x9a, 0xf8, 0x90, 0x18, 0x96, 0xf8, 0x90, 0x18, 0x9a,
    0xf8, 0x90, 0x18, 0x9a, 0xf8, 0x90, 0x18, 0x9a, 0xf8, 0x8c, 0x18, 0x9a,
    0xf8, 0x90, 0x18, 0x96, 0xf8, 0x90, 0x18, 0x9a, 0xf8, 0x90, 0x18, 0x9a,
    0xf8, 0x8c, 0x18, 0x9a, 0xf8, 0x90, 0x18, 0x9a, 0xf8, 0x90, 0x18, 0x96,
    0xf8, 0xfc, 0xf8, 0xff, 0xf8, 0xf8, 0xe8, 0xf3, 0xf8, 0x8c, 0x18, 0x9a,
    0xf8, 0x90, 0x18, 0x96, 0xf8, 0x90, 0x18, 0x9a, 0xf8, 0x8c, 0x18, 0x9a,
    0xf8, 0x90, 0x18, 0x96, 0xf8, 0xa4, 0x40, 0xa6, 0xf8, 0xfc, 0xf8, 0xff,
    0xf8, 0xec, 0xd8, 0xe3, 0xf8, 0x90, 0x18, 0x9a, 0xf8, 0x90, 0x18, 0x96,
    0xf8, 0x90, 0x18, 0x9a, 0xf8, 0x90, 0x18, 0x9a, 0xf8, 0x90, 0x18, 0x9a,
    0xf8, 0x90, 0x18, 0x9a, 0xf8, 0x90, 0x18, 0x9a, 0xf8, 0x8c, 0x18, 0x9a,
    0xf8, 0xcc, 0x98, 0xc7, 0xf8, 0xa4, 0x40, 0xa6, 0xf8, 0x90, 0x18, 0x9a,
    0xf8, 0x8c, 0x18, 0x9a, 0xf8, 0x90, 0x18, 0x96, 0xf8, 0x90, 0x18, 0x9a,
    0xf8, 0x90, 0x18, 0x9a, 0xf8, 0xe0, 0xc0, 0xd7, 0xf8, 0xfc, 0xf8, 0xff,
    0xf8, 0xc4, 0x88, 0xbe, 0xf8, 0x90, 0x18, 0x9a, 0xf8, 0x90, 0x18, 0x9a,
    0xf8, 0xd4, 0xa8, 0xcb, 0xf8, 0xfc, 0xf8, 0xff, 0xf8, 0xb8, 0x68, 0xb2,
    0xf8, 0x90, 0x18, 0x96, 0xf8, 0x8c, 0x18, 0x9a, 0xf8, 0xb8, 0x68, 0xb2,
    0xf8, 0xfc, 0xf8, 0xff, 0xf8, 0xd4, 0xa8, 0xcb, 0xf8, 0x8c, 0x18, 0x9a,
    0xf8, 0xa4, 0x48, 0xa6, 0xf8, 0x98, 0x30, 0x9e, 0xf8, 0x90, 0x18, 0x9a,
    0xf8, 0x90, 0x18, 0x9a, 0xf8, 0x90, 0x18, 0x9a, 0xf8, 0x90, 0x18, 0x96,
    0xf8, 0x90, 0x18, 0x9a, 0xf8, 0xec, 0xd8, 0xe7, 0xf8, 0xe4, 0xc0, 0xd7,
    0xf8, 0x98, 0x30, 0x9e, 0xf8, 0x90, 0x18, 0x9a, 0xf8, 0xa4, 0x48, 0xa6,
    0xf8, 0xfc, 0xf8, 0xff, 0xf8, 0xec, 0xd8, 0xe3, 0xf8, 0x90, 0x18, 0x9a,
    0xf8, 0x8c, 0x18, 0x9a, 0xf8, 0x90, 0x10, 0x96, 0xf8, 0xa4, 0x40, 0xa6,
    0xf8, 0xfc, 0xf8, 0xff, 0xf8, 0xf8, 0xf0, 0xf3, 0xf8, 0x90, 0x18, 0x9a,
    0xf8, 0x8c, 0x18, 0x9a, 0xf8, 0x98, 0x30, 0x9e, 0xf8, 0xfc, 0xf8, 0xf7,
    0xf8, 0xfc, 0xf8, 0xf7, 0xf8, 0x98, 0x30, 0x9e, 0xf8, 0x90, 0x10, 0x9a,
    0xf8, 0x90, 0x18, 0x9a, 0xf8, 0x90, 0x18, 0x9a, 0xf8, 0x8c, 0x18, 0x96,
    0xf8, 0x90, 0x18, 0x96, 0xf8, 0x90, 0x18, 0x9a, 0xf8, 0x90, 0x18, 0x96,
    0xf8, 0xf0, 0xe0, 0xeb, 0xf8, 0xf8, 0xf0, 0xf3, 0xf8, 0x90, 0x18, 0x9a,
    0xf8, 0xd4, 0xa8, 0xcb, 0xf8, 0xfc, 0xf8, 0xff, 0xf8, 0xb8, 0x68, 0xb2,
    0xf8, 0x90, 0x18, 0x9a, 0xf8, 0x90, 0x18, 0x9a, 0xf8, 0x98, 0x30, 0x9e,
    0xf8, 0xf0, 0xe0, 0xeb, 0xf8, 0xfc, 0xf8, 0xff, 0xf8, 0xcc, 0x98, 0xc7,
    0xf8, 0x90, 0x18, 0x9a, 0xf8, 0x90, 0x18, 0x9a, 0xf8, 0x90, 0x18, 0x9a,
    0xf8, 0xa4, 0x40, 0xa6, 0xf8, 0xfc, 0xf8, 0xff, 0xf8, 0xec, 0xd8, 0xe3,
    0xf8, 0x90, 0x18, 0x9a, 0xf8, 0x90, 0x18, 0x9a, 0xf8, 0x90, 0x18, 0x96,
    0xf8, 0x8c, 0x18, 0x9a, 0xf8, 0x90, 0x10, 0x9a, 0xf8, 0x90, 0x18, 0x96,
    0xf8, 0x8c, 0x18, 0x9a, 0xf8, 0x90, 0x18, 0x9a, 0xf8, 0x90, 0x18, 0x96,
    0xf8, 0x90, 0x18, 0x9a, 0xf8, 0x90, 0x18, 0x9a, 0xf8, 0x90, 0x18, 0x96,
    0xf8, 0x8c, 0x18, 0x9a, 0xf8, 0x90, 0x18, 0x9a, 0xf8, 0x8c, 0x18, 0x9a,
    0xf8, 0x90, 0x18, 0x9a, 0xf8, 0x90, 0x10, 0x92, 0xf8, 0xa0, 0x20, 0x08,
    0x00, 0x00, 0x00, 0x00, 0xf8, 0x8c, 0x18, 0x69, 0xf8, 0x90, 0x18, 0x9a,
    0xf8, 0x8c, 0x10, 0x9a, 0xf8, 0x90, 0x18, 0x9a, 0xf8, 0x8c, 0x18, 0x9a,
    0xf8, 0x90, 0x10, 0x96, 0xf8, 0x8c, 0x18, 0x9a, 0xf8, 0x90, 0x18, 0x9a,
    0xf8, 0x90, 0x10, 0x96, 0xf8, 0x8c, 0x18, 0x9a, 0xf8, 0x90, 0x18, 0x9a,
    0xf8, 0x90, 0x10, 0x9a, 0xf8, 0x8c, 0x18, 0x96, 0xf8, 0x90, 0x18, 0x9a,
    0xf8, 0x90, 0x10, 0x9a, 0xf8, 0x90, 0x18, 0x9a, 0xf8, 0x90, 0x18, 0x9a,
    0xf8, 0xc4, 0x88, 0xbe, 0xf8, 0xc0, 0x78, 0xba, 0xf8, 0x90, 0x18, 0x9a,
    0xf8, 0x90, 0x18, 0x9a, 0xf8, 0x90, 0x18, 0x9a, 0xf8, 0x90, 0x18, 0x9a,
    0xf8, 0x8c, 0x18, 0x9a, 0xf8, 0xa4, 0x40, 0xa6, 0xf8, 0xfc, 0xf8, 0xff,
    0xf8, 0xec, 0xd8, 0xe3, 0xf8, 0x8c, 0x18, 0x9a, 0xf8, 0x8c, 0x18, 0x9a,
    0xf8, 0x90, 0x18, 0x96, 0xf8, 0x8c, 0x18, 0x9a, 0xf8, 0x90, 0x18, 0x9a,
    0xf8, 0x90, 0x18, 0x96, 0xf8, 0x90, 0x18, 0x96, 0xf8, 0x90, 0x18, 0x9a,
    0xf8, 0xf0, 0xe0, 0xeb, 0xf8, 0xfc, 0xf8, 0xff, 0xf8, 0x90, 0x18, 0x9a,
    0xf8, 0x90, 0x18, 0x9a, 0xf8, 0x8c, 0x18, 0x9a, 0xf8, 0x90, 0x18, 0x9a,
    0xf8, 0xa4, 0x40, 0xa6, 0xf8, 0xfc, 0xf8, 0xff, 0xf8, 0xf8, 0xf0, 0xf3,
    0xf8, 0x90, 0x18, 0x9a, 0xf8, 0x8c, 0x18, 0x96, 0xf8, 0x90, 0x18, 0x9a,
    0xf8, 0xd4, 0xa8, 0xcb, 0xf8, 0xfc, 0xf8, 0xff, 0xf8, 0xb8, 0x68, 0xb2,
    0xf8, 0x90, 0x18, 0x9a, 0xf8, 0x90, 0x18, 0x9a, 0xf8, 0x90, 0x18, 0x9a,
    0xf8, 0x90, 0x18, 0x9a, 0xf8, 0x90, 0x18, 0x9a, 0xf8, 0x90, 0x18, 0x9a,
    0xf8, 0x90, 0x18, 0x9a, 0xf8, 0x90, 0x18, 0x9a, 0xf8, 0x90, 0x18, 0x9a,
    0xf8, 0xd4, 0xa8, 0xcb, 0xf8, 0xe0, 0xc0, 0xd7, 0xf8, 0x98, 0x30, 0x9e,
    0xf8, 0x90, 0x18, 0x9a, 0xf8, 0xa4, 0x40, 0xa6, 0xf8, 0x90, 0x18, 0x9a,
    0xf8, 0x90, 0x18, 0x9a, 0xf8, 0x90, 0x18, 0x9a, 0xf8, 0xa4, 0x40, 0xa6,
    0xf8, 0xfc, 0xf8, 0xff, 0xf8, 0xec, 0xd8, 0xe7, 0xf8, 0x90, 0x18, 0x9a,
    0xf8, 0x90, 0x18, 0x9a, 0xf8, 0x90, 0x18, 0x9a, 0xf8, 0xf8, 0xe8, 0xf3,
    0xf8, 0xfc, 0xf8, 0xff, 0xf8, 0xc8, 0x88, 0xbe, 0xf8, 0x90, 0x18, 0x9a,
    0xf8, 0x90, 0x18, 0x9a, 0xf8, 0x90, 0x18, 0x9a, 0xf8, 0xcc, 0x98, 0xc7,
    0xf8, 0xfc, 0xf8, 0xff, 0xf8, 0xe8, 0xd0, 0xdf, 0xf8, 0x8c, 0x18, 0x9a,
    0xf8, 0x90, 0x18, 0x9a, 0xf8, 0x90, 0x18, 0x9a, 0xf8, 0x8c, 0x10, 0x9a,
    0xf8, 0x90, 0x18, 0x9a, 0xf8, 0x8c, 0x18, 0x9a, 0xf8, 0xa4, 0x40, 0xa6,
    0xf8, 0xfc, 0xf8, 0xff, 0xf8, 0xe0, 0xc0, 0xd7, 0xf8, 0x90, 0x18, 0x9a,
    0xf8, 0xd4, 0xa8, 0xcb, 0xf8, 0xfc, 0xf8, 0xff, 0xf8, 0xb4, 0x68, 0xb2,
    0xf8, 0x90, 0x18, 0x9a, 0xf8, 0x90, 0x18, 0x9a, 0xf8, 0x90, 0x18, 0x9a,
    0xf8, 0xa4, 0x40, 0xa6, 0xf8, 0xf8, 0xf0, 0xf3, 0xf8, 0xec, 0xd8, 0xe3,
    0xf8, 0x9c, 0x30, 0x9e, 0xf8, 0x90, 0x18, 0x9a, 0xf8, 0xc8, 0x88, 0xbe,
    0xf8, 0x90, 0x18, 0x9a, 0xf8, 0xe0, 0xc0, 0xd7, 0xf8, 0xfc, 0xf8, 0xff,
    0xf8, 0xb8, 0x68, 0xb2, 0xf8, 0x90, 0x18, 0x9a, 0xf8, 0x90, 0x18, 0x9a,
    0xf8, 0x8c, 0x18, 0x9a, 0xf8, 0x90, 0x18, 0x9a, 0xf8, 0x90, 0x18, 0x96,
    0xf8, 0x90, 0x18, 0x9a, 0xf8, 0x90, 0x18, 0x9a, 0xf8, 0x8c, 0x18, 0x96,
    0xf8, 0x90, 0x18, 0x9a, 0xf8, 0x90, 0x18, 0x9a, 0xf8, 0x8c, 0x18, 0x9a,
    0xf8, 0x90, 0x10, 0x96, 0xf8, 0x90, 0x18, 0x9a, 0xf8, 0x90, 0x18, 0x96,
    0xf8, 0x8c, 0x18, 0x9a, 0xf8, 0x8c, 0x18, 0x69, 0x00, 0x00, 0x00, 0x00,
    0x00, 0x00, 0x00, 0x00, 0xf8, 0x8c, 0x18, 0x2c, 0xf8, 0x90, 0x18, 0x9a,
    0xf8, 0x90, 0x18, 0x9a, 0xf8, 0x90, 0x18, 0x96, 0xf8, 0x90, 0x18, 0x9a,
    0xf8, 0x8c, 0x18, 0x9a, 0xf8, 0x90, 0x18, 0x9a, 0xf8, 0x90, 0x18, 0x9a,
    0xf8, 0x8c, 0x18, 0x96, 0xf8, 0x90, 0x18, 0x9a, 0xf8, 0x90, 0x18, 0x9a,
    0xf8, 0x90, 0x18, 0x96, 0xf8, 0x90, 0x18, 0x9a, 0xf8, 0x8c, 0x18, 0x9a,
    0xf8, 0x90, 0x18, 0x96, 0xf8, 0x90, 0x18, 0x9a, 0xf8, 0x8c, 0x18, 0x9a,
    0xf8, 0x90, 0x18, 0x96, 0xf8, 0x90, 0x18, 0x9a, 0xf8, 0x90, 0x18, 0x96,
    0xf8, 0x8c, 0x18, 0x9a, 0xf8, 0x90, 0x18, 0x96, 0xf8, 0x90, 0x18, 0x9a,
    0xf8, 0x90, 0x18, 0x9a, 0xf8, 0xa4, 0x40, 0xa6, 0xf8, 0xfc, 0xf8, 0xff,
    0xf8, 0xec, 0xd8, 0xe3, 0xf8, 0x90, 0x18, 0x9a, 0xf8, 0x90, 0x18, 0x9a,
    0xf8, 0x90, 0x18, 0x9a, 0xf8, 0x90, 0x18, 0x96, 0xf8, 0x8c, 0x18, 0x9a,
    0xf8, 0x8c, 0x18, 0x9a, 0xf8, 0x90, 0x18, 0x9a, 0xf8, 0x90, 0x18, 0x9a,
    0xf8, 0xfc, 0xf8, 0xf7, 0xf8, 0xf8, 0xf0, 0xef, 0xf8, 0x90, 0x18, 0x9a,
    0xf8, 0x90, 0x18, 0x96, 0xf8, 0x90, 0x18, 0x9a, 0xf8, 0x8c, 0x18, 0x9a,
    0xf8, 0xf8, 0xe8, 0xef, 0xf8, 0xfc, 0xf8, 0xff, 0xf8, 0xc8, 0x88, 0xbe,
    0xf8, 0x90, 0x18, 0x9a, 0xf8, 0x90, 0x18, 0x9a, 0xf8, 0x90, 0x18, 0x9a,
    0xf8, 0xd4, 0xa8, 0xcb, 0xf8, 0xfc, 0xf8, 0xff, 0xf8, 0xb4, 0x68, 0xb2,
    0xf8, 0x90, 0x18, 0x9a, 0xf8, 0x8c, 0x18, 0x96, 0xf8, 0x90, 0x18, 0x9a,
    0xf8, 0x8c, 0x18, 0x96, 0xf8, 0x90, 0x18, 0x9a, 0xf8, 0x90, 0x18, 0x9a,
    0xf8, 0x90, 0x18, 0x96, 0xf8, 0x90, 0x18, 0x9a, 0xf8, 0x8c, 0x18, 0x9a,
    0xf8, 0xec, 0xd8, 0xe3, 0xf8, 0xfc, 0xf8, 0xff, 0xf8, 0x90, 0x18, 0x9a,
    0xf8, 0x90, 0x18, 0x9a, 0xf8, 0x90, 0x18, 0x9a, 0xf8, 0x90, 0x18, 0x9a,
    0xf8, 0x90, 0x18, 0x9a, 0xf8, 0x90, 0x18, 0x9a, 0xf8, 0xa4, 0x40, 0xa6,
    0xf8, 0xfc, 0xf8, 0xff, 0xf8, 0xec, 0xd8, 0xe3, 0xf8, 0x90, 0x18, 0x9a,
    0xf8, 0x8c, 0x18, 0x9a, 0xf8, 0xd4, 0xa8, 0xcb, 0xf8, 0xfc, 0xf8, 0xff,
    0xf8, 0xe0, 0xc0, 0xd7, 0xf8, 0x8c, 0x18, 0x9a, 0xf8, 0x90, 0x18, 0x9a,
    0xf8, 0x90, 0x18, 0x96, 0xf8, 0x90, 0x18, 0x9a, 0xf8, 0x90, 0x18, 0x9a,
    0xf8, 0xf0, 0xe0, 0xeb, 0xf8, 0xfc, 0xf8, 0xff, 0xf8, 0xd4, 0xa8, 0xcb,
    0xf8, 0x90, 0x18, 0x96, 0xf8, 0x90, 0x18, 0x9a, 0xf8, 0x90, 0x18, 0x9a,
    0xf8, 0x90, 0x18, 0x96, 0xf8, 0x90, 0x18, 0x9a, 0xf8, 0xe0, 0xc0, 0xd7,
    0xf8, 0xfc, 0xf8, 0xff, 0xf8, 0xc0, 0x78, 0xba, 0xf8, 0x90, 0x18, 0x9a,
    0xf8, 0xd4, 0xa8, 0xcb, 0xf8, 0xfc, 0xf8, 0xff, 0xf8, 0xb8, 0x68, 0xb2,
    0xf8, 0x8c, 0x18, 0x9a, 0xf8, 0x90, 0x18, 0x96, 0xf8, 0x90, 0x18, 0x9a,
    0xf8, 0x90, 0x18, 0x9a, 0xf8, 0x98, 0x30, 0x9e, 0xf8, 0x90, 0x18, 0x9a,
    0xf8, 0x90, 0x18, 0x9a, 0xf8, 0x8c, 0x18, 0x9a, 0xf8, 0xfc, 0xf8, 0xff,
    0xf8, 0xe0, 0xc0, 0xd7, 0xf8, 0xac, 0x58, 0xae, 0xf8, 0xfc, 0xf8, 0xff,
    0xf8, 0xec, 0xd8, 0xe3, 0xf8, 0x8c, 0x18, 0x9a, 0xf8, 0x90, 0x18, 0x9a,
    0xf8, 0x90, 0x18, 0x96, 0xf8, 0x8c, 0x18, 0x9a, 0xf8, 0x90, 0x18, 0x9a,
    0xf8, 0x90, 0x18, 0x9a, 0xf8, 0x8c, 0x10, 0x9a, 0xf8, 0x90, 0x18, 0x9a,
    0xf8, 0x90, 0x18, 0x9a, 0xf8, 0x8c, 0x10, 0x9a, 0xf8, 0x90, 0x18, 0x96,
    0xf8, 0x90, 0x18, 0x9a, 0xf8, 0x90, 0x18, 0x9a, 0xf8, 0x90, 0x18, 0x9a,
    0xf8, 0x90, 0x18, 0x9a, 0xf8, 0x8c, 0x18, 0x2c, 0x00, 0x00, 0x00, 0x00,
    0x00, 0x00, 0x00, 0x00, 0x00, 0x00, 0x00, 0x00, 0xf8, 0x8c, 0x18, 0x82,
    0xf8, 0x90, 0x18, 0x96, 0xf8, 0x90, 0x18, 0x9a, 0xf8, 0x90, 0x18, 0x9a,
    0xf8, 0x90, 0x18, 0x96, 0xf8, 0x90, 0x18, 0x9a, 0xf8, 0x90, 0x18, 0x9a,
    0xf8, 0x90, 0x18, 0x9a, 0xf8, 0x90, 0x18, 0x9a, 0xf8, 0x8c, 0x18, 0x96,
    0xf8, 0x90, 0x18, 0x9a, 0xf8, 0x90, 0x10, 0x9a, 0xf8, 0x90, 0x18, 0x9a,
    0xf8, 0x8c, 0x18, 0x96, 0xf8, 0x90, 0x18, 0x9a, 0xf8, 0x90, 0x18, 0x9a,
    0xf8, 0x90, 0x18, 0x9a, 0xf8, 0x90, 0x18, 0x9a, 0xf8, 0x8c, 0x18, 0x9a,
    0xf8, 0x90, 0x18, 0x96, 0xf8, 0x90, 0x18, 0x9a, 0xf8, 0x8c, 0x18, 0x9a,
    0xf8, 0x90, 0x18, 0x96, 0xf8, 0x98, 0x30, 0x9e, 0xf8, 0xfc, 0xf8, 0xff,
    0xf8, 0xfc, 0xf8, 0xf7, 0xf8, 0x90, 0x18, 0x9a, 0xf8, 0x90, 0x18, 0x9a,
    0xf8, 0x90, 0x10, 0x9a, 0xf8, 0x90, 0x18, 0x9a, 0xf8, 0x90, 0x18, 0x9a,
    0xf8, 0x90, 0x10, 0x9a, 0xf8, 0x8c, 0x18, 0x96, 0xf8, 0xc0, 0x78, 0xba,
    0xf8, 0xfc, 0xf8, 0xff, 0xf8, 0xec, 0xd8, 0xe3, 0xf8, 0x8c, 0x18, 0x9a,
    0xf8, 0x90, 0x18, 0x9a, 0xf8, 0x90, 0x18, 0x96, 0xf8, 0xc8, 0x88, 0xbe,
    0xf8, 0xfc, 0xf8, 0xff, 0xf8, 0xec, 0xd8, 0xe3, 0xf8, 0x8c, 0x18, 0x9a,
    0xf8, 0x90, 0x18, 0x9a, 0xf8, 0x90, 0x18, 0x9a, 0xf8, 0x8c, 0x18, 0x9a,
    0xf8, 0xc8, 0x88, 0xbe, 0xf8, 0xfc, 0xf8, 0xff, 0xf8, 0xc8, 0x88, 0xbe,
    0xf8, 0x90, 0x18, 0x9a, 0xf8, 0x90, 0x18, 0x9a, 0xf8, 0x8c, 0x18, 0x96,
    0xf8, 0x90, 0x18, 0x9a, 0xf8, 0x90, 0x18, 0x9a, 0xf8, 0x8c, 0x18, 0x96,
    0xf8, 0x8c, 0x18, 0x9a, 0xf8, 0x90, 0x18, 0x9a, 0xf8, 0x98, 0x30, 0x9e,
    0xf8, 0xfc, 0xf8, 0xf7, 0xf8, 0xf0, 0xe0, 0xeb, 0xf8, 0x90, 0x18, 0x9a,
    0xf8, 0x8c, 0x18, 0x9a, 0xf8, 0x90, 0x18, 0x96, 0xf8, 0x8c, 0x18, 0x9a,
    0xf8, 0x90, 0x18, 0x9a, 0xf8, 0x90, 0x18, 0x96, 0xf8, 0xa4, 0x40, 0xa6,
    0xf8, 0xfc, 0xf8, 0xff, 0xf8, 0xec, 0xd8, 0xe3, 0xf8, 0x90, 0x18, 0x9a,
    0xf8, 0xcc, 0x98, 0xc7, 0xf8, 0xfc, 0xf8, 0xff, 0xf8, 0xf8, 0xf0, 0xf3,
    0xf8, 0xa4, 0x40, 0xa6, 0xf8, 0x90, 0x18, 0x9a, 0xf8, 0x8c, 0x18, 0x9a,
    0xf8, 0x90, 0x18, 0x96, 0xf8, 0x90, 0x18, 0x9a, 0xf8, 0x90, 0x18, 0x9a,
    0xf8, 0xa4, 0x40, 0xa6, 0xf8, 0xf8, 0xe8, 0xf3, 0xf8, 0xfc, 0xf8, 0xff,
    0xf8, 0xd4, 0xa8, 0xcb, 0xf8, 0x8c, 0x18, 0x9a, 0xf8, 0x90, 0x18, 0x9a,
    0xf8, 0x90, 0x18, 0x9a, 0xf8, 0xa4, 0x40, 0xa6, 0xf8, 0xfc, 0xf8, 0xff,
    0xf8, 0xf8, 0xf0, 0xf3, 0xf8, 0x8c, 0x18, 0x9a, 0xf8, 0x90, 0x18, 0x9a,
    0xf8, 0xd4, 0xa8, 0xcb, 0xf8, 0xfc, 0xf8, 0xff, 0xf8, 0xc0, 0x78, 0xba,
    0xf8, 0x90, 0x18, 0x9a, 0xf8, 0x90, 0x18, 0x9a, 0xf8, 0x8c, 0x18, 0x96,
    0xf8, 0x90, 0x18, 0x9a, 0xf8, 0x90, 0x18, 0x9a, 0xf8, 0x90, 0x18, 0x9a,
    0xf8, 0x90, 0x18, 0x96, 0xf8, 0xb8, 0x68, 0xb2, 0xf8, 0xfc, 0xf8, 0xff,
    0xf8, 0xd4, 0xa8, 0xcb, 0xf8, 0x90, 0x18, 0x9a, 0xf8, 0xec, 0xd8, 0xe3,
    0xf8, 0xfc, 0xf8, 0xff, 0xf8, 0xa4, 0x40, 0xa6, 0xf8, 0x90, 0x18, 0x9a,
    0xf8, 0x90, 0x18, 0x9a, 0xf8, 0x90, 0x10, 0x96, 0xf8, 0x8c, 0x18, 0x9a,
    0xf8, 0x90, 0x18, 0x96, 0xf8, 0x90, 0x18, 0x9a, 0xf8, 0x90, 0x18, 0x9a,
    0xf8, 0x90, 0x18, 0x96, 0xf8, 0x90, 0x18, 0x9a, 0xf8, 0x90, 0x18, 0x9a,
    0xf8, 0x8c, 0x18, 0x9a, 0xf8, 0x8c, 0x18, 0x96, 0xf8, 0x90, 0x10, 0x9a,
    0xf8, 0x8c, 0x18, 0x82, 0x00, 0x00, 0x00, 0x00, 0x00, 0x00, 0x00, 0x00,
    0x00, 0x00, 0x00, 0x00, 0x00, 0x00, 0x00, 0x00, 0xf8, 0x90, 0x10, 0x30,
    0xf8, 0x90, 0x18, 0x9a, 0xf8, 0x90, 0x18, 0x9a, 0xf8, 0x8c, 0x10, 0x9a,
    0xf8, 0x90, 0x18, 0x96, 0xf8, 0x8c, 0x18, 0x9a, 0xf8, 0x90, 0x10, 0x9a,
    0xf8, 0x90, 0x18, 0x96, 0xf8, 0x8c, 0x18, 0x9a, 0xf8, 0x90, 0x10, 0x9a,
    0xf8, 0x90, 0x18, 0x9a, 0xf8, 0x8c, 0x18, 0x9a, 0xf8, 0x90, 0x18, 0x96,
    0xf8, 0x90, 0x18, 0x9a, 0xf8, 0x90, 0x10, 0x9a, 0xf8, 0x8c, 0x18, 0x96,
    0xf8, 0x90, 0x18, 0x9a, 0xf8, 0x90, 0x18, 0x9a, 0xf8, 0x90, 0x18, 0x9a,
    0xf8, 0x90, 0x10, 0x9a, 0xf8, 0x90, 0x18, 0x9a, 0xf8, 0x90, 0x18, 0x9a,
    0xf8, 0x90, 0x18, 0x9a, 0xf8, 0x90, 0x18, 0x9a, 0xf8, 0xec, 0xd8, 0xe3,
    0xf8, 0xfc, 0xf8, 0xff, 0xf8, 0xf8, 0xf8, 0xf7, 0xf8, 0xf4, 0xe8, 0xf3,
    0xf8, 0xf8, 0xe8, 0xef, 0xf8, 0xf4, 0xf0, 0xf3, 0xf8, 0xf8, 0xe8, 0xf3,
    0xf8, 0xf8, 0xf0, 0xef, 0xf8, 0xf8, 0xe8, 0xf3, 0xf8, 0xfc, 0xf8, 0xff,
    0xf8, 0xfc, 0xf8, 0xff, 0xf8, 0xc8, 0x88, 0xbe, 0xf8, 0x90, 0x18, 0x9a,
    0xf8, 0x8c, 0x18, 0x9a, 0xf8, 0x98, 0x30, 0x9e, 0xf8, 0xf8, 0xe8, 0xf3,
    0xf8, 0xfc, 0xf8, 0xff, 0xf8, 0xa4, 0x40, 0xa6, 0xf8, 0x90, 0x18, 0x9a,
    0xf8, 0x8c, 0x18, 0x9a, 0xf8, 0x90, 0x18, 0x96, 0xf8, 0x90, 0x18, 0x9a,
    0xf8, 0xb4, 0x68, 0xb2, 0xf8, 0xfc, 0xf8, 0xff, 0xf8, 0xf8, 0xf0, 0xf3,
    0xf8, 0xe8, 0xd0, 0xdf, 0xf8, 0xd4, 0xa8, 0xcb, 0xf8, 0xd4, 0xa8, 0xcb,
    0xf8, 0xd4, 0xa8, 0xcb, 0xf8, 0xd4, 0xa8, 0xcb, 0xf8, 0xd4, 0xa8, 0xcb,
    0xf8, 0xd4, 0xa8, 0xcb, 0xf8, 0xdc, 0xb0, 0xd3, 0xf8, 0xf0, 0xe0, 0xeb,
    0xf8, 0xfc, 0xf8, 0xff, 0xf8, 0xdc, 0xb0, 0xd3, 0xf8, 0x90, 0x18, 0x9a,
    0xf8, 0x90, 0x18, 0x9a, 0xf8, 0x8c, 0x18, 0x96, 0xf8, 0x90, 0x18, 0x9a,
    0xf8, 0x90, 0x18, 0x9a, 0xf8, 0x8c, 0x18, 0x9a, 0xf8, 0xa4, 0x40, 0xa6,
    0xf8, 0xfc, 0xf8, 0xff, 0xf8, 0xec, 0xd8, 0xe3, 0xf8, 0xcc, 0x98, 0xc7,
    0xf8, 0xfc, 0xf8, 0xff, 0xf8, 0xfc, 0xf8, 0xf7, 0xf8, 0xb0, 0x58, 0xaa,
    0xf8, 0x90, 0x18, 0x9a, 0xf8, 0x90, 0x18, 0x9a, 0xf8, 0x8c, 0x18, 0x9a,
    0xf8, 0x90, 0x18, 0x9a, 0xf8, 0x8c, 0x18, 0x9a, 0xf8, 0x90, 0x18, 0x96,
    0xf8, 0x90, 0x18, 0x9a, 0xf8, 0xac, 0x58, 0xaa, 0xf8, 0xfc, 0xf8, 0xf7,
    0xf8, 0xfc, 0xf8, 0xff, 0xf8, 0xe0, 0xc0, 0xd7, 0xf8, 0x98, 0x30, 0x9e,
    0xf8, 0x90, 0x18, 0x9a, 0xf8, 0xc4, 0x88, 0xbe, 0xf8, 0xfc, 0xf8, 0xff,
    0xf8, 0xc8, 0x88, 0xbe, 0xf8, 0x90, 0x18, 0x9a, 0xf8, 0x8c, 0x18, 0x9a,
    0xf8, 0xc0, 0x78, 0xba, 0xf8, 0xfc, 0xf8, 0xff, 0xf8, 0xfc, 0xf8, 0xf7,
    0xf8, 0xec, 0xd8, 0xe3, 0xf8, 0xec, 0xd8, 0xe3, 0xf8, 0xec, 0xd8, 0xe3,
    0xf8, 0xec, 0xd8, 0xe3, 0xf8, 0xec, 0xd8, 0xe3, 0xf8, 0xec, 0xd8, 0xe3,
    0xf8, 0xf0, 0xe0, 0xeb, 0xf8, 0xfc, 0xf8, 0xf7, 0xf8, 0xfc, 0xf8, 0xff,
    0xf8, 0xac, 0x58, 0xae, 0xf8, 0x90, 0x18, 0x9a, 0xf8, 0xd0, 0x98, 0xc3,
    0xf8, 0xfc, 0xf8, 0xff, 0xf8, 0xc8, 0x88, 0xbe, 0xf8, 0x90, 0x18, 0x9a,
    0xf8, 0x8c, 0x18, 0x9a, 0xf8, 0x90, 0x18, 0x9a, 0xf8, 0x90, 0x18, 0x9a,
    0xf8, 0x90, 0x18, 0x96, 0xf8, 0x8c, 0x18, 0x9a, 0xf8, 0x90, 0x18, 0x9a,
    0xf8, 0x8c, 0x18, 0x96, 0xf8, 0x90, 0x18, 0x9a, 0xf8, 0x90, 0x18, 0x9a,
    0xf8, 0x90, 0x18, 0x9a, 0xf8, 0x90, 0x18, 0x96, 0xf8, 0x90, 0x18, 0x9a,
    0xf8, 0x90, 0x10, 0x30, 0x00, 0x00, 0x00, 0x00, 0x00, 0x00, 0x00, 0x00,
    0x00, 0x00, 0x00, 0x00, 0x00, 0x00, 0x00, 0x00, 0x00, 0x00, 0x00, 0x00,
    0xf8, 0x90, 0x18, 0x71, 0xf8, 0x90, 0x18, 0x9a, 0xf8, 0x90, 0x18, 0x9a,
    0xf8, 0x8c, 0x18, 0x9a, 0xf8, 0x90, 0x18, 0x9a, 0xf8, 0x90, 0x18, 0x96,
    0xf8, 0x8c, 0x18, 0x9a, 0xf8, 0x90, 0x18, 0x9a, 0xf8, 0x90, 0x18, 0x96,
    0xf8, 0x90, 0x18, 0x9a, 0xf8, 0x90, 0x18, 0x9a, 0xf8, 0x8c, 0x18, 0x9a,
    0xf8, 0x90, 0x18, 0x9a, 0xf8, 0x90, 0x18, 0x9a, 0xf8, 0x8c, 0x18, 0x96,
    0xf8, 0x90, 0x18, 0x9a, 0xf8, 0x90, 0x18, 0x96, 0xf8, 0x8c, 0x18, 0x96,
    0xf8, 0x8c, 0x18, 0x9a, 0xf8, 0x90, 0x18, 0x96, 0xf8, 0x90, 0x18, 0x9a,
    0xf8, 0x8c, 0x18, 0x9a, 0xf8, 0x90, 0x18, 0x9a, 0xf8, 0xa4, 0x40, 0xa6,
    0xf8, 0xec, 0xd8, 0xe3, 0xf8, 0xf8, 0xf0, 0xf3, 0xf8, 0xfc, 0xf8, 0xff,
    0xf8, 0xfc, 0xf8, 0xff, 0xf8, 0xfc, 0xf8, 0xff, 0xf8, 0xfc, 0xf8, 0xff,
    0xf8, 0xfc, 0xf8, 0xff, 0xf8, 0xfc, 0xf8, 0xff, 0xf8, 0xf8, 0xf0, 0xf3,
    0xf8, 0xcc, 0x98, 0xc7, 0xf8, 0x90, 0x18, 0x9a, 0xf8, 0x90, 0x18, 0x9a,
    0xf8, 0x90, 0x18, 0x9a, 0xf8, 0x90, 0x18, 0x9a, 0xf8, 0xcc, 0x98, 0xc7,
    0xf8, 0xe0, 0xc0, 0xd7, 0xf8, 0x90, 0x18, 0x9a, 0xf8, 0x90, 0x18, 0x9a,
    0xf8, 0x90, 0x18, 0x9a, 0xf8, 0x90, 0x18, 0x96, 0xf8, 0x90, 0x18, 0x9a,
    0xf8, 0x90, 0x18, 0x9a, 0xf8, 0xdc, 0xb0, 0xd3, 0xf8, 0xf4, 0xf0, 0xf3,
    0xf8, 0xfc, 0xf8, 0xff, 0xf8, 0xfc, 0xf8, 0xff, 0xf8, 0xfc, 0xf8, 0xff,
    0xf8, 0xfc, 0xf8, 0xff, 0xf8, 0xfc, 0xf8, 0xff, 0xf8, 0xfc, 0xf8, 0xff,
    0xf8, 0xfc, 0xf8, 0xff, 0xf8, 0xfc, 0xf8, 0xff, 0xf8, 0xfc, 0xf8, 0xff,
    0xf8, 0xe8, 0xd0, 0xdf, 0xf8, 0x98, 0x30, 0x9e, 0xf8, 0x90, 0x18, 0x9a,
    0xf8, 0x90, 0x18, 0x9a, 0xf8, 0x90, 0x10, 0x9a, 0xf8, 0x90, 0x18, 0x9a,
    0xf8, 0x90, 0x18, 0x96, 0xf8, 0x8c, 0x18, 0x9a, 0xf8, 0xa4, 0x40, 0xa6,
    0xf8, 0xfc, 0xf8, 0xff, 0xf8, 0xf0, 0xe0, 0xeb, 0xf8, 0xe0, 0xc0, 0xd7,
    0xf8, 0xfc, 0xf8, 0xf7, 0xf8, 0xb0, 0x58, 0xaa, 0xf8, 0x8c, 0x18, 0x9a,
    0xf8, 0x90, 0x18, 0x9a, 0xf8, 0x90, 0x18, 0x96, 0xf8, 0x90, 0x18, 0x96,
    0xf8, 0x90, 0x18, 0x9a, 0xf8, 0x90, 0x10, 0x9a, 0xf8, 0x8c, 0x18, 0x9a,
    0xf8, 0x90, 0x18, 0x9a, 0xf8, 0x90, 0x18, 0x9a, 0xf8, 0xa4, 0x40, 0xa6,
    0xf8, 0xf8, 0xe8, 0xf3, 0xf8, 0xe8, 0xd0, 0xdf, 0xf8, 0x90, 0x18, 0x9a,
    0xf8, 0x90, 0x18, 0x9a, 0xf8, 0x90, 0x18, 0x9a, 0xf8, 0xa4, 0x40, 0xa6,
    0xf8, 0x90, 0x18, 0x9a, 0xf8, 0x90, 0x18, 0x96, 0xf8, 0x90, 0x18, 0x9a,
    0xf8, 0x90, 0x18, 0x9a, 0xf8, 0xc8, 0x88, 0xbe, 0xf8, 0xec, 0xd8, 0xe3,
    0xf8, 0xf0, 0xe0, 0xeb, 0xf8, 0xf8, 0xf0, 0xf3, 0xf8, 0xf8, 0xe8, 0xf3,
    0xf8, 0xf4, 0xe8, 0xf3, 0xf8, 0xf8, 0xf0, 0xf3, 0xf8, 0xf8, 0xe8, 0xf3,
    0xf8, 0xf4, 0xe8, 0xf3, 0xf8, 0xec, 0xd8, 0xe7, 0xf8, 0xcc, 0x98, 0xc7,
    0xf8, 0x90, 0x18, 0x9a, 0xf8, 0x90, 0x18, 0x9a, 0xf8, 0x98, 0x30, 0x9e,
    0xf8, 0x98, 0x30, 0x9e, 0xf8, 0x90, 0x18, 0x9a, 0xf8, 0x90, 0x18, 0x9a,
    0xf8, 0x90, 0x18, 0x96, 0xf8, 0x8c, 0x18, 0x9a, 0xf8, 0x90, 0x18, 0x9a,
    0xf8, 0x90, 0x10, 0x9a, 0xf8, 0x90, 0x18, 0x9a, 0xf8, 0x8c, 0x18, 0x9a,
    0xf8, 0x90, 0x10, 0x9a, 0xf8, 0x90, 0x18, 0x96, 0xf8, 0x8c, 0x18, 0x9a,
    0xf8, 0x90, 0x10, 0x9a, 0xf8, 0x90, 0x18, 0x9a, 0xf8, 0x90, 0x18, 0x71,
    0x00, 0x00, 0x00, 0x00, 0x00, 0x00, 0x00, 0x00, 0x00, 0x00, 0x00, 0x00,
    0x00, 0x00, 0x00, 0x00, 0x00, 0x00, 0x00, 0x00, 0x00, 0x00, 0x00, 0x00,
    0xf8, 0x90, 0x18, 0x14, 0xf8, 0x8c, 0x18, 0x92, 0xf8, 0x90, 0x18, 0x9a,
    0xf8, 0x90, 0x18, 0x96, 0xf8, 0x90, 0x18, 0x9a, 0xf8, 0x90, 0x18, 0x9a,
    0xf8, 0x90, 0x18, 0x9a, 0xf8, 0x90, 0x18, 0x9a, 0xf8, 0x8c, 0x18, 0x96,
    0xf8, 0x90, 0x18, 0x9a, 0xf8, 0x90, 0x10, 0x9a, 0xf8, 0x90, 0x18, 0x96,
    0xf8, 0x90, 0x18, 0x9a, 0xf8, 0x90, 0x18, 0x9a, 0xf8, 0x90, 0x10, 0x9a,
    0xf8, 0x90, 0x18, 0x9a, 0xf8, 0x90, 0x18, 0x9a, 0xf8, 0x90, 0x10, 0x9a,
    0xf8, 0x90, 0x18, 0x9a, 0xf8, 0x8c, 0x18, 0x9a, 0xf8, 0x90, 0x10, 0x96,
    0xf8, 0x90, 0x18, 0x9a, 0xf8, 0x8c, 0x18, 0x9a, 0xf8, 0x90, 0x18, 0x9a,
    0xf8, 0x90, 0x18, 0x9a, 0xf8, 0x90, 0x18, 0x9a, 0xf8, 0x90, 0x18, 0x9a,
    0xf8, 0x90, 0x18, 0x9a, 0xf8, 0x90, 0x18, 0x9a, 0xf8, 0x90, 0x18, 0x96,
    0xf8, 0x8c, 0x18, 0x9a, 0xf8, 0x90, 0x18, 0x9a, 0xf8, 0x90, 0x18, 0x96,
    0xf8, 0x8c, 0x18, 0x9a, 0xf8, 0x90, 0x18, 0x9a, 0xf8, 0x90, 0x18, 0x96,
    0xf8, 0x90, 0x18, 0x9a, 0xf8, 0x90, 0x18, 0x9a, 0xf8, 0x90, 0x18, 0x9a,
    0xf8, 0x8c, 0x18, 0x9a, 0xf8, 0x90, 0x18, 0x9a, 0xf8, 0x8c, 0x18, 0x9a,
    0xf8, 0x90, 0x18, 0x96, 0xf8, 0x8c, 0x18, 0x9a, 0xf8, 0x90, 0x18, 0x9a,
    0xf8, 0x90, 0x18, 0x96, 0xf8, 0x90, 0x18, 0x9a, 0xf8, 0x90, 0x18, 0x96,
    0xf8, 0x98, 0x30, 0x9e, 0xf8, 0xa4, 0x40, 0xa6, 0xf8, 0xa4, 0x40, 0xa6,
    0xf8, 0xa4, 0x40, 0xa6, 0xf8, 0xa4, 0x40, 0xa6, 0xf8, 0xa4, 0x40, 0xa6,
    0xf8, 0xa4, 0x40, 0xa6, 0xf8, 0xa4, 0x48, 0xa6, 0xf8, 0x90, 0x18, 0x9a,
    0xf8, 0x90, 0x18, 0x9a, 0xf8, 0x90, 0x18, 0x9a, 0xf8, 0x90, 0x18, 0x96,
    0xf8, 0x8c, 0x18, 0x9a, 0xf8, 0x90, 0x18, 0x9a, 0xf8, 0x90, 0x18, 0x96,
    0xf8, 0x8c, 0x18, 0x9a, 0xf8, 0x90, 0x18, 0x9a, 0xf8, 0x9c, 0x30, 0x9e,
    0xf8, 0xc8, 0x88, 0xbe, 0xf8, 0xc0, 0x80, 0xba, 0xf8, 0x90, 0x18, 0x9a,
    0xf8, 0xa4, 0x40, 0xa6, 0xf8, 0x90, 0x18, 0x9a, 0xf8, 0x8c, 0x18, 0x9a,
    0xf8, 0x90, 0x18, 0x9a, 0xf8, 0x90, 0x18, 0x9a, 0xf8, 0x8c, 0x18, 0x9a,
    0xf8, 0x90, 0x18, 0x96, 0xf8, 0x90, 0x18, 0x9a, 0xf8, 0x90, 0x18, 0x9a,
    0xf8, 0x8c, 0x18, 0x96, 0xf8, 0x90, 0x18, 0x9a, 0xf8, 0x90, 0x18, 0x9a,
    0xf8, 0x98, 0x30, 0x9e, 0xf8, 0x98, 0x30, 0x9e, 0xf8, 0x90, 0x18, 0x9a,
    0xf8, 0x90, 0x18, 0x9a, 0xf8, 0x8c, 0x18, 0x96, 0xf8, 0x90, 0x18, 0x9a,
    0xf8, 0x8c, 0x18, 0x9a, 0xf8, 0x90, 0x18, 0x9a, 0xf8, 0x90, 0x18, 0x96,
    0xf8, 0x8c, 0x18, 0x9a, 0xf8, 0x90, 0x18, 0x9a, 0xf8, 0x8c, 0x18, 0x9a,
    0xf8, 0x90, 0x18, 0x9a, 0xf8, 0x90, 0x18, 0x9a, 0xf8, 0x90, 0x18, 0x9a,
    0xf8, 0x90, 0x18, 0x9a, 0xf8, 0x90, 0x18, 0x9a, 0xf8, 0x90, 0x18, 0x9a,
    0xf8, 0x90, 0x18, 0x9a, 0xf8, 0x90, 0x18, 0x9a, 0xf8, 0x90, 0x18, 0x96,
    0xf8, 0x8c, 0x18, 0x9a, 0xf8, 0x90, 0x18, 0x9a, 0xf8, 0x90, 0x18, 0x9a,
    0xf8, 0x90, 0x18, 0x9a, 0xf8, 0x8c, 0x18, 0x9a, 0xf8, 0x90, 0x18, 0x9a,
    0xf8, 0x90, 0x18, 0x9a, 0xf8, 0x90, 0x18, 0x96, 0xf8, 0x8c, 0x18, 0x9a,
    0xf8, 0x90, 0x18, 0x9a, 0xf8, 0x90, 0x18, 0x96, 0xf8, 0x90, 0x18, 0x9a,
    0xf8, 0x90, 0x18, 0x9a, 0xf8, 0x90, 0x18, 0x9a, 0xf8, 0x8c, 0x18, 0x96,
    0xf8, 0x90, 0x18, 0x9a, 0xf8, 0x8c, 0x18, 0x92, 0xf8, 0x90, 0x18, 0x14,
    0x00, 0x00, 0x00, 0x00, 0x00, 0x00, 0x00, 0x00, 0x00, 0x00, 0x00, 0x00,
    0x00, 0x00, 0x00, 0x00, 0x00, 0x00, 0x00, 0x00, 0x00, 0x00, 0x00, 0x00,
    0x00, 0x00, 0x00, 0x00, 0xf8, 0x90, 0x10, 0x3c, 0xf8, 0x90, 0x18, 0x9a,
    0xf8, 0x90, 0x18, 0x9a, 0xf8, 0x8c, 0x10, 0x96, 0xf8, 0x90, 0x18, 0x9a,
    0xf8, 0x90, 0x18, 0x9a, 0xf8, 0x8c, 0x10, 0x96, 0xf8, 0x90, 0x18, 0x9a,
    0xf8, 0x90, 0x18, 0x9a, 0xf8, 0x8c, 0x18, 0x96, 0xf8, 0x90, 0x18, 0x9a,
    0xf8, 0x8c, 0x18, 0x9a, 0xf8, 0x90, 0x18, 0x96, 0xf8, 0x8c, 0x18, 0x9a,
    0xf8, 0x8c, 0x18, 0x9a, 0xf8, 0x90, 0x18, 0x96, 0xf8, 0x90, 0x18, 0x9a,
    0xf8, 0x90, 0x18, 0x9a, 0xf8, 0x90, 0x18, 0x9a, 0xf8, 0x90, 0x18, 0x96,
    0xf8, 0x90, 0x18, 0x9a, 0xf8, 0x90, 0x18, 0x9a, 0xf8, 0x90, 0x18, 0x96,
    0xf8, 0x8c, 0x18, 0x9a, 0xf8, 0x90, 0x18, 0x9a, 0xf8, 0x90, 0x18, 0x96,
    0xf8, 0x8c, 0x18, 0x9a, 0xf8, 0x90, 0x18, 0x9a, 0xf8, 0x90, 0x18, 0x9a,
    0xf8, 0x8c, 0x18, 0x9a, 0xf8, 0x90, 0x18, 0x9a, 0xf8, 0x90, 0x18, 0x96,
    0xf8, 0x90, 0x18, 0x9a, 0xf8, 0x8c, 0x18, 0x9a, 0xf8, 0x90, 0x18, 0x96,
    0xf8, 0x8c, 0x10, 0x9a, 0xf8, 0x90, 0x18, 0x96, 0xf8, 0x90, 0x18, 0x9a,
    0xf8, 0x90, 0x18, 0x9a, 0xf8, 0x90, 0x18, 0x96, 0xf8, 0x90, 0x18, 0x9a,
    0xf8, 0x8c, 0x18, 0x9a, 0xf8, 0x90, 0x10, 0x9a, 0xf8, 0x90, 0x18, 0x9a,
    0xf8, 0x8c, 0x18, 0x9a, 0xf8, 0x90, 0x18, 0x9a, 0xf8, 0x90, 0x18, 0x9a,
    0xf8, 0x90, 0x18, 0x9a, 0xf8, 0x90, 0x18, 0x9a, 0xf8, 0x90, 0x18, 0x9a,
    0xf8, 0x90, 0x18, 0x9a, 0xf8, 0x90, 0x18, 0x9a, 0xf8, 0x90, 0x18, 0x9a,
    0xf8, 0x90, 0x18, 0x9a, 0xf8, 0x90, 0x18, 0x9a, 0xf8, 0x90, 0x18, 0x9a,
    0xf8, 0x8c, 0x18, 0x9a, 0xf8, 0x90, 0x18, 0x9a, 0xf8, 0x90, 0x18, 0x9a,
    0xf8, 0x8c, 0x18, 0x96, 0xf8, 0x90, 0x18, 0x9a, 0xf8, 0x90, 0x18, 0x9a,
    0xf8, 0x90, 0x18, 0x9a, 0xf8, 0x90, 0x18, 0x9a, 0xf8, 0x90, 0x18, 0x9a,
    0xf8, 0x8c, 0x18, 0x9a, 0xf8, 0x90, 0x18, 0x9a, 0xf8, 0x90, 0x18, 0x9a,
    0xf8, 0x90, 0x18, 0x9a, 0xf8, 0x90, 0x18, 0x9a, 0xf8, 0x90, 0x18, 0x9a,
    0xf8, 0x8c, 0x18, 0x96, 0xf8, 0x90, 0x10, 0x9a, 0xf8, 0x90, 0x18, 0x9a,
    0xf8, 0x8c, 0x18, 0x9a, 0xf8, 0x90, 0x18, 0x9a, 0xf8, 0x90, 0x18, 0x96,
    0xf8, 0x90, 0x18, 0x9a, 0xf8, 0x8c, 0x18, 0x9a, 0xf8, 0x90, 0x18, 0x9a,
    0xf8, 0x90, 0x18, 0x9a, 0xf8, 0x90, 0x18, 0x9a, 0xf8, 0x8c, 0x18, 0x96,
    0xf8, 0x90, 0x18, 0x9a, 0xf8, 0x90, 0x18, 0x9a, 0xf8, 0x90, 0x18, 0x96,
    0xf8, 0x8c, 0x18, 0x9a, 0xf8, 0x90, 0x18, 0x9a, 0xf8, 0x90, 0x18, 0x9a,
    0xf8, 0x8c, 0x18, 0x9a, 0xf8, 0x90, 0x18, 0x9a, 0xf8, 0x90, 0x18, 0x9a,
    0xf8, 0x8c, 0x18, 0x9a, 0xf8, 0x90, 0x18, 0x9a, 0xf8, 0x8c, 0x18, 0x9a,
    0xf8, 0x90, 0x18, 0x9a, 0xf8, 0x8c, 0x18, 0x96, 0xf8, 0x8c, 0x18, 0x9a,
    0xf8, 0x90, 0x18, 0x9a, 0xf8, 0x90, 0x18, 0x96, 0xf8, 0x90, 0x18, 0x9a,
    0xf8, 0x90, 0x18, 0x9a, 0xf8, 0x8c, 0x18, 0x96, 0xf8, 0x90, 0x18, 0x9a,
    0xf8, 0x90, 0x18, 0x9a, 0xf8, 0x90, 0x18, 0x96, 0xf8, 0x8c, 0x10, 0x9a,
    0xf8, 0x90, 0x18, 0x9a, 0xf8, 0x90, 0x18, 0x9a, 0xf8, 0x90, 0x10, 0x96,
    0xf8, 0x8c, 0x18, 0x9a, 0xf8, 0x90, 0x18, 0x9a, 0xf8, 0x90, 0x18, 0x96,
    0xf8, 0x8c, 0x18, 0x9a, 0xf8, 0x90, 0x18, 0x9a, 0xf8, 0x90, 0x18, 0x9a,
    0xf8, 0x90, 0x18, 0x96, 0xf8, 0x8c, 0x10, 0x3c, 0x00, 0x00, 0x00, 0x00,
    0x00, 0x00, 0x00, 0x00, 0x00, 0x00, 0x00, 0x00, 0x00, 0x00, 0x00, 0x00,
    0x00, 0x00, 0x00, 0x00, 0x00, 0x00, 0x00, 0x00, 0x00, 0x00, 0x00, 0x00,
    0x00, 0x00, 0x00, 0x00, 0x00, 0x00, 0x00, 0x00, 0xf8, 0x90, 0x18, 0x51,
    0xf8, 0x90, 0x18, 0x9a, 0xf8, 0x90, 0x18, 0x9a, 0xf8, 0x8c, 0x18, 0x96,
    0xf8, 0x90, 0x18, 0x9a, 0xf8, 0x90, 0x18, 0x9a, 0xf8, 0x90, 0x18, 0x9a,
    0xf8, 0x90, 0x18, 0x9a, 0xf8, 0x90, 0x18, 0x9a, 0xf8, 0x8c, 0x18, 0x9a,
    0xf8, 0x90, 0x10, 0x96, 0xf8, 0x90, 0x18, 0x9a, 0xf8, 0x90, 0x18, 0x9a,
    0xf8, 0x90, 0x18, 0x96, 0xf8, 0x8c, 0x18, 0x9a, 0xf8, 0x90, 0x18, 0x9a,
    0xf8, 0x8c, 0x18, 0x96, 0xf8, 0x90, 0x18, 0x9a, 0xf8, 0x8c, 0x18, 0x9a,
    0xf8, 0x90, 0x18, 0x9a, 0xf8, 0x90, 0x18, 0x96, 0xf8, 0x8c, 0x10, 0x9a,
    0xf8, 0x90, 0x18, 0x9a, 0xf8, 0x90, 0x18, 0x9a, 0xf8, 0x8c, 0x18, 0x96,
    0xf8, 0x90, 0x18, 0x9a, 0xf8, 0x90, 0x18, 0x9a, 0xf8, 0x90, 0x18, 0x96,
    0xf8, 0x90, 0x18, 0x9a, 0xf8, 0x8c, 0x18, 0x9a, 0xf8, 0x90, 0x18, 0x9a,
    0xf8, 0x90, 0x18, 0x9a, 0xf8, 0x90, 0x18, 0x9a, 0xf8, 0x90, 0x18, 0x9a,
    0xf8, 0x8c, 0x18, 0x9a, 0xf8, 0x90, 0x18, 0x9a, 0xf8, 0x90, 0x18, 0x96,
    0xf8, 0x8c, 0x18, 0x9a, 0xf8, 0x90, 0x18, 0x9a, 0xf8, 0x90, 0x18, 0x96,
    0xf8, 0x90, 0x18, 0x9a, 0xf8, 0x90, 0x18, 0x9a, 0xf8, 0x90, 0x18, 0x96,
    0xf8, 0x8c, 0x18, 0x9a, 0xf8, 0x90, 0x10, 0x9a, 0xf8, 0x90, 0x18, 0x96,
    0xf8, 0x8c, 0x18, 0x9a, 0xf8, 0x90, 0x18, 0x9a, 0xf8, 0x8c, 0x18, 0x9a,
    0xf8, 0x90, 0x18, 0x9a, 0xf8, 0x8c, 0x18, 0x9a, 0xf8, 0x90, 0x18, 0x9a,
    0xf8, 0x90, 0x18, 0x96, 0xf8, 0x8c, 0x18, 0x9a, 0xf8, 0x90, 0x18, 0x96,
    0xf8, 0x90, 0x18, 0x9a, 0xf8, 0x90, 0x10, 0x9a, 0xf8, 0x90, 0x18, 0x9a,
    0xf8, 0x90, 0x18, 0x9a, 0xf8, 0x8c, 0x10, 0x96, 0xf8, 0x90, 0x18, 0x9a,
    0xf8, 0x90, 0x18, 0x9a, 0xf8, 0x8c, 0x18, 0x96, 0xf8, 0x90, 0x18, 0x9a,
    0xf8, 0x90, 0x18, 0x9a, 0xf8, 0x8c, 0x18, 0x9a, 0xf8, 0x90, 0x18, 0x9a,
    0xf8, 0x8c, 0x18, 0x96, 0xf8, 0x90, 0x18, 0x9a, 0xf8, 0x90, 0x18, 0x9a,
    0xf8, 0x90, 0x18, 0x9a, 0xf8, 0x90, 0x18, 0x96, 0xf8, 0x90, 0x18, 0x9a,
    0xf8, 0x8c, 0x18, 0x9a, 0xf8, 0x90, 0x10, 0x96, 0xf8, 0x90, 0x18, 0x9a,
    0xf8, 0x90, 0x18, 0x9a, 0xf8, 0x90, 0x10, 0x96, 0xf8, 0x8c, 0x18, 0x9a,
    0xf8, 0x90, 0x18, 0x9a, 0xf8, 0x90, 0x10, 0x9a, 0xf8, 0x90, 0x18, 0x9a,
    0xf8, 0x8c, 0x18, 0x9a, 0xf8, 0x90, 0x10, 0x9a, 0xf8, 0x90, 0x18, 0x9a,
    0xf8, 0x90, 0x18, 0x96, 0xf8, 0x90, 0x18, 0x9a, 0xf8, 0x90, 0x18, 0x9a,
    0xf8, 0x90, 0x18, 0x96, 0xf8, 0x90, 0x18, 0x96, 0xf8, 0x90, 0x18, 0x9a,
    0xf8, 0x90, 0x18, 0x9a, 0xf8, 0x90, 0x18, 0x96, 0xf8, 0x90, 0x18, 0x9a,
    0xf8, 0x90, 0x18, 0x9a, 0xf8, 0x90, 0x18, 0x9a, 0xf8, 0x90, 0x18, 0x96,
    0xf8, 0x8c, 0x18, 0x9a, 0xf8, 0x90, 0x18, 0x9a, 0xf8, 0x90, 0x18, 0x9a,
    0xf8, 0x8c, 0x18, 0x9a, 0xf8, 0x90, 0x10, 0x96, 0xf8, 0x90, 0x18, 0x9a,
    0xf8, 0x90, 0x18, 0x9a, 0xf8, 0x90, 0x18, 0x96, 0xf8, 0x90, 0x18, 0x9a,
    0xf8, 0x8c, 0x18, 0x9a, 0xf8, 0x90, 0x18, 0x96, 0xf8, 0x90, 0x18, 0x9a,
    0xf8, 0x90, 0x18, 0x9a, 0xf8, 0x8c, 0x18, 0x9a, 0xf8, 0x90, 0x10, 0x96,
    0xf8, 0x90, 0x18, 0x9a, 0xf8, 0x8c, 0x18, 0x9a, 0xf8, 0x90, 0x10, 0x9a,
    0xf8, 0x90, 0x18, 0x51, 0x00, 0x00, 0x00, 0x00, 0x00, 0x00, 0x00, 0x00,
    0x00, 0x00, 0x00, 0x00, 0x00, 0x00, 0x00, 0x00, 0x00, 0x00, 0x00, 0x00,
    0x00, 0x00, 0x00, 0x00, 0x00, 0x00, 0x00, 0x00, 0x00, 0x00, 0x00, 0x00,
    0x00, 0x00, 0x00, 0x00, 0x00, 0x00, 0x00, 0x00, 0x00, 0x00, 0x00, 0x00,
    0xf8, 0x90, 0x18, 0x59, 0xf8, 0x90, 0x18, 0x9a, 0xf8, 0x90, 0x10, 0x9a,
    0xf8, 0x8c, 0x18, 0x9a, 0xf8, 0x90, 0x18, 0x96, 0xf8, 0x8c, 0x18, 0x9a,
    0xf8, 0x90, 0x10, 0x96, 0xf8, 0x90, 0x18, 0x9a, 0xf8, 0x90, 0x18, 0x9a,
    0xf8, 0x90, 0x18, 0x9a, 0xf8, 0x90, 0x18, 0x9a, 0xf8, 0x90, 0x18, 0x9a,
    0xf8, 0x90, 0x10, 0x9a, 0xf8, 0x90, 0x18, 0x9a, 0xf8, 0x90, 0x18, 0x9a,
    0xf8, 0x90, 0x10, 0x96, 0xf8, 0x8c, 0x18, 0x9a, 0xf8, 0x90, 0x18, 0x9a,
    0xf8, 0x90, 0x10, 0x9a, 0xf8, 0x8c, 0x18, 0x9a, 0xf8, 0x90, 0x18, 0x96,
    0xf8, 0x90, 0x18, 0x9a, 0xf8, 0x90, 0x18, 0x9a, 0xf8, 0x90, 0x10, 0x9a,
    0xf8, 0x8c, 0x18, 0x9a, 0xf8, 0x90, 0x18, 0x96, 0xf8, 0x90, 0x10, 0x9a,
    0xf8, 0x90, 0x18, 0x9a, 0xf8, 0x90, 0x18, 0x96, 0xf8, 0x8c, 0x10, 0x9a,
    0xf8, 0x90, 0x18, 0x96, 0xf8, 0x90, 0x18, 0x9a, 0xf8, 0x90, 0x10, 0x9a,
    0xf8, 0x90, 0x18, 0x96, 0xf8, 0x8c, 0x18, 0x9a, 0xf8, 0x90, 0x10, 0x9a,
    0xf8, 0x90, 0x18, 0x9a, 0xf8, 0x8c, 0x18, 0x9a, 0xf8, 0x90, 0x10, 0x9a,
    0xf8, 0x90, 0x18, 0x96, 0xf8, 0x8c, 0x18, 0x9a, 0xf8, 0x90, 0x18, 0x9a,
    0xf8, 0x90, 0x18, 0x96, 0xf8, 0x90, 0x18, 0x9a, 0xf8, 0x8c, 0x18, 0x9a,
    0xf8, 0x90, 0x18, 0x96, 0xf8, 0x90, 0x18, 0x9a, 0xf8, 0x90, 0x18, 0x96,
    0xf8, 0x90, 0x18, 0x96, 0xf8, 0x8c, 0x18, 0x9a, 0xf8, 0x90, 0x18, 0x9a,
    0xf8, 0x90, 0x18, 0x9a, 0xf8, 0x8c, 0x18, 0x9a, 0xf8, 0x90, 0x18, 0x9a,
    0xf8, 0x90, 0x18, 0x96, 0xf8, 0x8c, 0x18, 0x96, 0xf8, 0x90, 0x18, 0x9a,
    0xf8, 0x90, 0x18, 0x9a, 0xf8, 0x90, 0x18, 0x9a, 0xf8, 0x8c, 0x18, 0x96,
    0xf8, 0x90, 0x10, 0x9a, 0xf8, 0x90, 0x18, 0x9a, 0xf8, 0x90, 0x18, 0x96,
    0xf8, 0x90, 0x18, 0x9a, 0xf8, 0x90, 0x18, 0x96, 0xf8, 0x90, 0x18, 0x9a,
    0xf8, 0x8c, 0x18, 0x9a, 0xf8, 0x90, 0x18, 0x96, 0xf8, 0x90, 0x10, 0x9a,
    0xf8, 0x8c, 0x18, 0x9a, 0xf8, 0x90, 0x18, 0x9a, 0xf8, 0x90, 0x18, 0x9a,
    0xf8, 0x90, 0x18, 0x96, 0xf8, 0x8c, 0x18, 0x9a, 0xf8, 0x90, 0x18, 0x9a,
    0xf8, 0x90, 0x18, 0x9a, 0xf8, 0x8c, 0x18, 0x96, 0xf8, 0x90, 0x18, 0x9a,
    0xf8, 0x90, 0x18, 0x96, 0xf8, 0x90, 0x18, 0x96, 0xf8, 0x90, 0x18, 0x9a,
    0xf8, 0x90, 0x18, 0x96, 0xf8, 0x8c, 0x18, 0x9a, 0xf8, 0x90, 0x18, 0x9a,
    0xf8, 0x90, 0x18, 0x9a, 0xf8, 0x8c, 0x10, 0x96, 0xf8, 0x8c, 0x18, 0x9a,
    0xf8, 0x90, 0x18, 0x9a, 0xf8, 0x90, 0x18, 0x9a, 0xf8, 0x8c, 0x18, 0x9a,
    0xf8, 0x90, 0x18, 0x96, 0xf8, 0x90, 0x18, 0x9a, 0xf8, 0x8c, 0x18, 0x9a,
    0xf8, 0x90, 0x18, 0x96, 0xf8, 0x90, 0x18, 0x9a, 0xf8, 0x90, 0x18, 0x9a,
    0xf8, 0x90, 0x18, 0x9a, 0xf8, 0x8c, 0x10, 0x96, 0xf8, 0x90, 0x18, 0x9a,
    0xf8, 0x90, 0x18, 0x9a, 0xf8, 0x90, 0x18, 0x9a, 0xf8, 0x8c, 0x18, 0x9a,
    0xf8, 0x8c, 0x18, 0x9a, 0xf8, 0x90, 0x10, 0x9a, 0xf8, 0x90, 0x18, 0x9a,
    0xf8, 0x90, 0x18, 0x9a, 0xf8, 0x8c, 0x18, 0x9a, 0xf8, 0x90, 0x18, 0x9a,
    0xf8, 0x90, 0x18, 0x9a, 0xf8, 0x90, 0x18, 0x96, 0xf8, 0x90, 0x18, 0x9a,
    0xf8, 0x90, 0x18, 0x9a, 0xf8, 0x90, 0x18, 0x96, 0xf8, 0x90, 0x18, 0x59,
    0x00, 0x00, 0x00, 0x00, 0x00, 0x00, 0x00, 0x00, 0x00, 0x00, 0x00, 0x00,
    0x00, 0x00, 0x00, 0x00, 0x00, 0x00, 0x00, 0x00, 0x00, 0x00, 0x00, 0x00,
    0x00, 0x00, 0x00, 0x00, 0x00, 0x00, 0x00, 0x00, 0x00, 0x00, 0x00, 0x00,
    0x00, 0x00, 0x00, 0x00, 0x00, 0x00, 0x00, 0x00, 0x00, 0x00, 0x00, 0x00,
    0x00, 0x00, 0x00, 0x00, 0xf8, 0x90, 0x10, 0x51, 0xf8, 0x90, 0x18, 0x9a,
    0xf8, 0x90, 0x18, 0x96, 0xf8, 0x90, 0x18, 0x9a, 0xf8, 0x90, 0x18, 0x9a,
    0xf8, 0x8c, 0x18, 0x9a, 0xf8, 0x90, 0x18, 0x96, 0xf8, 0x8c, 0x18, 0x9a,
    0xf8, 0x90, 0x18, 0x96, 0xf8, 0x8c, 0x18, 0x9a, 0xf8, 0x8c, 0x18, 0x96,
    0xf8, 0x90, 0x18, 0x9a, 0xf8, 0x90, 0x18, 0x9a, 0xf8, 0x8c, 0x18, 0x96,
    0xf8, 0x90, 0x18, 0x9a, 0xf8, 0x90, 0x18, 0x9a, 0xf8, 0x90, 0x18, 0x96,
    0xf8, 0x90, 0x18, 0x9a, 0xf8, 0x90, 0x18, 0x9a, 0xf8, 0x90, 0x18, 0x9a,
    0xf8, 0x8c, 0x18, 0x96, 0xf8, 0x90, 0x18, 0x9a, 0xf8, 0x90, 0x18, 0x9a,
    0xf8, 0x90, 0x18, 0x96, 0xf8, 0x8c, 0x18, 0x9a, 0xf8, 0x8c, 0x18, 0x9a,
    0xf8, 0x90, 0x18, 0x9a, 0xf8, 0x90, 0x18, 0x9a, 0xf8, 0x90, 0x18, 0x96,
    0xf8, 0x8c, 0x18, 0x9a, 0xf8, 0x90, 0x18, 0x9a, 0xf8, 0x8c, 0x18, 0x96,
    0xf8, 0x90, 0x18, 0x9a, 0xf8, 0x90, 0x18, 0x9a, 0xf8, 0x90, 0x18, 0x96,
    0xf8, 0x90, 0x18, 0x9a, 0xf8, 0x8c, 0x18, 0x9a, 0xf8, 0x90, 0x18, 0x96,
    0xf8, 0x90, 0x18, 0x9a, 0xf8, 0x8c, 0x18, 0x9a, 0xf8, 0x90, 0x10, 0x9a,
    0xf8, 0x90, 0x18, 0x9a, 0xf8, 0x8c, 0x18, 0x9a, 0xf8, 0x90, 0x18, 0x9a,
    0xf8, 0x90, 0x18, 0x9a, 0xf8, 0x8c, 0x18, 0x9a, 0xf8, 0x90, 0x18, 0x9a,
    0xf8, 0x90, 0x18, 0x9a, 0xf8, 0x90, 0x18, 0x96, 0xf8, 0x90, 0x18, 0x9a,
    0xf8, 0x90, 0x18, 0x96, 0xf8, 0x90, 0x18, 0x9a, 0xf8, 0x90, 0x10, 0x9a,
    0xf8, 0x8c, 0x18, 0x9a, 0xf8, 0x90, 0x18, 0x9a, 0xf8, 0x90, 0x18, 0x96,
    0xf8, 0x8c, 0x18, 0x9a, 0xf8, 0x90, 0x18, 0x9a, 0xf8, 0x90, 0x18, 0x9a,
    0xf8, 0x8c, 0x18, 0x9a, 0xf8, 0x90, 0x18, 0x9a, 0xf8, 0x8c, 0x18, 0x9a,
    0xf8, 0x90, 0x10, 0x9a, 0xf8, 0x90, 0x18, 0x9a, 0xf8, 0x90, 0x18, 0x9a,
    0xf8, 0x90, 0x18, 0x9a, 0xf8, 0x90, 0x18, 0x9a, 0xf8, 0x8c, 0x18, 0x96,
    0xf8, 0x90, 0x18, 0x9a, 0xf8, 0x8c, 0x18, 0x9a, 0xf8, 0x90, 0x10, 0x96,
    0xf8, 0x90, 0x18, 0x9a, 0xf8, 0x90, 0x18, 0x9a, 0xf8, 0x8c, 0x18, 0x9a,
    0xf8, 0x90, 0x18, 0x9a, 0xf8, 0x90, 0x18, 0x9a, 0xf8, 0x90, 0x18, 0x9a,
    0xf8, 0x8c, 0x18, 0x9a, 0xf8, 0x8c, 0x18, 0x9a, 0xf8, 0x90, 0x18, 0x9a,
    0xf8, 0x90, 0x18, 0x9a, 0xf8, 0x90, 0x18, 0x96, 0xf8, 0x8c, 0x18, 0x9a,
    0xf8, 0x90, 0x18, 0x9a, 0xf8, 0x90, 0x18, 0x9a, 0xf8, 0x90, 0x18, 0x9a,
    0xf8, 0x90, 0x10, 0x9a, 0xf8, 0x8c, 0x18, 0x9a, 0xf8, 0x90, 0x18, 0x96,
    0xf8, 0x90, 0x10, 0x9a, 0xf8, 0x8c, 0x18, 0x9a, 0xf8, 0x90, 0x18, 0x9a,
    0xf8, 0x8c, 0x10, 0x96, 0xf8, 0x90, 0x18, 0x9a, 0xf8, 0x90, 0x18, 0x9a,
    0xf8, 0x8c, 0x18, 0x96, 0xf8, 0x90, 0x18, 0x9a, 0xf8, 0x90, 0x18, 0x9a,
    0xf8, 0x90, 0x18, 0x96, 0xf8, 0x90, 0x18, 0x9a, 0xf8, 0x90, 0x18, 0x96,
    0xf8, 0x90, 0x18, 0x9a, 0xf8, 0x8c, 0x18, 0x96, 0xf8, 0x90, 0x18, 0x9a,
    0xf8, 0x90, 0x18, 0x96, 0xf8, 0x90, 0x10, 0x9a, 0xf8, 0x8c, 0x18, 0x9a,
    0xf8, 0x90, 0x18, 0x96, 0xf8, 0x90, 0x10, 0x9a, 0xf8, 0x8c, 0x18, 0x9a,
    0xf8, 0x90, 0x18, 0x9a, 0xf8, 0x90, 0x10, 0x51, 0x00, 0x00, 0x00, 0x00,
    0x00, 0x00, 0x00, 0x00, 0x00, 0x00, 0x00, 0x00, 0x00, 0x00, 0x00, 0x00,
    0x00, 0x00, 0x00, 0x00, 0x00, 0x00, 0x00, 0x00, 0x00, 0x00, 0x00, 0x00,
    0x00, 0x00, 0x00, 0x00, 0x00, 0x00, 0x00, 0x00, 0x00, 0x00, 0x00, 0x00,
    0x00, 0x00, 0x00, 0x00, 0x00, 0x00, 0x00, 0x00, 0x00, 0x00, 0x00, 0x00,
    0x00, 0x00, 0x00, 0x00, 0x00, 0x00, 0x00, 0x00, 0xf8, 0x8c, 0x10, 0x3c,
    0xf8, 0x90, 0x18, 0x92, 0xf8, 0x90, 0x18, 0x9a, 0xf8, 0x90, 0x18, 0x9a,
    0xf8, 0x90, 0x18, 0x9a, 0xf8, 0x90, 0x10, 0x9a, 0xf8, 0x90, 0x18, 0x9a,
    0xf8, 0x90, 0x18, 0x9a, 0xf8, 0x90, 0x10, 0x96, 0xf8, 0x90, 0x18, 0x9a,
    0xf8, 0x90, 0x18, 0x9a, 0xf8, 0x8c, 0x18, 0x96, 0xf8, 0x90, 0x18, 0x9a,
    0xf8, 0x90, 0x18, 0x9a, 0xf8, 0x8c, 0x18, 0x9a, 0xf8, 0x90, 0x18, 0x96,
    0xf8, 0x8c, 0x18, 0x9a, 0xf8, 0x90, 0x18, 0x9a, 0xf8, 0x90, 0x18, 0x9a,
    0xf8, 0x8c, 0x10, 0x96, 0xf8, 0x90, 0x18, 0x9a, 0xf8, 0x90, 0x18, 0x9a,
    0xf8, 0x90, 0x18, 0x9a, 0xf8, 0x90, 0x18, 0x9a, 0xf8, 0x90, 0x18, 0x96,
    0xf8, 0x8c, 0x18, 0x9a, 0xf8, 0x90, 0x18, 0x9a, 0xf8, 0x90, 0x18, 0x9a,
    0xf8, 0x90, 0x18, 0x9a, 0xf8, 0x90, 0x18, 0x9a, 0xf8, 0x90, 0x18, 0x9a,
    0xf8, 0x8c, 0x18, 0x9a, 0xf8, 0x90, 0x18, 0x9a, 0xf8, 0x90, 0x18, 0x96,
    0xf8, 0x8c, 0x18, 0x9a, 0xf8, 0x90, 0x18, 0x9a, 0xf8, 0x90, 0x18, 0x9a,
    0xf8, 0x90, 0x18, 0x9a, 0xf8, 0x90, 0x18, 0x96, 0xf8, 0x90, 0x18, 0x9a,
    0xf8, 0x90, 0x18, 0x96, 0xf8, 0x90, 0x18, 0x96, 0xf8, 0x90, 0x10, 0x9a,
    0xf8, 0x90, 0x18, 0x9a, 0xf8, 0x8c, 0x18, 0x96, 0xf8, 0x90, 0x10, 0x9a,
    0xf8, 0x90, 0x18, 0x9a, 0xf8, 0x8c, 0x18, 0x9a, 0xf8, 0x90, 0x10, 0x9a,
    0xf8, 0x8c, 0x18, 0x9a, 0xf8, 0x90, 0x18, 0x96, 0xf8, 0x90, 0x18, 0x9a,
    0xf8, 0x90, 0x18, 0x9a, 0xf8, 0x90, 0x18, 0x9a, 0xf8, 0x90, 0x10, 0x9a,
    0xf8, 0x8c, 0x18, 0x96, 0xf8, 0x90, 0x18, 0x9a, 0xf8, 0x90, 0x10, 0x9a,
    0xf8, 0x90, 0x18, 0x96, 0xf8, 0x90, 0x18, 0x96, 0xf8, 0x90, 0x18, 0x9a,
    0xf8, 0x8c, 0x18, 0x9a, 0xf8, 0x8c, 0x18, 0x96, 0xf8, 0x90, 0x10, 0x96,
    0xf8, 0x90, 0x18, 0x9a, 0xf8, 0x8c, 0x18, 0x9a, 0xf8, 0x90, 0x18, 0x9a,
    0xf8, 0x90, 0x18, 0x96, 0xf8, 0x90, 0x18, 0x9a, 0xf8, 0x8c, 0x18, 0x9a,
    0xf8, 0x90, 0x18, 0x9a, 0xf8, 0x90, 0x18, 0x96, 0xf8, 0x90, 0x10, 0x9a,
    0xf8, 0x8c, 0x18, 0x96, 0xf8, 0x90, 0x18, 0x9a, 0xf8, 0x90, 0x10, 0x9a,
    0xf8, 0x90, 0x18, 0x9a, 0xf8, 0x90, 0x18, 0x96, 0xf8, 0x8c, 0x10, 0x9a,
    0xf8, 0x90, 0x18, 0x9a, 0xf8, 0x90, 0x18, 0x9a, 0xf8, 0x90, 0x10, 0x96,
    0xf8, 0x90, 0x18, 0x9a, 0xf8, 0x90, 0x18, 0x96, 0xf8, 0x90, 0x18, 0x9a,
    0xf8, 0x8c, 0x18, 0x96, 0xf8, 0x90, 0x18, 0x9a, 0xf8, 0x90, 0x18, 0x9a,
    0xf8, 0x90, 0x18, 0x9a, 0xf8, 0x90, 0x18, 0x9a, 0xf8, 0x90, 0x18, 0x96,
    0xf8, 0x90, 0x18, 0x9a, 0xf8, 0x8c, 0x18, 0x9a, 0xf8, 0x90, 0x10, 0x9a,
    0xf8, 0x90, 0x18, 0x9a, 0xf8, 0x90, 0x18, 0x9a, 0xf8, 0x8c, 0x18, 0x9a,
    0xf8, 0x8c, 0x10, 0x9a, 0xf8, 0x90, 0x18, 0x96, 0xf8, 0x90, 0x18, 0x9a,
    0xf8, 0x90, 0x10, 0x9a, 0xf8, 0x90, 0x18, 0x9a, 0xf8, 0x8c, 0x18, 0x96,
    0xf8, 0x90, 0x18, 0x9a, 0xf8, 0x90, 0x18, 0x9a, 0xf8, 0x90, 0x18, 0x96,
    0xf8, 0x8c, 0x18, 0x9a, 0xf8, 0x90, 0x18, 0x9a, 0xf8, 0x8c, 0x18, 0x92,
    0xf8, 0x8c, 0x10, 0x3c, 0x00, 0x00, 0x00, 0x00, 0x00, 0x00, 0x00, 0x00,
    0x00, 0x00, 0x00, 0x00, 0x00, 0x00, 0x00, 0x00, 0x00, 0x00, 0x00, 0x00,
    0x00, 0x00, 0x00, 0x00, 0x00, 0x00, 0x00, 0x00, 0x00, 0x00, 0x00, 0x00,
    0x00, 0x00, 0x00, 0x00, 0x00, 0x00, 0x00, 0x00, 0x00, 0x00, 0x00, 0x00,
    0x00, 0x00, 0x00, 0x00, 0x00, 0x00, 0x00, 0x00, 0x00, 0x00, 0x00, 0x00,
    0x00, 0x00, 0x00, 0x00, 0x00, 0x00, 0x00, 0x00, 0x00, 0x00, 0x00, 0x00,
    0xf8, 0x90, 0x18, 0x14, 0xf8, 0x90, 0x18, 0x75, 0xf8, 0x8c, 0x18, 0x96,
    0xf8, 0x90, 0x18, 0x96, 0xf8, 0x8c, 0x18, 0x9a, 0xf8, 0x90, 0x18, 0x9a,
    0xf8, 0x90, 0x18, 0x9a, 0xf8, 0x8c, 0x18, 0x9a, 0xf8, 0x90, 0x18, 0x9a,
    0xf8, 0x90, 0x10, 0x9a, 0xf8, 0x90, 0x18, 0x9a, 0xf8, 0x90, 0x18, 0x9a,
    0xf8, 0x90, 0x10, 0x9a, 0xf8, 0x90, 0x18, 0x9a, 0xf8, 0x90, 0x18, 0x9a,
    0xf8, 0x8c, 0x10, 0x96, 0xf8, 0x90, 0x18, 0x9a, 0xf8, 0x90, 0x18, 0x9a,
    0xf8, 0x90, 0x18, 0x9a, 0xf8, 0x8c, 0x18, 0x96, 0xf8, 0x90, 0x18, 0x9a,
    0xf8, 0x8c, 0x10, 0x9a, 0xf8, 0x90, 0x18, 0x96, 0xf8, 0x90, 0x18, 0x9a,
    0xf8, 0x90, 0x10, 0x9a, 0xf8, 0x8c, 0x18, 0x96, 0xf8, 0x90, 0x18, 0x9a,
    0xf8, 0x90, 0x10, 0x96, 0xf8, 0x8c, 0x18, 0x9a, 0xf8, 0x90, 0x18, 0x96,
    0xf8, 0x90, 0x10, 0x9a, 0xf8, 0x90, 0x18, 0x9a, 0xf8, 0x8c, 0x18, 0x9a,
    0xf8, 0x90, 0x10, 0x96, 0xf8, 0x90, 0x18, 0x9a, 0xf8, 0x90, 0x18, 0x9a,
    0xf8, 0x8c, 0x10, 0x96, 0xf8, 0x90, 0x18, 0x9a, 0xf8, 0x8c, 0x18, 0x9a,
    0xf8, 0x90, 0x18, 0x9a, 0xf8, 0x8c, 0x18, 0x9a, 0xf8, 0x90, 0x18, 0x9a,
    0xf8, 0x90, 0x18, 0x96, 0xf8, 0x90, 0x18, 0x9a, 0xf8, 0x90, 0x18, 0x9a,
    0xf8, 0x8c, 0x18, 0x96, 0xf8, 0x90, 0x18, 0x9a, 0xf8, 0x90, 0x18, 0x9a,
    0xf8, 0x90, 0x18, 0x9a, 0xf8, 0x8c, 0x18, 0x96, 0xf8, 0x90, 0x18, 0x9a,
    0xf8, 0x8c, 0x18, 0x9a, 0xf8, 0x90, 0x18, 0x96, 0xf8, 0x90, 0x18, 0x9a,
    0xf8, 0x90, 0x18, 0x9a, 0xf8, 0x90, 0x18, 0x96, 0xf8, 0x8c, 0x18, 0x9a,
    0xf8, 0x90, 0x18, 0x9a, 0xf8, 0x90, 0x18, 0x9a, 0xf8, 0x90, 0x18, 0x9a,
    0xf8, 0x90, 0x18, 0x96, 0xf8, 0x90, 0x18, 0x9a, 0xf8, 0x90, 0x18, 0x9a,
    0xf8, 0x8c, 0x18, 0x9a, 0xf8, 0x90, 0x10, 0x96, 0xf8, 0x90, 0x18, 0x9a,
    0xf8, 0x90, 0x18, 0x9a, 0xf8, 0x90, 0x10, 0x9a, 0xf8, 0x90, 0x18, 0x9a,
    0xf8, 0x8c, 0x18, 0x96, 0xf8, 0x90, 0x18, 0x9a, 0xf8, 0x90, 0x18, 0x9a,
    0xf8, 0x90, 0x18, 0x9a, 0xf8, 0x8c, 0x18, 0x96, 0xf8, 0x90, 0x18, 0x9a,
    0xf8, 0x90, 0x18, 0x9a, 0xf8, 0x90, 0x18, 0x96, 0xf8, 0x90, 0x18, 0x9a,
    0xf8, 0x8c, 0x18, 0x9a, 0xf8, 0x90, 0x18, 0x9a, 0xf8, 0x90, 0x18, 0x9a,
    0xf8, 0x8c, 0x18, 0x9a, 0xf8, 0x8c, 0x18, 0x9a, 0xf8, 0x90, 0x18, 0x96,
    0xf8, 0x90, 0x18, 0x9a, 0xf8, 0x90, 0x18, 0x9a, 0xf8, 0x8c, 0x18, 0x96,
    0xf8, 0x90, 0x18, 0x9a, 0xf8, 0x90, 0x10, 0x9a, 0xf8, 0x8c, 0x18, 0x9a,
    0xf8, 0x90, 0x18, 0x9a, 0xf8, 0x90, 0x18, 0x96, 0xf8, 0x90, 0x18, 0x9a,
    0xf8, 0x90, 0x18, 0x9a, 0xf8, 0x90, 0x18, 0x96, 0xf8, 0x90, 0x18, 0x9a,
    0xf8, 0x90, 0x18, 0x9a, 0xf8, 0x8c, 0x18, 0x9a, 0xf8, 0x90, 0x18, 0x9a,
    0xf8, 0x90, 0x18, 0x9a, 0xf8, 0x8c, 0x18, 0x9a, 0xf8, 0x90, 0x18, 0x9a,
    0xf8, 0x90, 0x18, 0x9a, 0xf8, 0x8c, 0x18, 0x9a, 0xf8, 0x90, 0x18, 0x9a,
    0xf8, 0x90, 0x18, 0x96, 0xf8, 0x90, 0x10, 0x71, 0xf8, 0x90, 0x18, 0x14,
    0x00, 0x00, 0x00, 0x00, 0x00, 0x00, 0x00, 0x00, 0x00, 0x00, 0x00, 0x00,
    0x00, 0x00, 0x00, 0x00, 0x00, 0x00, 0x00, 0x00, 0x00, 0x00, 0x00, 0x00,
    0x00, 0x00, 0x00, 0x00, 0x00, 0x00, 0x00, 0x00, 0x00, 0x00, 0x00, 0x00,
    0x00, 0x00, 0x00, 0x00, 0x00, 0x00, 0x00, 0x00, 0x00, 0x00, 0x00, 0x00,
    0x00, 0x00, 0x00, 0x00, 0x00, 0x00, 0x00, 0x00, 0x00, 0x00, 0x00, 0x00,
    0x00, 0x00, 0x00, 0x00, 0x00, 0x00, 0x00, 0x00, 0x00, 0x00, 0x00, 0x00,
    0x00, 0x00, 0x00, 0x00, 0x00, 0x00, 0x00, 0x00, 0xf8, 0x8c, 0x18, 0x34,
    0xf8, 0x90, 0x18, 0x82, 0xf8, 0x90, 0x18, 0x9a, 0xf8, 0x8c, 0x18, 0x96,
    0xf8, 0x90, 0x18, 0x96, 0xf8, 0x90, 0x18, 0x9a, 0xf8, 0x8c, 0x18, 0x96,
    0xf8, 0x90, 0x18, 0x9a, 0xf8, 0x8c, 0x18, 0x96, 0xf8, 0x90, 0x18, 0x96,
    0xf8, 0x8c, 0x18, 0x9a, 0xf8, 0x90, 0x18, 0x9a, 0xf8, 0x90, 0x18, 0x96,
    0xf8, 0x90, 0x18, 0x9a, 0xf8, 0x90, 0x18, 0x9a, 0xf8, 0x90, 0x18, 0x96,
    0xf8, 0x8c, 0x18, 0x9a, 0xf8, 0x90, 0x18, 0x9a, 0xf8, 0x90, 0x18, 0x9a,
    0xf8, 0x90, 0x18, 0x96, 0xf8, 0x8c, 0x18, 0x9a, 0xf8, 0x90, 0x18, 0x9a,
    0xf8, 0x90, 0x18, 0x9a, 0xf8, 0x90, 0x18, 0x9a, 0xf8, 0x8c, 0x18, 0x96,
    0xf8, 0x90, 0x18, 0x9a, 0xf8, 0x90, 0x18, 0x9a, 0xf8, 0x8c, 0x18, 0x9a,
    0xf8, 0x90, 0x18, 0x96, 0xf8, 0x90, 0x18, 0x9a, 0xf8, 0x90, 0x18, 0x9a,
    0xf8, 0x90, 0x18, 0x9a, 0xf8, 0x90, 0x18, 0x96, 0xf8, 0x8c, 0x18, 0x9a,
    0xf8, 0x90, 0x18, 0x9a, 0xf8, 0x90, 0x18, 0x9a, 0xf8, 0x90, 0x18, 0x9a,
    0xf8, 0x8c, 0x10, 0x96, 0xf8, 0x90, 0x18, 0x9a, 0xf8, 0x90, 0x18, 0x9a,
    0xf8, 0x8c, 0x18, 0x9a, 0xf8, 0x90, 0x18, 0x9a, 0xf8, 0x90, 0x18, 0x9a,
    0xf8, 0x90, 0x18, 0x96, 0xf8, 0x90, 0x18, 0x9a, 0xf8, 0x90, 0x18, 0x9a,
    0xf8, 0x8c, 0x18, 0x96, 0xf8, 0x90, 0x10, 0x9a, 0xf8, 0x90, 0x18, 0x9a,
    0xf8, 0x90, 0x18, 0x96, 0xf8, 0x8c, 0x10, 0x9a, 0xf8, 0x90, 0x18, 0x9a,
    0xf8, 0x90, 0x18, 0x9a, 0xf8, 0x8c, 0x18, 0x9a, 0xf8, 0x90, 0x18, 0x9a,
    0xf8, 0x90, 0x18, 0x9a, 0xf8, 0x8c, 0x10, 0x9a, 0xf8, 0x90, 0x18, 0x96,
    0xf8, 0x90, 0x18, 0x9a, 0xf8, 0x90, 0x18, 0x9a, 0xf8, 0x8c, 0x18, 0x9a,
    0xf8, 0x90, 0x18, 0x9a, 0xf8, 0x90, 0x18, 0x9a, 0xf8, 0x8c, 0x18, 0x96,
    0xf8, 0x90, 0x18, 0x9a, 0xf8, 0x90, 0x18, 0x9a, 0xf8, 0x90, 0x18, 0x96,
    0xf8, 0x90, 0x18, 0x9a, 0xf8, 0x8c, 0x18, 0x9a, 0xf8, 0x90, 0x18, 0x9a,
    0xf8, 0x90, 0x18, 0x9a, 0xf8, 0x90, 0x18, 0x96, 0xf8, 0x8c, 0x18, 0x9a,
    0xf8, 0x90, 0x18, 0x9a, 0xf8, 0x90, 0x18, 0x9a, 0xf8, 0x90, 0x18, 0x96,
    0xf8, 0x8c, 0x18, 0x9a, 0xf8, 0x90, 0x18, 0x96, 0xf8, 0x90, 0x18, 0x9a,
    0xf8, 0x90, 0x10, 0x9a, 0xf8, 0x90, 0x18, 0x9a, 0xf8, 0x90, 0x18, 0x9a,
    0xf8, 0x90, 0x10, 0x9a, 0xf8, 0x8c, 0x18, 0x9a, 0xf8, 0x90, 0x18, 0x96,
    0xf8, 0x90, 0x18, 0x9a, 0xf8, 0x8c, 0x18, 0x9a, 0xf8, 0x90, 0x18, 0x96,
    0xf8, 0x90, 0x18, 0x9a, 0xf8, 0x8c, 0x18, 0x9a, 0xf8, 0x90, 0x18, 0x96,
    0xf8, 0x8c, 0x18, 0x9a, 0xf8, 0x8c, 0x10, 0x9a, 0xf8, 0x90, 0x18, 0x96,
    0xf8, 0x90, 0x18, 0x9a, 0xf8, 0x90, 0x18, 0x96, 0xf8, 0x8c, 0x18, 0x9a,
    0xf8, 0x90, 0x18, 0x96, 0xf8, 0x90, 0x18, 0x96, 0xf8, 0x90, 0x10, 0x9a,
    0xf8, 0x90, 0x18, 0x96, 0xf8, 0x90, 0x18, 0x9a, 0xf8, 0x8c, 0x18, 0x82,
    0xf8, 0x90, 0x10, 0x30, 0x00, 0x00, 0x00, 0x00, 0x00, 0x00, 0x00, 0x00,
    0x00, 0x00, 0x00, 0x00, 0x00, 0x00, 0x00, 0x00, 0x00, 0x00, 0x00, 0x00,
    0x00, 0x00, 0x00, 0x00, 0x00, 0x00, 0x00, 0x00, 0x00, 0x00, 0x00, 0x00,
    0x00, 0x00, 0x00, 0x00, 0x00, 0x00, 0x00, 0x00, 0x00, 0x00, 0x00, 0x00,
    0x00, 0x00, 0x00, 0x00, 0x00, 0x00, 0x00, 0x00, 0x00, 0x00, 0x00, 0x00,
    0x00, 0x00, 0x00, 0x00, 0x00, 0x00, 0x00, 0x00, 0x00, 0x00, 0x00, 0x00,
    0x00, 0x00, 0x00, 0x00, 0x00, 0x00, 0x00, 0x00, 0x00, 0x00, 0x00, 0x00,
    0x00, 0x00, 0x00, 0x00, 0x00, 0x00, 0x00, 0x00, 0x00, 0x00, 0x00, 0x00,
    0x00, 0x00, 0x00, 0x00, 0xf8, 0x8c, 0x10, 0x2c, 0xf8, 0x8c, 0x18, 0x69,
    0xf8, 0x90, 0x10, 0x92, 0xf8, 0x90, 0x18, 0x9a, 0xf8, 0x90, 0x18, 0x9a,
    0xf8, 0x90, 0x18, 0x9a, 0xf8, 0x90, 0x18, 0x9a, 0xf8, 0x8c, 0x18, 0x9a,
    0xf8, 0x90, 0x18, 0x9a, 0xf8, 0x90, 0x10, 0x96, 0xf8, 0x8c, 0x18, 0x9a,
    0xf8, 0x90, 0x18, 0x9a, 0xf8, 0x90, 0x18, 0x9a, 0xf8, 0x8c, 0x10, 0x9a,
    0xf8, 0x90, 0x18, 0x96, 0xf8, 0x90, 0x18, 0x9a, 0xf8, 0x90, 0x18, 0x9a,
    0xf8, 0x90, 0x18, 0x9a, 0xf8, 0x90, 0x18, 0x9a, 0xf8, 0x8c, 0x18, 0x96,
    0xf8, 0x90, 0x18, 0x9a, 0xf8, 0x90, 0x10, 0x9a, 0xf8, 0x90, 0x18, 0x9a,
    0xf8, 0x90, 0x18, 0x9a, 0xf8, 0x90, 0x18, 0x9a, 0xf8, 0x90, 0x10, 0x9a,
    0xf8, 0x8c, 0x18, 0x96, 0xf8, 0x90, 0x18, 0x9a, 0xf8, 0x90, 0x18, 0x9a,
    0xf8, 0x8c, 0x18, 0x9a, 0xf8, 0x90, 0x10, 0x9a, 0xf8, 0x90, 0x18, 0x96,
    0xf8, 0x90, 0x18, 0x9a, 0xf8, 0x90, 0x18, 0x9a, 0xf8, 0x90, 0x18, 0x96,
    0xf8, 0x90, 0x18, 0x9a, 0xf8, 0x90, 0x18, 0x9a, 0xf8, 0x90, 0x18, 0x96,
    0xf8, 0x8c, 0x10, 0x9a, 0xf8, 0x90, 0x18, 0x9a, 0xf8, 0x90, 0x18, 0x96,
    0xf8, 0x8c, 0x10, 0x9a, 0xf8, 0x90, 0x18, 0x9a, 0xf8, 0x90, 0x18, 0x9a,
    0xf8, 0x8c, 0x18, 0x96, 0xf8, 0x90, 0x18, 0x9a, 0xf8, 0x90, 0x18, 0x9a,
    0xf8, 0x90, 0x18, 0x9a, 0xf8, 0x8c, 0x18, 0x9a, 0xf8, 0x90, 0x18, 0x96,
    0xf8, 0x90, 0x18, 0x9a, 0xf8, 0x90, 0x10, 0x9a, 0xf8, 0x90, 0x18, 0x96,
    0xf8, 0x90, 0x18, 0x96, 0xf8, 0x8c, 0x18, 0x9a, 0xf8, 0x90, 0x18, 0x9a,
    0xf8, 0x8c, 0x10, 0x9a, 0xf8, 0x90, 0x18, 0x96, 0xf8, 0x90, 0x18, 0x9a,
    0xf8, 0x90, 0x18, 0x9a, 0xf8, 0x90, 0x18, 0x96, 0xf8, 0x8c, 0x18, 0x9a,
    0xf8, 0x90, 0x18, 0x9a, 0xf8, 0x8c, 0x18, 0x9a, 0xf8, 0x90, 0x18, 0x9a,
    0xf8, 0x90, 0x10, 0x9a, 0xf8, 0x90, 0x18, 0x96, 0xf8, 0x8c, 0x18, 0x9a,
    0xf8, 0x90, 0x10, 0x9a, 0xf8, 0x90, 0x18, 0x9a, 0xf8, 0x90, 0x10, 0x96,
    0xf8, 0x8c, 0x18, 0x9a, 0xf8, 0x90, 0x18, 0x9a, 0xf8, 0x90, 0x10, 0x9a,
    0xf8, 0x90, 0x18, 0x9a, 0xf8, 0x8c, 0x18, 0x96, 0xf8, 0x90, 0x18, 0x9a,
    0xf8, 0x90, 0x18, 0x96, 0xf8, 0x8c, 0x18, 0x96, 0xf8, 0x90, 0x18, 0x9a,
    0xf8, 0x90, 0x18, 0x9a, 0xf8, 0x8c, 0x18, 0x96, 0xf8, 0x90, 0x10, 0x9a,
    0xf8, 0x90, 0x18, 0x9a, 0xf8, 0x90, 0x18, 0x96, 0xf8, 0x90, 0x18, 0x9a,
    0xf8, 0x90, 0x10, 0x9a, 0xf8, 0x90, 0x18, 0x9a, 0xf8, 0x90, 0x18, 0x9a,
    0xf8, 0x90, 0x18, 0x9a, 0xf8, 0x90, 0x18, 0x9a, 0xf8, 0x90, 0x18, 0x9a,
    0xf8, 0x90, 0x18, 0x96, 0xf8, 0x90, 0x10, 0x9a, 0xf8, 0x90, 0x18, 0x9a,
    0xf8, 0x8c, 0x18, 0x9a, 0xf8, 0x90, 0x18, 0x9a, 0xf8, 0x90, 0x10, 0x92,
    0xf8, 0x8c, 0x18, 0x69, 0xf8, 0x8c, 0x18, 0x2c, 0x00, 0x00, 0x00, 0x00,
    0x00, 0x00, 0x00, 0x00, 0x00, 0x00, 0x00, 0x00, 0x00, 0x00, 0x00, 0x00,
    0x00, 0x00, 0x00, 0x00, 0x00, 0x00, 0x00, 0x00, 0x00, 0x00, 0x00, 0x00,
    0x00, 0x00, 0x00, 0x00, 0x00, 0x00, 0x00, 0x00, 0x00, 0x00, 0x00, 0x00,
    0x00, 0x00, 0x00, 0x00, 0x00, 0x00, 0x00, 0x00, 0x00, 0x00, 0x00, 0x00,
    0x00, 0x00, 0x00, 0x00, 0x00, 0x00, 0x00, 0x00, 0x00, 0x00, 0x00, 0x00,
    0x00, 0x00, 0x00, 0x00, 0x00, 0x00, 0x00, 0x00, 0x00, 0x00, 0x00, 0x00,
    0x00, 0x00, 0x00, 0x00, 0x00, 0x00, 0x00, 0x00, 0x00, 0x00, 0x00, 0x00,
    0x00, 0x00, 0x00, 0x00, 0x00, 0x00, 0x00, 0x00, 0x00, 0x00, 0x00, 0x00,
    0x00, 0x00, 0x00, 0x00, 0x00, 0x00, 0x00, 0x00, 0x00, 0x00, 0x00, 0x00,
    0xf8, 0xa0, 0x20, 0x08, 0xf8, 0x8c, 0x10, 0x30, 0xf8, 0x8c, 0x18, 0x51,
    0xf8, 0x8c, 0x18, 0x6d, 0xf8, 0x90, 0x10, 0x82, 0xf8, 0x8c, 0x18, 0x92,
    0xf8, 0x90, 0x18, 0x9a, 0xf8, 0x90, 0x18, 0x9a, 0xf8, 0x8c, 0x18, 0x9a,
    0xf8, 0x90, 0x18, 0x96, 0xf8, 0x90, 0x18, 0x9a, 0xf8, 0x90, 0x18, 0x9a,
    0xf8, 0x90, 0x18, 0x9a, 0xf8, 0x8c, 0x10, 0x96, 0xf8, 0x90, 0x18, 0x9a,
    0xf8, 0x90, 0x18, 0x9a, 0xf8, 0x8c, 0x10, 0x96, 0xf8, 0x90, 0x18, 0x9a,
    0xf8, 0x90, 0x18, 0x9a, 0xf8, 0x8c, 0x18, 0x96, 0xf8, 0x90, 0x18, 0x9a,
    0xf8, 0x8c, 0x18, 0x96, 0xf8, 0x90, 0x18, 0x9a, 0xf8, 0x90, 0x18, 0x9a,
    0xf8, 0x90, 0x18, 0x9a, 0xf8, 0x8c, 0x18, 0x96, 0xf8, 0x90, 0x10, 0x9a,
    0xf8, 0x90, 0x18, 0x96, 0xf8, 0x8c, 0x18, 0x9a, 0xf8, 0x90, 0x18, 0x9a,
    0xf8, 0x8c, 0x18, 0x9a, 0xf8, 0x8c, 0x10, 0x96, 0xf8, 0x90, 0x18, 0x9a,
    0xf8, 0x90, 0x18, 0x9a, 0xf8, 0x8c, 0x18, 0x9a, 0xf8, 0x90, 0x18, 0x96,
    0xf8, 0x90, 0x18, 0x9a, 0xf8, 0x90, 0x18, 0x9a, 0xf8, 0x8c, 0x18, 0x96,
    0xf8, 0x90, 0x18, 0x9a, 0xf8, 0x90, 0x18, 0x9a, 0xf8, 0x90, 0x10, 0x9a,
    0xf8, 0x90, 0x18, 0x9a, 0xf8, 0x8c, 0x18, 0x9a, 0xf8, 0x90, 0x18, 0x96,
    0xf8, 0x90, 0x18, 0x9a, 0xf8, 0x90, 0x18, 0x9a, 0xf8, 0x8c, 0x18, 0x96,
    0xf8, 0x90, 0x18, 0x9a, 0xf8, 0x8c, 0x18, 0x9a, 0xf8, 0x90, 0x18, 0x9a,
    0xf8, 0x90, 0x18, 0x9a, 0xf8, 0x90, 0x18, 0x9a, 0xf8, 0x90, 0x18, 0x9a,
    0xf8, 0x90, 0x18, 0x96, 0xf8, 0x8c, 0x18, 0x9a, 0xf8, 0x90, 0x10, 0x9a,
    0xf8, 0x90, 0x18, 0x96, 0xf8, 0x90, 0x18, 0x9a, 0xf8, 0x90, 0x10, 0x9a,
    0xf8, 0x90, 0x18, 0x96, 0xf8, 0x90, 0x18, 0x9a, 0xf8, 0x8c, 0x18, 0x9a,
    0xf8, 0x90, 0x18, 0x96, 0xf8, 0x90, 0x18, 0x9a, 0xf8, 0x90, 0x18, 0x9a,
    0xf8, 0x8c, 0x18, 0x96, 0xf8, 0x90, 0x18, 0x9a, 0xf8, 0x90, 0x18, 0x9a,
    0xf8, 0x8c, 0x18, 0x96, 0xf8, 0x90, 0x18, 0x9a, 0xf8, 0x90, 0x18, 0x9a,
    0xf8, 0x90, 0x10, 0x9a, 0xf8, 0x8c, 0x18, 0x9a, 0xf8, 0x90, 0x18, 0x9a,
    0xf8, 0x90, 0x18, 0x9a, 0xf8, 0x8c, 0x18, 0x9a, 0xf8, 0x90, 0x18, 0x9a,
    0xf8, 0x90, 0x18, 0x96, 0xf8, 0x90, 0x18, 0x9a, 0xf8, 0x90, 0x18, 0x9a,
    0xf8, 0x8c, 0x18, 0x9a, 0xf8, 0x90, 0x18, 0x9a, 0xf8, 0x8c, 0x18, 0x9a,
    0xf8, 0x90, 0x18, 0x96, 0xf8, 0x90, 0x18, 0x9a, 0xf8, 0x8c, 0x10, 0x96,
    0xf8, 0x90, 0x18, 0x96, 0xf8, 0x90, 0x18, 0x9a, 0xf8, 0x8c, 0x18, 0x9a,
    0xf8, 0x8c, 0x18, 0x92, 0xf8, 0x90, 0x18, 0x82, 0xf8, 0x8c, 0x18, 0x6d,
    0xf8, 0x8c, 0x18, 0x55, 0xf8, 0x8c, 0x10, 0x30, 0xf8, 0xa0, 0x20, 0x08,
    0x00, 0x00, 0x00, 0x00, 0x00, 0x00, 0x00, 0x00, 0x00, 0x00, 0x00, 0x00,
    0x00, 0x00, 0x00, 0x00, 0x00, 0x00, 0x00, 0x00, 0x00, 0x00, 0x00, 0x00,
    0x00, 0x00, 0x00, 0x00, 0x00, 0x00, 0x00, 0x00, 0x00, 0x00, 0x00, 0x00,
    0x00, 0x00, 0x00, 0x00, 0x00, 0x00, 0x00, 0x00, 0x00, 0x00, 0x00, 0x00,
    0x00, 0x00, 0x00, 0x00, 0x00, 0x00, 0x00, 0x00, 0x00, 0x00, 0x00, 0x00
};
