// 4.21.4 0xfd08fc5d D2 AY R0 FARGB8888 U565 N0 SExtFlashSection
// Generated by imageconverter. Please, do not edit!

#include <touchgfx/hal/Config.hpp>

LOCATION_PRAGMA("ExtFlashSection")
KEEP extern const unsigned char image_s[] LOCATION_ATTRIBUTE("ExtFlashSection") = { // 100x47 ARGB8888 pixels.
    0x00, 0x00, 0x00, 0x00, 0x00, 0x00, 0x00, 0x00, 0x00, 0x00, 0x00, 0x00,
    0x00, 0x00, 0x00, 0x00, 0x00, 0x00, 0x00, 0x00, 0x00, 0x00, 0x00, 0x00,
    0xf0, 0xe8, 0xc0, 0x41, 0xf0, 0xe8, 0xc0, 0x8e, 0xf0, 0xe8, 0xc0, 0xae,
    0xf0, 0xe8, 0xc0, 0xdf, 0xf0, 0xe8, 0xc0, 0xdf, 0xf0, 0xe8, 0xc0, 0xff,
    0xf0, 0xe8, 0xc0, 0xff, 0xf0, 0xe8, 0xc0, 0xff, 0xf0, 0xe8, 0xc0, 0xff,
    0xf0, 0xe8, 0xc0, 0xff, 0xf0, 0xe8, 0xc0, 0xff, 0xf0, 0xe8, 0xc0, 0xff,
    0xf0, 0xe8, 0xc0, 0xff, 0xf0, 0xe8, 0xc0, 0xff, 0xf0, 0xe8, 0xc0, 0xff,
    0xf0, 0xe8, 0xc0, 0xff, 0xf0, 0xe8, 0xc0, 0xff, 0xf0, 0xe8, 0xc0, 0xff,
    0xf0, 0xe8, 0xc0, 0xff, 0xf0, 0xe8, 0xc0, 0xff, 0xf0, 0xe8, 0xc0, 0xff,
    0xf0, 0xe8, 0xc0, 0xff, 0xf0, 0xe8, 0xc0, 0xff, 0xf0, 0xe8, 0xc0, 0xff,
    0xf0, 0xe8, 0xc0, 0xff, 0xf0, 0xe8, 0xc0, 0xff, 0xf0, 0xe8, 0xc0, 0xff,
    0xf0, 0xe8, 0xc0, 0xff, 0xf0, 0xe8, 0xc0, 0xff, 0xf0, 0xe8, 0xc0, 0xff,
    0xf0, 0xe8, 0xc0, 0xff, 0xf0, 0xe8, 0xc0, 0xff, 0xf0, 0xe8, 0xc0, 0xff,
    0xf0, 0xe8, 0xc0, 0xff, 0xf0, 0xe8, 0xc0, 0xff, 0xf0, 0xe8, 0xc0, 0xff,
    0xf0, 0xe8, 0xc0, 0xff, 0xf0, 0xe8, 0xc0, 0xff, 0xf0, 0xe8, 0xc0, 0xff,
    0xf0, 0xe8, 0xc0, 0xff, 0xf0, 0xe8, 0xc0, 0xff, 0xf0, 0xe8, 0xc0, 0xff,
    0xf0, 0xe8, 0xc0, 0xff, 0xf0, 0xe8, 0xc0, 0xff, 0xf0, 0xe8, 0xc0, 0xff,
    0xf0, 0xe8, 0xc0, 0xff, 0xf0, 0xe8, 0xc0, 0xff, 0xf0, 0xe8, 0xc0, 0xff,
    0xf0, 0xe8, 0xc0, 0xff, 0xf0, 0xe8, 0xc0, 0xff, 0xf0, 0xe8, 0xc0, 0xff,
    0xf0, 0xe8, 0xc0, 0xff, 0xf0, 0xe8, 0xc0, 0xff, 0xf0, 0xe8, 0xc0, 0xff,
    0xf0, 0xe8, 0xc0, 0xff, 0xf0, 0xe8, 0xc0, 0xff, 0xf0, 0xe8, 0xc0, 0xff,
    0xf0, 0xe8, 0xc0, 0xff, 0xf0, 0xe8, 0xc0, 0xff, 0xf0, 0xe8, 0xc0, 0xff,
    0xf0, 0xe8, 0xc0, 0xff, 0xf0, 0xe8, 0xc0, 0xff, 0xf0, 0xe8, 0xc0, 0xff,
    0xf0, 0xe8, 0xc0, 0xff, 0xf0, 0xe8, 0xc0, 0xff, 0xf0, 0xe8, 0xc0, 0xff,
    0xf0, 0xe8, 0xc0, 0xff, 0xf0, 0xe8, 0xc0, 0xff, 0xf0, 0xe8, 0xc0, 0xff,
    0xf0, 0xe8, 0xc0, 0xff, 0xf0, 0xe8, 0xc0, 0xff, 0xf0, 0xe8, 0xc0, 0xff,
    0xf0, 0xe8, 0xc0, 0xff, 0xf0, 0xe8, 0xc0, 0xff, 0xf0, 0xe8, 0xc0, 0xff,
    0xf0, 0xe8, 0xc0, 0xff, 0xf0, 0xe8, 0xc0, 0xff, 0xf0, 0xe8, 0xc0, 0xff,
    0xf0, 0xe8, 0xc0, 0xff, 0xf0, 0xe8, 0xc0, 0xff, 0xf0, 0xe8, 0xc0, 0xff,
    0xf0, 0xe8, 0xc0, 0xff, 0xf0, 0xe8, 0xc0, 0xff, 0xf0, 0xe8, 0xc0, 0xdf,
    0xf0, 0xe4, 0xc0, 0xcf, 0xf0, 0xe8, 0xc0, 0xbe, 0xf8, 0xe8, 0xc0, 0x8e,
    0xf0, 0xe4, 0xb8, 0x51, 0x00, 0x00, 0x00, 0x00, 0x00, 0x00, 0x00, 0x00,
    0x00, 0x00, 0x00, 0x00, 0x00, 0x00, 0x00, 0x00, 0x00, 0x00, 0x00, 0x00,
    0x00, 0x00, 0x00, 0x00, 0x00, 0x00, 0x00, 0x00, 0x00, 0x00, 0x00, 0x00,
    0x00, 0x00, 0x00, 0x00, 0x00, 0x00, 0x00, 0x00, 0xf0, 0xe8, 0xc0, 0x41,
    0xf0, 0xe8, 0xc0, 0xdf, 0xf8, 0xe8, 0xc0, 0xff, 0xf0, 0xe4, 0xc0, 0xff,
    0xf8, 0xe8, 0xb8, 0xff, 0xf8, 0xe8, 0xc0, 0xff, 0xf0, 0xe4, 0xc0, 0xff,
    0xf8, 0xe8, 0xb8, 0xff, 0xf8, 0xe4, 0xc0, 0xff, 0xf0, 0xe8, 0xc0, 0xff,
    0xf8, 0xe4, 0xb8, 0xff, 0xf8, 0xe8, 0xc0, 0xff, 0xf0, 0xe4, 0xc0, 0xff,
    0xf8, 0xe8, 0xb8, 0xff, 0xf8, 0xe4, 0xc0, 0xff, 0xf0, 0xe8, 0xc0, 0xff,
    0xf8, 0xe4, 0xb8, 0xff, 0xf8, 0xe8, 0xc0, 0xff, 0xf0, 0xe4, 0xc0, 0xff,
    0xf8, 0xe8, 0xb8, 0xff, 0xf8, 0xe4, 0xc0, 0xff, 0xf0, 0xe8, 0xc0, 0xff,
    0xf8, 0xe4, 0xb8, 0xff, 0xf8, 0xe8, 0xc0, 0xff, 0xf0, 0xe4, 0xc0, 0xff,
    0xf8, 0xe8, 0xb8, 0xff, 0xf8, 0xe4, 0xc0, 0xff, 0xf0, 0xe8, 0xc0, 0xff,
    0xf8, 0xe4, 0xb8, 0xff, 0xf8, 0xe8, 0xc0, 0xff, 0xf0, 0xe4, 0xc0, 0xff,
    0xf8, 0xe8, 0xb8, 0xff, 0xf8, 0xe4, 0xc0, 0xff, 0xf0, 0xe8, 0xc0, 0xff,
    0xf8, 0xe4, 0xb8, 0xff, 0xf8, 0xe8, 0xc0, 0xff, 0xf0, 0xe4, 0xc0, 0xff,
    0xf8, 0xe8, 0xb8, 0xff, 0xf8, 0xe4, 0xc0, 0xff, 0xf0, 0xe8, 0xc0, 0xff,
    0xf8, 0xe4, 0xb8, 0xff, 0xf8, 0xe8, 0xc0, 0xff, 0xf0, 0xe4, 0xc0, 0xff,
    0xf8, 0xe8, 0xb8, 0xff, 0xf8, 0xe4, 0xc0, 0xff, 0xf0, 0xe8, 0xc0, 0xff,
    0xf8, 0xe4, 0xb8, 0xff, 0xf8, 0xe8, 0xc0, 0xff, 0xf0, 0xe4, 0xc0, 0xff,
    0xf8, 0xe8, 0xb8, 0xff, 0xf8, 0xe4, 0xc0, 0xff, 0xf0, 0xe8, 0xc0, 0xff,
    0xf8, 0xe4, 0xb8, 0xff, 0xf8, 0xe8, 0xc0, 0xff, 0xf0, 0xe4, 0xc0, 0xff,
    0xf8, 0xe8, 0xb8, 0xff, 0xf8, 0xe4, 0xc0, 0xff, 0xf0, 0xe8, 0xc0, 0xff,
    0xf8, 0xe4, 0xb8, 0xff, 0xf8, 0xe8, 0xc0, 0xff, 0xf0, 0xe4, 0xc0, 0xff,
    0xf8, 0xe8, 0xb8, 0xff, 0xf8, 0xe4, 0xc0, 0xff, 0xf0, 0xe8, 0xc0, 0xff,
    0xf8, 0xe4, 0xb8, 0xff, 0xf8, 0xe8, 0xc0, 0xff, 0xf0, 0xe4, 0xc0, 0xff,
    0xf8, 0xe8, 0xb8, 0xff, 0xf8, 0xe4, 0xc0, 0xff, 0xf0, 0xe8, 0xc0, 0xff,
    0xf8, 0xe4, 0xb8, 0xff, 0xf8, 0xe8, 0xc0, 0xff, 0xf0, 0xe4, 0xc0, 0xff,
    0xf8, 0xe8, 0xb8, 0xff, 0xf8, 0xe4, 0xc0, 0xff, 0xf0, 0xe8, 0xc0, 0xff,
    0xf8, 0xe4, 0xb8, 0xff, 0xf8, 0xe8, 0xc0, 0xff, 0xf0, 0xe4, 0xc0, 0xff,
    0xf8, 0xe8, 0xb8, 0xff, 0xf8, 0xe4, 0xc0, 0xff, 0xf0, 0xe8, 0xc0, 0xff,
    0xf8, 0xe4, 0xb8, 0xff, 0xf8, 0xe8, 0xc0, 0xff, 0xf0, 0xe8, 0xc0, 0xff,
    0xf8, 0xe4, 0xb8, 0xff, 0xf0, 0xe8, 0xc0, 0xff, 0xf0, 0xe8, 0xc0, 0xff,
    0xf0, 0xe8, 0xc0, 0xff, 0xf0, 0xe8, 0xc0, 0xff, 0xf0, 0xe8, 0xc0, 0xdf,
    0xf0, 0xe4, 0xc0, 0x61, 0x00, 0x00, 0x00, 0x00, 0x00, 0x00, 0x00, 0x00,
    0x00, 0x00, 0x00, 0x00, 0x00, 0x00, 0x00, 0x00, 0x00, 0x00, 0x00, 0x00,
    0x00, 0x00, 0x00, 0x00, 0x00, 0x00, 0x00, 0x00, 0xf0, 0xe8, 0xc0, 0x7d,
    0xf0, 0xe4, 0xc0, 0xff, 0xf8, 0xe8, 0xb8, 0xff, 0xf0, 0xe8, 0xc0, 0xff,
    0xf0, 0xe8, 0xc0, 0xff, 0xf8, 0xe8, 0xc0, 0xff, 0xf0, 0xe4, 0xb8, 0xff,
    0xf0, 0xe8, 0xc0, 0xff, 0xf0, 0xe8, 0xc0, 0xff, 0xf8, 0xe8, 0xb8, 0xff,
    0xf0, 0xe4, 0xc0, 0xff, 0xf0, 0xe8, 0xc0, 0xff, 0xf8, 0xe8, 0xb8, 0xff,
    0xf0, 0xe8, 0xc0, 0xff, 0xf0, 0xe4, 0xc0, 0xff, 0xf8, 0xe8, 0xb8, 0xff,
    0xf0, 0xe8, 0xc0, 0xff, 0xf0, 0xe8, 0xc0, 0xff, 0xf8, 0xe4, 0xb8, 0xff,
    0xf0, 0xe8, 0xc0, 0xff, 0xf0, 0xe8, 0xc0, 0xff, 0xf8, 0xe8, 0xb8, 0xff,
    0xf0, 0xe4, 0xc0, 0xff, 0xf0, 0xe8, 0xc0, 0xff, 0xf8, 0xe8, 0xb8, 0xff,
    0xf0, 0xe8, 0xc0, 0xff, 0xf0, 0xe4, 0xc0, 0xff, 0xf8, 0xe8, 0xb8, 0xff,
    0xf0, 0xe8, 0xc0, 0xff, 0xf0, 0xe8, 0xc0, 0xff, 0xf8, 0xe4, 0xb8, 0xff,
    0xf0, 0xe8, 0xc0, 0xff, 0xf0, 0xe8, 0xc0, 0xff, 0xf8, 0xe8, 0xb8, 0xff,
    0xf0, 0xe4, 0xc0, 0xff, 0xf0, 0xe8, 0xc0, 0xff, 0xf8, 0xe8, 0xb8, 0xff,
    0xf0, 0xe8, 0xc0, 0xff, 0xf0, 0xe4, 0xc0, 0xff, 0xf8, 0xe8, 0xb8, 0xff,
    0xf0, 0xe8, 0xc0, 0xff, 0xf0, 0xe8, 0xc0, 0xff, 0xf8, 0xe4, 0xb8, 0xff,
    0xf0, 0xe8, 0xc0, 0xff, 0xf0, 0xe8, 0xc0, 0xff, 0xf8, 0xe8, 0xb8, 0xff,
    0xf0, 0xe4, 0xc0, 0xff, 0xf0, 0xe8, 0xc0, 0xff, 0xf8, 0xe8, 0xb8, 0xff,
    0xf0, 0xe8, 0xc0, 0xff, 0xf0, 0xe4, 0xc0, 0xff, 0xf8, 0xe8, 0xb8, 0xff,
    0xf0, 0xe8, 0xc0, 0xff, 0xf0, 0xe8, 0xc0, 0xff, 0xf8, 0xe4, 0xb8, 0xff,
    0xf0, 0xe8, 0xc0, 0xff, 0xf0, 0xe8, 0xc0, 0xff, 0xf8, 0xe8, 0xb8, 0xff,
    0xf0, 0xe4, 0xc0, 0xff, 0xf0, 0xe8, 0xc0, 0xff, 0xf8, 0xe8, 0xb8, 0xff,
    0xf0, 0xe8, 0xc0, 0xff, 0xf0, 0xe4, 0xc0, 0xff, 0xf8, 0xe8, 0xb8, 0xff,
    0xf0, 0xe8, 0xc0, 0xff, 0xf0, 0xe8, 0xc0, 0xff, 0xf8, 0xe4, 0xb8, 0xff,
    0xf0, 0xe8, 0xc0, 0xff, 0xf0, 0xe8, 0xc0, 0xff, 0xf8, 0xe8, 0xb8, 0xff,
    0xf0, 0xe4, 0xc0, 0xff, 0xf0, 0xe8, 0xc0, 0xff, 0xf8, 0xe8, 0xb8, 0xff,
    0xf0, 0xe8, 0xc0, 0xff, 0xf0, 0xe4, 0xc0, 0xff, 0xf8, 0xe8, 0xb8, 0xff,
    0xf0, 0xe8, 0xc0, 0xff, 0xf0, 0xe8, 0xc0, 0xff, 0xf8, 0xe4, 0xb8, 0xff,
    0xf0, 0xe8, 0xc0, 0xff, 0xf0, 0xe8, 0xc0, 0xff, 0xf8, 0xe8, 0xb8, 0xff,
    0xf0, 0xe4, 0xc0, 0xff, 0xf0, 0xe8, 0xc0, 0xff, 0xf8, 0xe8, 0xb8, 0xff,
    0xf0, 0xe4, 0xc0, 0xff, 0xf8, 0xe8, 0xc0, 0xff, 0xf8, 0xe8, 0xb8, 0xff,
    0xf0, 0xe8, 0xc0, 0xff, 0xf8, 0xe4, 0xb8, 0xff, 0xf8, 0xe8, 0xc0, 0xff,
    0xf0, 0xe8, 0xc0, 0xff, 0xf0, 0xe8, 0xb8, 0xff, 0xf8, 0xe8, 0xc0, 0x7d,
    0x00, 0x00, 0x00, 0x00, 0x00, 0x00, 0x00, 0x00, 0x00, 0x00, 0x00, 0x00,
    0x00, 0x00, 0x00, 0x00, 0x00, 0x00, 0x00, 0x00, 0xf0, 0xe8, 0xc0, 0x7d,
    0xf8, 0xe8, 0xc0, 0xff, 0xf0, 0xe8, 0xc0, 0xff, 0xf8, 0xe4, 0xc0, 0xff,
    0xf0, 0xe8, 0xb8, 0xff, 0xf0, 0xe8, 0xc0, 0xff, 0xf8, 0xe4, 0xc0, 0xff,
    0xf0, 0xe8, 0xc0, 0xff, 0xf0, 0xe8, 0xc0, 0xff, 0xf8, 0xe8, 0xc0, 0xff,
    0xf0, 0xe8, 0xc0, 0xff, 0xf0, 0xe8, 0xc0, 0xff, 0xf0, 0xe8, 0xc0, 0xff,
    0xf8, 0xe8, 0xc0, 0xff, 0xf0, 0xe8, 0xc0, 0xff, 0xf0, 0xe8, 0xc0, 0xff,
    0xf8, 0xe8, 0xc0, 0xff, 0xf0, 0xe8, 0xc0, 0xff, 0xf0, 0xe8, 0xc0, 0xff,
    0xf8, 0xe8, 0xc0, 0xff, 0xf0, 0xe8, 0xc0, 0xff, 0xf0, 0xe8, 0xc0, 0xff,
    0xf8, 0xe8, 0xc0, 0xff, 0xf0, 0xe8, 0xc0, 0xff, 0xf0, 0xe8, 0xc0, 0xff,
    0xf8, 0xe8, 0xc0, 0xff, 0xf0, 0xe8, 0xc0, 0xff, 0xf0, 0xe8, 0xc0, 0xff,
    0xf8, 0xe8, 0xc0, 0xff, 0xf0, 0xe8, 0xc0, 0xff, 0xf0, 0xe8, 0xc0, 0xff,
    0xf8, 0xe8, 0xc0, 0xff, 0xf0, 0xe8, 0xc0, 0xff, 0xf0, 0xe8, 0xc0, 0xff,
    0xf8, 0xe8, 0xc0, 0xff, 0xf0, 0xe8, 0xc0, 0xff, 0xf0, 0xe8, 0xc0, 0xff,
    0xf8, 0xe8, 0xc0, 0xff, 0xf0, 0xe8, 0xc0, 0xff, 0xf0, 0xe8, 0xc0, 0xff,
    0xf8, 0xe8, 0xc0, 0xff, 0xf0, 0xe8, 0xc0, 0xff, 0xf0, 0xe8, 0xc0, 0xff,
    0xf8, 0xe8, 0xc0, 0xff, 0xf0, 0xe8, 0xc0, 0xff, 0xf0, 0xe8, 0xc0, 0xff,
    0xf8, 0xe8, 0xc0, 0xff, 0xf0, 0xe8, 0xc0, 0xff, 0xf0, 0xe8, 0xc0, 0xff,
    0xf8, 0xe8, 0xc0, 0xff, 0xf0, 0xe8, 0xc0, 0xff, 0xf0, 0xe8, 0xc0, 0xff,
    0xf8, 0xe8, 0xc0, 0xff, 0xf0, 0xe8, 0xc0, 0xff, 0xf0, 0xe8, 0xc0, 0xff,
    0xf8, 0xe8, 0xc0, 0xff, 0xf0, 0xe8, 0xc0, 0xff, 0xf0, 0xe8, 0xc0, 0xff,
    0xf8, 0xe8, 0xc0, 0xff, 0xf0, 0xe8, 0xc0, 0xff, 0xf0, 0xe8, 0xc0, 0xff,
    0xf8, 0xe8, 0xc0, 0xff, 0xf0, 0xe8, 0xc0, 0xff, 0xf0, 0xe8, 0xc0, 0xff,
    0xf8, 0xe8, 0xc0, 0xff, 0xf0, 0xe8, 0xc0, 0xff, 0xf0, 0xe8, 0xc0, 0xff,
    0xf8, 0xe8, 0xc0, 0xff, 0xf0, 0xe8, 0xc0, 0xff, 0xf0, 0xe8, 0xc0, 0xff,
    0xf8, 0xe8, 0xc0, 0xff, 0xf0, 0xe8, 0xc0, 0xff, 0xf0, 0xe8, 0xc0, 0xff,
    0xf8, 0xe8, 0xc0, 0xff, 0xf0, 0xe8, 0xc0, 0xff, 0xf0, 0xe8, 0xc0, 0xff,
    0xf8, 0xe8, 0xc0, 0xff, 0xf0, 0xe8, 0xc0, 0xff, 0xf0, 0xe8, 0xc0, 0xff,
    0xf8, 0xe8, 0xc0, 0xff, 0xf0, 0xe8, 0xc0, 0xff, 0xf0, 0xe8, 0xc0, 0xff,
    0xf8, 0xe8, 0xc0, 0xff, 0xf0, 0xe8, 0xc0, 0xff, 0xf0, 0xe8, 0xc0, 0xff,
    0xf0, 0xe8, 0xc0, 0xff, 0xf0, 0xe8, 0xc0, 0xff, 0xf0, 0xe8, 0xc0, 0xff,
    0xf0, 0xe4, 0xc0, 0xff, 0xf8, 0xe8, 0xc0, 0xff, 0xf0, 0xe8, 0xb8, 0xff,
    0xf8, 0xe4, 0xc0, 0xff, 0xf0, 0xe8, 0xc0, 0xff, 0xf0, 0xe4, 0xc0, 0xff,
    0xf8, 0xe8, 0xc0, 0xff, 0xf0, 0xe8, 0xc0, 0x7d, 0x00, 0x00, 0x00, 0x00,
    0x00, 0x00, 0x00, 0x00, 0x00, 0x00, 0x00, 0x00, 0xf0, 0xe4, 0xc0, 0x61,
    0xf0, 0xe8, 0xc0, 0xff, 0xf8, 0xe4, 0xb8, 0xff, 0xf0, 0xe8, 0xc0, 0xff,
    0xf0, 0xe8, 0xc0, 0xff, 0xf8, 0xe4, 0xc0, 0xff, 0xf0, 0xe8, 0xb8, 0xff,
    0xf0, 0xe8, 0xc0, 0xff, 0xf8, 0xe8, 0xc0, 0xff, 0xf0, 0xe4, 0xb8, 0xff,
    0xf8, 0xe4, 0xb8, 0xff, 0xf0, 0xe8, 0xc0, 0xff, 0xf8, 0xe8, 0xb8, 0xff,
    0xf8, 0xe4, 0xc0, 0xff, 0xf0, 0xe4, 0xb8, 0xff, 0xf0, 0xe8, 0xb8, 0xff,
    0xf8, 0xe8, 0xc0, 0xff, 0xf0, 0xe4, 0xb8, 0xff, 0xf0, 0xe4, 0xc0, 0xff,
    0xf8, 0xe8, 0xb8, 0xff, 0xf0, 0xe8, 0xc0, 0xff, 0xf0, 0xe4, 0xb8, 0xff,
    0xf8, 0xe4, 0xb8, 0xff, 0xf0, 0xe8, 0xc0, 0xff, 0xf0, 0xe8, 0xb8, 0xff,
    0xf8, 0xe4, 0xc0, 0xff, 0xf0, 0xe4, 0xb8, 0xff, 0xf0, 0xe8, 0xb8, 0xff,
    0xf8, 0xe8, 0xc0, 0xff, 0xf0, 0xe4, 0xb8, 0xff, 0xf0, 0xe4, 0xc0, 0xff,
    0xf8, 0xe8, 0xb8, 0xff, 0xf0, 0xe8, 0xc0, 0xff, 0xf0, 0xe4, 0xb8, 0xff,
    0xf8, 0xe4, 0xb8, 0xff, 0xf0, 0xe8, 0xc0, 0xff, 0xf0, 0xe8, 0xb8, 0xff,
    0xf8, 0xe4, 0xc0, 0xff, 0xf0, 0xe4, 0xb8, 0xff, 0xf0, 0xe8, 0xb8, 0xff,
    0xf8, 0xe8, 0xc0, 0xff, 0xf0, 0xe4, 0xb8, 0xff, 0xf0, 0xe4, 0xc0, 0xff,
    0xf8, 0xe8, 0xb8, 0xff, 0xf0, 0xe8, 0xc0, 0xff, 0xf0, 0xe4, 0xb8, 0xff,
    0xf8, 0xe4, 0xb8, 0xff, 0xf0, 0xe8, 0xc0, 0xff, 0xf0, 0xe8, 0xb8, 0xff,
    0xf8, 0xe4, 0xc0, 0xff, 0xf0, 0xe4, 0xb8, 0xff, 0xf0, 0xe8, 0xb8, 0xff,
    0xf8, 0xe8, 0xc0, 0xff, 0xf0, 0xe4, 0xb8, 0xff, 0xf0, 0xe4, 0xc0, 0xff,
    0xf8, 0xe8, 0xb8, 0xff, 0xf0, 0xe8, 0xc0, 0xff, 0xf0, 0xe4, 0xb8, 0xff,
    0xf8, 0xe4, 0xb8, 0xff, 0xf0, 0xe8, 0xc0, 0xff, 0xf0, 0xe8, 0xb8, 0xff,
    0xf8, 0xe4, 0xc0, 0xff, 0xf0, 0xe4, 0xb8, 0xff, 0xf0, 0xe8, 0xb8, 0xff,
    0xf8, 0xe8, 0xc0, 0xff, 0xf0, 0xe4, 0xb8, 0xff, 0xf0, 0xe4, 0xc0, 0xff,
    0xf8, 0xe8, 0xb8, 0xff, 0xf0, 0xe8, 0xc0, 0xff, 0xf0, 0xe4, 0xb8, 0xff,
    0xf8, 0xe4, 0xb8, 0xff, 0xf0, 0xe8, 0xc0, 0xff, 0xf0, 0xe8, 0xb8, 0xff,
    0xf8, 0xe4, 0xc0, 0xff, 0xf0, 0xe4, 0xb8, 0xff, 0xf0, 0xe8, 0xb8, 0xff,
    0xf8, 0xe8, 0xc0, 0xff, 0xf0, 0xe4, 0xb8, 0xff, 0xf0, 0xe4, 0xc0, 0xff,
    0xf8, 0xe8, 0xb8, 0xff, 0xf0, 0xe8, 0xc0, 0xff, 0xf0, 0xe4, 0xb8, 0xff,
    0xf8, 0xe4, 0xb8, 0xff, 0xf0, 0xe8, 0xc0, 0xff, 0xf8, 0xe8, 0xb8, 0xff,
    0xf8, 0xe4, 0xc0, 0xff, 0xf0, 0xe4, 0xb8, 0xff, 0xf8, 0xe8, 0xb8, 0xff,
    0xf0, 0xe8, 0xc0, 0xff, 0xf0, 0xe8, 0xc0, 0xff, 0xf8, 0xe8, 0xc0, 0xff,
    0xf0, 0xe8, 0xc0, 0xff, 0xf0, 0xe8, 0xb8, 0xff, 0xf8, 0xe8, 0xc0, 0xff,
    0xf0, 0xe8, 0xc0, 0xff, 0xf0, 0xe4, 0xb8, 0xff, 0xf0, 0xe8, 0xc0, 0xff,
    0xf0, 0xe8, 0xc0, 0x41, 0x00, 0x00, 0x00, 0x00, 0x00, 0x00, 0x00, 0x00,
    0xf0, 0xe8, 0xc0, 0xdf, 0xf8, 0xe8, 0xc0, 0xff, 0xf0, 0xe4, 0xb8, 0xff,
    0xf0, 0xe8, 0xc0, 0xff, 0xf8, 0xe8, 0xc0, 0xff, 0xf0, 0xe8, 0xb8, 0xff,
    0xf8, 0xe8, 0xc0, 0xff, 0xf0, 0xe8, 0xc0, 0xff, 0xf0, 0xe8, 0xc0, 0xff,
    0xf8, 0xe8, 0xc0, 0xff, 0xf0, 0xe8, 0xc0, 0xff, 0xf0, 0xe8, 0xc0, 0xff,
    0xf0, 0xe8, 0xc0, 0xff, 0xf8, 0xe8, 0xc0, 0xff, 0xf0, 0xe8, 0xc0, 0xff,
    0xf0, 0xe4, 0xc0, 0xff, 0xf8, 0xe8, 0xc0, 0xff, 0xf0, 0xe8, 0xc0, 0xff,
    0xf0, 0xe8, 0xb8, 0xff, 0xf8, 0xe8, 0xc0, 0xff, 0xf0, 0xe4, 0xc0, 0xff,
    0xf8, 0xe8, 0xc0, 0xff, 0xf0, 0xe8, 0xc0, 0xff, 0xf0, 0xe8, 0xc0, 0xff,
    0xf8, 0xe8, 0xc0, 0xff, 0xf0, 0xe8, 0xc0, 0xff, 0xf0, 0xe8, 0xc0, 0xff,
    0xf8, 0xe4, 0xc0, 0xff, 0xf0, 0xe8, 0xc0, 0xff, 0xf0, 0xe8, 0xc0, 0xff,
    0xf8, 0xe8, 0xb8, 0xff, 0xf0, 0xe8, 0xc0, 0xff, 0xf0, 0xe4, 0xc0, 0xff,
    0xf8, 0xe8, 0xc0, 0xff, 0xf0, 0xe8, 0xc0, 0xff, 0xf0, 0xe8, 0xc0, 0xff,
    0xf8, 0xe8, 0xc0, 0xff, 0xf0, 0xe8, 0xc0, 0xff, 0xf0, 0xe8, 0xc0, 0xff,
    0xf8, 0xe4, 0xc0, 0xff, 0xf0, 0xe8, 0xc0, 0xff, 0xf0, 0xe8, 0xc0, 0xff,
    0xf8, 0xe8, 0xb8, 0xff, 0xf0, 0xe8, 0xc0, 0xff, 0xf0, 0xe4, 0xc0, 0xff,
    0xf8, 0xe8, 0xc0, 0xff, 0xf0, 0xe8, 0xc0, 0xff, 0xf0, 0xe8, 0xc0, 0xff,
    0xf8, 0xe8, 0xc0, 0xff, 0xf0, 0xe8, 0xc0, 0xff, 0xf0, 0xe8, 0xc0, 0xff,
    0xf8, 0xe4, 0xc0, 0xff, 0xf0, 0xe8, 0xc0, 0xff, 0xf0, 0xe8, 0xc0, 0xff,
    0xf8, 0xe8, 0xb8, 0xff, 0xf0, 0xe8, 0xc0, 0xff, 0xf0, 0xe4, 0xc0, 0xff,
    0xf8, 0xe8, 0xc0, 0xff, 0xf0, 0xe8, 0xc0, 0xff, 0xf0, 0xe8, 0xc0, 0xff,
    0xf8, 0xe8, 0xc0, 0xff, 0xf0, 0xe8, 0xc0, 0xff, 0xf0, 0xe8, 0xc0, 0xff,
    0xf8, 0xe4, 0xc0, 0xff, 0xf0, 0xe8, 0xc0, 0xff, 0xf0, 0xe8, 0xc0, 0xff,
    0xf8, 0xe8, 0xb8, 0xff, 0xf0, 0xe8, 0xc0, 0xff, 0xf0, 0xe4, 0xc0, 0xff,
    0xf8, 0xe8, 0xc0, 0xff, 0xf0, 0xe8, 0xc0, 0xff, 0xf0, 0xe8, 0xc0, 0xff,
    0xf8, 0xe8, 0xc0, 0xff, 0xf0, 0xe8, 0xc0, 0xff, 0xf0, 0xe8, 0xc0, 0xff,
    0xf8, 0xe4, 0xc0, 0xff, 0xf0, 0xe8, 0xc0, 0xff, 0xf0, 0xe8, 0xc0, 0xff,
    0xf8, 0xe8, 0xb8, 0xff, 0xf0, 0xe8, 0xc0, 0xff, 0xf0, 0xe4, 0xc0, 0xff,
    0xf8, 0xe8, 0xc0, 0xff, 0xf0, 0xe8, 0xc0, 0xff, 0xf0, 0xe8, 0xc0, 0xff,
    0xf0, 0xe8, 0xc0, 0xff, 0xf8, 0xe8, 0xc0, 0xff, 0xf0, 0xe8, 0xc0, 0xff,
    0xf8, 0xe4, 0xc0, 0xff, 0xf8, 0xe8, 0xb8, 0xff, 0xf0, 0xe4, 0xc0, 0xff,
    0xf0, 0xe8, 0xc0, 0xff, 0xf8, 0xe4, 0xb8, 0xff, 0xf0, 0xe8, 0xc0, 0xff,
    0xf8, 0xe8, 0xc0, 0xff, 0xf8, 0xe4, 0xb8, 0xff, 0xf0, 0xe8, 0xc0, 0xff,
    0xf8, 0xe8, 0xc0, 0xff, 0xf0, 0xe4, 0xc0, 0xdf, 0x00, 0x00, 0x00, 0x00,
    0xf0, 0xe4, 0xb8, 0x51, 0xf0, 0xe8, 0xc0, 0xff, 0xf8, 0xe8, 0xc0, 0xff,
    0xf0, 0xe8, 0xc0, 0xff, 0xf0, 0xe8, 0xc0, 0xff, 0xf8, 0xe4, 0xb8, 0xff,
    0xf0, 0xe8, 0xc0, 0xff, 0xf0, 0xe4, 0xc0, 0xff, 0xf8, 0xe4, 0xb8, 0xff,
    0xf0, 0xe8, 0xc0, 0xff, 0xf0, 0xe8, 0xc0, 0xff, 0xf8, 0xe4, 0xb8, 0xff,
    0xf0, 0xe8, 0xc0, 0xff, 0xf0, 0xe4, 0xc0, 0xff, 0xf8, 0xe8, 0xb8, 0xff,
    0xf0, 0xe8, 0xc0, 0xff, 0xf0, 0xe8, 0xc0, 0xff, 0xf8, 0xe8, 0xc0, 0xff,
    0xf0, 0xe8, 0xc0, 0xff, 0xf8, 0xe8, 0xc0, 0xff, 0xf0, 0xe4, 0xc0, 0xff,
    0xf0, 0xe8, 0xc0, 0xff, 0xf8, 0xe8, 0xb8, 0xff, 0xf0, 0xe8, 0xc0, 0xff,
    0xf8, 0xe4, 0xc0, 0xff, 0xf8, 0xe8, 0xb8, 0xff, 0xf0, 0xe8, 0xc0, 0xff,
    0xf8, 0xe8, 0xc0, 0xff, 0xf0, 0xe8, 0xb8, 0xff, 0xf8, 0xe8, 0xc0, 0xff,
    0xf0, 0xe8, 0xc0, 0xff, 0xf8, 0xe8, 0xc0, 0xff, 0xf0, 0xe4, 0xc0, 0xff,
    0xf8, 0xe8, 0xc0, 0xff, 0xf8, 0xe8, 0xc0, 0xff, 0xf0, 0xe8, 0xb8, 0xff,
    0xf8, 0xe4, 0xc0, 0xff, 0xf0, 0xe8, 0xc0, 0xff, 0xf8, 0xe8, 0xb8, 0xff,
    0xf0, 0xe8, 0xc0, 0xff, 0xf8, 0xe8, 0xc0, 0xff, 0xf0, 0xe8, 0xc0, 0xff,
    0xf8, 0xe8, 0xc0, 0xff, 0xf8, 0xe8, 0xc0, 0xff, 0xf0, 0xe4, 0xc0, 0xff,
    0xf8, 0xe8, 0xc0, 0xff, 0xf0, 0xe8, 0xb8, 0xff, 0xf8, 0xe8, 0xc0, 0xff,
    0xf0, 0xe4, 0xc0, 0xff, 0xf8, 0xe8, 0xb8, 0xff, 0xf0, 0xe8, 0xc0, 0xff,
    0xf8, 0xe8, 0xc0, 0xff, 0xf8, 0xe8, 0xb8, 0xff, 0xf0, 0xe8, 0xc0, 0xff,
    0xf8, 0xe8, 0xc0, 0xff, 0xf0, 0xe8, 0xc0, 0xff, 0xf8, 0xe4, 0xc0, 0xff,
    0xf0, 0xe8, 0xc0, 0xff, 0xf8, 0xe8, 0xc0, 0xff, 0xf0, 0xe8, 0xb8, 0xff,
    0xf8, 0xe4, 0xc0, 0xff, 0xf8, 0xe8, 0xc0, 0xff, 0xf0, 0xe8, 0xb8, 0xff,
    0xf8, 0xe8, 0xc0, 0xff, 0xf0, 0xe8, 0xc0, 0xff, 0xf8, 0xe8, 0xc0, 0xff,
    0xf0, 0xe8, 0xc0, 0xff, 0xf8, 0xe8, 0xc0, 0xff, 0xf0, 0xe4, 0xc0, 0xff,
    0xf8, 0xe8, 0xc0, 0xff, 0xf8, 0xe8, 0xb8, 0xff, 0xf0, 0xe8, 0xc0, 0xff,
    0xf8, 0xe4, 0xc0, 0xff, 0xf0, 0xe8, 0xb8, 0xff, 0xf8, 0xe8, 0xc0, 0xff,
    0xf0, 0xe8, 0xc0, 0xff, 0xf8, 0xe8, 0xb8, 0xff, 0xf0, 0xe8, 0xc0, 0xff,
    0xf8, 0xe8, 0xc0, 0xff, 0xf8, 0xe8, 0xc0, 0xff, 0xf0, 0xe4, 0xc0, 0xff,
    0xf8, 0xe8, 0xc0, 0xff, 0xf0, 0xe8, 0xc0, 0xff, 0xf8, 0xe8, 0xb8, 0xff,
    0xf0, 0xe4, 0xc0, 0xff, 0xf0, 0xe8, 0xc0, 0xff, 0xf0, 0xe8, 0xb8, 0xff,
    0xf0, 0xe8, 0xc0, 0xff, 0xf0, 0xe8, 0xc0, 0xff, 0xf8, 0xe8, 0xc0, 0xff,
    0xf0, 0xe8, 0xb8, 0xff, 0xf0, 0xe4, 0xc0, 0xff, 0xf8, 0xe8, 0xc0, 0xff,
    0xf0, 0xe8, 0xc0, 0xff, 0xf0, 0xe4, 0xc0, 0xff, 0xf0, 0xe8, 0xc0, 0xff,
    0xf8, 0xe8, 0xc0, 0xff, 0xf0, 0xe8, 0xb8, 0xff, 0xf8, 0xe8, 0xc0, 0xff,
    0xf0, 0xe8, 0xc0, 0x41, 0xf8, 0xe8, 0xc0, 0x8e, 0xf0, 0xe8, 0xc0, 0xff,
    0xf0, 0xe4, 0xb8, 0xff, 0xf8, 0xe8, 0xc0, 0xff, 0xf0, 0xe8, 0xc0, 0xff,
    0xf0, 0xe8, 0xc0, 0xff, 0xf8, 0xe8, 0xc0, 0xff, 0xf0, 0xe8, 0xc0, 0xff,
    0xf8, 0xe8, 0xb8, 0xff, 0xf0, 0xe8, 0xc0, 0xff, 0xf8, 0xe4, 0xc0, 0xff,
    0xf8, 0xe8, 0xb8, 0xff, 0xf0, 0xe8, 0xc0, 0xff, 0xf8, 0xe8, 0xc0, 0xff,
    0xf0, 0xe4, 0xb8, 0xff, 0xf0, 0xe8, 0xc0, 0xff, 0xf8, 0xe8, 0xb8, 0xff,
    0xf0, 0xe4, 0xb8, 0xff, 0xf0, 0xe4, 0xc0, 0xff, 0xf8, 0xe8, 0xc0, 0xff,
    0xf0, 0xe8, 0xb8, 0xff, 0xf0, 0xe8, 0xc0, 0xff, 0xf8, 0xe8, 0xc0, 0xff,
    0xf0, 0xe4, 0xb8, 0xff, 0xf0, 0xe8, 0xc0, 0xff, 0xf0, 0xe4, 0xc0, 0xff,
    0xf0, 0xe4, 0xb8, 0xff, 0xf8, 0xe8, 0xc0, 0xff, 0xf0, 0xe4, 0xc0, 0xff,
    0xf0, 0xe4, 0xb8, 0xff, 0xf8, 0xe8, 0xc0, 0xff, 0xf0, 0xe8, 0xc0, 0xff,
    0xf0, 0xe8, 0xb8, 0xff, 0xf0, 0xe8, 0xc0, 0xff, 0xf0, 0xe8, 0xb8, 0xff,
    0xf0, 0xe4, 0xc0, 0xff, 0xf8, 0xe8, 0xc0, 0xff, 0xf0, 0xe4, 0xb8, 0xff,
    0xf0, 0xe4, 0xc0, 0xff, 0xf8, 0xe8, 0xc0, 0xff, 0xf0, 0xe4, 0xb8, 0xff,
    0xf0, 0xe4, 0xb8, 0xff, 0xf0, 0xe8, 0xc0, 0xff, 0xf0, 0xe8, 0xc0, 0xff,
    0xf0, 0xe8, 0xb8, 0xff, 0xf8, 0xe8, 0xc0, 0xff, 0xf0, 0xe8, 0xc0, 0xff,
    0xf0, 0xe4, 0xb8, 0xff, 0xf8, 0xe8, 0xc0, 0xff, 0xf0, 0xe4, 0xc0, 0xff,
    0xf0, 0xe4, 0xb8, 0xff, 0xf0, 0xe8, 0xc0, 0xff, 0xf0, 0xe4, 0xc0, 0xff,
    0xf0, 0xe4, 0xb8, 0xff, 0xf8, 0xe8, 0xc0, 0xff, 0xf0, 0xe8, 0xc0, 0xff,
    0xf0, 0xe8, 0xb8, 0xff, 0xf8, 0xe8, 0xc0, 0xff, 0xf0, 0xe8, 0xb8, 0xff,
    0xf0, 0xe4, 0xc0, 0xff, 0xf0, 0xe8, 0xc0, 0xff, 0xf0, 0xe4, 0xb8, 0xff,
    0xf0, 0xe4, 0xc0, 0xff, 0xf8, 0xe8, 0xc0, 0xff, 0xf0, 0xe4, 0xb8, 0xff,
    0xf0, 0xe4, 0xb8, 0xff, 0xf8, 0xe8, 0xc0, 0xff, 0xf0, 0xe8, 0xc0, 0xff,
    0xf0, 0xe8, 0xb8, 0xff, 0xf0, 0xe8, 0xc0, 0xff, 0xf0, 0xe8, 0xc0, 0xff,
    0xf0, 0xe4, 0xb8, 0xff, 0xf8, 0xe8, 0xc0, 0xff, 0xf0, 0xe4, 0xc0, 0xff,
    0xf0, 0xe4, 0xb8, 0xff, 0xf8, 0xe8, 0xc0, 0xff, 0xf0, 0xe4, 0xc0, 0xff,
    0xf0, 0xe4, 0xb8, 0xff, 0xf0, 0xe8, 0xc0, 0xff, 0xf0, 0xe8, 0xc0, 0xff,
    0xf0, 0xe8, 0xb8, 0xff, 0xf8, 0xe8, 0xc0, 0xff, 0xf0, 0xe8, 0xb8, 0xff,
    0xf0, 0xe4, 0xc0, 0xff, 0xf8, 0xe8, 0xc0, 0xff, 0xf8, 0xe4, 0xb8, 0xff,
    0xf0, 0xe8, 0xc0, 0xff, 0xf8, 0xe4, 0xc0, 0xff, 0xf0, 0xe8, 0xb8, 0xff,
    0xf0, 0xe8, 0xc0, 0xff, 0xf8, 0xe8, 0xc0, 0xff, 0xf0, 0xe8, 0xc0, 0xff,
    0xf0, 0xe8, 0xb8, 0xff, 0xf8, 0xe8, 0xc0, 0xff, 0xf0, 0xe8, 0xb8, 0xff,
    0xf0, 0xe8, 0xc0, 0xff, 0xf0, 0xe4, 0xc0, 0xff, 0xf8, 0xe8, 0xb8, 0xff,
    0xf0, 0xe8, 0xc0, 0xff, 0xf8, 0xe8, 0xc0, 0x8e, 0xf0, 0xe8, 0xc0, 0xbe,
    0xf0, 0xe8, 0xc0, 0xff, 0xf8, 0xe4, 0xb8, 0xff, 0xf0, 0xe8, 0xc0, 0xff,
    0xf8, 0xe8, 0xc0, 0xff, 0xf0, 0xe4, 0xb8, 0xff, 0xf0, 0xe8, 0xc0, 0xff,
    0xf8, 0xe8, 0xc0, 0xff, 0xf0, 0xe8, 0xc0, 0xff, 0xf0, 0xe4, 0xc0, 0xff,
    0xf0, 0xe8, 0xc0, 0xff, 0xf0, 0xe8, 0xc0, 0xff, 0xf0, 0xe8, 0xc0, 0xff,
    0xf8, 0xe8, 0xc0, 0xff, 0xf0, 0xe4, 0xc0, 0xff, 0xf8, 0xe8, 0xc0, 0xff,
    0xf8, 0xe8, 0xc0, 0xff, 0xf0, 0xe8, 0xc0, 0xff, 0xf0, 0xe8, 0xc0, 0xff,
    0xf8, 0xe8, 0xb8, 0xff, 0xf0, 0xe4, 0xc0, 0xff, 0xf8, 0xe8, 0xc0, 0xff,
    0xf0, 0xe8, 0xc0, 0xff, 0xf0, 0xe8, 0xc0, 0xff, 0xf8, 0xe8, 0xc0, 0xff,
    0xf0, 0xe8, 0xc0, 0xff, 0xf0, 0xe8, 0xc0, 0xff, 0xf8, 0xe8, 0xc0, 0xff,
    0xf0, 0xe8, 0xc0, 0xff, 0xf0, 0xe8, 0xc0, 0xff, 0xf8, 0xe4, 0xb8, 0xff,
    0xf0, 0xe8, 0xc0, 0xff, 0xf8, 0xe4, 0xc0, 0xff, 0xf8, 0xe8, 0xc0, 0xff,
    0xf0, 0xe8, 0xc0, 0xff, 0xf0, 0xe8, 0xc0, 0xff, 0xf8, 0xe8, 0xc0, 0xff,
    0xf0, 0xe8, 0xc0, 0xff, 0xf0, 0xe8, 0xc0, 0xff, 0xf8, 0xe8, 0xc0, 0xff,
    0xf0, 0xe8, 0xc0, 0xff, 0xf8, 0xe8, 0xc0, 0xff, 0xf8, 0xe4, 0xb8, 0xff,
    0xf0, 0xe8, 0xc0, 0xff, 0xf0, 0xe4, 0xc0, 0xff, 0xf8, 0xe8, 0xc0, 0xff,
    0xf0, 0xe8, 0xc0, 0xff, 0xf0, 0xe8, 0xc0, 0xff, 0xf8, 0xe8, 0xc0, 0xff,
    0xf0, 0xe8, 0xc0, 0xff, 0xf8, 0xe8, 0xc0, 0xff, 0xf8, 0xe8, 0xc0, 0xff,
    0xf0, 0xe8, 0xc0, 0xff, 0xf0, 0xe8, 0xc0, 0xff, 0xf8, 0xe4, 0xb8, 0xff,
    0xf0, 0xe8, 0xc0, 0xff, 0xf0, 0xe4, 0xc0, 0xff, 0xf8, 0xe8, 0xc0, 0xff,
    0xf0, 0xe8, 0xc0, 0xff, 0xf8, 0xe8, 0xc0, 0xff, 0xf8, 0xe8, 0xc0, 0xff,
    0xf0, 0xe8, 0xc0, 0xff, 0xf0, 0xe8, 0xc0, 0xff, 0xf8, 0xe8, 0xc0, 0xff,
    0xf0, 0xe8, 0xc0, 0xff, 0xf0, 0xe8, 0xc0, 0xff, 0xf8, 0xe4, 0xb8, 0xff,
    0xf0, 0xe8, 0xc0, 0xff, 0xf8, 0xe4, 0xc0, 0xff, 0xf8, 0xe8, 0xc0, 0xff,
    0xf0, 0xe8, 0xc0, 0xff, 0xf0, 0xe8, 0xc0, 0xff, 0xf8, 0xe8, 0xc0, 0xff,
    0xf0, 0xe8, 0xc0, 0xff, 0xf0, 0xe8, 0xc0, 0xff, 0xf8, 0xe8, 0xc0, 0xff,
    0xf0, 0xe8, 0xc0, 0xff, 0xf8, 0xe8, 0xc0, 0xff, 0xf8, 0xe4, 0xb8, 0xff,
    0xf0, 0xe8, 0xc0, 0xff, 0xf0, 0xe4, 0xc0, 0xff, 0xf8, 0xe8, 0xc0, 0xff,
    0xf0, 0xe8, 0xc0, 0xff, 0xf0, 0xe8, 0xc0, 0xff, 0xf8, 0xe8, 0xc0, 0xff,
    0xf0, 0xe8, 0xc0, 0xff, 0xf8, 0xe8, 0xc0, 0xff, 0xf0, 0xe4, 0xc0, 0xff,
    0xf8, 0xe8, 0xc0, 0xff, 0xf0, 0xe4, 0xb8, 0xff, 0xf8, 0xe4, 0xc0, 0xff,
    0xf0, 0xe8, 0xc0, 0xff, 0xf0, 0xe4, 0xc0, 0xff, 0xf8, 0xe8, 0xc0, 0xff,
    0xf8, 0xe8, 0xb8, 0xff, 0xf0, 0xe4, 0xc0, 0xff, 0xf8, 0xe8, 0xc0, 0xff,
    0xf0, 0xe8, 0xc0, 0xff, 0xf0, 0xe4, 0xc0, 0xff, 0xf0, 0xe8, 0xc0, 0xae,
    0xf0, 0xe4, 0xc0, 0xcf, 0xf8, 0xe8, 0xc0, 0xff, 0xf0, 0xe8, 0xc0, 0xff,
    0xf0, 0xe8, 0xc0, 0xff, 0xf8, 0xe4, 0xb8, 0xff, 0xf0, 0xe8, 0xc0, 0xff,
    0xf0, 0xe4, 0xc0, 0xff, 0xf8, 0xe8, 0xb8, 0xff, 0xf0, 0xe8, 0xc0, 0xff,
    0xf8, 0xe4, 0xb8, 0xff, 0xf8, 0xe8, 0xb8, 0xff, 0xf0, 0xe8, 0xc0, 0xff,
    0xf0, 0xe4, 0xb8, 0xff, 0xf8, 0xe8, 0xc0, 0xff, 0xf0, 0xe8, 0xc0, 0xff,
    0xf0, 0xe4, 0xb8, 0xff, 0xf0, 0xe8, 0xc0, 0xff, 0xf8, 0xe8, 0xc0, 0xff,
    0xf0, 0xe8, 0xc0, 0xff, 0xf0, 0xe4, 0xc0, 0xff, 0xf8, 0xe8, 0xb8, 0xff,
    0xf0, 0xe8, 0xc0, 0xff, 0xf0, 0xe4, 0xb8, 0xff, 0xf8, 0xe8, 0xc0, 0xff,
    0xf8, 0xe8, 0xb8, 0xff, 0xf0, 0xe8, 0xc0, 0xff, 0xf8, 0xe8, 0xb8, 0xff,
    0xf0, 0xe4, 0xc0, 0xff, 0xf0, 0xe8, 0xc0, 0xff, 0xf8, 0xe8, 0xb8, 0xff,
    0xf0, 0xe8, 0xc0, 0xff, 0xf0, 0xe8, 0xc0, 0xff, 0xf0, 0xe4, 0xb8, 0xff,
    0xf8, 0xe8, 0xc0, 0xff, 0xf0, 0xe8, 0xc0, 0xff, 0xf8, 0xe4, 0xb8, 0xff,
    0xf0, 0xe8, 0xb8, 0xff, 0xf0, 0xe8, 0xc0, 0xff, 0xf8, 0xe8, 0xb8, 0xff,
    0xf0, 0xe8, 0xc0, 0xff, 0xf0, 0xe8, 0xc0, 0xff, 0xf0, 0xe8, 0xc0, 0xff,
    0xf8, 0xe8, 0xc0, 0xff, 0xf0, 0xe8, 0xb8, 0xff, 0xf8, 0xe4, 0xc0, 0xff,
    0xf0, 0xe8, 0xb8, 0xff, 0xf0, 0xe8, 0xc0, 0xff, 0xf8, 0xe4, 0xb8, 0xff,
    0xf0, 0xe8, 0xc0, 0xff, 0xf0, 0xe8, 0xb8, 0xff, 0xf0, 0xe8, 0xc0, 0xff,
    0xf8, 0xe8, 0xb8, 0xff, 0xf0, 0xe8, 0xc0, 0xff, 0xf8, 0xe8, 0xc0, 0xff,
    0xf0, 0xe8, 0xc0, 0xff, 0xf0, 0xe8, 0xb8, 0xff, 0xf8, 0xe4, 0xc0, 0xff,
    0xf0, 0xe8, 0xc0, 0xff, 0xf0, 0xe8, 0xb8, 0xff, 0xf0, 0xe4, 0xb8, 0xff,
    0xf8, 0xe8, 0xc0, 0xff, 0xf0, 0xe8, 0xb8, 0xff, 0xf8, 0xe8, 0xc0, 0xff,
    0xf0, 0xe8, 0xb8, 0xff, 0xf0, 0xe8, 0xc0, 0xff, 0xf8, 0xe8, 0xc0, 0xff,
    0xf0, 0xe8, 0xc0, 0xff, 0xf0, 0xe8, 0xb8, 0xff, 0xf0, 0xe4, 0xc0, 0xff,
    0xf8, 0xe8, 0xb8, 0xff, 0xf0, 0xe8, 0xc0, 0xff, 0xf8, 0xe4, 0xb8, 0xff,
    0xf0, 0xe8, 0xc0, 0xff, 0xf0, 0xe8, 0xb8, 0xff, 0xf8, 0xe8, 0xc0, 0xff,
    0xf0, 0xe8, 0xb8, 0xff, 0xf0, 0xe8, 0xc0, 0xff, 0xf0, 0xe8, 0xc0, 0xff,
    0xf8, 0xe8, 0xc0, 0xff, 0xf0, 0xe8, 0xb8, 0xff, 0xf8, 0xe4, 0xc0, 0xff,
    0xf0, 0xe8, 0xc0, 0xff, 0xf0, 0xe8, 0xb8, 0xff, 0xf8, 0xe4, 0xb8, 0xff,
    0xf0, 0xe8, 0xc0, 0xff, 0xf0, 0xe8, 0xb8, 0xff, 0xf0, 0xe8, 0xc0, 0xff,
    0xf8, 0xe8, 0xc0, 0xff, 0xf0, 0xe8, 0xb8, 0xff, 0xf0, 0xe8, 0xc0, 0xff,
    0xf8, 0xe8, 0xc0, 0xff, 0xf0, 0xe8, 0xb8, 0xff, 0xf0, 0xe8, 0xc0, 0xff,
    0xf8, 0xe4, 0xc0, 0xff, 0xf0, 0xe8, 0xc0, 0xff, 0xf0, 0xe8, 0xc0, 0xff,
    0xf8, 0xe8, 0xb8, 0xff, 0xf0, 0xe8, 0xc0, 0xff, 0xf0, 0xe4, 0xc0, 0xff,
    0xf0, 0xe8, 0xb8, 0xdf, 0xf0, 0xe8, 0xc0, 0xdf, 0xf8, 0xe8, 0xb8, 0xff,
    0xf0, 0xe8, 0xc0, 0xff, 0xf0, 0xe4, 0xc0, 0xff, 0xf8, 0xe8, 0xb8, 0xff,
    0xf0, 0xe8, 0xc0, 0xff, 0xf8, 0xe8, 0xc0, 0xff, 0xf0, 0xe8, 0xc0, 0xff,
    0xf0, 0xe8, 0xc0, 0xff, 0xf8, 0xe8, 0xc0, 0xff, 0xf0, 0xe8, 0xc0, 0xff,
    0xf0, 0xe4, 0xc0, 0xff, 0xf8, 0xe8, 0xb8, 0xff, 0xf0, 0xe8, 0xc0, 0xff,
    0xf0, 0xe8, 0xc0, 0xff, 0xf8, 0xe8, 0xb8, 0xff, 0xf0, 0xe4, 0xc0, 0xff,
    0xf0, 0xe8, 0xb8, 0xff, 0xf8, 0xe8, 0xc0, 0xff, 0xf0, 0xe4, 0xc0, 0xff,
    0xf8, 0xe8, 0xc0, 0xff, 0xf0, 0xe8, 0xc0, 0xff, 0xf0, 0xe4, 0xc0, 0xff,
    0xf8, 0xe8, 0xb8, 0xff, 0xf0, 0xe4, 0xc0, 0xff, 0xf0, 0xe8, 0xc0, 0xff,
    0xf8, 0xe8, 0xc0, 0xff, 0xf0, 0xe4, 0xb8, 0xff, 0xf8, 0xe8, 0xc0, 0xff,
    0xf0, 0xe8, 0xc0, 0xff, 0xf8, 0xe8, 0xc0, 0xff, 0xf0, 0xe8, 0xc0, 0xff,
    0xf0, 0xe8, 0xb8, 0xff, 0xf0, 0xe8, 0xc0, 0xff, 0xf8, 0xe4, 0xc0, 0xff,
    0xf0, 0xe8, 0xc0, 0xff, 0xf0, 0xe8, 0xc0, 0xff, 0xf8, 0xe4, 0xc0, 0xff,
    0xf8, 0xe4, 0xb8, 0xff, 0xf0, 0xe8, 0xc0, 0xff, 0xf0, 0xe4, 0xb8, 0xff,
    0xf8, 0xe4, 0xc0, 0xff, 0xf0, 0xe8, 0xc0, 0xff, 0xf0, 0xe8, 0xc0, 0xff,
    0xf8, 0xe8, 0xc0, 0xff, 0xf0, 0xe8, 0xc0, 0xff, 0xf8, 0xe4, 0xb8, 0xff,
    0xf0, 0xe8, 0xc0, 0xff, 0xf8, 0xe8, 0xc0, 0xff, 0xf0, 0xe4, 0xc0, 0xff,
    0xf0, 0xe4, 0xb8, 0xff, 0xf0, 0xe8, 0xc0, 0xff, 0xf8, 0xe4, 0xc0, 0xff,
    0xf0, 0xe4, 0xb8, 0xff, 0xf0, 0xe8, 0xc0, 0xff, 0xf8, 0xe8, 0xc0, 0xff,
    0xf8, 0xe8, 0xb8, 0xff, 0xf0, 0xe8, 0xc0, 0xff, 0xf0, 0xe4, 0xc0, 0xff,
    0xf8, 0xe8, 0xc0, 0xff, 0xf0, 0xe8, 0xc0, 0xff, 0xf0, 0xe4, 0xc0, 0xff,
    0xf8, 0xe4, 0xb8, 0xff, 0xf0, 0xe8, 0xc0, 0xff, 0xf8, 0xe4, 0xc0, 0xff,
    0xf0, 0xe4, 0xb8, 0xff, 0xf8, 0xe8, 0xc0, 0xff, 0xf0, 0xe8, 0xc0, 0xff,
    0xf0, 0xe8, 0xc0, 0xff, 0xf0, 0xe8, 0xc0, 0xff, 0xf8, 0xe4, 0xb8, 0xff,
    0xf0, 0xe8, 0xc0, 0xff, 0xf0, 0xe8, 0xc0, 0xff, 0xf8, 0xe4, 0xc0, 0xff,
    0xf8, 0xe4, 0xb8, 0xff, 0xf0, 0xe8, 0xc0, 0xff, 0xf0, 0xe4, 0xc0, 0xff,
    0xf8, 0xe4, 0xb8, 0xff, 0xf0, 0xe8, 0xc0, 0xff, 0xf0, 0xe8, 0xc0, 0xff,
    0xf8, 0xe8, 0xb8, 0xff, 0xf0, 0xe8, 0xc0, 0xff, 0xf8, 0xe4, 0xc0, 0xff,
    0xf0, 0xe8, 0xc0, 0xff, 0xf8, 0xe4, 0xc0, 0xff, 0xf0, 0xe8, 0xc0, 0xff,
    0xf0, 0xe4, 0xb8, 0xff, 0xf8, 0xe8, 0xc0, 0xff, 0xf0, 0xe8, 0xc0, 0xff,
    0xf0, 0xe8, 0xc0, 0xff, 0xf8, 0xe4, 0xc0, 0xff, 0xf0, 0xe8, 0xb8, 0xff,
    0xf0, 0xe8, 0xc0, 0xff, 0xf8, 0xe8, 0xc0, 0xff, 0xf0, 0xe4, 0xb8, 0xff,
    0xf0, 0xe8, 0xc0, 0xff, 0xf8, 0xe8, 0xc0, 0xff, 0xf8, 0xe4, 0xb8, 0xff,
    0xf0, 0xe8, 0xc0, 0xff, 0xf0, 0xe8, 0xc0, 0xdf, 0xf0, 0xe8, 0xc0, 0xff,
    0xf0, 0xe4, 0xc0, 0xff, 0xf8, 0xe8, 0xb8, 0xff, 0xf0, 0xe8, 0xc0, 0xff,
    0xf0, 0xe8, 0xc0, 0xff, 0xf8, 0xe8, 0xc0, 0xff, 0xf0, 0xe4, 0xb8, 0xff,
    0xf0, 0xe8, 0xc0, 0xff, 0xf8, 0xe4, 0xc0, 0xff, 0xf0, 0xe8, 0xb8, 0xff,
    0xf0, 0xe8, 0xc0, 0xff, 0xf8, 0xe8, 0xc0, 0xff, 0xf0, 0xe8, 0xc0, 0xff,
    0xf0, 0xe4, 0xc0, 0xff, 0xf8, 0xe8, 0xc0, 0xff, 0xf8, 0xe8, 0xc0, 0xff,
    0xf0, 0xe8, 0xc0, 0xff, 0xf0, 0xe4, 0xc0, 0xff, 0xf8, 0xe8, 0xb8, 0xff,
    0xf0, 0xe8, 0xc0, 0xff, 0xf0, 0xe8, 0xc0, 0xff, 0xf8, 0xe8, 0xb8, 0xff,
    0xf0, 0xe8, 0xc0, 0xff, 0xf0, 0xe8, 0xc0, 0xff, 0xf0, 0xe8, 0xc0, 0xff,
    0xf8, 0xe4, 0xc0, 0xff, 0xf0, 0xe8, 0xc0, 0xff, 0xf0, 0xe8, 0xc0, 0xff,
    0xf0, 0xe8, 0xb8, 0xff, 0xf8, 0xe4, 0xc0, 0xff, 0xf0, 0xe4, 0xc0, 0xff,
    0xf8, 0xe8, 0xc0, 0xff, 0xf8, 0xe8, 0xc0, 0xff, 0xf0, 0xe4, 0xb8, 0xff,
    0xf0, 0xe8, 0xc0, 0xff, 0xf8, 0xe8, 0xc0, 0xff, 0xf0, 0xe8, 0xc0, 0xff,
    0xf0, 0xe8, 0xc0, 0xff, 0xf8, 0xe8, 0xc0, 0xff, 0xf0, 0xe8, 0xc0, 0xff,
    0xf8, 0xe8, 0xc0, 0xff, 0xf0, 0xe8, 0xb8, 0xff, 0xf0, 0xe8, 0xc0, 0xff,
    0xf8, 0xe4, 0xc0, 0xff, 0xf0, 0xe8, 0xb8, 0xff, 0xf0, 0xe8, 0xc0, 0xff,
    0xf8, 0xe8, 0xc0, 0xff, 0xf0, 0xe8, 0xc0, 0xff, 0xf0, 0xe8, 0xc0, 0xff,
    0xf8, 0xe8, 0xc0, 0xff, 0xf8, 0xe8, 0xc0, 0xff, 0xf0, 0xe8, 0xc0, 0xff,
    0xf0, 0xe8, 0xc0, 0xff, 0xf8, 0xe8, 0xb8, 0xff, 0xf0, 0xe8, 0xc0, 0xff,
    0xf0, 0xe4, 0xc0, 0xff, 0xf8, 0xe8, 0xc0, 0xff, 0xf0, 0xe8, 0xc0, 0xff,
    0xf8, 0xe8, 0xc0, 0xff, 0xf0, 0xe8, 0xb8, 0xff, 0xf0, 0xe8, 0xc0, 0xff,
    0xf8, 0xe8, 0xc0, 0xff, 0xf0, 0xe8, 0xc0, 0xff, 0xf0, 0xe8, 0xc0, 0xff,
    0xf8, 0xe8, 0xc0, 0xff, 0xf0, 0xe8, 0xc0, 0xff, 0xf0, 0xe8, 0xb8, 0xff,
    0xf8, 0xe4, 0xc0, 0xff, 0xf8, 0xe8, 0xc0, 0xff, 0xf0, 0xe8, 0xc0, 0xff,
    0xf0, 0xe8, 0xc0, 0xff, 0xf8, 0xe8, 0xc0, 0xff, 0xf0, 0xe8, 0xc0, 0xff,
    0xf0, 0xe8, 0xc0, 0xff, 0xf8, 0xe8, 0xc0, 0xff, 0xf0, 0xe8, 0xc0, 0xff,
    0xf8, 0xe8, 0xc0, 0xff, 0xf0, 0xe8, 0xb8, 0xff, 0xf0, 0xe8, 0xc0, 0xff,
    0xf8, 0xe4, 0xc0, 0xff, 0xf0, 0xe8, 0xc0, 0xff, 0xf0, 0xe8, 0xc0, 0xff,
    0xf8, 0xe8, 0xc0, 0xff, 0xf0, 0xe8, 0xb8, 0xff, 0xf0, 0xe8, 0xc0, 0xff,
    0xf8, 0xe8, 0xc0, 0xff, 0xf0, 0xe4, 0xc0, 0xff, 0xf0, 0xe8, 0xb8, 0xff,
    0xf8, 0xe8, 0xc0, 0xff, 0xf0, 0xe4, 0xc0, 0xff, 0xf8, 0xe8, 0xb8, 0xff,
    0xf0, 0xe8, 0xc0, 0xff, 0xf8, 0xe8, 0xc0, 0xff, 0xf0, 0xe8, 0xc0, 0xff,
    0xf0, 0xe8, 0xb8, 0xff, 0xf8, 0xe4, 0xc0, 0xff, 0xf0, 0xe8, 0xc0, 0xff,
    0xf0, 0xe8, 0xc0, 0xff, 0xf8, 0xe8, 0xc0, 0xff, 0xf8, 0xe8, 0xc0, 0xff,
    0xf0, 0xe8, 0xc0, 0xff, 0xf8, 0xe8, 0xc0, 0xff, 0xf0, 0xe4, 0xc0, 0xff,
    0xf8, 0xe8, 0xc0, 0xff, 0xf0, 0xe8, 0xc0, 0xff, 0xf8, 0xe4, 0xb8, 0xff,
    0xf0, 0xe8, 0xc0, 0xff, 0xf0, 0xe8, 0xc0, 0xff, 0xf8, 0xe4, 0xb8, 0xff,
    0xf0, 0xe8, 0xc0, 0xff, 0xf8, 0xe8, 0xc0, 0xff, 0xf0, 0xe4, 0xb8, 0xff,
    0xf8, 0xe8, 0xc0, 0xff, 0xf0, 0xe8, 0xb8, 0xff, 0xf0, 0xe4, 0xc0, 0xff,
    0xf8, 0xe8, 0xc0, 0xff, 0xf0, 0xe8, 0xb8, 0xff, 0xf0, 0xe8, 0xc0, 0xff,
    0xf8, 0xe4, 0xc0, 0xff, 0xf0, 0xe8, 0xb8, 0xff, 0xf0, 0xe8, 0xc0, 0xff,
    0xf8, 0xe4, 0xc0, 0xff, 0xf8, 0xe8, 0xb8, 0xff, 0xf0, 0xe8, 0xc0, 0xff,
    0xf8, 0xe8, 0xc0, 0xff, 0xf0, 0xe8, 0xb8, 0xff, 0xf8, 0xe4, 0xc0, 0xff,
    0xf0, 0xe8, 0xc0, 0xff, 0xf8, 0xe8, 0xc0, 0xff, 0xf0, 0xe8, 0xb8, 0xff,
    0xf0, 0xe8, 0xc0, 0xff, 0xf0, 0xe8, 0xc0, 0xff, 0xf8, 0xe4, 0xb8, 0xff,
    0xf0, 0xe8, 0xc0, 0xff, 0xf0, 0xe8, 0xc0, 0xff, 0xf8, 0xe4, 0xb8, 0xff,
    0xf0, 0xe8, 0xb8, 0xff, 0xf0, 0xe8, 0xc0, 0xff, 0xf0, 0xe4, 0xc0, 0xff,
    0xf8, 0xe8, 0xb8, 0xff, 0xf0, 0xe8, 0xc0, 0xff, 0xf0, 0xe8, 0xc0, 0xff,
    0xf8, 0xe4, 0xb8, 0xff, 0xf0, 0xe8, 0xc0, 0xff, 0xf0, 0xe8, 0xc0, 0xff,
    0xf8, 0xe4, 0xb8, 0xff, 0xf0, 0xe8, 0xc0, 0xff, 0xf0, 0xe4, 0xc0, 0xff,
    0xf8, 0xe8, 0xb8, 0xff, 0xf0, 0xe8, 0xb8, 0xff, 0xf0, 0xe4, 0xc0, 0xff,
    0xf8, 0xe8, 0xc0, 0xff, 0xf0, 0xe8, 0xc0, 0xff, 0xf8, 0xe8, 0xc0, 0xff,
    0xf0, 0xe4, 0xc0, 0xff, 0xf0, 0xe8, 0xb8, 0xff, 0xf0, 0xe8, 0xc0, 0xff,
    0xf8, 0xe4, 0xc0, 0xff, 0xf0, 0xe8, 0xb8, 0xff, 0xf0, 0xe4, 0xc0, 0xff,
    0xf8, 0xe8, 0xc0, 0xff, 0xf0, 0xe8, 0xb8, 0xff, 0xf0, 0xe4, 0xc0, 0xff,
    0xf8, 0xe8, 0xc0, 0xff, 0xf0, 0xe8, 0xb8, 0xff, 0xf0, 0xe8, 0xc0, 0xff,
    0xf8, 0xe4, 0xc0, 0xff, 0xf0, 0xe8, 0xb8, 0xff, 0xf0, 0xe8, 0xc0, 0xff,
    0xf8, 0xe4, 0xb8, 0xff, 0xf0, 0xe8, 0xc0, 0xff, 0xf8, 0xe4, 0xb8, 0xff,
    0xf0, 0xe8, 0xb8, 0xff, 0xf0, 0xe8, 0xc0, 0xff, 0xf0, 0xe4, 0xc0, 0xff,
    0xf8, 0xe8, 0xb8, 0xff, 0xf0, 0xe8, 0xc0, 0xff, 0xf0, 0xe8, 0xc0, 0xff,
    0xf8, 0xe4, 0xc0, 0xff, 0xf0, 0xe8, 0xb8, 0xff, 0xf0, 0xe8, 0xc0, 0xff,
    0xf8, 0xe4, 0xc0, 0xff, 0xf0, 0xe8, 0xb8, 0xff, 0xf0, 0xe8, 0xc0, 0xff,
    0xf8, 0xe4, 0xc0, 0xff, 0xf8, 0xe8, 0xb8, 0xff, 0xf0, 0xe8, 0xc0, 0xff,
    0xf0, 0xe8, 0xc0, 0xff, 0xf8, 0xe4, 0xc0, 0xff, 0xf0, 0xe8, 0xc0, 0xff,
    0xf0, 0xe8, 0xc0, 0xff, 0xf8, 0xe4, 0xc0, 0xff, 0xf0, 0xe4, 0xc0, 0xff,
    0xf0, 0xe8, 0xb8, 0xff, 0xf8, 0xe8, 0xc0, 0xff, 0xf0, 0xe8, 0xc0, 0xff,
    0xf0, 0xe8, 0xb8, 0xff, 0xf0, 0xe4, 0xc0, 0xff, 0xf0, 0xe8, 0xc0, 0xff,
    0xf0, 0xe8, 0xb8, 0xff, 0xf0, 0xe8, 0xc0, 0xff, 0xf0, 0xe8, 0xb8, 0xff,
    0xf8, 0xe8, 0xc0, 0xff, 0xf0, 0xe4, 0xc0, 0xff, 0xf0, 0xe8, 0xb8, 0xff,
    0xf8, 0xe8, 0xc0, 0xff, 0xf0, 0xe8, 0xc0, 0xff, 0xf8, 0xe8, 0xc0, 0xff,
    0xf0, 0xe8, 0xc0, 0xff, 0xf0, 0xe8, 0xc0, 0xff, 0xf0, 0xe4, 0xc0, 0xff,
    0xf8, 0xe8, 0xc0, 0xff, 0xf0, 0xe8, 0xc0, 0xff, 0xf0, 0xe8, 0xb8, 0xff,
    0xf8, 0xe8, 0xc0, 0xff, 0xf0, 0xe4, 0xc0, 0xff, 0xf0, 0xe8, 0xb8, 0xff,
    0xf8, 0xe8, 0xc0, 0xff, 0xf0, 0xe8, 0xc0, 0xff, 0xf8, 0xe8, 0xc0, 0xff,
    0xf0, 0xe4, 0xc0, 0xff, 0xf0, 0xe8, 0xc0, 0xff, 0xf0, 0xe4, 0xc0, 0xff,
    0xf8, 0xe8, 0xc0, 0xff, 0xf0, 0xe4, 0xb8, 0xff, 0xf0, 0xe8, 0xc0, 0xff,
    0xf0, 0xe8, 0xb8, 0xff, 0xf8, 0xe4, 0xc0, 0xff, 0xf0, 0xe8, 0xc0, 0xff,
    0xf8, 0xe8, 0xb8, 0xff, 0xf0, 0xe8, 0xc0, 0xff, 0xf0, 0xe4, 0xc0, 0xff,
    0xf8, 0xe8, 0xb8, 0xff, 0xf0, 0xe8, 0xc0, 0xff, 0xf8, 0xe8, 0xc0, 0xff,
    0xf0, 0xe4, 0xc0, 0xff, 0xf8, 0xe8, 0xc0, 0xff, 0xf8, 0xe8, 0xc0, 0xff,
    0xf0, 0xe4, 0xb8, 0xff, 0xf0, 0xe8, 0xc0, 0xff, 0xf8, 0xe8, 0xc0, 0xff,
    0xf0, 0xe4, 0xc0, 0xff, 0xf8, 0xe8, 0xc0, 0xff, 0xf0, 0xe8, 0xc0, 0xff,
    0xf8, 0xe8, 0xc0, 0xff, 0xf0, 0xe8, 0xc0, 0xff, 0xf0, 0xe4, 0xb8, 0xff,
    0xf8, 0xe8, 0xc0, 0xff, 0xf0, 0xe8, 0xc0, 0xff, 0xf0, 0xe4, 0xc0, 0xff,
    0xf8, 0xe8, 0xb8, 0xff, 0xf0, 0xe8, 0xc0, 0xff, 0xf0, 0xe4, 0xb8, 0xff,
    0xf8, 0xe8, 0xc0, 0xff, 0xf8, 0xe8, 0xc0, 0xff, 0xf0, 0xe8, 0xb8, 0xff,
    0xf8, 0xe8, 0xc0, 0xff, 0xf0, 0xe4, 0xc0, 0xff, 0xf0, 0xe8, 0xc0, 0xff,
    0xf8, 0xe8, 0xc0, 0xff, 0xf8, 0xe4, 0xc0, 0xff, 0xf0, 0xe8, 0xb8, 0xff,
    0xf0, 0xe8, 0xc0, 0xff, 0xf8, 0xe4, 0xc0, 0xff, 0xf0, 0xe8, 0xb8, 0xff,
    0xf8, 0xe8, 0xc0, 0xff, 0xf0, 0xe4, 0xc0, 0xff, 0xf0, 0xe8, 0xc0, 0xff,
    0xf8, 0xe8, 0xc0, 0xff, 0xf0, 0xe8, 0xc0, 0xff, 0xf0, 0xe4, 0xc0, 0xff,
    0xf8, 0xe8, 0xc0, 0xff, 0xf8, 0xe8, 0xc0, 0xff, 0xf0, 0xe4, 0xc0, 0xff,
    0xf8, 0xe8, 0xb8, 0xff, 0xf0, 0xe8, 0xc0, 0xff, 0xf0, 0xe4, 0xc0, 0xff,
    0xf8, 0xe8, 0xc0, 0xff, 0xf8, 0xe8, 0xc0, 0xff, 0xf0, 0xe8, 0xb8, 0xff,
    0xf0, 0xe8, 0xc0, 0xff, 0xf8, 0xe4, 0xc0, 0xff, 0xf0, 0xe8, 0xc0, 0xff,
    0xf0, 0xe8, 0xc0, 0xff, 0xf8, 0xe4, 0xc0, 0xff, 0xf0, 0xe8, 0xc0, 0xff,
    0xf0, 0xe8, 0xb8, 0xff, 0xf8, 0xe8, 0xc0, 0xff, 0xf0, 0xe8, 0xb8, 0xff,
    0xf0, 0xe8, 0xc0, 0xff, 0xf8, 0xe8, 0xb8, 0xff, 0xf0, 0xe8, 0xc0, 0xff,
    0xf0, 0xe8, 0xc0, 0xff, 0xf8, 0xe4, 0xc0, 0xff, 0xf0, 0xe8, 0xc0, 0xff,
    0xf8, 0xe8, 0xc0, 0xff, 0xf8, 0xe4, 0xb8, 0xff, 0xf0, 0xe8, 0xc0, 0xff,
    0xf8, 0xe8, 0xc0, 0xff, 0xf0, 0xe4, 0xc0, 0xff, 0xf0, 0xe4, 0xc0, 0xff,
    0xf8, 0xe8, 0xc0, 0xff, 0xf0, 0xe8, 0xb8, 0xff, 0xf0, 0xe8, 0xc0, 0xff,
    0xf8, 0xe8, 0xc0, 0xff, 0xf0, 0xe4, 0xc0, 0xff, 0xf0, 0xe8, 0xb8, 0xff,
    0xf8, 0xe4, 0xc0, 0xff, 0xf0, 0xe8, 0xb8, 0xff, 0xf8, 0xe8, 0xc0, 0xff,
    0xf0, 0xe8, 0xb8, 0xff, 0xf0, 0xe8, 0xc0, 0xff, 0xf8, 0xe4, 0xc0, 0xff,
    0xf0, 0xe8, 0xc0, 0xff, 0xf8, 0xe8, 0xc0, 0xff, 0xf0, 0xe8, 0xc0, 0xff,
    0xf8, 0xe4, 0xc0, 0xff, 0xf0, 0xe8, 0xc0, 0xff, 0xf0, 0xe8, 0xb8, 0xff,
    0xf8, 0xe4, 0xc0, 0xff, 0xf8, 0xe8, 0xb8, 0xff, 0xf0, 0xe8, 0xc0, 0xff,
    0xf0, 0xe8, 0xc0, 0xff, 0xf8, 0xe8, 0xb8, 0xff, 0xf0, 0xe8, 0xc0, 0xff,
    0xf0, 0xe8, 0xc0, 0xff, 0xf8, 0xe8, 0xc0, 0xff, 0xf0, 0xe8, 0xc0, 0xff,
    0xf0, 0xe4, 0xc0, 0xff, 0xf8, 0xe8, 0xc0, 0xff, 0xf0, 0xe8, 0xc0, 0xff,
    0xf8, 0xe8, 0xc0, 0xff, 0xf0, 0xe8, 0xc0, 0xff, 0xf0, 0xe8, 0xc0, 0xff,
    0xf8, 0xe8, 0xb8, 0xff, 0xf0, 0xe8, 0xc0, 0xff, 0xf0, 0xe8, 0xc0, 0xff,
    0xf8, 0xe8, 0xb8, 0xff, 0xf0, 0xe8, 0xc0, 0xff, 0xf0, 0xe8, 0xc0, 0xff,
    0xf8, 0xe4, 0xb8, 0xff, 0xf0, 0xe8, 0xc0, 0xff, 0xf0, 0xe8, 0xb8, 0xff,
    0xf8, 0xe4, 0xc0, 0xff, 0xf0, 0xe8, 0xc0, 0xff, 0xf0, 0xe8, 0xb8, 0xff,
    0xf8, 0xe8, 0xc0, 0xff, 0xf8, 0xe8, 0xc0, 0xff, 0xf0, 0xe8, 0xc0, 0xff,
    0xf0, 0xe8, 0xc0, 0xff, 0xf8, 0xe8, 0xc0, 0xff, 0xf0, 0xe4, 0xc0, 0xff,
    0xf0, 0xe8, 0xb8, 0xff, 0xf0, 0xe8, 0xc0, 0xff, 0xf0, 0xe4, 0xc0, 0xff,
    0xf8, 0xe8, 0xc0, 0xff, 0xf0, 0xe8, 0xb8, 0xff, 0xf0, 0xe8, 0xc0, 0xff,
    0xf8, 0xe8, 0xc0, 0xff, 0xf0, 0xe8, 0xb8, 0xff, 0xf0, 0xe8, 0xc0, 0xff,
    0xf8, 0xe8, 0xc0, 0xff, 0xf0, 0xe8, 0xc0, 0xff, 0xf0, 0xe4, 0xc0, 0xff,
    0xf8, 0xe8, 0xc0, 0xff, 0xf0, 0xe8, 0xc0, 0xff, 0xf0, 0xe8, 0xb8, 0xff,
    0xf8, 0xe8, 0xc0, 0xff, 0xf8, 0xe8, 0xc0, 0xff, 0xf0, 0xe8, 0xb8, 0xff,
    0xf0, 0xe8, 0xc0, 0xff, 0xf0, 0xe8, 0xc0, 0xff, 0xf0, 0xe8, 0xc0, 0xff,
    0xf8, 0xe8, 0xb8, 0xff, 0xf0, 0xe8, 0xc0, 0xff, 0xf0, 0xe4, 0xc0, 0xff,
    0xf8, 0xe8, 0xb8, 0xff, 0xf0, 0xe8, 0xc0, 0xff, 0xf0, 0xe4, 0xc0, 0xff,
    0xf8, 0xe8, 0xc0, 0xff, 0xf0, 0xe8, 0xb8, 0xff, 0xf8, 0xe8, 0xc0, 0xff,
    0xf0, 0xe8, 0xb8, 0xff, 0xf0, 0xe8, 0xc0, 0xff, 0xf8, 0xe8, 0xc0, 0xff,
    0xf0, 0xe4, 0xb8, 0xff, 0xf0, 0xe8, 0xc0, 0xff, 0xf8, 0xe4, 0xc0, 0xff,
    0xf0, 0xe8, 0xc0, 0xff, 0xf8, 0xe4, 0xc0, 0xff, 0xf0, 0xe8, 0xb8, 0xff,
    0xf0, 0xe8, 0xc0, 0xff, 0xf8, 0xe8, 0xc0, 0xff, 0xf0, 0xe8, 0xb8, 0xff,
    0xf0, 0xe4, 0xc0, 0xff, 0xf0, 0xe8, 0xc0, 0xff, 0xf8, 0xe8, 0xc0, 0xff,
    0xf0, 0xe8, 0xb8, 0xff, 0xf8, 0xe8, 0xc0, 0xff, 0xf0, 0xe8, 0xc0, 0xff,
    0xf0, 0xe8, 0xc0, 0xff, 0xf8, 0xe8, 0xc0, 0xff, 0xf0, 0xe4, 0xc0, 0xff,
    0xf0, 0xe8, 0xb8, 0xff, 0xf8, 0xe8, 0xc0, 0xff, 0xf0, 0xe8, 0xc0, 0xff,
    0xf0, 0xe8, 0xc0, 0xff, 0xf8, 0xe8, 0xb8, 0xff, 0xf0, 0xe4, 0xc0, 0xff,
    0xf8, 0xe8, 0xc0, 0xff, 0xf0, 0xe8, 0xc0, 0xff, 0xf8, 0xe4, 0xb8, 0xff,
    0xf0, 0xe8, 0xc0, 0xff, 0xf0, 0xe8, 0xb8, 0xff, 0xf0, 0xe4, 0xc0, 0xff,
    0xf8, 0xe8, 0xb8, 0xff, 0xf0, 0xe8, 0xc0, 0xff, 0xf0, 0xe4, 0xc0, 0xff,
    0xf8, 0xe8, 0xc0, 0xff, 0xf0, 0xe8, 0xb8, 0xff, 0xf0, 0xe8, 0xc0, 0xff,
    0xf8, 0xe8, 0xc0, 0xff, 0xf0, 0xe4, 0xb8, 0xff, 0xf0, 0xe8, 0xc0, 0xff,
    0xf8, 0xe8, 0xc0, 0xff, 0xf8, 0xe4, 0xc0, 0xff, 0xf0, 0xe8, 0xb8, 0xff,
    0xf0, 0xe8, 0xc0, 0xff, 0xf8, 0xe4, 0xb8, 0xff, 0xf0, 0xe8, 0xc0, 0xff,
    0xf0, 0xe8, 0xb8, 0xff, 0xf8, 0xe4, 0xc0, 0xff, 0xf0, 0xe4, 0xc0, 0xff,
    0xf0, 0xe8, 0xb8, 0xff, 0xf8, 0xe4, 0xc0, 0xff, 0xf0, 0xe8, 0xc0, 0xff,
    0xf0, 0xe4, 0xc0, 0xff, 0xf8, 0xe8, 0xc0, 0xff, 0xf0, 0xe8, 0xc0, 0xff,
    0xf0, 0xe4, 0xc0, 0xff, 0xf8, 0xe8, 0xc0, 0xff, 0xf0, 0xe8, 0xb8, 0xff,
    0xf0, 0xe8, 0xc0, 0xff, 0xf8, 0xe8, 0xc0, 0xff, 0xf0, 0xe4, 0xb8, 0xff,
    0xf0, 0xe8, 0xc0, 0xff, 0xf8, 0xe4, 0xc0, 0xff, 0xf0, 0xe8, 0xb8, 0xff,
    0xf0, 0xe4, 0xc0, 0xff, 0xf8, 0xe8, 0xb8, 0xff, 0xf0, 0xe8, 0xc0, 0xff,
    0xf8, 0xe8, 0xc0, 0xff, 0xf8, 0xe8, 0xc0, 0xff, 0xf0, 0xe8, 0xc0, 0xff,
    0xf0, 0xe4, 0xc0, 0xff, 0xf8, 0xe8, 0xc0, 0xff, 0xf0, 0xe8, 0xc0, 0xff,
    0xf0, 0xe4, 0xb8, 0xff, 0xf8, 0xe8, 0xc0, 0xff, 0xf0, 0xe4, 0xc0, 0xff,
    0xf0, 0xe8, 0xb8, 0xff, 0xf8, 0xe8, 0xc0, 0xff, 0xf0, 0xe4, 0xb8, 0xff,
    0xf0, 0xe8, 0xc0, 0xff, 0xf8, 0xe8, 0xc0, 0xff, 0xf0, 0xe4, 0xb8, 0xff,
    0xf0, 0xe8, 0xc0, 0xff, 0xf8, 0xe4, 0xc0, 0xff, 0xf0, 0xe4, 0xb8, 0xff,
    0xf0, 0xe8, 0xc0, 0xff, 0xf8, 0xe4, 0xc0, 0xff, 0xf0, 0xe8, 0xb8, 0xff,
    0xf0, 0xe4, 0xc0, 0xff, 0xf8, 0xe8, 0xc0, 0xff, 0xf0, 0xe8, 0xc0, 0xff,
    0xf0, 0xe8, 0xc0, 0xff, 0xf8, 0xe8, 0xb8, 0xff, 0xf0, 0xe8, 0xc0, 0xff,
    0xf0, 0xe4, 0xc0, 0xff, 0xf8, 0xe8, 0xc0, 0xff, 0xf0, 0xe8, 0xc0, 0xff,
    0xf0, 0xe4, 0xc0, 0xff, 0xf8, 0xe4, 0xb8, 0xff, 0xf0, 0xe8, 0xc0, 0xff,
    0xf8, 0xe8, 0xc0, 0xff, 0xf0, 0xe8, 0xc0, 0xff, 0xf0, 0xe8, 0xc0, 0xff,
    0xf8, 0xe8, 0xc0, 0xff, 0xf0, 0xe4, 0xc0, 0xff, 0xf0, 0xe8, 0xc0, 0xff,
    0xf8, 0xe8, 0xc0, 0xff, 0xf0, 0xe4, 0xb8, 0xff, 0xf8, 0xe8, 0xc0, 0xff,
    0xf8, 0xe8, 0xc0, 0xff, 0xf0, 0xe8, 0xb8, 0xff, 0xf0, 0xe4, 0xc0, 0xff,
    0xf0, 0xe8, 0xc0, 0xff, 0xf8, 0xe4, 0xc0, 0xff, 0xf0, 0xe8, 0xb8, 0xff,
    0xf0, 0xe8, 0xc0, 0xff, 0xf0, 0xe8, 0xc0, 0xff, 0xf0, 0xe8, 0xb8, 0xff,
    0xf8, 0xe4, 0xc0, 0xff, 0xf0, 0xe8, 0xc0, 0xff, 0xf8, 0xe8, 0xb8, 0xff,
    0xf0, 0xe4, 0xc0, 0xff, 0xf8, 0xe8, 0xc0, 0xff, 0xf0, 0xe8, 0xc0, 0xff,
    0xf0, 0xe4, 0xc0, 0xff, 0xf0, 0xe8, 0xc0, 0xff, 0xf8, 0xe8, 0xc0, 0xff,
    0xf0, 0xe4, 0xc0, 0xff, 0xf8, 0xe8, 0xc0, 0xff, 0xf0, 0xe8, 0xc0, 0xff,
    0xf8, 0xe8, 0xb8, 0xff, 0xf0, 0xe8, 0xc0, 0xff, 0xf0, 0xe8, 0xc0, 0xff,
    0xf8, 0xe8, 0xb8, 0xff, 0xf0, 0xe8, 0xc0, 0xff, 0xf0, 0xe4, 0xc0, 0xff,
    0xf0, 0xe8, 0xc0, 0xff, 0xf8, 0xe8, 0xc0, 0xff, 0xf0, 0xe4, 0xc0, 0xff,
    0xf0, 0xe8, 0xc0, 0xff, 0xf8, 0xe8, 0xc0, 0xff, 0xf0, 0xe4, 0xb8, 0xff,
    0xf0, 0xe8, 0xc0, 0xff, 0xf8, 0xe8, 0xc0, 0xff, 0xf0, 0xe8, 0xc0, 0xff,
    0xf0, 0xe8, 0xb8, 0xff, 0xf8, 0xe8, 0xc0, 0xff, 0xf0, 0xe4, 0xc0, 0xff,
    0xf8, 0xe8, 0xb8, 0xff, 0xf0, 0xe8, 0xc0, 0xff, 0xf0, 0xe8, 0xc0, 0xff,
    0xf8, 0xe4, 0xb8, 0xff, 0xf0, 0xe8, 0xc0, 0xff, 0xf0, 0xe8, 0xb8, 0xff,
    0xf8, 0xe4, 0xc0, 0xff, 0xf0, 0xe8, 0xc0, 0xff, 0xf8, 0xe8, 0xc0, 0xff,
    0xf0, 0xe4, 0xc0, 0xff, 0xf8, 0xe8, 0xc0, 0xff, 0xf0, 0xe8, 0xc0, 0xff,
    0xf8, 0xe8, 0xc0, 0xff, 0xf0, 0xe8, 0xc0, 0xff, 0xf0, 0xe8, 0xc0, 0xff,
    0xf8, 0xe4, 0xc0, 0xff, 0xf0, 0xe8, 0xc0, 0xff, 0xf0, 0xe8, 0xc0, 0xff,
    0xf8, 0xe4, 0xb8, 0xff, 0xf0, 0xe8, 0xc0, 0xff, 0xf0, 0xe8, 0xc0, 0xff,
    0xf8, 0xe4, 0xb8, 0xff, 0xf0, 0xe8, 0xb8, 0xff, 0xf8, 0xe8, 0xc0, 0xff,
    0xf0, 0xe4, 0xc0, 0xff, 0xf8, 0xe8, 0xc0, 0xff, 0xf0, 0xe8, 0xc0, 0xff,
    0xf0, 0xe4, 0xc0, 0xff, 0xf8, 0xe8, 0xc0, 0xff, 0xf0, 0xe8, 0xc0, 0xff,
    0xf8, 0xe8, 0xc0, 0xff, 0xf0, 0xe8, 0xb8, 0xff, 0xf8, 0xe8, 0xc0, 0xff,
    0xf0, 0xe8, 0xc0, 0xff, 0xf0, 0xe8, 0xc0, 0xff, 0xf8, 0xe8, 0xc0, 0xff,
    0xf0, 0xe8, 0xc0, 0xff, 0xf0, 0xe8, 0xc0, 0xff, 0xf8, 0xe8, 0xc0, 0xff,
    0xf8, 0xe4, 0xb8, 0xff, 0xf0, 0xe8, 0xc0, 0xff, 0xf8, 0xe8, 0xc0, 0xff,
    0xf0, 0xe4, 0xb8, 0xff, 0xf8, 0xe8, 0xc0, 0xff, 0xf0, 0xe8, 0xc0, 0xff,
    0xf0, 0xe4, 0xb8, 0xff, 0xf8, 0xe8, 0xc0, 0xff, 0xf0, 0xe8, 0xb8, 0xff,
    0xf0, 0xe8, 0xc0, 0xff, 0xf8, 0xe8, 0xc0, 0xff, 0xf0, 0xe8, 0xc0, 0xff,
    0xf0, 0xe4, 0xb8, 0xff, 0xf8, 0xe8, 0xc0, 0xff, 0xf0, 0xe8, 0xc0, 0xff,
    0xf8, 0xe4, 0xb8, 0xff, 0xf0, 0xe8, 0xb8, 0xff, 0xf0, 0xe8, 0xc0, 0xff,
    0xf8, 0xe8, 0xb8, 0xff, 0xf0, 0xe8, 0xc0, 0xff, 0xf0, 0xe4, 0xc0, 0xff,
    0xf0, 0xe8, 0xc0, 0xff, 0xf8, 0xe8, 0xc0, 0xff, 0xf0, 0xe8, 0xb8, 0xff,
    0xf8, 0xe8, 0xc0, 0xff, 0xf0, 0xe8, 0xc0, 0xff, 0xf0, 0xe8, 0xc0, 0xff,
    0xf8, 0xe4, 0xc0, 0xff, 0xf0, 0xe8, 0xc0, 0xff, 0xf0, 0xe8, 0xc0, 0xff,
    0xf8, 0xe8, 0xc0, 0xff, 0xf0, 0xe8, 0xc0, 0xff, 0xf0, 0xe4, 0xc0, 0xff,
    0xf8, 0xe8, 0xc0, 0xff, 0xf0, 0xe8, 0xb8, 0xff, 0xf0, 0xe4, 0xc0, 0xff,
    0xf8, 0xe8, 0xc0, 0xff, 0xf0, 0xe8, 0xb8, 0xff, 0xf8, 0xe8, 0xb8, 0xff,
    0xf0, 0xe8, 0xc0, 0xff, 0xf0, 0xe8, 0xc0, 0xff, 0xf8, 0xe8, 0xb8, 0xff,
    0xf0, 0xe4, 0xc0, 0xff, 0xf0, 0xe8, 0xc0, 0xff, 0xf8, 0xe4, 0xc0, 0xff,
    0xf0, 0xe8, 0xc0, 0xff, 0xf8, 0xe8, 0xc0, 0xff, 0xf0, 0xe4, 0xb8, 0xff,
    0xf8, 0xe8, 0xc0, 0xff, 0xf8, 0xe8, 0xc0, 0xff, 0xf0, 0xe8, 0xb8, 0xff,
    0xf8, 0xe8, 0xc0, 0xff, 0xf0, 0xe8, 0xc0, 0xff, 0xf0, 0xe8, 0xb8, 0xff,
    0xf8, 0xe8, 0xc0, 0xff, 0xf0, 0xe4, 0xc0, 0xff, 0xf8, 0xe8, 0xc0, 0xff,
    0xf0, 0xe8, 0xc0, 0xff, 0xf8, 0xe4, 0xc0, 0xff, 0xf0, 0xe8, 0xc0, 0xff,
    0xf0, 0xe8, 0xc0, 0xff, 0xf8, 0xe8, 0xc0, 0xff, 0xf0, 0xe8, 0xc0, 0xff,
    0xf0, 0xe8, 0xc0, 0xff, 0xf8, 0xe8, 0xc0, 0xff, 0xf0, 0xe8, 0xb8, 0xff,
    0xf8, 0xe8, 0xc0, 0xff, 0xf0, 0xe8, 0xb8, 0xff, 0xf0, 0xe8, 0xc0, 0xff,
    0xf0, 0xe8, 0xb8, 0xff, 0xf8, 0xe8, 0xc0, 0xff, 0xf0, 0xe4, 0xb8, 0xff,
    0xf0, 0xe8, 0xc0, 0xff, 0xf8, 0xe8, 0xc0, 0xff, 0xf0, 0xe4, 0xb8, 0xff,
    0xf0, 0xe8, 0xc0, 0xff, 0xf8, 0xe8, 0xc0, 0xff, 0xf0, 0xe8, 0xb8, 0xff,
    0xf0, 0xe8, 0xc0, 0xff, 0xf8, 0xe4, 0xc0, 0xff, 0xf0, 0xe8, 0xb8, 0xff,
    0xf0, 0xe8, 0xc0, 0xff, 0xf8, 0xe4, 0xc0, 0xff, 0xf0, 0xe8, 0xc0, 0xff,
    0xf0, 0xe8, 0xb8, 0xff, 0xf8, 0xe8, 0xc0, 0xff, 0xf0, 0xe8, 0xb8, 0xff,
    0xf0, 0xe8, 0xc0, 0xff, 0xf8, 0xe8, 0xb8, 0xff, 0xf0, 0xe4, 0xc0, 0xff,
    0xf0, 0xe8, 0xc0, 0xff, 0xf8, 0xe4, 0xc0, 0xff, 0xf0, 0xe8, 0xc0, 0xff,
    0xf0, 0xe4, 0xb8, 0xff, 0xf8, 0xe8, 0xc0, 0xff, 0xf0, 0xe8, 0xc0, 0xff,
    0xf8, 0xe4, 0xb8, 0xff, 0xf0, 0xe8, 0xc0, 0xff, 0xf0, 0xe8, 0xc0, 0xff,
    0xf8, 0xe8, 0xb8, 0xff, 0xf0, 0xe8, 0xc0, 0xff, 0xf0, 0xe8, 0xc0, 0xff,
    0xf0, 0xe8, 0xc0, 0xff, 0xf8, 0xe4, 0xb8, 0xff, 0xf0, 0xe8, 0xc0, 0xff,
    0xf0, 0xe8, 0xc0, 0xff, 0xf8, 0xe4, 0xc0, 0xff, 0xf8, 0xe8, 0xc0, 0xff,
    0xf0, 0xe8, 0xb8, 0xff, 0xf0, 0xe4, 0xc0, 0xff, 0xf8, 0xe8, 0xc0, 0xff,
    0xf0, 0xe8, 0xc0, 0xff, 0xf0, 0xe8, 0xc0, 0xff, 0xf8, 0xe8, 0xb8, 0xff,
    0xf0, 0xe4, 0xc0, 0xff, 0xf0, 0xe8, 0xc0, 0xff, 0xf8, 0xe8, 0xc0, 0xff,
    0xf0, 0xe8, 0xc0, 0xff, 0xf8, 0xe4, 0xc0, 0xff, 0xf8, 0xe8, 0xb8, 0xff,
    0xf0, 0xe8, 0xc0, 0xff, 0xf0, 0xe4, 0xc0, 0xff, 0xf0, 0xe8, 0xb8, 0xff,
    0xf8, 0xe4, 0xc0, 0xff, 0xf0, 0xe8, 0xc0, 0xff, 0xf8, 0xe8, 0xb8, 0xff,
    0xf0, 0xe8, 0xb8, 0xff, 0xf0, 0xe8, 0xc0, 0xff, 0xf8, 0xe4, 0xc0, 0xff,
    0xf0, 0xe4, 0xc0, 0xff, 0xf8, 0xe8, 0xb8, 0xff, 0xf0, 0xe8, 0xc0, 0xff,
    0xf0, 0xe8, 0xc0, 0xff, 0xf8, 0xe8, 0xb8, 0xff, 0xf0, 0xe8, 0xc0, 0xff,
    0xf0, 0xe8, 0xc0, 0xff, 0xf8, 0xe4, 0xc0, 0xff, 0xf0, 0xe8, 0xc0, 0xff,
    0xf0, 0xe8, 0xc0, 0xff, 0xf8, 0xe4, 0xb8, 0xff, 0xf0, 0xe8, 0xc0, 0xff,
    0xf0, 0xe8, 0xc0, 0xff, 0xf8, 0xe8, 0xb8, 0xff, 0xf0, 0xe4, 0xc0, 0xff,
    0xf0, 0xe8, 0xc0, 0xff, 0xf8, 0xe8, 0xb8, 0xff, 0xf0, 0xe4, 0xc0, 0xff,
    0xf0, 0xe8, 0xc0, 0xff, 0xf0, 0xe8, 0xc0, 0xff, 0xf0, 0xe4, 0xb8, 0xff,
    0xf0, 0xe8, 0xc0, 0xff, 0xf8, 0xe4, 0xc0, 0xff, 0xf0, 0xe4, 0xb8, 0xff,
    0xf0, 0xe8, 0xc0, 0xff, 0xf8, 0xe8, 0xc0, 0xff, 0xf0, 0xe8, 0xb8, 0xff,
    0xf0, 0xe4, 0xb8, 0xff, 0xf8, 0xe8, 0xc0, 0xff, 0xf0, 0xe8, 0xc0, 0xff,
    0xf0, 0xe4, 0xb8, 0xff, 0xf8, 0xe8, 0xc0, 0xff, 0xf0, 0xe8, 0xb8, 0xff,
    0xf8, 0xe4, 0xc0, 0xff, 0xf0, 0xe8, 0xc0, 0xff, 0xf0, 0xe8, 0xc0, 0xff,
    0xf8, 0xe4, 0xc0, 0xff, 0xf0, 0xe8, 0xc0, 0xff, 0xf8, 0xe4, 0xc0, 0xff,
    0xf0, 0xe8, 0xc0, 0xff, 0xf8, 0xe8, 0xc0, 0xff, 0xf0, 0xe4, 0xb8, 0xff,
    0xf0, 0xe8, 0xc0, 0xff, 0xf8, 0xe8, 0xc0, 0xff, 0xf0, 0xe4, 0xb8, 0xff,
    0xf8, 0xe8, 0xc0, 0xff, 0xf0, 0xe8, 0xc0, 0xff, 0xf8, 0xe8, 0xb8, 0xff,
    0xf0, 0xe4, 0xc0, 0xff, 0xf8, 0xe8, 0xc0, 0xff, 0xf0, 0xe8, 0xc0, 0xff,
    0xf0, 0xe8, 0xc0, 0xff, 0xf8, 0xe8, 0xc0, 0xff, 0xf0, 0xe8, 0xc0, 0xff,
    0xf0, 0xe8, 0xc0, 0xff, 0xf8, 0xe4, 0xc0, 0xff, 0xf0, 0xe8, 0xc0, 0xff,
    0xf0, 0xe8, 0xc0, 0xff, 0xf8, 0xe4, 0xb8, 0xff, 0xf8, 0xe8, 0xc0, 0xff,
    0xf0, 0xe8, 0xb8, 0xff, 0xf0, 0xe8, 0xc0, 0xff, 0xf8, 0xe8, 0xb8, 0xff,
    0xf0, 0xe4, 0xc0, 0xff, 0xf0, 0xe8, 0xc0, 0xff, 0xf8, 0xe8, 0xb8, 0xff,
    0xf0, 0xe4, 0xc0, 0xff, 0xf0, 0xe8, 0xc0, 0xff, 0xf8, 0xe8, 0xb8, 0xff,
    0xf0, 0xe4, 0xc0, 0xff, 0xf0, 0xe8, 0xc0, 0xff, 0xf8, 0xe4, 0xc0, 0xff,
    0xf0, 0xe8, 0xc0, 0xff, 0xf0, 0xe8, 0xb8, 0xff, 0xf8, 0xe8, 0xc0, 0xff,
    0xf0, 0xe8, 0xc0, 0xff, 0xf0, 0xe8, 0xc0, 0xff, 0xf8, 0xe8, 0xc0, 0xff,
    0xf0, 0xe8, 0xc0, 0xff, 0xf0, 0xe4, 0xc0, 0xff, 0xf8, 0xe8, 0xb8, 0xff,
    0xf0, 0xe8, 0xc0, 0xff, 0xf8, 0xe4, 0xc0, 0xff, 0xf0, 0xe8, 0xb8, 0xff,
    0xf0, 0xe8, 0xc0, 0xff, 0xf8, 0xe8, 0xc0, 0xff, 0xf0, 0xe8, 0xc0, 0xff,
    0xf0, 0xe4, 0xb8, 0xff, 0xf8, 0xe8, 0xc0, 0xff, 0xf0, 0xe8, 0xc0, 0xff,
    0xf0, 0xe8, 0xc0, 0xff, 0xf8, 0xe8, 0xb8, 0xff, 0xf8, 0xe8, 0xc0, 0xff,
    0xf0, 0xe8, 0xc0, 0xff, 0xf0, 0xe4, 0xc0, 0xff, 0xf8, 0xe8, 0xc0, 0xff,
    0xf0, 0xe4, 0xc0, 0xff, 0xf8, 0xe8, 0xc0, 0xff, 0xf0, 0xe8, 0xc0, 0xff,
    0xf0, 0xe8, 0xb8, 0xff, 0xf0, 0xe8, 0xc0, 0xff, 0xf8, 0xe4, 0xc0, 0xff,
    0xf0, 0xe8, 0xb8, 0xff, 0xf8, 0xe8, 0xc0, 0xff, 0xf0, 0xe4, 0xc0, 0xff,
    0xf8, 0xe8, 0xc0, 0xff, 0xf0, 0xe8, 0xb8, 0xff, 0xf0, 0xe8, 0xc0, 0xff,
    0xf8, 0xe4, 0xc0, 0xff, 0xf0, 0xe8, 0xc0, 0xff, 0xf8, 0xe8, 0xc0, 0xff,
    0xf0, 0xe4, 0xc0, 0xff, 0xf0, 0xe8, 0xc0, 0xff, 0xf8, 0xe8, 0xc0, 0xff,
    0xf0, 0xe8, 0xc0, 0xff, 0xf0, 0xe8, 0xb8, 0xff, 0xf8, 0xe8, 0xc0, 0xff,
    0xf0, 0xe8, 0xc0, 0xff, 0xf8, 0xe8, 0xc0, 0xff, 0xf8, 0xe8, 0xb8, 0xff,
    0xf0, 0xe8, 0xc0, 0xff, 0xf0, 0xe8, 0xc0, 0xff, 0xf8, 0xe8, 0xc0, 0xff,
    0xf0, 0xe8, 0xc0, 0xff, 0xf8, 0xe4, 0xc0, 0xff, 0xf0, 0xe8, 0xc0, 0xff,
    0xf0, 0xe8, 0xc0, 0xff, 0xf8, 0xe8, 0xc0, 0xff, 0xf0, 0xe8, 0xc0, 0xff,
    0xf0, 0xe8, 0xb8, 0xff, 0xf8, 0xe8, 0xc0, 0xff, 0xf0, 0xe4, 0xc0, 0xff,
    0xf0, 0xe8, 0xb8, 0xff, 0xf8, 0xe8, 0xc0, 0xff, 0xf0, 0xe4, 0xb8, 0xff,
    0xf0, 0xe8, 0xb8, 0xff, 0xf8, 0xe8, 0xc0, 0xff, 0xf0, 0xe4, 0xc0, 0xff,
    0xf0, 0xe8, 0xb8, 0xff, 0xf8, 0xe8, 0xc0, 0xff, 0xf0, 0xe4, 0xc0, 0xff,
    0xf0, 0xe8, 0xc0, 0xff, 0xf8, 0xe8, 0xc0, 0xff, 0xf0, 0xe8, 0xc0, 0xff,
    0xf0, 0xe8, 0xb8, 0xff, 0xf8, 0xe8, 0xc0, 0xff, 0xf0, 0xe4, 0xc0, 0xff,
    0xf0, 0xe8, 0xc0, 0xff, 0xf8, 0xe8, 0xc0, 0xff, 0xf0, 0xe4, 0xb8, 0xff,
    0xf0, 0xe8, 0xc0, 0xff, 0xf8, 0xe4, 0xb8, 0xff, 0xf8, 0xe8, 0xc0, 0xff,
    0xf0, 0xe8, 0xb8, 0xff, 0xf0, 0xe4, 0xb8, 0xff, 0xf8, 0xe8, 0xc0, 0xff,
    0xf0, 0xe8, 0xc0, 0xff, 0xf0, 0xe4, 0xc0, 0xff, 0xf8, 0xe8, 0xc0, 0xff,
    0xf0, 0xe8, 0xc0, 0xff, 0xf0, 0xe8, 0xc0, 0xff, 0xf8, 0xe4, 0xc0, 0xff,
    0xf0, 0xe8, 0xc0, 0xff, 0xf8, 0xe8, 0xc0, 0xff, 0xf0, 0xe8, 0xc0, 0xff,
    0xf8, 0xe8, 0xc0, 0xff, 0xf0, 0xe8, 0xc0, 0xff, 0xf0, 0xe8, 0xc0, 0xff,
    0xf8, 0xe8, 0xb8, 0xff, 0xf0, 0xe8, 0xc0, 0xff, 0xf0, 0xe4, 0xc0, 0xff,
    0xf8, 0xe8, 0xb8, 0xff, 0xf8, 0xe8, 0xc0, 0xff, 0xf0, 0xe4, 0xc0, 0xff,
    0xf8, 0xe8, 0xc0, 0xff, 0xf0, 0xe4, 0xb8, 0xff, 0xf0, 0xe4, 0xb8, 0xff,
    0xf8, 0xe8, 0xc0, 0xff, 0xf0, 0xe8, 0xc0, 0xff, 0xf0, 0xe8, 0xb8, 0xff,
    0xf8, 0xe8, 0xc0, 0xff, 0xf0, 0xe8, 0xc0, 0xff, 0xf0, 0xe4, 0xb8, 0xff,
    0xf8, 0xe8, 0xc0, 0xff, 0xf0, 0xe8, 0xc0, 0xff, 0xf8, 0xe4, 0xc0, 0xff,
    0xf0, 0xe8, 0xb8, 0xff, 0xf0, 0xe8, 0xc0, 0xff, 0xf8, 0xe4, 0xc0, 0xff,
    0xf0, 0xe8, 0xb8, 0xff, 0xf0, 0xe4, 0xc0, 0xff, 0xf0, 0xe8, 0xc0, 0xff,
    0xf8, 0xe8, 0xc0, 0xff, 0xf0, 0xe8, 0xb8, 0xff, 0xf0, 0xe8, 0xc0, 0xff,
    0xf8, 0xe8, 0xc0, 0xff, 0xf0, 0xe8, 0xb8, 0xff, 0xf0, 0xe4, 0xc0, 0xff,
    0xf8, 0xe8, 0xc0, 0xff, 0xf0, 0xe8, 0xc0, 0xff, 0xf0, 0xe8, 0xc0, 0xff,
    0xf0, 0xe8, 0xc0, 0xff, 0xf8, 0xe4, 0xc0, 0xff, 0xf0, 0xe8, 0xb8, 0xff,
    0xf0, 0xe8, 0xc0, 0xff, 0xf8, 0xe4, 0xc0, 0xff, 0xf0, 0xe8, 0xb8, 0xff,
    0xf8, 0xe8, 0xc0, 0xff, 0xf0, 0xe8, 0xb8, 0xff, 0xf0, 0xe8, 0xb8, 0xff,
    0xf8, 0xe8, 0xc0, 0xff, 0xf0, 0xe4, 0xb8, 0xff, 0xf8, 0xe8, 0xc0, 0xff,
    0xf0, 0xe8, 0xc0, 0xff, 0xf8, 0xe4, 0xb8, 0xff, 0xf0, 0xe8, 0xc0, 0xff,
    0xf0, 0xe4, 0xc0, 0xff, 0xf8, 0xe8, 0xc0, 0xff, 0xf0, 0xe4, 0xb8, 0xff,
    0xf0, 0xe8, 0xc0, 0xff, 0xf8, 0xe8, 0xc0, 0xff, 0xf8, 0xe4, 0xb8, 0xff,
    0xf0, 0xe8, 0xc0, 0xff, 0xf0, 0xe8, 0xb8, 0xff, 0xf8, 0xe8, 0xc0, 0xff,
    0xf0, 0xe4, 0xc0, 0xff, 0xf0, 0xe8, 0xb8, 0xff, 0xf8, 0xe8, 0xc0, 0xff,
    0xf0, 0xe4, 0xc0, 0xff, 0xf8, 0xe8, 0xc0, 0xff, 0xf0, 0xe8, 0xc0, 0xff,
    0xf0, 0xe8, 0xc0, 0xff, 0xf8, 0xe8, 0xc0, 0xff, 0xf0, 0xe8, 0xc0, 0xff,
    0xf8, 0xe4, 0xc0, 0xff, 0xf0, 0xe8, 0xc0, 0xff, 0xf0, 0xe8, 0xc0, 0xff,
    0xf8, 0xe8, 0xb8, 0xff, 0xf0, 0xe8, 0xc0, 0xff, 0xf0, 0xe8, 0xc0, 0xff,
    0xf8, 0xe8, 0xb8, 0xff, 0xf0, 0xe8, 0xc0, 0xff, 0xf8, 0xe4, 0xc0, 0xff,
    0xf0, 0xe8, 0xb8, 0xff, 0xf0, 0xe8, 0xc0, 0xff, 0xf8, 0xe4, 0xc0, 0xff,
    0xf0, 0xe8, 0xb8, 0xff, 0xf0, 0xe8, 0xc0, 0xff, 0xf8, 0xe8, 0xc0, 0xff,
    0xf0, 0xe8, 0xc0, 0xff, 0xf0, 0xe8, 0xb8, 0xff, 0xf8, 0xe8, 0xc0, 0xff,
    0xf0, 0xe4, 0xc0, 0xff, 0xf0, 0xe8, 0xc0, 0xff, 0xf8, 0xe8, 0xc0, 0xff,
    0xf0, 0xe8, 0xb8, 0xff, 0xf8, 0xe8, 0xc0, 0xff, 0xf0, 0xe8, 0xb8, 0xff,
    0xf0, 0xe8, 0xc0, 0xff, 0xf8, 0xe4, 0xc0, 0xff, 0xf0, 0xe8, 0xb8, 0xff,
    0xf0, 0xe8, 0xc0, 0xff, 0xf8, 0xe8, 0xc0, 0xff, 0xf0, 0xe8, 0xb8, 0xff,
    0xf0, 0xe4, 0xc0, 0xff, 0xf8, 0xe8, 0xb8, 0xff, 0xf0, 0xe4, 0xc0, 0xff,
    0xf8, 0xe8, 0xc0, 0xff, 0xf0, 0xe8, 0xc0, 0xff, 0xf8, 0xe4, 0xc0, 0xff,
    0xf0, 0xe8, 0xb8, 0xff, 0xf0, 0xe8, 0xc0, 0xff, 0xf0, 0xe8, 0xc0, 0xff,
    0xf8, 0xe8, 0xc0, 0xff, 0xf0, 0xe8, 0xc0, 0xff, 0xf0, 0xe8, 0xc0, 0xff,
    0xf8, 0xe8, 0xc0, 0xff, 0xf0, 0xe4, 0xc0, 0xff, 0xf8, 0xe8, 0xb8, 0xff,
    0xf0, 0xe8, 0xc0, 0xff, 0xf0, 0xe4, 0xc0, 0xff, 0xf8, 0xe8, 0xc0, 0xff,
    0xf0, 0xe8, 0xc0, 0xff, 0xf0, 0xe8, 0xc0, 0xff, 0xf8, 0xe4, 0xb8, 0xff,
    0xf0, 0xe8, 0xc0, 0xff, 0xf8, 0xe8, 0xc0, 0xff, 0xf0, 0xe8, 0xc0, 0xff,
    0xf0, 0xe8, 0xc0, 0xff, 0xf8, 0xe8, 0xb8, 0xff, 0xf0, 0xe4, 0xc0, 0xff,
    0xf0, 0xe8, 0xc0, 0xff, 0xf8, 0xe4, 0xc0, 0xff, 0xf0, 0xe4, 0xb8, 0xff,
    0xf0, 0xe8, 0xc0, 0xff, 0xf8, 0xe8, 0xc0, 0xff, 0xf0, 0xe8, 0xb8, 0xff,
    0xf0, 0xe4, 0xc0, 0xff, 0xf8, 0xe8, 0xc0, 0xff, 0xf0, 0xe8, 0xc0, 0xff,
    0xf0, 0xe8, 0xc0, 0xff, 0xf8, 0xe8, 0xb8, 0xff, 0xf0, 0xe8, 0xc0, 0xff,
    0xf0, 0xe8, 0xc0, 0xff, 0xf8, 0xe8, 0xc0, 0xff, 0xf0, 0xe4, 0xc0, 0xff,
    0xf0, 0xe8, 0xc0, 0xff, 0xf8, 0xe8, 0xc0, 0xff, 0xf0, 0xe4, 0xc0, 0xff,
    0xf0, 0xe8, 0xc0, 0xff, 0xf8, 0xe8, 0xc0, 0xff, 0xf0, 0xe8, 0xc0, 0xff,
    0xf0, 0xe8, 0xb8, 0xff, 0xf8, 0xe4, 0xc0, 0xff, 0xf0, 0xe8, 0xc0, 0xff,
    0xf8, 0xe8, 0xc0, 0xff, 0xf0, 0xe8, 0xb8, 0xff, 0xf0, 0xe4, 0xc0, 0xff,
    0xf8, 0xe8, 0xc0, 0xff, 0xf0, 0xe8, 0xc0, 0xff, 0xf0, 0xe4, 0xc0, 0xff,
    0xf0, 0xe8, 0xc0, 0xff, 0xf0, 0xe8, 0xc0, 0xff, 0xf8, 0xe8, 0xb8, 0xff,
    0xf0, 0xe8, 0xc0, 0xff, 0xf8, 0xe8, 0xc0, 0xff, 0xf0, 0xe4, 0xb8, 0xff,
    0xf0, 0xe8, 0xc0, 0xff, 0xf8, 0xe8, 0xc0, 0xff, 0xf0, 0xe4, 0xb8, 0xff,
    0xf0, 0xe8, 0xc0, 0xff, 0xf8, 0xe4, 0xb8, 0xff, 0xf0, 0xe8, 0xc0, 0xff,
    0xf0, 0xe8, 0xc0, 0xff, 0xf8, 0xe8, 0xb8, 0xff, 0xf0, 0xe8, 0xc0, 0xff,
    0xf8, 0xe4, 0xc0, 0xff, 0xf0, 0xe8, 0xc0, 0xff, 0xf8, 0xe4, 0xc0, 0xff,
    0xf0, 0xe8, 0xc0, 0xff, 0xf0, 0xe8, 0xb8, 0xff, 0xf8, 0xe4, 0xc0, 0xff,
    0xf0, 0xe8, 0xc0, 0xff, 0xf8, 0xe8, 0xc0, 0xff, 0xf0, 0xe4, 0xc0, 0xff,
    0xf0, 0xe8, 0xc0, 0xff, 0xf8, 0xe8, 0xb8, 0xff, 0xf0, 0xe4, 0xc0, 0xff,
    0xf8, 0xe8, 0xc0, 0xff, 0xf0, 0xe8, 0xc0, 0xff, 0xf0, 0xe4, 0xc0, 0xff,
    0xf8, 0xe8, 0xc0, 0xff, 0xf0, 0xe8, 0xc0, 0xff, 0xf0, 0xe8, 0xc0, 0xff,
    0xf8, 0xe4, 0xc0, 0xff, 0xf0, 0xe8, 0xc0, 0xff, 0xf0, 0xe4, 0xc0, 0xff,
    0xf8, 0xe8, 0xc0, 0xff, 0xf0, 0xe8, 0xb8, 0xff, 0xf8, 0xe4, 0xc0, 0xff,
    0xf0, 0xe8, 0xc0, 0xff, 0xf0, 0xe8, 0xb8, 0xff, 0xf8, 0xe4, 0xc0, 0xff,
    0xf0, 0xe8, 0xc0, 0xff, 0xf0, 0xe8, 0xb8, 0xff, 0xf8, 0xe4, 0xc0, 0xff,
    0xf0, 0xe8, 0xc0, 0xff, 0xf0, 0xe8, 0xb8, 0xff, 0xf8, 0xe4, 0xc0, 0xff,
    0xf0, 0xe8, 0xc0, 0xff, 0xf8, 0xe8, 0xc0, 0xff, 0xf0, 0xe4, 0xb8, 0xff,
    0xf0, 0xe8, 0xc0, 0xff, 0xf8, 0xe8, 0xb8, 0xff, 0xf0, 0xe4, 0xc0, 0xff,
    0xf8, 0xe8, 0xc0, 0xff, 0xf0, 0xe8, 0xb8, 0xff, 0xf0, 0xe8, 0xc0, 0xff,
    0xf8, 0xe8, 0xc0, 0xff, 0xf0, 0xe4, 0xc0, 0xff, 0xf0, 0xe8, 0xb8, 0xff,
    0xf8, 0xe8, 0xc0, 0xff, 0xf8, 0xe8, 0xc0, 0xff, 0xf0, 0xe4, 0xb8, 0xff,
    0xf0, 0xe8, 0xc0, 0xff, 0xf8, 0xe8, 0xc0, 0xff, 0xf0, 0xe4, 0xb8, 0xff,
    0xf8, 0xe8, 0xc0, 0xff, 0xf0, 0xe8, 0xc0, 0xff, 0xf8, 0xe8, 0xc0, 0xff,
    0xf8, 0xe8, 0xb8, 0xff, 0xf0, 0xe8, 0xc0, 0xff, 0xf0, 0xe8, 0xc0, 0xff,
    0xf8, 0xe8, 0xc0, 0xff, 0xf0, 0xe4, 0xc0, 0xff, 0xf8, 0xe8, 0xc0, 0xff,
    0xf0, 0xe8, 0xc0, 0xff, 0xf0, 0xe8, 0xb8, 0xff, 0xf8, 0xe4, 0xc0, 0xff,
    0xf0, 0xe8, 0xb8, 0xff, 0xf0, 0xe8, 0xc0, 0xff, 0xf8, 0xe4, 0xc0, 0xff,
    0xf0, 0xe8, 0xb8, 0xff, 0xf0, 0xe8, 0xc0, 0xff, 0xf8, 0xe4, 0xc0, 0xff,
    0xf0, 0xe8, 0xb8, 0xff, 0xf0, 0xe8, 0xc0, 0xff, 0xf8, 0xe4, 0xc0, 0xff,
    0xf0, 0xe8, 0xb8, 0xff, 0xf8, 0xe8, 0xc0, 0xff, 0xf0, 0xe4, 0xc0, 0xff,
    0xf0, 0xe8, 0xc0, 0xff, 0xf8, 0xe8, 0xc0, 0xff, 0xf0, 0xe8, 0xb8, 0xff,
    0xf0, 0xe8, 0xc0, 0xff, 0xf8, 0xe8, 0xc0, 0xff, 0xf0, 0xe8, 0xc0, 0xff,
    0xf0, 0xe8, 0xb8, 0xff, 0xf8, 0xe8, 0xc0, 0xff, 0xf0, 0xe8, 0xc0, 0xff,
    0xf8, 0xe8, 0xb8, 0xff, 0xf0, 0xe4, 0xc0, 0xff, 0xf8, 0xe8, 0xc0, 0xff,
    0xf0, 0xe4, 0xc0, 0xff, 0xf0, 0xe8, 0xc0, 0xff, 0xf8, 0xe8, 0xc0, 0xff,
    0xf0, 0xe8, 0xc0, 0xff, 0xf0, 0xe8, 0xc0, 0xff, 0xf8, 0xe8, 0xb8, 0xff,
    0xf0, 0xe8, 0xc0, 0xff, 0xf8, 0xe4, 0xc0, 0xff, 0xf8, 0xe8, 0xc0, 0xff,
    0xf0, 0xe8, 0xb8, 0xff, 0xf0, 0xe4, 0xc0, 0xff, 0xf8, 0xe8, 0xc0, 0xff,
    0xf0, 0xe8, 0xb8, 0xff, 0xf0, 0xe8, 0xc0, 0xff, 0xf8, 0xe8, 0xc0, 0xff,
    0xf0, 0xe4, 0xb8, 0xff, 0xf8, 0xe8, 0xc0, 0xff, 0xf0, 0xe8, 0xc0, 0xff,
    0xf0, 0xe8, 0xb8, 0xff, 0xf8, 0xe8, 0xc0, 0xff, 0xf0, 0xe8, 0xc0, 0xff,
    0xf0, 0xe8, 0xb8, 0xff, 0xf8, 0xe8, 0xc0, 0xff, 0xf0, 0xe8, 0xc0, 0xff,
    0xf0, 0xe4, 0xb8, 0xff, 0xf8, 0xe8, 0xc0, 0xff, 0xf0, 0xe8, 0xb8, 0xff,
    0xf8, 0xe4, 0xc0, 0xff, 0xf0, 0xe8, 0xb8, 0xff, 0xf0, 0xe8, 0xb8, 0xff,
    0xf8, 0xe4, 0xc0, 0xff, 0xf0, 0xe8, 0xb8, 0xff, 0xf0, 0xe8, 0xc0, 0xff,
    0xf8, 0xe8, 0xc0, 0xff, 0xf0, 0xe4, 0xc0, 0xff, 0xf0, 0xe8, 0xc0, 0xff,
    0xf8, 0xe8, 0xc0, 0xff, 0xf0, 0xe8, 0xc0, 0xff, 0xf8, 0xe4, 0xc0, 0xff,
    0xf0, 0xe8, 0xc0, 0xff, 0xf0, 0xe8, 0xc0, 0xff, 0xf8, 0xe8, 0xc0, 0xff,
    0xf0, 0xe8, 0xc0, 0xff, 0xf0, 0xe8, 0xc0, 0xff, 0xf8, 0xe8, 0xb8, 0xff,
    0xf0, 0xe8, 0xc0, 0xff, 0xf0, 0xe8, 0xc0, 0xff, 0xf8, 0xe8, 0xb8, 0xff,
    0xf8, 0xe4, 0xc0, 0xff, 0xf0, 0xe8, 0xc0, 0xff, 0xf0, 0xe8, 0xc0, 0xff,
    0xf8, 0xe4, 0xb8, 0xff, 0xf0, 0xe8, 0xc0, 0xff, 0xf0, 0xe8, 0xc0, 0xff,
    0xf8, 0xe4, 0xb8, 0xff, 0xf0, 0xe8, 0xc0, 0xff, 0xf8, 0xe8, 0xc0, 0xff,
    0xf0, 0xe8, 0xb8, 0xff, 0xf0, 0xe4, 0xc0, 0xff, 0xf8, 0xe8, 0xc0, 0xff,
    0xf0, 0xe8, 0xc0, 0xff, 0xf0, 0xe8, 0xc0, 0xff, 0xf8, 0xe8, 0xc0, 0xff,
    0xf0, 0xe4, 0xb8, 0xff, 0xf0, 0xe8, 0xc0, 0xff, 0xf0, 0xe4, 0xc0, 0xff,
    0xf0, 0xe8, 0xc0, 0xff, 0xf8, 0xe8, 0xc0, 0xff, 0xf0, 0xe4, 0xb8, 0xff,
    0xf0, 0xe8, 0xc0, 0xff, 0xf8, 0xe8, 0xc0, 0xff, 0xf0, 0xe8, 0xb8, 0xff,
    0xf0, 0xe4, 0xc0, 0xff, 0xf8, 0xe8, 0xc0, 0xff, 0xf0, 0xe8, 0xc0, 0xff,
    0xf0, 0xe8, 0xc0, 0xff, 0xf8, 0xe8, 0xc0, 0xff, 0xf0, 0xe8, 0xc0, 0xff,
    0xf0, 0xe4, 0xc0, 0xff, 0xf8, 0xe8, 0xc0, 0xff, 0xf0, 0xe8, 0xb8, 0xff,
    0xf8, 0xe8, 0xc0, 0xff, 0xf0, 0xe8, 0xc0, 0xff, 0xf8, 0xe8, 0xb8, 0xff,
    0xf0, 0xe8, 0xc0, 0xff, 0xf0, 0xe8, 0xc0, 0xff, 0xf8, 0xe4, 0xb8, 0xff,
    0xf0, 0xe8, 0xc0, 0xff, 0xf0, 0xe8, 0xc0, 0xff, 0xf8, 0xe4, 0xb8, 0xff,
    0xf0, 0xe8, 0xc0, 0xff, 0xf0, 0xe4, 0xc0, 0xff, 0xf8, 0xe4, 0xb8, 0xff,
    0xf0, 0xe8, 0xc0, 0xff, 0xf8, 0xe8, 0xc0, 0xff, 0xf0, 0xe4, 0xb8, 0xff,
    0xf0, 0xe8, 0xc0, 0xff, 0xf8, 0xe8, 0xc0, 0xff, 0xf0, 0xe8, 0xb8, 0xff,
    0xf0, 0xe8, 0xc0, 0xff, 0xf8, 0xe4, 0xb8, 0xff, 0xf0, 0xe8, 0xc0, 0xff,
    0xf0, 0xe4, 0xb8, 0xff, 0xf8, 0xe8, 0xc0, 0xff, 0xf8, 0xe4, 0xc0, 0xff,
    0xf0, 0xe8, 0xc0, 0xff, 0xf0, 0xe8, 0xb8, 0xff, 0xf0, 0xe8, 0xc0, 0xff,
    0xf0, 0xe8, 0xc0, 0xff, 0xf8, 0xe8, 0xc0, 0xff, 0xf0, 0xe4, 0xc0, 0xff,
    0xf0, 0xe8, 0xc0, 0xff, 0xf8, 0xe8, 0xc0, 0xff, 0xf0, 0xe4, 0xb8, 0xff,
    0xf0, 0xe8, 0xc0, 0xff, 0xf8, 0xe8, 0xc0, 0xff, 0xf0, 0xe8, 0xc0, 0xff,
    0xf0, 0xe4, 0xc0, 0xff, 0xf8, 0xe8, 0xc0, 0xff, 0xf0, 0xe4, 0xb8, 0xff,
    0xf0, 0xe8, 0xc0, 0xff, 0xf8, 0xe4, 0xc0, 0xff, 0xf8, 0xe8, 0xc0, 0xff,
    0xf0, 0xe8, 0xc0, 0xff, 0xf0, 0xe8, 0xc0, 0xff, 0xf8, 0xe8, 0xc0, 0xff,
    0xf0, 0xe8, 0xc0, 0xff, 0xf0, 0xe8, 0xc0, 0xff, 0xf8, 0xe8, 0xc0, 0xff,
    0xf0, 0xe8, 0xc0, 0xff, 0xf8, 0xe8, 0xc0, 0xff, 0xf0, 0xe8, 0xc0, 0xff,
    0xf8, 0xe8, 0xb8, 0xff, 0xf0, 0xe8, 0xb8, 0xff, 0xf0, 0xe8, 0xc0, 0xff,
    0xf8, 0xe4, 0xb8, 0xff, 0xf0, 0xe8, 0xc0, 0xff, 0xf0, 0xe8, 0xb8, 0xff,
    0xf8, 0xe8, 0xc0, 0xff, 0xf0, 0xe8, 0xb8, 0xff, 0xf8, 0xe4, 0xc0, 0xff,
    0xf0, 0xe8, 0xb8, 0xff, 0xf0, 0xe8, 0xc0, 0xff, 0xf8, 0xe4, 0xc0, 0xff,
    0xf0, 0xe8, 0xc0, 0xff, 0xf0, 0xe4, 0xc0, 0xff, 0xf0, 0xe8, 0xb8, 0xff,
    0xf0, 0xe8, 0xc0, 0xff, 0xf8, 0xe8, 0xc0, 0xff, 0xf0, 0xe8, 0xc0, 0xff,
    0xf0, 0xe8, 0xc0, 0xff, 0xf8, 0xe8, 0xc0, 0xff, 0xf0, 0xe8, 0xc0, 0xff,
    0xf0, 0xe4, 0xc0, 0xff, 0xf8, 0xe8, 0xc0, 0xff, 0xf0, 0xe8, 0xc0, 0xff,
    0xf0, 0xe8, 0xc0, 0xff, 0xf8, 0xe4, 0xc0, 0xff, 0xf0, 0xe8, 0xb8, 0xff,
    0xf0, 0xe8, 0xc0, 0xff, 0xf8, 0xe4, 0xc0, 0xff, 0xf0, 0xe8, 0xb8, 0xff,
    0xf0, 0xe8, 0xc0, 0xff, 0xf8, 0xe8, 0xc0, 0xff, 0xf0, 0xe8, 0xb8, 0xff,
    0xf8, 0xe8, 0xc0, 0xff, 0xf0, 0xe4, 0xc0, 0xff, 0xf0, 0xe8, 0xb8, 0xff,
    0xf8, 0xe8, 0xc0, 0xff, 0xf0, 0xe4, 0xc0, 0xff, 0xf8, 0xe8, 0xb8, 0xff,
    0xf0, 0xe8, 0xc0, 0xff, 0xf0, 0xe8, 0xb8, 0xff, 0xf8, 0xe4, 0xc0, 0xff,
    0xf8, 0xe8, 0xc0, 0xff, 0xf0, 0xe8, 0xb8, 0xff, 0xf0, 0xe4, 0xc0, 0xff,
    0xf0, 0xe8, 0xc0, 0xff, 0xf8, 0xe8, 0xc0, 0xff, 0xf0, 0xe4, 0xb8, 0xff,
    0xf0, 0xe8, 0xc0, 0xff, 0xf0, 0xe4, 0xc0, 0xff, 0xf8, 0xe8, 0xc0, 0xff,
    0xf0, 0xe4, 0xc0, 0xff, 0xf0, 0xe8, 0xc0, 0xff, 0xf8, 0xe8, 0xc0, 0xff,
    0xf0, 0xe8, 0xc0, 0xff, 0xf8, 0xe8, 0xb8, 0xff, 0xf0, 0xe4, 0xc0, 0xff,
    0xf8, 0xe8, 0xc0, 0xff, 0xf0, 0xe8, 0xc0, 0xff, 0xf0, 0xe8, 0xc0, 0xff,
    0xf8, 0xe8, 0xc0, 0xff, 0xf0, 0xe4, 0xc0, 0xff, 0xf0, 0xe8, 0xc0, 0xff,
    0xf8, 0xe8, 0xc0, 0xff, 0xf0, 0xe4, 0xc0, 0xff, 0xf0, 0xe8, 0xc0, 0xff,
    0xf8, 0xe8, 0xc0, 0xff, 0xf0, 0xe8, 0xc0, 0xff, 0xf8, 0xe8, 0xc0, 0xff,
    0xf0, 0xe8, 0xb8, 0xff, 0xf0, 0xe8, 0xc0, 0xff, 0xf8, 0xe4, 0xc0, 0xff,
    0xf0, 0xe8, 0xb8, 0xff, 0xf0, 0xe8, 0xc0, 0xff, 0xf8, 0xe4, 0xc0, 0xff,
    0xf0, 0xe8, 0xb8, 0xff, 0xf0, 0xe8, 0xc0, 0xff, 0xf8, 0xe4, 0xc0, 0xff,
    0xf0, 0xe8, 0xb8, 0xff, 0xf0, 0xe8, 0xc0, 0xff, 0xf8, 0xe4, 0xc0, 0xff,
    0xf0, 0xe8, 0xc0, 0xff, 0xf0, 0xe8, 0xb8, 0xff, 0xf8, 0xe8, 0xc0, 0xff,
    0xf0, 0xe4, 0xb8, 0xff, 0xf0, 0xe8, 0xc0, 0xff, 0xf8, 0xe8, 0xc0, 0xff,
    0xf0, 0xe8, 0xc0, 0xff, 0xf0, 0xe4, 0xb8, 0xff, 0xf8, 0xe8, 0xc0, 0xff,
    0xf0, 0xe8, 0xc0, 0xff, 0xf0, 0xe4, 0xb8, 0xff, 0xf8, 0xe8, 0xc0, 0xff,
    0xf0, 0xe4, 0xc0, 0xff, 0xf0, 0xe8, 0xb8, 0xff, 0xf8, 0xe4, 0xc0, 0xff,
    0xf0, 0xe8, 0xc0, 0xff, 0xf0, 0xe4, 0xb8, 0xff, 0xf8, 0xe8, 0xc0, 0xff,
    0xf0, 0xe4, 0xc0, 0xff, 0xf0, 0xe4, 0xc0, 0xff, 0xf8, 0xe8, 0xc0, 0xff,
    0xf0, 0xe8, 0xc0, 0xff, 0xf8, 0xe8, 0xc0, 0xff, 0xf0, 0xe4, 0xb8, 0xff,
    0xf0, 0xe8, 0xc0, 0xff, 0xf8, 0xe8, 0xc0, 0xff, 0xf0, 0xe4, 0xc0, 0xff,
    0xf0, 0xe8, 0xb8, 0xff, 0xf8, 0xe8, 0xc0, 0xff, 0xf0, 0xe4, 0xc0, 0xff,
    0xf8, 0xe8, 0xb8, 0xff, 0xf8, 0xe8, 0xc0, 0xff, 0xf0, 0xe8, 0xc0, 0xff,
    0xf8, 0xe4, 0xc0, 0xff, 0xf0, 0xe8, 0xc0, 0xff, 0xf0, 0xe4, 0xb8, 0xff,
    0xf8, 0xe8, 0xb8, 0xff, 0xf0, 0xe4, 0xc0, 0xff, 0xf0, 0xe8, 0xb8, 0xff,
    0xf8, 0xe8, 0xc0, 0xff, 0xf0, 0xe8, 0xb8, 0xff, 0xf8, 0xe8, 0xc0, 0xff,
    0xf0, 0xe4, 0xb8, 0xff, 0xf0, 0xe8, 0xc0, 0xff, 0xf8, 0xe8, 0xc0, 0xff,
    0xf0, 0xe8, 0xc0, 0xff, 0xf0, 0xe8, 0xb8, 0xff, 0xf8, 0xe4, 0xc0, 0xff,
    0xf0, 0xe8, 0xc0, 0xff, 0xf0, 0xe8, 0xc0, 0xff, 0xf8, 0xe4, 0xc0, 0xff,
    0xf0, 0xe8, 0xc0, 0xff, 0xf8, 0xe8, 0xb8, 0xff, 0xf0, 0xe8, 0xc0, 0xff,
    0xf0, 0xe8, 0xc0, 0xff, 0xf8, 0xe8, 0xc0, 0xff, 0xf0, 0xe8, 0xc0, 0xff,
    0xf0, 0xe4, 0xc0, 0xff, 0xf8, 0xe8, 0xc0, 0xff, 0xf0, 0xe8, 0xc0, 0xff,
    0xf0, 0xe8, 0xb8, 0xff, 0xf8, 0xe4, 0xc0, 0xff, 0xf0, 0xe8, 0xc0, 0xff,
    0xf0, 0xe8, 0xc0, 0xff, 0xf0, 0xe8, 0xc0, 0xff, 0xf8, 0xe8, 0xb8, 0xff,
    0xf0, 0xe8, 0xc0, 0xff, 0xf8, 0xe8, 0xc0, 0xff, 0xf0, 0xe8, 0xb8, 0xff,
    0xf0, 0xe4, 0xc0, 0xff, 0xf8, 0xe8, 0xb8, 0xff, 0xf0, 0xe8, 0xc0, 0xff,
    0xf0, 0xe4, 0xc0, 0xff, 0xf8, 0xe8, 0xb8, 0xff, 0xf0, 0xe8, 0xc0, 0xff,
    0xf0, 0xe8, 0xc0, 0xff, 0xf8, 0xe8, 0xb8, 0xff, 0xf0, 0xe4, 0xc0, 0xff,
    0xf8, 0xe8, 0xb8, 0xff, 0xf0, 0xe8, 0xc0, 0xff, 0xf0, 0xe8, 0xb8, 0xff,
    0xf8, 0xe8, 0xc0, 0xff, 0xf0, 0xe8, 0xb8, 0xff, 0xf8, 0xe4, 0xc0, 0xff,
    0xf0, 0xe8, 0xb8, 0xff, 0xf0, 0xe4, 0xc0, 0xff, 0xf8, 0xe4, 0xc0, 0xff,
    0xf0, 0xe8, 0xc0, 0xff, 0xf8, 0xe8, 0xc0, 0xff, 0xf0, 0xe8, 0xc0, 0xff,
    0xf0, 0xe8, 0xc0, 0xff, 0xf8, 0xe8, 0xb8, 0xff, 0xf0, 0xe8, 0xc0, 0xff,
    0xf8, 0xe4, 0xc0, 0xff, 0xf8, 0xe8, 0xc0, 0xff, 0xf0, 0xe8, 0xc0, 0xff,
    0xf8, 0xe8, 0xb8, 0xff, 0xf0, 0xe8, 0xc0, 0xff, 0xf8, 0xe8, 0xc0, 0xff,
    0xf0, 0xe8, 0xb8, 0xff, 0xf8, 0xe8, 0xc0, 0xff, 0xf0, 0xe4, 0xc0, 0xff,
    0xf0, 0xe8, 0xc0, 0xff, 0xf8, 0xe8, 0xc0, 0xff, 0xf0, 0xe8, 0xb8, 0xff,
    0xf8, 0xe8, 0xc0, 0xff, 0xf0, 0xe8, 0xc0, 0xff, 0xf0, 0xe8, 0xc0, 0xff,
    0xf8, 0xe8, 0xb8, 0xff, 0xf0, 0xe8, 0xc0, 0xff, 0xf0, 0xe8, 0xc0, 0xff,
    0xf8, 0xe4, 0xb8, 0xff, 0xf0, 0xe8, 0xc0, 0xff, 0xf8, 0xe8, 0xc0, 0xff,
    0xf0, 0xe8, 0xb8, 0xff, 0xf0, 0xe4, 0xc0, 0xff, 0xf8, 0xe8, 0xc0, 0xff,
    0xf0, 0xe8, 0xb8, 0xff, 0xf0, 0xe8, 0xc0, 0xff, 0xf8, 0xe8, 0xc0, 0xff,
    0xf0, 0xe4, 0xc0, 0xff, 0xf0, 0xe8, 0xc0, 0xff, 0xf8, 0xe8, 0xc0, 0xff,
    0xf0, 0xe8, 0xc0, 0xff, 0xf8, 0xe8, 0xc0, 0xff, 0xf0, 0xe4, 0xc0, 0xff,
    0xf0, 0xe8, 0xc0, 0xff, 0xf8, 0xe8, 0xc0, 0xff, 0xf0, 0xe8, 0xc0, 0xff,
    0xf0, 0xe8, 0xc0, 0xff, 0xf0, 0xe4, 0xb8, 0xff, 0xf8, 0xe8, 0xc0, 0xff,
    0xf0, 0xe8, 0xc0, 0xff, 0xf8, 0xe8, 0xb8, 0xff, 0xf0, 0xe8, 0xc0, 0xff,
    0xf0, 0xe8, 0xc0, 0xff, 0xf8, 0xe4, 0xc0, 0xff, 0xf0, 0xe8, 0xc0, 0xff,
    0xf8, 0xe8, 0xc0, 0xff, 0xf0, 0xe4, 0xb8, 0xff, 0xf0, 0xe8, 0xc0, 0xff,
    0xf8, 0xe8, 0xc0, 0xff, 0xf0, 0xe4, 0xc0, 0xff, 0xf8, 0xe8, 0xb8, 0xff,
    0xf0, 0xe8, 0xc0, 0xff, 0xf8, 0xe4, 0xc0, 0xff, 0xf0, 0xe8, 0xc0, 0xff,
    0xf8, 0xe8, 0xb8, 0xff, 0xf0, 0xe8, 0xc0, 0xff, 0xf8, 0xe4, 0xb8, 0xff,
    0xf0, 0xe8, 0xc0, 0xff, 0xf0, 0xe8, 0xc0, 0xff, 0xf8, 0xe4, 0xc0, 0xff,
    0xf0, 0xe8, 0xb8, 0xff, 0xf8, 0xe4, 0xc0, 0xff, 0xf0, 0xe8, 0xc0, 0xff,
    0xf0, 0xe8, 0xb8, 0xff, 0xf8, 0xe8, 0xc0, 0xff, 0xf0, 0xe4, 0xc0, 0xff,
    0xf0, 0xe8, 0xc0, 0xff, 0xf8, 0xe8, 0xc0, 0xff, 0xf0, 0xe8, 0xb8, 0xff,
    0xf0, 0xe8, 0xc0, 0xff, 0xf8, 0xe8, 0xc0, 0xff, 0xf0, 0xe8, 0xc0, 0xff,
    0xf0, 0xe4, 0xc0, 0xff, 0xf8, 0xe8, 0xc0, 0xff, 0xf0, 0xe8, 0xc0, 0xff,
    0xf8, 0xe8, 0xc0, 0xff, 0xf0, 0xe8, 0xc0, 0xff, 0xf8, 0xe8, 0xb8, 0xff,
    0xf0, 0xe8, 0xc0, 0xff, 0xf0, 0xe4, 0xc0, 0xff, 0xf8, 0xe8, 0xb8, 0xff,
    0xf0, 0xe8, 0xc0, 0xff, 0xf0, 0xe4, 0xc0, 0xff, 0xf8, 0xe8, 0xc0, 0xff,
    0xf0, 0xe8, 0xc0, 0xff, 0xf0, 0xe4, 0xc0, 0xff, 0xf8, 0xe8, 0xb8, 0xff,
    0xf0, 0xe8, 0xc0, 0xff, 0xf0, 0xe4, 0xc0, 0xff, 0xf8, 0xe8, 0xc0, 0xff,
    0xf0, 0xe8, 0xb8, 0xff, 0xf8, 0xe8, 0xc0, 0xff, 0xf0, 0xe8, 0xb8, 0xff,
    0xf0, 0xe8, 0xc0, 0xff, 0xf8, 0xe4, 0xb8, 0xff, 0xf0, 0xe8, 0xc0, 0xff,
    0xf0, 0xe4, 0xc0, 0xff, 0xf8, 0xe8, 0xb8, 0xff, 0xf0, 0xe8, 0xc0, 0xff,
    0xf0, 0xe4, 0xc0, 0xff, 0xf0, 0xe8, 0xc0, 0xff, 0xf0, 0xe8, 0xb8, 0xff,
    0xf8, 0xe4, 0xc0, 0xff, 0xf0, 0xe8, 0xc0, 0xff, 0xf0, 0xe4, 0xc0, 0xff,
    0xf8, 0xe8, 0xc0, 0xff, 0xf0, 0xe8, 0xb8, 0xff, 0xf0, 0xe4, 0xc0, 0xff,
    0xf8, 0xe8, 0xc0, 0xff, 0xf0, 0xe8, 0xc0, 0xff, 0xf8, 0xe4, 0xc0, 0xff,
    0xf0, 0xe8, 0xb8, 0xff, 0xf0, 0xe4, 0xc0, 0xff, 0xf8, 0xe4, 0xc0, 0xff,
    0xf0, 0xe8, 0xc0, 0xff, 0xf8, 0xe4, 0xc0, 0xff, 0xf0, 0xe8, 0xc0, 0xff,
    0xf0, 0xe8, 0xc0, 0xff, 0xf8, 0xe8, 0xb8, 0xff, 0xf0, 0xe8, 0xc0, 0xff,
    0xf0, 0xe8, 0xc0, 0xff, 0xf8, 0xe8, 0xc0, 0xff, 0xf0, 0xe8, 0xc0, 0xff,
    0xf8, 0xe8, 0xc0, 0xff, 0xf0, 0xe8, 0xc0, 0xff, 0xf8, 0xe8, 0xb8, 0xff,
    0xf0, 0xe8, 0xc0, 0xff, 0xf0, 0xe8, 0xb8, 0xff, 0xf8, 0xe4, 0xb8, 0xff,
    0xf0, 0xe8, 0xc0, 0xff, 0xf0, 0xe8, 0xb8, 0xff, 0xf8, 0xe4, 0xc0, 0xff,
    0xf0, 0xe8, 0xb8, 0xff, 0xf8, 0xe8, 0xb8, 0xff, 0xf0, 0xe4, 0xc0, 0xff,
    0xf8, 0xe8, 0xc0, 0xff, 0xf0, 0xe8, 0xb8, 0xff, 0xf0, 0xe8, 0xc0, 0xff,
    0xf0, 0xe4, 0xc0, 0xff, 0xf8, 0xe8, 0xb8, 0xff, 0xf0, 0xe8, 0xc0, 0xff,
    0xf8, 0xe4, 0xc0, 0xff, 0xf0, 0xe8, 0xc0, 0xff, 0xf0, 0xe8, 0xc0, 0xff,
    0xf8, 0xe8, 0xc0, 0xff, 0xf0, 0xe8, 0xc0, 0xff, 0xf0, 0xe4, 0xc0, 0xff,
    0xf8, 0xe8, 0xc0, 0xff, 0xf0, 0xe8, 0xc0, 0xff, 0xf0, 0xe8, 0xc0, 0xff,
    0xf8, 0xe8, 0xb8, 0xff, 0xf0, 0xe4, 0xc0, 0xff, 0xf0, 0xe8, 0xc0, 0xff,
    0xf8, 0xe8, 0xc0, 0xff, 0xf0, 0xe8, 0xc0, 0xff, 0xf0, 0xe4, 0xc0, 0xff,
    0xf8, 0xe8, 0xb8, 0xff, 0xf0, 0xe8, 0xc0, 0xff, 0xf0, 0xe8, 0xc0, 0xff,
    0xf8, 0xe8, 0xc0, 0xff, 0xf0, 0xe4, 0xc0, 0xff, 0xf0, 0xe8, 0xb8, 0xff,
    0xf8, 0xe8, 0xc0, 0xff, 0xf0, 0xe4, 0xc0, 0xff, 0xf8, 0xe8, 0xb8, 0xff,
    0xf0, 0xe8, 0xb8, 0xff, 0xf8, 0xe4, 0xc0, 0xff, 0xf0, 0xe8, 0xc0, 0xff,
    0xf0, 0xe8, 0xc0, 0xff, 0xf8, 0xe4, 0xb8, 0xff, 0xf0, 0xe8, 0xc0, 0xff,
    0xf0, 0xe8, 0xc0, 0xff, 0xf8, 0xe4, 0xc0, 0xff, 0xf0, 0xe8, 0xb8, 0xff,
    0xf0, 0xe4, 0xc0, 0xff, 0xf8, 0xe4, 0xc0, 0xff, 0xf0, 0xe8, 0xc0, 0xff,
    0xf0, 0xe8, 0xc0, 0xff, 0xf8, 0xe4, 0xc0, 0xff, 0xf0, 0xe8, 0xc0, 0xff,
    0xf8, 0xe8, 0xc0, 0xff, 0xf0, 0xe4, 0xc0, 0xff, 0xf0, 0xe8, 0xb8, 0xff,
    0xf8, 0xe8, 0xc0, 0xff, 0xf0, 0xe8, 0xc0, 0xff, 0xf0, 0xe8, 0xc0, 0xff,
    0xf8, 0xe4, 0xc0, 0xff, 0xf8, 0xe8, 0xc0, 0xff, 0xf0, 0xe8, 0xc0, 0xff,
    0xf0, 0xe4, 0xc0, 0xff, 0xf8, 0xe8, 0xc0, 0xff, 0xf0, 0xe8, 0xc0, 0xff,
    0xf0, 0xe8, 0xc0, 0xff, 0xf8, 0xe8, 0xc0, 0xff, 0xf0, 0xe8, 0xb8, 0xff,
    0xf0, 0xe8, 0xc0, 0xff, 0xf8, 0xe4, 0xc0, 0xff, 0xf0, 0xe8, 0xc0, 0xff,
    0xf8, 0xe8, 0xc0, 0xff, 0xf0, 0xe8, 0xc0, 0xff, 0xf8, 0xe8, 0xb8, 0xff,
    0xf0, 0xe8, 0xc0, 0xff, 0xf0, 0xe8, 0xc0, 0xff, 0xf8, 0xe4, 0xb8, 0xff,
    0xf0, 0xe8, 0xc0, 0xff, 0xf0, 0xe8, 0xc0, 0xff, 0xf8, 0xe4, 0xc0, 0xff,
    0xf0, 0xe8, 0xb8, 0xff, 0xf0, 0xe8, 0xc0, 0xff, 0xf8, 0xe8, 0xb8, 0xff,
    0xf0, 0xe8, 0xc0, 0xff, 0xf0, 0xe8, 0xc0, 0xff, 0xf8, 0xe8, 0xb8, 0xff,
    0xf0, 0xe8, 0xc0, 0xff, 0xf0, 0xe8, 0xb8, 0xff, 0xf8, 0xe8, 0xc0, 0xff,
    0xf0, 0xe4, 0xc0, 0xff, 0xf8, 0xe8, 0xb8, 0xff, 0xf0, 0xe8, 0xc0, 0xff,
    0xf0, 0xe4, 0xc0, 0xff, 0xf8, 0xe4, 0xb8, 0xff, 0xf0, 0xe8, 0xc0, 0xff,
    0xf0, 0xe8, 0xb8, 0xff, 0xf8, 0xe4, 0xc0, 0xff, 0xf0, 0xe4, 0xc0, 0xff,
    0xf0, 0xe8, 0xc0, 0xff, 0xf8, 0xe8, 0xc0, 0xff, 0xf0, 0xe8, 0xc0, 0xff,
    0xf8, 0xe8, 0xc0, 0xff, 0xf0, 0xe4, 0xc0, 0xff, 0xf0, 0xe8, 0xc0, 0xff,
    0xf8, 0xe8, 0xc0, 0xff, 0xf0, 0xe8, 0xc0, 0xff, 0xf0, 0xe8, 0xc0, 0xff,
    0xf8, 0xe8, 0xc0, 0xff, 0xf0, 0xe4, 0xb8, 0xff, 0xf8, 0xe8, 0xc0, 0xff,
    0xf8, 0xe8, 0xc0, 0xff, 0xf0, 0xe8, 0xc0, 0xff, 0xf0, 0xe4, 0xc0, 0xff,
    0xf0, 0xe8, 0xc0, 0xff, 0xf8, 0xe8, 0xb8, 0xff, 0xf0, 0xe4, 0xb8, 0xff,
    0xf0, 0xe8, 0xc0, 0xff, 0xf8, 0xe8, 0xb8, 0xff, 0xf0, 0xe4, 0xb8, 0xff,
    0xf8, 0xe8, 0xc0, 0xff, 0xf0, 0xe8, 0xb8, 0xff, 0xf0, 0xe4, 0xc0, 0xff,
    0xf8, 0xe8, 0xc0, 0xff, 0xf0, 0xe8, 0xc0, 0xff, 0xf0, 0xe8, 0xb8, 0xff,
    0xf8, 0xe8, 0xc0, 0xff, 0xf0, 0xe4, 0xb8, 0xff, 0xf0, 0xe8, 0xc0, 0xff,
    0xf8, 0xe8, 0xc0, 0xff, 0xf0, 0xe8, 0xc0, 0xff, 0xf8, 0xe4, 0xb8, 0xff,
    0xf0, 0xe8, 0xc0, 0xff, 0xf0, 0xe8, 0xc0, 0xff, 0xf8, 0xe8, 0xb8, 0xff,
    0xf0, 0xe8, 0xc0, 0xff, 0xf0, 0xe8, 0xc0, 0xff, 0xf8, 0xe4, 0xc0, 0xff,
    0xf0, 0xe8, 0xc0, 0xff, 0xf0, 0xe8, 0xc0, 0xff, 0xf8, 0xe8, 0xb8, 0xff,
    0xf0, 0xe4, 0xc0, 0xff, 0xf8, 0xe8, 0xc0, 0xff, 0xf0, 0xe8, 0xc0, 0xff,
    0xf0, 0xe4, 0xc0, 0xff, 0xf0, 0xe8, 0xc0, 0xff, 0xf8, 0xe8, 0xb8, 0xff,
    0xf0, 0xe8, 0xc0, 0xff, 0xf0, 0xe8, 0xb8, 0xff, 0xf8, 0xe8, 0xc0, 0xff,
    0xf0, 0xe8, 0xb8, 0xff, 0xf0, 0xe4, 0xc0, 0xff, 0xf8, 0xe8, 0xb8, 0xff,
    0xf0, 0xe8, 0xc0, 0xff, 0xf0, 0xe8, 0xc0, 0xff, 0xf8, 0xe8, 0xb8, 0xff,
    0xf0, 0xe8, 0xc0, 0xff, 0xf8, 0xe4, 0xc0, 0xff, 0xf0, 0xe8, 0xb8, 0xff,
    0xf0, 0xe8, 0xb8, 0xff, 0xf8, 0xe8, 0xc0, 0xff, 0xf0, 0xe8, 0xb8, 0xff,
    0xf0, 0xe8, 0xc0, 0xff, 0xf8, 0xe8, 0xb8, 0xff, 0xf0, 0xe4, 0xc0, 0xff,
    0xf0, 0xe8, 0xc0, 0xff, 0xf8, 0xe4, 0xc0, 0xff, 0xf0, 0xe8, 0xc0, 0xff,
    0xf8, 0xe8, 0xc0, 0xff, 0xf0, 0xe8, 0xb8, 0xff, 0xf0, 0xe8, 0xc0, 0xff,
    0xf8, 0xe4, 0xb8, 0xff, 0xf0, 0xe8, 0xc0, 0xff, 0xf8, 0xe4, 0xc0, 0xff,
    0xf0, 0xe8, 0xb8, 0xff, 0xf8, 0xe8, 0xc0, 0xff, 0xf0, 0xe4, 0xc0, 0xff,
    0xf0, 0xe8, 0xb8, 0xff, 0xf8, 0xe8, 0xc0, 0xff, 0xf0, 0xe8, 0xc0, 0xff,
    0xf8, 0xe8, 0xc0, 0xff, 0xf0, 0xe8, 0xc0, 0xff, 0xf0, 0xe4, 0xc0, 0xff,
    0xf8, 0xe8, 0xc0, 0xff, 0xf0, 0xe8, 0xc0, 0xff, 0xf8, 0xe4, 0xc0, 0xff,
    0xf0, 0xe8, 0xc0, 0xff, 0xf0, 0xe8, 0xc0, 0xff, 0xf8, 0xe8, 0xb8, 0xff,
    0xf0, 0xe8, 0xc0, 0xff, 0xf0, 0xe4, 0xc0, 0xff, 0xf8, 0xe8, 0xc0, 0xff,
    0xf0, 0xe8, 0xc0, 0xff, 0xf8, 0xe8, 0xc0, 0xff, 0xf0, 0xe8, 0xc0, 0xff,
    0xf0, 0xe8, 0xc0, 0xff, 0xf8, 0xe4, 0xb8, 0xff, 0xf0, 0xe8, 0xc0, 0xff,
    0xf0, 0xe8, 0xc0, 0xff, 0xf8, 0xe4, 0xb8, 0xff, 0xf0, 0xe8, 0xc0, 0xff,
    0xf0, 0xe4, 0xc0, 0xff, 0xf8, 0xe8, 0xb8, 0xff, 0xf0, 0xe8, 0xc0, 0xff,
    0xf8, 0xe8, 0xc0, 0xff, 0xf0, 0xe4, 0xb8, 0xff, 0xf0, 0xe8, 0xc0, 0xff,
    0xf8, 0xe8, 0xc0, 0xff, 0xf0, 0xe8, 0xc0, 0xff, 0xf0, 0xe4, 0xc0, 0xff,
    0xf0, 0xe8, 0xc0, 0xff, 0xf8, 0xe8, 0xb8, 0xff, 0xf0, 0xe8, 0xc0, 0xff,
    0xf0, 0xe8, 0xc0, 0xff, 0xf8, 0xe8, 0xc0, 0xff, 0xf0, 0xe8, 0xc0, 0xff,
    0xf8, 0xe8, 0xc0, 0xff, 0xf0, 0xe8, 0xc0, 0xff, 0xf0, 0xe8, 0xc0, 0xff,
    0xf8, 0xe8, 0xc0, 0xff, 0xf0, 0xe8, 0xc0, 0xff, 0xf0, 0xe8, 0xc0, 0xff,
    0xf8, 0xe4, 0xb8, 0xff, 0xf0, 0xe8, 0xc0, 0xff, 0xf0, 0xe8, 0xc0, 0xff,
    0xf8, 0xe4, 0xc0, 0xff, 0xf0, 0xe8, 0xc0, 0xff, 0xf0, 0xe8, 0xb8, 0xff,
    0xf8, 0xe4, 0xc0, 0xff, 0xf0, 0xe8, 0xc0, 0xff, 0xf0, 0xe8, 0xc0, 0xff,
    0xf8, 0xe8, 0xb8, 0xff, 0xf0, 0xe4, 0xc0, 0xff, 0xf0, 0xe8, 0xc0, 0xff,
    0xf8, 0xe4, 0xc0, 0xff, 0xf0, 0xe8, 0xc0, 0xff, 0xf0, 0xe8, 0xb8, 0xff,
    0xf8, 0xe8, 0xc0, 0xff, 0xf0, 0xe8, 0xc0, 0xff, 0xf0, 0xe8, 0xc0, 0xff,
    0xf8, 0xe8, 0xc0, 0xff, 0xf0, 0xe8, 0xb8, 0xff, 0xf0, 0xe8, 0xc0, 0xff,
    0xf8, 0xe8, 0xc0, 0xff, 0xf0, 0xe8, 0xb8, 0xff, 0xf0, 0xe8, 0xc0, 0xff,
    0xf0, 0xe8, 0xc0, 0xff, 0xf8, 0xe4, 0xc0, 0xff, 0xf0, 0xe8, 0xc0, 0xff,
    0xf8, 0xe8, 0xc0, 0xff, 0xf0, 0xe8, 0xc0, 0xff, 0xf8, 0xe8, 0xb8, 0xff,
    0xf0, 0xe8, 0xc0, 0xff, 0xf0, 0xe4, 0xc0, 0xff, 0xf8, 0xe8, 0xb8, 0xff,
    0xf0, 0xe8, 0xc0, 0xff, 0xf0, 0xe4, 0xc0, 0xff, 0xf8, 0xe8, 0xc0, 0xff,
    0xf0, 0xe8, 0xc0, 0xff, 0xf0, 0xe4, 0xc0, 0xff, 0xf8, 0xe8, 0xc0, 0xff,
    0xf0, 0xe4, 0xc0, 0xff, 0xf0, 0xe8, 0xc0, 0xff, 0xf8, 0xe8, 0xb8, 0xff,
    0xf0, 0xe8, 0xc0, 0xff, 0xf8, 0xe8, 0xb8, 0xff, 0xf0, 0xe4, 0xb8, 0xff,
    0xf0, 0xe8, 0xc0, 0xff, 0xf8, 0xe4, 0xc0, 0xff, 0xf0, 0xe8, 0xc0, 0xff,
    0xf0, 0xe8, 0xc0, 0xff, 0xf8, 0xe8, 0xb8, 0xff, 0xf0, 0xe8, 0xc0, 0xff,
    0xf0, 0xe4, 0xc0, 0xff, 0xf0, 0xe8, 0xc0, 0xff, 0xf8, 0xe8, 0xc0, 0xff,
    0xf0, 0xe8, 0xc0, 0xff, 0xf0, 0xe8, 0xc0, 0xff, 0xf8, 0xe4, 0xb8, 0xff,
    0xf0, 0xe8, 0xc0, 0xff, 0xf0, 0xe8, 0xb8, 0xff, 0xf8, 0xe4, 0xc0, 0xff,
    0xf0, 0xe8, 0xb8, 0xff, 0xf0, 0xe8, 0xc0, 0xff, 0xf8, 0xe4, 0xb8, 0xff,
    0xf0, 0xe8, 0xc0, 0xff, 0xf8, 0xe8, 0xc0, 0xff, 0xf0, 0xe4, 0xc0, 0xff,
    0xf8, 0xe4, 0xc0, 0xff, 0xf0, 0xe8, 0xb8, 0xff, 0xf0, 0xe8, 0xc0, 0xff,
    0xf8, 0xe8, 0xb8, 0xff, 0xf0, 0xe4, 0xc0, 0xff, 0xf0, 0xe8, 0xb8, 0xff,
    0xf8, 0xe8, 0xc0, 0xff, 0xf0, 0xe4, 0xc0, 0xff, 0xf8, 0xe8, 0xc0, 0xff,
    0xf0, 0xe8, 0xc0, 0xff, 0xf8, 0xe8, 0xb8, 0xff, 0xf0, 0xe8, 0xc0, 0xff,
    0xf0, 0xe8, 0xc0, 0xff, 0xf8, 0xe8, 0xb8, 0xff, 0xf0, 0xe4, 0xc0, 0xff,
    0xf0, 0xe8, 0xc0, 0xff, 0xf8, 0xe8, 0xb8, 0xff, 0xf0, 0xe4, 0xc0, 0xff,
    0xf0, 0xe8, 0xb8, 0xff, 0xf8, 0xe8, 0xc0, 0xff, 0xf0, 0xe4, 0xb8, 0xff,
    0xf0, 0xe8, 0xc0, 0xff, 0xf8, 0xe8, 0xc0, 0xff, 0xf0, 0xe4, 0xb8, 0xff,
    0xf8, 0xe4, 0xc0, 0xff, 0xf8, 0xe8, 0xb8, 0xff, 0xf0, 0xe4, 0xc0, 0xff,
    0xf0, 0xe8, 0xc0, 0xff, 0xf8, 0xe4, 0xb8, 0xff, 0xf0, 0xe8, 0xc0, 0xff,
    0xf0, 0xe4, 0xc0, 0xff, 0xf8, 0xe8, 0xc0, 0xff, 0xf0, 0xe8, 0xc0, 0xff,
    0xf8, 0xe4, 0xc0, 0xff, 0xf8, 0xe8, 0xb8, 0xff, 0xf0, 0xe8, 0xc0, 0xff,
    0xf8, 0xe8, 0xc0, 0xff, 0xf0, 0xe4, 0xb8, 0xff, 0xf8, 0xe8, 0xc0, 0xff,
    0xf0, 0xe8, 0xc0, 0xff, 0xf8, 0xe8, 0xb8, 0xff, 0xf0, 0xe4, 0xc0, 0xff,
    0xf0, 0xe8, 0xc0, 0xff, 0xf8, 0xe8, 0xc0, 0xff, 0xf0, 0xe8, 0xb8, 0xff,
    0xf8, 0xe8, 0xc0, 0xff, 0xf0, 0xe8, 0xc0, 0xff, 0xf8, 0xe4, 0xb8, 0xff,
    0xf0, 0xe8, 0xc0, 0xff, 0xf8, 0xe8, 0xc0, 0xff, 0xf0, 0xe4, 0xb8, 0xff,
    0xf8, 0xe4, 0xc0, 0xff, 0xf0, 0xe8, 0xc0, 0xff, 0xf0, 0xe4, 0xc0, 0xff,
    0xf8, 0xe8, 0xb8, 0xff, 0xf0, 0xe4, 0xc0, 0xff, 0xf0, 0xe8, 0xc0, 0xff,
    0xf0, 0xe8, 0xc0, 0xff, 0xf8, 0xe4, 0xc0, 0xff, 0xf0, 0xe8, 0xb8, 0xff,
    0xf0, 0xe8, 0xc0, 0xff, 0xf0, 0xe4, 0xc0, 0xff, 0xf8, 0xe8, 0xc0, 0xff,
    0xf0, 0xe8, 0xc0, 0xff, 0xf0, 0xe4, 0xc0, 0xff, 0xf8, 0xe8, 0xc0, 0xff,
    0xf8, 0xe8, 0xc0, 0xff, 0xf0, 0xe4, 0xc0, 0xff, 0xf0, 0xe8, 0xb8, 0xff,
    0xf8, 0xe8, 0xc0, 0xff, 0xf0, 0xe8, 0xc0, 0xff, 0xf8, 0xe8, 0xb8, 0xff,
    0xf0, 0xe4, 0xc0, 0xff, 0xf0, 0xe8, 0xc0, 0xff, 0xf8, 0xe8, 0xc0, 0xff,
    0xf0, 0xe4, 0xc0, 0xff, 0xf0, 0xe8, 0xc0, 0xff, 0xf8, 0xe8, 0xc0, 0xff,
    0xf0, 0xe8, 0xc0, 0xff, 0xf0, 0xe8, 0xb8, 0xff, 0xf8, 0xe8, 0xc0, 0xff,
    0xf0, 0xe4, 0xc0, 0xff, 0xf8, 0xe8, 0xc0, 0xff, 0xf0, 0xe8, 0xc0, 0xff,
    0xf8, 0xe8, 0xb8, 0xff, 0xf0, 0xe8, 0xc0, 0xff, 0xf8, 0xe4, 0xc0, 0xff,
    0xf0, 0xe8, 0xb8, 0xff, 0xf8, 0xe8, 0xc0, 0xff, 0xf0, 0xe4, 0xc0, 0xff,
    0xf0, 0xe8, 0xc0, 0xff, 0xf8, 0xe8, 0xc0, 0xff, 0xf0, 0xe4, 0xc0, 0xff,
    0xf8, 0xe8, 0xb8, 0xff, 0xf0, 0xe8, 0xc0, 0xff, 0xf0, 0xe8, 0xc0, 0xff,
    0xf8, 0xe8, 0xc0, 0xff, 0xf0, 0xe8, 0xb8, 0xff, 0xf0, 0xe8, 0xb8, 0xff,
    0xf8, 0xe8, 0xc0, 0xff, 0xf0, 0xe8, 0xc0, 0xff, 0xf8, 0xe8, 0xc0, 0xff,
    0xf0, 0xe8, 0xc0, 0xff, 0xf0, 0xe4, 0xc0, 0xff, 0xf8, 0xe8, 0xb8, 0xff,
    0xf0, 0xe8, 0xc0, 0xff, 0xf0, 0xe4, 0xc0, 0xff, 0xf8, 0xe8, 0xb8, 0xff,
    0xf0, 0xe8, 0xc0, 0xff, 0xf0, 0xe8, 0xc0, 0xff, 0xf8, 0xe4, 0xc0, 0xff,
    0xf0, 0xe8, 0xc0, 0xff, 0xf8, 0xe8, 0xc0, 0xff, 0xf8, 0xe8, 0xb8, 0xff,
    0xf0, 0xe8, 0xc0, 0xff, 0xf0, 0xe8, 0xc0, 0xff, 0xf8, 0xe8, 0xc0, 0xff,
    0xf0, 0xe8, 0xc0, 0xff, 0xf8, 0xe8, 0xc0, 0xff, 0xf0, 0xe4, 0xc0, 0xff,
    0xf8, 0xe8, 0xb8, 0xff, 0xf8, 0xe8, 0xc0, 0xff, 0xf0, 0xe8, 0xc0, 0xff,
    0xf0, 0xe8, 0xc0, 0xff, 0xf0, 0xe8, 0xc0, 0xff, 0xf8, 0xe8, 0xc0, 0xff,
    0xf0, 0xe8, 0xb8, 0xff, 0xf0, 0xe4, 0xc0, 0xff, 0xf8, 0xe8, 0xc0, 0xff,
    0xf0, 0xe8, 0xb8, 0xff, 0xf8, 0xe4, 0xb8, 0xff, 0xf0, 0xe8, 0xc0, 0xff,
    0xf0, 0xe8, 0xb8, 0xff, 0xf0, 0xe8, 0xc0, 0xff, 0xf0, 0xe8, 0xc0, 0xff,
    0xf8, 0xe8, 0xc0, 0xff, 0xf0, 0xe4, 0xb8, 0xff, 0xf0, 0xe8, 0xc0, 0xff,
    0xf8, 0xe8, 0xc0, 0xff, 0xf0, 0xe8, 0xc0, 0xff, 0xf0, 0xe8, 0xc0, 0xff,
    0xf8, 0xe8, 0xb8, 0xff, 0xf0, 0xe4, 0xc0, 0xff, 0xf0, 0xe8, 0xc0, 0xff,
    0xf8, 0xe8, 0xc0, 0xff, 0xf0, 0xe4, 0xb8, 0xff, 0xf0, 0xe8, 0xc0, 0xff,
    0xf8, 0xe8, 0xc0, 0xff, 0xf0, 0xe4, 0xc0, 0xff, 0xf0, 0xe8, 0xc0, 0xff,
    0xf8, 0xe8, 0xb8, 0xff, 0xf0, 0xe8, 0xc0, 0xff, 0xf0, 0xe8, 0xc0, 0xff,
    0xf8, 0xe8, 0xb8, 0xff, 0xf8, 0xe4, 0xc0, 0xff, 0xf0, 0xe8, 0xc0, 0xff,
    0xf0, 0xe8, 0xc0, 0xff, 0xf0, 0xe8, 0xc0, 0xff, 0xf8, 0xe8, 0xb8, 0xff,
    0xf0, 0xe8, 0xc0, 0xff, 0xf8, 0xe8, 0xc0, 0xff, 0xf0, 0xe4, 0xb8, 0xff,
    0xf0, 0xe8, 0xb8, 0xff, 0xf8, 0xe8, 0xc0, 0xff, 0xf0, 0xe8, 0xb8, 0xff,
    0xf0, 0xe8, 0xc0, 0xff, 0xf8, 0xe8, 0xc0, 0xff, 0xf0, 0xe8, 0xb8, 0xff,
    0xf0, 0xe8, 0xc0, 0xff, 0xf8, 0xe4, 0xc0, 0xff, 0xf0, 0xe8, 0xb8, 0xff,
    0xf0, 0xe8, 0xc0, 0xff, 0xf8, 0xe8, 0xc0, 0xff, 0xf0, 0xe8, 0xb8, 0xff,
    0xf8, 0xe8, 0xb8, 0xff, 0xf0, 0xe4, 0xc0, 0xff, 0xf0, 0xe8, 0xc0, 0xff,
    0xf8, 0xe8, 0xc0, 0xff, 0xf0, 0xe4, 0xc0, 0xff, 0xf8, 0xe8, 0xc0, 0xff,
    0xf0, 0xe8, 0xb8, 0xff, 0xf0, 0xe4, 0xc0, 0xff, 0xf8, 0xe8, 0xc0, 0xff,
    0xf0, 0xe4, 0xb8, 0xff, 0xf0, 0xe8, 0xc0, 0xff, 0xf8, 0xe8, 0xc0, 0xff,
    0xf0, 0xe8, 0xb8, 0xff, 0xf0, 0xe4, 0xc0, 0xff, 0xf8, 0xe8, 0xc0, 0xff,
    0xf0, 0xe8, 0xb8, 0xff, 0xf8, 0xe8, 0xc0, 0xff, 0xf0, 0xe8, 0xc0, 0xff,
    0xf0, 0xe8, 0xc0, 0xff, 0xf8, 0xe8, 0xc0, 0xff, 0xf0, 0xe4, 0xc0, 0xff,
    0xf8, 0xe8, 0xc0, 0xff, 0xf0, 0xe4, 0xc0, 0xff, 0xf0, 0xe4, 0xc0, 0xff,
    0xf8, 0xe8, 0xc0, 0xff, 0xf0, 0xe8, 0xb8, 0xff, 0xf0, 0xe4, 0xc0, 0xff,
    0xf8, 0xe8, 0xc0, 0xff, 0xf0, 0xe8, 0xb8, 0xff, 0xf0, 0xe8, 0xc0, 0xff,
    0xf8, 0xe8, 0xc0, 0xff, 0xf8, 0xe8, 0xc0, 0xff, 0xf0, 0xe8, 0xc0, 0xff,
    0xf0, 0xe8, 0xb8, 0xff, 0xf8, 0xe8, 0xc0, 0xff, 0xf0, 0xe4, 0xc0, 0xff,
    0xf0, 0xe8, 0xb8, 0xff, 0xf8, 0xe8, 0xc0, 0xff, 0xf0, 0xe4, 0xc0, 0xff,
    0xf0, 0xe4, 0xc0, 0xff, 0xf0, 0xe8, 0xc0, 0xff, 0xf8, 0xe4, 0xb8, 0xff,
    0xf0, 0xe8, 0xc0, 0xff, 0xf0, 0xe8, 0xc0, 0xff, 0xf8, 0xe4, 0xc0, 0xff,
    0xf0, 0xe8, 0xc0, 0xff, 0xf0, 0xe8, 0xc0, 0xff, 0xf0, 0xe8, 0xb8, 0xff,
    0xf8, 0xe4, 0xc0, 0xff, 0xf0, 0xe8, 0xc0, 0xff, 0xf0, 0xe8, 0xb8, 0xff,
    0xf8, 0xe8, 0xc0, 0xff, 0xf0, 0xe8, 0xc0, 0xff, 0xf0, 0xe8, 0xc0, 0xff,
    0xf8, 0xe8, 0xc0, 0xff, 0xf0, 0xe8, 0xc0, 0xff, 0xf0, 0xe8, 0xc0, 0xff,
    0xf8, 0xe4, 0xc0, 0xff, 0xf8, 0xe8, 0xc0, 0xff, 0xf0, 0xe8, 0xb8, 0xff,
    0xf0, 0xe4, 0xc0, 0xff, 0xf8, 0xe8, 0xc0, 0xff, 0xf0, 0xe8, 0xc0, 0xff,
    0xf0, 0xe8, 0xc0, 0xff, 0xf8, 0xe4, 0xb8, 0xff, 0xf0, 0xe8, 0xc0, 0xff,
    0xf0, 0xe8, 0xc0, 0xff, 0xf8, 0xe4, 0xc0, 0xff, 0xf0, 0xe8, 0xb8, 0xff,
    0xf0, 0xe8, 0xc0, 0xff, 0xf8, 0xe4, 0xc0, 0xff, 0xf0, 0xe8, 0xc0, 0xff,
    0xf0, 0xe8, 0xb8, 0xff, 0xf8, 0xe8, 0xc0, 0xff, 0xf0, 0xe8, 0xc0, 0xff,
    0xf0, 0xe8, 0xb8, 0xff, 0xf8, 0xe8, 0xc0, 0xff, 0xf0, 0xe4, 0xc0, 0xff,
    0xf0, 0xe8, 0xc0, 0xff, 0xf8, 0xe8, 0xc0, 0xff, 0xf0, 0xe8, 0xc0, 0xff,
    0xf0, 0xe8, 0xb8, 0xff, 0xf8, 0xe8, 0xc0, 0xff, 0xf0, 0xe8, 0xc0, 0xff,
    0xf0, 0xe4, 0xc0, 0xff, 0xf8, 0xe8, 0xc0, 0xff, 0xf0, 0xe8, 0xc0, 0xff,
    0xf8, 0xe8, 0xc0, 0xff, 0xf0, 0xe4, 0xc0, 0xff, 0xf8, 0xe8, 0xc0, 0xff,
    0xf0, 0xe4, 0xb8, 0xff, 0xf0, 0xe8, 0xc0, 0xff, 0xf8, 0xe4, 0xc0, 0xff,
    0xf0, 0xe8, 0xb8, 0xff, 0xf8, 0xe8, 0xc0, 0xff, 0xf0, 0xe4, 0xc0, 0xff,
    0xf0, 0xe8, 0xc0, 0xff, 0xf8, 0xe8, 0xc0, 0xff, 0xf0, 0xe4, 0xc0, 0xff,
    0xf0, 0xe8, 0xc0, 0xff, 0xf8, 0xe8, 0xc0, 0xff, 0xf0, 0xe8, 0xb8, 0xff,
    0xf8, 0xe8, 0xc0, 0xff, 0xf0, 0xe4, 0xb8, 0xff, 0xf0, 0xe8, 0xc0, 0xff,
    0xf8, 0xe8, 0xc0, 0xff, 0xf0, 0xe8, 0xb8, 0xff, 0xf0, 0xe8, 0xc0, 0xff,
    0xf8, 0xe8, 0xc0, 0xff, 0xf0, 0xe8, 0xc0, 0xff, 0xf0, 0xe4, 0xc0, 0xff,
    0xf8, 0xe8, 0xc0, 0xff, 0xf0, 0xe8, 0xc0, 0xff, 0xf0, 0xe8, 0xc0, 0xff,
    0xf8, 0xe4, 0xc0, 0xff, 0xf0, 0xe8, 0xb8, 0xff, 0xf0, 0xe8, 0xc0, 0xff,
    0xf8, 0xe4, 0xb8, 0xff, 0xf0, 0xe8, 0xb8, 0xff, 0xf0, 0xe8, 0xc0, 0xff,
    0xf8, 0xe8, 0xb8, 0xff, 0xf0, 0xe8, 0xb8, 0xff, 0xf0, 0xe8, 0xc0, 0xff,
    0xf8, 0xe8, 0xc0, 0xff, 0xf0, 0xe8, 0xc0, 0xff, 0xf0, 0xe4, 0xc0, 0xff,
    0xf8, 0xe8, 0xb8, 0xff, 0xf0, 0xe8, 0xc0, 0xff, 0xf8, 0xe4, 0xc0, 0xff,
    0xf0, 0xe8, 0xb8, 0xff, 0xf0, 0xe4, 0xc0, 0xff, 0xf8, 0xe8, 0xc0, 0xff,
    0xf0, 0xe4, 0xc0, 0xff, 0xf0, 0xe8, 0xc0, 0xff, 0xf8, 0xe8, 0xb8, 0xff,
    0xf0, 0xe8, 0xc0, 0xff, 0xf0, 0xe8, 0xc0, 0xff, 0xf8, 0xe8, 0xb8, 0xff,
    0xf0, 0xe8, 0xc0, 0xff, 0xf0, 0xe8, 0xc0, 0xff, 0xf8, 0xe8, 0xb8, 0xff,
    0xf0, 0xe4, 0xc0, 0xff, 0xf0, 0xe8, 0xc0, 0xff, 0xf8, 0xe8, 0xb8, 0xff,
    0xf0, 0xe8, 0xb8, 0xff, 0xf0, 0xe8, 0xc0, 0xff, 0xf8, 0xe4, 0xc0, 0xff,
    0xf0, 0xe8, 0xc0, 0xff, 0xf0, 0xe8, 0xc0, 0xff, 0xf8, 0xe4, 0xb8, 0xff,
    0xf0, 0xe8, 0xc0, 0xff, 0xf0, 0xe4, 0xc0, 0xff, 0xf8, 0xe4, 0xb8, 0xff,
    0xf0, 0xe8, 0xc0, 0xff, 0xf8, 0xe8, 0xc0, 0xff, 0xf0, 0xe4, 0xb8, 0xff,
    0xf0, 0xe8, 0xc0, 0xff, 0xf8, 0xe8, 0xc0, 0xff, 0xf0, 0xe4, 0xc0, 0xff,
    0xf0, 0xe8, 0xc0, 0xff, 0xf8, 0xe8, 0xb8, 0xff, 0xf0, 0xe4, 0xc0, 0xff,
    0xf0, 0xe8, 0xc0, 0xff, 0xf8, 0xe8, 0xb8, 0xff, 0xf0, 0xe4, 0xc0, 0xff,
    0xf8, 0xe8, 0xc0, 0xff, 0xf0, 0xe8, 0xb8, 0xff, 0xf8, 0xe8, 0xc0, 0xff,
    0xf0, 0xe8, 0xc0, 0xff, 0xf8, 0xe8, 0xb8, 0xff, 0xf0, 0xe8, 0xc0, 0xff,
    0xf8, 0xe8, 0xc0, 0xff, 0xf0, 0xe4, 0xc0, 0xff, 0xf8, 0xe8, 0xb8, 0xff,
    0xf0, 0xe4, 0xc0, 0xff, 0xf0, 0xe8, 0xc0, 0xff, 0xf8, 0xe8, 0xc0, 0xff,
    0xf0, 0xe4, 0xb8, 0xff, 0xf0, 0xe8, 0xc0, 0xff, 0xf8, 0xe8, 0xc0, 0xff,
    0xf0, 0xe4, 0xb8, 0xff, 0xf0, 0xe8, 0xc0, 0xff, 0xf8, 0xe8, 0xc0, 0xff,
    0xf0, 0xe8, 0xc0, 0xff, 0xf8, 0xe4, 0xb8, 0xff, 0xf0, 0xe8, 0xc0, 0xff,
    0xf0, 0xe8, 0xb8, 0xff, 0xf8, 0xe4, 0xc0, 0xff, 0xf0, 0xe8, 0xc0, 0xff,
    0xf0, 0xe8, 0xc0, 0xff, 0xf8, 0xe8, 0xc0, 0xff, 0xf0, 0xe8, 0xc0, 0xff,
    0xf0, 0xe4, 0xc0, 0xff, 0xf8, 0xe8, 0xc0, 0xff, 0xf0, 0xe8, 0xc0, 0xff,
    0xf0, 0xe8, 0xb8, 0xff, 0xf8, 0xe8, 0xc0, 0xff, 0xf8, 0xe4, 0xb8, 0xff,
    0xf0, 0xe8, 0xc0, 0xff, 0xf0, 0xe8, 0xc0, 0xff, 0xf8, 0xe4, 0xc0, 0xff,
    0xf0, 0xe8, 0xc0, 0xff, 0xf0, 0xe8, 0xc0, 0xff, 0xf8, 0xe8, 0xb8, 0xff,
    0xf0, 0xe4, 0xc0, 0xff, 0xf0, 0xe8, 0xc0, 0xff, 0xf8, 0xe4, 0xc0, 0xff,
    0xf0, 0xe8, 0xb8, 0xff, 0xf8, 0xe8, 0xc0, 0xff, 0xf0, 0xe8, 0xc0, 0xff,
    0xf0, 0xe4, 0xb8, 0xff, 0xf8, 0xe8, 0xc0, 0xff, 0xf0, 0xe8, 0xb8, 0xff,
    0xf0, 0xe8, 0xc0, 0xff, 0xf8, 0xe8, 0xc0, 0xff, 0xf0, 0xe4, 0xc0, 0xff,
    0xf0, 0xe8, 0xc0, 0xff, 0xf8, 0xe8, 0xc0, 0xff, 0xf0, 0xe4, 0xc0, 0xff,
    0xf0, 0xe8, 0xc0, 0xff, 0xf8, 0xe4, 0xc0, 0xff, 0xf0, 0xe8, 0xc0, 0xff,
    0xf8, 0xe8, 0xb8, 0xff, 0xf0, 0xe8, 0xc0, 0xff, 0xf0, 0xe4, 0xc0, 0xff,
    0xf8, 0xe8, 0xc0, 0xff, 0xf0, 0xe8, 0xc0, 0xff, 0xf0, 0xe8, 0xc0, 0xff,
    0xf8, 0xe8, 0xc0, 0xff, 0xf0, 0xe4, 0xc0, 0xff, 0xf0, 0xe8, 0xb8, 0xff,
    0xf8, 0xe8, 0xc0, 0xff, 0xf0, 0xe8, 0xc0, 0xff, 0xf0, 0xe4, 0xb8, 0xff,
    0xf8, 0xe8, 0xc0, 0xff, 0xf0, 0xe4, 0xc0, 0xff, 0xf8, 0xe8, 0xc0, 0xff,
    0xf0, 0xe4, 0xb8, 0xff, 0xf0, 0xe8, 0xc0, 0xff, 0xf8, 0xe8, 0xc0, 0xff,
    0xf8, 0xe8, 0xb8, 0xff, 0xf0, 0xe8, 0xc0, 0xff, 0xf8, 0xe4, 0xc0, 0xff,
    0xf0, 0xe8, 0xc0, 0xff, 0xf0, 0xe8, 0xc0, 0xff, 0xf8, 0xe4, 0xb8, 0xff,
    0xf8, 0xe8, 0xc0, 0xff, 0xf0, 0xe8, 0xc0, 0xff, 0xf0, 0xe8, 0xb8, 0xff,
    0xf8, 0xe8, 0xc0, 0xff, 0xf0, 0xe8, 0xc0, 0xff, 0xf8, 0xe8, 0xc0, 0xff,
    0xf0, 0xe8, 0xb8, 0xff, 0xf0, 0xe8, 0xc0, 0xff, 0xf8, 0xe4, 0xc0, 0xff,
    0xf0, 0xe8, 0xb8, 0xff, 0xf0, 0xe8, 0xc0, 0xff, 0xf8, 0xe8, 0xb8, 0xff,
    0xf0, 0xe8, 0xc0, 0xff, 0xf0, 0xe8, 0xc0, 0xff, 0xf8, 0xe8, 0xb8, 0xff,
    0xf0, 0xe8, 0xc0, 0xff, 0xf8, 0xe8, 0xc0, 0xff, 0xf0, 0xe8, 0xc0, 0xff,
    0xf0, 0xe8, 0xc0, 0xff, 0xf0, 0xe4, 0xc0, 0xff, 0xf8, 0xe8, 0xc0, 0xff,
    0xf0, 0xe4, 0xc0, 0xff, 0xf0, 0xe8, 0xc0, 0xff, 0xf8, 0xe4, 0xc0, 0xff,
    0xf0, 0xe8, 0xb8, 0xff, 0xf0, 0xe8, 0xc0, 0xff, 0xf8, 0xe8, 0xc0, 0xff,
    0xf0, 0xe4, 0xc0, 0xff, 0xf8, 0xe8, 0xc0, 0xff, 0xf0, 0xe8, 0xc0, 0xff,
    0xf8, 0xe8, 0xb8, 0xff, 0xf0, 0xe8, 0xc0, 0xff, 0xf8, 0xe8, 0xc0, 0xff,
    0xf0, 0xe4, 0xb8, 0xff, 0xf0, 0xe8, 0xc0, 0xff, 0xf8, 0xe8, 0xc0, 0xff,
    0xf0, 0xe4, 0xc0, 0xff, 0xf0, 0xe8, 0xc0, 0xff, 0xf8, 0xe8, 0xc0, 0xff,
    0xf0, 0xe8, 0xc0, 0xff, 0xf0, 0xe8, 0xb8, 0xff, 0xf8, 0xe8, 0xc0, 0xff,
    0xf0, 0xe8, 0xb8, 0xff, 0xf0, 0xe4, 0xc0, 0xff, 0xf8, 0xe8, 0xc0, 0xff,
    0xf0, 0xe8, 0xb8, 0xff, 0xf0, 0xe8, 0xc0, 0xff, 0xf8, 0xe8, 0xc0, 0xff,
    0xf0, 0xe4, 0xb8, 0xff, 0xf0, 0xe8, 0xc0, 0xff, 0xf8, 0xe8, 0xc0, 0xff,
    0xf0, 0xe8, 0xc0, 0xff, 0xf0, 0xe8, 0xb8, 0xff, 0xf8, 0xe4, 0xc0, 0xff,
    0xf0, 0xe8, 0xb8, 0xff, 0xf0, 0xe8, 0xc0, 0xff, 0xf8, 0xe4, 0xc0, 0xff,
    0xf0, 0xe8, 0xc0, 0xff, 0xf8, 0xe8, 0xc0, 0xff, 0xf0, 0xe8, 0xc0, 0xff,
    0xf0, 0xe8, 0xc0, 0xff, 0xf8, 0xe4, 0xb8, 0xff, 0xf0, 0xe8, 0xc0, 0xff,
    0xf0, 0xe8, 0xc0, 0xff, 0xf8, 0xe8, 0xb8, 0xff, 0xf0, 0xe4, 0xc0, 0xff,
    0xf8, 0xe8, 0xc0, 0xff, 0xf0, 0xe8, 0xb8, 0xff, 0xf8, 0xe4, 0xc0, 0xff,
    0xf0, 0xe8, 0xc0, 0xff, 0xf8, 0xe8, 0xb8, 0xff, 0xf0, 0xe8, 0xc0, 0xff,
    0xf8, 0xe8, 0xc0, 0xff, 0xf0, 0xe8, 0xc0, 0xff, 0xf0, 0xe4, 0xc0, 0xff,
    0xf8, 0xe8, 0xc0, 0xff, 0xf0, 0xe8, 0xc0, 0xff, 0xf8, 0xe4, 0xb8, 0xff,
    0xf0, 0xe8, 0xc0, 0xff, 0xf8, 0xe8, 0xb8, 0xff, 0xf0, 0xe4, 0xc0, 0xff,
    0xf0, 0xe8, 0xb8, 0xff, 0xf8, 0xe8, 0xc0, 0xff, 0xf0, 0xe8, 0xc0, 0xff,
    0xf0, 0xe8, 0xc0, 0xff, 0xf8, 0xe8, 0xb8, 0xff, 0xf0, 0xe8, 0xc0, 0xff,
    0xf8, 0xe8, 0xc0, 0xff, 0xf0, 0xe4, 0xc0, 0xff, 0xf0, 0xe8, 0xc0, 0xff,
    0xf8, 0xe8, 0xb8, 0xff, 0xf0, 0xe8, 0xc0, 0xff, 0xf0, 0xe4, 0xc0, 0xff,
    0xf8, 0xe8, 0xc0, 0xff, 0xf0, 0xe8, 0xc0, 0xff, 0xf0, 0xe8, 0xc0, 0xff,
    0xf8, 0xe4, 0xb8, 0xff, 0xf0, 0xe8, 0xc0, 0xff, 0xf0, 0xe8, 0xc0, 0xff,
    0xf8, 0xe8, 0xc0, 0xff, 0xf0, 0xe8, 0xb8, 0xff, 0xf0, 0xe4, 0xc0, 0xff,
    0xf8, 0xe8, 0xc0, 0xff, 0xf0, 0xe8, 0xc0, 0xff, 0xf0, 0xe4, 0xc0, 0xff,
    0xf8, 0xe8, 0xb8, 0xff, 0xf0, 0xe8, 0xc0, 0xff, 0xf0, 0xe8, 0xc0, 0xff,
    0xf8, 0xe8, 0xc0, 0xff, 0xf0, 0xe8, 0xc0, 0xff, 0xf8, 0xe4, 0xc0, 0xff,
    0xf0, 0xe8, 0xc0, 0xff, 0xf8, 0xe8, 0xb8, 0xff, 0xf0, 0xe4, 0xc0, 0xff,
    0xf0, 0xe4, 0xc0, 0xff, 0xf8, 0xe8, 0xc0, 0xff, 0xf0, 0xe4, 0xb8, 0xff,
    0xf8, 0xe8, 0xc0, 0xff, 0xf0, 0xe8, 0xb8, 0xff, 0xf8, 0xe8, 0xc0, 0xff,
    0xf0, 0xe8, 0xb8, 0xff, 0xf0, 0xe8, 0xc0, 0xff, 0xf8, 0xe4, 0xc0, 0xff,
    0xf0, 0xe8, 0xc0, 0xff, 0xf0, 0xe8, 0xc0, 0xff, 0xf8, 0xe4, 0xb8, 0xff,
    0xf0, 0xe8, 0xc0, 0xff, 0xf0, 0xe8, 0xc0, 0xff, 0xf0, 0xe8, 0xb8, 0xff,
    0xf8, 0xe4, 0xc0, 0xff, 0xf0, 0xe8, 0xc0, 0xff, 0xf0, 0xe8, 0xc0, 0xff,
    0xf8, 0xe4, 0xc0, 0xff, 0xf0, 0xe8, 0xc0, 0xff, 0xf8, 0xe8, 0xc0, 0xff,
    0xf0, 0xe8, 0xb8, 0xff, 0xf0, 0xe8, 0xc0, 0xff, 0xf0, 0xe8, 0xc0, 0xff,
    0xf0, 0xe4, 0xc0, 0xff, 0xf8, 0xe8, 0xc0, 0xff, 0xf0, 0xe4, 0xc0, 0xff,
    0xf8, 0xe8, 0xc0, 0xff, 0xf0, 0xe8, 0xc0, 0xff, 0xf8, 0xe4, 0xb8, 0xff,
    0xf0, 0xe8, 0xc0, 0xff, 0xf8, 0xe8, 0xc0, 0xff, 0xf0, 0xe4, 0xb8, 0xff,
    0xf8, 0xe8, 0xc0, 0xff, 0xf0, 0xe8, 0xc0, 0xff, 0xf0, 0xe4, 0xc0, 0xff,
    0xf8, 0xe8, 0xc0, 0xff, 0xf0, 0xe8, 0xc0, 0xff, 0xf0, 0xe4, 0xc0, 0xff,
    0xf8, 0xe8, 0xb8, 0xff, 0xf0, 0xe8, 0xc0, 0xff, 0xf8, 0xe8, 0xc0, 0xff,
    0xf0, 0xe4, 0xb8, 0xff, 0xf0, 0xe8, 0xc0, 0xff, 0xf8, 0xe8, 0xb8, 0xff,
    0xf0, 0xe4, 0xc0, 0xff, 0xf0, 0xe8, 0xc0, 0xff, 0xf8, 0xe8, 0xc0, 0xff,
    0xf0, 0xe4, 0xc0, 0xff, 0xf8, 0xe8, 0xc0, 0xff, 0xf0, 0xe8, 0xc0, 0xff,
    0xf0, 0xe4, 0xc0, 0xff, 0xf8, 0xe8, 0xc0, 0xff, 0xf0, 0xe8, 0xb8, 0xff,
    0xf0, 0xe8, 0xc0, 0xff, 0xf8, 0xe8, 0xc0, 0xff, 0xf0, 0xe4, 0xb8, 0xff,
    0xf0, 0xe8, 0xc0, 0xff, 0xf8, 0xe8, 0xb8, 0xff, 0xf0, 0xe4, 0xb8, 0xff,
    0xf0, 0xe8, 0xc0, 0xff, 0xf8, 0xe8, 0xc0, 0xff, 0xf0, 0xe8, 0xb8, 0xff,
    0xf0, 0xe4, 0xc0, 0xff, 0xf8, 0xe8, 0xc0, 0xff, 0xf0, 0xe8, 0xc0, 0xff,
    0xf8, 0xe8, 0xb8, 0xff, 0xf0, 0xe4, 0xc0, 0xff, 0xf8, 0xe8, 0xc0, 0xff,
    0xf0, 0xe4, 0xb8, 0xff, 0xf8, 0xe8, 0xc0, 0xff, 0xf0, 0xe4, 0xc0, 0xff,
    0xf0, 0xe8, 0xb8, 0xff, 0xf8, 0xe8, 0xc0, 0xff, 0xf0, 0xe8, 0xc0, 0xff,
    0xf0, 0xe8, 0xb8, 0xff, 0xf8, 0xe8, 0xc0, 0xff, 0xf0, 0xe8, 0xc0, 0xff,
    0xf0, 0xe4, 0xb8, 0xff, 0xf8, 0xe8, 0xc0, 0xff, 0xf0, 0xe8, 0xc0, 0xff,
    0xf0, 0xe4, 0xb8, 0xff, 0xf8, 0xe8, 0xc0, 0xff, 0xf0, 0xe8, 0xc0, 0xff,
    0xf0, 0xe4, 0xc0, 0xff, 0xf8, 0xe8, 0xc0, 0xff, 0xf0, 0xe8, 0xc0, 0xff,
    0xf0, 0xe4, 0xb8, 0xff, 0xf8, 0xe8, 0xc0, 0xff, 0xf0, 0xe8, 0xc0, 0xff,
    0xf0, 0xe4, 0xb8, 0xff, 0xf8, 0xe8, 0xc0, 0xff, 0xf0, 0xe4, 0xc0, 0xff,
    0xf8, 0xe4, 0xc0, 0xff, 0xf0, 0xe8, 0xb8, 0xff, 0xf0, 0xe8, 0xc0, 0xff,
    0xf8, 0xe4, 0xc0, 0xff, 0xf0, 0xe8, 0xc0, 0xff, 0xf0, 0xe8, 0xc0, 0xff,
    0xf8, 0xe8, 0xb8, 0xff, 0xf0, 0xe8, 0xc0, 0xff, 0xf0, 0xe8, 0xc0, 0xff,
    0xf8, 0xe4, 0xc0, 0xff, 0xf0, 0xe8, 0xb8, 0xff, 0xf0, 0xe8, 0xc0, 0xff,
    0xf8, 0xe4, 0xc0, 0xff, 0xf0, 0xe8, 0xb8, 0xff, 0xf8, 0xe8, 0xc0, 0xff,
    0xf0, 0xe8, 0xb8, 0xff, 0xf0, 0xe8, 0xc0, 0xff, 0xf8, 0xe8, 0xc0, 0xff,
    0xf0, 0xe4, 0xb8, 0xff, 0xf8, 0xe8, 0xc0, 0xff, 0xf0, 0xe8, 0xc0, 0xff,
    0xf0, 0xe4, 0xb8, 0xff, 0xf8, 0xe8, 0xc0, 0xff, 0xf0, 0xe8, 0xc0, 0xff,
    0xf0, 0xe4, 0xb8, 0xff, 0xf8, 0xe8, 0xb8, 0xff, 0xf0, 0xe8, 0xc0, 0xff,
    0xf0, 0xe4, 0xc0, 0xff, 0xf8, 0xe8, 0xc0, 0xff, 0xf0, 0xe8, 0xc0, 0xff,
    0xf0, 0xe8, 0xb8, 0xdf, 0xf8, 0xe8, 0xc0, 0xff, 0xf0, 0xe4, 0xb8, 0xff,
    0xf0, 0xe8, 0xc0, 0xff, 0xf0, 0xe8, 0xc0, 0xff, 0xf8, 0xe8, 0xc0, 0xff,
    0xf0, 0xe8, 0xb8, 0xff, 0xf0, 0xe8, 0xc0, 0xff, 0xf8, 0xe4, 0xc0, 0xff,
    0xf0, 0xe8, 0xc0, 0xff, 0xf0, 0xe8, 0xb8, 0xff, 0xf8, 0xe8, 0xc0, 0xff,
    0xf0, 0xe8, 0xb8, 0xff, 0xf8, 0xe4, 0xb8, 0xff, 0xf0, 0xe8, 0xc0, 0xff,
    0xf0, 0xe8, 0xc0, 0xff, 0xf8, 0xe8, 0xc0, 0xff, 0xf0, 0xe8, 0xc0, 0xff,
    0xf0, 0xe4, 0xc0, 0xff, 0xf8, 0xe8, 0xc0, 0xff, 0xf0, 0xe8, 0xb8, 0xff,
    0xf0, 0xe8, 0xc0, 0xff, 0xf8, 0xe4, 0xc0, 0xff, 0xf8, 0xe8, 0xb8, 0xff,
    0xf0, 0xe8, 0xc0, 0xff, 0xf0, 0xe8, 0xb8, 0xff, 0xf8, 0xe8, 0xc0, 0xff,
    0xf0, 0xe8, 0xb8, 0xff, 0xf0, 0xe8, 0xc0, 0xff, 0xf8, 0xe4, 0xc0, 0xff,
    0xf0, 0xe8, 0xc0, 0xff, 0xf0, 0xe8, 0xc0, 0xff, 0xf8, 0xe4, 0xc0, 0xff,
    0xf0, 0xe8, 0xc0, 0xff, 0xf0, 0xe8, 0xc0, 0xff, 0xf8, 0xe4, 0xc0, 0xff,
    0xf0, 0xe8, 0xc0, 0xff, 0xf8, 0xe8, 0xc0, 0xff, 0xf0, 0xe8, 0xb8, 0xff,
    0xf0, 0xe4, 0xc0, 0xff, 0xf8, 0xe8, 0xc0, 0xff, 0xf0, 0xe8, 0xc0, 0xff,
    0xf0, 0xe8, 0xc0, 0xff, 0xf0, 0xe8, 0xc0, 0xff, 0xf8, 0xe8, 0xc0, 0xff,
    0xf0, 0xe8, 0xc0, 0xff, 0xf0, 0xe8, 0xb8, 0xff, 0xf8, 0xe4, 0xc0, 0xff,
    0xf0, 0xe8, 0xc0, 0xff, 0xf0, 0xe8, 0xc0, 0xff, 0xf8, 0xe4, 0xc0, 0xff,
    0xf0, 0xe8, 0xb8, 0xff, 0xf8, 0xe4, 0xc0, 0xff, 0xf0, 0xe8, 0xc0, 0xff,
    0xf8, 0xe8, 0xc0, 0xff, 0xf0, 0xe8, 0xc0, 0xff, 0xf0, 0xe4, 0xb8, 0xff,
    0xf8, 0xe8, 0xc0, 0xff, 0xf0, 0xe8, 0xc0, 0xff, 0xf0, 0xe8, 0xc0, 0xff,
    0xf8, 0xe8, 0xb8, 0xff, 0xf0, 0xe4, 0xb8, 0xff, 0xf8, 0xe8, 0xc0, 0xff,
    0xf0, 0xe8, 0xc0, 0xff, 0xf0, 0xe8, 0xc0, 0xff, 0xf8, 0xe8, 0xb8, 0xff,
    0xf8, 0xe8, 0xc0, 0xff, 0xf0, 0xe8, 0xc0, 0xff, 0xf0, 0xe8, 0xc0, 0xff,
    0xf8, 0xe8, 0xc0, 0xff, 0xf0, 0xe8, 0xb8, 0xff, 0xf0, 0xe8, 0xc0, 0xff,
    0xf8, 0xe8, 0xb8, 0xff, 0xf0, 0xe8, 0xc0, 0xff, 0xf0, 0xe4, 0xc0, 0xff,
    0xf8, 0xe8, 0xb8, 0xff, 0xf0, 0xe8, 0xc0, 0xff, 0xf8, 0xe8, 0xc0, 0xff,
    0xf0, 0xe8, 0xc0, 0xff, 0xf0, 0xe8, 0xc0, 0xff, 0xf8, 0xe8, 0xc0, 0xff,
    0xf0, 0xe4, 0xc0, 0xff, 0xf0, 0xe8, 0xc0, 0xff, 0xf8, 0xe8, 0xc0, 0xff,
    0xf0, 0xe4, 0xc0, 0xff, 0xf0, 0xe8, 0xc0, 0xff, 0xf8, 0xe8, 0xb8, 0xff,
    0xf0, 0xe4, 0xc0, 0xff, 0xf0, 0xe8, 0xc0, 0xff, 0xf8, 0xe8, 0xc0, 0xff,
    0xf8, 0xe8, 0xc0, 0xff, 0xf0, 0xe8, 0xc0, 0xff, 0xf0, 0xe8, 0xc0, 0xff,
    0xf8, 0xe8, 0xc0, 0xff, 0xf0, 0xe8, 0xc0, 0xff, 0xf0, 0xe8, 0xc0, 0xff,
    0xf8, 0xe8, 0xb8, 0xff, 0xf0, 0xe4, 0xc0, 0xff, 0xf0, 0xe8, 0xc0, 0xff,
    0xf0, 0xe8, 0xb8, 0xdf, 0xf0, 0xe8, 0xc0, 0xdf, 0xf8, 0xe8, 0xc0, 0xff,
    0xf0, 0xe8, 0xc0, 0xff, 0xf8, 0xe8, 0xb8, 0xff, 0xf0, 0xe4, 0xc0, 0xff,
    0xf0, 0xe8, 0xc0, 0xff, 0xf8, 0xe8, 0xc0, 0xff, 0xf0, 0xe4, 0xb8, 0xff,
    0xf0, 0xe8, 0xc0, 0xff, 0xf8, 0xe8, 0xc0, 0xff, 0xf0, 0xe4, 0xc0, 0xff,
    0xf0, 0xe8, 0xc0, 0xff, 0xf8, 0xe8, 0xc0, 0xff, 0xf0, 0xe8, 0xc0, 0xff,
    0xf8, 0xe4, 0xb8, 0xff, 0xf0, 0xe8, 0xc0, 0xff, 0xf0, 0xe8, 0xc0, 0xff,
    0xf8, 0xe4, 0xb8, 0xff, 0xf0, 0xe8, 0xc0, 0xff, 0xf8, 0xe8, 0xc0, 0xff,
    0xf0, 0xe8, 0xc0, 0xff, 0xf0, 0xe8, 0xc0, 0xff, 0xf8, 0xe8, 0xc0, 0xff,
    0xf0, 0xe8, 0xb8, 0xff, 0xf0, 0xe4, 0xc0, 0xff, 0xf8, 0xe8, 0xc0, 0xff,
    0xf0, 0xe4, 0xc0, 0xff, 0xf8, 0xe8, 0xb8, 0xff, 0xf0, 0xe8, 0xc0, 0xff,
    0xf0, 0xe8, 0xc0, 0xff, 0xf8, 0xe4, 0xb8, 0xff, 0xf0, 0xe8, 0xc0, 0xff,
    0xf0, 0xe8, 0xb8, 0xff, 0xf8, 0xe8, 0xc0, 0xff, 0xf0, 0xe8, 0xc0, 0xff,
    0xf0, 0xe8, 0xb8, 0xff, 0xf8, 0xe8, 0xc0, 0xff, 0xf0, 0xe8, 0xc0, 0xff,
    0xf0, 0xe4, 0xc0, 0xff, 0xf8, 0xe8, 0xc0, 0xff, 0xf0, 0xe8, 0xb8, 0xff,
    0xf8, 0xe4, 0xb8, 0xff, 0xf0, 0xe8, 0xc0, 0xff, 0xf0, 0xe4, 0xc0, 0xff,
    0xf8, 0xe8, 0xb8, 0xff, 0xf0, 0xe8, 0xc0, 0xff, 0xf0, 0xe8, 0xc0, 0xff,
    0xf8, 0xe8, 0xc0, 0xff, 0xf0, 0xe8, 0xb8, 0xff, 0xf8, 0xe8, 0xc0, 0xff,
    0xf0, 0xe4, 0xc0, 0xff, 0xf0, 0xe8, 0xc0, 0xff, 0xf8, 0xe8, 0xc0, 0xff,
    0xf0, 0xe4, 0xb8, 0xff, 0xf0, 0xe8, 0xc0, 0xff, 0xf8, 0xe8, 0xc0, 0xff,
    0xf0, 0xe8, 0xc0, 0xff, 0xf8, 0xe4, 0xb8, 0xff, 0xf0, 0xe8, 0xc0, 0xff,
    0xf0, 0xe8, 0xc0, 0xff, 0xf8, 0xe8, 0xc0, 0xff, 0xf0, 0xe8, 0xc0, 0xff,
    0xf0, 0xe4, 0xb8, 0xff, 0xf8, 0xe8, 0xc0, 0xff, 0xf0, 0xe8, 0xc0, 0xff,
    0xf0, 0xe4, 0xc0, 0xff, 0xf8, 0xe4, 0xc0, 0xff, 0xf0, 0xe8, 0xb8, 0xff,
    0xf0, 0xe8, 0xc0, 0xff, 0xf8, 0xe8, 0xc0, 0xff, 0xf0, 0xe4, 0xc0, 0xff,
    0xf8, 0xe8, 0xc0, 0xff, 0xf0, 0xe8, 0xc0, 0xff, 0xf0, 0xe8, 0xb8, 0xff,
    0xf8, 0xe4, 0xc0, 0xff, 0xf0, 0xe8, 0xc0, 0xff, 0xf0, 0xe4, 0xc0, 0xff,
    0xf8, 0xe4, 0xb8, 0xff, 0xf0, 0xe8, 0xb8, 0xff, 0xf0, 0xe8, 0xc0, 0xff,
    0xf8, 0xe4, 0xc0, 0xff, 0xf0, 0xe8, 0xb8, 0xff, 0xf0, 0xe8, 0xc0, 0xff,
    0xf8, 0xe8, 0xc0, 0xff, 0xf0, 0xe4, 0xb8, 0xff, 0xf8, 0xe8, 0xc0, 0xff,
    0xf8, 0xe8, 0xc0, 0xff, 0xf0, 0xe8, 0xc0, 0xff, 0xf0, 0xe8, 0xb8, 0xff,
    0xf0, 0xe4, 0xc0, 0xff, 0xf8, 0xe8, 0xb8, 0xff, 0xf0, 0xe8, 0xc0, 0xff,
    0xf0, 0xe4, 0xb8, 0xff, 0xf8, 0xe4, 0xc0, 0xff, 0xf0, 0xe8, 0xc0, 0xff,
    0xf8, 0xe8, 0xc0, 0xff, 0xf0, 0xe4, 0xc0, 0xff, 0xf8, 0xe8, 0xb8, 0xff,
    0xf8, 0xe8, 0xc0, 0xff, 0xf0, 0xe4, 0xc0, 0xcf, 0xf0, 0xe8, 0xc0, 0xae,
    0xf0, 0xe4, 0xc0, 0xff, 0xf8, 0xe8, 0xc0, 0xff, 0xf0, 0xe8, 0xb8, 0xff,
    0xf8, 0xe4, 0xc0, 0xff, 0xf0, 0xe8, 0xc0, 0xff, 0xf8, 0xe8, 0xc0, 0xff,
    0xf0, 0xe8, 0xc0, 0xff, 0xf0, 0xe8, 0xb8, 0xff, 0xf8, 0xe8, 0xc0, 0xff,
    0xf0, 0xe4, 0xc0, 0xff, 0xf0, 0xe8, 0xb8, 0xff, 0xf8, 0xe8, 0xc0, 0xff,
    0xf0, 0xe8, 0xc0, 0xff, 0xf0, 0xe8, 0xc0, 0xff, 0xf8, 0xe4, 0xc0, 0xff,
    0xf0, 0xe8, 0xb8, 0xff, 0xf0, 0xe8, 0xc0, 0xff, 0xf8, 0xe8, 0xc0, 0xff,
    0xf0, 0xe4, 0xb8, 0xff, 0xf8, 0xe8, 0xc0, 0xff, 0xf0, 0xe4, 0xc0, 0xff,
    0xf0, 0xe8, 0xb8, 0xff, 0xf8, 0xe8, 0xc0, 0xff, 0xf0, 0xe8, 0xc0, 0xff,
    0xf0, 0xe4, 0xc0, 0xff, 0xf8, 0xe8, 0xc0, 0xff, 0xf0, 0xe8, 0xc0, 0xff,
    0xf8, 0xe4, 0xc0, 0xff, 0xf0, 0xe8, 0xb8, 0xff, 0xf8, 0xe8, 0xc0, 0xff,
    0xf0, 0xe8, 0xc0, 0xff, 0xf8, 0xe4, 0xb8, 0xff, 0xf0, 0xe8, 0xc0, 0xff,
    0xf8, 0xe4, 0xc0, 0xff, 0xf0, 0xe8, 0xb8, 0xff, 0xf8, 0xe8, 0xc0, 0xff,
    0xf0, 0xe4, 0xc0, 0xff, 0xf8, 0xe8, 0xb8, 0xff, 0xf0, 0xe8, 0xc0, 0xff,
    0xf0, 0xe8, 0xc0, 0xff, 0xf8, 0xe8, 0xc0, 0xff, 0xf8, 0xe8, 0xc0, 0xff,
    0xf0, 0xe4, 0xb8, 0xff, 0xf0, 0xe8, 0xc0, 0xff, 0xf8, 0xe4, 0xc0, 0xff,
    0xf0, 0xe4, 0xc0, 0xff, 0xf0, 0xe8, 0xb8, 0xff, 0xf8, 0xe8, 0xc0, 0xff,
    0xf0, 0xe4, 0xc0, 0xff, 0xf0, 0xe8, 0xb8, 0xff, 0xf8, 0xe8, 0xc0, 0xff,
    0xf0, 0xe8, 0xc0, 0xff, 0xf0, 0xe8, 0xb8, 0xff, 0xf8, 0xe4, 0xc0, 0xff,
    0xf0, 0xe8, 0xc0, 0xff, 0xf0, 0xe8, 0xc0, 0xff, 0xf8, 0xe8, 0xc0, 0xff,
    0xf0, 0xe4, 0xb8, 0xff, 0xf8, 0xe8, 0xc0, 0xff, 0xf0, 0xe8, 0xc0, 0xff,
    0xf0, 0xe4, 0xc0, 0xff, 0xf8, 0xe8, 0xc0, 0xff, 0xf8, 0xe8, 0xb8, 0xff,
    0xf0, 0xe8, 0xc0, 0xff, 0xf0, 0xe8, 0xc0, 0xff, 0xf8, 0xe8, 0xb8, 0xff,
    0xf0, 0xe4, 0xc0, 0xff, 0xf0, 0xe8, 0xc0, 0xff, 0xf8, 0xe8, 0xb8, 0xff,
    0xf0, 0xe4, 0xc0, 0xff, 0xf0, 0xe8, 0xc0, 0xff, 0xf8, 0xe8, 0xc0, 0xff,
    0xf0, 0xe4, 0xc0, 0xff, 0xf8, 0xe8, 0xb8, 0xff, 0xf0, 0xe8, 0xc0, 0xff,
    0xf0, 0xe8, 0xc0, 0xff, 0xf8, 0xe8, 0xc0, 0xff, 0xf0, 0xe8, 0xc0, 0xff,
    0xf8, 0xe4, 0xc0, 0xff, 0xf0, 0xe8, 0xb8, 0xff, 0xf8, 0xe8, 0xc0, 0xff,
    0xf0, 0xe8, 0xc0, 0xff, 0xf0, 0xe4, 0xb8, 0xff, 0xf8, 0xe8, 0xc0, 0xff,
    0xf0, 0xe8, 0xc0, 0xff, 0xf0, 0xe4, 0xc0, 0xff, 0xf8, 0xe8, 0xb8, 0xff,
    0xf0, 0xe8, 0xc0, 0xff, 0xf0, 0xe4, 0xc0, 0xff, 0xf8, 0xe8, 0xc0, 0xff,
    0xf0, 0xe8, 0xb8, 0xff, 0xf8, 0xe8, 0xc0, 0xff, 0xf0, 0xe8, 0xb8, 0xff,
    0xf0, 0xe8, 0xc0, 0xff, 0xf8, 0xe4, 0xc0, 0xff, 0xf0, 0xe8, 0xb8, 0xff,
    0xf0, 0xe8, 0xc0, 0xff, 0xf8, 0xe8, 0xc0, 0xff, 0xf0, 0xe8, 0xc0, 0xbe,
    0xf8, 0xe8, 0xc0, 0x8e, 0xf0, 0xe8, 0xc0, 0xff, 0xf0, 0xe8, 0xb8, 0xff,
    0xf8, 0xe8, 0xc0, 0xff, 0xf0, 0xe8, 0xc0, 0xff, 0xf0, 0xe4, 0xb8, 0xff,
    0xf8, 0xe8, 0xc0, 0xff, 0xf0, 0xe8, 0xc0, 0xff, 0xf8, 0xe4, 0xc0, 0xff,
    0xf0, 0xe8, 0xb8, 0xff, 0xf8, 0xe8, 0xc0, 0xff, 0xf0, 0xe4, 0xc0, 0xff,
    0xf0, 0xe8, 0xb8, 0xff, 0xf8, 0xe8, 0xc0, 0xff, 0xf0, 0xe4, 0xc0, 0xff,
    0xf8, 0xe8, 0xb8, 0xff, 0xf0, 0xe8, 0xc0, 0xff, 0xf0, 0xe8, 0xc0, 0xff,
    0xf8, 0xe4, 0xc0, 0xff, 0xf0, 0xe8, 0xb8, 0xff, 0xf0, 0xe8, 0xc0, 0xff,
    0xf8, 0xe8, 0xc0, 0xff, 0xf0, 0xe4, 0xc0, 0xff, 0xf8, 0xe8, 0xc0, 0xff,
    0xf0, 0xe8, 0xb8, 0xff, 0xf0, 0xe8, 0xb8, 0xff, 0xf8, 0xe8, 0xc0, 0xff,
    0xf0, 0xe8, 0xc0, 0xff, 0xf0, 0xe4, 0xb8, 0xff, 0xf8, 0xe8, 0xc0, 0xff,
    0xf0, 0xe8, 0xc0, 0xff, 0xf0, 0xe4, 0xc0, 0xff, 0xf8, 0xe8, 0xc0, 0xff,
    0xf0, 0xe8, 0xc0, 0xff, 0xf0, 0xe4, 0xc0, 0xff, 0xf8, 0xe8, 0xc0, 0xff,
    0xf0, 0xe8, 0xc0, 0xff, 0xf0, 0xe4, 0xb8, 0xff, 0xf8, 0xe8, 0xc0, 0xff,
    0xf0, 0xe8, 0xc0, 0xff, 0xf0, 0xe4, 0xc0, 0xff, 0xf0, 0xe8, 0xc0, 0xff,
    0xf8, 0xe8, 0xc0, 0xff, 0xf0, 0xe8, 0xc0, 0xff, 0xf0, 0xe8, 0xb8, 0xff,
    0xf8, 0xe8, 0xc0, 0xff, 0xf0, 0xe8, 0xc0, 0xff, 0xf0, 0xe8, 0xc0, 0xff,
    0xf8, 0xe4, 0xc0, 0xff, 0xf0, 0xe8, 0xc0, 0xff, 0xf8, 0xe8, 0xb8, 0xff,
    0xf0, 0xe8, 0xc0, 0xff, 0xf0, 0xe4, 0xc0, 0xff, 0xf8, 0xe8, 0xc0, 0xff,
    0xf8, 0xe8, 0xb8, 0xff, 0xf0, 0xe4, 0xc0, 0xff, 0xf0, 0xe8, 0xc0, 0xff,
    0xf8, 0xe8, 0xc0, 0xff, 0xf0, 0xe8, 0xc0, 0xff, 0xf0, 0xe4, 0xb8, 0xff,
    0xf8, 0xe8, 0xc0, 0xff, 0xf0, 0xe8, 0xc0, 0xff, 0xf0, 0xe8, 0xc0, 0xff,
    0xf0, 0xe4, 0xc0, 0xff, 0xf8, 0xe8, 0xb8, 0xff, 0xf0, 0xe8, 0xc0, 0xff,
    0xf0, 0xe8, 0xc0, 0xff, 0xf8, 0xe8, 0xc0, 0xff, 0xf0, 0xe4, 0xc0, 0xff,
    0xf8, 0xe8, 0xb8, 0xff, 0xf0, 0xe8, 0xc0, 0xff, 0xf0, 0xe8, 0xb8, 0xff,
    0xf8, 0xe4, 0xc0, 0xff, 0xf0, 0xe8, 0xc0, 0xff, 0xf0, 0xe8, 0xc0, 0xff,
    0xf8, 0xe8, 0xb8, 0xff, 0xf0, 0xe8, 0xc0, 0xff, 0xf0, 0xe8, 0xc0, 0xff,
    0xf8, 0xe8, 0xc0, 0xff, 0xf0, 0xe8, 0xb8, 0xff, 0xf0, 0xe8, 0xc0, 0xff,
    0xf8, 0xe4, 0xc0, 0xff, 0xf0, 0xe8, 0xc0, 0xff, 0xf0, 0xe8, 0xc0, 0xff,
    0xf8, 0xe8, 0xc0, 0xff, 0xf0, 0xe8, 0xb8, 0xff, 0xf0, 0xe4, 0xc0, 0xff,
    0xf8, 0xe8, 0xc0, 0xff, 0xf0, 0xe8, 0xc0, 0xff, 0xf8, 0xe8, 0xc0, 0xff,
    0xf0, 0xe4, 0xc0, 0xff, 0xf0, 0xe8, 0xc0, 0xff, 0xf8, 0xe8, 0xc0, 0xff,
    0xf0, 0xe8, 0xc0, 0xff, 0xf0, 0xe4, 0xb8, 0xff, 0xf8, 0xe8, 0xc0, 0xff,
    0xf0, 0xe8, 0xc0, 0xff, 0xf0, 0xe8, 0xc0, 0xff, 0xf0, 0xe4, 0xb8, 0xff,
    0xf8, 0xe8, 0xc0, 0x8e, 0xf0, 0xe8, 0xc0, 0x41, 0xf0, 0xe8, 0xc0, 0xff,
    0xf8, 0xe4, 0xc0, 0xff, 0xf0, 0xe8, 0xc0, 0xff, 0xf0, 0xe8, 0xc0, 0xff,
    0xf8, 0xe4, 0xb8, 0xff, 0xf0, 0xe8, 0xc0, 0xff, 0xf0, 0xe8, 0xc0, 0xff,
    0xf8, 0xe4, 0xb8, 0xff, 0xf0, 0xe8, 0xc0, 0xff, 0xf0, 0xe8, 0xc0, 0xff,
    0xf8, 0xe8, 0xc0, 0xff, 0xf0, 0xe4, 0xc0, 0xff, 0xf0, 0xe8, 0xc0, 0xff,
    0xf8, 0xe8, 0xb8, 0xff, 0xf0, 0xe8, 0xc0, 0xff, 0xf8, 0xe8, 0xc0, 0xff,
    0xf0, 0xe4, 0xc0, 0xff, 0xf0, 0xe8, 0xb8, 0xff, 0xf8, 0xe8, 0xc0, 0xff,
    0xf0, 0xe8, 0xc0, 0xff, 0xf0, 0xe8, 0xb8, 0xff, 0xf8, 0xe4, 0xc0, 0xff,
    0xf0, 0xe8, 0xc0, 0xff, 0xf0, 0xe8, 0xc0, 0xff, 0xf8, 0xe4, 0xc0, 0xff,
    0xf0, 0xe8, 0xc0, 0xff, 0xf0, 0xe8, 0xb8, 0xff, 0xf8, 0xe8, 0xc0, 0xff,
    0xf0, 0xe8, 0xc0, 0xff, 0xf0, 0xe8, 0xc0, 0xff, 0xf8, 0xe8, 0xb8, 0xff,
    0xf0, 0xe8, 0xc0, 0xff, 0xf0, 0xe8, 0xb8, 0xff, 0xf8, 0xe8, 0xc0, 0xff,
    0xf0, 0xe8, 0xc0, 0xff, 0xf0, 0xe8, 0xb8, 0xff, 0xf8, 0xe8, 0xc0, 0xff,
    0xf0, 0xe8, 0xc0, 0xff, 0xf8, 0xe8, 0xb8, 0xff, 0xf0, 0xe4, 0xb8, 0xff,
    0xf0, 0xe8, 0xc0, 0xff, 0xf8, 0xe8, 0xc0, 0xff, 0xf0, 0xe4, 0xb8, 0xff,
    0xf8, 0xe8, 0xc0, 0xff, 0xf0, 0xe8, 0xc0, 0xff, 0xf8, 0xe8, 0xb8, 0xff,
    0xf0, 0xe8, 0xc0, 0xff, 0xf0, 0xe8, 0xc0, 0xff, 0xf8, 0xe8, 0xb8, 0xff,
    0xf0, 0xe8, 0xc0, 0xff, 0xf0, 0xe4, 0xc0, 0xff, 0xf8, 0xe8, 0xc0, 0xff,
    0xf0, 0xe8, 0xc0, 0xff, 0xf0, 0xe8, 0xc0, 0xff, 0xf8, 0xe8, 0xb8, 0xff,
    0xf0, 0xe4, 0xb8, 0xff, 0xf0, 0xe8, 0xc0, 0xff, 0xf8, 0xe8, 0xc0, 0xff,
    0xf0, 0xe8, 0xc0, 0xff, 0xf8, 0xe4, 0xb8, 0xff, 0xf8, 0xe8, 0xb8, 0xff,
    0xf0, 0xe8, 0xc0, 0xff, 0xf0, 0xe4, 0xc0, 0xff, 0xf8, 0xe8, 0xc0, 0xff,
    0xf0, 0xe4, 0xb8, 0xff, 0xf0, 0xe8, 0xc0, 0xff, 0xf8, 0xe8, 0xc0, 0xff,
    0xf0, 0xe8, 0xb8, 0xff, 0xf0, 0xe4, 0xc0, 0xff, 0xf8, 0xe8, 0xc0, 0xff,
    0xf0, 0xe8, 0xc0, 0xff, 0xf8, 0xe8, 0xb8, 0xff, 0xf0, 0xe8, 0xc0, 0xff,
    0xf0, 0xe4, 0xc0, 0xff, 0xf8, 0xe8, 0xc0, 0xff, 0xf8, 0xe4, 0xb8, 0xff,
    0xf0, 0xe4, 0xc0, 0xff, 0xf0, 0xe8, 0xc0, 0xff, 0xf8, 0xe8, 0xb8, 0xff,
    0xf0, 0xe4, 0xc0, 0xff, 0xf0, 0xe8, 0xc0, 0xff, 0xf8, 0xe8, 0xb8, 0xff,
    0xf0, 0xe4, 0xc0, 0xff, 0xf0, 0xe8, 0xc0, 0xff, 0xf8, 0xe8, 0xb8, 0xff,
    0xf0, 0xe8, 0xc0, 0xff, 0xf0, 0xe8, 0xc0, 0xff, 0xf8, 0xe8, 0xb8, 0xff,
    0xf0, 0xe8, 0xb8, 0xff, 0xf0, 0xe8, 0xc0, 0xff, 0xf8, 0xe4, 0xc0, 0xff,
    0xf0, 0xe8, 0xc0, 0xff, 0xf8, 0xe8, 0xc0, 0xff, 0xf0, 0xe8, 0xc0, 0xff,
    0xf0, 0xe8, 0xb8, 0xff, 0xf8, 0xe8, 0xc0, 0xff, 0xf0, 0xe4, 0xc0, 0xff,
    0xf8, 0xe8, 0xc0, 0xff, 0xf0, 0xe4, 0xb8, 0x51, 0x00, 0x00, 0x00, 0x00,
    0xf0, 0xe8, 0xb8, 0xdf, 0xf8, 0xe4, 0xc0, 0xff, 0xf0, 0xe8, 0xc0, 0xff,
    0xf0, 0xe8, 0xb8, 0xff, 0xf8, 0xe8, 0xc0, 0xff, 0xf0, 0xe8, 0xc0, 0xff,
    0xf0, 0xe8, 0xc0, 0xff, 0xf8, 0xe8, 0xc0, 0xff, 0xf0, 0xe8, 0xc0, 0xff,
    0xf0, 0xe8, 0xb8, 0xff, 0xf8, 0xe8, 0xc0, 0xff, 0xf8, 0xe8, 0xc0, 0xff,
    0xf0, 0xe4, 0xb8, 0xff, 0xf0, 0xe8, 0xc0, 0xff, 0xf8, 0xe8, 0xc0, 0xff,
    0xf0, 0xe4, 0xc0, 0xff, 0xf8, 0xe8, 0xb8, 0xff, 0xf0, 0xe8, 0xc0, 0xff,
    0xf8, 0xe4, 0xc0, 0xff, 0xf0, 0xe8, 0xc0, 0xff, 0xf0, 0xe8, 0xb8, 0xff,
    0xf8, 0xe8, 0xc0, 0xff, 0xf0, 0xe8, 0xc0, 0xff, 0xf8, 0xe4, 0xb8, 0xff,
    0xf0, 0xe8, 0xc0, 0xff, 0xf0, 0xe8, 0xc0, 0xff, 0xf8, 0xe4, 0xc0, 0xff,
    0xf0, 0xe8, 0xc0, 0xff, 0xf0, 0xe4, 0xc0, 0xff, 0xf8, 0xe8, 0xb8, 0xff,
    0xf0, 0xe8, 0xc0, 0xff, 0xf0, 0xe4, 0xc0, 0xff, 0xf8, 0xe8, 0xc0, 0xff,
    0xf0, 0xe4, 0xb8, 0xff, 0xf0, 0xe8, 0xc0, 0xff, 0xf8, 0xe4, 0xc0, 0xff,
    0xf0, 0xe8, 0xc0, 0xff, 0xf0, 0xe8, 0xc0, 0xff, 0xf8, 0xe4, 0xc0, 0xff,
    0xf8, 0xe8, 0xc0, 0xff, 0xf0, 0xe8, 0xc0, 0xff, 0xf0, 0xe8, 0xb8, 0xff,
    0xf8, 0xe4, 0xc0, 0xff, 0xf0, 0xe8, 0xc0, 0xff, 0xf0, 0xe4, 0xc0, 0xff,
    0xf8, 0xe4, 0xb8, 0xff, 0xf0, 0xe8, 0xc0, 0xff, 0xf0, 0xe4, 0xc0, 0xff,
    0xf8, 0xe8, 0xc0, 0xff, 0xf0, 0xe8, 0xc0, 0xff, 0xf8, 0xe4, 0xb8, 0xff,
    0xf0, 0xe8, 0xb8, 0xff, 0xf0, 0xe8, 0xc0, 0xff, 0xf8, 0xe4, 0xc0, 0xff,
    0xf0, 0xe8, 0xc0, 0xff, 0xf0, 0xe8, 0xc0, 0xff, 0xf8, 0xe4, 0xb8, 0xff,
    0xf0, 0xe8, 0xc0, 0xff, 0xf0, 0xe8, 0xc0, 0xff, 0xf0, 0xe8, 0xc0, 0xff,
    0xf8, 0xe8, 0xc0, 0xff, 0xf0, 0xe8, 0xb8, 0xff, 0xf8, 0xe8, 0xc0, 0xff,
    0xf0, 0xe8, 0xc0, 0xff, 0xf8, 0xe8, 0xc0, 0xff, 0xf0, 0xe4, 0xb8, 0xff,
    0xf8, 0xe8, 0xc0, 0xff, 0xf0, 0xe8, 0xc0, 0xff, 0xf0, 0xe8, 0xc0, 0xff,
    0xf8, 0xe4, 0xc0, 0xff, 0xf0, 0xe8, 0xc0, 0xff, 0xf0, 0xe8, 0xb8, 0xff,
    0xf8, 0xe4, 0xc0, 0xff, 0xf0, 0xe8, 0xc0, 0xff, 0xf0, 0xe8, 0xb8, 0xff,
    0xf8, 0xe8, 0xc0, 0xff, 0xf0, 0xe8, 0xc0, 0xff, 0xf0, 0xe4, 0xc0, 0xff,
    0xf8, 0xe8, 0xc0, 0xff, 0xf0, 0xe8, 0xc0, 0xff, 0xf8, 0xe8, 0xb8, 0xff,
    0xf8, 0xe8, 0xc0, 0xff, 0xf0, 0xe4, 0xc0, 0xff, 0xf0, 0xe8, 0xc0, 0xff,
    0xf8, 0xe8, 0xc0, 0xff, 0xf0, 0xe4, 0xc0, 0xff, 0xf0, 0xe4, 0xc0, 0xff,
    0xf8, 0xe8, 0xc0, 0xff, 0xf0, 0xe8, 0xc0, 0xff, 0xf8, 0xe4, 0xb8, 0xff,
    0xf0, 0xe8, 0xc0, 0xff, 0xf0, 0xe8, 0xb8, 0xff, 0xf8, 0xe4, 0xc0, 0xff,
    0xf0, 0xe8, 0xc0, 0xff, 0xf8, 0xe4, 0xc0, 0xff, 0xf0, 0xe8, 0xb8, 0xff,
    0xf0, 0xe8, 0xc0, 0xff, 0xf0, 0xe8, 0xc0, 0xdf, 0x00, 0x00, 0x00, 0x00,
    0x00, 0x00, 0x00, 0x00, 0xf0, 0xe8, 0xc0, 0x41, 0xf8, 0xe8, 0xc0, 0xff,
    0xf0, 0xe4, 0xb8, 0xff, 0xf0, 0xe8, 0xc0, 0xff, 0xf8, 0xe8, 0xc0, 0xff,
    0xf0, 0xe4, 0xb8, 0xff, 0xf8, 0xe4, 0xc0, 0xff, 0xf0, 0xe8, 0xc0, 0xff,
    0xf8, 0xe4, 0xb8, 0xff, 0xf0, 0xe4, 0xc0, 0xff, 0xf0, 0xe8, 0xc0, 0xff,
    0xf8, 0xe8, 0xb8, 0xff, 0xf0, 0xe8, 0xc0, 0xff, 0xf0, 0xe4, 0xc0, 0xff,
    0xf0, 0xe8, 0xc0, 0xff, 0xf8, 0xe8, 0xb8, 0xff, 0xf0, 0xe8, 0xc0, 0xff,
    0xf0, 0xe8, 0xc0, 0xff, 0xf8, 0xe4, 0xc0, 0xff, 0xf0, 0xe8, 0xc0, 0xff,
    0xf8, 0xe8, 0xc0, 0xff, 0xf0, 0xe4, 0xc0, 0xff, 0xf0, 0xe8, 0xb8, 0xff,
    0xf8, 0xe8, 0xc0, 0xff, 0xf0, 0xe8, 0xc0, 0xff, 0xf8, 0xe8, 0xb8, 0xff,
    0xf0, 0xe4, 0xc0, 0xff, 0xf0, 0xe8, 0xc0, 0xff, 0xf8, 0xe8, 0xb8, 0xff,
    0xf8, 0xe4, 0xc0, 0xff, 0xf0, 0xe8, 0xc0, 0xff, 0xf0, 0xe8, 0xc0, 0xff,
    0xf8, 0xe4, 0xc0, 0xff, 0xf0, 0xe8, 0xc0, 0xff, 0xf8, 0xe8, 0xb8, 0xff,
    0xf0, 0xe8, 0xc0, 0xff, 0xf0, 0xe4, 0xc0, 0xff, 0xf8, 0xe8, 0xb8, 0xff,
    0xf0, 0xe8, 0xc0, 0xff, 0xf0, 0xe8, 0xc0, 0xff, 0xf8, 0xe8, 0xc0, 0xff,
    0xf0, 0xe4, 0xc0, 0xff, 0xf0, 0xe8, 0xc0, 0xff, 0xf8, 0xe8, 0xc0, 0xff,
    0xf0, 0xe8, 0xb8, 0xff, 0xf0, 0xe8, 0xc0, 0xff, 0xf8, 0xe8, 0xc0, 0xff,
    0xf8, 0xe4, 0xb8, 0xff, 0xf0, 0xe8, 0xc0, 0xff, 0xf0, 0xe8, 0xc0, 0xff,
    0xf8, 0xe8, 0xc0, 0xff, 0xf0, 0xe8, 0xc0, 0xff, 0xf0, 0xe8, 0xb8, 0xff,
    0xf8, 0xe4, 0xc0, 0xff, 0xf0, 0xe8, 0xc0, 0xff, 0xf8, 0xe8, 0xc0, 0xff,
    0xf0, 0xe8, 0xc0, 0xff, 0xf8, 0xe4, 0xb8, 0xff, 0xf0, 0xe8, 0xc0, 0xff,
    0xf0, 0xe8, 0xc0, 0xff, 0xf0, 0xe4, 0xc0, 0xff, 0xf8, 0xe4, 0xc0, 0xff,
    0xf0, 0xe8, 0xb8, 0xff, 0xf0, 0xe8, 0xc0, 0xff, 0xf0, 0xe8, 0xc0, 0xff,
    0xf8, 0xe4, 0xc0, 0xff, 0xf0, 0xe8, 0xc0, 0xff, 0xf8, 0xe8, 0xb8, 0xff,
    0xf0, 0xe8, 0xc0, 0xff, 0xf0, 0xe8, 0xc0, 0xff, 0xf8, 0xe4, 0xb8, 0xff,
    0xf0, 0xe8, 0xc0, 0xff, 0xf8, 0xe8, 0xc0, 0xff, 0xf0, 0xe8, 0xc0, 0xff,
    0xf0, 0xe8, 0xc0, 0xff, 0xf8, 0xe8, 0xc0, 0xff, 0xf0, 0xe8, 0xb8, 0xff,
    0xf8, 0xe8, 0xc0, 0xff, 0xf0, 0xe4, 0xc0, 0xff, 0xf0, 0xe8, 0xb8, 0xff,
    0xf0, 0xe8, 0xc0, 0xff, 0xf8, 0xe8, 0xc0, 0xff, 0xf0, 0xe8, 0xb8, 0xff,
    0xf8, 0xe8, 0xc0, 0xff, 0xf0, 0xe8, 0xb8, 0xff, 0xf8, 0xe8, 0xc0, 0xff,
    0xf0, 0xe8, 0xb8, 0xff, 0xf0, 0xe4, 0xc0, 0xff, 0xf8, 0xe8, 0xc0, 0xff,
    0xf0, 0xe8, 0xc0, 0xff, 0xf0, 0xe8, 0xc0, 0xff, 0xf8, 0xe4, 0xb8, 0xff,
    0xf0, 0xe8, 0xc0, 0xff, 0xf0, 0xe8, 0xc0, 0xff, 0xf8, 0xe8, 0xb8, 0xff,
    0xf8, 0xe4, 0xc0, 0xff, 0xf0, 0xe8, 0xc0, 0xff, 0xf0, 0xe4, 0xb8, 0x61,
    0x00, 0x00, 0x00, 0x00, 0x00, 0x00, 0x00, 0x00, 0x00, 0x00, 0x00, 0x00,
    0xf0, 0xe8, 0xc0, 0x7d, 0xf8, 0xe8, 0xc0, 0xff, 0xf0, 0xe4, 0xc0, 0xff,
    0xf0, 0xe8, 0xc0, 0xff, 0xf8, 0xe8, 0xb8, 0xff, 0xf0, 0xe8, 0xc0, 0xff,
    0xf0, 0xe8, 0xc0, 0xff, 0xf8, 0xe8, 0xb8, 0xff, 0xf0, 0xe8, 0xc0, 0xff,
    0xf0, 0xe4, 0xc0, 0xff, 0xf8, 0xe8, 0xc0, 0xff, 0xf0, 0xe8, 0xc0, 0xff,
    0xf8, 0xe8, 0xc0, 0xff, 0xf0, 0xe4, 0xb8, 0xff, 0xf0, 0xe8, 0xc0, 0xff,
    0xf8, 0xe8, 0xc0, 0xff, 0xf0, 0xe8, 0xb8, 0xff, 0xf0, 0xe8, 0xc0, 0xff,
    0xf8, 0xe8, 0xb8, 0xff, 0xf0, 0xe4, 0xc0, 0xff, 0xf0, 0xe8, 0xc0, 0xff,
    0xf8, 0xe8, 0xc0, 0xff, 0xf0, 0xe4, 0xc0, 0xff, 0xf0, 0xe8, 0xc0, 0xff,
    0xf8, 0xe8, 0xb8, 0xff, 0xf0, 0xe8, 0xc0, 0xff, 0xf0, 0xe8, 0xc0, 0xff,
    0xf8, 0xe8, 0xb8, 0xff, 0xf0, 0xe8, 0xc0, 0xff, 0xf0, 0xe8, 0xc0, 0xff,
    0xf8, 0xe8, 0xb8, 0xff, 0xf0, 0xe8, 0xc0, 0xff, 0xf0, 0xe8, 0xc0, 0xff,
    0xf8, 0xe8, 0xc0, 0xff, 0xf0, 0xe8, 0xb8, 0xff, 0xf8, 0xe8, 0xc0, 0xff,
    0xf0, 0xe4, 0xc0, 0xff, 0xf0, 0xe8, 0xb8, 0xff, 0xf0, 0xe8, 0xc0, 0xff,
    0xf8, 0xe4, 0xb8, 0xff, 0xf0, 0xe8, 0xc0, 0xff, 0xf0, 0xe8, 0xc0, 0xff,
    0xf8, 0xe8, 0xb8, 0xff, 0xf0, 0xe8, 0xc0, 0xff, 0xf0, 0xe8, 0xc0, 0xff,
    0xf8, 0xe8, 0xc0, 0xff, 0xf0, 0xe8, 0xb8, 0xff, 0xf0, 0xe8, 0xc0, 0xff,
    0xf8, 0xe4, 0xc0, 0xff, 0xf0, 0xe8, 0xc0, 0xff, 0xf8, 0xe8, 0xc0, 0xff,
    0xf0, 0xe4, 0xc0, 0xff, 0xf0, 0xe8, 0xb8, 0xff, 0xf8, 0xe8, 0xc0, 0xff,
    0xf0, 0xe8, 0xc0, 0xff, 0xf0, 0xe8, 0xc0, 0xff, 0xf8, 0xe8, 0xc0, 0xff,
    0xf8, 0xe4, 0xb8, 0xff, 0xf0, 0xe8, 0xc0, 0xff, 0xf8, 0xe8, 0xc0, 0xff,
    0xf0, 0xe8, 0xc0, 0xff, 0xf0, 0xe4, 0xc0, 0xff, 0xf8, 0xe8, 0xb8, 0xff,
    0xf0, 0xe8, 0xc0, 0xff, 0xf0, 0xe8, 0xc0, 0xff, 0xf8, 0xe4, 0xb8, 0xff,
    0xf0, 0xe8, 0xc0, 0xff, 0xf8, 0xe4, 0xc0, 0xff, 0xf0, 0xe8, 0xb8, 0xff,
    0xf0, 0xe8, 0xc0, 0xff, 0xf8, 0xe8, 0xc0, 0xff, 0xf0, 0xe4, 0xb8, 0xff,
    0xf8, 0xe8, 0xc0, 0xff, 0xf0, 0xe4, 0xc0, 0xff, 0xf0, 0xe4, 0xb8, 0xff,
    0xf8, 0xe8, 0xc0, 0xff, 0xf0, 0xe8, 0xc0, 0xff, 0xf8, 0xe8, 0xb8, 0xff,
    0xf0, 0xe4, 0xc0, 0xff, 0xf0, 0xe8, 0xc0, 0xff, 0xf0, 0xe4, 0xc0, 0xff,
    0xf8, 0xe8, 0xc0, 0xff, 0xf0, 0xe4, 0xb8, 0xff, 0xf0, 0xe8, 0xc0, 0xff,
    0xf8, 0xe8, 0xc0, 0xff, 0xf0, 0xe8, 0xc0, 0xff, 0xf0, 0xe8, 0xb8, 0xff,
    0xf8, 0xe4, 0xc0, 0xff, 0xf0, 0xe8, 0xc0, 0xff, 0xf0, 0xe8, 0xc0, 0xff,
    0xf8, 0xe8, 0xc0, 0xff, 0xf0, 0xe8, 0xb8, 0xff, 0xf0, 0xe8, 0xc0, 0xff,
    0xf0, 0xe8, 0xc0, 0xff, 0xf8, 0xe8, 0xc0, 0xff, 0xf0, 0xe4, 0xc0, 0x7d,
    0x00, 0x00, 0x00, 0x00, 0x00, 0x00, 0x00, 0x00, 0x00, 0x00, 0x00, 0x00,
    0x00, 0x00, 0x00, 0x00, 0x00, 0x00, 0x00, 0x00, 0xf8, 0xe8, 0xc0, 0x7d,
    0xf0, 0xe8, 0xc0, 0xff, 0xf0, 0xe8, 0xb8, 0xff, 0xf8, 0xe8, 0xc0, 0xff,
    0xf0, 0xe8, 0xc0, 0xff, 0xf0, 0xe4, 0xc0, 0xff, 0xf8, 0xe8, 0xc0, 0xff,
    0xf0, 0xe8, 0xc0, 0xff, 0xf0, 0xe8, 0xb8, 0xff, 0xf8, 0xe4, 0xc0, 0xff,
    0xf0, 0xe8, 0xc0, 0xff, 0xf0, 0xe8, 0xb8, 0xff, 0xf8, 0xe8, 0xc0, 0xff,
    0xf0, 0xe4, 0xc0, 0xff, 0xf8, 0xe8, 0xc0, 0xff, 0xf0, 0xe4, 0xc0, 0xff,
    0xf0, 0xe8, 0xc0, 0xff, 0xf8, 0xe8, 0xb8, 0xff, 0xf0, 0xe8, 0xc0, 0xff,
    0xf0, 0xe8, 0xc0, 0xff, 0xf8, 0xe8, 0xb8, 0xff, 0xf0, 0xe4, 0xc0, 0xff,
    0xf0, 0xe8, 0xc0, 0xff, 0xf8, 0xe8, 0xc0, 0xff, 0xf0, 0xe4, 0xc0, 0xff,
    0xf8, 0xe8, 0xc0, 0xff, 0xf0, 0xe4, 0xc0, 0xff, 0xf0, 0xe8, 0xc0, 0xff,
    0xf8, 0xe4, 0xb8, 0xff, 0xf0, 0xe8, 0xc0, 0xff, 0xf0, 0xe8, 0xb8, 0xff,
    0xf8, 0xe4, 0xc0, 0xff, 0xf0, 0xe4, 0xc0, 0xff, 0xf0, 0xe8, 0xc0, 0xff,
    0xf8, 0xe8, 0xc0, 0xff, 0xf0, 0xe8, 0xc0, 0xff, 0xf8, 0xe4, 0xc0, 0xff,
    0xf8, 0xe8, 0xc0, 0xff, 0xf0, 0xe8, 0xb8, 0xff, 0xf0, 0xe8, 0xc0, 0xff,
    0xf8, 0xe4, 0xc0, 0xff, 0xf0, 0xe8, 0xb8, 0xff, 0xf8, 0xe4, 0xc0, 0xff,
    0xf0, 0xe4, 0xc0, 0xff, 0xf0, 0xe8, 0xc0, 0xff, 0xf8, 0xe8, 0xc0, 0xff,
    0xf0, 0xe4, 0xb8, 0xff, 0xf0, 0xe8, 0xc0, 0xff, 0xf8, 0xe8, 0xb8, 0xff,
    0xf0, 0xe4, 0xc0, 0xff, 0xf8, 0xe8, 0xc0, 0xff, 0xf0, 0xe8, 0xc0, 0xff,
    0xf0, 0xe4, 0xb8, 0xff, 0xf8, 0xe8, 0xb8, 0xff, 0xf0, 0xe8, 0xc0, 0xff,
    0xf0, 0xe4, 0xc0, 0xff, 0xf0, 0xe8, 0xc0, 0xff, 0xf8, 0xe8, 0xb8, 0xff,
    0xf0, 0xe8, 0xb8, 0xff, 0xf0, 0xe8, 0xc0, 0xff, 0xf8, 0xe8, 0xc0, 0xff,
    0xf8, 0xe4, 0xc0, 0xff, 0xf0, 0xe8, 0xb8, 0xff, 0xf0, 0xe8, 0xc0, 0xff,
    0xf8, 0xe8, 0xc0, 0xff, 0xf0, 0xe8, 0xc0, 0xff, 0xf0, 0xe8, 0xc0, 0xff,
    0xf8, 0xe4, 0xc0, 0xff, 0xf0, 0xe8, 0xc0, 0xff, 0xf0, 0xe8, 0xc0, 0xff,
    0xf8, 0xe8, 0xb8, 0xff, 0xf0, 0xe8, 0xc0, 0xff, 0xf0, 0xe8, 0xc0, 0xff,
    0xf8, 0xe8, 0xb8, 0xff, 0xf0, 0xe4, 0xc0, 0xff, 0xf0, 0xe8, 0xc0, 0xff,
    0xf8, 0xe8, 0xc0, 0xff, 0xf8, 0xe8, 0xc0, 0xff, 0xf0, 0xe8, 0xb8, 0xff,
    0xf8, 0xe8, 0xc0, 0xff, 0xf0, 0xe4, 0xc0, 0xff, 0xf0, 0xe8, 0xc0, 0xff,
    0xf8, 0xe4, 0xc0, 0xff, 0xf0, 0xe8, 0xc0, 0xff, 0xf8, 0xe8, 0xc0, 0xff,
    0xf0, 0xe4, 0xb8, 0xff, 0xf8, 0xe8, 0xc0, 0xff, 0xf0, 0xe8, 0xb8, 0xff,
    0xf8, 0xe4, 0xc0, 0xff, 0xf0, 0xe8, 0xc0, 0xff, 0xf8, 0xe4, 0xc0, 0xff,
    0xf0, 0xe4, 0xb8, 0xff, 0xf0, 0xe8, 0xc0, 0xff, 0xf8, 0xe8, 0xc0, 0x7d,
    0x00, 0x00, 0x00, 0x00, 0x00, 0x00, 0x00, 0x00, 0x00, 0x00, 0x00, 0x00,
    0x00, 0x00, 0x00, 0x00, 0x00, 0x00, 0x00, 0x00, 0x00, 0x00, 0x00, 0x00,
    0x00, 0x00, 0x00, 0x00, 0xf0, 0xe4, 0xb8, 0x61, 0xf0, 0xe4, 0xc0, 0xdf,
    0xf8, 0xe8, 0xc0, 0xff, 0xf0, 0xe8, 0xb8, 0xff, 0xf8, 0xe4, 0xc0, 0xff,
    0xf0, 0xe8, 0xc0, 0xff, 0xf8, 0xe8, 0xb8, 0xff, 0xf0, 0xe8, 0xc0, 0xff,
    0xf0, 0xe8, 0xc0, 0xff, 0xf8, 0xe4, 0xb8, 0xff, 0xf0, 0xe8, 0xc0, 0xff,
    0xf0, 0xe8, 0xc0, 0xff, 0xf8, 0xe8, 0xc0, 0xff, 0xf0, 0xe8, 0xb8, 0xff,
    0xf0, 0xe4, 0xc0, 0xff, 0xf8, 0xe8, 0xc0, 0xff, 0xf0, 0xe8, 0xc0, 0xff,
    0xf8, 0xe4, 0xc0, 0xff, 0xf0, 0xe8, 0xb8, 0xff, 0xf8, 0xe8, 0xc0, 0xff,
    0xf0, 0xe8, 0xb8, 0xff, 0xf8, 0xe8, 0xc0, 0xff, 0xf0, 0xe4, 0xb8, 0xff,
    0xf0, 0xe8, 0xc0, 0xff, 0xf8, 0xe8, 0xb8, 0xff, 0xf0, 0xe8, 0xc0, 0xff,
    0xf0, 0xe4, 0xc0, 0xff, 0xf8, 0xe8, 0xc0, 0xff, 0xf0, 0xe8, 0xc0, 0xff,
    0xf8, 0xe4, 0xc0, 0xff, 0xf8, 0xe8, 0xb8, 0xff, 0xf0, 0xe8, 0xc0, 0xff,
    0xf0, 0xe4, 0xb8, 0xff, 0xf8, 0xe8, 0xc0, 0xff, 0xf0, 0xe8, 0xb8, 0xff,
    0xf0, 0xe8, 0xc0, 0xff, 0xf8, 0xe4, 0xc0, 0xff, 0xf0, 0xe8, 0xc0, 0xff,
    0xf8, 0xe8, 0xc0, 0xff, 0xf0, 0xe8, 0xc0, 0xff, 0xf0, 0xe8, 0xc0, 0xff,
    0xf8, 0xe8, 0xb8, 0xff, 0xf0, 0xe8, 0xc0, 0xff, 0xf0, 0xe8, 0xc0, 0xff,
    0xf8, 0xe4, 0xc0, 0xff, 0xf0, 0xe8, 0xc0, 0xff, 0xf0, 0xe8, 0xb8, 0xff,
    0xf8, 0xe8, 0xc0, 0xff, 0xf0, 0xe8, 0xc0, 0xff, 0xf0, 0xe8, 0xb8, 0xff,
    0xf8, 0xe8, 0xc0, 0xff, 0xf0, 0xe4, 0xc0, 0xff, 0xf8, 0xe8, 0xc0, 0xff,
    0xf0, 0xe8, 0xb8, 0xff, 0xf0, 0xe8, 0xc0, 0xff, 0xf8, 0xe8, 0xc0, 0xff,
    0xf0, 0xe4, 0xc0, 0xff, 0xf0, 0xe4, 0xc0, 0xff, 0xf8, 0xe8, 0xb8, 0xff,
    0xf0, 0xe8, 0xc0, 0xff, 0xf0, 0xe8, 0xc0, 0xff, 0xf8, 0xe4, 0xc0, 0xff,
    0xf0, 0xe8, 0xb8, 0xff, 0xf0, 0xe8, 0xc0, 0xff, 0xf8, 0xe4, 0xc0, 0xff,
    0xf0, 0xe8, 0xb8, 0xff, 0xf8, 0xe8, 0xc0, 0xff, 0xf0, 0xe4, 0xc0, 0xff,
    0xf0, 0xe8, 0xb8, 0xff, 0xf8, 0xe8, 0xc0, 0xff, 0xf0, 0xe4, 0xc0, 0xff,
    0xf0, 0xe8, 0xc0, 0xff, 0xf8, 0xe8, 0xc0, 0xff, 0xf0, 0xe8, 0xc0, 0xff,
    0xf0, 0xe4, 0xb8, 0xff, 0xf0, 0xe8, 0xc0, 0xff, 0xf0, 0xe8, 0xc0, 0xff,
    0xf8, 0xe4, 0xb8, 0xff, 0xf0, 0xe8, 0xc0, 0xff, 0xf0, 0xe8, 0xc0, 0xff,
    0xf8, 0xe8, 0xb8, 0xff, 0xf0, 0xe8, 0xc0, 0xff, 0xf0, 0xe4, 0xb8, 0xff,
    0xf8, 0xe8, 0xc0, 0xff, 0xf0, 0xe8, 0xc0, 0xff, 0xf0, 0xe8, 0xc0, 0xff,
    0xf8, 0xe8, 0xc0, 0xff, 0xf0, 0xe8, 0xb8, 0xff, 0xf0, 0xe8, 0xc0, 0xff,
    0xf8, 0xe8, 0xc0, 0xff, 0xf0, 0xe8, 0xc0, 0xdf, 0xf8, 0xe8, 0xc0, 0x41,
    0x00, 0x00, 0x00, 0x00, 0x00, 0x00, 0x00, 0x00, 0x00, 0x00, 0x00, 0x00,
    0x00, 0x00, 0x00, 0x00, 0x00, 0x00, 0x00, 0x00, 0x00, 0x00, 0x00, 0x00,
    0x00, 0x00, 0x00, 0x00, 0x00, 0x00, 0x00, 0x00, 0x00, 0x00, 0x00, 0x00,
    0x00, 0x00, 0x00, 0x00, 0xf0, 0xe4, 0xb8, 0x51, 0xf8, 0xe8, 0xc0, 0x8e,
    0xf0, 0xe8, 0xc0, 0xbe, 0xf0, 0xe4, 0xc0, 0xcf, 0xf0, 0xe8, 0xc0, 0xdf,
    0xf8, 0xe8, 0xc0, 0xff, 0xf0, 0xe8, 0xc0, 0xff, 0xf8, 0xe8, 0xc0, 0xff,
    0xf0, 0xe4, 0xc0, 0xff, 0xf0, 0xe8, 0xb8, 0xff, 0xf8, 0xe8, 0xc0, 0xff,
    0xf0, 0xe8, 0xc0, 0xff, 0xf8, 0xe8, 0xb8, 0xff, 0xf0, 0xe4, 0xc0, 0xff,
    0xf0, 0xe8, 0xc0, 0xff, 0xf8, 0xe8, 0xb8, 0xff, 0xf0, 0xe4, 0xc0, 0xff,
    0xf0, 0xe8, 0xc0, 0xff, 0xf8, 0xe8, 0xc0, 0xff, 0xf0, 0xe4, 0xc0, 0xff,
    0xf0, 0xe8, 0xc0, 0xff, 0xf8, 0xe8, 0xb8, 0xff, 0xf0, 0xe8, 0xc0, 0xff,
    0xf8, 0xe8, 0xc0, 0xff, 0xf0, 0xe8, 0xb8, 0xff, 0xf0, 0xe8, 0xc0, 0xff,
    0xf8, 0xe8, 0xc0, 0xff, 0xf0, 0xe8, 0xc0, 0xff, 0xf0, 0xe8, 0xc0, 0xff,
    0xf0, 0xe8, 0xc0, 0xff, 0xf8, 0xe8, 0xc0, 0xff, 0xf0, 0xe4, 0xb8, 0xff,
    0xf0, 0xe8, 0xc0, 0xff, 0xf0, 0xe8, 0xc0, 0xff, 0xf0, 0xe8, 0xb8, 0xff,
    0xf8, 0xe4, 0xc0, 0xff, 0xf0, 0xe8, 0xb8, 0xff, 0xf0, 0xe8, 0xc0, 0xff,
    0xf8, 0xe4, 0xc0, 0xff, 0xf0, 0xe8, 0xc0, 0xff, 0xf8, 0xe8, 0xb8, 0xff,
    0xf0, 0xe8, 0xc0, 0xff, 0xf8, 0xe8, 0xb8, 0xff, 0xf0, 0xe8, 0xc0, 0xff,
    0xf0, 0xe4, 0xc0, 0xff, 0xf8, 0xe8, 0xc0, 0xff, 0xf0, 0xe8, 0xc0, 0xff,
    0xf0, 0xe4, 0xb8, 0xff, 0xf8, 0xe8, 0xc0, 0xff, 0xf0, 0xe8, 0xc0, 0xff,
    0xf0, 0xe8, 0xc0, 0xff, 0xf8, 0xe4, 0xc0, 0xff, 0xf8, 0xe8, 0xb8, 0xff,
    0xf0, 0xe8, 0xc0, 0xff, 0xf0, 0xe8, 0xc0, 0xff, 0xf8, 0xe8, 0xc0, 0xff,
    0xf0, 0xe8, 0xc0, 0xff, 0xf0, 0xe4, 0xb8, 0xff, 0xf8, 0xe8, 0xc0, 0xff,
    0xf0, 0xe8, 0xc0, 0xff, 0xf0, 0xe4, 0xc0, 0xff, 0xf8, 0xe8, 0xb8, 0xff,
    0xf0, 0xe8, 0xc0, 0xff, 0xf0, 0xe8, 0xc0, 0xff, 0xf8, 0xe8, 0xb8, 0xff,
    0xf0, 0xe8, 0xc0, 0xff, 0xf8, 0xe4, 0xc0, 0xff, 0xf0, 0xe8, 0xc0, 0xff,
    0xf8, 0xe8, 0xb8, 0xff, 0xf0, 0xe4, 0xc0, 0xff, 0xf8, 0xe8, 0xc0, 0xff,
    0xf8, 0xe8, 0xb8, 0xff, 0xf0, 0xe8, 0xc0, 0xff, 0xf8, 0xe4, 0xc0, 0xff,
    0xf0, 0xe8, 0xc0, 0xff, 0xf0, 0xe8, 0xc0, 0xff, 0xf8, 0xe4, 0xc0, 0xff,
    0xf0, 0xe8, 0xb8, 0xff, 0xf8, 0xe8, 0xc0, 0xff, 0xf0, 0xe8, 0xc0, 0xff,
    0xf0, 0xe8, 0xc0, 0xff, 0xf8, 0xe4, 0xb8, 0xff, 0xf0, 0xe8, 0xc0, 0xff,
    0xf0, 0xe8, 0xc0, 0xdf, 0xf0, 0xe4, 0xc0, 0xdf, 0xf8, 0xe8, 0xc0, 0xae,
    0xf8, 0xe8, 0xc0, 0x8e, 0xf0, 0xe8, 0xc0, 0x41, 0x00, 0x00, 0x00, 0x00,
    0x00, 0x00, 0x00, 0x00, 0x00, 0x00, 0x00, 0x00, 0x00, 0x00, 0x00, 0x00,
    0x00, 0x00, 0x00, 0x00, 0x00, 0x00, 0x00, 0x00
};
