// 4.21.4 0x6a48e624 D2 AY R0 FARGB8888 U565 N0 SExtFlashSection
// Generated by imageconverter. Please, do not edit!

#include <touchgfx/hal/Config.hpp>

LOCATION_PRAGMA("ExtFlashSection")
KEEP extern const unsigned char image_sel_zu[] LOCATION_ATTRIBUTE("ExtFlashSection") = { // 80x50 ARGB8888 pixels.
    0x00, 0x00, 0x00, 0x00, 0x00, 0x00, 0x00, 0x00, 0x00, 0x00, 0x00, 0x00,
    0x00, 0x00, 0x00, 0x00, 0x00, 0x00, 0x00, 0x00, 0xc0, 0xc0, 0x00, 0x04,
    0xe8, 0xe4, 0x20, 0x51, 0xe8, 0xe8, 0x20, 0x92, 0xe8, 0xe4, 0x20, 0xba,
    0xe8, 0xe8, 0x20, 0xdb, 0xe8, 0xe8, 0x20, 0xdf, 0xe8, 0xe8, 0x18, 0xfb,
    0xe8, 0xe8, 0x20, 0xff, 0xe8, 0xe8, 0x20, 0xff, 0xe8, 0xe8, 0x20, 0xff,
    0xe8, 0xe8, 0x20, 0xff, 0xe8, 0xe8, 0x20, 0xff, 0xe8, 0xe8, 0x20, 0xff,
    0xe8, 0xe8, 0x20, 0xff, 0xe8, 0xe8, 0x20, 0xff, 0xe8, 0xe8, 0x20, 0xff,
    0xe8, 0xe8, 0x20, 0xff, 0xe8, 0xe8, 0x20, 0xff, 0xe8, 0xe8, 0x20, 0xff,
    0xe8, 0xe8, 0x20, 0xff, 0xe8, 0xe8, 0x20, 0xff, 0xe8, 0xe8, 0x20, 0xff,
    0xe8, 0xe8, 0x20, 0xff, 0xe8, 0xe8, 0x20, 0xff, 0xe8, 0xe8, 0x20, 0xff,
    0xe8, 0xe8, 0x20, 0xff, 0xe8, 0xe8, 0x20, 0xff, 0xe8, 0xe8, 0x20, 0xff,
    0xe8, 0xe8, 0x20, 0xff, 0xe8, 0xe8, 0x20, 0xff, 0xe8, 0xe8, 0x20, 0xff,
    0xe8, 0xe8, 0x20, 0xff, 0xe8, 0xe8, 0x20, 0xff, 0xe8, 0xe8, 0x20, 0xff,
    0xe8, 0xe8, 0x20, 0xff, 0xe8, 0xe8, 0x20, 0xff, 0xe8, 0xe8, 0x20, 0xff,
    0xe8, 0xe8, 0x20, 0xff, 0xe8, 0xe8, 0x20, 0xff, 0xe8, 0xe8, 0x20, 0xff,
    0xe8, 0xe8, 0x20, 0xff, 0xe8, 0xe8, 0x20, 0xff, 0xe8, 0xe8, 0x20, 0xff,
    0xe8, 0xe8, 0x20, 0xff, 0xe8, 0xe8, 0x20, 0xff, 0xe8, 0xe8, 0x20, 0xff,
    0xe8, 0xe8, 0x20, 0xff, 0xe8, 0xe8, 0x20, 0xff, 0xe8, 0xe8, 0x20, 0xff,
    0xe8, 0xe8, 0x20, 0xff, 0xe8, 0xe8, 0x20, 0xff, 0xe8, 0xe8, 0x20, 0xff,
    0xe8, 0xe8, 0x20, 0xff, 0xe8, 0xe8, 0x20, 0xff, 0xe8, 0xe8, 0x20, 0xff,
    0xe8, 0xe8, 0x20, 0xff, 0xe8, 0xe8, 0x20, 0xff, 0xe8, 0xe8, 0x20, 0xff,
    0xe8, 0xe8, 0x20, 0xff, 0xe8, 0xe8, 0x20, 0xff, 0xe8, 0xe8, 0x20, 0xff,
    0xe8, 0xe8, 0x20, 0xff, 0xe8, 0xe8, 0x20, 0xff, 0xe8, 0xe8, 0x18, 0xfb,
    0xe8, 0xe8, 0x20, 0xdf, 0xe8, 0xe8, 0x20, 0xdb, 0xe8, 0xe4, 0x20, 0xba,
    0xe8, 0xe8, 0x18, 0x92, 0xe8, 0xe4, 0x20, 0x51, 0xc0, 0xc0, 0x00, 0x04,
    0x00, 0x00, 0x00, 0x00, 0x00, 0x00, 0x00, 0x00, 0x00, 0x00, 0x00, 0x00,
    0x00, 0x00, 0x00, 0x00, 0x00, 0x00, 0x00, 0x00, 0x00, 0x00, 0x00, 0x00,
    0x00, 0x00, 0x00, 0x00, 0x00, 0x00, 0x00, 0x00, 0x00, 0x00, 0x00, 0x00,
    0xe0, 0xe4, 0x20, 0x55, 0xe8, 0xe4, 0x20, 0xe3, 0xe8, 0xe8, 0x18, 0xff,
    0xe8, 0xe8, 0x20, 0xff, 0xe8, 0xe8, 0x20, 0xff, 0xe8, 0xe8, 0x18, 0xff,
    0xe8, 0xe4, 0x20, 0xff, 0xe8, 0xe8, 0x20, 0xff, 0xe8, 0xe4, 0x20, 0xff,
    0xe8, 0xe8, 0x20, 0xff, 0xe8, 0xe4, 0x18, 0xff, 0xe8, 0xe8, 0x20, 0xff,
    0xe8, 0xe4, 0x20, 0xff, 0xe8, 0xe8, 0x18, 0xff, 0xe8, 0xe4, 0x20, 0xff,
    0xe8, 0xe8, 0x20, 0xff, 0xe8, 0xe4, 0x18, 0xff, 0xe8, 0xe8, 0x20, 0xff,
    0xe8, 0xe4, 0x20, 0xff, 0xe8, 0xe8, 0x18, 0xff, 0xe8, 0xe4, 0x20, 0xff,
    0xe8, 0xe8, 0x20, 0xff, 0xe8, 0xe4, 0x18, 0xff, 0xe8, 0xe8, 0x20, 0xff,
    0xe8, 0xe4, 0x20, 0xff, 0xe8, 0xe8, 0x18, 0xff, 0xe8, 0xe4, 0x20, 0xff,
    0xe8, 0xe8, 0x20, 0xff, 0xe8, 0xe4, 0x18, 0xff, 0xe8, 0xe8, 0x20, 0xff,
    0xe8, 0xe4, 0x20, 0xff, 0xe8, 0xe8, 0x18, 0xff, 0xe8, 0xe4, 0x20, 0xff,
    0xe8, 0xe8, 0x20, 0xff, 0xe8, 0xe4, 0x18, 0xff, 0xe8, 0xe8, 0x20, 0xff,
    0xe8, 0xe4, 0x20, 0xff, 0xe8, 0xe8, 0x18, 0xff, 0xe8, 0xe4, 0x20, 0xff,
    0xe8, 0xe8, 0x20, 0xff, 0xe8, 0xe4, 0x18, 0xff, 0xe8, 0xe8, 0x20, 0xff,
    0xe8, 0xe4, 0x20, 0xff, 0xe8, 0xe8, 0x18, 0xff, 0xe8, 0xe4, 0x20, 0xff,
    0xe8, 0xe8, 0x20, 0xff, 0xe8, 0xe4, 0x18, 0xff, 0xe8, 0xe8, 0x20, 0xff,
    0xe8, 0xe4, 0x20, 0xff, 0xe8, 0xe8, 0x18, 0xff, 0xe8, 0xe4, 0x20, 0xff,
    0xe8, 0xe8, 0x20, 0xff, 0xe8, 0xe4, 0x18, 0xff, 0xe8, 0xe8, 0x20, 0xff,
    0xe8, 0xe4, 0x20, 0xff, 0xe8, 0xe8, 0x18, 0xff, 0xe8, 0xe4, 0x20, 0xff,
    0xe8, 0xe8, 0x20, 0xff, 0xe8, 0xe4, 0x18, 0xff, 0xe8, 0xe8, 0x20, 0xff,
    0xe8, 0xe4, 0x20, 0xff, 0xe8, 0xe8, 0x18, 0xff, 0xe8, 0xe4, 0x20, 0xff,
    0xe8, 0xe8, 0x20, 0xff, 0xe8, 0xe4, 0x20, 0xff, 0xe8, 0xe8, 0x20, 0xff,
    0xe8, 0xe8, 0x20, 0xff, 0xe8, 0xe8, 0x20, 0xff, 0xe8, 0xe8, 0x20, 0xff,
    0xe8, 0xe8, 0x20, 0xff, 0xe8, 0xe4, 0x20, 0xe3, 0xe8, 0xe4, 0x18, 0x51,
    0x00, 0x00, 0x00, 0x00, 0x00, 0x00, 0x00, 0x00, 0x00, 0x00, 0x00, 0x00,
    0x00, 0x00, 0x00, 0x00, 0x00, 0x00, 0x00, 0x00, 0x00, 0x00, 0x00, 0x00,
    0xc0, 0xc0, 0x00, 0x04, 0xe8, 0xe8, 0x20, 0x8e, 0xe8, 0xe8, 0x20, 0xff,
    0xe8, 0xe8, 0x20, 0xff, 0xe8, 0xe8, 0x18, 0xff, 0xe8, 0xe8, 0x20, 0xff,
    0xe8, 0xe8, 0x20, 0xff, 0xe8, 0xe4, 0x18, 0xff, 0xe8, 0xe8, 0x20, 0xff,
    0xe8, 0xe8, 0x20, 0xff, 0xe8, 0xe8, 0x18, 0xff, 0xe8, 0xe8, 0x20, 0xff,
    0xe8, 0xe8, 0x20, 0xff, 0xe8, 0xe4, 0x18, 0xff, 0xe8, 0xe8, 0x20, 0xff,
    0xe8, 0xe8, 0x20, 0xff, 0xe8, 0xe8, 0x18, 0xff, 0xe8, 0xe4, 0x20, 0xff,
    0xe8, 0xe8, 0x20, 0xff, 0xe8, 0xe8, 0x18, 0xff, 0xe8, 0xe8, 0x20, 0xff,
    0xe8, 0xe4, 0x20, 0xff, 0xe8, 0xe8, 0x18, 0xff, 0xe8, 0xe8, 0x20, 0xff,
    0xe8, 0xe8, 0x20, 0xff, 0xe8, 0xe4, 0x18, 0xff, 0xe8, 0xe8, 0x20, 0xff,
    0xe8, 0xe8, 0x20, 0xff, 0xe8, 0xe8, 0x18, 0xff, 0xe8, 0xe4, 0x20, 0xff,
    0xe8, 0xe8, 0x20, 0xff, 0xe8, 0xe8, 0x18, 0xff, 0xe8, 0xe8, 0x20, 0xff,
    0xe8, 0xe4, 0x20, 0xff, 0xe8, 0xe8, 0x18, 0xff, 0xe8, 0xe8, 0x20, 0xff,
    0xe8, 0xe8, 0x20, 0xff, 0xe8, 0xe4, 0x18, 0xff, 0xe8, 0xe8, 0x20, 0xff,
    0xe8, 0xe8, 0x20, 0xff, 0xe8, 0xe8, 0x18, 0xff, 0xe8, 0xe4, 0x20, 0xff,
    0xe8, 0xe8, 0x20, 0xff, 0xe8, 0xe8, 0x18, 0xff, 0xe8, 0xe8, 0x20, 0xff,
    0xe8, 0xe4, 0x20, 0xff, 0xe8, 0xe8, 0x18, 0xff, 0xe8, 0xe8, 0x20, 0xff,
    0xe8, 0xe8, 0x20, 0xff, 0xe8, 0xe4, 0x18, 0xff, 0xe8, 0xe8, 0x20, 0xff,
    0xe8, 0xe8, 0x20, 0xff, 0xe8, 0xe8, 0x18, 0xff, 0xe8, 0xe4, 0x20, 0xff,
    0xe8, 0xe8, 0x20, 0xff, 0xe8, 0xe8, 0x18, 0xff, 0xe8, 0xe8, 0x20, 0xff,
    0xe8, 0xe4, 0x20, 0xff, 0xe8, 0xe8, 0x18, 0xff, 0xe8, 0xe8, 0x20, 0xff,
    0xe8, 0xe8, 0x20, 0xff, 0xe8, 0xe4, 0x18, 0xff, 0xe8, 0xe8, 0x20, 0xff,
    0xe8, 0xe8, 0x20, 0xff, 0xe8, 0xe8, 0x18, 0xff, 0xe8, 0xe4, 0x20, 0xff,
    0xe8, 0xe8, 0x20, 0xff, 0xe8, 0xe8, 0x18, 0xff, 0xe8, 0xe4, 0x20, 0xff,
    0xe8, 0xe8, 0x18, 0xff, 0xe0, 0xe8, 0x20, 0xff, 0xe8, 0xe8, 0x20, 0xff,
    0xe8, 0xe8, 0x20, 0xff, 0xe8, 0xe8, 0x20, 0xff, 0xe8, 0xe8, 0x20, 0x8a,
    0xc0, 0xc0, 0x00, 0x04, 0x00, 0x00, 0x00, 0x00, 0x00, 0x00, 0x00, 0x00,
    0x00, 0x00, 0x00, 0x00, 0x00, 0x00, 0x00, 0x00, 0xe8, 0xe8, 0x18, 0x92,
    0xe8, 0xe8, 0x20, 0xff, 0xe8, 0xe4, 0x20, 0xff, 0xe8, 0xe8, 0x18, 0xff,
    0xe8, 0xe8, 0x20, 0xff, 0xe0, 0xe4, 0x20, 0xff, 0xe8, 0xe8, 0x20, 0xff,
    0xe8, 0xe8, 0x20, 0xff, 0xe0, 0xe8, 0x20, 0xff, 0xe8, 0xe8, 0x20, 0xff,
    0xe8, 0xe4, 0x18, 0xff, 0xe0, 0xe8, 0x20, 0xff, 0xe8, 0xe8, 0x20, 0xff,
    0xe8, 0xe8, 0x20, 0xff, 0xe0, 0xe8, 0x20, 0xff, 0xe8, 0xe8, 0x20, 0xff,
    0xe8, 0xe8, 0x20, 0xff, 0xe0, 0xe8, 0x20, 0xff, 0xe8, 0xe8, 0x20, 0xff,
    0xe8, 0xe8, 0x20, 0xff, 0xe0, 0xe8, 0x20, 0xff, 0xe8, 0xe8, 0x20, 0xff,
    0xe8, 0xe8, 0x20, 0xff, 0xe0, 0xe8, 0x20, 0xff, 0xe8, 0xe8, 0x20, 0xff,
    0xe8, 0xe8, 0x20, 0xff, 0xe0, 0xe8, 0x20, 0xff, 0xe8, 0xe8, 0x20, 0xff,
    0xe8, 0xe8, 0x20, 0xff, 0xe0, 0xe8, 0x20, 0xff, 0xe8, 0xe8, 0x20, 0xff,
    0xe8, 0xe8, 0x20, 0xff, 0xe0, 0xe8, 0x20, 0xff, 0xe8, 0xe8, 0x20, 0xff,
    0xe8, 0xe8, 0x20, 0xff, 0xe0, 0xe8, 0x20, 0xff, 0xe8, 0xe8, 0x20, 0xff,
    0xe8, 0xe8, 0x20, 0xff, 0xe0, 0xe8, 0x20, 0xff, 0xe8, 0xe8, 0x20, 0xff,
    0xe8, 0xe8, 0x20, 0xff, 0xe0, 0xe8, 0x20, 0xff, 0xe8, 0xe8, 0x20, 0xff,
    0xe8, 0xe8, 0x20, 0xff, 0xe0, 0xe8, 0x20, 0xff, 0xe8, 0xe8, 0x20, 0xff,
    0xe8, 0xe8, 0x20, 0xff, 0xe0, 0xe8, 0x20, 0xff, 0xe8, 0xe8, 0x20, 0xff,
    0xe8, 0xe8, 0x20, 0xff, 0xe0, 0xe8, 0x20, 0xff, 0xe8, 0xe8, 0x20, 0xff,
    0xe8, 0xe8, 0x20, 0xff, 0xe0, 0xe8, 0x20, 0xff, 0xe8, 0xe8, 0x20, 0xff,
    0xe8, 0xe8, 0x20, 0xff, 0xe0, 0xe8, 0x20, 0xff, 0xe8, 0xe8, 0x20, 0xff,
    0xe8, 0xe8, 0x20, 0xff, 0xe0, 0xe8, 0x20, 0xff, 0xe8, 0xe8, 0x20, 0xff,
    0xe8, 0xe8, 0x20, 0xff, 0xe0, 0xe8, 0x20, 0xff, 0xe8, 0xe8, 0x20, 0xff,
    0xe8, 0xe8, 0x18, 0xff, 0xe0, 0xe8, 0x20, 0xff, 0xe8, 0xe8, 0x20, 0xff,
    0xe8, 0xe8, 0x18, 0xff, 0xe0, 0xe4, 0x20, 0xff, 0xe8, 0xe8, 0x20, 0xff,
    0xe8, 0xe4, 0x18, 0xff, 0xe8, 0xe8, 0x20, 0xff, 0xe8, 0xe8, 0x18, 0xff,
    0xe0, 0xe8, 0x20, 0xff, 0xe8, 0xe8, 0x20, 0xff, 0xe8, 0xe4, 0x18, 0x8a,
    0x00, 0x00, 0x00, 0x00, 0x00, 0x00, 0x00, 0x00, 0x00, 0x00, 0x00, 0x00,
    0xe0, 0xe4, 0x20, 0x55, 0xe8, 0xe8, 0x20, 0xff, 0xe8, 0xe4, 0x20, 0xff,
    0xe8, 0xe8, 0x20, 0xff, 0xe8, 0xe8, 0x20, 0xff, 0xe8, 0xe4, 0x20, 0xff,
    0xe8, 0xe8, 0x18, 0xff, 0xe8, 0xe8, 0x20, 0xff, 0xe8, 0xe4, 0x20, 0xff,
    0xe8, 0xe8, 0x18, 0xff, 0xe8, 0xe8, 0x20, 0xff, 0xe8, 0xe4, 0x20, 0xff,
    0xe8, 0xe8, 0x20, 0xff, 0xe8, 0xe8, 0x18, 0xff, 0xe8, 0xe4, 0x20, 0xff,
    0xe8, 0xe8, 0x18, 0xff, 0xe8, 0xe4, 0x20, 0xff, 0xe8, 0xe4, 0x18, 0xff,
    0xe8, 0xe8, 0x20, 0xff, 0xe8, 0xe4, 0x18, 0xff, 0xe8, 0xe8, 0x20, 0xff,
    0xe8, 0xe4, 0x18, 0xff, 0xe8, 0xe8, 0x18, 0xff, 0xe8, 0xe4, 0x20, 0xff,
    0xe8, 0xe4, 0x18, 0xff, 0xe8, 0xe8, 0x20, 0xff, 0xe8, 0xe8, 0x18, 0xff,
    0xe8, 0xe4, 0x18, 0xff, 0xe8, 0xe4, 0x20, 0xff, 0xe8, 0xe8, 0x18, 0xff,
    0xe8, 0xe8, 0x20, 0xff, 0xe8, 0xe4, 0x18, 0xff, 0xe8, 0xe4, 0x20, 0xff,
    0xe8, 0xe8, 0x18, 0xff, 0xe8, 0xe8, 0x18, 0xff, 0xe8, 0xe4, 0x20, 0xff,
    0xe8, 0xe4, 0x18, 0xff, 0xe8, 0xe8, 0x20, 0xff, 0xe8, 0xe8, 0x18, 0xff,
    0xe8, 0xe4, 0x18, 0xff, 0xe8, 0xe4, 0x20, 0xff, 0xe8, 0xe8, 0x18, 0xff,
    0xe8, 0xe8, 0x20, 0xff, 0xe8, 0xe4, 0x18, 0xff, 0xe8, 0xe4, 0x20, 0xff,
    0xe8, 0xe8, 0x18, 0xff, 0xe8, 0xe8, 0x18, 0xff, 0xe8, 0xe4, 0x20, 0xff,
    0xe8, 0xe4, 0x18, 0xff, 0xe8, 0xe8, 0x20, 0xff, 0xe8, 0xe8, 0x18, 0xff,
    0xe8, 0xe4, 0x18, 0xff, 0xe8, 0xe4, 0x20, 0xff, 0xe8, 0xe8, 0x18, 0xff,
    0xe8, 0xe8, 0x20, 0xff, 0xe8, 0xe4, 0x18, 0xff, 0xe8, 0xe4, 0x20, 0xff,
    0xe8, 0xe8, 0x18, 0xff, 0xe8, 0xe8, 0x18, 0xff, 0xe8, 0xe4, 0x20, 0xff,
    0xe8, 0xe4, 0x18, 0xff, 0xe8, 0xe8, 0x20, 0xff, 0xe8, 0xe8, 0x18, 0xff,
    0xe8, 0xe4, 0x20, 0xff, 0xe8, 0xe4, 0x20, 0xff, 0xe8, 0xe8, 0x20, 0xff,
    0xe8, 0xe8, 0x20, 0xff, 0xe8, 0xe4, 0x20, 0xff, 0xe8, 0xe8, 0x20, 0xff,
    0xe8, 0xe8, 0x20, 0xff, 0xe8, 0xe8, 0x20, 0xff, 0xe8, 0xe8, 0x20, 0xff,
    0xe8, 0xe4, 0x20, 0xff, 0xe8, 0xe4, 0x18, 0xff, 0xe8, 0xe8, 0x20, 0xff,
    0xe8, 0xe8, 0x20, 0xff, 0xe8, 0xe8, 0x20, 0xff, 0xe0, 0xe4, 0x18, 0x51,
    0x00, 0x00, 0x00, 0x00, 0xe0, 0xe0, 0x20, 0x08, 0xe8, 0xe8, 0x20, 0xe3,
    0xe8, 0xe4, 0x20, 0xff, 0xe8, 0xe8, 0x18, 0xff, 0xe8, 0xe8, 0x20, 0xff,
    0xe8, 0xe8, 0x20, 0xff, 0xe8, 0xe8, 0x18, 0xff, 0xe8, 0xe8, 0x20, 0xff,
    0xe8, 0xe8, 0x20, 0xff, 0xe8, 0xe4, 0x18, 0xff, 0xe8, 0xe8, 0x20, 0xff,
    0xe8, 0xe8, 0x20, 0xff, 0xe0, 0xe8, 0x20, 0xff, 0xe8, 0xe8, 0x18, 0xff,
    0xe8, 0xe4, 0x20, 0xff, 0xe8, 0xe8, 0x20, 0xff, 0xe8, 0xe8, 0x20, 0xff,
    0xe8, 0xe8, 0x18, 0xff, 0xe8, 0xe8, 0x20, 0xff, 0xe8, 0xe8, 0x20, 0xff,
    0xe8, 0xe8, 0x20, 0xff, 0xe8, 0xe4, 0x20, 0xff, 0xe8, 0xe8, 0x20, 0xff,
    0xe8, 0xe8, 0x20, 0xff, 0xe8, 0xe8, 0x20, 0xff, 0xe8, 0xe8, 0x20, 0xff,
    0xe8, 0xe8, 0x20, 0xff, 0xe8, 0xe8, 0x20, 0xff, 0xe8, 0xe8, 0x20, 0xff,
    0xe8, 0xe8, 0x20, 0xff, 0xe8, 0xe4, 0x20, 0xff, 0xe8, 0xe8, 0x18, 0xff,
    0xe8, 0xe8, 0x20, 0xff, 0xe8, 0xe8, 0x20, 0xff, 0xe8, 0xe8, 0x20, 0xff,
    0xe8, 0xe4, 0x20, 0xff, 0xe8, 0xe8, 0x20, 0xff, 0xe8, 0xe8, 0x20, 0xff,
    0xe8, 0xe8, 0x20, 0xff, 0xe8, 0xe8, 0x20, 0xff, 0xe8, 0xe8, 0x20, 0xff,
    0xe8, 0xe8, 0x20, 0xff, 0xe8, 0xe4, 0x20, 0xff, 0xe8, 0xe8, 0x18, 0xff,
    0xe8, 0xe8, 0x20, 0xff, 0xe8, 0xe8, 0x20, 0xff, 0xe8, 0xe8, 0x20, 0xff,
    0xe8, 0xe4, 0x20, 0xff, 0xe8, 0xe8, 0x20, 0xff, 0xe8, 0xe8, 0x20, 0xff,
    0xe8, 0xe8, 0x20, 0xff, 0xe8, 0xe8, 0x20, 0xff, 0xe8, 0xe8, 0x20, 0xff,
    0xe8, 0xe8, 0x20, 0xff, 0xe8, 0xe4, 0x20, 0xff, 0xe8, 0xe8, 0x18, 0xff,
    0xe8, 0xe8, 0x20, 0xff, 0xe8, 0xe8, 0x20, 0xff, 0xe8, 0xe8, 0x20, 0xff,
    0xe8, 0xe4, 0x20, 0xff, 0xe8, 0xe8, 0x20, 0xff, 0xe8, 0xe8, 0x20, 0xff,
    0xe8, 0xe8, 0x18, 0xff, 0xe8, 0xe8, 0x20, 0xff, 0xe8, 0xe8, 0x20, 0xff,
    0xe8, 0xe8, 0x18, 0xff, 0xe8, 0xe4, 0x20, 0xff, 0xe8, 0xe8, 0x18, 0xff,
    0xe8, 0xe8, 0x20, 0xff, 0xe8, 0xe4, 0x20, 0xff, 0xe8, 0xe8, 0x18, 0xff,
    0xe8, 0xe8, 0x20, 0xff, 0xe8, 0xe8, 0x20, 0xff, 0xe0, 0xe8, 0x20, 0xff,
    0xe8, 0xe8, 0x20, 0xff, 0xe8, 0xe4, 0x18, 0xff, 0xe8, 0xe8, 0x20, 0xff,
    0xe8, 0xe8, 0x20, 0xff, 0xe8, 0xe8, 0x20, 0xe3, 0xc0, 0xc0, 0x00, 0x04,
    0xe8, 0xe4, 0x18, 0x51, 0xe8, 0xe8, 0x20, 0xff, 0xe8, 0xe8, 0x20, 0xff,
    0xe8, 0xe8, 0x18, 0xff, 0xe0, 0xe4, 0x20, 0xff, 0xe8, 0xe8, 0x20, 0xff,
    0xe8, 0xe8, 0x18, 0xff, 0xe0, 0xe4, 0x20, 0xdf, 0xe0, 0xe4, 0x20, 0x61,
    0xe0, 0xe4, 0x18, 0x30, 0xe8, 0xe8, 0x18, 0x20, 0xe8, 0xe4, 0x18, 0x20,
    0xe0, 0xe0, 0x20, 0x10, 0x00, 0x00, 0x00, 0x00, 0x00, 0x00, 0x00, 0x00,
    0x00, 0x00, 0x00, 0x00, 0x00, 0x00, 0x00, 0x00, 0x00, 0x00, 0x00, 0x00,
    0x00, 0x00, 0x00, 0x00, 0x00, 0x00, 0x00, 0x00, 0x00, 0x00, 0x00, 0x00,
    0x00, 0x00, 0x00, 0x00, 0x00, 0x00, 0x00, 0x00, 0x00, 0x00, 0x00, 0x00,
    0x00, 0x00, 0x00, 0x00, 0x00, 0x00, 0x00, 0x00, 0x00, 0x00, 0x00, 0x00,
    0x00, 0x00, 0x00, 0x00, 0x00, 0x00, 0x00, 0x00, 0x00, 0x00, 0x00, 0x00,
    0x00, 0x00, 0x00, 0x00, 0x00, 0x00, 0x00, 0x00, 0x00, 0x00, 0x00, 0x00,
    0x00, 0x00, 0x00, 0x00, 0x00, 0x00, 0x00, 0x00, 0x00, 0x00, 0x00, 0x00,
    0x00, 0x00, 0x00, 0x00, 0x00, 0x00, 0x00, 0x00, 0x00, 0x00, 0x00, 0x00,
    0x00, 0x00, 0x00, 0x00, 0x00, 0x00, 0x00, 0x00, 0x00, 0x00, 0x00, 0x00,
    0x00, 0x00, 0x00, 0x00, 0x00, 0x00, 0x00, 0x00, 0x00, 0x00, 0x00, 0x00,
    0x00, 0x00, 0x00, 0x00, 0x00, 0x00, 0x00, 0x00, 0x00, 0x00, 0x00, 0x00,
    0x00, 0x00, 0x00, 0x00, 0x00, 0x00, 0x00, 0x00, 0x00, 0x00, 0x00, 0x00,
    0x00, 0x00, 0x00, 0x00, 0x00, 0x00, 0x00, 0x00, 0x00, 0x00, 0x00, 0x00,
    0x00, 0x00, 0x00, 0x00, 0x00, 0x00, 0x00, 0x00, 0x00, 0x00, 0x00, 0x00,
    0x00, 0x00, 0x00, 0x00, 0x00, 0x00, 0x00, 0x00, 0x00, 0x00, 0x00, 0x00,
    0x00, 0x00, 0x00, 0x00, 0x00, 0x00, 0x00, 0x00, 0x00, 0x00, 0x00, 0x00,
    0x00, 0x00, 0x00, 0x00, 0x00, 0x00, 0x00, 0x00, 0x00, 0x00, 0x00, 0x00,
    0x00, 0x00, 0x00, 0x00, 0xd8, 0xe0, 0x20, 0x10, 0xe8, 0xe8, 0x18, 0x20,
    0xe8, 0xe8, 0x18, 0x20, 0xe0, 0xe0, 0x18, 0x41, 0xe0, 0xe4, 0x18, 0x51,
    0xe8, 0xe8, 0x20, 0xdf, 0xe8, 0xe8, 0x18, 0xff, 0xe8, 0xe8, 0x20, 0xff,
    0xe8, 0xe8, 0x20, 0xff, 0xe8, 0xe4, 0x20, 0xff, 0xe8, 0xe8, 0x20, 0xff,
    0xe8, 0xe8, 0x20, 0xff, 0xe8, 0xe4, 0x18, 0x51, 0xe8, 0xe8, 0x20, 0x92,
    0xe8, 0xe8, 0x20, 0xff, 0xe8, 0xe8, 0x20, 0xff, 0xe8, 0xe4, 0x20, 0xff,
    0xe8, 0xe8, 0x20, 0xff, 0xe8, 0xe8, 0x20, 0xff, 0xe8, 0xe4, 0x20, 0xdf,
    0xe8, 0xe8, 0x20, 0x20, 0x00, 0x00, 0x00, 0x00, 0x00, 0x00, 0x00, 0x00,
    0x00, 0x00, 0x00, 0x00, 0x00, 0x00, 0x00, 0x00, 0x00, 0x00, 0x00, 0x00,
    0x00, 0x00, 0x00, 0x00, 0x00, 0x00, 0x00, 0x00, 0x00, 0x00, 0x00, 0x00,
    0x00, 0x00, 0x00, 0x00, 0x00, 0x00, 0x00, 0x00, 0x00, 0x00, 0x00, 0x00,
    0x00, 0x00, 0x00, 0x00, 0x00, 0x00, 0x00, 0x00, 0x00, 0x00, 0x00, 0x00,
    0x00, 0x00, 0x00, 0x00, 0x00, 0x00, 0x00, 0x00, 0x00, 0x00, 0x00, 0x00,
    0x00, 0x00, 0x00, 0x00, 0x00, 0x00, 0x00, 0x00, 0x00, 0x00, 0x00, 0x00,
    0x00, 0x00, 0x00, 0x00, 0x00, 0x00, 0x00, 0x00, 0x00, 0x00, 0x00, 0x00,
    0x00, 0x00, 0x00, 0x00, 0x00, 0x00, 0x00, 0x00, 0x00, 0x00, 0x00, 0x00,
    0x00, 0x00, 0x00, 0x00, 0x00, 0x00, 0x00, 0x00, 0x00, 0x00, 0x00, 0x00,
    0x00, 0x00, 0x00, 0x00, 0x00, 0x00, 0x00, 0x00, 0x00, 0x00, 0x00, 0x00,
    0x00, 0x00, 0x00, 0x00, 0x00, 0x00, 0x00, 0x00, 0x00, 0x00, 0x00, 0x00,
    0x00, 0x00, 0x00, 0x00, 0x00, 0x00, 0x00, 0x00, 0x00, 0x00, 0x00, 0x00,
    0x00, 0x00, 0x00, 0x00, 0x00, 0x00, 0x00, 0x00, 0x00, 0x00, 0x00, 0x00,
    0x00, 0x00, 0x00, 0x00, 0x00, 0x00, 0x00, 0x00, 0x00, 0x00, 0x00, 0x00,
    0x00, 0x00, 0x00, 0x00, 0x00, 0x00, 0x00, 0x00, 0x00, 0x00, 0x00, 0x00,
    0x00, 0x00, 0x00, 0x00, 0x00, 0x00, 0x00, 0x00, 0x00, 0x00, 0x00, 0x00,
    0x00, 0x00, 0x00, 0x00, 0x00, 0x00, 0x00, 0x00, 0x00, 0x00, 0x00, 0x00,
    0x00, 0x00, 0x00, 0x00, 0x00, 0x00, 0x00, 0x00, 0x00, 0x00, 0x00, 0x00,
    0x00, 0x00, 0x00, 0x00, 0x00, 0x00, 0x00, 0x00, 0x00, 0x00, 0x00, 0x00,
    0x00, 0x00, 0x00, 0x00, 0x00, 0x00, 0x00, 0x00, 0x00, 0x00, 0x00, 0x00,
    0x00, 0x00, 0x00, 0x00, 0x00, 0x00, 0x00, 0x00, 0xe8, 0xe8, 0x20, 0x20,
    0xe8, 0xe4, 0x20, 0xdf, 0xe8, 0xe8, 0x20, 0xff, 0xe0, 0xe8, 0x18, 0xff,
    0xe8, 0xe8, 0x20, 0xff, 0xe8, 0xe4, 0x18, 0xff, 0xe8, 0xe8, 0x20, 0xff,
    0xe8, 0xe8, 0x20, 0x92, 0xe8, 0xe8, 0x20, 0xba, 0xe8, 0xe8, 0x18, 0xff,
    0xe8, 0xe4, 0x20, 0xff, 0xe8, 0xe8, 0x18, 0xff, 0xe8, 0xe8, 0x20, 0xff,
    0xe8, 0xe8, 0x18, 0xff, 0xe0, 0xe4, 0x18, 0x51, 0x00, 0x00, 0x00, 0x00,
    0x00, 0x00, 0x00, 0x00, 0x00, 0x00, 0x00, 0x00, 0x00, 0x00, 0x00, 0x00,
    0x00, 0x00, 0x00, 0x00, 0x00, 0x00, 0x00, 0x00, 0x00, 0x00, 0x00, 0x00,
    0x00, 0x00, 0x00, 0x00, 0x00, 0x00, 0x00, 0x00, 0x00, 0x00, 0x00, 0x00,
    0x00, 0x00, 0x00, 0x00, 0x00, 0x00, 0x00, 0x00, 0x00, 0x00, 0x00, 0x00,
    0x00, 0x00, 0x00, 0x00, 0x00, 0x00, 0x00, 0x00, 0x00, 0x00, 0x00, 0x00,
    0x00, 0x00, 0x00, 0x00, 0x00, 0x00, 0x00, 0x00, 0x00, 0x00, 0x00, 0x00,
    0x00, 0x00, 0x00, 0x00, 0x00, 0x00, 0x00, 0x00, 0x00, 0x00, 0x00, 0x00,
    0x00, 0x00, 0x00, 0x00, 0x00, 0x00, 0x00, 0x00, 0x00, 0x00, 0x00, 0x00,
    0x00, 0x00, 0x00, 0x00, 0x00, 0x00, 0x00, 0x00, 0x00, 0x00, 0x00, 0x00,
    0x00, 0x00, 0x00, 0x00, 0x00, 0x00, 0x00, 0x00, 0x00, 0x00, 0x00, 0x00,
    0x00, 0x00, 0x00, 0x00, 0x00, 0x00, 0x00, 0x00, 0x00, 0x00, 0x00, 0x00,
    0x00, 0x00, 0x00, 0x00, 0x00, 0x00, 0x00, 0x00, 0x00, 0x00, 0x00, 0x00,
    0x00, 0x00, 0x00, 0x00, 0x00, 0x00, 0x00, 0x00, 0x00, 0x00, 0x00, 0x00,
    0x00, 0x00, 0x00, 0x00, 0x00, 0x00, 0x00, 0x00, 0x00, 0x00, 0x00, 0x00,
    0x00, 0x00, 0x00, 0x00, 0x00, 0x00, 0x00, 0x00, 0x00, 0x00, 0x00, 0x00,
    0x00, 0x00, 0x00, 0x00, 0x00, 0x00, 0x00, 0x00, 0x00, 0x00, 0x00, 0x00,
    0x00, 0x00, 0x00, 0x00, 0x00, 0x00, 0x00, 0x00, 0x00, 0x00, 0x00, 0x00,
    0x00, 0x00, 0x00, 0x00, 0x00, 0x00, 0x00, 0x00, 0x00, 0x00, 0x00, 0x00,
    0x00, 0x00, 0x00, 0x00, 0x00, 0x00, 0x00, 0x00, 0x00, 0x00, 0x00, 0x00,
    0x00, 0x00, 0x00, 0x00, 0x00, 0x00, 0x00, 0x00, 0x00, 0x00, 0x00, 0x00,
    0x00, 0x00, 0x00, 0x00, 0x00, 0x00, 0x00, 0x00, 0x00, 0x00, 0x00, 0x00,
    0x00, 0x00, 0x00, 0x00, 0x00, 0x00, 0x00, 0x00, 0xe0, 0xe4, 0x20, 0x61,
    0xe8, 0xe4, 0x20, 0xff, 0xe8, 0xe8, 0x20, 0xff, 0xe8, 0xe8, 0x18, 0xff,
    0xe8, 0xe8, 0x20, 0xff, 0xe0, 0xe8, 0x20, 0xff, 0xe8, 0xe8, 0x20, 0xba,
    0xe8, 0xe8, 0x20, 0xdb, 0xe8, 0xe8, 0x20, 0xff, 0xe8, 0xe8, 0x20, 0xff,
    0xe0, 0xe8, 0x20, 0xff, 0xe8, 0xe8, 0x20, 0xff, 0xe8, 0xe8, 0x20, 0xff,
    0xe0, 0xe4, 0x18, 0x41, 0x00, 0x00, 0x00, 0x00, 0x00, 0x00, 0x00, 0x00,
    0x00, 0x00, 0x00, 0x00, 0x00, 0x00, 0x00, 0x00, 0x00, 0x00, 0x00, 0x00,
    0x00, 0x00, 0x00, 0x00, 0x00, 0x00, 0x00, 0x00, 0x00, 0x00, 0x00, 0x00,
    0x00, 0x00, 0x00, 0x00, 0x00, 0x00, 0x00, 0x00, 0x00, 0x00, 0x00, 0x00,
    0x00, 0x00, 0x00, 0x00, 0x00, 0x00, 0x00, 0x00, 0x00, 0x00, 0x00, 0x00,
    0x00, 0x00, 0x00, 0x00, 0x00, 0x00, 0x00, 0x00, 0x00, 0x00, 0x00, 0x00,
    0x00, 0x00, 0x00, 0x00, 0x00, 0x00, 0x00, 0x00, 0x00, 0x00, 0x00, 0x00,
    0x00, 0x00, 0x00, 0x00, 0x00, 0x00, 0x00, 0x00, 0x00, 0x00, 0x00, 0x00,
    0x00, 0x00, 0x00, 0x00, 0x00, 0x00, 0x00, 0x00, 0x00, 0x00, 0x00, 0x00,
    0x00, 0x00, 0x00, 0x00, 0x00, 0x00, 0x00, 0x00, 0x00, 0x00, 0x00, 0x00,
    0x00, 0x00, 0x00, 0x00, 0x00, 0x00, 0x00, 0x00, 0x00, 0x00, 0x00, 0x00,
    0x00, 0x00, 0x00, 0x00, 0x00, 0x00, 0x00, 0x00, 0x00, 0x00, 0x00, 0x00,
    0x00, 0x00, 0x00, 0x00, 0x00, 0x00, 0x00, 0x00, 0x00, 0x00, 0x00, 0x00,
    0x00, 0x00, 0x00, 0x00, 0x00, 0x00, 0x00, 0x00, 0x00, 0x00, 0x00, 0x00,
    0x00, 0x00, 0x00, 0x00, 0x00, 0x00, 0x00, 0x00, 0x00, 0x00, 0x00, 0x00,
    0x00, 0x00, 0x00, 0x00, 0x00, 0x00, 0x00, 0x00, 0x00, 0x00, 0x00, 0x00,
    0x00, 0x00, 0x00, 0x00, 0x00, 0x00, 0x00, 0x00, 0x00, 0x00, 0x00, 0x00,
    0x00, 0x00, 0x00, 0x00, 0x00, 0x00, 0x00, 0x00, 0x00, 0x00, 0x00, 0x00,
    0x00, 0x00, 0x00, 0x00, 0x00, 0x00, 0x00, 0x00, 0x00, 0x00, 0x00, 0x00,
    0x00, 0x00, 0x00, 0x00, 0x00, 0x00, 0x00, 0x00, 0x00, 0x00, 0x00, 0x00,
    0x00, 0x00, 0x00, 0x00, 0x00, 0x00, 0x00, 0x00, 0x00, 0x00, 0x00, 0x00,
    0x00, 0x00, 0x00, 0x00, 0x00, 0x00, 0x00, 0x00, 0x00, 0x00, 0x00, 0x00,
    0x00, 0x00, 0x00, 0x00, 0xe0, 0xe4, 0x18, 0x30, 0xe8, 0xe8, 0x20, 0xff,
    0xe8, 0xe8, 0x20, 0xff, 0xe8, 0xe4, 0x20, 0xff, 0xe8, 0xe8, 0x20, 0xff,
    0xe8, 0xe8, 0x18, 0xff, 0xe8, 0xe4, 0x20, 0xd7, 0xe8, 0xe8, 0x20, 0xdf,
    0xe8, 0xe4, 0x18, 0xff, 0xe8, 0xe8, 0x20, 0xff, 0xe8, 0xe4, 0x20, 0xff,
    0xe8, 0xe4, 0x18, 0xff, 0xe8, 0xe8, 0x20, 0xff, 0xe8, 0xe8, 0x18, 0x20,
    0x00, 0x00, 0x00, 0x00, 0x00, 0x00, 0x00, 0x00, 0x00, 0x00, 0x00, 0x00,
    0x00, 0x00, 0x00, 0x00, 0x00, 0x00, 0x00, 0x00, 0x00, 0x00, 0x00, 0x00,
    0x00, 0x00, 0x00, 0x00, 0x00, 0x00, 0x00, 0x00, 0x00, 0x00, 0x00, 0x00,
    0x00, 0x00, 0x00, 0x00, 0x00, 0x00, 0x00, 0x00, 0x00, 0x00, 0x00, 0x00,
    0x00, 0x00, 0x00, 0x00, 0x00, 0x00, 0x00, 0x00, 0x00, 0x00, 0x00, 0x00,
    0x00, 0x00, 0x00, 0x00, 0x00, 0x00, 0x00, 0x00, 0x00, 0x00, 0x00, 0x00,
    0x00, 0x00, 0x00, 0x00, 0x00, 0x00, 0x00, 0x00, 0x00, 0x00, 0x00, 0x00,
    0x00, 0x00, 0x00, 0x00, 0x00, 0x00, 0x00, 0x00, 0x00, 0x00, 0x00, 0x00,
    0x00, 0x00, 0x00, 0x00, 0x00, 0x00, 0x00, 0x00, 0x00, 0x00, 0x00, 0x00,
    0x00, 0x00, 0x00, 0x00, 0x00, 0x00, 0x00, 0x00, 0x00, 0x00, 0x00, 0x00,
    0x00, 0x00, 0x00, 0x00, 0x00, 0x00, 0x00, 0x00, 0x00, 0x00, 0x00, 0x00,
    0x00, 0x00, 0x00, 0x00, 0x00, 0x00, 0x00, 0x00, 0x00, 0x00, 0x00, 0x00,
    0x00, 0x00, 0x00, 0x00, 0x00, 0x00, 0x00, 0x00, 0x00, 0x00, 0x00, 0x00,
    0x00, 0x00, 0x00, 0x00, 0x00, 0x00, 0x00, 0x00, 0x00, 0x00, 0x00, 0x00,
    0x00, 0x00, 0x00, 0x00, 0x00, 0x00, 0x00, 0x00, 0x00, 0x00, 0x00, 0x00,
    0x00, 0x00, 0x00, 0x00, 0x00, 0x00, 0x00, 0x00, 0x00, 0x00, 0x00, 0x00,
    0x00, 0x00, 0x00, 0x00, 0x00, 0x00, 0x00, 0x00, 0x00, 0x00, 0x00, 0x00,
    0x00, 0x00, 0x00, 0x00, 0x00, 0x00, 0x00, 0x00, 0x00, 0x00, 0x00, 0x00,
    0x00, 0x00, 0x00, 0x00, 0x00, 0x00, 0x00, 0x00, 0x00, 0x00, 0x00, 0x00,
    0x00, 0x00, 0x00, 0x00, 0x00, 0x00, 0x00, 0x00, 0x00, 0x00, 0x00, 0x00,
    0x00, 0x00, 0x00, 0x00, 0x00, 0x00, 0x00, 0x00, 0x00, 0x00, 0x00, 0x00,
    0x00, 0x00, 0x00, 0x00, 0x00, 0x00, 0x00, 0x00, 0x00, 0x00, 0x00, 0x00,
    0xe8, 0xe8, 0x18, 0x20, 0xe8, 0xe8, 0x18, 0xff, 0xe8, 0xe8, 0x20, 0xff,
    0xe8, 0xe4, 0x20, 0xff, 0xe8, 0xe8, 0x18, 0xff, 0xe8, 0xe8, 0x20, 0xff,
    0xe8, 0xe8, 0x20, 0xdf, 0xe8, 0xe8, 0x18, 0xfb, 0xe8, 0xe8, 0x20, 0xff,
    0xe8, 0xe8, 0x20, 0xff, 0xe8, 0xe8, 0x18, 0xff, 0xe8, 0xe8, 0x20, 0xff,
    0xe8, 0xe4, 0x20, 0xff, 0xe8, 0xe8, 0x18, 0x20, 0x00, 0x00, 0x00, 0x00,
    0x00, 0x00, 0x00, 0x00, 0x00, 0x00, 0x00, 0x00, 0x00, 0x00, 0x00, 0x00,
    0x00, 0x00, 0x00, 0x00, 0x00, 0x00, 0x00, 0x00, 0x00, 0x00, 0x00, 0x00,
    0x00, 0x00, 0x00, 0x00, 0x00, 0x00, 0x00, 0x00, 0x00, 0x00, 0x00, 0x00,
    0x00, 0x00, 0x00, 0x00, 0x00, 0x00, 0x00, 0x00, 0x00, 0x00, 0x00, 0x00,
    0x00, 0x00, 0x00, 0x00, 0x00, 0x00, 0x00, 0x00, 0x00, 0x00, 0x00, 0x00,
    0x00, 0x00, 0x00, 0x00, 0x00, 0x00, 0x00, 0x00, 0x00, 0x00, 0x00, 0x00,
    0x00, 0x00, 0x00, 0x00, 0x00, 0x00, 0x00, 0x00, 0x00, 0x00, 0x00, 0x00,
    0x00, 0x00, 0x00, 0x00, 0x00, 0x00, 0x00, 0x00, 0x00, 0x00, 0x00, 0x00,
    0x00, 0x00, 0x00, 0x00, 0x00, 0x00, 0x00, 0x00, 0x00, 0x00, 0x00, 0x00,
    0x00, 0x00, 0x00, 0x00, 0x00, 0x00, 0x00, 0x00, 0x00, 0x00, 0x00, 0x00,
    0x00, 0x00, 0x00, 0x00, 0x00, 0x00, 0x00, 0x00, 0x00, 0x00, 0x00, 0x00,
    0x00, 0x00, 0x00, 0x00, 0x00, 0x00, 0x00, 0x00, 0x00, 0x00, 0x00, 0x00,
    0x00, 0x00, 0x00, 0x00, 0x00, 0x00, 0x00, 0x00, 0x00, 0x00, 0x00, 0x00,
    0x00, 0x00, 0x00, 0x00, 0x00, 0x00, 0x00, 0x00, 0x00, 0x00, 0x00, 0x00,
    0x00, 0x00, 0x00, 0x00, 0x00, 0x00, 0x00, 0x00, 0x00, 0x00, 0x00, 0x00,
    0x00, 0x00, 0x00, 0x00, 0x00, 0x00, 0x00, 0x00, 0x00, 0x00, 0x00, 0x00,
    0x00, 0x00, 0x00, 0x00, 0x00, 0x00, 0x00, 0x00, 0x00, 0x00, 0x00, 0x00,
    0x00, 0x00, 0x00, 0x00, 0x00, 0x00, 0x00, 0x00, 0x00, 0x00, 0x00, 0x00,
    0x00, 0x00, 0x00, 0x00, 0x00, 0x00, 0x00, 0x00, 0x00, 0x00, 0x00, 0x00,
    0x00, 0x00, 0x00, 0x00, 0x00, 0x00, 0x00, 0x00, 0x00, 0x00, 0x00, 0x00,
    0x00, 0x00, 0x00, 0x00, 0x00, 0x00, 0x00, 0x00, 0x00, 0x00, 0x00, 0x00,
    0x00, 0x00, 0x00, 0x00, 0x00, 0x00, 0x00, 0x00, 0xe8, 0xe4, 0x18, 0x20,
    0xe8, 0xe8, 0x20, 0xff, 0xe8, 0xe8, 0x20, 0xff, 0xe0, 0xe8, 0x18, 0xff,
    0xe8, 0xe4, 0x20, 0xff, 0xe8, 0xe8, 0x20, 0xff, 0xe8, 0xe8, 0x20, 0xf7,
    0xe8, 0xe8, 0x20, 0xff, 0xe8, 0xe4, 0x20, 0xff, 0xe0, 0xe8, 0x20, 0xff,
    0xe8, 0xe8, 0x20, 0xff, 0xe8, 0xe8, 0x20, 0xff, 0xe0, 0xe8, 0x20, 0xff,
    0xe0, 0xdc, 0x20, 0x10, 0x00, 0x00, 0x00, 0x00, 0x00, 0x00, 0x00, 0x00,
    0x00, 0x00, 0x00, 0x00, 0x00, 0x00, 0x00, 0x00, 0x00, 0x00, 0x00, 0x00,
    0x00, 0x00, 0x00, 0x00, 0x00, 0x00, 0x00, 0x00, 0x00, 0x00, 0x00, 0x00,
    0x00, 0x00, 0x00, 0x00, 0x00, 0x00, 0x00, 0x00, 0x00, 0x00, 0x00, 0x00,
    0x00, 0x00, 0x00, 0x00, 0x00, 0x00, 0x00, 0x00, 0x00, 0x00, 0x00, 0x00,
    0x00, 0x00, 0x00, 0x00, 0x00, 0x00, 0x00, 0x00, 0x00, 0x00, 0x00, 0x00,
    0x00, 0x00, 0x00, 0x00, 0x00, 0x00, 0x00, 0x00, 0x00, 0x00, 0x00, 0x00,
    0x00, 0x00, 0x00, 0x00, 0x00, 0x00, 0x00, 0x00, 0x00, 0x00, 0x00, 0x00,
    0x00, 0x00, 0x00, 0x00, 0x00, 0x00, 0x00, 0x00, 0x00, 0x00, 0x00, 0x00,
    0x00, 0x00, 0x00, 0x00, 0x00, 0x00, 0x00, 0x00, 0x00, 0x00, 0x00, 0x00,
    0x00, 0x00, 0x00, 0x00, 0x00, 0x00, 0x00, 0x00, 0x00, 0x00, 0x00, 0x00,
    0x00, 0x00, 0x00, 0x00, 0x00, 0x00, 0x00, 0x00, 0x00, 0x00, 0x00, 0x00,
    0x00, 0x00, 0x00, 0x00, 0x00, 0x00, 0x00, 0x00, 0x00, 0x00, 0x00, 0x00,
    0x00, 0x00, 0x00, 0x00, 0x00, 0x00, 0x00, 0x00, 0x00, 0x00, 0x00, 0x00,
    0x00, 0x00, 0x00, 0x00, 0x00, 0x00, 0x00, 0x00, 0x00, 0x00, 0x00, 0x00,
    0x00, 0x00, 0x00, 0x00, 0x00, 0x00, 0x00, 0x00, 0x00, 0x00, 0x00, 0x00,
    0x00, 0x00, 0x00, 0x00, 0x00, 0x00, 0x00, 0x00, 0x00, 0x00, 0x00, 0x00,
    0x00, 0x00, 0x00, 0x00, 0x00, 0x00, 0x00, 0x00, 0x00, 0x00, 0x00, 0x00,
    0x00, 0x00, 0x00, 0x00, 0x00, 0x00, 0x00, 0x00, 0x00, 0x00, 0x00, 0x00,
    0x00, 0x00, 0x00, 0x00, 0x00, 0x00, 0x00, 0x00, 0x00, 0x00, 0x00, 0x00,
    0x00, 0x00, 0x00, 0x00, 0x00, 0x00, 0x00, 0x00, 0x00, 0x00, 0x00, 0x00,
    0x00, 0x00, 0x00, 0x00, 0x00, 0x00, 0x00, 0x00, 0x00, 0x00, 0x00, 0x00,
    0x00, 0x00, 0x00, 0x00, 0xe0, 0xe0, 0x20, 0x10, 0xe8, 0xe4, 0x20, 0xff,
    0xe8, 0xe8, 0x20, 0xff, 0xe8, 0xe8, 0x20, 0xff, 0xe8, 0xe8, 0x20, 0xff,
    0xe8, 0xe4, 0x18, 0xff, 0xe8, 0xe8, 0x20, 0xff, 0xe8, 0xe8, 0x20, 0xff,
    0xe8, 0xe8, 0x20, 0xff, 0xe8, 0xe4, 0x18, 0xff, 0xe8, 0xe8, 0x20, 0xff,
    0xe8, 0xe8, 0x18, 0xff, 0xe8, 0xe8, 0x20, 0xff, 0x00, 0x00, 0x00, 0x00,
    0x00, 0x00, 0x00, 0x00, 0x00, 0x00, 0x00, 0x00, 0x00, 0x00, 0x00, 0x00,
    0x00, 0x00, 0x00, 0x00, 0x00, 0x00, 0x00, 0x00, 0x00, 0x00, 0x00, 0x00,
    0x00, 0x00, 0x00, 0x00, 0x00, 0x00, 0x00, 0x00, 0x00, 0x00, 0x00, 0x00,
    0x00, 0x00, 0x00, 0x00, 0x00, 0x00, 0x00, 0x00, 0x00, 0x00, 0x00, 0x00,
    0x00, 0x00, 0x00, 0x00, 0x00, 0x00, 0x00, 0x00, 0x00, 0x00, 0x00, 0x00,
    0x00, 0x00, 0x00, 0x00, 0x00, 0x00, 0x00, 0x00, 0x00, 0x00, 0x00, 0x00,
    0x00, 0x00, 0x00, 0x00, 0x00, 0x00, 0x00, 0x00, 0x00, 0x00, 0x00, 0x00,
    0x00, 0x00, 0x00, 0x00, 0x00, 0x00, 0x00, 0x00, 0x00, 0x00, 0x00, 0x00,
    0x00, 0x00, 0x00, 0x00, 0x00, 0x00, 0x00, 0x00, 0x00, 0x00, 0x00, 0x00,
    0x00, 0x00, 0x00, 0x00, 0x00, 0x00, 0x00, 0x00, 0x00, 0x00, 0x00, 0x00,
    0x00, 0x00, 0x00, 0x00, 0x00, 0x00, 0x00, 0x00, 0x00, 0x00, 0x00, 0x00,
    0x00, 0x00, 0x00, 0x00, 0x00, 0x00, 0x00, 0x00, 0x00, 0x00, 0x00, 0x00,
    0x00, 0x00, 0x00, 0x00, 0x00, 0x00, 0x00, 0x00, 0x00, 0x00, 0x00, 0x00,
    0x00, 0x00, 0x00, 0x00, 0x00, 0x00, 0x00, 0x00, 0x00, 0x00, 0x00, 0x00,
    0x00, 0x00, 0x00, 0x00, 0x00, 0x00, 0x00, 0x00, 0x00, 0x00, 0x00, 0x00,
    0x00, 0x00, 0x00, 0x00, 0x00, 0x00, 0x00, 0x00, 0x00, 0x00, 0x00, 0x00,
    0x00, 0x00, 0x00, 0x00, 0x00, 0x00, 0x00, 0x00, 0x00, 0x00, 0x00, 0x00,
    0x00, 0x00, 0x00, 0x00, 0x00, 0x00, 0x00, 0x00, 0x00, 0x00, 0x00, 0x00,
    0x00, 0x00, 0x00, 0x00, 0x00, 0x00, 0x00, 0x00, 0x00, 0x00, 0x00, 0x00,
    0x00, 0x00, 0x00, 0x00, 0x00, 0x00, 0x00, 0x00, 0x00, 0x00, 0x00, 0x00,
    0x00, 0x00, 0x00, 0x00, 0x00, 0x00, 0x00, 0x00, 0x00, 0x00, 0x00, 0x00,
    0x00, 0x00, 0x00, 0x00, 0x00, 0x00, 0x00, 0x00, 0x00, 0x00, 0x00, 0x00,
    0x00, 0x00, 0x00, 0x00, 0xe8, 0xe8, 0x18, 0xff, 0xe8, 0xe8, 0x20, 0xff,
    0xe8, 0xe4, 0x20, 0xff, 0xe0, 0xe8, 0x18, 0xff, 0xe8, 0xe8, 0x20, 0xff,
    0xe8, 0xe8, 0x20, 0xff, 0xe8, 0xe8, 0x20, 0xff, 0xe8, 0xe8, 0x18, 0xff,
    0xe8, 0xe4, 0x20, 0xff, 0xe8, 0xe8, 0x20, 0xff, 0xe8, 0xe4, 0x20, 0xff,
    0xe8, 0xe8, 0x18, 0xff, 0x00, 0x00, 0x00, 0x00, 0x00, 0x00, 0x00, 0x00,
    0x00, 0x00, 0x00, 0x00, 0x00, 0x00, 0x00, 0x00, 0x00, 0x00, 0x00, 0x00,
    0x00, 0x00, 0x00, 0x00, 0x00, 0x00, 0x00, 0x00, 0x00, 0x00, 0x00, 0x00,
    0x00, 0x00, 0x00, 0x00, 0x00, 0x00, 0x00, 0x00, 0x00, 0x00, 0x00, 0x00,
    0x00, 0x00, 0x00, 0x00, 0x00, 0x00, 0x00, 0x00, 0x00, 0x00, 0x00, 0x00,
    0x00, 0x00, 0x00, 0x00, 0x00, 0x00, 0x00, 0x00, 0x00, 0x00, 0x00, 0x00,
    0x00, 0x00, 0x00, 0x00, 0x00, 0x00, 0x00, 0x00, 0x00, 0x00, 0x00, 0x00,
    0x00, 0x00, 0x00, 0x00, 0x00, 0x00, 0x00, 0x00, 0x00, 0x00, 0x00, 0x00,
    0x00, 0x00, 0x00, 0x00, 0x00, 0x00, 0x00, 0x00, 0x00, 0x00, 0x00, 0x00,
    0x00, 0x00, 0x00, 0x00, 0x00, 0x00, 0x00, 0x00, 0x00, 0x00, 0x00, 0x00,
    0x00, 0x00, 0x00, 0x00, 0x00, 0x00, 0x00, 0x00, 0x00, 0x00, 0x00, 0x00,
    0x00, 0x00, 0x00, 0x00, 0x00, 0x00, 0x00, 0x00, 0x00, 0x00, 0x00, 0x00,
    0x00, 0x00, 0x00, 0x00, 0x00, 0x00, 0x00, 0x00, 0x00, 0x00, 0x00, 0x00,
    0x00, 0x00, 0x00, 0x00, 0x00, 0x00, 0x00, 0x00, 0x00, 0x00, 0x00, 0x00,
    0x00, 0x00, 0x00, 0x00, 0x00, 0x00, 0x00, 0x00, 0x00, 0x00, 0x00, 0x00,
    0x00, 0x00, 0x00, 0x00, 0x00, 0x00, 0x00, 0x00, 0x00, 0x00, 0x00, 0x00,
    0x00, 0x00, 0x00, 0x00, 0x00, 0x00, 0x00, 0x00, 0x00, 0x00, 0x00, 0x00,
    0x00, 0x00, 0x00, 0x00, 0x00, 0x00, 0x00, 0x00, 0x00, 0x00, 0x00, 0x00,
    0x00, 0x00, 0x00, 0x00, 0x00, 0x00, 0x00, 0x00, 0x00, 0x00, 0x00, 0x00,
    0x00, 0x00, 0x00, 0x00, 0x00, 0x00, 0x00, 0x00, 0x00, 0x00, 0x00, 0x00,
    0x00, 0x00, 0x00, 0x00, 0x00, 0x00, 0x00, 0x00, 0x00, 0x00, 0x00, 0x00,
    0x00, 0x00, 0x00, 0x00, 0x00, 0x00, 0x00, 0x00, 0x00, 0x00, 0x00, 0x00,
    0x00, 0x00, 0x00, 0x00, 0x00, 0x00, 0x00, 0x00, 0x00, 0x00, 0x00, 0x00,
    0xe0, 0xe8, 0x20, 0xff, 0xe8, 0xe8, 0x20, 0xff, 0xe8, 0xe8, 0x18, 0xff,
    0xe8, 0xe4, 0x20, 0xff, 0xe8, 0xe8, 0x20, 0xff, 0xe8, 0xe8, 0x20, 0xff,
    0xe8, 0xe8, 0x20, 0xff, 0xe8, 0xe8, 0x20, 0xff, 0xe0, 0xe8, 0x20, 0xff,
    0xe8, 0xe8, 0x20, 0xff, 0xe8, 0xe8, 0x20, 0xff, 0xe0, 0xe4, 0x20, 0xff,
    0x00, 0x00, 0x00, 0x00, 0x00, 0x00, 0x00, 0x00, 0x00, 0x00, 0x00, 0x00,
    0x00, 0x00, 0x00, 0x00, 0x00, 0x00, 0x00, 0x00, 0x00, 0x00, 0x00, 0x00,
    0x00, 0x00, 0x00, 0x00, 0x00, 0x00, 0x00, 0x00, 0x00, 0x00, 0x00, 0x00,
    0x00, 0x00, 0x00, 0x00, 0x00, 0x00, 0x00, 0x00, 0x00, 0x00, 0x00, 0x00,
    0x00, 0x00, 0x00, 0x00, 0x00, 0x00, 0x00, 0x00, 0x00, 0x00, 0x00, 0x00,
    0x00, 0x00, 0x00, 0x00, 0x00, 0x00, 0x00, 0x00, 0x00, 0x00, 0x00, 0x00,
    0x00, 0x00, 0x00, 0x00, 0x00, 0x00, 0x00, 0x00, 0x00, 0x00, 0x00, 0x00,
    0x00, 0x00, 0x00, 0x00, 0x00, 0x00, 0x00, 0x00, 0x00, 0x00, 0x00, 0x00,
    0x00, 0x00, 0x00, 0x00, 0x00, 0x00, 0x00, 0x00, 0x00, 0x00, 0x00, 0x00,
    0x00, 0x00, 0x00, 0x00, 0x00, 0x00, 0x00, 0x00, 0x00, 0x00, 0x00, 0x00,
    0x00, 0x00, 0x00, 0x00, 0x00, 0x00, 0x00, 0x00, 0x00, 0x00, 0x00, 0x00,
    0x00, 0x00, 0x00, 0x00, 0x00, 0x00, 0x00, 0x00, 0x00, 0x00, 0x00, 0x00,
    0x00, 0x00, 0x00, 0x00, 0x00, 0x00, 0x00, 0x00, 0x00, 0x00, 0x00, 0x00,
    0x00, 0x00, 0x00, 0x00, 0x00, 0x00, 0x00, 0x00, 0x00, 0x00, 0x00, 0x00,
    0x00, 0x00, 0x00, 0x00, 0x00, 0x00, 0x00, 0x00, 0x00, 0x00, 0x00, 0x00,
    0x00, 0x00, 0x00, 0x00, 0x00, 0x00, 0x00, 0x00, 0x00, 0x00, 0x00, 0x00,
    0x00, 0x00, 0x00, 0x00, 0x00, 0x00, 0x00, 0x00, 0x00, 0x00, 0x00, 0x00,
    0x00, 0x00, 0x00, 0x00, 0x00, 0x00, 0x00, 0x00, 0x00, 0x00, 0x00, 0x00,
    0x00, 0x00, 0x00, 0x00, 0x00, 0x00, 0x00, 0x00, 0x00, 0x00, 0x00, 0x00,
    0x00, 0x00, 0x00, 0x00, 0x00, 0x00, 0x00, 0x00, 0x00, 0x00, 0x00, 0x00,
    0x00, 0x00, 0x00, 0x00, 0x00, 0x00, 0x00, 0x00, 0x00, 0x00, 0x00, 0x00,
    0x00, 0x00, 0x00, 0x00, 0x00, 0x00, 0x00, 0x00, 0x00, 0x00, 0x00, 0x00,
    0x00, 0x00, 0x00, 0x00, 0x00, 0x00, 0x00, 0x00, 0xe8, 0xe4, 0x20, 0xff,
    0xe8, 0xe8, 0x20, 0xff, 0xe8, 0xe8, 0x20, 0xff, 0xe8, 0xe8, 0x20, 0xff,
    0xe8, 0xe4, 0x18, 0xff, 0xe8, 0xe8, 0x20, 0xff, 0xe8, 0xe4, 0x20, 0xff,
    0xe8, 0xe8, 0x18, 0xff, 0xe8, 0xe8, 0x20, 0xff, 0xe8, 0xe4, 0x18, 0xff,
    0xe8, 0xe8, 0x20, 0xff, 0xe8, 0xe8, 0x20, 0xff, 0x00, 0x00, 0x00, 0x00,
    0x00, 0x00, 0x00, 0x00, 0x00, 0x00, 0x00, 0x00, 0x00, 0x00, 0x00, 0x00,
    0x00, 0x00, 0x00, 0x00, 0x00, 0x00, 0x00, 0x00, 0x00, 0x00, 0x00, 0x00,
    0x00, 0x00, 0x00, 0x00, 0x00, 0x00, 0x00, 0x00, 0x00, 0x00, 0x00, 0x00,
    0x00, 0x00, 0x00, 0x00, 0x00, 0x00, 0x00, 0x00, 0x00, 0x00, 0x00, 0x00,
    0x00, 0x00, 0x00, 0x00, 0x00, 0x00, 0x00, 0x00, 0x00, 0x00, 0x00, 0x00,
    0x00, 0x00, 0x00, 0x00, 0x00, 0x00, 0x00, 0x00, 0x00, 0x00, 0x00, 0x00,
    0x00, 0x00, 0x00, 0x00, 0x00, 0x00, 0x00, 0x00, 0x00, 0x00, 0x00, 0x00,
    0x00, 0x00, 0x00, 0x00, 0x00, 0x00, 0x00, 0x00, 0x00, 0x00, 0x00, 0x00,
    0x00, 0x00, 0x00, 0x00, 0x00, 0x00, 0x00, 0x00, 0x00, 0x00, 0x00, 0x00,
    0x00, 0x00, 0x00, 0x00, 0x00, 0x00, 0x00, 0x00, 0x00, 0x00, 0x00, 0x00,
    0x00, 0x00, 0x00, 0x00, 0x00, 0x00, 0x00, 0x00, 0x00, 0x00, 0x00, 0x00,
    0x00, 0x00, 0x00, 0x00, 0x00, 0x00, 0x00, 0x00, 0x00, 0x00, 0x00, 0x00,
    0x00, 0x00, 0x00, 0x00, 0x00, 0x00, 0x00, 0x00, 0x00, 0x00, 0x00, 0x00,
    0x00, 0x00, 0x00, 0x00, 0x00, 0x00, 0x00, 0x00, 0x00, 0x00, 0x00, 0x00,
    0x00, 0x00, 0x00, 0x00, 0x00, 0x00, 0x00, 0x00, 0x00, 0x00, 0x00, 0x00,
    0x00, 0x00, 0x00, 0x00, 0x00, 0x00, 0x00, 0x00, 0x00, 0x00, 0x00, 0x00,
    0x00, 0x00, 0x00, 0x00, 0x00, 0x00, 0x00, 0x00, 0x00, 0x00, 0x00, 0x00,
    0x00, 0x00, 0x00, 0x00, 0x00, 0x00, 0x00, 0x00, 0x00, 0x00, 0x00, 0x00,
    0x00, 0x00, 0x00, 0x00, 0x00, 0x00, 0x00, 0x00, 0x00, 0x00, 0x00, 0x00,
    0x00, 0x00, 0x00, 0x00, 0x00, 0x00, 0x00, 0x00, 0x00, 0x00, 0x00, 0x00,
    0x00, 0x00, 0x00, 0x00, 0x00, 0x00, 0x00, 0x00, 0x00, 0x00, 0x00, 0x00,
    0x00, 0x00, 0x00, 0x00, 0x00, 0x00, 0x00, 0x00, 0x00, 0x00, 0x00, 0x00,
    0x00, 0x00, 0x00, 0x00, 0xe8, 0xe8, 0x18, 0xff, 0xe8, 0xe4, 0x20, 0xff,
    0xe8, 0xe8, 0x20, 0xff, 0xe0, 0xe8, 0x18, 0xff, 0xe8, 0xe8, 0x20, 0xff,
    0xe8, 0xe8, 0x20, 0xff, 0xe8, 0xe8, 0x20, 0xff, 0xe8, 0xe8, 0x20, 0xff,
    0xe8, 0xe4, 0x20, 0xff, 0xe8, 0xe8, 0x18, 0xff, 0xe8, 0xe8, 0x20, 0xff,
    0xe8, 0xe8, 0x20, 0xff, 0x00, 0x00, 0x00, 0x00, 0x00, 0x00, 0x00, 0x00,
    0x00, 0x00, 0x00, 0x00, 0x00, 0x00, 0x00, 0x00, 0x00, 0x00, 0x00, 0x00,
    0x00, 0x00, 0x00, 0x00, 0x00, 0x00, 0x00, 0x00, 0x00, 0x00, 0x00, 0x00,
    0x00, 0x00, 0x00, 0x00, 0x00, 0x00, 0x00, 0x00, 0x00, 0x00, 0x00, 0x00,
    0x00, 0x00, 0x00, 0x00, 0x00, 0x00, 0x00, 0x00, 0x00, 0x00, 0x00, 0x00,
    0x00, 0x00, 0x00, 0x00, 0x00, 0x00, 0x00, 0x00, 0x00, 0x00, 0x00, 0x00,
    0x00, 0x00, 0x00, 0x00, 0x00, 0x00, 0x00, 0x00, 0x00, 0x00, 0x00, 0x00,
    0x00, 0x00, 0x00, 0x00, 0x00, 0x00, 0x00, 0x00, 0x00, 0x00, 0x00, 0x00,
    0x00, 0x00, 0x00, 0x00, 0x00, 0x00, 0x00, 0x00, 0x00, 0x00, 0x00, 0x00,
    0x00, 0x00, 0x00, 0x00, 0x00, 0x00, 0x00, 0x00, 0x00, 0x00, 0x00, 0x00,
    0x00, 0x00, 0x00, 0x00, 0x00, 0x00, 0x00, 0x00, 0x00, 0x00, 0x00, 0x00,
    0x00, 0x00, 0x00, 0x00, 0x00, 0x00, 0x00, 0x00, 0x00, 0x00, 0x00, 0x00,
    0x00, 0x00, 0x00, 0x00, 0x00, 0x00, 0x00, 0x00, 0x00, 0x00, 0x00, 0x00,
    0x00, 0x00, 0x00, 0x00, 0x00, 0x00, 0x00, 0x00, 0x00, 0x00, 0x00, 0x00,
    0x00, 0x00, 0x00, 0x00, 0x00, 0x00, 0x00, 0x00, 0x00, 0x00, 0x00, 0x00,
    0x00, 0x00, 0x00, 0x00, 0x00, 0x00, 0x00, 0x00, 0x00, 0x00, 0x00, 0x00,
    0x00, 0x00, 0x00, 0x00, 0x00, 0x00, 0x00, 0x00, 0x00, 0x00, 0x00, 0x00,
    0x00, 0x00, 0x00, 0x00, 0x00, 0x00, 0x00, 0x00, 0x00, 0x00, 0x00, 0x00,
    0x00, 0x00, 0x00, 0x00, 0x00, 0x00, 0x00, 0x00, 0x00, 0x00, 0x00, 0x00,
    0x00, 0x00, 0x00, 0x00, 0x00, 0x00, 0x00, 0x00, 0x00, 0x00, 0x00, 0x00,
    0x00, 0x00, 0x00, 0x00, 0x00, 0x00, 0x00, 0x00, 0x00, 0x00, 0x00, 0x00,
    0x00, 0x00, 0x00, 0x00, 0x00, 0x00, 0x00, 0x00, 0x00, 0x00, 0x00, 0x00,
    0x00, 0x00, 0x00, 0x00, 0x00, 0x00, 0x00, 0x00, 0x00, 0x00, 0x00, 0x00,
    0xe8, 0xe8, 0x20, 0xff, 0xe8, 0xe8, 0x20, 0xff, 0xe8, 0xe4, 0x18, 0xff,
    0xe8, 0xe8, 0x20, 0xff, 0xe8, 0xe8, 0x20, 0xff, 0xe8, 0xe4, 0x20, 0xff,
    0xe8, 0xe8, 0x20, 0xff, 0xe8, 0xe8, 0x20, 0xff, 0xe0, 0xe8, 0x20, 0xff,
    0xe8, 0xe8, 0x20, 0xff, 0xe8, 0xe4, 0x18, 0xff, 0xe8, 0xe8, 0x20, 0xff,
    0x00, 0x00, 0x00, 0x00, 0x00, 0x00, 0x00, 0x00, 0x00, 0x00, 0x00, 0x00,
    0x00, 0x00, 0x00, 0x00, 0x00, 0x00, 0x00, 0x00, 0x00, 0x00, 0x00, 0x00,
    0x00, 0x00, 0x00, 0x00, 0x00, 0x00, 0x00, 0x00, 0x00, 0x00, 0x00, 0x00,
    0x00, 0x00, 0x00, 0x00, 0x00, 0x00, 0x00, 0x00, 0x00, 0x00, 0x00, 0x00,
    0x00, 0x00, 0x00, 0x00, 0x00, 0x00, 0x00, 0x00, 0x00, 0x00, 0x00, 0x00,
    0x00, 0x00, 0x00, 0x00, 0x00, 0x00, 0x00, 0x00, 0x00, 0x00, 0x00, 0x00,
    0x00, 0x00, 0x00, 0x00, 0x00, 0x00, 0x00, 0x00, 0x00, 0x00, 0x00, 0x00,
    0x00, 0x00, 0x00, 0x00, 0x00, 0x00, 0x00, 0x00, 0x00, 0x00, 0x00, 0x00,
    0x00, 0x00, 0x00, 0x00, 0x00, 0x00, 0x00, 0x00, 0x00, 0x00, 0x00, 0x00,
    0x00, 0x00, 0x00, 0x00, 0x00, 0x00, 0x00, 0x00, 0x00, 0x00, 0x00, 0x00,
    0x00, 0x00, 0x00, 0x00, 0x00, 0x00, 0x00, 0x00, 0x00, 0x00, 0x00, 0x00,
    0x00, 0x00, 0x00, 0x00, 0x00, 0x00, 0x00, 0x00, 0x00, 0x00, 0x00, 0x00,
    0x00, 0x00, 0x00, 0x00, 0x00, 0x00, 0x00, 0x00, 0x00, 0x00, 0x00, 0x00,
    0x00, 0x00, 0x00, 0x00, 0x00, 0x00, 0x00, 0x00, 0x00, 0x00, 0x00, 0x00,
    0x00, 0x00, 0x00, 0x00, 0x00, 0x00, 0x00, 0x00, 0x00, 0x00, 0x00, 0x00,
    0x00, 0x00, 0x00, 0x00, 0x00, 0x00, 0x00, 0x00, 0x00, 0x00, 0x00, 0x00,
    0x00, 0x00, 0x00, 0x00, 0x00, 0x00, 0x00, 0x00, 0x00, 0x00, 0x00, 0x00,
    0x00, 0x00, 0x00, 0x00, 0x00, 0x00, 0x00, 0x00, 0x00, 0x00, 0x00, 0x00,
    0x00, 0x00, 0x00, 0x00, 0x00, 0x00, 0x00, 0x00, 0x00, 0x00, 0x00, 0x00,
    0x00, 0x00, 0x00, 0x00, 0x00, 0x00, 0x00, 0x00, 0x00, 0x00, 0x00, 0x00,
    0x00, 0x00, 0x00, 0x00, 0x00, 0x00, 0x00, 0x00, 0x00, 0x00, 0x00, 0x00,
    0x00, 0x00, 0x00, 0x00, 0x00, 0x00, 0x00, 0x00, 0x00, 0x00, 0x00, 0x00,
    0x00, 0x00, 0x00, 0x00, 0x00, 0x00, 0x00, 0x00, 0xe8, 0xe8, 0x20, 0xff,
    0xe0, 0xe8, 0x20, 0xff, 0xe8, 0xe8, 0x20, 0xff, 0xe8, 0xe4, 0x20, 0xff,
    0xe8, 0xe8, 0x18, 0xff, 0xe8, 0xe8, 0x20, 0xff, 0xe8, 0xe4, 0x20, 0xff,
    0xe8, 0xe8, 0x18, 0xff, 0xe8, 0xe8, 0x20, 0xff, 0xe8, 0xe4, 0x20, 0xff,
    0xe8, 0xe8, 0x18, 0xff, 0xe0, 0xe8, 0x20, 0xff, 0x00, 0x00, 0x00, 0x00,
    0x00, 0x00, 0x00, 0x00, 0x00, 0x00, 0x00, 0x00, 0x00, 0x00, 0x00, 0x00,
    0x00, 0x00, 0x00, 0x00, 0x00, 0x00, 0x00, 0x00, 0x00, 0x00, 0x00, 0x00,
    0x00, 0x00, 0x00, 0x00, 0x00, 0x00, 0x00, 0x00, 0x00, 0x00, 0x00, 0x00,
    0x00, 0x00, 0x00, 0x00, 0x00, 0x00, 0x00, 0x00, 0x00, 0x00, 0x00, 0x00,
    0x00, 0x00, 0x00, 0x00, 0x00, 0x00, 0x00, 0x00, 0x00, 0x00, 0x00, 0x00,
    0x00, 0x00, 0x00, 0x00, 0x00, 0x00, 0x00, 0x00, 0x00, 0x00, 0x00, 0x00,
    0x00, 0x00, 0x00, 0x00, 0x00, 0x00, 0x00, 0x00, 0x00, 0x00, 0x00, 0x00,
    0x00, 0x00, 0x00, 0x00, 0x00, 0x00, 0x00, 0x00, 0x00, 0x00, 0x00, 0x00,
    0x00, 0x00, 0x00, 0x00, 0x00, 0x00, 0x00, 0x00, 0x00, 0x00, 0x00, 0x00,
    0x00, 0x00, 0x00, 0x00, 0x00, 0x00, 0x00, 0x00, 0x00, 0x00, 0x00, 0x00,
    0x00, 0x00, 0x00, 0x00, 0x00, 0x00, 0x00, 0x00, 0x00, 0x00, 0x00, 0x00,
    0x00, 0x00, 0x00, 0x00, 0x00, 0x00, 0x00, 0x00, 0x00, 0x00, 0x00, 0x00,
    0x00, 0x00, 0x00, 0x00, 0x00, 0x00, 0x00, 0x00, 0x00, 0x00, 0x00, 0x00,
    0x00, 0x00, 0x00, 0x00, 0x00, 0x00, 0x00, 0x00, 0x00, 0x00, 0x00, 0x00,
    0x00, 0x00, 0x00, 0x00, 0x00, 0x00, 0x00, 0x00, 0x00, 0x00, 0x00, 0x00,
    0x00, 0x00, 0x00, 0x00, 0x00, 0x00, 0x00, 0x00, 0x00, 0x00, 0x00, 0x00,
    0x00, 0x00, 0x00, 0x00, 0x00, 0x00, 0x00, 0x00, 0x00, 0x00, 0x00, 0x00,
    0x00, 0x00, 0x00, 0x00, 0x00, 0x00, 0x00, 0x00, 0x00, 0x00, 0x00, 0x00,
    0x00, 0x00, 0x00, 0x00, 0x00, 0x00, 0x00, 0x00, 0x00, 0x00, 0x00, 0x00,
    0x00, 0x00, 0x00, 0x00, 0x00, 0x00, 0x00, 0x00, 0x00, 0x00, 0x00, 0x00,
    0x00, 0x00, 0x00, 0x00, 0x00, 0x00, 0x00, 0x00, 0x00, 0x00, 0x00, 0x00,
    0x00, 0x00, 0x00, 0x00, 0x00, 0x00, 0x00, 0x00, 0x00, 0x00, 0x00, 0x00,
    0x00, 0x00, 0x00, 0x00, 0xe8, 0xe4, 0x18, 0xff, 0xe8, 0xe8, 0x20, 0xff,
    0xe8, 0xe8, 0x20, 0xff, 0xe8, 0xe8, 0x18, 0xff, 0xe0, 0xe8, 0x20, 0xff,
    0xe8, 0xe8, 0x20, 0xff, 0xe8, 0xe8, 0x20, 0xff, 0xe8, 0xe8, 0x18, 0xff,
    0xe8, 0xe4, 0x20, 0xff, 0xe8, 0xe8, 0x20, 0xff, 0xe8, 0xe8, 0x20, 0xff,
    0xe8, 0xe4, 0x20, 0xff, 0x00, 0x00, 0x00, 0x00, 0x00, 0x00, 0x00, 0x00,
    0x00, 0x00, 0x00, 0x00, 0x00, 0x00, 0x00, 0x00, 0x00, 0x00, 0x00, 0x00,
    0x00, 0x00, 0x00, 0x00, 0x00, 0x00, 0x00, 0x00, 0x00, 0x00, 0x00, 0x00,
    0x00, 0x00, 0x00, 0x00, 0x00, 0x00, 0x00, 0x00, 0x00, 0x00, 0x00, 0x00,
    0x00, 0x00, 0x00, 0x00, 0x00, 0x00, 0x00, 0x00, 0x00, 0x00, 0x00, 0x00,
    0x00, 0x00, 0x00, 0x00, 0x00, 0x00, 0x00, 0x00, 0x00, 0x00, 0x00, 0x00,
    0x00, 0x00, 0x00, 0x00, 0x00, 0x00, 0x00, 0x00, 0x00, 0x00, 0x00, 0x00,
    0x00, 0x00, 0x00, 0x00, 0x00, 0x00, 0x00, 0x00, 0x00, 0x00, 0x00, 0x00,
    0x00, 0x00, 0x00, 0x00, 0x00, 0x00, 0x00, 0x00, 0x00, 0x00, 0x00, 0x00,
    0x00, 0x00, 0x00, 0x00, 0x00, 0x00, 0x00, 0x00, 0x00, 0x00, 0x00, 0x00,
    0x00, 0x00, 0x00, 0x00, 0x00, 0x00, 0x00, 0x00, 0x00, 0x00, 0x00, 0x00,
    0x00, 0x00, 0x00, 0x00, 0x00, 0x00, 0x00, 0x00, 0x00, 0x00, 0x00, 0x00,
    0x00, 0x00, 0x00, 0x00, 0x00, 0x00, 0x00, 0x00, 0x00, 0x00, 0x00, 0x00,
    0x00, 0x00, 0x00, 0x00, 0x00, 0x00, 0x00, 0x00, 0x00, 0x00, 0x00, 0x00,
    0x00, 0x00, 0x00, 0x00, 0x00, 0x00, 0x00, 0x00, 0x00, 0x00, 0x00, 0x00,
    0x00, 0x00, 0x00, 0x00, 0x00, 0x00, 0x00, 0x00, 0x00, 0x00, 0x00, 0x00,
    0x00, 0x00, 0x00, 0x00, 0x00, 0x00, 0x00, 0x00, 0x00, 0x00, 0x00, 0x00,
    0x00, 0x00, 0x00, 0x00, 0x00, 0x00, 0x00, 0x00, 0x00, 0x00, 0x00, 0x00,
    0x00, 0x00, 0x00, 0x00, 0x00, 0x00, 0x00, 0x00, 0x00, 0x00, 0x00, 0x00,
    0x00, 0x00, 0x00, 0x00, 0x00, 0x00, 0x00, 0x00, 0x00, 0x00, 0x00, 0x00,
    0x00, 0x00, 0x00, 0x00, 0x00, 0x00, 0x00, 0x00, 0x00, 0x00, 0x00, 0x00,
    0x00, 0x00, 0x00, 0x00, 0x00, 0x00, 0x00, 0x00, 0x00, 0x00, 0x00, 0x00,
    0x00, 0x00, 0x00, 0x00, 0x00, 0x00, 0x00, 0x00, 0x00, 0x00, 0x00, 0x00,
    0xe8, 0xe8, 0x20, 0xff, 0xe8, 0xe4, 0x20, 0xff, 0xe8, 0xe8, 0x18, 0xff,
    0xe8, 0xe8, 0x20, 0xff, 0xe8, 0xe4, 0x20, 0xff, 0xe8, 0xe8, 0x20, 0xff,
    0xe8, 0xe8, 0x20, 0xff, 0xe8, 0xe8, 0x20, 0xff, 0xe0, 0xe8, 0x20, 0xff,
    0xe8, 0xe8, 0x18, 0xff, 0xe8, 0xe8, 0x20, 0xff, 0xe8, 0xe8, 0x20, 0xff,
    0x00, 0x00, 0x00, 0x00, 0x00, 0x00, 0x00, 0x00, 0x00, 0x00, 0x00, 0x00,
    0x00, 0x00, 0x00, 0x00, 0x00, 0x00, 0x00, 0x00, 0x00, 0x00, 0x00, 0x00,
    0x00, 0x00, 0x00, 0x00, 0x00, 0x00, 0x00, 0x00, 0x00, 0x00, 0x00, 0x00,
    0x00, 0x00, 0x00, 0x00, 0x00, 0x00, 0x00, 0x00, 0x00, 0x00, 0x00, 0x00,
    0x00, 0x00, 0x00, 0x00, 0x00, 0x00, 0x00, 0x00, 0x00, 0x00, 0x00, 0x00,
    0x00, 0x00, 0x00, 0x00, 0x00, 0x00, 0x00, 0x00, 0x00, 0x00, 0x00, 0x00,
    0x00, 0x00, 0x00, 0x00, 0x00, 0x00, 0x00, 0x00, 0x00, 0x00, 0x00, 0x00,
    0x00, 0x00, 0x00, 0x00, 0x00, 0x00, 0x00, 0x00, 0x00, 0x00, 0x00, 0x00,
    0x00, 0x00, 0x00, 0x00, 0x00, 0x00, 0x00, 0x00, 0x00, 0x00, 0x00, 0x00,
    0x00, 0x00, 0x00, 0x00, 0x00, 0x00, 0x00, 0x00, 0x00, 0x00, 0x00, 0x00,
    0x00, 0x00, 0x00, 0x00, 0x00, 0x00, 0x00, 0x00, 0x00, 0x00, 0x00, 0x00,
    0x00, 0x00, 0x00, 0x00, 0x00, 0x00, 0x00, 0x00, 0x00, 0x00, 0x00, 0x00,
    0x00, 0x00, 0x00, 0x00, 0x00, 0x00, 0x00, 0x00, 0x00, 0x00, 0x00, 0x00,
    0x00, 0x00, 0x00, 0x00, 0x00, 0x00, 0x00, 0x00, 0x00, 0x00, 0x00, 0x00,
    0x00, 0x00, 0x00, 0x00, 0x00, 0x00, 0x00, 0x00, 0x00, 0x00, 0x00, 0x00,
    0x00, 0x00, 0x00, 0x00, 0x00, 0x00, 0x00, 0x00, 0x00, 0x00, 0x00, 0x00,
    0x00, 0x00, 0x00, 0x00, 0x00, 0x00, 0x00, 0x00, 0x00, 0x00, 0x00, 0x00,
    0x00, 0x00, 0x00, 0x00, 0x00, 0x00, 0x00, 0x00, 0x00, 0x00, 0x00, 0x00,
    0x00, 0x00, 0x00, 0x00, 0x00, 0x00, 0x00, 0x00, 0x00, 0x00, 0x00, 0x00,
    0x00, 0x00, 0x00, 0x00, 0x00, 0x00, 0x00, 0x00, 0x00, 0x00, 0x00, 0x00,
    0x00, 0x00, 0x00, 0x00, 0x00, 0x00, 0x00, 0x00, 0x00, 0x00, 0x00, 0x00,
    0x00, 0x00, 0x00, 0x00, 0x00, 0x00, 0x00, 0x00, 0x00, 0x00, 0x00, 0x00,
    0x00, 0x00, 0x00, 0x00, 0x00, 0x00, 0x00, 0x00, 0xe0, 0xe8, 0x20, 0xff,
    0xe8, 0xe8, 0x20, 0xff, 0xe8, 0xe4, 0x20, 0xff, 0xe0, 0xe8, 0x20, 0xff,
    0xe8, 0xe8, 0x18, 0xff, 0xe8, 0xe4, 0x20, 0xff, 0xe8, 0xe4, 0x20, 0xff,
    0xe8, 0xe8, 0x20, 0xff, 0xe8, 0xe8, 0x18, 0xff, 0xe8, 0xe4, 0x20, 0xff,
    0xe8, 0xe8, 0x20, 0xff, 0xe8, 0xe8, 0x18, 0xff, 0x00, 0x00, 0x00, 0x00,
    0x00, 0x00, 0x00, 0x00, 0x00, 0x00, 0x00, 0x00, 0x00, 0x00, 0x00, 0x00,
    0x00, 0x00, 0x00, 0x00, 0x00, 0x00, 0x00, 0x00, 0x00, 0x00, 0x00, 0x00,
    0x00, 0x00, 0x00, 0x00, 0x00, 0x00, 0x00, 0x00, 0x00, 0x00, 0x00, 0x00,
    0x00, 0x00, 0x00, 0x00, 0x00, 0x00, 0x00, 0x00, 0x00, 0x00, 0x00, 0x00,
    0x00, 0x00, 0x00, 0x00, 0x00, 0x00, 0x00, 0x00, 0x00, 0x00, 0x00, 0x00,
    0x00, 0x00, 0x00, 0x00, 0x00, 0x00, 0x00, 0x00, 0x00, 0x00, 0x00, 0x00,
    0x00, 0x00, 0x00, 0x00, 0x00, 0x00, 0x00, 0x00, 0x00, 0x00, 0x00, 0x00,
    0x00, 0x00, 0x00, 0x00, 0x00, 0x00, 0x00, 0x00, 0x00, 0x00, 0x00, 0x00,
    0x00, 0x00, 0x00, 0x00, 0x00, 0x00, 0x00, 0x00, 0x00, 0x00, 0x00, 0x00,
    0x00, 0x00, 0x00, 0x00, 0x00, 0x00, 0x00, 0x00, 0x00, 0x00, 0x00, 0x00,
    0x00, 0x00, 0x00, 0x00, 0x00, 0x00, 0x00, 0x00, 0x00, 0x00, 0x00, 0x00,
    0x00, 0x00, 0x00, 0x00, 0x00, 0x00, 0x00, 0x00, 0x00, 0x00, 0x00, 0x00,
    0x00, 0x00, 0x00, 0x00, 0x00, 0x00, 0x00, 0x00, 0x00, 0x00, 0x00, 0x00,
    0x00, 0x00, 0x00, 0x00, 0x00, 0x00, 0x00, 0x00, 0x00, 0x00, 0x00, 0x00,
    0x00, 0x00, 0x00, 0x00, 0x00, 0x00, 0x00, 0x00, 0x00, 0x00, 0x00, 0x00,
    0x00, 0x00, 0x00, 0x00, 0x00, 0x00, 0x00, 0x00, 0x00, 0x00, 0x00, 0x00,
    0x00, 0x00, 0x00, 0x00, 0x00, 0x00, 0x00, 0x00, 0x00, 0x00, 0x00, 0x00,
    0x00, 0x00, 0x00, 0x00, 0x00, 0x00, 0x00, 0x00, 0x00, 0x00, 0x00, 0x00,
    0x00, 0x00, 0x00, 0x00, 0x00, 0x00, 0x00, 0x00, 0x00, 0x00, 0x00, 0x00,
    0x00, 0x00, 0x00, 0x00, 0x00, 0x00, 0x00, 0x00, 0x00, 0x00, 0x00, 0x00,
    0x00, 0x00, 0x00, 0x00, 0x00, 0x00, 0x00, 0x00, 0x00, 0x00, 0x00, 0x00,
    0x00, 0x00, 0x00, 0x00, 0x00, 0x00, 0x00, 0x00, 0x00, 0x00, 0x00, 0x00,
    0x00, 0x00, 0x00, 0x00, 0xe8, 0xe8, 0x18, 0xff, 0xe8, 0xe8, 0x20, 0xff,
    0xe8, 0xe8, 0x20, 0xff, 0xe8, 0xe8, 0x18, 0xff, 0xe8, 0xe8, 0x20, 0xff,
    0xe8, 0xe8, 0x20, 0xff, 0xe8, 0xe8, 0x20, 0xff, 0xe8, 0xe8, 0x20, 0xff,
    0xe8, 0xe4, 0x18, 0xff, 0xe8, 0xe8, 0x20, 0xff, 0xe0, 0xe4, 0x20, 0xff,
    0xe8, 0xe8, 0x20, 0xff, 0x00, 0x00, 0x00, 0x00, 0x00, 0x00, 0x00, 0x00,
    0x00, 0x00, 0x00, 0x00, 0x00, 0x00, 0x00, 0x00, 0x00, 0x00, 0x00, 0x00,
    0x00, 0x00, 0x00, 0x00, 0x00, 0x00, 0x00, 0x00, 0x00, 0x00, 0x00, 0x00,
    0x00, 0x00, 0x00, 0x00, 0x00, 0x00, 0x00, 0x00, 0x00, 0x00, 0x00, 0x00,
    0x00, 0x00, 0x00, 0x00, 0x00, 0x00, 0x00, 0x00, 0x00, 0x00, 0x00, 0x00,
    0x00, 0x00, 0x00, 0x00, 0x00, 0x00, 0x00, 0x00, 0x00, 0x00, 0x00, 0x00,
    0x00, 0x00, 0x00, 0x00, 0x00, 0x00, 0x00, 0x00, 0x00, 0x00, 0x00, 0x00,
    0x00, 0x00, 0x00, 0x00, 0x00, 0x00, 0x00, 0x00, 0x00, 0x00, 0x00, 0x00,
    0x00, 0x00, 0x00, 0x00, 0x00, 0x00, 0x00, 0x00, 0x00, 0x00, 0x00, 0x00,
    0x00, 0x00, 0x00, 0x00, 0x00, 0x00, 0x00, 0x00, 0x00, 0x00, 0x00, 0x00,
    0x00, 0x00, 0x00, 0x00, 0x00, 0x00, 0x00, 0x00, 0x00, 0x00, 0x00, 0x00,
    0x00, 0x00, 0x00, 0x00, 0x00, 0x00, 0x00, 0x00, 0x00, 0x00, 0x00, 0x00,
    0x00, 0x00, 0x00, 0x00, 0x00, 0x00, 0x00, 0x00, 0x00, 0x00, 0x00, 0x00,
    0x00, 0x00, 0x00, 0x00, 0x00, 0x00, 0x00, 0x00, 0x00, 0x00, 0x00, 0x00,
    0x00, 0x00, 0x00, 0x00, 0x00, 0x00, 0x00, 0x00, 0x00, 0x00, 0x00, 0x00,
    0x00, 0x00, 0x00, 0x00, 0x00, 0x00, 0x00, 0x00, 0x00, 0x00, 0x00, 0x00,
    0x00, 0x00, 0x00, 0x00, 0x00, 0x00, 0x00, 0x00, 0x00, 0x00, 0x00, 0x00,
    0x00, 0x00, 0x00, 0x00, 0x00, 0x00, 0x00, 0x00, 0x00, 0x00, 0x00, 0x00,
    0x00, 0x00, 0x00, 0x00, 0x00, 0x00, 0x00, 0x00, 0x00, 0x00, 0x00, 0x00,
    0x00, 0x00, 0x00, 0x00, 0x00, 0x00, 0x00, 0x00, 0x00, 0x00, 0x00, 0x00,
    0x00, 0x00, 0x00, 0x00, 0x00, 0x00, 0x00, 0x00, 0x00, 0x00, 0x00, 0x00,
    0x00, 0x00, 0x00, 0x00, 0x00, 0x00, 0x00, 0x00, 0x00, 0x00, 0x00, 0x00,
    0x00, 0x00, 0x00, 0x00, 0x00, 0x00, 0x00, 0x00, 0x00, 0x00, 0x00, 0x00,
    0xe8, 0xe4, 0x20, 0xff, 0xe8, 0xe8, 0x20, 0xff, 0xe8, 0xe4, 0x18, 0xff,
    0xe8, 0xe8, 0x20, 0xff, 0xe8, 0xe4, 0x20, 0xff, 0xe8, 0xe8, 0x20, 0xff,
    0xe8, 0xe8, 0x20, 0xff, 0xe8, 0xe8, 0x20, 0xff, 0xe8, 0xe8, 0x20, 0xff,
    0xe8, 0xe8, 0x18, 0xff, 0xe8, 0xe8, 0x20, 0xff, 0xe8, 0xe4, 0x20, 0xff,
    0x00, 0x00, 0x00, 0x00, 0x00, 0x00, 0x00, 0x00, 0x00, 0x00, 0x00, 0x00,
    0x00, 0x00, 0x00, 0x00, 0x00, 0x00, 0x00, 0x00, 0x00, 0x00, 0x00, 0x00,
    0x00, 0x00, 0x00, 0x00, 0x00, 0x00, 0x00, 0x00, 0x00, 0x00, 0x00, 0x00,
    0x00, 0x00, 0x00, 0x00, 0x00, 0x00, 0x00, 0x00, 0x00, 0x00, 0x00, 0x00,
    0x00, 0x00, 0x00, 0x00, 0x00, 0x00, 0x00, 0x00, 0x00, 0x00, 0x00, 0x00,
    0x00, 0x00, 0x00, 0x00, 0x00, 0x00, 0x00, 0x00, 0x00, 0x00, 0x00, 0x00,
    0x00, 0x00, 0x00, 0x00, 0x00, 0x00, 0x00, 0x00, 0x00, 0x00, 0x00, 0x00,
    0x00, 0x00, 0x00, 0x00, 0x00, 0x00, 0x00, 0x00, 0x00, 0x00, 0x00, 0x00,
    0x00, 0x00, 0x00, 0x00, 0x00, 0x00, 0x00, 0x00, 0x00, 0x00, 0x00, 0x00,
    0x00, 0x00, 0x00, 0x00, 0x00, 0x00, 0x00, 0x00, 0x00, 0x00, 0x00, 0x00,
    0x00, 0x00, 0x00, 0x00, 0x00, 0x00, 0x00, 0x00, 0x00, 0x00, 0x00, 0x00,
    0x00, 0x00, 0x00, 0x00, 0x00, 0x00, 0x00, 0x00, 0x00, 0x00, 0x00, 0x00,
    0x00, 0x00, 0x00, 0x00, 0x00, 0x00, 0x00, 0x00, 0x00, 0x00, 0x00, 0x00,
    0x00, 0x00, 0x00, 0x00, 0x00, 0x00, 0x00, 0x00, 0x00, 0x00, 0x00, 0x00,
    0x00, 0x00, 0x00, 0x00, 0x00, 0x00, 0x00, 0x00, 0x00, 0x00, 0x00, 0x00,
    0x00, 0x00, 0x00, 0x00, 0x00, 0x00, 0x00, 0x00, 0x00, 0x00, 0x00, 0x00,
    0x00, 0x00, 0x00, 0x00, 0x00, 0x00, 0x00, 0x00, 0x00, 0x00, 0x00, 0x00,
    0x00, 0x00, 0x00, 0x00, 0x00, 0x00, 0x00, 0x00, 0x00, 0x00, 0x00, 0x00,
    0x00, 0x00, 0x00, 0x00, 0x00, 0x00, 0x00, 0x00, 0x00, 0x00, 0x00, 0x00,
    0x00, 0x00, 0x00, 0x00, 0x00, 0x00, 0x00, 0x00, 0x00, 0x00, 0x00, 0x00,
    0x00, 0x00, 0x00, 0x00, 0x00, 0x00, 0x00, 0x00, 0x00, 0x00, 0x00, 0x00,
    0x00, 0x00, 0x00, 0x00, 0x00, 0x00, 0x00, 0x00, 0x00, 0x00, 0x00, 0x00,
    0x00, 0x00, 0x00, 0x00, 0x00, 0x00, 0x00, 0x00, 0xe8, 0xe8, 0x20, 0xff,
    0xe0, 0xe8, 0x20, 0xff, 0xe8, 0xe8, 0x20, 0xff, 0xe8, 0xe4, 0x20, 0xff,
    0xe0, 0xe8, 0x18, 0xff, 0xe8, 0xe8, 0x20, 0xff, 0xe8, 0xe4, 0x20, 0xff,
    0xe8, 0xe8, 0x18, 0xff, 0xe0, 0xe8, 0x20, 0xff, 0xe8, 0xe4, 0x20, 0xff,
    0xe8, 0xe8, 0x18, 0xff, 0xe8, 0xe8, 0x20, 0xff, 0x00, 0x00, 0x00, 0x00,
    0x00, 0x00, 0x00, 0x00, 0x00, 0x00, 0x00, 0x00, 0x00, 0x00, 0x00, 0x00,
    0x00, 0x00, 0x00, 0x00, 0x00, 0x00, 0x00, 0x00, 0x00, 0x00, 0x00, 0x00,
    0x00, 0x00, 0x00, 0x00, 0x00, 0x00, 0x00, 0x00, 0x00, 0x00, 0x00, 0x00,
    0x00, 0x00, 0x00, 0x00, 0x00, 0x00, 0x00, 0x00, 0x00, 0x00, 0x00, 0x00,
    0x00, 0x00, 0x00, 0x00, 0x00, 0x00, 0x00, 0x00, 0x00, 0x00, 0x00, 0x00,
    0x00, 0x00, 0x00, 0x00, 0x00, 0x00, 0x00, 0x00, 0x00, 0x00, 0x00, 0x00,
    0x00, 0x00, 0x00, 0x00, 0x00, 0x00, 0x00, 0x00, 0x00, 0x00, 0x00, 0x00,
    0x00, 0x00, 0x00, 0x00, 0x00, 0x00, 0x00, 0x00, 0x00, 0x00, 0x00, 0x00,
    0x00, 0x00, 0x00, 0x00, 0x00, 0x00, 0x00, 0x00, 0x00, 0x00, 0x00, 0x00,
    0x00, 0x00, 0x00, 0x00, 0x00, 0x00, 0x00, 0x00, 0x00, 0x00, 0x00, 0x00,
    0x00, 0x00, 0x00, 0x00, 0x00, 0x00, 0x00, 0x00, 0x00, 0x00, 0x00, 0x00,
    0x00, 0x00, 0x00, 0x00, 0x00, 0x00, 0x00, 0x00, 0x00, 0x00, 0x00, 0x00,
    0x00, 0x00, 0x00, 0x00, 0x00, 0x00, 0x00, 0x00, 0x00, 0x00, 0x00, 0x00,
    0x00, 0x00, 0x00, 0x00, 0x00, 0x00, 0x00, 0x00, 0x00, 0x00, 0x00, 0x00,
    0x00, 0x00, 0x00, 0x00, 0x00, 0x00, 0x00, 0x00, 0x00, 0x00, 0x00, 0x00,
    0x00, 0x00, 0x00, 0x00, 0x00, 0x00, 0x00, 0x00, 0x00, 0x00, 0x00, 0x00,
    0x00, 0x00, 0x00, 0x00, 0x00, 0x00, 0x00, 0x00, 0x00, 0x00, 0x00, 0x00,
    0x00, 0x00, 0x00, 0x00, 0x00, 0x00, 0x00, 0x00, 0x00, 0x00, 0x00, 0x00,
    0x00, 0x00, 0x00, 0x00, 0x00, 0x00, 0x00, 0x00, 0x00, 0x00, 0x00, 0x00,
    0x00, 0x00, 0x00, 0x00, 0x00, 0x00, 0x00, 0x00, 0x00, 0x00, 0x00, 0x00,
    0x00, 0x00, 0x00, 0x00, 0x00, 0x00, 0x00, 0x00, 0x00, 0x00, 0x00, 0x00,
    0x00, 0x00, 0x00, 0x00, 0x00, 0x00, 0x00, 0x00, 0x00, 0x00, 0x00, 0x00,
    0x00, 0x00, 0x00, 0x00, 0xe8, 0xe8, 0x18, 0xff, 0xe8, 0xe8, 0x20, 0xff,
    0xe8, 0xe8, 0x20, 0xff, 0xe8, 0xe8, 0x18, 0xff, 0xe8, 0xe8, 0x20, 0xff,
    0xe8, 0xe8, 0x20, 0xff, 0xe8, 0xe8, 0x20, 0xff, 0xe8, 0xe8, 0x20, 0xff,
    0xe8, 0xe4, 0x20, 0xff, 0xe8, 0xe8, 0x20, 0xff, 0xe8, 0xe8, 0x20, 0xff,
    0xe0, 0xe8, 0x18, 0xff, 0x00, 0x00, 0x00, 0x00, 0x00, 0x00, 0x00, 0x00,
    0x00, 0x00, 0x00, 0x00, 0x00, 0x00, 0x00, 0x00, 0x00, 0x00, 0x00, 0x00,
    0x00, 0x00, 0x00, 0x00, 0x00, 0x00, 0x00, 0x00, 0x00, 0x00, 0x00, 0x00,
    0x00, 0x00, 0x00, 0x00, 0x00, 0x00, 0x00, 0x00, 0x00, 0x00, 0x00, 0x00,
    0x00, 0x00, 0x00, 0x00, 0x00, 0x00, 0x00, 0x00, 0x00, 0x00, 0x00, 0x00,
    0x00, 0x00, 0x00, 0x00, 0x00, 0x00, 0x00, 0x00, 0x00, 0x00, 0x00, 0x00,
    0x00, 0x00, 0x00, 0x00, 0x00, 0x00, 0x00, 0x00, 0x00, 0x00, 0x00, 0x00,
    0x00, 0x00, 0x00, 0x00, 0x00, 0x00, 0x00, 0x00, 0x00, 0x00, 0x00, 0x00,
    0x00, 0x00, 0x00, 0x00, 0x00, 0x00, 0x00, 0x00, 0x00, 0x00, 0x00, 0x00,
    0x00, 0x00, 0x00, 0x00, 0x00, 0x00, 0x00, 0x00, 0x00, 0x00, 0x00, 0x00,
    0x00, 0x00, 0x00, 0x00, 0x00, 0x00, 0x00, 0x00, 0x00, 0x00, 0x00, 0x00,
    0x00, 0x00, 0x00, 0x00, 0x00, 0x00, 0x00, 0x00, 0x00, 0x00, 0x00, 0x00,
    0x00, 0x00, 0x00, 0x00, 0x00, 0x00, 0x00, 0x00, 0x00, 0x00, 0x00, 0x00,
    0x00, 0x00, 0x00, 0x00, 0x00, 0x00, 0x00, 0x00, 0x00, 0x00, 0x00, 0x00,
    0x00, 0x00, 0x00, 0x00, 0x00, 0x00, 0x00, 0x00, 0x00, 0x00, 0x00, 0x00,
    0x00, 0x00, 0x00, 0x00, 0x00, 0x00, 0x00, 0x00, 0x00, 0x00, 0x00, 0x00,
    0x00, 0x00, 0x00, 0x00, 0x00, 0x00, 0x00, 0x00, 0x00, 0x00, 0x00, 0x00,
    0x00, 0x00, 0x00, 0x00, 0x00, 0x00, 0x00, 0x00, 0x00, 0x00, 0x00, 0x00,
    0x00, 0x00, 0x00, 0x00, 0x00, 0x00, 0x00, 0x00, 0x00, 0x00, 0x00, 0x00,
    0x00, 0x00, 0x00, 0x00, 0x00, 0x00, 0x00, 0x00, 0x00, 0x00, 0x00, 0x00,
    0x00, 0x00, 0x00, 0x00, 0x00, 0x00, 0x00, 0x00, 0x00, 0x00, 0x00, 0x00,
    0x00, 0x00, 0x00, 0x00, 0x00, 0x00, 0x00, 0x00, 0x00, 0x00, 0x00, 0x00,
    0x00, 0x00, 0x00, 0x00, 0x00, 0x00, 0x00, 0x00, 0x00, 0x00, 0x00, 0x00,
    0xe8, 0xe4, 0x20, 0xff, 0xe8, 0xe4, 0x18, 0xff, 0xe8, 0xe8, 0x20, 0xff,
    0xe8, 0xe8, 0x20, 0xff, 0xe8, 0xe4, 0x20, 0xff, 0xe8, 0xe8, 0x20, 0xff,
    0xe8, 0xe8, 0x20, 0xff, 0xe8, 0xe8, 0x18, 0xff, 0xe8, 0xe8, 0x20, 0xff,
    0xe8, 0xe8, 0x20, 0xff, 0xe8, 0xe4, 0x20, 0xff, 0xe8, 0xe8, 0x20, 0xff,
    0x00, 0x00, 0x00, 0x00, 0x00, 0x00, 0x00, 0x00, 0x00, 0x00, 0x00, 0x00,
    0x00, 0x00, 0x00, 0x00, 0x00, 0x00, 0x00, 0x00, 0x00, 0x00, 0x00, 0x00,
    0x00, 0x00, 0x00, 0x00, 0x00, 0x00, 0x00, 0x00, 0x00, 0x00, 0x00, 0x00,
    0x00, 0x00, 0x00, 0x00, 0x00, 0x00, 0x00, 0x00, 0x00, 0x00, 0x00, 0x00,
    0x00, 0x00, 0x00, 0x00, 0x00, 0x00, 0x00, 0x00, 0x00, 0x00, 0x00, 0x00,
    0x00, 0x00, 0x00, 0x00, 0x00, 0x00, 0x00, 0x00, 0x00, 0x00, 0x00, 0x00,
    0x00, 0x00, 0x00, 0x00, 0x00, 0x00, 0x00, 0x00, 0x00, 0x00, 0x00, 0x00,
    0x00, 0x00, 0x00, 0x00, 0x00, 0x00, 0x00, 0x00, 0x00, 0x00, 0x00, 0x00,
    0x00, 0x00, 0x00, 0x00, 0x00, 0x00, 0x00, 0x00, 0x00, 0x00, 0x00, 0x00,
    0x00, 0x00, 0x00, 0x00, 0x00, 0x00, 0x00, 0x00, 0x00, 0x00, 0x00, 0x00,
    0x00, 0x00, 0x00, 0x00, 0x00, 0x00, 0x00, 0x00, 0x00, 0x00, 0x00, 0x00,
    0x00, 0x00, 0x00, 0x00, 0x00, 0x00, 0x00, 0x00, 0x00, 0x00, 0x00, 0x00,
    0x00, 0x00, 0x00, 0x00, 0x00, 0x00, 0x00, 0x00, 0x00, 0x00, 0x00, 0x00,
    0x00, 0x00, 0x00, 0x00, 0x00, 0x00, 0x00, 0x00, 0x00, 0x00, 0x00, 0x00,
    0x00, 0x00, 0x00, 0x00, 0x00, 0x00, 0x00, 0x00, 0x00, 0x00, 0x00, 0x00,
    0x00, 0x00, 0x00, 0x00, 0x00, 0x00, 0x00, 0x00, 0x00, 0x00, 0x00, 0x00,
    0x00, 0x00, 0x00, 0x00, 0x00, 0x00, 0x00, 0x00, 0x00, 0x00, 0x00, 0x00,
    0x00, 0x00, 0x00, 0x00, 0x00, 0x00, 0x00, 0x00, 0x00, 0x00, 0x00, 0x00,
    0x00, 0x00, 0x00, 0x00, 0x00, 0x00, 0x00, 0x00, 0x00, 0x00, 0x00, 0x00,
    0x00, 0x00, 0x00, 0x00, 0x00, 0x00, 0x00, 0x00, 0x00, 0x00, 0x00, 0x00,
    0x00, 0x00, 0x00, 0x00, 0x00, 0x00, 0x00, 0x00, 0x00, 0x00, 0x00, 0x00,
    0x00, 0x00, 0x00, 0x00, 0x00, 0x00, 0x00, 0x00, 0x00, 0x00, 0x00, 0x00,
    0x00, 0x00, 0x00, 0x00, 0x00, 0x00, 0x00, 0x00, 0xe0, 0xe8, 0x20, 0xff,
    0xe8, 0xe8, 0x20, 0xff, 0xe8, 0xe8, 0x20, 0xff, 0xe0, 0xe4, 0x18, 0xff,
    0xe8, 0xe8, 0x20, 0xff, 0xe8, 0xe8, 0x20, 0xff, 0xe8, 0xe4, 0x20, 0xff,
    0xe8, 0xe8, 0x20, 0xff, 0xe0, 0xe8, 0x18, 0xff, 0xe8, 0xe4, 0x18, 0xff,
    0xe8, 0xe8, 0x20, 0xff, 0xe8, 0xe8, 0x20, 0xff, 0x00, 0x00, 0x00, 0x00,
    0x00, 0x00, 0x00, 0x00, 0x00, 0x00, 0x00, 0x00, 0x00, 0x00, 0x00, 0x00,
    0x00, 0x00, 0x00, 0x00, 0x00, 0x00, 0x00, 0x00, 0x00, 0x00, 0x00, 0x00,
    0x00, 0x00, 0x00, 0x00, 0x00, 0x00, 0x00, 0x00, 0x00, 0x00, 0x00, 0x00,
    0x00, 0x00, 0x00, 0x00, 0x00, 0x00, 0x00, 0x00, 0x00, 0x00, 0x00, 0x00,
    0x00, 0x00, 0x00, 0x00, 0x00, 0x00, 0x00, 0x00, 0x00, 0x00, 0x00, 0x00,
    0x00, 0x00, 0x00, 0x00, 0x00, 0x00, 0x00, 0x00, 0x00, 0x00, 0x00, 0x00,
    0x00, 0x00, 0x00, 0x00, 0x00, 0x00, 0x00, 0x00, 0x00, 0x00, 0x00, 0x00,
    0x00, 0x00, 0x00, 0x00, 0x00, 0x00, 0x00, 0x00, 0x00, 0x00, 0x00, 0x00,
    0x00, 0x00, 0x00, 0x00, 0x00, 0x00, 0x00, 0x00, 0x00, 0x00, 0x00, 0x00,
    0x00, 0x00, 0x00, 0x00, 0x00, 0x00, 0x00, 0x00, 0x00, 0x00, 0x00, 0x00,
    0x00, 0x00, 0x00, 0x00, 0x00, 0x00, 0x00, 0x00, 0x00, 0x00, 0x00, 0x00,
    0x00, 0x00, 0x00, 0x00, 0x00, 0x00, 0x00, 0x00, 0x00, 0x00, 0x00, 0x00,
    0x00, 0x00, 0x00, 0x00, 0x00, 0x00, 0x00, 0x00, 0x00, 0x00, 0x00, 0x00,
    0x00, 0x00, 0x00, 0x00, 0x00, 0x00, 0x00, 0x00, 0x00, 0x00, 0x00, 0x00,
    0x00, 0x00, 0x00, 0x00, 0x00, 0x00, 0x00, 0x00, 0x00, 0x00, 0x00, 0x00,
    0x00, 0x00, 0x00, 0x00, 0x00, 0x00, 0x00, 0x00, 0x00, 0x00, 0x00, 0x00,
    0x00, 0x00, 0x00, 0x00, 0x00, 0x00, 0x00, 0x00, 0x00, 0x00, 0x00, 0x00,
    0x00, 0x00, 0x00, 0x00, 0x00, 0x00, 0x00, 0x00, 0x00, 0x00, 0x00, 0x00,
    0x00, 0x00, 0x00, 0x00, 0x00, 0x00, 0x00, 0x00, 0x00, 0x00, 0x00, 0x00,
    0x00, 0x00, 0x00, 0x00, 0x00, 0x00, 0x00, 0x00, 0x00, 0x00, 0x00, 0x00,
    0x00, 0x00, 0x00, 0x00, 0x00, 0x00, 0x00, 0x00, 0x00, 0x00, 0x00, 0x00,
    0x00, 0x00, 0x00, 0x00, 0x00, 0x00, 0x00, 0x00, 0x00, 0x00, 0x00, 0x00,
    0x00, 0x00, 0x00, 0x00, 0xe8, 0xe8, 0x20, 0xff, 0xe8, 0xe8, 0x20, 0xff,
    0xe8, 0xe8, 0x18, 0xff, 0xe8, 0xe4, 0x20, 0xff, 0xe8, 0xe8, 0x20, 0xff,
    0xe8, 0xe8, 0x18, 0xff, 0xe8, 0xe8, 0x20, 0xff, 0xe8, 0xe8, 0x20, 0xff,
    0xe8, 0xe4, 0x20, 0xff, 0xe8, 0xe8, 0x20, 0xff, 0xe8, 0xe8, 0x18, 0xff,
    0xe8, 0xe4, 0x20, 0xff, 0x00, 0x00, 0x00, 0x00, 0x00, 0x00, 0x00, 0x00,
    0x00, 0x00, 0x00, 0x00, 0x00, 0x00, 0x00, 0x00, 0x00, 0x00, 0x00, 0x00,
    0x00, 0x00, 0x00, 0x00, 0x00, 0x00, 0x00, 0x00, 0x00, 0x00, 0x00, 0x00,
    0x00, 0x00, 0x00, 0x00, 0x00, 0x00, 0x00, 0x00, 0x00, 0x00, 0x00, 0x00,
    0x00, 0x00, 0x00, 0x00, 0x00, 0x00, 0x00, 0x00, 0x00, 0x00, 0x00, 0x00,
    0x00, 0x00, 0x00, 0x00, 0x00, 0x00, 0x00, 0x00, 0x00, 0x00, 0x00, 0x00,
    0x00, 0x00, 0x00, 0x00, 0x00, 0x00, 0x00, 0x00, 0x00, 0x00, 0x00, 0x00,
    0x00, 0x00, 0x00, 0x00, 0x00, 0x00, 0x00, 0x00, 0x00, 0x00, 0x00, 0x00,
    0x00, 0x00, 0x00, 0x00, 0x00, 0x00, 0x00, 0x00, 0x00, 0x00, 0x00, 0x00,
    0x00, 0x00, 0x00, 0x00, 0x00, 0x00, 0x00, 0x00, 0x00, 0x00, 0x00, 0x00,
    0x00, 0x00, 0x00, 0x00, 0x00, 0x00, 0x00, 0x00, 0x00, 0x00, 0x00, 0x00,
    0x00, 0x00, 0x00, 0x00, 0x00, 0x00, 0x00, 0x00, 0x00, 0x00, 0x00, 0x00,
    0x00, 0x00, 0x00, 0x00, 0x00, 0x00, 0x00, 0x00, 0x00, 0x00, 0x00, 0x00,
    0x00, 0x00, 0x00, 0x00, 0x00, 0x00, 0x00, 0x00, 0x00, 0x00, 0x00, 0x00,
    0x00, 0x00, 0x00, 0x00, 0x00, 0x00, 0x00, 0x00, 0x00, 0x00, 0x00, 0x00,
    0x00, 0x00, 0x00, 0x00, 0x00, 0x00, 0x00, 0x00, 0x00, 0x00, 0x00, 0x00,
    0x00, 0x00, 0x00, 0x00, 0x00, 0x00, 0x00, 0x00, 0x00, 0x00, 0x00, 0x00,
    0x00, 0x00, 0x00, 0x00, 0x00, 0x00, 0x00, 0x00, 0x00, 0x00, 0x00, 0x00,
    0x00, 0x00, 0x00, 0x00, 0x00, 0x00, 0x00, 0x00, 0x00, 0x00, 0x00, 0x00,
    0x00, 0x00, 0x00, 0x00, 0x00, 0x00, 0x00, 0x00, 0x00, 0x00, 0x00, 0x00,
    0x00, 0x00, 0x00, 0x00, 0x00, 0x00, 0x00, 0x00, 0x00, 0x00, 0x00, 0x00,
    0x00, 0x00, 0x00, 0x00, 0x00, 0x00, 0x00, 0x00, 0x00, 0x00, 0x00, 0x00,
    0x00, 0x00, 0x00, 0x00, 0x00, 0x00, 0x00, 0x00, 0x00, 0x00, 0x00, 0x00,
    0xe8, 0xe4, 0x18, 0xff, 0xe8, 0xe8, 0x20, 0xff, 0xe8, 0xe8, 0x20, 0xff,
    0xe8, 0xe8, 0x20, 0xff, 0xe8, 0xe8, 0x20, 0xff, 0xe8, 0xe4, 0x20, 0xff,
    0xe8, 0xe8, 0x20, 0xff, 0xe8, 0xe8, 0x18, 0xff, 0xe8, 0xe8, 0x20, 0xff,
    0xe8, 0xe8, 0x20, 0xff, 0xe0, 0xe8, 0x20, 0xff, 0xe8, 0xe8, 0x18, 0xff,
    0x00, 0x00, 0x00, 0x00, 0x00, 0x00, 0x00, 0x00, 0x00, 0x00, 0x00, 0x00,
    0x00, 0x00, 0x00, 0x00, 0x00, 0x00, 0x00, 0x00, 0x00, 0x00, 0x00, 0x00,
    0x00, 0x00, 0x00, 0x00, 0x00, 0x00, 0x00, 0x00, 0x00, 0x00, 0x00, 0x00,
    0x00, 0x00, 0x00, 0x00, 0x00, 0x00, 0x00, 0x00, 0x00, 0x00, 0x00, 0x00,
    0x00, 0x00, 0x00, 0x00, 0x00, 0x00, 0x00, 0x00, 0x00, 0x00, 0x00, 0x00,
    0x00, 0x00, 0x00, 0x00, 0x00, 0x00, 0x00, 0x00, 0x00, 0x00, 0x00, 0x00,
    0x00, 0x00, 0x00, 0x00, 0x00, 0x00, 0x00, 0x00, 0x00, 0x00, 0x00, 0x00,
    0x00, 0x00, 0x00, 0x00, 0x00, 0x00, 0x00, 0x00, 0x00, 0x00, 0x00, 0x00,
    0x00, 0x00, 0x00, 0x00, 0x00, 0x00, 0x00, 0x00, 0x00, 0x00, 0x00, 0x00,
    0x00, 0x00, 0x00, 0x00, 0x00, 0x00, 0x00, 0x00, 0x00, 0x00, 0x00, 0x00,
    0x00, 0x00, 0x00, 0x00, 0x00, 0x00, 0x00, 0x00, 0x00, 0x00, 0x00, 0x00,
    0x00, 0x00, 0x00, 0x00, 0x00, 0x00, 0x00, 0x00, 0x00, 0x00, 0x00, 0x00,
    0x00, 0x00, 0x00, 0x00, 0x00, 0x00, 0x00, 0x00, 0x00, 0x00, 0x00, 0x00,
    0x00, 0x00, 0x00, 0x00, 0x00, 0x00, 0x00, 0x00, 0x00, 0x00, 0x00, 0x00,
    0x00, 0x00, 0x00, 0x00, 0x00, 0x00, 0x00, 0x00, 0x00, 0x00, 0x00, 0x00,
    0x00, 0x00, 0x00, 0x00, 0x00, 0x00, 0x00, 0x00, 0x00, 0x00, 0x00, 0x00,
    0x00, 0x00, 0x00, 0x00, 0x00, 0x00, 0x00, 0x00, 0x00, 0x00, 0x00, 0x00,
    0x00, 0x00, 0x00, 0x00, 0x00, 0x00, 0x00, 0x00, 0x00, 0x00, 0x00, 0x00,
    0x00, 0x00, 0x00, 0x00, 0x00, 0x00, 0x00, 0x00, 0x00, 0x00, 0x00, 0x00,
    0x00, 0x00, 0x00, 0x00, 0x00, 0x00, 0x00, 0x00, 0x00, 0x00, 0x00, 0x00,
    0x00, 0x00, 0x00, 0x00, 0x00, 0x00, 0x00, 0x00, 0x00, 0x00, 0x00, 0x00,
    0x00, 0x00, 0x00, 0x00, 0x00, 0x00, 0x00, 0x00, 0x00, 0x00, 0x00, 0x00,
    0x00, 0x00, 0x00, 0x00, 0x00, 0x00, 0x00, 0x00, 0xe8, 0xe8, 0x20, 0xff,
    0xe0, 0xe4, 0x20, 0xff, 0xe8, 0xe8, 0x18, 0xff, 0xe8, 0xe8, 0x20, 0xff,
    0xe0, 0xe4, 0x18, 0xff, 0xe8, 0xe8, 0x20, 0xff, 0xe8, 0xe4, 0x20, 0xff,
    0xe8, 0xe8, 0x20, 0xff, 0xe8, 0xe8, 0x18, 0xff, 0xe8, 0xe4, 0x20, 0xff,
    0xe8, 0xe8, 0x20, 0xff, 0xe8, 0xe8, 0x20, 0xff, 0x00, 0x00, 0x00, 0x00,
    0x00, 0x00, 0x00, 0x00, 0x00, 0x00, 0x00, 0x00, 0x00, 0x00, 0x00, 0x00,
    0x00, 0x00, 0x00, 0x00, 0x00, 0x00, 0x00, 0x00, 0x00, 0x00, 0x00, 0x00,
    0x00, 0x00, 0x00, 0x00, 0x00, 0x00, 0x00, 0x00, 0x00, 0x00, 0x00, 0x00,
    0x00, 0x00, 0x00, 0x00, 0x00, 0x00, 0x00, 0x00, 0x00, 0x00, 0x00, 0x00,
    0x00, 0x00, 0x00, 0x00, 0x00, 0x00, 0x00, 0x00, 0x00, 0x00, 0x00, 0x00,
    0x00, 0x00, 0x00, 0x00, 0x00, 0x00, 0x00, 0x00, 0x00, 0x00, 0x00, 0x00,
    0x00, 0x00, 0x00, 0x00, 0x00, 0x00, 0x00, 0x00, 0x00, 0x00, 0x00, 0x00,
    0x00, 0x00, 0x00, 0x00, 0x00, 0x00, 0x00, 0x00, 0x00, 0x00, 0x00, 0x00,
    0x00, 0x00, 0x00, 0x00, 0x00, 0x00, 0x00, 0x00, 0x00, 0x00, 0x00, 0x00,
    0x00, 0x00, 0x00, 0x00, 0x00, 0x00, 0x00, 0x00, 0x00, 0x00, 0x00, 0x00,
    0x00, 0x00, 0x00, 0x00, 0x00, 0x00, 0x00, 0x00, 0x00, 0x00, 0x00, 0x00,
    0x00, 0x00, 0x00, 0x00, 0x00, 0x00, 0x00, 0x00, 0x00, 0x00, 0x00, 0x00,
    0x00, 0x00, 0x00, 0x00, 0x00, 0x00, 0x00, 0x00, 0x00, 0x00, 0x00, 0x00,
    0x00, 0x00, 0x00, 0x00, 0x00, 0x00, 0x00, 0x00, 0x00, 0x00, 0x00, 0x00,
    0x00, 0x00, 0x00, 0x00, 0x00, 0x00, 0x00, 0x00, 0x00, 0x00, 0x00, 0x00,
    0x00, 0x00, 0x00, 0x00, 0x00, 0x00, 0x00, 0x00, 0x00, 0x00, 0x00, 0x00,
    0x00, 0x00, 0x00, 0x00, 0x00, 0x00, 0x00, 0x00, 0x00, 0x00, 0x00, 0x00,
    0x00, 0x00, 0x00, 0x00, 0x00, 0x00, 0x00, 0x00, 0x00, 0x00, 0x00, 0x00,
    0x00, 0x00, 0x00, 0x00, 0x00, 0x00, 0x00, 0x00, 0x00, 0x00, 0x00, 0x00,
    0x00, 0x00, 0x00, 0x00, 0x00, 0x00, 0x00, 0x00, 0x00, 0x00, 0x00, 0x00,
    0x00, 0x00, 0x00, 0x00, 0x00, 0x00, 0x00, 0x00, 0x00, 0x00, 0x00, 0x00,
    0x00, 0x00, 0x00, 0x00, 0x00, 0x00, 0x00, 0x00, 0x00, 0x00, 0x00, 0x00,
    0x00, 0x00, 0x00, 0x00, 0xe8, 0xe8, 0x20, 0xff, 0xe8, 0xe8, 0x20, 0xff,
    0xe8, 0xe4, 0x20, 0xff, 0xe8, 0xe8, 0x18, 0xff, 0xe8, 0xe8, 0x20, 0xff,
    0xe8, 0xe8, 0x20, 0xff, 0xe8, 0xe8, 0x20, 0xff, 0xe8, 0xe8, 0x20, 0xff,
    0xe0, 0xe4, 0x20, 0xff, 0xe8, 0xe8, 0x18, 0xff, 0xe8, 0xe4, 0x20, 0xff,
    0xe8, 0xe8, 0x20, 0xff, 0x00, 0x00, 0x00, 0x00, 0x00, 0x00, 0x00, 0x00,
    0x00, 0x00, 0x00, 0x00, 0x00, 0x00, 0x00, 0x00, 0x00, 0x00, 0x00, 0x00,
    0x00, 0x00, 0x00, 0x00, 0x00, 0x00, 0x00, 0x00, 0x00, 0x00, 0x00, 0x00,
    0x00, 0x00, 0x00, 0x00, 0x00, 0x00, 0x00, 0x00, 0x00, 0x00, 0x00, 0x00,
    0x00, 0x00, 0x00, 0x00, 0x00, 0x00, 0x00, 0x00, 0x00, 0x00, 0x00, 0x00,
    0x00, 0x00, 0x00, 0x00, 0x00, 0x00, 0x00, 0x00, 0x00, 0x00, 0x00, 0x00,
    0x00, 0x00, 0x00, 0x00, 0x00, 0x00, 0x00, 0x00, 0x00, 0x00, 0x00, 0x00,
    0x00, 0x00, 0x00, 0x00, 0x00, 0x00, 0x00, 0x00, 0x00, 0x00, 0x00, 0x00,
    0x00, 0x00, 0x00, 0x00, 0x00, 0x00, 0x00, 0x00, 0x00, 0x00, 0x00, 0x00,
    0x00, 0x00, 0x00, 0x00, 0x00, 0x00, 0x00, 0x00, 0x00, 0x00, 0x00, 0x00,
    0x00, 0x00, 0x00, 0x00, 0x00, 0x00, 0x00, 0x00, 0x00, 0x00, 0x00, 0x00,
    0x00, 0x00, 0x00, 0x00, 0x00, 0x00, 0x00, 0x00, 0x00, 0x00, 0x00, 0x00,
    0x00, 0x00, 0x00, 0x00, 0x00, 0x00, 0x00, 0x00, 0x00, 0x00, 0x00, 0x00,
    0x00, 0x00, 0x00, 0x00, 0x00, 0x00, 0x00, 0x00, 0x00, 0x00, 0x00, 0x00,
    0x00, 0x00, 0x00, 0x00, 0x00, 0x00, 0x00, 0x00, 0x00, 0x00, 0x00, 0x00,
    0x00, 0x00, 0x00, 0x00, 0x00, 0x00, 0x00, 0x00, 0x00, 0x00, 0x00, 0x00,
    0x00, 0x00, 0x00, 0x00, 0x00, 0x00, 0x00, 0x00, 0x00, 0x00, 0x00, 0x00,
    0x00, 0x00, 0x00, 0x00, 0x00, 0x00, 0x00, 0x00, 0x00, 0x00, 0x00, 0x00,
    0x00, 0x00, 0x00, 0x00, 0x00, 0x00, 0x00, 0x00, 0x00, 0x00, 0x00, 0x00,
    0x00, 0x00, 0x00, 0x00, 0x00, 0x00, 0x00, 0x00, 0x00, 0x00, 0x00, 0x00,
    0x00, 0x00, 0x00, 0x00, 0x00, 0x00, 0x00, 0x00, 0x00, 0x00, 0x00, 0x00,
    0x00, 0x00, 0x00, 0x00, 0x00, 0x00, 0x00, 0x00, 0x00, 0x00, 0x00, 0x00,
    0x00, 0x00, 0x00, 0x00, 0x00, 0x00, 0x00, 0x00, 0x00, 0x00, 0x00, 0x00,
    0xe8, 0xe8, 0x18, 0xff, 0xe8, 0xe8, 0x20, 0xff, 0xe8, 0xe8, 0x20, 0xff,
    0xe8, 0xe8, 0x20, 0xff, 0xe8, 0xe8, 0x20, 0xff, 0xe8, 0xe4, 0x20, 0xff,
    0xe8, 0xe8, 0x20, 0xff, 0xe8, 0xe8, 0x20, 0xff, 0xe8, 0xe8, 0x18, 0xff,
    0xe8, 0xe8, 0x20, 0xff, 0xe8, 0xe8, 0x20, 0xff, 0xe0, 0xe4, 0x18, 0xff,
    0x00, 0x00, 0x00, 0x00, 0x00, 0x00, 0x00, 0x00, 0x00, 0x00, 0x00, 0x00,
    0x00, 0x00, 0x00, 0x00, 0x00, 0x00, 0x00, 0x00, 0x00, 0x00, 0x00, 0x00,
    0x00, 0x00, 0x00, 0x00, 0x00, 0x00, 0x00, 0x00, 0x00, 0x00, 0x00, 0x00,
    0x00, 0x00, 0x00, 0x00, 0x00, 0x00, 0x00, 0x00, 0x00, 0x00, 0x00, 0x00,
    0x00, 0x00, 0x00, 0x00, 0x00, 0x00, 0x00, 0x00, 0x00, 0x00, 0x00, 0x00,
    0x00, 0x00, 0x00, 0x00, 0x00, 0x00, 0x00, 0x00, 0x00, 0x00, 0x00, 0x00,
    0x00, 0x00, 0x00, 0x00, 0x00, 0x00, 0x00, 0x00, 0x00, 0x00, 0x00, 0x00,
    0x00, 0x00, 0x00, 0x00, 0x00, 0x00, 0x00, 0x00, 0x00, 0x00, 0x00, 0x00,
    0x00, 0x00, 0x00, 0x00, 0x00, 0x00, 0x00, 0x00, 0x00, 0x00, 0x00, 0x00,
    0x00, 0x00, 0x00, 0x00, 0x00, 0x00, 0x00, 0x00, 0x00, 0x00, 0x00, 0x00,
    0x00, 0x00, 0x00, 0x00, 0x00, 0x00, 0x00, 0x00, 0x00, 0x00, 0x00, 0x00,
    0x00, 0x00, 0x00, 0x00, 0x00, 0x00, 0x00, 0x00, 0x00, 0x00, 0x00, 0x00,
    0x00, 0x00, 0x00, 0x00, 0x00, 0x00, 0x00, 0x00, 0x00, 0x00, 0x00, 0x00,
    0x00, 0x00, 0x00, 0x00, 0x00, 0x00, 0x00, 0x00, 0x00, 0x00, 0x00, 0x00,
    0x00, 0x00, 0x00, 0x00, 0x00, 0x00, 0x00, 0x00, 0x00, 0x00, 0x00, 0x00,
    0x00, 0x00, 0x00, 0x00, 0x00, 0x00, 0x00, 0x00, 0x00, 0x00, 0x00, 0x00,
    0x00, 0x00, 0x00, 0x00, 0x00, 0x00, 0x00, 0x00, 0x00, 0x00, 0x00, 0x00,
    0x00, 0x00, 0x00, 0x00, 0x00, 0x00, 0x00, 0x00, 0x00, 0x00, 0x00, 0x00,
    0x00, 0x00, 0x00, 0x00, 0x00, 0x00, 0x00, 0x00, 0x00, 0x00, 0x00, 0x00,
    0x00, 0x00, 0x00, 0x00, 0x00, 0x00, 0x00, 0x00, 0x00, 0x00, 0x00, 0x00,
    0x00, 0x00, 0x00, 0x00, 0x00, 0x00, 0x00, 0x00, 0x00, 0x00, 0x00, 0x00,
    0x00, 0x00, 0x00, 0x00, 0x00, 0x00, 0x00, 0x00, 0x00, 0x00, 0x00, 0x00,
    0x00, 0x00, 0x00, 0x00, 0x00, 0x00, 0x00, 0x00, 0xe0, 0xe4, 0x20, 0xff,
    0xe8, 0xe8, 0x18, 0xff, 0xe8, 0xe4, 0x20, 0xff, 0xe0, 0xe8, 0x20, 0xff,
    0xe8, 0xe8, 0x18, 0xff, 0xe8, 0xe8, 0x20, 0xff, 0xe8, 0xe4, 0x20, 0xff,
    0xe8, 0xe8, 0x18, 0xff, 0xe8, 0xe8, 0x20, 0xff, 0xe8, 0xe4, 0x20, 0xff,
    0xe8, 0xe8, 0x20, 0xff, 0xe8, 0xe8, 0x20, 0xff, 0x00, 0x00, 0x00, 0x00,
    0x00, 0x00, 0x00, 0x00, 0x00, 0x00, 0x00, 0x00, 0x00, 0x00, 0x00, 0x00,
    0x00, 0x00, 0x00, 0x00, 0x00, 0x00, 0x00, 0x00, 0x00, 0x00, 0x00, 0x00,
    0x00, 0x00, 0x00, 0x00, 0x00, 0x00, 0x00, 0x00, 0x00, 0x00, 0x00, 0x00,
    0x00, 0x00, 0x00, 0x00, 0x00, 0x00, 0x00, 0x00, 0x00, 0x00, 0x00, 0x00,
    0x00, 0x00, 0x00, 0x00, 0x00, 0x00, 0x00, 0x00, 0x00, 0x00, 0x00, 0x00,
    0x00, 0x00, 0x00, 0x00, 0x00, 0x00, 0x00, 0x00, 0x00, 0x00, 0x00, 0x00,
    0x00, 0x00, 0x00, 0x00, 0x00, 0x00, 0x00, 0x00, 0x00, 0x00, 0x00, 0x00,
    0x00, 0x00, 0x00, 0x00, 0x00, 0x00, 0x00, 0x00, 0x00, 0x00, 0x00, 0x00,
    0x00, 0x00, 0x00, 0x00, 0x00, 0x00, 0x00, 0x00, 0x00, 0x00, 0x00, 0x00,
    0x00, 0x00, 0x00, 0x00, 0x00, 0x00, 0x00, 0x00, 0x00, 0x00, 0x00, 0x00,
    0x00, 0x00, 0x00, 0x00, 0x00, 0x00, 0x00, 0x00, 0x00, 0x00, 0x00, 0x00,
    0x00, 0x00, 0x00, 0x00, 0x00, 0x00, 0x00, 0x00, 0x00, 0x00, 0x00, 0x00,
    0x00, 0x00, 0x00, 0x00, 0x00, 0x00, 0x00, 0x00, 0x00, 0x00, 0x00, 0x00,
    0x00, 0x00, 0x00, 0x00, 0x00, 0x00, 0x00, 0x00, 0x00, 0x00, 0x00, 0x00,
    0x00, 0x00, 0x00, 0x00, 0x00, 0x00, 0x00, 0x00, 0x00, 0x00, 0x00, 0x00,
    0x00, 0x00, 0x00, 0x00, 0x00, 0x00, 0x00, 0x00, 0x00, 0x00, 0x00, 0x00,
    0x00, 0x00, 0x00, 0x00, 0x00, 0x00, 0x00, 0x00, 0x00, 0x00, 0x00, 0x00,
    0x00, 0x00, 0x00, 0x00, 0x00, 0x00, 0x00, 0x00, 0x00, 0x00, 0x00, 0x00,
    0x00, 0x00, 0x00, 0x00, 0x00, 0x00, 0x00, 0x00, 0x00, 0x00, 0x00, 0x00,
    0x00, 0x00, 0x00, 0x00, 0x00, 0x00, 0x00, 0x00, 0x00, 0x00, 0x00, 0x00,
    0x00, 0x00, 0x00, 0x00, 0x00, 0x00, 0x00, 0x00, 0x00, 0x00, 0x00, 0x00,
    0x00, 0x00, 0x00, 0x00, 0x00, 0x00, 0x00, 0x00, 0x00, 0x00, 0x00, 0x00,
    0x00, 0x00, 0x00, 0x00, 0xe8, 0xe8, 0x20, 0xff, 0xe8, 0xe8, 0x20, 0xff,
    0xe8, 0xe4, 0x18, 0xff, 0xe8, 0xe8, 0x20, 0xff, 0xe8, 0xe8, 0x20, 0xff,
    0xe8, 0xe4, 0x18, 0xff, 0xe8, 0xe8, 0x20, 0xff, 0xe8, 0xe8, 0x20, 0xff,
    0xe0, 0xe4, 0x20, 0xff, 0xe8, 0xe8, 0x18, 0xff, 0xe8, 0xe8, 0x20, 0xff,
    0xe8, 0xe8, 0x20, 0xff, 0x00, 0x00, 0x00, 0x00, 0x00, 0x00, 0x00, 0x00,
    0x00, 0x00, 0x00, 0x00, 0x00, 0x00, 0x00, 0x00, 0x00, 0x00, 0x00, 0x00,
    0x00, 0x00, 0x00, 0x00, 0x00, 0x00, 0x00, 0x00, 0x00, 0x00, 0x00, 0x00,
    0x00, 0x00, 0x00, 0x00, 0x00, 0x00, 0x00, 0x00, 0x00, 0x00, 0x00, 0x00,
    0x00, 0x00, 0x00, 0x00, 0x00, 0x00, 0x00, 0x00, 0x00, 0x00, 0x00, 0x00,
    0x00, 0x00, 0x00, 0x00, 0x00, 0x00, 0x00, 0x00, 0x00, 0x00, 0x00, 0x00,
    0x00, 0x00, 0x00, 0x00, 0x00, 0x00, 0x00, 0x00, 0x00, 0x00, 0x00, 0x00,
    0x00, 0x00, 0x00, 0x00, 0x00, 0x00, 0x00, 0x00, 0x00, 0x00, 0x00, 0x00,
    0x00, 0x00, 0x00, 0x00, 0x00, 0x00, 0x00, 0x00, 0x00, 0x00, 0x00, 0x00,
    0x00, 0x00, 0x00, 0x00, 0x00, 0x00, 0x00, 0x00, 0x00, 0x00, 0x00, 0x00,
    0x00, 0x00, 0x00, 0x00, 0x00, 0x00, 0x00, 0x00, 0x00, 0x00, 0x00, 0x00,
    0x00, 0x00, 0x00, 0x00, 0x00, 0x00, 0x00, 0x00, 0x00, 0x00, 0x00, 0x00,
    0x00, 0x00, 0x00, 0x00, 0x00, 0x00, 0x00, 0x00, 0x00, 0x00, 0x00, 0x00,
    0x00, 0x00, 0x00, 0x00, 0x00, 0x00, 0x00, 0x00, 0x00, 0x00, 0x00, 0x00,
    0x00, 0x00, 0x00, 0x00, 0x00, 0x00, 0x00, 0x00, 0x00, 0x00, 0x00, 0x00,
    0x00, 0x00, 0x00, 0x00, 0x00, 0x00, 0x00, 0x00, 0x00, 0x00, 0x00, 0x00,
    0x00, 0x00, 0x00, 0x00, 0x00, 0x00, 0x00, 0x00, 0x00, 0x00, 0x00, 0x00,
    0x00, 0x00, 0x00, 0x00, 0x00, 0x00, 0x00, 0x00, 0x00, 0x00, 0x00, 0x00,
    0x00, 0x00, 0x00, 0x00, 0x00, 0x00, 0x00, 0x00, 0x00, 0x00, 0x00, 0x00,
    0x00, 0x00, 0x00, 0x00, 0x00, 0x00, 0x00, 0x00, 0x00, 0x00, 0x00, 0x00,
    0x00, 0x00, 0x00, 0x00, 0x00, 0x00, 0x00, 0x00, 0x00, 0x00, 0x00, 0x00,
    0x00, 0x00, 0x00, 0x00, 0x00, 0x00, 0x00, 0x00, 0x00, 0x00, 0x00, 0x00,
    0x00, 0x00, 0x00, 0x00, 0x00, 0x00, 0x00, 0x00, 0x00, 0x00, 0x00, 0x00,
    0xe8, 0xe8, 0x20, 0xff, 0xe8, 0xe8, 0x20, 0xff, 0xe8, 0xe8, 0x20, 0xff,
    0xe8, 0xe8, 0x20, 0xff, 0xe8, 0xe4, 0x20, 0xff, 0xe8, 0xe8, 0x20, 0xff,
    0xe8, 0xe8, 0x20, 0xff, 0xe8, 0xe8, 0x20, 0xff, 0xe8, 0xe8, 0x18, 0xff,
    0xe8, 0xe8, 0x20, 0xff, 0xe8, 0xe4, 0x20, 0xff, 0xe0, 0xe8, 0x18, 0xff,
    0x00, 0x00, 0x00, 0x00, 0x00, 0x00, 0x00, 0x00, 0x00, 0x00, 0x00, 0x00,
    0x00, 0x00, 0x00, 0x00, 0x00, 0x00, 0x00, 0x00, 0x00, 0x00, 0x00, 0x00,
    0x00, 0x00, 0x00, 0x00, 0x00, 0x00, 0x00, 0x00, 0x00, 0x00, 0x00, 0x00,
    0x00, 0x00, 0x00, 0x00, 0x00, 0x00, 0x00, 0x00, 0x00, 0x00, 0x00, 0x00,
    0x00, 0x00, 0x00, 0x00, 0x00, 0x00, 0x00, 0x00, 0x00, 0x00, 0x00, 0x00,
    0x00, 0x00, 0x00, 0x00, 0x00, 0x00, 0x00, 0x00, 0x00, 0x00, 0x00, 0x00,
    0x00, 0x00, 0x00, 0x00, 0x00, 0x00, 0x00, 0x00, 0x00, 0x00, 0x00, 0x00,
    0x00, 0x00, 0x00, 0x00, 0x00, 0x00, 0x00, 0x00, 0x00, 0x00, 0x00, 0x00,
    0x00, 0x00, 0x00, 0x00, 0x00, 0x00, 0x00, 0x00, 0x00, 0x00, 0x00, 0x00,
    0x00, 0x00, 0x00, 0x00, 0x00, 0x00, 0x00, 0x00, 0x00, 0x00, 0x00, 0x00,
    0x00, 0x00, 0x00, 0x00, 0x00, 0x00, 0x00, 0x00, 0x00, 0x00, 0x00, 0x00,
    0x00, 0x00, 0x00, 0x00, 0x00, 0x00, 0x00, 0x00, 0x00, 0x00, 0x00, 0x00,
    0x00, 0x00, 0x00, 0x00, 0x00, 0x00, 0x00, 0x00, 0x00, 0x00, 0x00, 0x00,
    0x00, 0x00, 0x00, 0x00, 0x00, 0x00, 0x00, 0x00, 0x00, 0x00, 0x00, 0x00,
    0x00, 0x00, 0x00, 0x00, 0x00, 0x00, 0x00, 0x00, 0x00, 0x00, 0x00, 0x00,
    0x00, 0x00, 0x00, 0x00, 0x00, 0x00, 0x00, 0x00, 0x00, 0x00, 0x00, 0x00,
    0x00, 0x00, 0x00, 0x00, 0x00, 0x00, 0x00, 0x00, 0x00, 0x00, 0x00, 0x00,
    0x00, 0x00, 0x00, 0x00, 0x00, 0x00, 0x00, 0x00, 0x00, 0x00, 0x00, 0x00,
    0x00, 0x00, 0x00, 0x00, 0x00, 0x00, 0x00, 0x00, 0x00, 0x00, 0x00, 0x00,
    0x00, 0x00, 0x00, 0x00, 0x00, 0x00, 0x00, 0x00, 0x00, 0x00, 0x00, 0x00,
    0x00, 0x00, 0x00, 0x00, 0x00, 0x00, 0x00, 0x00, 0x00, 0x00, 0x00, 0x00,
    0x00, 0x00, 0x00, 0x00, 0x00, 0x00, 0x00, 0x00, 0x00, 0x00, 0x00, 0x00,
    0x00, 0x00, 0x00, 0x00, 0x00, 0x00, 0x00, 0x00, 0xe0, 0xe4, 0x18, 0xff,
    0xe8, 0xe8, 0x20, 0xff, 0xe8, 0xe8, 0x20, 0xff, 0xe0, 0xe4, 0x18, 0xff,
    0xe8, 0xe8, 0x20, 0xff, 0xe8, 0xe8, 0x20, 0xff, 0xe8, 0xe4, 0x20, 0xff,
    0xe8, 0xe8, 0x20, 0xff, 0xe8, 0xe8, 0x20, 0xff, 0xe8, 0xe4, 0x20, 0xff,
    0xe8, 0xe8, 0x20, 0xff, 0xe8, 0xe8, 0x20, 0xff, 0xe0, 0xdc, 0x20, 0x10,
    0x00, 0x00, 0x00, 0x00, 0x00, 0x00, 0x00, 0x00, 0x00, 0x00, 0x00, 0x00,
    0x00, 0x00, 0x00, 0x00, 0x00, 0x00, 0x00, 0x00, 0x00, 0x00, 0x00, 0x00,
    0x00, 0x00, 0x00, 0x00, 0x00, 0x00, 0x00, 0x00, 0x00, 0x00, 0x00, 0x00,
    0x00, 0x00, 0x00, 0x00, 0x00, 0x00, 0x00, 0x00, 0x00, 0x00, 0x00, 0x00,
    0x00, 0x00, 0x00, 0x00, 0x00, 0x00, 0x00, 0x00, 0x00, 0x00, 0x00, 0x00,
    0x00, 0x00, 0x00, 0x00, 0x00, 0x00, 0x00, 0x00, 0x00, 0x00, 0x00, 0x00,
    0x00, 0x00, 0x00, 0x00, 0x00, 0x00, 0x00, 0x00, 0x00, 0x00, 0x00, 0x00,
    0x00, 0x00, 0x00, 0x00, 0x00, 0x00, 0x00, 0x00, 0x00, 0x00, 0x00, 0x00,
    0x00, 0x00, 0x00, 0x00, 0x00, 0x00, 0x00, 0x00, 0x00, 0x00, 0x00, 0x00,
    0x00, 0x00, 0x00, 0x00, 0x00, 0x00, 0x00, 0x00, 0x00, 0x00, 0x00, 0x00,
    0x00, 0x00, 0x00, 0x00, 0x00, 0x00, 0x00, 0x00, 0x00, 0x00, 0x00, 0x00,
    0x00, 0x00, 0x00, 0x00, 0x00, 0x00, 0x00, 0x00, 0x00, 0x00, 0x00, 0x00,
    0x00, 0x00, 0x00, 0x00, 0x00, 0x00, 0x00, 0x00, 0x00, 0x00, 0x00, 0x00,
    0x00, 0x00, 0x00, 0x00, 0x00, 0x00, 0x00, 0x00, 0x00, 0x00, 0x00, 0x00,
    0x00, 0x00, 0x00, 0x00, 0x00, 0x00, 0x00, 0x00, 0x00, 0x00, 0x00, 0x00,
    0x00, 0x00, 0x00, 0x00, 0x00, 0x00, 0x00, 0x00, 0x00, 0x00, 0x00, 0x00,
    0x00, 0x00, 0x00, 0x00, 0x00, 0x00, 0x00, 0x00, 0x00, 0x00, 0x00, 0x00,
    0x00, 0x00, 0x00, 0x00, 0x00, 0x00, 0x00, 0x00, 0x00, 0x00, 0x00, 0x00,
    0x00, 0x00, 0x00, 0x00, 0x00, 0x00, 0x00, 0x00, 0x00, 0x00, 0x00, 0x00,
    0x00, 0x00, 0x00, 0x00, 0x00, 0x00, 0x00, 0x00, 0x00, 0x00, 0x00, 0x00,
    0x00, 0x00, 0x00, 0x00, 0x00, 0x00, 0x00, 0x00, 0x00, 0x00, 0x00, 0x00,
    0x00, 0x00, 0x00, 0x00, 0x00, 0x00, 0x00, 0x00, 0x00, 0x00, 0x00, 0x00,
    0xe0, 0xe0, 0x20, 0x10, 0xe8, 0xe8, 0x20, 0xff, 0xe8, 0xe4, 0x18, 0xff,
    0xe8, 0xe8, 0x20, 0xff, 0xe8, 0xe8, 0x20, 0xff, 0xe8, 0xe8, 0x18, 0xff,
    0xe8, 0xe8, 0x20, 0xff, 0xe8, 0xe8, 0x18, 0xfb, 0xe8, 0xe8, 0x20, 0xff,
    0xe0, 0xe4, 0x18, 0xff, 0xe8, 0xe8, 0x20, 0xff, 0xe8, 0xe8, 0x18, 0xff,
    0xe8, 0xe8, 0x20, 0xff, 0xe8, 0xe8, 0x18, 0x20, 0x00, 0x00, 0x00, 0x00,
    0x00, 0x00, 0x00, 0x00, 0x00, 0x00, 0x00, 0x00, 0x00, 0x00, 0x00, 0x00,
    0x00, 0x00, 0x00, 0x00, 0x00, 0x00, 0x00, 0x00, 0x00, 0x00, 0x00, 0x00,
    0x00, 0x00, 0x00, 0x00, 0x00, 0x00, 0x00, 0x00, 0x00, 0x00, 0x00, 0x00,
    0x00, 0x00, 0x00, 0x00, 0x00, 0x00, 0x00, 0x00, 0x00, 0x00, 0x00, 0x00,
    0x00, 0x00, 0x00, 0x00, 0x00, 0x00, 0x00, 0x00, 0x00, 0x00, 0x00, 0x00,
    0x00, 0x00, 0x00, 0x00, 0x00, 0x00, 0x00, 0x00, 0x00, 0x00, 0x00, 0x00,
    0x00, 0x00, 0x00, 0x00, 0x00, 0x00, 0x00, 0x00, 0x00, 0x00, 0x00, 0x00,
    0x00, 0x00, 0x00, 0x00, 0x00, 0x00, 0x00, 0x00, 0x00, 0x00, 0x00, 0x00,
    0x00, 0x00, 0x00, 0x00, 0x00, 0x00, 0x00, 0x00, 0x00, 0x00, 0x00, 0x00,
    0x00, 0x00, 0x00, 0x00, 0x00, 0x00, 0x00, 0x00, 0x00, 0x00, 0x00, 0x00,
    0x00, 0x00, 0x00, 0x00, 0x00, 0x00, 0x00, 0x00, 0x00, 0x00, 0x00, 0x00,
    0x00, 0x00, 0x00, 0x00, 0x00, 0x00, 0x00, 0x00, 0x00, 0x00, 0x00, 0x00,
    0x00, 0x00, 0x00, 0x00, 0x00, 0x00, 0x00, 0x00, 0x00, 0x00, 0x00, 0x00,
    0x00, 0x00, 0x00, 0x00, 0x00, 0x00, 0x00, 0x00, 0x00, 0x00, 0x00, 0x00,
    0x00, 0x00, 0x00, 0x00, 0x00, 0x00, 0x00, 0x00, 0x00, 0x00, 0x00, 0x00,
    0x00, 0x00, 0x00, 0x00, 0x00, 0x00, 0x00, 0x00, 0x00, 0x00, 0x00, 0x00,
    0x00, 0x00, 0x00, 0x00, 0x00, 0x00, 0x00, 0x00, 0x00, 0x00, 0x00, 0x00,
    0x00, 0x00, 0x00, 0x00, 0x00, 0x00, 0x00, 0x00, 0x00, 0x00, 0x00, 0x00,
    0x00, 0x00, 0x00, 0x00, 0x00, 0x00, 0x00, 0x00, 0x00, 0x00, 0x00, 0x00,
    0x00, 0x00, 0x00, 0x00, 0x00, 0x00, 0x00, 0x00, 0x00, 0x00, 0x00, 0x00,
    0x00, 0x00, 0x00, 0x00, 0x00, 0x00, 0x00, 0x00, 0x00, 0x00, 0x00, 0x00,
    0x00, 0x00, 0x00, 0x00, 0x00, 0x00, 0x00, 0x00, 0xe8, 0xe8, 0x18, 0x20,
    0xe8, 0xe8, 0x20, 0xff, 0xe8, 0xe8, 0x20, 0xff, 0xe8, 0xe4, 0x20, 0xff,
    0xe8, 0xe8, 0x20, 0xff, 0xe8, 0xe8, 0x20, 0xff, 0xe8, 0xe4, 0x20, 0xf7,
    0xe8, 0xe8, 0x20, 0xdf, 0xe8, 0xe8, 0x20, 0xff, 0xe8, 0xe8, 0x20, 0xff,
    0xe8, 0xe8, 0x18, 0xff, 0xe8, 0xe4, 0x20, 0xff, 0xe0, 0xe8, 0x20, 0xff,
    0xe8, 0xe8, 0x18, 0x20, 0x00, 0x00, 0x00, 0x00, 0x00, 0x00, 0x00, 0x00,
    0x00, 0x00, 0x00, 0x00, 0x00, 0x00, 0x00, 0x00, 0x00, 0x00, 0x00, 0x00,
    0x00, 0x00, 0x00, 0x00, 0x00, 0x00, 0x00, 0x00, 0x00, 0x00, 0x00, 0x00,
    0x00, 0x00, 0x00, 0x00, 0x00, 0x00, 0x00, 0x00, 0x00, 0x00, 0x00, 0x00,
    0x00, 0x00, 0x00, 0x00, 0x00, 0x00, 0x00, 0x00, 0x00, 0x00, 0x00, 0x00,
    0x00, 0x00, 0x00, 0x00, 0x00, 0x00, 0x00, 0x00, 0x00, 0x00, 0x00, 0x00,
    0x00, 0x00, 0x00, 0x00, 0x00, 0x00, 0x00, 0x00, 0x00, 0x00, 0x00, 0x00,
    0x00, 0x00, 0x00, 0x00, 0x00, 0x00, 0x00, 0x00, 0x00, 0x00, 0x00, 0x00,
    0x00, 0x00, 0x00, 0x00, 0x00, 0x00, 0x00, 0x00, 0x00, 0x00, 0x00, 0x00,
    0x00, 0x00, 0x00, 0x00, 0x00, 0x00, 0x00, 0x00, 0x00, 0x00, 0x00, 0x00,
    0x00, 0x00, 0x00, 0x00, 0x00, 0x00, 0x00, 0x00, 0x00, 0x00, 0x00, 0x00,
    0x00, 0x00, 0x00, 0x00, 0x00, 0x00, 0x00, 0x00, 0x00, 0x00, 0x00, 0x00,
    0x00, 0x00, 0x00, 0x00, 0x00, 0x00, 0x00, 0x00, 0x00, 0x00, 0x00, 0x00,
    0x00, 0x00, 0x00, 0x00, 0x00, 0x00, 0x00, 0x00, 0x00, 0x00, 0x00, 0x00,
    0x00, 0x00, 0x00, 0x00, 0x00, 0x00, 0x00, 0x00, 0x00, 0x00, 0x00, 0x00,
    0x00, 0x00, 0x00, 0x00, 0x00, 0x00, 0x00, 0x00, 0x00, 0x00, 0x00, 0x00,
    0x00, 0x00, 0x00, 0x00, 0x00, 0x00, 0x00, 0x00, 0x00, 0x00, 0x00, 0x00,
    0x00, 0x00, 0x00, 0x00, 0x00, 0x00, 0x00, 0x00, 0x00, 0x00, 0x00, 0x00,
    0x00, 0x00, 0x00, 0x00, 0x00, 0x00, 0x00, 0x00, 0x00, 0x00, 0x00, 0x00,
    0x00, 0x00, 0x00, 0x00, 0x00, 0x00, 0x00, 0x00, 0x00, 0x00, 0x00, 0x00,
    0x00, 0x00, 0x00, 0x00, 0x00, 0x00, 0x00, 0x00, 0x00, 0x00, 0x00, 0x00,
    0x00, 0x00, 0x00, 0x00, 0x00, 0x00, 0x00, 0x00, 0x00, 0x00, 0x00, 0x00,
    0x00, 0x00, 0x00, 0x00, 0xe0, 0xe4, 0x18, 0x20, 0xe8, 0xe8, 0x20, 0xff,
    0xe8, 0xe8, 0x18, 0xff, 0xe0, 0xe8, 0x20, 0xff, 0xe8, 0xe4, 0x18, 0xff,
    0xe8, 0xe8, 0x20, 0xff, 0xe8, 0xe8, 0x20, 0xdf, 0xe8, 0xe8, 0x20, 0xdb,
    0xe8, 0xe4, 0x20, 0xff, 0xe8, 0xe8, 0x20, 0xff, 0xe8, 0xe8, 0x20, 0xff,
    0xe8, 0xe4, 0x20, 0xff, 0xe8, 0xe8, 0x18, 0xff, 0xe0, 0xe4, 0x18, 0x30,
    0x00, 0x00, 0x00, 0x00, 0x00, 0x00, 0x00, 0x00, 0x00, 0x00, 0x00, 0x00,
    0x00, 0x00, 0x00, 0x00, 0x00, 0x00, 0x00, 0x00, 0x00, 0x00, 0x00, 0x00,
    0x00, 0x00, 0x00, 0x00, 0x00, 0x00, 0x00, 0x00, 0x00, 0x00, 0x00, 0x00,
    0x00, 0x00, 0x00, 0x00, 0x00, 0x00, 0x00, 0x00, 0x00, 0x00, 0x00, 0x00,
    0x00, 0x00, 0x00, 0x00, 0x00, 0x00, 0x00, 0x00, 0x00, 0x00, 0x00, 0x00,
    0x00, 0x00, 0x00, 0x00, 0x00, 0x00, 0x00, 0x00, 0x00, 0x00, 0x00, 0x00,
    0x00, 0x00, 0x00, 0x00, 0x00, 0x00, 0x00, 0x00, 0x00, 0x00, 0x00, 0x00,
    0x00, 0x00, 0x00, 0x00, 0x00, 0x00, 0x00, 0x00, 0x00, 0x00, 0x00, 0x00,
    0x00, 0x00, 0x00, 0x00, 0x00, 0x00, 0x00, 0x00, 0x00, 0x00, 0x00, 0x00,
    0x00, 0x00, 0x00, 0x00, 0x00, 0x00, 0x00, 0x00, 0x00, 0x00, 0x00, 0x00,
    0x00, 0x00, 0x00, 0x00, 0x00, 0x00, 0x00, 0x00, 0x00, 0x00, 0x00, 0x00,
    0x00, 0x00, 0x00, 0x00, 0x00, 0x00, 0x00, 0x00, 0x00, 0x00, 0x00, 0x00,
    0x00, 0x00, 0x00, 0x00, 0x00, 0x00, 0x00, 0x00, 0x00, 0x00, 0x00, 0x00,
    0x00, 0x00, 0x00, 0x00, 0x00, 0x00, 0x00, 0x00, 0x00, 0x00, 0x00, 0x00,
    0x00, 0x00, 0x00, 0x00, 0x00, 0x00, 0x00, 0x00, 0x00, 0x00, 0x00, 0x00,
    0x00, 0x00, 0x00, 0x00, 0x00, 0x00, 0x00, 0x00, 0x00, 0x00, 0x00, 0x00,
    0x00, 0x00, 0x00, 0x00, 0x00, 0x00, 0x00, 0x00, 0x00, 0x00, 0x00, 0x00,
    0x00, 0x00, 0x00, 0x00, 0x00, 0x00, 0x00, 0x00, 0x00, 0x00, 0x00, 0x00,
    0x00, 0x00, 0x00, 0x00, 0x00, 0x00, 0x00, 0x00, 0x00, 0x00, 0x00, 0x00,
    0x00, 0x00, 0x00, 0x00, 0x00, 0x00, 0x00, 0x00, 0x00, 0x00, 0x00, 0x00,
    0x00, 0x00, 0x00, 0x00, 0x00, 0x00, 0x00, 0x00, 0x00, 0x00, 0x00, 0x00,
    0x00, 0x00, 0x00, 0x00, 0x00, 0x00, 0x00, 0x00, 0x00, 0x00, 0x00, 0x00,
    0xe0, 0xe4, 0x18, 0x41, 0xe8, 0xe4, 0x20, 0xff, 0xe8, 0xe8, 0x20, 0xff,
    0xe8, 0xe8, 0x18, 0xff, 0xe8, 0xe8, 0x20, 0xff, 0xe8, 0xe8, 0x20, 0xff,
    0xe8, 0xe8, 0x18, 0xd7, 0xe8, 0xe8, 0x20, 0xba, 0xe8, 0xe8, 0x18, 0xff,
    0xe8, 0xe8, 0x18, 0xff, 0xe0, 0xe8, 0x20, 0xff, 0xe8, 0xe8, 0x20, 0xff,
    0xe8, 0xe4, 0x20, 0xff, 0xe0, 0xe4, 0x18, 0x61, 0x00, 0x00, 0x00, 0x00,
    0x00, 0x00, 0x00, 0x00, 0x00, 0x00, 0x00, 0x00, 0x00, 0x00, 0x00, 0x00,
    0x00, 0x00, 0x00, 0x00, 0x00, 0x00, 0x00, 0x00, 0x00, 0x00, 0x00, 0x00,
    0x00, 0x00, 0x00, 0x00, 0x00, 0x00, 0x00, 0x00, 0x00, 0x00, 0x00, 0x00,
    0x00, 0x00, 0x00, 0x00, 0x00, 0x00, 0x00, 0x00, 0x00, 0x00, 0x00, 0x00,
    0x00, 0x00, 0x00, 0x00, 0x00, 0x00, 0x00, 0x00, 0x00, 0x00, 0x00, 0x00,
    0x00, 0x00, 0x00, 0x00, 0x00, 0x00, 0x00, 0x00, 0x00, 0x00, 0x00, 0x00,
    0x00, 0x00, 0x00, 0x00, 0x00, 0x00, 0x00, 0x00, 0x00, 0x00, 0x00, 0x00,
    0x00, 0x00, 0x00, 0x00, 0x00, 0x00, 0x00, 0x00, 0x00, 0x00, 0x00, 0x00,
    0x00, 0x00, 0x00, 0x00, 0x00, 0x00, 0x00, 0x00, 0x00, 0x00, 0x00, 0x00,
    0x00, 0x00, 0x00, 0x00, 0x00, 0x00, 0x00, 0x00, 0x00, 0x00, 0x00, 0x00,
    0x00, 0x00, 0x00, 0x00, 0x00, 0x00, 0x00, 0x00, 0x00, 0x00, 0x00, 0x00,
    0x00, 0x00, 0x00, 0x00, 0x00, 0x00, 0x00, 0x00, 0x00, 0x00, 0x00, 0x00,
    0x00, 0x00, 0x00, 0x00, 0x00, 0x00, 0x00, 0x00, 0x00, 0x00, 0x00, 0x00,
    0x00, 0x00, 0x00, 0x00, 0x00, 0x00, 0x00, 0x00, 0x00, 0x00, 0x00, 0x00,
    0x00, 0x00, 0x00, 0x00, 0x00, 0x00, 0x00, 0x00, 0x00, 0x00, 0x00, 0x00,
    0x00, 0x00, 0x00, 0x00, 0x00, 0x00, 0x00, 0x00, 0x00, 0x00, 0x00, 0x00,
    0x00, 0x00, 0x00, 0x00, 0x00, 0x00, 0x00, 0x00, 0x00, 0x00, 0x00, 0x00,
    0x00, 0x00, 0x00, 0x00, 0x00, 0x00, 0x00, 0x00, 0x00, 0x00, 0x00, 0x00,
    0x00, 0x00, 0x00, 0x00, 0x00, 0x00, 0x00, 0x00, 0x00, 0x00, 0x00, 0x00,
    0x00, 0x00, 0x00, 0x00, 0x00, 0x00, 0x00, 0x00, 0x00, 0x00, 0x00, 0x00,
    0x00, 0x00, 0x00, 0x00, 0x00, 0x00, 0x00, 0x00, 0x00, 0x00, 0x00, 0x00,
    0x00, 0x00, 0x00, 0x00, 0x00, 0x00, 0x00, 0x00, 0xe8, 0xe4, 0x18, 0x51,
    0xe8, 0xe8, 0x20, 0xff, 0xe8, 0xe8, 0x20, 0xff, 0xe8, 0xe4, 0x20, 0xff,
    0xe0, 0xe8, 0x20, 0xff, 0xe8, 0xe4, 0x20, 0xff, 0xe8, 0xe8, 0x20, 0xba,
    0xe8, 0xe8, 0x20, 0x92, 0xe8, 0xe8, 0x20, 0xff, 0xe8, 0xe4, 0x20, 0xff,
    0xe8, 0xe8, 0x20, 0xff, 0xe8, 0xe8, 0x20, 0xff, 0xe8, 0xe8, 0x20, 0xff,
    0xe8, 0xe8, 0x20, 0xdf, 0xe8, 0xe8, 0x20, 0x20, 0x00, 0x00, 0x00, 0x00,
    0x00, 0x00, 0x00, 0x00, 0x00, 0x00, 0x00, 0x00, 0x00, 0x00, 0x00, 0x00,
    0x00, 0x00, 0x00, 0x00, 0x00, 0x00, 0x00, 0x00, 0x00, 0x00, 0x00, 0x00,
    0x00, 0x00, 0x00, 0x00, 0x00, 0x00, 0x00, 0x00, 0x00, 0x00, 0x00, 0x00,
    0x00, 0x00, 0x00, 0x00, 0x00, 0x00, 0x00, 0x00, 0x00, 0x00, 0x00, 0x00,
    0x00, 0x00, 0x00, 0x00, 0x00, 0x00, 0x00, 0x00, 0x00, 0x00, 0x00, 0x00,
    0x00, 0x00, 0x00, 0x00, 0x00, 0x00, 0x00, 0x00, 0x00, 0x00, 0x00, 0x00,
    0x00, 0x00, 0x00, 0x00, 0x00, 0x00, 0x00, 0x00, 0x00, 0x00, 0x00, 0x00,
    0x00, 0x00, 0x00, 0x00, 0x00, 0x00, 0x00, 0x00, 0x00, 0x00, 0x00, 0x00,
    0x00, 0x00, 0x00, 0x00, 0x00, 0x00, 0x00, 0x00, 0x00, 0x00, 0x00, 0x00,
    0x00, 0x00, 0x00, 0x00, 0x00, 0x00, 0x00, 0x00, 0x00, 0x00, 0x00, 0x00,
    0x00, 0x00, 0x00, 0x00, 0x00, 0x00, 0x00, 0x00, 0x00, 0x00, 0x00, 0x00,
    0x00, 0x00, 0x00, 0x00, 0x00, 0x00, 0x00, 0x00, 0x00, 0x00, 0x00, 0x00,
    0x00, 0x00, 0x00, 0x00, 0x00, 0x00, 0x00, 0x00, 0x00, 0x00, 0x00, 0x00,
    0x00, 0x00, 0x00, 0x00, 0x00, 0x00, 0x00, 0x00, 0x00, 0x00, 0x00, 0x00,
    0x00, 0x00, 0x00, 0x00, 0x00, 0x00, 0x00, 0x00, 0x00, 0x00, 0x00, 0x00,
    0x00, 0x00, 0x00, 0x00, 0x00, 0x00, 0x00, 0x00, 0x00, 0x00, 0x00, 0x00,
    0x00, 0x00, 0x00, 0x00, 0x00, 0x00, 0x00, 0x00, 0x00, 0x00, 0x00, 0x00,
    0x00, 0x00, 0x00, 0x00, 0x00, 0x00, 0x00, 0x00, 0x00, 0x00, 0x00, 0x00,
    0x00, 0x00, 0x00, 0x00, 0x00, 0x00, 0x00, 0x00, 0x00, 0x00, 0x00, 0x00,
    0x00, 0x00, 0x00, 0x00, 0x00, 0x00, 0x00, 0x00, 0x00, 0x00, 0x00, 0x00,
    0x00, 0x00, 0x00, 0x00, 0x00, 0x00, 0x00, 0x00, 0x00, 0x00, 0x00, 0x00,
    0xe8, 0xe8, 0x20, 0x20, 0xe8, 0xe8, 0x20, 0xdf, 0xe8, 0xe8, 0x20, 0xff,
    0xe8, 0xe8, 0x20, 0xff, 0xe8, 0xe8, 0x18, 0xff, 0xe8, 0xe8, 0x20, 0xff,
    0xe8, 0xe8, 0x20, 0xff, 0xe8, 0xe8, 0x18, 0x92, 0xe8, 0xe4, 0x18, 0x51,
    0xe8, 0xe8, 0x20, 0xff, 0xe8, 0xe8, 0x20, 0xff, 0xe8, 0xe4, 0x18, 0xff,
    0xe8, 0xe8, 0x18, 0xff, 0xe8, 0xe8, 0x20, 0xff, 0xe8, 0xe4, 0x20, 0xff,
    0xe8, 0xe8, 0x20, 0xdf, 0xe8, 0xe4, 0x18, 0x51, 0xe0, 0xe4, 0x18, 0x41,
    0xe8, 0xe8, 0x18, 0x20, 0xe8, 0xe4, 0x18, 0x20, 0xe0, 0xe0, 0x20, 0x10,
    0x00, 0x00, 0x00, 0x00, 0x00, 0x00, 0x00, 0x00, 0x00, 0x00, 0x00, 0x00,
    0x00, 0x00, 0x00, 0x00, 0x00, 0x00, 0x00, 0x00, 0x00, 0x00, 0x00, 0x00,
    0x00, 0x00, 0x00, 0x00, 0x00, 0x00, 0x00, 0x00, 0x00, 0x00, 0x00, 0x00,
    0x00, 0x00, 0x00, 0x00, 0x00, 0x00, 0x00, 0x00, 0x00, 0x00, 0x00, 0x00,
    0x00, 0x00, 0x00, 0x00, 0x00, 0x00, 0x00, 0x00, 0x00, 0x00, 0x00, 0x00,
    0x00, 0x00, 0x00, 0x00, 0x00, 0x00, 0x00, 0x00, 0x00, 0x00, 0x00, 0x00,
    0x00, 0x00, 0x00, 0x00, 0x00, 0x00, 0x00, 0x00, 0x00, 0x00, 0x00, 0x00,
    0x00, 0x00, 0x00, 0x00, 0x00, 0x00, 0x00, 0x00, 0x00, 0x00, 0x00, 0x00,
    0x00, 0x00, 0x00, 0x00, 0x00, 0x00, 0x00, 0x00, 0x00, 0x00, 0x00, 0x00,
    0x00, 0x00, 0x00, 0x00, 0x00, 0x00, 0x00, 0x00, 0x00, 0x00, 0x00, 0x00,
    0x00, 0x00, 0x00, 0x00, 0x00, 0x00, 0x00, 0x00, 0x00, 0x00, 0x00, 0x00,
    0x00, 0x00, 0x00, 0x00, 0x00, 0x00, 0x00, 0x00, 0x00, 0x00, 0x00, 0x00,
    0x00, 0x00, 0x00, 0x00, 0x00, 0x00, 0x00, 0x00, 0x00, 0x00, 0x00, 0x00,
    0x00, 0x00, 0x00, 0x00, 0x00, 0x00, 0x00, 0x00, 0x00, 0x00, 0x00, 0x00,
    0x00, 0x00, 0x00, 0x00, 0x00, 0x00, 0x00, 0x00, 0x00, 0x00, 0x00, 0x00,
    0x00, 0x00, 0x00, 0x00, 0x00, 0x00, 0x00, 0x00, 0x00, 0x00, 0x00, 0x00,
    0x00, 0x00, 0x00, 0x00, 0x00, 0x00, 0x00, 0x00, 0x00, 0x00, 0x00, 0x00,
    0x00, 0x00, 0x00, 0x00, 0x00, 0x00, 0x00, 0x00, 0x00, 0x00, 0x00, 0x00,
    0xd8, 0xe0, 0x20, 0x10, 0xe8, 0xe8, 0x18, 0x20, 0xe8, 0xe4, 0x18, 0x20,
    0xe0, 0xe4, 0x18, 0x30, 0xe0, 0xe4, 0x20, 0x61, 0xe8, 0xe8, 0x20, 0xdf,
    0xe8, 0xe4, 0x20, 0xff, 0xe0, 0xe8, 0x18, 0xff, 0xe8, 0xe4, 0x20, 0xff,
    0xe8, 0xe8, 0x20, 0xff, 0xe8, 0xe8, 0x18, 0xff, 0xe8, 0xe4, 0x20, 0xff,
    0xe0, 0xe4, 0x18, 0x51, 0xc0, 0xc0, 0x00, 0x04, 0xe8, 0xe8, 0x20, 0xe3,
    0xe0, 0xe8, 0x20, 0xff, 0xe8, 0xe4, 0x20, 0xff, 0xe8, 0xe8, 0x20, 0xff,
    0xe8, 0xe8, 0x18, 0xff, 0xe8, 0xe4, 0x20, 0xff, 0xe8, 0xe8, 0x20, 0xff,
    0xe8, 0xe8, 0x20, 0xff, 0xe8, 0xe4, 0x20, 0xff, 0xe8, 0xe8, 0x20, 0xff,
    0xe8, 0xe8, 0x20, 0xff, 0xe8, 0xe8, 0x20, 0xff, 0xe8, 0xe8, 0x20, 0xff,
    0xe8, 0xe4, 0x18, 0xff, 0xe8, 0xe8, 0x20, 0xff, 0xe8, 0xe8, 0x20, 0xff,
    0xe8, 0xe8, 0x20, 0xff, 0xe8, 0xe8, 0x18, 0xff, 0xe8, 0xe4, 0x20, 0xff,
    0xe8, 0xe8, 0x20, 0xff, 0xe8, 0xe8, 0x20, 0xff, 0xe8, 0xe8, 0x20, 0xff,
    0xe8, 0xe8, 0x18, 0xff, 0xe8, 0xe4, 0x20, 0xff, 0xe8, 0xe8, 0x20, 0xff,
    0xe8, 0xe8, 0x20, 0xff, 0xe0, 0xe8, 0x20, 0xff, 0xe8, 0xe8, 0x18, 0xff,
    0xe8, 0xe4, 0x20, 0xff, 0xe0, 0xe8, 0x20, 0xff, 0xe8, 0xe8, 0x20, 0xff,
    0xe8, 0xe8, 0x18, 0xff, 0xe0, 0xe4, 0x20, 0xff, 0xe8, 0xe8, 0x20, 0xff,
    0xe8, 0xe8, 0x18, 0xff, 0xe0, 0xe8, 0x20, 0xff, 0xe8, 0xe4, 0x20, 0xff,
    0xe8, 0xe8, 0x18, 0xff, 0xe0, 0xe8, 0x20, 0xff, 0xe8, 0xe4, 0x20, 0xff,
    0xe8, 0xe8, 0x18, 0xff, 0xe0, 0xe8, 0x20, 0xff, 0xe8, 0xe4, 0x20, 0xff,
    0xe8, 0xe8, 0x18, 0xff, 0xe0, 0xe8, 0x20, 0xff, 0xe8, 0xe4, 0x20, 0xff,
    0xe0, 0xe8, 0x18, 0xff, 0xe8, 0xe8, 0x20, 0xff, 0xe8, 0xe4, 0x20, 0xff,
    0xe0, 0xe8, 0x18, 0xff, 0xe8, 0xe8, 0x20, 0xff, 0xe0, 0xe4, 0x20, 0xff,
    0xe8, 0xe8, 0x18, 0xff, 0xe8, 0xe8, 0x20, 0xff, 0xe0, 0xe4, 0x20, 0xff,
    0xe8, 0xe8, 0x18, 0xff, 0xe0, 0xe8, 0x20, 0xff, 0xe8, 0xe4, 0x20, 0xff,
    0xe8, 0xe8, 0x18, 0xff, 0xe0, 0xe8, 0x20, 0xff, 0xe8, 0xe4, 0x20, 0xff,
    0xe0, 0xe8, 0x18, 0xff, 0xe8, 0xe8, 0x20, 0xff, 0xe8, 0xe4, 0x20, 0xff,
    0xe0, 0xe8, 0x18, 0xff, 0xe8, 0xe8, 0x20, 0xff, 0xe8, 0xe4, 0x20, 0xff,
    0xe8, 0xe8, 0x20, 0xff, 0xe8, 0xe8, 0x20, 0xff, 0xe8, 0xe8, 0x20, 0xff,
    0xe8, 0xe8, 0x18, 0xff, 0xe8, 0xe4, 0x20, 0xff, 0xe8, 0xe8, 0x20, 0xff,
    0xe8, 0xe8, 0x18, 0xff, 0xe8, 0xe8, 0x20, 0xff, 0xe0, 0xe4, 0x20, 0xff,
    0xe8, 0xe8, 0x20, 0xff, 0xe8, 0xe8, 0x20, 0xe3, 0xc0, 0xc0, 0x00, 0x04,
    0x00, 0x00, 0x00, 0x00, 0xe8, 0xe4, 0x18, 0x51, 0xe8, 0xe8, 0x20, 0xff,
    0xe8, 0xe8, 0x20, 0xff, 0xe0, 0xe8, 0x20, 0xff, 0xe8, 0xe8, 0x20, 0xff,
    0xe8, 0xe8, 0x18, 0xff, 0xe0, 0xe8, 0x20, 0xff, 0xe8, 0xe8, 0x20, 0xff,
    0xe8, 0xe8, 0x20, 0xff, 0xe8, 0xe4, 0x18, 0xff, 0xe0, 0xe8, 0x20, 0xff,
    0xe8, 0xe8, 0x20, 0xff, 0xe8, 0xe4, 0x18, 0xff, 0xe0, 0xe8, 0x20, 0xff,
    0xe8, 0xe8, 0x20, 0xff, 0xe8, 0xe4, 0x20, 0xff, 0xe0, 0xe8, 0x18, 0xff,
    0xe8, 0xe8, 0x20, 0xff, 0xe8, 0xe8, 0x20, 0xff, 0xe0, 0xe4, 0x18, 0xff,
    0xe8, 0xe8, 0x20, 0xff, 0xe8, 0xe8, 0x20, 0xff, 0xe0, 0xe4, 0x20, 0xff,
    0xe8, 0xe8, 0x18, 0xff, 0xe8, 0xe8, 0x20, 0xff, 0xe8, 0xe4, 0x20, 0xff,
    0xe8, 0xe8, 0x18, 0xff, 0xe8, 0xe8, 0x20, 0xff, 0xe8, 0xe8, 0x20, 0xff,
    0xe8, 0xe4, 0x20, 0xff, 0xe8, 0xe8, 0x18, 0xff, 0xe8, 0xe8, 0x20, 0xff,
    0xe8, 0xe8, 0x20, 0xff, 0xe8, 0xe4, 0x20, 0xff, 0xe8, 0xe8, 0x20, 0xff,
    0xe8, 0xe8, 0x20, 0xff, 0xe8, 0xe8, 0x20, 0xff, 0xe8, 0xe8, 0x20, 0xff,
    0xe8, 0xe8, 0x20, 0xff, 0xe8, 0xe8, 0x20, 0xff, 0xe8, 0xe8, 0x18, 0xff,
    0xe8, 0xe8, 0x20, 0xff, 0xe8, 0xe8, 0x20, 0xff, 0xe8, 0xe8, 0x20, 0xff,
    0xe8, 0xe8, 0x20, 0xff, 0xe8, 0xe8, 0x20, 0xff, 0xe8, 0xe8, 0x20, 0xff,
    0xe8, 0xe8, 0x20, 0xff, 0xe8, 0xe8, 0x20, 0xff, 0xe8, 0xe8, 0x18, 0xff,
    0xe8, 0xe8, 0x20, 0xff, 0xe8, 0xe8, 0x20, 0xff, 0xe8, 0xe8, 0x20, 0xff,
    0xe8, 0xe8, 0x20, 0xff, 0xe8, 0xe8, 0x20, 0xff, 0xe8, 0xe8, 0x20, 0xff,
    0xe8, 0xe8, 0x20, 0xff, 0xe8, 0xe8, 0x20, 0xff, 0xe8, 0xe8, 0x20, 0xff,
    0xe8, 0xe8, 0x20, 0xff, 0xe8, 0xe8, 0x20, 0xff, 0xe8, 0xe8, 0x20, 0xff,
    0xe8, 0xe8, 0x20, 0xff, 0xe8, 0xe8, 0x20, 0xff, 0xe8, 0xe8, 0x20, 0xff,
    0xe8, 0xe4, 0x18, 0xff, 0xe8, 0xe8, 0x20, 0xff, 0xe8, 0xe8, 0x18, 0xff,
    0xe8, 0xe8, 0x20, 0xff, 0xe8, 0xe4, 0x20, 0xff, 0xe8, 0xe8, 0x18, 0xff,
    0xe8, 0xe8, 0x20, 0xff, 0xe0, 0xe8, 0x20, 0xff, 0xe8, 0xe8, 0x20, 0xff,
    0xe8, 0xe8, 0x20, 0xff, 0xe8, 0xe8, 0x18, 0xff, 0xe8, 0xe4, 0x20, 0xff,
    0xe0, 0xe4, 0x18, 0x51, 0x00, 0x00, 0x00, 0x00, 0x00, 0x00, 0x00, 0x00,
    0x00, 0x00, 0x00, 0x00, 0xe8, 0xe4, 0x18, 0x8a, 0xe8, 0xe8, 0x20, 0xff,
    0xe8, 0xe4, 0x20, 0xff, 0xe8, 0xe8, 0x20, 0xff, 0xe8, 0xe4, 0x20, 0xff,
    0xe8, 0xe8, 0x18, 0xff, 0xe8, 0xe8, 0x20, 0xff, 0xe8, 0xe8, 0x20, 0xff,
    0xe8, 0xe8, 0x18, 0xff, 0xe8, 0xe4, 0x20, 0xff, 0xe8, 0xe8, 0x20, 0xff,
    0xe8, 0xe8, 0x20, 0xff, 0xe8, 0xe8, 0x20, 0xff, 0xe8, 0xe8, 0x18, 0xff,
    0xe8, 0xe4, 0x20, 0xff, 0xe8, 0xe8, 0x20, 0xff, 0xe8, 0xe8, 0x20, 0xff,
    0xe8, 0xe8, 0x20, 0xff, 0xe8, 0xe8, 0x18, 0xff, 0xe8, 0xe4, 0x20, 0xff,
    0xe8, 0xe8, 0x20, 0xff, 0xe8, 0xe8, 0x20, 0xff, 0xe8, 0xe8, 0x20, 0xff,
    0xe8, 0xe8, 0x18, 0xff, 0xe0, 0xe4, 0x20, 0xff, 0xe8, 0xe8, 0x20, 0xff,
    0xe8, 0xe8, 0x20, 0xff, 0xe8, 0xe8, 0x18, 0xff, 0xe8, 0xe8, 0x20, 0xff,
    0xe8, 0xe4, 0x20, 0xff, 0xe8, 0xe8, 0x20, 0xff, 0xe8, 0xe8, 0x18, 0xff,
    0xe8, 0xe8, 0x20, 0xff, 0xe8, 0xe4, 0x18, 0xff, 0xe8, 0xe8, 0x20, 0xff,
    0xe8, 0xe4, 0x18, 0xff, 0xe0, 0xe8, 0x20, 0xff, 0xe8, 0xe4, 0x20, 0xff,
    0xe8, 0xe8, 0x18, 0xff, 0xe8, 0xe4, 0x20, 0xff, 0xe8, 0xe8, 0x20, 0xff,
    0xe0, 0xe4, 0x18, 0xff, 0xe8, 0xe8, 0x20, 0xff, 0xe8, 0xe4, 0x18, 0xff,
    0xe8, 0xe8, 0x20, 0xff, 0xe8, 0xe4, 0x18, 0xff, 0xe8, 0xe8, 0x20, 0xff,
    0xe8, 0xe4, 0x20, 0xff, 0xe8, 0xe8, 0x20, 0xff, 0xe8, 0xe4, 0x20, 0xff,
    0xe8, 0xe8, 0x18, 0xff, 0xe8, 0xe4, 0x20, 0xff, 0xe8, 0xe8, 0x18, 0xff,
    0xe8, 0xe4, 0x20, 0xff, 0xe8, 0xe8, 0x18, 0xff, 0xe8, 0xe4, 0x18, 0xff,
    0xe8, 0xe8, 0x20, 0xff, 0xe8, 0xe4, 0x18, 0xff, 0xe8, 0xe8, 0x20, 0xff,
    0xe8, 0xe4, 0x18, 0xff, 0xe8, 0xe8, 0x20, 0xff, 0xe8, 0xe4, 0x18, 0xff,
    0xe8, 0xe8, 0x20, 0xff, 0xe8, 0xe8, 0x20, 0xff, 0xe8, 0xe8, 0x20, 0xff,
    0xe0, 0xe8, 0x20, 0xff, 0xe8, 0xe4, 0x18, 0xff, 0xe8, 0xe8, 0x20, 0xff,
    0xe0, 0xe8, 0x20, 0xff, 0xe8, 0xe4, 0x20, 0xff, 0xe8, 0xe8, 0x20, 0xff,
    0xe8, 0xe4, 0x18, 0xff, 0xe8, 0xe4, 0x20, 0xff, 0xe8, 0xe8, 0x20, 0xff,
    0xe8, 0xe8, 0x20, 0xff, 0xe8, 0xe4, 0x18, 0x8a, 0x00, 0x00, 0x00, 0x00,
    0x00, 0x00, 0x00, 0x00, 0x00, 0x00, 0x00, 0x00, 0x00, 0x00, 0x00, 0x00,
    0xc0, 0xc0, 0x00, 0x04, 0xe0, 0xe4, 0x18, 0x8a, 0xe8, 0xe8, 0x20, 0xff,
    0xe8, 0xe8, 0x18, 0xff, 0xe8, 0xe8, 0x20, 0xff, 0xe8, 0xe4, 0x20, 0xff,
    0xe0, 0xe4, 0x20, 0xff, 0xe8, 0xe8, 0x20, 0xff, 0xe8, 0xe8, 0x20, 0xff,
    0xe8, 0xe8, 0x18, 0xff, 0xe8, 0xe8, 0x20, 0xff, 0xe8, 0xe4, 0x20, 0xff,
    0xe8, 0xe8, 0x18, 0xff, 0xe8, 0xe8, 0x20, 0xff, 0xe8, 0xe8, 0x20, 0xff,
    0xe8, 0xe4, 0x18, 0xff, 0xe8, 0xe8, 0x20, 0xff, 0xe8, 0xe4, 0x20, 0xff,
    0xe8, 0xe8, 0x20, 0xff, 0xe8, 0xe8, 0x18, 0xff, 0xe8, 0xe8, 0x20, 0xff,
    0xe8, 0xe4, 0x20, 0xff, 0xe8, 0xe8, 0x18, 0xff, 0xe8, 0xe8, 0x20, 0xff,
    0xe8, 0xe8, 0x20, 0xff, 0xe8, 0xe4, 0x20, 0xff, 0xe8, 0xe8, 0x18, 0xff,
    0xe0, 0xe4, 0x20, 0xff, 0xe8, 0xe8, 0x20, 0xff, 0xe8, 0xe8, 0x20, 0xff,
    0xe0, 0xe4, 0x18, 0xff, 0xe8, 0xe8, 0x20, 0xff, 0xe8, 0xe8, 0x20, 0xff,
    0xe0, 0xe8, 0x20, 0xff, 0xe8, 0xe8, 0x18, 0xff, 0xe8, 0xe8, 0x20, 0xff,
    0xe8, 0xe4, 0x20, 0xff, 0xe8, 0xe8, 0x18, 0xff, 0xe8, 0xe8, 0x20, 0xff,
    0xe0, 0xe8, 0x20, 0xff, 0xe8, 0xe4, 0x20, 0xff, 0xe8, 0xe8, 0x20, 0xff,
    0xe8, 0xe8, 0x20, 0xff, 0xe8, 0xe8, 0x20, 0xff, 0xe0, 0xe4, 0x18, 0xff,
    0xe8, 0xe8, 0x20, 0xff, 0xe8, 0xe8, 0x20, 0xff, 0xe0, 0xe8, 0x18, 0xff,
    0xe8, 0xe4, 0x20, 0xff, 0xe8, 0xe8, 0x20, 0xff, 0xe0, 0xe8, 0x20, 0xff,
    0xe8, 0xe8, 0x18, 0xff, 0xe8, 0xe4, 0x20, 0xff, 0xe0, 0xe8, 0x20, 0xff,
    0xe8, 0xe8, 0x20, 0xff, 0xe8, 0xe8, 0x20, 0xff, 0xe0, 0xe4, 0x20, 0xff,
    0xe8, 0xe8, 0x20, 0xff, 0xe8, 0xe8, 0x18, 0xff, 0xe0, 0xe8, 0x20, 0xff,
    0xe8, 0xe4, 0x20, 0xff, 0xe8, 0xe8, 0x20, 0xff, 0xe0, 0xe8, 0x18, 0xff,
    0xe8, 0xe4, 0x20, 0xff, 0xe8, 0xe8, 0x20, 0xff, 0xe8, 0xe8, 0x20, 0xff,
    0xe8, 0xe4, 0x20, 0xff, 0xe8, 0xe8, 0x18, 0xff, 0xe8, 0xe8, 0x20, 0xff,
    0xe8, 0xe8, 0x20, 0xff, 0xe8, 0xe8, 0x18, 0xff, 0xe8, 0xe8, 0x20, 0xff,
    0xe8, 0xe8, 0x20, 0xff, 0xe8, 0xe8, 0x18, 0xff, 0xe0, 0xe4, 0x20, 0x8a,
    0xc0, 0xc0, 0x00, 0x04, 0x00, 0x00, 0x00, 0x00, 0x00, 0x00, 0x00, 0x00,
    0x00, 0x00, 0x00, 0x00, 0x00, 0x00, 0x00, 0x00, 0x00, 0x00, 0x00, 0x00,
    0x00, 0x00, 0x00, 0x00, 0xe0, 0xe4, 0x18, 0x51, 0xe8, 0xe8, 0x20, 0xe3,
    0xe8, 0xe8, 0x20, 0xff, 0xe8, 0xe8, 0x18, 0xff, 0xe8, 0xe8, 0x20, 0xff,
    0xe8, 0xe4, 0x20, 0xff, 0xe8, 0xe8, 0x18, 0xff, 0xe0, 0xe8, 0x20, 0xff,
    0xe8, 0xe4, 0x20, 0xff, 0xe8, 0xe8, 0x18, 0xff, 0xe0, 0xe8, 0x20, 0xff,
    0xe8, 0xe4, 0x20, 0xff, 0xe8, 0xe8, 0x20, 0xff, 0xe0, 0xe8, 0x20, 0xff,
    0xe8, 0xe8, 0x18, 0xff, 0xe8, 0xe8, 0x20, 0xff, 0xe0, 0xe4, 0x20, 0xff,
    0xe8, 0xe8, 0x20, 0xff, 0xe8, 0xe8, 0x18, 0xff, 0xe0, 0xe4, 0x20, 0xff,
    0xe8, 0xe8, 0x20, 0xff, 0xe8, 0xe8, 0x20, 0xff, 0xe8, 0xe8, 0x20, 0xff,
    0xe8, 0xe8, 0x18, 0xff, 0xe8, 0xe8, 0x20, 0xff, 0xe8, 0xe8, 0x20, 0xff,
    0xe8, 0xe8, 0x20, 0xff, 0xe8, 0xe8, 0x18, 0xff, 0xe8, 0xe8, 0x20, 0xff,
    0xe8, 0xe4, 0x20, 0xff, 0xe8, 0xe8, 0x20, 0xff, 0xe8, 0xe8, 0x20, 0xff,
    0xe8, 0xe4, 0x20, 0xff, 0xe8, 0xe8, 0x20, 0xff, 0xe8, 0xe8, 0x20, 0xff,
    0xe8, 0xe8, 0x20, 0xff, 0xe8, 0xe8, 0x20, 0xff, 0xe8, 0xe8, 0x18, 0xff,
    0xe8, 0xe8, 0x20, 0xff, 0xe8, 0xe8, 0x20, 0xff, 0xe8, 0xe8, 0x18, 0xff,
    0xe8, 0xe8, 0x20, 0xff, 0xe8, 0xe8, 0x20, 0xff, 0xe8, 0xe8, 0x20, 0xff,
    0xe8, 0xe8, 0x20, 0xff, 0xe8, 0xe8, 0x18, 0xff, 0xe8, 0xe8, 0x20, 0xff,
    0xe8, 0xe8, 0x20, 0xff, 0xe8, 0xe8, 0x20, 0xff, 0xe8, 0xe8, 0x20, 0xff,
    0xe8, 0xe8, 0x20, 0xff, 0xe8, 0xe8, 0x20, 0xff, 0xe8, 0xe8, 0x20, 0xff,
    0xe8, 0xe8, 0x18, 0xff, 0xe8, 0xe8, 0x20, 0xff, 0xe8, 0xe8, 0x20, 0xff,
    0xe8, 0xe8, 0x20, 0xff, 0xe8, 0xe8, 0x20, 0xff, 0xe8, 0xe8, 0x20, 0xff,
    0xe8, 0xe8, 0x20, 0xff, 0xe8, 0xe8, 0x18, 0xff, 0xe8, 0xe4, 0x20, 0xff,
    0xe8, 0xe8, 0x18, 0xff, 0xe8, 0xe8, 0x20, 0xff, 0xe8, 0xe8, 0x20, 0xff,
    0xe8, 0xe8, 0x20, 0xff, 0xe8, 0xe4, 0x20, 0xff, 0xe0, 0xe8, 0x18, 0xff,
    0xe8, 0xe8, 0x20, 0xff, 0xe8, 0xe8, 0x20, 0xff, 0xe0, 0xe8, 0x20, 0xe3,
    0xe8, 0xe4, 0x18, 0x51, 0x00, 0x00, 0x00, 0x00, 0x00, 0x00, 0x00, 0x00,
    0x00, 0x00, 0x00, 0x00, 0x00, 0x00, 0x00, 0x00, 0x00, 0x00, 0x00, 0x00,
    0x00, 0x00, 0x00, 0x00, 0x00, 0x00, 0x00, 0x00, 0x00, 0x00, 0x00, 0x00,
    0x00, 0x00, 0x00, 0x00, 0xc0, 0xc0, 0x00, 0x04, 0xe0, 0xe4, 0x20, 0x51,
    0xe8, 0xe8, 0x18, 0x92, 0xe8, 0xe8, 0x20, 0xba, 0xe8, 0xe8, 0x20, 0xdb,
    0xe8, 0xe8, 0x20, 0xdf, 0xe8, 0xe8, 0x20, 0xf7, 0xe8, 0xe4, 0x20, 0xff,
    0xe8, 0xe8, 0x20, 0xff, 0xe8, 0xe8, 0x20, 0xff, 0xe8, 0xe8, 0x18, 0xff,
    0xe8, 0xe4, 0x20, 0xff, 0xe8, 0xe8, 0x20, 0xff, 0xe8, 0xe8, 0x20, 0xff,
    0xe8, 0xe8, 0x18, 0xff, 0xe8, 0xe8, 0x20, 0xff, 0xe8, 0xe8, 0x20, 0xff,
    0xe8, 0xe8, 0x20, 0xff, 0xe8, 0xe8, 0x18, 0xff, 0xe8, 0xe4, 0x20, 0xff,
    0xe0, 0xe8, 0x20, 0xff, 0xe8, 0xe4, 0x18, 0xff, 0xe8, 0xe8, 0x20, 0xff,
    0xe8, 0xe4, 0x20, 0xff, 0xe8, 0xe8, 0x20, 0xff, 0xe8, 0xe4, 0x18, 0xff,
    0xe8, 0xe8, 0x20, 0xff, 0xe8, 0xe8, 0x20, 0xff, 0xe8, 0xe8, 0x18, 0xff,
    0xe0, 0xe4, 0x20, 0xff, 0xe8, 0xe8, 0x18, 0xff, 0xe8, 0xe8, 0x20, 0xff,
    0xe0, 0xe4, 0x18, 0xff, 0xe8, 0xe8, 0x20, 0xff, 0xe8, 0xe8, 0x20, 0xff,
    0xe0, 0xe4, 0x18, 0xff, 0xe8, 0xe4, 0x20, 0xff, 0xe8, 0xe8, 0x20, 0xff,
    0xe8, 0xe4, 0x18, 0xff, 0xe0, 0xe8, 0x20, 0xff, 0xe8, 0xe4, 0x20, 0xff,
    0xe8, 0xe8, 0x18, 0xff, 0xe8, 0xe4, 0x20, 0xff, 0xe8, 0xe4, 0x20, 0xff,
    0xe8, 0xe8, 0x20, 0xff, 0xe8, 0xe8, 0x18, 0xff, 0xe0, 0xe4, 0x20, 0xff,
    0xe8, 0xe4, 0x18, 0xff, 0xe8, 0xe8, 0x20, 0xff, 0xe8, 0xe8, 0x18, 0xff,
    0xe8, 0xe4, 0x20, 0xff, 0xe0, 0xe4, 0x20, 0xff, 0xe8, 0xe8, 0x18, 0xff,
    0xe8, 0xe8, 0x20, 0xff, 0xe8, 0xe4, 0x20, 0xff, 0xe8, 0xe4, 0x18, 0xff,
    0xe8, 0xe8, 0x20, 0xff, 0xe0, 0xe8, 0x18, 0xff, 0xe8, 0xe4, 0x20, 0xff,
    0xe8, 0xe8, 0x20, 0xff, 0xe8, 0xe8, 0x20, 0xff, 0xe0, 0xe8, 0x20, 0xff,
    0xe8, 0xe4, 0x18, 0xff, 0xe8, 0xe8, 0x20, 0xf7, 0xe0, 0xe8, 0x20, 0xdf,
    0xe8, 0xe8, 0x18, 0xdb, 0xe8, 0xe8, 0x20, 0xba, 0xe8, 0xe4, 0x20, 0x92,
    0xe8, 0xe4, 0x18, 0x51, 0xc0, 0xc0, 0x00, 0x04, 0x00, 0x00, 0x00, 0x00,
    0x00, 0x00, 0x00, 0x00, 0x00, 0x00, 0x00, 0x00, 0x00, 0x00, 0x00, 0x00,
    0x00, 0x00, 0x00, 0x00
};
