// 4.21.4 0xef9eca19 D2 AY R0 FARGB8888 U565 N0 SExtFlashSection
// Generated by imageconverter. Please, do not edit!

#include <touchgfx/hal/Config.hpp>

LOCATION_PRAGMA("ExtFlashSection")
KEEP extern const unsigned char image_ipset_bj_pressed[] LOCATION_ATTRIBUTE("ExtFlashSection") = { // 124x74 ARGB8888 pixels.
    0x00, 0x00, 0x00, 0x00, 0x00, 0x00, 0x00, 0x00, 0x00, 0x00, 0x00, 0x00,
    0x00, 0x00, 0x00, 0x00, 0x00, 0x00, 0x00, 0x00, 0x00, 0x00, 0x00, 0x00,
    0x00, 0x00, 0x00, 0x00, 0x00, 0x00, 0x00, 0x10, 0x00, 0x00, 0x00, 0x61,
    0x00, 0x00, 0x00, 0x8e, 0x00, 0x00, 0x00, 0xbe, 0x00, 0x00, 0x00, 0xcf,
    0x00, 0x00, 0x00, 0xdf, 0x00, 0x00, 0x00, 0xef, 0x00, 0x00, 0x00, 0xff,
    0x00, 0x00, 0x00, 0xff, 0x00, 0x00, 0x00, 0xff, 0x00, 0x00, 0x00, 0xff,
    0x00, 0x00, 0x00, 0xff, 0x00, 0x00, 0x00, 0xff, 0x00, 0x00, 0x00, 0xff,
    0x00, 0x00, 0x00, 0xff, 0x00, 0x00, 0x00, 0xff, 0x00, 0x00, 0x00, 0xff,
    0x00, 0x00, 0x00, 0xff, 0x00, 0x00, 0x00, 0xff, 0x00, 0x00, 0x00, 0xff,
    0x00, 0x00, 0x00, 0xff, 0x00, 0x00, 0x00, 0xff, 0x00, 0x00, 0x00, 0xff,
    0x00, 0x00, 0x00, 0xff, 0x00, 0x00, 0x00, 0xff, 0x00, 0x00, 0x00, 0xff,
    0x00, 0x00, 0x00, 0xff, 0x00, 0x00, 0x00, 0xff, 0x00, 0x00, 0x00, 0xff,
    0x00, 0x00, 0x00, 0xff, 0x00, 0x00, 0x00, 0xff, 0x00, 0x00, 0x00, 0xff,
    0x00, 0x00, 0x00, 0xff, 0x00, 0x00, 0x00, 0xff, 0x00, 0x00, 0x00, 0xff,
    0x00, 0x00, 0x00, 0xff, 0x00, 0x00, 0x00, 0xff, 0x00, 0x00, 0x00, 0xff,
    0x00, 0x00, 0x00, 0xff, 0x00, 0x00, 0x00, 0xff, 0x00, 0x00, 0x00, 0xff,
    0x00, 0x00, 0x00, 0xff, 0x00, 0x00, 0x00, 0xff, 0x00, 0x00, 0x00, 0xff,
    0x00, 0x00, 0x00, 0xff, 0x00, 0x00, 0x00, 0xff, 0x00, 0x00, 0x00, 0xff,
    0x00, 0x00, 0x00, 0xff, 0x00, 0x00, 0x00, 0xff, 0x00, 0x00, 0x00, 0xff,
    0x00, 0x00, 0x00, 0xff, 0x00, 0x00, 0x00, 0xff, 0x00, 0x00, 0x00, 0xff,
    0x00, 0x00, 0x00, 0xff, 0x00, 0x00, 0x00, 0xff, 0x00, 0x00, 0x00, 0xff,
    0x00, 0x00, 0x00, 0xff, 0x00, 0x00, 0x00, 0xff, 0x00, 0x00, 0x00, 0xff,
    0x00, 0x00, 0x00, 0xff, 0x00, 0x00, 0x00, 0xff, 0x00, 0x00, 0x00, 0xff,
    0x00, 0x00, 0x00, 0xff, 0x00, 0x00, 0x00, 0xff, 0x00, 0x00, 0x00, 0xff,
    0x00, 0x00, 0x00, 0xff, 0x00, 0x00, 0x00, 0xff, 0x00, 0x00, 0x00, 0xff,
    0x00, 0x00, 0x00, 0xff, 0x00, 0x00, 0x00, 0xff, 0x00, 0x00, 0x00, 0xff,
    0x00, 0x00, 0x00, 0xff, 0x00, 0x00, 0x00, 0xff, 0x00, 0x00, 0x00, 0xff,
    0x00, 0x00, 0x00, 0xff, 0x00, 0x00, 0x00, 0xff, 0x00, 0x00, 0x00, 0xff,
    0x00, 0x00, 0x00, 0xff, 0x00, 0x00, 0x00, 0xff, 0x00, 0x00, 0x00, 0xff,
    0x00, 0x00, 0x00, 0xff, 0x00, 0x00, 0x00, 0xff, 0x00, 0x00, 0x00, 0xff,
    0x00, 0x00, 0x00, 0xff, 0x00, 0x00, 0x00, 0xff, 0x00, 0x00, 0x00, 0xff,
    0x00, 0x00, 0x00, 0xff, 0x00, 0x00, 0x00, 0xff, 0x00, 0x00, 0x00, 0xff,
    0x00, 0x00, 0x00, 0xff, 0x00, 0x00, 0x00, 0xff, 0x00, 0x00, 0x00, 0xff,
    0x00, 0x00, 0x00, 0xff, 0x00, 0x00, 0x00, 0xff, 0x00, 0x00, 0x00, 0xff,
    0x00, 0x00, 0x00, 0xff, 0x00, 0x00, 0x00, 0xff, 0x00, 0x00, 0x00, 0xff,
    0x00, 0x00, 0x00, 0xff, 0x00, 0x00, 0x00, 0xff, 0x00, 0x00, 0x00, 0xff,
    0x00, 0x00, 0x00, 0xff, 0x00, 0x00, 0x00, 0xff, 0x00, 0x00, 0x00, 0xef,
    0x00, 0x00, 0x00, 0xdf, 0x00, 0x00, 0x00, 0xdf, 0x00, 0x00, 0x00, 0xae,
    0x00, 0x00, 0x00, 0x8e, 0x00, 0x00, 0x00, 0x71, 0x00, 0x00, 0x00, 0x10,
    0x00, 0x00, 0x00, 0x00, 0x00, 0x00, 0x00, 0x00, 0x00, 0x00, 0x00, 0x00,
    0x00, 0x00, 0x00, 0x00, 0x00, 0x00, 0x00, 0x00, 0x00, 0x00, 0x00, 0x00,
    0x00, 0x00, 0x00, 0x00, 0x00, 0x00, 0x00, 0x00, 0x00, 0x00, 0x00, 0x00,
    0x00, 0x00, 0x00, 0x00, 0x00, 0x00, 0x00, 0x00, 0x00, 0x00, 0x00, 0x00,
    0x00, 0x00, 0x00, 0x20, 0x00, 0x00, 0x00, 0x9e, 0x00, 0x00, 0x00, 0xff,
    0x00, 0x00, 0x00, 0xff, 0x00, 0x00, 0x00, 0xff, 0x00, 0x00, 0x00, 0xff,
    0x00, 0x00, 0x00, 0xff, 0x00, 0x00, 0x00, 0xff, 0x00, 0x00, 0x00, 0xff,
    0x00, 0x00, 0x00, 0xff, 0x00, 0x00, 0x00, 0xff, 0x00, 0x00, 0x00, 0xff,
    0x00, 0x00, 0x00, 0xff, 0x00, 0x00, 0x00, 0xff, 0x00, 0x00, 0x00, 0xff,
    0x00, 0x00, 0x00, 0xff, 0x00, 0x00, 0x00, 0xff, 0x00, 0x00, 0x00, 0xff,
    0x00, 0x00, 0x00, 0xff, 0x00, 0x00, 0x00, 0xff, 0x00, 0x00, 0x00, 0xff,
    0x00, 0x00, 0x00, 0xff, 0x00, 0x00, 0x00, 0xff, 0x00, 0x00, 0x00, 0xff,
    0x00, 0x00, 0x00, 0xff, 0x00, 0x00, 0x00, 0xff, 0x00, 0x00, 0x00, 0xff,
    0x00, 0x00, 0x00, 0xff, 0x00, 0x00, 0x00, 0xff, 0x00, 0x00, 0x00, 0xff,
    0x00, 0x00, 0x00, 0xff, 0x00, 0x00, 0x00, 0xff, 0x00, 0x00, 0x00, 0xff,
    0x00, 0x00, 0x00, 0xff, 0x00, 0x00, 0x00, 0xff, 0x00, 0x00, 0x00, 0xff,
    0x00, 0x00, 0x00, 0xff, 0x00, 0x00, 0x00, 0xff, 0x00, 0x00, 0x00, 0xff,
    0x00, 0x00, 0x00, 0xff, 0x00, 0x00, 0x00, 0xff, 0x00, 0x00, 0x00, 0xff,
    0x00, 0x00, 0x00, 0xff, 0x00, 0x00, 0x00, 0xff, 0x00, 0x00, 0x00, 0xff,
    0x00, 0x00, 0x00, 0xff, 0x00, 0x00, 0x00, 0xff, 0x00, 0x00, 0x00, 0xff,
    0x00, 0x00, 0x00, 0xff, 0x00, 0x00, 0x00, 0xff, 0x00, 0x00, 0x00, 0xff,
    0x00, 0x00, 0x00, 0xff, 0x00, 0x00, 0x00, 0xff, 0x00, 0x00, 0x00, 0xff,
    0x00, 0x00, 0x00, 0xff, 0x00, 0x00, 0x00, 0xff, 0x00, 0x00, 0x00, 0xff,
    0x00, 0x00, 0x00, 0xff, 0x00, 0x00, 0x00, 0xff, 0x00, 0x00, 0x00, 0xff,
    0x00, 0x00, 0x00, 0xff, 0x00, 0x00, 0x00, 0xff, 0x00, 0x00, 0x00, 0xff,
    0x00, 0x00, 0x00, 0xff, 0x00, 0x00, 0x00, 0xff, 0x00, 0x00, 0x00, 0xff,
    0x00, 0x00, 0x00, 0xff, 0x00, 0x00, 0x00, 0xff, 0x00, 0x00, 0x00, 0xff,
    0x00, 0x00, 0x00, 0xff, 0x00, 0x00, 0x00, 0xff, 0x00, 0x00, 0x00, 0xff,
    0x00, 0x00, 0x00, 0xff, 0x00, 0x00, 0x00, 0xff, 0x00, 0x00, 0x00, 0xff,
    0x00, 0x00, 0x00, 0xff, 0x00, 0x00, 0x00, 0xff, 0x00, 0x00, 0x00, 0xff,
    0x00, 0x00, 0x00, 0xff, 0x00, 0x00, 0x00, 0xff, 0x00, 0x00, 0x00, 0xff,
    0x00, 0x00, 0x00, 0xff, 0x00, 0x00, 0x00, 0xff, 0x00, 0x00, 0x00, 0xff,
    0x00, 0x00, 0x00, 0xff, 0x00, 0x00, 0x00, 0xff, 0x00, 0x00, 0x00, 0xff,
    0x00, 0x00, 0x00, 0xff, 0x00, 0x00, 0x00, 0xff, 0x00, 0x00, 0x00, 0xff,
    0x00, 0x00, 0x00, 0xff, 0x00, 0x00, 0x00, 0xff, 0x00, 0x00, 0x00, 0xff,
    0x00, 0x00, 0x00, 0xff, 0x00, 0x00, 0x00, 0xff, 0x00, 0x00, 0x00, 0xff,
    0x00, 0x00, 0x00, 0xff, 0x00, 0x00, 0x00, 0xff, 0x00, 0x00, 0x00, 0xff,
    0x00, 0x00, 0x00, 0xff, 0x00, 0x00, 0x00, 0xff, 0x00, 0x00, 0x00, 0xff,
    0x00, 0x00, 0x00, 0xff, 0x00, 0x00, 0x00, 0xff, 0x00, 0x00, 0x00, 0xff,
    0x00, 0x00, 0x00, 0xff, 0x00, 0x00, 0x00, 0xff, 0x00, 0x00, 0x00, 0xff,
    0x00, 0x00, 0x00, 0xff, 0x00, 0x00, 0x00, 0xff, 0x00, 0x00, 0x00, 0xff,
    0x00, 0x00, 0x00, 0xef, 0x00, 0x00, 0x00, 0xae, 0x00, 0x00, 0x00, 0x20,
    0x00, 0x00, 0x00, 0x00, 0x00, 0x00, 0x00, 0x00, 0x00, 0x00, 0x00, 0x00,
    0x00, 0x00, 0x00, 0x00, 0x00, 0x00, 0x00, 0x00, 0x00, 0x00, 0x00, 0x00,
    0x00, 0x00, 0x00, 0x00, 0x00, 0x00, 0x00, 0x00, 0x00, 0x00, 0x00, 0x00,
    0x00, 0x00, 0x00, 0x71, 0x00, 0x00, 0x00, 0xef, 0x00, 0x00, 0x00, 0xff,
    0x00, 0x00, 0x00, 0xfb, 0x30, 0x24, 0x00, 0xe3, 0x70, 0x54, 0x00, 0xef,
    0x90, 0x6c, 0x00, 0xdf, 0xa8, 0x80, 0x00, 0xdf, 0xb0, 0x84, 0x00, 0xe7,
    0xc8, 0x94, 0x00, 0xff, 0xc8, 0x98, 0x00, 0xff, 0xd0, 0x98, 0x00, 0xff,
    0xc8, 0x98, 0x00, 0xff, 0xc8, 0x98, 0x00, 0xff, 0xd0, 0x98, 0x00, 0xff,
    0xc8, 0x98, 0x00, 0xff, 0xc8, 0x98, 0x00, 0xff, 0xd0, 0x98, 0x00, 0xff,
    0xc8, 0x98, 0x00, 0xff, 0xc8, 0x98, 0x00, 0xff, 0xd0, 0x98, 0x00, 0xff,
    0xc8, 0x98, 0x00, 0xff, 0xc8, 0x98, 0x00, 0xff, 0xd0, 0x98, 0x00, 0xff,
    0xc8, 0x98, 0x00, 0xff, 0xc8, 0x98, 0x00, 0xff, 0xd0, 0x98, 0x00, 0xff,
    0xc8, 0x98, 0x00, 0xff, 0xc8, 0x98, 0x00, 0xff, 0xd0, 0x98, 0x00, 0xff,
    0xc8, 0x98, 0x00, 0xff, 0xc8, 0x98, 0x00, 0xff, 0xd0, 0x98, 0x00, 0xff,
    0xc8, 0x98, 0x00, 0xff, 0xc8, 0x98, 0x00, 0xff, 0xd0, 0x98, 0x00, 0xff,
    0xc8, 0x98, 0x00, 0xff, 0xc8, 0x98, 0x00, 0xff, 0xd0, 0x98, 0x00, 0xff,
    0xc8, 0x98, 0x00, 0xff, 0xc8, 0x98, 0x00, 0xff, 0xd0, 0x98, 0x00, 0xff,
    0xc8, 0x98, 0x00, 0xff, 0xc8, 0x98, 0x00, 0xff, 0xd0, 0x98, 0x00, 0xff,
    0xc8, 0x98, 0x00, 0xff, 0xc8, 0x98, 0x00, 0xff, 0xd0, 0x98, 0x00, 0xff,
    0xc8, 0x98, 0x00, 0xff, 0xc8, 0x98, 0x00, 0xff, 0xd0, 0x98, 0x00, 0xff,
    0xc8, 0x98, 0x00, 0xff, 0xc8, 0x98, 0x00, 0xff, 0xd0, 0x98, 0x00, 0xff,
    0xc8, 0x98, 0x00, 0xff, 0xc8, 0x98, 0x00, 0xff, 0xd0, 0x98, 0x00, 0xff,
    0xc8, 0x98, 0x00, 0xff, 0xc8, 0x98, 0x00, 0xff, 0xd0, 0x98, 0x00, 0xff,
    0xc8, 0x98, 0x00, 0xff, 0xc8, 0x98, 0x00, 0xff, 0xd0, 0x98, 0x00, 0xff,
    0xc8, 0x98, 0x00, 0xff, 0xc8, 0x98, 0x00, 0xff, 0xd0, 0x98, 0x00, 0xff,
    0xc8, 0x98, 0x00, 0xff, 0xc8, 0x98, 0x00, 0xff, 0xd0, 0x98, 0x00, 0xff,
    0xc8, 0x98, 0x00, 0xff, 0xc8, 0x98, 0x00, 0xff, 0xd0, 0x98, 0x00, 0xff,
    0xc8, 0x98, 0x00, 0xff, 0xc8, 0x98, 0x00, 0xff, 0xd0, 0x98, 0x00, 0xff,
    0xc8, 0x98, 0x00, 0xff, 0xc8, 0x98, 0x00, 0xff, 0xd0, 0x98, 0x00, 0xff,
    0xc8, 0x98, 0x00, 0xff, 0xc8, 0x98, 0x00, 0xff, 0xd0, 0x98, 0x00, 0xff,
    0xc8, 0x98, 0x00, 0xff, 0xc8, 0x98, 0x00, 0xff, 0xd0, 0x98, 0x00, 0xff,
    0xc8, 0x98, 0x00, 0xff, 0xc8, 0x98, 0x00, 0xff, 0xd0, 0x98, 0x00, 0xff,
    0xc8, 0x98, 0x00, 0xff, 0xc8, 0x98, 0x00, 0xff, 0xd0, 0x98, 0x00, 0xff,
    0xc8, 0x98, 0x00, 0xff, 0xc8, 0x98, 0x00, 0xff, 0xd0, 0x98, 0x00, 0xff,
    0xc8, 0x98, 0x00, 0xff, 0xc8, 0x98, 0x00, 0xff, 0xd0, 0x98, 0x00, 0xff,
    0xc8, 0x98, 0x00, 0xff, 0xc8, 0x98, 0x00, 0xff, 0xd0, 0x98, 0x00, 0xff,
    0xc8, 0x98, 0x00, 0xff, 0xc8, 0x98, 0x00, 0xff, 0xd0, 0x98, 0x00, 0xff,
    0xc8, 0x98, 0x00, 0xff, 0xc8, 0x98, 0x00, 0xff, 0xd0, 0x98, 0x00, 0xff,
    0xc8, 0x98, 0x00, 0xff, 0xc8, 0x94, 0x00, 0xff, 0xb0, 0x84, 0x00, 0xe7,
    0xb0, 0x80, 0x00, 0xe7, 0x88, 0x68, 0x00, 0xdb, 0x70, 0x54, 0x00, 0xef,
    0x28, 0x20, 0x00, 0xdb, 0x00, 0x00, 0x00, 0xfb, 0x00, 0x00, 0x00, 0xff,
    0x00, 0x00, 0x00, 0xef, 0x00, 0x00, 0x00, 0x61, 0x00, 0x00, 0x00, 0x00,
    0x00, 0x00, 0x00, 0x00, 0x00, 0x00, 0x00, 0x00, 0x00, 0x00, 0x00, 0x00,
    0x00, 0x00, 0x00, 0x00, 0x00, 0x00, 0x00, 0x00, 0x00, 0x00, 0x00, 0x00,
    0x00, 0x00, 0x00, 0x7d, 0x00, 0x00, 0x00, 0xff, 0x00, 0x00, 0x00, 0xff,
    0x38, 0x2c, 0x00, 0xef, 0xb0, 0x84, 0x00, 0xef, 0xd0, 0x98, 0x00, 0xff,
    0xc8, 0x98, 0x00, 0xff, 0xc8, 0x98, 0x00, 0xff, 0xd0, 0x98, 0x00, 0xff,
    0xd0, 0x98, 0x00, 0xff, 0xc8, 0x98, 0x00, 0xff, 0xd0, 0x98, 0x00, 0xff,
    0xd0, 0x98, 0x00, 0xff, 0xc8, 0x98, 0x00, 0xff, 0xd0, 0x98, 0x00, 0xff,
    0xd0, 0x98, 0x00, 0xff, 0xc8, 0x98, 0x00, 0xff, 0xd0, 0x98, 0x00, 0xff,
    0xd0, 0x98, 0x00, 0xff, 0xc8, 0x98, 0x00, 0xff, 0xd0, 0x98, 0x00, 0xff,
    0xd0, 0x98, 0x00, 0xff, 0xc8, 0x98, 0x00, 0xff, 0xd0, 0x98, 0x00, 0xff,
    0xd0, 0x98, 0x00, 0xff, 0xc8, 0x98, 0x00, 0xff, 0xd0, 0x98, 0x00, 0xff,
    0xd0, 0x98, 0x00, 0xff, 0xc8, 0x98, 0x00, 0xff, 0xd0, 0x98, 0x00, 0xff,
    0xd0, 0x98, 0x00, 0xff, 0xc8, 0x98, 0x00, 0xff, 0xd0, 0x98, 0x00, 0xff,
    0xd0, 0x98, 0x00, 0xff, 0xc8, 0x98, 0x00, 0xff, 0xd0, 0x98, 0x00, 0xff,
    0xd0, 0x98, 0x00, 0xff, 0xc8, 0x98, 0x00, 0xff, 0xd0, 0x98, 0x00, 0xff,
    0xd0, 0x98, 0x00, 0xff, 0xc8, 0x98, 0x00, 0xff, 0xd0, 0x98, 0x00, 0xff,
    0xd0, 0x98, 0x00, 0xff, 0xc8, 0x98, 0x00, 0xff, 0xd0, 0x98, 0x00, 0xff,
    0xd0, 0x98, 0x00, 0xff, 0xc8, 0x98, 0x00, 0xff, 0xd0, 0x98, 0x00, 0xff,
    0xd0, 0x98, 0x00, 0xff, 0xc8, 0x98, 0x00, 0xff, 0xd0, 0x98, 0x00, 0xff,
    0xd0, 0x98, 0x00, 0xff, 0xc8, 0x98, 0x00, 0xff, 0xd0, 0x98, 0x00, 0xff,
    0xd0, 0x98, 0x00, 0xff, 0xc8, 0x98, 0x00, 0xff, 0xd0, 0x98, 0x00, 0xff,
    0xd0, 0x98, 0x00, 0xff, 0xc8, 0x98, 0x00, 0xff, 0xd0, 0x98, 0x00, 0xff,
    0xd0, 0x98, 0x00, 0xff, 0xc8, 0x98, 0x00, 0xff, 0xd0, 0x98, 0x00, 0xff,
    0xd0, 0x98, 0x00, 0xff, 0xc8, 0x98, 0x00, 0xff, 0xd0, 0x98, 0x00, 0xff,
    0xd0, 0x98, 0x00, 0xff, 0xc8, 0x98, 0x00, 0xff, 0xd0, 0x98, 0x00, 0xff,
    0xd0, 0x98, 0x00, 0xff, 0xc8, 0x98, 0x00, 0xff, 0xd0, 0x98, 0x00, 0xff,
    0xd0, 0x98, 0x00, 0xff, 0xc8, 0x98, 0x00, 0xff, 0xd0, 0x98, 0x00, 0xff,
    0xd0, 0x98, 0x00, 0xff, 0xc8, 0x98, 0x00, 0xff, 0xd0, 0x98, 0x00, 0xff,
    0xd0, 0x98, 0x00, 0xff, 0xc8, 0x98, 0x00, 0xff, 0xd0, 0x98, 0x00, 0xff,
    0xd0, 0x98, 0x00, 0xff, 0xc8, 0x98, 0x00, 0xff, 0xd0, 0x98, 0x00, 0xff,
    0xd0, 0x98, 0x00, 0xff, 0xc8, 0x98, 0x00, 0xff, 0xd0, 0x98, 0x00, 0xff,
    0xd0, 0x98, 0x00, 0xff, 0xc8, 0x98, 0x00, 0xff, 0xd0, 0x98, 0x00, 0xff,
    0xd0, 0x98, 0x00, 0xff, 0xc8, 0x98, 0x00, 0xff, 0xd0, 0x98, 0x00, 0xff,
    0xd0, 0x98, 0x00, 0xff, 0xc8, 0x98, 0x00, 0xff, 0xd0, 0x98, 0x00, 0xff,
    0xd0, 0x98, 0x00, 0xff, 0xc8, 0x98, 0x00, 0xff, 0xd0, 0x98, 0x00, 0xff,
    0xd0, 0x98, 0x00, 0xff, 0xc8, 0x98, 0x00, 0xff, 0xd0, 0x98, 0x00, 0xff,
    0xd0, 0x98, 0x00, 0xff, 0xc8, 0x98, 0x00, 0xff, 0xd0, 0x98, 0x00, 0xff,
    0xd0, 0x98, 0x00, 0xff, 0xc8, 0x98, 0x00, 0xff, 0xd0, 0x98, 0x00, 0xff,
    0xc8, 0x98, 0x00, 0xff, 0xc8, 0x98, 0x00, 0xff, 0xd0, 0x98, 0x00, 0xff,
    0xd0, 0x98, 0x00, 0xff, 0xc8, 0x98, 0x00, 0xff, 0xb8, 0x84, 0x00, 0xef,
    0x28, 0x20, 0x00, 0xdf, 0x00, 0x00, 0x00, 0xff, 0x00, 0x00, 0x00, 0xff,
    0x00, 0x00, 0x00, 0x7d, 0x00, 0x00, 0x00, 0x00, 0x00, 0x00, 0x00, 0x00,
    0x00, 0x00, 0x00, 0x00, 0x00, 0x00, 0x00, 0x00, 0x00, 0x00, 0x00, 0x00,
    0x00, 0x00, 0x00, 0x61, 0x00, 0x00, 0x00, 0xff, 0x00, 0x00, 0x00, 0xfb,
    0x60, 0x48, 0x00, 0xd7, 0xd0, 0x98, 0x00, 0xff, 0xd0, 0x98, 0x00, 0xff,
    0xc8, 0x98, 0x00, 0xff, 0xd0, 0x98, 0x00, 0xff, 0xc8, 0x98, 0x00, 0xff,
    0xd0, 0x98, 0x00, 0xff, 0xc8, 0x98, 0x00, 0xff, 0xc8, 0x9c, 0x00, 0xff,
    0xd0, 0x98, 0x00, 0xff, 0xc8, 0x98, 0x00, 0xff, 0xc8, 0x9c, 0x00, 0xff,
    0xd0, 0x9c, 0x00, 0xff, 0xc8, 0x98, 0x00, 0xff, 0xc8, 0x9c, 0x00, 0xff,
    0xd0, 0x98, 0x00, 0xff, 0xc8, 0x9c, 0x00, 0xff, 0xc8, 0x98, 0x00, 0xff,
    0xd0, 0x9c, 0x00, 0xff, 0xc8, 0x98, 0x00, 0xff, 0xc8, 0x9c, 0x00, 0xff,
    0xd0, 0x98, 0x00, 0xff, 0xc8, 0x9c, 0x00, 0xff, 0xc8, 0x98, 0x00, 0xff,
    0xd0, 0x9c, 0x00, 0xff, 0xc8, 0x98, 0x00, 0xff, 0xc8, 0x9c, 0x00, 0xff,
    0xd0, 0x98, 0x00, 0xff, 0xc8, 0x9c, 0x00, 0xff, 0xc8, 0x98, 0x00, 0xff,
    0xd0, 0x9c, 0x00, 0xff, 0xc8, 0x98, 0x00, 0xff, 0xc8, 0x9c, 0x00, 0xff,
    0xd0, 0x98, 0x00, 0xff, 0xc8, 0x9c, 0x00, 0xff, 0xc8, 0x98, 0x00, 0xff,
    0xd0, 0x9c, 0x00, 0xff, 0xc8, 0x98, 0x00, 0xff, 0xc8, 0x9c, 0x00, 0xff,
    0xd0, 0x98, 0x00, 0xff, 0xc8, 0x9c, 0x00, 0xff, 0xc8, 0x98, 0x00, 0xff,
    0xd0, 0x9c, 0x00, 0xff, 0xc8, 0x98, 0x00, 0xff, 0xc8, 0x9c, 0x00, 0xff,
    0xd0, 0x98, 0x00, 0xff, 0xc8, 0x9c, 0x00, 0xff, 0xc8, 0x98, 0x00, 0xff,
    0xd0, 0x9c, 0x00, 0xff, 0xc8, 0x98, 0x00, 0xff, 0xc8, 0x9c, 0x00, 0xff,
    0xd0, 0x98, 0x00, 0xff, 0xc8, 0x9c, 0x00, 0xff, 0xc8, 0x98, 0x00, 0xff,
    0xd0, 0x9c, 0x00, 0xff, 0xc8, 0x98, 0x00, 0xff, 0xc8, 0x9c, 0x00, 0xff,
    0xd0, 0x98, 0x00, 0xff, 0xc8, 0x9c, 0x00, 0xff, 0xc8, 0x98, 0x00, 0xff,
    0xd0, 0x9c, 0x00, 0xff, 0xc8, 0x98, 0x00, 0xff, 0xc8, 0x9c, 0x00, 0xff,
    0xd0, 0x98, 0x00, 0xff, 0xc8, 0x9c, 0x00, 0xff, 0xc8, 0x98, 0x00, 0xff,
    0xd0, 0x9c, 0x00, 0xff, 0xc8, 0x98, 0x00, 0xff, 0xc8, 0x9c, 0x00, 0xff,
    0xd0, 0x98, 0x00, 0xff, 0xc8, 0x9c, 0x00, 0xff, 0xc8, 0x98, 0x00, 0xff,
    0xd0, 0x9c, 0x00, 0xff, 0xc8, 0x98, 0x00, 0xff, 0xc8, 0x9c, 0x00, 0xff,
    0xd0, 0x98, 0x00, 0xff, 0xc8, 0x9c, 0x00, 0xff, 0xc8, 0x98, 0x00, 0xff,
    0xd0, 0x9c, 0x00, 0xff, 0xc8, 0x98, 0x00, 0xff, 0xc8, 0x9c, 0x00, 0xff,
    0xd0, 0x98, 0x00, 0xff, 0xc8, 0x9c, 0x00, 0xff, 0xc8, 0x98, 0x00, 0xff,
    0xd0, 0x9c, 0x00, 0xff, 0xc8, 0x98, 0x00, 0xff, 0xc8, 0x9c, 0x00, 0xff,
    0xd0, 0x98, 0x00, 0xff, 0xc8, 0x9c, 0x00, 0xff, 0xc8, 0x98, 0x00, 0xff,
    0xd0, 0x9c, 0x00, 0xff, 0xc8, 0x98, 0x00, 0xff, 0xc8, 0x9c, 0x00, 0xff,
    0xd0, 0x98, 0x00, 0xff, 0xc8, 0x9c, 0x00, 0xff, 0xc8, 0x98, 0x00, 0xff,
    0xd0, 0x9c, 0x00, 0xff, 0xc8, 0x98, 0x00, 0xff, 0xc8, 0x9c, 0x00, 0xff,
    0xd0, 0x98, 0x00, 0xff, 0xc8, 0x9c, 0x00, 0xff, 0xc8, 0x98, 0x00, 0xff,
    0xd0, 0x9c, 0x00, 0xff, 0xc8, 0x98, 0x00, 0xff, 0xd0, 0x9c, 0x00, 0xff,
    0xd0, 0x98, 0x00, 0xff, 0xc8, 0x9c, 0x00, 0xff, 0xd0, 0x98, 0x00, 0xff,
    0xc8, 0x98, 0x00, 0xff, 0xc8, 0x9c, 0x00, 0xff, 0xd0, 0x98, 0x00, 0xff,
    0xc8, 0x98, 0x00, 0xff, 0xd0, 0x98, 0x00, 0xff, 0x60, 0x48, 0x00, 0xd7,
    0x00, 0x00, 0x00, 0xfb, 0x00, 0x00, 0x00, 0xff, 0x00, 0x00, 0x00, 0x71,
    0x00, 0x00, 0x00, 0x00, 0x00, 0x00, 0x00, 0x00, 0x00, 0x00, 0x00, 0x00,
    0x00, 0x00, 0x00, 0x20, 0x00, 0x00, 0x00, 0xef, 0x00, 0x00, 0x00, 0xff,
    0x68, 0x4c, 0x00, 0xd3, 0xc8, 0x98, 0x00, 0xff, 0xd0, 0x98, 0x00, 0xff,
    0xc8, 0x9c, 0x00, 0xff, 0xd0, 0x98, 0x00, 0xff, 0xc8, 0x9c, 0x00, 0xff,
    0xd0, 0x98, 0x00, 0xff, 0xc8, 0x98, 0x00, 0xff, 0xd0, 0x9c, 0x00, 0xff,
    0xd0, 0x98, 0x00, 0xff, 0xc8, 0x98, 0x00, 0xff, 0xd0, 0x98, 0x00, 0xff,
    0xd0, 0x98, 0x00, 0xff, 0xc8, 0x98, 0x00, 0xff, 0xd0, 0x98, 0x00, 0xff,
    0xd0, 0x98, 0x00, 0xff, 0xc8, 0x98, 0x00, 0xff, 0xd0, 0x98, 0x00, 0xff,
    0xd0, 0x9c, 0x00, 0xff, 0xc8, 0x98, 0x00, 0xff, 0xd0, 0x98, 0x00, 0xff,
    0xd0, 0x98, 0x00, 0xff, 0xc8, 0x9c, 0x00, 0xff, 0xd0, 0x98, 0x00, 0xff,
    0xd0, 0x98, 0x00, 0xff, 0xc8, 0x98, 0x00, 0xff, 0xd0, 0x9c, 0x00, 0xff,
    0xd0, 0x98, 0x00, 0xff, 0xc8, 0x98, 0x00, 0xff, 0xd0, 0x98, 0x00, 0xff,
    0xd0, 0x9c, 0x00, 0xff, 0xc8, 0x98, 0x00, 0xff, 0xd0, 0x98, 0x00, 0xff,
    0xd0, 0x98, 0x00, 0xff, 0xc8, 0x9c, 0x00, 0xff, 0xd0, 0x98, 0x00, 0xff,
    0xd0, 0x98, 0x00, 0xff, 0xc8, 0x98, 0x00, 0xff, 0xd0, 0x9c, 0x00, 0xff,
    0xd0, 0x98, 0x00, 0xff, 0xc8, 0x98, 0x00, 0xff, 0xd0, 0x98, 0x00, 0xff,
    0xd0, 0x9c, 0x00, 0xff, 0xc8, 0x98, 0x00, 0xff, 0xd0, 0x98, 0x00, 0xff,
    0xd0, 0x98, 0x00, 0xff, 0xc8, 0x9c, 0x00, 0xff, 0xd0, 0x98, 0x00, 0xff,
    0xd0, 0x98, 0x00, 0xff, 0xc8, 0x98, 0x00, 0xff, 0xd0, 0x9c, 0x00, 0xff,
    0xd0, 0x98, 0x00, 0xff, 0xc8, 0x98, 0x00, 0xff, 0xd0, 0x98, 0x00, 0xff,
    0xd0, 0x9c, 0x00, 0xff, 0xc8, 0x98, 0x00, 0xff, 0xd0, 0x98, 0x00, 0xff,
    0xd0, 0x98, 0x00, 0xff, 0xc8, 0x9c, 0x00, 0xff, 0xd0, 0x98, 0x00, 0xff,
    0xd0, 0x98, 0x00, 0xff, 0xc8, 0x98, 0x00, 0xff, 0xd0, 0x9c, 0x00, 0xff,
    0xd0, 0x98, 0x00, 0xff, 0xc8, 0x98, 0x00, 0xff, 0xd0, 0x98, 0x00, 0xff,
    0xd0, 0x9c, 0x00, 0xff, 0xc8, 0x98, 0x00, 0xff, 0xd0, 0x98, 0x00, 0xff,
    0xd0, 0x98, 0x00, 0xff, 0xc8, 0x9c, 0x00, 0xff, 0xd0, 0x98, 0x00, 0xff,
    0xd0, 0x98, 0x00, 0xff, 0xc8, 0x98, 0x00, 0xff, 0xd0, 0x9c, 0x00, 0xff,
    0xd0, 0x98, 0x00, 0xff, 0xc8, 0x98, 0x00, 0xff, 0xd0, 0x98, 0x00, 0xff,
    0xd0, 0x9c, 0x00, 0xff, 0xc8, 0x98, 0x00, 0xff, 0xd0, 0x98, 0x00, 0xff,
    0xd0, 0x98, 0x00, 0xff, 0xc8, 0x9c, 0x00, 0xff, 0xd0, 0x98, 0x00, 0xff,
    0xd0, 0x98, 0x00, 0xff, 0xc8, 0x98, 0x00, 0xff, 0xd0, 0x9c, 0x00, 0xff,
    0xd0, 0x98, 0x00, 0xff, 0xc8, 0x98, 0x00, 0xff, 0xd0, 0x98, 0x00, 0xff,
    0xd0, 0x9c, 0x00, 0xff, 0xc8, 0x98, 0x00, 0xff, 0xd0, 0x98, 0x00, 0xff,
    0xd0, 0x98, 0x00, 0xff, 0xc8, 0x9c, 0x00, 0xff, 0xd0, 0x98, 0x00, 0xff,
    0xd0, 0x98, 0x00, 0xff, 0xc8, 0x98, 0x00, 0xff, 0xd0, 0x9c, 0x00, 0xff,
    0xd0, 0x98, 0x00, 0xff, 0xc8, 0x98, 0x00, 0xff, 0xd0, 0x98, 0x00, 0xff,
    0xd0, 0x9c, 0x00, 0xff, 0xc8, 0x98, 0x00, 0xff, 0xc8, 0x98, 0x00, 0xff,
    0xd0, 0x98, 0x00, 0xff, 0xc8, 0x98, 0x00, 0xff, 0xd0, 0x9c, 0x00, 0xff,
    0xd0, 0x98, 0x00, 0xff, 0xc8, 0x98, 0x00, 0xff, 0xd0, 0x98, 0x00, 0xff,
    0xd0, 0x9c, 0x00, 0xff, 0xc8, 0x98, 0x00, 0xff, 0xc8, 0x98, 0x00, 0xff,
    0xd0, 0x98, 0x00, 0xff, 0x60, 0x48, 0x00, 0xd7, 0x00, 0x00, 0x00, 0xff,
    0x00, 0x00, 0x00, 0xef, 0x00, 0x00, 0x00, 0x20, 0x00, 0x00, 0x00, 0x00,
    0x00, 0x00, 0x00, 0x00, 0x00, 0x00, 0x00, 0xae, 0x00, 0x00, 0x00, 0xff,
    0x30, 0x24, 0x00, 0xdb, 0xc8, 0x98, 0x00, 0xff, 0xc8, 0x98, 0x00, 0xff,
    0xd0, 0x98, 0x00, 0xff, 0xc8, 0x98, 0x00, 0xff, 0xc8, 0x98, 0x00, 0xff,
    0xd0, 0x98, 0x00, 0xff, 0xc8, 0x9c, 0x00, 0xff, 0xd0, 0x98, 0x00, 0xff,
    0xc8, 0x98, 0x00, 0xff, 0xc8, 0x98, 0x00, 0xff, 0xd0, 0x9c, 0x00, 0xff,
    0xc8, 0x98, 0x00, 0xff, 0xc8, 0x98, 0x00, 0xff, 0xd0, 0x9c, 0x00, 0xff,
    0xc8, 0x98, 0x00, 0xff, 0xd0, 0x98, 0x00, 0xff, 0xc8, 0x9c, 0x00, 0xff,
    0xc8, 0x98, 0x00, 0xff, 0xd0, 0x98, 0x00, 0xff, 0xc8, 0x98, 0x00, 0xff,
    0xd0, 0x98, 0x00, 0xff, 0xc8, 0x98, 0x00, 0xff, 0xc8, 0x98, 0x00, 0xff,
    0xd0, 0x98, 0x00, 0xff, 0xc8, 0x98, 0x00, 0xff, 0xc8, 0x98, 0x00, 0xff,
    0xd0, 0x98, 0x00, 0xff, 0xc8, 0x98, 0x00, 0xff, 0xc8, 0x98, 0x00, 0xff,
    0xd0, 0x98, 0x00, 0xff, 0xc8, 0x98, 0x00, 0xff, 0xc8, 0x98, 0x00, 0xff,
    0xd0, 0x98, 0x00, 0xff, 0xc8, 0x98, 0x00, 0xff, 0xc8, 0x98, 0x00, 0xff,
    0xd0, 0x98, 0x00, 0xff, 0xc8, 0x98, 0x00, 0xff, 0xc8, 0x98, 0x00, 0xff,
    0xd0, 0x98, 0x00, 0xff, 0xc8, 0x98, 0x00, 0xff, 0xc8, 0x98, 0x00, 0xff,
    0xd0, 0x98, 0x00, 0xff, 0xc8, 0x98, 0x00, 0xff, 0xc8, 0x98, 0x00, 0xff,
    0xd0, 0x98, 0x00, 0xff, 0xc8, 0x98, 0x00, 0xff, 0xc8, 0x98, 0x00, 0xff,
    0xd0, 0x98, 0x00, 0xff, 0xc8, 0x98, 0x00, 0xff, 0xc8, 0x98, 0x00, 0xff,
    0xd0, 0x98, 0x00, 0xff, 0xc8, 0x98, 0x00, 0xff, 0xc8, 0x98, 0x00, 0xff,
    0xd0, 0x98, 0x00, 0xff, 0xc8, 0x98, 0x00, 0xff, 0xc8, 0x98, 0x00, 0xff,
    0xd0, 0x98, 0x00, 0xff, 0xc8, 0x98, 0x00, 0xff, 0xc8, 0x98, 0x00, 0xff,
    0xd0, 0x98, 0x00, 0xff, 0xc8, 0x98, 0x00, 0xff, 0xc8, 0x98, 0x00, 0xff,
    0xd0, 0x98, 0x00, 0xff, 0xc8, 0x98, 0x00, 0xff, 0xc8, 0x98, 0x00, 0xff,
    0xd0, 0x98, 0x00, 0xff, 0xc8, 0x98, 0x00, 0xff, 0xc8, 0x98, 0x00, 0xff,
    0xd0, 0x98, 0x00, 0xff, 0xc8, 0x98, 0x00, 0xff, 0xc8, 0x98, 0x00, 0xff,
    0xd0, 0x98, 0x00, 0xff, 0xc8, 0x98, 0x00, 0xff, 0xc8, 0x98, 0x00, 0xff,
    0xd0, 0x98, 0x00, 0xff, 0xc8, 0x98, 0x00, 0xff, 0xc8, 0x98, 0x00, 0xff,
    0xd0, 0x98, 0x00, 0xff, 0xc8, 0x98, 0x00, 0xff, 0xc8, 0x98, 0x00, 0xff,
    0xd0, 0x98, 0x00, 0xff, 0xc8, 0x98, 0x00, 0xff, 0xc8, 0x98, 0x00, 0xff,
    0xd0, 0x98, 0x00, 0xff, 0xc8, 0x98, 0x00, 0xff, 0xc8, 0x98, 0x00, 0xff,
    0xd0, 0x98, 0x00, 0xff, 0xc8, 0x98, 0x00, 0xff, 0xc8, 0x98, 0x00, 0xff,
    0xd0, 0x98, 0x00, 0xff, 0xc8, 0x98, 0x00, 0xff, 0xc8, 0x98, 0x00, 0xff,
    0xd0, 0x98, 0x00, 0xff, 0xc8, 0x98, 0x00, 0xff, 0xc8, 0x98, 0x00, 0xff,
    0xd0, 0x98, 0x00, 0xff, 0xc8, 0x98, 0x00, 0xff, 0xc8, 0x98, 0x00, 0xff,
    0xd0, 0x98, 0x00, 0xff, 0xc8, 0x98, 0x00, 0xff, 0xc8, 0x98, 0x00, 0xff,
    0xd0, 0x98, 0x00, 0xff, 0xd0, 0x98, 0x00, 0xff, 0xc8, 0x98, 0x00, 0xff,
    0xd0, 0x9c, 0x00, 0xff, 0xc8, 0x98, 0x00, 0xff, 0xc8, 0x98, 0x00, 0xff,
    0xd0, 0x98, 0x00, 0xff, 0xc8, 0x9c, 0x00, 0xff, 0xc8, 0x98, 0x00, 0xff,
    0xd0, 0x98, 0x00, 0xff, 0xc8, 0x98, 0x00, 0xff, 0xd0, 0x9c, 0x00, 0xff,
    0xc8, 0x98, 0x00, 0xff, 0xc8, 0x98, 0x00, 0xff, 0xc8, 0x98, 0x00, 0xff,
    0x38, 0x28, 0x00, 0xf3, 0x00, 0x00, 0x00, 0xff, 0x00, 0x00, 0x00, 0x9e,
    0x00, 0x00, 0x00, 0x00, 0x00, 0x00, 0x00, 0x10, 0x00, 0x00, 0x00, 0xef,
    0x00, 0x00, 0x00, 0xf7, 0xb0, 0x84, 0x00, 0xef, 0xd0, 0x98, 0x00, 0xff,
    0xd0, 0x98, 0x00, 0xff, 0xc8, 0x9c, 0x00, 0xff, 0xd0, 0x98, 0x00, 0xff,
    0xd0, 0x98, 0x00, 0xff, 0xc8, 0x98, 0x00, 0xff, 0xd0, 0x98, 0x00, 0xff,
    0xd0, 0x9c, 0x00, 0xff, 0xc8, 0x98, 0x00, 0xff, 0xd0, 0x98, 0x00, 0xff,
    0xd0, 0x9c, 0x00, 0xff, 0xc8, 0x98, 0x00, 0xff, 0xd0, 0x98, 0x00, 0xff,
    0xc8, 0x9c, 0x00, 0xff, 0xd0, 0x98, 0x00, 0xff, 0xc8, 0x98, 0x00, 0xff,
    0xd0, 0x9c, 0x00, 0xff, 0xd0, 0x98, 0x00, 0xff, 0xc8, 0x98, 0x00, 0xff,
    0xd0, 0x9c, 0x00, 0xff, 0xc8, 0x98, 0x00, 0xff, 0xd0, 0x9c, 0x00, 0xff,
    0xd0, 0x98, 0x00, 0xff, 0xc8, 0x9c, 0x00, 0xff, 0xd0, 0x9c, 0x00, 0xff,
    0xd0, 0x98, 0x00, 0xff, 0xc8, 0x98, 0x00, 0xff, 0xd0, 0x9c, 0x00, 0xff,
    0xd0, 0x9c, 0x00, 0xff, 0xc8, 0x98, 0x00, 0xff, 0xd0, 0x98, 0x00, 0xff,
    0xd0, 0x9c, 0x00, 0xff, 0xc8, 0x9c, 0x00, 0xff, 0xd0, 0x98, 0x00, 0xff,
    0xd0, 0x98, 0x00, 0xff, 0xc8, 0x9c, 0x00, 0xff, 0xd0, 0x9c, 0x00, 0xff,
    0xd0, 0x98, 0x00, 0xff, 0xc8, 0x98, 0x00, 0xff, 0xd0, 0x9c, 0x00, 0xff,
    0xd0, 0x9c, 0x00, 0xff, 0xc8, 0x98, 0x00, 0xff, 0xd0, 0x98, 0x00, 0xff,
    0xd0, 0x9c, 0x00, 0xff, 0xc8, 0x9c, 0x00, 0xff, 0xd0, 0x98, 0x00, 0xff,
    0xd0, 0x98, 0x00, 0xff, 0xc8, 0x9c, 0x00, 0xff, 0xd0, 0x9c, 0x00, 0xff,
    0xd0, 0x98, 0x00, 0xff, 0xc8, 0x98, 0x00, 0xff, 0xd0, 0x9c, 0x00, 0xff,
    0xd0, 0x9c, 0x00, 0xff, 0xc8, 0x98, 0x00, 0xff, 0xd0, 0x98, 0x00, 0xff,
    0xd0, 0x9c, 0x00, 0xff, 0xc8, 0x9c, 0x00, 0xff, 0xd0, 0x98, 0x00, 0xff,
    0xd0, 0x98, 0x00, 0xff, 0xc8, 0x9c, 0x00, 0xff, 0xd0, 0x9c, 0x00, 0xff,
    0xd0, 0x98, 0x00, 0xff, 0xc8, 0x98, 0x00, 0xff, 0xd0, 0x9c, 0x00, 0xff,
    0xd0, 0x9c, 0x00, 0xff, 0xc8, 0x98, 0x00, 0xff, 0xd0, 0x98, 0x00, 0xff,
    0xd0, 0x9c, 0x00, 0xff, 0xc8, 0x9c, 0x00, 0xff, 0xd0, 0x98, 0x00, 0xff,
    0xd0, 0x98, 0x00, 0xff, 0xc8, 0x9c, 0x00, 0xff, 0xd0, 0x9c, 0x00, 0xff,
    0xd0, 0x98, 0x00, 0xff, 0xc8, 0x98, 0x00, 0xff, 0xd0, 0x9c, 0x00, 0xff,
    0xd0, 0x9c, 0x00, 0xff, 0xc8, 0x98, 0x00, 0xff, 0xd0, 0x98, 0x00, 0xff,
    0xd0, 0x9c, 0x00, 0xff, 0xc8, 0x9c, 0x00, 0xff, 0xd0, 0x98, 0x00, 0xff,
    0xd0, 0x98, 0x00, 0xff, 0xc8, 0x9c, 0x00, 0xff, 0xd0, 0x9c, 0x00, 0xff,
    0xd0, 0x98, 0x00, 0xff, 0xc8, 0x98, 0x00, 0xff, 0xd0, 0x9c, 0x00, 0xff,
    0xd0, 0x9c, 0x00, 0xff, 0xc8, 0x98, 0x00, 0xff, 0xd0, 0x98, 0x00, 0xff,
    0xd0, 0x9c, 0x00, 0xff, 0xc8, 0x9c, 0x00, 0xff, 0xd0, 0x98, 0x00, 0xff,
    0xd0, 0x98, 0x00, 0xff, 0xc8, 0x9c, 0x00, 0xff, 0xd0, 0x9c, 0x00, 0xff,
    0xd0, 0x98, 0x00, 0xff, 0xc8, 0x98, 0x00, 0xff, 0xd0, 0x9c, 0x00, 0xff,
    0xc8, 0x9c, 0x00, 0xff, 0xc8, 0x98, 0x00, 0xff, 0xd0, 0x98, 0x00, 0xff,
    0xc8, 0x9c, 0x00, 0xff, 0xd0, 0x98, 0x00, 0xff, 0xd0, 0x98, 0x00, 0xff,
    0xc8, 0x98, 0x00, 0xff, 0xd0, 0x98, 0x00, 0xff, 0xc8, 0x98, 0x00, 0xff,
    0xd0, 0x9c, 0x00, 0xff, 0xc8, 0x98, 0x00, 0xff, 0xd0, 0x98, 0x00, 0xff,
    0xd0, 0x98, 0x00, 0xff, 0xd0, 0x9c, 0x00, 0xff, 0xc8, 0x98, 0x00, 0xff,
    0xd0, 0x98, 0x00, 0xff, 0xb0, 0x88, 0x00, 0xeb, 0x00, 0x00, 0x00, 0xfb,
    0x00, 0x00, 0x00, 0xff, 0x00, 0x00, 0x00, 0x10, 0x00, 0x00, 0x00, 0x71,
    0x00, 0x00, 0x00, 0xff, 0x28, 0x20, 0x00, 0xdb, 0xd0, 0x98, 0x00, 0xff,
    0xc8, 0x98, 0x00, 0xff, 0xd0, 0x9c, 0x00, 0xff, 0xc8, 0x98, 0x00, 0xff,
    0xc8, 0x9c, 0x00, 0xff, 0xd0, 0x98, 0x00, 0xff, 0xc8, 0x9c, 0x00, 0xff,
    0xc8, 0x98, 0x00, 0xff, 0xd0, 0x98, 0x00, 0xff, 0xc8, 0x98, 0x00, 0xff,
    0xc8, 0x98, 0x00, 0xff, 0xd0, 0x98, 0x00, 0xff, 0xd0, 0x98, 0x00, 0xff,
    0xc8, 0x98, 0x00, 0xff, 0xd0, 0x98, 0x00, 0xff, 0xc8, 0x98, 0x00, 0xff,
    0xc8, 0x98, 0x00, 0xff, 0xd0, 0x98, 0x00, 0xff, 0xc8, 0x98, 0x00, 0xff,
    0xc8, 0x98, 0x00, 0xff, 0xd0, 0x9c, 0x00, 0xff, 0xc8, 0x98, 0x00, 0xff,
    0xc8, 0x98, 0x00, 0xff, 0xd0, 0x98, 0x00, 0xff, 0xc8, 0x98, 0x00, 0xff,
    0xd0, 0x98, 0x00, 0xff, 0xc8, 0x98, 0x00, 0xff, 0xc8, 0x98, 0x00, 0xff,
    0xd0, 0x98, 0x00, 0xff, 0xc8, 0x98, 0x00, 0xff, 0xc8, 0x9c, 0x00, 0xff,
    0xd0, 0x98, 0x00, 0xff, 0xc8, 0x98, 0x00, 0xff, 0xc8, 0x98, 0x00, 0xff,
    0xd0, 0x98, 0x00, 0xff, 0xc8, 0x98, 0x00, 0xff, 0xc8, 0x98, 0x00, 0xff,
    0xd0, 0x98, 0x00, 0xff, 0xc8, 0x9c, 0x00, 0xff, 0xc8, 0x98, 0x00, 0xff,
    0xd0, 0x98, 0x00, 0xff, 0xc8, 0x98, 0x00, 0xff, 0xc8, 0x98, 0x00, 0xff,
    0xd0, 0x98, 0x00, 0xff, 0xc8, 0x98, 0x00, 0xff, 0xc8, 0x98, 0x00, 0xff,
    0xd0, 0x9c, 0x00, 0xff, 0xc8, 0x98, 0x00, 0xff, 0xc8, 0x98, 0x00, 0xff,
    0xd0, 0x98, 0x00, 0xff, 0xc8, 0x98, 0x00, 0xff, 0xc8, 0x98, 0x00, 0xff,
    0xd0, 0x98, 0x00, 0xff, 0xc8, 0x98, 0x00, 0xff, 0xc8, 0x9c, 0x00, 0xff,
    0xd0, 0x98, 0x00, 0xff, 0xc8, 0x98, 0x00, 0xff, 0xc8, 0x98, 0x00, 0xff,
    0xd0, 0x98, 0x00, 0xff, 0xc8, 0x98, 0x00, 0xff, 0xc8, 0x98, 0x00, 0xff,
    0xd0, 0x98, 0x00, 0xff, 0xc8, 0x9c, 0x00, 0xff, 0xc8, 0x98, 0x00, 0xff,
    0xd0, 0x98, 0x00, 0xff, 0xc8, 0x98, 0x00, 0xff, 0xc8, 0x98, 0x00, 0xff,
    0xd0, 0x98, 0x00, 0xff, 0xc8, 0x98, 0x00, 0xff, 0xc8, 0x98, 0x00, 0xff,
    0xd0, 0x9c, 0x00, 0xff, 0xc8, 0x98, 0x00, 0xff, 0xc8, 0x98, 0x00, 0xff,
    0xd0, 0x98, 0x00, 0xff, 0xc8, 0x98, 0x00, 0xff, 0xc8, 0x98, 0x00, 0xff,
    0xd0, 0x98, 0x00, 0xff, 0xc8, 0x98, 0x00, 0xff, 0xc8, 0x9c, 0x00, 0xff,
    0xd0, 0x98, 0x00, 0xff, 0xc8, 0x98, 0x00, 0xff, 0xc8, 0x98, 0x00, 0xff,
    0xd0, 0x98, 0x00, 0xff, 0xc8, 0x98, 0x00, 0xff, 0xc8, 0x98, 0x00, 0xff,
    0xd0, 0x98, 0x00, 0xff, 0xc8, 0x9c, 0x00, 0xff, 0xc8, 0x98, 0x00, 0xff,
    0xd0, 0x98, 0x00, 0xff, 0xc8, 0x98, 0x00, 0xff, 0xc8, 0x98, 0x00, 0xff,
    0xd0, 0x98, 0x00, 0xff, 0xc8, 0x98, 0x00, 0xff, 0xc8, 0x98, 0x00, 0xff,
    0xd0, 0x9c, 0x00, 0xff, 0xc8, 0x98, 0x00, 0xff, 0xc8, 0x98, 0x00, 0xff,
    0xd0, 0x98, 0x00, 0xff, 0xc8, 0x98, 0x00, 0xff, 0xd0, 0x98, 0x00, 0xff,
    0xd0, 0x98, 0x00, 0xff, 0xc8, 0x98, 0x00, 0xff, 0xd0, 0x98, 0x00, 0xff,
    0xc8, 0x9c, 0x00, 0xff, 0xc8, 0x98, 0x00, 0xff, 0xd0, 0x98, 0x00, 0xff,
    0xc8, 0x9c, 0x00, 0xff, 0xd0, 0x9c, 0x00, 0xff, 0xc8, 0x98, 0x00, 0xff,
    0xd0, 0x98, 0x00, 0xff, 0xd0, 0x98, 0x00, 0xff, 0xc8, 0x9c, 0x00, 0xff,
    0xc8, 0x98, 0x00, 0xff, 0xc8, 0x98, 0x00, 0xff, 0xd0, 0x98, 0x00, 0xff,
    0xd0, 0x9c, 0x00, 0xff, 0xc8, 0x98, 0x00, 0xff, 0xd0, 0x98, 0x00, 0xff,
    0x30, 0x24, 0x00, 0xe3, 0x00, 0x00, 0x00, 0xff, 0x00, 0x00, 0x00, 0x61,
    0x00, 0x00, 0x00, 0x8e, 0x00, 0x00, 0x00, 0xff, 0x70, 0x54, 0x00, 0xef,
    0xc8, 0x98, 0x00, 0xff, 0xd0, 0x98, 0x00, 0xff, 0xc8, 0x98, 0x00, 0xff,
    0xd0, 0x98, 0x00, 0xff, 0xd0, 0x98, 0x00, 0xff, 0xc8, 0x98, 0x00, 0xff,
    0xd0, 0x98, 0x00, 0xff, 0xd0, 0x9c, 0x00, 0xff, 0xc8, 0x98, 0x00, 0xff,
    0xd0, 0x98, 0x00, 0xff, 0xc8, 0x9c, 0x00, 0xff, 0xc8, 0x98, 0x00, 0xff,
    0xd0, 0x9c, 0x00, 0xff, 0xc8, 0x9c, 0x00, 0xff, 0xd0, 0x98, 0x00, 0xff,
    0xd0, 0x9c, 0x00, 0xff, 0xc8, 0x98, 0x00, 0xff, 0xd0, 0x9c, 0x00, 0xff,
    0xd0, 0x98, 0x00, 0xff, 0xc8, 0x98, 0x00, 0xff, 0xd0, 0x98, 0x00, 0xff,
    0xd0, 0x98, 0x00, 0xff, 0xc8, 0x98, 0x00, 0xff, 0xd0, 0x9c, 0x00, 0xff,
    0xc8, 0x98, 0x00, 0xff, 0xc8, 0x98, 0x00, 0xff, 0xd0, 0x9c, 0x00, 0xff,
    0xd0, 0x98, 0x00, 0xff, 0xc8, 0x98, 0x00, 0xff, 0xd0, 0x98, 0x00, 0xff,
    0xd0, 0x98, 0x00, 0xff, 0xc8, 0x98, 0x00, 0xff, 0xd0, 0x98, 0x00, 0xff,
    0xd0, 0x9c, 0x00, 0xff, 0xc8, 0x98, 0x00, 0xff, 0xd0, 0x9c, 0x00, 0xff,
    0xd0, 0x98, 0x00, 0xff, 0xc8, 0x98, 0x00, 0xff, 0xd0, 0x98, 0x00, 0xff,
    0xd0, 0x98, 0x00, 0xff, 0xc8, 0x98, 0x00, 0xff, 0xd0, 0x9c, 0x00, 0xff,
    0xd0, 0x98, 0x00, 0xff, 0xc8, 0x9c, 0x00, 0xff, 0xd0, 0x98, 0x00, 0xff,
    0xd0, 0x98, 0x00, 0xff, 0xc8, 0x98, 0x00, 0xff, 0xd0, 0x98, 0x00, 0xff,
    0xd0, 0x98, 0x00, 0xff, 0xc8, 0x9c, 0x00, 0xff, 0xd0, 0x98, 0x00, 0xff,
    0xd0, 0x9c, 0x00, 0xff, 0xc8, 0x98, 0x00, 0xff, 0xd0, 0x98, 0x00, 0xff,
    0xd0, 0x98, 0x00, 0xff, 0xc8, 0x98, 0x00, 0xff, 0xd0, 0x98, 0x00, 0xff,
    0xd0, 0x9c, 0x00, 0xff, 0xc8, 0x98, 0x00, 0xff, 0xd0, 0x9c, 0x00, 0xff,
    0xd0, 0x98, 0x00, 0xff, 0xc8, 0x98, 0x00, 0xff, 0xd0, 0x98, 0x00, 0xff,
    0xd0, 0x98, 0x00, 0xff, 0xc8, 0x98, 0x00, 0xff, 0xd0, 0x9c, 0x00, 0xff,
    0xd0, 0x98, 0x00, 0xff, 0xc8, 0x9c, 0x00, 0xff, 0xd0, 0x98, 0x00, 0xff,
    0xd0, 0x98, 0x00, 0xff, 0xc8, 0x98, 0x00, 0xff, 0xd0, 0x98, 0x00, 0xff,
    0xd0, 0x98, 0x00, 0xff, 0xc8, 0x9c, 0x00, 0xff, 0xd0, 0x98, 0x00, 0xff,
    0xd0, 0x9c, 0x00, 0xff, 0xc8, 0x98, 0x00, 0xff, 0xd0, 0x98, 0x00, 0xff,
    0xd0, 0x98, 0x00, 0xff, 0xc8, 0x98, 0x00, 0xff, 0xd0, 0x98, 0x00, 0xff,
    0xd0, 0x9c, 0x00, 0xff, 0xc8, 0x98, 0x00, 0xff, 0xd0, 0x9c, 0x00, 0xff,
    0xd0, 0x98, 0x00, 0xff, 0xc8, 0x98, 0x00, 0xff, 0xd0, 0x98, 0x00, 0xff,
    0xd0, 0x98, 0x00, 0xff, 0xc8, 0x98, 0x00, 0xff, 0xd0, 0x9c, 0x00, 0xff,
    0xd0, 0x98, 0x00, 0xff, 0xc8, 0x9c, 0x00, 0xff, 0xd0, 0x98, 0x00, 0xff,
    0xd0, 0x98, 0x00, 0xff, 0xc8, 0x98, 0x00, 0xff, 0xd0, 0x98, 0x00, 0xff,
    0xd0, 0x98, 0x00, 0xff, 0xc8, 0x9c, 0x00, 0xff, 0xc8, 0x98, 0x00, 0xff,
    0xd0, 0x9c, 0x00, 0xff, 0xc8, 0x98, 0x00, 0xff, 0xd0, 0x98, 0x00, 0xff,
    0xd0, 0x98, 0x00, 0xff, 0xc8, 0x98, 0x00, 0xff, 0xd0, 0x98, 0x00, 0xff,
    0xc8, 0x98, 0x00, 0xff, 0xd0, 0x98, 0x00, 0xff, 0xc8, 0x98, 0x00, 0xff,
    0xc8, 0x9c, 0x00, 0xff, 0xd0, 0x98, 0x00, 0xff, 0xc8, 0x98, 0x00, 0xff,
    0xd0, 0x98, 0x00, 0xff, 0xd0, 0x9c, 0x00, 0xff, 0xc8, 0x98, 0x00, 0xff,
    0xc8, 0x98, 0x00, 0xff, 0xd0, 0x98, 0x00, 0xff, 0xc8, 0x98, 0x00, 0xff,
    0xc8, 0x98, 0x00, 0xff, 0x70, 0x54, 0x00, 0xef, 0x00, 0x00, 0x00, 0xff,
    0x00, 0x00, 0x00, 0x8e, 0x00, 0x00, 0x00, 0xae, 0x00, 0x00, 0x00, 0xff,
    0x90, 0x68, 0x00, 0xdb, 0xc8, 0x98, 0x00, 0xff, 0xd0, 0x9c, 0x00, 0xff,
    0xc8, 0x98, 0x00, 0xff, 0xc8, 0x98, 0x00, 0xff, 0xd0, 0x9c, 0x00, 0xff,
    0xc8, 0x98, 0x00, 0xff, 0xc8, 0x98, 0x00, 0xff, 0xd0, 0x98, 0x00, 0xff,
    0xc8, 0x9c, 0x00, 0xff, 0xd0, 0x98, 0x00, 0xff, 0xd0, 0x98, 0x00, 0xff,
    0xc8, 0x98, 0x00, 0xff, 0xc8, 0x98, 0x00, 0xff, 0xd0, 0x98, 0x00, 0xff,
    0xc8, 0x98, 0x00, 0xff, 0xc8, 0x98, 0x00, 0xff, 0xd0, 0x9c, 0x00, 0xff,
    0xc8, 0x98, 0x00, 0xff, 0xd0, 0x98, 0x00, 0xff, 0xc8, 0x9c, 0x00, 0xff,
    0xc8, 0x98, 0x00, 0xff, 0xd0, 0x98, 0x00, 0xff, 0xd0, 0x9c, 0x00, 0xff,
    0xc8, 0x98, 0x00, 0xff, 0xd0, 0x98, 0x00, 0xff, 0xd0, 0x9c, 0x00, 0xff,
    0xc8, 0x98, 0x00, 0xff, 0xd0, 0x9c, 0x00, 0xff, 0xc8, 0x9c, 0x00, 0xff,
    0xd0, 0x98, 0x00, 0xff, 0xc8, 0x98, 0x00, 0xff, 0xc8, 0x9c, 0x00, 0xff,
    0xd0, 0x98, 0x00, 0xff, 0xc8, 0x98, 0x00, 0xff, 0xc8, 0x9c, 0x00, 0xff,
    0xd0, 0x98, 0x00, 0xff, 0xc8, 0x98, 0x00, 0xff, 0xc8, 0x9c, 0x00, 0xff,
    0xd0, 0x98, 0x00, 0xff, 0xc8, 0x98, 0x00, 0xff, 0xc8, 0x9c, 0x00, 0xff,
    0xd0, 0x98, 0x00, 0xff, 0xc8, 0x98, 0x00, 0xff, 0xc8, 0x9c, 0x00, 0xff,
    0xd0, 0x98, 0x00, 0xff, 0xc8, 0x98, 0x00, 0xff, 0xc8, 0x9c, 0x00, 0xff,
    0xd0, 0x98, 0x00, 0xff, 0xc8, 0x98, 0x00, 0xff, 0xc8, 0x9c, 0x00, 0xff,
    0xd0, 0x98, 0x00, 0xff, 0xc8, 0x98, 0x00, 0xff, 0xc8, 0x9c, 0x00, 0xff,
    0xd0, 0x98, 0x00, 0xff, 0xc8, 0x98, 0x00, 0xff, 0xc8, 0x9c, 0x00, 0xff,
    0xd0, 0x98, 0x00, 0xff, 0xc8, 0x98, 0x00, 0xff, 0xc8, 0x9c, 0x00, 0xff,
    0xd0, 0x98, 0x00, 0xff, 0xc8, 0x98, 0x00, 0xff, 0xc8, 0x9c, 0x00, 0xff,
    0xd0, 0x98, 0x00, 0xff, 0xc8, 0x98, 0x00, 0xff, 0xc8, 0x9c, 0x00, 0xff,
    0xd0, 0x98, 0x00, 0xff, 0xc8, 0x98, 0x00, 0xff, 0xc8, 0x9c, 0x00, 0xff,
    0xd0, 0x98, 0x00, 0xff, 0xc8, 0x98, 0x00, 0xff, 0xc8, 0x9c, 0x00, 0xff,
    0xd0, 0x98, 0x00, 0xff, 0xc8, 0x98, 0x00, 0xff, 0xc8, 0x9c, 0x00, 0xff,
    0xd0, 0x98, 0x00, 0xff, 0xc8, 0x98, 0x00, 0xff, 0xc8, 0x9c, 0x00, 0xff,
    0xd0, 0x98, 0x00, 0xff, 0xc8, 0x98, 0x00, 0xff, 0xc8, 0x9c, 0x00, 0xff,
    0xd0, 0x98, 0x00, 0xff, 0xc8, 0x98, 0x00, 0xff, 0xc8, 0x9c, 0x00, 0xff,
    0xd0, 0x98, 0x00, 0xff, 0xc8, 0x98, 0x00, 0xff, 0xc8, 0x9c, 0x00, 0xff,
    0xd0, 0x98, 0x00, 0xff, 0xc8, 0x98, 0x00, 0xff, 0xc8, 0x9c, 0x00, 0xff,
    0xd0, 0x98, 0x00, 0xff, 0xc8, 0x98, 0x00, 0xff, 0xc8, 0x9c, 0x00, 0xff,
    0xd0, 0x98, 0x00, 0xff, 0xc8, 0x98, 0x00, 0xff, 0xc8, 0x9c, 0x00, 0xff,
    0xd0, 0x98, 0x00, 0xff, 0xd0, 0x98, 0x00, 0xff, 0xc8, 0x9c, 0x00, 0xff,
    0xd0, 0x98, 0x00, 0xff, 0xc8, 0x98, 0x00, 0xff, 0xc8, 0x9c, 0x00, 0xff,
    0xd0, 0x9c, 0x00, 0xff, 0xc8, 0x98, 0x00, 0xff, 0xd0, 0x98, 0x00, 0xff,
    0xd0, 0x9c, 0x00, 0xff, 0xc8, 0x98, 0x00, 0xff, 0xd0, 0x98, 0x00, 0xff,
    0xd0, 0x98, 0x00, 0xff, 0xc8, 0x98, 0x00, 0xff, 0xd0, 0x9c, 0x00, 0xff,
    0xc8, 0x98, 0x00, 0xff, 0xc8, 0x98, 0x00, 0xff, 0xd0, 0x98, 0x00, 0xff,
    0xd0, 0x9c, 0x00, 0xff, 0xc8, 0x98, 0x00, 0xff, 0xd0, 0x9c, 0x00, 0xff,
    0xd0, 0x98, 0x00, 0xff, 0xc8, 0x9c, 0x00, 0xff, 0x90, 0x6c, 0x00, 0xe3,
    0x00, 0x00, 0x00, 0xff, 0x00, 0x00, 0x00, 0xbe, 0x00, 0x00, 0x00, 0xdf,
    0x00, 0x00, 0x00, 0xff, 0xb0, 0x84, 0x00, 0xe7, 0xc8, 0x98, 0x00, 0xff,
    0xd0, 0x98, 0x00, 0xff, 0xd0, 0x98, 0x00, 0xff, 0xc8, 0x9c, 0x00, 0xff,
    0xd0, 0x98, 0x00, 0xff, 0xd0, 0x98, 0x00, 0xff, 0xc8, 0x9c, 0x00, 0xff,
    0xd0, 0x98, 0x00, 0xff, 0xc8, 0x98, 0x00, 0xff, 0xc8, 0x9c, 0x00, 0xff,
    0xd0, 0x98, 0x00, 0xff, 0xd0, 0x98, 0x00, 0xff, 0xc8, 0x9c, 0x00, 0xff,
    0xd0, 0x98, 0x00, 0xff, 0xd0, 0x98, 0x00, 0xff, 0xc8, 0x98, 0x00, 0xff,
    0xd0, 0x98, 0x00, 0xff, 0xc8, 0x98, 0x00, 0xff, 0xc8, 0x98, 0x00, 0xff,
    0xd0, 0x9c, 0x00, 0xff, 0xc8, 0x98, 0x00, 0xff, 0xc8, 0x98, 0x00, 0xff,
    0xd0, 0x9c, 0x00, 0xff, 0xc8, 0x98, 0x00, 0xff, 0xc8, 0x98, 0x00, 0xff,
    0xd0, 0x98, 0x00, 0xff, 0xc8, 0x98, 0x00, 0xff, 0xc8, 0x98, 0x00, 0xff,
    0xd0, 0x98, 0x00, 0xff, 0xc8, 0x98, 0x00, 0xff, 0xd0, 0x9c, 0x00, 0xff,
    0xd0, 0x98, 0x00, 0xff, 0xc8, 0x98, 0x00, 0xff, 0xd0, 0x98, 0x00, 0xff,
    0xd0, 0x98, 0x00, 0xff, 0xc8, 0x98, 0x00, 0xff, 0xd0, 0x98, 0x00, 0xff,
    0xd0, 0x9c, 0x00, 0xff, 0xc8, 0x98, 0x00, 0xff, 0xd0, 0x98, 0x00, 0xff,
    0xd0, 0x9c, 0x00, 0xff, 0xc8, 0x98, 0x00, 0xff, 0xd0, 0x98, 0x00, 0xff,
    0xd0, 0x98, 0x00, 0xff, 0xc8, 0x98, 0x00, 0xff, 0xd0, 0x9c, 0x00, 0xff,
    0xd0, 0x98, 0x00, 0xff, 0xc8, 0x98, 0x00, 0xff, 0xd0, 0x98, 0x00, 0xff,
    0xd0, 0x98, 0x00, 0xff, 0xc8, 0x98, 0x00, 0xff, 0xd0, 0x98, 0x00, 0xff,
    0xd0, 0x98, 0x00, 0xff, 0xc8, 0x9c, 0x00, 0xff, 0xd0, 0x98, 0x00, 0xff,
    0xd0, 0x98, 0x00, 0xff, 0xc8, 0x98, 0x00, 0xff, 0xd0, 0x98, 0x00, 0xff,
    0xd0, 0x98, 0x00, 0xff, 0xc8, 0x98, 0x00, 0xff, 0xd0, 0x98, 0x00, 0xff,
    0xd0, 0x9c, 0x00, 0xff, 0xc8, 0x98, 0x00, 0xff, 0xd0, 0x98, 0x00, 0xff,
    0xd0, 0x9c, 0x00, 0xff, 0xc8, 0x98, 0x00, 0xff, 0xd0, 0x98, 0x00, 0xff,
    0xd0, 0x98, 0x00, 0xff, 0xc8, 0x98, 0x00, 0xff, 0xd0, 0x9c, 0x00, 0xff,
    0xd0, 0x98, 0x00, 0xff, 0xc8, 0x98, 0x00, 0xff, 0xd0, 0x98, 0x00, 0xff,
    0xd0, 0x98, 0x00, 0xff, 0xc8, 0x98, 0x00, 0xff, 0xd0, 0x98, 0x00, 0xff,
    0xd0, 0x98, 0x00, 0xff, 0xc8, 0x9c, 0x00, 0xff, 0xd0, 0x98, 0x00, 0xff,
    0xd0, 0x98, 0x00, 0xff, 0xc8, 0x98, 0x00, 0xff, 0xd0, 0x98, 0x00, 0xff,
    0xd0, 0x98, 0x00, 0xff, 0xc8, 0x98, 0x00, 0xff, 0xd0, 0x98, 0x00, 0xff,
    0xd0, 0x9c, 0x00, 0xff, 0xc8, 0x98, 0x00, 0xff, 0xd0, 0x98, 0x00, 0xff,
    0xd0, 0x9c, 0x00, 0xff, 0xc8, 0x98, 0x00, 0xff, 0xd0, 0x98, 0x00, 0xff,
    0xd0, 0x98, 0x00, 0xff, 0xc8, 0x98, 0x00, 0xff, 0xd0, 0x9c, 0x00, 0xff,
    0xc8, 0x98, 0x00, 0xff, 0xc8, 0x98, 0x00, 0xff, 0xd0, 0x98, 0x00, 0xff,
    0xc8, 0x98, 0x00, 0xff, 0xd0, 0x98, 0x00, 0xff, 0xd0, 0x98, 0x00, 0xff,
    0xc8, 0x98, 0x00, 0xff, 0xd0, 0x98, 0x00, 0xff, 0xc8, 0x98, 0x00, 0xff,
    0xc8, 0x9c, 0x00, 0xff, 0xd0, 0x98, 0x00, 0xff, 0xc8, 0x9c, 0x00, 0xff,
    0xc8, 0x98, 0x00, 0xff, 0xd0, 0x98, 0x00, 0xff, 0xc8, 0x98, 0x00, 0xff,
    0xd0, 0x98, 0x00, 0xff, 0xd0, 0x9c, 0x00, 0xff, 0xc8, 0x98, 0x00, 0xff,
    0xc8, 0x98, 0x00, 0xff, 0xd0, 0x98, 0x00, 0xff, 0xc8, 0x98, 0x00, 0xff,
    0xc8, 0x98, 0x00, 0xff, 0xd0, 0x98, 0x00, 0xff, 0xd0, 0x98, 0x00, 0xff,
    0xa8, 0x80, 0x00, 0xdf, 0x00, 0x00, 0x00, 0xff, 0x00, 0x00, 0x00, 0xcf,
    0x00, 0x00, 0x00, 0xdf, 0x00, 0x00, 0x00, 0xff, 0xb0, 0x84, 0x00, 0xe7,
    0xc8, 0x98, 0x00, 0xff, 0xc8, 0x98, 0x00, 0xff, 0xd0, 0x98, 0x00, 0xff,
    0xc8, 0x98, 0x00, 0xff, 0xc8, 0x98, 0x00, 0xff, 0xd0, 0x98, 0x00, 0xff,
    0xd0, 0x9c, 0x00, 0xff, 0xc8, 0x98, 0x00, 0xff, 0xd0, 0x98, 0x00, 0xff,
    0xc8, 0x98, 0x00, 0xff, 0xd0, 0x98, 0x00, 0xff, 0xc8, 0x9c, 0x00, 0xff,
    0xc8, 0x98, 0x00, 0xff, 0xd0, 0x98, 0x00, 0xff, 0xc8, 0x9c, 0x00, 0xff,
    0xd0, 0x98, 0x00, 0xff, 0xd0, 0x9c, 0x00, 0xff, 0xc8, 0x98, 0x00, 0xff,
    0xd0, 0x98, 0x00, 0xff, 0xd0, 0x98, 0x00, 0xff, 0xd0, 0x98, 0x00, 0xff,
    0xc8, 0x98, 0x00, 0xff, 0xd0, 0x98, 0x00, 0xff, 0xd0, 0x98, 0x00, 0xff,
    0xc8, 0x9c, 0x00, 0xff, 0xd0, 0x98, 0x00, 0xff, 0xd0, 0x98, 0x00, 0xff,
    0xc8, 0x98, 0x00, 0xff, 0xd0, 0x98, 0x00, 0xff, 0xc8, 0x9c, 0x00, 0xff,
    0xd0, 0x98, 0x00, 0xff, 0xc8, 0x98, 0x00, 0xff, 0xc8, 0x9c, 0x00, 0xff,
    0xd0, 0x98, 0x00, 0xff, 0xc8, 0x98, 0x00, 0xff, 0xc8, 0x9c, 0x00, 0xff,
    0xd0, 0x98, 0x00, 0xff, 0xc8, 0x98, 0x00, 0xff, 0xc8, 0x98, 0x00, 0xff,
    0xd0, 0x98, 0x00, 0xff, 0xc8, 0x98, 0x00, 0xff, 0xc8, 0x98, 0x00, 0xff,
    0xd0, 0x9c, 0x00, 0xff, 0xc8, 0x98, 0x00, 0xff, 0xc8, 0x98, 0x00, 0xff,
    0xd0, 0x98, 0x00, 0xff, 0xc8, 0x9c, 0x00, 0xff, 0xc8, 0x98, 0x00, 0xff,
    0xd0, 0x9c, 0x00, 0xff, 0xc8, 0x98, 0x00, 0xff, 0xc8, 0x9c, 0x00, 0xff,
    0xd0, 0x98, 0x00, 0xff, 0xc8, 0x98, 0x00, 0xff, 0xc8, 0x98, 0x00, 0xff,
    0xd0, 0x9c, 0x00, 0xff, 0xc8, 0x98, 0x00, 0xff, 0xc8, 0x9c, 0x00, 0xff,
    0xd0, 0x98, 0x00, 0xff, 0xc8, 0x9c, 0x00, 0xff, 0xc8, 0x98, 0x00, 0xff,
    0xd0, 0x98, 0x00, 0xff, 0xc8, 0x98, 0x00, 0xff, 0xc8, 0x98, 0x00, 0xff,
    0xd0, 0x98, 0x00, 0xff, 0xc8, 0x98, 0x00, 0xff, 0xc8, 0x98, 0x00, 0xff,
    0xd0, 0x9c, 0x00, 0xff, 0xc8, 0x98, 0x00, 0xff, 0xc8, 0x98, 0x00, 0xff,
    0xd0, 0x98, 0x00, 0xff, 0xc8, 0x9c, 0x00, 0xff, 0xc8, 0x98, 0x00, 0xff,
    0xd0, 0x9c, 0x00, 0xff, 0xc8, 0x98, 0x00, 0xff, 0xc8, 0x9c, 0x00, 0xff,
    0xd0, 0x98, 0x00, 0xff, 0xc8, 0x98, 0x00, 0xff, 0xc8, 0x98, 0x00, 0xff,
    0xd0, 0x9c, 0x00, 0xff, 0xc8, 0x98, 0x00, 0xff, 0xc8, 0x9c, 0x00, 0xff,
    0xd0, 0x98, 0x00, 0xff, 0xc8, 0x9c, 0x00, 0xff, 0xc8, 0x98, 0x00, 0xff,
    0xd0, 0x98, 0x00, 0xff, 0xc8, 0x98, 0x00, 0xff, 0xc8, 0x98, 0x00, 0xff,
    0xd0, 0x98, 0x00, 0xff, 0xc8, 0x98, 0x00, 0xff, 0xc8, 0x98, 0x00, 0xff,
    0xd0, 0x9c, 0x00, 0xff, 0xc8, 0x98, 0x00, 0xff, 0xd0, 0x98, 0x00, 0xff,
    0xd0, 0x98, 0x00, 0xff, 0xc8, 0x9c, 0x00, 0xff, 0xd0, 0x98, 0x00, 0xff,
    0xc8, 0x9c, 0x00, 0xff, 0xc8, 0x98, 0x00, 0xff, 0xd0, 0x9c, 0x00, 0xff,
    0xc8, 0x98, 0x00, 0xff, 0xd0, 0x98, 0x00, 0xff, 0xd0, 0x98, 0x00, 0xff,
    0xc8, 0x9c, 0x00, 0xff, 0xd0, 0x98, 0x00, 0xff, 0xc8, 0x98, 0x00, 0xff,
    0xd0, 0x98, 0x00, 0xff, 0xd0, 0x9c, 0x00, 0xff, 0xc8, 0x98, 0x00, 0xff,
    0xc8, 0x9c, 0x00, 0xff, 0xd0, 0x98, 0x00, 0xff, 0xd0, 0x98, 0x00, 0xff,
    0xc8, 0x9c, 0x00, 0xff, 0xd0, 0x98, 0x00, 0xff, 0xd0, 0x98, 0x00, 0xff,
    0xc8, 0x9c, 0x00, 0xff, 0xc8, 0x98, 0x00, 0xff, 0xd0, 0x98, 0x00, 0xff,
    0xc8, 0x98, 0x00, 0xff, 0xb0, 0x84, 0x00, 0xe7, 0x00, 0x00, 0x00, 0xff,
    0x00, 0x00, 0x00, 0xdf, 0x00, 0x00, 0x00, 0xef, 0x00, 0x00, 0x00, 0xff,
    0xc8, 0x94, 0x00, 0xff, 0xd0, 0x98, 0x00, 0xff, 0xc8, 0x9c, 0x00, 0xff,
    0xd0, 0x9c, 0x00, 0xff, 0xd0, 0x98, 0x00, 0xff, 0xc8, 0x98, 0x00, 0xff,
    0xc8, 0x9c, 0x00, 0xff, 0xd0, 0x98, 0x00, 0xff, 0xc8, 0x98, 0x00, 0xff,
    0xd0, 0x98, 0x00, 0xff, 0xd0, 0x9c, 0x00, 0xff, 0xc8, 0x98, 0x00, 0xff,
    0xd0, 0x98, 0x00, 0xff, 0xd0, 0x98, 0x00, 0xff, 0xc8, 0x98, 0x00, 0xff,
    0xc8, 0x98, 0x00, 0xff, 0xd0, 0x9c, 0x00, 0xff, 0xc8, 0x98, 0x00, 0xff,
    0xc8, 0x98, 0x00, 0xff, 0xd0, 0x9c, 0x00, 0xff, 0xc8, 0x98, 0x00, 0xff,
    0xc8, 0x9c, 0x00, 0xff, 0xd0, 0x9c, 0x00, 0xff, 0xc8, 0x98, 0x00, 0xff,
    0xc8, 0x98, 0x00, 0xff, 0xd0, 0x9c, 0x00, 0xff, 0xc8, 0x98, 0x00, 0xff,
    0xc8, 0x9c, 0x00, 0xff, 0xd0, 0x98, 0x00, 0xff, 0xc8, 0x98, 0x00, 0xff,
    0xd0, 0x9c, 0x00, 0xff, 0xc8, 0x98, 0x00, 0xff, 0xd0, 0x98, 0x00, 0xff,
    0xd0, 0x9c, 0x00, 0xff, 0xc8, 0x98, 0x00, 0xff, 0xd0, 0x98, 0x00, 0xff,
    0xd0, 0x9c, 0x00, 0xff, 0xc8, 0x98, 0x00, 0xff, 0xd0, 0x98, 0x00, 0xff,
    0xd0, 0x9c, 0x00, 0xff, 0xc8, 0x98, 0x00, 0xff, 0xd0, 0x98, 0x00, 0xff,
    0xd0, 0x9c, 0x00, 0xff, 0xc8, 0x98, 0x00, 0xff, 0xd0, 0x98, 0x00, 0xff,
    0xd0, 0x98, 0x00, 0xff, 0xc8, 0x9c, 0x00, 0xff, 0xd0, 0x98, 0x00, 0xff,
    0xd0, 0x98, 0x00, 0xff, 0xc8, 0x98, 0x00, 0xff, 0xd0, 0x98, 0x00, 0xff,
    0xd0, 0x9c, 0x00, 0xff, 0xc8, 0x98, 0x00, 0xff, 0xd0, 0x98, 0x00, 0xff,
    0xd0, 0x98, 0x00, 0xff, 0xc8, 0x98, 0x00, 0xff, 0xd0, 0x98, 0x00, 0xff,
    0xd0, 0x98, 0x00, 0xff, 0xc8, 0x9c, 0x00, 0xff, 0xd0, 0x98, 0x00, 0xff,
    0xd0, 0x98, 0x00, 0xff, 0xc8, 0x9c, 0x00, 0xff, 0xd0, 0x98, 0x00, 0xff,
    0xd0, 0x9c, 0x00, 0xff, 0xc8, 0x98, 0x00, 0xff, 0xd0, 0x98, 0x00, 0xff,
    0xd0, 0x9c, 0x00, 0xff, 0xc8, 0x98, 0x00, 0xff, 0xd0, 0x98, 0x00, 0xff,
    0xd0, 0x98, 0x00, 0xff, 0xc8, 0x9c, 0x00, 0xff, 0xd0, 0x98, 0x00, 0xff,
    0xd0, 0x98, 0x00, 0xff, 0xc8, 0x98, 0x00, 0xff, 0xd0, 0x98, 0x00, 0xff,
    0xd0, 0x9c, 0x00, 0xff, 0xc8, 0x98, 0x00, 0xff, 0xd0, 0x98, 0x00, 0xff,
    0xd0, 0x98, 0x00, 0xff, 0xc8, 0x98, 0x00, 0xff, 0xd0, 0x98, 0x00, 0xff,
    0xd0, 0x98, 0x00, 0xff, 0xc8, 0x9c, 0x00, 0xff, 0xd0, 0x98, 0x00, 0xff,
    0xd0, 0x98, 0x00, 0xff, 0xc8, 0x9c, 0x00, 0xff, 0xd0, 0x98, 0x00, 0xff,
    0xd0, 0x9c, 0x00, 0xff, 0xc8, 0x98, 0x00, 0xff, 0xd0, 0x98, 0x00, 0xff,
    0xd0, 0x9c, 0x00, 0xff, 0xc8, 0x98, 0x00, 0xff, 0xc8, 0x98, 0x00, 0xff,
    0xd0, 0x98, 0x00, 0xff, 0xc8, 0x9c, 0x00, 0xff, 0xd0, 0x98, 0x00, 0xff,
    0xd0, 0x98, 0x00, 0xff, 0xc8, 0x98, 0x00, 0xff, 0xd0, 0x98, 0x00, 0xff,
    0xc8, 0x9c, 0x00, 0xff, 0xc8, 0x98, 0x00, 0xff, 0xd0, 0x98, 0x00, 0xff,
    0xc8, 0x9c, 0x00, 0xff, 0xd0, 0x98, 0x00, 0xff, 0xc8, 0x98, 0x00, 0xff,
    0xd0, 0x98, 0x00, 0xff, 0xc8, 0x98, 0x00, 0xff, 0xd0, 0x98, 0x00, 0xff,
    0xc8, 0x98, 0x00, 0xff, 0xd0, 0x98, 0x00, 0xff, 0xc8, 0x98, 0x00, 0xff,
    0xc8, 0x98, 0x00, 0xff, 0xd0, 0x98, 0x00, 0xff, 0xc8, 0x9c, 0x00, 0xff,
    0xd0, 0x98, 0x00, 0xff, 0xd0, 0x98, 0x00, 0xff, 0xc8, 0x9c, 0x00, 0xff,
    0xd0, 0x98, 0x00, 0xff, 0xc8, 0x98, 0x00, 0xff, 0xc8, 0x94, 0x00, 0xff,
    0x00, 0x00, 0x00, 0xff, 0x00, 0x00, 0x00, 0xef, 0x00, 0x00, 0x00, 0xff,
    0x00, 0x00, 0x00, 0xff, 0xc8, 0x98, 0x00, 0xff, 0xd0, 0x98, 0x00, 0xff,
    0xd0, 0x98, 0x00, 0xff, 0xc8, 0x98, 0x00, 0xff, 0xd0, 0x98, 0x00, 0xff,
    0xc8, 0x9c, 0x00, 0xff, 0xd0, 0x98, 0x00, 0xff, 0xc8, 0x98, 0x00, 0xff,
    0xc8, 0x98, 0x00, 0xff, 0xd0, 0x9c, 0x00, 0xff, 0xc8, 0x98, 0x00, 0xff,
    0xc8, 0x98, 0x00, 0xff, 0xd0, 0x9c, 0x00, 0xff, 0xd0, 0x98, 0x00, 0xff,
    0xc8, 0x98, 0x00, 0xff, 0xd0, 0x9c, 0x00, 0xff, 0xd0, 0x98, 0x00, 0xff,
    0xc8, 0x98, 0x00, 0xff, 0xd0, 0x98, 0x00, 0xff, 0xd0, 0x98, 0x00, 0xff,
    0xc8, 0x98, 0x00, 0xff, 0xd0, 0x98, 0x00, 0xff, 0xd0, 0x98, 0x00, 0xff,
    0xc8, 0x98, 0x00, 0xff, 0xd0, 0x98, 0x00, 0xff, 0xd0, 0x98, 0x00, 0xff,
    0xc8, 0x98, 0x00, 0xff, 0xd0, 0x98, 0x00, 0xff, 0xd0, 0x9c, 0x00, 0xff,
    0xc8, 0x98, 0x00, 0xff, 0xc8, 0x98, 0x00, 0xff, 0xd0, 0x98, 0x00, 0xff,
    0xc8, 0x98, 0x00, 0xff, 0xd0, 0x98, 0x00, 0xff, 0xc8, 0x98, 0x00, 0xff,
    0xc8, 0x98, 0x00, 0xff, 0xd0, 0x98, 0x00, 0xff, 0xc8, 0x98, 0x00, 0xff,
    0xd0, 0x9c, 0x00, 0xff, 0xc8, 0x98, 0x00, 0xff, 0xc8, 0x98, 0x00, 0xff,
    0xd0, 0x9c, 0x00, 0xff, 0xc8, 0x98, 0x00, 0xff, 0xc8, 0x98, 0x00, 0xff,
    0xd0, 0x98, 0x00, 0xff, 0xc8, 0x9c, 0x00, 0xff, 0xc8, 0x98, 0x00, 0xff,
    0xd0, 0x98, 0x00, 0xff, 0xc8, 0x98, 0x00, 0xff, 0xc8, 0x98, 0x00, 0xff,
    0xd0, 0x98, 0x00, 0xff, 0xc8, 0x98, 0x00, 0xff, 0xc8, 0x9c, 0x00, 0xff,
    0xd0, 0x98, 0x00, 0xff, 0xc8, 0x9c, 0x00, 0xff, 0xc8, 0x98, 0x00, 0xff,
    0xd0, 0x98, 0x00, 0xff, 0xc8, 0x98, 0x00, 0xff, 0xc8, 0x98, 0x00, 0xff,
    0xd0, 0x98, 0x00, 0xff, 0xc8, 0x98, 0x00, 0xff, 0xc8, 0x98, 0x00, 0xff,
    0xd0, 0x9c, 0x00, 0xff, 0xc8, 0x98, 0x00, 0xff, 0xc8, 0x98, 0x00, 0xff,
    0xd0, 0x9c, 0x00, 0xff, 0xc8, 0x98, 0x00, 0xff, 0xc8, 0x98, 0x00, 0xff,
    0xd0, 0x98, 0x00, 0xff, 0xc8, 0x9c, 0x00, 0xff, 0xc8, 0x98, 0x00, 0xff,
    0xd0, 0x98, 0x00, 0xff, 0xc8, 0x98, 0x00, 0xff, 0xc8, 0x98, 0x00, 0xff,
    0xd0, 0x98, 0x00, 0xff, 0xc8, 0x98, 0x00, 0xff, 0xc8, 0x9c, 0x00, 0xff,
    0xd0, 0x98, 0x00, 0xff, 0xc8, 0x9c, 0x00, 0xff, 0xc8, 0x98, 0x00, 0xff,
    0xd0, 0x98, 0x00, 0xff, 0xc8, 0x98, 0x00, 0xff, 0xc8, 0x98, 0x00, 0xff,
    0xd0, 0x98, 0x00, 0xff, 0xc8, 0x98, 0x00, 0xff, 0xc8, 0x98, 0x00, 0xff,
    0xd0, 0x9c, 0x00, 0xff, 0xc8, 0x98, 0x00, 0xff, 0xc8, 0x98, 0x00, 0xff,
    0xd0, 0x9c, 0x00, 0xff, 0xd0, 0x98, 0x00, 0xff, 0xc8, 0x98, 0x00, 0xff,
    0xd0, 0x98, 0x00, 0xff, 0xc8, 0x9c, 0x00, 0xff, 0xc8, 0x98, 0x00, 0xff,
    0xd0, 0x98, 0x00, 0xff, 0xc8, 0x98, 0x00, 0xff, 0xd0, 0x98, 0x00, 0xff,
    0xd0, 0x98, 0x00, 0xff, 0xc8, 0x98, 0x00, 0xff, 0xd0, 0x9c, 0x00, 0xff,
    0xc8, 0x98, 0x00, 0xff, 0xc8, 0x98, 0x00, 0xff, 0xd0, 0x98, 0x00, 0xff,
    0xc8, 0x9c, 0x00, 0xff, 0xc8, 0x98, 0x00, 0xff, 0xd0, 0x9c, 0x00, 0xff,
    0xc8, 0x98, 0x00, 0xff, 0xd0, 0x9c, 0x00, 0xff, 0xd0, 0x98, 0x00, 0xff,
    0xc8, 0x9c, 0x00, 0xff, 0xd0, 0x98, 0x00, 0xff, 0xc8, 0x98, 0x00, 0xff,
    0xc8, 0x98, 0x00, 0xff, 0xd0, 0x98, 0x00, 0xff, 0xc8, 0x98, 0x00, 0xff,
    0xd0, 0x9c, 0x00, 0xff, 0xc8, 0x98, 0x00, 0xff, 0xd0, 0x98, 0x00, 0xff,
    0xc8, 0x9c, 0x00, 0xff, 0x00, 0x00, 0x00, 0xff, 0x00, 0x00, 0x00, 0xff,
    0x00, 0x00, 0x00, 0xff, 0x00, 0x00, 0x00, 0xff, 0xc8, 0x98, 0x00, 0xff,
    0xd0, 0x9c, 0x00, 0xff, 0xc8, 0x98, 0x00, 0xff, 0xc8, 0x98, 0x00, 0xff,
    0xd0, 0x98, 0x00, 0xff, 0xd0, 0x98, 0x00, 0xff, 0xc8, 0x98, 0x00, 0xff,
    0xd0, 0x98, 0x00, 0xff, 0xd0, 0x9c, 0x00, 0xff, 0xc8, 0x98, 0x00, 0xff,
    0xd0, 0x98, 0x00, 0xff, 0xc8, 0x98, 0x00, 0xff, 0xc8, 0x9c, 0x00, 0xff,
    0xd0, 0x98, 0x00, 0xff, 0xc8, 0x98, 0x00, 0xff, 0xc8, 0x98, 0x00, 0xff,
    0xd0, 0x98, 0x00, 0xff, 0xc8, 0x9c, 0x00, 0xff, 0xc8, 0x98, 0x00, 0xff,
    0xd0, 0x98, 0x00, 0xff, 0xc8, 0x9c, 0x00, 0xff, 0xc8, 0x98, 0x00, 0xff,
    0xd0, 0x98, 0x00, 0xff, 0xc8, 0x9c, 0x00, 0xff, 0xc8, 0x98, 0x00, 0xff,
    0xd0, 0x98, 0x00, 0xff, 0xc8, 0x9c, 0x00, 0xff, 0xd0, 0x98, 0x00, 0xff,
    0xc8, 0x98, 0x00, 0xff, 0xd0, 0x98, 0x00, 0xff, 0xd0, 0x98, 0x00, 0xff,
    0xc8, 0x9c, 0x00, 0xff, 0xc8, 0x98, 0x00, 0xff, 0xd0, 0x98, 0x00, 0xff,
    0xd0, 0x9c, 0x00, 0xff, 0xc8, 0x9c, 0x00, 0xff, 0xc8, 0x98, 0x00, 0xff,
    0xd0, 0x98, 0x00, 0xff, 0xc8, 0x98, 0x00, 0xff, 0xd0, 0x98, 0x00, 0xff,
    0xd0, 0x98, 0x00, 0xff, 0xc8, 0x98, 0x00, 0xff, 0xd0, 0x98, 0x00, 0xff,
    0xd0, 0x9c, 0x00, 0xff, 0xc8, 0x98, 0x00, 0xff, 0xd0, 0x98, 0x00, 0xff,
    0xd0, 0x98, 0x00, 0xff, 0xc8, 0x9c, 0x00, 0xff, 0xd0, 0x9c, 0x00, 0xff,
    0xd0, 0x98, 0x00, 0xff, 0xc8, 0x9c, 0x00, 0xff, 0xd0, 0x98, 0x00, 0xff,
    0xd0, 0x98, 0x00, 0xff, 0xc8, 0x98, 0x00, 0xff, 0xd0, 0x9c, 0x00, 0xff,
    0xd0, 0x98, 0x00, 0xff, 0xc8, 0x9c, 0x00, 0xff, 0xd0, 0x9c, 0x00, 0xff,
    0xd0, 0x98, 0x00, 0xff, 0xc8, 0x9c, 0x00, 0xff, 0xd0, 0x98, 0x00, 0xff,
    0xd0, 0x98, 0x00, 0xff, 0xc8, 0x98, 0x00, 0xff, 0xd0, 0x98, 0x00, 0xff,
    0xd0, 0x98, 0x00, 0xff, 0xc8, 0x98, 0x00, 0xff, 0xd0, 0x98, 0x00, 0xff,
    0xd0, 0x9c, 0x00, 0xff, 0xc8, 0x98, 0x00, 0xff, 0xd0, 0x98, 0x00, 0xff,
    0xd0, 0x98, 0x00, 0xff, 0xc8, 0x9c, 0x00, 0xff, 0xd0, 0x9c, 0x00, 0xff,
    0xd0, 0x98, 0x00, 0xff, 0xc8, 0x9c, 0x00, 0xff, 0xd0, 0x98, 0x00, 0xff,
    0xd0, 0x98, 0x00, 0xff, 0xc8, 0x98, 0x00, 0xff, 0xd0, 0x9c, 0x00, 0xff,
    0xd0, 0x98, 0x00, 0xff, 0xc8, 0x9c, 0x00, 0xff, 0xd0, 0x9c, 0x00, 0xff,
    0xd0, 0x98, 0x00, 0xff, 0xc8, 0x9c, 0x00, 0xff, 0xd0, 0x98, 0x00, 0xff,
    0xd0, 0x98, 0x00, 0xff, 0xc8, 0x98, 0x00, 0xff, 0xd0, 0x98, 0x00, 0xff,
    0xc8, 0x98, 0x00, 0xff, 0xc8, 0x98, 0x00, 0xff, 0xd0, 0x98, 0x00, 0xff,
    0xc8, 0x9c, 0x00, 0xff, 0xd0, 0x98, 0x00, 0xff, 0xd0, 0x98, 0x00, 0xff,
    0xc8, 0x98, 0x00, 0xff, 0xd0, 0x9c, 0x00, 0xff, 0xc8, 0x9c, 0x00, 0xff,
    0xc8, 0x98, 0x00, 0xff, 0xd0, 0x98, 0x00, 0xff, 0xd0, 0x9c, 0x00, 0xff,
    0xc8, 0x98, 0x00, 0xff, 0xd0, 0x98, 0x00, 0xff, 0xd0, 0x98, 0x00, 0xff,
    0xc8, 0x9c, 0x00, 0xff, 0xd0, 0x98, 0x00, 0xff, 0xd0, 0x98, 0x00, 0xff,
    0xc8, 0x98, 0x00, 0xff, 0xc8, 0x9c, 0x00, 0xff, 0xd0, 0x98, 0x00, 0xff,
    0xc8, 0x98, 0x00, 0xff, 0xd0, 0x98, 0x00, 0xff, 0xd0, 0x9c, 0x00, 0xff,
    0xc8, 0x98, 0x00, 0xff, 0xd0, 0x9c, 0x00, 0xff, 0xc8, 0x98, 0x00, 0xff,
    0xc8, 0x98, 0x00, 0xff, 0xd0, 0x98, 0x00, 0xff, 0xd0, 0x98, 0x00, 0xff,
    0xc8, 0x98, 0x00, 0xff, 0xd0, 0x98, 0x00, 0xff, 0x00, 0x00, 0x00, 0xff,
    0x00, 0x00, 0x00, 0xff, 0x00, 0x00, 0x00, 0xff, 0x00, 0x00, 0x00, 0xff,
    0xd0, 0x98, 0x00, 0xff, 0xc8, 0x98, 0x00, 0xff, 0xd0, 0x9c, 0x00, 0xff,
    0xc8, 0x98, 0x00, 0xff, 0xc8, 0x9c, 0x00, 0xff, 0xd0, 0x98, 0x00, 0xff,
    0xc8, 0x98, 0x00, 0xff, 0xc8, 0x9c, 0x00, 0xff, 0xd0, 0x98, 0x00, 0xff,
    0xc8, 0x98, 0x00, 0xff, 0xd0, 0x98, 0x00, 0xff, 0xd0, 0x98, 0x00, 0xff,
    0xc8, 0x98, 0x00, 0xff, 0xd0, 0x9c, 0x00, 0xff, 0xc8, 0x98, 0x00, 0xff,
    0xd0, 0x98, 0x00, 0xff, 0xd0, 0x9c, 0x00, 0xff, 0xc8, 0x98, 0x00, 0xff,
    0xd0, 0x98, 0x00, 0xff, 0xd0, 0x9c, 0x00, 0xff, 0xc8, 0x98, 0x00, 0xff,
    0xd0, 0x98, 0x00, 0xff, 0xd0, 0x9c, 0x00, 0xff, 0xc8, 0x98, 0x00, 0xff,
    0xd0, 0x98, 0x00, 0xff, 0xc8, 0x9c, 0x00, 0xff, 0xd0, 0x98, 0x00, 0xff,
    0xc8, 0x98, 0x00, 0xff, 0xc8, 0x9c, 0x00, 0xff, 0xd0, 0x98, 0x00, 0xff,
    0xd0, 0x98, 0x00, 0xff, 0xc8, 0x9c, 0x00, 0xff, 0xd0, 0x98, 0x00, 0xff,
    0xc8, 0x98, 0x00, 0xff, 0xd0, 0x98, 0x00, 0xff, 0xd0, 0x98, 0x00, 0xff,
    0xc8, 0x9c, 0x00, 0xff, 0xd0, 0x98, 0x00, 0xff, 0xc8, 0x9c, 0x00, 0xff,
    0xd0, 0x98, 0x00, 0xff, 0xc8, 0x9c, 0x00, 0xff, 0xc8, 0x98, 0x00, 0xff,
    0xd0, 0x98, 0x00, 0xff, 0xc8, 0x9c, 0x00, 0xff, 0xc8, 0x98, 0x00, 0xff,
    0xd0, 0x98, 0x00, 0xff, 0xc8, 0x98, 0x00, 0xff, 0xc8, 0x98, 0x00, 0xff,
    0xd0, 0x98, 0x00, 0xff, 0xc8, 0x98, 0x00, 0xff, 0xc8, 0x98, 0x00, 0xff,
    0xd0, 0x9c, 0x00, 0xff, 0xc8, 0x98, 0x00, 0xff, 0xc8, 0x98, 0x00, 0xff,
    0xd0, 0x98, 0x00, 0xff, 0xc8, 0x98, 0x00, 0xff, 0xc8, 0x98, 0x00, 0xff,
    0xd0, 0x98, 0x00, 0xff, 0xc8, 0x98, 0x00, 0xff, 0xc8, 0x98, 0x00, 0xff,
    0xd0, 0x9c, 0x00, 0xff, 0xc8, 0x98, 0x00, 0xff, 0xc8, 0x9c, 0x00, 0xff,
    0xd0, 0x98, 0x00, 0xff, 0xc8, 0x9c, 0x00, 0xff, 0xc8, 0x98, 0x00, 0xff,
    0xd0, 0x98, 0x00, 0xff, 0xc8, 0x9c, 0x00, 0xff, 0xc8, 0x98, 0x00, 0xff,
    0xd0, 0x98, 0x00, 0xff, 0xc8, 0x98, 0x00, 0xff, 0xc8, 0x98, 0x00, 0xff,
    0xd0, 0x98, 0x00, 0xff, 0xc8, 0x98, 0x00, 0xff, 0xc8, 0x98, 0x00, 0xff,
    0xd0, 0x9c, 0x00, 0xff, 0xc8, 0x98, 0x00, 0xff, 0xc8, 0x98, 0x00, 0xff,
    0xd0, 0x98, 0x00, 0xff, 0xc8, 0x98, 0x00, 0xff, 0xc8, 0x98, 0x00, 0xff,
    0xd0, 0x98, 0x00, 0xff, 0xc8, 0x98, 0x00, 0xff, 0xc8, 0x98, 0x00, 0xff,
    0xd0, 0x9c, 0x00, 0xff, 0xc8, 0x98, 0x00, 0xff, 0xd0, 0x9c, 0x00, 0xff,
    0xd0, 0x98, 0x00, 0xff, 0xc8, 0x9c, 0x00, 0xff, 0xd0, 0x98, 0x00, 0xff,
    0xc8, 0x98, 0x00, 0xff, 0xc8, 0x9c, 0x00, 0xff, 0xd0, 0x98, 0x00, 0xff,
    0xc8, 0x98, 0x00, 0xff, 0xd0, 0x98, 0x00, 0xff, 0xd0, 0x98, 0x00, 0xff,
    0xc8, 0x98, 0x00, 0xff, 0xc8, 0x98, 0x00, 0xff, 0xd0, 0x9c, 0x00, 0xff,
    0xc8, 0x98, 0x00, 0xff, 0xc8, 0x98, 0x00, 0xff, 0xd0, 0x98, 0x00, 0xff,
    0xc8, 0x9c, 0x00, 0xff, 0xd0, 0x98, 0x00, 0xff, 0xc8, 0x98, 0x00, 0xff,
    0xd0, 0x98, 0x00, 0xff, 0xd0, 0x98, 0x00, 0xff, 0xc8, 0x98, 0x00, 0xff,
    0xc8, 0x98, 0x00, 0xff, 0xd0, 0x98, 0x00, 0xff, 0xc8, 0x98, 0x00, 0xff,
    0xc8, 0x98, 0x00, 0xff, 0xd0, 0x98, 0x00, 0xff, 0xd0, 0x9c, 0x00, 0xff,
    0xc8, 0x98, 0x00, 0xff, 0xd0, 0x98, 0x00, 0xff, 0xc8, 0x9c, 0x00, 0xff,
    0xc8, 0x9c, 0x00, 0xff, 0xd0, 0x98, 0x00, 0xff, 0xc8, 0x98, 0x00, 0xff,
    0x00, 0x00, 0x00, 0xff, 0x00, 0x00, 0x00, 0xff, 0x00, 0x00, 0x00, 0xff,
    0x00, 0x00, 0x00, 0xff, 0xc8, 0x98, 0x00, 0xff, 0xd0, 0x98, 0x00, 0xff,
    0xd0, 0x98, 0x00, 0xff, 0xc8, 0x98, 0x00, 0xff, 0xd0, 0x9c, 0x00, 0xff,
    0xd0, 0x98, 0x00, 0xff, 0xc8, 0x98, 0x00, 0xff, 0xd0, 0x9c, 0x00, 0xff,
    0xc8, 0x98, 0x00, 0xff, 0xc8, 0x98, 0x00, 0xff, 0xd0, 0x9c, 0x00, 0xff,
    0xc8, 0x98, 0x00, 0xff, 0xd0, 0x98, 0x00, 0xff, 0xc8, 0x98, 0x00, 0xff,
    0xd0, 0x9c, 0x00, 0xff, 0xc8, 0x98, 0x00, 0xff, 0xc8, 0x98, 0x00, 0xff,
    0xd0, 0x98, 0x00, 0xff, 0xc8, 0x98, 0x00, 0xff, 0xc8, 0x98, 0x00, 0xff,
    0xd0, 0x98, 0x00, 0xff, 0xc8, 0x98, 0x00, 0xff, 0xc8, 0x98, 0x00, 0xff,
    0xd0, 0x98, 0x00, 0xff, 0xd0, 0x98, 0x00, 0xff, 0xc8, 0x98, 0x00, 0xff,
    0xd0, 0x98, 0x00, 0xff, 0xd0, 0x98, 0x00, 0xff, 0xc8, 0x9c, 0x00, 0xff,
    0xc8, 0x98, 0x00, 0xff, 0xd0, 0x98, 0x00, 0xff, 0xc8, 0x98, 0x00, 0xff,
    0xd0, 0x9c, 0x00, 0xff, 0xc8, 0x98, 0x00, 0xff, 0xc8, 0x98, 0x00, 0xff,
    0xd0, 0x98, 0x00, 0xff, 0xd0, 0x98, 0x00, 0xff, 0xc8, 0x98, 0x00, 0xff,
    0xd0, 0x98, 0x00, 0xff, 0xc8, 0x9c, 0x00, 0xff, 0xd0, 0x98, 0x00, 0xff,
    0xd0, 0x98, 0x00, 0xff, 0xc8, 0x98, 0x00, 0xff, 0xd0, 0x98, 0x00, 0xff,
    0xd0, 0x9c, 0x00, 0xff, 0xc8, 0x98, 0x00, 0xff, 0xd0, 0x9c, 0x00, 0xff,
    0xd0, 0x98, 0x00, 0xff, 0xc8, 0x98, 0x00, 0xff, 0xd0, 0x98, 0x00, 0xff,
    0xd0, 0x98, 0x00, 0xff, 0xc8, 0x98, 0x00, 0xff, 0xd0, 0x9c, 0x00, 0xff,
    0xd0, 0x98, 0x00, 0xff, 0xc8, 0x98, 0x00, 0xff, 0xd0, 0x9c, 0x00, 0xff,
    0xd0, 0x98, 0x00, 0xff, 0xc8, 0x98, 0x00, 0xff, 0xd0, 0x98, 0x00, 0xff,
    0xd0, 0x98, 0x00, 0xff, 0xc8, 0x98, 0x00, 0xff, 0xd0, 0x98, 0x00, 0xff,
    0xd0, 0x98, 0x00, 0xff, 0xc8, 0x9c, 0x00, 0xff, 0xd0, 0x98, 0x00, 0xff,
    0xd0, 0x98, 0x00, 0xff, 0xc8, 0x98, 0x00, 0xff, 0xd0, 0x98, 0x00, 0xff,
    0xd0, 0x9c, 0x00, 0xff, 0xc8, 0x98, 0x00, 0xff, 0xd0, 0x9c, 0x00, 0xff,
    0xd0, 0x98, 0x00, 0xff, 0xc8, 0x98, 0x00, 0xff, 0xd0, 0x98, 0x00, 0xff,
    0xd0, 0x98, 0x00, 0xff, 0xc8, 0x98, 0x00, 0xff, 0xd0, 0x9c, 0x00, 0xff,
    0xd0, 0x98, 0x00, 0xff, 0xc8, 0x98, 0x00, 0xff, 0xd0, 0x9c, 0x00, 0xff,
    0xd0, 0x98, 0x00, 0xff, 0xc8, 0x98, 0x00, 0xff, 0xd0, 0x98, 0x00, 0xff,
    0xd0, 0x98, 0x00, 0xff, 0xc8, 0x98, 0x00, 0xff, 0xc8, 0x98, 0x00, 0xff,
    0xd0, 0x98, 0x00, 0xff, 0xc8, 0x9c, 0x00, 0xff, 0xd0, 0x98, 0x00, 0xff,
    0xd0, 0x98, 0x00, 0xff, 0xc8, 0x98, 0x00, 0xff, 0xd0, 0x98, 0x00, 0xff,
    0xc8, 0x9c, 0x00, 0xff, 0xc8, 0x98, 0x00, 0xff, 0xd0, 0x9c, 0x00, 0xff,
    0xc8, 0x98, 0x00, 0xff, 0xd0, 0x98, 0x00, 0xff, 0xd0, 0x9c, 0x00, 0xff,
    0xc8, 0x98, 0x00, 0xff, 0xd0, 0x98, 0x00, 0xff, 0xd0, 0x98, 0x00, 0xff,
    0xc8, 0x9c, 0x00, 0xff, 0xd0, 0x98, 0x00, 0xff, 0xc8, 0x98, 0x00, 0xff,
    0xc8, 0x9c, 0x00, 0xff, 0xd0, 0x98, 0x00, 0xff, 0xd0, 0x9c, 0x00, 0xff,
    0xc8, 0x98, 0x00, 0xff, 0xd0, 0x9c, 0x00, 0xff, 0xd0, 0x9c, 0x00, 0xff,
    0xc8, 0x98, 0x00, 0xff, 0xc8, 0x98, 0x00, 0xff, 0xd0, 0x9c, 0x00, 0xff,
    0xc8, 0x98, 0x00, 0xff, 0xd0, 0x98, 0x00, 0xff, 0xd0, 0x98, 0x00, 0xff,
    0xc8, 0x98, 0x00, 0xff, 0xd0, 0x98, 0x00, 0xff, 0xd0, 0x9c, 0x00, 0xff,
    0xc8, 0x98, 0x00, 0xff, 0x00, 0x00, 0x00, 0xff, 0x00, 0x00, 0x00, 0xff,
    0x00, 0x00, 0x00, 0xff, 0x00, 0x00, 0x00, 0xff, 0xc8, 0x98, 0x00, 0xff,
    0xd0, 0x9c, 0x00, 0xff, 0xc8, 0x98, 0x00, 0xff, 0xc8, 0x98, 0x00, 0xff,
    0xd0, 0x98, 0x00, 0xff, 0xc8, 0x98, 0x00, 0xff, 0xd0, 0x98, 0x00, 0xff,
    0xd0, 0x98, 0x00, 0xff, 0xc8, 0x98, 0x00, 0xff, 0xd0, 0x9c, 0x00, 0xff,
    0xc8, 0x98, 0x00, 0xff, 0xd0, 0x98, 0x00, 0xff, 0xc8, 0x9c, 0x00, 0xff,
    0xd0, 0x98, 0x00, 0xff, 0xc8, 0x98, 0x00, 0xff, 0xd0, 0x98, 0x00, 0xff,
    0xc8, 0x9c, 0x00, 0xff, 0xd0, 0x98, 0x00, 0xff, 0xd0, 0x9c, 0x00, 0xff,
    0xc8, 0x98, 0x00, 0xff, 0xd0, 0x9c, 0x00, 0xff, 0xc8, 0x9c, 0x00, 0xff,
    0xc8, 0x98, 0x00, 0xff, 0xd0, 0x9c, 0x00, 0xff, 0xc8, 0x98, 0x00, 0xff,
    0xc8, 0x9c, 0x00, 0xff, 0xd0, 0x98, 0x00, 0xff, 0xc8, 0x98, 0x00, 0xff,
    0xd0, 0x98, 0x00, 0xff, 0xd0, 0x9c, 0x00, 0xff, 0xc8, 0x98, 0x00, 0xff,
    0xd0, 0x98, 0x00, 0xff, 0xc8, 0x98, 0x00, 0xff, 0xd0, 0x9c, 0x00, 0xff,
    0xc8, 0x98, 0x00, 0xff, 0xc8, 0x9c, 0x00, 0xff, 0xd0, 0x98, 0x00, 0xff,
    0xc8, 0x98, 0x00, 0xff, 0xc8, 0x98, 0x00, 0xff, 0xd0, 0x98, 0x00, 0xff,
    0xc8, 0x98, 0x00, 0xff, 0xd0, 0x9c, 0x00, 0xff, 0xc8, 0x98, 0x00, 0xff,
    0xc8, 0x98, 0x00, 0xff, 0xd0, 0x98, 0x00, 0xff, 0xc8, 0x98, 0x00, 0xff,
    0xd0, 0x98, 0x00, 0xff, 0xc8, 0x9c, 0x00, 0xff, 0xc8, 0x9c, 0x00, 0xff,
    0xd0, 0x98, 0x00, 0xff, 0xc8, 0x98, 0x00, 0xff, 0xc8, 0x9c, 0x00, 0xff,
    0xd0, 0x98, 0x00, 0xff, 0xc8, 0x98, 0x00, 0xff, 0xc8, 0x98, 0x00, 0xff,
    0xd0, 0x9c, 0x00, 0xff, 0xc8, 0x98, 0x00, 0xff, 0xc8, 0x9c, 0x00, 0xff,
    0xd0, 0x9c, 0x00, 0xff, 0xc8, 0x98, 0x00, 0xff, 0xc8, 0x98, 0x00, 0xff,
    0xd0, 0x9c, 0x00, 0xff, 0xc8, 0x98, 0x00, 0xff, 0xc8, 0x98, 0x00, 0xff,
    0xd0, 0x98, 0x00, 0xff, 0xc8, 0x9c, 0x00, 0xff, 0xc8, 0x98, 0x00, 0xff,
    0xd0, 0x98, 0x00, 0xff, 0xc8, 0x98, 0x00, 0xff, 0xc8, 0x98, 0x00, 0xff,
    0xd0, 0x98, 0x00, 0xff, 0xc8, 0x9c, 0x00, 0xff, 0xc8, 0x9c, 0x00, 0xff,
    0xd0, 0x98, 0x00, 0xff, 0xc8, 0x98, 0x00, 0xff, 0xc8, 0x9c, 0x00, 0xff,
    0xd0, 0x98, 0x00, 0xff, 0xc8, 0x98, 0x00, 0xff, 0xc8, 0x98, 0x00, 0xff,
    0xd0, 0x9c, 0x00, 0xff, 0xc8, 0x98, 0x00, 0xff, 0xc8, 0x9c, 0x00, 0xff,
    0xd0, 0x9c, 0x00, 0xff, 0xd0, 0x98, 0x00, 0xff, 0xc8, 0x98, 0x00, 0xff,
    0xd0, 0x9c, 0x00, 0xff, 0xc8, 0x98, 0x00, 0xff, 0xc8, 0x98, 0x00, 0xff,
    0xd0, 0x98, 0x00, 0xff, 0xc8, 0x9c, 0x00, 0xff, 0xd0, 0x98, 0x00, 0xff,
    0xd0, 0x98, 0x00, 0xff, 0xc8, 0x98, 0x00, 0xff, 0xd0, 0x98, 0x00, 0xff,
    0xc8, 0x98, 0x00, 0xff, 0xc8, 0x9c, 0x00, 0xff, 0xd0, 0x98, 0x00, 0xff,
    0xc8, 0x98, 0x00, 0xff, 0xc8, 0x98, 0x00, 0xff, 0xd0, 0x98, 0x00, 0xff,
    0xc8, 0x9c, 0x00, 0xff, 0xc8, 0x98, 0x00, 0xff, 0xd0, 0x98, 0x00, 0xff,
    0xd0, 0x98, 0x00, 0xff, 0xc8, 0x98, 0x00, 0xff, 0xc8, 0x98, 0x00, 0xff,
    0xd0, 0x98, 0x00, 0xff, 0xc8, 0x98, 0x00, 0xff, 0xc8, 0x98, 0x00, 0xff,
    0xd0, 0x98, 0x00, 0xff, 0xd0, 0x98, 0x00, 0xff, 0xc8, 0x9c, 0x00, 0xff,
    0xd0, 0x98, 0x00, 0xff, 0xc8, 0x98, 0x00, 0xff, 0xc8, 0x9c, 0x00, 0xff,
    0xd0, 0x98, 0x00, 0xff, 0xc8, 0x98, 0x00, 0xff, 0xc8, 0x98, 0x00, 0xff,
    0xd0, 0x98, 0x00, 0xff, 0xc8, 0x98, 0x00, 0xff, 0x00, 0x00, 0x00, 0xff,
    0x00, 0x00, 0x00, 0xff, 0x00, 0x00, 0x00, 0xff, 0x00, 0x00, 0x00, 0xff,
    0xd0, 0x98, 0x00, 0xff, 0xc8, 0x98, 0x00, 0xff, 0xd0, 0x9c, 0x00, 0xff,
    0xd0, 0x98, 0x00, 0xff, 0xc8, 0x9c, 0x00, 0xff, 0xc8, 0x98, 0x00, 0xff,
    0xd0, 0x9c, 0x00, 0xff, 0xc8, 0x98, 0x00, 0xff, 0xd0, 0x98, 0x00, 0xff,
    0xd0, 0x98, 0x00, 0xff, 0xc8, 0x98, 0x00, 0xff, 0xd0, 0x9c, 0x00, 0xff,
    0xc8, 0x98, 0x00, 0xff, 0xd0, 0x98, 0x00, 0xff, 0xd0, 0x98, 0x00, 0xff,
    0xc8, 0x9c, 0x00, 0xff, 0xd0, 0x98, 0x00, 0xff, 0xc8, 0x98, 0x00, 0xff,
    0xc8, 0x98, 0x00, 0xff, 0xd0, 0x98, 0x00, 0xff, 0xd0, 0x98, 0x00, 0xff,
    0xd0, 0x98, 0x00, 0xff, 0xc8, 0x98, 0x00, 0xff, 0xd0, 0x98, 0x00, 0xff,
    0xd0, 0x9c, 0x00, 0xff, 0xc8, 0x98, 0x00, 0xff, 0xc8, 0x98, 0x00, 0xff,
    0xd0, 0x9c, 0x00, 0xff, 0xc8, 0x98, 0x00, 0xff, 0xc8, 0x98, 0x00, 0xff,
    0xd0, 0x9c, 0x00, 0xff, 0xc8, 0x98, 0x00, 0xff, 0xd0, 0x98, 0x00, 0xff,
    0xd0, 0x98, 0x00, 0xff, 0xc8, 0x98, 0x00, 0xff, 0xd0, 0x9c, 0x00, 0xff,
    0xd0, 0x98, 0x00, 0xff, 0xc8, 0x9c, 0x00, 0xff, 0xd0, 0x9c, 0x00, 0xff,
    0xd0, 0x98, 0x00, 0xff, 0xc8, 0x98, 0x00, 0xff, 0xc8, 0x9c, 0x00, 0xff,
    0xd0, 0x98, 0x00, 0xff, 0xd0, 0x98, 0x00, 0xff, 0xc8, 0x9c, 0x00, 0xff,
    0xd0, 0x98, 0x00, 0xff, 0xc8, 0x98, 0x00, 0xff, 0xd0, 0x98, 0x00, 0xff,
    0xd0, 0x98, 0x00, 0xff, 0xc8, 0x98, 0x00, 0xff, 0xd0, 0x9c, 0x00, 0xff,
    0xd0, 0x98, 0x00, 0xff, 0xc8, 0x98, 0x00, 0xff, 0xd0, 0x98, 0x00, 0xff,
    0xd0, 0x9c, 0x00, 0xff, 0xc8, 0x98, 0x00, 0xff, 0xd0, 0x98, 0x00, 0xff,
    0xd0, 0x98, 0x00, 0xff, 0xc8, 0x98, 0x00, 0xff, 0xd0, 0x98, 0x00, 0xff,
    0xd0, 0x9c, 0x00, 0xff, 0xc8, 0x98, 0x00, 0xff, 0xd0, 0x98, 0x00, 0xff,
    0xd0, 0x98, 0x00, 0xff, 0xc8, 0x9c, 0x00, 0xff, 0xd0, 0x98, 0x00, 0xff,
    0xd0, 0x98, 0x00, 0xff, 0xc8, 0x9c, 0x00, 0xff, 0xd0, 0x98, 0x00, 0xff,
    0xd0, 0x98, 0x00, 0xff, 0xc8, 0x98, 0x00, 0xff, 0xd0, 0x98, 0x00, 0xff,
    0xd0, 0x98, 0x00, 0xff, 0xc8, 0x98, 0x00, 0xff, 0xd0, 0x9c, 0x00, 0xff,
    0xd0, 0x98, 0x00, 0xff, 0xc8, 0x98, 0x00, 0xff, 0xd0, 0x98, 0x00, 0xff,
    0xd0, 0x9c, 0x00, 0xff, 0xc8, 0x98, 0x00, 0xff, 0xd0, 0x98, 0x00, 0xff,
    0xc8, 0x98, 0x00, 0xff, 0xc8, 0x98, 0x00, 0xff, 0xd0, 0x98, 0x00, 0xff,
    0xc8, 0x9c, 0x00, 0xff, 0xd0, 0x98, 0x00, 0xff, 0xd0, 0x98, 0x00, 0xff,
    0xc8, 0x98, 0x00, 0xff, 0xd0, 0x9c, 0x00, 0xff, 0xc8, 0x98, 0x00, 0xff,
    0xc8, 0x98, 0x00, 0xff, 0xd0, 0x9c, 0x00, 0xff, 0xd0, 0x98, 0x00, 0xff,
    0xc8, 0x98, 0x00, 0xff, 0xd0, 0x98, 0x00, 0xff, 0xd0, 0x98, 0x00, 0xff,
    0xc8, 0x9c, 0x00, 0xff, 0xd0, 0x98, 0x00, 0xff, 0xd0, 0x98, 0x00, 0xff,
    0xc8, 0x9c, 0x00, 0xff, 0xd0, 0x98, 0x00, 0xff, 0xc8, 0x98, 0x00, 0xff,
    0xd0, 0x98, 0x00, 0xff, 0xd0, 0x9c, 0x00, 0xff, 0xc8, 0x98, 0x00, 0xff,
    0xd0, 0x98, 0x00, 0xff, 0xc8, 0x9c, 0x00, 0xff, 0xd0, 0x98, 0x00, 0xff,
    0xc8, 0x98, 0x00, 0xff, 0xc8, 0x98, 0x00, 0xff, 0xd0, 0x9c, 0x00, 0xff,
    0xd0, 0x98, 0x00, 0xff, 0xc8, 0x98, 0x00, 0xff, 0xd0, 0x98, 0x00, 0xff,
    0xc8, 0x98, 0x00, 0xff, 0xd0, 0x9c, 0x00, 0xff, 0xd0, 0x9c, 0x00, 0xff,
    0xc8, 0x98, 0x00, 0xff, 0xd0, 0x98, 0x00, 0xff, 0xd0, 0x9c, 0x00, 0xff,
    0x00, 0x00, 0x00, 0xff, 0x00, 0x00, 0x00, 0xff, 0x00, 0x00, 0x00, 0xff,
    0x00, 0x00, 0x00, 0xff, 0xc8, 0x98, 0x00, 0xff, 0xd0, 0x98, 0x00, 0xff,
    0xc8, 0x98, 0x00, 0xff, 0xd0, 0x98, 0x00, 0xff, 0xc8, 0x98, 0x00, 0xff,
    0xd0, 0x9c, 0x00, 0xff, 0xc8, 0x98, 0x00, 0xff, 0xc8, 0x98, 0x00, 0xff,
    0xd0, 0x9c, 0x00, 0xff, 0xc8, 0x98, 0x00, 0xff, 0xc8, 0x98, 0x00, 0xff,
    0xd0, 0x98, 0x00, 0xff, 0xc8, 0x98, 0x00, 0xff, 0xc8, 0x9c, 0x00, 0xff,
    0xd0, 0x98, 0x00, 0xff, 0xc8, 0x98, 0x00, 0xff, 0xd0, 0x98, 0x00, 0xff,
    0xd0, 0x9c, 0x00, 0xff, 0xc8, 0x98, 0x00, 0xff, 0xc8, 0x98, 0x00, 0xff,
    0xd0, 0x9c, 0x00, 0xff, 0xc8, 0x98, 0x00, 0xff, 0xc8, 0x98, 0x00, 0xff,
    0xd0, 0x98, 0x00, 0xff, 0xd0, 0x98, 0x00, 0xff, 0xc8, 0x98, 0x00, 0xff,
    0xd0, 0x98, 0x00, 0xff, 0xd0, 0x9c, 0x00, 0xff, 0xc8, 0x98, 0x00, 0xff,
    0xd0, 0x98, 0x00, 0xff, 0xc8, 0x98, 0x00, 0xff, 0xc8, 0x9c, 0x00, 0xff,
    0xd0, 0x98, 0x00, 0xff, 0xc8, 0x98, 0x00, 0xff, 0xc8, 0x98, 0x00, 0xff,
    0xd0, 0x98, 0x00, 0xff, 0xc8, 0x98, 0x00, 0xff, 0xc8, 0x98, 0x00, 0xff,
    0xd0, 0x98, 0x00, 0xff, 0xc8, 0x98, 0x00, 0xff, 0xd0, 0x98, 0x00, 0xff,
    0xd0, 0x98, 0x00, 0xff, 0xc8, 0x98, 0x00, 0xff, 0xc8, 0x9c, 0x00, 0xff,
    0xd0, 0x98, 0x00, 0xff, 0xc8, 0x98, 0x00, 0xff, 0xc8, 0x9c, 0x00, 0xff,
    0xd0, 0x98, 0x00, 0xff, 0xc8, 0x98, 0x00, 0xff, 0xc8, 0x98, 0x00, 0xff,
    0xd0, 0x98, 0x00, 0xff, 0xc8, 0x98, 0x00, 0xff, 0xc8, 0x9c, 0x00, 0xff,
    0xd0, 0x98, 0x00, 0xff, 0xc8, 0x98, 0x00, 0xff, 0xc8, 0x98, 0x00, 0xff,
    0xd0, 0x98, 0x00, 0xff, 0xc8, 0x98, 0x00, 0xff, 0xc8, 0x98, 0x00, 0xff,
    0xd0, 0x9c, 0x00, 0xff, 0xc8, 0x98, 0x00, 0xff, 0xc8, 0x98, 0x00, 0xff,
    0xd0, 0x98, 0x00, 0xff, 0xc8, 0x9c, 0x00, 0xff, 0xc8, 0x98, 0x00, 0xff,
    0xd0, 0x98, 0x00, 0xff, 0xc8, 0x98, 0x00, 0xff, 0xc8, 0x9c, 0x00, 0xff,
    0xd0, 0x98, 0x00, 0xff, 0xc8, 0x9c, 0x00, 0xff, 0xc8, 0x98, 0x00, 0xff,
    0xd0, 0x98, 0x00, 0xff, 0xc8, 0x98, 0x00, 0xff, 0xc8, 0x9c, 0x00, 0xff,
    0xd0, 0x98, 0x00, 0xff, 0xc8, 0x98, 0x00, 0xff, 0xc8, 0x98, 0x00, 0xff,
    0xd0, 0x9c, 0x00, 0xff, 0xc8, 0x98, 0x00, 0xff, 0xd0, 0x98, 0x00, 0xff,
    0xd0, 0x98, 0x00, 0xff, 0xc8, 0x98, 0x00, 0xff, 0xd0, 0x98, 0x00, 0xff,
    0xc8, 0x9c, 0x00, 0xff, 0xc8, 0x98, 0x00, 0xff, 0xd0, 0x98, 0x00, 0xff,
    0xc8, 0x98, 0x00, 0xff, 0xd0, 0x9c, 0x00, 0xff, 0xd0, 0x98, 0x00, 0xff,
    0xc8, 0x98, 0x00, 0xff, 0xc8, 0x98, 0x00, 0xff, 0xd0, 0x9c, 0x00, 0xff,
    0xc8, 0x98, 0x00, 0xff, 0xc8, 0x9c, 0x00, 0xff, 0xd0, 0x98, 0x00, 0xff,
    0xc8, 0x98, 0x00, 0xff, 0xc8, 0x98, 0x00, 0xff, 0xd0, 0x9c, 0x00, 0xff,
    0xc8, 0x98, 0x00, 0xff, 0xd0, 0x98, 0x00, 0xff, 0xd0, 0x98, 0x00, 0xff,
    0xc8, 0x98, 0x00, 0xff, 0xc8, 0x9c, 0x00, 0xff, 0xd0, 0x98, 0x00, 0xff,
    0xc8, 0x98, 0x00, 0xff, 0xd0, 0x9c, 0x00, 0xff, 0xd0, 0x98, 0x00, 0xff,
    0xc8, 0x9c, 0x00, 0xff, 0xd0, 0x98, 0x00, 0xff, 0xc8, 0x98, 0x00, 0xff,
    0xc8, 0x98, 0x00, 0xff, 0xd0, 0x98, 0x00, 0xff, 0xc8, 0x9c, 0x00, 0xff,
    0xd0, 0x98, 0x00, 0xff, 0xc8, 0x98, 0x00, 0xff, 0xc8, 0x98, 0x00, 0xff,
    0xd0, 0x98, 0x00, 0xff, 0xc8, 0x98, 0x00, 0xff, 0xc8, 0x9c, 0x00, 0xff,
    0xd0, 0x98, 0x00, 0xff, 0x00, 0x00, 0x00, 0xff, 0x00, 0x00, 0x00, 0xff,
    0x00, 0x00, 0x00, 0xff, 0x00, 0x00, 0x00, 0xff, 0xd0, 0x98, 0x00, 0xff,
    0xc8, 0x9c, 0x00, 0xff, 0xc8, 0x98, 0x00, 0xff, 0xd0, 0x98, 0x00, 0xff,
    0xd0, 0x98, 0x00, 0xff, 0xc8, 0x98, 0x00, 0xff, 0xd0, 0x98, 0x00, 0xff,
    0xd0, 0x98, 0x00, 0xff, 0xc8, 0x9c, 0x00, 0xff, 0xd0, 0x98, 0x00, 0xff,
    0xd0, 0x98, 0x00, 0xff, 0xc8, 0x9c, 0x00, 0xff, 0xd0, 0x98, 0x00, 0xff,
    0xc8, 0x98, 0x00, 0xff, 0xc8, 0x9c, 0x00, 0xff, 0xd0, 0x98, 0x00, 0xff,
    0xc8, 0x98, 0x00, 0xff, 0xd0, 0x9c, 0x00, 0xff, 0xc8, 0x98, 0x00, 0xff,
    0xd0, 0x98, 0x00, 0xff, 0xc8, 0x9c, 0x00, 0xff, 0xd0, 0x98, 0x00, 0xff,
    0xc8, 0x9c, 0x00, 0xff, 0xc8, 0x98, 0x00, 0xff, 0xd0, 0x9c, 0x00, 0xff,
    0xc8, 0x98, 0x00, 0xff, 0xc8, 0x98, 0x00, 0xff, 0xd0, 0x98, 0x00, 0xff,
    0xd0, 0x98, 0x00, 0xff, 0xc8, 0x98, 0x00, 0xff, 0xd0, 0x98, 0x00, 0xff,
    0xd0, 0x98, 0x00, 0xff, 0xc8, 0x9c, 0x00, 0xff, 0xd0, 0x98, 0x00, 0xff,
    0xd0, 0x9c, 0x00, 0xff, 0xc8, 0x98, 0x00, 0xff, 0xd0, 0x98, 0x00, 0xff,
    0xd0, 0x98, 0x00, 0xff, 0xc8, 0x9c, 0x00, 0xff, 0xc8, 0x98, 0x00, 0xff,
    0xd0, 0x9c, 0x00, 0xff, 0xc8, 0x98, 0x00, 0xff, 0xd0, 0x98, 0x00, 0xff,
    0xd0, 0x98, 0x00, 0xff, 0xc8, 0x98, 0x00, 0xff, 0xd0, 0x98, 0x00, 0xff,
    0xd0, 0x9c, 0x00, 0xff, 0xc8, 0x98, 0x00, 0xff, 0xd0, 0x9c, 0x00, 0xff,
    0xd0, 0x9c, 0x00, 0xff, 0xc8, 0x98, 0x00, 0xff, 0xd0, 0x98, 0x00, 0xff,
    0xd0, 0x98, 0x00, 0xff, 0xc8, 0x9c, 0x00, 0xff, 0xd0, 0x98, 0x00, 0xff,
    0xd0, 0x98, 0x00, 0xff, 0xc8, 0x9c, 0x00, 0xff, 0xd0, 0x98, 0x00, 0xff,
    0xd0, 0x98, 0x00, 0xff, 0xc8, 0x9c, 0x00, 0xff, 0xd0, 0x98, 0x00, 0xff,
    0xd0, 0x98, 0x00, 0xff, 0xc8, 0x9c, 0x00, 0xff, 0xd0, 0x98, 0x00, 0xff,
    0xd0, 0x98, 0x00, 0xff, 0xc8, 0x98, 0x00, 0xff, 0xd0, 0x9c, 0x00, 0xff,
    0xd0, 0x98, 0x00, 0xff, 0xc8, 0x98, 0x00, 0xff, 0xd0, 0x98, 0x00, 0xff,
    0xd0, 0x9c, 0x00, 0xff, 0xc8, 0x98, 0x00, 0xff, 0xd0, 0x9c, 0x00, 0xff,
    0xd0, 0x98, 0x00, 0xff, 0xc8, 0x98, 0x00, 0xff, 0xd0, 0x98, 0x00, 0xff,
    0xd0, 0x9c, 0x00, 0xff, 0xc8, 0x98, 0x00, 0xff, 0xc8, 0x98, 0x00, 0xff,
    0xd0, 0x98, 0x00, 0xff, 0xc8, 0x9c, 0x00, 0xff, 0xd0, 0x98, 0x00, 0xff,
    0xd0, 0x98, 0x00, 0xff, 0xc8, 0x98, 0x00, 0xff, 0xd0, 0x98, 0x00, 0xff,
    0xc8, 0x9c, 0x00, 0xff, 0xc8, 0x98, 0x00, 0xff, 0xd0, 0x98, 0x00, 0xff,
    0xc8, 0x98, 0x00, 0xff, 0xd0, 0x98, 0x00, 0xff, 0xd0, 0x9c, 0x00, 0xff,
    0xc8, 0x98, 0x00, 0xff, 0xd0, 0x98, 0x00, 0xff, 0xd0, 0x98, 0x00, 0xff,
    0xc8, 0x9c, 0x00, 0xff, 0xd0, 0x98, 0x00, 0xff, 0xd0, 0x98, 0x00, 0xff,
    0xc8, 0x98, 0x00, 0xff, 0xc8, 0x9c, 0x00, 0xff, 0xd0, 0x98, 0x00, 0xff,
    0xc8, 0x98, 0x00, 0xff, 0xc8, 0x9c, 0x00, 0xff, 0xd0, 0x98, 0x00, 0xff,
    0xc8, 0x98, 0x00, 0xff, 0xc8, 0x98, 0x00, 0xff, 0xd0, 0x98, 0x00, 0xff,
    0xc8, 0x98, 0x00, 0xff, 0xd0, 0x98, 0x00, 0xff, 0xd0, 0x9c, 0x00, 0xff,
    0xd0, 0x98, 0x00, 0xff, 0xc8, 0x98, 0x00, 0xff, 0xd0, 0x9c, 0x00, 0xff,
    0xc8, 0x98, 0x00, 0xff, 0xd0, 0x98, 0x00, 0xff, 0xd0, 0x9c, 0x00, 0xff,
    0xc8, 0x98, 0x00, 0xff, 0xd0, 0x98, 0x00, 0xff, 0xd0, 0x98, 0x00, 0xff,
    0xc8, 0x98, 0x00, 0xff, 0xc8, 0x98, 0x00, 0xff, 0x00, 0x00, 0x00, 0xff,
    0x00, 0x00, 0x00, 0xff, 0x00, 0x00, 0x00, 0xff, 0x00, 0x00, 0x00, 0xff,
    0xd0, 0x98, 0x00, 0xff, 0xc8, 0x98, 0x00, 0xff, 0xd0, 0x9c, 0x00, 0xff,
    0xc8, 0x9c, 0x00, 0xff, 0xc8, 0x98, 0x00, 0xff, 0xd0, 0x98, 0x00, 0xff,
    0xc8, 0x9c, 0x00, 0xff, 0xc8, 0x98, 0x00, 0xff, 0xd0, 0x98, 0x00, 0xff,
    0xc8, 0x98, 0x00, 0xff, 0xc8, 0x9c, 0x00, 0xff, 0xd0, 0x98, 0x00, 0xff,
    0xd0, 0x98, 0x00, 0xff, 0xd0, 0x98, 0x00, 0xff, 0xc8, 0x98, 0x00, 0xff,
    0xd0, 0x98, 0x00, 0xff, 0xc8, 0x98, 0x00, 0xff, 0xc8, 0x98, 0x00, 0xff,
    0xd0, 0x98, 0x00, 0xff, 0xd0, 0x98, 0x00, 0xff, 0xc8, 0x98, 0x00, 0xff,
    0xd0, 0x98, 0x00, 0xff, 0xd0, 0x98, 0x00, 0xff, 0xc8, 0x98, 0x00, 0xff,
    0xd0, 0x98, 0x00, 0xff, 0xd0, 0x9c, 0x00, 0xff, 0xc8, 0x98, 0x00, 0xff,
    0xc8, 0x98, 0x00, 0xff, 0xd0, 0x9c, 0x00, 0xff, 0xc8, 0x9c, 0x00, 0xff,
    0xc8, 0x98, 0x00, 0xff, 0xd0, 0x98, 0x00, 0xff, 0xc8, 0x98, 0x00, 0xff,
    0xd0, 0x98, 0x00, 0xff, 0xc8, 0x9c, 0x00, 0xff, 0xc8, 0x98, 0x00, 0xff,
    0xd0, 0x98, 0x00, 0xff, 0xd0, 0x9c, 0x00, 0xff, 0xc8, 0x98, 0x00, 0xff,
    0xd0, 0x98, 0x00, 0xff, 0xc8, 0x98, 0x00, 0xff, 0xc8, 0x9c, 0x00, 0xff,
    0xd0, 0x98, 0x00, 0xff, 0xc8, 0x9c, 0x00, 0xff, 0xc8, 0x98, 0x00, 0xff,
    0xd0, 0x98, 0x00, 0xff, 0xc8, 0x98, 0x00, 0xff, 0xc8, 0x98, 0x00, 0xff,
    0xd0, 0x98, 0x00, 0xff, 0xc8, 0x98, 0x00, 0xff, 0xc8, 0x9c, 0x00, 0xff,
    0xd0, 0x98, 0x00, 0xff, 0xc8, 0x98, 0x00, 0xff, 0xc8, 0x98, 0x00, 0xff,
    0xd0, 0x9c, 0x00, 0xff, 0xc8, 0x98, 0x00, 0xff, 0xc8, 0x98, 0x00, 0xff,
    0xd0, 0x9c, 0x00, 0xff, 0xc8, 0x98, 0x00, 0xff, 0xc8, 0x98, 0x00, 0xff,
    0xd0, 0x98, 0x00, 0xff, 0xc8, 0x98, 0x00, 0xff, 0xc8, 0x98, 0x00, 0xff,
    0xd0, 0x98, 0x00, 0xff, 0xc8, 0x98, 0x00, 0xff, 0xc8, 0x9c, 0x00, 0xff,
    0xd0, 0x98, 0x00, 0xff, 0xc8, 0x98, 0x00, 0xff, 0xc8, 0x98, 0x00, 0xff,
    0xd0, 0x98, 0x00, 0xff, 0xc8, 0x98, 0x00, 0xff, 0xc8, 0x98, 0x00, 0xff,
    0xd0, 0x98, 0x00, 0xff, 0xc8, 0x98, 0x00, 0xff, 0xc8, 0x9c, 0x00, 0xff,
    0xd0, 0x98, 0x00, 0xff, 0xd0, 0x98, 0x00, 0xff, 0xc8, 0x98, 0x00, 0xff,
    0xd0, 0x98, 0x00, 0xff, 0xc8, 0x9c, 0x00, 0xff, 0xc8, 0x98, 0x00, 0xff,
    0xd0, 0x9c, 0x00, 0xff, 0xc8, 0x98, 0x00, 0xff, 0xd0, 0x98, 0x00, 0xff,
    0xd0, 0x9c, 0x00, 0xff, 0xc8, 0x98, 0x00, 0xff, 0xd0, 0x98, 0x00, 0xff,
    0xc8, 0x9c, 0x00, 0xff, 0xc8, 0x98, 0x00, 0xff, 0xd0, 0x98, 0x00, 0xff,
    0xc8, 0x98, 0x00, 0xff, 0xc8, 0x98, 0x00, 0xff, 0xd0, 0x98, 0x00, 0xff,
    0xc8, 0x98, 0x00, 0xff, 0xc8, 0x9c, 0x00, 0xff, 0xd0, 0x98, 0x00, 0xff,
    0xd0, 0x98, 0x00, 0xff, 0xc8, 0x98, 0x00, 0xff, 0xd0, 0x98, 0x00, 0xff,
    0xd0, 0x9c, 0x00, 0xff, 0xc8, 0x98, 0x00, 0xff, 0xd0, 0x98, 0x00, 0xff,
    0xd0, 0x98, 0x00, 0xff, 0xc8, 0x9c, 0x00, 0xff, 0xd0, 0x98, 0x00, 0xff,
    0xc8, 0x98, 0x00, 0xff, 0xc8, 0x9c, 0x00, 0xff, 0xc8, 0x98, 0x00, 0xff,
    0xd0, 0x98, 0x00, 0xff, 0xc8, 0x9c, 0x00, 0xff, 0xd0, 0x98, 0x00, 0xff,
    0xc8, 0x98, 0x00, 0xff, 0xd0, 0x98, 0x00, 0xff, 0xc8, 0x98, 0x00, 0xff,
    0xc8, 0x9c, 0x00, 0xff, 0xd0, 0x98, 0x00, 0xff, 0xc8, 0x9c, 0x00, 0xff,
    0xd0, 0x98, 0x00, 0xff, 0xd0, 0x98, 0x00, 0xff, 0xc8, 0x9c, 0x00, 0xff,
    0x00, 0x00, 0x00, 0xff, 0x00, 0x00, 0x00, 0xff, 0x00, 0x00, 0x00, 0xff,
    0x00, 0x00, 0x00, 0xff, 0xc8, 0x98, 0x00, 0xff, 0xd0, 0x98, 0x00, 0xff,
    0xd0, 0x98, 0x00, 0xff, 0xc8, 0x98, 0x00, 0xff, 0xd0, 0x98, 0x00, 0xff,
    0xd0, 0x9c, 0x00, 0xff, 0xc8, 0x98, 0x00, 0xff, 0xd0, 0x98, 0x00, 0xff,
    0xd0, 0x98, 0x00, 0xff, 0xc8, 0x9c, 0x00, 0xff, 0xc8, 0x98, 0x00, 0xff,
    0xd0, 0x98, 0x00, 0xff, 0xc8, 0x9c, 0x00, 0xff, 0xc8, 0x98, 0x00, 0xff,
    0xd0, 0x98, 0x00, 0xff, 0xd0, 0x9c, 0x00, 0xff, 0xc8, 0x98, 0x00, 0xff,
    0xd0, 0x9c, 0x00, 0xff, 0xc8, 0x98, 0x00, 0xff, 0xc8, 0x9c, 0x00, 0xff,
    0xd0, 0x98, 0x00, 0xff, 0xc8, 0x98, 0x00, 0xff, 0xd0, 0x9c, 0x00, 0xff,
    0xc8, 0x98, 0x00, 0xff, 0xc8, 0x98, 0x00, 0xff, 0xd0, 0x9c, 0x00, 0xff,
    0xd0, 0x98, 0x00, 0xff, 0xc8, 0x98, 0x00, 0xff, 0xd0, 0x98, 0x00, 0xff,
    0xd0, 0x98, 0x00, 0xff, 0xc8, 0x9c, 0x00, 0xff, 0xc8, 0x98, 0x00, 0xff,
    0xd0, 0x98, 0x00, 0xff, 0xc8, 0x98, 0x00, 0xff, 0xd0, 0x98, 0x00, 0xff,
    0xc8, 0x9c, 0x00, 0xff, 0xc8, 0x98, 0x00, 0xff, 0xd0, 0x98, 0x00, 0xff,
    0xc8, 0x98, 0x00, 0xff, 0xd0, 0x98, 0x00, 0xff, 0xd0, 0x98, 0x00, 0xff,
    0xc8, 0x98, 0x00, 0xff, 0xd0, 0x9c, 0x00, 0xff, 0xd0, 0x98, 0x00, 0xff,
    0xc8, 0x98, 0x00, 0xff, 0xd0, 0x9c, 0x00, 0xff, 0xd0, 0x98, 0x00, 0xff,
    0xc8, 0x98, 0x00, 0xff, 0xd0, 0x98, 0x00, 0xff, 0xd0, 0x98, 0x00, 0xff,
    0xc8, 0x98, 0x00, 0xff, 0xd0, 0x9c, 0x00, 0xff, 0xd0, 0x98, 0x00, 0xff,
    0xc8, 0x98, 0x00, 0xff, 0xd0, 0x98, 0x00, 0xff, 0xd0, 0x98, 0x00, 0xff,
    0xc8, 0x98, 0x00, 0xff, 0xd0, 0x98, 0x00, 0xff, 0xd0, 0x9c, 0x00, 0xff,
    0xc8, 0x98, 0x00, 0xff, 0xd0, 0x98, 0x00, 0xff, 0xd0, 0x9c, 0x00, 0xff,
    0xc8, 0x98, 0x00, 0xff, 0xd0, 0x98, 0x00, 0xff, 0xd0, 0x9c, 0x00, 0xff,
    0xc8, 0x98, 0x00, 0xff, 0xd0, 0x98, 0x00, 0xff, 0xd0, 0x9c, 0x00, 0xff,
    0xc8, 0x98, 0x00, 0xff, 0xd0, 0x9c, 0x00, 0xff, 0xd0, 0x98, 0x00, 0xff,
    0xc8, 0x9c, 0x00, 0xff, 0xd0, 0x98, 0x00, 0xff, 0xd0, 0x98, 0x00, 0xff,
    0xc8, 0x98, 0x00, 0xff, 0xc8, 0x9c, 0x00, 0xff, 0xd0, 0x98, 0x00, 0xff,
    0xc8, 0x98, 0x00, 0xff, 0xd0, 0x9c, 0x00, 0xff, 0xd0, 0x98, 0x00, 0xff,
    0xc8, 0x98, 0x00, 0xff, 0xd0, 0x98, 0x00, 0xff, 0xc8, 0x9c, 0x00, 0xff,
    0xc8, 0x98, 0x00, 0xff, 0xd0, 0x98, 0x00, 0xff, 0xd0, 0x98, 0x00, 0xff,
    0xc8, 0x98, 0x00, 0xff, 0xd0, 0x9c, 0x00, 0xff, 0xd0, 0x98, 0x00, 0xff,
    0xc8, 0x98, 0x00, 0xff, 0xd0, 0x9c, 0x00, 0xff, 0xd0, 0x98, 0x00, 0xff,
    0xc8, 0x9c, 0x00, 0xff, 0xd0, 0x98, 0x00, 0xff, 0xc8, 0x98, 0x00, 0xff,
    0xc8, 0x9c, 0x00, 0xff, 0xd0, 0x98, 0x00, 0xff, 0xc8, 0x98, 0x00, 0xff,
    0xc8, 0x9c, 0x00, 0xff, 0xd0, 0x98, 0x00, 0xff, 0xc8, 0x98, 0x00, 0xff,
    0xd0, 0x98, 0x00, 0xff, 0xc8, 0x9c, 0x00, 0xff, 0xd0, 0x98, 0x00, 0xff,
    0xd0, 0x98, 0x00, 0xff, 0xd0, 0x9c, 0x00, 0xff, 0xc8, 0x98, 0x00, 0xff,
    0xd0, 0x98, 0x00, 0xff, 0xc8, 0x98, 0x00, 0xff, 0xc8, 0x98, 0x00, 0xff,
    0xd0, 0x9c, 0x00, 0xff, 0xc8, 0x98, 0x00, 0xff, 0xd0, 0x98, 0x00, 0xff,
    0xd0, 0x9c, 0x00, 0xff, 0xc8, 0x98, 0x00, 0xff, 0xd0, 0x98, 0x00, 0xff,
    0xc8, 0x98, 0x00, 0xff, 0xc8, 0x9c, 0x00, 0xff, 0xd0, 0x98, 0x00, 0xff,
    0xd0, 0x98, 0x00, 0xff, 0x00, 0x00, 0x00, 0xff, 0x00, 0x00, 0x00, 0xff,
    0x00, 0x00, 0x00, 0xff, 0x00, 0x00, 0x00, 0xff, 0xc8, 0x98, 0x00, 0xff,
    0xd0, 0x9c, 0x00, 0xff, 0xc8, 0x98, 0x00, 0xff, 0xc8, 0x98, 0x00, 0xff,
    0xd0, 0x98, 0x00, 0xff, 0xc8, 0x98, 0x00, 0xff, 0xc8, 0x9c, 0x00, 0xff,
    0xd0, 0x98, 0x00, 0xff, 0xd0, 0x98, 0x00, 0xff, 0xc8, 0x98, 0x00, 0xff,
    0xd0, 0x98, 0x00, 0xff, 0xd0, 0x98, 0x00, 0xff, 0xc8, 0x9c, 0x00, 0xff,
    0xc8, 0x98, 0x00, 0xff, 0xd0, 0x98, 0x00, 0xff, 0xc8, 0x9c, 0x00, 0xff,
    0xd0, 0x98, 0x00, 0xff, 0xd0, 0x98, 0x00, 0xff, 0xc8, 0x98, 0x00, 0xff,
    0xd0, 0x9c, 0x00, 0xff, 0xc8, 0x98, 0x00, 0xff, 0xc8, 0x98, 0x00, 0xff,
    0xd0, 0x9c, 0x00, 0xff, 0xd0, 0x98, 0x00, 0xff, 0xc8, 0x98, 0x00, 0xff,
    0xc8, 0x98, 0x00, 0xff, 0xd0, 0x9c, 0x00, 0xff, 0xc8, 0x98, 0x00, 0xff,
    0xc8, 0x98, 0x00, 0xff, 0xd0, 0x98, 0x00, 0xff, 0xd0, 0x98, 0x00, 0xff,
    0xc8, 0x9c, 0x00, 0xff, 0xd0, 0x98, 0x00, 0xff, 0xd0, 0x9c, 0x00, 0xff,
    0xc8, 0x98, 0x00, 0xff, 0xd0, 0x98, 0x00, 0xff, 0xd0, 0x9c, 0x00, 0xff,
    0xc8, 0x98, 0x00, 0xff, 0xc8, 0x9c, 0x00, 0xff, 0xd0, 0x9c, 0x00, 0xff,
    0xc8, 0x98, 0x00, 0xff, 0xc8, 0x98, 0x00, 0xff, 0xd0, 0x98, 0x00, 0xff,
    0xc8, 0x98, 0x00, 0xff, 0xc8, 0x98, 0x00, 0xff, 0xd0, 0x9c, 0x00, 0xff,
    0xc8, 0x98, 0x00, 0xff, 0xc8, 0x9c, 0x00, 0xff, 0xd0, 0x9c, 0x00, 0xff,
    0xc8, 0x98, 0x00, 0xff, 0xc8, 0x98, 0x00, 0xff, 0xd0, 0x98, 0x00, 0xff,
    0xc8, 0x9c, 0x00, 0xff, 0xc8, 0x98, 0x00, 0xff, 0xd0, 0x98, 0x00, 0xff,
    0xc8, 0x9c, 0x00, 0xff, 0xc8, 0x98, 0x00, 0xff, 0xd0, 0x98, 0x00, 0xff,
    0xc8, 0x98, 0x00, 0xff, 0xc8, 0x9c, 0x00, 0xff, 0xd0, 0x98, 0x00, 0xff,
    0xc8, 0x98, 0x00, 0xff, 0xd0, 0x9c, 0x00, 0xff, 0xc8, 0x98, 0x00, 0xff,
    0xd0, 0x98, 0x00, 0xff, 0xc8, 0x98, 0x00, 0xff, 0xc8, 0x98, 0x00, 0xff,
    0xd0, 0x98, 0x00, 0xff, 0xc8, 0x98, 0x00, 0xff, 0xc8, 0x98, 0x00, 0xff,
    0xd0, 0x9c, 0x00, 0xff, 0xc8, 0x98, 0x00, 0xff, 0xc8, 0x98, 0x00, 0xff,
    0xd0, 0x9c, 0x00, 0xff, 0xd0, 0x98, 0x00, 0xff, 0xc8, 0x98, 0x00, 0xff,
    0xc8, 0x98, 0x00, 0xff, 0xd0, 0x9c, 0x00, 0xff, 0xc8, 0x98, 0x00, 0xff,
    0xd0, 0x98, 0x00, 0xff, 0xc8, 0x98, 0x00, 0xff, 0xd0, 0x98, 0x00, 0xff,
    0xd0, 0x98, 0x00, 0xff, 0xc8, 0x9c, 0x00, 0xff, 0xc8, 0x98, 0x00, 0xff,
    0xd0, 0x98, 0x00, 0xff, 0xc8, 0x9c, 0x00, 0xff, 0xd0, 0x98, 0x00, 0xff,
    0xc8, 0x98, 0x00, 0xff, 0xc8, 0x9c, 0x00, 0xff, 0xd0, 0x98, 0x00, 0xff,
    0xc8, 0x98, 0x00, 0xff, 0xd0, 0x98, 0x00, 0xff, 0xd0, 0x98, 0x00, 0xff,
    0xc8, 0x98, 0x00, 0xff, 0xd0, 0x98, 0x00, 0xff, 0xd0, 0x9c, 0x00, 0xff,
    0xc8, 0x98, 0x00, 0xff, 0xd0, 0x98, 0x00, 0xff, 0xc8, 0x98, 0x00, 0xff,
    0xd0, 0x98, 0x00, 0xff, 0xc8, 0x9c, 0x00, 0xff, 0xc8, 0x98, 0x00, 0xff,
    0xc8, 0x98, 0x00, 0xff, 0xd0, 0x98, 0x00, 0xff, 0xc8, 0x98, 0x00, 0xff,
    0xd0, 0x98, 0x00, 0xff, 0xd0, 0x9c, 0x00, 0xff, 0xc8, 0x98, 0x00, 0xff,
    0xd0, 0x98, 0x00, 0xff, 0xd0, 0x98, 0x00, 0xff, 0xc8, 0x9c, 0x00, 0xff,
    0xc8, 0x98, 0x00, 0xff, 0xd0, 0x98, 0x00, 0xff, 0xc8, 0x98, 0x00, 0xff,
    0xd0, 0x98, 0x00, 0xff, 0xd0, 0x98, 0x00, 0xff, 0xc8, 0x98, 0x00, 0xff,
    0xc8, 0x98, 0x00, 0xff, 0xd0, 0x98, 0x00, 0xff, 0x00, 0x00, 0x00, 0xff,
    0x00, 0x00, 0x00, 0xff, 0x00, 0x00, 0x00, 0xff, 0x00, 0x00, 0x00, 0xff,
    0xd0, 0x98, 0x00, 0xff, 0xc8, 0x98, 0x00, 0xff, 0xd0, 0x9c, 0x00, 0xff,
    0xd0, 0x98, 0x00, 0xff, 0xc8, 0x9c, 0x00, 0xff, 0xd0, 0x98, 0x00, 0xff,
    0xc8, 0x98, 0x00, 0xff, 0xc8, 0x9c, 0x00, 0xff, 0xd0, 0x98, 0x00, 0xff,
    0xc8, 0x9c, 0x00, 0xff, 0xc8, 0x98, 0x00, 0xff, 0xd0, 0x98, 0x00, 0xff,
    0xd0, 0x98, 0x00, 0xff, 0xc8, 0x98, 0x00, 0xff, 0xd0, 0x98, 0x00, 0xff,
    0xc8, 0x98, 0x00, 0xff, 0xc8, 0x98, 0x00, 0xff, 0xd0, 0x98, 0x00, 0xff,
    0xd0, 0x98, 0x00, 0xff, 0xc8, 0x98, 0x00, 0xff, 0xd0, 0x98, 0x00, 0xff,
    0xd0, 0x98, 0x00, 0xff, 0xc8, 0x98, 0x00, 0xff, 0xd0, 0x9c, 0x00, 0xff,
    0xd0, 0x98, 0x00, 0xff, 0xc8, 0x98, 0x00, 0xff, 0xd0, 0x98, 0x00, 0xff,
    0xd0, 0x9c, 0x00, 0xff, 0xc8, 0x98, 0x00, 0xff, 0xc8, 0x98, 0x00, 0xff,
    0xd0, 0x9c, 0x00, 0xff, 0xc8, 0x98, 0x00, 0xff, 0xc8, 0x98, 0x00, 0xff,
    0xd0, 0x98, 0x00, 0xff, 0xc8, 0x98, 0x00, 0xff, 0xd0, 0x98, 0x00, 0xff,
    0xd0, 0x98, 0x00, 0xff, 0xc8, 0x98, 0x00, 0xff, 0xd0, 0x98, 0x00, 0xff,
    0xd0, 0x98, 0x00, 0xff, 0xc8, 0x9c, 0x00, 0xff, 0xd0, 0x98, 0x00, 0xff,
    0xd0, 0x98, 0x00, 0xff, 0xc8, 0x9c, 0x00, 0xff, 0xd0, 0x98, 0x00, 0xff,
    0xd0, 0x98, 0x00, 0xff, 0xc8, 0x98, 0x00, 0xff, 0xd0, 0x98, 0x00, 0xff,
    0xd0, 0x98, 0x00, 0xff, 0xc8, 0x98, 0x00, 0xff, 0xd0, 0x9c, 0x00, 0xff,
    0xd0, 0x98, 0x00, 0xff, 0xc8, 0x98, 0x00, 0xff, 0xd0, 0x9c, 0x00, 0xff,
    0xd0, 0x98, 0x00, 0xff, 0xc8, 0x98, 0x00, 0xff, 0xd0, 0x9c, 0x00, 0xff,
    0xd0, 0x98, 0x00, 0xff, 0xc8, 0x98, 0x00, 0xff, 0xd0, 0x98, 0x00, 0xff,
    0xc8, 0x98, 0x00, 0xff, 0xd0, 0x98, 0x00, 0xff, 0xc8, 0x9c, 0x00, 0xff,
    0xc8, 0x98, 0x00, 0xff, 0xd0, 0x98, 0x00, 0xff, 0xd0, 0x9c, 0x00, 0xff,
    0xc8, 0x98, 0x00, 0xff, 0xd0, 0x98, 0x00, 0xff, 0xd0, 0x9c, 0x00, 0xff,
    0xc8, 0x98, 0x00, 0xff, 0xd0, 0x98, 0x00, 0xff, 0xd0, 0x98, 0x00, 0xff,
    0xc8, 0x98, 0x00, 0xff, 0xc8, 0x98, 0x00, 0xff, 0xd0, 0x9c, 0x00, 0xff,
    0xd0, 0x98, 0x00, 0xff, 0xc8, 0x98, 0x00, 0xff, 0xd0, 0x98, 0x00, 0xff,
    0xc8, 0x98, 0x00, 0xff, 0xc8, 0x9c, 0x00, 0xff, 0xd0, 0x98, 0x00, 0xff,
    0xc8, 0x98, 0x00, 0xff, 0xd0, 0x9c, 0x00, 0xff, 0xc8, 0x98, 0x00, 0xff,
    0xd0, 0x98, 0x00, 0xff, 0xc8, 0x98, 0x00, 0xff, 0xd0, 0x98, 0x00, 0xff,
    0xc8, 0x98, 0x00, 0xff, 0xd0, 0x98, 0x00, 0xff, 0xd0, 0x98, 0x00, 0xff,
    0xc8, 0x98, 0x00, 0xff, 0xc8, 0x9c, 0x00, 0xff, 0xd0, 0x98, 0x00, 0xff,
    0xc8, 0x9c, 0x00, 0xff, 0xc8, 0x98, 0x00, 0xff, 0xd0, 0x98, 0x00, 0xff,
    0xc8, 0x98, 0x00, 0xff, 0xd0, 0x9c, 0x00, 0xff, 0xc8, 0x98, 0x00, 0xff,
    0xd0, 0x98, 0x00, 0xff, 0xd0, 0x9c, 0x00, 0xff, 0xc8, 0x98, 0x00, 0xff,
    0xd0, 0x98, 0x00, 0xff, 0xd0, 0x9c, 0x00, 0xff, 0xc8, 0x98, 0x00, 0xff,
    0xc8, 0x98, 0x00, 0xff, 0xd0, 0x9c, 0x00, 0xff, 0xc8, 0x98, 0x00, 0xff,
    0xc8, 0x98, 0x00, 0xff, 0xd0, 0x9c, 0x00, 0xff, 0xc8, 0x98, 0x00, 0xff,
    0xd0, 0x98, 0x00, 0xff, 0xc8, 0x98, 0x00, 0xff, 0xc8, 0x98, 0x00, 0xff,
    0xd0, 0x9c, 0x00, 0xff, 0xc8, 0x9c, 0x00, 0xff, 0xd0, 0x98, 0x00, 0xff,
    0xc8, 0x98, 0x00, 0xff, 0xc8, 0x9c, 0x00, 0xff, 0xd0, 0x98, 0x00, 0xff,
    0x00, 0x00, 0x00, 0xff, 0x00, 0x00, 0x00, 0xff, 0x00, 0x00, 0x00, 0xff,
    0x00, 0x00, 0x00, 0xff, 0xc8, 0x98, 0x00, 0xff, 0xc8, 0x98, 0x00, 0xff,
    0xd0, 0x98, 0x00, 0xff, 0xc8, 0x98, 0x00, 0xff, 0xd0, 0x98, 0x00, 0xff,
    0xd0, 0x98, 0x00, 0xff, 0xc8, 0x98, 0x00, 0xff, 0xd0, 0x98, 0x00, 0xff,
    0xd0, 0x98, 0x00, 0xff, 0xc8, 0x9c, 0x00, 0xff, 0xc8, 0x98, 0x00, 0xff,
    0xd0, 0x98, 0x00, 0xff, 0xc8, 0x9c, 0x00, 0xff, 0xd0, 0x9c, 0x00, 0xff,
    0xd0, 0x98, 0x00, 0xff, 0xc8, 0x9c, 0x00, 0xff, 0xc8, 0x9c, 0x00, 0xff,
    0xd0, 0x98, 0x00, 0xff, 0xc8, 0x9c, 0x00, 0xff, 0xc8, 0x98, 0x00, 0xff,
    0xd0, 0x9c, 0x00, 0xff, 0xc8, 0x98, 0x00, 0xff, 0xc8, 0x98, 0x00, 0xff,
    0xc8, 0x98, 0x00, 0xff, 0xd0, 0x9c, 0x00, 0xff, 0xc8, 0x98, 0x00, 0xff,
    0xc8, 0x98, 0x00, 0xff, 0xd0, 0x98, 0x00, 0xff, 0xd0, 0x9c, 0x00, 0xff,
    0xc8, 0x98, 0x00, 0xff, 0xd0, 0x98, 0x00, 0xff, 0xd0, 0x98, 0x00, 0xff,
    0xc8, 0x9c, 0x00, 0xff, 0xc8, 0x98, 0x00, 0xff, 0xd0, 0x9c, 0x00, 0xff,
    0xc8, 0x98, 0x00, 0xff, 0xc8, 0x98, 0x00, 0xff, 0xd0, 0x9c, 0x00, 0xff,
    0xc8, 0x98, 0x00, 0xff, 0xc8, 0x98, 0x00, 0xff, 0xd0, 0x98, 0x00, 0xff,
    0xc8, 0x98, 0x00, 0xff, 0xc8, 0x9c, 0x00, 0xff, 0xd0, 0x98, 0x00, 0xff,
    0xc8, 0x98, 0x00, 0xff, 0xc8, 0x98, 0x00, 0xff, 0xd0, 0x9c, 0x00, 0xff,
    0xc8, 0x98, 0x00, 0xff, 0xc8, 0x98, 0x00, 0xff, 0xd0, 0x98, 0x00, 0xff,
    0xc8, 0x98, 0x00, 0xff, 0xc8, 0x98, 0x00, 0xff, 0xd0, 0x98, 0x00, 0xff,
    0xc8, 0x98, 0x00, 0xff, 0xc8, 0x98, 0x00, 0xff, 0xd0, 0x98, 0x00, 0xff,
    0xc8, 0x9c, 0x00, 0xff, 0xc8, 0x98, 0x00, 0xff, 0xd0, 0x98, 0x00, 0xff,
    0xd0, 0x9c, 0x00, 0xff, 0xc8, 0x98, 0x00, 0xff, 0xd0, 0x98, 0x00, 0xff,
    0xd0, 0x98, 0x00, 0xff, 0xc8, 0x98, 0x00, 0xff, 0xd0, 0x9c, 0x00, 0xff,
    0xc8, 0x98, 0x00, 0xff, 0xc8, 0x98, 0x00, 0xff, 0xd0, 0x9c, 0x00, 0xff,
    0xc8, 0x98, 0x00, 0xff, 0xc8, 0x98, 0x00, 0xff, 0xd0, 0x98, 0x00, 0xff,
    0xd0, 0x9c, 0x00, 0xff, 0xc8, 0x98, 0x00, 0xff, 0xd0, 0x98, 0x00, 0xff,
    0xc8, 0x98, 0x00, 0xff, 0xc8, 0x9c, 0x00, 0xff, 0xd0, 0x98, 0x00, 0xff,
    0xd0, 0x98, 0x00, 0xff, 0xc8, 0x9c, 0x00, 0xff, 0xd0, 0x98, 0x00, 0xff,
    0xd0, 0x98, 0x00, 0xff, 0xc8, 0x9c, 0x00, 0xff, 0xc8, 0x98, 0x00, 0xff,
    0xd0, 0x98, 0x00, 0xff, 0xd0, 0x9c, 0x00, 0xff, 0xc8, 0x98, 0x00, 0xff,
    0xc8, 0x9c, 0x00, 0xff, 0xd0, 0x98, 0x00, 0xff, 0xc8, 0x9c, 0x00, 0xff,
    0xd0, 0x98, 0x00, 0xff, 0xd0, 0x98, 0x00, 0xff, 0xc8, 0x98, 0x00, 0xff,
    0xd0, 0x9c, 0x00, 0xff, 0xd0, 0x98, 0x00, 0xff, 0xc8, 0x98, 0x00, 0xff,
    0xd0, 0x9c, 0x00, 0xff, 0xc8, 0x98, 0x00, 0xff, 0xc8, 0x98, 0x00, 0xff,
    0xd0, 0x98, 0x00, 0xff, 0xc8, 0x9c, 0x00, 0xff, 0xc8, 0x98, 0x00, 0xff,
    0xd0, 0x98, 0x00, 0xff, 0xd0, 0x98, 0x00, 0xff, 0xc8, 0x9c, 0x00, 0xff,
    0xd0, 0x98, 0x00, 0xff, 0xd0, 0x98, 0x00, 0xff, 0xc8, 0x9c, 0x00, 0xff,
    0xd0, 0x98, 0x00, 0xff, 0xd0, 0x98, 0x00, 0xff, 0xc8, 0x98, 0x00, 0xff,
    0xd0, 0x9c, 0x00, 0xff, 0xd0, 0x98, 0x00, 0xff, 0xc8, 0x98, 0x00, 0xff,
    0xd0, 0x9c, 0x00, 0xff, 0xd0, 0x98, 0x00, 0xff, 0xc8, 0x98, 0x00, 0xff,
    0xc8, 0x98, 0x00, 0xff, 0xd0, 0x9c, 0x00, 0xff, 0xd0, 0x98, 0x00, 0xff,
    0xc8, 0x98, 0x00, 0xff, 0x00, 0x00, 0x00, 0xff, 0x00, 0x00, 0x00, 0xff,
    0x00, 0x00, 0x00, 0xff, 0x00, 0x00, 0x00, 0xff, 0xd0, 0x98, 0x00, 0xff,
    0xd0, 0x9c, 0x00, 0xff, 0xc8, 0x98, 0x00, 0xff, 0xc8, 0x9c, 0x00, 0xff,
    0xd0, 0x98, 0x00, 0xff, 0xc8, 0x9c, 0x00, 0xff, 0xc8, 0x98, 0x00, 0xff,
    0xd0, 0x98, 0x00, 0xff, 0xd0, 0x98, 0x00, 0xff, 0xc8, 0x98, 0x00, 0xff,
    0xd0, 0x98, 0x00, 0xff, 0xd0, 0x98, 0x00, 0xff, 0xc8, 0x98, 0x00, 0xff,
    0xc8, 0x98, 0x00, 0xff, 0xd0, 0x98, 0x00, 0xff, 0xd0, 0x98, 0x00, 0xff,
    0xc8, 0x98, 0x00, 0xff, 0xd0, 0x98, 0x00, 0xff, 0xc8, 0x98, 0x00, 0xff,
    0xd0, 0x9c, 0x00, 0xff, 0xd0, 0x98, 0x00, 0xff, 0xc8, 0x98, 0x00, 0xff,
    0xd0, 0x9c, 0x00, 0xff, 0xd0, 0x98, 0x00, 0xff, 0xc8, 0x98, 0x00, 0xff,
    0xd0, 0x9c, 0x00, 0xff, 0xc8, 0x98, 0x00, 0xff, 0xc8, 0x98, 0x00, 0xff,
    0xd0, 0x98, 0x00, 0xff, 0xc8, 0x9c, 0x00, 0xff, 0xc8, 0x98, 0x00, 0xff,
    0xd0, 0x98, 0x00, 0xff, 0xd0, 0x98, 0x00, 0xff, 0xc8, 0x98, 0x00, 0xff,
    0xd0, 0x9c, 0x00, 0xff, 0xc8, 0x98, 0x00, 0xff, 0xd0, 0x98, 0x00, 0xff,
    0xd0, 0x9c, 0x00, 0xff, 0xc8, 0x98, 0x00, 0xff, 0xd0, 0x98, 0x00, 0xff,
    0xd0, 0x9c, 0x00, 0xff, 0xc8, 0x98, 0x00, 0xff, 0xd0, 0x98, 0x00, 0xff,
    0xd0, 0x98, 0x00, 0xff, 0xc8, 0x9c, 0x00, 0xff, 0xd0, 0x98, 0x00, 0xff,
    0xd0, 0x98, 0x00, 0xff, 0xc8, 0x9c, 0x00, 0xff, 0xd0, 0x98, 0x00, 0xff,
    0xd0, 0x9c, 0x00, 0xff, 0xc8, 0x98, 0x00, 0xff, 0xd0, 0x9c, 0x00, 0xff,
    0xd0, 0x98, 0x00, 0xff, 0xc8, 0x9c, 0x00, 0xff, 0xd0, 0x98, 0x00, 0xff,
    0xd0, 0x98, 0x00, 0xff, 0xc8, 0x98, 0x00, 0xff, 0xc8, 0x9c, 0x00, 0xff,
    0xd0, 0x98, 0x00, 0xff, 0xc8, 0x98, 0x00, 0xff, 0xc8, 0x9c, 0x00, 0xff,
    0xd0, 0x98, 0x00, 0xff, 0xc8, 0x98, 0x00, 0xff, 0xd0, 0x9c, 0x00, 0xff,
    0xc8, 0x98, 0x00, 0xff, 0xd0, 0x98, 0x00, 0xff, 0xd0, 0x98, 0x00, 0xff,
    0xc8, 0x98, 0x00, 0xff, 0xd0, 0x9c, 0x00, 0xff, 0xc8, 0x98, 0x00, 0xff,
    0xc8, 0x98, 0x00, 0xff, 0xd0, 0x9c, 0x00, 0xff, 0xc8, 0x98, 0x00, 0xff,
    0xd0, 0x98, 0x00, 0xff, 0xd0, 0x9c, 0x00, 0xff, 0xc8, 0x98, 0x00, 0xff,
    0xd0, 0x98, 0x00, 0xff, 0xc8, 0x9c, 0x00, 0xff, 0xc8, 0x98, 0x00, 0xff,
    0xd0, 0x98, 0x00, 0xff, 0xc8, 0x98, 0x00, 0xff, 0xd0, 0x98, 0x00, 0xff,
    0xc8, 0x98, 0x00, 0xff, 0xd0, 0x98, 0x00, 0xff, 0xc8, 0x98, 0x00, 0xff,
    0xd0, 0x9c, 0x00, 0xff, 0xd0, 0x98, 0x00, 0xff, 0xc8, 0x98, 0x00, 0xff,
    0xc8, 0x98, 0x00, 0xff, 0xd0, 0x9c, 0x00, 0xff, 0xc8, 0x98, 0x00, 0xff,
    0xc8, 0x98, 0x00, 0xff, 0xd0, 0x98, 0x00, 0xff, 0xc8, 0x98, 0x00, 0xff,
    0xd0, 0x98, 0x00, 0xff, 0xd0, 0x98, 0x00, 0xff, 0xc8, 0x9c, 0x00, 0xff,
    0xd0, 0x98, 0x00, 0xff, 0xd0, 0x98, 0x00, 0xff, 0xc8, 0x98, 0x00, 0xff,
    0xc8, 0x98, 0x00, 0xff, 0xd0, 0x98, 0x00, 0xff, 0xc8, 0x9c, 0x00, 0xff,
    0xc8, 0x98, 0x00, 0xff, 0xd0, 0x98, 0x00, 0xff, 0xc8, 0x98, 0x00, 0xff,
    0xc8, 0x98, 0x00, 0xff, 0xd0, 0x98, 0x00, 0xff, 0xc8, 0x98, 0x00, 0xff,
    0xc8, 0x98, 0x00, 0xff, 0xd0, 0x98, 0x00, 0xff, 0xc8, 0x9c, 0x00, 0xff,
    0xc8, 0x98, 0x00, 0xff, 0xd0, 0x98, 0x00, 0xff, 0xc8, 0x98, 0x00, 0xff,
    0xd0, 0x98, 0x00, 0xff, 0xd0, 0x98, 0x00, 0xff, 0xc8, 0x98, 0x00, 0xff,
    0xd0, 0x9c, 0x00, 0xff, 0xc8, 0x98, 0x00, 0xff, 0x00, 0x00, 0x00, 0xff,
    0x00, 0x00, 0x00, 0xff, 0x00, 0x00, 0x00, 0xff, 0x00, 0x00, 0x00, 0xff,
    0xc8, 0x98, 0x00, 0xff, 0xd0, 0x98, 0x00, 0xff, 0xc8, 0x98, 0x00, 0xff,
    0xd0, 0x98, 0x00, 0xff, 0xd0, 0x9c, 0x00, 0xff, 0xc8, 0x98, 0x00, 0xff,
    0xc8, 0x9c, 0x00, 0xff, 0xd0, 0x98, 0x00, 0xff, 0xc8, 0x9c, 0x00, 0xff,
    0xc8, 0x98, 0x00, 0xff, 0xd0, 0x9c, 0x00, 0xff, 0xc8, 0x98, 0x00, 0xff,
    0xd0, 0x98, 0x00, 0xff, 0xc8, 0x9c, 0x00, 0xff, 0xc8, 0x98, 0x00, 0xff,
    0xd0, 0x98, 0x00, 0xff, 0xd0, 0x98, 0x00, 0xff, 0xc8, 0x98, 0x00, 0xff,
    0xd0, 0x98, 0x00, 0xff, 0xc8, 0x98, 0x00, 0xff, 0xc8, 0x98, 0x00, 0xff,
    0xd0, 0x98, 0x00, 0xff, 0xd0, 0x9c, 0x00, 0xff, 0xc8, 0x98, 0x00, 0xff,
    0xd0, 0x98, 0x00, 0xff, 0xd0, 0x98, 0x00, 0xff, 0xc8, 0x9c, 0x00, 0xff,
    0xd0, 0x98, 0x00, 0xff, 0xd0, 0x98, 0x00, 0xff, 0xc8, 0x98, 0x00, 0xff,
    0xc8, 0x9c, 0x00, 0xff, 0xd0, 0x98, 0x00, 0xff, 0xc8, 0x98, 0x00, 0xff,
    0xd0, 0x98, 0x00, 0xff, 0xc8, 0x98, 0x00, 0xff, 0xd0, 0x98, 0x00, 0xff,
    0xc8, 0x98, 0x00, 0xff, 0xc8, 0x98, 0x00, 0xff, 0xd0, 0x98, 0x00, 0xff,
    0xc8, 0x98, 0x00, 0xff, 0xc8, 0x9c, 0x00, 0xff, 0xd0, 0x98, 0x00, 0xff,
    0xc8, 0x98, 0x00, 0xff, 0xc8, 0x9c, 0x00, 0xff, 0xd0, 0x98, 0x00, 0xff,
    0xc8, 0x98, 0x00, 0xff, 0xc8, 0x98, 0x00, 0xff, 0xd0, 0x98, 0x00, 0xff,
    0xc8, 0x98, 0x00, 0xff, 0xc8, 0x98, 0x00, 0xff, 0xd0, 0x9c, 0x00, 0xff,
    0xc8, 0x98, 0x00, 0xff, 0xc8, 0x98, 0x00, 0xff, 0xd0, 0x98, 0x00, 0xff,
    0xc8, 0x9c, 0x00, 0xff, 0xd0, 0x98, 0x00, 0xff, 0xd0, 0x98, 0x00, 0xff,
    0xd0, 0x98, 0x00, 0xff, 0xc8, 0x98, 0x00, 0xff, 0xd0, 0x98, 0x00, 0xff,
    0xd0, 0x9c, 0x00, 0xff, 0xc8, 0x98, 0x00, 0xff, 0xc8, 0x98, 0x00, 0xff,
    0xd0, 0x98, 0x00, 0xff, 0xc8, 0x98, 0x00, 0xff, 0xc8, 0x9c, 0x00, 0xff,
    0xd0, 0x98, 0x00, 0xff, 0xc8, 0x98, 0x00, 0xff, 0xd0, 0x98, 0x00, 0xff,
    0xd0, 0x98, 0x00, 0xff, 0xc8, 0x98, 0x00, 0xff, 0xd0, 0x98, 0x00, 0xff,
    0xc8, 0x98, 0x00, 0xff, 0xc8, 0x9c, 0x00, 0xff, 0xd0, 0x98, 0x00, 0xff,
    0xc8, 0x98, 0x00, 0xff, 0xd0, 0x98, 0x00, 0xff, 0xd0, 0x98, 0x00, 0xff,
    0xc8, 0x98, 0x00, 0xff, 0xd0, 0x9c, 0x00, 0xff, 0xc8, 0x98, 0x00, 0xff,
    0xd0, 0x98, 0x00, 0xff, 0xd0, 0x9c, 0x00, 0xff, 0xc8, 0x98, 0x00, 0xff,
    0xc8, 0x98, 0x00, 0xff, 0xd0, 0x98, 0x00, 0xff, 0xd0, 0x98, 0x00, 0xff,
    0xc8, 0x98, 0x00, 0xff, 0xd0, 0x98, 0x00, 0xff, 0xd0, 0x9c, 0x00, 0xff,
    0xc8, 0x98, 0x00, 0xff, 0xd0, 0x98, 0x00, 0xff, 0xc8, 0x9c, 0x00, 0xff,
    0xc8, 0x98, 0x00, 0xff, 0xd0, 0x98, 0x00, 0xff, 0xc8, 0x9c, 0x00, 0xff,
    0xc8, 0x98, 0x00, 0xff, 0xd0, 0x98, 0x00, 0xff, 0xd0, 0x9c, 0x00, 0xff,
    0xc8, 0x98, 0x00, 0xff, 0xd0, 0x98, 0x00, 0xff, 0xd0, 0x9c, 0x00, 0xff,
    0xc8, 0x98, 0x00, 0xff, 0xd0, 0x98, 0x00, 0xff, 0xc8, 0x98, 0x00, 0xff,
    0xd0, 0x9c, 0x00, 0xff, 0xd0, 0x98, 0x00, 0xff, 0xc8, 0x9c, 0x00, 0xff,
    0xd0, 0x9c, 0x00, 0xff, 0xc8, 0x98, 0x00, 0xff, 0xd0, 0x98, 0x00, 0xff,
    0xd0, 0x98, 0x00, 0xff, 0xc8, 0x98, 0x00, 0xff, 0xd0, 0x9c, 0x00, 0xff,
    0xc8, 0x98, 0x00, 0xff, 0xc8, 0x9c, 0x00, 0xff, 0xd0, 0x98, 0x00, 0xff,
    0xc8, 0x98, 0x00, 0xff, 0xc8, 0x98, 0x00, 0xff, 0xd0, 0x9c, 0x00, 0xff,
    0x00, 0x00, 0x00, 0xff, 0x00, 0x00, 0x00, 0xff, 0x00, 0x00, 0x00, 0xff,
    0x00, 0x00, 0x00, 0xff, 0xc8, 0x98, 0x00, 0xff, 0xd0, 0x9c, 0x00, 0xff,
    0xc8, 0x98, 0x00, 0xff, 0xc8, 0x98, 0x00, 0xff, 0xd0, 0x98, 0x00, 0xff,
    0xd0, 0x98, 0x00, 0xff, 0xc8, 0x98, 0x00, 0xff, 0xd0, 0x98, 0x00, 0xff,
    0xd0, 0x98, 0x00, 0xff, 0xc8, 0x9c, 0x00, 0xff, 0xc8, 0x98, 0x00, 0xff,
    0xd0, 0x98, 0x00, 0xff, 0xd0, 0x9c, 0x00, 0xff, 0xc8, 0x98, 0x00, 0xff,
    0xd0, 0x98, 0x00, 0xff, 0xc8, 0x9c, 0x00, 0xff, 0xc8, 0x9c, 0x00, 0xff,
    0xd0, 0x98, 0x00, 0xff, 0xd0, 0x9c, 0x00, 0xff, 0xc8, 0x98, 0x00, 0xff,
    0xc8, 0x98, 0x00, 0xff, 0xd0, 0x9c, 0x00, 0xff, 0xc8, 0x98, 0x00, 0xff,
    0xc8, 0x98, 0x00, 0xff, 0xd0, 0x98, 0x00, 0xff, 0xc8, 0x98, 0x00, 0xff,
    0xc8, 0x98, 0x00, 0xff, 0xd0, 0x9c, 0x00, 0xff, 0xd0, 0x98, 0x00, 0xff,
    0xc8, 0x98, 0x00, 0xff, 0xd0, 0x98, 0x00, 0xff, 0xd0, 0x9c, 0x00, 0xff,
    0xc8, 0x98, 0x00, 0xff, 0xc8, 0x9c, 0x00, 0xff, 0xd0, 0x98, 0x00, 0xff,
    0xd0, 0x9c, 0x00, 0xff, 0xc8, 0x98, 0x00, 0xff, 0xd0, 0x9c, 0x00, 0xff,
    0xd0, 0x98, 0x00, 0xff, 0xc8, 0x98, 0x00, 0xff, 0xd0, 0x98, 0x00, 0xff,
    0xd0, 0x98, 0x00, 0xff, 0xc8, 0x98, 0x00, 0xff, 0xd0, 0x98, 0x00, 0xff,
    0xd0, 0x98, 0x00, 0xff, 0xc8, 0x9c, 0x00, 0xff, 0xd0, 0x98, 0x00, 0xff,
    0xd0, 0x98, 0x00, 0xff, 0xc8, 0x9c, 0x00, 0xff, 0xd0, 0x98, 0x00, 0xff,
    0xd0, 0x98, 0x00, 0xff, 0xc8, 0x98, 0x00, 0xff, 0xd0, 0x98, 0x00, 0xff,
    0xc8, 0x98, 0x00, 0xff, 0xc8, 0x9c, 0x00, 0xff, 0xc8, 0x98, 0x00, 0xff,
    0xd0, 0x98, 0x00, 0xff, 0xc8, 0x9c, 0x00, 0xff, 0xc8, 0x98, 0x00, 0xff,
    0xd0, 0x98, 0x00, 0xff, 0xd0, 0x98, 0x00, 0xff, 0xc8, 0x9c, 0x00, 0xff,
    0xd0, 0x98, 0x00, 0xff, 0xd0, 0x98, 0x00, 0xff, 0xc8, 0x9c, 0x00, 0xff,
    0xd0, 0x98, 0x00, 0xff, 0xc8, 0x98, 0x00, 0xff, 0xd0, 0x9c, 0x00, 0xff,
    0xc8, 0x98, 0x00, 0xff, 0xd0, 0x9c, 0x00, 0xff, 0xc8, 0x9c, 0x00, 0xff,
    0xd0, 0x98, 0x00, 0xff, 0xd0, 0x98, 0x00, 0xff, 0xc8, 0x98, 0x00, 0xff,
    0xc8, 0x98, 0x00, 0xff, 0xd0, 0x9c, 0x00, 0xff, 0xc8, 0x98, 0x00, 0xff,
    0xc8, 0x98, 0x00, 0xff, 0xd0, 0x9c, 0x00, 0xff, 0xc8, 0x98, 0x00, 0xff,
    0xd0, 0x98, 0x00, 0xff, 0xc8, 0x9c, 0x00, 0xff, 0xc8, 0x98, 0x00, 0xff,
    0xd0, 0x98, 0x00, 0xff, 0xc8, 0x9c, 0x00, 0xff, 0xc8, 0x98, 0x00, 0xff,
    0xd0, 0x9c, 0x00, 0xff, 0xc8, 0x98, 0x00, 0xff, 0xc8, 0x98, 0x00, 0xff,
    0xd0, 0x98, 0x00, 0xff, 0xc8, 0x98, 0x00, 0xff, 0xd0, 0x9c, 0x00, 0xff,
    0xd0, 0x98, 0x00, 0xff, 0xc8, 0x98, 0x00, 0xff, 0xd0, 0x9c, 0x00, 0xff,
    0xc8, 0x98, 0x00, 0xff, 0xd0, 0x98, 0x00, 0xff, 0xc8, 0x98, 0x00, 0xff,
    0xc8, 0x9c, 0x00, 0xff, 0xd0, 0x98, 0x00, 0xff, 0xc8, 0x98, 0x00, 0xff,
    0xc8, 0x98, 0x00, 0xff, 0xd0, 0x98, 0x00, 0xff, 0xc8, 0x98, 0x00, 0xff,
    0xd0, 0x9c, 0x00, 0xff, 0xc8, 0x98, 0x00, 0xff, 0xc8, 0x98, 0x00, 0xff,
    0xd0, 0x98, 0x00, 0xff, 0xd0, 0x98, 0x00, 0xff, 0xc8, 0x9c, 0x00, 0xff,
    0xc8, 0x98, 0x00, 0xff, 0xd0, 0x98, 0x00, 0xff, 0xc8, 0x9c, 0x00, 0xff,
    0xd0, 0x98, 0x00, 0xff, 0xd0, 0x98, 0x00, 0xff, 0xc8, 0x98, 0x00, 0xff,
    0xd0, 0x9c, 0x00, 0xff, 0xd0, 0x98, 0x00, 0xff, 0xc8, 0x98, 0x00, 0xff,
    0xd0, 0x98, 0x00, 0xff, 0x00, 0x00, 0x00, 0xff, 0x00, 0x00, 0x00, 0xff,
    0x00, 0x00, 0x00, 0xff, 0x00, 0x00, 0x00, 0xff, 0xd0, 0x98, 0x00, 0xff,
    0xc8, 0x98, 0x00, 0xff, 0xd0, 0x9c, 0x00, 0xff, 0xc8, 0x98, 0x00, 0xff,
    0xc8, 0x98, 0x00, 0xff, 0xd0, 0x9c, 0x00, 0xff, 0xc8, 0x98, 0x00, 0xff,
    0xc8, 0x98, 0x00, 0xff, 0xd0, 0x98, 0x00, 0xff, 0xd0, 0x98, 0x00, 0xff,
    0xc8, 0x98, 0x00, 0xff, 0xd0, 0x98, 0x00, 0xff, 0xc8, 0x98, 0x00, 0xff,
    0xd0, 0x98, 0x00, 0xff, 0xd0, 0x98, 0x00, 0xff, 0xc8, 0x98, 0x00, 0xff,
    0xc8, 0x98, 0x00, 0xff, 0xd0, 0x98, 0x00, 0xff, 0xc8, 0x9c, 0x00, 0xff,
    0xd0, 0x98, 0x00, 0xff, 0xd0, 0x98, 0x00, 0xff, 0xc8, 0x98, 0x00, 0xff,
    0xd0, 0x98, 0x00, 0xff, 0xc8, 0x9c, 0x00, 0xff, 0xd0, 0x98, 0x00, 0xff,
    0xc8, 0x98, 0x00, 0xff, 0xd0, 0x98, 0x00, 0xff, 0xc8, 0x98, 0x00, 0xff,
    0xc8, 0x9c, 0x00, 0xff, 0xd0, 0x98, 0x00, 0xff, 0xc8, 0x98, 0x00, 0xff,
    0xd0, 0x98, 0x00, 0xff, 0xd0, 0x98, 0x00, 0xff, 0xc8, 0x98, 0x00, 0xff,
    0xd0, 0x9c, 0x00, 0xff, 0xc8, 0x98, 0x00, 0xff, 0xc8, 0x98, 0x00, 0xff,
    0xd0, 0x98, 0x00, 0xff, 0xc8, 0x9c, 0x00, 0xff, 0xc8, 0x98, 0x00, 0xff,
    0xd0, 0x9c, 0x00, 0xff, 0xc8, 0x98, 0x00, 0xff, 0xc8, 0x9c, 0x00, 0xff,
    0xd0, 0x98, 0x00, 0xff, 0xc8, 0x98, 0x00, 0xff, 0xc8, 0x9c, 0x00, 0xff,
    0xd0, 0x98, 0x00, 0xff, 0xc8, 0x98, 0x00, 0xff, 0xc8, 0x9c, 0x00, 0xff,
    0xd0, 0x98, 0x00, 0xff, 0xc8, 0x98, 0x00, 0xff, 0xd0, 0x9c, 0x00, 0xff,
    0xd0, 0x98, 0x00, 0xff, 0xd0, 0x98, 0x00, 0xff, 0xc8, 0x98, 0x00, 0xff,
    0xd0, 0x98, 0x00, 0xff, 0xc8, 0x9c, 0x00, 0xff, 0xd0, 0x98, 0x00, 0xff,
    0xc8, 0x9c, 0x00, 0xff, 0xc8, 0x98, 0x00, 0xff, 0xd0, 0x98, 0x00, 0xff,
    0xc8, 0x98, 0x00, 0xff, 0xc8, 0x9c, 0x00, 0xff, 0xd0, 0x98, 0x00, 0xff,
    0xd0, 0x98, 0x00, 0xff, 0xc8, 0x98, 0x00, 0xff, 0xd0, 0x98, 0x00, 0xff,
    0xc8, 0x9c, 0x00, 0xff, 0xd0, 0x98, 0x00, 0xff, 0xc8, 0x98, 0x00, 0xff,
    0xc8, 0x98, 0x00, 0xff, 0xd0, 0x98, 0x00, 0xff, 0xd0, 0x9c, 0x00, 0xff,
    0xc8, 0x98, 0x00, 0xff, 0xd0, 0x98, 0x00, 0xff, 0xd0, 0x9c, 0x00, 0xff,
    0xc8, 0x98, 0x00, 0xff, 0xd0, 0x98, 0x00, 0xff, 0xd0, 0x98, 0x00, 0xff,
    0xc8, 0x98, 0x00, 0xff, 0xd0, 0x98, 0x00, 0xff, 0xc8, 0x9c, 0x00, 0xff,
    0xd0, 0x98, 0x00, 0xff, 0xd0, 0x98, 0x00, 0xff, 0xc8, 0x98, 0x00, 0xff,
    0xd0, 0x9c, 0x00, 0xff, 0xd0, 0x98, 0x00, 0xff, 0xc8, 0x98, 0x00, 0xff,
    0xd0, 0x9c, 0x00, 0xff, 0xc8, 0x98, 0x00, 0xff, 0xc8, 0x98, 0x00, 0xff,
    0xd0, 0x98, 0x00, 0xff, 0xc8, 0x98, 0x00, 0xff, 0xd0, 0x98, 0x00, 0xff,
    0xc8, 0x98, 0x00, 0xff, 0xd0, 0x98, 0x00, 0xff, 0xd0, 0x98, 0x00, 0xff,
    0xc8, 0x9c, 0x00, 0xff, 0xd0, 0x98, 0x00, 0xff, 0xd0, 0x98, 0x00, 0xff,
    0xc8, 0x9c, 0x00, 0xff, 0xd0, 0x98, 0x00, 0xff, 0xd0, 0x98, 0x00, 0xff,
    0xc8, 0x9c, 0x00, 0xff, 0xd0, 0x98, 0x00, 0xff, 0xc8, 0x98, 0x00, 0xff,
    0xc8, 0x98, 0x00, 0xff, 0xd0, 0x98, 0x00, 0xff, 0xc8, 0x98, 0x00, 0xff,
    0xd0, 0x98, 0x00, 0xff, 0xc8, 0x9c, 0x00, 0xff, 0xd0, 0x98, 0x00, 0xff,
    0xc8, 0x98, 0x00, 0xff, 0xc8, 0x98, 0x00, 0xff, 0xd0, 0x98, 0x00, 0xff,
    0xc8, 0x98, 0x00, 0xff, 0xc8, 0x9c, 0x00, 0xff, 0xd0, 0x98, 0x00, 0xff,
    0xc8, 0x98, 0x00, 0xff, 0xc8, 0x98, 0x00, 0xff, 0x00, 0x00, 0x00, 0xff,
    0x00, 0x00, 0x00, 0xff, 0x00, 0x00, 0x00, 0xff, 0x00, 0x00, 0x00, 0xff,
    0xc8, 0x98, 0x00, 0xff, 0xd0, 0x98, 0x00, 0xff, 0xd0, 0x98, 0x00, 0xff,
    0xd0, 0x9c, 0x00, 0xff, 0xc8, 0x98, 0x00, 0xff, 0xd0, 0x98, 0x00, 0xff,
    0xd0, 0x9c, 0x00, 0xff, 0xc8, 0x98, 0x00, 0xff, 0xc8, 0x9c, 0x00, 0xff,
    0xd0, 0x98, 0x00, 0xff, 0xc8, 0x9c, 0x00, 0xff, 0xc8, 0x9c, 0x00, 0xff,
    0xd0, 0x98, 0x00, 0xff, 0xc8, 0x9c, 0x00, 0xff, 0xc8, 0x98, 0x00, 0xff,
    0xd0, 0x98, 0x00, 0xff, 0xd0, 0x98, 0x00, 0xff, 0xc8, 0x98, 0x00, 0xff,
    0xc8, 0x98, 0x00, 0xff, 0xd0, 0x9c, 0x00, 0xff, 0xc8, 0x98, 0x00, 0xff,
    0xd0, 0x98, 0x00, 0xff, 0xc8, 0x9c, 0x00, 0xff, 0xd0, 0x98, 0x00, 0xff,
    0xc8, 0x9c, 0x00, 0xff, 0xd0, 0x98, 0x00, 0xff, 0xd0, 0x9c, 0x00, 0xff,
    0xc8, 0x98, 0x00, 0xff, 0xd0, 0x98, 0x00, 0xff, 0xc8, 0x9c, 0x00, 0xff,
    0xc8, 0x98, 0x00, 0xff, 0xd0, 0x98, 0x00, 0xff, 0xc8, 0x9c, 0x00, 0xff,
    0xc8, 0x98, 0x00, 0xff, 0xd0, 0x98, 0x00, 0xff, 0xd0, 0x98, 0x00, 0xff,
    0xc8, 0x98, 0x00, 0xff, 0xd0, 0x98, 0x00, 0xff, 0xc8, 0x98, 0x00, 0xff,
    0xd0, 0x9c, 0x00, 0xff, 0xd0, 0x98, 0x00, 0xff, 0xc8, 0x98, 0x00, 0xff,
    0xd0, 0x98, 0x00, 0xff, 0xd0, 0x9c, 0x00, 0xff, 0xc8, 0x98, 0x00, 0xff,
    0xd0, 0x98, 0x00, 0xff, 0xd0, 0x98, 0x00, 0xff, 0xc8, 0x98, 0x00, 0xff,
    0xd0, 0x98, 0x00, 0xff, 0xc8, 0x98, 0x00, 0xff, 0xc8, 0x9c, 0x00, 0xff,
    0xc8, 0x98, 0x00, 0xff, 0xd0, 0x98, 0x00, 0xff, 0xc8, 0x9c, 0x00, 0xff,
    0xd0, 0x98, 0x00, 0xff, 0xd0, 0x98, 0x00, 0xff, 0xc8, 0x98, 0x00, 0xff,
    0xd0, 0x98, 0x00, 0xff, 0xd0, 0x98, 0x00, 0xff, 0xc8, 0x9c, 0x00, 0xff,
    0xd0, 0x98, 0x00, 0xff, 0xd0, 0x98, 0x00, 0xff, 0xc8, 0x98, 0x00, 0xff,
    0xc8, 0x9c, 0x00, 0xff, 0xd0, 0x98, 0x00, 0xff, 0xc8, 0x98, 0x00, 0xff,
    0xc8, 0x9c, 0x00, 0xff, 0xd0, 0x98, 0x00, 0xff, 0xd0, 0x98, 0x00, 0xff,
    0xc8, 0x98, 0x00, 0xff, 0xd0, 0x98, 0x00, 0xff, 0xc8, 0x9c, 0x00, 0xff,
    0xc8, 0x98, 0x00, 0xff, 0xd0, 0x98, 0x00, 0xff, 0xc8, 0x98, 0x00, 0xff,
    0xc8, 0x98, 0x00, 0xff, 0xd0, 0x9c, 0x00, 0xff, 0xc8, 0x98, 0x00, 0xff,
    0xc8, 0x98, 0x00, 0xff, 0xd0, 0x9c, 0x00, 0xff, 0xc8, 0x98, 0x00, 0xff,
    0xd0, 0x98, 0x00, 0xff, 0xc8, 0x98, 0x00, 0xff, 0xd0, 0x98, 0x00, 0xff,
    0xc8, 0x98, 0x00, 0xff, 0xc8, 0x98, 0x00, 0xff, 0xd0, 0x98, 0x00, 0xff,
    0xc8, 0x98, 0x00, 0xff, 0xd0, 0x9c, 0x00, 0xff, 0xd0, 0x98, 0x00, 0xff,
    0xc8, 0x9c, 0x00, 0xff, 0xd0, 0x98, 0x00, 0xff, 0xc8, 0x9c, 0x00, 0xff,
    0xc8, 0x9c, 0x00, 0xff, 0xd0, 0x98, 0x00, 0xff, 0xc8, 0x98, 0x00, 0xff,
    0xc8, 0x9c, 0x00, 0xff, 0xd0, 0x98, 0x00, 0xff, 0xc8, 0x98, 0x00, 0xff,
    0xc8, 0x98, 0x00, 0xff, 0xd0, 0x9c, 0x00, 0xff, 0xc8, 0x98, 0x00, 0xff,
    0xc8, 0x98, 0x00, 0xff, 0xd0, 0x9c, 0x00, 0xff, 0xd0, 0x98, 0x00, 0xff,
    0xd0, 0x98, 0x00, 0xff, 0xc8, 0x9c, 0x00, 0xff, 0xd0, 0x9c, 0x00, 0xff,
    0xc8, 0x98, 0x00, 0xff, 0xd0, 0x98, 0x00, 0xff, 0xd0, 0x98, 0x00, 0xff,
    0xc8, 0x98, 0x00, 0xff, 0xd0, 0x9c, 0x00, 0xff, 0xd0, 0x98, 0x00, 0xff,
    0xc8, 0x9c, 0x00, 0xff, 0xd0, 0x98, 0x00, 0xff, 0xd0, 0x98, 0x00, 0xff,
    0xc8, 0x9c, 0x00, 0xff, 0xd0, 0x98, 0x00, 0xff, 0xd0, 0x9c, 0x00, 0xff,
    0x00, 0x00, 0x00, 0xff, 0x00, 0x00, 0x00, 0xff, 0x00, 0x00, 0x00, 0xff,
    0x00, 0x00, 0x00, 0xff, 0xc8, 0x98, 0x00, 0xff, 0xc8, 0x98, 0x00, 0xff,
    0xd0, 0x98, 0x00, 0xff, 0xc8, 0x98, 0x00, 0xff, 0xc8, 0x98, 0x00, 0xff,
    0xd0, 0x98, 0x00, 0xff, 0xd0, 0x98, 0x00, 0xff, 0xc8, 0x98, 0x00, 0xff,
    0xd0, 0x98, 0x00, 0xff, 0xd0, 0x98, 0x00, 0xff, 0xc8, 0x98, 0x00, 0xff,
    0xd0, 0x98, 0x00, 0xff, 0xd0, 0x98, 0x00, 0xff, 0xc8, 0x9c, 0x00, 0xff,
    0xd0, 0x98, 0x00, 0xff, 0xd0, 0x9c, 0x00, 0xff, 0xc8, 0x9c, 0x00, 0xff,
    0xd0, 0x98, 0x00, 0xff, 0xd0, 0x98, 0x00, 0xff, 0xc8, 0x98, 0x00, 0xff,
    0xd0, 0x9c, 0x00, 0xff, 0xc8, 0x98, 0x00, 0xff, 0xd0, 0x98, 0x00, 0xff,
    0xc8, 0x98, 0x00, 0xff, 0xc8, 0x98, 0x00, 0xff, 0xd0, 0x98, 0x00, 0xff,
    0xc8, 0x98, 0x00, 0xff, 0xd0, 0x98, 0x00, 0xff, 0xd0, 0x98, 0x00, 0xff,
    0xc8, 0x98, 0x00, 0xff, 0xd0, 0x9c, 0x00, 0xff, 0xd0, 0x98, 0x00, 0xff,
    0xc8, 0x98, 0x00, 0xff, 0xd0, 0x9c, 0x00, 0xff, 0xc8, 0x98, 0x00, 0xff,
    0xc8, 0x9c, 0x00, 0xff, 0xd0, 0x9c, 0x00, 0xff, 0xc8, 0x98, 0x00, 0xff,
    0xd0, 0x98, 0x00, 0xff, 0xc8, 0x98, 0x00, 0xff, 0xc8, 0x98, 0x00, 0xff,
    0xd0, 0x98, 0x00, 0xff, 0xc8, 0x98, 0x00, 0xff, 0xc8, 0x98, 0x00, 0xff,
    0xd0, 0x9c, 0x00, 0xff, 0xc8, 0x98, 0x00, 0xff, 0xc8, 0x9c, 0x00, 0xff,
    0xd0, 0x98, 0x00, 0xff, 0xd0, 0x98, 0x00, 0xff, 0xd0, 0x9c, 0x00, 0xff,
    0xc8, 0x98, 0x00, 0xff, 0xd0, 0x98, 0x00, 0xff, 0xc8, 0x98, 0x00, 0xff,
    0xc8, 0x9c, 0x00, 0xff, 0xd0, 0x98, 0x00, 0xff, 0xc8, 0x9c, 0x00, 0xff,
    0xc8, 0x98, 0x00, 0xff, 0xd0, 0x98, 0x00, 0xff, 0xc8, 0x98, 0x00, 0xff,
    0xc8, 0x98, 0x00, 0xff, 0xd0, 0x9c, 0x00, 0xff, 0xc8, 0x98, 0x00, 0xff,
    0xd0, 0x98, 0x00, 0xff, 0xd0, 0x98, 0x00, 0xff, 0xc8, 0x9c, 0x00, 0xff,
    0xd0, 0x98, 0x00, 0xff, 0xc8, 0x98, 0x00, 0xff, 0xd0, 0x98, 0x00, 0xff,
    0xc8, 0x9c, 0x00, 0xff, 0xd0, 0x98, 0x00, 0xff, 0xd0, 0x98, 0x00, 0xff,
    0xc8, 0x98, 0x00, 0xff, 0xd0, 0x9c, 0x00, 0xff, 0xd0, 0x98, 0x00, 0xff,
    0xc8, 0x98, 0x00, 0xff, 0xd0, 0x98, 0x00, 0xff, 0xd0, 0x9c, 0x00, 0xff,
    0xc8, 0x98, 0x00, 0xff, 0xd0, 0x98, 0x00, 0xff, 0xc8, 0x9c, 0x00, 0xff,
    0xd0, 0x98, 0x00, 0xff, 0xc8, 0x98, 0x00, 0xff, 0xc8, 0x9c, 0x00, 0xff,
    0xd0, 0x9c, 0x00, 0xff, 0xd0, 0x98, 0x00, 0xff, 0xc8, 0x9c, 0x00, 0xff,
    0xd0, 0x98, 0x00, 0xff, 0xc8, 0x98, 0x00, 0xff, 0xc8, 0x98, 0x00, 0xff,
    0xd0, 0x98, 0x00, 0xff, 0xd0, 0x98, 0x00, 0xff, 0xc8, 0x98, 0x00, 0xff,
    0xd0, 0x98, 0x00, 0xff, 0xd0, 0x98, 0x00, 0xff, 0xc8, 0x98, 0x00, 0xff,
    0xd0, 0x9c, 0x00, 0xff, 0xd0, 0x98, 0x00, 0xff, 0xc8, 0x98, 0x00, 0xff,
    0xd0, 0x98, 0x00, 0xff, 0xc8, 0x98, 0x00, 0xff, 0xd0, 0x98, 0x00, 0xff,
    0xd0, 0x98, 0x00, 0xff, 0xc8, 0x98, 0x00, 0xff, 0xc8, 0x98, 0x00, 0xff,
    0xd0, 0x98, 0x00, 0xff, 0xc8, 0x98, 0x00, 0xff, 0xd0, 0x98, 0x00, 0xff,
    0xc8, 0x98, 0x00, 0xff, 0xd0, 0x9c, 0x00, 0xff, 0xc8, 0x98, 0x00, 0xff,
    0xc8, 0x98, 0x00, 0xff, 0xd0, 0x9c, 0x00, 0xff, 0xc8, 0x98, 0x00, 0xff,
    0xc8, 0x98, 0x00, 0xff, 0xd0, 0x98, 0x00, 0xff, 0xc8, 0x98, 0x00, 0xff,
    0xd0, 0x98, 0x00, 0xff, 0xc8, 0x98, 0x00, 0xff, 0xc8, 0x98, 0x00, 0xff,
    0xd0, 0x98, 0x00, 0xff, 0x00, 0x00, 0x00, 0xff, 0x00, 0x00, 0x00, 0xff,
    0x00, 0x00, 0x00, 0xff, 0x00, 0x00, 0x00, 0xff, 0xd0, 0x98, 0x00, 0xff,
    0xd0, 0x9c, 0x00, 0xff, 0xc8, 0x9c, 0x00, 0xff, 0xd0, 0x98, 0x00, 0xff,
    0xc8, 0x9c, 0x00, 0xff, 0xc8, 0x98, 0x00, 0xff, 0xd0, 0x9c, 0x00, 0xff,
    0xc8, 0x98, 0x00, 0xff, 0xc8, 0x98, 0x00, 0xff, 0xd0, 0x9c, 0x00, 0xff,
    0xc8, 0x98, 0x00, 0xff, 0xd0, 0x98, 0x00, 0xff, 0xc8, 0x98, 0x00, 0xff,
    0xc8, 0x98, 0x00, 0xff, 0xd0, 0x98, 0x00, 0xff, 0xc8, 0x98, 0x00, 0xff,
    0xc8, 0x98, 0x00, 0xff, 0xd0, 0x9c, 0x00, 0xff, 0xc8, 0x98, 0x00, 0xff,
    0xc8, 0x98, 0x00, 0xff, 0xd0, 0x98, 0x00, 0xff, 0xd0, 0x9c, 0x00, 0xff,
    0xc8, 0x98, 0x00, 0xff, 0xd0, 0x98, 0x00, 0xff, 0xd0, 0x9c, 0x00, 0xff,
    0xc8, 0x98, 0x00, 0xff, 0xc8, 0x98, 0x00, 0xff, 0xd0, 0x9c, 0x00, 0xff,
    0xc8, 0x98, 0x00, 0xff, 0xc8, 0x98, 0x00, 0xff, 0xd0, 0x98, 0x00, 0xff,
    0xc8, 0x98, 0x00, 0xff, 0xd0, 0x98, 0x00, 0xff, 0xd0, 0x98, 0x00, 0xff,
    0xc8, 0x98, 0x00, 0xff, 0xd0, 0x98, 0x00, 0xff, 0xd0, 0x98, 0x00, 0xff,
    0xc8, 0x98, 0x00, 0xff, 0xd0, 0x9c, 0x00, 0xff, 0xd0, 0x98, 0x00, 0xff,
    0xc8, 0x9c, 0x00, 0xff, 0xd0, 0x9c, 0x00, 0xff, 0xd0, 0x98, 0x00, 0xff,
    0xc8, 0x98, 0x00, 0xff, 0xd0, 0x98, 0x00, 0xff, 0xd0, 0x98, 0x00, 0xff,
    0xc8, 0x98, 0x00, 0xff, 0xc8, 0x9c, 0x00, 0xff, 0xd0, 0x98, 0x00, 0xff,
    0xc8, 0x98, 0x00, 0xff, 0xd0, 0x98, 0x00, 0xff, 0xd0, 0x98, 0x00, 0xff,
    0xc8, 0x9c, 0x00, 0xff, 0xd0, 0x98, 0x00, 0xff, 0xd0, 0x98, 0x00, 0xff,
    0xc8, 0x98, 0x00, 0xff, 0xd0, 0x9c, 0x00, 0xff, 0xd0, 0x98, 0x00, 0xff,
    0xc8, 0x9c, 0x00, 0xff, 0xd0, 0x98, 0x00, 0xff, 0xc8, 0x98, 0x00, 0xff,
    0xc8, 0x9c, 0x00, 0xff, 0xd0, 0x98, 0x00, 0xff, 0xc8, 0x98, 0x00, 0xff,
    0xd0, 0x98, 0x00, 0xff, 0xc8, 0x98, 0x00, 0xff, 0xd0, 0x98, 0x00, 0xff,
    0xc8, 0x9c, 0x00, 0xff, 0xc8, 0x98, 0x00, 0xff, 0xd0, 0x98, 0x00, 0xff,
    0xc8, 0x9c, 0x00, 0xff, 0xc8, 0x98, 0x00, 0xff, 0xd0, 0x98, 0x00, 0xff,
    0xc8, 0x9c, 0x00, 0xff, 0xc8, 0x98, 0x00, 0xff, 0xd0, 0x98, 0x00, 0xff,
    0xc8, 0x98, 0x00, 0xff, 0xd0, 0x98, 0x00, 0xff, 0xc8, 0x98, 0x00, 0xff,
    0xd0, 0x98, 0x00, 0xff, 0xd0, 0x98, 0x00, 0xff, 0xc8, 0x98, 0x00, 0xff,
    0xd0, 0x98, 0x00, 0xff, 0xc8, 0x98, 0x00, 0xff, 0xd0, 0x98, 0x00, 0xff,
    0xc8, 0x98, 0x00, 0xff, 0xd0, 0x9c, 0x00, 0xff, 0xd0, 0x98, 0x00, 0xff,
    0xc8, 0x98, 0x00, 0xff, 0xc8, 0x9c, 0x00, 0xff, 0xd0, 0x98, 0x00, 0xff,
    0xc8, 0x98, 0x00, 0xff, 0xc8, 0x9c, 0x00, 0xff, 0xd0, 0x98, 0x00, 0xff,
    0xc8, 0x98, 0x00, 0xff, 0xd0, 0x98, 0x00, 0xff, 0xc8, 0x98, 0x00, 0xff,
    0xd0, 0x9c, 0x00, 0xff, 0xc8, 0x98, 0x00, 0xff, 0xd0, 0x9c, 0x00, 0xff,
    0xc8, 0x98, 0x00, 0xff, 0xd0, 0x9c, 0x00, 0xff, 0xd0, 0x98, 0x00, 0xff,
    0xc8, 0x9c, 0x00, 0xff, 0xc8, 0x98, 0x00, 0xff, 0xd0, 0x9c, 0x00, 0xff,
    0xc8, 0x98, 0x00, 0xff, 0xd0, 0x98, 0x00, 0xff, 0xc8, 0x98, 0x00, 0xff,
    0xd0, 0x9c, 0x00, 0xff, 0xc8, 0x98, 0x00, 0xff, 0xd0, 0x98, 0x00, 0xff,
    0xd0, 0x98, 0x00, 0xff, 0xc8, 0x9c, 0x00, 0xff, 0xd0, 0x98, 0x00, 0xff,
    0xc8, 0x9c, 0x00, 0xff, 0xc8, 0x98, 0x00, 0xff, 0xd0, 0x98, 0x00, 0xff,
    0xc8, 0x9c, 0x00, 0xff, 0xc8, 0x98, 0x00, 0xff, 0x00, 0x00, 0x00, 0xff,
    0x00, 0x00, 0x00, 0xff, 0x00, 0x00, 0x00, 0xff, 0x00, 0x00, 0x00, 0xff,
    0xc8, 0x98, 0x00, 0xff, 0xd0, 0x98, 0x00, 0xff, 0xc8, 0x98, 0x00, 0xff,
    0xd0, 0x98, 0x00, 0xff, 0xd0, 0x98, 0x00, 0xff, 0xc8, 0x9c, 0x00, 0xff,
    0xd0, 0x98, 0x00, 0xff, 0xd0, 0x98, 0x00, 0xff, 0xc8, 0x9c, 0x00, 0xff,
    0xc8, 0x98, 0x00, 0xff, 0xd0, 0x98, 0x00, 0xff, 0xc8, 0x9c, 0x00, 0xff,
    0xd0, 0x98, 0x00, 0xff, 0xd0, 0x98, 0x00, 0xff, 0xc8, 0x9c, 0x00, 0xff,
    0xd0, 0x98, 0x00, 0xff, 0xc8, 0x98, 0x00, 0xff, 0xd0, 0x98, 0x00, 0xff,
    0xc8, 0x9c, 0x00, 0xff, 0xd0, 0x98, 0x00, 0xff, 0xc8, 0x98, 0x00, 0xff,
    0xc8, 0x98, 0x00, 0xff, 0xd0, 0x98, 0x00, 0xff, 0xc8, 0x9c, 0x00, 0xff,
    0xd0, 0x98, 0x00, 0xff, 0xc8, 0x98, 0x00, 0xff, 0xd0, 0x9c, 0x00, 0xff,
    0xd0, 0x98, 0x00, 0xff, 0xc8, 0x9c, 0x00, 0xff, 0xd0, 0x98, 0x00, 0xff,
    0xc8, 0x9c, 0x00, 0xff, 0xc8, 0x98, 0x00, 0xff, 0xd0, 0x9c, 0x00, 0xff,
    0xc8, 0x98, 0x00, 0xff, 0xc8, 0x98, 0x00, 0xff, 0xd0, 0x98, 0x00, 0xff,
    0xc8, 0x98, 0x00, 0xff, 0xc8, 0x9c, 0x00, 0xff, 0xd0, 0x98, 0x00, 0xff,
    0xc8, 0x98, 0x00, 0xff, 0xc8, 0x98, 0x00, 0xff, 0xd0, 0x98, 0x00, 0xff,
    0xc8, 0x98, 0x00, 0xff, 0xc8, 0x9c, 0x00, 0xff, 0xd0, 0x98, 0x00, 0xff,
    0xd0, 0x98, 0x00, 0xff, 0xc8, 0x98, 0x00, 0xff, 0xd0, 0x98, 0x00, 0xff,
    0xc8, 0x9c, 0x00, 0xff, 0xc8, 0x98, 0x00, 0xff, 0xd0, 0x98, 0x00, 0xff,
    0xc8, 0x9c, 0x00, 0xff, 0xc8, 0x98, 0x00, 0xff, 0xd0, 0x98, 0x00, 0xff,
    0xc8, 0x98, 0x00, 0xff, 0xc8, 0x98, 0x00, 0xff, 0xd0, 0x98, 0x00, 0xff,
    0xc8, 0x98, 0x00, 0xff, 0xd0, 0x98, 0x00, 0xff, 0xd0, 0x98, 0x00, 0xff,
    0xc8, 0x98, 0x00, 0xff, 0xd0, 0x98, 0x00, 0xff, 0xc8, 0x9c, 0x00, 0xff,
    0xc8, 0x98, 0x00, 0xff, 0xd0, 0x98, 0x00, 0xff, 0xd0, 0x9c, 0x00, 0xff,
    0xc8, 0x98, 0x00, 0xff, 0xd0, 0x98, 0x00, 0xff, 0xd0, 0x98, 0x00, 0xff,
    0xc8, 0x98, 0x00, 0xff, 0xd0, 0x9c, 0x00, 0xff, 0xc8, 0x98, 0x00, 0xff,
    0xd0, 0x98, 0x00, 0xff, 0xc8, 0x98, 0x00, 0xff, 0xd0, 0x9c, 0x00, 0xff,
    0xc8, 0x98, 0x00, 0xff, 0xd0, 0x9c, 0x00, 0xff, 0xc8, 0x98, 0x00, 0xff,
    0xc8, 0x9c, 0x00, 0xff, 0xd0, 0x98, 0x00, 0xff, 0xc8, 0x9c, 0x00, 0xff,
    0xd0, 0x98, 0x00, 0xff, 0xc8, 0x98, 0x00, 0xff, 0xd0, 0x9c, 0x00, 0xff,
    0xc8, 0x98, 0x00, 0xff, 0xc8, 0x98, 0x00, 0xff, 0xd0, 0x9c, 0x00, 0xff,
    0xd0, 0x98, 0x00, 0xff, 0xc8, 0x98, 0x00, 0xff, 0xd0, 0x9c, 0x00, 0xff,
    0xd0, 0x98, 0x00, 0xff, 0xc8, 0x98, 0x00, 0xff, 0xd0, 0x9c, 0x00, 0xff,
    0xc8, 0x98, 0x00, 0xff, 0xd0, 0x98, 0x00, 0xff, 0xc8, 0x9c, 0x00, 0xff,
    0xc8, 0x98, 0x00, 0xff, 0xd0, 0x98, 0x00, 0xff, 0xd0, 0x98, 0x00, 0xff,
    0xc8, 0x98, 0x00, 0xff, 0xc8, 0x9c, 0x00, 0xff, 0xc8, 0x98, 0x00, 0xff,
    0xd0, 0x98, 0x00, 0xff, 0xd0, 0x98, 0x00, 0xff, 0xc8, 0x9c, 0x00, 0xff,
    0xd0, 0x98, 0x00, 0xff, 0xc8, 0x98, 0x00, 0xff, 0xc8, 0x9c, 0x00, 0xff,
    0xd0, 0x98, 0x00, 0xff, 0xd0, 0x98, 0x00, 0xff, 0xc8, 0x98, 0x00, 0xff,
    0xc8, 0x98, 0x00, 0xff, 0xd0, 0x9c, 0x00, 0xff, 0xd0, 0x98, 0x00, 0xff,
    0xc8, 0x98, 0x00, 0xff, 0xd0, 0x98, 0x00, 0xff, 0xd0, 0x9c, 0x00, 0xff,
    0xd0, 0x98, 0x00, 0xff, 0xd0, 0x98, 0x00, 0xff, 0xc8, 0x9c, 0x00, 0xff,
    0x00, 0x00, 0x00, 0xff, 0x00, 0x00, 0x00, 0xff, 0x00, 0x00, 0x00, 0xff,
    0x00, 0x00, 0x00, 0xff, 0xc8, 0x98, 0x00, 0xff, 0xd0, 0x98, 0x00, 0xff,
    0xc8, 0x9c, 0x00, 0xff, 0xc8, 0x98, 0x00, 0xff, 0xd0, 0x98, 0x00, 0xff,
    0xc8, 0x98, 0x00, 0xff, 0xc8, 0x98, 0x00, 0xff, 0xd0, 0x98, 0x00, 0xff,
    0xd0, 0x98, 0x00, 0xff, 0xc8, 0x98, 0x00, 0xff, 0xd0, 0x9c, 0x00, 0xff,
    0xc8, 0x98, 0x00, 0xff, 0xd0, 0x98, 0x00, 0xff, 0xc8, 0x9c, 0x00, 0xff,
    0xc8, 0x98, 0x00, 0xff, 0xd0, 0x98, 0x00, 0xff, 0xd0, 0x98, 0x00, 0xff,
    0xc8, 0x98, 0x00, 0xff, 0xd0, 0x98, 0x00, 0xff, 0xd0, 0x9c, 0x00, 0xff,
    0xc8, 0x98, 0x00, 0xff, 0xd0, 0x98, 0x00, 0xff, 0xc8, 0x9c, 0x00, 0xff,
    0xd0, 0x98, 0x00, 0xff, 0xc8, 0x98, 0x00, 0xff, 0xd0, 0x98, 0x00, 0xff,
    0xc8, 0x98, 0x00, 0xff, 0xc8, 0x98, 0x00, 0xff, 0xd0, 0x98, 0x00, 0xff,
    0xd0, 0x98, 0x00, 0xff, 0xc8, 0x98, 0x00, 0xff, 0xd0, 0x9c, 0x00, 0xff,
    0xd0, 0x98, 0x00, 0xff, 0xc8, 0x98, 0x00, 0xff, 0xd0, 0x9c, 0x00, 0xff,
    0xd0, 0x9c, 0x00, 0xff, 0xc8, 0x98, 0x00, 0xff, 0xd0, 0x98, 0x00, 0xff,
    0xd0, 0x98, 0x00, 0xff, 0xc8, 0x98, 0x00, 0xff, 0xd0, 0x98, 0x00, 0xff,
    0xd0, 0x98, 0x00, 0xff, 0xc8, 0x9c, 0x00, 0xff, 0xc8, 0x98, 0x00, 0xff,
    0xd0, 0x9c, 0x00, 0xff, 0xc8, 0x98, 0x00, 0xff, 0xc8, 0x9c, 0x00, 0xff,
    0xd0, 0x98, 0x00, 0xff, 0xd0, 0x98, 0x00, 0xff, 0xc8, 0x9c, 0x00, 0xff,
    0xd0, 0x98, 0x00, 0xff, 0xd0, 0x98, 0x00, 0xff, 0xc8, 0x98, 0x00, 0xff,
    0xd0, 0x9c, 0x00, 0xff, 0xd0, 0x98, 0x00, 0xff, 0xc8, 0x9c, 0x00, 0xff,
    0xc8, 0x98, 0x00, 0xff, 0xd0, 0x9c, 0x00, 0xff, 0xc8, 0x98, 0x00, 0xff,
    0xc8, 0x9c, 0x00, 0xff, 0xd0, 0x98, 0x00, 0xff, 0xd0, 0x98, 0x00, 0xff,
    0xc8, 0x98, 0x00, 0xff, 0xd0, 0x9c, 0x00, 0xff, 0xc8, 0x98, 0x00, 0xff,
    0xc8, 0x98, 0x00, 0xff, 0xd0, 0x9c, 0x00, 0xff, 0xc8, 0x98, 0x00, 0xff,
    0xc8, 0x98, 0x00, 0xff, 0xd0, 0x9c, 0x00, 0xff, 0xc8, 0x98, 0x00, 0xff,
    0xd0, 0x98, 0x00, 0xff, 0xc8, 0x98, 0x00, 0xff, 0xd0, 0x98, 0x00, 0xff,
    0xd0, 0x98, 0x00, 0xff, 0xc8, 0x98, 0x00, 0xff, 0xd0, 0x98, 0x00, 0xff,
    0xd0, 0x9c, 0x00, 0xff, 0xc8, 0x98, 0x00, 0xff, 0xd0, 0x98, 0x00, 0xff,
    0xc8, 0x9c, 0x00, 0xff, 0xc8, 0x98, 0x00, 0xff, 0xd0, 0x98, 0x00, 0xff,
    0xd0, 0x9c, 0x00, 0xff, 0xc8, 0x98, 0x00, 0xff, 0xd0, 0x98, 0x00, 0xff,
    0xc8, 0x98, 0x00, 0xff, 0xc8, 0x98, 0x00, 0xff, 0xd0, 0x98, 0x00, 0xff,
    0xc8, 0x98, 0x00, 0xff, 0xc8, 0x98, 0x00, 0xff, 0xd0, 0x98, 0x00, 0xff,
    0xd0, 0x98, 0x00, 0xff, 0xc8, 0x98, 0x00, 0xff, 0xd0, 0x9c, 0x00, 0xff,
    0xd0, 0x98, 0x00, 0xff, 0xc8, 0x98, 0x00, 0xff, 0xc8, 0x9c, 0x00, 0xff,
    0xd0, 0x98, 0x00, 0xff, 0xd0, 0x98, 0x00, 0xff, 0xc8, 0x98, 0x00, 0xff,
    0xd0, 0x98, 0x00, 0xff, 0xc8, 0x98, 0x00, 0xff, 0xc8, 0x98, 0x00, 0xff,
    0xd0, 0x98, 0x00, 0xff, 0xd0, 0x98, 0x00, 0xff, 0xc8, 0x98, 0x00, 0xff,
    0xd0, 0x98, 0x00, 0xff, 0xd0, 0x9c, 0x00, 0xff, 0xc8, 0x98, 0x00, 0xff,
    0xd0, 0x98, 0x00, 0xff, 0xc8, 0x9c, 0x00, 0xff, 0xc8, 0x98, 0x00, 0xff,
    0xd0, 0x98, 0x00, 0xff, 0xc8, 0x98, 0x00, 0xff, 0xc8, 0x98, 0x00, 0xff,
    0xd0, 0x98, 0x00, 0xff, 0xc8, 0x98, 0x00, 0xff, 0xc8, 0x98, 0x00, 0xff,
    0xd0, 0x98, 0x00, 0xff, 0x00, 0x00, 0x00, 0xff, 0x00, 0x00, 0x00, 0xff,
    0x00, 0x00, 0x00, 0xff, 0x00, 0x00, 0x00, 0xff, 0xd0, 0x98, 0x00, 0xff,
    0xc8, 0x9c, 0x00, 0xff, 0xd0, 0x98, 0x00, 0xff, 0xd0, 0x98, 0x00, 0xff,
    0xc8, 0x9c, 0x00, 0xff, 0xd0, 0x98, 0x00, 0xff, 0xc8, 0x9c, 0x00, 0xff,
    0xc8, 0x98, 0x00, 0xff, 0xd0, 0x98, 0x00, 0xff, 0xd0, 0x9c, 0x00, 0xff,
    0xc8, 0x98, 0x00, 0xff, 0xd0, 0x98, 0x00, 0xff, 0xc8, 0x98, 0x00, 0xff,
    0xd0, 0x98, 0x00, 0xff, 0xc8, 0x9c, 0x00, 0xff, 0xd0, 0x98, 0x00, 0xff,
    0xc8, 0x9c, 0x00, 0xff, 0xc8, 0x98, 0x00, 0xff, 0xd0, 0x98, 0x00, 0xff,
    0xc8, 0x9c, 0x00, 0xff, 0xd0, 0x98, 0x00, 0xff, 0xc8, 0x98, 0x00, 0xff,
    0xd0, 0x98, 0x00, 0xff, 0xc8, 0x98, 0x00, 0xff, 0xd0, 0x9c, 0x00, 0xff,
    0xc8, 0x98, 0x00, 0xff, 0xd0, 0x98, 0x00, 0xff, 0xc8, 0x9c, 0x00, 0xff,
    0xd0, 0x98, 0x00, 0xff, 0xc8, 0x98, 0x00, 0xff, 0xc8, 0x98, 0x00, 0xff,
    0xd0, 0x98, 0x00, 0xff, 0xc8, 0x98, 0x00, 0xff, 0xc8, 0x98, 0x00, 0xff,
    0xd0, 0x98, 0x00, 0xff, 0xc8, 0x98, 0x00, 0xff, 0xc8, 0x98, 0x00, 0xff,
    0xd0, 0x9c, 0x00, 0xff, 0xc8, 0x98, 0x00, 0xff, 0xc8, 0x9c, 0x00, 0xff,
    0xd0, 0x9c, 0x00, 0xff, 0xd0, 0x98, 0x00, 0xff, 0xc8, 0x98, 0x00, 0xff,
    0xd0, 0x98, 0x00, 0xff, 0xd0, 0x98, 0x00, 0xff, 0xc8, 0x98, 0x00, 0xff,
    0xd0, 0x98, 0x00, 0xff, 0xc8, 0x98, 0x00, 0xff, 0xd0, 0x98, 0x00, 0xff,
    0xc8, 0x98, 0x00, 0xff, 0xc8, 0x98, 0x00, 0xff, 0xd0, 0x98, 0x00, 0xff,
    0xc8, 0x9c, 0x00, 0xff, 0xc8, 0x98, 0x00, 0xff, 0xd0, 0x98, 0x00, 0xff,
    0xd0, 0x98, 0x00, 0xff, 0xc8, 0x9c, 0x00, 0xff, 0xd0, 0x98, 0x00, 0xff,
    0xd0, 0x98, 0x00, 0xff, 0xc8, 0x98, 0x00, 0xff, 0xd0, 0x9c, 0x00, 0xff,
    0xc8, 0x98, 0x00, 0xff, 0xd0, 0x98, 0x00, 0xff, 0xd0, 0x98, 0x00, 0xff,
    0xc8, 0x98, 0x00, 0xff, 0xd0, 0x98, 0x00, 0xff, 0xd0, 0x9c, 0x00, 0xff,
    0xc8, 0x98, 0x00, 0xff, 0xd0, 0x98, 0x00, 0xff, 0xd0, 0x98, 0x00, 0xff,
    0xc8, 0x98, 0x00, 0xff, 0xd0, 0x9c, 0x00, 0xff, 0xc8, 0x98, 0x00, 0xff,
    0xc8, 0x9c, 0x00, 0xff, 0xd0, 0x98, 0x00, 0xff, 0xc8, 0x98, 0x00, 0xff,
    0xc8, 0x98, 0x00, 0xff, 0xd0, 0x98, 0x00, 0xff, 0xd0, 0x98, 0x00, 0xff,
    0xc8, 0x98, 0x00, 0xff, 0xd0, 0x98, 0x00, 0xff, 0xc8, 0x98, 0x00, 0xff,
    0xd0, 0x98, 0x00, 0xff, 0xc8, 0x98, 0x00, 0xff, 0xd0, 0x9c, 0x00, 0xff,
    0xd0, 0x98, 0x00, 0xff, 0xc8, 0x98, 0x00, 0xff, 0xd0, 0x9c, 0x00, 0xff,
    0xd0, 0x9c, 0x00, 0xff, 0xc8, 0x98, 0x00, 0xff, 0xc8, 0x9c, 0x00, 0xff,
    0xd0, 0x98, 0x00, 0xff, 0xc8, 0x98, 0x00, 0xff, 0xc8, 0x9c, 0x00, 0xff,
    0xd0, 0x98, 0x00, 0xff, 0xd0, 0x98, 0x00, 0xff, 0xc8, 0x98, 0x00, 0xff,
    0xc8, 0x9c, 0x00, 0xff, 0xd0, 0x98, 0x00, 0xff, 0xc8, 0x98, 0x00, 0xff,
    0xd0, 0x9c, 0x00, 0xff, 0xd0, 0x98, 0x00, 0xff, 0xc8, 0x9c, 0x00, 0xff,
    0xc8, 0x9c, 0x00, 0xff, 0xd0, 0x98, 0x00, 0xff, 0xc8, 0x9c, 0x00, 0xff,
    0xc8, 0x98, 0x00, 0xff, 0xd0, 0x98, 0x00, 0xff, 0xc8, 0x98, 0x00, 0xff,
    0xc8, 0x9c, 0x00, 0xff, 0xd0, 0x98, 0x00, 0xff, 0xd0, 0x98, 0x00, 0xff,
    0xc8, 0x98, 0x00, 0xff, 0xd0, 0x9c, 0x00, 0xff, 0xc8, 0x9c, 0x00, 0xff,
    0xd0, 0x98, 0x00, 0xff, 0xc8, 0x9c, 0x00, 0xff, 0xc8, 0x98, 0x00, 0xff,
    0xd0, 0x98, 0x00, 0xff, 0xd0, 0x9c, 0x00, 0xff, 0x00, 0x00, 0x00, 0xff,
    0x00, 0x00, 0x00, 0xff, 0x00, 0x00, 0x00, 0xff, 0x00, 0x00, 0x00, 0xff,
    0xc8, 0x98, 0x00, 0xff, 0xd0, 0x98, 0x00, 0xff, 0xc8, 0x98, 0x00, 0xff,
    0xd0, 0x98, 0x00, 0xff, 0xc8, 0x98, 0x00, 0xff, 0xd0, 0x98, 0x00, 0xff,
    0xd0, 0x9c, 0x00, 0xff, 0xc8, 0x98, 0x00, 0xff, 0xc8, 0x98, 0x00, 0xff,
    0xd0, 0x98, 0x00, 0xff, 0xc8, 0x98, 0x00, 0xff, 0xc8, 0x9c, 0x00, 0xff,
    0xd0, 0x98, 0x00, 0xff, 0xd0, 0x98, 0x00, 0xff, 0xc8, 0x98, 0x00, 0xff,
    0xd0, 0x98, 0x00, 0xff, 0xc8, 0x9c, 0x00, 0xff, 0xd0, 0x98, 0x00, 0xff,
    0xc8, 0x98, 0x00, 0xff, 0xc8, 0x98, 0x00, 0xff, 0xd0, 0x98, 0x00, 0xff,
    0xd0, 0x9c, 0x00, 0xff, 0xc8, 0x98, 0x00, 0xff, 0xd0, 0x98, 0x00, 0xff,
    0xc8, 0x9c, 0x00, 0xff, 0xd0, 0x98, 0x00, 0xff, 0xc8, 0x98, 0x00, 0xff,
    0xd0, 0x9c, 0x00, 0xff, 0xc8, 0x98, 0x00, 0xff, 0xd0, 0x9c, 0x00, 0xff,
    0xd0, 0x9c, 0x00, 0xff, 0xc8, 0x98, 0x00, 0xff, 0xd0, 0x9c, 0x00, 0xff,
    0xd0, 0x98, 0x00, 0xff, 0xc8, 0x98, 0x00, 0xff, 0xd0, 0x98, 0x00, 0xff,
    0xd0, 0x9c, 0x00, 0xff, 0xc8, 0x98, 0x00, 0xff, 0xd0, 0x98, 0x00, 0xff,
    0xc8, 0x98, 0x00, 0xff, 0xc8, 0x98, 0x00, 0xff, 0xd0, 0x98, 0x00, 0xff,
    0xc8, 0x98, 0x00, 0xff, 0xc8, 0x9c, 0x00, 0xff, 0xd0, 0x98, 0x00, 0xff,
    0xd0, 0x98, 0x00, 0xff, 0xc8, 0x9c, 0x00, 0xff, 0xd0, 0x98, 0x00, 0xff,
    0xc8, 0x9c, 0x00, 0xff, 0xd0, 0x98, 0x00, 0xff, 0xd0, 0x98, 0x00, 0xff,
    0xc8, 0x9c, 0x00, 0xff, 0xd0, 0x98, 0x00, 0xff, 0xc8, 0x98, 0x00, 0xff,
    0xd0, 0x98, 0x00, 0xff, 0xc8, 0x98, 0x00, 0xff, 0xc8, 0x98, 0x00, 0xff,
    0xd0, 0x98, 0x00, 0xff, 0xc8, 0x98, 0x00, 0xff, 0xd0, 0x98, 0x00, 0xff,
    0xc8, 0x9c, 0x00, 0xff, 0xc8, 0x98, 0x00, 0xff, 0xd0, 0x98, 0x00, 0xff,
    0xc8, 0x9c, 0x00, 0xff, 0xc8, 0x98, 0x00, 0xff, 0xd0, 0x98, 0x00, 0xff,
    0xc8, 0x98, 0x00, 0xff, 0xc8, 0x9c, 0x00, 0xff, 0xd0, 0x98, 0x00, 0xff,
    0xc8, 0x98, 0x00, 0xff, 0xc8, 0x9c, 0x00, 0xff, 0xd0, 0x98, 0x00, 0xff,
    0xd0, 0x98, 0x00, 0xff, 0xc8, 0x9c, 0x00, 0xff, 0xd0, 0x98, 0x00, 0xff,
    0xd0, 0x9c, 0x00, 0xff, 0xc8, 0x9c, 0x00, 0xff, 0xc8, 0x98, 0x00, 0xff,
    0xd0, 0x98, 0x00, 0xff, 0xc8, 0x9c, 0x00, 0xff, 0xd0, 0x98, 0x00, 0xff,
    0xd0, 0x9c, 0x00, 0xff, 0xc8, 0x98, 0x00, 0xff, 0xc8, 0x98, 0x00, 0xff,
    0xd0, 0x98, 0x00, 0xff, 0xc8, 0x9c, 0x00, 0xff, 0xc8, 0x98, 0x00, 0xff,
    0xd0, 0x98, 0x00, 0xff, 0xc8, 0x98, 0x00, 0xff, 0xd0, 0x98, 0x00, 0xff,
    0xd0, 0x9c, 0x00, 0xff, 0xc8, 0x98, 0x00, 0xff, 0xd0, 0x98, 0x00, 0xff,
    0xc8, 0x98, 0x00, 0xff, 0xc8, 0x98, 0x00, 0xff, 0xd0, 0x98, 0x00, 0xff,
    0xd0, 0x9c, 0x00, 0xff, 0xc8, 0x98, 0x00, 0xff, 0xd0, 0x98, 0x00, 0xff,
    0xc8, 0x98, 0x00, 0xff, 0xc8, 0x9c, 0x00, 0xff, 0xd0, 0x98, 0x00, 0xff,
    0xd0, 0x98, 0x00, 0xff, 0xd0, 0x98, 0x00, 0xff, 0xc8, 0x98, 0x00, 0xff,
    0xd0, 0x98, 0x00, 0xff, 0xd0, 0x9c, 0x00, 0xff, 0xc8, 0x98, 0x00, 0xff,
    0xd0, 0x98, 0x00, 0xff, 0xc8, 0x98, 0x00, 0xff, 0xd0, 0x98, 0x00, 0xff,
    0xc8, 0x98, 0x00, 0xff, 0xd0, 0x98, 0x00, 0xff, 0xc8, 0x98, 0x00, 0xff,
    0xd0, 0x98, 0x00, 0xff, 0xd0, 0x98, 0x00, 0xff, 0xc8, 0x9c, 0x00, 0xff,
    0xd0, 0x98, 0x00, 0xff, 0xd0, 0x98, 0x00, 0xff, 0xc8, 0x98, 0x00, 0xff,
    0x00, 0x00, 0x00, 0xff, 0x00, 0x00, 0x00, 0xff, 0x00, 0x00, 0x00, 0xff,
    0x00, 0x00, 0x00, 0xff, 0xd0, 0x98, 0x00, 0xff, 0xc8, 0x98, 0x00, 0xff,
    0xc8, 0x9c, 0x00, 0xff, 0xd0, 0x98, 0x00, 0xff, 0xc8, 0x98, 0x00, 0xff,
    0xc8, 0x98, 0x00, 0xff, 0xd0, 0x98, 0x00, 0xff, 0xd0, 0x9c, 0x00, 0xff,
    0xc8, 0x98, 0x00, 0xff, 0xd0, 0x98, 0x00, 0xff, 0xd0, 0x9c, 0x00, 0xff,
    0xc8, 0x98, 0x00, 0xff, 0xd0, 0x98, 0x00, 0xff, 0xc8, 0x9c, 0x00, 0xff,
    0xc8, 0x98, 0x00, 0xff, 0xd0, 0x98, 0x00, 0xff, 0xd0, 0x98, 0x00, 0xff,
    0xc8, 0x9c, 0x00, 0xff, 0xd0, 0x98, 0x00, 0xff, 0xd0, 0x98, 0x00, 0xff,
    0xc8, 0x9c, 0x00, 0xff, 0xc8, 0x98, 0x00, 0xff, 0xd0, 0x98, 0x00, 0xff,
    0xc8, 0x98, 0x00, 0xff, 0xd0, 0x98, 0x00, 0xff, 0xc8, 0x98, 0x00, 0xff,
    0xd0, 0x98, 0x00, 0xff, 0xc8, 0x98, 0x00, 0xff, 0xd0, 0x98, 0x00, 0xff,
    0xc8, 0x98, 0x00, 0xff, 0xc8, 0x98, 0x00, 0xff, 0xd0, 0x98, 0x00, 0xff,
    0xc8, 0x98, 0x00, 0xff, 0xc8, 0x9c, 0x00, 0xff, 0xd0, 0x98, 0x00, 0xff,
    0xc8, 0x98, 0x00, 0xff, 0xc8, 0x9c, 0x00, 0xff, 0xd0, 0x98, 0x00, 0xff,
    0xd0, 0x98, 0x00, 0xff, 0xc8, 0x98, 0x00, 0xff, 0xd0, 0x9c, 0x00, 0xff,
    0xd0, 0x98, 0x00, 0xff, 0xc8, 0x98, 0x00, 0xff, 0xc8, 0x9c, 0x00, 0xff,
    0xd0, 0x98, 0x00, 0xff, 0xc8, 0x98, 0x00, 0xff, 0xc8, 0x9c, 0x00, 0xff,
    0xd0, 0x98, 0x00, 0xff, 0xc8, 0x98, 0x00, 0xff, 0xc8, 0x9c, 0x00, 0xff,
    0xd0, 0x98, 0x00, 0xff, 0xc8, 0x98, 0x00, 0xff, 0xd0, 0x98, 0x00, 0xff,
    0xd0, 0x9c, 0x00, 0xff, 0xc8, 0x98, 0x00, 0xff, 0xd0, 0x9c, 0x00, 0xff,
    0xd0, 0x98, 0x00, 0xff, 0xc8, 0x9c, 0x00, 0xff, 0xc8, 0x98, 0x00, 0xff,
    0xd0, 0x98, 0x00, 0xff, 0xd0, 0x98, 0x00, 0xff, 0xc8, 0x98, 0x00, 0xff,
    0xd0, 0x9c, 0x00, 0xff, 0xc8, 0x98, 0x00, 0xff, 0xd0, 0x9c, 0x00, 0xff,
    0xd0, 0x98, 0x00, 0xff, 0xc8, 0x98, 0x00, 0xff, 0xd0, 0x98, 0x00, 0xff,
    0xd0, 0x9c, 0x00, 0xff, 0xc8, 0x98, 0x00, 0xff, 0xd0, 0x98, 0x00, 0xff,
    0xc8, 0x98, 0x00, 0xff, 0xd0, 0x98, 0x00, 0xff, 0xc8, 0x98, 0x00, 0xff,
    0xc8, 0x98, 0x00, 0xff, 0xd0, 0x98, 0x00, 0xff, 0xd0, 0x98, 0x00, 0xff,
    0xc8, 0x98, 0x00, 0xff, 0xc8, 0x9c, 0x00, 0xff, 0xd0, 0x98, 0x00, 0xff,
    0xc8, 0x98, 0x00, 0xff, 0xd0, 0x98, 0x00, 0xff, 0xc8, 0x9c, 0x00, 0xff,
    0xd0, 0x98, 0x00, 0xff, 0xc8, 0x98, 0x00, 0xff, 0xd0, 0x98, 0x00, 0xff,
    0xc8, 0x98, 0x00, 0xff, 0xc8, 0x98, 0x00, 0xff, 0xd0, 0x98, 0x00, 0xff,
    0xc8, 0x98, 0x00, 0xff, 0xd0, 0x98, 0x00, 0xff, 0xc8, 0x9c, 0x00, 0xff,
    0xd0, 0x98, 0x00, 0xff, 0xd0, 0x9c, 0x00, 0xff, 0xc8, 0x98, 0x00, 0xff,
    0xc8, 0x98, 0x00, 0xff, 0xd0, 0x98, 0x00, 0xff, 0xd0, 0x98, 0x00, 0xff,
    0xc8, 0x98, 0x00, 0xff, 0xd0, 0x9c, 0x00, 0xff, 0xc8, 0x98, 0x00, 0xff,
    0xc8, 0x98, 0x00, 0xff, 0xd0, 0x98, 0x00, 0xff, 0xc8, 0x98, 0x00, 0xff,
    0xc8, 0x98, 0x00, 0xff, 0xd0, 0x98, 0x00, 0xff, 0xc8, 0x98, 0x00, 0xff,
    0xd0, 0x9c, 0x00, 0xff, 0xc8, 0x98, 0x00, 0xff, 0xd0, 0x98, 0x00, 0xff,
    0xc8, 0x9c, 0x00, 0xff, 0xd0, 0x9c, 0x00, 0xff, 0xc8, 0x98, 0x00, 0xff,
    0xc8, 0x98, 0x00, 0xff, 0xd0, 0x98, 0x00, 0xff, 0xc8, 0x98, 0x00, 0xff,
    0xc8, 0x98, 0x00, 0xff, 0xd0, 0x9c, 0x00, 0xff, 0xc8, 0x98, 0x00, 0xff,
    0xc8, 0x98, 0x00, 0xff, 0x00, 0x00, 0x00, 0xff, 0x00, 0x00, 0x00, 0xff,
    0x00, 0x00, 0x00, 0xff, 0x00, 0x00, 0x00, 0xff, 0xd0, 0x98, 0x00, 0xff,
    0xc8, 0x9c, 0x00, 0xff, 0xd0, 0x98, 0x00, 0xff, 0xd0, 0x9c, 0x00, 0xff,
    0xc8, 0x9c, 0x00, 0xff, 0xd0, 0x98, 0x00, 0xff, 0xc8, 0x98, 0x00, 0xff,
    0xc8, 0x98, 0x00, 0xff, 0xd0, 0x9c, 0x00, 0xff, 0xc8, 0x98, 0x00, 0xff,
    0xd0, 0x98, 0x00, 0xff, 0xc8, 0x98, 0x00, 0xff, 0xd0, 0x98, 0x00, 0xff,
    0xc8, 0x9c, 0x00, 0xff, 0xd0, 0x98, 0x00, 0xff, 0xc8, 0x98, 0x00, 0xff,
    0xc8, 0x98, 0x00, 0xff, 0xd0, 0x98, 0x00, 0xff, 0xc8, 0x9c, 0x00, 0xff,
    0xd0, 0x98, 0x00, 0xff, 0xc8, 0x98, 0x00, 0xff, 0xd0, 0x98, 0x00, 0xff,
    0xc8, 0x9c, 0x00, 0xff, 0xd0, 0x98, 0x00, 0xff, 0xc8, 0x9c, 0x00, 0xff,
    0xd0, 0x98, 0x00, 0xff, 0xc8, 0x9c, 0x00, 0xff, 0xd0, 0x98, 0x00, 0xff,
    0xd0, 0x98, 0x00, 0xff, 0xc8, 0x9c, 0x00, 0xff, 0xd0, 0x98, 0x00, 0xff,
    0xd0, 0x98, 0x00, 0xff, 0xc8, 0x98, 0x00, 0xff, 0xd0, 0x9c, 0x00, 0xff,
    0xd0, 0x98, 0x00, 0xff, 0xc8, 0x98, 0x00, 0xff, 0xc8, 0x98, 0x00, 0xff,
    0xd0, 0x98, 0x00, 0xff, 0xc8, 0x9c, 0x00, 0xff, 0xc8, 0x98, 0x00, 0xff,
    0xd0, 0x98, 0x00, 0xff, 0xd0, 0x9c, 0x00, 0xff, 0xc8, 0x98, 0x00, 0xff,
    0xd0, 0x98, 0x00, 0xff, 0xd0, 0x98, 0x00, 0xff, 0xc8, 0x98, 0x00, 0xff,
    0xd0, 0x98, 0x00, 0xff, 0xd0, 0x98, 0x00, 0xff, 0xc8, 0x98, 0x00, 0xff,
    0xd0, 0x98, 0x00, 0xff, 0xc8, 0x9c, 0x00, 0xff, 0xc8, 0x98, 0x00, 0xff,
    0xd0, 0x98, 0x00, 0xff, 0xc8, 0x98, 0x00, 0xff, 0xc8, 0x9c, 0x00, 0xff,
    0xd0, 0x98, 0x00, 0xff, 0xd0, 0x98, 0x00, 0xff, 0xc8, 0x98, 0x00, 0xff,
    0xd0, 0x9c, 0x00, 0xff, 0xc8, 0x98, 0x00, 0xff, 0xc8, 0x98, 0x00, 0xff,
    0xd0, 0x9c, 0x00, 0xff, 0xc8, 0x98, 0x00, 0xff, 0xd0, 0x98, 0x00, 0xff,
    0xc8, 0x98, 0x00, 0xff, 0xc8, 0x9c, 0x00, 0xff, 0xd0, 0x98, 0x00, 0xff,
    0xc8, 0x98, 0x00, 0xff, 0xc8, 0x98, 0x00, 0xff, 0xd0, 0x98, 0x00, 0xff,
    0xc8, 0x9c, 0x00, 0xff, 0xd0, 0x98, 0x00, 0xff, 0xc8, 0x98, 0x00, 0xff,
    0xd0, 0x9c, 0x00, 0xff, 0xc8, 0x98, 0x00, 0xff, 0xc8, 0x98, 0x00, 0xff,
    0xd0, 0x98, 0x00, 0xff, 0xd0, 0x98, 0x00, 0xff, 0xc8, 0x98, 0x00, 0xff,
    0xd0, 0x98, 0x00, 0xff, 0xc8, 0x98, 0x00, 0xff, 0xc8, 0x98, 0x00, 0xff,
    0xd0, 0x9c, 0x00, 0xff, 0xd0, 0x98, 0x00, 0xff, 0xc8, 0x98, 0x00, 0xff,
    0xd0, 0x9c, 0x00, 0xff, 0xd0, 0x9c, 0x00, 0xff, 0xc8, 0x98, 0x00, 0xff,
    0xd0, 0x9c, 0x00, 0xff, 0xc8, 0x98, 0x00, 0xff, 0xc8, 0x98, 0x00, 0xff,
    0xd0, 0x98, 0x00, 0xff, 0xc8, 0x98, 0x00, 0xff, 0xd0, 0x9c, 0x00, 0xff,
    0xd0, 0x98, 0x00, 0xff, 0xc8, 0x98, 0x00, 0xff, 0xc8, 0x9c, 0x00, 0xff,
    0xd0, 0x98, 0x00, 0xff, 0xc8, 0x98, 0x00, 0xff, 0xd0, 0x98, 0x00, 0xff,
    0xd0, 0x98, 0x00, 0xff, 0xc8, 0x9c, 0x00, 0xff, 0xd0, 0x98, 0x00, 0xff,
    0xc8, 0x9c, 0x00, 0xff, 0xd0, 0x9c, 0x00, 0xff, 0xc8, 0x98, 0x00, 0xff,
    0xd0, 0x98, 0x00, 0xff, 0xc8, 0x9c, 0x00, 0xff, 0xd0, 0x98, 0x00, 0xff,
    0xc8, 0x98, 0x00, 0xff, 0xd0, 0x98, 0x00, 0xff, 0xd0, 0x98, 0x00, 0xff,
    0xc8, 0x9c, 0x00, 0xff, 0xd0, 0x9c, 0x00, 0xff, 0xd0, 0x98, 0x00, 0xff,
    0xc8, 0x98, 0x00, 0xff, 0xd0, 0x98, 0x00, 0xff, 0xd0, 0x98, 0x00, 0xff,
    0xc8, 0x9c, 0x00, 0xff, 0xd0, 0x98, 0x00, 0xff, 0x00, 0x00, 0x00, 0xff,
    0x00, 0x00, 0x00, 0xff, 0x00, 0x00, 0x00, 0xff, 0x00, 0x00, 0x00, 0xff,
    0xc8, 0x98, 0x00, 0xff, 0xd0, 0x98, 0x00, 0xff, 0xc8, 0x98, 0x00, 0xff,
    0xc8, 0x98, 0x00, 0xff, 0xd0, 0x98, 0x00, 0xff, 0xd0, 0x98, 0x00, 0xff,
    0xc8, 0x9c, 0x00, 0xff, 0xd0, 0x98, 0x00, 0xff, 0xc8, 0x98, 0x00, 0xff,
    0xd0, 0x98, 0x00, 0xff, 0xc8, 0x9c, 0x00, 0xff, 0xd0, 0x98, 0x00, 0xff,
    0xc8, 0x98, 0x00, 0xff, 0xd0, 0x98, 0x00, 0xff, 0xd0, 0x9c, 0x00, 0xff,
    0xc8, 0x98, 0x00, 0xff, 0xd0, 0x98, 0x00, 0xff, 0xc8, 0x9c, 0x00, 0xff,
    0xd0, 0x98, 0x00, 0xff, 0xc8, 0x98, 0x00, 0xff, 0xd0, 0x98, 0x00, 0xff,
    0xc8, 0x9c, 0x00, 0xff, 0xd0, 0x98, 0x00, 0xff, 0xc8, 0x98, 0x00, 0xff,
    0xd0, 0x98, 0x00, 0xff, 0xc8, 0x9c, 0x00, 0xff, 0xc8, 0x98, 0x00, 0xff,
    0xd0, 0x98, 0x00, 0xff, 0xc8, 0x9c, 0x00, 0xff, 0xc8, 0x98, 0x00, 0xff,
    0xd0, 0x98, 0x00, 0xff, 0xc8, 0x9c, 0x00, 0xff, 0xc8, 0x98, 0x00, 0xff,
    0xd0, 0x98, 0x00, 0xff, 0xc8, 0x9c, 0x00, 0xff, 0xd0, 0x98, 0x00, 0xff,
    0xd0, 0x98, 0x00, 0xff, 0xc8, 0x9c, 0x00, 0xff, 0xd0, 0x98, 0x00, 0xff,
    0xc8, 0x98, 0x00, 0xff, 0xc8, 0x98, 0x00, 0xff, 0xd0, 0x98, 0x00, 0xff,
    0xc8, 0x9c, 0x00, 0xff, 0xc8, 0x98, 0x00, 0xff, 0xd0, 0x98, 0x00, 0xff,
    0xc8, 0x9c, 0x00, 0xff, 0xc8, 0x98, 0x00, 0xff, 0xd0, 0x9c, 0x00, 0xff,
    0xd0, 0x98, 0x00, 0xff, 0xc8, 0x98, 0x00, 0xff, 0xd0, 0x98, 0x00, 0xff,
    0xd0, 0x9c, 0x00, 0xff, 0xc8, 0x98, 0x00, 0xff, 0xd0, 0x98, 0x00, 0xff,
    0xc8, 0x98, 0x00, 0xff, 0xc8, 0x98, 0x00, 0xff, 0xd0, 0x98, 0x00, 0xff,
    0xc8, 0x98, 0x00, 0xff, 0xd0, 0x9c, 0x00, 0xff, 0xd0, 0x98, 0x00, 0xff,
    0xc8, 0x98, 0x00, 0xff, 0xd0, 0x98, 0x00, 0xff, 0xd0, 0x98, 0x00, 0xff,
    0xc8, 0x98, 0x00, 0xff, 0xd0, 0x98, 0x00, 0xff, 0xd0, 0x98, 0x00, 0xff,
    0xc8, 0x9c, 0x00, 0xff, 0xd0, 0x98, 0x00, 0xff, 0xd0, 0x98, 0x00, 0xff,
    0xc8, 0x9c, 0x00, 0xff, 0xd0, 0x98, 0x00, 0xff, 0xc8, 0x98, 0x00, 0xff,
    0xd0, 0x9c, 0x00, 0xff, 0xd0, 0x98, 0x00, 0xff, 0xc8, 0x98, 0x00, 0xff,
    0xd0, 0x9c, 0x00, 0xff, 0xc8, 0x9c, 0x00, 0xff, 0xc8, 0x98, 0x00, 0xff,
    0xd0, 0x9c, 0x00, 0xff, 0xd0, 0x9c, 0x00, 0xff, 0xc8, 0x98, 0x00, 0xff,
    0xd0, 0x98, 0x00, 0xff, 0xc8, 0x98, 0x00, 0xff, 0xc8, 0x98, 0x00, 0xff,
    0xd0, 0x98, 0x00, 0xff, 0xc8, 0x98, 0x00, 0xff, 0xd0, 0x98, 0x00, 0xff,
    0xd0, 0x98, 0x00, 0xff, 0xc8, 0x9c, 0x00, 0xff, 0xd0, 0x98, 0x00, 0xff,
    0xd0, 0x98, 0x00, 0xff, 0xc8, 0x9c, 0x00, 0xff, 0xc8, 0x98, 0x00, 0xff,
    0xd0, 0x98, 0x00, 0xff, 0xc8, 0x98, 0x00, 0xff, 0xd0, 0x9c, 0x00, 0xff,
    0xc8, 0x98, 0x00, 0xff, 0xc8, 0x9c, 0x00, 0xff, 0xd0, 0x98, 0x00, 0xff,
    0xc8, 0x98, 0x00, 0xff, 0xd0, 0x9c, 0x00, 0xff, 0xc8, 0x98, 0x00, 0xff,
    0xd0, 0x98, 0x00, 0xff, 0xd0, 0x98, 0x00, 0xff, 0xc8, 0x98, 0x00, 0xff,
    0xd0, 0x98, 0x00, 0xff, 0xc8, 0x98, 0x00, 0xff, 0xd0, 0x98, 0x00, 0xff,
    0xc8, 0x9c, 0x00, 0xff, 0xc8, 0x98, 0x00, 0xff, 0xd0, 0x98, 0x00, 0xff,
    0xc8, 0x98, 0x00, 0xff, 0xc8, 0x98, 0x00, 0xff, 0xd0, 0x98, 0x00, 0xff,
    0xc8, 0x9c, 0x00, 0xff, 0xc8, 0x98, 0x00, 0xff, 0xd0, 0x9c, 0x00, 0xff,
    0xc8, 0x98, 0x00, 0xff, 0xd0, 0x98, 0x00, 0xff, 0xc8, 0x98, 0x00, 0xff,
    0x00, 0x00, 0x00, 0xff, 0x00, 0x00, 0x00, 0xff, 0x00, 0x00, 0x00, 0xff,
    0x00, 0x00, 0x00, 0xff, 0xc8, 0x98, 0x00, 0xff, 0xd0, 0x98, 0x00, 0xff,
    0xd0, 0x9c, 0x00, 0xff, 0xc8, 0x98, 0x00, 0xff, 0xd0, 0x98, 0x00, 0xff,
    0xc8, 0x98, 0x00, 0xff, 0xd0, 0x98, 0x00, 0xff, 0xd0, 0x9c, 0x00, 0xff,
    0xc8, 0x98, 0x00, 0xff, 0xc8, 0x98, 0x00, 0xff, 0xd0, 0x9c, 0x00, 0xff,
    0xc8, 0x98, 0x00, 0xff, 0xc8, 0x98, 0x00, 0xff, 0xd0, 0x9c, 0x00, 0xff,
    0xc8, 0x98, 0x00, 0xff, 0xd0, 0x98, 0x00, 0xff, 0xd0, 0x9c, 0x00, 0xff,
    0xc8, 0x98, 0x00, 0xff, 0xc8, 0x98, 0x00, 0xff, 0xd0, 0x98, 0x00, 0xff,
    0xc8, 0x9c, 0x00, 0xff, 0xd0, 0x98, 0x00, 0xff, 0xc8, 0x98, 0x00, 0xff,
    0xd0, 0x98, 0x00, 0xff, 0xd0, 0x98, 0x00, 0xff, 0xc8, 0x98, 0x00, 0xff,
    0xd0, 0x98, 0x00, 0xff, 0xd0, 0x98, 0x00, 0xff, 0xc8, 0x98, 0x00, 0xff,
    0xd0, 0x98, 0x00, 0xff, 0xd0, 0x98, 0x00, 0xff, 0xc8, 0x9c, 0x00, 0xff,
    0xd0, 0x98, 0x00, 0xff, 0xc8, 0x98, 0x00, 0xff, 0xc8, 0x98, 0x00, 0xff,
    0xd0, 0x98, 0x00, 0xff, 0xc8, 0x9c, 0x00, 0xff, 0xd0, 0x98, 0x00, 0xff,
    0xd0, 0x98, 0x00, 0xff, 0xc8, 0x9c, 0x00, 0xff, 0xd0, 0x98, 0x00, 0xff,
    0xd0, 0x98, 0x00, 0xff, 0xc8, 0x98, 0x00, 0xff, 0xd0, 0x9c, 0x00, 0xff,
    0xd0, 0x98, 0x00, 0xff, 0xc8, 0x98, 0x00, 0xff, 0xc8, 0x9c, 0x00, 0xff,
    0xd0, 0x98, 0x00, 0xff, 0xc8, 0x98, 0x00, 0xff, 0xc8, 0x9c, 0x00, 0xff,
    0xd0, 0x98, 0x00, 0xff, 0xc8, 0x98, 0x00, 0xff, 0xd0, 0x9c, 0x00, 0xff,
    0xd0, 0x98, 0x00, 0xff, 0xc8, 0x98, 0x00, 0xff, 0xd0, 0x9c, 0x00, 0xff,
    0xc8, 0x98, 0x00, 0xff, 0xc8, 0x98, 0x00, 0xff, 0xd0, 0x98, 0x00, 0xff,
    0xc8, 0x9c, 0x00, 0xff, 0xc8, 0x98, 0x00, 0xff, 0xd0, 0x9c, 0x00, 0xff,
    0xc8, 0x98, 0x00, 0xff, 0xc8, 0x9c, 0x00, 0xff, 0xd0, 0x98, 0x00, 0xff,
    0xc8, 0x98, 0x00, 0xff, 0xc8, 0x98, 0x00, 0xff, 0xd0, 0x9c, 0x00, 0xff,
    0xc8, 0x98, 0x00, 0xff, 0xd0, 0x98, 0x00, 0xff, 0xc8, 0x98, 0x00, 0xff,
    0xc8, 0x98, 0x00, 0xff, 0xd0, 0x98, 0x00, 0xff, 0xc8, 0x98, 0x00, 0xff,
    0xd0, 0x98, 0x00, 0xff, 0xd0, 0x98, 0x00, 0xff, 0xc8, 0x98, 0x00, 0xff,
    0xc8, 0x98, 0x00, 0xff, 0xd0, 0x98, 0x00, 0xff, 0xc8, 0x98, 0x00, 0xff,
    0xd0, 0x9c, 0x00, 0xff, 0xd0, 0x98, 0x00, 0xff, 0xc8, 0x9c, 0x00, 0xff,
    0xd0, 0x9c, 0x00, 0xff, 0xc8, 0x98, 0x00, 0xff, 0xc8, 0x98, 0x00, 0xff,
    0xd0, 0x98, 0x00, 0xff, 0xc8, 0x98, 0x00, 0xff, 0xc8, 0x98, 0x00, 0xff,
    0xd0, 0x98, 0x00, 0xff, 0xd0, 0x9c, 0x00, 0xff, 0xc8, 0x98, 0x00, 0xff,
    0xd0, 0x98, 0x00, 0xff, 0xc8, 0x98, 0x00, 0xff, 0xd0, 0x9c, 0x00, 0xff,
    0xd0, 0x98, 0x00, 0xff, 0xc8, 0x98, 0x00, 0xff, 0xd0, 0x98, 0x00, 0xff,
    0xd0, 0x9c, 0x00, 0xff, 0xc8, 0x98, 0x00, 0xff, 0xc8, 0x98, 0x00, 0xff,
    0xd0, 0x98, 0x00, 0xff, 0xc8, 0x98, 0x00, 0xff, 0xc8, 0x9c, 0x00, 0xff,
    0xd0, 0x98, 0x00, 0xff, 0xc8, 0x98, 0x00, 0xff, 0xd0, 0x9c, 0x00, 0xff,
    0xd0, 0x98, 0x00, 0xff, 0xc8, 0x98, 0x00, 0xff, 0xd0, 0x9c, 0x00, 0xff,
    0xd0, 0x98, 0x00, 0xff, 0xc8, 0x9c, 0x00, 0xff, 0xd0, 0x98, 0x00, 0xff,
    0xd0, 0x98, 0x00, 0xff, 0xc8, 0x98, 0x00, 0xff, 0xd0, 0x98, 0x00, 0xff,
    0xc8, 0x98, 0x00, 0xff, 0xd0, 0x9c, 0x00, 0xff, 0xc8, 0x98, 0x00, 0xff,
    0xd0, 0x98, 0x00, 0xff, 0x00, 0x00, 0x00, 0xff, 0x00, 0x00, 0x00, 0xff,
    0x00, 0x00, 0x00, 0xff, 0x00, 0x00, 0x00, 0xff, 0xd0, 0x98, 0x00, 0xff,
    0xc8, 0x98, 0x00, 0xff, 0xc8, 0x9c, 0x00, 0xff, 0xd0, 0x98, 0x00, 0xff,
    0xc8, 0x98, 0x00, 0xff, 0xc8, 0x9c, 0x00, 0xff, 0xd0, 0x98, 0x00, 0xff,
    0xc8, 0x98, 0x00, 0xff, 0xd0, 0x98, 0x00, 0xff, 0xd0, 0x98, 0x00, 0xff,
    0xc8, 0x98, 0x00, 0xff, 0xd0, 0x98, 0x00, 0xff, 0xd0, 0x98, 0x00, 0xff,
    0xc8, 0x9c, 0x00, 0xff, 0xc8, 0x98, 0x00, 0xff, 0xd0, 0x98, 0x00, 0xff,
    0xc8, 0x98, 0x00, 0xff, 0xd0, 0x98, 0x00, 0xff, 0xd0, 0x98, 0x00, 0xff,
    0xc8, 0x9c, 0x00, 0xff, 0xd0, 0x98, 0x00, 0xff, 0xc8, 0x98, 0x00, 0xff,
    0xc8, 0x9c, 0x00, 0xff, 0xd0, 0x98, 0x00, 0xff, 0xc8, 0x9c, 0x00, 0xff,
    0xc8, 0x98, 0x00, 0xff, 0xd0, 0x9c, 0x00, 0xff, 0xc8, 0x98, 0x00, 0xff,
    0xc8, 0x9c, 0x00, 0xff, 0xd0, 0x98, 0x00, 0xff, 0xc8, 0x98, 0x00, 0xff,
    0xd0, 0x98, 0x00, 0xff, 0xd0, 0x98, 0x00, 0xff, 0xc8, 0x9c, 0x00, 0xff,
    0xd0, 0x98, 0x00, 0xff, 0xc8, 0x98, 0x00, 0xff, 0xc8, 0x98, 0x00, 0xff,
    0xd0, 0x98, 0x00, 0xff, 0xc8, 0x98, 0x00, 0xff, 0xc8, 0x9c, 0x00, 0xff,
    0xd0, 0x98, 0x00, 0xff, 0xc8, 0x98, 0x00, 0xff, 0xc8, 0x98, 0x00, 0xff,
    0xd0, 0x98, 0x00, 0xff, 0xd0, 0x98, 0x00, 0xff, 0xc8, 0x98, 0x00, 0xff,
    0xd0, 0x98, 0x00, 0xff, 0xd0, 0x98, 0x00, 0xff, 0xc8, 0x98, 0x00, 0xff,
    0xd0, 0x9c, 0x00, 0xff, 0xc8, 0x98, 0x00, 0xff, 0xc8, 0x98, 0x00, 0xff,
    0xd0, 0x98, 0x00, 0xff, 0xc8, 0x98, 0x00, 0xff, 0xd0, 0x9c, 0x00, 0xff,
    0xd0, 0x98, 0x00, 0xff, 0xc8, 0x9c, 0x00, 0xff, 0xd0, 0x98, 0x00, 0xff,
    0xd0, 0x98, 0x00, 0xff, 0xc8, 0x98, 0x00, 0xff, 0xd0, 0x98, 0x00, 0xff,
    0xd0, 0x98, 0x00, 0xff, 0xc8, 0x9c, 0x00, 0xff, 0xd0, 0x98, 0x00, 0xff,
    0xd0, 0x98, 0x00, 0xff, 0xc8, 0x9c, 0x00, 0xff, 0xd0, 0x98, 0x00, 0xff,
    0xc8, 0x98, 0x00, 0xff, 0xc8, 0x98, 0x00, 0xff, 0xd0, 0x9c, 0x00, 0xff,
    0xd0, 0x98, 0x00, 0xff, 0xc8, 0x9c, 0x00, 0xff, 0xd0, 0x98, 0x00, 0xff,
    0xc8, 0x9c, 0x00, 0xff, 0xc8, 0x98, 0x00, 0xff, 0xd0, 0x98, 0x00, 0xff,
    0xd0, 0x9c, 0x00, 0xff, 0xd0, 0x98, 0x00, 0xff, 0xc8, 0x98, 0x00, 0xff,
    0xc8, 0x98, 0x00, 0xff, 0xd0, 0x98, 0x00, 0xff, 0xc8, 0x98, 0x00, 0xff,
    0xd0, 0x98, 0x00, 0xff, 0xd0, 0x98, 0x00, 0xff, 0xc8, 0x9c, 0x00, 0xff,
    0xd0, 0x9c, 0x00, 0xff, 0xd0, 0x98, 0x00, 0xff, 0xc8, 0x9c, 0x00, 0xff,
    0xc8, 0x98, 0x00, 0xff, 0xd0, 0x98, 0x00, 0xff, 0xc8, 0x98, 0x00, 0xff,
    0xc8, 0x98, 0x00, 0xff, 0xd0, 0x9c, 0x00, 0xff, 0xc8, 0x98, 0x00, 0xff,
    0xc8, 0x98, 0x00, 0xff, 0xd0, 0x98, 0x00, 0xff, 0xc8, 0x98, 0x00, 0xff,
    0xd0, 0x98, 0x00, 0xff, 0xc8, 0x98, 0x00, 0xff, 0xd0, 0x9c, 0x00, 0xff,
    0xd0, 0x98, 0x00, 0xff, 0xc8, 0x98, 0x00, 0xff, 0xd0, 0x9c, 0x00, 0xff,
    0xc8, 0x98, 0x00, 0xff, 0xd0, 0x98, 0x00, 0xff, 0xc8, 0x9c, 0x00, 0xff,
    0xc8, 0x98, 0x00, 0xff, 0xd0, 0x98, 0x00, 0xff, 0xc8, 0x98, 0x00, 0xff,
    0xc8, 0x98, 0x00, 0xff, 0xd0, 0x98, 0x00, 0xff, 0xc8, 0x98, 0x00, 0xff,
    0xc8, 0x9c, 0x00, 0xff, 0xd0, 0x98, 0x00, 0xff, 0xd0, 0x98, 0x00, 0xff,
    0xc8, 0x9c, 0x00, 0xff, 0xd0, 0x98, 0x00, 0xff, 0xc8, 0x98, 0x00, 0xff,
    0xd0, 0x9c, 0x00, 0xff, 0xc8, 0x98, 0x00, 0xff, 0x00, 0x00, 0x00, 0xff,
    0x00, 0x00, 0x00, 0xff, 0x00, 0x00, 0x00, 0xff, 0x00, 0x00, 0x00, 0xff,
    0xc8, 0x98, 0x00, 0xff, 0xd0, 0x98, 0x00, 0xff, 0xd0, 0x98, 0x00, 0xff,
    0xc8, 0x98, 0x00, 0xff, 0xd0, 0x9c, 0x00, 0xff, 0xd0, 0x98, 0x00, 0xff,
    0xc8, 0x98, 0x00, 0xff, 0xc8, 0x9c, 0x00, 0xff, 0xd0, 0x98, 0x00, 0xff,
    0xc8, 0x9c, 0x00, 0xff, 0xc8, 0x98, 0x00, 0xff, 0xd0, 0x98, 0x00, 0xff,
    0xd0, 0x9c, 0x00, 0xff, 0xc8, 0x98, 0x00, 0xff, 0xd0, 0x98, 0x00, 0xff,
    0xc8, 0x98, 0x00, 0xff, 0xc8, 0x9c, 0x00, 0xff, 0xd0, 0x98, 0x00, 0xff,
    0xc8, 0x98, 0x00, 0xff, 0xd0, 0x98, 0x00, 0xff, 0xd0, 0x98, 0x00, 0xff,
    0xc8, 0x98, 0x00, 0xff, 0xd0, 0x98, 0x00, 0xff, 0xd0, 0x9c, 0x00, 0xff,
    0xc8, 0x98, 0x00, 0xff, 0xd0, 0x98, 0x00, 0xff, 0xd0, 0x98, 0x00, 0xff,
    0xc8, 0x9c, 0x00, 0xff, 0xd0, 0x98, 0x00, 0xff, 0xc8, 0x98, 0x00, 0xff,
    0xc8, 0x9c, 0x00, 0xff, 0xd0, 0x98, 0x00, 0xff, 0xc8, 0x98, 0x00, 0xff,
    0xd0, 0x9c, 0x00, 0xff, 0xd0, 0x98, 0x00, 0xff, 0xc8, 0x98, 0x00, 0xff,
    0xd0, 0x9c, 0x00, 0xff, 0xd0, 0x98, 0x00, 0xff, 0xc8, 0x98, 0x00, 0xff,
    0xd0, 0x98, 0x00, 0xff, 0xd0, 0x9c, 0x00, 0xff, 0xc8, 0x98, 0x00, 0xff,
    0xc8, 0x9c, 0x00, 0xff, 0xd0, 0x98, 0x00, 0xff, 0xc8, 0x9c, 0x00, 0xff,
    0xc8, 0x98, 0x00, 0xff, 0xd0, 0x98, 0x00, 0xff, 0xc8, 0x9c, 0x00, 0xff,
    0xd0, 0x98, 0x00, 0xff, 0xd0, 0x98, 0x00, 0xff, 0xc8, 0x98, 0x00, 0xff,
    0xd0, 0x9c, 0x00, 0xff, 0xc8, 0x98, 0x00, 0xff, 0xc8, 0x98, 0x00, 0xff,
    0xd0, 0x98, 0x00, 0xff, 0xc8, 0x98, 0x00, 0xff, 0xc8, 0x98, 0x00, 0xff,
    0xd0, 0x9c, 0x00, 0xff, 0xc8, 0x98, 0x00, 0xff, 0xc8, 0x98, 0x00, 0xff,
    0xd0, 0x9c, 0x00, 0xff, 0xc8, 0x98, 0x00, 0xff, 0xc8, 0x98, 0x00, 0xff,
    0xd0, 0x98, 0x00, 0xff, 0xc8, 0x98, 0x00, 0xff, 0xd0, 0x9c, 0x00, 0xff,
    0xd0, 0x98, 0x00, 0xff, 0xc8, 0x98, 0x00, 0xff, 0xd0, 0x9c, 0x00, 0xff,
    0xd0, 0x98, 0x00, 0xff, 0xc8, 0x98, 0x00, 0xff, 0xd0, 0x98, 0x00, 0xff,
    0xd0, 0x9c, 0x00, 0xff, 0xc8, 0x98, 0x00, 0xff, 0xc8, 0x98, 0x00, 0xff,
    0xd0, 0x9c, 0x00, 0xff, 0xc8, 0x98, 0x00, 0xff, 0xc8, 0x98, 0x00, 0xff,
    0xd0, 0x9c, 0x00, 0xff, 0xd0, 0x98, 0x00, 0xff, 0xc8, 0x98, 0x00, 0xff,
    0xc8, 0x9c, 0x00, 0xff, 0xd0, 0x98, 0x00, 0xff, 0xc8, 0x98, 0x00, 0xff,
    0xc8, 0x98, 0x00, 0xff, 0xd0, 0x98, 0x00, 0xff, 0xc8, 0x98, 0x00, 0xff,
    0xd0, 0x98, 0x00, 0xff, 0xd0, 0x9c, 0x00, 0xff, 0xc8, 0x98, 0x00, 0xff,
    0xd0, 0x98, 0x00, 0xff, 0xd0, 0x9c, 0x00, 0xff, 0xc8, 0x98, 0x00, 0xff,
    0xd0, 0x98, 0x00, 0xff, 0xd0, 0x98, 0x00, 0xff, 0xc8, 0x9c, 0x00, 0xff,
    0xd0, 0x9c, 0x00, 0xff, 0xc8, 0x98, 0x00, 0xff, 0xc8, 0x98, 0x00, 0xff,
    0xd0, 0x98, 0x00, 0xff, 0xc8, 0x9c, 0x00, 0xff, 0xd0, 0x98, 0x00, 0xff,
    0xc8, 0x98, 0x00, 0xff, 0xd0, 0x98, 0x00, 0xff, 0xd0, 0x98, 0x00, 0xff,
    0xc8, 0x98, 0x00, 0xff, 0xd0, 0x98, 0x00, 0xff, 0xd0, 0x9c, 0x00, 0xff,
    0xc8, 0x98, 0x00, 0xff, 0xd0, 0x98, 0x00, 0xff, 0xd0, 0x9c, 0x00, 0xff,
    0xc8, 0x98, 0x00, 0xff, 0xc8, 0x98, 0x00, 0xff, 0xd0, 0x98, 0x00, 0xff,
    0xc8, 0x9c, 0x00, 0xff, 0xc8, 0x98, 0x00, 0xff, 0xd0, 0x98, 0x00, 0xff,
    0xc8, 0x98, 0x00, 0xff, 0xd0, 0x98, 0x00, 0xff, 0xc8, 0x9c, 0x00, 0xff,
    0x00, 0x00, 0x00, 0xff, 0x00, 0x00, 0x00, 0xff, 0x00, 0x00, 0x00, 0xff,
    0x00, 0x00, 0x00, 0xff, 0xc8, 0x98, 0x00, 0xff, 0xd0, 0x9c, 0x00, 0xff,
    0xc8, 0x98, 0x00, 0xff, 0xc8, 0x98, 0x00, 0xff, 0xd0, 0x98, 0x00, 0xff,
    0xd0, 0x98, 0x00, 0xff, 0xc8, 0x98, 0x00, 0xff, 0xd0, 0x98, 0x00, 0xff,
    0xd0, 0x9c, 0x00, 0xff, 0xc8, 0x98, 0x00, 0xff, 0xd0, 0x98, 0x00, 0xff,
    0xc8, 0x9c, 0x00, 0xff, 0xc8, 0x98, 0x00, 0xff, 0xd0, 0x98, 0x00, 0xff,
    0xd0, 0x98, 0x00, 0xff, 0xc8, 0x9c, 0x00, 0xff, 0xd0, 0x98, 0x00, 0xff,
    0xc8, 0x98, 0x00, 0xff, 0xc8, 0x9c, 0x00, 0xff, 0xd0, 0x98, 0x00, 0xff,
    0xc8, 0x9c, 0x00, 0xff, 0xc8, 0x98, 0x00, 0xff, 0xd0, 0x98, 0x00, 0xff,
    0xc8, 0x98, 0x00, 0xff, 0xc8, 0x98, 0x00, 0xff, 0xd0, 0x98, 0x00, 0xff,
    0xc8, 0x98, 0x00, 0xff, 0xd0, 0x98, 0x00, 0xff, 0xd0, 0x98, 0x00, 0xff,
    0xc8, 0x98, 0x00, 0xff, 0xd0, 0x9c, 0x00, 0xff, 0xc8, 0x98, 0x00, 0xff,
    0xc8, 0x98, 0x00, 0xff, 0xd0, 0x98, 0x00, 0xff, 0xc8, 0x98, 0x00, 0xff,
    0xd0, 0x9c, 0x00, 0xff, 0xc8, 0x98, 0x00, 0xff, 0xc8, 0x98, 0x00, 0xff,
    0xd0, 0x9c, 0x00, 0xff, 0xc8, 0x98, 0x00, 0xff, 0xd0, 0x98, 0x00, 0xff,
    0xd0, 0x98, 0x00, 0xff, 0xc8, 0x98, 0x00, 0xff, 0xd0, 0x9c, 0x00, 0xff,
    0xd0, 0x98, 0x00, 0xff, 0xc8, 0x98, 0x00, 0xff, 0xc8, 0x9c, 0x00, 0xff,
    0xd0, 0x98, 0x00, 0xff, 0xc8, 0x98, 0x00, 0xff, 0xc8, 0x98, 0x00, 0xff,
    0xd0, 0x98, 0x00, 0xff, 0xd0, 0x9c, 0x00, 0xff, 0xc8, 0x98, 0x00, 0xff,
    0xd0, 0x98, 0x00, 0xff, 0xd0, 0x9c, 0x00, 0xff, 0xc8, 0x98, 0x00, 0xff,
    0xd0, 0x98, 0x00, 0xff, 0xd0, 0x98, 0x00, 0xff, 0xc8, 0x9c, 0x00, 0xff,
    0xd0, 0x98, 0x00, 0xff, 0xd0, 0x98, 0x00, 0xff, 0xc8, 0x9c, 0x00, 0xff,
    0xd0, 0x98, 0x00, 0xff, 0xc8, 0x98, 0x00, 0xff, 0xc8, 0x98, 0x00, 0xff,
    0xd0, 0x98, 0x00, 0xff, 0xc8, 0x98, 0x00, 0xff, 0xc8, 0x98, 0x00, 0xff,
    0xd0, 0x98, 0x00, 0xff, 0xc8, 0x98, 0x00, 0xff, 0xc8, 0x98, 0x00, 0xff,
    0xc8, 0x98, 0x00, 0xff, 0xd0, 0x98, 0x00, 0xff, 0xd0, 0x98, 0x00, 0xff,
    0xc8, 0x98, 0x00, 0xff, 0xd0, 0x98, 0x00, 0xff, 0xc8, 0x98, 0x00, 0xff,
    0xc8, 0x98, 0x00, 0xff, 0xd0, 0x9c, 0x00, 0xff, 0xd0, 0x98, 0x00, 0xff,
    0xc8, 0x98, 0x00, 0xff, 0xd0, 0x9c, 0x00, 0xff, 0xc8, 0x98, 0x00, 0xff,
    0xd0, 0x98, 0x00, 0xff, 0xd0, 0x98, 0x00, 0xff, 0xc8, 0x98, 0x00, 0xff,
    0xc8, 0x9c, 0x00, 0xff, 0xd0, 0x98, 0x00, 0xff, 0xc8, 0x98, 0x00, 0xff,
    0xc8, 0x9c, 0x00, 0xff, 0xd0, 0x98, 0x00, 0xff, 0xc8, 0x98, 0x00, 0xff,
    0xc8, 0x98, 0x00, 0xff, 0xd0, 0x9c, 0x00, 0xff, 0xc8, 0x98, 0x00, 0xff,
    0xc8, 0x98, 0x00, 0xff, 0xd0, 0x98, 0x00, 0xff, 0xd0, 0x98, 0x00, 0xff,
    0xc8, 0x9c, 0x00, 0xff, 0xc8, 0x98, 0x00, 0xff, 0xd0, 0x98, 0x00, 0xff,
    0xc8, 0x98, 0x00, 0xff, 0xc8, 0x9c, 0x00, 0xff, 0xd0, 0x98, 0x00, 0xff,
    0xc8, 0x9c, 0x00, 0xff, 0xc8, 0x98, 0x00, 0xff, 0xd0, 0x98, 0x00, 0xff,
    0xc8, 0x9c, 0x00, 0xff, 0xc8, 0x98, 0x00, 0xff, 0xd0, 0x98, 0x00, 0xff,
    0xd0, 0x9c, 0x00, 0xff, 0xc8, 0x98, 0x00, 0xff, 0xd0, 0x98, 0x00, 0xff,
    0xd0, 0x98, 0x00, 0xff, 0xc8, 0x98, 0x00, 0xff, 0xd0, 0x98, 0x00, 0xff,
    0xc8, 0x9c, 0x00, 0xff, 0xd0, 0x98, 0x00, 0xff, 0xc8, 0x98, 0x00, 0xff,
    0xd0, 0x98, 0x00, 0xff, 0x00, 0x00, 0x00, 0xff, 0x00, 0x00, 0x00, 0xff,
    0x00, 0x00, 0x00, 0xff, 0x00, 0x00, 0x00, 0xff, 0xd0, 0x98, 0x00, 0xff,
    0xc8, 0x98, 0x00, 0xff, 0xd0, 0x9c, 0x00, 0xff, 0xc8, 0x98, 0x00, 0xff,
    0xc8, 0x9c, 0x00, 0xff, 0xd0, 0x98, 0x00, 0xff, 0xc8, 0x98, 0x00, 0xff,
    0xc8, 0x9c, 0x00, 0xff, 0xd0, 0x98, 0x00, 0xff, 0xc8, 0x98, 0x00, 0xff,
    0xd0, 0x98, 0x00, 0xff, 0xd0, 0x98, 0x00, 0xff, 0xc8, 0x98, 0x00, 0xff,
    0xc8, 0x98, 0x00, 0xff, 0xd0, 0x9c, 0x00, 0xff, 0xd0, 0x98, 0x00, 0xff,
    0xc8, 0x98, 0x00, 0xff, 0xd0, 0x98, 0x00, 0xff, 0xd0, 0x9c, 0x00, 0xff,
    0xc8, 0x98, 0x00, 0xff, 0xd0, 0x98, 0x00, 0xff, 0xd0, 0x9c, 0x00, 0xff,
    0xc8, 0x98, 0x00, 0xff, 0xd0, 0x98, 0x00, 0xff, 0xd0, 0x9c, 0x00, 0xff,
    0xc8, 0x9c, 0x00, 0xff, 0xc8, 0x98, 0x00, 0xff, 0xd0, 0x98, 0x00, 0xff,
    0xc8, 0x9c, 0x00, 0xff, 0xd0, 0x98, 0x00, 0xff, 0xd0, 0x98, 0x00, 0xff,
    0xc8, 0x98, 0x00, 0xff, 0xd0, 0x9c, 0x00, 0xff, 0xc8, 0x98, 0x00, 0xff,
    0xd0, 0x98, 0x00, 0xff, 0xc8, 0x98, 0x00, 0xff, 0xd0, 0x98, 0x00, 0xff,
    0xd0, 0x98, 0x00, 0xff, 0xc8, 0x9c, 0x00, 0xff, 0xc8, 0x98, 0x00, 0xff,
    0xd0, 0x98, 0x00, 0xff, 0xc8, 0x98, 0x00, 0xff, 0xc8, 0x98, 0x00, 0xff,
    0xd0, 0x98, 0x00, 0xff, 0xd0, 0x98, 0x00, 0xff, 0xc8, 0x98, 0x00, 0xff,
    0xd0, 0x98, 0x00, 0xff, 0xd0, 0x9c, 0x00, 0xff, 0xc8, 0x98, 0x00, 0xff,
    0xc8, 0x98, 0x00, 0xff, 0xd0, 0x9c, 0x00, 0xff, 0xc8, 0x98, 0x00, 0xff,
    0xd0, 0x98, 0x00, 0xff, 0xc8, 0x98, 0x00, 0xff, 0xc8, 0x9c, 0x00, 0xff,
    0xd0, 0x98, 0x00, 0xff, 0xc8, 0x98, 0x00, 0xff, 0xc8, 0x9c, 0x00, 0xff,
    0xd0, 0x98, 0x00, 0xff, 0xc8, 0x98, 0x00, 0xff, 0xc8, 0x98, 0x00, 0xff,
    0xd0, 0x98, 0x00, 0xff, 0xd0, 0x9c, 0x00, 0xff, 0xc8, 0x98, 0x00, 0xff,
    0xd0, 0x9c, 0x00, 0xff, 0xd0, 0x98, 0x00, 0xff, 0xc8, 0x9c, 0x00, 0xff,
    0xd0, 0x98, 0x00, 0xff, 0xd0, 0x9c, 0x00, 0xff, 0xc8, 0x98, 0x00, 0xff,
    0xd0, 0x9c, 0x00, 0xff, 0xc8, 0x98, 0x00, 0xff, 0xc8, 0x9c, 0x00, 0xff,
    0xd0, 0x98, 0x00, 0xff, 0xd0, 0x9c, 0x00, 0xff, 0xc8, 0x98, 0x00, 0xff,
    0xd0, 0x98, 0x00, 0xff, 0xd0, 0x9c, 0x00, 0xff, 0xc8, 0x98, 0x00, 0xff,
    0xc8, 0x98, 0x00, 0xff, 0xd0, 0x98, 0x00, 0xff, 0xc8, 0x98, 0x00, 0xff,
    0xd0, 0x9c, 0x00, 0xff, 0xc8, 0x98, 0x00, 0xff, 0xd0, 0x9c, 0x00, 0xff,
    0xc8, 0x98, 0x00, 0xff, 0xd0, 0x98, 0x00, 0xff, 0xd0, 0x98, 0x00, 0xff,
    0xc8, 0x98, 0x00, 0xff, 0xd0, 0x98, 0x00, 0xff, 0xd0, 0x9c, 0x00, 0xff,
    0xc8, 0x98, 0x00, 0xff, 0xd0, 0x98, 0x00, 0xff, 0xd0, 0x98, 0x00, 0xff,
    0xc8, 0x9c, 0x00, 0xff, 0xd0, 0x98, 0x00, 0xff, 0xc8, 0x98, 0x00, 0xff,
    0xd0, 0x98, 0x00, 0xff, 0xd0, 0x98, 0x00, 0xff, 0xc8, 0x9c, 0x00, 0xff,
    0xd0, 0x98, 0x00, 0xff, 0xd0, 0x98, 0x00, 0xff, 0xc8, 0x98, 0x00, 0xff,
    0xd0, 0x9c, 0x00, 0xff, 0xd0, 0x98, 0x00, 0xff, 0xc8, 0x98, 0x00, 0xff,
    0xd0, 0x98, 0x00, 0xff, 0xc8, 0x98, 0x00, 0xff, 0xd0, 0x98, 0x00, 0xff,
    0xc8, 0x98, 0x00, 0xff, 0xc8, 0x98, 0x00, 0xff, 0xd0, 0x9c, 0x00, 0xff,
    0xc8, 0x98, 0x00, 0xff, 0xc8, 0x9c, 0x00, 0xff, 0xd0, 0x98, 0x00, 0xff,
    0xd0, 0x98, 0x00, 0xff, 0xc8, 0x9c, 0x00, 0xff, 0xd0, 0x98, 0x00, 0xff,
    0xd0, 0x98, 0x00, 0xff, 0xc8, 0x98, 0x00, 0xff, 0x00, 0x00, 0x00, 0xff,
    0x00, 0x00, 0x00, 0xff, 0x00, 0x00, 0x00, 0xff, 0x00, 0x00, 0x00, 0xff,
    0xc8, 0x98, 0x00, 0xff, 0xd0, 0x98, 0x00, 0xff, 0xd0, 0x98, 0x00, 0xff,
    0xc8, 0x9c, 0x00, 0xff, 0xd0, 0x98, 0x00, 0xff, 0xd0, 0x98, 0x00, 0xff,
    0xc8, 0x9c, 0x00, 0xff, 0xd0, 0x98, 0x00, 0xff, 0xc8, 0x98, 0x00, 0xff,
    0xc8, 0x98, 0x00, 0xff, 0xd0, 0x9c, 0x00, 0xff, 0xd0, 0x98, 0x00, 0xff,
    0xc8, 0x98, 0x00, 0xff, 0xc8, 0x9c, 0x00, 0xff, 0xd0, 0x98, 0x00, 0xff,
    0xc8, 0x98, 0x00, 0xff, 0xc8, 0x98, 0x00, 0xff, 0xd0, 0x9c, 0x00, 0xff,
    0xc8, 0x98, 0x00, 0xff, 0xc8, 0x98, 0x00, 0xff, 0xd0, 0x98, 0x00, 0xff,
    0xc8, 0x98, 0x00, 0xff, 0xc8, 0x9c, 0x00, 0xff, 0xd0, 0x98, 0x00, 0xff,
    0xd0, 0x98, 0x00, 0xff, 0xc8, 0x98, 0x00, 0xff, 0xd0, 0x98, 0x00, 0xff,
    0xc8, 0x9c, 0x00, 0xff, 0xc8, 0x98, 0x00, 0xff, 0xd0, 0x98, 0x00, 0xff,
    0xc8, 0x98, 0x00, 0xff, 0xd0, 0x9c, 0x00, 0xff, 0xc8, 0x98, 0x00, 0xff,
    0xd0, 0x98, 0x00, 0xff, 0xc8, 0x9c, 0x00, 0xff, 0xc8, 0x98, 0x00, 0xff,
    0xd0, 0x98, 0x00, 0xff, 0xd0, 0x9c, 0x00, 0xff, 0xc8, 0x98, 0x00, 0xff,
    0xd0, 0x98, 0x00, 0xff, 0xd0, 0x9c, 0x00, 0xff, 0xc8, 0x9c, 0x00, 0xff,
    0xc8, 0x98, 0x00, 0xff, 0xd0, 0x9c, 0x00, 0xff, 0xc8, 0x98, 0x00, 0xff,
    0xc8, 0x98, 0x00, 0xff, 0xd0, 0x9c, 0x00, 0xff, 0xd0, 0x98, 0x00, 0xff,
    0xc8, 0x98, 0x00, 0xff, 0xd0, 0x9c, 0x00, 0xff, 0xd0, 0x98, 0x00, 0xff,
    0xc8, 0x98, 0x00, 0xff, 0xd0, 0x98, 0x00, 0xff, 0xc8, 0x9c, 0x00, 0xff,
    0xd0, 0x98, 0x00, 0xff, 0xd0, 0x98, 0x00, 0xff, 0xc8, 0x98, 0x00, 0xff,
    0xd0, 0x98, 0x00, 0xff, 0xd0, 0x98, 0x00, 0xff, 0xc8, 0x9c, 0x00, 0xff,
    0xc8, 0x98, 0x00, 0xff, 0xd0, 0x98, 0x00, 0xff, 0xc8, 0x98, 0x00, 0xff,
    0xc8, 0x98, 0x00, 0xff, 0xd0, 0x98, 0x00, 0xff, 0xc8, 0x9c, 0x00, 0xff,
    0xc8, 0x98, 0x00, 0xff, 0xd0, 0x98, 0x00, 0xff, 0xc8, 0x98, 0x00, 0xff,
    0xd0, 0x9c, 0x00, 0xff, 0xd0, 0x98, 0x00, 0xff, 0xd0, 0x98, 0x00, 0xff,
    0xc8, 0x98, 0x00, 0xff, 0xc8, 0x9c, 0x00, 0xff, 0xd0, 0x98, 0x00, 0xff,
    0xc8, 0x98, 0x00, 0xff, 0xd0, 0x9c, 0x00, 0xff, 0xd0, 0x98, 0x00, 0xff,
    0xc8, 0x98, 0x00, 0xff, 0xd0, 0x9c, 0x00, 0xff, 0xc8, 0x98, 0x00, 0xff,
    0xd0, 0x98, 0x00, 0xff, 0xc8, 0x98, 0x00, 0xff, 0xc8, 0x98, 0x00, 0xff,
    0xd0, 0x98, 0x00, 0xff, 0xc8, 0x9c, 0x00, 0xff, 0xd0, 0x98, 0x00, 0xff,
    0xc8, 0x9c, 0x00, 0xff, 0xc8, 0x98, 0x00, 0xff, 0xd0, 0x98, 0x00, 0xff,
    0xc8, 0x98, 0x00, 0xff, 0xc8, 0x9c, 0x00, 0xff, 0xd0, 0x98, 0x00, 0xff,
    0xc8, 0x98, 0x00, 0xff, 0xd0, 0x98, 0x00, 0xff, 0xc8, 0x9c, 0x00, 0xff,
    0xc8, 0x98, 0x00, 0xff, 0xd0, 0x98, 0x00, 0xff, 0xc8, 0x9c, 0x00, 0xff,
    0xc8, 0x98, 0x00, 0xff, 0xd0, 0x98, 0x00, 0xff, 0xc8, 0x98, 0x00, 0xff,
    0xd0, 0x98, 0x00, 0xff, 0xc8, 0x98, 0x00, 0xff, 0xc8, 0x98, 0x00, 0xff,
    0xd0, 0x9c, 0x00, 0xff, 0xc8, 0x98, 0x00, 0xff, 0xd0, 0x9c, 0x00, 0xff,
    0xd0, 0x9c, 0x00, 0xff, 0xc8, 0x98, 0x00, 0xff, 0xd0, 0x98, 0x00, 0xff,
    0xd0, 0x98, 0x00, 0xff, 0xc8, 0x98, 0x00, 0xff, 0xc8, 0x9c, 0x00, 0xff,
    0xd0, 0x98, 0x00, 0xff, 0xc8, 0x98, 0x00, 0xff, 0xc8, 0x98, 0x00, 0xff,
    0xd0, 0x9c, 0x00, 0xff, 0xc8, 0x98, 0x00, 0xff, 0xc8, 0x9c, 0x00, 0xff,
    0x00, 0x00, 0x00, 0xff, 0x00, 0x00, 0x00, 0xff, 0x00, 0x00, 0x00, 0xff,
    0x00, 0x00, 0x00, 0xff, 0xc8, 0x98, 0x00, 0xff, 0xd0, 0x9c, 0x00, 0xff,
    0xc8, 0x98, 0x00, 0xff, 0xc8, 0x98, 0x00, 0xff, 0xd0, 0x98, 0x00, 0xff,
    0xc8, 0x98, 0x00, 0xff, 0xd0, 0x98, 0x00, 0xff, 0xd0, 0x98, 0x00, 0xff,
    0xc8, 0x98, 0x00, 0xff, 0xd0, 0x9c, 0x00, 0xff, 0xc8, 0x98, 0x00, 0xff,
    0xc8, 0x98, 0x00, 0xff, 0xd0, 0x9c, 0x00, 0xff, 0xd0, 0x98, 0x00, 0xff,
    0xc8, 0x98, 0x00, 0xff, 0xd0, 0x98, 0x00, 0xff, 0xd0, 0x9c, 0x00, 0xff,
    0xc8, 0x98, 0x00, 0xff, 0xd0, 0x98, 0x00, 0xff, 0xd0, 0x98, 0x00, 0xff,
    0xc8, 0x9c, 0x00, 0xff, 0xd0, 0x98, 0x00, 0xff, 0xc8, 0x98, 0x00, 0xff,
    0xc8, 0x98, 0x00, 0xff, 0xd0, 0x98, 0x00, 0xff, 0xc8, 0x98, 0x00, 0xff,
    0xd0, 0x9c, 0x00, 0xff, 0xd0, 0x98, 0x00, 0xff, 0xc8, 0x98, 0x00, 0xff,
    0xc8, 0x98, 0x00, 0xff, 0xd0, 0x9c, 0x00, 0xff, 0xc8, 0x98, 0x00, 0xff,
    0xd0, 0x98, 0x00, 0xff, 0xd0, 0x98, 0x00, 0xff, 0xc8, 0x9c, 0x00, 0xff,
    0xd0, 0x98, 0x00, 0xff, 0xc8, 0x98, 0x00, 0xff, 0xc8, 0x98, 0x00, 0xff,
    0xd0, 0x98, 0x00, 0xff, 0xc8, 0x98, 0x00, 0xff, 0xd0, 0x98, 0x00, 0xff,
    0xd0, 0x98, 0x00, 0xff, 0xc8, 0x98, 0x00, 0xff, 0xd0, 0x98, 0x00, 0xff,
    0xd0, 0x9c, 0x00, 0xff, 0xc8, 0x98, 0x00, 0xff, 0xc8, 0x98, 0x00, 0xff,
    0xd0, 0x98, 0x00, 0xff, 0xc8, 0x98, 0x00, 0xff, 0xd0, 0x98, 0x00, 0xff,
    0xc8, 0x98, 0x00, 0xff, 0xc8, 0x98, 0x00, 0xff, 0xd0, 0x9c, 0x00, 0xff,
    0xd0, 0x98, 0x00, 0xff, 0xc8, 0x98, 0x00, 0xff, 0xc8, 0x9c, 0x00, 0xff,
    0xd0, 0x98, 0x00, 0xff, 0xc8, 0x98, 0x00, 0xff, 0xd0, 0x9c, 0x00, 0xff,
    0xd0, 0x98, 0x00, 0xff, 0xc8, 0x98, 0x00, 0xff, 0xd0, 0x9c, 0x00, 0xff,
    0xd0, 0x98, 0x00, 0xff, 0xc8, 0x98, 0x00, 0xff, 0xd0, 0x98, 0x00, 0xff,
    0xd0, 0x98, 0x00, 0xff, 0xc8, 0x98, 0x00, 0xff, 0xc8, 0x98, 0x00, 0xff,
    0xd0, 0x98, 0x00, 0xff, 0xc8, 0x98, 0x00, 0xff, 0xc8, 0x98, 0x00, 0xff,
    0xd0, 0x98, 0x00, 0xff, 0xd0, 0x98, 0x00, 0xff, 0xc8, 0x98, 0x00, 0xff,
    0xc8, 0x98, 0x00, 0xff, 0xd0, 0x98, 0x00, 0xff, 0xc8, 0x98, 0x00, 0xff,
    0xc8, 0x98, 0x00, 0xff, 0xd0, 0x98, 0x00, 0xff, 0xc8, 0x9c, 0x00, 0xff,
    0xd0, 0x98, 0x00, 0xff, 0xd0, 0x98, 0x00, 0xff, 0xc8, 0x9c, 0x00, 0xff,
    0xd0, 0x98, 0x00, 0xff, 0xd0, 0x98, 0x00, 0xff, 0xc8, 0x98, 0x00, 0xff,
    0xc8, 0x98, 0x00, 0xff, 0xd0, 0x9c, 0x00, 0xff, 0xd0, 0x98, 0x00, 0xff,
    0xc8, 0x98, 0x00, 0xff, 0xd0, 0x98, 0x00, 0xff, 0xd0, 0x98, 0x00, 0xff,
    0xc8, 0x9c, 0x00, 0xff, 0xc8, 0x98, 0x00, 0xff, 0xd0, 0x98, 0x00, 0xff,
    0xd0, 0x98, 0x00, 0xff, 0xc8, 0x9c, 0x00, 0xff, 0xd0, 0x98, 0x00, 0xff,
    0xd0, 0x98, 0x00, 0xff, 0xc8, 0x98, 0x00, 0xff, 0xd0, 0x9c, 0x00, 0xff,
    0xc8, 0x9c, 0x00, 0xff, 0xd0, 0x98, 0x00, 0xff, 0xd0, 0x98, 0x00, 0xff,
    0xc8, 0x9c, 0x00, 0xff, 0xd0, 0x98, 0x00, 0xff, 0xc8, 0x98, 0x00, 0xff,
    0xc8, 0x98, 0x00, 0xff, 0xd0, 0x98, 0x00, 0xff, 0xc8, 0x9c, 0x00, 0xff,
    0xc8, 0x98, 0x00, 0xff, 0xd0, 0x98, 0x00, 0xff, 0xd0, 0x98, 0x00, 0xff,
    0xc8, 0x98, 0x00, 0xff, 0xd0, 0x9c, 0x00, 0xff, 0xd0, 0x98, 0x00, 0xff,
    0xc8, 0x98, 0x00, 0xff, 0xd0, 0x98, 0x00, 0xff, 0xd0, 0x98, 0x00, 0xff,
    0xc8, 0x98, 0x00, 0xff, 0x00, 0x00, 0x00, 0xff, 0x00, 0x00, 0x00, 0xff,
    0x00, 0x00, 0x00, 0xff, 0x00, 0x00, 0x00, 0xff, 0xd0, 0x98, 0x00, 0xff,
    0xc8, 0x98, 0x00, 0xff, 0xd0, 0x9c, 0x00, 0xff, 0xd0, 0x98, 0x00, 0xff,
    0xc8, 0x98, 0x00, 0xff, 0xc8, 0x9c, 0x00, 0xff, 0xd0, 0x98, 0x00, 0xff,
    0xc8, 0x98, 0x00, 0xff, 0xd0, 0x9c, 0x00, 0xff, 0xd0, 0x98, 0x00, 0xff,
    0xc8, 0x98, 0x00, 0xff, 0xc8, 0x98, 0x00, 0xff, 0xd0, 0x98, 0x00, 0xff,
    0xc8, 0x9c, 0x00, 0xff, 0xc8, 0x98, 0x00, 0xff, 0xd0, 0x98, 0x00, 0xff,
    0xc8, 0x98, 0x00, 0xff, 0xc8, 0x98, 0x00, 0xff, 0xd0, 0x98, 0x00, 0xff,
    0xc8, 0x9c, 0x00, 0xff, 0xd0, 0x98, 0x00, 0xff, 0xd0, 0x98, 0x00, 0xff,
    0xc8, 0x9c, 0x00, 0xff, 0xd0, 0x98, 0x00, 0xff, 0xc8, 0x9c, 0x00, 0xff,
    0xc8, 0x98, 0x00, 0xff, 0xd0, 0x98, 0x00, 0xff, 0xd0, 0x98, 0x00, 0xff,
    0xc8, 0x9c, 0x00, 0xff, 0xd0, 0x98, 0x00, 0xff, 0xd0, 0x98, 0x00, 0xff,
    0xc8, 0x98, 0x00, 0xff, 0xc8, 0x98, 0x00, 0xff, 0xd0, 0x9c, 0x00, 0xff,
    0xd0, 0x98, 0x00, 0xff, 0xc8, 0x98, 0x00, 0xff, 0xd0, 0x9c, 0x00, 0xff,
    0xc8, 0x98, 0x00, 0xff, 0xd0, 0x9c, 0x00, 0xff, 0xc8, 0x98, 0x00, 0xff,
    0xc8, 0x98, 0x00, 0xff, 0xd0, 0x9c, 0x00, 0xff, 0xc8, 0x98, 0x00, 0xff,
    0xc8, 0x98, 0x00, 0xff, 0xd0, 0x98, 0x00, 0xff, 0xd0, 0x9c, 0x00, 0xff,
    0xc8, 0x98, 0x00, 0xff, 0xc8, 0x98, 0x00, 0xff, 0xd0, 0x9c, 0x00, 0xff,
    0xc8, 0x98, 0x00, 0xff, 0xd0, 0x98, 0x00, 0xff, 0xc8, 0x9c, 0x00, 0xff,
    0xc8, 0x98, 0x00, 0xff, 0xd0, 0x98, 0x00, 0xff, 0xc8, 0x98, 0x00, 0xff,
    0xd0, 0x9c, 0x00, 0xff, 0xc8, 0x98, 0x00, 0xff, 0xc8, 0x98, 0x00, 0xff,
    0xd0, 0x9c, 0x00, 0xff, 0xc8, 0x98, 0x00, 0xff, 0xc8, 0x98, 0x00, 0xff,
    0xd0, 0x9c, 0x00, 0xff, 0xc8, 0x98, 0x00, 0xff, 0xd0, 0x9c, 0x00, 0xff,
    0xc8, 0x9c, 0x00, 0xff, 0xd0, 0x98, 0x00, 0xff, 0xd0, 0x9c, 0x00, 0xff,
    0xc8, 0x98, 0x00, 0xff, 0xd0, 0x9c, 0x00, 0xff, 0xc8, 0x98, 0x00, 0xff,
    0xc8, 0x9c, 0x00, 0xff, 0xd0, 0x9c, 0x00, 0xff, 0xc8, 0x98, 0x00, 0xff,
    0xd0, 0x98, 0x00, 0xff, 0xd0, 0x9c, 0x00, 0xff, 0xc8, 0x98, 0x00, 0xff,
    0xd0, 0x9c, 0x00, 0xff, 0xc8, 0x98, 0x00, 0xff, 0xd0, 0x98, 0x00, 0xff,
    0xc8, 0x98, 0x00, 0xff, 0xc8, 0x98, 0x00, 0xff, 0xd0, 0x9c, 0x00, 0xff,
    0xc8, 0x98, 0x00, 0xff, 0xd0, 0x98, 0x00, 0xff, 0xc8, 0x9c, 0x00, 0xff,
    0xd0, 0x98, 0x00, 0xff, 0xd0, 0x98, 0x00, 0xff, 0xc8, 0x98, 0x00, 0xff,
    0xd0, 0x9c, 0x00, 0xff, 0xc8, 0x98, 0x00, 0xff, 0xc8, 0x98, 0x00, 0xff,
    0xd0, 0x9c, 0x00, 0xff, 0xd0, 0x98, 0x00, 0xff, 0xc8, 0x98, 0x00, 0xff,
    0xd0, 0x9c, 0x00, 0xff, 0xc8, 0x98, 0x00, 0xff, 0xc8, 0x98, 0x00, 0xff,
    0xd0, 0x98, 0x00, 0xff, 0xc8, 0x98, 0x00, 0xff, 0xd0, 0x98, 0x00, 0xff,
    0xc8, 0x98, 0x00, 0xff, 0xd0, 0x98, 0x00, 0xff, 0xc8, 0x98, 0x00, 0xff,
    0xc8, 0x9c, 0x00, 0xff, 0xd0, 0x98, 0x00, 0xff, 0xd0, 0x98, 0x00, 0xff,
    0xc8, 0x98, 0x00, 0xff, 0xd0, 0x98, 0x00, 0xff, 0xd0, 0x98, 0x00, 0xff,
    0xc8, 0x98, 0x00, 0xff, 0xc8, 0x9c, 0x00, 0xff, 0xd0, 0x98, 0x00, 0xff,
    0xc8, 0x98, 0x00, 0xff, 0xd0, 0x9c, 0x00, 0xff, 0xc8, 0x98, 0x00, 0xff,
    0xc8, 0x98, 0x00, 0xff, 0xd0, 0x9c, 0x00, 0xff, 0xc8, 0x98, 0x00, 0xff,
    0xd0, 0x98, 0x00, 0xff, 0xd0, 0x98, 0x00, 0xff, 0x00, 0x00, 0x00, 0xff,
    0x00, 0x00, 0x00, 0xff, 0x00, 0x00, 0x00, 0xff, 0x00, 0x00, 0x00, 0xff,
    0xc8, 0x98, 0x00, 0xff, 0xd0, 0x98, 0x00, 0xff, 0xc8, 0x98, 0x00, 0xff,
    0xd0, 0x98, 0x00, 0xff, 0xc8, 0x9c, 0x00, 0xff, 0xd0, 0x98, 0x00, 0xff,
    0xc8, 0x98, 0x00, 0xff, 0xc8, 0x9c, 0x00, 0xff, 0xd0, 0x98, 0x00, 0xff,
    0xc8, 0x98, 0x00, 0xff, 0xd0, 0x9c, 0x00, 0xff, 0xd0, 0x98, 0x00, 0xff,
    0xc8, 0x98, 0x00, 0xff, 0xd0, 0x98, 0x00, 0xff, 0xd0, 0x9c, 0x00, 0xff,
    0xc8, 0x98, 0x00, 0xff, 0xd0, 0x9c, 0x00, 0xff, 0xd0, 0x98, 0x00, 0xff,
    0xc8, 0x98, 0x00, 0xff, 0xc8, 0x9c, 0x00, 0xff, 0xd0, 0x98, 0x00, 0xff,
    0xc8, 0x98, 0x00, 0xff, 0xd0, 0x98, 0x00, 0xff, 0xd0, 0x98, 0x00, 0xff,
    0xc8, 0x98, 0x00, 0xff, 0xd0, 0x9c, 0x00, 0xff, 0xc8, 0x98, 0x00, 0xff,
    0xc8, 0x98, 0x00, 0xff, 0xd0, 0x98, 0x00, 0xff, 0xc8, 0x9c, 0x00, 0xff,
    0xd0, 0x98, 0x00, 0xff, 0xc8, 0x98, 0x00, 0xff, 0xc8, 0x9c, 0x00, 0xff,
    0xd0, 0x98, 0x00, 0xff, 0xc8, 0x98, 0x00, 0xff, 0xc8, 0x98, 0x00, 0xff,
    0xd0, 0x98, 0x00, 0xff, 0xd0, 0x9c, 0x00, 0xff, 0xc8, 0x98, 0x00, 0xff,
    0xd0, 0x98, 0x00, 0xff, 0xc8, 0x9c, 0x00, 0xff, 0xd0, 0x98, 0x00, 0xff,
    0xd0, 0x98, 0x00, 0xff, 0xc8, 0x9c, 0x00, 0xff, 0xc8, 0x98, 0x00, 0xff,
    0xd0, 0x98, 0x00, 0xff, 0xd0, 0x98, 0x00, 0xff, 0xc8, 0x9c, 0x00, 0xff,
    0xd0, 0x98, 0x00, 0xff, 0xd0, 0x98, 0x00, 0xff, 0xc8, 0x9c, 0x00, 0xff,
    0xd0, 0x98, 0x00, 0xff, 0xd0, 0x98, 0x00, 0xff, 0xc8, 0x98, 0x00, 0xff,
    0xd0, 0x98, 0x00, 0xff, 0xd0, 0x98, 0x00, 0xff, 0xc8, 0x98, 0x00, 0xff,
    0xd0, 0x98, 0x00, 0xff, 0xd0, 0x98, 0x00, 0xff, 0xc8, 0x98, 0x00, 0xff,
    0xd0, 0x98, 0x00, 0xff, 0xc8, 0x98, 0x00, 0xff, 0xd0, 0x98, 0x00, 0xff,
    0xc8, 0x98, 0x00, 0xff, 0xc8, 0x98, 0x00, 0xff, 0xd0, 0x98, 0x00, 0xff,
    0xc8, 0x98, 0x00, 0xff, 0xd0, 0x9c, 0x00, 0xff, 0xd0, 0x98, 0x00, 0xff,
    0xc8, 0x98, 0x00, 0xff, 0xd0, 0x98, 0x00, 0xff, 0xc8, 0x98, 0x00, 0xff,
    0xc8, 0x98, 0x00, 0xff, 0xd0, 0x9c, 0x00, 0xff, 0xc8, 0x98, 0x00, 0xff,
    0xd0, 0x98, 0x00, 0xff, 0xc8, 0x9c, 0x00, 0xff, 0xd0, 0x98, 0x00, 0xff,
    0xd0, 0x98, 0x00, 0xff, 0xc8, 0x9c, 0x00, 0xff, 0xd0, 0x98, 0x00, 0xff,
    0xc8, 0x98, 0x00, 0xff, 0xd0, 0x98, 0x00, 0xff, 0xc8, 0x98, 0x00, 0xff,
    0xc8, 0x9c, 0x00, 0xff, 0xd0, 0x98, 0x00, 0xff, 0xc8, 0x98, 0x00, 0xff,
    0xc8, 0x98, 0x00, 0xff, 0xd0, 0x9c, 0x00, 0xff, 0xd0, 0x98, 0x00, 0xff,
    0xc8, 0x98, 0x00, 0xff, 0xc8, 0x9c, 0x00, 0xff, 0xd0, 0x98, 0x00, 0xff,
    0xc8, 0x98, 0x00, 0xff, 0xd0, 0x98, 0x00, 0xff, 0xd0, 0x9c, 0x00, 0xff,
    0xc8, 0x98, 0x00, 0xff, 0xd0, 0x9c, 0x00, 0xff, 0xc8, 0x9c, 0x00, 0xff,
    0xc8, 0x98, 0x00, 0xff, 0xd0, 0x98, 0x00, 0xff, 0xd0, 0x98, 0x00, 0xff,
    0xc8, 0x9c, 0x00, 0xff, 0xc8, 0x98, 0x00, 0xff, 0xd0, 0x98, 0x00, 0xff,
    0xc8, 0x9c, 0x00, 0xff, 0xc8, 0x9c, 0x00, 0xff, 0xd0, 0x98, 0x00, 0xff,
    0xd0, 0x98, 0x00, 0xff, 0xc8, 0x9c, 0x00, 0xff, 0xd0, 0x98, 0x00, 0xff,
    0xd0, 0x98, 0x00, 0xff, 0xc8, 0x9c, 0x00, 0xff, 0xd0, 0x98, 0x00, 0xff,
    0xc8, 0x98, 0x00, 0xff, 0xd0, 0x98, 0x00, 0xff, 0xc8, 0x9c, 0x00, 0xff,
    0xc8, 0x98, 0x00, 0xff, 0xc8, 0x9c, 0x00, 0xff, 0xd0, 0x98, 0x00, 0xff,
    0x00, 0x00, 0x00, 0xff, 0x00, 0x00, 0x00, 0xff, 0x00, 0x00, 0x00, 0xff,
    0x00, 0x00, 0x00, 0xff, 0xd0, 0x98, 0x00, 0xff, 0xc8, 0x9c, 0x00, 0xff,
    0xc8, 0x98, 0x00, 0xff, 0xd0, 0x98, 0x00, 0xff, 0xd0, 0x98, 0x00, 0xff,
    0xc8, 0x98, 0x00, 0xff, 0xd0, 0x98, 0x00, 0xff, 0xd0, 0x9c, 0x00, 0xff,
    0xc8, 0x98, 0x00, 0xff, 0xc8, 0x98, 0x00, 0xff, 0xd0, 0x98, 0x00, 0xff,
    0xc8, 0x9c, 0x00, 0xff, 0xd0, 0x98, 0x00, 0xff, 0xc8, 0x98, 0x00, 0xff,
    0xd0, 0x98, 0x00, 0xff, 0xc8, 0x98, 0x00, 0xff, 0xc8, 0x9c, 0x00, 0xff,
    0xd0, 0x98, 0x00, 0xff, 0xd0, 0x98, 0x00, 0xff, 0xc8, 0x98, 0x00, 0xff,
    0xc8, 0x98, 0x00, 0xff, 0xd0, 0x9c, 0x00, 0xff, 0xc8, 0x98, 0x00, 0xff,
    0xc8, 0x98, 0x00, 0xff, 0xd0, 0x98, 0x00, 0xff, 0xd0, 0x9c, 0x00, 0xff,
    0xc8, 0x98, 0x00, 0xff, 0xd0, 0x98, 0x00, 0xff, 0xc8, 0x98, 0x00, 0xff,
    0xc8, 0x9c, 0x00, 0xff, 0xd0, 0x98, 0x00, 0xff, 0xd0, 0x98, 0x00, 0xff,
    0xc8, 0x98, 0x00, 0xff, 0xd0, 0x98, 0x00, 0xff, 0xd0, 0x9c, 0x00, 0xff,
    0xc8, 0x98, 0x00, 0xff, 0xc8, 0x98, 0x00, 0xff, 0xd0, 0x98, 0x00, 0xff,
    0xc8, 0x98, 0x00, 0xff, 0xd0, 0x98, 0x00, 0xff, 0xc8, 0x98, 0x00, 0xff,
    0xc8, 0x98, 0x00, 0xff, 0xd0, 0x98, 0x00, 0xff, 0xd0, 0x98, 0x00, 0xff,
    0xc8, 0x9c, 0x00, 0xff, 0xc8, 0x98, 0x00, 0xff, 0xd0, 0x98, 0x00, 0xff,
    0xc8, 0x98, 0x00, 0xff, 0xc8, 0x98, 0x00, 0xff, 0xd0, 0x98, 0x00, 0xff,
    0xc8, 0x9c, 0x00, 0xff, 0xd0, 0x98, 0x00, 0xff, 0xc8, 0x98, 0x00, 0xff,
    0xc8, 0x9c, 0x00, 0xff, 0xd0, 0x9c, 0x00, 0xff, 0xc8, 0x98, 0x00, 0xff,
    0xc8, 0x9c, 0x00, 0xff, 0xd0, 0x98, 0x00, 0xff, 0xc8, 0x98, 0x00, 0xff,
    0xd0, 0x9c, 0x00, 0xff, 0xd0, 0x98, 0x00, 0xff, 0xc8, 0x98, 0x00, 0xff,
    0xd0, 0x9c, 0x00, 0xff, 0xd0, 0x98, 0x00, 0xff, 0xc8, 0x98, 0x00, 0xff,
    0xc8, 0x98, 0x00, 0xff, 0xd0, 0x98, 0x00, 0xff, 0xc8, 0x98, 0x00, 0xff,
    0xc8, 0x98, 0x00, 0xff, 0xd0, 0x98, 0x00, 0xff, 0xd0, 0x98, 0x00, 0xff,
    0xd0, 0x98, 0x00, 0xff, 0xc8, 0x9c, 0x00, 0xff, 0xd0, 0x98, 0x00, 0xff,
    0xc8, 0x98, 0x00, 0xff, 0xc8, 0x98, 0x00, 0xff, 0xd0, 0x98, 0x00, 0xff,
    0xc8, 0x98, 0x00, 0xff, 0xc8, 0x9c, 0x00, 0xff, 0xd0, 0x98, 0x00, 0xff,
    0xd0, 0x98, 0x00, 0xff, 0xc8, 0x9c, 0x00, 0xff, 0xd0, 0x98, 0x00, 0xff,
    0xd0, 0x98, 0x00, 0xff, 0xc8, 0x98, 0x00, 0xff, 0xd0, 0x9c, 0x00, 0xff,
    0xc8, 0x98, 0x00, 0xff, 0xd0, 0x98, 0x00, 0xff, 0xc8, 0x98, 0x00, 0xff,
    0xd0, 0x98, 0x00, 0xff, 0xd0, 0x98, 0x00, 0xff, 0xc8, 0x98, 0x00, 0xff,
    0xc8, 0x98, 0x00, 0xff, 0xd0, 0x98, 0x00, 0xff, 0xc8, 0x98, 0x00, 0xff,
    0xc8, 0x98, 0x00, 0xff, 0xd0, 0x98, 0x00, 0xff, 0xd0, 0x98, 0x00, 0xff,
    0xc8, 0x98, 0x00, 0xff, 0xd0, 0x9c, 0x00, 0xff, 0xc8, 0x98, 0x00, 0xff,
    0xd0, 0x98, 0x00, 0xff, 0xd0, 0x9c, 0x00, 0xff, 0xc8, 0x98, 0x00, 0xff,
    0xd0, 0x98, 0x00, 0xff, 0xd0, 0x98, 0x00, 0xff, 0xc8, 0x98, 0x00, 0xff,
    0xc8, 0x98, 0x00, 0xff, 0xd0, 0x9c, 0x00, 0xff, 0xc8, 0x98, 0x00, 0xff,
    0xc8, 0x98, 0x00, 0xff, 0xd0, 0x98, 0x00, 0xff, 0xc8, 0x98, 0x00, 0xff,
    0xc8, 0x98, 0x00, 0xff, 0xd0, 0x98, 0x00, 0xff, 0xd0, 0x98, 0x00, 0xff,
    0xd0, 0x98, 0x00, 0xff, 0xc8, 0x98, 0x00, 0xff, 0xd0, 0x98, 0x00, 0xff,
    0xc8, 0x9c, 0x00, 0xff, 0x00, 0x00, 0x00, 0xff, 0x00, 0x00, 0x00, 0xff,
    0x00, 0x00, 0x00, 0xff, 0x00, 0x00, 0x00, 0xff, 0xd0, 0x98, 0x00, 0xff,
    0xc8, 0x98, 0x00, 0xff, 0xd0, 0x9c, 0x00, 0xff, 0xc8, 0x98, 0x00, 0xff,
    0xc8, 0x9c, 0x00, 0xff, 0xd0, 0x98, 0x00, 0xff, 0xc8, 0x98, 0x00, 0xff,
    0xd0, 0x98, 0x00, 0xff, 0xc8, 0x98, 0x00, 0xff, 0xd0, 0x98, 0x00, 0xff,
    0xc8, 0x9c, 0x00, 0xff, 0xd0, 0x98, 0x00, 0xff, 0xc8, 0x98, 0x00, 0xff,
    0xc8, 0x9c, 0x00, 0xff, 0xd0, 0x98, 0x00, 0xff, 0xd0, 0x98, 0x00, 0xff,
    0xc8, 0x98, 0x00, 0xff, 0xc8, 0x98, 0x00, 0xff, 0xd0, 0x9c, 0x00, 0xff,
    0xd0, 0x98, 0x00, 0xff, 0xc8, 0x98, 0x00, 0xff, 0xd0, 0x9c, 0x00, 0xff,
    0xd0, 0x98, 0x00, 0xff, 0xc8, 0x98, 0x00, 0xff, 0xc8, 0x9c, 0x00, 0xff,
    0xd0, 0x98, 0x00, 0xff, 0xc8, 0x98, 0x00, 0xff, 0xd0, 0x9c, 0x00, 0xff,
    0xd0, 0x98, 0x00, 0xff, 0xc8, 0x98, 0x00, 0xff, 0xd0, 0x98, 0x00, 0xff,
    0xc8, 0x9c, 0x00, 0xff, 0xc8, 0x98, 0x00, 0xff, 0xd0, 0x98, 0x00, 0xff,
    0xd0, 0x9c, 0x00, 0xff, 0xc8, 0x98, 0x00, 0xff, 0xd0, 0x98, 0x00, 0xff,
    0xc8, 0x9c, 0x00, 0xff, 0xd0, 0x98, 0x00, 0xff, 0xd0, 0x9c, 0x00, 0xff,
    0xc8, 0x98, 0x00, 0xff, 0xc8, 0x9c, 0x00, 0xff, 0xd0, 0x98, 0x00, 0xff,
    0xd0, 0x98, 0x00, 0xff, 0xc8, 0x98, 0x00, 0xff, 0xd0, 0x9c, 0x00, 0xff,
    0xd0, 0x98, 0x00, 0xff, 0xc8, 0x9c, 0x00, 0xff, 0xd0, 0x98, 0x00, 0xff,
    0xc8, 0x98, 0x00, 0xff, 0xd0, 0x98, 0x00, 0xff, 0xc8, 0x98, 0x00, 0xff,
    0xd0, 0x98, 0x00, 0xff, 0xd0, 0x98, 0x00, 0xff, 0xc8, 0x98, 0x00, 0xff,
    0xd0, 0x98, 0x00, 0xff, 0xd0, 0x98, 0x00, 0xff, 0xc8, 0x9c, 0x00, 0xff,
    0xc8, 0x98, 0x00, 0xff, 0xd0, 0x98, 0x00, 0xff, 0xc8, 0x9c, 0x00, 0xff,
    0xc8, 0x98, 0x00, 0xff, 0xd0, 0x98, 0x00, 0xff, 0xd0, 0x9c, 0x00, 0xff,
    0xc8, 0x98, 0x00, 0xff, 0xd0, 0x9c, 0x00, 0xff, 0xd0, 0x98, 0x00, 0xff,
    0xc8, 0x98, 0x00, 0xff, 0xc8, 0x9c, 0x00, 0xff, 0xd0, 0x9c, 0x00, 0xff,
    0xc8, 0x98, 0x00, 0xff, 0xc8, 0x98, 0x00, 0xff, 0xd0, 0x98, 0x00, 0xff,
    0xd0, 0x98, 0x00, 0xff, 0xc8, 0x9c, 0x00, 0xff, 0xd0, 0x98, 0x00, 0xff,
    0xd0, 0x98, 0x00, 0xff, 0xc8, 0x9c, 0x00, 0xff, 0xc8, 0x98, 0x00, 0xff,
    0xd0, 0x98, 0x00, 0xff, 0xc8, 0x98, 0x00, 0xff, 0xc8, 0x9c, 0x00, 0xff,
    0xd0, 0x98, 0x00, 0xff, 0xc8, 0x98, 0x00, 0xff, 0xd0, 0x9c, 0x00, 0xff,
    0xc8, 0x98, 0x00, 0xff, 0xd0, 0x98, 0x00, 0xff, 0xc8, 0x9c, 0x00, 0xff,
    0xc8, 0x98, 0x00, 0xff, 0xd0, 0x9c, 0x00, 0xff, 0xc8, 0x98, 0x00, 0xff,
    0xd0, 0x98, 0x00, 0xff, 0xd0, 0x9c, 0x00, 0xff, 0xc8, 0x9c, 0x00, 0xff,
    0xd0, 0x98, 0x00, 0xff, 0xc8, 0x98, 0x00, 0xff, 0xd0, 0x9c, 0x00, 0xff,
    0xc8, 0x98, 0x00, 0xff, 0xd0, 0x98, 0x00, 0xff, 0xc8, 0x98, 0x00, 0xff,
    0xc8, 0x98, 0x00, 0xff, 0xd0, 0x98, 0x00, 0xff, 0xc8, 0x98, 0x00, 0xff,
    0xc8, 0x98, 0x00, 0xff, 0xd0, 0x98, 0x00, 0xff, 0xd0, 0x9c, 0x00, 0xff,
    0xc8, 0x98, 0x00, 0xff, 0xd0, 0x98, 0x00, 0xff, 0xd0, 0x98, 0x00, 0xff,
    0xc8, 0x98, 0x00, 0xff, 0xd0, 0x9c, 0x00, 0xff, 0xd0, 0x98, 0x00, 0xff,
    0xc8, 0x98, 0x00, 0xff, 0xd0, 0x9c, 0x00, 0xff, 0xc8, 0x9c, 0x00, 0xff,
    0xc8, 0x98, 0x00, 0xff, 0xd0, 0x98, 0x00, 0xff, 0xd0, 0x9c, 0x00, 0xff,
    0xc8, 0x98, 0x00, 0xff, 0xd0, 0x98, 0x00, 0xff, 0x00, 0x00, 0x00, 0xff,
    0x00, 0x00, 0x00, 0xff, 0x00, 0x00, 0x00, 0xff, 0x00, 0x00, 0x00, 0xff,
    0xc8, 0x98, 0x00, 0xff, 0xd0, 0x98, 0x00, 0xff, 0xd0, 0x98, 0x00, 0xff,
    0xc8, 0x98, 0x00, 0xff, 0xd0, 0x9c, 0x00, 0xff, 0xc8, 0x98, 0x00, 0xff,
    0xd0, 0x98, 0x00, 0xff, 0xc8, 0x9c, 0x00, 0xff, 0xd0, 0x98, 0x00, 0xff,
    0xd0, 0x98, 0x00, 0xff, 0xc8, 0x9c, 0x00, 0xff, 0xd0, 0x98, 0x00, 0xff,
    0xd0, 0x98, 0x00, 0xff, 0xc8, 0x98, 0x00, 0xff, 0xd0, 0x9c, 0x00, 0xff,
    0xd0, 0x98, 0x00, 0xff, 0xc8, 0x98, 0x00, 0xff, 0xc8, 0x9c, 0x00, 0xff,
    0xd0, 0x98, 0x00, 0xff, 0xc8, 0x98, 0x00, 0xff, 0xc8, 0x98, 0x00, 0xff,
    0xd0, 0x98, 0x00, 0xff, 0xd0, 0x98, 0x00, 0xff, 0xc8, 0x9c, 0x00, 0xff,
    0xd0, 0x98, 0x00, 0xff, 0xc8, 0x98, 0x00, 0xff, 0xc8, 0x98, 0x00, 0xff,
    0xd0, 0x98, 0x00, 0xff, 0xc8, 0x9c, 0x00, 0xff, 0xd0, 0x98, 0x00, 0xff,
    0xc8, 0x98, 0x00, 0xff, 0xd0, 0x9c, 0x00, 0xff, 0xc8, 0x98, 0x00, 0xff,
    0xc8, 0x98, 0x00, 0xff, 0xd0, 0x98, 0x00, 0xff, 0xc8, 0x98, 0x00, 0xff,
    0xd0, 0x9c, 0x00, 0xff, 0xc8, 0x98, 0x00, 0xff, 0xc8, 0x98, 0x00, 0xff,
    0xd0, 0x98, 0x00, 0xff, 0xd0, 0x98, 0x00, 0xff, 0xc8, 0x9c, 0x00, 0xff,
    0xc8, 0x98, 0x00, 0xff, 0xd0, 0x98, 0x00, 0xff, 0xc8, 0x98, 0x00, 0xff,
    0xc8, 0x98, 0x00, 0xff, 0xd0, 0x98, 0x00, 0xff, 0xd0, 0x9c, 0x00, 0xff,
    0xc8, 0x98, 0x00, 0xff, 0xd0, 0x98, 0x00, 0xff, 0xc8, 0x9c, 0x00, 0xff,
    0xc8, 0x9c, 0x00, 0xff, 0xd0, 0x98, 0x00, 0xff, 0xc8, 0x98, 0x00, 0xff,
    0xc8, 0x9c, 0x00, 0xff, 0xd0, 0x98, 0x00, 0xff, 0xd0, 0x98, 0x00, 0xff,
    0xc8, 0x98, 0x00, 0xff, 0xd0, 0x98, 0x00, 0xff, 0xc8, 0x98, 0x00, 0xff,
    0xd0, 0x9c, 0x00, 0xff, 0xc8, 0x98, 0x00, 0xff, 0xc8, 0x98, 0x00, 0xff,
    0xd0, 0x98, 0x00, 0xff, 0xc8, 0x98, 0x00, 0xff, 0xc8, 0x9c, 0x00, 0xff,
    0xd0, 0x98, 0x00, 0xff, 0xd0, 0x98, 0x00, 0xff, 0xc8, 0x98, 0x00, 0xff,
    0xd0, 0x98, 0x00, 0xff, 0xc8, 0x9c, 0x00, 0xff, 0xc8, 0x98, 0x00, 0xff,
    0xd0, 0x98, 0x00, 0xff, 0xc8, 0x9c, 0x00, 0xff, 0xd0, 0x98, 0x00, 0xff,
    0xc8, 0x98, 0x00, 0xff, 0xd0, 0x9c, 0x00, 0xff, 0xd0, 0x98, 0x00, 0xff,
    0xc8, 0x98, 0x00, 0xff, 0xd0, 0x98, 0x00, 0xff, 0xd0, 0x98, 0x00, 0xff,
    0xc8, 0x98, 0x00, 0xff, 0xc8, 0x98, 0x00, 0xff, 0xd0, 0x98, 0x00, 0xff,
    0xc8, 0x9c, 0x00, 0xff, 0xd0, 0x98, 0x00, 0xff, 0xd0, 0x98, 0x00, 0xff,
    0xc8, 0x98, 0x00, 0xff, 0xd0, 0x9c, 0x00, 0xff, 0xc8, 0x98, 0x00, 0xff,
    0xc8, 0x98, 0x00, 0xff, 0xd0, 0x9c, 0x00, 0xff, 0xc8, 0x98, 0x00, 0xff,
    0xd0, 0x98, 0x00, 0xff, 0xd0, 0x98, 0x00, 0xff, 0xc8, 0x9c, 0x00, 0xff,
    0xc8, 0x98, 0x00, 0xff, 0xd0, 0x98, 0x00, 0xff, 0xd0, 0x9c, 0x00, 0xff,
    0xc8, 0x98, 0x00, 0xff, 0xd0, 0x9c, 0x00, 0xff, 0xd0, 0x9c, 0x00, 0xff,
    0xc8, 0x98, 0x00, 0xff, 0xc8, 0x98, 0x00, 0xff, 0xd0, 0x9c, 0x00, 0xff,
    0xc8, 0x98, 0x00, 0xff, 0xc8, 0x98, 0x00, 0xff, 0xd0, 0x9c, 0x00, 0xff,
    0xc8, 0x98, 0x00, 0xff, 0xc8, 0x98, 0x00, 0xff, 0xd0, 0x9c, 0x00, 0xff,
    0xc8, 0x98, 0x00, 0xff, 0xd0, 0x98, 0x00, 0xff, 0xd0, 0x98, 0x00, 0xff,
    0xc8, 0x98, 0x00, 0xff, 0xc8, 0x9c, 0x00, 0xff, 0xd0, 0x98, 0x00, 0xff,
    0xc8, 0x98, 0x00, 0xff, 0xc8, 0x98, 0x00, 0xff, 0xd0, 0x98, 0x00, 0xff,
    0x00, 0x00, 0x00, 0xff, 0x00, 0x00, 0x00, 0xff, 0x00, 0x00, 0x00, 0xff,
    0x00, 0x00, 0x00, 0xff, 0xc8, 0x98, 0x00, 0xff, 0xd0, 0x9c, 0x00, 0xff,
    0xc8, 0x98, 0x00, 0xff, 0xd0, 0x98, 0x00, 0xff, 0xc8, 0x98, 0x00, 0xff,
    0xd0, 0x98, 0x00, 0xff, 0xc8, 0x9c, 0x00, 0xff, 0xc8, 0x98, 0x00, 0xff,
    0xd0, 0x98, 0x00, 0xff, 0xc8, 0x98, 0x00, 0xff, 0xc8, 0x98, 0x00, 0xff,
    0xd0, 0x98, 0x00, 0xff, 0xc8, 0x98, 0x00, 0xff, 0xc8, 0x9c, 0x00, 0xff,
    0xd0, 0x98, 0x00, 0xff, 0xc8, 0x98, 0x00, 0xff, 0xd0, 0x9c, 0x00, 0xff,
    0xd0, 0x98, 0x00, 0xff, 0xc8, 0x98, 0x00, 0xff, 0xd0, 0x9c, 0x00, 0xff,
    0xc8, 0x98, 0x00, 0xff, 0xc8, 0x98, 0x00, 0xff, 0xd0, 0x9c, 0x00, 0xff,
    0xc8, 0x98, 0x00, 0xff, 0xd0, 0x98, 0x00, 0xff, 0xd0, 0x9c, 0x00, 0xff,
    0xc8, 0x98, 0x00, 0xff, 0xd0, 0x98, 0x00, 0xff, 0xc8, 0x98, 0x00, 0xff,
    0xc8, 0x98, 0x00, 0xff, 0xd0, 0x98, 0x00, 0xff, 0xd0, 0x98, 0x00, 0xff,
    0xd0, 0x9c, 0x00, 0xff, 0xc8, 0x98, 0x00, 0xff, 0xc8, 0x98, 0x00, 0xff,
    0xd0, 0x9c, 0x00, 0xff, 0xd0, 0x98, 0x00, 0xff, 0xc8, 0x98, 0x00, 0xff,
    0xc8, 0x98, 0x00, 0xff, 0xd0, 0x98, 0x00, 0xff, 0xd0, 0x9c, 0x00, 0xff,
    0xc8, 0x98, 0x00, 0xff, 0xd0, 0x98, 0x00, 0xff, 0xd0, 0x9c, 0x00, 0xff,
    0xc8, 0x9c, 0x00, 0xff, 0xc8, 0x98, 0x00, 0xff, 0xd0, 0x98, 0x00, 0xff,
    0xc8, 0x98, 0x00, 0xff, 0xc8, 0x98, 0x00, 0xff, 0xd0, 0x98, 0x00, 0xff,
    0xd0, 0x98, 0x00, 0xff, 0xc8, 0x98, 0x00, 0xff, 0xd0, 0x98, 0x00, 0xff,
    0xd0, 0x9c, 0x00, 0xff, 0xc8, 0x98, 0x00, 0xff, 0xc8, 0x98, 0x00, 0xff,
    0xc8, 0x9c, 0x00, 0xff, 0xd0, 0x98, 0x00, 0xff, 0xc8, 0x98, 0x00, 0xff,
    0xd0, 0x9c, 0x00, 0xff, 0xd0, 0x98, 0x00, 0xff, 0xc8, 0x98, 0x00, 0xff,
    0xd0, 0x9c, 0x00, 0xff, 0xd0, 0x98, 0x00, 0xff, 0xc8, 0x98, 0x00, 0xff,
    0xc8, 0x98, 0x00, 0xff, 0xd0, 0x9c, 0x00, 0xff, 0xc8, 0x98, 0x00, 0xff,
    0xd0, 0x98, 0x00, 0xff, 0xd0, 0x98, 0x00, 0xff, 0xd0, 0x9c, 0x00, 0xff,
    0xc8, 0x98, 0x00, 0xff, 0xd0, 0x98, 0x00, 0xff, 0xc8, 0x9c, 0x00, 0xff,
    0xc8, 0x98, 0x00, 0xff, 0xd0, 0x98, 0x00, 0xff, 0xc8, 0x98, 0x00, 0xff,
    0xc8, 0x98, 0x00, 0xff, 0xd0, 0x9c, 0x00, 0xff, 0xc8, 0x98, 0x00, 0xff,
    0xd0, 0x9c, 0x00, 0xff, 0xd0, 0x98, 0x00, 0xff, 0xc8, 0x98, 0x00, 0xff,
    0xd0, 0x9c, 0x00, 0xff, 0xc8, 0x98, 0x00, 0xff, 0xc8, 0x98, 0x00, 0xff,
    0xd0, 0x98, 0x00, 0xff, 0xd0, 0x98, 0x00, 0xff, 0xc8, 0x98, 0x00, 0xff,
    0xd0, 0x98, 0x00, 0xff, 0xd0, 0x98, 0x00, 0xff, 0xc8, 0x98, 0x00, 0xff,
    0xc8, 0x98, 0x00, 0xff, 0xd0, 0x98, 0x00, 0xff, 0xc8, 0x98, 0x00, 0xff,
    0xd0, 0x98, 0x00, 0xff, 0xc8, 0x98, 0x00, 0xff, 0xd0, 0x98, 0x00, 0xff,
    0xc8, 0x98, 0x00, 0xff, 0xc8, 0x98, 0x00, 0xff, 0xd0, 0x98, 0x00, 0xff,
    0xd0, 0x98, 0x00, 0xff, 0xc8, 0x98, 0x00, 0xff, 0xd0, 0x9c, 0x00, 0xff,
    0xd0, 0x98, 0x00, 0xff, 0xc8, 0x98, 0x00, 0xff, 0xd0, 0x98, 0x00, 0xff,
    0xd0, 0x9c, 0x00, 0xff, 0xc8, 0x98, 0x00, 0xff, 0xd0, 0x98, 0x00, 0xff,
    0xc8, 0x98, 0x00, 0xff, 0xc8, 0x9c, 0x00, 0xff, 0xd0, 0x98, 0x00, 0xff,
    0xc8, 0x98, 0x00, 0xff, 0xd0, 0x98, 0x00, 0xff, 0xd0, 0x98, 0x00, 0xff,
    0xc8, 0x9c, 0x00, 0xff, 0xd0, 0x98, 0x00, 0xff, 0xc8, 0x98, 0x00, 0xff,
    0xc8, 0x9c, 0x00, 0xff, 0x00, 0x00, 0x00, 0xff, 0x00, 0x00, 0x00, 0xff,
    0x00, 0x00, 0x00, 0xff, 0x00, 0x00, 0x00, 0xff, 0xd0, 0x98, 0x00, 0xff,
    0xc8, 0x98, 0x00, 0xff, 0xc8, 0x9c, 0x00, 0xff, 0xd0, 0x98, 0x00, 0xff,
    0xd0, 0x98, 0x00, 0xff, 0xc8, 0x9c, 0x00, 0xff, 0xd0, 0x98, 0x00, 0xff,
    0xd0, 0x98, 0x00, 0xff, 0xc8, 0x9c, 0x00, 0xff, 0xd0, 0x98, 0x00, 0xff,
    0xc8, 0x9c, 0x00, 0xff, 0xd0, 0x98, 0x00, 0xff, 0xc8, 0x98, 0x00, 0xff,
    0xd0, 0x98, 0x00, 0xff, 0xc8, 0x98, 0x00, 0xff, 0xc8, 0x98, 0x00, 0xff,
    0xd0, 0x98, 0x00, 0xff, 0xc8, 0x98, 0x00, 0xff, 0xd0, 0x98, 0x00, 0xff,
    0xd0, 0x9c, 0x00, 0xff, 0xc8, 0x98, 0x00, 0xff, 0xd0, 0x98, 0x00, 0xff,
    0xc8, 0x98, 0x00, 0xff, 0xc8, 0x98, 0x00, 0xff, 0xd0, 0x98, 0x00, 0xff,
    0xc8, 0x98, 0x00, 0xff, 0xd0, 0x9c, 0x00, 0xff, 0xd0, 0x98, 0x00, 0xff,
    0xc8, 0x9c, 0x00, 0xff, 0xd0, 0x98, 0x00, 0xff, 0xc8, 0x98, 0x00, 0xff,
    0xc8, 0x9c, 0x00, 0xff, 0xd0, 0x98, 0x00, 0xff, 0xd0, 0x98, 0x00, 0xff,
    0xc8, 0x98, 0x00, 0xff, 0xd0, 0x98, 0x00, 0xff, 0xc8, 0x98, 0x00, 0xff,
    0xd0, 0x9c, 0x00, 0xff, 0xd0, 0x98, 0x00, 0xff, 0xc8, 0x98, 0x00, 0xff,
    0xc8, 0x9c, 0x00, 0xff, 0xd0, 0x98, 0x00, 0xff, 0xc8, 0x98, 0x00, 0xff,
    0xd0, 0x98, 0x00, 0xff, 0xd0, 0x98, 0x00, 0xff, 0xc8, 0x98, 0x00, 0xff,
    0xd0, 0x9c, 0x00, 0xff, 0xd0, 0x98, 0x00, 0xff, 0xc8, 0x9c, 0x00, 0xff,
    0xd0, 0x98, 0x00, 0xff, 0xc8, 0x98, 0x00, 0xff, 0xc8, 0x9c, 0x00, 0xff,
    0xd0, 0x98, 0x00, 0xff, 0xd0, 0x98, 0x00, 0xff, 0xc8, 0x98, 0x00, 0xff,
    0xd0, 0x98, 0x00, 0xff, 0xd0, 0x9c, 0x00, 0xff, 0xc8, 0x98, 0x00, 0xff,
    0xc8, 0x98, 0x00, 0xff, 0xd0, 0x98, 0x00, 0xff, 0xc8, 0x98, 0x00, 0xff,
    0xc8, 0x98, 0x00, 0xff, 0xd0, 0x98, 0x00, 0xff, 0xc8, 0x9c, 0x00, 0xff,
    0xd0, 0x98, 0x00, 0xff, 0xd0, 0x98, 0x00, 0xff, 0xc8, 0x98, 0x00, 0xff,
    0xc8, 0x9c, 0x00, 0xff, 0xc8, 0x98, 0x00, 0xff, 0xd0, 0x98, 0x00, 0xff,
    0xc8, 0x98, 0x00, 0xff, 0xd0, 0x98, 0x00, 0xff, 0xd0, 0x98, 0x00, 0xff,
    0xc8, 0x98, 0x00, 0xff, 0xd0, 0x98, 0x00, 0xff, 0xd0, 0x9c, 0x00, 0xff,
    0xc8, 0x98, 0x00, 0xff, 0xd0, 0x98, 0x00, 0xff, 0xc8, 0x98, 0x00, 0xff,
    0xc8, 0x9c, 0x00, 0xff, 0xd0, 0x98, 0x00, 0xff, 0xc8, 0x98, 0x00, 0xff,
    0xd0, 0x9c, 0x00, 0xff, 0xd0, 0x98, 0x00, 0xff, 0xc8, 0x98, 0x00, 0xff,
    0xc8, 0x9c, 0x00, 0xff, 0xd0, 0x98, 0x00, 0xff, 0xc8, 0x9c, 0x00, 0xff,
    0xc8, 0x98, 0x00, 0xff, 0xd0, 0x9c, 0x00, 0xff, 0xd0, 0x98, 0x00, 0xff,
    0xc8, 0x98, 0x00, 0xff, 0xd0, 0x9c, 0x00, 0xff, 0xc8, 0x9c, 0x00, 0xff,
    0xd0, 0x98, 0x00, 0xff, 0xc8, 0x9c, 0x00, 0xff, 0xd0, 0x98, 0x00, 0xff,
    0xc8, 0x9c, 0x00, 0xff, 0xd0, 0x98, 0x00, 0xff, 0xc8, 0x98, 0x00, 0xff,
    0xc8, 0x9c, 0x00, 0xff, 0xd0, 0x98, 0x00, 0xff, 0xc8, 0x98, 0x00, 0xff,
    0xc8, 0x98, 0x00, 0xff, 0xd0, 0x98, 0x00, 0xff, 0xc8, 0x98, 0x00, 0xff,
    0xc8, 0x9c, 0x00, 0xff, 0xd0, 0x98, 0x00, 0xff, 0xc8, 0x98, 0x00, 0xff,
    0xd0, 0x98, 0x00, 0xff, 0xd0, 0x98, 0x00, 0xff, 0xc8, 0x98, 0x00, 0xff,
    0xc8, 0x9c, 0x00, 0xff, 0xd0, 0x98, 0x00, 0xff, 0xc8, 0x98, 0x00, 0xff,
    0xd0, 0x9c, 0x00, 0xff, 0xc8, 0x98, 0x00, 0xff, 0xd0, 0x98, 0x00, 0xff,
    0xd0, 0x9c, 0x00, 0xff, 0xc8, 0x98, 0x00, 0xff, 0x00, 0x00, 0x00, 0xff,
    0x00, 0x00, 0x00, 0xff, 0x00, 0x00, 0x00, 0xff, 0x00, 0x00, 0x00, 0xff,
    0xd0, 0x98, 0x00, 0xff, 0xc8, 0x98, 0x00, 0xff, 0xd0, 0x98, 0x00, 0xff,
    0xc8, 0x9c, 0x00, 0xff, 0xc8, 0x98, 0x00, 0xff, 0xd0, 0x98, 0x00, 0xff,
    0xc8, 0x98, 0x00, 0xff, 0xd0, 0x98, 0x00, 0xff, 0xc8, 0x98, 0x00, 0xff,
    0xd0, 0x9c, 0x00, 0xff, 0xd0, 0x98, 0x00, 0xff, 0xc8, 0x98, 0x00, 0xff,
    0xd0, 0x9c, 0x00, 0xff, 0xd0, 0x98, 0x00, 0xff, 0xc8, 0x9c, 0x00, 0xff,
    0xd0, 0x98, 0x00, 0xff, 0xc8, 0x98, 0x00, 0xff, 0xc8, 0x9c, 0x00, 0xff,
    0xd0, 0x98, 0x00, 0xff, 0xc8, 0x98, 0x00, 0xff, 0xd0, 0x9c, 0x00, 0xff,
    0xd0, 0x98, 0x00, 0xff, 0xc8, 0x98, 0x00, 0xff, 0xd0, 0x9c, 0x00, 0xff,
    0xc8, 0x98, 0x00, 0xff, 0xc8, 0x98, 0x00, 0xff, 0xd0, 0x98, 0x00, 0xff,
    0xc8, 0x98, 0x00, 0xff, 0xd0, 0x9c, 0x00, 0xff, 0xd0, 0x98, 0x00, 0xff,
    0xc8, 0x98, 0x00, 0xff, 0xc8, 0x98, 0x00, 0xff, 0xd0, 0x98, 0x00, 0xff,
    0xc8, 0x9c, 0x00, 0xff, 0xd0, 0x98, 0x00, 0xff, 0xc8, 0x98, 0x00, 0xff,
    0xc8, 0x9c, 0x00, 0xff, 0xd0, 0x98, 0x00, 0xff, 0xd0, 0x98, 0x00, 0xff,
    0xc8, 0x98, 0x00, 0xff, 0xd0, 0x98, 0x00, 0xff, 0xc8, 0x98, 0x00, 0xff,
    0xc8, 0x98, 0x00, 0xff, 0xd0, 0x9c, 0x00, 0xff, 0xc8, 0x98, 0x00, 0xff,
    0xc8, 0x98, 0x00, 0xff, 0xd0, 0x98, 0x00, 0xff, 0xc8, 0x9c, 0x00, 0xff,
    0xd0, 0x98, 0x00, 0xff, 0xc8, 0x98, 0x00, 0xff, 0xd0, 0x9c, 0x00, 0xff,
    0xc8, 0x98, 0x00, 0xff, 0xc8, 0x98, 0x00, 0xff, 0xd0, 0x9c, 0x00, 0xff,
    0xc8, 0x98, 0x00, 0xff, 0xd0, 0x98, 0x00, 0xff, 0xd0, 0x98, 0x00, 0xff,
    0xc8, 0x9c, 0x00, 0xff, 0xd0, 0x98, 0x00, 0xff, 0xd0, 0x9c, 0x00, 0xff,
    0xc8, 0x98, 0x00, 0xff, 0xd0, 0x98, 0x00, 0xff, 0xc8, 0x98, 0x00, 0xff,
    0xc8, 0x98, 0x00, 0xff, 0xd0, 0x9c, 0x00, 0xff, 0xd0, 0x98, 0x00, 0xff,
    0xc8, 0x98, 0x00, 0xff, 0xd0, 0x98, 0x00, 0xff, 0xd0, 0x9c, 0x00, 0xff,
    0xc8, 0x98, 0x00, 0xff, 0xc8, 0x9c, 0x00, 0xff, 0xd0, 0x98, 0x00, 0xff,
    0xc8, 0x9c, 0x00, 0xff, 0xc8, 0x98, 0x00, 0xff, 0xd0, 0x98, 0x00, 0xff,
    0xc8, 0x9c, 0x00, 0xff, 0xd0, 0x98, 0x00, 0xff, 0xd0, 0x98, 0x00, 0xff,
    0xc8, 0x98, 0x00, 0xff, 0xd0, 0x98, 0x00, 0xff, 0xc8, 0x98, 0x00, 0xff,
    0xc8, 0x98, 0x00, 0xff, 0xd0, 0x98, 0x00, 0xff, 0xc8, 0x98, 0x00, 0xff,
    0xd0, 0x98, 0x00, 0xff, 0xd0, 0x98, 0x00, 0xff, 0xc8, 0x98, 0x00, 0xff,
    0xd0, 0x98, 0x00, 0xff, 0xc8, 0x9c, 0x00, 0xff, 0xc8, 0x98, 0x00, 0xff,
    0xd0, 0x98, 0x00, 0xff, 0xc8, 0x9c, 0x00, 0xff, 0xd0, 0x98, 0x00, 0xff,
    0xd0, 0x98, 0x00, 0xff, 0xc8, 0x98, 0x00, 0xff, 0xd0, 0x98, 0x00, 0xff,
    0xc8, 0x9c, 0x00, 0xff, 0xd0, 0x98, 0x00, 0xff, 0xd0, 0x98, 0x00, 0xff,
    0xc8, 0x9c, 0x00, 0xff, 0xd0, 0x98, 0x00, 0xff, 0xd0, 0x98, 0x00, 0xff,
    0xc8, 0x9c, 0x00, 0xff, 0xd0, 0x98, 0x00, 0xff, 0xd0, 0x98, 0x00, 0xff,
    0xc8, 0x9c, 0x00, 0xff, 0xd0, 0x98, 0x00, 0xff, 0xc8, 0x98, 0x00, 0xff,
    0xc8, 0x9c, 0x00, 0xff, 0xd0, 0x98, 0x00, 0xff, 0xd0, 0x98, 0x00, 0xff,
    0xc8, 0x9c, 0x00, 0xff, 0xd0, 0x98, 0x00, 0xff, 0xd0, 0x98, 0x00, 0xff,
    0xc8, 0x9c, 0x00, 0xff, 0xc8, 0x98, 0x00, 0xff, 0xd0, 0x98, 0x00, 0xff,
    0xc8, 0x98, 0x00, 0xff, 0xd0, 0x98, 0x00, 0xff, 0xd0, 0x98, 0x00, 0xff,
    0x00, 0x00, 0x00, 0xff, 0x00, 0x00, 0x00, 0xff, 0x00, 0x00, 0x00, 0xff,
    0x00, 0x00, 0x00, 0xff, 0xc8, 0x98, 0x00, 0xff, 0xd0, 0x9c, 0x00, 0xff,
    0xd0, 0x98, 0x00, 0xff, 0xc8, 0x98, 0x00, 0xff, 0xd0, 0x98, 0x00, 0xff,
    0xc8, 0x9c, 0x00, 0xff, 0xc8, 0x98, 0x00, 0xff, 0xd0, 0x98, 0x00, 0xff,
    0xc8, 0x9c, 0x00, 0xff, 0xc8, 0x98, 0x00, 0xff, 0xd0, 0x98, 0x00, 0xff,
    0xc8, 0x98, 0x00, 0xff, 0xc8, 0x98, 0x00, 0xff, 0xd0, 0x9c, 0x00, 0xff,
    0xd0, 0x98, 0x00, 0xff, 0xc8, 0x98, 0x00, 0xff, 0xd0, 0x9c, 0x00, 0xff,
    0xd0, 0x98, 0x00, 0xff, 0xc8, 0x98, 0x00, 0xff, 0xc8, 0x98, 0x00, 0xff,
    0xd0, 0x98, 0x00, 0xff, 0xc8, 0x9c, 0x00, 0xff, 0xd0, 0x98, 0x00, 0xff,
    0xd0, 0x98, 0x00, 0xff, 0xc8, 0x9c, 0x00, 0xff, 0xd0, 0x98, 0x00, 0xff,
    0xc8, 0x98, 0x00, 0xff, 0xc8, 0x98, 0x00, 0xff, 0xd0, 0x98, 0x00, 0xff,
    0xc8, 0x9c, 0x00, 0xff, 0xd0, 0x98, 0x00, 0xff, 0xd0, 0x98, 0x00, 0xff,
    0xc8, 0x9c, 0x00, 0xff, 0xc8, 0x98, 0x00, 0xff, 0xd0, 0x98, 0x00, 0xff,
    0xd0, 0x9c, 0x00, 0xff, 0xc8, 0x98, 0x00, 0xff, 0xc8, 0x98, 0x00, 0xff,
    0xc8, 0x9c, 0x00, 0xff, 0xd0, 0x98, 0x00, 0xff, 0xd0, 0x9c, 0x00, 0xff,
    0xc8, 0x98, 0x00, 0xff, 0xd0, 0x98, 0x00, 0xff, 0xd0, 0x9c, 0x00, 0xff,
    0xc8, 0x98, 0x00, 0xff, 0xd0, 0x98, 0x00, 0xff, 0xc8, 0x98, 0x00, 0xff,
    0xc8, 0x98, 0x00, 0xff, 0xd0, 0x98, 0x00, 0xff, 0xd0, 0x98, 0x00, 0xff,
    0xc8, 0x98, 0x00, 0xff, 0xd0, 0x98, 0x00, 0xff, 0xd0, 0x98, 0x00, 0xff,
    0xc8, 0x9c, 0x00, 0xff, 0xc8, 0x98, 0x00, 0xff, 0xc8, 0x98, 0x00, 0xff,
    0xd0, 0x9c, 0x00, 0xff, 0xc8, 0x98, 0x00, 0xff, 0xc8, 0x98, 0x00, 0xff,
    0xd0, 0x98, 0x00, 0xff, 0xd0, 0x9c, 0x00, 0xff, 0xc8, 0x9c, 0x00, 0xff,
    0xd0, 0x98, 0x00, 0xff, 0xd0, 0x98, 0x00, 0xff, 0xc8, 0x98, 0x00, 0xff,
    0xc8, 0x9c, 0x00, 0xff, 0xd0, 0x98, 0x00, 0xff, 0xd0, 0x98, 0x00, 0xff,
    0xc8, 0x98, 0x00, 0xff, 0xd0, 0x98, 0x00, 0xff, 0xd0, 0x98, 0x00, 0xff,
    0xc8, 0x9c, 0x00, 0xff, 0xd0, 0x98, 0x00, 0xff, 0xd0, 0x98, 0x00, 0xff,
    0xc8, 0x98, 0x00, 0xff, 0xc8, 0x98, 0x00, 0xff, 0xd0, 0x9c, 0x00, 0xff,
    0xc8, 0x98, 0x00, 0xff, 0xd0, 0x9c, 0x00, 0xff, 0xd0, 0x98, 0x00, 0xff,
    0xc8, 0x9c, 0x00, 0xff, 0xd0, 0x98, 0x00, 0xff, 0xc8, 0x9c, 0x00, 0xff,
    0xc8, 0x98, 0x00, 0xff, 0xd0, 0x9c, 0x00, 0xff, 0xc8, 0x98, 0x00, 0xff,
    0xd0, 0x98, 0x00, 0xff, 0xd0, 0x98, 0x00, 0xff, 0xc8, 0x98, 0x00, 0xff,
    0xd0, 0x98, 0x00, 0xff, 0xc8, 0x98, 0x00, 0xff, 0xc8, 0x98, 0x00, 0xff,
    0xd0, 0x98, 0x00, 0xff, 0xc8, 0x98, 0x00, 0xff, 0xc8, 0x98, 0x00, 0xff,
    0xd0, 0x98, 0x00, 0xff, 0xc8, 0x98, 0x00, 0xff, 0xc8, 0x98, 0x00, 0xff,
    0xd0, 0x98, 0x00, 0xff, 0xc8, 0x98, 0x00, 0xff, 0xd0, 0x98, 0x00, 0xff,
    0xc8, 0x98, 0x00, 0xff, 0xc8, 0x9c, 0x00, 0xff, 0xd0, 0x98, 0x00, 0xff,
    0xc8, 0x98, 0x00, 0xff, 0xd0, 0x98, 0x00, 0xff, 0xd0, 0x98, 0x00, 0xff,
    0xc8, 0x98, 0x00, 0xff, 0xd0, 0x9c, 0x00, 0xff, 0xc8, 0x98, 0x00, 0xff,
    0xc8, 0x98, 0x00, 0xff, 0xd0, 0x9c, 0x00, 0xff, 0xc8, 0x98, 0x00, 0xff,
    0xd0, 0x98, 0x00, 0xff, 0xc8, 0x98, 0x00, 0xff, 0xd0, 0x98, 0x00, 0xff,
    0xd0, 0x9c, 0x00, 0xff, 0xc8, 0x98, 0x00, 0xff, 0xc8, 0x98, 0x00, 0xff,
    0xd0, 0x9c, 0x00, 0xff, 0x00, 0x00, 0x00, 0xff, 0x00, 0x00, 0x00, 0xff,
    0x00, 0x00, 0x00, 0xff, 0x00, 0x00, 0x00, 0xff, 0xc8, 0x98, 0x00, 0xff,
    0xc8, 0x98, 0x00, 0xff, 0xd0, 0x9c, 0x00, 0xff, 0xc8, 0x98, 0x00, 0xff,
    0xd0, 0x98, 0x00, 0xff, 0xd0, 0x9c, 0x00, 0xff, 0xc8, 0x98, 0x00, 0xff,
    0xd0, 0x98, 0x00, 0xff, 0xd0, 0x98, 0x00, 0xff, 0xc8, 0x98, 0x00, 0xff,
    0xd0, 0x9c, 0x00, 0xff, 0xc8, 0x98, 0x00, 0xff, 0xc8, 0x98, 0x00, 0xff,
    0xd0, 0x98, 0x00, 0xff, 0xc8, 0x98, 0x00, 0xff, 0xc8, 0x98, 0x00, 0xff,
    0xd0, 0x98, 0x00, 0xff, 0xd0, 0x9c, 0x00, 0xff, 0xc8, 0x98, 0x00, 0xff,
    0xd0, 0x98, 0x00, 0xff, 0xc8, 0x98, 0x00, 0xff, 0xc8, 0x98, 0x00, 0xff,
    0xd0, 0x98, 0x00, 0xff, 0xc8, 0x98, 0x00, 0xff, 0xd0, 0x9c, 0x00, 0xff,
    0xd0, 0x98, 0x00, 0xff, 0xc8, 0x9c, 0x00, 0xff, 0xd0, 0x98, 0x00, 0xff,
    0xc8, 0x98, 0x00, 0xff, 0xc8, 0x98, 0x00, 0xff, 0xd0, 0x9c, 0x00, 0xff,
    0xd0, 0x98, 0x00, 0xff, 0xc8, 0x98, 0x00, 0xff, 0xd0, 0x98, 0x00, 0xff,
    0xc8, 0x98, 0x00, 0xff, 0xd0, 0x98, 0x00, 0xff, 0xd0, 0x98, 0x00, 0xff,
    0xc8, 0x98, 0x00, 0xff, 0xd0, 0x98, 0x00, 0xff, 0xc8, 0x9c, 0x00, 0xff,
    0xc8, 0x98, 0x00, 0xff, 0xd0, 0x98, 0x00, 0xff, 0xc8, 0x98, 0x00, 0xff,
    0xc8, 0x98, 0x00, 0xff, 0xd0, 0x9c, 0x00, 0xff, 0xd0, 0x98, 0x00, 0xff,
    0xc8, 0x9c, 0x00, 0xff, 0xd0, 0x98, 0x00, 0xff, 0xc8, 0x9c, 0x00, 0xff,
    0xc8, 0x98, 0x00, 0xff, 0xd0, 0x9c, 0x00, 0xff, 0xc8, 0x98, 0x00, 0xff,
    0xd0, 0x98, 0x00, 0xff, 0xd0, 0x98, 0x00, 0xff, 0xc8, 0x98, 0x00, 0xff,
    0xd0, 0x98, 0x00, 0xff, 0xd0, 0x98, 0x00, 0xff, 0xc8, 0x98, 0x00, 0xff,
    0xc8, 0x98, 0x00, 0xff, 0xd0, 0x98, 0x00, 0xff, 0xc8, 0x98, 0x00, 0xff,
    0xc8, 0x98, 0x00, 0xff, 0xd0, 0x9c, 0x00, 0xff, 0xd0, 0x98, 0x00, 0xff,
    0xc8, 0x98, 0x00, 0xff, 0xc8, 0x98, 0x00, 0xff, 0xd0, 0x9c, 0x00, 0xff,
    0xc8, 0x98, 0x00, 0xff, 0xc8, 0x98, 0x00, 0xff, 0xd0, 0x9c, 0x00, 0xff,
    0xc8, 0x98, 0x00, 0xff, 0xc8, 0x98, 0x00, 0xff, 0xd0, 0x98, 0x00, 0xff,
    0xc8, 0x9c, 0x00, 0xff, 0xd0, 0x98, 0x00, 0xff, 0xd0, 0x98, 0x00, 0xff,
    0xc8, 0x98, 0x00, 0xff, 0xc8, 0x98, 0x00, 0xff, 0xd0, 0x98, 0x00, 0xff,
    0xc8, 0x9c, 0x00, 0xff, 0xd0, 0x98, 0x00, 0xff, 0xd0, 0x98, 0x00, 0xff,
    0xc8, 0x98, 0x00, 0xff, 0xd0, 0x9c, 0x00, 0xff, 0xc8, 0x98, 0x00, 0xff,
    0xc8, 0x98, 0x00, 0xff, 0xd0, 0x9c, 0x00, 0xff, 0xc8, 0x9c, 0x00, 0xff,
    0xd0, 0x98, 0x00, 0xff, 0xd0, 0x9c, 0x00, 0xff, 0xc8, 0x98, 0x00, 0xff,
    0xd0, 0x98, 0x00, 0xff, 0xd0, 0x9c, 0x00, 0xff, 0xc8, 0x9c, 0x00, 0xff,
    0xd0, 0x98, 0x00, 0xff, 0xd0, 0x9c, 0x00, 0xff, 0xc8, 0x98, 0x00, 0xff,
    0xd0, 0x9c, 0x00, 0xff, 0xc8, 0x98, 0x00, 0xff, 0xd0, 0x9c, 0x00, 0xff,
    0xc8, 0x98, 0x00, 0xff, 0xd0, 0x98, 0x00, 0xff, 0xd0, 0x98, 0x00, 0xff,
    0xc8, 0x9c, 0x00, 0xff, 0xc8, 0x98, 0x00, 0xff, 0xd0, 0x9c, 0x00, 0xff,
    0xc8, 0x98, 0x00, 0xff, 0xd0, 0x98, 0x00, 0xff, 0xd0, 0x98, 0x00, 0xff,
    0xc8, 0x98, 0x00, 0xff, 0xd0, 0x98, 0x00, 0xff, 0xc8, 0x98, 0x00, 0xff,
    0xd0, 0x98, 0x00, 0xff, 0xc8, 0x9c, 0x00, 0xff, 0xd0, 0x98, 0x00, 0xff,
    0xc8, 0x98, 0x00, 0xff, 0xc8, 0x9c, 0x00, 0xff, 0xd0, 0x98, 0x00, 0xff,
    0xc8, 0x98, 0x00, 0xff, 0xc8, 0x98, 0x00, 0xff, 0x00, 0x00, 0x00, 0xff,
    0x00, 0x00, 0x00, 0xff, 0x00, 0x00, 0x00, 0xff, 0x00, 0x00, 0x00, 0xff,
    0xd0, 0x98, 0x00, 0xff, 0xc8, 0x98, 0x00, 0xff, 0xd0, 0x98, 0x00, 0xff,
    0xc8, 0x98, 0x00, 0xff, 0xc8, 0x98, 0x00, 0xff, 0xd0, 0x98, 0x00, 0xff,
    0xc8, 0x9c, 0x00, 0xff, 0xc8, 0x98, 0x00, 0xff, 0xd0, 0x98, 0x00, 0xff,
    0xd0, 0x9c, 0x00, 0xff, 0xc8, 0x98, 0x00, 0xff, 0xd0, 0x98, 0x00, 0xff,
    0xd0, 0x9c, 0x00, 0xff, 0xc8, 0x98, 0x00, 0xff, 0xd0, 0x9c, 0x00, 0xff,
    0xc8, 0x98, 0x00, 0xff, 0xc8, 0x98, 0x00, 0xff, 0xd0, 0x98, 0x00, 0xff,
    0xc8, 0x9c, 0x00, 0xff, 0xd0, 0x98, 0x00, 0xff, 0xd0, 0x9c, 0x00, 0xff,
    0xc8, 0x98, 0x00, 0xff, 0xd0, 0x98, 0x00, 0xff, 0xc8, 0x9c, 0x00, 0xff,
    0xc8, 0x98, 0x00, 0xff, 0xd0, 0x98, 0x00, 0xff, 0xd0, 0x98, 0x00, 0xff,
    0xc8, 0x9c, 0x00, 0xff, 0xd0, 0x98, 0x00, 0xff, 0xd0, 0x98, 0x00, 0xff,
    0xc8, 0x98, 0x00, 0xff, 0xc8, 0x9c, 0x00, 0xff, 0xd0, 0x98, 0x00, 0xff,
    0xc8, 0x9c, 0x00, 0xff, 0xc8, 0x98, 0x00, 0xff, 0xd0, 0x9c, 0x00, 0xff,
    0xc8, 0x98, 0x00, 0xff, 0xd0, 0x98, 0x00, 0xff, 0xd0, 0x9c, 0x00, 0xff,
    0xc8, 0x98, 0x00, 0xff, 0xd0, 0x98, 0x00, 0xff, 0xd0, 0x9c, 0x00, 0xff,
    0xc8, 0x98, 0x00, 0xff, 0xc8, 0x98, 0x00, 0xff, 0xd0, 0x98, 0x00, 0xff,
    0xc8, 0x98, 0x00, 0xff, 0xd0, 0x98, 0x00, 0xff, 0xd0, 0x9c, 0x00, 0xff,
    0xc8, 0x98, 0x00, 0xff, 0xd0, 0x98, 0x00, 0xff, 0xc8, 0x98, 0x00, 0xff,
    0xc8, 0x9c, 0x00, 0xff, 0xd0, 0x98, 0x00, 0xff, 0xc8, 0x9c, 0x00, 0xff,
    0xd0, 0x98, 0x00, 0xff, 0xc8, 0x9c, 0x00, 0xff, 0xd0, 0x98, 0x00, 0xff,
    0xd0, 0x9c, 0x00, 0xff, 0xc8, 0x9c, 0x00, 0xff, 0xd0, 0x98, 0x00, 0xff,
    0xd0, 0x98, 0x00, 0xff, 0xc8, 0x98, 0x00, 0xff, 0xc8, 0x98, 0x00, 0xff,
    0xd0, 0x9c, 0x00, 0xff, 0xc8, 0x98, 0x00, 0xff, 0xd0, 0x98, 0x00, 0xff,
    0xd0, 0x98, 0x00, 0xff, 0xc8, 0x9c, 0x00, 0xff, 0xd0, 0x98, 0x00, 0xff,
    0xc8, 0x98, 0x00, 0xff, 0xd0, 0x9c, 0x00, 0xff, 0xc8, 0x98, 0x00, 0xff,
    0xc8, 0x98, 0x00, 0xff, 0xd0, 0x9c, 0x00, 0xff, 0xc8, 0x98, 0x00, 0xff,
    0xd0, 0x98, 0x00, 0xff, 0xc8, 0x9c, 0x00, 0xff, 0xd0, 0x98, 0x00, 0xff,
    0xc8, 0x98, 0x00, 0xff, 0xc8, 0x98, 0x00, 0xff, 0xd0, 0x98, 0x00, 0xff,
    0xc8, 0x98, 0x00, 0xff, 0xd0, 0x98, 0x00, 0xff, 0xd0, 0x98, 0x00, 0xff,
    0xc8, 0x98, 0x00, 0xff, 0xd0, 0x98, 0x00, 0xff, 0xc8, 0x98, 0x00, 0xff,
    0xc8, 0x98, 0x00, 0xff, 0xd0, 0x98, 0x00, 0xff, 0xc8, 0x98, 0x00, 0xff,
    0xc8, 0x9c, 0x00, 0xff, 0xd0, 0x98, 0x00, 0xff, 0xc8, 0x98, 0x00, 0xff,
    0xc8, 0x98, 0x00, 0xff, 0xd0, 0x98, 0x00, 0xff, 0xc8, 0x98, 0x00, 0xff,
    0xd0, 0x9c, 0x00, 0xff, 0xd0, 0x98, 0x00, 0xff, 0xc8, 0x98, 0x00, 0xff,
    0xc8, 0x98, 0x00, 0xff, 0xd0, 0x9c, 0x00, 0xff, 0xc8, 0x98, 0x00, 0xff,
    0xd0, 0x98, 0x00, 0xff, 0xc8, 0x98, 0x00, 0xff, 0xd0, 0x98, 0x00, 0xff,
    0xc8, 0x98, 0x00, 0xff, 0xc8, 0x9c, 0x00, 0xff, 0xd0, 0x98, 0x00, 0xff,
    0xc8, 0x98, 0x00, 0xff, 0xd0, 0x9c, 0x00, 0xff, 0xc8, 0x9c, 0x00, 0xff,
    0xd0, 0x98, 0x00, 0xff, 0xc8, 0x98, 0x00, 0xff, 0xd0, 0x98, 0x00, 0xff,
    0xc8, 0x9c, 0x00, 0xff, 0xd0, 0x98, 0x00, 0xff, 0xd0, 0x98, 0x00, 0xff,
    0xc8, 0x98, 0x00, 0xff, 0xd0, 0x9c, 0x00, 0xff, 0xd0, 0x98, 0x00, 0xff,
    0x00, 0x00, 0x00, 0xff, 0x00, 0x00, 0x00, 0xff, 0x00, 0x00, 0x00, 0xff,
    0x00, 0x00, 0x00, 0xff, 0xd0, 0x98, 0x00, 0xff, 0xc8, 0x9c, 0x00, 0xff,
    0xd0, 0x98, 0x00, 0xff, 0xd0, 0x9c, 0x00, 0xff, 0xc8, 0x98, 0x00, 0xff,
    0xd0, 0x98, 0x00, 0xff, 0xd0, 0x98, 0x00, 0xff, 0xc8, 0x9c, 0x00, 0xff,
    0xc8, 0x98, 0x00, 0xff, 0xd0, 0x98, 0x00, 0xff, 0xc8, 0x98, 0x00, 0xff,
    0xd0, 0x98, 0x00, 0xff, 0xc8, 0x98, 0x00, 0xff, 0xd0, 0x9c, 0x00, 0xff,
    0xd0, 0x98, 0x00, 0xff, 0xc8, 0x98, 0x00, 0xff, 0xd0, 0x9c, 0x00, 0xff,
    0xc8, 0x98, 0x00, 0xff, 0xc8, 0x98, 0x00, 0xff, 0xd0, 0x98, 0x00, 0xff,
    0xc8, 0x9c, 0x00, 0xff, 0xd0, 0x98, 0x00, 0xff, 0xd0, 0x98, 0x00, 0xff,
    0xc8, 0x9c, 0x00, 0xff, 0xc8, 0x98, 0x00, 0xff, 0xd0, 0x98, 0x00, 0xff,
    0xc8, 0x98, 0x00, 0xff, 0xc8, 0x98, 0x00, 0xff, 0xd0, 0x9c, 0x00, 0xff,
    0xd0, 0x98, 0x00, 0xff, 0xc8, 0x98, 0x00, 0xff, 0xd0, 0x98, 0x00, 0xff,
    0xd0, 0x98, 0x00, 0xff, 0xc8, 0x98, 0x00, 0xff, 0xd0, 0x9c, 0x00, 0xff,
    0xc8, 0x98, 0x00, 0xff, 0xc8, 0x98, 0x00, 0xff, 0xd0, 0x9c, 0x00, 0xff,
    0xc8, 0x98, 0x00, 0xff, 0xc8, 0x98, 0x00, 0xff, 0xd0, 0x98, 0x00, 0xff,
    0xd0, 0x9c, 0x00, 0xff, 0xc8, 0x98, 0x00, 0xff, 0xd0, 0x98, 0x00, 0xff,
    0xd0, 0x9c, 0x00, 0xff, 0xc8, 0x98, 0x00, 0xff, 0xc8, 0x98, 0x00, 0xff,
    0xd0, 0x98, 0x00, 0xff, 0xc8, 0x98, 0x00, 0xff, 0xd0, 0x98, 0x00, 0xff,
    0xd0, 0x98, 0x00, 0xff, 0xc8, 0x98, 0x00, 0xff, 0xd0, 0x9c, 0x00, 0xff,
    0xc8, 0x98, 0x00, 0xff, 0xc8, 0x98, 0x00, 0xff, 0xd0, 0x98, 0x00, 0xff,
    0xc8, 0x98, 0x00, 0xff, 0xc8, 0x98, 0x00, 0xff, 0xd0, 0x98, 0x00, 0xff,
    0xc8, 0x9c, 0x00, 0xff, 0xd0, 0x98, 0x00, 0xff, 0xd0, 0x98, 0x00, 0xff,
    0xc8, 0x98, 0x00, 0xff, 0xc8, 0x98, 0x00, 0xff, 0xd0, 0x9c, 0x00, 0xff,
    0xc8, 0x98, 0x00, 0xff, 0xc8, 0x98, 0x00, 0xff, 0xd0, 0x98, 0x00, 0xff,
    0xc8, 0x98, 0x00, 0xff, 0xd0, 0x98, 0x00, 0xff, 0xd0, 0x98, 0x00, 0xff,
    0xd0, 0x98, 0x00, 0xff, 0xc8, 0x98, 0x00, 0xff, 0xd0, 0x98, 0x00, 0xff,
    0xc8, 0x98, 0x00, 0xff, 0xc8, 0x9c, 0x00, 0xff, 0xd0, 0x98, 0x00, 0xff,
    0xd0, 0x98, 0x00, 0xff, 0xc8, 0x9c, 0x00, 0xff, 0xd0, 0x98, 0x00, 0xff,
    0xc8, 0x9c, 0x00, 0xff, 0xc8, 0x9c, 0x00, 0xff, 0xd0, 0x98, 0x00, 0xff,
    0xc8, 0x98, 0x00, 0xff, 0xd0, 0x9c, 0x00, 0xff, 0xd0, 0x98, 0x00, 0xff,
    0xc8, 0x98, 0x00, 0xff, 0xd0, 0x9c, 0x00, 0xff, 0xd0, 0x98, 0x00, 0xff,
    0xc8, 0x98, 0x00, 0xff, 0xd0, 0x98, 0x00, 0xff, 0xd0, 0x9c, 0x00, 0xff,
    0xc8, 0x98, 0x00, 0xff, 0xd0, 0x98, 0x00, 0xff, 0xc8, 0x98, 0x00, 0xff,
    0xc8, 0x98, 0x00, 0xff, 0xd0, 0x98, 0x00, 0xff, 0xc8, 0x98, 0x00, 0xff,
    0xd0, 0x98, 0x00, 0xff, 0xd0, 0x98, 0x00, 0xff, 0xc8, 0x9c, 0x00, 0xff,
    0xc8, 0x98, 0x00, 0xff, 0xd0, 0x98, 0x00, 0xff, 0xd0, 0x9c, 0x00, 0xff,
    0xc8, 0x98, 0x00, 0xff, 0xd0, 0x98, 0x00, 0xff, 0xd0, 0x9c, 0x00, 0xff,
    0xc8, 0x98, 0x00, 0xff, 0xc8, 0x98, 0x00, 0xff, 0xd0, 0x98, 0x00, 0xff,
    0xc8, 0x98, 0x00, 0xff, 0xd0, 0x9c, 0x00, 0xff, 0xc8, 0x98, 0x00, 0xff,
    0xc8, 0x98, 0x00, 0xff, 0xd0, 0x98, 0x00, 0xff, 0xc8, 0x98, 0x00, 0xff,
    0xd0, 0x98, 0x00, 0xff, 0xc8, 0x9c, 0x00, 0xff, 0xc8, 0x98, 0x00, 0xff,
    0xd0, 0x98, 0x00, 0xff, 0x00, 0x00, 0x00, 0xff, 0x00, 0x00, 0x00, 0xff,
    0x00, 0x00, 0x00, 0xef, 0x00, 0x00, 0x00, 0xff, 0xc8, 0x98, 0x00, 0xff,
    0xc8, 0x98, 0x00, 0xff, 0xd0, 0x98, 0x00, 0xff, 0xc8, 0x98, 0x00, 0xff,
    0xc8, 0x9c, 0x00, 0xff, 0xd0, 0x98, 0x00, 0xff, 0xd0, 0x98, 0x00, 0xff,
    0xc8, 0x98, 0x00, 0xff, 0xd0, 0x9c, 0x00, 0xff, 0xc8, 0x98, 0x00, 0xff,
    0xd0, 0x9c, 0x00, 0xff, 0xc8, 0x98, 0x00, 0xff, 0xc8, 0x98, 0x00, 0xff,
    0xd0, 0x98, 0x00, 0xff, 0xc8, 0x98, 0x00, 0xff, 0xd0, 0x98, 0x00, 0xff,
    0xd0, 0x9c, 0x00, 0xff, 0xc8, 0x98, 0x00, 0xff, 0xd0, 0x98, 0x00, 0xff,
    0xc8, 0x98, 0x00, 0xff, 0xc8, 0x98, 0x00, 0xff, 0xd0, 0x98, 0x00, 0xff,
    0xc8, 0x98, 0x00, 0xff, 0xd0, 0x98, 0x00, 0xff, 0xd0, 0x98, 0x00, 0xff,
    0xc8, 0x9c, 0x00, 0xff, 0xd0, 0x98, 0x00, 0xff, 0xc8, 0x98, 0x00, 0xff,
    0xc8, 0x9c, 0x00, 0xff, 0xd0, 0x98, 0x00, 0xff, 0xc8, 0x98, 0x00, 0xff,
    0xc8, 0x9c, 0x00, 0xff, 0xd0, 0x98, 0x00, 0xff, 0xd0, 0x98, 0x00, 0xff,
    0xc8, 0x98, 0x00, 0xff, 0xd0, 0x98, 0x00, 0xff, 0xd0, 0x98, 0x00, 0xff,
    0xc8, 0x98, 0x00, 0xff, 0xd0, 0x98, 0x00, 0xff, 0xc8, 0x98, 0x00, 0xff,
    0xc8, 0x98, 0x00, 0xff, 0xd0, 0x98, 0x00, 0xff, 0xc8, 0x98, 0x00, 0xff,
    0xc8, 0x9c, 0x00, 0xff, 0xd0, 0x98, 0x00, 0xff, 0xc8, 0x98, 0x00, 0xff,
    0xd0, 0x9c, 0x00, 0xff, 0xc8, 0x98, 0x00, 0xff, 0xc8, 0x9c, 0x00, 0xff,
    0xd0, 0x9c, 0x00, 0xff, 0xc8, 0x98, 0x00, 0xff, 0xd0, 0x98, 0x00, 0xff,
    0xd0, 0x98, 0x00, 0xff, 0xc8, 0x98, 0x00, 0xff, 0xd0, 0x9c, 0x00, 0xff,
    0xd0, 0x98, 0x00, 0xff, 0xc8, 0x98, 0x00, 0xff, 0xd0, 0x98, 0x00, 0xff,
    0xc8, 0x98, 0x00, 0xff, 0xc8, 0x98, 0x00, 0xff, 0xd0, 0x9c, 0x00, 0xff,
    0xc8, 0x9c, 0x00, 0xff, 0xd0, 0x98, 0x00, 0xff, 0xd0, 0x98, 0x00, 0xff,
    0xc8, 0x98, 0x00, 0xff, 0xd0, 0x9c, 0x00, 0xff, 0xd0, 0x98, 0x00, 0xff,
    0xc8, 0x9c, 0x00, 0xff, 0xc8, 0x98, 0x00, 0xff, 0xd0, 0x9c, 0x00, 0xff,
    0xc8, 0x98, 0x00, 0xff, 0xc8, 0x9c, 0x00, 0xff, 0xd0, 0x98, 0x00, 0xff,
    0xd0, 0x98, 0x00, 0xff, 0xc8, 0x9c, 0x00, 0xff, 0xd0, 0x98, 0x00, 0xff,
    0xc8, 0x98, 0x00, 0xff, 0xc8, 0x98, 0x00, 0xff, 0xd0, 0x98, 0x00, 0xff,
    0xd0, 0x98, 0x00, 0xff, 0xc8, 0x98, 0x00, 0xff, 0xd0, 0x98, 0x00, 0xff,
    0xc8, 0x98, 0x00, 0xff, 0xc8, 0x9c, 0x00, 0xff, 0xd0, 0x98, 0x00, 0xff,
    0xc8, 0x98, 0x00, 0xff, 0xc8, 0x9c, 0x00, 0xff, 0xd0, 0x98, 0x00, 0xff,
    0xc8, 0x98, 0x00, 0xff, 0xc8, 0x9c, 0x00, 0xff, 0xd0, 0x98, 0x00, 0xff,
    0xc8, 0x98, 0x00, 0xff, 0xd0, 0x9c, 0x00, 0xff, 0xd0, 0x98, 0x00, 0xff,
    0xc8, 0x9c, 0x00, 0xff, 0xd0, 0x9c, 0x00, 0xff, 0xc8, 0x98, 0x00, 0xff,
    0xc8, 0x9c, 0x00, 0xff, 0xd0, 0x98, 0x00, 0xff, 0xd0, 0x98, 0x00, 0xff,
    0xc8, 0x98, 0x00, 0xff, 0xd0, 0x98, 0x00, 0xff, 0xc8, 0x9c, 0x00, 0xff,
    0xc8, 0x98, 0x00, 0xff, 0xd0, 0x98, 0x00, 0xff, 0xc8, 0x98, 0x00, 0xff,
    0xd0, 0x98, 0x00, 0xff, 0xc8, 0x9c, 0x00, 0xff, 0xd0, 0x98, 0x00, 0xff,
    0xd0, 0x98, 0x00, 0xff, 0xc8, 0x98, 0x00, 0xff, 0xd0, 0x98, 0x00, 0xff,
    0xd0, 0x9c, 0x00, 0xff, 0xc8, 0x98, 0x00, 0xff, 0xd0, 0x98, 0x00, 0xff,
    0xc8, 0x9c, 0x00, 0xff, 0xd0, 0x98, 0x00, 0xff, 0xd0, 0x98, 0x00, 0xff,
    0xc8, 0x98, 0x00, 0xff, 0xc8, 0x94, 0x00, 0xff, 0x00, 0x00, 0x00, 0xff,
    0x00, 0x00, 0x00, 0xef, 0x00, 0x00, 0x00, 0xdf, 0x00, 0x00, 0x00, 0xff,
    0xb0, 0x84, 0x00, 0xe7, 0xd0, 0x98, 0x00, 0xff, 0xc8, 0x98, 0x00, 0xff,
    0xd0, 0x98, 0x00, 0xff, 0xc8, 0x9c, 0x00, 0xff, 0xc8, 0x98, 0x00, 0xff,
    0xd0, 0x98, 0x00, 0xff, 0xc8, 0x98, 0x00, 0xff, 0xd0, 0x98, 0x00, 0xff,
    0xd0, 0x98, 0x00, 0xff, 0xc8, 0x98, 0x00, 0xff, 0xd0, 0x9c, 0x00, 0xff,
    0xd0, 0x98, 0x00, 0xff, 0xc8, 0x9c, 0x00, 0xff, 0xc8, 0x98, 0x00, 0xff,
    0xd0, 0x98, 0x00, 0xff, 0xc8, 0x98, 0x00, 0xff, 0xd0, 0x9c, 0x00, 0xff,
    0xd0, 0x98, 0x00, 0xff, 0xc8, 0x9c, 0x00, 0xff, 0xd0, 0x98, 0x00, 0xff,
    0xc8, 0x9c, 0x00, 0xff, 0xc8, 0x98, 0x00, 0xff, 0xd0, 0x98, 0x00, 0xff,
    0xc8, 0x9c, 0x00, 0xff, 0xd0, 0x98, 0x00, 0xff, 0xd0, 0x98, 0x00, 0xff,
    0xc8, 0x98, 0x00, 0xff, 0xd0, 0x98, 0x00, 0xff, 0xd0, 0x98, 0x00, 0xff,
    0xc8, 0x9c, 0x00, 0xff, 0xc8, 0x98, 0x00, 0xff, 0xd0, 0x98, 0x00, 0xff,
    0xc8, 0x9c, 0x00, 0xff, 0xc8, 0x98, 0x00, 0xff, 0xd0, 0x9c, 0x00, 0xff,
    0xc8, 0x98, 0x00, 0xff, 0xd0, 0x9c, 0x00, 0xff, 0xd0, 0x98, 0x00, 0xff,
    0xc8, 0x9c, 0x00, 0xff, 0xd0, 0x9c, 0x00, 0xff, 0xd0, 0x98, 0x00, 0xff,
    0xc8, 0x98, 0x00, 0xff, 0xd0, 0x98, 0x00, 0xff, 0xc8, 0x98, 0x00, 0xff,
    0xd0, 0x98, 0x00, 0xff, 0xd0, 0x98, 0x00, 0xff, 0xc8, 0x98, 0x00, 0xff,
    0xd0, 0x98, 0x00, 0xff, 0xc8, 0x98, 0x00, 0xff, 0xc8, 0x9c, 0x00, 0xff,
    0xd0, 0x98, 0x00, 0xff, 0xc8, 0x98, 0x00, 0xff, 0xc8, 0x9c, 0x00, 0xff,
    0xd0, 0x98, 0x00, 0xff, 0xc8, 0x98, 0x00, 0xff, 0xd0, 0x9c, 0x00, 0xff,
    0xd0, 0x9c, 0x00, 0xff, 0xc8, 0x98, 0x00, 0xff, 0xd0, 0x98, 0x00, 0xff,
    0xc8, 0x98, 0x00, 0xff, 0xc8, 0x98, 0x00, 0xff, 0xd0, 0x9c, 0x00, 0xff,
    0xc8, 0x98, 0x00, 0xff, 0xc8, 0x98, 0x00, 0xff, 0xd0, 0x98, 0x00, 0xff,
    0xd0, 0x98, 0x00, 0xff, 0xc8, 0x98, 0x00, 0xff, 0xd0, 0x9c, 0x00, 0xff,
    0xc8, 0x98, 0x00, 0xff, 0xc8, 0x98, 0x00, 0xff, 0xd0, 0x98, 0x00, 0xff,
    0xc8, 0x9c, 0x00, 0xff, 0xc8, 0x98, 0x00, 0xff, 0xd0, 0x98, 0x00, 0xff,
    0xd0, 0x98, 0x00, 0xff, 0xc8, 0x9c, 0x00, 0xff, 0xd0, 0x98, 0x00, 0xff,
    0xc8, 0x98, 0x00, 0xff, 0xc8, 0x9c, 0x00, 0xff, 0xd0, 0x98, 0x00, 0xff,
    0xd0, 0x98, 0x00, 0xff, 0xc8, 0x98, 0x00, 0xff, 0xd0, 0x98, 0x00, 0xff,
    0xd0, 0x98, 0x00, 0xff, 0xc8, 0x98, 0x00, 0xff, 0xd0, 0x9c, 0x00, 0xff,
    0xd0, 0x98, 0x00, 0xff, 0xc8, 0x98, 0x00, 0xff, 0xd0, 0x98, 0x00, 0xff,
    0xc8, 0x98, 0x00, 0xff, 0xc8, 0x98, 0x00, 0xff, 0xd0, 0x98, 0x00, 0xff,
    0xc8, 0x98, 0x00, 0xff, 0xd0, 0x98, 0x00, 0xff, 0xd0, 0x98, 0x00, 0xff,
    0xc8, 0x98, 0x00, 0xff, 0xd0, 0x98, 0x00, 0xff, 0xc8, 0x9c, 0x00, 0xff,
    0xc8, 0x98, 0x00, 0xff, 0xd0, 0x98, 0x00, 0xff, 0xd0, 0x9c, 0x00, 0xff,
    0xc8, 0x98, 0x00, 0xff, 0xd0, 0x98, 0x00, 0xff, 0xc8, 0x9c, 0x00, 0xff,
    0xd0, 0x98, 0x00, 0xff, 0xc8, 0x98, 0x00, 0xff, 0xd0, 0x98, 0x00, 0xff,
    0xc8, 0x9c, 0x00, 0xff, 0xc8, 0x98, 0x00, 0xff, 0xd0, 0x98, 0x00, 0xff,
    0xc8, 0x98, 0x00, 0xff, 0xd0, 0x9c, 0x00, 0xff, 0xd0, 0x98, 0x00, 0xff,
    0xc8, 0x98, 0x00, 0xff, 0xc8, 0x9c, 0x00, 0xff, 0xd0, 0x98, 0x00, 0xff,
    0xc8, 0x98, 0x00, 0xff, 0xd0, 0x9c, 0x00, 0xff, 0xb0, 0x84, 0x00, 0xe7,
    0x00, 0x00, 0x00, 0xff, 0x00, 0x00, 0x00, 0xdf, 0x00, 0x00, 0x00, 0xcf,
    0x00, 0x00, 0x00, 0xff, 0xa8, 0x80, 0x00, 0xdb, 0xd0, 0x98, 0x00, 0xff,
    0xc8, 0x9c, 0x00, 0xff, 0xd0, 0x98, 0x00, 0xff, 0xd0, 0x98, 0x00, 0xff,
    0xc8, 0x9c, 0x00, 0xff, 0xd0, 0x98, 0x00, 0xff, 0xc8, 0x9c, 0x00, 0xff,
    0xc8, 0x98, 0x00, 0xff, 0xd0, 0x98, 0x00, 0xff, 0xc8, 0x98, 0x00, 0xff,
    0xc8, 0x98, 0x00, 0xff, 0xd0, 0x98, 0x00, 0xff, 0xc8, 0x9c, 0x00, 0xff,
    0xd0, 0x98, 0x00, 0xff, 0xc8, 0x98, 0x00, 0xff, 0xc8, 0x98, 0x00, 0xff,
    0xd0, 0x98, 0x00, 0xff, 0xc8, 0x98, 0x00, 0xff, 0xd0, 0x98, 0x00, 0xff,
    0xd0, 0x9c, 0x00, 0xff, 0xc8, 0x98, 0x00, 0xff, 0xd0, 0x98, 0x00, 0xff,
    0xc8, 0x9c, 0x00, 0xff, 0xc8, 0x98, 0x00, 0xff, 0xd0, 0x98, 0x00, 0xff,
    0xc8, 0x9c, 0x00, 0xff, 0xc8, 0x98, 0x00, 0xff, 0xd0, 0x98, 0x00, 0xff,
    0xc8, 0x9c, 0x00, 0xff, 0xd0, 0x98, 0x00, 0xff, 0xd0, 0x98, 0x00, 0xff,
    0xc8, 0x98, 0x00, 0xff, 0xd0, 0x98, 0x00, 0xff, 0xd0, 0x9c, 0x00, 0xff,
    0xc8, 0x98, 0x00, 0xff, 0xc8, 0x98, 0x00, 0xff, 0xd0, 0x98, 0x00, 0xff,
    0xc8, 0x98, 0x00, 0xff, 0xc8, 0x98, 0x00, 0xff, 0xd0, 0x98, 0x00, 0xff,
    0xc8, 0x9c, 0x00, 0xff, 0xd0, 0x98, 0x00, 0xff, 0xd0, 0x9c, 0x00, 0xff,
    0xc8, 0x98, 0x00, 0xff, 0xc8, 0x9c, 0x00, 0xff, 0xd0, 0x98, 0x00, 0xff,
    0xd0, 0x98, 0x00, 0xff, 0xc8, 0x98, 0x00, 0xff, 0xd0, 0x98, 0x00, 0xff,
    0xd0, 0x98, 0x00, 0xff, 0xc8, 0x9c, 0x00, 0xff, 0xd0, 0x98, 0x00, 0xff,
    0xd0, 0x98, 0x00, 0xff, 0xc8, 0x98, 0x00, 0xff, 0xc8, 0x98, 0x00, 0xff,
    0xd0, 0x98, 0x00, 0xff, 0xc8, 0x98, 0x00, 0xff, 0xd0, 0x9c, 0x00, 0xff,
    0xd0, 0x98, 0x00, 0xff, 0xc8, 0x98, 0x00, 0xff, 0xd0, 0x98, 0x00, 0xff,
    0xd0, 0x98, 0x00, 0xff, 0xc8, 0x9c, 0x00, 0xff, 0xd0, 0x98, 0x00, 0xff,
    0xc8, 0x98, 0x00, 0xff, 0xc8, 0x9c, 0x00, 0xff, 0xd0, 0x98, 0x00, 0xff,
    0xd0, 0x98, 0x00, 0xff, 0xc8, 0x98, 0x00, 0xff, 0xd0, 0x98, 0x00, 0xff,
    0xd0, 0x98, 0x00, 0xff, 0xc8, 0x98, 0x00, 0xff, 0xd0, 0x9c, 0x00, 0xff,
    0xc8, 0x98, 0x00, 0xff, 0xc8, 0x98, 0x00, 0xff, 0xd0, 0x9c, 0x00, 0xff,
    0xd0, 0x98, 0x00, 0xff, 0xc8, 0x98, 0x00, 0xff, 0xd0, 0x9c, 0x00, 0xff,
    0xc8, 0x98, 0x00, 0xff, 0xc8, 0x9c, 0x00, 0xff, 0xd0, 0x9c, 0x00, 0xff,
    0xc8, 0x98, 0x00, 0xff, 0xc8, 0x98, 0x00, 0xff, 0xd0, 0x9c, 0x00, 0xff,
    0xc8, 0x98, 0x00, 0xff, 0xc8, 0x98, 0x00, 0xff, 0xd0, 0x9c, 0x00, 0xff,
    0xd0, 0x98, 0x00, 0xff, 0xc8, 0x9c, 0x00, 0xff, 0xd0, 0x98, 0x00, 0xff,
    0xc8, 0x98, 0x00, 0xff, 0xc8, 0x9c, 0x00, 0xff, 0xd0, 0x98, 0x00, 0xff,
    0xc8, 0x98, 0x00, 0xff, 0xd0, 0x98, 0x00, 0xff, 0xd0, 0x98, 0x00, 0xff,
    0xc8, 0x9c, 0x00, 0xff, 0xc8, 0x98, 0x00, 0xff, 0xd0, 0x98, 0x00, 0xff,
    0xc8, 0x9c, 0x00, 0xff, 0xd0, 0x98, 0x00, 0xff, 0xc8, 0x98, 0x00, 0xff,
    0xd0, 0x9c, 0x00, 0xff, 0xc8, 0x98, 0x00, 0xff, 0xd0, 0x98, 0x00, 0xff,
    0xc8, 0x9c, 0x00, 0xff, 0xd0, 0x98, 0x00, 0xff, 0xc8, 0x98, 0x00, 0xff,
    0xd0, 0x9c, 0x00, 0xff, 0xc8, 0x98, 0x00, 0xff, 0xc8, 0x98, 0x00, 0xff,
    0xd0, 0x98, 0x00, 0xff, 0xc8, 0x98, 0x00, 0xff, 0xd0, 0x98, 0x00, 0xff,
    0xc8, 0x98, 0x00, 0xff, 0xc8, 0x98, 0x00, 0xff, 0xd0, 0x98, 0x00, 0xff,
    0xa8, 0x80, 0x00, 0xe7, 0x00, 0x00, 0x00, 0xff, 0x00, 0x00, 0x00, 0xdf,
    0x00, 0x00, 0x00, 0xbe, 0x00, 0x00, 0x00, 0xff, 0x90, 0x6c, 0x00, 0xe3,
    0xc8, 0x98, 0x00, 0xff, 0xd0, 0x98, 0x00, 0xff, 0xc8, 0x98, 0x00, 0xff,
    0xd0, 0x98, 0x00, 0xff, 0xc8, 0x98, 0x00, 0xff, 0xd0, 0x98, 0x00, 0xff,
    0xd0, 0x9c, 0x00, 0xff, 0xc8, 0x98, 0x00, 0xff, 0xd0, 0x9c, 0x00, 0xff,
    0xc8, 0x9c, 0x00, 0xff, 0xd0, 0x98, 0x00, 0xff, 0xc8, 0x98, 0x00, 0xff,
    0xd0, 0x98, 0x00, 0xff, 0xd0, 0x9c, 0x00, 0xff, 0xc8, 0x98, 0x00, 0xff,
    0xd0, 0x9c, 0x00, 0xff, 0xc8, 0x98, 0x00, 0xff, 0xc8, 0x98, 0x00, 0xff,
    0xd0, 0x98, 0x00, 0xff, 0xc8, 0x98, 0x00, 0xff, 0xd0, 0x98, 0x00, 0xff,
    0xd0, 0x98, 0x00, 0xff, 0xc8, 0x98, 0x00, 0xff, 0xd0, 0x98, 0x00, 0xff,
    0xd0, 0x98, 0x00, 0xff, 0xc8, 0x9c, 0x00, 0xff, 0xd0, 0x98, 0x00, 0xff,
    0xc8, 0x98, 0x00, 0xff, 0xc8, 0x98, 0x00, 0xff, 0xd0, 0x98, 0x00, 0xff,
    0xc8, 0x9c, 0x00, 0xff, 0xc8, 0x98, 0x00, 0xff, 0xd0, 0x98, 0x00, 0xff,
    0xd0, 0x98, 0x00, 0xff, 0xc8, 0x98, 0x00, 0xff, 0xd0, 0x98, 0x00, 0xff,
    0xd0, 0x9c, 0x00, 0xff, 0xc8, 0x98, 0x00, 0xff, 0xd0, 0x98, 0x00, 0xff,
    0xc8, 0x98, 0x00, 0xff, 0xc8, 0x98, 0x00, 0xff, 0xd0, 0x98, 0x00, 0xff,
    0xc8, 0x98, 0x00, 0xff, 0xd0, 0x9c, 0x00, 0xff, 0xc8, 0x98, 0x00, 0xff,
    0xc8, 0x9c, 0x00, 0xff, 0xd0, 0x9c, 0x00, 0xff, 0xc8, 0x98, 0x00, 0xff,
    0xd0, 0x98, 0x00, 0xff, 0xc8, 0x9c, 0x00, 0xff, 0xc8, 0x98, 0x00, 0xff,
    0xd0, 0x98, 0x00, 0xff, 0xd0, 0x98, 0x00, 0xff, 0xc8, 0x9c, 0x00, 0xff,
    0xd0, 0x98, 0x00, 0xff, 0xc8, 0x98, 0x00, 0xff, 0xc8, 0x98, 0x00, 0xff,
    0xd0, 0x98, 0x00, 0xff, 0xc8, 0x9c, 0x00, 0xff, 0xc8, 0x98, 0x00, 0xff,
    0xd0, 0x98, 0x00, 0xff, 0xc8, 0x98, 0x00, 0xff, 0xd0, 0x9c, 0x00, 0xff,
    0xd0, 0x98, 0x00, 0xff, 0xc8, 0x98, 0x00, 0xff, 0xc8, 0x9c, 0x00, 0xff,
    0xd0, 0x98, 0x00, 0xff, 0xc8, 0x98, 0x00, 0xff, 0xd0, 0x9c, 0x00, 0xff,
    0xc8, 0x9c, 0x00, 0xff, 0xd0, 0x98, 0x00, 0xff, 0xd0, 0x98, 0x00, 0xff,
    0xc8, 0x98, 0x00, 0xff, 0xd0, 0x98, 0x00, 0xff, 0xc8, 0x98, 0x00, 0xff,
    0xd0, 0x98, 0x00, 0xff, 0xc8, 0x98, 0x00, 0xff, 0xd0, 0x98, 0x00, 0xff,
    0xd0, 0x98, 0x00, 0xff, 0xc8, 0x98, 0x00, 0xff, 0xd0, 0x98, 0x00, 0xff,
    0xd0, 0x98, 0x00, 0xff, 0xc8, 0x98, 0x00, 0xff, 0xd0, 0x9c, 0x00, 0xff,
    0xd0, 0x98, 0x00, 0xff, 0xc8, 0x98, 0x00, 0xff, 0xd0, 0x98, 0x00, 0xff,
    0xc8, 0x98, 0x00, 0xff, 0xc8, 0x98, 0x00, 0xff, 0xd0, 0x9c, 0x00, 0xff,
    0xd0, 0x98, 0x00, 0xff, 0xc8, 0x98, 0x00, 0xff, 0xd0, 0x9c, 0x00, 0xff,
    0xc8, 0x98, 0x00, 0xff, 0xc8, 0x9c, 0x00, 0xff, 0xd0, 0x98, 0x00, 0xff,
    0xc8, 0x98, 0x00, 0xff, 0xd0, 0x98, 0x00, 0xff, 0xd0, 0x98, 0x00, 0xff,
    0xc8, 0x98, 0x00, 0xff, 0xc8, 0x98, 0x00, 0xff, 0xd0, 0x98, 0x00, 0xff,
    0xd0, 0x98, 0x00, 0xff, 0xc8, 0x98, 0x00, 0xff, 0xd0, 0x98, 0x00, 0xff,
    0xc8, 0x98, 0x00, 0xff, 0xd0, 0x9c, 0x00, 0xff, 0xc8, 0x98, 0x00, 0xff,
    0xd0, 0x98, 0x00, 0xff, 0xd0, 0x9c, 0x00, 0xff, 0xc8, 0x98, 0x00, 0xff,
    0xc8, 0x98, 0x00, 0xff, 0xd0, 0x9c, 0x00, 0xff, 0xd0, 0x98, 0x00, 0xff,
    0xc8, 0x9c, 0x00, 0xff, 0xd0, 0x98, 0x00, 0xff, 0xd0, 0x9c, 0x00, 0xff,
    0xc8, 0x98, 0x00, 0xff, 0x88, 0x68, 0x00, 0xdb, 0x00, 0x00, 0x00, 0xff,
    0x00, 0x00, 0x00, 0xae, 0x00, 0x00, 0x00, 0x8e, 0x00, 0x00, 0x00, 0xff,
    0x70, 0x54, 0x00, 0xef, 0xd0, 0x98, 0x00, 0xff, 0xc8, 0x98, 0x00, 0xff,
    0xc8, 0x9c, 0x00, 0xff, 0xd0, 0x98, 0x00, 0xff, 0xc8, 0x98, 0x00, 0xff,
    0xc8, 0x98, 0x00, 0xff, 0xd0, 0x98, 0x00, 0xff, 0xc8, 0x98, 0x00, 0xff,
    0xd0, 0x98, 0x00, 0xff, 0xd0, 0x98, 0x00, 0xff, 0xc8, 0x98, 0x00, 0xff,
    0xd0, 0x9c, 0x00, 0xff, 0xc8, 0x98, 0x00, 0xff, 0xc8, 0x98, 0x00, 0xff,
    0xd0, 0x98, 0x00, 0xff, 0xd0, 0x98, 0x00, 0xff, 0xc8, 0x9c, 0x00, 0xff,
    0xd0, 0x9c, 0x00, 0xff, 0xc8, 0x98, 0x00, 0xff, 0xc8, 0x98, 0x00, 0xff,
    0xd0, 0x9c, 0x00, 0xff, 0xc8, 0x9c, 0x00, 0xff, 0xd0, 0x98, 0x00, 0xff,
    0xc8, 0x98, 0x00, 0xff, 0xc8, 0x9c, 0x00, 0xff, 0xd0, 0x98, 0x00, 0xff,
    0xd0, 0x98, 0x00, 0xff, 0xc8, 0x9c, 0x00, 0xff, 0xd0, 0x98, 0x00, 0xff,
    0xd0, 0x98, 0x00, 0xff, 0xc8, 0x9c, 0x00, 0xff, 0xd0, 0x98, 0x00, 0xff,
    0xc8, 0x98, 0x00, 0xff, 0xc8, 0x9c, 0x00, 0xff, 0xd0, 0x98, 0x00, 0xff,
    0xc8, 0x98, 0x00, 0xff, 0xc8, 0x9c, 0x00, 0xff, 0xd0, 0x98, 0x00, 0xff,
    0xd0, 0x9c, 0x00, 0xff, 0xc8, 0x98, 0x00, 0xff, 0xd0, 0x98, 0x00, 0xff,
    0xc8, 0x9c, 0x00, 0xff, 0xd0, 0x98, 0x00, 0xff, 0xd0, 0x98, 0x00, 0xff,
    0xc8, 0x98, 0x00, 0xff, 0xd0, 0x98, 0x00, 0xff, 0xc8, 0x98, 0x00, 0xff,
    0xd0, 0x98, 0x00, 0xff, 0xc8, 0x9c, 0x00, 0xff, 0xd0, 0x98, 0x00, 0xff,
    0xc8, 0x98, 0x00, 0xff, 0xc8, 0x98, 0x00, 0xff, 0xd0, 0x9c, 0x00, 0xff,
    0xc8, 0x98, 0x00, 0xff, 0xd0, 0x9c, 0x00, 0xff, 0xd0, 0x98, 0x00, 0xff,
    0xc8, 0x9c, 0x00, 0xff, 0xd0, 0x98, 0x00, 0xff, 0xd0, 0x98, 0x00, 0xff,
    0xc8, 0x9c, 0x00, 0xff, 0xd0, 0x98, 0x00, 0xff, 0xc8, 0x98, 0x00, 0xff,
    0xc8, 0x98, 0x00, 0xff, 0xd0, 0x98, 0x00, 0xff, 0xd0, 0x98, 0x00, 0xff,
    0xc8, 0x98, 0x00, 0xff, 0xd0, 0x98, 0x00, 0xff, 0xc8, 0x98, 0x00, 0xff,
    0xc8, 0x98, 0x00, 0xff, 0xd0, 0x98, 0x00, 0xff, 0xc8, 0x9c, 0x00, 0xff,
    0xc8, 0x98, 0x00, 0xff, 0xd0, 0x98, 0x00, 0xff, 0xd0, 0x9c, 0x00, 0xff,
    0xc8, 0x9c, 0x00, 0xff, 0xc8, 0x98, 0x00, 0xff, 0xd0, 0x9c, 0x00, 0xff,
    0xc8, 0x98, 0x00, 0xff, 0xc8, 0x98, 0x00, 0xff, 0xd0, 0x9c, 0x00, 0xff,
    0xc8, 0x98, 0x00, 0xff, 0xd0, 0x98, 0x00, 0xff, 0xc8, 0x98, 0x00, 0xff,
    0xd0, 0x98, 0x00, 0xff, 0xc8, 0x98, 0x00, 0xff, 0xd0, 0x9c, 0x00, 0xff,
    0xd0, 0x98, 0x00, 0xff, 0xc8, 0x98, 0x00, 0xff, 0xd0, 0x98, 0x00, 0xff,
    0xc8, 0x98, 0x00, 0xff, 0xd0, 0x98, 0x00, 0xff, 0xd0, 0x98, 0x00, 0xff,
    0xc8, 0x98, 0x00, 0xff, 0xd0, 0x98, 0x00, 0xff, 0xd0, 0x98, 0x00, 0xff,
    0xc8, 0x9c, 0x00, 0xff, 0xc8, 0x98, 0x00, 0xff, 0xd0, 0x9c, 0x00, 0xff,
    0xd0, 0x9c, 0x00, 0xff, 0xc8, 0x98, 0x00, 0xff, 0xd0, 0x98, 0x00, 0xff,
    0xc8, 0x9c, 0x00, 0xff, 0xc8, 0x98, 0x00, 0xff, 0xd0, 0x9c, 0x00, 0xff,
    0xc8, 0x98, 0x00, 0xff, 0xd0, 0x98, 0x00, 0xff, 0xc8, 0x98, 0x00, 0xff,
    0xc8, 0x98, 0x00, 0xff, 0xd0, 0x98, 0x00, 0xff, 0xc8, 0x98, 0x00, 0xff,
    0xd0, 0x98, 0x00, 0xff, 0xd0, 0x9c, 0x00, 0xff, 0xc8, 0x98, 0x00, 0xff,
    0xc8, 0x98, 0x00, 0xff, 0xd0, 0x98, 0x00, 0xff, 0xc8, 0x9c, 0x00, 0xff,
    0xd0, 0x98, 0x00, 0xff, 0xd0, 0x98, 0x00, 0xff, 0x70, 0x54, 0x00, 0xef,
    0x00, 0x00, 0x00, 0xff, 0x00, 0x00, 0x00, 0x8e, 0x00, 0x00, 0x00, 0x61,
    0x00, 0x00, 0x00, 0xff, 0x30, 0x24, 0x00, 0xe3, 0xc8, 0x98, 0x00, 0xff,
    0xd0, 0x9c, 0x00, 0xff, 0xd0, 0x98, 0x00, 0xff, 0xc8, 0x9c, 0x00, 0xff,
    0xd0, 0x98, 0x00, 0xff, 0xd0, 0x9c, 0x00, 0xff, 0xc8, 0x98, 0x00, 0xff,
    0xc8, 0x98, 0x00, 0xff, 0xd0, 0x9c, 0x00, 0xff, 0xc8, 0x98, 0x00, 0xff,
    0xc8, 0x98, 0x00, 0xff, 0xd0, 0x98, 0x00, 0xff, 0xd0, 0x9c, 0x00, 0xff,
    0xc8, 0x98, 0x00, 0xff, 0xd0, 0x98, 0x00, 0xff, 0xc8, 0x98, 0x00, 0xff,
    0xd0, 0x98, 0x00, 0xff, 0xd0, 0x98, 0x00, 0xff, 0xc8, 0x98, 0x00, 0xff,
    0xd0, 0x9c, 0x00, 0xff, 0xc8, 0x98, 0x00, 0xff, 0xd0, 0x98, 0x00, 0xff,
    0xc8, 0x98, 0x00, 0xff, 0xd0, 0x9c, 0x00, 0xff, 0xc8, 0x98, 0x00, 0xff,
    0xd0, 0x98, 0x00, 0xff, 0xc8, 0x98, 0x00, 0xff, 0xd0, 0x9c, 0x00, 0xff,
    0xc8, 0x98, 0x00, 0xff, 0xc8, 0x98, 0x00, 0xff, 0xd0, 0x98, 0x00, 0xff,
    0xd0, 0x98, 0x00, 0xff, 0xc8, 0x9c, 0x00, 0xff, 0xd0, 0x98, 0x00, 0xff,
    0xd0, 0x98, 0x00, 0xff, 0xc8, 0x98, 0x00, 0xff, 0xc8, 0x98, 0x00, 0xff,
    0xd0, 0x98, 0x00, 0xff, 0xc8, 0x98, 0x00, 0xff, 0xd0, 0x9c, 0x00, 0xff,
    0xd0, 0x98, 0x00, 0xff, 0xc8, 0x98, 0x00, 0xff, 0xc8, 0x98, 0x00, 0xff,
    0xd0, 0x98, 0x00, 0xff, 0xc8, 0x98, 0x00, 0xff, 0xd0, 0x98, 0x00, 0xff,
    0xd0, 0x98, 0x00, 0xff, 0xc8, 0x9c, 0x00, 0xff, 0xd0, 0x98, 0x00, 0xff,
    0xd0, 0x98, 0x00, 0xff, 0xc8, 0x98, 0x00, 0xff, 0xd0, 0x9c, 0x00, 0xff,
    0xc8, 0x98, 0x00, 0xff, 0xc8, 0x98, 0x00, 0xff, 0xd0, 0x98, 0x00, 0xff,
    0xc8, 0x98, 0x00, 0xff, 0xc8, 0x98, 0x00, 0xff, 0xd0, 0x98, 0x00, 0xff,
    0xc8, 0x98, 0x00, 0xff, 0xd0, 0x9c, 0x00, 0xff, 0xd0, 0x98, 0x00, 0xff,
    0xc8, 0x98, 0x00, 0xff, 0xc8, 0x9c, 0x00, 0xff, 0xd0, 0x9c, 0x00, 0xff,
    0xc8, 0x98, 0x00, 0xff, 0xd0, 0x98, 0x00, 0xff, 0xd0, 0x9c, 0x00, 0xff,
    0xc8, 0x98, 0x00, 0xff, 0xd0, 0x98, 0x00, 0xff, 0xd0, 0x98, 0x00, 0xff,
    0xc8, 0x98, 0x00, 0xff, 0xc8, 0x9c, 0x00, 0xff, 0xd0, 0x98, 0x00, 0xff,
    0xc8, 0x98, 0x00, 0xff, 0xd0, 0x98, 0x00, 0xff, 0xd0, 0x98, 0x00, 0xff,
    0xc8, 0x9c, 0x00, 0xff, 0xd0, 0x98, 0x00, 0xff, 0xd0, 0x98, 0x00, 0xff,
    0xc8, 0x9c, 0x00, 0xff, 0xc8, 0x98, 0x00, 0xff, 0xd0, 0x9c, 0x00, 0xff,
    0xc8, 0x9c, 0x00, 0xff, 0xc8, 0x98, 0x00, 0xff, 0xd0, 0x98, 0x00, 0xff,
    0xc8, 0x9c, 0x00, 0xff, 0xc8, 0x98, 0x00, 0xff, 0xd0, 0x9c, 0x00, 0xff,
    0xd0, 0x9c, 0x00, 0xff, 0xc8, 0x98, 0x00, 0xff, 0xc8, 0x9c, 0x00, 0xff,
    0xd0, 0x98, 0x00, 0xff, 0xc8, 0x98, 0x00, 0xff, 0xc8, 0x9c, 0x00, 0xff,
    0xd0, 0x98, 0x00, 0xff, 0xd0, 0x98, 0x00, 0xff, 0xc8, 0x98, 0x00, 0xff,
    0xc8, 0x98, 0x00, 0xff, 0xd0, 0x98, 0x00, 0xff, 0xc8, 0x98, 0x00, 0xff,
    0xd0, 0x9c, 0x00, 0xff, 0xd0, 0x98, 0x00, 0xff, 0xc8, 0x98, 0x00, 0xff,
    0xd0, 0x98, 0x00, 0xff, 0xc8, 0x9c, 0x00, 0xff, 0xd0, 0x98, 0x00, 0xff,
    0xd0, 0x98, 0x00, 0xff, 0xc8, 0x9c, 0x00, 0xff, 0xd0, 0x98, 0x00, 0xff,
    0xc8, 0x98, 0x00, 0xff, 0xc8, 0x9c, 0x00, 0xff, 0xd0, 0x98, 0x00, 0xff,
    0xc8, 0x98, 0x00, 0xff, 0xd0, 0x98, 0x00, 0xff, 0xc8, 0x98, 0x00, 0xff,
    0xc8, 0x98, 0x00, 0xff, 0xc8, 0x98, 0x00, 0xff, 0xd0, 0x9c, 0x00, 0xff,
    0x28, 0x20, 0x00, 0xdb, 0x00, 0x00, 0x00, 0xff, 0x00, 0x00, 0x00, 0x71,
    0x00, 0x00, 0x00, 0x10, 0x00, 0x00, 0x00, 0xff, 0x00, 0x00, 0x00, 0xfb,
    0xb0, 0x88, 0x00, 0xeb, 0xd0, 0x98, 0x00, 0xff, 0xc8, 0x98, 0x00, 0xff,
    0xc8, 0x98, 0x00, 0xff, 0xd0, 0x98, 0x00, 0xff, 0xd0, 0x9c, 0x00, 0xff,
    0xc8, 0x98, 0x00, 0xff, 0xd0, 0x98, 0x00, 0xff, 0xc8, 0x9c, 0x00, 0xff,
    0xd0, 0x98, 0x00, 0xff, 0xc8, 0x98, 0x00, 0xff, 0xd0, 0x98, 0x00, 0xff,
    0xc8, 0x98, 0x00, 0xff, 0xd0, 0x9c, 0x00, 0xff, 0xc8, 0x98, 0x00, 0xff,
    0xc8, 0x9c, 0x00, 0xff, 0xd0, 0x98, 0x00, 0xff, 0xc8, 0x98, 0x00, 0xff,
    0xd0, 0x98, 0x00, 0xff, 0xd0, 0x98, 0x00, 0xff, 0xc8, 0x98, 0x00, 0xff,
    0xc8, 0x98, 0x00, 0xff, 0xd0, 0x98, 0x00, 0xff, 0xd0, 0x98, 0x00, 0xff,
    0xc8, 0x98, 0x00, 0xff, 0xc8, 0x98, 0x00, 0xff, 0xd0, 0x98, 0x00, 0xff,
    0xc8, 0x98, 0x00, 0xff, 0xd0, 0x9c, 0x00, 0xff, 0xc8, 0x98, 0x00, 0xff,
    0xd0, 0x98, 0x00, 0xff, 0xc8, 0x9c, 0x00, 0xff, 0xc8, 0x98, 0x00, 0xff,
    0xd0, 0x98, 0x00, 0xff, 0xc8, 0x9c, 0x00, 0xff, 0xd0, 0x98, 0x00, 0xff,
    0xd0, 0x9c, 0x00, 0xff, 0xc8, 0x98, 0x00, 0xff, 0xc8, 0x98, 0x00, 0xff,
    0xd0, 0x98, 0x00, 0xff, 0xc8, 0x9c, 0x00, 0xff, 0xc8, 0x98, 0x00, 0xff,
    0xd0, 0x9c, 0x00, 0xff, 0xc8, 0x9c, 0x00, 0xff, 0xc8, 0x98, 0x00, 0xff,
    0xd0, 0x9c, 0x00, 0xff, 0xc8, 0x98, 0x00, 0xff, 0xc8, 0x98, 0x00, 0xff,
    0xd0, 0x98, 0x00, 0xff, 0xc8, 0x98, 0x00, 0xff, 0xd0, 0x9c, 0x00, 0xff,
    0xd0, 0x98, 0x00, 0xff, 0xc8, 0x98, 0x00, 0xff, 0xd0, 0x98, 0x00, 0xff,
    0xd0, 0x9c, 0x00, 0xff, 0xc8, 0x98, 0x00, 0xff, 0xd0, 0x98, 0x00, 0xff,
    0xc8, 0x9c, 0x00, 0xff, 0xc8, 0x98, 0x00, 0xff, 0xd0, 0x98, 0x00, 0xff,
    0xc8, 0x98, 0x00, 0xff, 0xd0, 0x98, 0x00, 0xff, 0xd0, 0x98, 0x00, 0xff,
    0xc8, 0x98, 0x00, 0xff, 0xc8, 0x9c, 0x00, 0xff, 0xd0, 0x98, 0x00, 0xff,
    0xc8, 0x98, 0x00, 0xff, 0xc8, 0x9c, 0x00, 0xff, 0xd0, 0x9c, 0x00, 0xff,
    0xd0, 0x98, 0x00, 0xff, 0xc8, 0x98, 0x00, 0xff, 0xd0, 0x98, 0x00, 0xff,
    0xc8, 0x98, 0x00, 0xff, 0xc8, 0x98, 0x00, 0xff, 0xd0, 0x98, 0x00, 0xff,
    0xc8, 0x98, 0x00, 0xff, 0xc8, 0x98, 0x00, 0xff, 0xd0, 0x98, 0x00, 0xff,
    0xd0, 0x98, 0x00, 0xff, 0xc8, 0x98, 0x00, 0xff, 0xd0, 0x98, 0x00, 0xff,
    0xd0, 0x98, 0x00, 0xff, 0xc8, 0x98, 0x00, 0xff, 0xd0, 0x98, 0x00, 0xff,
    0xd0, 0x98, 0x00, 0xff, 0xc8, 0x98, 0x00, 0xff, 0xc8, 0x98, 0x00, 0xff,
    0xd0, 0x98, 0x00, 0xff, 0xc8, 0x98, 0x00, 0xff, 0xd0, 0x98, 0x00, 0xff,
    0xc8, 0x98, 0x00, 0xff, 0xd0, 0x9c, 0x00, 0xff, 0xd0, 0x98, 0x00, 0xff,
    0xc8, 0x98, 0x00, 0xff, 0xc8, 0x9c, 0x00, 0xff, 0xd0, 0x98, 0x00, 0xff,
    0xd0, 0x98, 0x00, 0xff, 0xc8, 0x9c, 0x00, 0xff, 0xc8, 0x98, 0x00, 0xff,
    0xd0, 0x98, 0x00, 0xff, 0xc8, 0x98, 0x00, 0xff, 0xc8, 0x98, 0x00, 0xff,
    0xd0, 0x98, 0x00, 0xff, 0xc8, 0x98, 0x00, 0xff, 0xd0, 0x9c, 0x00, 0xff,
    0xc8, 0x98, 0x00, 0xff, 0xc8, 0x98, 0x00, 0xff, 0xd0, 0x9c, 0x00, 0xff,
    0xd0, 0x98, 0x00, 0xff, 0xc8, 0x98, 0x00, 0xff, 0xd0, 0x98, 0x00, 0xff,
    0xc8, 0x98, 0x00, 0xff, 0xd0, 0x9c, 0x00, 0xff, 0xd0, 0x9c, 0x00, 0xff,
    0xd0, 0x98, 0x00, 0xff, 0xc8, 0x98, 0x00, 0xff, 0xd0, 0x98, 0x00, 0xff,
    0xb0, 0x88, 0x00, 0xeb, 0x00, 0x00, 0x00, 0xfb, 0x00, 0x00, 0x00, 0xef,
    0x00, 0x00, 0x00, 0x10, 0x00, 0x00, 0x00, 0x00, 0x00, 0x00, 0x00, 0x9e,
    0x00, 0x00, 0x00, 0xff, 0x38, 0x28, 0x00, 0xf3, 0xd0, 0x98, 0x00, 0xff,
    0xc8, 0x98, 0x00, 0xff, 0xd0, 0x98, 0x00, 0xff, 0xc8, 0x98, 0x00, 0xff,
    0xc8, 0x98, 0x00, 0xff, 0xd0, 0x98, 0x00, 0xff, 0xc8, 0x98, 0x00, 0xff,
    0xd0, 0x98, 0x00, 0xff, 0xd0, 0x9c, 0x00, 0xff, 0xc8, 0x98, 0x00, 0xff,
    0xc8, 0x98, 0x00, 0xff, 0xd0, 0x9c, 0x00, 0xff, 0xc8, 0x98, 0x00, 0xff,
    0xd0, 0x98, 0x00, 0xff, 0xd0, 0x98, 0x00, 0xff, 0xc8, 0x9c, 0x00, 0xff,
    0xc8, 0x98, 0x00, 0xff, 0xd0, 0x9c, 0x00, 0xff, 0xc8, 0x98, 0x00, 0xff,
    0xd0, 0x9c, 0x00, 0xff, 0xc8, 0x9c, 0x00, 0xff, 0xd0, 0x98, 0x00, 0xff,
    0xc8, 0x98, 0x00, 0xff, 0xd0, 0x9c, 0x00, 0xff, 0xd0, 0x9c, 0x00, 0xff,
    0xc8, 0x98, 0x00, 0xff, 0xd0, 0x98, 0x00, 0xff, 0xd0, 0x98, 0x00, 0xff,
    0xc8, 0x9c, 0x00, 0xff, 0xd0, 0x98, 0x00, 0xff, 0xc8, 0x98, 0x00, 0xff,
    0xd0, 0x98, 0x00, 0xff, 0xc8, 0x98, 0x00, 0xff, 0xc8, 0x98, 0x00, 0xff,
    0xd0, 0x9c, 0x00, 0xff, 0xd0, 0x98, 0x00, 0xff, 0xc8, 0x98, 0x00, 0xff,
    0xd0, 0x9c, 0x00, 0xff, 0xd0, 0x98, 0x00, 0xff, 0xc8, 0x98, 0x00, 0xff,
    0xd0, 0x98, 0x00, 0xff, 0xd0, 0x98, 0x00, 0xff, 0xc8, 0x98, 0x00, 0xff,
    0xd0, 0x98, 0x00, 0xff, 0xd0, 0x98, 0x00, 0xff, 0xc8, 0x9c, 0x00, 0xff,
    0xd0, 0x98, 0x00, 0xff, 0xc8, 0x98, 0x00, 0xff, 0xc8, 0x9c, 0x00, 0xff,
    0xd0, 0x98, 0x00, 0xff, 0xc8, 0x98, 0x00, 0xff, 0xc8, 0x98, 0x00, 0xff,
    0xd0, 0x9c, 0x00, 0xff, 0xc8, 0x98, 0x00, 0xff, 0xd0, 0x98, 0x00, 0xff,
    0xd0, 0x9c, 0x00, 0xff, 0xc8, 0x98, 0x00, 0xff, 0xd0, 0x98, 0x00, 0xff,
    0xc8, 0x9c, 0x00, 0xff, 0xc8, 0x98, 0x00, 0xff, 0xd0, 0x9c, 0x00, 0xff,
    0xd0, 0x98, 0x00, 0xff, 0xc8, 0x98, 0x00, 0xff, 0xd0, 0x98, 0x00, 0xff,
    0xd0, 0x98, 0x00, 0xff, 0xc8, 0x98, 0x00, 0xff, 0xc8, 0x98, 0x00, 0xff,
    0xd0, 0x98, 0x00, 0xff, 0xc8, 0x9c, 0x00, 0xff, 0xd0, 0x98, 0x00, 0xff,
    0xd0, 0x98, 0x00, 0xff, 0xc8, 0x9c, 0x00, 0xff, 0xd0, 0x9c, 0x00, 0xff,
    0xd0, 0x98, 0x00, 0xff, 0xc8, 0x9c, 0x00, 0xff, 0xd0, 0x98, 0x00, 0xff,
    0xc8, 0x9c, 0x00, 0xff, 0xc8, 0x98, 0x00, 0xff, 0xd0, 0x98, 0x00, 0xff,
    0xc8, 0x9c, 0x00, 0xff, 0xc8, 0x98, 0x00, 0xff, 0xd0, 0x98, 0x00, 0xff,
    0xc8, 0x9c, 0x00, 0xff, 0xd0, 0x98, 0x00, 0xff, 0xd0, 0x98, 0x00, 0xff,
    0xc8, 0x9c, 0x00, 0xff, 0xd0, 0x98, 0x00, 0xff, 0xc8, 0x98, 0x00, 0xff,
    0xc8, 0x98, 0x00, 0xff, 0xd0, 0x98, 0x00, 0xff, 0xc8, 0x98, 0x00, 0xff,
    0xd0, 0x98, 0x00, 0xff, 0xd0, 0x98, 0x00, 0xff, 0xc8, 0x98, 0x00, 0xff,
    0xc8, 0x9c, 0x00, 0xff, 0xd0, 0x98, 0x00, 0xff, 0xd0, 0x98, 0x00, 0xff,
    0xc8, 0x9c, 0x00, 0xff, 0xd0, 0x98, 0x00, 0xff, 0xd0, 0x9c, 0x00, 0xff,
    0xc8, 0x9c, 0x00, 0xff, 0xd0, 0x98, 0x00, 0xff, 0xc8, 0x98, 0x00, 0xff,
    0xd0, 0x98, 0x00, 0xff, 0xd0, 0x98, 0x00, 0xff, 0xc8, 0x98, 0x00, 0xff,
    0xc8, 0x98, 0x00, 0xff, 0xd0, 0x9c, 0x00, 0xff, 0xd0, 0x98, 0x00, 0xff,
    0xc8, 0x98, 0x00, 0xff, 0xd0, 0x98, 0x00, 0xff, 0xc8, 0x98, 0x00, 0xff,
    0xc8, 0x98, 0x00, 0xff, 0xd0, 0x9c, 0x00, 0xff, 0xd0, 0x98, 0x00, 0xff,
    0xc8, 0x98, 0x00, 0xff, 0x28, 0x20, 0x00, 0xdf, 0x00, 0x00, 0x00, 0xff,
    0x00, 0x00, 0x00, 0xae, 0x00, 0x00, 0x00, 0x00, 0x00, 0x00, 0x00, 0x00,
    0x00, 0x00, 0x00, 0x20, 0x00, 0x00, 0x00, 0xef, 0x00, 0x00, 0x00, 0xff,
    0x60, 0x48, 0x00, 0xd7, 0xd0, 0x9c, 0x00, 0xff, 0xc8, 0x98, 0x00, 0xff,
    0xd0, 0x9c, 0x00, 0xff, 0xc8, 0x98, 0x00, 0xff, 0xd0, 0x9c, 0x00, 0xff,
    0xc8, 0x98, 0x00, 0xff, 0xc8, 0x98, 0x00, 0xff, 0xd0, 0x98, 0x00, 0xff,
    0xd0, 0x9c, 0x00, 0xff, 0xc8, 0x98, 0x00, 0xff, 0xd0, 0x98, 0x00, 0xff,
    0xc8, 0x98, 0x00, 0xff, 0xc8, 0x98, 0x00, 0xff, 0xd0, 0x98, 0x00, 0xff,
    0xc8, 0x98, 0x00, 0xff, 0xd0, 0x9c, 0x00, 0xff, 0xc8, 0x98, 0x00, 0xff,
    0xd0, 0x98, 0x00, 0xff, 0xc8, 0x98, 0x00, 0xff, 0xd0, 0x98, 0x00, 0xff,
    0xc8, 0x98, 0x00, 0xff, 0xc8, 0x9c, 0x00, 0xff, 0xd0, 0x98, 0x00, 0xff,
    0xc8, 0x98, 0x00, 0xff, 0xc8, 0x98, 0x00, 0xff, 0xd0, 0x9c, 0x00, 0xff,
    0xc8, 0x98, 0x00, 0xff, 0xc8, 0x98, 0x00, 0xff, 0xd0, 0x98, 0x00, 0xff,
    0xd0, 0x9c, 0x00, 0xff, 0xc8, 0x98, 0x00, 0xff, 0xd0, 0x98, 0x00, 0xff,
    0xd0, 0x98, 0x00, 0xff, 0xc8, 0x98, 0x00, 0xff, 0xc8, 0x98, 0x00, 0xff,
    0xd0, 0x98, 0x00, 0xff, 0xc8, 0x98, 0x00, 0xff, 0xc8, 0x9c, 0x00, 0xff,
    0xd0, 0x98, 0x00, 0xff, 0xc8, 0x98, 0x00, 0xff, 0xd0, 0x98, 0x00, 0xff,
    0xc8, 0x9c, 0x00, 0xff, 0xd0, 0x98, 0x00, 0xff, 0xc8, 0x98, 0x00, 0xff,
    0xd0, 0x98, 0x00, 0xff, 0xd0, 0x9c, 0x00, 0xff, 0xc8, 0x98, 0x00, 0xff,
    0xd0, 0x98, 0x00, 0xff, 0xd0, 0x98, 0x00, 0xff, 0xc8, 0x98, 0x00, 0xff,
    0xd0, 0x9c, 0x00, 0xff, 0xc8, 0x98, 0x00, 0xff, 0xc8, 0x98, 0x00, 0xff,
    0xd0, 0x98, 0x00, 0xff, 0xc8, 0x98, 0x00, 0xff, 0xd0, 0x98, 0x00, 0xff,
    0xd0, 0x98, 0x00, 0xff, 0xc8, 0x98, 0x00, 0xff, 0xd0, 0x9c, 0x00, 0xff,
    0xc8, 0x98, 0x00, 0xff, 0xc8, 0x98, 0x00, 0xff, 0xd0, 0x9c, 0x00, 0xff,
    0xc8, 0x98, 0x00, 0xff, 0xd0, 0x9c, 0x00, 0xff, 0xd0, 0x98, 0x00, 0xff,
    0xc8, 0x98, 0x00, 0xff, 0xd0, 0x98, 0x00, 0xff, 0xc8, 0x98, 0x00, 0xff,
    0xc8, 0x9c, 0x00, 0xff, 0xd0, 0x98, 0x00, 0xff, 0xc8, 0x98, 0x00, 0xff,
    0xd0, 0x98, 0x00, 0xff, 0xc8, 0x98, 0x00, 0xff, 0xd0, 0x98, 0x00, 0xff,
    0xd0, 0x9c, 0x00, 0xff, 0xc8, 0x98, 0x00, 0xff, 0xd0, 0x98, 0x00, 0xff,
    0xd0, 0x9c, 0x00, 0xff, 0xc8, 0x98, 0x00, 0xff, 0xd0, 0x98, 0x00, 0xff,
    0xc8, 0x9c, 0x00, 0xff, 0xc8, 0x98, 0x00, 0xff, 0xd0, 0x98, 0x00, 0xff,
    0xc8, 0x9c, 0x00, 0xff, 0xd0, 0x98, 0x00, 0xff, 0xd0, 0x98, 0x00, 0xff,
    0xc8, 0x9c, 0x00, 0xff, 0xd0, 0x9c, 0x00, 0xff, 0xd0, 0x98, 0x00, 0xff,
    0xc8, 0x9c, 0x00, 0xff, 0xc8, 0x9c, 0x00, 0xff, 0xd0, 0x98, 0x00, 0xff,
    0xd0, 0x98, 0x00, 0xff, 0xc8, 0x98, 0x00, 0xff, 0xc8, 0x98, 0x00, 0xff,
    0xd0, 0x98, 0x00, 0xff, 0xc8, 0x98, 0x00, 0xff, 0xc8, 0x98, 0x00, 0xff,
    0xd0, 0x98, 0x00, 0xff, 0xd0, 0x98, 0x00, 0xff, 0xc8, 0x9c, 0x00, 0xff,
    0xc8, 0x98, 0x00, 0xff, 0xd0, 0x9c, 0x00, 0xff, 0xd0, 0x98, 0x00, 0xff,
    0xc8, 0x98, 0x00, 0xff, 0xc8, 0x9c, 0x00, 0xff, 0xd0, 0x98, 0x00, 0xff,
    0xc8, 0x98, 0x00, 0xff, 0xc8, 0x9c, 0x00, 0xff, 0xd0, 0x9c, 0x00, 0xff,
    0xc8, 0x98, 0x00, 0xff, 0xc8, 0x98, 0x00, 0xff, 0xd0, 0x98, 0x00, 0xff,
    0xc8, 0x9c, 0x00, 0xff, 0x60, 0x48, 0x00, 0xd7, 0x00, 0x00, 0x00, 0xff,
    0x00, 0x00, 0x00, 0xef, 0x00, 0x00, 0x00, 0x20, 0x00, 0x00, 0x00, 0x00,
    0x00, 0x00, 0x00, 0x00, 0x00, 0x00, 0x00, 0x00, 0x00, 0x00, 0x00, 0x71,
    0x00, 0x00, 0x00, 0xff, 0x00, 0x00, 0x00, 0xfb, 0x60, 0x48, 0x00, 0xdb,
    0xc8, 0x98, 0x00, 0xff, 0xd0, 0x98, 0x00, 0xff, 0xd0, 0x9c, 0x00, 0xff,
    0xc8, 0x98, 0x00, 0xff, 0xd0, 0x98, 0x00, 0xff, 0xc8, 0x9c, 0x00, 0xff,
    0xc8, 0x98, 0x00, 0xff, 0xd0, 0x98, 0x00, 0xff, 0xd0, 0x98, 0x00, 0xff,
    0xc8, 0x9c, 0x00, 0xff, 0xd0, 0x98, 0x00, 0xff, 0xd0, 0x9c, 0x00, 0xff,
    0xc8, 0x98, 0x00, 0xff, 0xd0, 0x98, 0x00, 0xff, 0xd0, 0x98, 0x00, 0xff,
    0xc8, 0x98, 0x00, 0xff, 0xc8, 0x98, 0x00, 0xff, 0xd0, 0x9c, 0x00, 0xff,
    0xd0, 0x98, 0x00, 0xff, 0xc8, 0x98, 0x00, 0xff, 0xd0, 0x98, 0x00, 0xff,
    0xd0, 0x98, 0x00, 0xff, 0xc8, 0x98, 0x00, 0xff, 0xd0, 0x98, 0x00, 0xff,
    0xd0, 0x98, 0x00, 0xff, 0xc8, 0x9c, 0x00, 0xff, 0xd0, 0x98, 0x00, 0xff,
    0xc8, 0x98, 0x00, 0xff, 0xc8, 0x9c, 0x00, 0xff, 0xd0, 0x98, 0x00, 0xff,
    0xc8, 0x9c, 0x00, 0xff, 0xd0, 0x9c, 0x00, 0xff, 0xc8, 0x98, 0x00, 0xff,
    0xd0, 0x9c, 0x00, 0xff, 0xd0, 0x98, 0x00, 0xff, 0xc8, 0x98, 0x00, 0xff,
    0xd0, 0x98, 0x00, 0xff, 0xc8, 0x9c, 0x00, 0xff, 0xd0, 0x98, 0x00, 0xff,
    0xc8, 0x98, 0x00, 0xff, 0xd0, 0x9c, 0x00, 0xff, 0xc8, 0x98, 0x00, 0xff,
    0xc8, 0x98, 0x00, 0xff, 0xd0, 0x98, 0x00, 0xff, 0xc8, 0x98, 0x00, 0xff,
    0xc8, 0x9c, 0x00, 0xff, 0xd0, 0x98, 0x00, 0xff, 0xc8, 0x98, 0x00, 0xff,
    0xd0, 0x9c, 0x00, 0xff, 0xd0, 0x98, 0x00, 0xff, 0xc8, 0x98, 0x00, 0xff,
    0xd0, 0x9c, 0x00, 0xff, 0xc8, 0x98, 0x00, 0xff, 0xc8, 0x9c, 0x00, 0xff,
    0xd0, 0x98, 0x00, 0xff, 0xc8, 0x98, 0x00, 0xff, 0xd0, 0x9c, 0x00, 0xff,
    0xd0, 0x98, 0x00, 0xff, 0xc8, 0x98, 0x00, 0xff, 0xd0, 0x98, 0x00, 0xff,
    0xc8, 0x98, 0x00, 0xff, 0xc8, 0x9c, 0x00, 0xff, 0xd0, 0x98, 0x00, 0xff,
    0xc8, 0x98, 0x00, 0xff, 0xd0, 0x9c, 0x00, 0xff, 0xd0, 0x98, 0x00, 0xff,
    0xc8, 0x98, 0x00, 0xff, 0xd0, 0x98, 0x00, 0xff, 0xc8, 0x98, 0x00, 0xff,
    0xd0, 0x98, 0x00, 0xff, 0xc8, 0x9c, 0x00, 0xff, 0xc8, 0x98, 0x00, 0xff,
    0xd0, 0x98, 0x00, 0xff, 0xc8, 0x98, 0x00, 0xff, 0xc8, 0x98, 0x00, 0xff,
    0xd0, 0x98, 0x00, 0xff, 0xc8, 0x98, 0x00, 0xff, 0xd0, 0x98, 0x00, 0xff,
    0xd0, 0x98, 0x00, 0xff, 0xc8, 0x98, 0x00, 0xff, 0xd0, 0x98, 0x00, 0xff,
    0xc8, 0x98, 0x00, 0xff, 0xc8, 0x98, 0x00, 0xff, 0xd0, 0x98, 0x00, 0xff,
    0xc8, 0x98, 0x00, 0xff, 0xc8, 0x98, 0x00, 0xff, 0xd0, 0x98, 0x00, 0xff,
    0xc8, 0x98, 0x00, 0xff, 0xd0, 0x98, 0x00, 0xff, 0xc8, 0x98, 0x00, 0xff,
    0xc8, 0x9c, 0x00, 0xff, 0xd0, 0x98, 0x00, 0xff, 0xd0, 0x98, 0x00, 0xff,
    0xc8, 0x9c, 0x00, 0xff, 0xd0, 0x98, 0x00, 0xff, 0xd0, 0x98, 0x00, 0xff,
    0xc8, 0x9c, 0x00, 0xff, 0xc8, 0x98, 0x00, 0xff, 0xd0, 0x98, 0x00, 0xff,
    0xc8, 0x98, 0x00, 0xff, 0xd0, 0x98, 0x00, 0xff, 0xc8, 0x9c, 0x00, 0xff,
    0xc8, 0x98, 0x00, 0xff, 0xd0, 0x98, 0x00, 0xff, 0xd0, 0x9c, 0x00, 0xff,
    0xc8, 0x98, 0x00, 0xff, 0xd0, 0x98, 0x00, 0xff, 0xd0, 0x98, 0x00, 0xff,
    0xc8, 0x98, 0x00, 0xff, 0xd0, 0x98, 0x00, 0xff, 0xd0, 0x98, 0x00, 0xff,
    0xc8, 0x98, 0x00, 0xff, 0x60, 0x48, 0x00, 0xd7, 0x00, 0x00, 0x00, 0xfb,
    0x00, 0x00, 0x00, 0xff, 0x00, 0x00, 0x00, 0x61, 0x00, 0x00, 0x00, 0x00,
    0x00, 0x00, 0x00, 0x00, 0x00, 0x00, 0x00, 0x00, 0x00, 0x00, 0x00, 0x00,
    0x00, 0x00, 0x00, 0x00, 0x00, 0x00, 0x00, 0x7d, 0x00, 0x00, 0x00, 0xff,
    0x00, 0x00, 0x00, 0xff, 0x28, 0x20, 0x00, 0xdf, 0xb0, 0x88, 0x00, 0xeb,
    0xd0, 0x98, 0x00, 0xff, 0xc8, 0x98, 0x00, 0xff, 0xd0, 0x98, 0x00, 0xff,
    0xd0, 0x98, 0x00, 0xff, 0xc8, 0x9c, 0x00, 0xff, 0xc8, 0x98, 0x00, 0xff,
    0xd0, 0x98, 0x00, 0xff, 0xc8, 0x98, 0x00, 0xff, 0xc8, 0x9c, 0x00, 0xff,
    0xd0, 0x98, 0x00, 0xff, 0xc8, 0x98, 0x00, 0xff, 0xc8, 0x9c, 0x00, 0xff,
    0xd0, 0x98, 0x00, 0xff, 0xd0, 0x98, 0x00, 0xff, 0xc8, 0x9c, 0x00, 0xff,
    0xd0, 0x98, 0x00, 0xff, 0xc8, 0x98, 0x00, 0xff, 0xc8, 0x9c, 0x00, 0xff,
    0xd0, 0x98, 0x00, 0xff, 0xc8, 0x9c, 0x00, 0xff, 0xc8, 0x9c, 0x00, 0xff,
    0xd0, 0x98, 0x00, 0xff, 0xc8, 0x98, 0x00, 0xff, 0xd0, 0x98, 0x00, 0xff,
    0xd0, 0x98, 0x00, 0xff, 0xc8, 0x98, 0x00, 0xff, 0xd0, 0x98, 0x00, 0xff,
    0xc8, 0x98, 0x00, 0xff, 0xd0, 0x98, 0x00, 0xff, 0xc8, 0x98, 0x00, 0xff,
    0xc8, 0x98, 0x00, 0xff, 0xd0, 0x98, 0x00, 0xff, 0xc8, 0x9c, 0x00, 0xff,
    0xd0, 0x98, 0x00, 0xff, 0xc8, 0x98, 0x00, 0xff, 0xd0, 0x98, 0x00, 0xff,
    0xc8, 0x9c, 0x00, 0xff, 0xd0, 0x98, 0x00, 0xff, 0xd0, 0x98, 0x00, 0xff,
    0xc8, 0x9c, 0x00, 0xff, 0xd0, 0x98, 0x00, 0xff, 0xc8, 0x98, 0x00, 0xff,
    0xd0, 0x9c, 0x00, 0xff, 0xd0, 0x98, 0x00, 0xff, 0xc8, 0x98, 0x00, 0xff,
    0xc8, 0x9c, 0x00, 0xff, 0xd0, 0x98, 0x00, 0xff, 0xc8, 0x98, 0x00, 0xff,
    0xd0, 0x98, 0x00, 0xff, 0xd0, 0x98, 0x00, 0xff, 0xc8, 0x98, 0x00, 0xff,
    0xd0, 0x9c, 0x00, 0xff, 0xc8, 0x98, 0x00, 0xff, 0xc8, 0x98, 0x00, 0xff,
    0xd0, 0x98, 0x00, 0xff, 0xc8, 0x98, 0x00, 0xff, 0xd0, 0x9c, 0x00, 0xff,
    0xd0, 0x98, 0x00, 0xff, 0xc8, 0x98, 0x00, 0xff, 0xd0, 0x98, 0x00, 0xff,
    0xc8, 0x98, 0x00, 0xff, 0xc8, 0x98, 0x00, 0xff, 0xd0, 0x9c, 0x00, 0xff,
    0xc8, 0x98, 0x00, 0xff, 0xd0, 0x98, 0x00, 0xff, 0xc8, 0x9c, 0x00, 0xff,
    0xd0, 0x98, 0x00, 0xff, 0xd0, 0x98, 0x00, 0xff, 0xc8, 0x9c, 0x00, 0xff,
    0xd0, 0x98, 0x00, 0xff, 0xc8, 0x98, 0x00, 0xff, 0xd0, 0x9c, 0x00, 0xff,
    0xd0, 0x98, 0x00, 0xff, 0xc8, 0x9c, 0x00, 0xff, 0xc8, 0x98, 0x00, 0xff,
    0xd0, 0x9c, 0x00, 0xff, 0xc8, 0x98, 0x00, 0xff, 0xd0, 0x9c, 0x00, 0xff,
    0xd0, 0x98, 0x00, 0xff, 0xc8, 0x9c, 0x00, 0xff, 0xd0, 0x98, 0x00, 0xff,
    0xd0, 0x9c, 0x00, 0xff, 0xc8, 0x98, 0x00, 0xff, 0xd0, 0x98, 0x00, 0xff,
    0xc8, 0x9c, 0x00, 0xff, 0xd0, 0x98, 0x00, 0xff, 0xd0, 0x98, 0x00, 0xff,
    0xc8, 0x98, 0x00, 0xff, 0xc8, 0x98, 0x00, 0xff, 0xd0, 0x9c, 0x00, 0xff,
    0xc8, 0x98, 0x00, 0xff, 0xc8, 0x98, 0x00, 0xff, 0xd0, 0x9c, 0x00, 0xff,
    0xd0, 0x98, 0x00, 0xff, 0xc8, 0x98, 0x00, 0xff, 0xd0, 0x9c, 0x00, 0xff,
    0xc8, 0x98, 0x00, 0xff, 0xd0, 0x98, 0x00, 0xff, 0xd0, 0x98, 0x00, 0xff,
    0xc8, 0x98, 0x00, 0xff, 0xc8, 0x98, 0x00, 0xff, 0xd0, 0x98, 0x00, 0xff,
    0xc8, 0x98, 0x00, 0xff, 0xc8, 0x98, 0x00, 0xff, 0xd0, 0x9c, 0x00, 0xff,
    0xc8, 0x98, 0x00, 0xff, 0xc8, 0x98, 0x00, 0xff, 0xd0, 0x9c, 0x00, 0xff,
    0xb8, 0x88, 0x00, 0xeb, 0x38, 0x28, 0x00, 0xf3, 0x00, 0x00, 0x00, 0xff,
    0x00, 0x00, 0x00, 0xff, 0x00, 0x00, 0x00, 0x82, 0x00, 0x00, 0x00, 0x00,
    0x00, 0x00, 0x00, 0x00, 0x00, 0x00, 0x00, 0x00, 0x00, 0x00, 0x00, 0x00,
    0x00, 0x00, 0x00, 0x00, 0x00, 0x00, 0x00, 0x00, 0x00, 0x00, 0x00, 0x00,
    0x00, 0x00, 0x00, 0x61, 0x00, 0x00, 0x00, 0xef, 0x00, 0x00, 0x00, 0xff,
    0x00, 0x00, 0x00, 0xfb, 0x28, 0x20, 0x00, 0xdb, 0x70, 0x54, 0x00, 0xef,
    0x88, 0x68, 0x00, 0xdb, 0xb0, 0x84, 0x00, 0xe7, 0xb0, 0x84, 0x00, 0xe7,
    0xc8, 0x94, 0x00, 0xff, 0xc8, 0x98, 0x00, 0xff, 0xd0, 0x98, 0x00, 0xff,
    0xd0, 0x98, 0x00, 0xff, 0xc8, 0x98, 0x00, 0xff, 0xd0, 0x98, 0x00, 0xff,
    0xc8, 0x9c, 0x00, 0xff, 0xc8, 0x98, 0x00, 0xff, 0xd0, 0x98, 0x00, 0xff,
    0xc8, 0x9c, 0x00, 0xff, 0xd0, 0x98, 0x00, 0xff, 0xd0, 0x98, 0x00, 0xff,
    0xc8, 0x98, 0x00, 0xff, 0xd0, 0x98, 0x00, 0xff, 0xd0, 0x98, 0x00, 0xff,
    0xc8, 0x98, 0x00, 0xff, 0xd0, 0x9c, 0x00, 0xff, 0xc8, 0x98, 0x00, 0xff,
    0xc8, 0x98, 0x00, 0xff, 0xd0, 0x9c, 0x00, 0xff, 0xc8, 0x98, 0x00, 0xff,
    0xd0, 0x98, 0x00, 0xff, 0xd0, 0x9c, 0x00, 0xff, 0xc8, 0x98, 0x00, 0xff,
    0xd0, 0x98, 0x00, 0xff, 0xd0, 0x98, 0x00, 0xff, 0xc8, 0x98, 0x00, 0xff,
    0xc8, 0x9c, 0x00, 0xff, 0xd0, 0x98, 0x00, 0xff, 0xd0, 0x98, 0x00, 0xff,
    0xc8, 0x98, 0x00, 0xff, 0xc8, 0x98, 0x00, 0xff, 0xd0, 0x98, 0x00, 0xff,
    0xc8, 0x98, 0x00, 0xff, 0xd0, 0x98, 0x00, 0xff, 0xc8, 0x9c, 0x00, 0xff,
    0xd0, 0x98, 0x00, 0xff, 0xc8, 0x98, 0x00, 0xff, 0xd0, 0x98, 0x00, 0xff,
    0xc8, 0x98, 0x00, 0xff, 0xd0, 0x98, 0x00, 0xff, 0xc8, 0x98, 0x00, 0xff,
    0xc8, 0x9c, 0x00, 0xff, 0xd0, 0x98, 0x00, 0xff, 0xc8, 0x98, 0x00, 0xff,
    0xd0, 0x98, 0x00, 0xff, 0xd0, 0x98, 0x00, 0xff, 0xc8, 0x9c, 0x00, 0xff,
    0xd0, 0x98, 0x00, 0xff, 0xc8, 0x98, 0x00, 0xff, 0xc8, 0x9c, 0x00, 0xff,
    0xd0, 0x98, 0x00, 0xff, 0xc8, 0x98, 0x00, 0xff, 0xd0, 0x9c, 0x00, 0xff,
    0xd0, 0x98, 0x00, 0xff, 0xc8, 0x98, 0x00, 0xff, 0xd0, 0x9c, 0x00, 0xff,
    0xc8, 0x98, 0x00, 0xff, 0xc8, 0x98, 0x00, 0xff, 0xd0, 0x9c, 0x00, 0xff,
    0xc8, 0x98, 0x00, 0xff, 0xc8, 0x98, 0x00, 0xff, 0xd0, 0x9c, 0x00, 0xff,
    0xc8, 0x98, 0x00, 0xff, 0xd0, 0x98, 0x00, 0xff, 0xc8, 0x9c, 0x00, 0xff,
    0xc8, 0x98, 0x00, 0xff, 0xd0, 0x98, 0x00, 0xff, 0xc8, 0x98, 0x00, 0xff,
    0xd0, 0x9c, 0x00, 0xff, 0xc8, 0x98, 0x00, 0xff, 0xc8, 0x98, 0x00, 0xff,
    0xd0, 0x98, 0x00, 0xff, 0xc8, 0x9c, 0x00, 0xff, 0xc8, 0x98, 0x00, 0xff,
    0xd0, 0x98, 0x00, 0xff, 0xc8, 0x98, 0x00, 0xff, 0xd0, 0x9c, 0x00, 0xff,
    0xc8, 0x98, 0x00, 0xff, 0xd0, 0x98, 0x00, 0xff, 0xc8, 0x9c, 0x00, 0xff,
    0xc8, 0x98, 0x00, 0xff, 0xd0, 0x98, 0x00, 0xff, 0xd0, 0x98, 0x00, 0xff,
    0xc8, 0x98, 0x00, 0xff, 0xd0, 0x98, 0x00, 0xff, 0xc8, 0x98, 0x00, 0xff,
    0xc8, 0x9c, 0x00, 0xff, 0xd0, 0x98, 0x00, 0xff, 0xc8, 0x98, 0x00, 0xff,
    0xd0, 0x98, 0x00, 0xff, 0xc8, 0x9c, 0x00, 0xff, 0xc8, 0x98, 0x00, 0xff,
    0xd0, 0x9c, 0x00, 0xff, 0xd0, 0x98, 0x00, 0xff, 0xd0, 0x9c, 0x00, 0xff,
    0xc8, 0x98, 0x00, 0xff, 0xc8, 0x94, 0x00, 0xff, 0xb0, 0x84, 0x00, 0xe7,
    0xa8, 0x80, 0x00, 0xdb, 0x90, 0x6c, 0x00, 0xdf, 0x70, 0x54, 0x00, 0xef,
    0x30, 0x24, 0x00, 0xe3, 0x00, 0x00, 0x00, 0xfb, 0x00, 0x00, 0x00, 0xff,
    0x00, 0x00, 0x00, 0xef, 0x00, 0x00, 0x00, 0x71, 0x00, 0x00, 0x00, 0x00,
    0x00, 0x00, 0x00, 0x00, 0x00, 0x00, 0x00, 0x00, 0x00, 0x00, 0x00, 0x00,
    0x00, 0x00, 0x00, 0x00, 0x00, 0x00, 0x00, 0x00, 0x00, 0x00, 0x00, 0x00,
    0x00, 0x00, 0x00, 0x00, 0x00, 0x00, 0x00, 0x00, 0x00, 0x00, 0x00, 0x20,
    0x00, 0x00, 0x00, 0xae, 0x00, 0x00, 0x00, 0xef, 0x00, 0x00, 0x00, 0xff,
    0x00, 0x00, 0x00, 0xff, 0x00, 0x00, 0x00, 0xff, 0x00, 0x00, 0x00, 0xff,
    0x00, 0x00, 0x00, 0xff, 0x00, 0x00, 0x00, 0xff, 0x00, 0x00, 0x00, 0xff,
    0x00, 0x00, 0x00, 0xff, 0x00, 0x00, 0x00, 0xff, 0x00, 0x00, 0x00, 0xff,
    0x00, 0x00, 0x00, 0xff, 0x00, 0x00, 0x00, 0xff, 0x00, 0x00, 0x00, 0xff,
    0x00, 0x00, 0x00, 0xff, 0x00, 0x00, 0x00, 0xff, 0x00, 0x00, 0x00, 0xff,
    0x00, 0x00, 0x00, 0xff, 0x00, 0x00, 0x00, 0xff, 0x00, 0x00, 0x00, 0xff,
    0x00, 0x00, 0x00, 0xff, 0x00, 0x00, 0x00, 0xff, 0x00, 0x00, 0x00, 0xff,
    0x00, 0x00, 0x00, 0xff, 0x00, 0x00, 0x00, 0xff, 0x00, 0x00, 0x00, 0xff,
    0x00, 0x00, 0x00, 0xff, 0x00, 0x00, 0x00, 0xff, 0x00, 0x00, 0x00, 0xff,
    0x00, 0x00, 0x00, 0xff, 0x00, 0x00, 0x00, 0xff, 0x00, 0x00, 0x00, 0xff,
    0x00, 0x00, 0x00, 0xff, 0x00, 0x00, 0x00, 0xff, 0x00, 0x00, 0x00, 0xff,
    0x00, 0x00, 0x00, 0xff, 0x00, 0x00, 0x00, 0xff, 0x00, 0x00, 0x00, 0xff,
    0x00, 0x00, 0x00, 0xff, 0x00, 0x00, 0x00, 0xff, 0x00, 0x00, 0x00, 0xff,
    0x00, 0x00, 0x00, 0xff, 0x00, 0x00, 0x00, 0xff, 0x00, 0x00, 0x00, 0xff,
    0x00, 0x00, 0x00, 0xff, 0x00, 0x00, 0x00, 0xff, 0x00, 0x00, 0x00, 0xff,
    0x00, 0x00, 0x00, 0xff, 0x00, 0x00, 0x00, 0xff, 0x00, 0x00, 0x00, 0xff,
    0x00, 0x00, 0x00, 0xff, 0x00, 0x00, 0x00, 0xff, 0x00, 0x00, 0x00, 0xff,
    0x00, 0x00, 0x00, 0xff, 0x00, 0x00, 0x00, 0xff, 0x00, 0x00, 0x00, 0xff,
    0x00, 0x00, 0x00, 0xff, 0x00, 0x00, 0x00, 0xff, 0x00, 0x00, 0x00, 0xff,
    0x00, 0x00, 0x00, 0xff, 0x00, 0x00, 0x00, 0xff, 0x00, 0x00, 0x00, 0xff,
    0x00, 0x00, 0x00, 0xff, 0x00, 0x00, 0x00, 0xff, 0x00, 0x00, 0x00, 0xff,
    0x00, 0x00, 0x00, 0xff, 0x00, 0x00, 0x00, 0xff, 0x00, 0x00, 0x00, 0xff,
    0x00, 0x00, 0x00, 0xff, 0x00, 0x00, 0x00, 0xff, 0x00, 0x00, 0x00, 0xff,
    0x00, 0x00, 0x00, 0xff, 0x00, 0x00, 0x00, 0xff, 0x00, 0x00, 0x00, 0xff,
    0x00, 0x00, 0x00, 0xff, 0x00, 0x00, 0x00, 0xff, 0x00, 0x00, 0x00, 0xff,
    0x00, 0x00, 0x00, 0xff, 0x00, 0x00, 0x00, 0xff, 0x00, 0x00, 0x00, 0xff,
    0x00, 0x00, 0x00, 0xff, 0x00, 0x00, 0x00, 0xff, 0x00, 0x00, 0x00, 0xff,
    0x00, 0x00, 0x00, 0xff, 0x00, 0x00, 0x00, 0xff, 0x00, 0x00, 0x00, 0xff,
    0x00, 0x00, 0x00, 0xff, 0x00, 0x00, 0x00, 0xff, 0x00, 0x00, 0x00, 0xff,
    0x00, 0x00, 0x00, 0xff, 0x00, 0x00, 0x00, 0xff, 0x00, 0x00, 0x00, 0xff,
    0x00, 0x00, 0x00, 0xff, 0x00, 0x00, 0x00, 0xff, 0x00, 0x00, 0x00, 0xff,
    0x00, 0x00, 0x00, 0xff, 0x00, 0x00, 0x00, 0xff, 0x00, 0x00, 0x00, 0xff,
    0x00, 0x00, 0x00, 0xff, 0x00, 0x00, 0x00, 0xff, 0x00, 0x00, 0x00, 0xff,
    0x00, 0x00, 0x00, 0xff, 0x00, 0x00, 0x00, 0xff, 0x00, 0x00, 0x00, 0xff,
    0x00, 0x00, 0x00, 0xff, 0x00, 0x00, 0x00, 0xff, 0x00, 0x00, 0x00, 0xff,
    0x00, 0x00, 0x00, 0xff, 0x00, 0x00, 0x00, 0xff, 0x00, 0x00, 0x00, 0xff,
    0x00, 0x00, 0x00, 0x9e, 0x00, 0x00, 0x00, 0x20, 0x00, 0x00, 0x00, 0x00,
    0x00, 0x00, 0x00, 0x00, 0x00, 0x00, 0x00, 0x00, 0x00, 0x00, 0x00, 0x00,
    0x00, 0x00, 0x00, 0x00, 0x00, 0x00, 0x00, 0x00, 0x00, 0x00, 0x00, 0x00,
    0x00, 0x00, 0x00, 0x00, 0x00, 0x00, 0x00, 0x00, 0x00, 0x00, 0x00, 0x00,
    0x00, 0x00, 0x00, 0x00, 0x00, 0x00, 0x00, 0x00, 0x00, 0x00, 0x00, 0x10,
    0x00, 0x00, 0x00, 0x71, 0x00, 0x00, 0x00, 0x8e, 0x00, 0x00, 0x00, 0xae,
    0x00, 0x00, 0x00, 0xdf, 0x00, 0x00, 0x00, 0xdf, 0x00, 0x00, 0x00, 0xef,
    0x00, 0x00, 0x00, 0xff, 0x00, 0x00, 0x00, 0xff, 0x00, 0x00, 0x00, 0xff,
    0x00, 0x00, 0x00, 0xff, 0x00, 0x00, 0x00, 0xff, 0x00, 0x00, 0x00, 0xff,
    0x00, 0x00, 0x00, 0xff, 0x00, 0x00, 0x00, 0xff, 0x00, 0x00, 0x00, 0xff,
    0x00, 0x00, 0x00, 0xff, 0x00, 0x00, 0x00, 0xff, 0x00, 0x00, 0x00, 0xff,
    0x00, 0x00, 0x00, 0xff, 0x00, 0x00, 0x00, 0xff, 0x00, 0x00, 0x00, 0xff,
    0x00, 0x00, 0x00, 0xff, 0x00, 0x00, 0x00, 0xff, 0x00, 0x00, 0x00, 0xff,
    0x00, 0x00, 0x00, 0xff, 0x00, 0x00, 0x00, 0xff, 0x00, 0x00, 0x00, 0xff,
    0x00, 0x00, 0x00, 0xff, 0x00, 0x00, 0x00, 0xff, 0x00, 0x00, 0x00, 0xff,
    0x00, 0x00, 0x00, 0xff, 0x00, 0x00, 0x00, 0xff, 0x00, 0x00, 0x00, 0xff,
    0x00, 0x00, 0x00, 0xff, 0x00, 0x00, 0x00, 0xff, 0x00, 0x00, 0x00, 0xff,
    0x00, 0x00, 0x00, 0xff, 0x00, 0x00, 0x00, 0xff, 0x00, 0x00, 0x00, 0xff,
    0x00, 0x00, 0x00, 0xff, 0x00, 0x00, 0x00, 0xff, 0x00, 0x00, 0x00, 0xff,
    0x00, 0x00, 0x00, 0xff, 0x00, 0x00, 0x00, 0xff, 0x00, 0x00, 0x00, 0xff,
    0x00, 0x00, 0x00, 0xff, 0x00, 0x00, 0x00, 0xff, 0x00, 0x00, 0x00, 0xff,
    0x00, 0x00, 0x00, 0xff, 0x00, 0x00, 0x00, 0xff, 0x00, 0x00, 0x00, 0xff,
    0x00, 0x00, 0x00, 0xff, 0x00, 0x00, 0x00, 0xff, 0x00, 0x00, 0x00, 0xff,
    0x00, 0x00, 0x00, 0xff, 0x00, 0x00, 0x00, 0xff, 0x00, 0x00, 0x00, 0xff,
    0x00, 0x00, 0x00, 0xff, 0x00, 0x00, 0x00, 0xff, 0x00, 0x00, 0x00, 0xff,
    0x00, 0x00, 0x00, 0xff, 0x00, 0x00, 0x00, 0xff, 0x00, 0x00, 0x00, 0xff,
    0x00, 0x00, 0x00, 0xff, 0x00, 0x00, 0x00, 0xff, 0x00, 0x00, 0x00, 0xff,
    0x00, 0x00, 0x00, 0xff, 0x00, 0x00, 0x00, 0xff, 0x00, 0x00, 0x00, 0xff,
    0x00, 0x00, 0x00, 0xff, 0x00, 0x00, 0x00, 0xff, 0x00, 0x00, 0x00, 0xff,
    0x00, 0x00, 0x00, 0xff, 0x00, 0x00, 0x00, 0xff, 0x00, 0x00, 0x00, 0xff,
    0x00, 0x00, 0x00, 0xff, 0x00, 0x00, 0x00, 0xff, 0x00, 0x00, 0x00, 0xff,
    0x00, 0x00, 0x00, 0xff, 0x00, 0x00, 0x00, 0xff, 0x00, 0x00, 0x00, 0xff,
    0x00, 0x00, 0x00, 0xff, 0x00, 0x00, 0x00, 0xff, 0x00, 0x00, 0x00, 0xff,
    0x00, 0x00, 0x00, 0xff, 0x00, 0x00, 0x00, 0xff, 0x00, 0x00, 0x00, 0xff,
    0x00, 0x00, 0x00, 0xff, 0x00, 0x00, 0x00, 0xff, 0x00, 0x00, 0x00, 0xff,
    0x00, 0x00, 0x00, 0xff, 0x00, 0x00, 0x00, 0xff, 0x00, 0x00, 0x00, 0xff,
    0x00, 0x00, 0x00, 0xff, 0x00, 0x00, 0x00, 0xff, 0x00, 0x00, 0x00, 0xff,
    0x00, 0x00, 0x00, 0xff, 0x00, 0x00, 0x00, 0xff, 0x00, 0x00, 0x00, 0xff,
    0x00, 0x00, 0x00, 0xff, 0x00, 0x00, 0x00, 0xff, 0x00, 0x00, 0x00, 0xff,
    0x00, 0x00, 0x00, 0xef, 0x00, 0x00, 0x00, 0xdf, 0x00, 0x00, 0x00, 0xcf,
    0x00, 0x00, 0x00, 0xbe, 0x00, 0x00, 0x00, 0x8e, 0x00, 0x00, 0x00, 0x61,
    0x00, 0x00, 0x00, 0x10, 0x00, 0x00, 0x00, 0x00, 0x00, 0x00, 0x00, 0x00,
    0x00, 0x00, 0x00, 0x00, 0x00, 0x00, 0x00, 0x00, 0x00, 0x00, 0x00, 0x00,
    0x00, 0x00, 0x00, 0x00, 0x00, 0x00, 0x00, 0x00
};
