// 4.20.0 0x2fe09e43 D2 R0 FRGB565 U565 N0 SExtFlashSection
// Generated by imageconverter. Please, do not edit!

#include <touchgfx/hal/Config.hpp>

LOCATION_PRAGMA("ExtFlashSection")
KEEP extern const unsigned char image_biaoti[] LOCATION_ATTRIBUTE("ExtFlashSection") = { // 277x76 RGB565 pixels.
    0x7d, 0xef, 0x7d, 0xef, 0x7d, 0xef, 0x7d, 0xef, 0x7d, 0xef, 0x7d, 0xef,
    0x7d, 0xef, 0x7d, 0xef, 0x7d, 0xef, 0x7d, 0xef, 0x7d, 0xef, 0x7d, 0xef,
    0x7d, 0xef, 0x7d, 0xef, 0x7d, 0xef, 0x7d, 0xef, 0x7d, 0xef, 0x7d, 0xef,
    0x7d, 0xef, 0x7d, 0xef, 0x7d, 0xef, 0x7d, 0xef, 0x7d, 0xef, 0x7d, 0xef,
    0x7d, 0xef, 0x7d, 0xef, 0x7d, 0xef, 0x7d, 0xef, 0x7d, 0xef, 0x7d, 0xef,
    0x7d, 0xef, 0x7d, 0xef, 0x7d, 0xef, 0x7d, 0xef, 0x7d, 0xef, 0x7d, 0xef,
    0x7d, 0xef, 0x7d, 0xef, 0x7d, 0xef, 0x7d, 0xef, 0x7d, 0xef, 0x7d, 0xef,
    0x7d, 0xef, 0x7d, 0xef, 0x7d, 0xef, 0x7d, 0xef, 0x7d, 0xef, 0x7d, 0xef,
    0x7d, 0xef, 0x7d, 0xef, 0x7d, 0xef, 0x7d, 0xef, 0x7d, 0xef, 0x7d, 0xef,
    0x7d, 0xef, 0x7d, 0xef, 0x7d, 0xef, 0x7d, 0xef, 0x7d, 0xef, 0x7d, 0xef,
    0x7d, 0xef, 0x7d, 0xef, 0x7d, 0xef, 0x7d, 0xef, 0x7d, 0xef, 0x7d, 0xef,
    0x7d, 0xef, 0x7d, 0xef, 0x7d, 0xef, 0x7d, 0xef, 0x7d, 0xef, 0x7d, 0xef,
    0x7d, 0xef, 0x7d, 0xef, 0x7d, 0xef, 0x7d, 0xef, 0x7d, 0xef, 0x7d, 0xef,
    0x7d, 0xef, 0x7d, 0xef, 0x7d, 0xef, 0x7d, 0xef, 0x7d, 0xef, 0x7d, 0xef,
    0x7d, 0xef, 0x7d, 0xef, 0x7d, 0xef, 0x7d, 0xef, 0x7d, 0xef, 0x7d, 0xef,
    0x7d, 0xef, 0x7d, 0xef, 0x7d, 0xef, 0x7d, 0xef, 0x7d, 0xef, 0x7d, 0xef,
    0x7d, 0xef, 0x7d, 0xef, 0x7d, 0xef, 0x7d, 0xef, 0x7d, 0xef, 0x7d, 0xef,
    0x7d, 0xef, 0x7d, 0xef, 0x7d, 0xef, 0x7d, 0xef, 0x7d, 0xef, 0x7d, 0xef,
    0x7d, 0xef, 0x7d, 0xef, 0x7d, 0xef, 0x7d, 0xef, 0x7d, 0xef, 0x7d, 0xef,
    0x7d, 0xef, 0x7d, 0xef, 0x7d, 0xef, 0x7d, 0xef, 0x7d, 0xef, 0x7d, 0xef,
    0x7d, 0xef, 0x7d, 0xef, 0x7d, 0xef, 0x7d, 0xef, 0x7d, 0xef, 0x7d, 0xef,
    0x7d, 0xef, 0x7d, 0xef, 0x7d, 0xef, 0x7d, 0xef, 0x7d, 0xef, 0x7d, 0xef,
    0x7d, 0xef, 0x7d, 0xef, 0x7d, 0xef, 0x7d, 0xef, 0x7d, 0xef, 0x7d, 0xef,
    0x7d, 0xef, 0x7d, 0xef, 0x7d, 0xef, 0x7d, 0xef, 0x7d, 0xef, 0x7d, 0xef,
    0x7d, 0xef, 0x7d, 0xef, 0x7d, 0xef, 0x7d, 0xef, 0x7d, 0xef, 0x7d, 0xef,
    0x7d, 0xef, 0x7d, 0xef, 0x7d, 0xef, 0x7d, 0xef, 0x7d, 0xef, 0x7d, 0xef,
    0x7d, 0xef, 0x7d, 0xef, 0x7d, 0xef, 0x7d, 0xef, 0x7d, 0xef, 0x7d, 0xef,
    0x7d, 0xef, 0x7d, 0xef, 0x7d, 0xef, 0x7d, 0xef, 0x7d, 0xef, 0x7d, 0xef,
    0x7d, 0xef, 0x7d, 0xef, 0x7d, 0xef, 0x7d, 0xef, 0x7d, 0xef, 0x7d, 0xef,
    0x7d, 0xef, 0x7d, 0xef, 0x7d, 0xef, 0x7d, 0xef, 0x7d, 0xef, 0x7d, 0xef,
    0x7d, 0xef, 0x7d, 0xef, 0x7d, 0xef, 0x7d, 0xef, 0x7d, 0xef, 0x7d, 0xef,
    0x7d, 0xef, 0x7d, 0xef, 0x7d, 0xef, 0x7d, 0xef, 0x7d, 0xef, 0x7d, 0xef,
    0x7d, 0xef, 0x7d, 0xef, 0x7d, 0xef, 0x7d, 0xef, 0x7d, 0xef, 0x7d, 0xef,
    0x7d, 0xef, 0x7d, 0xef, 0x7d, 0xef, 0x7d, 0xef, 0x7d, 0xef, 0x7d, 0xef,
    0x7d, 0xef, 0x7d, 0xef, 0x7d, 0xef, 0x7d, 0xef, 0x7d, 0xef, 0x7d, 0xef,
    0x7d, 0xef, 0x7d, 0xef, 0x7d, 0xef, 0x7d, 0xef, 0x7d, 0xef, 0x7d, 0xef,
    0x7d, 0xef, 0x7d, 0xef, 0x7d, 0xef, 0x7d, 0xef, 0x7d, 0xef, 0x7d, 0xef,
    0x7d, 0xef, 0x7d, 0xef, 0x7d, 0xef, 0x7d, 0xef, 0x7d, 0xef, 0x7d, 0xef,
    0x7d, 0xef, 0x7d, 0xef, 0x7d, 0xef, 0x7d, 0xef, 0x7d, 0xef, 0x7d, 0xef,
    0x7d, 0xef, 0x7d, 0xef, 0x7d, 0xef, 0x7d, 0xef, 0x7d, 0xef, 0x7d, 0xef,
    0x7d, 0xef, 0x7d, 0xef, 0x7d, 0xef, 0x7d, 0xef, 0x7d, 0xef, 0x7d, 0xef,
    0x7d, 0xef, 0x7d, 0xef, 0x7d, 0xef, 0x7d, 0xef, 0x7d, 0xef, 0x7d, 0xef,
    0x7d, 0xef, 0x7d, 0xef, 0x7d, 0xef, 0x7d, 0xef, 0x7d, 0xef, 0x7d, 0xef,
    0x7d, 0xef, 0x7d, 0xef, 0x7d, 0xef, 0x7d, 0xef, 0x7d, 0xef, 0x7d, 0xef,
    0x7d, 0xef, 0x7d, 0xef, 0x7d, 0xef, 0x7d, 0xef, 0x7d, 0xef, 0x7d, 0xef,
    0x7d, 0xef, 0x7d, 0xef, 0x7d, 0xef, 0x7d, 0xef, 0x7d, 0xef, 0x7d, 0xef,
    0x7d, 0xef, 0x7d, 0xef, 0x5e, 0xf7, 0x7e, 0xf7, 0x5d, 0xef, 0x7e, 0xf7,
    0x5e, 0xf7, 0x7d, 0xef, 0x5e, 0xf7, 0x7e, 0xf7, 0x5d, 0xef, 0x7e, 0xf7,
    0x5e, 0xf7, 0x7d, 0xef, 0x5e, 0xf7, 0x7e, 0xf7, 0x5d, 0xef, 0x7e, 0xf7,
    0x5e, 0xf7, 0x7d, 0xef, 0x5e, 0xf7, 0x7e, 0xf7, 0x5d, 0xef, 0x7e, 0xf7,
    0x5e, 0xf7, 0x7d, 0xef, 0x5e, 0xf7, 0x7e, 0xf7, 0x5d, 0xef, 0x7e, 0xf7,
    0x5e, 0xf7, 0x7d, 0xef, 0x5e, 0xf7, 0x7e, 0xf7, 0x5d, 0xef, 0x7e, 0xf7,
    0x5e, 0xf7, 0x7d, 0xef, 0x5e, 0xf7, 0x7e, 0xf7, 0x5d, 0xef, 0x7e, 0xf7,
    0x5e, 0xf7, 0x7d, 0xef, 0x5e, 0xf7, 0x7e, 0xf7, 0x5d, 0xef, 0x7e, 0xf7,
    0x5e, 0xf7, 0x7d, 0xef, 0x5e, 0xf7, 0x7e, 0xf7, 0x5d, 0xef, 0x7e, 0xf7,
    0x5e, 0xf7, 0x7d, 0xef, 0x5e, 0xf7, 0x7e, 0xf7, 0x5d, 0xef, 0x7e, 0xf7,
    0x5e, 0xf7, 0x7d, 0xef, 0x5e, 0xf7, 0x7e, 0xf7, 0x5d, 0xef, 0x7e, 0xf7,
    0x5e, 0xf7, 0x7d, 0xef, 0x5e, 0xf7, 0x7e, 0xf7, 0x5d, 0xef, 0x7e, 0xf7,
    0x5e, 0xf7, 0x7d, 0xef, 0x5e, 0xf7, 0x7e, 0xf7, 0x5d, 0xef, 0x7e, 0xf7,
    0x5e, 0xf7, 0x7d, 0xef, 0x5e, 0xf7, 0x7e, 0xf7, 0x5d, 0xef, 0x7e, 0xf7,
    0x5e, 0xf7, 0x7d, 0xef, 0x5e, 0xf7, 0x7e, 0xf7, 0x5d, 0xef, 0x7e, 0xf7,
    0x5e, 0xf7, 0x7d, 0xef, 0x5e, 0xf7, 0x7e, 0xf7, 0x5d, 0xef, 0x7e, 0xf7,
    0x5e, 0xf7, 0x7d, 0xef, 0x5e, 0xf7, 0x7e, 0xf7, 0x5d, 0xef, 0x7e, 0xf7,
    0x5e, 0xf7, 0x7d, 0xef, 0x5e, 0xf7, 0x7e, 0xf7, 0x5d, 0xef, 0x7e, 0xf7,
    0x5e, 0xf7, 0x7d, 0xef, 0x5e, 0xf7, 0x7e, 0xf7, 0x5d, 0xef, 0x7e, 0xf7,
    0x5e, 0xf7, 0x7d, 0xef, 0x5e, 0xf7, 0x7e, 0xf7, 0x5d, 0xef, 0x7e, 0xf7,
    0x5e, 0xf7, 0x7d, 0xef, 0x5e, 0xf7, 0x7e, 0xf7, 0x5d, 0xef, 0x7e, 0xf7,
    0x5e, 0xf7, 0x7d, 0xef, 0x5e, 0xf7, 0x7e, 0xf7, 0x5d, 0xef, 0x7e, 0xf7,
    0x5e, 0xf7, 0x7d, 0xef, 0x5e, 0xf7, 0x7e, 0xf7, 0x5d, 0xef, 0x7e, 0xf7,
    0x5e, 0xf7, 0x7d, 0xef, 0x5e, 0xf7, 0x7e, 0xf7, 0x5d, 0xef, 0x7e, 0xf7,
    0x5e, 0xf7, 0x7d, 0xef, 0x5e, 0xf7, 0x7e, 0xf7, 0x5d, 0xef, 0x7e, 0xf7,
    0x5e, 0xf7, 0x7d, 0xef, 0x5e, 0xf7, 0x7e, 0xf7, 0x5d, 0xef, 0x7e, 0xf7,
    0x5e, 0xf7, 0x7d, 0xef, 0x5e, 0xf7, 0x7e, 0xf7, 0x5d, 0xef, 0x7e, 0xf7,
    0x5e, 0xf7, 0x7d, 0xef, 0x5e, 0xf7, 0x7e, 0xf7, 0x5d, 0xef, 0x7e, 0xf7,
    0x5e, 0xf7, 0x7d, 0xef, 0x5e, 0xf7, 0x7e, 0xf7, 0x5d, 0xef, 0x7e, 0xf7,
    0x5e, 0xf7, 0x7d, 0xef, 0x5e, 0xf7, 0x7e, 0xf7, 0x5d, 0xef, 0x7e, 0xf7,
    0x5e, 0xf7, 0x7d, 0xef, 0x5e, 0xf7, 0x7e, 0xf7, 0x5d, 0xef, 0x7e, 0xf7,
    0x5e, 0xf7, 0x7d, 0xef, 0x5e, 0xf7, 0x7e, 0xf7, 0x5d, 0xef, 0x7e, 0xf7,
    0x5e, 0xf7, 0x7d, 0xef, 0x5e, 0xf7, 0x7e, 0xf7, 0x5d, 0xef, 0x7e, 0xf7,
    0x5e, 0xf7, 0x7d, 0xef, 0x5e, 0xf7, 0x7e, 0xf7, 0x5d, 0xef, 0x7e, 0xf7,
    0x5e, 0xf7, 0x7d, 0xef, 0x5e, 0xf7, 0x7e, 0xf7, 0x5d, 0xef, 0x7e, 0xf7,
    0x5e, 0xf7, 0x7d, 0xef, 0x5e, 0xf7, 0x7e, 0xf7, 0x5d, 0xef, 0x7e, 0xf7,
    0x5e, 0xf7, 0x7d, 0xef, 0x5e, 0xf7, 0x7e, 0xf7, 0x5d, 0xef, 0x7e, 0xf7,
    0x5e, 0xf7, 0x7d, 0xef, 0x5e, 0xf7, 0x7e, 0xf7, 0x5d, 0xef, 0x7e, 0xf7,
    0x5e, 0xf7, 0x7d, 0xef, 0x5e, 0xf7, 0x7e, 0xf7, 0x5d, 0xef, 0x7e, 0xf7,
    0x5e, 0xf7, 0x7d, 0xef, 0x5e, 0xf7, 0x7e, 0xf7, 0x5d, 0xef, 0x7e, 0xf7,
    0x5e, 0xf7, 0x7d, 0xef, 0x5e, 0xf7, 0x7e, 0xf7, 0x5d, 0xef, 0x7e, 0xf7,
    0x5e, 0xf7, 0x7d, 0xef, 0x5e, 0xf7, 0x7e, 0xf7, 0x5d, 0xef, 0x7e, 0xf7,
    0x5e, 0xf7, 0x7d, 0xef, 0x5e, 0xf7, 0x7e, 0xf7, 0x5d, 0xef, 0x7e, 0xf7,
    0x5e, 0xf7, 0x7d, 0xef, 0x5e, 0xf7, 0x7e, 0xf7, 0x5d, 0xef, 0x7e, 0xf7,
    0x5e, 0xf7, 0x7d, 0xef, 0x5e, 0xf7, 0x7e, 0xf7, 0x5d, 0xef, 0x7e, 0xf7,
    0x5e, 0xf7, 0x7d, 0xef, 0x5e, 0xf7, 0x7e, 0xf7, 0x5d, 0xef, 0x7e, 0xf7,
    0x5e, 0xf7, 0x7d, 0xef, 0x7d, 0xef, 0x7d, 0xef, 0x5e, 0xf7, 0x7d, 0xef,
    0x7d, 0xef, 0x7e, 0xf7, 0x5d, 0xef, 0x7d, 0xef, 0x7e, 0xf7, 0x7d, 0xef,
    0x5d, 0xef, 0x7e, 0xf7, 0x7d, 0xef, 0x7d, 0xef, 0x5e, 0xf7, 0x7d, 0xef,
    0x7d, 0xef, 0x7e, 0xf7, 0x5d, 0xef, 0x7d, 0xef, 0x7e, 0xf7, 0x7d, 0xef,
    0x5d, 0xef, 0x7e, 0xf7, 0x7d, 0xef, 0x7d, 0xef, 0x5e, 0xf7, 0x7d, 0xef,
    0x7d, 0xef, 0x7e, 0xf7, 0x5d, 0xef, 0x7d, 0xef, 0x7e, 0xf7, 0x7d, 0xef,
    0x5d, 0xef, 0x7e, 0xf7, 0x7d, 0xef, 0x7d, 0xef, 0x5e, 0xf7, 0x7d, 0xef,
    0x7d, 0xef, 0x7e, 0xf7, 0x5d, 0xef, 0x7d, 0xef, 0x7e, 0xf7, 0x7d, 0xef,
    0x5d, 0xef, 0x7e, 0xf7, 0x7d, 0xef, 0x7d, 0xef, 0x5e, 0xf7, 0x7d, 0xef,
    0x7d, 0xef, 0x7e, 0xf7, 0x5d, 0xef, 0x7d, 0xef, 0x7e, 0xf7, 0x7d, 0xef,
    0x5d, 0xef, 0x7e, 0xf7, 0x7d, 0xef, 0x7d, 0xef, 0x5e, 0xf7, 0x7d, 0xef,
    0x7d, 0xef, 0x7e, 0xf7, 0x5d, 0xef, 0x7d, 0xef, 0x7e, 0xf7, 0x7d, 0xef,
    0x5d, 0xef, 0x7e, 0xf7, 0x7d, 0xef, 0x7d, 0xef, 0x5e, 0xf7, 0x7d, 0xef,
    0x7d, 0xef, 0x7e, 0xf7, 0x5d, 0xef, 0x7d, 0xef, 0x7e, 0xf7, 0x7d, 0xef,
    0x5d, 0xef, 0x7e, 0xf7, 0x7d, 0xef, 0x7d, 0xef, 0x5e, 0xf7, 0x7d, 0xef,
    0x7d, 0xef, 0x7e, 0xf7, 0x5d, 0xef, 0x7d, 0xef, 0x7e, 0xf7, 0x7d, 0xef,
    0x5d, 0xef, 0x7e, 0xf7, 0x7d, 0xef, 0x7d, 0xef, 0x5e, 0xf7, 0x7d, 0xef,
    0x7d, 0xef, 0x7e, 0xf7, 0x5d, 0xef, 0x7d, 0xef, 0x7e, 0xf7, 0x7d, 0xef,
    0x5d, 0xef, 0x7e, 0xf7, 0x7d, 0xef, 0x7d, 0xef, 0x5e, 0xf7, 0x7d, 0xef,
    0x7d, 0xef, 0x7e, 0xf7, 0x5d, 0xef, 0x7d, 0xef, 0x7e, 0xf7, 0x7d, 0xef,
    0x5d, 0xef, 0x7e, 0xf7, 0x7d, 0xef, 0x7d, 0xef, 0x5e, 0xf7, 0x7d, 0xef,
    0x7d, 0xef, 0x7e, 0xf7, 0x5d, 0xef, 0x7d, 0xef, 0x7e, 0xf7, 0x7d, 0xef,
    0x5d, 0xef, 0x7e, 0xf7, 0x7d, 0xef, 0x7d, 0xef, 0x5e, 0xf7, 0x7d, 0xef,
    0x7d, 0xef, 0x7e, 0xf7, 0x5d, 0xef, 0x7d, 0xef, 0x7e, 0xf7, 0x7d, 0xef,
    0x5d, 0xef, 0x7e, 0xf7, 0x7d, 0xef, 0x7d, 0xef, 0x5e, 0xf7, 0x7d, 0xef,
    0x7d, 0xef, 0x7e, 0xf7, 0x5d, 0xef, 0x7d, 0xef, 0x7e, 0xf7, 0x7d, 0xef,
    0x5d, 0xef, 0x7e, 0xf7, 0x7d, 0xef, 0x7d, 0xef, 0x5e, 0xf7, 0x7d, 0xef,
    0x7d, 0xef, 0x7e, 0xf7, 0x5d, 0xef, 0x7d, 0xef, 0x7e, 0xf7, 0x7d, 0xef,
    0x5d, 0xef, 0x7e, 0xf7, 0x7d, 0xef, 0x7d, 0xef, 0x5e, 0xf7, 0x7d, 0xef,
    0x7d, 0xef, 0x7e, 0xf7, 0x5d, 0xef, 0x7d, 0xef, 0x7e, 0xf7, 0x7d, 0xef,
    0x5d, 0xef, 0x7e, 0xf7, 0x7d, 0xef, 0x7d, 0xef, 0x5e, 0xf7, 0x7d, 0xef,
    0x7d, 0xef, 0x7e, 0xf7, 0x5d, 0xef, 0x7d, 0xef, 0x7e, 0xf7, 0x7d, 0xef,
    0x5d, 0xef, 0x7e, 0xf7, 0x7d, 0xef, 0x7d, 0xef, 0x5e, 0xf7, 0x7d, 0xef,
    0x7d, 0xef, 0x7e, 0xf7, 0x5d, 0xef, 0x7d, 0xef, 0x7e, 0xf7, 0x7d, 0xef,
    0x5d, 0xef, 0x7e, 0xf7, 0x7d, 0xef, 0x7d, 0xef, 0x5e, 0xf7, 0x7d, 0xef,
    0x7d, 0xef, 0x7e, 0xf7, 0x5d, 0xef, 0x7d, 0xef, 0x7e, 0xf7, 0x7d, 0xef,
    0x5d, 0xef, 0x7e, 0xf7, 0x7d, 0xef, 0x7d, 0xef, 0x5e, 0xf7, 0x7d, 0xef,
    0x7d, 0xef, 0x7e, 0xf7, 0x5d, 0xef, 0x7d, 0xef, 0x7e, 0xf7, 0x7d, 0xef,
    0x5d, 0xef, 0x7e, 0xf7, 0x7d, 0xef, 0x7d, 0xef, 0x5e, 0xf7, 0x7d, 0xef,
    0x7d, 0xef, 0x7e, 0xf7, 0x5d, 0xef, 0x7d, 0xef, 0x7e, 0xf7, 0x7d, 0xef,
    0x5d, 0xef, 0x7e, 0xf7, 0x7d, 0xef, 0x7d, 0xef, 0x5e, 0xf7, 0x7d, 0xef,
    0x7d, 0xef, 0x7e, 0xf7, 0x5d, 0xef, 0x7d, 0xef, 0x7e, 0xf7, 0x7d, 0xef,
    0x5d, 0xef, 0x7e, 0xf7, 0x7d, 0xef, 0x7d, 0xef, 0x5e, 0xf7, 0x7d, 0xef,
    0x7d, 0xef, 0x7e, 0xf7, 0x5d, 0xef, 0x7d, 0xef, 0x7e, 0xf7, 0x7d, 0xef,
    0x5d, 0xef, 0x7e, 0xf7, 0x7d, 0xef, 0x7d, 0xef, 0x5e, 0xf7, 0x7d, 0xef,
    0x7d, 0xef, 0x7e, 0xf7, 0x5d, 0xef, 0x7d, 0xef, 0x7e, 0xf7, 0x7d, 0xef,
    0x5d, 0xef, 0x7e, 0xf7, 0x7d, 0xef, 0x7d, 0xef, 0x7d, 0xef, 0x7e, 0xf7,
    0x7d, 0xef, 0x7d, 0xef, 0x7d, 0xef, 0x7e, 0xf7, 0x7d, 0xef, 0x7d, 0xef,
    0x7e, 0xf7, 0x7d, 0xef, 0x7d, 0xef, 0x7e, 0xf7, 0x7d, 0xef, 0x7d, 0xef,
    0x7e, 0xf7, 0x7d, 0xef, 0x7d, 0xef, 0x7e, 0xf7, 0x7d, 0xef, 0x7d, 0xef,
    0x7e, 0xf7, 0x7d, 0xef, 0x7d, 0xef, 0x7e, 0xf7, 0x7d, 0xef, 0x7d, 0xef,
    0x7e, 0xf7, 0x7d, 0xef, 0x7d, 0xef, 0x7e, 0xf7, 0x7d, 0xef, 0x7d, 0xef,
    0x7e, 0xf7, 0x7d, 0xef, 0x7d, 0xef, 0x7e, 0xf7, 0x7d, 0xef, 0x7d, 0xef,
    0x7e, 0xf7, 0x7d, 0xef, 0x7d, 0xef, 0x7e, 0xf7, 0x7d, 0xef, 0x7d, 0xef,
    0x7e, 0xf7, 0x7d, 0xef, 0x7d, 0xef, 0x7e, 0xf7, 0x7d, 0xef, 0x7d, 0xef,
    0x7e, 0xf7, 0x7d, 0xef, 0x7d, 0xef, 0x7e, 0xf7, 0x7d, 0xef, 0x7d, 0xef,
    0x7e, 0xf7, 0x7d, 0xef, 0x7d, 0xef, 0x7e, 0xf7, 0x7d, 0xef, 0x7d, 0xef,
    0x7e, 0xf7, 0x7d, 0xef, 0x7d, 0xef, 0x7e, 0xf7, 0x7d, 0xef, 0x7d, 0xef,
    0x7e, 0xf7, 0x7d, 0xef, 0x7d, 0xef, 0x7e, 0xf7, 0x7d, 0xef, 0x7d, 0xef,
    0x7e, 0xf7, 0x7d, 0xef, 0x7d, 0xef, 0x7e, 0xf7, 0x7d, 0xef, 0x7d, 0xef,
    0x7e, 0xf7, 0x7d, 0xef, 0x7d, 0xef, 0x7e, 0xf7, 0x7d, 0xef, 0x7d, 0xef,
    0x7e, 0xf7, 0x7d, 0xef, 0x7d, 0xef, 0x7e, 0xf7, 0x7d, 0xef, 0x7d, 0xef,
    0x7e, 0xf7, 0x7d, 0xef, 0x7d, 0xef, 0x7e, 0xf7, 0x7d, 0xef, 0x7d, 0xef,
    0x7e, 0xf7, 0x7d, 0xef, 0x7d, 0xef, 0x7e, 0xf7, 0x7d, 0xef, 0x7d, 0xef,
    0x7e, 0xf7, 0x7d, 0xef, 0x7d, 0xef, 0x7e, 0xf7, 0x7d, 0xef, 0x7d, 0xef,
    0x7e, 0xf7, 0x7d, 0xef, 0x7d, 0xef, 0x7e, 0xf7, 0x7d, 0xef, 0x7d, 0xef,
    0x7e, 0xf7, 0x7d, 0xef, 0x7d, 0xef, 0x7e, 0xf7, 0x7d, 0xef, 0x7d, 0xef,
    0x7e, 0xf7, 0x7d, 0xef, 0x7d, 0xef, 0x7e, 0xf7, 0x7d, 0xef, 0x7d, 0xef,
    0x7e, 0xf7, 0x7d, 0xef, 0x7d, 0xef, 0x7e, 0xf7, 0x7d, 0xef, 0x7d, 0xef,
    0x7e, 0xf7, 0x7d, 0xef, 0x7d, 0xef, 0x7e, 0xf7, 0x7d, 0xef, 0x7d, 0xef,
    0x7e, 0xf7, 0x7d, 0xef, 0x7d, 0xef, 0x7e, 0xf7, 0x7d, 0xef, 0x7d, 0xef,
    0x7e, 0xf7, 0x7d, 0xef, 0x7d, 0xef, 0x7e, 0xf7, 0x7d, 0xef, 0x7d, 0xef,
    0x7e, 0xf7, 0x7d, 0xef, 0x7d, 0xef, 0x7e, 0xf7, 0x7d, 0xef, 0x7d, 0xef,
    0x7e, 0xf7, 0x7d, 0xef, 0x7d, 0xef, 0x7e, 0xf7, 0x7d, 0xef, 0x7d, 0xef,
    0x7e, 0xf7, 0x7d, 0xef, 0x7d, 0xef, 0x7e, 0xf7, 0x7d, 0xef, 0x7d, 0xef,
    0x7e, 0xf7, 0x7d, 0xef, 0x7d, 0xef, 0x7e, 0xf7, 0x7d, 0xef, 0x7d, 0xef,
    0x7e, 0xf7, 0x7d, 0xef, 0x7d, 0xef, 0x7e, 0xf7, 0x7d, 0xef, 0x7d, 0xef,
    0x7e, 0xf7, 0x7d, 0xef, 0x7d, 0xef, 0x7e, 0xf7, 0x7d, 0xef, 0x7d, 0xef,
    0x7e, 0xf7, 0x7d, 0xef, 0x7d, 0xef, 0x7e, 0xf7, 0x7d, 0xef, 0x7d, 0xef,
    0x7e, 0xf7, 0x7d, 0xef, 0x7d, 0xef, 0x7e, 0xf7, 0x7d, 0xef, 0x7d, 0xef,
    0x7e, 0xf7, 0x7d, 0xef, 0x7d, 0xef, 0x7e, 0xf7, 0x7d, 0xef, 0x7d, 0xef,
    0x7e, 0xf7, 0x7d, 0xef, 0x7d, 0xef, 0x7e, 0xf7, 0x7d, 0xef, 0x7d, 0xef,
    0x7e, 0xf7, 0x7d, 0xef, 0x7d, 0xef, 0x7e, 0xf7, 0x7d, 0xef, 0x7d, 0xef,
    0x7e, 0xf7, 0x7d, 0xef, 0x7d, 0xef, 0x7e, 0xf7, 0x7d, 0xef, 0x7d, 0xef,
    0x7e, 0xf7, 0x7d, 0xef, 0x7d, 0xef, 0x7e, 0xf7, 0x7d, 0xef, 0x7d, 0xef,
    0x7e, 0xf7, 0x7d, 0xef, 0x7d, 0xef, 0x7e, 0xf7, 0x7d, 0xef, 0x7d, 0xef,
    0x7e, 0xf7, 0x7d, 0xef, 0x7d, 0xef, 0x7e, 0xf7, 0x7d, 0xef, 0x7d, 0xef,
    0x7e, 0xf7, 0x7d, 0xef, 0x7d, 0xef, 0x7e, 0xf7, 0x7d, 0xef, 0x7d, 0xef,
    0x7e, 0xf7, 0x7d, 0xef, 0x7d, 0xef, 0x7e, 0xf7, 0x7d, 0xef, 0x7d, 0xef,
    0x7e, 0xf7, 0x7d, 0xef, 0x7d, 0xef, 0x7e, 0xf7, 0x7d, 0xef, 0x7d, 0xef,
    0x7e, 0xf7, 0x7d, 0xef, 0x7d, 0xef, 0x7e, 0xf7, 0x7d, 0xef, 0x7d, 0xef,
    0x7e, 0xf7, 0x7d, 0xef, 0x7d, 0xef, 0x7e, 0xf7, 0x7d, 0xef, 0x7d, 0xef,
    0x7e, 0xf7, 0x7d, 0xef, 0x7d, 0xef, 0x7d, 0xef, 0x5d, 0xef, 0x7e, 0xf7,
    0x7d, 0xef, 0x5e, 0xf7, 0x5d, 0xef, 0x7e, 0xf7, 0x7d, 0xef, 0x5d, 0xef,
    0x5e, 0xf7, 0x7d, 0xef, 0x7d, 0xef, 0x5e, 0xf7, 0x5d, 0xef, 0x7d, 0xef,
    0x7e, 0xf7, 0x5d, 0xef, 0x5d, 0xef, 0x7e, 0xf7, 0x7d, 0xef, 0x5d, 0xef,
    0x5e, 0xf7, 0x7d, 0xef, 0x7d, 0xef, 0x5e, 0xf7, 0x5d, 0xef, 0x7d, 0xef,
    0x7e, 0xf7, 0x5d, 0xef, 0x5d, 0xef, 0x7e, 0xf7, 0x7d, 0xef, 0x5d, 0xef,
    0x5e, 0xf7, 0x7d, 0xef, 0x7d, 0xef, 0x5e, 0xf7, 0x5d, 0xef, 0x7d, 0xef,
    0x7e, 0xf7, 0x5d, 0xef, 0x5d, 0xef, 0x7e, 0xf7, 0x7d, 0xef, 0x5d, 0xef,
    0x5e, 0xf7, 0x7d, 0xef, 0x7d, 0xef, 0x5e, 0xf7, 0x5d, 0xef, 0x7d, 0xef,
    0x7e, 0xf7, 0x5d, 0xef, 0x5d, 0xef, 0x7e, 0xf7, 0x7d, 0xef, 0x5d, 0xef,
    0x5e, 0xf7, 0x7d, 0xef, 0x7d, 0xef, 0x5e, 0xf7, 0x5d, 0xef, 0x7d, 0xef,
    0x7e, 0xf7, 0x5d, 0xef, 0x5d, 0xef, 0x7e, 0xf7, 0x7d, 0xef, 0x5d, 0xef,
    0x5e, 0xf7, 0x7d, 0xef, 0x7d, 0xef, 0x5e, 0xf7, 0x5d, 0xef, 0x7d, 0xef,
    0x7e, 0xf7, 0x5d, 0xef, 0x5d, 0xef, 0x7e, 0xf7, 0x7d, 0xef, 0x5d, 0xef,
    0x5e, 0xf7, 0x7d, 0xef, 0x7d, 0xef, 0x5e, 0xf7, 0x5d, 0xef, 0x7d, 0xef,
    0x7e, 0xf7, 0x5d, 0xef, 0x5d, 0xef, 0x7e, 0xf7, 0x7d, 0xef, 0x5d, 0xef,
    0x5e, 0xf7, 0x7d, 0xef, 0x7d, 0xef, 0x5e, 0xf7, 0x5d, 0xef, 0x7d, 0xef,
    0x7e, 0xf7, 0x5d, 0xef, 0x5d, 0xef, 0x7e, 0xf7, 0x7d, 0xef, 0x5d, 0xef,
    0x5e, 0xf7, 0x7d, 0xef, 0x7d, 0xef, 0x5e, 0xf7, 0x5d, 0xef, 0x7d, 0xef,
    0x7e, 0xf7, 0x5d, 0xef, 0x5d, 0xef, 0x7e, 0xf7, 0x7d, 0xef, 0x5d, 0xef,
    0x5e, 0xf7, 0x7d, 0xef, 0x7d, 0xef, 0x5e, 0xf7, 0x5d, 0xef, 0x7d, 0xef,
    0x7e, 0xf7, 0x5d, 0xef, 0x5d, 0xef, 0x7e, 0xf7, 0x7d, 0xef, 0x5d, 0xef,
    0x5e, 0xf7, 0x7d, 0xef, 0x7d, 0xef, 0x5e, 0xf7, 0x5d, 0xef, 0x7d, 0xef,
    0x7e, 0xf7, 0x5d, 0xef, 0x5d, 0xef, 0x7e, 0xf7, 0x7d, 0xef, 0x5d, 0xef,
    0x5e, 0xf7, 0x7d, 0xef, 0x7d, 0xef, 0x5e, 0xf7, 0x5d, 0xef, 0x7d, 0xef,
    0x7e, 0xf7, 0x5d, 0xef, 0x5d, 0xef, 0x7e, 0xf7, 0x7d, 0xef, 0x5d, 0xef,
    0x5e, 0xf7, 0x7d, 0xef, 0x7d, 0xef, 0x5e, 0xf7, 0x5d, 0xef, 0x7d, 0xef,
    0x7e, 0xf7, 0x5d, 0xef, 0x5d, 0xef, 0x7e, 0xf7, 0x7d, 0xef, 0x5d, 0xef,
    0x5e, 0xf7, 0x7d, 0xef, 0x7d, 0xef, 0x5e, 0xf7, 0x5d, 0xef, 0x7d, 0xef,
    0x7e, 0xf7, 0x5d, 0xef, 0x5d, 0xef, 0x7e, 0xf7, 0x7d, 0xef, 0x5d, 0xef,
    0x5e, 0xf7, 0x7d, 0xef, 0x7d, 0xef, 0x5e, 0xf7, 0x5d, 0xef, 0x7d, 0xef,
    0x7e, 0xf7, 0x5d, 0xef, 0x5d, 0xef, 0x7e, 0xf7, 0x7d, 0xef, 0x5d, 0xef,
    0x5e, 0xf7, 0x7d, 0xef, 0x7d, 0xef, 0x5e, 0xf7, 0x5d, 0xef, 0x7d, 0xef,
    0x7e, 0xf7, 0x5d, 0xef, 0x5d, 0xef, 0x7e, 0xf7, 0x7d, 0xef, 0x5d, 0xef,
    0x5e, 0xf7, 0x7d, 0xef, 0x7d, 0xef, 0x5e, 0xf7, 0x5d, 0xef, 0x7d, 0xef,
    0x7e, 0xf7, 0x5d, 0xef, 0x5d, 0xef, 0x7e, 0xf7, 0x7d, 0xef, 0x5d, 0xef,
    0x5e, 0xf7, 0x7d, 0xef, 0x7d, 0xef, 0x5e, 0xf7, 0x5d, 0xef, 0x7d, 0xef,
    0x7e, 0xf7, 0x5d, 0xef, 0x5d, 0xef, 0x7e, 0xf7, 0x7d, 0xef, 0x5d, 0xef,
    0x5e, 0xf7, 0x7d, 0xef, 0x7d, 0xef, 0x5e, 0xf7, 0x5d, 0xef, 0x7d, 0xef,
    0x7e, 0xf7, 0x5d, 0xef, 0x5d, 0xef, 0x7e, 0xf7, 0x7d, 0xef, 0x5d, 0xef,
    0x5e, 0xf7, 0x7d, 0xef, 0x7d, 0xef, 0x5e, 0xf7, 0x5d, 0xef, 0x7d, 0xef,
    0x7e, 0xf7, 0x5d, 0xef, 0x5d, 0xef, 0x7e, 0xf7, 0x7d, 0xef, 0x5d, 0xef,
    0x5e, 0xf7, 0x7d, 0xef, 0x7d, 0xef, 0x5e, 0xf7, 0x5d, 0xef, 0x7d, 0xef,
    0x7e, 0xf7, 0x5d, 0xef, 0x5d, 0xef, 0x7e, 0xf7, 0x7d, 0xef, 0x5d, 0xef,
    0x5e, 0xf7, 0x7d, 0xef, 0x7d, 0xef, 0x5e, 0xf7, 0x5d, 0xef, 0x7d, 0xef,
    0x7e, 0xf7, 0x5d, 0xef, 0x5d, 0xef, 0x7e, 0xf7, 0x7d, 0xef, 0x5d, 0xef,
    0x5e, 0xf7, 0x7d, 0xef, 0x7e, 0xf7, 0x5d, 0xef, 0x7e, 0xf7, 0x7d, 0xef,
    0x7d, 0xef, 0x7e, 0xf7, 0x7d, 0xef, 0x7d, 0xef, 0x5e, 0xf7, 0x7d, 0xef,
    0x7e, 0xf7, 0x7d, 0xef, 0x7d, 0xef, 0x5e, 0xf7, 0x7d, 0xef, 0x7d, 0xef,
    0x7e, 0xf7, 0x7d, 0xef, 0x7d, 0xef, 0x7e, 0xf7, 0x5d, 0xef, 0x7d, 0xef,
    0x7e, 0xf7, 0x7d, 0xef, 0x7d, 0xef, 0x5e, 0xf7, 0x7d, 0xef, 0x7d, 0xef,
    0x7e, 0xf7, 0x7d, 0xef, 0x7d, 0xef, 0x7e, 0xf7, 0x5d, 0xef, 0x7d, 0xef,
    0x7e, 0xf7, 0x7d, 0xef, 0x7d, 0xef, 0x5e, 0xf7, 0x7d, 0xef, 0x7d, 0xef,
    0x7e, 0xf7, 0x7d, 0xef, 0x7d, 0xef, 0x7e, 0xf7, 0x5d, 0xef, 0x7d, 0xef,
    0x7e, 0xf7, 0x7d, 0xef, 0x7d, 0xef, 0x5e, 0xf7, 0x7d, 0xef, 0x7d, 0xef,
    0x7e, 0xf7, 0x7d, 0xef, 0x7d, 0xef, 0x7e, 0xf7, 0x5d, 0xef, 0x7d, 0xef,
    0x7e, 0xf7, 0x7d, 0xef, 0x7d, 0xef, 0x5e, 0xf7, 0x7d, 0xef, 0x7d, 0xef,
    0x7e, 0xf7, 0x7d, 0xef, 0x7d, 0xef, 0x7e, 0xf7, 0x5d, 0xef, 0x7d, 0xef,
    0x7e, 0xf7, 0x7d, 0xef, 0x7d, 0xef, 0x5e, 0xf7, 0x7d, 0xef, 0x7d, 0xef,
    0x7e, 0xf7, 0x7d, 0xef, 0x7d, 0xef, 0x7e, 0xf7, 0x5d, 0xef, 0x7d, 0xef,
    0x7e, 0xf7, 0x7d, 0xef, 0x7d, 0xef, 0x5e, 0xf7, 0x7d, 0xef, 0x7d, 0xef,
    0x7e, 0xf7, 0x7d, 0xef, 0x7d, 0xef, 0x7e, 0xf7, 0x5d, 0xef, 0x7d, 0xef,
    0x7e, 0xf7, 0x7d, 0xef, 0x7d, 0xef, 0x5e, 0xf7, 0x7d, 0xef, 0x7d, 0xef,
    0x7e, 0xf7, 0x7d, 0xef, 0x7d, 0xef, 0x7e, 0xf7, 0x5d, 0xef, 0x7d, 0xef,
    0x7e, 0xf7, 0x7d, 0xef, 0x7d, 0xef, 0x5e, 0xf7, 0x7d, 0xef, 0x7d, 0xef,
    0x7e, 0xf7, 0x7d, 0xef, 0x7d, 0xef, 0x7e, 0xf7, 0x5d, 0xef, 0x7d, 0xef,
    0x7e, 0xf7, 0x7d, 0xef, 0x7d, 0xef, 0x5e, 0xf7, 0x7d, 0xef, 0x7d, 0xef,
    0x7e, 0xf7, 0x7d, 0xef, 0x7d, 0xef, 0x7e, 0xf7, 0x5d, 0xef, 0x7d, 0xef,
    0x7e, 0xf7, 0x7d, 0xef, 0x7d, 0xef, 0x5e, 0xf7, 0x7d, 0xef, 0x7d, 0xef,
    0x7e, 0xf7, 0x7d, 0xef, 0x7d, 0xef, 0x7e, 0xf7, 0x5d, 0xef, 0x7d, 0xef,
    0x7e, 0xf7, 0x7d, 0xef, 0x7d, 0xef, 0x5e, 0xf7, 0x7d, 0xef, 0x7d, 0xef,
    0x7e, 0xf7, 0x7d, 0xef, 0x7d, 0xef, 0x7e, 0xf7, 0x5d, 0xef, 0x7d, 0xef,
    0x7e, 0xf7, 0x7d, 0xef, 0x7d, 0xef, 0x5e, 0xf7, 0x7d, 0xef, 0x7d, 0xef,
    0x7e, 0xf7, 0x7d, 0xef, 0x7d, 0xef, 0x7e, 0xf7, 0x5d, 0xef, 0x7d, 0xef,
    0x7e, 0xf7, 0x7d, 0xef, 0x7d, 0xef, 0x5e, 0xf7, 0x7d, 0xef, 0x7d, 0xef,
    0x7e, 0xf7, 0x7d, 0xef, 0x7d, 0xef, 0x7e, 0xf7, 0x5d, 0xef, 0x7d, 0xef,
    0x7e, 0xf7, 0x7d, 0xef, 0x7d, 0xef, 0x5e, 0xf7, 0x7d, 0xef, 0x7d, 0xef,
    0x7e, 0xf7, 0x7d, 0xef, 0x7d, 0xef, 0x7e, 0xf7, 0x5d, 0xef, 0x7d, 0xef,
    0x7e, 0xf7, 0x7d, 0xef, 0x7d, 0xef, 0x5e, 0xf7, 0x7d, 0xef, 0x7d, 0xef,
    0x7e, 0xf7, 0x7d, 0xef, 0x7d, 0xef, 0x7e, 0xf7, 0x5d, 0xef, 0x7d, 0xef,
    0x7e, 0xf7, 0x7d, 0xef, 0x7d, 0xef, 0x5e, 0xf7, 0x7d, 0xef, 0x7d, 0xef,
    0x7e, 0xf7, 0x7d, 0xef, 0x7d, 0xef, 0x7e, 0xf7, 0x5d, 0xef, 0x7d, 0xef,
    0x7e, 0xf7, 0x7d, 0xef, 0x7d, 0xef, 0x5e, 0xf7, 0x7d, 0xef, 0x7d, 0xef,
    0x7e, 0xf7, 0x7d, 0xef, 0x7d, 0xef, 0x7e, 0xf7, 0x5d, 0xef, 0x7d, 0xef,
    0x7e, 0xf7, 0x7d, 0xef, 0x7d, 0xef, 0x5e, 0xf7, 0x7d, 0xef, 0x7d, 0xef,
    0x7e, 0xf7, 0x7d, 0xef, 0x7d, 0xef, 0x7e, 0xf7, 0x5d, 0xef, 0x7d, 0xef,
    0x7e, 0xf7, 0x7d, 0xef, 0x7d, 0xef, 0x5e, 0xf7, 0x7d, 0xef, 0x7d, 0xef,
    0x7e, 0xf7, 0x7d, 0xef, 0x7d, 0xef, 0x7e, 0xf7, 0x5d, 0xef, 0x7d, 0xef,
    0x7e, 0xf7, 0x7d, 0xef, 0x7d, 0xef, 0x5e, 0xf7, 0x7d, 0xef, 0x7d, 0xef,
    0x7e, 0xf7, 0x7d, 0xef, 0x7d, 0xef, 0x7e, 0xf7, 0x5d, 0xef, 0x7d, 0xef,
    0x7e, 0xf7, 0x7d, 0xef, 0x7d, 0xef, 0x5e, 0xf7, 0x7d, 0xef, 0x7d, 0xef,
    0x7e, 0xf7, 0x7d, 0xef, 0x7d, 0xef, 0x7e, 0xf7, 0x5d, 0xef, 0x7d, 0xef,
    0x7e, 0xf7, 0x7d, 0xef, 0x7d, 0xef, 0x5e, 0xf7, 0x7d, 0xef, 0x7d, 0xef,
    0x7d, 0xef, 0x5e, 0xf7, 0x7d, 0xef, 0x7d, 0xef, 0x7e, 0xf7, 0x7d, 0xef,
    0x7d, 0xef, 0x7e, 0xf7, 0x7d, 0xef, 0x5e, 0xf7, 0x7e, 0xf7, 0x7d, 0xef,
    0x7e, 0xf7, 0x5d, 0xef, 0x7e, 0xf7, 0x7d, 0xef, 0x7e, 0xf7, 0x7d, 0xef,
    0x7e, 0xf7, 0x7e, 0xf7, 0x7d, 0xef, 0x5e, 0xf7, 0x7d, 0xef, 0x7e, 0xf7,
    0x7d, 0xef, 0x5e, 0xf7, 0x7d, 0xef, 0x7e, 0xf7, 0x7e, 0xf7, 0x7d, 0xef,
    0x7e, 0xf7, 0x7d, 0xef, 0x7e, 0xf7, 0x5d, 0xef, 0x7e, 0xf7, 0x7d, 0xef,
    0x7e, 0xf7, 0x5e, 0xf7, 0x7d, 0xef, 0x7e, 0xf7, 0x7d, 0xef, 0x7e, 0xf7,
    0x7d, 0xef, 0x7e, 0xf7, 0x7d, 0xef, 0x5e, 0xf7, 0x7e, 0xf7, 0x7d, 0xef,
    0x7e, 0xf7, 0x5d, 0xef, 0x7e, 0xf7, 0x7d, 0xef, 0x7e, 0xf7, 0x7d, 0xef,
    0x7e, 0xf7, 0x7e, 0xf7, 0x7d, 0xef, 0x5e, 0xf7, 0x7d, 0xef, 0x7e, 0xf7,
    0x7d, 0xef, 0x5e, 0xf7, 0x7d, 0xef, 0x7e, 0xf7, 0x7e, 0xf7, 0x7d, 0xef,
    0x7e, 0xf7, 0x7d, 0xef, 0x7e, 0xf7, 0x5d, 0xef, 0x7e, 0xf7, 0x7d, 0xef,
    0x7e, 0xf7, 0x5e, 0xf7, 0x7d, 0xef, 0x7e, 0xf7, 0x7d, 0xef, 0x7e, 0xf7,
    0x7d, 0xef, 0x7e, 0xf7, 0x7d, 0xef, 0x5e, 0xf7, 0x7e, 0xf7, 0x7d, 0xef,
    0x7e, 0xf7, 0x5d, 0xef, 0x7e, 0xf7, 0x5d, 0xef, 0x59, 0xd6, 0xf4, 0xa4,
    0x59, 0xce, 0x7e, 0xf7, 0x7d, 0xef, 0x7e, 0xf7, 0x7e, 0xf7, 0x7d, 0xef,
    0x7e, 0xf7, 0x5d, 0xef, 0x7e, 0xf7, 0x7d, 0xef, 0x7e, 0xf7, 0x7d, 0xef,
    0x7e, 0xf7, 0x7e, 0xf7, 0x7d, 0xef, 0x5e, 0xf7, 0x7d, 0xef, 0x7e, 0xf7,
    0x7d, 0xef, 0x5e, 0xf7, 0x7d, 0xef, 0x7e, 0xf7, 0x7e, 0xf7, 0x7d, 0xef,
    0x7e, 0xf7, 0x7d, 0xef, 0x7e, 0xf7, 0x5d, 0xef, 0x7e, 0xf7, 0x7d, 0xef,
    0x7e, 0xf7, 0x5e, 0xf7, 0x7d, 0xef, 0x7e, 0xf7, 0x7d, 0xef, 0x7e, 0xf7,
    0x7d, 0xef, 0x7e, 0xf7, 0x7d, 0xef, 0x5e, 0xf7, 0x7e, 0xf7, 0x7d, 0xef,
    0x7e, 0xf7, 0x5d, 0xef, 0x7e, 0xf7, 0x7d, 0xef, 0x7e, 0xf7, 0x7d, 0xef,
    0x7e, 0xf7, 0x7e, 0xf7, 0x7d, 0xef, 0x5e, 0xf7, 0x7d, 0xef, 0x7e, 0xf7,
    0x7d, 0xef, 0x5e, 0xf7, 0x7d, 0xef, 0x7e, 0xf7, 0x7e, 0xf7, 0x7d, 0xef,
    0x7e, 0xf7, 0x7d, 0xef, 0x7e, 0xf7, 0x5d, 0xef, 0x7e, 0xf7, 0x7d, 0xef,
    0x7e, 0xf7, 0x5e, 0xf7, 0x7d, 0xef, 0x7e, 0xf7, 0x7d, 0xef, 0x7e, 0xf7,
    0x7d, 0xef, 0x7e, 0xf7, 0x7d, 0xef, 0x5e, 0xf7, 0x7e, 0xf7, 0x7d, 0xef,
    0x7e, 0xf7, 0x5d, 0xef, 0x7e, 0xf7, 0x7d, 0xef, 0x7e, 0xf7, 0x7d, 0xef,
    0x7e, 0xf7, 0x7e, 0xf7, 0x7d, 0xef, 0x5e, 0xf7, 0x7d, 0xef, 0x7e, 0xf7,
    0x7d, 0xef, 0x5e, 0xf7, 0x7d, 0xef, 0x7e, 0xf7, 0x7e, 0xf7, 0x7d, 0xef,
    0x7e, 0xf7, 0x7d, 0xef, 0x7e, 0xf7, 0x5d, 0xef, 0x7e, 0xf7, 0x7d, 0xef,
    0x7e, 0xf7, 0x5e, 0xf7, 0x7d, 0xef, 0x7e, 0xf7, 0x7d, 0xef, 0x7e, 0xf7,
    0x7d, 0xef, 0x7e, 0xf7, 0x7d, 0xef, 0x5e, 0xf7, 0x7e, 0xf7, 0x7d, 0xef,
    0x7e, 0xf7, 0x5d, 0xef, 0x7e, 0xf7, 0x7d, 0xef, 0x7e, 0xf7, 0x7d, 0xef,
    0x7e, 0xf7, 0x7e, 0xf7, 0x7d, 0xef, 0x5e, 0xf7, 0x7d, 0xef, 0x7e, 0xf7,
    0x7d, 0xef, 0x5e, 0xf7, 0x7d, 0xef, 0x7e, 0xf7, 0x7e, 0xf7, 0x7d, 0xef,
    0x7e, 0xf7, 0x7d, 0xef, 0x7e, 0xf7, 0x5d, 0xef, 0x7e, 0xf7, 0x7d, 0xef,
    0x7e, 0xf7, 0x5e, 0xf7, 0x7d, 0xef, 0x7e, 0xf7, 0x7d, 0xef, 0x7e, 0xf7,
    0x7d, 0xef, 0x7e, 0xf7, 0x7d, 0xef, 0x5e, 0xf7, 0x7e, 0xf7, 0x7d, 0xef,
    0x7e, 0xf7, 0x5d, 0xef, 0x7e, 0xf7, 0x7d, 0xef, 0x7e, 0xf7, 0x7d, 0xef,
    0x7e, 0xf7, 0x7e, 0xf7, 0x7d, 0xef, 0x5e, 0xf7, 0x7d, 0xef, 0x7e, 0xf7,
    0x7d, 0xef, 0x5e, 0xf7, 0x7d, 0xef, 0x7e, 0xf7, 0x7e, 0xf7, 0x7d, 0xef,
    0x7e, 0xf7, 0x7d, 0xef, 0x7e, 0xf7, 0x5d, 0xef, 0x7e, 0xf7, 0x7d, 0xef,
    0x7e, 0xf7, 0x5e, 0xf7, 0x7d, 0xef, 0x7e, 0xf7, 0x7d, 0xef, 0x7e, 0xf7,
    0x7d, 0xef, 0x7e, 0xf7, 0x7d, 0xef, 0x5d, 0xef, 0x7e, 0xf7, 0x7d, 0xef,
    0x7d, 0xef, 0x7d, 0xef, 0x5e, 0xf7, 0x7d, 0xef, 0x5e, 0xf7, 0x5d, 0xef,
    0x7d, 0xef, 0x5e, 0xf7, 0x7d, 0xef, 0x7d, 0xef, 0x7d, 0xef, 0x7d, 0xef,
    0x7d, 0xef, 0x5e, 0xf7, 0x7d, 0xef, 0x5d, 0xef, 0x5e, 0xf7, 0x5d, 0xef,
    0x3c, 0xe7, 0xdb, 0xde, 0x7d, 0xef, 0x7d, 0xef, 0x5e, 0xf7, 0x7d, 0xef,
    0x7d, 0xef, 0x5e, 0xf7, 0x7d, 0xef, 0x5d, 0xef, 0x5d, 0xef, 0x7d, 0xef,
    0x5d, 0xef, 0x5e, 0xf7, 0x7d, 0xef, 0x7d, 0xef, 0x7e, 0xf7, 0x7d, 0xef,
    0x7d, 0xef, 0x5d, 0xef, 0x7d, 0xef, 0x5d, 0xef, 0x5e, 0xf7, 0x7d, 0xef,
    0x5d, 0xef, 0x5d, 0xef, 0x18, 0xc6, 0xd7, 0xc5, 0x3d, 0xe7, 0x7d, 0xef,
    0x7d, 0xef, 0x5d, 0xef, 0x7e, 0xf7, 0x5d, 0xef, 0x5d, 0xef, 0x7d, 0xf7,
    0x5e, 0xef, 0x5d, 0xef, 0x7d, 0xef, 0x7d, 0xef, 0x7d, 0xf7, 0x7e, 0xef,
    0x7d, 0xef, 0x5d, 0xf7, 0x7e, 0xef, 0x5d, 0xef, 0x5d, 0xef, 0x7d, 0xef,
    0x5d, 0xef, 0x5e, 0xf7, 0x7d, 0xef, 0x7d, 0xef, 0x7e, 0xf7, 0x7d, 0xef,
    0x7d, 0xef, 0x5d, 0xef, 0x7d, 0xef, 0x5d, 0xef, 0x5e, 0xf7, 0x7d, 0xef,
    0x5d, 0xef, 0x5e, 0xf7, 0x7d, 0xef, 0x7d, 0xef, 0x7d, 0xef, 0x7d, 0xef,
    0x7d, 0xef, 0x5e, 0xf7, 0x7d, 0xef, 0x7d, 0xef, 0x1c, 0xe7, 0x51, 0x8c,
    0x16, 0x45, 0x14, 0xa5, 0x18, 0xce, 0x7d, 0xef, 0x5d, 0xef, 0x7d, 0xef,
    0x7d, 0xef, 0x5e, 0xf7, 0x7d, 0xef, 0x5d, 0xef, 0x5e, 0xf7, 0x7d, 0xef,
    0x5d, 0xef, 0x5d, 0xef, 0x7d, 0xef, 0x7d, 0xef, 0x7e, 0xf7, 0x7d, 0xef,
    0x7d, 0xef, 0x5e, 0xf7, 0xfb, 0xde, 0x7d, 0xef, 0x5d, 0xef, 0x5d, 0xef,
    0x7e, 0xf7, 0x5d, 0xef, 0x7d, 0xef, 0x7e, 0xf7, 0x5d, 0xef, 0x7d, 0xef,
    0x7e, 0xf7, 0x5d, 0xef, 0x7d, 0xef, 0x5d, 0xef, 0x5d, 0xef, 0x7e, 0xf7,
    0x5d, 0xef, 0x5d, 0xef, 0x7e, 0xf7, 0x7d, 0xef, 0x7d, 0xef, 0x7d, 0xef,
    0x7d, 0xef, 0x5e, 0xf7, 0x7d, 0xef, 0x5d, 0xef, 0x5e, 0xf7, 0x7d, 0xef,
    0x5d, 0xef, 0x5d, 0xef, 0x7d, 0xef, 0x7d, 0xef, 0x7e, 0xf7, 0x7d, 0xef,
    0x7d, 0xef, 0x5e, 0xf7, 0x7d, 0xef, 0x5d, 0xef, 0x5d, 0xef, 0x7d, 0xef,
    0x5d, 0xef, 0x5e, 0xf7, 0x7d, 0xef, 0x7d, 0xef, 0x7e, 0xf7, 0x7d, 0xef,
    0x7d, 0xef, 0x5d, 0xef, 0x7d, 0xef, 0x5d, 0xef, 0x5e, 0xf7, 0x7d, 0xef,
    0x5d, 0xef, 0x5e, 0xf7, 0x7d, 0xef, 0x7d, 0xef, 0x7d, 0xef, 0x7d, 0xef,
    0x7d, 0xef, 0x5d, 0xef, 0x7a, 0xd6, 0x76, 0xb5, 0xbb, 0xde, 0x7d, 0xef,
    0x5d, 0xef, 0x5d, 0xef, 0x7d, 0xef, 0x7d, 0xef, 0x7e, 0xf7, 0x7d, 0xef,
    0x7d, 0xef, 0x5e, 0xf7, 0x7d, 0xef, 0x5d, 0xef, 0x5d, 0xef, 0x7d, 0xef,
    0x5d, 0xef, 0x5e, 0xf7, 0x7d, 0xef, 0x7d, 0xef, 0x7e, 0xf7, 0x7d, 0xef,
    0x7d, 0xef, 0x5d, 0xef, 0x7d, 0xef, 0x5d, 0xef, 0x5e, 0xf7, 0x7d, 0xef,
    0x5d, 0xef, 0x5e, 0xf7, 0x7d, 0xef, 0x7d, 0xef, 0x7d, 0xef, 0x7d, 0xef,
    0x7d, 0xef, 0x5e, 0xf7, 0x7d, 0xef, 0x5d, 0xef, 0x5e, 0xf7, 0x7d, 0xef,
    0x5d, 0xef, 0x5d, 0xef, 0x7d, 0xef, 0x7d, 0xef, 0x7e, 0xf7, 0x7d, 0xef,
    0x7d, 0xef, 0x5e, 0xf7, 0x7d, 0xef, 0x5d, 0xef, 0x5d, 0xef, 0x7d, 0xef,
    0x5d, 0xef, 0x5e, 0xf7, 0x7d, 0xef, 0x7d, 0xef, 0x7e, 0xf7, 0x7d, 0xef,
    0x7d, 0xef, 0x5d, 0xef, 0x7d, 0xef, 0x5d, 0xef, 0x5e, 0xf7, 0x7d, 0xef,
    0x5d, 0xef, 0x5e, 0xf7, 0x7d, 0xef, 0x7d, 0xef, 0x7d, 0xef, 0x7d, 0xef,
    0x7d, 0xef, 0x5e, 0xf7, 0x7d, 0xef, 0x5d, 0xef, 0x5e, 0xf7, 0x7d, 0xef,
    0x5d, 0xef, 0x5d, 0xef, 0x7d, 0xef, 0x7d, 0xef, 0x7e, 0xf7, 0x7d, 0xef,
    0x7d, 0xef, 0x5e, 0xf7, 0x7d, 0xef, 0x5d, 0xef, 0x5d, 0xef, 0x7d, 0xef,
    0x5d, 0xef, 0x5e, 0xf7, 0x7d, 0xef, 0x7d, 0xef, 0x7e, 0xf7, 0x7d, 0xef,
    0x7d, 0xef, 0x5d, 0xef, 0x7d, 0xef, 0x5d, 0xef, 0x5e, 0xf7, 0x7d, 0xef,
    0x5d, 0xef, 0x5e, 0xf7, 0x7d, 0xef, 0x7e, 0xf7, 0x5d, 0xef, 0x7d, 0xef,
    0x7e, 0xf7, 0x5d, 0xef, 0x7d, 0xef, 0x7d, 0xef, 0x7e, 0xf7, 0x7d, 0xef,
    0x7d, 0xef, 0x7e, 0xf7, 0x5d, 0xef, 0x7e, 0xf7, 0x5d, 0xef, 0x7e, 0xf7,
    0x7d, 0xef, 0x5d, 0xef, 0x7e, 0xf7, 0x7d, 0xef, 0x7d, 0xef, 0x7e, 0xf7,
    0x1c, 0xe7, 0x52, 0x8c, 0x73, 0x8c, 0x96, 0xb5, 0x5d, 0xef, 0x7d, 0xef,
    0x7e, 0xf7, 0x7d, 0xef, 0x7d, 0xef, 0x7e, 0xf7, 0x7e, 0xf7, 0x7d, 0xef,
    0x7d, 0xef, 0x7e, 0xf7, 0x7d, 0xef, 0x5d, 0xef, 0x7e, 0xf7, 0x5d, 0xef,
    0x7d, 0xef, 0x7e, 0xf7, 0x7e, 0xf7, 0x7d, 0xef, 0x7d, 0xef, 0x7e, 0xf7,
    0x7d, 0xef, 0x7e, 0xf7, 0xf8, 0xc5, 0x93, 0x6c, 0x76, 0xad, 0xf3, 0xa4,
    0xd7, 0xbd, 0x5d, 0xef, 0x7e, 0xf7, 0x7d, 0xef, 0x7e, 0xef, 0x7d, 0xf7,
    0x7e, 0xef, 0x7d, 0xef, 0x7d, 0xf7, 0x5e, 0xef, 0x7d, 0xef, 0x5e, 0xf7,
    0x7d, 0xef, 0x7d, 0xef, 0x7e, 0xf7, 0x7d, 0xef, 0x7d, 0xf7, 0x7e, 0xf7,
    0x7d, 0xef, 0x7d, 0xef, 0x7e, 0xf7, 0x5d, 0xef, 0x7d, 0xef, 0x5e, 0xf7,
    0x7d, 0xef, 0x7e, 0xf7, 0x7e, 0xf7, 0x7d, 0xef, 0x7d, 0xef, 0x7e, 0xf7,
    0x7d, 0xef, 0x7d, 0xef, 0x7e, 0xf7, 0x5d, 0xef, 0x7e, 0xf7, 0x5e, 0xf7,
    0x7d, 0xef, 0x7d, 0xef, 0x5e, 0xf7, 0x7d, 0xef, 0x5d, 0xef, 0x96, 0xb5,
    0xf4, 0x94, 0x9a, 0x05, 0x37, 0x05, 0x93, 0x8c, 0xb7, 0xbd, 0x5d, 0xef,
    0x7e, 0xf7, 0x7d, 0xef, 0x7d, 0xef, 0x7e, 0xf7, 0x7d, 0xef, 0x7d, 0xef,
    0x7e, 0xf7, 0x7e, 0xf7, 0x7d, 0xef, 0x5d, 0xef, 0x7e, 0xf7, 0x5d, 0xef,
    0x7d, 0xef, 0x7e, 0xf7, 0xdb, 0xde, 0x72, 0x84, 0xb3, 0x9c, 0xb6, 0xbd,
    0xfb, 0xde, 0x7e, 0xef, 0x5d, 0xf7, 0x7d, 0xef, 0x7e, 0xef, 0x7d, 0xf7,
    0x7d, 0xef, 0x7e, 0xef, 0x7d, 0xf7, 0x7d, 0xef, 0x7e, 0xf7, 0x7d, 0xef,
    0x7d, 0xef, 0x7e, 0xf7, 0x7d, 0xef, 0x5d, 0xef, 0x7e, 0xf7, 0x5d, 0xef,
    0x7d, 0xef, 0x7e, 0xf7, 0x7d, 0xef, 0x7d, 0xef, 0x7e, 0xf7, 0x7d, 0xef,
    0x7d, 0xef, 0x7e, 0xf7, 0x7e, 0xf7, 0x5d, 0xef, 0x7d, 0xef, 0x5e, 0xf7,
    0x7d, 0xef, 0x7d, 0xef, 0x7e, 0xf7, 0x7d, 0xef, 0x7e, 0xf7, 0x7e, 0xf7,
    0x7d, 0xef, 0x7d, 0xef, 0x7e, 0xf7, 0x5d, 0xef, 0x7d, 0xef, 0x5e, 0xf7,
    0x7d, 0xef, 0x7e, 0xf7, 0x7e, 0xf7, 0x7d, 0xef, 0x7d, 0xef, 0x7e, 0xf7,
    0x7d, 0xef, 0x7d, 0xef, 0x7e, 0xf7, 0x5d, 0xef, 0x7e, 0xf7, 0x5e, 0xf7,
    0x7d, 0xef, 0x7e, 0xf7, 0x79, 0xce, 0x72, 0x7c, 0xf5, 0x34, 0xf4, 0x94,
    0x76, 0xb5, 0x9a, 0xd6, 0x5d, 0xef, 0x7e, 0xf7, 0x7d, 0xef, 0x5d, 0xef,
    0x7e, 0xf7, 0x7d, 0xef, 0x7d, 0xef, 0x7e, 0xf7, 0x7e, 0xf7, 0x7d, 0xef,
    0x7d, 0xef, 0x7e, 0xf7, 0x7d, 0xef, 0x5d, 0xef, 0x7e, 0xf7, 0x5d, 0xef,
    0x7d, 0xef, 0x7e, 0xf7, 0x7e, 0xf7, 0x7d, 0xef, 0x7d, 0xef, 0x7e, 0xf7,
    0x7d, 0xef, 0x7d, 0xef, 0x7e, 0xf7, 0x5d, 0xef, 0x7e, 0xf7, 0x5e, 0xf7,
    0x7d, 0xef, 0x7d, 0xef, 0x7e, 0xf7, 0x7d, 0xef, 0x7d, 0xef, 0x7e, 0xf7,
    0x7d, 0xef, 0x7e, 0xf7, 0x7e, 0xf7, 0x5d, 0xef, 0x7d, 0xef, 0x5e, 0xf7,
    0x7d, 0xef, 0x7d, 0xef, 0x7e, 0xf7, 0x7d, 0xef, 0x7e, 0xf7, 0x7e, 0xf7,
    0x7d, 0xef, 0x7d, 0xef, 0x7e, 0xf7, 0x5d, 0xef, 0x7d, 0xef, 0x5e, 0xf7,
    0x7d, 0xef, 0x7e, 0xf7, 0x7e, 0xf7, 0x7d, 0xef, 0x7d, 0xef, 0x7e, 0xf7,
    0x7d, 0xef, 0x7d, 0xef, 0x7e, 0xf7, 0x5d, 0xef, 0x7e, 0xf7, 0x5e, 0xf7,
    0x7d, 0xef, 0x7d, 0xef, 0x7e, 0xf7, 0x7d, 0xef, 0x7d, 0xef, 0x7e, 0xf7,
    0x7d, 0xef, 0x7e, 0xf7, 0x7e, 0xf7, 0x5d, 0xef, 0x7d, 0xef, 0x5e, 0xf7,
    0x7d, 0xef, 0x5d, 0xef, 0x7a, 0xd6, 0x96, 0xb5, 0x7a, 0xd6, 0x5d, 0xef,
    0x7e, 0xf7, 0x7d, 0xef, 0x7d, 0xef, 0x5e, 0xf7, 0x7d, 0xef, 0x5d, 0xef,
    0x7e, 0xf7, 0x7e, 0xf7, 0x7d, 0xef, 0x7d, 0xef, 0x7e, 0xf7, 0x7d, 0xef,
    0x7d, 0xef, 0x7e, 0xf7, 0x7d, 0xef, 0x7d, 0xef, 0x7e, 0xf7, 0x7d, 0xef,
    0x7d, 0xef, 0x7e, 0xf7, 0x7d, 0xef, 0x7d, 0xef, 0x7e, 0xf7, 0x5d, 0xef,
    0x7d, 0xef, 0x7e, 0xf7, 0x7d, 0xef, 0x7d, 0xef, 0x7e, 0xf7, 0x7d, 0xef,
    0x5e, 0xf7, 0x7e, 0xf7, 0x7d, 0xef, 0x7d, 0xef, 0x7e, 0xf7, 0x7d, 0xef,
    0x7d, 0xef, 0x38, 0xce, 0x52, 0x74, 0xb9, 0x1d, 0x15, 0x8d, 0x96, 0xb5,
    0xfc, 0xe6, 0x7d, 0xef, 0x5d, 0xf7, 0x7e, 0xef, 0x7d, 0xef, 0x7d, 0xf7,
    0x7e, 0xef, 0x5e, 0xf7, 0x7d, 0xf7, 0x7d, 0xef, 0x7e, 0xef, 0x7d, 0xf7,
    0x5d, 0xef, 0x7e, 0xef, 0x7d, 0xf7, 0x5e, 0xef, 0x7d, 0xf7, 0x7e, 0xef,
    0x7d, 0xef, 0x5d, 0xf7, 0x7d, 0xef, 0xf8, 0xc5, 0xb0, 0x4b, 0xda, 0x05,
    0xda, 0x2d, 0x36, 0x9d, 0x34, 0xad, 0x38, 0xce, 0x5d, 0xef, 0x7d, 0xef,
    0x7e, 0xf7, 0x7d, 0xef, 0x7d, 0xf7, 0x7e, 0xf7, 0x7d, 0xef, 0x7e, 0xf7,
    0x5d, 0xef, 0x7d, 0xef, 0x7e, 0xf7, 0x5d, 0xef, 0x7d, 0xef, 0x7e, 0xef,
    0x7e, 0xf7, 0x7d, 0xef, 0x7e, 0xf7, 0x7d, 0xef, 0x7d, 0xef, 0x7e, 0xf7,
    0x5d, 0xef, 0x7d, 0xef, 0x7d, 0xef, 0x5e, 0xf7, 0x7d, 0xef, 0x7e, 0xf7,
    0x7d, 0xef, 0x7d, 0xef, 0x7e, 0xf7, 0x7d, 0xef, 0x7d, 0xef, 0x7d, 0xef,
    0x5e, 0xf7, 0x7d, 0xef, 0x7e, 0xf7, 0x7d, 0xef, 0x7e, 0xf7, 0x1c, 0xe7,
    0xf0, 0x7b, 0x58, 0x05, 0x5a, 0x04, 0xf9, 0x04, 0x38, 0x05, 0xd4, 0x8c,
    0x96, 0xb5, 0x5d, 0xef, 0x7e, 0xf7, 0x7d, 0xef, 0x5e, 0xf7, 0x7d, 0xef,
    0x7d, 0xef, 0x7e, 0xf7, 0x7d, 0xef, 0x7e, 0xf7, 0x7e, 0xf7, 0x7d, 0xef,
    0x5d, 0xef, 0x7e, 0xf7, 0x7d, 0xef, 0x18, 0xc6, 0x11, 0x5c, 0x58, 0x05,
    0x97, 0x85, 0x14, 0x9d, 0x76, 0xb5, 0x59, 0xce, 0x5d, 0xef, 0x7d, 0xef,
    0x5e, 0xf7, 0x7d, 0xef, 0x5d, 0xef, 0x7e, 0xf7, 0x7e, 0xef, 0x7d, 0xf7,
    0x7e, 0xef, 0x5d, 0xef, 0x7e, 0xf7, 0x7d, 0xef, 0x7d, 0xef, 0x7e, 0xf7,
    0x5e, 0xf7, 0x7d, 0xef, 0x7e, 0xf7, 0x5d, 0xef, 0x7d, 0xef, 0x7e, 0xf7,
    0x7d, 0xef, 0x7d, 0xef, 0x7e, 0xf7, 0x7d, 0xef, 0x7e, 0xf7, 0x7d, 0xef,
    0x5d, 0xef, 0x7e, 0xf7, 0x7d, 0xef, 0x5d, 0xef, 0x7e, 0xf7, 0x7d, 0xef,
    0x7d, 0xef, 0x7e, 0xf7, 0x7d, 0xef, 0x7e, 0xf7, 0x7d, 0xef, 0x7d, 0xef,
    0x5e, 0xf7, 0x7d, 0xef, 0x7d, 0xef, 0x5e, 0xf7, 0x7d, 0xef, 0x7e, 0xf7,
    0x7d, 0xef, 0x7d, 0xef, 0x7e, 0xf7, 0x7d, 0xef, 0x7d, 0xef, 0x7e, 0xf7,
    0x5d, 0xef, 0x7d, 0xef, 0x7e, 0xf7, 0x39, 0xce, 0x8f, 0x4b, 0xda, 0x05,
    0xbc, 0x66, 0x98, 0x6d, 0xf4, 0x94, 0x76, 0xb5, 0x9a, 0xd6, 0x5d, 0xef,
    0x7e, 0xf7, 0x5d, 0xef, 0x7d, 0xf7, 0x7e, 0xef, 0x5d, 0xef, 0x7d, 0xf7,
    0x7e, 0xef, 0x7e, 0xf7, 0x7d, 0xf7, 0x7d, 0xef, 0x7e, 0xef, 0x7d, 0xf7,
    0x5d, 0xef, 0x7e, 0xef, 0x7d, 0xf7, 0x5e, 0xef, 0x7d, 0xf7, 0x7e, 0xef,
    0x7d, 0xef, 0x7d, 0xf7, 0x7e, 0xef, 0x7d, 0xef, 0x7d, 0xf7, 0x7d, 0xef,
    0x5e, 0xef, 0x7d, 0xf7, 0x7e, 0xef, 0x5d, 0xf7, 0x7d, 0xef, 0x7e, 0xef,
    0x7d, 0xf7, 0x7d, 0xef, 0x7d, 0xef, 0x7e, 0xf7, 0x7d, 0xef, 0x7e, 0xf7,
    0x5d, 0xef, 0x7d, 0xef, 0x7e, 0xf7, 0x5d, 0xef, 0x7d, 0xef, 0x7d, 0xef,
    0x7e, 0xf7, 0x3d, 0xef, 0xd7, 0xc5, 0xd7, 0xbd, 0x3d, 0xef, 0x7d, 0xef,
    0x7d, 0xef, 0x5e, 0xf7, 0x7d, 0xef, 0x7d, 0xef, 0x5e, 0xf7, 0x7d, 0xef,
    0x7e, 0xf7, 0x7d, 0xef, 0x7d, 0xef, 0x7e, 0xf7, 0x7d, 0xef, 0x7d, 0xef,
    0x5e, 0xf7, 0x7d, 0xef, 0x7e, 0xf7, 0x5d, 0xef, 0x7d, 0xef, 0x7e, 0xf7,
    0x7d, 0xef, 0x7d, 0xef, 0x7d, 0xef, 0x7e, 0xf7, 0x7d, 0xef, 0x7e, 0xf7,
    0x7d, 0xef, 0x7d, 0xef, 0x7a, 0xd6, 0x52, 0x74, 0x56, 0x85, 0x35, 0x9d,
    0x34, 0xad, 0xf8, 0xc5, 0x3d, 0xef, 0x7d, 0xef, 0x7e, 0xf7, 0x7d, 0xef,
    0x7d, 0xef, 0x5e, 0xf7, 0x7d, 0xef, 0x7e, 0xf7, 0x5e, 0xf7, 0x7d, 0xef,
    0x7d, 0xef, 0x7e, 0xf7, 0x7d, 0xef, 0x5d, 0xef, 0x7e, 0xf7, 0x5d, 0xef,
    0x7e, 0xf7, 0x5d, 0xef, 0x7d, 0xef, 0x7e, 0xf7, 0x7d, 0xef, 0x5e, 0xf7,
    0x7d, 0xef, 0x7e, 0xf7, 0x5e, 0xf7, 0x7d, 0xef, 0x7d, 0xef, 0x5e, 0xf7,
    0x7d, 0xef, 0x7d, 0xef, 0x5d, 0xef, 0x7e, 0xf7, 0x7d, 0xef, 0x5e, 0xf7,
    0x7e, 0xef, 0x7d, 0xef, 0x55, 0xad, 0x10, 0x03, 0x5a, 0x05, 0x59, 0x05,
    0x16, 0x65, 0x14, 0xa5, 0x18, 0xce, 0x7e, 0xef, 0x7d, 0xef, 0x5d, 0xf7,
    0x7d, 0xef, 0x7e, 0xef, 0x5d, 0xef, 0x7d, 0xef, 0x7e, 0xf7, 0x7e, 0xef,
    0x7d, 0xf7, 0x7e, 0xef, 0x7d, 0xf7, 0x5d, 0xef, 0x7d, 0xef, 0x7e, 0xf7,
    0x5d, 0xef, 0x7e, 0xef, 0x7d, 0xf7, 0x7d, 0xef, 0x39, 0xce, 0xaf, 0x53,
    0xbb, 0x05, 0x5a, 0x05, 0xba, 0x05, 0x99, 0x05, 0xb3, 0x84, 0x18, 0xc6,
    0x5d, 0xef, 0x7e, 0xef, 0x5d, 0xef, 0x5e, 0xef, 0x7d, 0xef, 0x7d, 0xf7,
    0x7e, 0xef, 0x7d, 0xef, 0x7e, 0xf7, 0x5d, 0xf7, 0x7e, 0xef, 0x7d, 0xef,
    0x5d, 0xf7, 0x5d, 0xef, 0x7e, 0xef, 0x5d, 0xf7, 0x5d, 0xef, 0x7e, 0xf7,
    0x7e, 0xef, 0x7d, 0xf7, 0x7d, 0xef, 0x5e, 0xef, 0x7d, 0xef, 0x7d, 0xf7,
    0x5e, 0xef, 0x5d, 0xef, 0x7e, 0xf7, 0x5d, 0xf7, 0x5e, 0xef, 0x7d, 0xef,
    0x7d, 0xf7, 0x7d, 0xef, 0x7e, 0xef, 0x5d, 0xef, 0x7d, 0xf7, 0x7e, 0xef,
    0x96, 0xb5, 0x53, 0x54, 0x9b, 0x05, 0x16, 0x03, 0x3b, 0x05, 0xba, 0x05,
    0xd8, 0x04, 0xf1, 0x4b, 0xf7, 0xbd, 0x7d, 0xef, 0x5e, 0xf7, 0x7d, 0xef,
    0x7d, 0xef, 0x5e, 0xf7, 0x5d, 0xef, 0x7d, 0xef, 0x5d, 0xef, 0x7d, 0xef,
    0x7e, 0xf7, 0x7d, 0xef, 0x7e, 0xf7, 0x5d, 0xef, 0x39, 0xce, 0x6f, 0x43,
    0x9a, 0x05, 0xbb, 0x05, 0xda, 0x05, 0x98, 0x55, 0x15, 0x8d, 0x96, 0xb5,
    0x3d, 0xef, 0x7d, 0xef, 0x7e, 0xf7, 0x7d, 0xef, 0x5d, 0xef, 0x7d, 0xf7,
    0x5d, 0xef, 0x7e, 0xf7, 0x7d, 0xef, 0x5d, 0xf7, 0x7e, 0xef, 0x7d, 0xef,
    0x7d, 0xf7, 0x7d, 0xef, 0x7e, 0xef, 0x5d, 0xf7, 0x7e, 0xef, 0x7d, 0xf7,
    0x5e, 0xef, 0x5d, 0xf7, 0x7e, 0xef, 0x5d, 0xef, 0x5d, 0xef, 0x7e, 0xf7,
    0x7d, 0xef, 0x7d, 0xf7, 0x7e, 0xef, 0x5d, 0xf7, 0x7d, 0xef, 0x7e, 0xef,
    0x5d, 0xef, 0x5d, 0xf7, 0x7e, 0xef, 0x5d, 0xef, 0x5d, 0xf7, 0x7e, 0xef,
    0x7d, 0xf7, 0x7d, 0xef, 0x7e, 0xef, 0x5d, 0xef, 0x7d, 0xef, 0x7e, 0xf7,
    0x5d, 0xef, 0x5d, 0xef, 0x7e, 0xf7, 0x5e, 0xf7, 0x5d, 0xef, 0x7d, 0xef,
    0x7d, 0xef, 0x7d, 0xef, 0x7e, 0xf7, 0x5d, 0xef, 0xbb, 0xde, 0x4e, 0x5b,
    0xfa, 0x05, 0x7a, 0x05, 0x3a, 0x04, 0xfa, 0x05, 0xd5, 0x34, 0x31, 0x7c,
    0x9a, 0xde, 0x7e, 0xef, 0x7d, 0xef, 0x5d, 0xf7, 0x7e, 0xef, 0x7d, 0xef,
    0x5d, 0xef, 0x7d, 0xef, 0x5e, 0xef, 0x5d, 0xf7, 0x7e, 0xef, 0x7d, 0xef,
    0x7e, 0xf7, 0x7d, 0xef, 0x7d, 0xf7, 0x5e, 0xef, 0x7d, 0xef, 0x7d, 0xf7,
    0x5e, 0xef, 0x5d, 0xef, 0x7e, 0xf7, 0x5d, 0xef, 0x5e, 0xef, 0x7d, 0xf7,
    0x7d, 0xef, 0x7d, 0xef, 0x7e, 0xf7, 0x5d, 0xef, 0x7d, 0xef, 0x7e, 0xf7,
    0x5e, 0xef, 0x5d, 0xef, 0x7d, 0xf7, 0x5e, 0xef, 0x5d, 0xef, 0x7d, 0xf7,
    0x7e, 0xef, 0x7d, 0xef, 0x7e, 0xf7, 0x5d, 0xf7, 0x7e, 0xef, 0x7d, 0xef,
    0x5d, 0xf7, 0x7d, 0xef, 0xb7, 0xbd, 0x73, 0x5c, 0xd4, 0x74, 0x55, 0xad,
    0x7a, 0xd6, 0x7d, 0xf7, 0x7e, 0xef, 0x5d, 0xef, 0x7d, 0xf7, 0x7e, 0xef,
    0x5d, 0xef, 0x7d, 0xf7, 0x5e, 0xef, 0x5d, 0xf7, 0x7d, 0xef, 0x7e, 0xef,
    0x7d, 0xef, 0x7d, 0xef, 0x7e, 0xf7, 0x5d, 0xef, 0x7d, 0xef, 0x7e, 0xf7,
    0x5e, 0xf7, 0x5d, 0xef, 0x7d, 0xef, 0x5e, 0xf7, 0x5d, 0xef, 0x7d, 0xef,
    0x7e, 0xf7, 0x5d, 0xef, 0x7d, 0xef, 0x39, 0xce, 0xb0, 0x33, 0x99, 0x05,
    0xfb, 0x15, 0xb9, 0x2d, 0x76, 0x85, 0xd3, 0xa4, 0x96, 0xb5, 0x3d, 0xef,
    0x7d, 0xef, 0x7d, 0xef, 0x5d, 0xef, 0x7d, 0xef, 0x7d, 0xef, 0x5e, 0xf7,
    0x7d, 0xef, 0x5d, 0xef, 0x7e, 0xf7, 0x5d, 0xef, 0x7e, 0xf7, 0x7d, 0xef,
    0x7d, 0xef, 0x5e, 0xf7, 0x7d, 0xef, 0x7d, 0xef, 0x5e, 0xf7, 0x7d, 0xef,
    0x7d, 0xef, 0x7d, 0xef, 0x7d, 0xef, 0x5e, 0xf7, 0x7d, 0xef, 0x7d, 0xef,
    0x5e, 0xf7, 0x7d, 0xef, 0x7d, 0xef, 0x7e, 0xf7, 0x5d, 0xef, 0x7d, 0xef,
    0x7d, 0xf7, 0x5e, 0xf7, 0x5d, 0xef, 0x51, 0x8c, 0x96, 0x04, 0x17, 0x04,
    0xba, 0x05, 0x9c, 0x76, 0x98, 0x05, 0x93, 0x8c, 0xb7, 0xbd, 0x7d, 0xef,
    0x7e, 0xf7, 0x5d, 0xef, 0x7d, 0xf7, 0x7e, 0xef, 0x7d, 0xef, 0x5d, 0xf7,
    0x5d, 0xef, 0x7d, 0xef, 0x7e, 0xf7, 0x5d, 0xef, 0x7d, 0xef, 0x7e, 0xf7,
    0x7d, 0xef, 0x5d, 0xef, 0x7e, 0xf7, 0x7d, 0xef, 0x7d, 0xef, 0x39, 0xce,
    0x6f, 0x43, 0x99, 0x05, 0x1c, 0x06, 0xfc, 0x05, 0xf7, 0x03, 0x74, 0x04,
    0x6e, 0x6b, 0x3c, 0xef, 0x7d, 0xf7, 0x7e, 0xef, 0x7d, 0xf7, 0x5d, 0xef,
    0x7e, 0xef, 0x5d, 0xf7, 0x7d, 0xef, 0x7d, 0xef, 0x5e, 0xf7, 0x7d, 0xef,
    0x7e, 0xf7, 0x7d, 0xef, 0x7d, 0xef, 0x7e, 0xf7, 0x7d, 0xef, 0x7d, 0xef,
    0x7e, 0xf7, 0x5d, 0xef, 0x7d, 0xef, 0x7e, 0xf7, 0x7e, 0xf7, 0x7d, 0xef,
    0x7d, 0xef, 0x7e, 0xf7, 0x7d, 0xef, 0x7d, 0xef, 0x7e, 0xf7, 0x7d, 0xef,
    0x7e, 0xf7, 0x5e, 0xef, 0x7d, 0xf7, 0x7d, 0xef, 0x5e, 0xf7, 0x7d, 0xef,
    0x7a, 0xd6, 0x10, 0x74, 0x18, 0x05, 0xbd, 0x06, 0x1b, 0x05, 0x9a, 0x05,
    0x96, 0x04, 0xd1, 0x03, 0x6f, 0x4b, 0x39, 0xce, 0x7d, 0xef, 0x7d, 0xf7,
    0x7e, 0xef, 0x7d, 0xef, 0x7e, 0xf7, 0x7d, 0xef, 0x7e, 0xf7, 0x7d, 0xef,
    0x5d, 0xef, 0x7e, 0xf7, 0x7d, 0xef, 0x7d, 0xef, 0x7e, 0xf7, 0x39, 0xce,
    0x8f, 0x4b, 0xf6, 0x03, 0x9b, 0x05, 0xfc, 0x05, 0xf9, 0x04, 0x78, 0x05,
    0x90, 0x03, 0x96, 0xb5, 0x7d, 0xef, 0x7e, 0xf7, 0x7d, 0xef, 0x7e, 0xef,
    0x5d, 0xf7, 0x7e, 0xef, 0x7d, 0xef, 0x7d, 0xf7, 0x7e, 0xef, 0x5d, 0xf7,
    0x7e, 0xef, 0x5d, 0xef, 0x7d, 0xef, 0x7d, 0xf7, 0x7e, 0xef, 0x7d, 0xef,
    0x7d, 0xf7, 0x7d, 0xef, 0x7e, 0xef, 0x7d, 0xf7, 0x7d, 0xef, 0x7e, 0xf7,
    0x7d, 0xef, 0x5e, 0xef, 0x7d, 0xf7, 0x7e, 0xef, 0x7e, 0xef, 0x7d, 0xf7,
    0x7d, 0xef, 0x7e, 0xf7, 0x7d, 0xef, 0x7d, 0xef, 0x7e, 0xf7, 0x7d, 0xef,
    0x7e, 0xef, 0x5d, 0xf7, 0x7d, 0xef, 0x7e, 0xf7, 0x7d, 0xf7, 0x7d, 0xef,
    0x7e, 0xef, 0x7d, 0xf7, 0x7d, 0xef, 0x7e, 0xef, 0x7d, 0xef, 0x7d, 0xf7,
    0x7e, 0xf7, 0x5e, 0xef, 0x7d, 0xf7, 0x7d, 0xef, 0x7d, 0xef, 0xdb, 0xde,
    0x4e, 0x5b, 0x79, 0x05, 0xfd, 0x8e, 0xbc, 0x05, 0x9a, 0x05, 0xb4, 0x03,
    0x6f, 0x33, 0xd7, 0xbd, 0x7d, 0xef, 0x7e, 0xf7, 0x7d, 0xef, 0x7e, 0xf7,
    0x7e, 0xf7, 0x7d, 0xef, 0x7d, 0xf7, 0x7d, 0xef, 0x7e, 0xef, 0x5d, 0xf7,
    0x7d, 0xef, 0x5e, 0xef, 0x7d, 0xf7, 0x7d, 0xef, 0x5e, 0xef, 0x7d, 0xf7,
    0x7d, 0xef, 0x7d, 0xf7, 0x7e, 0xef, 0x7d, 0xf7, 0x7d, 0xf7, 0x7e, 0xef,
    0x7e, 0xef, 0x5d, 0xf7, 0x7e, 0xef, 0x7d, 0xef, 0x7d, 0xf7, 0x7e, 0xef,
    0x7d, 0xf7, 0x7d, 0xef, 0x7e, 0xef, 0x7d, 0xf7, 0x7e, 0xef, 0x7d, 0xef,
    0x7d, 0xf7, 0x5e, 0xef, 0x7d, 0xef, 0x7d, 0xf7, 0x7e, 0xef, 0x7d, 0xef,
    0x5e, 0xf7, 0x7e, 0xef, 0x7d, 0xef, 0xb6, 0xbd, 0xd1, 0x4b, 0x1a, 0x86,
    0x77, 0x5d, 0xf4, 0xa4, 0x18, 0xc6, 0x7d, 0xef, 0x7e, 0xf7, 0x7d, 0xef,
    0x7d, 0xef, 0x7e, 0xf7, 0x7d, 0xef, 0x7e, 0xef, 0x7d, 0xf7, 0x5d, 0xef,
    0x7e, 0xf7, 0x5d, 0xf7, 0x7d, 0xef, 0x7e, 0xef, 0x5d, 0xf7, 0x7d, 0xef,
    0x7e, 0xef, 0x7d, 0xf7, 0x7d, 0xef, 0x7e, 0xf7, 0x7e, 0xef, 0x7d, 0xef,
    0x7d, 0xf7, 0x5e, 0xef, 0x7d, 0xf7, 0x7d, 0xf7, 0x39, 0xce, 0x8f, 0x53,
    0x39, 0x05, 0xbb, 0x05, 0xfa, 0x04, 0x1b, 0x06, 0xd7, 0x04, 0x52, 0x64,
    0x96, 0xb5, 0x7e, 0xf7, 0x7e, 0xf7, 0x7d, 0xef, 0x7e, 0xf7, 0x7d, 0xef,
    0x7d, 0xef, 0x7e, 0xf7, 0x7d, 0xef, 0x7d, 0xef, 0x7e, 0xf7, 0x7d, 0xef,
    0x7d, 0xef, 0x7e, 0xf7, 0x7d, 0xef, 0x7e, 0xf7, 0x7d, 0xef, 0x7d, 0xef,
    0x7e, 0xf7, 0x5d, 0xef, 0x7e, 0xf7, 0x7d, 0xef, 0x7d, 0xef, 0x7e, 0xf7,
    0x7d, 0xef, 0x7d, 0xef, 0x7e, 0xf7, 0x7d, 0xef, 0x7e, 0xf7, 0x7d, 0xef,
    0x7d, 0xef, 0x7e, 0xef, 0x7d, 0xf7, 0x9a, 0xde, 0xf0, 0x73, 0x79, 0x05,
    0xda, 0x45, 0x5a, 0x05, 0x1a, 0x05, 0x58, 0x04, 0x74, 0x03, 0x4e, 0x63,
    0xfb, 0xe6, 0x7e, 0xef, 0x7d, 0xef, 0x5d, 0xf7, 0x7e, 0xf7, 0x7d, 0xef,
    0x7e, 0xef, 0x7d, 0xf7, 0x7d, 0xef, 0x5e, 0xef, 0x7d, 0xf7, 0x7e, 0xef,
    0x7e, 0xf7, 0x5d, 0xef, 0x7d, 0xf7, 0x7e, 0xef, 0x5d, 0xef, 0x7d, 0xf7,
    0x39, 0xce, 0x4e, 0x43, 0xf8, 0x04, 0xba, 0x04, 0xf8, 0x04, 0x56, 0x3d,
    0x2d, 0x63, 0xb7, 0xbd, 0x5d, 0xef, 0x7d, 0xef, 0x7e, 0xf7, 0x7d, 0xef,
    0x7d, 0xf7, 0x7e, 0xef, 0x5d, 0xf7, 0x7e, 0xef, 0x7d, 0xef, 0x7d, 0xef,
    0x7e, 0xf7, 0x5d, 0xef, 0x7e, 0xef, 0x7d, 0xf7, 0x5e, 0xef, 0x7d, 0xef,
    0x7d, 0xf7, 0x7e, 0xef, 0x5d, 0xef, 0x7d, 0xf7, 0x7e, 0xef, 0x5d, 0xef,
    0x5d, 0xf7, 0x7e, 0xef, 0x7d, 0xf7, 0x5d, 0xef, 0x7e, 0xef, 0x7d, 0xef,
    0x7d, 0xf7, 0x5d, 0xef, 0x7e, 0xef, 0x7d, 0xf7, 0x7d, 0xef, 0x7e, 0xef,
    0x5d, 0xef, 0x14, 0xad, 0x95, 0x04, 0x1b, 0x06, 0x7c, 0x46, 0x97, 0x04,
    0x94, 0x03, 0x6e, 0x5b, 0x92, 0x9c, 0x18, 0xc6, 0x5d, 0xef, 0x7d, 0xf7,
    0x5d, 0xef, 0x7e, 0xf7, 0x5d, 0xef, 0x7d, 0xef, 0x7e, 0xf7, 0x5d, 0xef,
    0x7e, 0xf7, 0x7d, 0xef, 0x5d, 0xef, 0x7e, 0xf7, 0x7d, 0xef, 0x7d, 0xef,
    0x39, 0xce, 0x4f, 0x4b, 0xba, 0x05, 0xbb, 0x05, 0x1b, 0x06, 0xd9, 0x05,
    0x90, 0x03, 0xb2, 0x9c, 0x1c, 0xe7, 0x5d, 0xef, 0x5d, 0xf7, 0x7e, 0xef,
    0x7d, 0xef, 0x7e, 0xf7, 0x7d, 0xef, 0x5d, 0xef, 0x5d, 0xef, 0xf8, 0xc5,
    0xbb, 0xde, 0x5d, 0xef, 0x7e, 0xf7, 0x7e, 0xf7, 0x5d, 0xef, 0x7d, 0xef,
    0x5e, 0xf7, 0x7d, 0xef, 0x7e, 0xef, 0x5d, 0xf7, 0x7d, 0xef, 0x7e, 0xf7,
    0x7d, 0xef, 0x5d, 0xef, 0x7e, 0xf7, 0x7d, 0xef, 0x5d, 0xef, 0x7e, 0xf7,
    0x5d, 0xef, 0x7d, 0xf7, 0x7e, 0xef, 0x5d, 0xef, 0x7d, 0xf7, 0x7e, 0xf7,
    0x7d, 0xef, 0x5d, 0xef, 0x7e, 0xf7, 0x7d, 0xef, 0x5e, 0xef, 0x7d, 0xf7,
    0x5d, 0xef, 0x7e, 0xef, 0x7d, 0xf7, 0x5d, 0xf7, 0x7e, 0xef, 0x7d, 0xef,
    0x7d, 0xf7, 0x5e, 0xef, 0x7d, 0xef, 0x7e, 0xf7, 0x5d, 0xef, 0x7e, 0xf7,
    0xdb, 0xde, 0x4e, 0x63, 0x79, 0x05, 0xb9, 0x04, 0xb9, 0x04, 0x16, 0x04,
    0x6e, 0x53, 0xd3, 0x9c, 0x3d, 0xef, 0x7d, 0xef, 0x7d, 0xef, 0x5d, 0xef,
    0x7d, 0xef, 0x5e, 0xf7, 0x7d, 0xef, 0x7e, 0xf7, 0x7d, 0xef, 0x7d, 0xef,
    0x7e, 0xf7, 0x7d, 0xf7, 0x5d, 0xef, 0x7e, 0xef, 0x7d, 0xf7, 0x7e, 0xef,
    0x7d, 0xef, 0x5e, 0xf7, 0x7d, 0xef, 0x7d, 0xef, 0x5e, 0xef, 0x7d, 0xf7,
    0x7d, 0xef, 0x7d, 0xef, 0x5e, 0xf7, 0x7d, 0xef, 0x7d, 0xef, 0x5e, 0xf7,
    0x5d, 0xef, 0x7d, 0xef, 0x7e, 0xf7, 0x5d, 0xef, 0x7d, 0xf7, 0x7e, 0xef,
    0x7d, 0xef, 0x5d, 0xf7, 0x7e, 0xef, 0x7d, 0xef, 0x5d, 0xf7, 0x7e, 0xef,
    0x7d, 0xef, 0x7d, 0xf7, 0x7e, 0xef, 0x7d, 0xef, 0x3d, 0xef, 0xae, 0x7b,
    0xb3, 0x03, 0x5b, 0x56, 0x19, 0x96, 0x92, 0x94, 0xf7, 0xc5, 0x5e, 0xef,
    0x7d, 0xef, 0x5d, 0xf7, 0x7e, 0xef, 0x7d, 0xef, 0x7d, 0xf7, 0x7e, 0xef,
    0x7d, 0xef, 0x7e, 0xf7, 0x5d, 0xef, 0x7d, 0xef, 0x7e, 0xf7, 0x7d, 0xef,
    0x7d, 0xef, 0x5e, 0xf7, 0x7d, 0xef, 0x7d, 0xef, 0x5e, 0xf7, 0x7d, 0xef,
    0x7d, 0xf7, 0x7e, 0xef, 0x7d, 0xef, 0x7e, 0xef, 0x7d, 0xef, 0x39, 0xce,
    0x6f, 0x53, 0xd9, 0x04, 0x5a, 0x05, 0xbc, 0x06, 0x18, 0x05, 0xb1, 0x03,
    0xb2, 0x9c, 0x1c, 0xe7, 0x5d, 0xef, 0x7d, 0xef, 0x5e, 0xf7, 0x7d, 0xef,
    0x5e, 0xf7, 0x7d, 0xef, 0x7e, 0xf7, 0x5d, 0xef, 0x7d, 0xef, 0x7e, 0xf7,
    0x5d, 0xef, 0x5e, 0xf7, 0x7d, 0xef, 0x5d, 0xef, 0x7e, 0xf7, 0x5d, 0xef,
    0x7d, 0xef, 0x7d, 0xef, 0x5e, 0xf7, 0x7d, 0xef, 0x7e, 0xf7, 0x5d, 0xef,
    0x5e, 0xf7, 0x7d, 0xef, 0x7d, 0xef, 0x5e, 0xf7, 0x5d, 0xef, 0x7d, 0xef,
    0x5e, 0xf7, 0x7e, 0xef, 0x7d, 0xef, 0x7d, 0xef, 0x96, 0xb5, 0xf2, 0x03,
    0x3b, 0x46, 0x3b, 0x05, 0x7a, 0x05, 0xfa, 0x05, 0xf1, 0x02, 0x4d, 0x63,
    0x34, 0xad, 0x5d, 0xef, 0x7d, 0xef, 0x7e, 0xef, 0x7d, 0xef, 0x5d, 0xf7,
    0x7e, 0xef, 0x7d, 0xef, 0x7e, 0xf7, 0x5e, 0xef, 0x7d, 0xef, 0x7d, 0xf7,
    0x7d, 0xef, 0x5d, 0xef, 0x7e, 0xf7, 0x7d, 0xef, 0x7d, 0xef, 0x7e, 0xf7,
    0x7e, 0xef, 0x9a, 0xd6, 0x4e, 0x4b, 0x78, 0x05, 0x3a, 0x05, 0x9a, 0x05,
    0xd0, 0x4b, 0x96, 0xb5, 0x5d, 0xef, 0x7d, 0xef, 0x7e, 0xef, 0x5d, 0xef,
    0x5e, 0xef, 0x7d, 0xef, 0x7d, 0xf7, 0x7e, 0xef, 0x7d, 0xf7, 0x5e, 0xef,
    0x7d, 0xf7, 0x7d, 0xef, 0x5e, 0xef, 0x7d, 0xf7, 0x7d, 0xf7, 0x5e, 0xef,
    0x7d, 0xef, 0x7e, 0xf7, 0x5d, 0xef, 0x7d, 0xf7, 0x7e, 0xef, 0x7d, 0xef,
    0x7d, 0xf7, 0x7e, 0xef, 0x7d, 0xef, 0x5d, 0xf7, 0x7e, 0xf7, 0x7d, 0xef,
    0x5e, 0xef, 0x7d, 0xf7, 0x7d, 0xef, 0x7e, 0xef, 0x5d, 0xf7, 0x7d, 0xef,
    0x7e, 0xef, 0x96, 0xbd, 0x11, 0x5c, 0x38, 0x05, 0x3b, 0x05, 0x53, 0x03,
    0x91, 0x03, 0x2c, 0x63, 0x55, 0xb5, 0x5d, 0xef, 0x7d, 0xef, 0x7d, 0xef,
    0x7e, 0xef, 0x7d, 0xf7, 0x7d, 0xef, 0x7e, 0xf7, 0x5d, 0xef, 0x7d, 0xef,
    0x7e, 0xf7, 0x7d, 0xef, 0x7e, 0xf7, 0x5d, 0xef, 0x7e, 0xf7, 0x7d, 0xef,
    0x5d, 0xef, 0x39, 0xce, 0x8e, 0x53, 0x17, 0x05, 0xbb, 0x05, 0xba, 0x05,
    0x11, 0x44, 0xb2, 0x9c, 0x1c, 0xe7, 0x7d, 0xef, 0x7e, 0xf7, 0x7d, 0xef,
    0x5d, 0xf7, 0x7d, 0xef, 0x7e, 0xef, 0x7d, 0xf7, 0x5d, 0xef, 0x76, 0xb5,
    0xf4, 0x74, 0x92, 0x84, 0xd7, 0xbd, 0x7d, 0xef, 0x7e, 0xf7, 0x7d, 0xef,
    0x5d, 0xef, 0x7e, 0xf7, 0x7d, 0xef, 0x5d, 0xf7, 0x7e, 0xef, 0x7d, 0xef,
    0x5e, 0xf7, 0x7d, 0xef, 0x7d, 0xf7, 0x7e, 0xef, 0x7d, 0xef, 0x5d, 0xf7,
    0x7d, 0xef, 0x7e, 0xef, 0x5d, 0xf7, 0x7e, 0xef, 0x7d, 0xef, 0x5e, 0xf7,
    0x7d, 0xef, 0x7d, 0xef, 0x5e, 0xf7, 0x7d, 0xef, 0x7d, 0xef, 0x7e, 0xf7,
    0x5d, 0xef, 0x7e, 0xef, 0x7d, 0xf7, 0x5e, 0xef, 0x7d, 0xef, 0x7d, 0xf7,
    0x5e, 0xef, 0x7d, 0xef, 0x7d, 0xef, 0x7d, 0xf7, 0x7e, 0xef, 0x7d, 0xef,
    0x7d, 0xf7, 0xdb, 0xde, 0x4e, 0x63, 0x78, 0x04, 0x1d, 0xc7, 0x5a, 0x05,
    0x54, 0x04, 0x31, 0x8c, 0x5d, 0xef, 0x7d, 0xf7, 0x7e, 0xef, 0x7e, 0xf7,
    0x7d, 0xf7, 0x5d, 0xef, 0x7d, 0xef, 0x7e, 0xef, 0x5d, 0xf7, 0x5e, 0xef,
    0x7d, 0xef, 0x7e, 0xf7, 0x7d, 0xef, 0x7d, 0xef, 0x5e, 0xf7, 0x7d, 0xef,
    0x7d, 0xf7, 0x5e, 0xef, 0x7d, 0xef, 0x7e, 0xf7, 0x5d, 0xef, 0x7e, 0xef,
    0x7d, 0xf7, 0x5d, 0xef, 0x7e, 0xf7, 0x7d, 0xef, 0x7d, 0xf7, 0x7e, 0xef,
    0x7e, 0xf7, 0x7d, 0xef, 0x7d, 0xef, 0x5e, 0xf7, 0x7d, 0xef, 0x7d, 0xef,
    0x5e, 0xf7, 0x7d, 0xef, 0x7e, 0xf7, 0x7d, 0xef, 0x7d, 0xf7, 0x5e, 0xef,
    0x7d, 0xef, 0x7d, 0xf7, 0x5d, 0xef, 0x7d, 0xf7, 0x7e, 0xf7, 0x7d, 0xef,
    0x55, 0xb5, 0x10, 0x74, 0xb8, 0x04, 0x3c, 0x06, 0xd9, 0x6d, 0x52, 0x84,
    0xf7, 0xc5, 0x7e, 0xef, 0x5d, 0xf7, 0x7d, 0xef, 0x5e, 0xf7, 0x5d, 0xef,
    0x7d, 0xef, 0x7e, 0xf7, 0x7d, 0xef, 0x7e, 0xef, 0x5d, 0xf7, 0x7e, 0xf7,
    0x7d, 0xef, 0x5e, 0xef, 0x7d, 0xf7, 0x7d, 0xef, 0x5e, 0xef, 0x7d, 0xf7,
    0x7d, 0xef, 0x5e, 0xef, 0x5d, 0xf7, 0x7d, 0xef, 0x7e, 0xf7, 0x7d, 0xef,
    0x39, 0xce, 0x8e, 0x4b, 0xb8, 0x04, 0xdd, 0x05, 0x7a, 0x05, 0x90, 0x03,
    0x92, 0x94, 0xbb, 0xde, 0x7d, 0xef, 0x7d, 0xef, 0x7d, 0xef, 0x7d, 0xef,
    0x5e, 0xf7, 0x7d, 0xef, 0x7d, 0xef, 0x5e, 0xf7, 0x7d, 0xef, 0x7e, 0xf7,
    0x5d, 0xef, 0x7d, 0xef, 0x7e, 0xf7, 0x7d, 0xef, 0x7d, 0xef, 0x7e, 0xf7,
    0x7e, 0xf7, 0x5d, 0xef, 0x7d, 0xef, 0x7d, 0xef, 0x7d, 0xef, 0x7d, 0xef,
    0x7e, 0xf7, 0x7d, 0xef, 0x5e, 0xf7, 0x7d, 0xef, 0x7e, 0xf7, 0x7d, 0xef,
    0x7d, 0xef, 0x5e, 0xf7, 0x7d, 0xf7, 0x7d, 0xef, 0x5e, 0xf7, 0x51, 0x94,
    0xd6, 0x04, 0xdc, 0x05, 0x5b, 0x05, 0xfb, 0x05, 0xd8, 0x7d, 0x2d, 0x5b,
    0x75, 0xad, 0x5d, 0xef, 0x18, 0xc6, 0xd3, 0xa4, 0x18, 0xc6, 0x5d, 0xef,
    0x7e, 0xf7, 0x7d, 0xef, 0x5d, 0xf7, 0x7d, 0xef, 0x7e, 0xf7, 0x7d, 0xef,
    0x7e, 0xef, 0x5d, 0xf7, 0x7d, 0xef, 0x7e, 0xef, 0x7d, 0xf7, 0x5d, 0xef,
    0x7e, 0xef, 0x7d, 0xf7, 0xdb, 0xde, 0x2d, 0x5b, 0x97, 0x04, 0x7b, 0x05,
    0x77, 0x04, 0x90, 0x2b, 0xb6, 0xbd, 0x7d, 0xef, 0x7d, 0xf7, 0x7d, 0xf7,
    0x7e, 0xef, 0x7d, 0xf7, 0x7e, 0xef, 0x5d, 0xef, 0x7d, 0xf7, 0x5d, 0xef,
    0x7a, 0xd6, 0x96, 0xb5, 0xfc, 0xe6, 0x7d, 0xef, 0x7d, 0xef, 0x7e, 0xf7,
    0x7d, 0xef, 0x7d, 0xf7, 0x7e, 0xef, 0x7d, 0xef, 0x7d, 0xf7, 0x5e, 0xef,
    0x7d, 0xf7, 0x7d, 0xef, 0x5e, 0xef, 0x7d, 0xf7, 0x7e, 0xef, 0x7d, 0xef,
    0x7d, 0xf7, 0x5e, 0xef, 0x7d, 0xf7, 0x7e, 0xef, 0x5d, 0xef, 0x7e, 0xf7,
    0x7d, 0xf7, 0x18, 0xc6, 0x11, 0x7c, 0xfa, 0x5d, 0xfb, 0x05, 0x57, 0x04,
    0xcf, 0x02, 0x10, 0x8c, 0xf7, 0xc5, 0x5d, 0xef, 0x7d, 0xef, 0x7d, 0xf7,
    0x5d, 0xef, 0x1c, 0xe7, 0xf8, 0xc5, 0x5d, 0xef, 0x7e, 0xef, 0x7d, 0xf7,
    0x7d, 0xef, 0x5d, 0xef, 0x7e, 0xf7, 0x7d, 0xef, 0x7d, 0xef, 0x7e, 0xf7,
    0x7d, 0xef, 0x7d, 0xf7, 0x9a, 0xd6, 0x4e, 0x53, 0x59, 0x05, 0x1c, 0x06,
    0x3a, 0x05, 0x30, 0x13, 0xb6, 0xbd, 0x5d, 0xef, 0x7e, 0xef, 0x7d, 0xf7,
    0x7e, 0xef, 0x7d, 0xef, 0x5e, 0xf7, 0x7d, 0xef, 0x5d, 0xef, 0x76, 0xb5,
    0xd4, 0x7c, 0x1a, 0x05, 0x17, 0x05, 0x31, 0x7c, 0x18, 0xc6, 0x5d, 0xef,
    0x7e, 0xf7, 0x7d, 0xef, 0x7d, 0xef, 0x7e, 0xf7, 0x7d, 0xef, 0x7d, 0xef,
    0x5e, 0xf7, 0x7d, 0xef, 0x7d, 0xef, 0x5e, 0xf7, 0x7d, 0xef, 0x7e, 0xf7,
    0x7d, 0xef, 0x7e, 0xef, 0x7d, 0xf7, 0x7d, 0xef, 0x7d, 0xf7, 0x7e, 0xef,
    0x5d, 0xef, 0x7e, 0xf7, 0x7d, 0xef, 0x7e, 0xef, 0x7d, 0xf7, 0x7d, 0xef,
    0x7e, 0xf7, 0x7d, 0xef, 0x7d, 0xf7, 0x7e, 0xef, 0x7d, 0xef, 0x7e, 0xf7,
    0x5d, 0xef, 0x7e, 0xf7, 0x7e, 0xef, 0x5d, 0xf7, 0x7e, 0xef, 0x5d, 0xef,
    0x7d, 0xf7, 0x7d, 0xef, 0xdb, 0xde, 0x4e, 0x5b, 0x97, 0x03, 0xbb, 0x05,
    0x39, 0x05, 0xb5, 0x04, 0x51, 0x94, 0x7d, 0xef, 0x7d, 0xef, 0x5d, 0xf7,
    0x7e, 0xef, 0x7e, 0xef, 0x7d, 0xf7, 0x7e, 0xef, 0x7d, 0xf7, 0x7d, 0xef,
    0x7e, 0xf7, 0x5d, 0xef, 0x5d, 0xef, 0x7e, 0xf7, 0x7d, 0xef, 0x7e, 0xef,
    0x5d, 0xf7, 0x7d, 0xef, 0x7e, 0xf7, 0x7d, 0xef, 0x7d, 0xf7, 0x7e, 0xef,
    0x7d, 0xf7, 0x7e, 0xef, 0x5d, 0xef, 0x7e, 0xef, 0x7d, 0xf7, 0x5d, 0xef,
    0x7e, 0xef, 0x7d, 0xf7, 0x5d, 0xef, 0x7e, 0xf7, 0x7d, 0xef, 0x7e, 0xef,
    0x7d, 0xf7, 0x5d, 0xef, 0x7e, 0xef, 0x7d, 0xf7, 0x5e, 0xef, 0x7d, 0xef,
    0x7e, 0xf7, 0x7d, 0xef, 0x5e, 0xef, 0x7e, 0xf7, 0x5d, 0xef, 0x7d, 0xef,
    0x7e, 0xef, 0x3d, 0xef, 0xae, 0x7b, 0x95, 0x04, 0xbb, 0x05, 0x3d, 0x06,
    0x58, 0x05, 0x72, 0x84, 0xd7, 0xbd, 0x7d, 0xef, 0x7e, 0xf7, 0x7e, 0xef,
    0x7d, 0xef, 0x5d, 0xf7, 0x7e, 0xef, 0x7d, 0xef, 0x5d, 0xf7, 0x7e, 0xef,
    0x7d, 0xef, 0x7d, 0xf7, 0x7e, 0xef, 0x7d, 0xf7, 0x7d, 0xef, 0x7e, 0xef,
    0x7d, 0xf7, 0x7d, 0xef, 0x7e, 0xef, 0x7d, 0xf7, 0x5d, 0xef, 0x7e, 0xef,
    0x7d, 0xf7, 0xbb, 0xde, 0x4d, 0x5b, 0x18, 0x05, 0x7a, 0x05, 0xb8, 0x04,
    0xb0, 0x0b, 0x55, 0xad, 0x7d, 0xef, 0x7d, 0xf7, 0x5e, 0xf7, 0x7e, 0xef,
    0x7d, 0xf7, 0x7d, 0xef, 0x7e, 0xef, 0x7d, 0xf7, 0x7d, 0xef, 0x7e, 0xef,
    0x7d, 0xf7, 0x7d, 0xef, 0x7e, 0xef, 0x7d, 0xf7, 0x5e, 0xef, 0x7d, 0xef,
    0x7d, 0xf7, 0x7d, 0xef, 0x7e, 0xef, 0x7d, 0xef, 0x5e, 0xf7, 0x7e, 0xf7,
    0x5d, 0xef, 0x7d, 0xef, 0x7e, 0xf7, 0x7d, 0xef, 0x7d, 0xef, 0x7e, 0xf7,
    0x7d, 0xef, 0x7d, 0xef, 0x7e, 0xf7, 0x7d, 0xef, 0x5d, 0xef, 0xdb, 0xde,
    0x8f, 0x63, 0x18, 0x05, 0xfe, 0x56, 0xbb, 0x05, 0xf7, 0x04, 0x4f, 0x03,
    0x14, 0xa5, 0x5d, 0xef, 0x79, 0xce, 0x52, 0x6c, 0x97, 0x5d, 0x92, 0x8c,
    0xd7, 0xc5, 0x7e, 0xef, 0x7d, 0xef, 0x7d, 0xef, 0x5e, 0xf7, 0x7d, 0xef,
    0x7d, 0xf7, 0x5e, 0xef, 0x7e, 0xf7, 0x7d, 0xef, 0x7e, 0xef, 0x5d, 0xf7,
    0x7d, 0xef, 0x5d, 0xef, 0x7d, 0xf7, 0xdb, 0xde, 0x4e, 0x5b, 0xda, 0x05,
    0x7b, 0x05, 0x95, 0x03, 0x8f, 0x33, 0xb6, 0xbd, 0x7e, 0xef, 0x5e, 0xef,
    0x7d, 0xef, 0x7d, 0xf7, 0x7d, 0xf7, 0x5e, 0xef, 0x7e, 0xef, 0x7d, 0xf7,
    0x39, 0xce, 0x52, 0x6c, 0x36, 0x85, 0x34, 0xad, 0x59, 0xce, 0x5e, 0xef,
    0x7d, 0xef, 0x7d, 0xf7, 0x5e, 0xef, 0x5d, 0xef, 0x7e, 0xf7, 0x7d, 0xef,
    0x5e, 0xef, 0x7d, 0xf7, 0x7e, 0xef, 0x5d, 0xef, 0x7d, 0xf7, 0x7e, 0xef,
    0x5d, 0xef, 0x7d, 0xf7, 0x7e, 0xef, 0x7d, 0xef, 0x7d, 0xf7, 0x7e, 0xef,
    0x7d, 0xef, 0xfc, 0xe6, 0xb2, 0x94, 0xb6, 0x04, 0x7b, 0x4e, 0x97, 0x04,
    0xf1, 0x03, 0x51, 0x8c, 0x38, 0xce, 0x7d, 0xef, 0x7e, 0xef, 0x7d, 0xf7,
    0x7e, 0xef, 0x1c, 0xe7, 0x11, 0x84, 0xd4, 0x7c, 0x14, 0xa5, 0x18, 0xce,
    0x5d, 0xef, 0x7e, 0xef, 0x7d, 0xf7, 0x5d, 0xef, 0x7e, 0xef, 0x5d, 0xf7,
    0x7d, 0xef, 0x5e, 0xef, 0x7d, 0xef, 0xbb, 0xde, 0x0d, 0x5b, 0xb7, 0x04,
    0xbd, 0x06, 0xfa, 0x04, 0xf1, 0x5b, 0xb6, 0xbd, 0x7d, 0xef, 0x5e, 0xf7,
    0x7d, 0xef, 0x7d, 0xef, 0x5e, 0xf7, 0x7d, 0xf7, 0x5d, 0xef, 0x76, 0xb5,
    0xb3, 0x84, 0x99, 0x05, 0x5c, 0x06, 0x7a, 0x05, 0xb6, 0x04, 0x31, 0x8c,
    0x18, 0xc6, 0x7e, 0xef, 0x7d, 0xf7, 0x5d, 0xef, 0x7e, 0xef, 0x7e, 0xf7,
    0x5d, 0xef, 0x7d, 0xf7, 0x7e, 0xef, 0x7d, 0xef, 0x5d, 0xf7, 0x7e, 0xef,
    0x7d, 0xef, 0x5d, 0xf7, 0x7e, 0xef, 0x5d, 0xef, 0x7e, 0xf7, 0x7d, 0xef,
    0x5d, 0xef, 0x7e, 0xf7, 0x7d, 0xef, 0x5d, 0xef, 0x7e, 0xf7, 0x5d, 0xef,
    0x5e, 0xef, 0x7d, 0xef, 0x5d, 0xf7, 0x7e, 0xef, 0x5d, 0xef, 0x7d, 0xf7,
    0x7d, 0xef, 0x7e, 0xef, 0x7d, 0xf7, 0x7d, 0xef, 0x7d, 0xef, 0x5e, 0xf7,
    0x7d, 0xef, 0x7e, 0xef, 0x5e, 0xf7, 0x5d, 0xef, 0x2c, 0x6b, 0xb9, 0x05,
    0x5b, 0x06, 0x7a, 0x05, 0xf3, 0x03, 0x51, 0x8c, 0x7d, 0xf7, 0x7d, 0xef,
    0x7d, 0xef, 0x5d, 0xef, 0x7d, 0xf7, 0x5e, 0xef, 0x7d, 0xef, 0x5d, 0xf7,
    0x7e, 0xef, 0x7d, 0xef, 0x7d, 0xf7, 0x7e, 0xef, 0x7d, 0xf7, 0x5d, 0xef,
    0x7e, 0xef, 0x7d, 0xf7, 0x7d, 0xef, 0x5e, 0xef, 0x7d, 0xf7, 0x5d, 0xef,
    0x7e, 0xef, 0x7d, 0xf7, 0x5d, 0xef, 0x7e, 0xf7, 0x7d, 0xef, 0x7e, 0xef,
    0x5d, 0xf7, 0x7d, 0xef, 0x7e, 0xef, 0x5d, 0xf7, 0x7d, 0xef, 0x7e, 0xef,
    0x5d, 0xf7, 0x7e, 0xf7, 0x7d, 0xef, 0x7d, 0xef, 0x5e, 0xf7, 0x7d, 0xef,
    0x7d, 0xef, 0x7d, 0xf7, 0x5e, 0xf7, 0x7d, 0xef, 0x7d, 0xef, 0x7e, 0xf7,
    0x7d, 0xef, 0x7d, 0xef, 0x7e, 0xf7, 0x55, 0xad, 0x70, 0x03, 0xd8, 0x04,
    0x5e, 0xb7, 0x9b, 0x05, 0x58, 0x25, 0x31, 0x84, 0xbb, 0xde, 0x7d, 0xef,
    0x7d, 0xef, 0x7e, 0xf7, 0x7d, 0xf7, 0x5d, 0xef, 0x7e, 0xef, 0x7d, 0xf7,
    0x7d, 0xef, 0x5e, 0xef, 0x7d, 0xf7, 0x5d, 0xef, 0x7e, 0xef, 0x5d, 0xf7,
    0x7e, 0xef, 0x5d, 0xf7, 0x7e, 0xef, 0x7d, 0xf7, 0x7d, 0xef, 0x7e, 0xef,
    0x5d, 0xf7, 0x7d, 0xef, 0xdb, 0xde, 0x6e, 0x5b, 0x18, 0x05, 0xd6, 0x03,
    0xd8, 0x04, 0x90, 0x03, 0x55, 0xb5, 0x7e, 0xef, 0x7d, 0xef, 0x7d, 0xf7,
    0x5e, 0xef, 0x7d, 0xef, 0x7d, 0xf7, 0x5e, 0xef, 0x5d, 0xf7, 0x7d, 0xef,
    0x5e, 0xef, 0x7d, 0xf7, 0x5e, 0xef, 0x7d, 0xf7, 0x7d, 0xef, 0x5e, 0xf7,
    0x7d, 0xef, 0x5d, 0xef, 0x7e, 0xf7, 0x7d, 0xef, 0x7d, 0xef, 0x7d, 0xef,
    0x5e, 0xf7, 0x7d, 0xef, 0x7d, 0xef, 0x5e, 0xf7, 0x7d, 0xef, 0x5d, 0xef,
    0x5e, 0xf7, 0x7d, 0xef, 0x5e, 0xf7, 0x7d, 0xef, 0x7e, 0xef, 0x7d, 0xf7,
    0x96, 0xb5, 0x32, 0x0c, 0x5c, 0x06, 0xbb, 0x05, 0x56, 0x03, 0xd2, 0x03,
    0xcf, 0x83, 0x3d, 0xef, 0x7d, 0xef, 0x39, 0xce, 0x4e, 0x43, 0x18, 0x05,
    0x7a, 0xbe, 0x93, 0x8c, 0xb6, 0xbd, 0x5d, 0xef, 0x7e, 0xf7, 0x7e, 0xef,
    0x5d, 0xef, 0x7d, 0xef, 0x7d, 0xf7, 0x7d, 0xef, 0x5d, 0xf7, 0x7e, 0xef,
    0x7e, 0xf7, 0x7d, 0xef, 0x7e, 0xf7, 0x5d, 0xef, 0xdb, 0xde, 0x2e, 0x5b,
    0xf8, 0x04, 0x3e, 0x87, 0xfb, 0x05, 0x6f, 0x03, 0xb6, 0xbd, 0x7e, 0xef,
    0x7d, 0xef, 0x5e, 0xef, 0x7d, 0xef, 0x7d, 0xef, 0x5d, 0xf7, 0x7d, 0xef,
    0x5d, 0xef, 0xb3, 0x9c, 0xd6, 0x04, 0x3b, 0x06, 0x78, 0x3d, 0xb3, 0x8c,
    0xb6, 0xbd, 0x5d, 0xef, 0x7e, 0xef, 0x7d, 0xf7, 0x7d, 0xef, 0x7d, 0xf7,
    0x7e, 0xef, 0x7d, 0xef, 0x7d, 0xf7, 0x7e, 0xef, 0x7d, 0xf7, 0x7d, 0xef,
    0x5e, 0xef, 0x7d, 0xf7, 0x7e, 0xef, 0x5d, 0xef, 0x7d, 0xf7, 0x5e, 0xef,
    0x7d, 0xef, 0x5d, 0xef, 0x55, 0xb5, 0x15, 0x75, 0x9c, 0x6e, 0x57, 0x04,
    0xb1, 0x03, 0x30, 0x94, 0x9a, 0xd6, 0x7d, 0xef, 0x7d, 0xf7, 0x7e, 0xf7,
    0x5d, 0xef, 0x7d, 0xf7, 0x9a, 0xd6, 0x4e, 0x5b, 0xf7, 0x04, 0xb8, 0x65,
    0xd4, 0x8c, 0x76, 0xb5, 0x3d, 0xef, 0x7d, 0xef, 0x7d, 0xef, 0x7e, 0xf7,
    0x7d, 0xef, 0x5d, 0xf7, 0x7e, 0xef, 0x7d, 0xf7, 0xdb, 0xde, 0x2d, 0x5b,
    0x79, 0x05, 0xfe, 0x06, 0x59, 0x05, 0x70, 0x03, 0xb6, 0xbd, 0x7d, 0xef,
    0x7e, 0xef, 0x5d, 0xf7, 0x7d, 0xef, 0x7e, 0xef, 0x3d, 0xef, 0x76, 0xb5,
    0xf4, 0x84, 0x79, 0x05, 0x19, 0x05, 0x3b, 0x05, 0xb9, 0x04, 0x7a, 0x05,
    0xb6, 0x04, 0xb3, 0x9c, 0x3c, 0xef, 0x7e, 0xef, 0x7d, 0xf7, 0x5d, 0xef,
    0x7e, 0xef, 0x7d, 0xf7, 0x7d, 0xef, 0x7e, 0xef, 0x5e, 0xf7, 0x7d, 0xef,
    0x7d, 0xef, 0x5e, 0xf7, 0x7d, 0xf7, 0x7d, 0xef, 0x5e, 0xef, 0x7d, 0xf7,
    0x7e, 0xef, 0x7d, 0xf7, 0x7d, 0xef, 0x7e, 0xef, 0x7d, 0xf7, 0x7d, 0xf7,
    0x7e, 0xef, 0x7d, 0xf7, 0x7d, 0xef, 0x7e, 0xef, 0x5d, 0xf7, 0x7e, 0xef,
    0x7d, 0xf7, 0x5d, 0xef, 0x7e, 0xef, 0x5d, 0xf7, 0x7d, 0xef, 0x7e, 0xef,
    0x7d, 0xf7, 0x7d, 0xf7, 0x7e, 0xef, 0x7d, 0xef, 0x7d, 0xf7, 0x2d, 0x6b,
    0x78, 0x05, 0x9a, 0x05, 0xfb, 0x05, 0x95, 0x04, 0x51, 0x8c, 0x7e, 0xf7,
    0x7e, 0xef, 0x7e, 0xf7, 0x7d, 0xf7, 0x7d, 0xef, 0x7e, 0xef, 0x5d, 0xf7,
    0x7d, 0xef, 0x7e, 0xef, 0x5d, 0xf7, 0x7e, 0xef, 0x7d, 0xef, 0x7d, 0xf7,
    0x7e, 0xef, 0x5d, 0xef, 0x7e, 0xf7, 0x7d, 0xef, 0x7e, 0xef, 0x7d, 0xf7,
    0x5d, 0xef, 0x7e, 0xef, 0x7d, 0xf7, 0x7d, 0xef, 0x7d, 0xef, 0x7e, 0xf7,
    0x5d, 0xef, 0x7d, 0xf7, 0x7e, 0xef, 0x7d, 0xef, 0x7e, 0xf7, 0x7d, 0xef,
    0x5d, 0xef, 0x7e, 0xf7, 0x7d, 0xef, 0x7d, 0xef, 0x5e, 0xf7, 0x7d, 0xef,
    0x7d, 0xf7, 0x7e, 0xef, 0x5d, 0xef, 0x7d, 0xf7, 0x7e, 0xef, 0x7d, 0xef,
    0x5d, 0xf7, 0x7e, 0xef, 0x5d, 0xf7, 0x7d, 0xef, 0xfb, 0xe6, 0x2d, 0x63,
    0x38, 0x05, 0xfa, 0x04, 0xb7, 0x03, 0xfa, 0x05, 0xb4, 0x4c, 0x55, 0xad,
    0x5d, 0xef, 0x5d, 0xef, 0x7e, 0xf7, 0x7d, 0xef, 0x7d, 0xef, 0x5e, 0xf7,
    0x7d, 0xef, 0x7d, 0xef, 0x7e, 0xf7, 0x5d, 0xef, 0x7e, 0xef, 0x7d, 0xf7,
    0x7d, 0xef, 0x5e, 0xef, 0x7d, 0xef, 0x7d, 0xf7, 0x5e, 0xef, 0x7d, 0xef,
    0x7e, 0xf7, 0x7d, 0xef, 0x7d, 0xef, 0xdb, 0xde, 0x4e, 0x5b, 0xbc, 0xb6,
    0x5c, 0x06, 0x99, 0x04, 0xf1, 0x03, 0x75, 0xb5, 0x7e, 0xef, 0x7d, 0xef,
    0x7d, 0xf7, 0x7e, 0xef, 0x5d, 0xef, 0x7e, 0xf7, 0x7d, 0xef, 0x7e, 0xef,
    0x7d, 0xf7, 0x7d, 0xef, 0x5e, 0xef, 0x7d, 0xf7, 0x7d, 0xef, 0x7e, 0xef,
    0x7d, 0xf7, 0x7e, 0xef, 0x7d, 0xef, 0x5d, 0xf7, 0x7d, 0xef, 0x7d, 0xef,
    0x7d, 0xef, 0x7e, 0xf7, 0x7d, 0xef, 0x7d, 0xef, 0x7e, 0xf7, 0x7d, 0xef,
    0x7d, 0xef, 0x7e, 0xf7, 0x7d, 0xef, 0x5d, 0xef, 0x7e, 0xf7, 0x7d, 0xef,
    0x5d, 0xef, 0x51, 0x94, 0x35, 0x04, 0xbb, 0x05, 0xfb, 0x05, 0x78, 0x04,
    0x4e, 0x43, 0x96, 0xb5, 0x7d, 0xef, 0x7d, 0xef, 0x5d, 0xef, 0x10, 0x8c,
    0x94, 0x04, 0xda, 0x05, 0x79, 0x05, 0x52, 0x7c, 0x96, 0xbd, 0x7d, 0xef,
    0x7d, 0xf7, 0x7e, 0xef, 0x5e, 0xef, 0x7d, 0xf7, 0x7d, 0xef, 0x7e, 0xef,
    0x5d, 0xf7, 0x7d, 0xef, 0x7e, 0xef, 0x7d, 0xf7, 0x7d, 0xef, 0xdb, 0xde,
    0x4d, 0x63, 0xf9, 0x04, 0xd9, 0x04, 0x38, 0x05, 0x2f, 0x03, 0xb6, 0xbd,
    0x5d, 0xef, 0xb7, 0xbd, 0x92, 0x9c, 0xb7, 0xbd, 0x5d, 0xef, 0x7e, 0xf7,
    0x7d, 0xef, 0x39, 0xce, 0x11, 0x64, 0xd7, 0x04, 0x3a, 0x05, 0x5d, 0x06,
    0xda, 0x04, 0xd4, 0x94, 0x76, 0xb5, 0x3d, 0xef, 0x7d, 0xef, 0x7d, 0xef,
    0x5e, 0xf7, 0x5d, 0xef, 0x7d, 0xf7, 0x5e, 0xef, 0x7d, 0xef, 0x7d, 0xf7,
    0x5e, 0xef, 0x7d, 0xf7, 0x7d, 0xef, 0x7e, 0xef, 0x7d, 0xf7, 0x5d, 0xf7,
    0x7e, 0xef, 0x5d, 0xef, 0x96, 0xbd, 0xf2, 0x5b, 0x98, 0x04, 0xf8, 0x04,
    0x31, 0x03, 0xef, 0x83, 0x39, 0xce, 0x7d, 0xef, 0x7e, 0xf7, 0x7d, 0xef,
    0x5d, 0xef, 0x7e, 0xef, 0x7d, 0xf7, 0x5d, 0xef, 0xf4, 0xa4, 0x2e, 0x43,
    0x57, 0x04, 0x9b, 0x2e, 0xd5, 0x74, 0xf4, 0xa4, 0x18, 0xc6, 0x7e, 0xf7,
    0x7d, 0xef, 0x7e, 0xef, 0x7d, 0xf7, 0x7d, 0xef, 0x7e, 0xef, 0xdb, 0xde,
    0x4e, 0x63, 0x16, 0x04, 0xbb, 0x05, 0x19, 0x05, 0x4f, 0x03, 0xb6, 0xbd,
    0x7d, 0xef, 0x7e, 0xef, 0x7d, 0xf7, 0x7d, 0xef, 0x7a, 0xd6, 0x35, 0xad,
    0xf4, 0x6c, 0x59, 0x05, 0xb9, 0x04, 0xbc, 0x9e, 0xfb, 0x05, 0xb8, 0x04,
    0x77, 0x05, 0xf6, 0x04, 0x4f, 0x1b, 0x96, 0xb5, 0x7d, 0xef, 0x7e, 0xf7,
    0x7d, 0xef, 0x5d, 0xef, 0x7e, 0xf7, 0x7d, 0xef, 0x5d, 0xf7, 0x7e, 0xef,
    0x7d, 0xef, 0x7d, 0xf7, 0x7e, 0xef, 0x7d, 0xef, 0x7d, 0xf7, 0x7e, 0xef,
    0x5d, 0xef, 0x7d, 0xf7, 0x5e, 0xef, 0x7d, 0xf7, 0x5e, 0xef, 0x7d, 0xef,
    0x7d, 0xef, 0x5e, 0xf7, 0x7d, 0xef, 0x7e, 0xf7, 0x7d, 0xef, 0x7d, 0xef,
    0x7e, 0xf7, 0x7e, 0xef, 0x5d, 0xef, 0x7d, 0xf7, 0x7e, 0xef, 0x5d, 0xf7,
    0x7e, 0xef, 0x7d, 0xef, 0x5d, 0xf7, 0x7d, 0xef, 0x7e, 0xef, 0x7d, 0xf7,
    0x2d, 0x6b, 0x98, 0x04, 0xfa, 0x04, 0xfa, 0x25, 0xb2, 0x03, 0x51, 0x8c,
    0x7d, 0xef, 0x5d, 0xef, 0x5d, 0xef, 0x7e, 0xf7, 0x7d, 0xef, 0x7e, 0xef,
    0x7d, 0xf7, 0x7e, 0xef, 0x7d, 0xf7, 0x7d, 0xef, 0x5e, 0xef, 0x7d, 0xf7,
    0x7e, 0xef, 0x5d, 0xf7, 0x7d, 0xef, 0x7e, 0xf7, 0x5d, 0xef, 0x7d, 0xef,
    0x7e, 0xf7, 0x7d, 0xef, 0x5d, 0xef, 0x7e, 0xf7, 0x7e, 0xef, 0x5d, 0xef,
    0x7d, 0xf7, 0x7e, 0xef, 0x7d, 0xef, 0x5d, 0xf7, 0x7e, 0xef, 0x7d, 0xf7,
    0x5d, 0xef, 0x7e, 0xef, 0x7d, 0xf7, 0x7d, 0xef, 0x5e, 0xef, 0x7d, 0xf7,
    0x7d, 0xef, 0x7e, 0xef, 0x5e, 0xf7, 0x7d, 0xef, 0x7d, 0xef, 0x7e, 0xf7,
    0x5d, 0xef, 0x7d, 0xef, 0x7e, 0xf7, 0x7d, 0xef, 0x7d, 0xef, 0x5d, 0xef,
    0x72, 0x94, 0xd2, 0x03, 0xba, 0x05, 0x1a, 0x05, 0xdb, 0x15, 0x16, 0x04,
    0x8e, 0x73, 0x1c, 0xe7, 0x7e, 0xef, 0x7d, 0xf7, 0x5e, 0xef, 0x7d, 0xef,
    0x7e, 0xf7, 0x5d, 0xef, 0x7e, 0xf7, 0x7d, 0xef, 0x7d, 0xef, 0x7e, 0xf7,
    0x7d, 0xef, 0x7d, 0xf7, 0x7e, 0xef, 0x7d, 0xf7, 0x7d, 0xef, 0x5e, 0xef,
    0x7d, 0xf7, 0x7d, 0xf7, 0x5e, 0xef, 0x5e, 0xf7, 0xdb, 0xde, 0x4e, 0x63,
    0x39, 0x05, 0x7a, 0x05, 0x98, 0x04, 0xf1, 0x23, 0x55, 0xb5, 0x7d, 0xef,
    0x5e, 0xf7, 0x7d, 0xef, 0x7d, 0xef, 0x7e, 0xf7, 0x7d, 0xef, 0x7d, 0xef,
    0x5e, 0xf7, 0x7d, 0xef, 0x7d, 0xf7, 0x7e, 0xef, 0x7d, 0xef, 0x5d, 0xf7,
    0x7e, 0xef, 0x7d, 0xef, 0x5d, 0xf7, 0x7e, 0xef, 0x7e, 0xef, 0x7d, 0xf7,
    0x5d, 0xef, 0x7e, 0xf7, 0x7d, 0xef, 0x5e, 0xf7, 0x5d, 0xef, 0x7e, 0xf7,
    0x7d, 0xef, 0x5e, 0xf7, 0x7d, 0xef, 0x7d, 0xef, 0x7e, 0xf7, 0x7d, 0xef,
    0x7d, 0xf7, 0x9a, 0xd6, 0x4f, 0x5b, 0xba, 0x05, 0x56, 0x03, 0xbb, 0x05,
    0xf4, 0x03, 0xae, 0x7b, 0x3d, 0xef, 0x7d, 0xef, 0x7e, 0xf7, 0x7d, 0xef,
    0x96, 0xb5, 0x90, 0x43, 0x77, 0x04, 0x9c, 0x4e, 0x58, 0x05, 0x92, 0x8c,
    0xd7, 0xbd, 0x7d, 0xef, 0x7d, 0xf7, 0x7e, 0xef, 0x5d, 0xef, 0x7e, 0xf7,
    0x7d, 0xef, 0x7d, 0xef, 0x5d, 0xf7, 0x7e, 0xef, 0x5d, 0xef, 0x7e, 0xf7,
    0xdb, 0xde, 0x4e, 0x53, 0x79, 0x05, 0xf9, 0x04, 0x1b, 0x06, 0x70, 0x2b,
    0xb7, 0xbd, 0x75, 0xb5, 0xd4, 0x74, 0xd6, 0x24, 0x72, 0x84, 0x96, 0xbd,
    0x7e, 0xef, 0x7d, 0xef, 0xb3, 0x9c, 0x13, 0x04, 0xfd, 0xa6, 0x3c, 0x06,
    0xbd, 0x26, 0xfb, 0x05, 0x58, 0x05, 0xd0, 0x43, 0x96, 0xb5, 0x7d, 0xef,
    0x7e, 0xf7, 0x7e, 0xef, 0x7d, 0xef, 0x7d, 0xf7, 0x5e, 0xef, 0x7d, 0xef,
    0x7e, 0xf7, 0x7d, 0xef, 0x7d, 0xef, 0x5e, 0xf7, 0x7d, 0xef, 0x7e, 0xef,
    0x7d, 0xf7, 0x7d, 0xef, 0xd7, 0xbd, 0x52, 0x74, 0x99, 0x05, 0x97, 0x04,
    0x73, 0x04, 0x2c, 0x63, 0xf8, 0xc5, 0x7d, 0xef, 0x7d, 0xf7, 0x5e, 0xef,
    0x7d, 0xef, 0x7e, 0xf7, 0x7d, 0xef, 0x7e, 0xef, 0x7d, 0xf7, 0x3d, 0xef,
    0xb2, 0x9c, 0x11, 0x04, 0xda, 0x05, 0x1c, 0x06, 0x78, 0x05, 0x92, 0x8c,
    0xb6, 0xbd, 0x5d, 0xef, 0x5e, 0xef, 0x7d, 0xf7, 0x5d, 0xef, 0x7e, 0xef,
    0xdb, 0xde, 0x2d, 0x5b, 0x39, 0x05, 0x1c, 0x06, 0x19, 0x05, 0xf0, 0x53,
    0xb6, 0xbd, 0x7e, 0xef, 0x5d, 0xef, 0x5d, 0xef, 0xf8, 0xc5, 0xd3, 0xa4,
    0x56, 0x3d, 0x59, 0x05, 0xf9, 0x04, 0xba, 0x05, 0x1a, 0x3e, 0x16, 0x3d,
    0x6e, 0x3b, 0xeb, 0x62, 0x0c, 0x6b, 0xb3, 0x9c, 0x1c, 0xe7, 0x7d, 0xf7,
    0x5d, 0xef, 0x7e, 0xef, 0x7d, 0xf7, 0x5e, 0xef, 0x7d, 0xef, 0x7d, 0xf7,
    0x7e, 0xef, 0x5d, 0xf7, 0x7d, 0xef, 0x7e, 0xef, 0x5d, 0xf7, 0x7e, 0xef,
    0x7d, 0xf7, 0x7d, 0xef, 0x7e, 0xef, 0x7d, 0xf7, 0x5d, 0xef, 0x7e, 0xf7,
    0x7d, 0xef, 0x5e, 0xef, 0x7d, 0xef, 0x7d, 0xf7, 0x5e, 0xef, 0x7d, 0xf7,
    0x5d, 0xef, 0x7d, 0xef, 0x7e, 0xf7, 0x7d, 0xef, 0x7d, 0xef, 0x7e, 0xf7,
    0x7d, 0xef, 0x5d, 0xef, 0x7e, 0xf7, 0x7e, 0xef, 0x5d, 0xef, 0x7d, 0xf7,
    0x7e, 0xef, 0x2d, 0x6b, 0x1a, 0x66, 0x5c, 0x1e, 0x1b, 0x06, 0x95, 0x04,
    0x51, 0x8c, 0x7d, 0xf7, 0x7d, 0xef, 0x7e, 0xef, 0x5d, 0xf7, 0x7d, 0xef,
    0x5d, 0xf7, 0x7e, 0xef, 0x5d, 0xef, 0x7d, 0xf7, 0x7e, 0xef, 0x5d, 0xf7,
    0x7d, 0xef, 0x7e, 0xef, 0x7d, 0xf7, 0x7d, 0xef, 0x7e, 0xef, 0x5d, 0xef,
    0x3c, 0xef, 0x5d, 0xef, 0x7e, 0xef, 0x7d, 0xf7, 0x5d, 0xef, 0x7e, 0xf7,
    0x7d, 0xef, 0x5d, 0xf7, 0x7e, 0xef, 0x7d, 0xef, 0x5d, 0xf7, 0x7e, 0xef,
    0x7d, 0xef, 0x7e, 0xf7, 0x7d, 0xef, 0x5d, 0xf7, 0x7e, 0xef, 0x7e, 0xef,
    0x7d, 0xf7, 0x7d, 0xef, 0x5e, 0xef, 0x7d, 0xf7, 0x7d, 0xef, 0x7e, 0xef,
    0x5d, 0xf7, 0x7e, 0xef, 0x7d, 0xef, 0x5e, 0xf7, 0x7e, 0xef, 0x7d, 0xef,
    0x7d, 0xef, 0x55, 0xb5, 0xce, 0x02, 0xdb, 0x05, 0xda, 0x04, 0xdb, 0x05,
    0x7b, 0x76, 0xaf, 0x4b, 0x18, 0xc6, 0x7d, 0xef, 0x7d, 0xf7, 0x7e, 0xef,
    0x7d, 0xf7, 0x7d, 0xef, 0x7e, 0xef, 0x5d, 0xf7, 0x7d, 0xef, 0x7e, 0xf7,
    0x5d, 0xef, 0x5e, 0xef, 0x7d, 0xf7, 0x7e, 0xef, 0x5d, 0xef, 0x7e, 0xf7,
    0x7d, 0xef, 0x7d, 0xef, 0x7e, 0xef, 0x7d, 0xf7, 0x7d, 0xef, 0xdb, 0xde,
    0x4d, 0x63, 0x56, 0x04, 0x7c, 0x26, 0xf9, 0x04, 0x31, 0x6c, 0x55, 0xad,
    0x7e, 0xef, 0x7d, 0xf7, 0x5e, 0xef, 0x7d, 0xf7, 0x5d, 0xef, 0x7e, 0xf7,
    0x7d, 0xef, 0x5d, 0xef, 0x7e, 0xf7, 0x7d, 0xef, 0x5e, 0xf7, 0x7d, 0xef,
    0x7e, 0xf7, 0x5d, 0xef, 0x7d, 0xef, 0x7e, 0xf7, 0x5d, 0xef, 0x7d, 0xef,
    0x7e, 0xf7, 0x7d, 0xef, 0x7e, 0xf7, 0x7d, 0xef, 0x7d, 0xef, 0x7e, 0xf7,
    0x7d, 0xef, 0x5d, 0xef, 0x7e, 0xf7, 0x7d, 0xef, 0x5d, 0xf7, 0x7e, 0xef,
    0x7e, 0xef, 0x5d, 0xef, 0x55, 0xad, 0xd4, 0x84, 0x7c, 0x0e, 0x5a, 0x05,
    0xfa, 0x05, 0x4f, 0x03, 0x55, 0xad, 0x7d, 0xef, 0x7e, 0xf7, 0x7d, 0xef,
    0x7d, 0xf7, 0x3d, 0xef, 0x8e, 0x73, 0x16, 0x05, 0x39, 0x05, 0xbb, 0x05,
    0x58, 0x05, 0x51, 0x8c, 0x39, 0xce, 0x7e, 0xef, 0x7d, 0xf7, 0x5d, 0xef,
    0x39, 0xce, 0xd7, 0xc5, 0xf8, 0xbd, 0xf7, 0xbd, 0xf7, 0xc5, 0xf8, 0xbd,
    0xd7, 0xbd, 0xd7, 0xbd, 0x8f, 0x6b, 0x79, 0x05, 0x1b, 0x06, 0x39, 0x05,
    0x11, 0x4c, 0x75, 0xad, 0x15, 0x95, 0x3b, 0x36, 0x7a, 0x05, 0x3a, 0x4e,
    0x72, 0x84, 0xd7, 0xbd, 0xd7, 0xbd, 0xf0, 0x53, 0x1b, 0x06, 0xbb, 0x05,
    0xdd, 0x8e, 0x3a, 0x05, 0xd7, 0x04, 0x90, 0x03, 0x92, 0x94, 0x1c, 0xe7,
    0x5d, 0xf7, 0x7d, 0xef, 0x7e, 0xef, 0x7d, 0xf7, 0x7e, 0xef, 0x7d, 0xef,
    0x5d, 0xf7, 0x7e, 0xef, 0x7d, 0xef, 0x5e, 0xf7, 0x7d, 0xf7, 0x7d, 0xef,
    0x5e, 0xef, 0x7e, 0xf7, 0xd7, 0xbd, 0x52, 0x84, 0xd7, 0x04, 0x9a, 0x05,
    0x74, 0x04, 0x0c, 0x63, 0xb6, 0xbd, 0x5d, 0xef, 0x7d, 0xef, 0x7e, 0xf7,
    0x7d, 0xef, 0x5d, 0xf7, 0x7e, 0xef, 0x7d, 0xf7, 0x5d, 0xef, 0x7d, 0xef,
    0x7d, 0xef, 0xba, 0xde, 0x2c, 0x6b, 0xb5, 0x04, 0xdb, 0x05, 0x19, 0x05,
    0xda, 0x05, 0xb3, 0x7c, 0x76, 0xb5, 0x5d, 0xef, 0x7d, 0xef, 0x7e, 0xf7,
    0x5d, 0xf7, 0xdb, 0xde, 0x4d, 0x53, 0x77, 0x04, 0xfa, 0x04, 0x9a, 0x05,
    0x90, 0x03, 0xb6, 0xbd, 0x7e, 0xef, 0xbb, 0xde, 0x76, 0xb5, 0xf4, 0x8c,
    0x38, 0x05, 0x1b, 0x06, 0x39, 0x05, 0xd8, 0x05, 0xd5, 0x1c, 0xad, 0x22,
    0x6d, 0x7b, 0x35, 0xad, 0x5d, 0xef, 0x7d, 0xef, 0x7d, 0xef, 0x7d, 0xf7,
    0x5e, 0xef, 0x7d, 0xef, 0x7d, 0xf7, 0x7e, 0xf7, 0x7d, 0xef, 0x7d, 0xef,
    0x7e, 0xf7, 0x5d, 0xef, 0x7d, 0xef, 0x7e, 0xf7, 0x5d, 0xef, 0x7d, 0xef,
    0x7e, 0xf7, 0x5d, 0xef, 0x7e, 0xef, 0x7d, 0xf7, 0x7d, 0xef, 0x5d, 0xef,
    0x7a, 0xd6, 0x55, 0xad, 0xbb, 0xde, 0x5d, 0xef, 0x7d, 0xef, 0x7e, 0xf7,
    0x7e, 0xef, 0x5d, 0xef, 0x7d, 0xf7, 0x7e, 0xf7, 0x5d, 0xef, 0x7d, 0xef,
    0x7e, 0xf7, 0x5d, 0xef, 0x7d, 0xf7, 0x7e, 0xef, 0x7d, 0xef, 0x5d, 0xf7,
    0x7e, 0xef, 0x7d, 0xf7, 0x2c, 0x6b, 0xba, 0x05, 0x1c, 0x04, 0x3b, 0x06,
    0x15, 0x6d, 0x31, 0x8c, 0x7d, 0xf7, 0x7e, 0xf7, 0x7d, 0xef, 0x7e, 0xef,
    0x7d, 0xf7, 0x7e, 0xef, 0x5d, 0xef, 0x7d, 0xf7, 0x7e, 0xef, 0x7d, 0xef,
    0x7d, 0xf7, 0x5e, 0xef, 0x7d, 0xef, 0x7e, 0xf7, 0x5d, 0xef, 0x5d, 0xef,
    0x18, 0xce, 0x72, 0x8c, 0x14, 0xad, 0x59, 0xce, 0x7e, 0xef, 0x7d, 0xf7,
    0x7d, 0xef, 0x7e, 0xef, 0x7d, 0xf7, 0x5e, 0xef, 0x7d, 0xf7, 0x7e, 0xef,
    0x5d, 0xef, 0x7d, 0xf7, 0x7e, 0xef, 0x5d, 0xef, 0x7d, 0xf7, 0x7e, 0xef,
    0x5d, 0xf7, 0x7d, 0xef, 0x7e, 0xf7, 0x5d, 0xef, 0x7d, 0xf7, 0x7e, 0xef,
    0x5d, 0xf7, 0x7d, 0xef, 0x7e, 0xf7, 0x7d, 0xef, 0x7d, 0xf7, 0x5e, 0xf7,
    0x7d, 0xef, 0x7e, 0xf7, 0x79, 0xd6, 0x4e, 0x4b, 0x79, 0x05, 0x7a, 0x05,
    0x5d, 0x06, 0xdc, 0x05, 0x52, 0x7c, 0x75, 0xad, 0x7e, 0xef, 0x7d, 0xf7,
    0x5d, 0xef, 0x7e, 0xef, 0x7d, 0xf7, 0x7d, 0xef, 0x7e, 0xef, 0x5d, 0xf7,
    0x7d, 0xef, 0x7e, 0xef, 0x7d, 0xf7, 0x7d, 0xef, 0x5d, 0xef, 0x7e, 0xf7,
    0x7d, 0xf7, 0x5d, 0xef, 0x5e, 0xef, 0x7d, 0xf7, 0x7d, 0xef, 0x5d, 0xef,
    0xdb, 0xde, 0x4d, 0x53, 0xba, 0x05, 0x5a, 0x05, 0xd8, 0x04, 0xb0, 0x03,
    0x55, 0xb5, 0x7d, 0xef, 0x7e, 0xef, 0x7d, 0xf7, 0x7d, 0xef, 0x5e, 0xef,
    0x7d, 0xf7, 0x7e, 0xef, 0x7d, 0xef, 0x7d, 0xf7, 0x7e, 0xef, 0x5d, 0xef,
    0x7d, 0xf7, 0x7e, 0xef, 0x7d, 0xf7, 0x7e, 0xef, 0x7d, 0xf7, 0x7d, 0xef,
    0x5d, 0xef, 0x7d, 0xef, 0x7d, 0xef, 0x5d, 0xef, 0x7e, 0xf7, 0x7d, 0xef,
    0x5d, 0xef, 0x7e, 0xf7, 0x7d, 0xef, 0x7d, 0xef, 0x7e, 0xf7, 0x5d, 0xef,
    0x7d, 0xf7, 0x7e, 0xf7, 0x1c, 0xe7, 0x8f, 0x73, 0xf8, 0x04, 0x9d, 0x06,
    0x9c, 0x66, 0xd4, 0x03, 0x8e, 0x73, 0x5d, 0xef, 0x7d, 0xef, 0x5d, 0xef,
    0x7e, 0xef, 0x7d, 0xef, 0x7d, 0xf7, 0x35, 0xad, 0x4f, 0x03, 0x79, 0x05,
    0xdb, 0x05, 0x3c, 0x06, 0xb5, 0x04, 0xb3, 0x9c, 0x5d, 0xef, 0x7d, 0xef,
    0x18, 0xc6, 0x11, 0x74, 0x53, 0x54, 0x16, 0x5d, 0xb7, 0xad, 0x16, 0x75,
    0x56, 0x75, 0x56, 0x85, 0x97, 0x9d, 0x36, 0x65, 0x1b, 0x06, 0x1a, 0x05,
    0xdb, 0x05, 0x57, 0x55, 0x77, 0x5d, 0xba, 0x05, 0x5a, 0x05, 0x5c, 0x3e,
    0xdb, 0x05, 0xb9, 0x65, 0xb3, 0x94, 0xd3, 0x9c, 0x18, 0x05, 0xfd, 0x9e,
    0xd8, 0x04, 0x5a, 0x05, 0xb7, 0x04, 0xd0, 0x63, 0x72, 0x94, 0x9a, 0xd6,
    0x7d, 0xf7, 0x7d, 0xef, 0x5e, 0xef, 0x5d, 0xf7, 0x7d, 0xef, 0x7e, 0xef,
    0x5d, 0xf7, 0x7d, 0xf7, 0x7e, 0xef, 0x5d, 0xef, 0x7d, 0xf7, 0x7e, 0xef,
    0x7d, 0xef, 0x5d, 0xef, 0xb6, 0xbd, 0x72, 0x84, 0x3a, 0x8e, 0xda, 0x05,
    0x75, 0x04, 0x2c, 0x5b, 0x55, 0xb5, 0x5d, 0xef, 0x7e, 0xef, 0x7d, 0xf7,
    0x7e, 0xef, 0x7d, 0xef, 0x7d, 0xef, 0x5e, 0xf7, 0x7d, 0xef, 0x7e, 0xf7,
    0x7e, 0xef, 0x7d, 0xf7, 0x5d, 0xef, 0x55, 0xad, 0xcd, 0x2a, 0x5a, 0x56,
    0xfb, 0x05, 0x1c, 0x06, 0xbc, 0x86, 0x73, 0x74, 0x55, 0xb5, 0x7d, 0xef,
    0x7d, 0xef, 0x7d, 0xef, 0xbb, 0xde, 0x2d, 0x5b, 0x7a, 0x04, 0x7d, 0x06,
    0xb9, 0x04, 0xf0, 0x53, 0xb7, 0xbd, 0xb6, 0xbd, 0xd3, 0x9c, 0xb5, 0x54,
    0x9c, 0x5e, 0x39, 0x05, 0x58, 0x05, 0x94, 0x04, 0x0e, 0x43, 0x6d, 0x73,
    0x35, 0xad, 0x5d, 0xef, 0x7d, 0xef, 0x7d, 0xef, 0x7d, 0xf7, 0x7d, 0xef,
    0x7e, 0xef, 0x7d, 0xf7, 0x7d, 0xef, 0x5e, 0xef, 0x7d, 0xef, 0x7d, 0xf7,
    0x5e, 0xef, 0x7d, 0xef, 0x7e, 0xf7, 0x7d, 0xef, 0x7e, 0xf7, 0x7d, 0xef,
    0x7d, 0xef, 0x7e, 0xf7, 0x5d, 0xef, 0x7d, 0xef, 0x7e, 0xf7, 0x5e, 0xef,
    0x59, 0xce, 0x31, 0x6c, 0x54, 0x54, 0xd3, 0x9c, 0x96, 0xb5, 0xfc, 0xe6,
    0x7d, 0xef, 0x7d, 0xef, 0x7e, 0xf7, 0x7d, 0xef, 0x5e, 0xef, 0x7d, 0xf7,
    0x7e, 0xef, 0x5d, 0xef, 0x7e, 0xf7, 0x7d, 0xef, 0x7d, 0xef, 0x5e, 0xf7,
    0x7d, 0xef, 0x7d, 0xef, 0x7e, 0xef, 0x2c, 0x6b, 0x58, 0x05, 0x7b, 0x04,
    0x19, 0x05, 0x95, 0x04, 0x31, 0x8c, 0x7d, 0xef, 0x5d, 0xef, 0x7e, 0xf7,
    0x7d, 0xef, 0x5d, 0xef, 0x7e, 0xf7, 0x7d, 0xef, 0x7e, 0xf7, 0x5d, 0xef,
    0x7e, 0xef, 0x7d, 0xf7, 0x7d, 0xef, 0x5e, 0xf7, 0x7d, 0xef, 0x5d, 0xef,
    0x18, 0xc6, 0x51, 0x84, 0xb9, 0x4d, 0x98, 0x7d, 0xf4, 0xa4, 0x59, 0xce,
    0x5d, 0xef, 0x7d, 0xef, 0x7e, 0xf7, 0x5d, 0xef, 0x7d, 0xef, 0x7e, 0xf7,
    0x7d, 0xef, 0x7d, 0xf7, 0x5e, 0xf7, 0x7d, 0xef, 0x7e, 0xef, 0x7d, 0xf7,
    0x7d, 0xef, 0x5e, 0xef, 0x7d, 0xf7, 0x7e, 0xef, 0x7d, 0xef, 0x7d, 0xef,
    0x7e, 0xf7, 0x7d, 0xef, 0x7d, 0xef, 0x5e, 0xf7, 0x7d, 0xef, 0x7d, 0xef,
    0x7d, 0xef, 0x5e, 0xef, 0x7d, 0xef, 0x5d, 0xef, 0x4d, 0x73, 0x15, 0x04,
    0x3a, 0x05, 0x5c, 0x06, 0x77, 0x04, 0x4e, 0x1b, 0xf7, 0xc5, 0x7e, 0xef,
    0x5d, 0xf7, 0x7d, 0xef, 0x5e, 0xef, 0x5d, 0xf7, 0x7d, 0xef, 0x7e, 0xef,
    0xfb, 0xe6, 0x7d, 0xef, 0x7e, 0xf7, 0x7d, 0xef, 0x5e, 0xf7, 0x7d, 0xef,
    0x7d, 0xef, 0x7e, 0xf7, 0x7d, 0xef, 0x7e, 0xf7, 0x7e, 0xef, 0x5d, 0xef,
    0x7e, 0xf7, 0xdb, 0xde, 0x4d, 0x63, 0xb7, 0x04, 0xfb, 0x05, 0x19, 0x05,
    0x11, 0x04, 0x55, 0xb5, 0x7e, 0xef, 0x7d, 0xef, 0x7d, 0xf7, 0x7e, 0xef,
    0x7d, 0xef, 0x5d, 0xf7, 0x7e, 0xef, 0x7d, 0xf7, 0x5d, 0xef, 0x7e, 0xef,
    0x7d, 0xf7, 0x7d, 0xef, 0x5e, 0xef, 0x7d, 0xef, 0x5d, 0xf7, 0x7e, 0xef,
    0x7e, 0xf7, 0x7e, 0xf7, 0x5d, 0xef, 0x7d, 0xef, 0x5e, 0xf7, 0x7d, 0xef,
    0x7d, 0xef, 0x5e, 0xf7, 0x7d, 0xef, 0x7e, 0xf7, 0x5d, 0xef, 0x7e, 0xef,
    0x7d, 0xef, 0x7d, 0xef, 0x7d, 0xef, 0xd7, 0xbd, 0x31, 0x6c, 0x39, 0x05,
    0x79, 0x04, 0x1a, 0x05, 0xd0, 0x03, 0x55, 0xad, 0x7d, 0xf7, 0x7d, 0xf7,
    0x7e, 0xef, 0x5d, 0xf7, 0x7e, 0xef, 0x7d, 0xef, 0xba, 0xde, 0x2d, 0x5b,
    0x79, 0x05, 0x3c, 0x06, 0x39, 0x04, 0xb8, 0x04, 0x6e, 0x53, 0x9a, 0xd6,
    0x7e, 0xf7, 0x3d, 0xef, 0xb2, 0x9c, 0x11, 0x0c, 0x58, 0x05, 0x79, 0x05,
    0x78, 0x05, 0xb6, 0x04, 0xd6, 0x04, 0x16, 0x05, 0xf8, 0x04, 0x3a, 0x05,
    0xfb, 0x05, 0xdb, 0x05, 0xb9, 0x05, 0xd5, 0x03, 0x35, 0x04, 0xb4, 0x03,
    0x77, 0x3d, 0x96, 0x04, 0x95, 0x03, 0x96, 0x04, 0xd4, 0x5c, 0x1b, 0x06,
    0x1c, 0x06, 0x3c, 0x06, 0xd8, 0x04, 0x8f, 0x2b, 0xb2, 0x9c, 0x3d, 0xef,
    0x7d, 0xef, 0x7d, 0xef, 0x7e, 0xf7, 0x7d, 0xef, 0x7d, 0xf7, 0x7e, 0xef,
    0x5d, 0xef, 0x7d, 0xf7, 0x7e, 0xef, 0x7d, 0xef, 0x7d, 0xf7, 0x7e, 0xef,
    0x7d, 0xef, 0xdc, 0xe6, 0x76, 0xb5, 0x93, 0x84, 0xd9, 0x05, 0xba, 0x05,
    0x54, 0x04, 0xec, 0x52, 0x55, 0xad, 0x5d, 0xef, 0x7e, 0xef, 0x7d, 0xef,
    0x5d, 0xf7, 0x7e, 0xef, 0x7d, 0xef, 0x5e, 0xf7, 0x7d, 0xef, 0x7d, 0xef,
    0x5d, 0xef, 0x7e, 0xf7, 0x7d, 0xef, 0x5e, 0xef, 0x3d, 0xef, 0x10, 0x8c,
    0x74, 0x04, 0x77, 0x04, 0x1b, 0x04, 0x3c, 0x06, 0x99, 0x05, 0x11, 0x6c,
    0xd7, 0xbd, 0x7e, 0xf7, 0x7e, 0xef, 0xdb, 0xde, 0x4d, 0x5b, 0x38, 0x04,
    0x7c, 0x06, 0x7b, 0x56, 0x73, 0x54, 0xd3, 0xa4, 0x35, 0x85, 0xf8, 0x04,
    0x97, 0x04, 0xf6, 0x04, 0xef, 0x02, 0xcd, 0x3a, 0xae, 0x7b, 0x96, 0xb5,
    0x3d, 0xef, 0x7d, 0xef, 0x7d, 0xf7, 0x7d, 0xef, 0x5e, 0xef, 0x5d, 0xef,
    0x1c, 0xe7, 0xb7, 0xbd, 0x3c, 0xef, 0x5e, 0xef, 0x7d, 0xef, 0x7d, 0xf7,
    0x5e, 0xef, 0x7d, 0xf7, 0x7d, 0xef, 0x5e, 0xef, 0x7d, 0xf7, 0x5d, 0xef,
    0x7e, 0xf7, 0x7d, 0xef, 0x5e, 0xf7, 0x7d, 0xef, 0x7d, 0xf7, 0x7e, 0xef,
    0x7d, 0xf7, 0xbb, 0xde, 0x4d, 0x63, 0x5a, 0x6e, 0x9c, 0x6e, 0x56, 0x75,
    0xd3, 0x9c, 0xd7, 0xbd, 0xd7, 0xc5, 0xd7, 0xc5, 0xd7, 0xbd, 0xd7, 0xc5,
    0xf7, 0xc5, 0xd7, 0xc5, 0xd7, 0xbd, 0xd7, 0xc5, 0xd7, 0xc5, 0xd7, 0xc5,
    0xd7, 0xc5, 0xf7, 0xc5, 0xd7, 0xc5, 0xd7, 0xc5, 0x8e, 0x73, 0xda, 0x05,
    0xfc, 0x05, 0x9c, 0x46, 0xd5, 0x2c, 0x92, 0x94, 0xd7, 0xc5, 0xd7, 0xc5,
    0xd7, 0xbd, 0xd7, 0xc5, 0xd7, 0xc5, 0xd7, 0xbd, 0xf7, 0xc5, 0xd7, 0xc5,
    0xd7, 0xbd, 0xd7, 0xc5, 0xd7, 0xc5, 0xd7, 0xbd, 0xf7, 0xc5, 0xd7, 0xc5,
    0xf8, 0xc5, 0x92, 0x94, 0xd8, 0x85, 0xfa, 0x05, 0x7a, 0x05, 0xd6, 0x04,
    0xf4, 0xa4, 0x39, 0xce, 0x7d, 0xf7, 0x7e, 0xef, 0x7d, 0xef, 0x7d, 0xf7,
    0x5e, 0xef, 0x7d, 0xef, 0x7e, 0xef, 0x7d, 0xef, 0x7d, 0xf7, 0x5e, 0xef,
    0x7d, 0xef, 0x7d, 0xf7, 0x7e, 0xef, 0x5d, 0xef, 0x7d, 0xf7, 0x7e, 0xef,
    0x5d, 0xf7, 0x7e, 0xef, 0x7d, 0xef, 0x5e, 0xf7, 0x7d, 0xef, 0x7e, 0xef,
    0x5d, 0xf7, 0x7d, 0xf7, 0x7e, 0xef, 0x5d, 0xef, 0x7d, 0xf7, 0x72, 0x94,
    0x74, 0x04, 0x1b, 0x06, 0xfb, 0x05, 0x37, 0x05, 0x2d, 0x63, 0x1c, 0xe7,
    0x5d, 0xef, 0x7e, 0xef, 0x7d, 0xf7, 0x7e, 0xef, 0x7d, 0xf7, 0x5d, 0xef,
    0x76, 0xb5, 0x52, 0x84, 0x76, 0xb5, 0x3c, 0xef, 0x5d, 0xef, 0x7e, 0xef,
    0x7e, 0xf7, 0x5d, 0xef, 0x7d, 0xef, 0x7e, 0xf7, 0x7d, 0xef, 0x5d, 0xef,
    0x7d, 0xf7, 0x7e, 0xef, 0xdb, 0xde, 0x2d, 0x5b, 0x59, 0x05, 0x1d, 0x06,
    0xdb, 0x05, 0x0f, 0x03, 0x55, 0xb5, 0x5e, 0xef, 0x7d, 0xef, 0x5d, 0xf7,
    0x7e, 0xef, 0x7d, 0xf7, 0x7d, 0xef, 0x5e, 0xef, 0x7d, 0xf7, 0x7e, 0xef,
    0x5d, 0xef, 0xd7, 0xc5, 0x92, 0x94, 0xd7, 0xbd, 0x5d, 0xef, 0x7d, 0xf7,
    0x7d, 0xef, 0x5e, 0xef, 0x7d, 0xf7, 0x7d, 0xef, 0x7d, 0xef, 0x7e, 0xf7,
    0x7d, 0xef, 0x7e, 0xf7, 0x7d, 0xef, 0x7d, 0xef, 0x5e, 0xf7, 0x7d, 0xf7,
    0x7d, 0xef, 0x5e, 0xf7, 0x7e, 0xef, 0x5d, 0xef, 0x72, 0x94, 0x54, 0x04,
    0xfd, 0x7e, 0x38, 0x04, 0x17, 0x05, 0x0c, 0x63, 0xfb, 0xde, 0x7e, 0xef,
    0x5d, 0xef, 0x7d, 0xf7, 0x7e, 0xef, 0x7d, 0xf7, 0x7e, 0xef, 0x5d, 0xef,
    0xcf, 0x7b, 0xb5, 0x04, 0xfb, 0x05, 0xf9, 0x04, 0xd8, 0x04, 0xd0, 0x5b,
    0xb7, 0xbd, 0x7d, 0xef, 0x7d, 0xef, 0x7a, 0xd6, 0x71, 0x94, 0x6f, 0x03,
    0x2e, 0x03, 0xca, 0x62, 0xcb, 0x62, 0xcb, 0x62, 0xcb, 0x62, 0xec, 0x4a,
    0xb9, 0x05, 0x5b, 0x05, 0x9a, 0x05, 0xb0, 0x1b, 0xcb, 0x62, 0xcb, 0x62,
    0xcb, 0x62, 0xcb, 0x62, 0xcb, 0x62, 0xeb, 0x62, 0x0d, 0x53, 0xf8, 0x04,
    0x5c, 0x06, 0x5b, 0x05, 0xb9, 0x05, 0x90, 0x03, 0x92, 0x94, 0x3c, 0xef,
    0x7d, 0xef, 0x7d, 0xef, 0x5e, 0xf7, 0x7d, 0xef, 0x7d, 0xef, 0x7e, 0xf7,
    0x5d, 0xef, 0x7d, 0xef, 0x7e, 0xf7, 0x5e, 0xef, 0x7d, 0xef, 0x7e, 0xf7,
    0x1c, 0xe7, 0x96, 0xb5, 0xb2, 0x9c, 0x77, 0x85, 0x9a, 0x05, 0x5c, 0x06,
    0xd5, 0x03, 0x0d, 0x53, 0x55, 0xad, 0xd7, 0xbd, 0xd7, 0xbd, 0xf7, 0xbd,
    0xd7, 0xbd, 0xd7, 0xbd, 0xd7, 0xc5, 0xd7, 0xbd, 0xd7, 0xbd, 0xf7, 0xbd,
    0xd7, 0xbd, 0xd7, 0xbd, 0xd7, 0xbd, 0xd7, 0xbd, 0xf8, 0xc5, 0x14, 0xa5,
    0x92, 0x94, 0xd0, 0x6b, 0xbb, 0x05, 0xdb, 0x05, 0xf9, 0x04, 0x5c, 0x46,
    0x17, 0x05, 0x31, 0x8c, 0x5d, 0xef, 0x7d, 0xf7, 0xdb, 0xde, 0x2d, 0x5b,
    0x19, 0x05, 0x5d, 0x06, 0xda, 0x04, 0x97, 0x65, 0x78, 0x0d, 0x79, 0x05,
    0x35, 0x04, 0xaf, 0x43, 0xeb, 0x5a, 0x31, 0x94, 0x18, 0xc6, 0x5d, 0xef,
    0x7d, 0xef, 0x7d, 0xf7, 0x7e, 0xef, 0x7d, 0xef, 0x5e, 0xf7, 0x7d, 0xf7,
    0x3d, 0xe7, 0xf0, 0x83, 0x73, 0x64, 0x55, 0xad, 0x7d, 0xf7, 0x7e, 0xef,
    0x7d, 0xef, 0x7e, 0xf7, 0x7d, 0xef, 0x7d, 0xf7, 0x7e, 0xef, 0x5d, 0xef,
    0x7d, 0xf7, 0x7e, 0xef, 0x5d, 0xef, 0x7d, 0xef, 0x7e, 0xf7, 0x5d, 0xef,
    0x7d, 0xef, 0x7d, 0xef, 0xdb, 0xde, 0x2d, 0x5b, 0x98, 0x03, 0xbd, 0x26,
    0x1b, 0x0e, 0x9a, 0x3d, 0x36, 0x6d, 0x77, 0x85, 0x56, 0x7d, 0x77, 0x95,
    0x77, 0x8d, 0x36, 0x75, 0x56, 0x75, 0x36, 0x7d, 0x56, 0x85, 0x36, 0x75,
    0x16, 0x75, 0x77, 0x85, 0x56, 0x75, 0x37, 0x75, 0x16, 0x7d, 0x95, 0x5c,
    0x9c, 0x6e, 0xdb, 0x05, 0x5b, 0x05, 0x59, 0x05, 0x35, 0x6d, 0x76, 0x85,
    0x77, 0x95, 0x56, 0x8d, 0x36, 0x6d, 0x56, 0x7d, 0x36, 0x7d, 0x56, 0x8d,
    0x36, 0x6d, 0x16, 0x75, 0x77, 0x8d, 0x56, 0x7d, 0x36, 0x75, 0x16, 0x75,
    0x56, 0x85, 0x97, 0x85, 0xb8, 0x6d, 0xbb, 0x05, 0x3a, 0x05, 0xba, 0x05,
    0xfb, 0x05, 0x57, 0x5d, 0xf3, 0xa4, 0x1c, 0xe7, 0x7e, 0xef, 0x7d, 0xf7,
    0x5d, 0xef, 0x7e, 0xf7, 0x7d, 0xef, 0x5d, 0xef, 0x7e, 0xf7, 0x7d, 0xef,
    0x5d, 0xf7, 0x7e, 0xef, 0x7d, 0xf7, 0x7d, 0xef, 0x7e, 0xef, 0x5d, 0xf7,
    0x7d, 0xef, 0x7e, 0xef, 0x5d, 0xf7, 0x7d, 0xef, 0x7e, 0xf7, 0x7d, 0xef,
    0x7d, 0xef, 0x5e, 0xf7, 0x7d, 0xef, 0x7d, 0xf7, 0x7e, 0xef, 0x7d, 0xef,
    0x55, 0xad, 0x6f, 0x03, 0xda, 0x05, 0x38, 0x05, 0x90, 0x03, 0xf3, 0xa4,
    0x5d, 0xef, 0x7d, 0xf7, 0x7d, 0xef, 0x7e, 0xef, 0x7d, 0xf7, 0x5d, 0xef,
    0x96, 0xb5, 0x52, 0x7c, 0xfa, 0x4d, 0x15, 0x85, 0x55, 0xad, 0x5d, 0xef,
    0x7d, 0xf7, 0x7e, 0xef, 0x7d, 0xef, 0x5d, 0xf7, 0x7e, 0xef, 0x7d, 0xef,
    0x7d, 0xf7, 0x7e, 0xef, 0x5d, 0xef, 0xdb, 0xde, 0x4d, 0x5b, 0xd8, 0x04,
    0x3c, 0x06, 0xba, 0x05, 0x4f, 0x03, 0x55, 0xad, 0x7d, 0xef, 0x7e, 0xf7,
    0x5d, 0xef, 0x7e, 0xef, 0x7d, 0xf7, 0x5e, 0xef, 0x7d, 0xef, 0x7d, 0xf7,
    0x7e, 0xef, 0xd7, 0xbd, 0x72, 0x8c, 0x18, 0x35, 0x93, 0x84, 0x96, 0xbd,
    0x7d, 0xef, 0x7e, 0xef, 0x7d, 0xef, 0x7d, 0xef, 0x7e, 0xf7, 0x7d, 0xef,
    0x5d, 0xef, 0x7e, 0xf7, 0x5d, 0xef, 0x7d, 0xef, 0x7e, 0xf7, 0x7d, 0xef,
    0x7d, 0xef, 0x7e, 0xf7, 0x7d, 0xef, 0x7d, 0xf7, 0x9a, 0xd6, 0xb0, 0x6b,
    0x99, 0x04, 0x3c, 0x06, 0xfb, 0x05, 0xb0, 0x03, 0xf3, 0xa4, 0x5d, 0xef,
    0x7e, 0xef, 0x7d, 0xf7, 0x5d, 0xef, 0x7e, 0xef, 0x7d, 0xf7, 0x5d, 0xef,
    0x7e, 0xef, 0x35, 0xad, 0xb0, 0x3b, 0xb7, 0x04, 0x7a, 0x05, 0x96, 0x04,
    0x4e, 0x5b, 0x7a, 0xd6, 0x7d, 0xef, 0x7d, 0xf7, 0x7d, 0xef, 0x1c, 0xe7,
    0x35, 0xad, 0x55, 0xad, 0x1c, 0xe7, 0x7d, 0xef, 0x7d, 0xef, 0xdb, 0xde,
    0x0d, 0x53, 0x38, 0x04, 0xfe, 0x06, 0x7b, 0x96, 0x0e, 0x2b, 0xb6, 0xb5,
    0x7d, 0xef, 0x7d, 0xf7, 0x7e, 0xef, 0x5d, 0xef, 0x14, 0xa5, 0x33, 0x04,
    0x5c, 0x06, 0xdb, 0x05, 0x7a, 0x05, 0x54, 0x04, 0xaf, 0x7b, 0xba, 0xde,
    0x7d, 0xef, 0x7e, 0xef, 0x7d, 0xf7, 0x5d, 0xef, 0x7e, 0xef, 0x7d, 0xf7,
    0x5e, 0xef, 0x7d, 0xf7, 0x7d, 0xef, 0x7e, 0xef, 0x7d, 0xf7, 0x5d, 0xef,
    0x7d, 0xef, 0x76, 0xb5, 0x12, 0x44, 0x99, 0x05, 0x5a, 0x05, 0x9d, 0x06,
    0x3a, 0x05, 0x34, 0x04, 0x53, 0x5c, 0xf6, 0x74, 0x77, 0x85, 0x97, 0x9d,
    0xf5, 0x7c, 0x36, 0x7d, 0x36, 0x75, 0x56, 0x8d, 0x36, 0x7d, 0x97, 0x95,
    0x76, 0x95, 0x36, 0x85, 0x77, 0x8d, 0x76, 0x8d, 0x36, 0x75, 0xb4, 0x6c,
    0xd8, 0x65, 0x78, 0x05, 0x16, 0x04, 0x54, 0x03, 0xb9, 0x04, 0xfc, 0x05,
    0x5c, 0x06, 0x16, 0x04, 0x8f, 0x43, 0x18, 0xc6, 0x7d, 0xef, 0xbb, 0xde,
    0x4d, 0x63, 0xf8, 0x04, 0x19, 0x05, 0x9b, 0x05, 0x79, 0x05, 0xf1, 0x03,
    0xed, 0x2a, 0x0c, 0x6b, 0xf3, 0xa4, 0xfb, 0xe6, 0x5d, 0xef, 0x7d, 0xef,
    0x7d, 0xef, 0x7d, 0xf7, 0x7e, 0xef, 0x5d, 0xf7, 0x7d, 0xef, 0x7e, 0xef,
    0x7d, 0xf7, 0xdb, 0xde, 0x6e, 0x6b, 0x95, 0x04, 0x6e, 0x73, 0x7d, 0xef,
    0x5d, 0xf7, 0x5e, 0xef, 0x7d, 0xef, 0x5e, 0xf7, 0x7d, 0xef, 0x7e, 0xef,
    0x7d, 0xf7, 0x7e, 0xef, 0x7d, 0xef, 0x7d, 0xf7, 0x7e, 0xef, 0x7d, 0xef,
    0x5e, 0xf7, 0x7d, 0xef, 0x7e, 0xef, 0xbb, 0xde, 0x2d, 0x53, 0x77, 0x03,
    0x5d, 0x06, 0x9b, 0x05, 0x59, 0x05, 0xb9, 0x05, 0x98, 0x05, 0xf3, 0x02,
    0xb3, 0x03, 0xf6, 0x04, 0xb6, 0x04, 0x35, 0x04, 0x76, 0x04, 0xd6, 0x04,
    0xf7, 0x04, 0x55, 0x04, 0xd6, 0x04, 0xd9, 0x8d, 0x95, 0x04, 0xb6, 0x04,
    0x35, 0x03, 0x1c, 0x06, 0x7c, 0x05, 0x5c, 0x6e, 0x99, 0x05, 0x78, 0x05,
    0xd3, 0x02, 0x75, 0x04, 0x37, 0x05, 0x55, 0x04, 0x15, 0x04, 0xb6, 0x04,
    0xf6, 0x04, 0xf7, 0x04, 0x55, 0x04, 0x17, 0x05, 0xd8, 0x8d, 0xd6, 0x04,
    0xf6, 0x04, 0xb4, 0x02, 0x78, 0x05, 0xf9, 0x04, 0xfd, 0xc6, 0xbb, 0x05,
    0xbb, 0x05, 0x36, 0x03, 0x38, 0x05, 0xf0, 0x4b, 0x76, 0xb5, 0x7d, 0xef,
    0x7e, 0xf7, 0x7d, 0xef, 0x7d, 0xef, 0x7e, 0xf7, 0x5d, 0xf7, 0x7e, 0xef,
    0x7d, 0xef, 0x7e, 0xef, 0x5e, 0xf7, 0x7d, 0xef, 0x7d, 0xf7, 0x5e, 0xef,
    0x7d, 0xf7, 0x7d, 0xef, 0x7e, 0xef, 0x7d, 0xf7, 0x5d, 0xef, 0x7e, 0xef,
    0x7d, 0xf7, 0x5d, 0xef, 0x7e, 0xef, 0x7e, 0xef, 0x7d, 0xf7, 0x5d, 0xf7,
    0x7e, 0xef, 0xba, 0xde, 0x2d, 0x5b, 0xb3, 0x02, 0x52, 0x3c, 0x30, 0x8c,
    0x1c, 0xe7, 0x7e, 0xef, 0x7d, 0xf7, 0x5d, 0xef, 0x7e, 0xef, 0x7d, 0xf7,
    0xd7, 0xbd, 0x52, 0x7c, 0x99, 0x05, 0xfb, 0x05, 0x5b, 0x06, 0x53, 0x5c,
    0x55, 0xb5, 0x7d, 0xef, 0x7d, 0xef, 0x7e, 0xf7, 0x5d, 0xef, 0x7d, 0xef,
    0x7e, 0xf7, 0x5d, 0xf7, 0x7d, 0xef, 0x7e, 0xef, 0xbb, 0xde, 0x0d, 0x53,
    0x7c, 0x06, 0x7a, 0x05, 0x18, 0x05, 0x90, 0x03, 0x55, 0xad, 0x7e, 0xf7,
    0x7d, 0xef, 0x7d, 0xef, 0x7d, 0xf7, 0x5e, 0xef, 0x7d, 0xf7, 0x7d, 0xef,
    0x7e, 0xf7, 0xd7, 0xbd, 0x72, 0x8c, 0xf7, 0x04, 0x5a, 0x05, 0xd8, 0x04,
    0x52, 0x74, 0xd7, 0xbd, 0x5d, 0xf7, 0x7e, 0xef, 0x5d, 0xef, 0x7d, 0xf7,
    0x7d, 0xef, 0x7e, 0xf7, 0x5d, 0xef, 0x7d, 0xef, 0x7e, 0xf7, 0x5d, 0xef,
    0x7d, 0xef, 0x5e, 0xef, 0x7d, 0xef, 0x7d, 0xf7, 0x5d, 0xef, 0x14, 0xa5,
    0x33, 0x04, 0x1c, 0x06, 0x3c, 0x06, 0x97, 0x04, 0x2d, 0x5b, 0xba, 0xde,
    0x7d, 0xef, 0x5e, 0xf7, 0x7d, 0xef, 0x7d, 0xef, 0x7e, 0xf7, 0x5d, 0xef,
    0x7d, 0xf7, 0x7d, 0xf7, 0xf7, 0xc5, 0x0d, 0x3b, 0x36, 0x04, 0x77, 0x04,
    0x33, 0x04, 0x10, 0x8c, 0x5d, 0xef, 0x7d, 0xef, 0x7e, 0xf7, 0x7d, 0xf7,
    0x7d, 0xef, 0x7d, 0xf7, 0x7d, 0xef, 0x7e, 0xef, 0x5d, 0xf7, 0x7d, 0xef,
    0xdb, 0xde, 0xed, 0x52, 0x79, 0x05, 0x7d, 0x06, 0x97, 0x04, 0x0e, 0x03,
    0xb6, 0xb5, 0x7e, 0xf7, 0x7d, 0xef, 0x7d, 0xef, 0xb7, 0xbd, 0x11, 0x54,
    0x9a, 0x05, 0xfb, 0x05, 0x37, 0x04, 0x75, 0x04, 0x0c, 0x5b, 0x96, 0xb5,
    0x7e, 0xef, 0x7d, 0xf7, 0x7e, 0xef, 0x7d, 0xf7, 0x7e, 0xef, 0x5d, 0xef,
    0x7d, 0xf7, 0x7e, 0xef, 0x7d, 0xef, 0x5e, 0xf7, 0x7d, 0xef, 0x7d, 0xf7,
    0x7e, 0xf7, 0x7d, 0xef, 0x1c, 0xe7, 0x6d, 0x73, 0xb5, 0x04, 0xfb, 0x05,
    0xdb, 0x05, 0x1b, 0x06, 0xb8, 0x04, 0x35, 0x04, 0x7a, 0x05, 0xfa, 0x05,
    0x9a, 0x05, 0xf8, 0x04, 0xdb, 0x05, 0xf9, 0x04, 0xda, 0x05, 0x78, 0x04,
    0x99, 0x05, 0xf8, 0x04, 0xf5, 0x03, 0x55, 0x04, 0x73, 0x03, 0x16, 0x05,
    0xd1, 0x03, 0xb0, 0x2b, 0x2e, 0x0b, 0xed, 0x02, 0x8d, 0x02, 0xd8, 0x04,
    0xf8, 0x04, 0x1a, 0x05, 0x57, 0x04, 0xd1, 0x23, 0x55, 0xad, 0x7d, 0xef,
    0xdb, 0xde, 0x0d, 0x53, 0x59, 0x05, 0x3a, 0x05, 0xd9, 0x04, 0x0e, 0x03,
    0x51, 0x8c, 0xd7, 0xbd, 0x3d, 0xef, 0x7d, 0xef, 0x7e, 0xef, 0x7d, 0xef,
    0x7e, 0xf7, 0x5d, 0xef, 0x7e, 0xef, 0x7d, 0xf7, 0x7d, 0xef, 0x5e, 0xef,
    0x7d, 0xf7, 0x7d, 0xef, 0xdb, 0xde, 0x2d, 0x5b, 0xb7, 0x04, 0x0d, 0x53,
    0xdb, 0xde, 0x7d, 0xef, 0x7d, 0xf7, 0x7e, 0xef, 0x7d, 0xef, 0x5d, 0xf7,
    0x7d, 0xef, 0x5e, 0xf7, 0x7d, 0xef, 0x5d, 0xf7, 0x7e, 0xf7, 0x7d, 0xef,
    0x5d, 0xef, 0x7e, 0xf7, 0x7d, 0xf7, 0x7d, 0xef, 0xdb, 0xde, 0x4d, 0x63,
    0x78, 0x04, 0xda, 0x04, 0xbb, 0x05, 0x96, 0x04, 0xaa, 0x5a, 0xeb, 0x62,
    0xcb, 0x62, 0xeb, 0x5a, 0xcb, 0x62, 0xcb, 0x5a, 0xeb, 0x62, 0xeb, 0x62,
    0xcb, 0x5a, 0xeb, 0x62, 0xeb, 0x62, 0xeb, 0x62, 0xeb, 0x62, 0xeb, 0x62,
    0xeb, 0x62, 0xaa, 0x5a, 0x37, 0x04, 0x7b, 0x05, 0x9a, 0x05, 0xb3, 0x03,
    0xcb, 0x5a, 0xcb, 0x62, 0xeb, 0x5a, 0xeb, 0x62, 0xcb, 0x5a, 0xcb, 0x62,
    0xeb, 0x62, 0xeb, 0x5a, 0xeb, 0x62, 0xeb, 0x62, 0xeb, 0x62, 0xcb, 0x5a,
    0xeb, 0x62, 0xcb, 0x62, 0xeb, 0x62, 0xcb, 0x62, 0x50, 0x03, 0x9a, 0x05,
    0xda, 0x04, 0xdc, 0x96, 0xd7, 0x04, 0x4e, 0x2b, 0x92, 0x9c, 0x1c, 0xe7,
    0x7d, 0xef, 0x5e, 0xef, 0x7d, 0xf7, 0x7d, 0xef, 0x5e, 0xef, 0x7d, 0xf7,
    0x7d, 0xef, 0x7d, 0xf7, 0x7d, 0xef, 0x5e, 0xef, 0x7d, 0xf7, 0x7e, 0xef,
    0x7d, 0xef, 0x3d, 0xef, 0xb7, 0xbd, 0xd7, 0xbd, 0xd7, 0xc5, 0xd7, 0xbd,
    0xd7, 0xbd, 0xd7, 0xc5, 0xd7, 0xc5, 0xd7, 0xbd, 0xd7, 0xbd, 0xd7, 0xbd,
    0xd7, 0xbd, 0xd7, 0xbd, 0xd7, 0xbd, 0xb3, 0x9c, 0x4e, 0x3b, 0x30, 0x8c,
    0x76, 0xb5, 0xd7, 0xbd, 0xd7, 0xc5, 0xd7, 0xbd, 0xd7, 0xc5, 0xd7, 0xbd,
    0xd7, 0xc5, 0x52, 0x84, 0xd7, 0x04, 0xbb, 0x05, 0xdb, 0x05, 0x9b, 0x05,
    0xdb, 0x05, 0x72, 0x7c, 0x96, 0xb5, 0x5d, 0xef, 0x7e, 0xf7, 0x7d, 0xef,
    0x7d, 0xef, 0x5e, 0xf7, 0x7d, 0xef, 0x7d, 0xef, 0x7e, 0xf7, 0xdb, 0xde,
    0x2d, 0x5b, 0xba, 0x05, 0x37, 0x04, 0x98, 0x04, 0xd1, 0x1b, 0x96, 0xb5,
    0xd7, 0xc5, 0xd7, 0xbd, 0xd7, 0xc5, 0xd7, 0xbd, 0xd7, 0xbd, 0xd7, 0xc5,
    0xd7, 0xbd, 0xd7, 0xc5, 0x92, 0x8c, 0x58, 0x05, 0x7c, 0x1e, 0x38, 0x04,
    0x19, 0x05, 0x98, 0x05, 0x31, 0x84, 0x18, 0xc6, 0x5d, 0xef, 0x7e, 0xf7,
    0x7d, 0xef, 0x7d, 0xef, 0x7e, 0xf7, 0x7d, 0xef, 0x7e, 0xf7, 0x7d, 0xef,
    0x7e, 0xf7, 0x5d, 0xf7, 0x7e, 0xef, 0x7e, 0xf7, 0x5d, 0xef, 0x1c, 0xe7,
    0x6e, 0x6b, 0x97, 0x04, 0xdb, 0x05, 0x57, 0x04, 0xf2, 0x03, 0x92, 0x9c,
    0x5d, 0xef, 0x7d, 0xef, 0x7e, 0xef, 0x5d, 0xf7, 0x7e, 0xef, 0x7d, 0xef,
    0x7e, 0xef, 0x7d, 0xef, 0x7e, 0xef, 0xfc, 0xe6, 0xec, 0x5a, 0x93, 0x03,
    0x51, 0x03, 0xeb, 0x5a, 0xf7, 0xc5, 0x7d, 0xef, 0x5d, 0xef, 0x7e, 0xef,
    0x7e, 0xef, 0x5d, 0xf7, 0x7d, 0xef, 0x7e, 0xf7, 0x5d, 0xef, 0x7e, 0xef,
    0x7d, 0xf7, 0xbb, 0xde, 0x0d, 0x53, 0x7a, 0x05, 0x1a, 0x05, 0xfb, 0x03,
    0x6f, 0x2b, 0x96, 0xb5, 0x7e, 0xf7, 0x7d, 0xef, 0xdb, 0xe6, 0xaf, 0x7b,
    0x37, 0x05, 0xbd, 0x06, 0xd8, 0x04, 0x56, 0x04, 0x6e, 0x3b, 0xf3, 0xa4,
    0x5d, 0xef, 0x7d, 0xf7, 0x7e, 0xef, 0x5d, 0xef, 0x7d, 0xf7, 0x7e, 0xef,
    0x7d, 0xf7, 0x5d, 0xef, 0x7e, 0xef, 0x7d, 0xf7, 0x5d, 0xef, 0x7e, 0xef,
    0x7d, 0xef, 0x5e, 0xf7, 0x7d, 0xef, 0x7d, 0xef, 0x35, 0xad, 0x8f, 0x2b,
    0xf8, 0x04, 0x3c, 0x06, 0xda, 0x04, 0xb9, 0x04, 0xbb, 0x05, 0x7a, 0x05,
    0xb7, 0x04, 0xf8, 0x04, 0x77, 0x05, 0x33, 0x03, 0xb0, 0x43, 0x6f, 0x03,
    0x2f, 0x03, 0x2e, 0x23, 0x6e, 0x4b, 0xab, 0x5a, 0xcb, 0x62, 0xcb, 0x62,
    0xcb, 0x62, 0x30, 0x8c, 0x14, 0xad, 0x14, 0xad, 0x14, 0xa5, 0x8e, 0x7b,
    0x75, 0x04, 0x3a, 0x05, 0xbd, 0x5e, 0x1a, 0x46, 0x2e, 0x33, 0xd7, 0xc5,
    0x7e, 0xef, 0xbb, 0xde, 0x0d, 0x5b, 0x7b, 0x9e, 0xdd, 0x56, 0x59, 0x05,
    0xaf, 0x23, 0x96, 0xb5, 0x7d, 0xef, 0x7d, 0xf7, 0x7e, 0xef, 0x7d, 0xef,
    0x5e, 0xf7, 0x7d, 0xef, 0x7e, 0xf7, 0x5d, 0xef, 0x7d, 0xef, 0x7e, 0xf7,
    0x7d, 0xef, 0x5e, 0xef, 0x7d, 0xf7, 0x39, 0xce, 0x8f, 0x6b, 0xd9, 0x05,
    0x6e, 0x4b, 0x39, 0xce, 0x7e, 0xef, 0x7d, 0xf7, 0x7d, 0xef, 0x7e, 0xef,
    0x7d, 0xf7, 0x7e, 0xef, 0x7d, 0xef, 0x5d, 0xef, 0x7e, 0xef, 0x7e, 0xf7,
    0x5d, 0xef, 0x7d, 0xef, 0x7e, 0xf7, 0x5d, 0xef, 0x7d, 0xef, 0xdb, 0xde,
    0x2d, 0x63, 0xfa, 0x05, 0x5c, 0x06, 0x59, 0x05, 0xb6, 0x04, 0x8e, 0x7b,
    0x7d, 0xef, 0x7d, 0xef, 0x7d, 0xef, 0x7d, 0xef, 0x7d, 0xef, 0x7d, 0xef,
    0x7d, 0xef, 0x7d, 0xef, 0x7d, 0xef, 0x7d, 0xef, 0x5d, 0xef, 0x7d, 0xef,
    0x7d, 0xef, 0x7d, 0xef, 0x0c, 0x6b, 0x79, 0x05, 0x7a, 0x05, 0xbb, 0x05,
    0x95, 0x04, 0x30, 0x8c, 0x7d, 0xef, 0x7d, 0xef, 0x7d, 0xef, 0x7d, 0xef,
    0x7d, 0xef, 0x7d, 0xef, 0x5d, 0xef, 0x7d, 0xef, 0x7d, 0xef, 0x7d, 0xef,
    0x7d, 0xef, 0x7d, 0xef, 0x7d, 0xef, 0x7d, 0xef, 0x35, 0xad, 0x6f, 0x03,
    0x9a, 0x05, 0x5c, 0x06, 0x97, 0x04, 0x8f, 0x5b, 0x92, 0x9c, 0x5d, 0xef,
    0x7d, 0xef, 0x7d, 0xef, 0x5e, 0xf7, 0x7d, 0xef, 0x7e, 0xef, 0x7d, 0xf7,
    0x7e, 0xef, 0x5d, 0xef, 0x7e, 0xf7, 0x7d, 0xef, 0x7d, 0xef, 0x5e, 0xf7,
    0x7d, 0xef, 0x7d, 0xef, 0x76, 0xb5, 0xd1, 0x3b, 0xb4, 0x7c, 0x56, 0x85,
    0xf5, 0x7c, 0x57, 0x85, 0x36, 0x8d, 0x77, 0x85, 0x36, 0x75, 0x16, 0x85,
    0x36, 0x85, 0x36, 0x85, 0x56, 0x85, 0xb7, 0xa5, 0x56, 0x7d, 0x56, 0x8d,
    0x15, 0x85, 0x56, 0x7d, 0x56, 0x85, 0x97, 0x9d, 0x16, 0x75, 0x36, 0x85,
    0x56, 0x85, 0xb5, 0x6c, 0x5a, 0x3d, 0x5a, 0x05, 0xfb, 0x05, 0xda, 0x04,
    0x99, 0x04, 0xbb, 0x05, 0xf8, 0x04, 0x52, 0x7c, 0x96, 0xb5, 0x5d, 0xef,
    0x7e, 0xf7, 0x7d, 0xef, 0x7e, 0xef, 0x5d, 0xf7, 0x7d, 0xef, 0x7d, 0xef,
    0xbb, 0xde, 0x2d, 0x53, 0xd6, 0x03, 0x7d, 0x04, 0x99, 0x04, 0xf7, 0x04,
    0xd5, 0x64, 0x16, 0x85, 0x56, 0x85, 0xf5, 0x7c, 0x36, 0x7d, 0x97, 0x95,
    0x56, 0x7d, 0x36, 0x75, 0x36, 0x85, 0x99, 0x1d, 0x5c, 0x06, 0x3c, 0x06,
    0x99, 0x04, 0xb8, 0x04, 0x1c, 0x06, 0xb6, 0x04, 0x11, 0x84, 0x39, 0xce,
    0x5d, 0xef, 0x7d, 0xef, 0x5d, 0xef, 0x7d, 0xef, 0x7e, 0xf7, 0x5d, 0xef,
    0x7d, 0xef, 0x7e, 0xef, 0x7d, 0xf7, 0x7d, 0xef, 0x7e, 0xef, 0x7d, 0xf7,
    0x96, 0xb5, 0x90, 0x2b, 0x19, 0x05, 0xf6, 0x03, 0xb9, 0x04, 0x95, 0x04,
    0x31, 0x8c, 0xb6, 0xb5, 0x5d, 0xef, 0x7e, 0xf7, 0x7d, 0xef, 0x7d, 0xf7,
    0x5e, 0xf7, 0x7d, 0xef, 0x7d, 0xef, 0x5d, 0xf7, 0x5d, 0xef, 0x14, 0xad,
    0x2c, 0x73, 0x10, 0x84, 0xf7, 0xc5, 0x5d, 0xef, 0x7e, 0xef, 0x7d, 0xf7,
    0x5d, 0xef, 0x7e, 0xef, 0x7d, 0xef, 0x5e, 0xf7, 0x7d, 0xef, 0x7d, 0xf7,
    0x7e, 0xef, 0x7d, 0xef, 0xbb, 0xde, 0x2d, 0x5b, 0xf7, 0x04, 0x9a, 0x05,
    0xbb, 0x05, 0x8f, 0x33, 0x96, 0xbd, 0x7d, 0xef, 0x5d, 0xef, 0x35, 0xad,
    0x73, 0x1c, 0x1b, 0x06, 0x3b, 0x05, 0x59, 0x05, 0xf1, 0x03, 0x92, 0x94,
    0x3d, 0xef, 0x7e, 0xef, 0x7d, 0xf7, 0x7d, 0xef, 0x5e, 0xef, 0x7d, 0xf7,
    0x7d, 0xef, 0x7e, 0xef, 0x7d, 0xf7, 0x7e, 0xef, 0x7d, 0xf7, 0x7d, 0xef,
    0x7e, 0xef, 0x5d, 0xf7, 0x7d, 0xef, 0x7e, 0xf7, 0x7d, 0xef, 0x3d, 0xef,
    0x6d, 0x73, 0xd6, 0x04, 0x37, 0x04, 0x38, 0x05, 0xd7, 0x04, 0x73, 0x04,
    0x6f, 0x03, 0x4e, 0x2b, 0xca, 0x5a, 0xcb, 0x62, 0xcb, 0x62, 0x71, 0x94,
    0x14, 0xad, 0x14, 0xad, 0x34, 0xad, 0x76, 0xb5, 0x5d, 0xef, 0x7d, 0xef,
    0x7d, 0xef, 0x7e, 0xef, 0x7d, 0xef, 0x7d, 0xef, 0x7d, 0xef, 0x7d, 0xef,
    0x35, 0xad, 0xb0, 0x1b, 0x99, 0x05, 0xdb, 0x05, 0x96, 0x04, 0xec, 0x5a,
    0x1c, 0xe7, 0x7d, 0xef, 0xdb, 0xde, 0x0d, 0x53, 0xf9, 0x05, 0xdc, 0x05,
    0x3a, 0x05, 0xaf, 0x33, 0x96, 0xbd, 0x7d, 0xef, 0x7e, 0xf7, 0x7d, 0xef,
    0x5d, 0xf7, 0x7d, 0xef, 0x7d, 0xef, 0x7e, 0xf7, 0x7d, 0xef, 0x5e, 0xef,
    0x7d, 0xf7, 0x7d, 0xef, 0x7e, 0xef, 0x7d, 0xef, 0x39, 0xce, 0x6e, 0x4b,
    0x19, 0x05, 0xb0, 0x03, 0x75, 0xb5, 0x7e, 0xef, 0x5d, 0xf7, 0x7d, 0xef,
    0x5e, 0xf7, 0x7d, 0xef, 0x7d, 0xf7, 0x7e, 0xef, 0x7d, 0xf7, 0x7d, 0xef,
    0x7e, 0xef, 0x7d, 0xf7, 0x7d, 0xef, 0x7e, 0xef, 0x5e, 0xf7, 0x7d, 0xef,
    0x5d, 0xef, 0xec, 0x62, 0x99, 0x05, 0x1c, 0x06, 0xbb, 0x05, 0x37, 0x05,
    0x8e, 0x7b, 0x7d, 0xef, 0x7d, 0xef, 0x7e, 0xf7, 0x7d, 0xf7, 0x5d, 0xef,
    0x7e, 0xf7, 0x5d, 0xef, 0x7d, 0xf7, 0x7e, 0xef, 0x5d, 0xef, 0x7d, 0xef,
    0x7e, 0xef, 0x5d, 0xef, 0x7d, 0xef, 0xec, 0x62, 0x79, 0x05, 0xbb, 0x05,
    0xdb, 0x05, 0x54, 0x04, 0x10, 0x84, 0x7e, 0xef, 0x7e, 0xf7, 0x5d, 0xf7,
    0x7e, 0xef, 0x7d, 0xf7, 0x5e, 0xef, 0x7d, 0xf7, 0x7d, 0xef, 0x5e, 0xf7,
    0x7d, 0xef, 0x7e, 0xf7, 0x5d, 0xef, 0x7d, 0xef, 0x7e, 0xef, 0x35, 0xad,
    0xb0, 0x03, 0x59, 0x05, 0xbb, 0x05, 0x3b, 0x76, 0x6e, 0x4b, 0x38, 0xc6,
    0x7d, 0xef, 0x7e, 0xef, 0x5d, 0xf7, 0x7d, 0xef, 0x7e, 0xf7, 0x5d, 0xef,
    0x7d, 0xf7, 0x7e, 0xef, 0x5d, 0xef, 0x7e, 0xf7, 0x7d, 0xef, 0x5d, 0xf7,
    0x7e, 0xef, 0x7d, 0xef, 0x5d, 0xf7, 0xfb, 0xe6, 0x2c, 0x63, 0x94, 0x04,
    0x5a, 0x8e, 0xf8, 0x04, 0x79, 0x05, 0xd7, 0x04, 0x15, 0x04, 0x35, 0x04,
    0xf4, 0x03, 0x12, 0x03, 0xd4, 0x03, 0xf4, 0x03, 0xd6, 0x04, 0x96, 0x04,
    0xd6, 0x04, 0x15, 0x04, 0x76, 0x04, 0x93, 0x03, 0x54, 0x04, 0xb8, 0x7d,
    0x37, 0x05, 0x57, 0x4d, 0x56, 0x04, 0x37, 0x05, 0xd6, 0x04, 0xd4, 0x03,
    0x35, 0x04, 0x14, 0x04, 0x32, 0x03, 0xd4, 0x03, 0xb3, 0x03, 0x2e, 0x53,
    0x9a, 0xd6, 0x7d, 0xef, 0x7e, 0xf7, 0x7d, 0xef, 0x7e, 0xf7, 0x5e, 0xef,
    0x7d, 0xf7, 0xbb, 0xde, 0x2d, 0x5b, 0x38, 0x05, 0xfd, 0x05, 0xdb, 0x05,
    0xd6, 0x03, 0x53, 0x03, 0x15, 0x04, 0x12, 0x03, 0xf5, 0x03, 0x55, 0x04,
    0xd7, 0x04, 0xf7, 0x04, 0x37, 0x05, 0x76, 0x04, 0xd7, 0x04, 0x94, 0x03,
    0x75, 0x04, 0xd8, 0x8d, 0x36, 0x05, 0x95, 0x04, 0x75, 0x04, 0x13, 0x2c,
    0x4d, 0x63, 0x1c, 0xef, 0x7d, 0xef, 0x7d, 0xef, 0x7e, 0xf7, 0x5d, 0xef,
    0x7d, 0xef, 0x5e, 0xf7, 0x7d, 0xef, 0x7d, 0xef, 0x5d, 0xf7, 0x7e, 0xef,
    0x5d, 0xef, 0xf0, 0x83, 0xd7, 0x04, 0xbd, 0x66, 0xbb, 0x05, 0x7b, 0x05,
    0x9b, 0x05, 0x59, 0x05, 0x32, 0x64, 0xd7, 0xbd, 0x5d, 0xef, 0x7e, 0xef,
    0x7d, 0xef, 0x5d, 0xf7, 0x7e, 0xf7, 0x7d, 0xef, 0x7e, 0xef, 0x7d, 0xef,
    0x7d, 0xef, 0x7e, 0xef, 0x7d, 0xef, 0x5d, 0xef, 0x7e, 0xef, 0x7d, 0xf7,
    0x7d, 0xf7, 0x7e, 0xef, 0x7d, 0xf7, 0x7d, 0xef, 0x7e, 0xef, 0x5d, 0xf7,
    0x7d, 0xef, 0x7e, 0xf7, 0x7d, 0xef, 0xbb, 0xde, 0x0c, 0x53, 0xbb, 0xb6,
    0x7b, 0x05, 0x1b, 0x1e, 0x8f, 0x03, 0x96, 0xb5, 0x7d, 0xef, 0xb7, 0xbd,
    0x11, 0x5c, 0x59, 0x05, 0x79, 0x04, 0x19, 0x05, 0x12, 0x03, 0x8e, 0x7b,
    0xbb, 0xde, 0x7d, 0xef, 0x7d, 0xf7, 0x7e, 0xef, 0x5d, 0xef, 0x7e, 0xf7,
    0x7d, 0xef, 0x5d, 0xef, 0x5e, 0xf7, 0x7d, 0xef, 0x5d, 0xef, 0x7e, 0xf7,
    0x7d, 0xf7, 0x5d, 0xef, 0x7e, 0xef, 0x7d, 0xf7, 0x7d, 0xef, 0x5e, 0xf7,
    0x7d, 0xef, 0x35, 0xad, 0xcd, 0x1a, 0x36, 0x6d, 0x0e, 0x03, 0xab, 0x62,
    0xae, 0x7b, 0xf3, 0xa4, 0x96, 0xb5, 0x3d, 0xef, 0x7d, 0xf7, 0x7d, 0xef,
    0x7e, 0xef, 0x7d, 0xef, 0x7d, 0xef, 0x7d, 0xef, 0x7d, 0xf7, 0x7d, 0xef,
    0x7d, 0xef, 0x7d, 0xf7, 0x7e, 0xef, 0x5d, 0xf7, 0x7e, 0xef, 0x7d, 0xef,
    0x7d, 0xf7, 0xfb, 0xe6, 0x0c, 0x63, 0x14, 0x04, 0xf7, 0x04, 0x6e, 0x2b,
    0xf3, 0xa4, 0x5d, 0xef, 0x7d, 0xf7, 0xbb, 0xde, 0x0d, 0x53, 0xd8, 0x04,
    0x3b, 0x05, 0x3a, 0x05, 0xf0, 0x5b, 0x96, 0xb5, 0x7e, 0xef, 0x7d, 0xef,
    0x5d, 0xf7, 0x7e, 0xef, 0x7e, 0xef, 0x5d, 0xf7, 0x7d, 0xef, 0x7e, 0xf7,
    0x7d, 0xef, 0x5d, 0xf7, 0x7e, 0xf7, 0x7d, 0xef, 0x5d, 0xef, 0x38, 0xce,
    0x0e, 0x33, 0x18, 0x05, 0xd1, 0x03, 0x14, 0xa5, 0x7e, 0xef, 0x7d, 0xef,
    0x7e, 0xf7, 0x5d, 0xef, 0x7d, 0xef, 0x5e, 0xf7, 0x5e, 0xef, 0x7d, 0xf7,
    0x5d, 0xef, 0x7e, 0xef, 0x7d, 0xf7, 0x5d, 0xef, 0x7e, 0xef, 0x7d, 0xf7,
    0x7d, 0xf7, 0x7e, 0xef, 0xec, 0x62, 0x18, 0x05, 0xbb, 0x05, 0x78, 0x04,
    0xd6, 0x04, 0x8e, 0x73, 0x7e, 0xef, 0x7d, 0xf7, 0x5e, 0xef, 0x7d, 0xef,
    0x7e, 0xf7, 0x7d, 0xef, 0x7e, 0xf7, 0x5d, 0xef, 0x7e, 0xf7, 0x7d, 0xf7,
    0x7e, 0xf7, 0x7e, 0xf7, 0x7d, 0xf7, 0x7e, 0xf7, 0xec, 0x62, 0xb8, 0x04,
    0xd9, 0x04, 0x3b, 0x06, 0xb3, 0x03, 0x10, 0x8c, 0x7e, 0xef, 0x7d, 0xef,
    0x5d, 0xf7, 0x7e, 0xef, 0x7d, 0xef, 0x7e, 0xf7, 0x7e, 0xef, 0x7d, 0xf7,
    0x5e, 0xef, 0x7e, 0xf7, 0x7d, 0xef, 0x7e, 0xf7, 0x7d, 0xf7, 0x7d, 0xf7,
    0x35, 0xad, 0x4f, 0x03, 0x5b, 0x16, 0x7b, 0x05, 0x97, 0x04, 0x0e, 0x43,
    0x39, 0xce, 0x7d, 0xef, 0x7e, 0xf7, 0x7d, 0xef, 0x7d, 0xef, 0x7e, 0xf7,
    0x5d, 0xef, 0x7d, 0xef, 0x7d, 0xf7, 0x7e, 0xef, 0x7d, 0xef, 0x5d, 0xf7,
    0x7e, 0xef, 0x7d, 0xef, 0x7e, 0xf7, 0x7e, 0xef, 0x5d, 0xef, 0x96, 0xb5,
    0xeb, 0x5a, 0xf1, 0x03, 0xd0, 0x53, 0x6e, 0x1b, 0xcb, 0x5a, 0xaa, 0x5a,
    0xca, 0x5a, 0xcb, 0x5a, 0xca, 0x5a, 0xcb, 0x5a, 0xcb, 0x5a, 0xca, 0x5a,
    0xcb, 0x5a, 0xcb, 0x5a, 0xca, 0x5a, 0xcb, 0x5a, 0xca, 0x62, 0xca, 0x5a,
    0xcb, 0x5a, 0xca, 0x62, 0xca, 0x5a, 0xcb, 0x5a, 0xcb, 0x62, 0xca, 0x5a,
    0xcb, 0x5a, 0xcb, 0x62, 0xca, 0x5a, 0xcb, 0x5a, 0xcb, 0x62, 0x2c, 0x6b,
    0xf4, 0xa4, 0x5d, 0xef, 0x7d, 0xf7, 0x5d, 0xef, 0x7d, 0xef, 0x7d, 0xef,
    0x7e, 0xf7, 0x7d, 0xef, 0xbb, 0xde, 0x2d, 0x63, 0xbb, 0x05, 0x7d, 0x06,
    0xfa, 0x05, 0x6f, 0x1b, 0xaa, 0x5a, 0xcb, 0x5a, 0xca, 0x5a, 0xcb, 0x5a,
    0xca, 0x5a, 0xcb, 0x62, 0xca, 0x5a, 0xca, 0x5a, 0xcb, 0x5a, 0xca, 0x5a,
    0xca, 0x5a, 0xca, 0x5a, 0xca, 0x5a, 0xcb, 0x5a, 0xca, 0x5a, 0xcb, 0x62,
    0xef, 0x83, 0xf7, 0xc5, 0x5d, 0xef, 0x7e, 0xef, 0x7d, 0xef, 0x7e, 0xf7,
    0x7d, 0xef, 0x7d, 0xf7, 0x7e, 0xf7, 0x5d, 0xef, 0x7e, 0xef, 0x7d, 0xf7,
    0x7d, 0xef, 0xd7, 0xbd, 0xf1, 0x43, 0x9c, 0x6e, 0x9a, 0x05, 0xf7, 0x03,
    0xdc, 0x05, 0x5a, 0x05, 0x97, 0x04, 0x11, 0x03, 0x0c, 0x63, 0x3c, 0xe7,
    0x7e, 0xf7, 0x7d, 0xef, 0x7d, 0xef, 0x5e, 0xef, 0x7d, 0xf7, 0x7e, 0xf7,
    0x7d, 0xef, 0x7e, 0xf7, 0x7d, 0xef, 0x7d, 0xf7, 0x7e, 0xef, 0x5d, 0xef,
    0x7d, 0xef, 0x5e, 0xef, 0x7d, 0xf7, 0x5d, 0xef, 0x7e, 0xf7, 0x7d, 0xef,
    0x7d, 0xef, 0x5e, 0xef, 0x7d, 0xf7, 0x7d, 0xef, 0xbb, 0xde, 0x0c, 0x5b,
    0xda, 0x05, 0x5b, 0x05, 0x3b, 0x86, 0x0e, 0x03, 0x96, 0xb5, 0xfc, 0xe6,
    0xcf, 0x7b, 0x94, 0x03, 0x9a, 0x04, 0x78, 0x04, 0xb6, 0x04, 0xec, 0x5a,
    0x96, 0xbd, 0x7d, 0xef, 0x7d, 0xef, 0x7e, 0xf7, 0x5d, 0xef, 0x5d, 0xef,
    0x18, 0xce, 0x5d, 0xef, 0x7e, 0xef, 0x7d, 0xf7, 0x7d, 0xef, 0x7e, 0xef,
    0x5e, 0xef, 0x7d, 0xf7, 0x7d, 0xef, 0x7e, 0xef, 0x5d, 0xf7, 0x7e, 0xef,
    0x7d, 0xef, 0x7d, 0xf7, 0x3d, 0xef, 0xb2, 0x9c, 0xeb, 0x62, 0x92, 0x9c,
    0x1c, 0xe7, 0x7d, 0xef, 0x7d, 0xef, 0x7d, 0xf7, 0x7d, 0xef, 0x5d, 0xef,
    0x7e, 0xf7, 0x7d, 0xf7, 0x7d, 0xef, 0x7e, 0xef, 0x7d, 0xf7, 0x7d, 0xef,
    0x5e, 0xf7, 0x7d, 0xef, 0x7e, 0xf7, 0x5d, 0xef, 0x7d, 0xf7, 0x5d, 0xef,
    0x1d, 0xe7, 0x5d, 0xef, 0x5d, 0xef, 0xf3, 0xa4, 0x6f, 0x13, 0x2c, 0x53,
    0x92, 0x9c, 0x3d, 0xef, 0x7d, 0xef, 0x7d, 0xef, 0xbb, 0xde, 0xec, 0x4a,
    0x97, 0x04, 0x5c, 0x06, 0xda, 0x05, 0x6f, 0x03, 0x96, 0xb5, 0x7d, 0xf7,
    0x7d, 0xef, 0x7e, 0xef, 0x7d, 0xf7, 0x7d, 0xef, 0x5e, 0xef, 0x7d, 0xf7,
    0x7d, 0xef, 0x7e, 0xef, 0x5d, 0xef, 0x7e, 0xf7, 0x7d, 0xef, 0x7d, 0xef,
    0x96, 0xbd, 0x4f, 0x03, 0xba, 0x05, 0x36, 0x45, 0x10, 0x8c, 0x7d, 0xef,
    0x7d, 0xef, 0x7e, 0xf7, 0x7d, 0xef, 0x7d, 0xef, 0x7e, 0xef, 0x7d, 0xf7,
    0x7d, 0xef, 0x7e, 0xf7, 0x5d, 0xef, 0x7d, 0xf7, 0x7e, 0xef, 0x5d, 0xef,
    0x7d, 0xf7, 0x7d, 0xef, 0x7d, 0xef, 0xec, 0x62, 0xb9, 0x05, 0x1c, 0x06,
    0xfd, 0x76, 0x76, 0x04, 0x8e, 0x73, 0x7d, 0xf7, 0x5d, 0xef, 0x7d, 0xef,
    0x7e, 0xf7, 0x5d, 0xef, 0x7d, 0xef, 0x7d, 0xef, 0x7e, 0xef, 0x5d, 0xef,
    0x7d, 0xef, 0x5d, 0xef, 0x7d, 0xef, 0x7d, 0xef, 0x7d, 0xef, 0xec, 0x62,
    0x99, 0x05, 0xfd, 0x56, 0x9a, 0x05, 0xd3, 0x03, 0x10, 0x84, 0x7d, 0xf7,
    0x7d, 0xef, 0x7e, 0xef, 0x7d, 0xf7, 0x5d, 0xef, 0x7d, 0xef, 0x7d, 0xf7,
    0x5d, 0xef, 0x7d, 0xef, 0x7d, 0xef, 0x5d, 0xef, 0x7e, 0xef, 0x7d, 0xef,
    0x7d, 0xef, 0x35, 0xad, 0x31, 0x4c, 0x9a, 0x05, 0x5a, 0x05, 0x5a, 0x05,
    0x2e, 0x43, 0x38, 0xce, 0x7d, 0xef, 0x5e, 0xef, 0x7d, 0xf7, 0x7d, 0xef,
    0x5e, 0xef, 0x7e, 0xf7, 0x7d, 0xef, 0x5e, 0xf7, 0x7d, 0xef, 0x7d, 0xef,
    0x7e, 0xf7, 0x7d, 0xef, 0x5d, 0xf7, 0x7d, 0xef, 0x7e, 0xef, 0x7d, 0xf7,
    0x5d, 0xef, 0x79, 0xd6, 0xb2, 0x9c, 0x14, 0xa5, 0x34, 0xad, 0xfb, 0xe6,
    0x5d, 0xef, 0x7e, 0xef, 0x7d, 0xf7, 0x7d, 0xef, 0x7d, 0xf7, 0x7d, 0xf7,
    0x7d, 0xef, 0x7e, 0xf7, 0x7d, 0xf7, 0x7d, 0xef, 0x7d, 0xef, 0x7e, 0xf7,
    0x7d, 0xef, 0x7d, 0xef, 0x7d, 0xf7, 0x7d, 0xef, 0x7d, 0xef, 0x7d, 0xf7,
    0x7d, 0xef, 0x7d, 0xef, 0x7d, 0xf7, 0x7d, 0xef, 0x7d, 0xef, 0x7d, 0xf7,
    0x7d, 0xef, 0x7d, 0xef, 0x7d, 0xf7, 0x7e, 0xef, 0x7e, 0xf7, 0x5d, 0xef,
    0x7d, 0xef, 0x7d, 0xf7, 0x7d, 0xef, 0xbb, 0xde, 0x2d, 0x5b, 0x18, 0x05,
    0x9b, 0x86, 0x59, 0x05, 0xd0, 0x33, 0x35, 0xad, 0x7d, 0xf7, 0x7d, 0xf7,
    0x7d, 0xef, 0x7d, 0xf7, 0x7d, 0xef, 0x7e, 0xf7, 0x7d, 0xef, 0x7d, 0xf7,
    0x7d, 0xf7, 0x7e, 0xef, 0x7d, 0xf7, 0x7d, 0xf7, 0x7d, 0xef, 0x7d, 0xf7,
    0x7d, 0xef, 0x7d, 0xef, 0x7d, 0xef, 0x7e, 0xef, 0x7d, 0xf7, 0x5d, 0xef,
    0x7d, 0xef, 0x7e, 0xef, 0x5d, 0xef, 0x7d, 0xef, 0x7e, 0xf7, 0x5d, 0xef,
    0x7e, 0xef, 0x5d, 0xef, 0x31, 0x8c, 0xf6, 0x04, 0xdb, 0x05, 0x1a, 0x05,
    0x58, 0x04, 0x7b, 0x05, 0xb8, 0x04, 0xb0, 0x03, 0x10, 0x84, 0x38, 0xce,
    0x5d, 0xef, 0x7e, 0xf7, 0x7d, 0xef, 0x7d, 0xef, 0x7e, 0xf7, 0x5d, 0xef,
    0x7d, 0xef, 0x5e, 0xf7, 0x5d, 0xef, 0x7d, 0xf7, 0x7e, 0xef, 0x5e, 0xf7,
    0x7d, 0xf7, 0x7e, 0xef, 0x7d, 0xef, 0x7d, 0xf7, 0x5e, 0xef, 0x7d, 0xef,
    0x7e, 0xf7, 0x7d, 0xef, 0x7e, 0xf7, 0x5d, 0xef, 0x7d, 0xef, 0xdb, 0xde,
    0x0d, 0x53, 0x7a, 0x05, 0x3a, 0x05, 0xb8, 0x04, 0x8f, 0x23, 0x96, 0xb5,
    0x35, 0xad, 0x53, 0x04, 0xf7, 0x03, 0x5a, 0x05, 0xd8, 0x04, 0x2e, 0x03,
    0xf3, 0x9c, 0x5d, 0xef, 0x7d, 0xef, 0x7e, 0xf7, 0x7d, 0xef, 0x5d, 0xef,
    0x55, 0xad, 0xd4, 0x7c, 0xf4, 0xa4, 0x59, 0xce, 0x7d, 0xef, 0x7d, 0xf7,
    0x7e, 0xf7, 0x7d, 0xef, 0x5d, 0xef, 0x7e, 0xf7, 0x7d, 0xef, 0x7d, 0xef,
    0x5e, 0xf7, 0x7d, 0xef, 0x7d, 0xef, 0x7e, 0xf7, 0x5d, 0xef, 0x1c, 0xe7,
    0x96, 0xb5, 0x3c, 0xe7, 0x7d, 0xef, 0x7e, 0xf7, 0x7d, 0xef, 0x7d, 0xef,
    0x7e, 0xef, 0x5d, 0xf7, 0x7d, 0xef, 0x7e, 0xf7, 0x5d, 0xf7, 0x7e, 0xef,
    0x7e, 0xef, 0x5d, 0xf7, 0x7d, 0xef, 0x7e, 0xef, 0x7d, 0xf7, 0x7e, 0xef,
    0xf8, 0xc5, 0x31, 0x84, 0x14, 0xa5, 0x39, 0xce, 0xfc, 0xe6, 0x55, 0xad,
    0x79, 0xce, 0x5d, 0xef, 0x7d, 0xef, 0x7e, 0xef, 0x7d, 0xef, 0xdb, 0xde,
    0x0d, 0x53, 0x79, 0x05, 0xbb, 0x05, 0x19, 0x05, 0x90, 0x03, 0x55, 0xad,
    0x7d, 0xf7, 0x5e, 0xef, 0x7d, 0xef, 0x7d, 0xf7, 0x7e, 0xf7, 0x7d, 0xef,
    0x5d, 0xef, 0x7e, 0xf7, 0x7d, 0xef, 0x7d, 0xef, 0x5e, 0xf7, 0x7e, 0xef,
    0x7d, 0xef, 0x55, 0xad, 0xb1, 0x03, 0xdb, 0x05, 0x39, 0x05, 0xd0, 0x53,
    0xb7, 0xbd, 0x7d, 0xef, 0x5d, 0xf7, 0x7e, 0xf7, 0x7d, 0xef, 0x7d, 0xf7,
    0x5e, 0xef, 0x7d, 0xef, 0x7e, 0xef, 0x7d, 0xf7, 0x7e, 0xef, 0x7d, 0xf7,
    0x7e, 0xef, 0x5e, 0xef, 0x7d, 0xf7, 0x7d, 0xef, 0xec, 0x62, 0x16, 0x04,
    0xfc, 0x05, 0x9b, 0x05, 0x55, 0x03, 0x6e, 0x73, 0x7d, 0xef, 0x7e, 0xf7,
    0x7d, 0xef, 0x7d, 0xf7, 0x5e, 0xef, 0x7d, 0xf7, 0x7e, 0xf7, 0x7d, 0xef,
    0x7d, 0xf7, 0x7e, 0xef, 0x5e, 0xef, 0x7d, 0xf7, 0x5e, 0xef, 0x7d, 0xef,
    0xeb, 0x62, 0x99, 0x05, 0x9b, 0x05, 0x7a, 0x03, 0x33, 0x04, 0x10, 0x84,
    0x7d, 0xf7, 0x7e, 0xef, 0x7d, 0xef, 0x5e, 0xf7, 0x7d, 0xef, 0x7e, 0xef,
    0x5e, 0xf7, 0x7d, 0xef, 0x7e, 0xf7, 0x7d, 0xf7, 0x5d, 0xef, 0x7e, 0xf7,
    0x5e, 0xef, 0x7d, 0xf7, 0x35, 0xad, 0x70, 0x03, 0x99, 0x03, 0x9a, 0x05,
    0xf6, 0x03, 0x0d, 0x2b, 0x39, 0xce, 0x7d, 0xef, 0x7d, 0xef, 0x5e, 0xf7,
    0x7d, 0xef, 0x7d, 0xef, 0x7d, 0xf7, 0x7e, 0xef, 0x5d, 0xef, 0x7d, 0xf7,
    0x7e, 0xef, 0x5e, 0xef, 0x7d, 0xf7, 0x7d, 0xef, 0x5e, 0xef, 0x7d, 0xf7,
    0x7d, 0xef, 0x7e, 0xef, 0x7e, 0xef, 0x5d, 0xef, 0x7d, 0xef, 0x7e, 0xef,
    0x7e, 0xef, 0x7d, 0xef, 0x7d, 0xf7, 0x7e, 0xef, 0x7e, 0xef, 0x7d, 0xf7,
    0x7e, 0xef, 0x7d, 0xef, 0x7d, 0xef, 0x5e, 0xf7, 0x7d, 0xef, 0x7d, 0xf7,
    0x5e, 0xef, 0x7e, 0xf7, 0x39, 0xce, 0xf4, 0xa4, 0x39, 0xce, 0x5d, 0xef,
    0x7e, 0xef, 0x7e, 0xf7, 0x7d, 0xef, 0x7e, 0xef, 0x5e, 0xf7, 0x7d, 0xef,
    0x5e, 0xef, 0x7d, 0xf7, 0x7d, 0xef, 0x5e, 0xef, 0x7d, 0xf7, 0x7d, 0xef,
    0x7e, 0xf7, 0x5e, 0xef, 0x7d, 0xef, 0x7d, 0xf7, 0xbb, 0xde, 0x0d, 0x43,
    0x38, 0x05, 0x19, 0x05, 0x3a, 0x05, 0xd1, 0x03, 0x55, 0xad, 0x7d, 0xf7,
    0x7e, 0xef, 0x7e, 0xef, 0x5d, 0xf7, 0x7e, 0xef, 0x7d, 0xef, 0x5e, 0xf7,
    0x7d, 0xef, 0x7e, 0xef, 0x5e, 0xef, 0x7d, 0xf7, 0x7e, 0xef, 0x5e, 0xef,
    0x7d, 0xf7, 0x5e, 0xf7, 0x7e, 0xef, 0x7d, 0xf7, 0x5d, 0xef, 0x7d, 0xef,
    0x7d, 0xf7, 0x7e, 0xef, 0x5d, 0xf7, 0x7e, 0xef, 0x7d, 0xef, 0x7d, 0xf7,
    0x7e, 0xf7, 0x7d, 0xef, 0x38, 0xce, 0x6f, 0x53, 0xba, 0x05, 0x9a, 0x05,
    0x9c, 0x56, 0xdb, 0x05, 0x7d, 0x66, 0x19, 0x05, 0xb0, 0x23, 0x96, 0xb5,
    0x7d, 0xef, 0x7d, 0xef, 0x5e, 0xf7, 0x5d, 0xef, 0x7e, 0xf7, 0x7d, 0xef,
    0x7d, 0xef, 0x7e, 0xef, 0x7d, 0xef, 0x7d, 0xf7, 0x7e, 0xef, 0x5d, 0xef,
    0x7d, 0xef, 0x7d, 0xf7, 0x7e, 0xef, 0x7d, 0xf7, 0x7e, 0xef, 0x7d, 0xef,
    0x5d, 0xf7, 0x7e, 0xef, 0x5d, 0xf7, 0x7d, 0xef, 0x7e, 0xef, 0x7d, 0xf7,
    0xbb, 0xde, 0xec, 0x4a, 0x59, 0x05, 0x3c, 0x06, 0x1b, 0x06, 0xef, 0x02,
    0x96, 0xb5, 0xd0, 0x5b, 0x9c, 0x66, 0xbb, 0x05, 0xda, 0x3d, 0x90, 0x03,
    0x72, 0x94, 0x5d, 0xef, 0x7d, 0xef, 0x7e, 0xf7, 0x7d, 0xef, 0x5d, 0xef,
    0x55, 0xad, 0xb4, 0x74, 0xfa, 0x05, 0x77, 0x55, 0xd3, 0x9c, 0x7a, 0xd6,
    0x5d, 0xef, 0x7d, 0xef, 0x7e, 0xf7, 0x7d, 0xef, 0x5e, 0xf7, 0x7d, 0xef,
    0x7d, 0xef, 0x7e, 0xf7, 0x5d, 0xef, 0x7e, 0xef, 0x7d, 0xef, 0x1c, 0xe7,
    0xcf, 0x73, 0x53, 0x64, 0xd3, 0x9c, 0xd7, 0xbd, 0x5d, 0xef, 0x5e, 0xf7,
    0x7e, 0xf7, 0x7d, 0xef, 0x7d, 0xef, 0x7e, 0xef, 0x5d, 0xef, 0x7d, 0xf7,
    0x7d, 0xef, 0x5e, 0xef, 0x7d, 0xf7, 0x7d, 0xef, 0x5e, 0xef, 0x7d, 0xf7,
    0xfb, 0xde, 0x92, 0x94, 0x95, 0x3c, 0x98, 0x6d, 0x31, 0x84, 0x18, 0xc6,
    0x7d, 0xef, 0x7d, 0xef, 0x7d, 0xef, 0x7e, 0xf7, 0x7d, 0xf7, 0x5d, 0xef,
    0xdb, 0xde, 0x0c, 0x53, 0x36, 0x04, 0x9b, 0x05, 0x1c, 0x06, 0x75, 0x04,
    0x92, 0x94, 0x7a, 0xd6, 0x5d, 0xef, 0x7d, 0xef, 0x5e, 0xf7, 0x7e, 0xef,
    0x7d, 0xef, 0x7d, 0xf7, 0x5e, 0xf7, 0x7d, 0xef, 0x7d, 0xf7, 0x7d, 0xef,
    0x5d, 0xef, 0x7a, 0xd6, 0x51, 0x8c, 0x14, 0x04, 0xbb, 0x05, 0xdb, 0x05,
    0x38, 0x05, 0x72, 0x84, 0x55, 0xad, 0x5d, 0xef, 0x7e, 0xef, 0x7d, 0xf7,
    0x5d, 0xef, 0x7e, 0xef, 0x7d, 0xf7, 0x5d, 0xef, 0x7e, 0xef, 0x5d, 0xf7,
    0x7d, 0xef, 0x7d, 0xef, 0x7e, 0xf7, 0x7d, 0xef, 0x7d, 0xf7, 0xeb, 0x62,
    0xb7, 0x04, 0x7a, 0x05, 0xbd, 0x6e, 0xb7, 0x04, 0x6e, 0x73, 0x7d, 0xef,
    0x7e, 0xef, 0x5d, 0xf7, 0x7e, 0xef, 0x7d, 0xef, 0x5e, 0xef, 0x7d, 0xf7,
    0x5d, 0xef, 0x7e, 0xf7, 0x7d, 0xf7, 0x7d, 0xef, 0x7e, 0xf7, 0x7d, 0xf7,
    0x7e, 0xef, 0xeb, 0x62, 0x38, 0x05, 0xfd, 0x9e, 0xbc, 0x05, 0x54, 0x04,
    0x10, 0x84, 0x7d, 0xef, 0x5e, 0xf7, 0x7d, 0xef, 0x7d, 0xf7, 0x7e, 0xef,
    0x7d, 0xf7, 0x7d, 0xef, 0x7e, 0xef, 0x7d, 0xef, 0x7e, 0xf7, 0x7d, 0xef,
    0x7d, 0xef, 0x7e, 0xf7, 0x7d, 0xef, 0x35, 0xad, 0x11, 0x6c, 0x9b, 0x05,
    0xdb, 0x05, 0x38, 0x05, 0x2e, 0x3b, 0x39, 0xc6, 0x7d, 0xef, 0x7d, 0xf7,
    0x7e, 0xef, 0x5e, 0xf7, 0x7d, 0xef, 0x7d, 0xef, 0x7e, 0xf7, 0x7d, 0xef,
    0x7d, 0xf7, 0x5e, 0xef, 0x7d, 0xef, 0x7d, 0xf7, 0x7e, 0xef, 0x7e, 0xf7,
    0x5d, 0xef, 0x7d, 0xf7, 0x7e, 0xef, 0x5d, 0xf7, 0x7d, 0xf7, 0x7e, 0xef,
    0x5d, 0xef, 0x1c, 0xe7, 0xdb, 0xde, 0x7d, 0xf7, 0x5e, 0xef, 0x7d, 0xef,
    0x5d, 0xf7, 0x7e, 0xef, 0x7d, 0xef, 0x5d, 0xf7, 0x7e, 0xef, 0x7d, 0xef,
    0x5d, 0xef, 0x7d, 0xef, 0xdb, 0xde, 0xf0, 0x73, 0x16, 0x4d, 0x15, 0x7d,
    0xb3, 0x9c, 0x96, 0xb5, 0x3c, 0xef, 0x7d, 0xef, 0x5e, 0xf7, 0x7d, 0xef,
    0x7d, 0xf7, 0x7e, 0xef, 0x5e, 0xf7, 0x7d, 0xef, 0x7e, 0xef, 0x5d, 0xf7,
    0x7d, 0xef, 0x7e, 0xef, 0x7d, 0xf7, 0x5e, 0xef, 0x7d, 0xef, 0xbb, 0xde,
    0x0c, 0x4b, 0x39, 0x05, 0x1c, 0x06, 0x99, 0x04, 0xb0, 0x03, 0x35, 0xad,
    0x7d, 0xef, 0x7d, 0xef, 0x5d, 0xf7, 0x7e, 0xef, 0x7d, 0xef, 0x5d, 0xf7,
    0x7e, 0xef, 0x7d, 0xef, 0x7d, 0xf7, 0x5d, 0xef, 0x7d, 0xef, 0x7e, 0xf7,
    0x7d, 0xef, 0x5d, 0xef, 0x7e, 0xef, 0x7d, 0xf7, 0x5e, 0xef, 0x7d, 0xf7,
    0x7e, 0xef, 0x7d, 0xef, 0x7d, 0xf7, 0x7e, 0xf7, 0x7d, 0xef, 0x5e, 0xef,
    0x7d, 0xf7, 0x7d, 0xef, 0x5d, 0xef, 0x72, 0x94, 0x36, 0x0d, 0x7c, 0x66,
    0xb8, 0x04, 0x53, 0x04, 0xb9, 0x25, 0x9b, 0x05, 0x5c, 0x66, 0xd0, 0x53,
    0x96, 0xb5, 0x5d, 0xef, 0x7e, 0xf7, 0x7d, 0xef, 0x7d, 0xef, 0x5e, 0xf7,
    0x7d, 0xf7, 0x7d, 0xef, 0x5e, 0xf7, 0x7d, 0xef, 0x7e, 0xef, 0x7d, 0xf7,
    0x7d, 0xef, 0x5d, 0xef, 0x9a, 0xd6, 0xb7, 0xbd, 0xd7, 0xbd, 0xd7, 0xbd,
    0xd7, 0xbd, 0xd7, 0xbd, 0xd7, 0xbd, 0xd7, 0xbd, 0xd7, 0xbd, 0xd7, 0xbd,
    0xd7, 0xbd, 0xb7, 0xbd, 0x4e, 0x5b, 0x39, 0x05, 0x7b, 0x05, 0xfa, 0x05,
    0x72, 0x5c, 0x31, 0x84, 0xd6, 0x04, 0xbd, 0x8e, 0x19, 0x05, 0x34, 0x04,
    0x6e, 0x73, 0x96, 0xb5, 0xd7, 0xbd, 0xd7, 0xbd, 0xd7, 0xbd, 0xd7, 0xbd,
    0x76, 0xb5, 0xb4, 0x6c, 0xd8, 0x04, 0x9a, 0x04, 0x9a, 0x05, 0xf6, 0x44,
    0xf4, 0xa4, 0xbb, 0xde, 0x7d, 0xef, 0x7d, 0xef, 0x5e, 0xf7, 0x7d, 0xef,
    0x7e, 0xef, 0x7d, 0xf7, 0x7d, 0xef, 0x7e, 0xf7, 0x7d, 0xf7, 0x7e, 0xef,
    0x5d, 0xef, 0x0c, 0x6b, 0x99, 0x1d, 0x38, 0x05, 0xb5, 0x6c, 0xf4, 0xa4,
    0xd7, 0xbd, 0xd7, 0xbd, 0xd7, 0xbd, 0xd7, 0xbd, 0xd7, 0xbd, 0xd7, 0xbd,
    0xd7, 0xbd, 0xd7, 0xbd, 0xd7, 0xbd, 0xd7, 0xbd, 0xd7, 0xbd, 0xd7, 0xbd,
    0xd7, 0xbd, 0x55, 0xb5, 0x74, 0x3c, 0x5b, 0x96, 0xbb, 0x05, 0xd7, 0x04,
    0x31, 0x7c, 0xb7, 0xbd, 0x5d, 0xef, 0x7e, 0xef, 0x7d, 0xf7, 0x5d, 0xef,
    0x7e, 0xef, 0x5d, 0xef, 0xcb, 0x62, 0x79, 0x05, 0xfc, 0x05, 0x1c, 0x06,
    0x7c, 0x06, 0xf6, 0x24, 0xd4, 0x8c, 0xd3, 0x9c, 0xd3, 0x9c, 0xd3, 0x9c,
    0xd3, 0x9c, 0xd3, 0x9c, 0xd3, 0x9c, 0xd3, 0x9c, 0xd3, 0x9c, 0xd3, 0x9c,
    0xd3, 0x9c, 0xd3, 0xa4, 0xb3, 0x94, 0x17, 0x45, 0x3c, 0x06, 0xfc, 0x05,
    0x1c, 0x06, 0x7c, 0x06, 0xd8, 0x04, 0xb0, 0x33, 0xb7, 0xbd, 0x7d, 0xef,
    0x7e, 0xef, 0x5d, 0xf7, 0x7d, 0xef, 0x7e, 0xf7, 0x7d, 0xef, 0x5d, 0xef,
    0x7e, 0xf7, 0x7d, 0xef, 0x5d, 0xf7, 0x7e, 0xef, 0x5e, 0xef, 0x7d, 0xef,
    0xcb, 0x62, 0x38, 0x05, 0x3c, 0x06, 0xd9, 0x04, 0x55, 0x04, 0x6d, 0x73,
    0x7d, 0xef, 0x7d, 0xf7, 0x7e, 0xef, 0x7d, 0xef, 0x7d, 0xf7, 0x7e, 0xef,
    0x7d, 0xef, 0x5d, 0xef, 0x7e, 0xef, 0x7d, 0xef, 0x5d, 0xef, 0x7d, 0xef,
    0x7e, 0xf7, 0x5d, 0xef, 0xcb, 0x62, 0x78, 0x05, 0xb9, 0x04, 0xda, 0x04,
    0x92, 0x03, 0x10, 0x84, 0x7d, 0xef, 0x7d, 0xf7, 0x5e, 0xef, 0x7d, 0xef,
    0x5d, 0xf7, 0x7d, 0xef, 0x7d, 0xf7, 0x5e, 0xef, 0x5d, 0xef, 0x7d, 0xf7,
    0x7e, 0xef, 0x5d, 0xef, 0x7d, 0xf7, 0x7d, 0xef, 0x35, 0xad, 0x0f, 0x03,
    0xd9, 0x04, 0x99, 0x04, 0xf8, 0x04, 0x2e, 0x3b, 0x38, 0xce, 0x7d, 0xf7,
    0x5e, 0xef, 0x7d, 0xef, 0x7d, 0xf7, 0x5e, 0xef, 0x7d, 0xf7, 0x5d, 0xef,
    0x7e, 0xef, 0x7d, 0xf7, 0x7d, 0xef, 0x7e, 0xf7, 0x5d, 0xef, 0x7d, 0xef,
    0x7d, 0xf7, 0x7e, 0xef, 0x5d, 0xef, 0x7d, 0xf7, 0x7e, 0xef, 0x7d, 0xf7,
    0x7d, 0xf7, 0xdc, 0xe6, 0xf0, 0x83, 0x10, 0x7c, 0x7a, 0xce, 0x7d, 0xf7,
    0x7d, 0xef, 0x5e, 0xef, 0x7d, 0xf7, 0x7e, 0xef, 0x5d, 0xf7, 0x7e, 0xef,
    0x7e, 0xf7, 0x7d, 0xf7, 0x7e, 0xef, 0xbb, 0xde, 0xcc, 0x4a, 0xfa, 0x05,
    0x5c, 0x56, 0xfa, 0x4d, 0x56, 0x85, 0x92, 0x94, 0x76, 0xb5, 0xdb, 0xde,
    0x7d, 0xef, 0x7d, 0xf7, 0x7d, 0xef, 0x7d, 0xef, 0x7e, 0xf7, 0x7d, 0xef,
    0x7d, 0xef, 0x5e, 0xf7, 0x7d, 0xef, 0x7d, 0xf7, 0x7e, 0xef, 0x7d, 0xef,
    0xbb, 0xde, 0xed, 0x52, 0x19, 0x05, 0x5d, 0x06, 0x5b, 0x06, 0xb0, 0x23,
    0x35, 0xad, 0x7d, 0xf7, 0x7d, 0xef, 0x7e, 0xef, 0x7d, 0xf7, 0x7d, 0xef,
    0x7e, 0xef, 0x7d, 0xf7, 0x7d, 0xef, 0x5e, 0xf7, 0x7d, 0xef, 0x7d, 0xef,
    0x7e, 0xf7, 0x7d, 0xef, 0x7d, 0xef, 0x7d, 0xf7, 0x7d, 0xef, 0x7e, 0xef,
    0x7d, 0xf7, 0x5d, 0xef, 0x5d, 0xef, 0x7e, 0xef, 0x7d, 0xef, 0x5d, 0xf7,
    0x7e, 0xef, 0x7e, 0xef, 0x5d, 0xf7, 0x18, 0xc6, 0x90, 0x43, 0x59, 0x05,
    0xf5, 0x03, 0xf5, 0x3c, 0xab, 0x42, 0x38, 0x05, 0xbb, 0x05, 0x17, 0x04,
    0x2f, 0x03, 0x96, 0xb5, 0x7d, 0xef, 0x7d, 0xf7, 0x7e, 0xef, 0x7d, 0xef,
    0x7d, 0xef, 0x5e, 0xef, 0x7d, 0xf7, 0x5d, 0xef, 0xf8, 0xc5, 0x35, 0xad,
    0xbb, 0xde, 0x7e, 0xf7, 0x9a, 0xd6, 0x4e, 0x53, 0x53, 0x64, 0x15, 0x7d,
    0xf5, 0x74, 0x16, 0x6d, 0x56, 0x8d, 0x56, 0x8d, 0x76, 0x8d, 0x56, 0x8d,
    0xd5, 0x74, 0x36, 0x7d, 0x76, 0x95, 0x94, 0x24, 0x9a, 0x05, 0x9b, 0x05,
    0x9b, 0x05, 0x36, 0x55, 0x54, 0x04, 0x7c, 0x06, 0xf9, 0x04, 0xfb, 0x05,
    0xb5, 0x24, 0xf4, 0x74, 0x15, 0x75, 0x56, 0x8d, 0x76, 0x9d, 0x76, 0x95,
    0x56, 0x85, 0xb5, 0x64, 0xba, 0x05, 0xbc, 0x66, 0x19, 0x05, 0xbb, 0x05,
    0xba, 0x05, 0x74, 0x2c, 0x35, 0xad, 0xbb, 0xde, 0x7d, 0xef, 0x7d, 0xef,
    0x7d, 0xf7, 0x5e, 0xef, 0x5d, 0xef, 0x7d, 0xf7, 0x7e, 0xef, 0x5d, 0xef,
    0x7d, 0xf7, 0x7e, 0xef, 0xcb, 0x62, 0x97, 0x04, 0xdd, 0x26, 0xb9, 0x05,
    0x98, 0x05, 0x36, 0x85, 0xf5, 0x74, 0x15, 0x85, 0xd5, 0x7c, 0x16, 0x5d,
    0xf5, 0x7c, 0x15, 0x85, 0x15, 0x7d, 0x36, 0x85, 0x16, 0x75, 0x56, 0x85,
    0x97, 0xa5, 0x76, 0x8d, 0x36, 0x65, 0xdb, 0x05, 0x19, 0x05, 0xdd, 0x06,
    0x9a, 0x05, 0x17, 0x05, 0xf0, 0x6b, 0x9a, 0xd6, 0x7d, 0xf7, 0x7e, 0xef,
    0x7d, 0xef, 0x7e, 0xf7, 0x7d, 0xef, 0xf0, 0x83, 0xb1, 0x03, 0xf8, 0x04,
    0xfc, 0x05, 0x1e, 0xaf, 0x9c, 0x06, 0xda, 0x05, 0x5b, 0x3e, 0x9a, 0x05,
    0xdd, 0x2e, 0xfa, 0x05, 0x1b, 0x06, 0x3b, 0x6e, 0x38, 0x05, 0x58, 0x35,
    0x5c, 0x6e, 0x1b, 0x06, 0xd9, 0x55, 0xf9, 0x04, 0xfa, 0x05, 0xfb, 0x05,
    0x7a, 0x05, 0xbb, 0x05, 0x9c, 0x96, 0x56, 0x45, 0xcc, 0x52, 0xba, 0xde,
    0x7d, 0xef, 0x7e, 0xf7, 0x7d, 0xef, 0x7d, 0xef, 0x7e, 0xf7, 0x7d, 0xef,
    0x7d, 0xf7, 0x7e, 0xef, 0x7e, 0xef, 0x7d, 0xf7, 0x5d, 0xef, 0x7e, 0xef,
    0x7d, 0xf7, 0xcb, 0x5a, 0x38, 0x05, 0xde, 0x8e, 0x9b, 0x76, 0x55, 0x04,
    0x6e, 0x73, 0x7d, 0xef, 0x5d, 0xf7, 0x7e, 0xef, 0x5d, 0xf7, 0x7d, 0xf7,
    0x7e, 0xef, 0x7d, 0xf7, 0x7e, 0xf7, 0x7d, 0xef, 0x5e, 0xf7, 0x7e, 0xef,
    0x7d, 0xef, 0x5d, 0xef, 0x7e, 0xef, 0xcb, 0x5a, 0xda, 0x55, 0xbc, 0xae,
    0x39, 0x05, 0x54, 0x04, 0xf0, 0x83, 0x7d, 0xf7, 0x7e, 0xef, 0x7d, 0xef,
    0x7e, 0xf7, 0x5e, 0xef, 0x7d, 0xef, 0x7e, 0xf7, 0x7d, 0xef, 0x7d, 0xf7,
    0x5e, 0xef, 0x7d, 0xf7, 0x7e, 0xef, 0x5d, 0xef, 0x7d, 0xf7, 0x35, 0xad,
    0x10, 0x7c, 0xf8, 0x04, 0x1c, 0x06, 0x55, 0x03, 0x0d, 0x2b, 0x39, 0xce,
    0x7d, 0xef, 0x7d, 0xef, 0x7e, 0xf7, 0x7d, 0xef, 0x7d, 0xef, 0x7e, 0xf7,
    0x5d, 0xef, 0x7e, 0xef, 0x7d, 0xf7, 0x5d, 0xef, 0x7e, 0xef, 0x7d, 0xf7,
    0x5d, 0xef, 0x7e, 0xef, 0x7d, 0xf7, 0x7d, 0xef, 0x5e, 0xef, 0x7d, 0xef,
    0x7d, 0xef, 0x5e, 0xef, 0x34, 0xad, 0xb1, 0x1b, 0xd2, 0x03, 0xd3, 0xa4,
    0x5d, 0xef, 0x7e, 0xf7, 0x7d, 0xef, 0x7d, 0xef, 0x7e, 0xf7, 0x7d, 0xef,
    0x7d, 0xef, 0x5d, 0xf7, 0x7d, 0xef, 0x7e, 0xf7, 0x39, 0xce, 0xcc, 0x32,
    0xb8, 0x04, 0x5a, 0x05, 0xbc, 0x05, 0xfb, 0x05, 0x18, 0x05, 0xb1, 0x3b,
    0x35, 0xad, 0x7d, 0xef, 0x5e, 0xef, 0x5e, 0xf7, 0x7d, 0xef, 0x5d, 0xf7,
    0x7e, 0xef, 0x7d, 0xf7, 0x7e, 0xef, 0x5d, 0xef, 0x7d, 0xf7, 0x7e, 0xef,
    0x7d, 0xf7, 0xbb, 0xde, 0xec, 0x4a, 0xf9, 0x04, 0x3b, 0x05, 0xf9, 0x04,
    0xce, 0x02, 0x35, 0xad, 0x7d, 0xef, 0x5e, 0xf7, 0x7d, 0xef, 0x5d, 0xf7,
    0x7e, 0xef, 0x5d, 0xef, 0x7d, 0xf7, 0x7e, 0xef, 0x7e, 0xef, 0x7d, 0xf7,
    0x5e, 0xef, 0x5d, 0xf7, 0x7e, 0xef, 0x5e, 0xf7, 0x7d, 0xef, 0x5e, 0xef,
    0x7d, 0xf7, 0x7d, 0xef, 0x7e, 0xef, 0x7d, 0xef, 0x7e, 0xef, 0x5d, 0xf7,
    0x7d, 0xef, 0x7d, 0xf7, 0x7e, 0xef, 0x5d, 0xef, 0x92, 0x94, 0x74, 0x04,
    0xb9, 0x04, 0x76, 0x04, 0xec, 0x42, 0xcc, 0x4a, 0x75, 0x03, 0xfc, 0x05,
    0xba, 0x05, 0x6f, 0x33, 0x96, 0xb5, 0x7d, 0xef, 0x5d, 0xf7, 0x7e, 0xf7,
    0x7d, 0xef, 0x7d, 0xf7, 0x7e, 0xef, 0x5d, 0xef, 0x35, 0xad, 0xd4, 0x64,
    0xf5, 0x64, 0x34, 0xad, 0xbb, 0xd6, 0x5d, 0xef, 0x75, 0xb5, 0xcd, 0x12,
    0x58, 0x05, 0x79, 0x05, 0x39, 0x05, 0x38, 0x05, 0xb7, 0x04, 0x17, 0x05,
    0xb8, 0x8d, 0x96, 0x04, 0xd5, 0x04, 0x95, 0x04, 0x35, 0x04, 0x95, 0x04,
    0x56, 0x04, 0x55, 0x04, 0x39, 0x05, 0x9a, 0x05, 0x1a, 0x05, 0x95, 0x03,
    0x95, 0x03, 0x37, 0x05, 0x37, 0x05, 0xb6, 0x04, 0xb7, 0x04, 0x96, 0x04,
    0xf6, 0x04, 0xb8, 0x9d, 0x96, 0x04, 0xf6, 0x04, 0xb5, 0x04, 0x95, 0x04,
    0x96, 0x04, 0x96, 0x04, 0xf3, 0x03, 0xd1, 0x3b, 0xd3, 0x9c, 0x7d, 0xef,
    0x7e, 0xf7, 0x7d, 0xef, 0x7d, 0xf7, 0x7e, 0xef, 0x5d, 0xef, 0x7d, 0xf7,
    0x7e, 0xef, 0x7d, 0xef, 0x7d, 0xf7, 0xcb, 0x5a, 0x58, 0x05, 0xbb, 0x05,
    0x3a, 0x05, 0x39, 0x05, 0xd7, 0x04, 0xd4, 0x03, 0x77, 0x5d, 0xf6, 0x04,
    0xb5, 0x03, 0x12, 0x03, 0x74, 0x03, 0x95, 0x04, 0xf6, 0x04, 0xf6, 0x04,
    0xb7, 0x04, 0x35, 0x04, 0x35, 0x04, 0x37, 0x05, 0xba, 0x05, 0x1b, 0x06,
    0x7a, 0x05, 0xd9, 0x04, 0x97, 0x04, 0xb0, 0x03, 0x14, 0xa5, 0x5d, 0xef,
    0x7d, 0xef, 0x7e, 0xf7, 0x5d, 0xef, 0x7d, 0xef, 0xd7, 0xbd, 0xec, 0x42,
    0xd6, 0x04, 0x39, 0x05, 0x18, 0x04, 0xd9, 0x04, 0x7a, 0x05, 0x5d, 0x06,
    0x3c, 0x06, 0x3a, 0x05, 0xd9, 0x04, 0x1a, 0x05, 0xbc, 0x05, 0xb9, 0x04,
    0x1e, 0xaf, 0xbd, 0x06, 0xba, 0x03, 0xd9, 0x04, 0x79, 0x04, 0x5a, 0x05,
    0x9b, 0x05, 0xba, 0x05, 0xd7, 0x04, 0xd1, 0x02, 0xcb, 0x42, 0xf3, 0xa4,
    0x5d, 0xef, 0x7d, 0xef, 0x5e, 0xef, 0x7d, 0xf7, 0x5e, 0xef, 0x5d, 0xef,
    0x7e, 0xf7, 0x7d, 0xef, 0x5d, 0xef, 0x7e, 0xf7, 0x7d, 0xef, 0x7d, 0xf7,
    0x7e, 0xef, 0x7d, 0xef, 0xcb, 0x62, 0x18, 0x05, 0x99, 0x03, 0x39, 0x05,
    0x14, 0x04, 0x6e, 0x73, 0x7d, 0xef, 0x7e, 0xef, 0x7d, 0xef, 0x5d, 0xef,
    0x7e, 0xef, 0x5d, 0xef, 0x5d, 0xf7, 0x7e, 0xef, 0x7d, 0xef, 0x7d, 0xf7,
    0x7e, 0xf7, 0x7d, 0xf7, 0x7d, 0xef, 0x7e, 0xf7, 0xcb, 0x62, 0x35, 0x03,
    0x9b, 0x05, 0xf8, 0x04, 0x54, 0x04, 0xf0, 0x83, 0x7d, 0xef, 0x5d, 0xf7,
    0x7d, 0xef, 0x7d, 0xef, 0x7e, 0xf7, 0x5d, 0xef, 0x7d, 0xef, 0x7e, 0xf7,
    0x7d, 0xef, 0x7d, 0xef, 0x7e, 0xf7, 0x7d, 0xef, 0x7e, 0xef, 0x7d, 0xf7,
    0x35, 0xad, 0x8f, 0x03, 0x19, 0x05, 0xdb, 0x05, 0x39, 0x05, 0xad, 0x2a,
    0x38, 0xc6, 0x7e, 0xef, 0x5d, 0xf7, 0x7e, 0xef, 0x5d, 0xef, 0x7d, 0xf7,
    0x7e, 0xef, 0x7d, 0xf7, 0x7d, 0xef, 0x5e, 0xef, 0x7d, 0xf7, 0x7e, 0xef,
    0x7d, 0xf7, 0x7e, 0xef, 0x5e, 0xef, 0x7d, 0xf7, 0x7e, 0xf7, 0x7d, 0xef,
    0x5d, 0xf7, 0x7e, 0xef, 0x7d, 0xef, 0xd7, 0xbd, 0x0d, 0x1b, 0x76, 0x04,
    0xd0, 0x5b, 0x18, 0xc6, 0x7d, 0xf7, 0x7e, 0xef, 0x5d, 0xef, 0x7d, 0xf7,
    0x7e, 0xef, 0x5d, 0xef, 0x7d, 0xef, 0x7e, 0xef, 0x7d, 0xef, 0xd7, 0xc5,
    0x2e, 0x03, 0x77, 0x04, 0x7a, 0x05, 0xdb, 0x05, 0x39, 0x05, 0xf4, 0x03,
    0xec, 0x32, 0x18, 0xc6, 0x7d, 0xf7, 0x7d, 0xef, 0x7e, 0xef, 0x7d, 0xf7,
    0x7d, 0xef, 0x5e, 0xef, 0x7d, 0xf7, 0x7d, 0xef, 0x7e, 0xef, 0x5d, 0xf7,
    0x7d, 0xef, 0x7d, 0xef, 0xbb, 0xde, 0xec, 0x4a, 0x39, 0x05, 0x7a, 0x05,
    0xb8, 0x04, 0x4f, 0x03, 0x34, 0xad, 0x7d, 0xef, 0x7e, 0xef, 0x7d, 0xf7,
    0x7e, 0xef, 0x5d, 0xf7, 0x7d, 0xef, 0x7e, 0xf7, 0x5d, 0xef, 0x7d, 0xef,
    0x7d, 0xf7, 0x7d, 0xef, 0x7d, 0xef, 0x7d, 0xf7, 0x7e, 0xef, 0x5d, 0xef,
    0x7d, 0xf7, 0x7e, 0xef, 0x5d, 0xef, 0x7d, 0xf7, 0x7d, 0xef, 0x7d, 0xf7,
    0x7e, 0xef, 0x7d, 0xef, 0x7d, 0xf7, 0x7e, 0xef, 0x18, 0xc6, 0x8f, 0x4b,
    0x77, 0x04, 0x97, 0x04, 0x8f, 0x0b, 0x71, 0x94, 0xcc, 0x4a, 0xd7, 0x04,
    0x9a, 0x04, 0xd8, 0x04, 0x4f, 0x03, 0x96, 0xb5, 0xb6, 0xbd, 0xb7, 0xbd,
    0xb7, 0xbd, 0xb7, 0xbd, 0xb7, 0xbd, 0xb7, 0xbd, 0x76, 0xb5, 0xd4, 0x74,
    0x1b, 0x06, 0x39, 0x05, 0xb4, 0x4c, 0x34, 0xa5, 0xba, 0xde, 0x3d, 0xef,
    0x71, 0x94, 0xcd, 0x02, 0x4f, 0x03, 0x6e, 0x23, 0x2d, 0x4b, 0x8a, 0x5a,
    0x8a, 0x5a, 0x8a, 0x5a, 0x8a, 0x5a, 0x8a, 0x5a, 0x8a, 0x5a, 0x8a, 0x5a,
    0x8a, 0x5a, 0x8a, 0x5a, 0x69, 0x52, 0xb5, 0x04, 0x9b, 0x05, 0xba, 0x05,
    0x14, 0x04, 0x8a, 0x4a, 0x8a, 0x5a, 0x8a, 0x5a, 0x8a, 0x5a, 0x8a, 0x5a,
    0x8a, 0x5a, 0x8a, 0x5a, 0x8a, 0x5a, 0x8a, 0x5a, 0x8a, 0x5a, 0x8a, 0x5a,
    0x8a, 0x5a, 0x8a, 0x5a, 0x8a, 0x5a, 0x8a, 0x5a, 0x71, 0x94, 0x79, 0xd6,
    0x5d, 0xef, 0x5e, 0xef, 0x7d, 0xf7, 0x7e, 0xef, 0x7e, 0xef, 0x7d, 0xf7,
    0x5d, 0xef, 0x7e, 0xf7, 0x5e, 0xef, 0x7d, 0xef, 0xab, 0x62, 0x78, 0x05,
    0x1c, 0x06, 0xfc, 0x05, 0x7b, 0x8e, 0x69, 0x52, 0x8a, 0x5a, 0x8a, 0x5a,
    0x8a, 0x5a, 0x8a, 0x5a, 0x8a, 0x5a, 0x8a, 0x5a, 0x8a, 0x5a, 0x8a, 0x5a,
    0x8a, 0x5a, 0x8a, 0x5a, 0x8a, 0x5a, 0x8a, 0x5a, 0x69, 0x52, 0x13, 0x04,
    0x3b, 0x06, 0xfb, 0x05, 0x78, 0x05, 0xcf, 0x6b, 0x51, 0x94, 0xbb, 0xde,
    0x7d, 0xef, 0x7d, 0xf7, 0x5e, 0xef, 0x7d, 0xf7, 0x7d, 0xef, 0x5d, 0xef,
    0xf3, 0xa4, 0xeb, 0x52, 0x2f, 0x03, 0x97, 0x5d, 0xb4, 0x03, 0x17, 0x05,
    0x95, 0x04, 0x77, 0x05, 0xf6, 0x04, 0xf6, 0x04, 0xb7, 0x95, 0xb6, 0x04,
    0x95, 0x04, 0x57, 0x05, 0x95, 0x04, 0x98, 0x25, 0x34, 0x04, 0xb4, 0x03,
    0xf4, 0x03, 0x54, 0x04, 0xaf, 0x2b, 0xed, 0x02, 0x6d, 0x73, 0x75, 0xb5,
    0x5d, 0xef, 0x7d, 0xef, 0x7e, 0xef, 0x7d, 0xf7, 0x7d, 0xef, 0x7e, 0xf7,
    0x7d, 0xef, 0x7d, 0xef, 0x5e, 0xf7, 0x7d, 0xef, 0x5d, 0xef, 0x7e, 0xf7,
    0x7d, 0xef, 0x5d, 0xf7, 0x7e, 0xef, 0xab, 0x5a, 0xb8, 0x04, 0x9d, 0x06,
    0x9a, 0x05, 0x17, 0x05, 0xcf, 0x7b, 0xb7, 0xbd, 0xb7, 0xbd, 0xb7, 0xbd,
    0xd7, 0xbd, 0xb7, 0xbd, 0xd7, 0xbd, 0xb7, 0xbd, 0xb7, 0xbd, 0xb7, 0xbd,
    0xb7, 0xbd, 0xb7, 0xbd, 0xb7, 0xbd, 0xb7, 0xbd, 0xb7, 0xbd, 0x2d, 0x6b,
    0xb9, 0x05, 0x3b, 0x06, 0xba, 0x05, 0x74, 0x04, 0x51, 0x94, 0xb7, 0xbd,
    0xb7, 0xbd, 0xb7, 0xbd, 0xb7, 0xbd, 0xb7, 0xbd, 0xb7, 0xbd, 0xb7, 0xbd,
    0xb7, 0xbd, 0xb7, 0xbd, 0xb7, 0xbd, 0xb7, 0xbd, 0xb7, 0xbd, 0xb7, 0xbd,
    0xb7, 0xbd, 0x75, 0xb5, 0x11, 0x04, 0x5a, 0x05, 0xbb, 0x05, 0xfa, 0x05,
    0xed, 0x12, 0x38, 0xc6, 0x7d, 0xf7, 0x5e, 0xef, 0x7d, 0xef, 0x7d, 0xf7,
    0x5e, 0xef, 0x7d, 0xef, 0x7d, 0xf7, 0x5e, 0xef, 0x7d, 0xf7, 0x7d, 0xef,
    0x5e, 0xef, 0x7d, 0xf7, 0x7d, 0xef, 0x7d, 0xef, 0x5d, 0xf7, 0x7e, 0xef,
    0x7d, 0xef, 0x7e, 0xf7, 0x7d, 0xf7, 0x7d, 0xef, 0x3d, 0xef, 0xec, 0x62,
    0x17, 0x05, 0xb5, 0x04, 0x72, 0x94, 0x5d, 0xef, 0x7d, 0xef, 0x7e, 0xf7,
    0x5d, 0xef, 0x7e, 0xf7, 0x7e, 0xf7, 0x7d, 0xef, 0x5d, 0xf7, 0x7d, 0xef,
    0x55, 0xad, 0x90, 0x13, 0x59, 0x05, 0x3c, 0x06, 0x7b, 0x05, 0xf4, 0x03,
    0xab, 0x42, 0xd3, 0x9c, 0x5d, 0xef, 0x7d, 0xf7, 0x7d, 0xef, 0x7e, 0xef,
    0x7d, 0xf7, 0x7d, 0xef, 0x7e, 0xef, 0x5d, 0xf7, 0x7d, 0xef, 0x7e, 0xf7,
    0x7e, 0xef, 0x7d, 0xef, 0x7e, 0xf7, 0xbb, 0xde, 0xec, 0x52, 0x38, 0x05,
    0x78, 0x04, 0xf8, 0x04, 0x90, 0x1b, 0x34, 0xad, 0x7d, 0xf7, 0x7e, 0xef,
    0x7d, 0xef, 0x7d, 0xf7, 0x7e, 0xef, 0x7d, 0xef, 0x7e, 0xf7, 0x5d, 0xef,
    0x7d, 0xf7, 0x7e, 0xef, 0x5e, 0xef, 0x7d, 0xf7, 0x7d, 0xef, 0x7e, 0xef,
    0x7d, 0xf7, 0x7d, 0xf7, 0x7e, 0xef, 0x5d, 0xef, 0x7d, 0xf7, 0x5d, 0xef,
    0x7e, 0xf7, 0x7e, 0xef, 0x5d, 0xef, 0x5e, 0xf7, 0x5d, 0xef, 0x92, 0x94,
    0xb7, 0x9d, 0x9a, 0x05, 0xd3, 0x03, 0x6d, 0x73, 0x9a, 0xd6, 0xec, 0x4a,
    0x58, 0x05, 0x57, 0x04, 0x1b, 0x06, 0xaf, 0x33, 0x14, 0xa5, 0x50, 0x3b,
    0x53, 0x5c, 0x56, 0x7d, 0x56, 0x7d, 0x76, 0x8d, 0x56, 0x75, 0x16, 0x55,
    0x9a, 0x05, 0x5e, 0xc7, 0x3c, 0x06, 0x5a, 0x05, 0xb5, 0x34, 0x14, 0xa5,
    0x5d, 0xef, 0x5d, 0xef, 0x75, 0xb5, 0xb2, 0x9c, 0xf4, 0xa4, 0xb6, 0xbd,
    0x3d, 0xef, 0x7d, 0xef, 0x7d, 0xef, 0x7d, 0xef, 0x5d, 0xef, 0x7d, 0xef,
    0x7d, 0xef, 0xfb, 0xde, 0xf4, 0xa4, 0x16, 0x55, 0x39, 0x05, 0xd9, 0x04,
    0xd4, 0x03, 0xcb, 0x4a, 0x75, 0xb5, 0x5d, 0xef, 0x7d, 0xef, 0x5d, 0xef,
    0x7d, 0xef, 0x5d, 0xef, 0x7d, 0xef, 0x7d, 0xef, 0x7d, 0xef, 0x7d, 0xef,
    0x7d, 0xef, 0x5d, 0xef, 0x7d, 0xef, 0x7d, 0xef, 0x7d, 0xef, 0x7d, 0xef,
    0x7e, 0xf7, 0x7d, 0xef, 0x7d, 0xef, 0x5d, 0xf7, 0x7d, 0xef, 0x7e, 0xf7,
    0x5d, 0xef, 0x7d, 0xef, 0x7e, 0xf7, 0x7d, 0xef, 0x7d, 0xef, 0x4d, 0x73,
    0xd6, 0x04, 0x3c, 0x06, 0xda, 0x04, 0xf8, 0x04, 0xab, 0x5a, 0x7d, 0xef,
    0x7d, 0xef, 0x5d, 0xef, 0x7d, 0xef, 0x7d, 0xef, 0x7d, 0xef, 0x5d, 0xef,
    0x7d, 0xef, 0x5d, 0xef, 0x5d, 0xef, 0x7d, 0xef, 0x7d, 0xef, 0xf0, 0x83,
    0x54, 0x04, 0xfb, 0x05, 0xdb, 0x05, 0x32, 0x03, 0xcf, 0x7b, 0x3d, 0xef,
    0x7d, 0xef, 0x7d, 0xef, 0x7e, 0xf7, 0x7d, 0xef, 0x7e, 0xef, 0x5d, 0xf7,
    0x7e, 0xef, 0x5d, 0xef, 0x9a, 0xde, 0x71, 0x94, 0x8a, 0x5a, 0x8a, 0x52,
    0x8a, 0x52, 0x8a, 0x5a, 0x8a, 0x52, 0x8a, 0x5a, 0x8a, 0x5a, 0x8a, 0x52,
    0x8a, 0x5a, 0x6a, 0x5a, 0x8a, 0x52, 0x8a, 0x5a, 0x8a, 0x5a, 0x8a, 0x52,
    0x8a, 0x5a, 0x8a, 0x52, 0xeb, 0x62, 0xb2, 0x9c, 0xb6, 0xbd, 0x5d, 0xef,
    0x7e, 0xef, 0x7d, 0xef, 0x7e, 0xf7, 0x5d, 0xef, 0x7d, 0xef, 0x7e, 0xf7,
    0x5d, 0xef, 0x7d, 0xf7, 0x7e, 0xef, 0x7d, 0xf7, 0x7d, 0xef, 0x7e, 0xef,
    0x5d, 0xf7, 0x7d, 0xef, 0x7e, 0xef, 0x7d, 0xf7, 0xab, 0x5a, 0xb7, 0x04,
    0xbb, 0x05, 0x1c, 0x06, 0xb9, 0x05, 0xf5, 0x7c, 0x15, 0x65, 0x15, 0x6d,
    0xf5, 0x7c, 0x97, 0xa5, 0x36, 0x75, 0x56, 0x7d, 0x56, 0x7d, 0x56, 0x8d,
    0x35, 0x65, 0x36, 0x85, 0x35, 0x75, 0x36, 0x5d, 0x35, 0x75, 0x36, 0x7d,
    0x53, 0x44, 0x1b, 0x06, 0xfc, 0x05, 0xfb, 0x05, 0xb9, 0x45, 0xb4, 0x44,
    0x16, 0x6d, 0x15, 0x7d, 0xb7, 0xa5, 0x16, 0x75, 0x36, 0x6d, 0x76, 0x85,
    0x56, 0x95, 0x36, 0x6d, 0x76, 0x8d, 0x15, 0x75, 0x56, 0x5d, 0x16, 0x75,
    0x15, 0x75, 0xd5, 0x6c, 0x35, 0x7d, 0x37, 0x05, 0x3c, 0x06, 0x5c, 0x06,
    0x77, 0x04, 0xed, 0x2a, 0x38, 0xc6, 0x7e, 0xf7, 0x7d, 0xef, 0x7d, 0xef,
    0x7e, 0xf7, 0x7e, 0xef, 0x5d, 0xef, 0x7e, 0xf7, 0x7e, 0xef, 0x7d, 0xef,
    0x7d, 0xf7, 0x5e, 0xef, 0x7d, 0xef, 0x7d, 0xf7, 0x5e, 0xef, 0x7d, 0xef,
    0x7d, 0xef, 0x5e, 0xef, 0x7d, 0xef, 0x7e, 0xf7, 0x5d, 0xef, 0x7d, 0xef,
    0x31, 0x8c, 0x74, 0x04, 0xb9, 0x05, 0xf1, 0x4b, 0x96, 0xb5, 0x7d, 0xef,
    0x7e, 0xf7, 0x7d, 0xef, 0x5d, 0xef, 0x7d, 0xf7, 0x7e, 0xef, 0x7e, 0xef,
    0x5d, 0xf7, 0xf4, 0xa4, 0x91, 0x03, 0x19, 0x05, 0x9b, 0x05, 0xfd, 0xb6,
    0x33, 0x04, 0x10, 0x8c, 0x5d, 0xef, 0x7e, 0xef, 0x5d, 0xf7, 0x5e, 0xef,
    0x7d, 0xf7, 0x5e, 0xef, 0x7d, 0xf7, 0x7e, 0xef, 0x5d, 0xef, 0x7d, 0xf7,
    0x7e, 0xef, 0x5d, 0xef, 0x7d, 0xf7, 0x7d, 0xef, 0xbb, 0xde, 0xec, 0x42,
    0xbb, 0xae, 0x1c, 0x06, 0xd9, 0x04, 0x70, 0x03, 0x35, 0xad, 0x7d, 0xef,
    0x5d, 0xf7, 0x5e, 0xef, 0x7d, 0xef, 0x5d, 0xf7, 0x7e, 0xef, 0x7d, 0xef,
    0x7e, 0xf7, 0x5d, 0xef, 0x7e, 0xef, 0x7e, 0xf7, 0x5d, 0xf7, 0x7e, 0xef,
    0x5d, 0xef, 0x7d, 0xf7, 0x7e, 0xef, 0x5d, 0xef, 0x7e, 0xf7, 0x7e, 0xef,
    0x7d, 0xef, 0x7d, 0xf7, 0x5d, 0xef, 0x7d, 0xf7, 0x7d, 0xef, 0x96, 0xb5,
    0x31, 0x5c, 0x59, 0x05, 0xf6, 0x04, 0x8b, 0x4a, 0x96, 0xb5, 0xbb, 0xde,
    0xec, 0x4a, 0x77, 0x04, 0xdb, 0x05, 0xd7, 0x04, 0x4f, 0x03, 0x55, 0xb5,
    0xab, 0x52, 0x51, 0x03, 0xd5, 0x03, 0x56, 0x04, 0xb8, 0x04, 0xf6, 0x03,
    0xb7, 0x04, 0x1b, 0x06, 0x7a, 0x05, 0xba, 0x05, 0x16, 0x04, 0xb6, 0x04,
    0x6f, 0x3b, 0xb6, 0xb5, 0x7d, 0xef, 0x7e, 0xef, 0x7d, 0xef, 0x7d, 0xef,
    0x7e, 0xef, 0x7d, 0xef, 0x7d, 0xf7, 0x5d, 0xef, 0x7e, 0xef, 0x7d, 0xf7,
    0x5d, 0xef, 0x3d, 0xe7, 0x34, 0xad, 0x53, 0x44, 0xba, 0x05, 0xd5, 0x03,
    0x54, 0x04, 0xcb, 0x4a, 0x34, 0xad, 0x5d, 0xef, 0x7d, 0xf7, 0x7d, 0xef,
    0x7d, 0xf7, 0x7d, 0xf7, 0x7d, 0xef, 0x5e, 0xf7, 0x7d, 0xf7, 0x5d, 0xef,
    0x7e, 0xf7, 0x7d, 0xf7, 0x5e, 0xef, 0x7d, 0xf7, 0x7e, 0xf7, 0x5d, 0xef,
    0x7e, 0xf7, 0x7d, 0xef, 0x7e, 0xf7, 0x7e, 0xef, 0x7d, 0xef, 0x5d, 0xf7,
    0x7e, 0xef, 0x7d, 0xef, 0x7d, 0xf7, 0x7e, 0xef, 0x5d, 0xef, 0x7e, 0xf7,
    0x4d, 0x6b, 0x17, 0x05, 0x3c, 0x04, 0x7c, 0x06, 0xf4, 0x02, 0xaa, 0x5a,
    0x7d, 0xef, 0x7e, 0xf7, 0x5d, 0xf7, 0x7d, 0xef, 0x7e, 0xf7, 0x5d, 0xf7,
    0x7d, 0xef, 0x7e, 0xf7, 0x7d, 0xef, 0x7d, 0xf7, 0x7d, 0xef, 0x5d, 0xef,
    0xf0, 0x83, 0xb3, 0x03, 0xbd, 0x06, 0x1b, 0x04, 0xd5, 0x34, 0xef, 0x83,
    0x7d, 0xef, 0x7d, 0xef, 0x5e, 0xf7, 0x7d, 0xef, 0x7d, 0xef, 0x5e, 0xf7,
    0x7d, 0xef, 0x7d, 0xef, 0x7e, 0xf7, 0x7e, 0xef, 0x7d, 0xef, 0x7e, 0xef,
    0x7d, 0xf7, 0x7d, 0xef, 0x5d, 0xef, 0x7d, 0xef, 0x7d, 0xef, 0x5d, 0xef,
    0x7d, 0xef, 0x7d, 0xef, 0x7d, 0xef, 0x7d, 0xef, 0x5d, 0xef, 0x7d, 0xef,
    0x7d, 0xef, 0x7d, 0xf7, 0x7d, 0xef, 0x7d, 0xef, 0x7d, 0xf7, 0x7d, 0xef,
    0x7e, 0xef, 0x7d, 0xf7, 0x5d, 0xef, 0x7e, 0xef, 0x7d, 0xf7, 0x5d, 0xef,
    0x7e, 0xef, 0x7d, 0xf7, 0x5e, 0xef, 0x7d, 0xef, 0x7d, 0xf7, 0x5e, 0xef,
    0x7d, 0xf7, 0x7d, 0xef, 0x5e, 0xef, 0x7d, 0xf7, 0x7d, 0xef, 0xab, 0x5a,
    0x77, 0x04, 0x5a, 0x05, 0x5b, 0x05, 0xf7, 0x04, 0x16, 0x04, 0x98, 0x35,
    0xd5, 0x03, 0x77, 0x05, 0xb6, 0x04, 0x54, 0x04, 0x55, 0x04, 0x14, 0x04,
    0xb8, 0x8d, 0xb6, 0x04, 0x17, 0x05, 0xd7, 0x04, 0xd6, 0x04, 0x73, 0x03,
    0xd7, 0x04, 0x36, 0x04, 0x7a, 0x05, 0xfa, 0x04, 0x79, 0x05, 0x99, 0x04,
    0xd8, 0x05, 0xf5, 0x03, 0x57, 0x05, 0x35, 0x04, 0x16, 0x05, 0x35, 0x04,
    0xb5, 0x04, 0x97, 0x65, 0x17, 0x05, 0xf7, 0x04, 0xb6, 0x04, 0x95, 0x04,
    0xb2, 0x02, 0xd6, 0x04, 0xf5, 0x03, 0x55, 0x04, 0x57, 0x04, 0x79, 0x05,
    0x7b, 0x05, 0x5b, 0x06, 0xcd, 0x22, 0x18, 0xce, 0x7e, 0xef, 0x7d, 0xf7,
    0x5d, 0xef, 0x7e, 0xf7, 0x7d, 0xef, 0x7d, 0xf7, 0x5d, 0xef, 0x7d, 0xef,
    0x7e, 0xf7, 0x7d, 0xef, 0x7d, 0xf7, 0x7e, 0xef, 0x7e, 0xf7, 0x5d, 0xf7,
    0x7e, 0xef, 0x7d, 0xf7, 0x5d, 0xf7, 0x7e, 0xef, 0x7d, 0xef, 0x7e, 0xf7,
    0x7d, 0xf7, 0x34, 0xa5, 0xb0, 0x43, 0x9a, 0x05, 0x58, 0x05, 0xef, 0x7b,
    0x5d, 0xef, 0x7e, 0xf7, 0x7d, 0xef, 0x7d, 0xef, 0x5d, 0xef, 0x7e, 0xf7,
    0x7d, 0xef, 0x7d, 0xef, 0x51, 0x8c, 0x54, 0x04, 0x1a, 0x05, 0x7d, 0x06,
    0x79, 0x05, 0xb0, 0x43, 0x34, 0xad, 0x7d, 0xef, 0x7d, 0xef, 0x7e, 0xf7,
    0x7d, 0xef, 0x7d, 0xef, 0x5e, 0xf7, 0x7d, 0xef, 0x7d, 0xf7, 0x7e, 0xef,
    0x7d, 0xef, 0x5d, 0xf7, 0x7e, 0xef, 0x7d, 0xef, 0x5d, 0xf7, 0xbb, 0xde,
    0x0c, 0x53, 0x18, 0x05, 0xdb, 0x05, 0x36, 0x04, 0x6f, 0x03, 0x34, 0xad,
    0x7e, 0xef, 0x7d, 0xef, 0x7e, 0xf7, 0x7d, 0xef, 0x7d, 0xf7, 0x5e, 0xef,
    0x7d, 0xef, 0x7d, 0xf7, 0x7d, 0xef, 0x7d, 0xef, 0x7d, 0xf7, 0x7d, 0xef,
    0x7e, 0xef, 0x5d, 0xf7, 0x7e, 0xef, 0x7d, 0xef, 0x7d, 0xf7, 0x7d, 0xef,
    0x7d, 0xef, 0x7d, 0xef, 0x7e, 0xef, 0x7e, 0xf7, 0x7d, 0xef, 0x3d, 0xe7,
    0xcf, 0x83, 0xf7, 0x04, 0xd5, 0x03, 0x4d, 0x4b, 0xd3, 0x9c, 0x5d, 0xef,
    0xdb, 0xde, 0xab, 0x4a, 0x54, 0x03, 0xba, 0x04, 0xfb, 0x05, 0x8d, 0x02,
    0x76, 0xb5, 0x75, 0xb5, 0xaa, 0x52, 0xaf, 0x6b, 0xec, 0x3a, 0x69, 0x52,
    0x6a, 0x52, 0x69, 0x4a, 0x78, 0x05, 0xb9, 0x04, 0x3b, 0x4e, 0xd8, 0x04,
    0x4e, 0x53, 0x71, 0x94, 0x3d, 0xef, 0x7d, 0xf7, 0x7e, 0xef, 0x7d, 0xf7,
    0x7d, 0xf7, 0x7e, 0xef, 0x7d, 0xf7, 0x7e, 0xef, 0x7e, 0xf7, 0x7d, 0xef,
    0x7e, 0xf7, 0x5d, 0xef, 0x35, 0xad, 0x94, 0x64, 0x18, 0x05, 0x1a, 0x46,
    0xf4, 0x03, 0xcb, 0x52, 0x34, 0xad, 0x5d, 0xef, 0x7d, 0xef, 0x7e, 0xef,
    0x5e, 0xf7, 0x7e, 0xef, 0x7d, 0xef, 0x7e, 0xf7, 0x7d, 0xef, 0x7e, 0xef,
    0x5d, 0xf7, 0x7d, 0xef, 0x7e, 0xef, 0x7d, 0xef, 0x7e, 0xf7, 0x5d, 0xef,
    0x7e, 0xef, 0x7d, 0xf7, 0x5d, 0xef, 0x5d, 0xef, 0x7e, 0xf7, 0x7d, 0xef,
    0x7e, 0xef, 0x5d, 0xf7, 0x7d, 0xef, 0x7e, 0xf7, 0x5d, 0xef, 0x7d, 0xf7,
    0x7e, 0xef, 0x4d, 0x6b, 0x37, 0x05, 0xbb, 0x05, 0x1c, 0x06, 0xf8, 0x04,
    0xab, 0x5a, 0x7d, 0xef, 0x7e, 0xef, 0x7d, 0xf7, 0x7e, 0xef, 0x7d, 0xef,
    0x7e, 0xf7, 0x7e, 0xef, 0x7d, 0xef, 0x5e, 0xf7, 0x7e, 0xf7, 0x7d, 0xef,
    0x7e, 0xf7, 0xef, 0x83, 0x95, 0x04, 0x3b, 0x06, 0xdb, 0x05, 0x34, 0x04,
    0xef, 0x83, 0x7d, 0xef, 0x7e, 0xf7, 0x5e, 0xef, 0x7d, 0xef, 0x7d, 0xf7,
    0x5d, 0xef, 0x1c, 0xe7, 0x9a, 0xd6, 0x5d, 0xef, 0x7d, 0xf7, 0x7d, 0xef,
    0x5e, 0xef, 0x7d, 0xf7, 0x7d, 0xf7, 0x5e, 0xef, 0x7d, 0xf7, 0x7d, 0xf7,
    0x5e, 0xef, 0x7d, 0xf7, 0x7d, 0xf7, 0x5d, 0xef, 0x7e, 0xf7, 0x7d, 0xf7,
    0x5d, 0xef, 0x7e, 0xef, 0x5d, 0xf7, 0x7d, 0xef, 0x5e, 0xef, 0x5d, 0xf7,
    0x7e, 0xef, 0x7d, 0xef, 0x5d, 0xf7, 0x7e, 0xef, 0x7d, 0xef, 0x7e, 0xf7,
    0x7d, 0xef, 0x7d, 0xef, 0x7e, 0xf7, 0x7d, 0xef, 0x5e, 0xef, 0x7d, 0xf7,
    0x7e, 0xef, 0x7d, 0xef, 0x7e, 0xf7, 0x7e, 0xef, 0x7d, 0xef, 0x7d, 0xf7,
    0xab, 0x5a, 0x77, 0x04, 0x7c, 0x36, 0xba, 0x05, 0x37, 0x05, 0x49, 0x52,
    0x6a, 0x52, 0x6a, 0x52, 0x69, 0x52, 0x6a, 0x52, 0x6a, 0x52, 0x69, 0x52,
    0x6a, 0x52, 0x6a, 0x52, 0x69, 0x52, 0x69, 0x52, 0x6a, 0x5a, 0x6a, 0x52,
    0x69, 0x52, 0x6a, 0x5a, 0x69, 0x4a, 0xd9, 0x05, 0x3c, 0x1e, 0xfb, 0x05,
    0xb5, 0x04, 0x49, 0x52, 0x6a, 0x52, 0x6a, 0x52, 0x69, 0x52, 0x6a, 0x5a,
    0x6a, 0x5a, 0x6a, 0x52, 0x6a, 0x52, 0x6a, 0x5a, 0x6a, 0x52, 0x6a, 0x52,
    0x6a, 0x5a, 0x6a, 0x52, 0x6a, 0x52, 0x6a, 0x52, 0x69, 0x52, 0xd0, 0x4b,
    0x99, 0x05, 0x5d, 0x06, 0x3b, 0x06, 0x4e, 0x4b, 0x18, 0xc6, 0x7d, 0xef,
    0x7e, 0xef, 0x5d, 0xf7, 0x7d, 0xef, 0x7e, 0xef, 0x7d, 0xf7, 0x7d, 0xef,
    0x5e, 0xf7, 0x7d, 0xef, 0x5e, 0xef, 0x7d, 0xf7, 0x7d, 0xef, 0x5d, 0xef,
    0x7d, 0xef, 0x7e, 0xf7, 0x7d, 0xef, 0x7d, 0xef, 0x5e, 0xf7, 0x7d, 0xef,
    0x7d, 0xef, 0x7e, 0xef, 0xd7, 0xbd, 0x4e, 0x4b, 0x58, 0x05, 0x59, 0x05,
    0x90, 0x3b, 0x96, 0xb5, 0x7d, 0xf7, 0x7e, 0xef, 0x7e, 0xf7, 0x7d, 0xef,
    0x5d, 0xf7, 0x7e, 0xef, 0x7d, 0xef, 0x8e, 0x7b, 0x16, 0x05, 0x5c, 0x06,
    0xdb, 0x05, 0xb5, 0x03, 0xab, 0x52, 0xfb, 0xe6, 0x7d, 0xef, 0x7e, 0xef,
    0x7d, 0xf7, 0x7d, 0xef, 0x7e, 0xef, 0x7d, 0xef, 0x5d, 0xf7, 0x7e, 0xef,
    0x7d, 0xef, 0x5e, 0xf7, 0x7d, 0xf7, 0x7e, 0xef, 0x7d, 0xef, 0x7e, 0xef,
    0xbb, 0xde, 0xcc, 0x4a, 0x16, 0x04, 0x7c, 0x4e, 0x39, 0x05, 0xd0, 0x53,
    0x34, 0xad, 0x7d, 0xef, 0x7e, 0xef, 0x7d, 0xf7, 0x5e, 0xef, 0x7d, 0xef,
    0x7d, 0xf7, 0x5e, 0xef, 0x5d, 0xef, 0x59, 0xce, 0x1c, 0xe7, 0x5d, 0xef,
    0x7e, 0xef, 0x7d, 0xf7, 0x7d, 0xef, 0x5e, 0xef, 0x7d, 0xf7, 0x7e, 0xef,
    0x5d, 0xef, 0x7d, 0xf7, 0x5d, 0xef, 0x7e, 0xf7, 0x7d, 0xef, 0x5d, 0xef,
    0x55, 0xad, 0x32, 0x14, 0xf8, 0x04, 0xd0, 0x03, 0x51, 0x94, 0x5d, 0xef,
    0x7d, 0xef, 0xbb, 0xde, 0xec, 0x52, 0x36, 0x04, 0x1e, 0x87, 0x5b, 0x16,
    0x2f, 0x03, 0x96, 0xb5, 0x5d, 0xef, 0xfb, 0xde, 0x34, 0xad, 0x18, 0xc6,
    0x5d, 0xef, 0x7d, 0xf7, 0xaa, 0x5a, 0xf8, 0x04, 0x3c, 0x06, 0x59, 0x05,
    0x4f, 0x03, 0x51, 0x8c, 0x3d, 0xef, 0x7d, 0xef, 0x7d, 0xef, 0x7e, 0xf7,
    0x5d, 0xef, 0x7e, 0xef, 0x5d, 0xf7, 0x7d, 0xef, 0x5d, 0xef, 0x7d, 0xef,
    0x7d, 0xf7, 0x5d, 0xef, 0x35, 0xad, 0x93, 0x5c, 0xda, 0x05, 0xba, 0x05,
    0x33, 0x04, 0xaa, 0x52, 0x75, 0xb5, 0x5d, 0xef, 0x7e, 0xf7, 0x7d, 0xef,
    0x7d, 0xef, 0x5d, 0xf7, 0x7d, 0xef, 0x5e, 0xef, 0x5d, 0xf7, 0x5d, 0xef,
    0x1c, 0xe7, 0x7d, 0xef, 0x7e, 0xef, 0x5d, 0xf7, 0x7d, 0xef, 0x7d, 0xef,
    0x7d, 0xef, 0x7e, 0xf7, 0x7d, 0xef, 0x7d, 0xef, 0x7e, 0xf7, 0x5d, 0xef,
    0x7d, 0xf7, 0x7e, 0xef, 0x7d, 0xef, 0x5e, 0xf7, 0x7d, 0xef, 0x7d, 0xef,
    0x7e, 0xf7, 0x7d, 0xef, 0x4d, 0x6b, 0x17, 0x05, 0x9b, 0x05, 0xd9, 0x04,
    0x19, 0x05, 0xaa, 0x5a, 0x7d, 0xef, 0x5d, 0xef, 0x7e, 0xf7, 0x5d, 0xef,
    0x7d, 0xef, 0x5d, 0xf7, 0x7d, 0xef, 0x7d, 0xef, 0x5e, 0xef, 0x7d, 0xef,
    0x7d, 0xef, 0x5e, 0xef, 0xcf, 0x83, 0xf5, 0x5c, 0x1b, 0x06, 0x7a, 0x05,
    0x72, 0x03, 0xcf, 0x83, 0x7d, 0xef, 0x7e, 0xef, 0x7d, 0xf7, 0x7d, 0xef,
    0x7e, 0xf7, 0x1c, 0xe7, 0xaf, 0x73, 0x52, 0x74, 0x14, 0xad, 0x79, 0xce,
    0x5d, 0xef, 0x7e, 0xf7, 0x7d, 0xef, 0x7e, 0xef, 0x7e, 0xef, 0x7d, 0xf7,
    0x7e, 0xef, 0x7d, 0xef, 0x7e, 0xf7, 0x5e, 0xef, 0x7d, 0xef, 0x7e, 0xf7,
    0x7d, 0xef, 0x7e, 0xf7, 0x7d, 0xef, 0x7e, 0xf7, 0x7d, 0xef, 0x7e, 0xf7,
    0x7d, 0xef, 0x7d, 0xef, 0x5e, 0xf7, 0x7d, 0xef, 0x7d, 0xf7, 0x5e, 0xef,
    0x7d, 0xf7, 0x7e, 0xef, 0x5d, 0xf7, 0x7d, 0xef, 0x7e, 0xef, 0x7d, 0xf7,
    0x5d, 0xef, 0x7d, 0xef, 0x7e, 0xf7, 0x5d, 0xef, 0x7d, 0xf7, 0x5e, 0xef,
    0x7d, 0xef, 0xaa, 0x5a, 0xba, 0x05, 0x1c, 0x06, 0x1b, 0x04, 0xd6, 0x04,
    0x4d, 0x6b, 0x7d, 0xf7, 0x7d, 0xef, 0x7d, 0xf7, 0x7d, 0xf7, 0x7d, 0xef,
    0x7d, 0xf7, 0x7d, 0xf7, 0x7d, 0xef, 0x7d, 0xf7, 0x7d, 0xef, 0x7d, 0xf7,
    0x7d, 0xef, 0x7d, 0xef, 0x7d, 0xf7, 0xaa, 0x5a, 0xda, 0x05, 0x5c, 0x04,
    0x1b, 0x06, 0xf5, 0x54, 0xef, 0x83, 0x7d, 0xef, 0x7d, 0xef, 0x7d, 0xf7,
    0x7d, 0xef, 0x7d, 0xef, 0x7d, 0xf7, 0x7d, 0xef, 0x7d, 0xef, 0x7d, 0xf7,
    0x7d, 0xef, 0x7d, 0xef, 0x7d, 0xf7, 0x7d, 0xf7, 0x7d, 0xef, 0x34, 0xad,
    0xf1, 0x02, 0x5b, 0x06, 0x5c, 0x06, 0xfa, 0x05, 0x4e, 0x33, 0x38, 0xc6,
    0x7d, 0xf7, 0x7e, 0xef, 0x7d, 0xef, 0x5d, 0xf7, 0x7e, 0xef, 0x7e, 0xef,
    0x5d, 0xf7, 0x7d, 0xef, 0x7e, 0xef, 0x5d, 0xf7, 0x7e, 0xef, 0x7d, 0xef,
    0x7e, 0xf7, 0x7d, 0xef, 0x5d, 0xef, 0x7e, 0xf7, 0x7d, 0xef, 0x7d, 0xef,
    0x5e, 0xf7, 0x7d, 0xef, 0x5d, 0xf7, 0xfc, 0xe6, 0xab, 0x52, 0x78, 0x05,
    0x9c, 0x86, 0x35, 0x04, 0xcf, 0x7b, 0x5d, 0xef, 0x7d, 0xf7, 0x7e, 0xef,
    0x5d, 0xef, 0x7d, 0xf7, 0x7e, 0xef, 0x5d, 0xef, 0xec, 0x62, 0x17, 0x05,
    0x5c, 0x06, 0x5a, 0x05, 0xd5, 0x04, 0x8e, 0x73, 0x5d, 0xef, 0x7d, 0xef,
    0x5e, 0xf7, 0x5d, 0xef, 0x7e, 0xf7, 0x5d, 0xef, 0x9a, 0xd6, 0x18, 0xc6,
    0x5d, 0xef, 0x7d, 0xef, 0x7d, 0xf7, 0x7e, 0xef, 0x5d, 0xef, 0x7d, 0xf7,
    0x7d, 0xef, 0xdb, 0xde, 0xcc, 0x42, 0xb9, 0x05, 0x9a, 0x05, 0xb8, 0x04,
    0x70, 0x03, 0x35, 0xad, 0x7d, 0xef, 0x5d, 0xf7, 0x7e, 0xef, 0x7d, 0xef,
    0x7e, 0xf7, 0x7d, 0xef, 0x7e, 0xf7, 0x75, 0xb5, 0x73, 0x74, 0x51, 0x8c,
    0xb7, 0xbd, 0x5d, 0xef, 0x7d, 0xf7, 0x7e, 0xef, 0x7d, 0xf7, 0x5d, 0xef,
    0x7e, 0xef, 0x7e, 0xf7, 0x5d, 0xef, 0x7d, 0xef, 0x7d, 0xf7, 0x5e, 0xef,
    0x9a, 0xd6, 0x4e, 0x6b, 0xd7, 0x04, 0x94, 0x04, 0x6d, 0x73, 0xbb, 0xde,
    0x7d, 0xef, 0x7d, 0xf7, 0xbb, 0xde, 0xcc, 0x4a, 0xb7, 0x04, 0x3b, 0x05,
    0x1b, 0x06, 0xaf, 0x5b, 0x75, 0xb5, 0x7d, 0xef, 0x7e, 0xef, 0x7d, 0xef,
    0x7d, 0xef, 0x5d, 0xf7, 0x7d, 0xef, 0x8a, 0x5a, 0x58, 0x05, 0xda, 0x04,
    0x7a, 0x05, 0x90, 0x23, 0x34, 0xad, 0x7d, 0xef, 0x7d, 0xef, 0x7e, 0xf7,
    0x5d, 0xef, 0x7d, 0xef, 0x7e, 0xef, 0x7d, 0xf7, 0x7e, 0xef, 0x5e, 0xef,
    0x7d, 0xf7, 0x5d, 0xef, 0x35, 0xad, 0xd4, 0x8c, 0xfa, 0x05, 0x59, 0x05,
    0xb2, 0x03, 0x8a, 0x52, 0x96, 0xb5, 0x5d, 0xef, 0x7d, 0xef, 0x7e, 0xf7,
    0x5d, 0xf7, 0x7e, 0xef, 0x7d, 0xef, 0x7d, 0xf7, 0x7e, 0xef, 0x7d, 0xef,
    0x7a, 0xd6, 0xf0, 0x7b, 0x92, 0x94, 0xf8, 0xc5, 0x5d, 0xef, 0x7e, 0xf7,
    0x5d, 0xef, 0x7e, 0xf7, 0x5d, 0xef, 0x7d, 0xef, 0x7e, 0xf7, 0x7e, 0xef,
    0x7d, 0xef, 0x5d, 0xf7, 0x7d, 0xef, 0x7e, 0xef, 0x7d, 0xf7, 0x7d, 0xef,
    0x5e, 0xef, 0x7d, 0xf7, 0x7d, 0xef, 0x2d, 0x6b, 0x15, 0x04, 0xbd, 0x4e,
    0xfb, 0x05, 0x7a, 0x05, 0x0c, 0x63, 0xb7, 0xbd, 0xb7, 0xbd, 0xb7, 0xbd,
    0xb7, 0xbd, 0xb7, 0xbd, 0xb7, 0xbd, 0xb7, 0xbd, 0xb7, 0xbd, 0xb7, 0xbd,
    0xb7, 0xbd, 0xb7, 0xbd, 0xb7, 0xbd, 0x51, 0x8c, 0xf4, 0x03, 0xb8, 0x03,
    0x7c, 0x06, 0x34, 0x04, 0xcf, 0x7b, 0x7d, 0xef, 0x7e, 0xf7, 0x5d, 0xef,
    0x7d, 0xef, 0x7e, 0xf7, 0xdb, 0xde, 0x6e, 0x6b, 0x99, 0x05, 0x18, 0x5d,
    0xb3, 0x8c, 0x35, 0xa5, 0x59, 0xce, 0x5d, 0xef, 0x7d, 0xef, 0x5d, 0xf7,
    0x7d, 0xef, 0x5d, 0xef, 0x7d, 0xef, 0x7d, 0xef, 0x7d, 0xef, 0x7e, 0xf7,
    0x5d, 0xef, 0x7d, 0xef, 0x5d, 0xef, 0x59, 0xce, 0x5d, 0xef, 0x7d, 0xef,
    0x7e, 0xf7, 0x7d, 0xef, 0x5d, 0xf7, 0x7e, 0xef, 0x7d, 0xef, 0x7d, 0xf7,
    0x5e, 0xef, 0x7d, 0xef, 0x7d, 0xf7, 0x5e, 0xef, 0x7d, 0xef, 0x7d, 0xf7,
    0x5e, 0xf7, 0x7d, 0xef, 0x7e, 0xef, 0x5d, 0xf7, 0x7d, 0xef, 0x7d, 0xef,
    0x7e, 0xf7, 0x5d, 0xef, 0x8a, 0x5a, 0x55, 0x03, 0x3c, 0x06, 0x9b, 0x04,
    0xd6, 0x04, 0x4d, 0x6b, 0x7d, 0xef, 0x7d, 0xef, 0x7e, 0xf7, 0x7e, 0xef,
    0x7d, 0xef, 0x7e, 0xf7, 0x7e, 0xef, 0x7d, 0xef, 0x7e, 0xf7, 0x7e, 0xef,
    0x7d, 0xef, 0x7e, 0xf7, 0x7e, 0xef, 0x7d, 0xef, 0x8a, 0x5a, 0x38, 0x05,
    0x7b, 0x04, 0xdb, 0x05, 0xb5, 0x04, 0xcf, 0x7b, 0x7d, 0xf7, 0x7e, 0xef,
    0x7d, 0xf7, 0x7d, 0xef, 0x7e, 0xef, 0x7d, 0xf7, 0x7d, 0xef, 0x7d, 0xef,
    0x7d, 0xf7, 0x7d, 0xef, 0x7d, 0xef, 0x7e, 0xf7, 0x7d, 0xef, 0x7d, 0xef,
    0x14, 0xad, 0x50, 0x03, 0x79, 0x05, 0x5d, 0x06, 0x39, 0x05, 0x2d, 0x43,
    0x18, 0xc6, 0x7e, 0xf7, 0x7d, 0xef, 0x5e, 0xef, 0x7d, 0xf7, 0x7d, 0xef,
    0x5e, 0xef, 0x7d, 0xf7, 0x7d, 0xef, 0x7e, 0xef, 0x7d, 0xf7, 0x5d, 0xef,
    0x7e, 0xf7, 0x7d, 0xef, 0x5e, 0xf7, 0x7d, 0xef, 0x7e, 0xef, 0x7d, 0xf7,
    0x7d, 0xef, 0x7e, 0xef, 0x7d, 0xf7, 0x7d, 0xef, 0x5d, 0xef, 0x2d, 0x6b,
    0xd6, 0x04, 0x7a, 0x05, 0x79, 0x05, 0x90, 0x03, 0x96, 0xb5, 0x7d, 0xef,
    0x5d, 0xef, 0x7e, 0xf7, 0x7d, 0xef, 0x7d, 0xf7, 0x1c, 0xe7, 0xab, 0x52,
    0x1a, 0x06, 0x1c, 0x06, 0xba, 0x05, 0x4f, 0x03, 0x14, 0xa5, 0x7d, 0xef,
    0x7e, 0xf7, 0x7d, 0xef, 0x7d, 0xef, 0x7e, 0xf7, 0x7a, 0xd6, 0xf0, 0x6b,
    0xb3, 0x8c, 0xf4, 0xa4, 0x39, 0xc6, 0x5d, 0xef, 0x7d, 0xef, 0x7e, 0xf7,
    0x5d, 0xf7, 0x7d, 0xef, 0xbb, 0xde, 0xcc, 0x4a, 0xb8, 0x04, 0xdb, 0x05,
    0x7a, 0x05, 0xb0, 0x13, 0x14, 0xad, 0x7d, 0xef, 0x7e, 0xef, 0x5d, 0xf7,
    0x7d, 0xef, 0x5d, 0xef, 0x7e, 0xf7, 0xf7, 0xbd, 0xd0, 0x73, 0x38, 0x05,
    0x99, 0x05, 0x72, 0x7c, 0x35, 0xad, 0x5d, 0xef, 0x7e, 0xef, 0x7d, 0xf7,
    0x7d, 0xef, 0x7d, 0xf7, 0x7e, 0xef, 0x7d, 0xef, 0x7d, 0xef, 0x7e, 0xef,
    0x5d, 0xf7, 0xf4, 0xa4, 0x32, 0x04, 0x34, 0x04, 0x8b, 0x3a, 0x76, 0xb5,
    0x7d, 0xef, 0x7d, 0xef, 0x7e, 0xef, 0xbb, 0xde, 0xab, 0x42, 0x99, 0x05,
    0x5a, 0x05, 0xb6, 0x03, 0xef, 0x02, 0x75, 0xb5, 0x7e, 0xef, 0x7d, 0xf7,
    0x5d, 0xef, 0x7e, 0xef, 0x7e, 0xef, 0x7d, 0xef, 0x8a, 0x5a, 0xf8, 0x04,
    0xbb, 0x05, 0x1b, 0x06, 0xb0, 0x03, 0x14, 0xad, 0x7e, 0xf7, 0x7d, 0xef,
    0x7e, 0xf7, 0x7d, 0xef, 0x7d, 0xf7, 0x5e, 0xf7, 0x7d, 0xef, 0x7d, 0xf7,
    0x39, 0xc6, 0xd3, 0x9c, 0x75, 0xad, 0x73, 0x5c, 0x3b, 0x36, 0x39, 0x05,
    0xb2, 0x03, 0x8a, 0x52, 0x76, 0xb5, 0x5d, 0xef, 0x7d, 0xef, 0x7e, 0xef,
    0x7d, 0xef, 0x7d, 0xf7, 0x5e, 0xef, 0x7e, 0xef, 0x7d, 0xf7, 0x7d, 0xef,
    0x3d, 0xe7, 0xd3, 0x9c, 0x56, 0x6d, 0x78, 0x7d, 0x30, 0x7c, 0xb7, 0xbd,
    0x5d, 0xef, 0x7e, 0xf7, 0x7d, 0xef, 0x7d, 0xef, 0x5e, 0xf7, 0x5d, 0xf7,
    0x7d, 0xef, 0x7e, 0xef, 0x7d, 0xf7, 0x5e, 0xef, 0x7d, 0xf7, 0x7d, 0xef,
    0x5e, 0xf7, 0x7e, 0xef, 0x7d, 0xef, 0x5d, 0xf7, 0x2d, 0x6b, 0x75, 0x04,
    0x7c, 0x06, 0x7b, 0x05, 0x9a, 0x04, 0xd4, 0x5c, 0x36, 0x75, 0x16, 0x75,
    0x15, 0x85, 0x15, 0x6d, 0xf6, 0x6c, 0x76, 0x8d, 0xf5, 0x74, 0xb5, 0x6c,
    0x56, 0x85, 0x56, 0x8d, 0x35, 0x6d, 0x36, 0x7d, 0x35, 0x75, 0x18, 0x04,
    0x19, 0x05, 0x5c, 0x06, 0x92, 0x03, 0xcf, 0x7b, 0x7e, 0xf7, 0x7d, 0xef,
    0x5e, 0xef, 0x7d, 0xf7, 0x7d, 0xef, 0xbb, 0xde, 0xcc, 0x4a, 0xf9, 0x04,
    0x7b, 0x04, 0x7b, 0x66, 0xb8, 0x7d, 0xb3, 0x7c, 0xf4, 0xa4, 0x5a, 0xd6,
    0x7d, 0xef, 0x7e, 0xf7, 0x7e, 0xf7, 0x5d, 0xf7, 0x7e, 0xef, 0x7d, 0xf7,
    0x5d, 0xef, 0x7e, 0xef, 0x5d, 0xef, 0x35, 0xad, 0x52, 0x7c, 0x35, 0xad,
    0x1c, 0xe7, 0x7d, 0xef, 0x7e, 0xf7, 0x5e, 0xef, 0x7d, 0xef, 0x7e, 0xf7,
    0x7d, 0xef, 0x7d, 0xef, 0x7e, 0xf7, 0x7d, 0xef, 0x5e, 0xef, 0x7d, 0xf7,
    0x7d, 0xef, 0x7e, 0xef, 0x7d, 0xf7, 0x7d, 0xef, 0x7e, 0xef, 0x7d, 0xf7,
    0x7e, 0xef, 0x7d, 0xef, 0x7d, 0xf7, 0x8a, 0x52, 0xfa, 0x05, 0x7c, 0x06,
    0xbb, 0x05, 0xb8, 0x7d, 0x2d, 0x6b, 0x7d, 0xef, 0x5d, 0xf7, 0x7e, 0xef,
    0x7d, 0xef, 0x5d, 0xef, 0x7e, 0xf7, 0x7d, 0xef, 0x5d, 0xef, 0x7e, 0xf7,
    0x7d, 0xef, 0x5d, 0xef, 0x7e, 0xf7, 0x7d, 0xef, 0x5e, 0xef, 0x8a, 0x5a,
    0x1a, 0x06, 0xbb, 0x05, 0xdd, 0x6e, 0x94, 0x04, 0xcf, 0x7b, 0x7e, 0xef,
    0x7e, 0xf7, 0x7d, 0xef, 0x7e, 0xef, 0x7e, 0xf7, 0x7d, 0xef, 0x7e, 0xf7,
    0x7e, 0xef, 0x5e, 0xf7, 0x7d, 0xef, 0x7e, 0xf7, 0x5e, 0xef, 0x7d, 0xef,
    0x7e, 0xef, 0x14, 0xad, 0x70, 0x03, 0x7c, 0x56, 0xda, 0x05, 0xd8, 0x04,
    0xed, 0x02, 0x18, 0xc6, 0x7d, 0xef, 0x7e, 0xf7, 0x5d, 0xef, 0x7d, 0xf7,
    0x7e, 0xef, 0x7d, 0xf7, 0x7d, 0xef, 0x5e, 0xf7, 0x7d, 0xef, 0x7d, 0xef,
    0x7e, 0xf7, 0x5d, 0xef, 0x7d, 0xef, 0x7e, 0xf7, 0x7d, 0xef, 0x5d, 0xef,
    0x5e, 0xf7, 0x7d, 0xf7, 0x7e, 0xef, 0x5d, 0xef, 0x7d, 0xef, 0x7e, 0xef,
    0x10, 0x84, 0xf0, 0x02, 0x39, 0x05, 0x3c, 0x06, 0x56, 0x04, 0xaf, 0x7b,
    0x5d, 0xef, 0x7d, 0xf7, 0x7e, 0xef, 0x7e, 0xef, 0x7d, 0xf7, 0x39, 0xce,
    0xcd, 0x32, 0x9a, 0x05, 0x7b, 0x05, 0xb8, 0x04, 0xec, 0x52, 0x59, 0xce,
    0x7d, 0xf7, 0x7d, 0xef, 0x5e, 0xef, 0x7d, 0xf7, 0x7d, 0xef, 0x18, 0xc6,
    0x0e, 0x43, 0x19, 0x05, 0x98, 0x45, 0xb3, 0x8c, 0x75, 0xad, 0xb7, 0xbd,
    0xb7, 0xbd, 0xb7, 0xbd, 0xb7, 0xbd, 0x96, 0xb5, 0x2d, 0x53, 0x99, 0x05,
    0x9d, 0x06, 0xfb, 0x05, 0x30, 0x03, 0x75, 0xad, 0xb7, 0xbd, 0xb7, 0xbd,
    0xb7, 0xbd, 0xb7, 0xbd, 0xb7, 0xbd, 0xb7, 0xbd, 0x92, 0x94, 0xb8, 0x35,
    0x7c, 0x06, 0x9d, 0x86, 0xb9, 0x05, 0x93, 0x7c, 0x35, 0xad, 0x3c, 0xe7,
    0x5e, 0xef, 0x7d, 0xf7, 0x5d, 0xef, 0x7e, 0xf7, 0x7d, 0xef, 0x7d, 0xef,
    0x7d, 0xef, 0x39, 0xce, 0xec, 0x32, 0xf4, 0x03, 0xcb, 0x32, 0x14, 0xa5,
    0x5d, 0xef, 0x7d, 0xf7, 0x7e, 0xef, 0x7d, 0xef, 0xbb, 0xde, 0xcb, 0x4a,
    0x18, 0x05, 0xde, 0x36, 0xb7, 0x03, 0x6f, 0x03, 0x76, 0xb5, 0x7d, 0xef,
    0x7d, 0xef, 0x7e, 0xf7, 0x5d, 0xf7, 0x7d, 0xef, 0x7e, 0xf7, 0x8a, 0x52,
    0x59, 0x05, 0x3a, 0x05, 0x59, 0x05, 0x90, 0x03, 0x14, 0xa5, 0x7d, 0xef,
    0x5e, 0xf7, 0x7d, 0xef, 0x7d, 0xef, 0x5e, 0xef, 0x7d, 0xef, 0x7d, 0xef,
    0x5d, 0xf7, 0x51, 0x8c, 0xd5, 0x2c, 0xd6, 0x2c, 0x5b, 0x16, 0x19, 0x04,
    0x14, 0x04, 0x6d, 0x73, 0x55, 0xad, 0xb6, 0xb5, 0xb7, 0xbd, 0xb7, 0xbd,
    0xb6, 0xbd, 0xb7, 0xb5, 0xb6, 0xbd, 0xb7, 0xbd, 0xb7, 0xbd, 0xb6, 0xbd,
    0xb7, 0xbd, 0x55, 0xad, 0x53, 0x2c, 0xfb, 0x05, 0xbb, 0x05, 0xfa, 0x6d,
    0x11, 0x74, 0x75, 0xad, 0x5d, 0xef, 0x7e, 0xf7, 0x7d, 0xef, 0x7e, 0xef,
    0x7d, 0xef, 0x5d, 0xf7, 0x7e, 0xef, 0x7d, 0xef, 0x7d, 0xf7, 0x5e, 0xef,
    0x7d, 0xef, 0x7d, 0xf7, 0x7e, 0xef, 0x7d, 0xef, 0x7e, 0xf7, 0x2d, 0x6b,
    0x77, 0x4d, 0xba, 0x04, 0xbb, 0x05, 0x59, 0x05, 0x76, 0x04, 0xb6, 0x04,
    0x37, 0x05, 0x75, 0x04, 0x55, 0x04, 0x35, 0x04, 0x16, 0x05, 0xd6, 0x04,
    0xd6, 0x04, 0x37, 0x05, 0x56, 0x04, 0x77, 0x0d, 0x96, 0x04, 0x38, 0x05,
    0x19, 0x05, 0xbd, 0x66, 0x1a, 0x05, 0x53, 0x04, 0xcf, 0x7b, 0x7e, 0xf7,
    0x7d, 0xef, 0x7d, 0xf7, 0x7e, 0xef, 0x7d, 0xef, 0x1c, 0xe7, 0xab, 0x52,
    0x59, 0x05, 0xfc, 0x05, 0x7d, 0x06, 0x3b, 0x05, 0x1a, 0x06, 0xf2, 0x03,
    0x71, 0x8c, 0x7d, 0xef, 0x7e, 0xef, 0x7d, 0xef, 0x5d, 0xef, 0x7e, 0xf7,
    0x7e, 0xef, 0x7d, 0xf7, 0x7d, 0xf7, 0x96, 0xb5, 0xf0, 0x63, 0x79, 0x05,
    0xb4, 0x64, 0x14, 0xad, 0x5d, 0xef, 0x7d, 0xef, 0x7d, 0xf7, 0x7d, 0xef,
    0x5e, 0xf7, 0x7d, 0xef, 0x5d, 0xf7, 0x7e, 0xef, 0x7d, 0xef, 0x7d, 0xf7,
    0x5e, 0xef, 0x7d, 0xef, 0x7e, 0xf7, 0x5d, 0xef, 0x5d, 0xf7, 0x7e, 0xef,
    0x5d, 0xf7, 0x5e, 0xef, 0x7d, 0xef, 0x7e, 0xf7, 0x8a, 0x52, 0x38, 0x04,
    0x7d, 0x06, 0x19, 0x05, 0x96, 0x04, 0x2d, 0x6b, 0x7d, 0xf7, 0x7e, 0xef,
    0x7d, 0xf7, 0x5d, 0xef, 0x7d, 0xf7, 0x7e, 0xef, 0x7d, 0xef, 0x5d, 0xf7,
    0x7e, 0xef, 0x7d, 0xf7, 0x5d, 0xef, 0x7d, 0xf7, 0x7d, 0xef, 0x7e, 0xef,
    0x8a, 0x52, 0xda, 0x05, 0x39, 0x05, 0x5b, 0x05, 0x74, 0x04, 0xcf, 0x7b,
    0x7d, 0xf7, 0x5d, 0xef, 0x7d, 0xef, 0x5d, 0xf7, 0x5d, 0xef, 0x7d, 0xef,
    0x7d, 0xf7, 0x5e, 0xef, 0x7d, 0xef, 0x7d, 0xf7, 0x7d, 0xef, 0x7d, 0xf7,
    0x7e, 0xef, 0x7d, 0xf7, 0x14, 0xa5, 0x4f, 0x03, 0x39, 0x05, 0xdc, 0x05,
    0x39, 0x05, 0xed, 0x22, 0x18, 0xc6, 0x7d, 0xf7, 0x7e, 0xef, 0x7d, 0xef,
    0x7d, 0xf7, 0x5e, 0xef, 0x7d, 0xef, 0x7d, 0xf7, 0x7e, 0xef, 0x5d, 0xf7,
    0x7d, 0xef, 0x7e, 0xef, 0x7d, 0xf7, 0x7d, 0xef, 0x7e, 0xef, 0x7d, 0xf7,
    0x7d, 0xef, 0x7e, 0xef, 0x5d, 0xf7, 0x7d, 0xef, 0x7e, 0xf7, 0x7d, 0xf7,
    0x7d, 0xef, 0xb3, 0x9c, 0xd1, 0x23, 0x79, 0x05, 0x3a, 0x05, 0x5b, 0x4e,
    0x0e, 0x33, 0x39, 0xce, 0x7d, 0xef, 0x7d, 0xef, 0x5e, 0xf7, 0x7d, 0xef,
    0x55, 0xad, 0x2f, 0x03, 0x19, 0x05, 0x3a, 0x05, 0xd5, 0x04, 0x6d, 0x73,
    0x5d, 0xef, 0x7d, 0xef, 0x7e, 0xf7, 0x5d, 0xef, 0x7e, 0xf7, 0x7d, 0xef,
    0x18, 0xc6, 0x8c, 0x22, 0x9a, 0x05, 0x9a, 0x05, 0x5b, 0x06, 0x37, 0x55,
    0x35, 0x6d, 0xf6, 0x6c, 0x36, 0x75, 0xf5, 0x74, 0x15, 0x65, 0xf5, 0x54,
    0x5a, 0x05, 0xda, 0x05, 0xdb, 0x05, 0xb6, 0x04, 0xf5, 0x6c, 0x56, 0x95,
    0x15, 0x7d, 0x56, 0x8d, 0xb5, 0x6c, 0x36, 0x75, 0x15, 0x75, 0x57, 0x05,
    0x39, 0x05, 0xdb, 0x05, 0xbb, 0x04, 0x3c, 0x06, 0x98, 0x04, 0xd1, 0x03,
    0x55, 0xad, 0x7d, 0xef, 0x7e, 0xef, 0x7d, 0xf7, 0x5d, 0xef, 0x7e, 0xef,
    0x7d, 0xf7, 0x5e, 0xef, 0x59, 0xce, 0xab, 0x3a, 0xac, 0x22, 0x71, 0x94,
    0x5d, 0xef, 0x7d, 0xf7, 0x7e, 0xef, 0x7d, 0xf7, 0x7d, 0xf7, 0xbb, 0xde,
    0xcc, 0x4a, 0x98, 0x04, 0x5d, 0x06, 0xfb, 0x05, 0x4e, 0x2b, 0x75, 0xb5,
    0x7e, 0xef, 0x7d, 0xef, 0x7e, 0xf7, 0x7d, 0xef, 0x5d, 0xef, 0x7e, 0xf7,
    0x8a, 0x52, 0xf8, 0x04, 0x3f, 0x6f, 0x59, 0x05, 0xee, 0x02, 0x14, 0xa5,
    0x7d, 0xef, 0x7e, 0xf7, 0x5d, 0xef, 0x7d, 0xf7, 0x7e, 0xf7, 0x7e, 0xef,
    0x7d, 0xef, 0x5d, 0xef, 0xcf, 0x7b, 0x95, 0x04, 0xbc, 0x96, 0xd9, 0x04,
    0x78, 0x04, 0xf2, 0x03, 0xb5, 0x54, 0x76, 0x8d, 0x56, 0x95, 0xb4, 0x74,
    0x15, 0x75, 0xf5, 0x74, 0x76, 0x9d, 0xd5, 0x74, 0x56, 0x75, 0x35, 0x6d,
    0x15, 0x7d, 0x56, 0x8d, 0x15, 0x5d, 0xfb, 0x05, 0xfb, 0x05, 0xbd, 0x5e,
    0x3a, 0x05, 0xb7, 0x04, 0xb0, 0x4b, 0x39, 0xce, 0x7d, 0xf7, 0x7d, 0xef,
    0x7e, 0xef, 0x7d, 0xf7, 0x7d, 0xef, 0x5e, 0xf7, 0x7d, 0xef, 0x7d, 0xef,
    0x7e, 0xf7, 0x5d, 0xef, 0x7d, 0xef, 0x7d, 0xf7, 0x5d, 0xef, 0x7e, 0xef,
    0x2c, 0x6b, 0x55, 0x04, 0x59, 0x04, 0x38, 0x04, 0x57, 0x04, 0x28, 0x4a,
    0x49, 0x52, 0x49, 0x52, 0x49, 0x52, 0x49, 0x52, 0x49, 0x52, 0x49, 0x52,
    0x49, 0x52, 0x49, 0x52, 0x49, 0x52, 0x49, 0x52, 0x49, 0x52, 0x49, 0x52,
    0x48, 0x4a, 0xf5, 0x1c, 0xdb, 0x05, 0x38, 0x04, 0x11, 0x03, 0xcf, 0x7b,
    0x7d, 0xef, 0x5d, 0xef, 0x7e, 0xf7, 0x5d, 0xef, 0x7d, 0xf7, 0x5d, 0xef,
    0x8a, 0x52, 0x1a, 0x56, 0x7a, 0x05, 0x39, 0x05, 0x59, 0x05, 0x53, 0x04,
    0x8a, 0x52, 0x18, 0xc6, 0x7d, 0xf7, 0x7d, 0xef, 0x5e, 0xef, 0x7d, 0xf7,
    0x7d, 0xef, 0x5d, 0xef, 0x5d, 0xef, 0xd7, 0xbd, 0xd0, 0x73, 0x58, 0x05,
    0xbb, 0x05, 0x9a, 0x05, 0x72, 0x7c, 0x14, 0xad, 0x5e, 0xef, 0x7d, 0xef,
    0x7e, 0xf7, 0x7d, 0xef, 0x5e, 0xef, 0x7d, 0xf7, 0x7d, 0xef, 0x5e, 0xf7,
    0x7d, 0xf7, 0x7d, 0xef, 0x5e, 0xef, 0x7d, 0xf7, 0x7e, 0xef, 0x7d, 0xef,
    0x7d, 0xf7, 0x7e, 0xef, 0x7d, 0xf7, 0x7d, 0xef, 0x5e, 0xef, 0x8a, 0x52,
    0x56, 0x03, 0x7d, 0x06, 0x9b, 0x05, 0x55, 0x04, 0x2d, 0x6b, 0x7d, 0xef,
    0x7d, 0xef, 0x7e, 0xef, 0x7e, 0xf7, 0x5d, 0xef, 0x7d, 0xef, 0x7e, 0xf7,
    0x7d, 0xef, 0x7d, 0xef, 0x7e, 0xf7, 0x7e, 0xef, 0x7d, 0xef, 0x5d, 0xf7,
    0x7d, 0xf7, 0x8a, 0x52, 0xda, 0x05, 0x7c, 0x05, 0xfb, 0x05, 0x94, 0x04,
    0xcf, 0x7b, 0x7e, 0xf7, 0x7d, 0xef, 0x7e, 0xef, 0x7e, 0xf7, 0x7d, 0xef,
    0x7e, 0xef, 0x5d, 0xf7, 0x7d, 0xef, 0x7e, 0xef, 0x5d, 0xf7, 0x7e, 0xef,
    0x5d, 0xef, 0x7d, 0xf7, 0x7e, 0xef, 0x14, 0xa5, 0x70, 0x03, 0x5b, 0x9e,
    0xbb, 0x05, 0x59, 0x05, 0x6d, 0x02, 0x96, 0xb5, 0x7d, 0xef, 0x5e, 0xf7,
    0x7d, 0xef, 0x7e, 0xef, 0x5d, 0xf7, 0x7e, 0xef, 0x7d, 0xef, 0x7e, 0xf7,
    0x7d, 0xef, 0x5e, 0xef, 0x7d, 0xf7, 0x7e, 0xef, 0x5d, 0xf7, 0x5e, 0xef,
    0x7d, 0xf7, 0x7e, 0xef, 0x7d, 0xef, 0x7d, 0xef, 0x5e, 0xf7, 0x7e, 0xef,
    0x7d, 0xf7, 0x7d, 0xef, 0x55, 0xb5, 0x2f, 0x23, 0xdb, 0x05, 0xbb, 0x05,
    0x7c, 0x06, 0xf5, 0x4c, 0x72, 0x94, 0x7d, 0xef, 0x7d, 0xf7, 0x5d, 0xef,
    0x7e, 0xef, 0x92, 0x94, 0x30, 0x03, 0xd9, 0x04, 0x37, 0x04, 0x90, 0x03,
    0xb3, 0x9c, 0x7d, 0xef, 0x7e, 0xef, 0x7d, 0xf7, 0x7d, 0xef, 0x7e, 0xef,
    0x7d, 0xf7, 0xbb, 0xde, 0xcb, 0x42, 0x99, 0x05, 0x7d, 0x06, 0xb9, 0x04,
    0xba, 0x05, 0xb6, 0x04, 0xf8, 0xa5, 0x93, 0x03, 0xd5, 0x03, 0xb4, 0x03,
    0xb6, 0x04, 0xf9, 0x4d, 0x75, 0x04, 0x55, 0x04, 0xb6, 0x04, 0x35, 0x04,
    0x97, 0x05, 0xf5, 0x03, 0x17, 0x05, 0xf6, 0x04, 0xf6, 0x04, 0x57, 0x05,
    0x77, 0x04, 0xdb, 0x05, 0xfc, 0x05, 0xfd, 0xae, 0x37, 0x04, 0xf5, 0x03,
    0xac, 0x02, 0xb7, 0xbd, 0x7d, 0xf7, 0x7e, 0xef, 0x7d, 0xef, 0x7d, 0xf7,
    0x5e, 0xef, 0x7d, 0xef, 0x7e, 0xf7, 0x5d, 0xef, 0x59, 0xce, 0x18, 0xc6,
    0x5d, 0xef, 0x7d, 0xef, 0x7e, 0xef, 0x5d, 0xef, 0x7d, 0xef, 0x7e, 0xef,
    0xbb, 0xde, 0xab, 0x42, 0x9a, 0x05, 0xfc, 0x05, 0xd9, 0x04, 0xaf, 0x33,
    0x75, 0xb5, 0x7d, 0xef, 0x5e, 0xef, 0x7d, 0xf7, 0x7d, 0xef, 0x7e, 0xef,
    0x5d, 0xef, 0x6a, 0x52, 0xb9, 0x05, 0xdb, 0x05, 0xf9, 0x04, 0x2f, 0x03,
    0x14, 0xad, 0x7d, 0xef, 0x7e, 0xef, 0x7d, 0xf7, 0x5d, 0xef, 0x7e, 0xef,
    0x7d, 0xf7, 0x5d, 0xef, 0x76, 0xb5, 0x6f, 0x53, 0x38, 0x05, 0xdc, 0x05,
    0x5c, 0x06, 0x34, 0x03, 0xd3, 0x03, 0x17, 0x05, 0x96, 0x04, 0x75, 0x04,
    0x54, 0x04, 0xb6, 0x04, 0xd7, 0x04, 0x37, 0x05, 0x96, 0x04, 0x37, 0x05,
    0x96, 0x04, 0x16, 0x05, 0xd7, 0x04, 0x56, 0x04, 0xb7, 0x04, 0xb8, 0x04,
    0xdc, 0x05, 0xd9, 0x05, 0xf3, 0x02, 0x4c, 0x02, 0xf3, 0xa4, 0x7d, 0xef,
    0x5e, 0xef, 0x5d, 0xf7, 0x7d, 0xef, 0x7e, 0xef, 0x7d, 0xf7, 0x5e, 0xef,
    0x7d, 0xef, 0x7e, 0xf7, 0x7e, 0xef, 0x5d, 0xf7, 0x7e, 0xef, 0x7d, 0xf7,
    0x7d, 0xef, 0x2d, 0x6b, 0xd5, 0x04, 0xd6, 0x03, 0x34, 0x03, 0x18, 0x05,
    0x6a, 0x52, 0x7d, 0xef, 0x7d, 0xef, 0x7d, 0xef, 0x7d, 0xef, 0x7d, 0xef,
    0x7d, 0xef, 0x7e, 0xef, 0x7d, 0xef, 0x7d, 0xef, 0x7d, 0xef, 0x7d, 0xef,
    0x7d, 0xef, 0xcf, 0x7b, 0x94, 0x04, 0x38, 0x05, 0x56, 0x04, 0xcf, 0x02,
    0xcf, 0x7b, 0x7e, 0xef, 0x7d, 0xf7, 0x5e, 0xef, 0x7e, 0xef, 0x7d, 0xf7,
    0x7d, 0xef, 0x6a, 0x52, 0xf8, 0x04, 0x1d, 0x06, 0xf9, 0x04, 0x73, 0x03,
    0x8d, 0x73, 0xb7, 0xbd, 0x5d, 0xef, 0x7e, 0xf7, 0x7d, 0xf7, 0x7e, 0xef,
    0x7d, 0xf7, 0x7e, 0xef, 0x5d, 0xef, 0xf7, 0xbd, 0xd0, 0x73, 0x78, 0x35,
    0x1a, 0x05, 0x9a, 0x05, 0x1a, 0x05, 0x59, 0x05, 0xf0, 0x6b, 0x96, 0xb5,
    0x7e, 0xf7, 0x7d, 0xef, 0x7d, 0xef, 0x7e, 0xf7, 0x7d, 0xef, 0x7e, 0xef,
    0x5d, 0xef, 0x7e, 0xef, 0x7d, 0xf7, 0x7d, 0xef, 0x7e, 0xef, 0x7d, 0xf7,
    0x7e, 0xef, 0x5d, 0xef, 0x7d, 0xef, 0x7e, 0xf7, 0x7d, 0xf7, 0x7d, 0xef,
    0x6a, 0x52, 0x78, 0x04, 0xb9, 0x04, 0xdb, 0x05, 0xb6, 0x04, 0x2d, 0x6b,
    0x7d, 0xef, 0x5d, 0xf7, 0x7e, 0xef, 0x7d, 0xef, 0x7d, 0xf7, 0x5e, 0xef,
    0x7d, 0xf7, 0x7e, 0xef, 0x5d, 0xef, 0x7d, 0xf7, 0x7e, 0xef, 0x5e, 0xef,
    0x7d, 0xf7, 0x7e, 0xef, 0x6a, 0x52, 0x56, 0x04, 0xdc, 0x05, 0xbb, 0x05,
    0xd3, 0x03, 0xcf, 0x7b, 0x7e, 0xef, 0x7d, 0xf7, 0x5d, 0xef, 0x7e, 0xf7,
    0x7d, 0xef, 0x7e, 0xf7, 0x7d, 0xef, 0x7d, 0xef, 0x7e, 0xf7, 0x7d, 0xef,
    0x5e, 0xef, 0x7d, 0xf7, 0x7d, 0xef, 0x5e, 0xef, 0x14, 0xad, 0x6f, 0x03,
    0x9a, 0x05, 0x9c, 0x05, 0x7b, 0x76, 0x2e, 0x03, 0x75, 0xb5, 0x7e, 0xef,
    0x5d, 0xef, 0x7d, 0xf7, 0x7d, 0xef, 0x7e, 0xf7, 0x5d, 0xef, 0x7d, 0xef,
    0x7d, 0xf7, 0x5e, 0xef, 0x7d, 0xf7, 0x7d, 0xef, 0x7e, 0xef, 0x7d, 0xf7,
    0x5d, 0xef, 0x7e, 0xef, 0x5d, 0xf7, 0x7e, 0xf7, 0x7d, 0xef, 0x7d, 0xef,
    0x5e, 0xef, 0x7d, 0xef, 0x7e, 0xf7, 0x18, 0xc6, 0x0d, 0x43, 0x58, 0x04,
    0xfc, 0x05, 0xdb, 0x05, 0xb8, 0x04, 0xec, 0x5a, 0x1c, 0xe7, 0x7e, 0xef,
    0x7d, 0xf7, 0x7d, 0xef, 0x8e, 0x73, 0xf6, 0x04, 0x5a, 0x05, 0x18, 0x05,
    0xec, 0x4a, 0x59, 0xce, 0x7d, 0xef, 0x5d, 0xf7, 0x7e, 0xef, 0x7d, 0xef,
    0x5d, 0xf7, 0x7e, 0xef, 0xbb, 0xde, 0x8b, 0x3a, 0x1a, 0x06, 0xbd, 0x6e,
    0x19, 0x05, 0xce, 0x02, 0x49, 0x4a, 0x49, 0x52, 0x49, 0x52, 0x49, 0x52,
    0x49, 0x52, 0x49, 0x52, 0x49, 0x52, 0x49, 0x52, 0x49, 0x52, 0x49, 0x52,
    0x49, 0x52, 0x49, 0x52, 0x49, 0x52, 0x49, 0x4a, 0x49, 0x52, 0x49, 0x52,
    0x49, 0x4a, 0x28, 0x4a, 0xd5, 0x03, 0xdc, 0x05, 0x9b, 0x05, 0xd5, 0x04,
    0x4a, 0x3a, 0x71, 0x94, 0x3d, 0xef, 0x7d, 0xef, 0x7d, 0xf7, 0x5e, 0xef,
    0x7d, 0xef, 0x7d, 0xf7, 0x7d, 0xef, 0x7d, 0xf7, 0x7d, 0xf7, 0x7d, 0xef,
    0x7e, 0xf7, 0x7d, 0xef, 0x7e, 0xf7, 0x7d, 0xf7, 0x7d, 0xef, 0x5e, 0xef,
    0x7d, 0xf7, 0xbb, 0xde, 0x6a, 0x42, 0xb7, 0x04, 0x35, 0x03, 0xf9, 0x04,
    0xaf, 0x33, 0x75, 0xb5, 0x7e, 0xef, 0x5d, 0xef, 0x7d, 0xf7, 0x7e, 0xf7,
    0x7d, 0xef, 0x7d, 0xf7, 0x6a, 0x52, 0xb9, 0x04, 0x58, 0x04, 0x5b, 0x04,
    0x0f, 0x03, 0x14, 0xa5, 0x7d, 0xf7, 0x7e, 0xef, 0x7d, 0xef, 0x7d, 0xef,
    0x5e, 0xf7, 0x5d, 0xef, 0x34, 0xad, 0x11, 0x6c, 0xfa, 0x3d, 0xdb, 0x05,
    0x3d, 0x06, 0xf9, 0x04, 0xb2, 0x03, 0x28, 0x4a, 0x49, 0x4a, 0x49, 0x4a,
    0x49, 0x4a, 0x49, 0x4a, 0x49, 0x4a, 0x49, 0x4a, 0x49, 0x4a, 0x49, 0x4a,
    0x49, 0x4a, 0x49, 0x4a, 0x49, 0x4a, 0x49, 0x4a, 0x28, 0x4a, 0x99, 0x05,
    0x7b, 0x05, 0x3c, 0x06, 0x94, 0x03, 0x8b, 0x02, 0x51, 0x8c, 0xba, 0xde,
    0x7d, 0xef, 0x7e, 0xf7, 0x7d, 0xef, 0x5e, 0xef, 0x7d, 0xf7, 0x7d, 0xef,
    0x7e, 0xf7, 0x5d, 0xef, 0x7d, 0xef, 0x7d, 0xf7, 0x7e, 0xef, 0x5e, 0xef,
    0x7d, 0xf7, 0x7d, 0xef, 0x0d, 0x6b, 0x54, 0x03, 0xfa, 0x04, 0x9b, 0x05,
    0x59, 0x05, 0x6a, 0x52, 0x7e, 0xef, 0x7d, 0xf7, 0x7e, 0xef, 0x7e, 0xef,
    0x7d, 0xf7, 0x7d, 0xef, 0x7e, 0xef, 0x7d, 0xf7, 0x7e, 0xef, 0x7e, 0xf7,
    0x7d, 0xef, 0x7e, 0xf7, 0xcf, 0x7b, 0x94, 0x04, 0x98, 0x03, 0xd9, 0x04,
    0xf4, 0x03, 0xcf, 0x7b, 0x7d, 0xf7, 0x7d, 0xef, 0x7d, 0xef, 0x7e, 0xf7,
    0x7d, 0xef, 0x5e, 0xef, 0x6a, 0x52, 0x56, 0x04, 0xfd, 0xa6, 0xbd, 0x5e,
    0x91, 0x03, 0x71, 0x94, 0x7d, 0xef, 0x7e, 0xef, 0x7d, 0xef, 0x5d, 0xef,
    0x7d, 0xf7, 0x7e, 0xef, 0x5d, 0xef, 0xd7, 0xc5, 0xf0, 0x7b, 0x19, 0x9e,
    0xfb, 0x05, 0x7c, 0x3e, 0x9c, 0x05, 0x1a, 0x05, 0x38, 0x05, 0x77, 0x85,
    0x4d, 0x6b, 0xbb, 0xde, 0x7d, 0xef, 0x7d, 0xf7, 0x5e, 0xef, 0x7d, 0xf7,
    0x7d, 0xef, 0x7e, 0xef, 0x7d, 0xf7, 0x5d, 0xef, 0x7e, 0xf7, 0x5d, 0xef,
    0x7d, 0xf7, 0x7e, 0xef, 0x5d, 0xef, 0x7d, 0xf7, 0x5e, 0xef, 0x7d, 0xef,
    0x7d, 0xf7, 0x6a, 0x52, 0xb9, 0x05, 0xfb, 0x05, 0x5a, 0x05, 0xd6, 0x04,
    0x2d, 0x6b, 0x7e, 0xef, 0x7d, 0xf7, 0x5d, 0xef, 0x7e, 0xf7, 0x7d, 0xef,
    0x7d, 0xef, 0x5e, 0xf7, 0x7d, 0xef, 0x7d, 0xf7, 0x5d, 0xef, 0x7d, 0xef,
    0x7d, 0xf7, 0x7e, 0xef, 0x7d, 0xef, 0x6a, 0x52, 0xf7, 0x04, 0x5b, 0x05,
    0x9b, 0x05, 0x13, 0x04, 0xcf, 0x7b, 0x7d, 0xef, 0x5d, 0xef, 0x7e, 0xf7,
    0x7d, 0xef, 0x5d, 0xef, 0x5d, 0xf7, 0x7e, 0xef, 0x5d, 0xf7, 0x7d, 0xef,
    0x7e, 0xef, 0x7d, 0xf7, 0x7d, 0xef, 0x7e, 0xf7, 0x7d, 0xef, 0x14, 0xa5,
    0x2f, 0x03, 0x7a, 0x05, 0xfc, 0x05, 0xf6, 0x03, 0x4f, 0x33, 0x75, 0xb5,
    0x7d, 0xef, 0x7e, 0xef, 0x7d, 0xf7, 0x7d, 0xef, 0x7e, 0xef, 0x5d, 0xf7,
    0x7e, 0xef, 0x7d, 0xef, 0x5d, 0xf7, 0x7e, 0xef, 0x7d, 0xef, 0x5d, 0xf7,
    0x7e, 0xef, 0x7d, 0xef, 0x7d, 0xf7, 0x7d, 0xef, 0x5e, 0xef, 0x7d, 0xf7,
    0x7d, 0xf7, 0x7d, 0xef, 0x5e, 0xef, 0x7d, 0xf7, 0xba, 0xd6, 0xab, 0x42,
    0xb6, 0x03, 0x78, 0x04, 0xb9, 0x04, 0x19, 0x05, 0x8e, 0x53, 0xf7, 0xbd,
    0x7e, 0xf7, 0x7d, 0xef, 0x5d, 0xef, 0xcb, 0x5a, 0xf9, 0x5d, 0xd6, 0x03,
    0x95, 0x04, 0xcb, 0x5a, 0x5d, 0xef, 0x7d, 0xf7, 0x7d, 0xef, 0x5e, 0xef,
    0x7d, 0xf7, 0x7d, 0xef, 0x7d, 0xef, 0xbb, 0xde, 0x8b, 0x3a, 0x3b, 0x06,
    0xdc, 0x05, 0x7a, 0x05, 0x8f, 0x13, 0x14, 0xa5, 0x7d, 0xef, 0x7d, 0xef,
    0x7d, 0xef, 0x7d, 0xef, 0x7d, 0xef, 0x7d, 0xef, 0x7d, 0xef, 0x7d, 0xef,
    0x7d, 0xef, 0x7d, 0xef, 0x7d, 0xef, 0x7d, 0xef, 0x7d, 0xef, 0x7d, 0xef,
    0x7d, 0xef, 0x7d, 0xef, 0x6a, 0x52, 0x99, 0x05, 0x9a, 0x05, 0xdb, 0x05,
    0x91, 0x03, 0x51, 0x8c, 0x5d, 0xef, 0x7d, 0xef, 0x7e, 0xef, 0x7d, 0xf7,
    0x5e, 0xef, 0x7d, 0xef, 0x7d, 0xf7, 0x5d, 0xef, 0x7e, 0xef, 0x7e, 0xef,
    0x5d, 0xf7, 0x7d, 0xef, 0x7e, 0xef, 0x5d, 0xf7, 0x7d, 0xef, 0x7e, 0xf7,
    0x7d, 0xef, 0x7d, 0xef, 0xbb, 0xde, 0x8a, 0x3a, 0x33, 0x03, 0x79, 0x04,
    0xd8, 0x04, 0x2e, 0x03, 0x75, 0xb5, 0x7e, 0xef, 0x7d, 0xef, 0x5e, 0xef,
    0x7d, 0xef, 0x7d, 0xf7, 0x7e, 0xef, 0x6a, 0x52, 0x78, 0x05, 0x1b, 0x06,
    0x3b, 0x05, 0x6f, 0x03, 0x14, 0xa5, 0x5d, 0xf7, 0x7e, 0xef, 0x7d, 0xf7,
    0x7d, 0xef, 0x3d, 0xe7, 0x14, 0xad, 0x93, 0x74, 0x1b, 0x06, 0xba, 0x05,
    0xdb, 0x05, 0xd9, 0x04, 0xf9, 0x04, 0x35, 0x8d, 0xcf, 0x7b, 0x7d, 0xef,
    0x7d, 0xf7, 0x7d, 0xf7, 0x7d, 0xef, 0x7d, 0xf7, 0x7d, 0xf7, 0x7d, 0xef,
    0x7d, 0xf7, 0x7d, 0xf7, 0x7d, 0xef, 0x7d, 0xef, 0x7e, 0xf7, 0x6a, 0x52,
    0xb9, 0x05, 0x5d, 0x06, 0x99, 0x04, 0x91, 0x03, 0x51, 0x8c, 0x5d, 0xef,
    0x7d, 0xef, 0x5d, 0xf7, 0x7d, 0xef, 0x7e, 0xf7, 0x7d, 0xef, 0x5d, 0xef,
    0x7e, 0xf7, 0x7d, 0xef, 0x7d, 0xf7, 0x5e, 0xef, 0x7d, 0xef, 0x7d, 0xf7,
    0x7d, 0xef, 0x5e, 0xef, 0x7d, 0xf7, 0x0c, 0x63, 0x76, 0x04, 0x1b, 0x06,
    0x1b, 0x06, 0xd7, 0x04, 0x6a, 0x52, 0x7d, 0xf7, 0x7d, 0xef, 0x7e, 0xf7,
    0x5d, 0xf7, 0x7e, 0xef, 0x7d, 0xf7, 0x5d, 0xf7, 0x7e, 0xef, 0x7d, 0xf7,
    0x5d, 0xef, 0x7e, 0xef, 0x7d, 0xf7, 0xaf, 0x7b, 0xb3, 0x03, 0x9b, 0x05,
    0xbb, 0x05, 0xb4, 0x0c, 0xaf, 0x7b, 0x7e, 0xef, 0x5d, 0xf7, 0x7d, 0xef,
    0x7d, 0xf7, 0x5d, 0xef, 0x7d, 0xef, 0x6a, 0x52, 0xd7, 0x04, 0x5c, 0x06,
    0x9b, 0x05, 0x91, 0x03, 0x71, 0x94, 0x7d, 0xef, 0x7e, 0xf7, 0x5d, 0xef,
    0x7d, 0xef, 0x7e, 0xf7, 0x5d, 0xef, 0x96, 0xbd, 0x10, 0x7c, 0xf7, 0x04,
    0x9a, 0x05, 0x57, 0x04, 0x3a, 0x05, 0x59, 0x05, 0x37, 0x05, 0xef, 0x02,
    0x4e, 0x03, 0xed, 0x02, 0x96, 0xb5, 0x7e, 0xef, 0x5d, 0xef, 0x7d, 0xf7,
    0x7e, 0xef, 0x5d, 0xf7, 0x7d, 0xf7, 0x7e, 0xef, 0x7d, 0xef, 0x7e, 0xef,
    0x5d, 0xf7, 0x7d, 0xef, 0x7e, 0xf7, 0x7d, 0xef, 0x7e, 0xf7, 0x7d, 0xef,
    0x5e, 0xef, 0x7d, 0xef, 0x6a, 0x52, 0x38, 0x05, 0x5c, 0x06, 0x9b, 0x05,
    0xf6, 0x04, 0x0c, 0x63, 0x7e, 0xef, 0x7d, 0xef, 0x5d, 0xf7, 0x7e, 0xef,
    0x7d, 0xef, 0x7d, 0xf7, 0x7e, 0xef, 0x7d, 0xef, 0x7e, 0xf7, 0x5e, 0xef,
    0x7d, 0xf7, 0x7d, 0xef, 0x5d, 0xef, 0x7d, 0xf7, 0x6a, 0x52, 0xda, 0x05,
    0x9a, 0x05, 0xdb, 0x05, 0x74, 0x04, 0xaf, 0x7b, 0x7e, 0xf7, 0x7d, 0xef,
    0x7d, 0xef, 0x7e, 0xf7, 0x7d, 0xef, 0x7e, 0xef, 0x7d, 0xf7, 0x7e, 0xef,
    0x5d, 0xf7, 0x7d, 0xef, 0x7e, 0xef, 0x5d, 0xf7, 0x7d, 0xef, 0x7e, 0xf7,
    0x14, 0xa5, 0x2f, 0x03, 0xba, 0x05, 0xdb, 0x05, 0x3b, 0x66, 0x8f, 0x33,
    0x75, 0xb5, 0x7d, 0xef, 0x5e, 0xef, 0x7e, 0xf7, 0x5d, 0xef, 0x7d, 0xef,
    0x7e, 0xf7, 0x7d, 0xef, 0x7e, 0xef, 0x7d, 0xf7, 0x7e, 0xef, 0x5d, 0xef,
    0x7d, 0xf7, 0x7e, 0xef, 0x7e, 0xf7, 0x7d, 0xef, 0x7e, 0xef, 0x7d, 0xef,
    0x5e, 0xf7, 0x7d, 0xef, 0x7e, 0xef, 0x7d, 0xf7, 0x7d, 0xef, 0x5d, 0xef,
    0x6a, 0x52, 0x77, 0x04, 0xf6, 0x03, 0xb9, 0x04, 0xb7, 0x04, 0x6f, 0x03,
    0x34, 0xa5, 0x5e, 0xf7, 0x7d, 0xef, 0x7a, 0xd6, 0xac, 0x3a, 0x96, 0x04,
    0xbc, 0x9e, 0xf1, 0x23, 0x92, 0x9c, 0x7d, 0xef, 0x7e, 0xef, 0x7d, 0xf7,
    0x7e, 0xef, 0x5e, 0xf7, 0x7d, 0xef, 0x7d, 0xef, 0xbb, 0xde, 0x8a, 0x3a,
    0x19, 0x05, 0x3c, 0x06, 0xdb, 0x05, 0xef, 0x02, 0x14, 0xa5, 0x7d, 0xf7,
    0x5d, 0xef, 0x7d, 0xef, 0x7e, 0xf7, 0x7d, 0xef, 0x7e, 0xef, 0x7d, 0xf7,
    0x7e, 0xef, 0x7d, 0xef, 0x7d, 0xf7, 0x7e, 0xef, 0x7d, 0xf7, 0x5e, 0xf7,
    0x7d, 0xef, 0x7d, 0xf7, 0x7e, 0xef, 0x6a, 0x52, 0xf8, 0x04, 0xfc, 0x05,
    0xd9, 0x04, 0x50, 0x03, 0x71, 0x94, 0x7d, 0xef, 0x7e, 0xf7, 0x7d, 0xef,
    0x7d, 0xef, 0x7e, 0xf7, 0x7d, 0xef, 0x7e, 0xef, 0x7d, 0xef, 0x7d, 0xef,
    0x5e, 0xf7, 0x7d, 0xef, 0x7d, 0xef, 0x7e, 0xf7, 0x5d, 0xef, 0x7e, 0xef,
    0x7d, 0xf7, 0x5d, 0xef, 0x7e, 0xef, 0xbb, 0xde, 0xab, 0x4a, 0x59, 0x05,
    0xbb, 0x05, 0xf9, 0x04, 0xce, 0x02, 0x55, 0xad, 0x7d, 0xf7, 0x7e, 0xf7,
    0x5d, 0xef, 0x7d, 0xef, 0x7e, 0xef, 0x5d, 0xef, 0x49, 0x52, 0xfa, 0x65,
    0xfd, 0x05, 0x3b, 0x06, 0x90, 0x03, 0x14, 0xa5, 0x7d, 0xef, 0x5e, 0xf7,
    0x5d, 0xef, 0x59, 0xd6, 0xd4, 0x9c, 0x94, 0x44, 0x37, 0x04, 0xf9, 0x04,
    0xcf, 0x02, 0x71, 0x03, 0xfd, 0xb6, 0x5b, 0x05, 0x52, 0x03, 0xaf, 0x7b,
    0x7d, 0xef, 0x7d, 0xef, 0x7e, 0xf7, 0x7d, 0xef, 0x5e, 0xef, 0x7d, 0xf7,
    0x7d, 0xef, 0x5e, 0xef, 0x7d, 0xf7, 0x7d, 0xef, 0x7d, 0xf7, 0x7d, 0xef,
    0x4a, 0x52, 0xd5, 0x03, 0xd6, 0x03, 0xbc, 0xa6, 0x51, 0x03, 0x71, 0x8c,
    0x7d, 0xf7, 0x7e, 0xef, 0x5d, 0xef, 0x7e, 0xf7, 0x7d, 0xef, 0x7d, 0xf7,
    0x7e, 0xef, 0x5d, 0xef, 0x7d, 0xf7, 0x7e, 0xef, 0x7e, 0xf7, 0x5d, 0xef,
    0x7d, 0xf7, 0x7e, 0xef, 0x7d, 0xef, 0x7d, 0xf7, 0x0c, 0x63, 0x95, 0x03,
    0xd7, 0x03, 0x5a, 0x05, 0x3b, 0x8e, 0x6a, 0x52, 0x7d, 0xef, 0x7d, 0xef,
    0x7d, 0xef, 0x5d, 0xef, 0x7e, 0xef, 0x7d, 0xef, 0x5d, 0xef, 0x7e, 0xef,
    0x7d, 0xf7, 0x7d, 0xef, 0x7d, 0xef, 0x7d, 0xef, 0xaf, 0x7b, 0x34, 0x04,
    0x79, 0x04, 0x96, 0x03, 0xf3, 0x03, 0xaf, 0x7b, 0x7d, 0xef, 0x7e, 0xef,
    0x5e, 0xf7, 0x7d, 0xef, 0x7e, 0xf7, 0x7d, 0xf7, 0x69, 0x52, 0x99, 0x05,
    0x5a, 0x05, 0xfa, 0x04, 0xb1, 0x03, 0x71, 0x8c, 0x5e, 0xf7, 0x7d, 0xef,
    0x7e, 0xf7, 0x7e, 0xef, 0x5d, 0xef, 0x55, 0xad, 0x72, 0x8c, 0xb9, 0x2d,
    0xdb, 0x05, 0x3b, 0x06, 0x19, 0x05, 0x38, 0x05, 0x32, 0x54, 0x8b, 0x32,
    0x10, 0x8c, 0xd3, 0x9c, 0x55, 0xad, 0x5d, 0xef, 0x7d, 0xef, 0x7d, 0xef,
    0x7e, 0xf7, 0x7d, 0xef, 0x5e, 0xef, 0x7d, 0xef, 0x7d, 0xf7, 0x5e, 0xef,
    0x7d, 0xf7, 0x7d, 0xef, 0x7e, 0xef, 0x5d, 0xef, 0x7d, 0xf7, 0x7e, 0xef,
    0x7d, 0xf7, 0x7d, 0xef, 0x7e, 0xf7, 0x4a, 0x52, 0xf8, 0x04, 0xdb, 0x05,
    0xb9, 0x04, 0xd6, 0x04, 0x0c, 0x63, 0x5d, 0xf7, 0x7e, 0xef, 0x7d, 0xef,
    0x5d, 0xf7, 0x7e, 0xef, 0x5d, 0xf7, 0x7d, 0xef, 0x7e, 0xef, 0x5d, 0xf7,
    0x7e, 0xef, 0x7e, 0xef, 0x7d, 0xf7, 0x7e, 0xef, 0x7d, 0xef, 0x4a, 0x52,
    0xb7, 0x04, 0x19, 0x05, 0x1b, 0x06, 0xb3, 0x03, 0xaf, 0x7b, 0x7d, 0xef,
    0x7d, 0xf7, 0x5e, 0xef, 0x7d, 0xf7, 0x7e, 0xef, 0x5d, 0xef, 0x7d, 0xf7,
    0x7e, 0xef, 0x7d, 0xef, 0x5d, 0xf7, 0x7e, 0xef, 0x7d, 0xef, 0x5d, 0xf7,
    0x7d, 0xef, 0x14, 0xa5, 0x0e, 0x03, 0x1a, 0x06, 0xbb, 0x05, 0xb8, 0x04,
    0xee, 0x12, 0x75, 0xb5, 0x7d, 0xef, 0x7d, 0xef, 0x7e, 0xf7, 0x7d, 0xef,
    0x5d, 0xf7, 0x7e, 0xef, 0x5d, 0xf7, 0x7d, 0xef, 0x7e, 0xf7, 0x5d, 0xef,
    0x7e, 0xf7, 0x7d, 0xef, 0x5d, 0xef, 0x5d, 0xf7, 0x7e, 0xef, 0x7d, 0xf7,
    0x5d, 0xf7, 0x7e, 0xef, 0x7d, 0xef, 0x5d, 0xf7, 0x7e, 0xef, 0x7d, 0xef,
    0x5d, 0xf7, 0xab, 0x5a, 0xf9, 0x7d, 0x9a, 0x05, 0x7b, 0x05, 0x3a, 0x05,
    0x30, 0x03, 0xb3, 0x9c, 0x7d, 0xef, 0x7e, 0xef, 0x96, 0xb5, 0x8f, 0x4b,
    0x5c, 0x06, 0x77, 0x04, 0xed, 0x1a, 0xb6, 0xbd, 0x7d, 0xef, 0x5d, 0xef,
    0x7e, 0xf7, 0x7d, 0xef, 0x7d, 0xef, 0x5e, 0xf7, 0x7d, 0xf7, 0xbb, 0xde,
    0x8b, 0x3a, 0x37, 0x04, 0x99, 0x04, 0x1b, 0x05, 0xce, 0x02, 0x14, 0xa5,
    0x7d, 0xf7, 0x7e, 0xef, 0x5e, 0xf7, 0x7d, 0xef, 0x5e, 0xf7, 0x5d, 0xef,
    0x7e, 0xf7, 0x5d, 0xef, 0x5e, 0xf7, 0x7e, 0xef, 0x5d, 0xef, 0x7e, 0xf7,
    0x7d, 0xef, 0x5e, 0xef, 0x7d, 0xf7, 0x7d, 0xef, 0x4a, 0x52, 0xd6, 0x03,
    0xb8, 0x04, 0xbc, 0xb6, 0xd2, 0x03, 0x71, 0x8c, 0x7d, 0xf7, 0x5e, 0xef,
    0x7d, 0xf7, 0x5d, 0xef, 0x7e, 0xf7, 0x5d, 0xef, 0x7d, 0xef, 0x7d, 0xef,
    0x7d, 0xf7, 0x7e, 0xef, 0x7d, 0xef, 0x7d, 0xf7, 0x5e, 0xef, 0x7d, 0xef,
    0x7d, 0xf7, 0x7e, 0xef, 0x5d, 0xef, 0x7d, 0xf7, 0xbb, 0xde, 0xab, 0x42,
    0x95, 0x03, 0x7c, 0x05, 0x3a, 0x05, 0x0e, 0x03, 0x75, 0xad, 0x7d, 0xef,
    0x7e, 0xf7, 0x7d, 0xf7, 0x7e, 0xef, 0x7d, 0xf7, 0x7d, 0xf7, 0x6a, 0x4a,
    0xda, 0x0d, 0x1a, 0x05, 0x99, 0x05, 0x4f, 0x03, 0x14, 0xa5, 0x7d, 0xef,
    0x5d, 0xef, 0xf7, 0xbd, 0x92, 0x94, 0xf6, 0x54, 0x38, 0x05, 0xd6, 0x03,
    0x8c, 0x02, 0x2c, 0x6b, 0xf3, 0x03, 0x1c, 0x06, 0xbb, 0x05, 0x13, 0x04,
    0xaf, 0x7b, 0x7d, 0xef, 0x5e, 0xef, 0x7d, 0xf7, 0x7e, 0xef, 0x5d, 0xef,
    0x7e, 0xef, 0x7e, 0xef, 0x5d, 0xef, 0x7e, 0xef, 0x5e, 0xf7, 0x7d, 0xef,
    0x7d, 0xef, 0x6a, 0x4a, 0xba, 0x05, 0x5b, 0x05, 0xfb, 0x05, 0xb1, 0x03,
    0x51, 0x8c, 0x7e, 0xf7, 0x7d, 0xef, 0x7d, 0xef, 0x5e, 0xf7, 0x7d, 0xef,
    0x7e, 0xef, 0x5d, 0xf7, 0x7e, 0xef, 0x7d, 0xef, 0x7d, 0xf7, 0x7d, 0xef,
    0x7e, 0xef, 0x5d, 0xf7, 0x7e, 0xef, 0x7d, 0xef, 0x5e, 0xf7, 0x0c, 0x63,
    0x76, 0x04, 0x5a, 0x05, 0x1c, 0x06, 0xfa, 0x05, 0x69, 0x4a, 0x5e, 0xef,
    0x7e, 0xf7, 0x7d, 0xef, 0x7e, 0xf7, 0x7d, 0xf7, 0x7e, 0xef, 0x7d, 0xef,
    0x5d, 0xf7, 0x7e, 0xef, 0x7e, 0xf7, 0x5d, 0xf7, 0x7d, 0xef, 0xaf, 0x7b,
    0x74, 0x04, 0xfa, 0x04, 0x5a, 0x05, 0x74, 0x04, 0xae, 0x7b, 0x7d, 0xef,
    0x7d, 0xef, 0x7d, 0xf7, 0x7e, 0xef, 0x7e, 0xef, 0x5d, 0xef, 0x69, 0x4a,
    0x17, 0x04, 0x1a, 0x05, 0x79, 0x05, 0xb1, 0x03, 0x52, 0x8c, 0x7d, 0xef,
    0x7d, 0xf7, 0x7d, 0xef, 0xdb, 0xde, 0x34, 0xad, 0x72, 0x7c, 0x1a, 0x4e,
    0x7d, 0x06, 0x3b, 0x06, 0x17, 0x05, 0x35, 0x95, 0x8b, 0x02, 0xcf, 0x7b,
    0xf7, 0xc5, 0x5d, 0xef, 0x7d, 0xef, 0x7d, 0xef, 0x7d, 0xf7, 0x5e, 0xf7,
    0x7d, 0xef, 0x7d, 0xef, 0x5e, 0xf7, 0x7d, 0xef, 0x7e, 0xef, 0x5d, 0xf7,
    0x7d, 0xef, 0x7e, 0xef, 0x7d, 0xf7, 0x5e, 0xef, 0x7d, 0xf7, 0x7d, 0xef,
    0x5e, 0xef, 0x5d, 0xef, 0x7d, 0xf7, 0x7d, 0xef, 0x69, 0x4a, 0xba, 0x05,
    0x7c, 0x06, 0xdd, 0x76, 0x76, 0x04, 0x0c, 0x63, 0x7d, 0xf7, 0x7e, 0xef,
    0x7d, 0xf7, 0x7e, 0xef, 0x7e, 0xef, 0x5d, 0xf7, 0x7d, 0xef, 0x7e, 0xf7,
    0x5d, 0xef, 0x7d, 0xef, 0x7d, 0xf7, 0x5e, 0xf7, 0x7d, 0xef, 0x7d, 0xef,
    0x69, 0x52, 0xd9, 0x05, 0xdd, 0x4e, 0x7b, 0x05, 0xf3, 0x03, 0xaf, 0x7b,
    0x7d, 0xef, 0x7d, 0xef, 0x5e, 0xf7, 0x7d, 0xef, 0x7d, 0xef, 0x5e, 0xf7,
    0x7d, 0xef, 0x7d, 0xef, 0x7e, 0xf7, 0x7d, 0xef, 0x7e, 0xf7, 0x7e, 0xef,
    0x7d, 0xef, 0x7e, 0xf7, 0x14, 0xa5, 0xd0, 0x43, 0x7a, 0x05, 0x7a, 0x05,
    0x5a, 0x05, 0xed, 0x02, 0x75, 0xb5, 0x7e, 0xef, 0x5d, 0xef, 0x7d, 0xf7,
    0x7e, 0xef, 0x7d, 0xef, 0x7d, 0xf7, 0x7e, 0xef, 0x5d, 0xef, 0x7d, 0xef,
    0x7d, 0xf7, 0x7e, 0xef, 0x7d, 0xef, 0x7d, 0xf7, 0x7e, 0xef, 0x7d, 0xef,
    0x5d, 0xef, 0x7e, 0xf7, 0x7d, 0xef, 0x7d, 0xef, 0x5e, 0xf7, 0x7e, 0xef,
    0x7d, 0xef, 0x7d, 0xf7, 0x4d, 0x6b, 0x54, 0x04, 0x5a, 0x05, 0x7b, 0x04,
    0x5a, 0x05, 0x91, 0x03, 0x71, 0x94, 0x7d, 0xef, 0x7d, 0xf7, 0xd3, 0x9c,
    0xd1, 0x03, 0x7a, 0x05, 0xb6, 0x04, 0x8a, 0x5a, 0x3d, 0xef, 0x7d, 0xef,
    0x7e, 0xf7, 0x5d, 0xef, 0x7d, 0xef, 0x7d, 0xf7, 0x7e, 0xef, 0x7d, 0xef,
    0xbb, 0xde, 0x8b, 0x3a, 0xb7, 0x04, 0xb8, 0x03, 0x3a, 0x05, 0xf0, 0x6b,
    0x14, 0xa5, 0x7d, 0xef, 0x7d, 0xef, 0x7d, 0xef, 0x7d, 0xf7, 0x7d, 0xef,
    0x7d, 0xef, 0x7d, 0xef, 0x7d, 0xf7, 0x7d, 0xef, 0x7d, 0xef, 0x7d, 0xf7,
    0x7d, 0xef, 0x7e, 0xef, 0x7d, 0xef, 0x7d, 0xf7, 0x7d, 0xef, 0x69, 0x4a,
    0xfa, 0x05, 0x9b, 0x05, 0x1b, 0x06, 0xd2, 0x03, 0x51, 0x8c, 0x7e, 0xef,
    0x7d, 0xf7, 0x7d, 0xef, 0x7e, 0xef, 0x5d, 0xf7, 0x7d, 0xf7, 0x7e, 0xef,
    0x7d, 0xef, 0x5e, 0xf7, 0x7d, 0xef, 0x7e, 0xf7, 0x5d, 0xef, 0x7d, 0xef,
    0x7e, 0xf7, 0x7d, 0xef, 0x5e, 0xef, 0x7d, 0xf7, 0x7d, 0xef, 0xbb, 0xde,
    0x6a, 0x32, 0x16, 0x04, 0xfc, 0x05, 0xf9, 0x04, 0xee, 0x02, 0x55, 0xb5,
    0x7e, 0xef, 0x5d, 0xef, 0x7d, 0xef, 0x5e, 0xef, 0x7d, 0xf7, 0x7d, 0xef,
    0x49, 0x4a, 0xd9, 0x04, 0x5b, 0x05, 0x96, 0x03, 0x4f, 0x03, 0x14, 0xa5,
    0x5d, 0xef, 0x34, 0xad, 0x32, 0x7c, 0x58, 0x1d, 0xb7, 0x04, 0x93, 0x03,
    0x2a, 0x32, 0x51, 0x94, 0x8e, 0x7b, 0xf3, 0x03, 0x98, 0x04, 0x9a, 0x05,
    0x93, 0x03, 0xaf, 0x7b, 0x7d, 0xef, 0x7d, 0xf7, 0x5d, 0xef, 0x7d, 0xf7,
    0x7d, 0xf7, 0x7d, 0xef, 0x7d, 0xf7, 0x7d, 0xf7, 0x7d, 0xef, 0x7e, 0xef,
    0x5e, 0xf7, 0x7d, 0xef, 0x49, 0x52, 0x16, 0x04, 0x99, 0x04, 0x77, 0x04,
    0xd1, 0x03, 0x51, 0x8c, 0x7e, 0xf7, 0x7d, 0xef, 0x7d, 0xef, 0x7e, 0xf7,
    0x5d, 0xef, 0x7d, 0xef, 0x7e, 0xf7, 0x7d, 0xef, 0x5e, 0xef, 0x5d, 0xf7,
    0x7d, 0xef, 0x7e, 0xef, 0x7d, 0xf7, 0x5d, 0xef, 0x7e, 0xef, 0x7d, 0xf7,
    0xec, 0x62, 0x96, 0x04, 0x59, 0x05, 0x3c, 0x06, 0x18, 0x05, 0x49, 0x4a,
    0x7d, 0xf7, 0x5d, 0xef, 0x7e, 0xef, 0x7d, 0xf7, 0x5d, 0xef, 0x7e, 0xf7,
    0x7d, 0xf7, 0x7d, 0xef, 0x5e, 0xef, 0x7d, 0xef, 0x7e, 0xef, 0x7d, 0xef,
    0xaf, 0x7b, 0x30, 0x03, 0x7a, 0x05, 0x18, 0x05, 0x94, 0x04, 0xaf, 0x7b,
    0x7d, 0xef, 0x7d, 0xf7, 0x5e, 0xef, 0x7d, 0xef, 0x7d, 0xf7, 0x5e, 0xef,
    0x49, 0x52, 0x38, 0x05, 0xfb, 0x05, 0x5a, 0x05, 0x50, 0x03, 0x51, 0x94,
    0x7e, 0xef, 0x5d, 0xef, 0xd7, 0xbd, 0x92, 0x94, 0x53, 0x5c, 0x1b, 0x06,
    0x39, 0x05, 0xb7, 0x04, 0x34, 0x04, 0x2d, 0x4b, 0x2c, 0x6b, 0x55, 0xad,
    0x5d, 0xef, 0x7d, 0xef, 0x7d, 0xf7, 0x7e, 0xef, 0x7d, 0xef, 0x7d, 0xf7,
    0x5e, 0xef, 0x7d, 0xef, 0x7d, 0xf7, 0x7e, 0xef, 0x7d, 0xf7, 0x7d, 0xef,
    0x7e, 0xef, 0x7d, 0xf7, 0x5d, 0xef, 0x7e, 0xef, 0x7d, 0xf7, 0x7e, 0xef,
    0x7d, 0xf7, 0x7d, 0xef, 0x7e, 0xef, 0x7e, 0xf7, 0x7d, 0xef, 0x49, 0x52,
    0x16, 0x04, 0xdb, 0x05, 0x1b, 0x06, 0x76, 0x03, 0x6e, 0x73, 0x96, 0xb5,
    0x96, 0xb5, 0x96, 0xb5, 0x96, 0xb5, 0x96, 0xb5, 0xb6, 0xb5, 0x96, 0xb5,
    0x96, 0xb5, 0xb6, 0xb5, 0x96, 0xb5, 0x96, 0xb5, 0x96, 0xb5, 0x96, 0xb5,
    0x97, 0xb5, 0xcb, 0x62, 0x39, 0x05, 0xdb, 0x05, 0xba, 0x03, 0x53, 0x04,
    0x30, 0x8c, 0x96, 0xb5, 0x96, 0xb5, 0xb6, 0xb5, 0x96, 0xb5, 0x96, 0xb5,
    0xb6, 0xb5, 0x96, 0xb5, 0x96, 0xb5, 0x96, 0xb5, 0x96, 0xb5, 0x96, 0xb5,
    0x96, 0xb5, 0x96, 0xb5, 0x96, 0xb5, 0x55, 0xad, 0xb1, 0x03, 0x99, 0x03,
    0xba, 0x05, 0x16, 0x04, 0xee, 0x02, 0x55, 0xb5, 0x7d, 0xef, 0x7e, 0xef,
    0x5d, 0xf7, 0x7e, 0xef, 0x7d, 0xef, 0x5d, 0xf7, 0x7e, 0xef, 0x7e, 0xf7,
    0x7d, 0xef, 0x5e, 0xef, 0x7d, 0xf7, 0x7e, 0xef, 0x5d, 0xf7, 0x7e, 0xef,
    0x7d, 0xef, 0x7d, 0xf7, 0x7e, 0xef, 0x7d, 0xef, 0x5d, 0xf7, 0x7e, 0xef,
    0x7d, 0xf7, 0x7e, 0xef, 0x7e, 0xef, 0xaf, 0x7b, 0x92, 0x03, 0xfb, 0x05,
    0x9a, 0x05, 0x3a, 0x05, 0x90, 0x03, 0x71, 0x8c, 0x5e, 0xef, 0x5d, 0xef,
    0x8e, 0x73, 0xb4, 0x03, 0xf8, 0x04, 0x30, 0x03, 0x51, 0x8c, 0x7d, 0xef,
    0x7e, 0xf7, 0x7d, 0xef, 0x7e, 0xef, 0x5d, 0xf7, 0x7e, 0xef, 0x7d, 0xef,
    0x7d, 0xef, 0x5d, 0xef, 0x49, 0x4a, 0x77, 0x04, 0x77, 0x03, 0xf9, 0x04,
    0x4d, 0x02, 0x14, 0xa5, 0x5d, 0xef, 0x5e, 0xf7, 0x7e, 0xef, 0x7d, 0xef,
    0x5e, 0xf7, 0x7e, 0xef, 0x7d, 0xf7, 0x5e, 0xef, 0x7e, 0xef, 0x7d, 0xf7,
    0x5e, 0xef, 0x5d, 0xf7, 0x7d, 0xef, 0x5e, 0xf7, 0x7e, 0xef, 0x7e, 0xef,
    0x49, 0x52, 0xf3, 0x02, 0xbb, 0x05, 0x98, 0x04, 0xd1, 0x03, 0x51, 0x8c,
    0x7e, 0xef, 0x7d, 0xf7, 0x5e, 0xef, 0x7d, 0xef, 0x7d, 0xef, 0x7e, 0xef,
    0x7d, 0xf7, 0x7d, 0xef, 0x5e, 0xef, 0x7d, 0xf7, 0x7d, 0xef, 0x5e, 0xef,
    0x7d, 0xf7, 0x7d, 0xf7, 0x5e, 0xef, 0x7d, 0xef, 0x7e, 0xf7, 0x7d, 0xef,
    0xbb, 0xde, 0xab, 0x4a, 0x19, 0x05, 0x7d, 0x7e, 0xd9, 0x04, 0x4e, 0x03,
    0x75, 0xad, 0x7d, 0xf7, 0x7d, 0xef, 0x5e, 0xef, 0x7d, 0xf7, 0x7e, 0xef,
    0x5d, 0xef, 0x49, 0x52, 0xf8, 0x04, 0xbb, 0x05, 0x1b, 0x26, 0xce, 0x02,
    0x35, 0xad, 0xf4, 0xa4, 0xd4, 0x7c, 0x18, 0x05, 0x98, 0x65, 0xcd, 0x02,
    0x0c, 0x6b, 0x55, 0xad, 0x5d, 0xef, 0xae, 0x7b, 0x54, 0x04, 0xb8, 0x04,
    0xba, 0x05, 0xd4, 0x5c, 0xae, 0x7b, 0x7d, 0xef, 0x7e, 0xef, 0x7e, 0xef,
    0x7d, 0xef, 0x5e, 0xf7, 0x7e, 0xef, 0x5d, 0xef, 0x7e, 0xf7, 0x7d, 0xef,
    0x7d, 0xef, 0x5d, 0xf7, 0x7e, 0xef, 0x49, 0x4a, 0x18, 0x05, 0xbb, 0x05,
    0x77, 0x04, 0x70, 0x03, 0x51, 0x8c, 0x7e, 0xf7, 0x5d, 0xef, 0x7e, 0xf7,
    0x7d, 0xef, 0x7d, 0xef, 0x5e, 0xf7, 0x7d, 0xef, 0x7d, 0xf7, 0x7e, 0xef,
    0x7d, 0xef, 0x5e, 0xf7, 0x7d, 0xef, 0x7d, 0xf7, 0x7e, 0xef, 0x7d, 0xef,
    0x7d, 0xf7, 0xec, 0x62, 0xb3, 0x03, 0xfb, 0x05, 0xf9, 0x04, 0x79, 0x05,
    0xcb, 0x5a, 0x96, 0xb5, 0x96, 0xb5, 0x96, 0xb5, 0x96, 0xb5, 0x96, 0xb5,
    0x96, 0xb5, 0x96, 0xb5, 0x96, 0xb5, 0x96, 0xb5, 0x96, 0xbd, 0x96, 0xb5,
    0x96, 0xb5, 0x10, 0x8c, 0x13, 0x04, 0x36, 0x04, 0x9b, 0x05, 0xb2, 0x03,
    0xae, 0x7b, 0x7e, 0xef, 0x5d, 0xef, 0x7e, 0xf7, 0x7d, 0xef, 0x7d, 0xef,
    0x7e, 0xf7, 0x49, 0x4a, 0x58, 0x05, 0xb8, 0x04, 0x7a, 0x05, 0xf1, 0x03,
    0x51, 0x8c, 0x3d, 0xef, 0x34, 0xa5, 0x52, 0x74, 0xb6, 0x1c, 0xba, 0x05,
    0x97, 0x04, 0x33, 0x04, 0x0d, 0x03, 0xca, 0x5a, 0xf3, 0xa4, 0x5d, 0xef,
    0x7d, 0xf7, 0x7d, 0xef, 0x7d, 0xef, 0x7e, 0xf7, 0x5d, 0xef, 0x7e, 0xf7,
    0x7d, 0xef, 0x7e, 0xef, 0x5d, 0xf7, 0x7e, 0xef, 0x5d, 0xef, 0x7d, 0xf7,
    0x5e, 0xef, 0x7d, 0xf7, 0x7e, 0xf7, 0x5d, 0xef, 0x7d, 0xef, 0x7e, 0xf7,
    0x5d, 0xef, 0x7d, 0xef, 0x7e, 0xf7, 0x5d, 0xef, 0x7d, 0xef, 0x7e, 0xf7,
    0x49, 0x4a, 0x97, 0x04, 0x3a, 0x05, 0x9d, 0x4e, 0xba, 0x05, 0xd5, 0x4c,
    0xd4, 0x6c, 0xf5, 0x74, 0x15, 0x75, 0xf5, 0x6c, 0x15, 0x75, 0x36, 0x7d,
    0x76, 0x9d, 0x36, 0x65, 0x56, 0x9d, 0x36, 0x7d, 0x56, 0x95, 0x35, 0x8d,
    0xb5, 0x6c, 0x15, 0x7d, 0x74, 0x3c, 0xda, 0x05, 0xbd, 0x76, 0x1c, 0x06,
    0x99, 0x05, 0xb4, 0x5c, 0xf5, 0x6c, 0x16, 0x6d, 0xf5, 0x6c, 0x36, 0x75,
    0x36, 0x7d, 0x56, 0x9d, 0x36, 0x6d, 0x76, 0xa5, 0x16, 0x7d, 0x56, 0x95,
    0x15, 0x7d, 0xb5, 0x74, 0x16, 0x6d, 0xf5, 0x74, 0xf5, 0x5c, 0xb8, 0x85,
    0x3c, 0x06, 0xfc, 0x05, 0xb9, 0x05, 0x0e, 0x03, 0x55, 0xad, 0x7d, 0xef,
    0x7d, 0xf7, 0x7e, 0xef, 0x5d, 0xf7, 0x7e, 0xef, 0x7d, 0xef, 0x5d, 0xf7,
    0x7d, 0xef, 0x7e, 0xf7, 0x5d, 0xef, 0x7d, 0xef, 0x7d, 0xf7, 0x5e, 0xef,
    0x7d, 0xf7, 0x7d, 0xf7, 0x5e, 0xef, 0x7d, 0xef, 0x7e, 0xf7, 0x7d, 0xef,
    0x7d, 0xef, 0x5d, 0xf7, 0x7d, 0xef, 0x7d, 0xef, 0xf0, 0x83, 0xb3, 0x64,
    0x9a, 0x05, 0x3d, 0x26, 0xd8, 0x04, 0x6f, 0x03, 0xf4, 0xa4, 0x7d, 0xf7,
    0x1c, 0xe7, 0x8a, 0x52, 0x39, 0x05, 0x59, 0x05, 0x2d, 0x43, 0x96, 0xb5,
    0x7d, 0xf7, 0x7d, 0xef, 0x7e, 0xef, 0x7d, 0xf7, 0x5d, 0xf7, 0x7e, 0xef,
    0x7d, 0xf7, 0x5e, 0xf7, 0x7d, 0xef, 0x49, 0x4a, 0xda, 0x05, 0xf9, 0x04,
    0xd8, 0x04, 0x6f, 0x03, 0x14, 0xa5, 0x7d, 0xf7, 0x7d, 0xef, 0x7e, 0xf7,
    0x5d, 0xef, 0x7d, 0xef, 0x7e, 0xf7, 0x5d, 0xef, 0x7d, 0xef, 0x7e, 0xf7,
    0x7d, 0xef, 0x7e, 0xef, 0x7e, 0xf7, 0x7d, 0xef, 0x5d, 0xef, 0x7d, 0xf7,
    0x7e, 0xef, 0x49, 0x4a, 0x59, 0x05, 0x1c, 0x06, 0xd8, 0x04, 0xd1, 0x03,
    0x51, 0x8c, 0x7d, 0xf7, 0x7e, 0xef, 0x7d, 0xf7, 0x5d, 0xf7, 0x7e, 0xef,
    0x7d, 0xef, 0x5d, 0xef, 0x7d, 0xef, 0x7d, 0xf7, 0x7e, 0xef, 0x7d, 0xef,
    0x7e, 0xf7, 0x7d, 0xef, 0x7d, 0xef, 0x7e, 0xf7, 0x7d, 0xef, 0x7d, 0xef,
    0x7e, 0xef, 0xbb, 0xde, 0x6a, 0x42, 0xf7, 0x04, 0x9b, 0x05, 0x3b, 0x46,
    0x6f, 0x23, 0x55, 0xad, 0x7d, 0xef, 0x7e, 0xf7, 0x7d, 0xf7, 0x7d, 0xef,
    0x7e, 0xef, 0x7d, 0xf7, 0x49, 0x4a, 0x39, 0x05, 0x5b, 0x05, 0x5c, 0x06,
    0xb0, 0x13, 0xec, 0x5a, 0x30, 0x03, 0xf7, 0x04, 0x4f, 0x03, 0x49, 0x3a,
    0x51, 0x8c, 0x1c, 0xe7, 0x7d, 0xef, 0x7d, 0xef, 0xae, 0x73, 0xb2, 0x03,
    0x78, 0x04, 0x9b, 0x05, 0x71, 0x02, 0x8e, 0x73, 0x7d, 0xef, 0x7e, 0xf7,
    0x5d, 0xf7, 0x7d, 0xef, 0x7e, 0xef, 0x7d, 0xf7, 0x7d, 0xef, 0x5e, 0xef,
    0x7e, 0xf7, 0x7d, 0xef, 0x7d, 0xf7, 0x7d, 0xef, 0x49, 0x4a, 0xd9, 0x55,
    0xfa, 0x04, 0x77, 0x04, 0xf2, 0x03, 0x51, 0x8c, 0x7d, 0xef, 0x7d, 0xf7,
    0x5e, 0xef, 0x7d, 0xef, 0x7d, 0xf7, 0x7e, 0xef, 0x5d, 0xef, 0x7d, 0xf7,
    0x7e, 0xef, 0x7d, 0xf7, 0x7d, 0xef, 0x5e, 0xef, 0x7d, 0xf7, 0x7e, 0xef,
    0x5d, 0xef, 0x7d, 0xf7, 0xec, 0x62, 0xf6, 0x04, 0x99, 0x04, 0x1a, 0x04,
    0x9a, 0x05, 0xd4, 0x6c, 0x36, 0x8d, 0x56, 0x85, 0xf5, 0x64, 0xd5, 0x74,
    0x76, 0xa5, 0xb5, 0x6c, 0x16, 0x6d, 0x36, 0x85, 0x56, 0x8d, 0x36, 0x6d,
    0x56, 0x7d, 0x36, 0x7d, 0x94, 0x3c, 0xf7, 0x04, 0xbc, 0x9e, 0x1a, 0x05,
    0x93, 0x03, 0x8e, 0x7b, 0x7d, 0xef, 0x7e, 0xef, 0x7d, 0xf7, 0x5d, 0xef,
    0x7e, 0xef, 0x7d, 0xf7, 0x49, 0x4a, 0xd9, 0x04, 0xfc, 0x05, 0xdb, 0x05,
    0x12, 0x04, 0xb3, 0x9c, 0x71, 0x94, 0xb4, 0x54, 0x38, 0x05, 0xb9, 0x35,
    0x55, 0x04, 0xee, 0x02, 0xca, 0x5a, 0xf3, 0xa4, 0x3d, 0xef, 0x7d, 0xef,
    0x7d, 0xef, 0x7e, 0xf7, 0x5d, 0xef, 0x7e, 0xf7, 0x7d, 0xef, 0x5d, 0xef,
    0x7e, 0xf7, 0x7d, 0xef, 0x7d, 0xef, 0x7e, 0xf7, 0x7d, 0xef, 0x7d, 0xef,
    0x5e, 0xf7, 0x7d, 0xef, 0x7d, 0xef, 0x7e, 0xef, 0x7d, 0xf7, 0x7d, 0xef,
    0x5e, 0xef, 0x7d, 0xf7, 0x7e, 0xef, 0x5d, 0xf7, 0x7d, 0xef, 0x7d, 0xef,
    0xbb, 0xde, 0x8a, 0x3a, 0x59, 0x05, 0x5c, 0x06, 0xf9, 0x04, 0x19, 0x05,
    0x35, 0x04, 0x37, 0x05, 0xb6, 0x04, 0x58, 0x05, 0x34, 0x04, 0x17, 0x05,
    0xd3, 0x03, 0xf7, 0x03, 0x15, 0x04, 0x58, 0x05, 0x95, 0x04, 0x94, 0x03,
    0xf7, 0x04, 0xb6, 0x04, 0xb6, 0x04, 0xd5, 0x03, 0xfa, 0x05, 0xd9, 0x04,
    0x3a, 0x05, 0x77, 0x04, 0x38, 0x05, 0xd6, 0x04, 0x98, 0x05, 0x55, 0x04,
    0xd6, 0x04, 0x52, 0x03, 0x37, 0x04, 0x15, 0x04, 0x98, 0x65, 0x95, 0x04,
    0xf5, 0x03, 0x58, 0x05, 0xf7, 0x04, 0xd6, 0x04, 0x32, 0x03, 0x96, 0x04,
    0x56, 0x04, 0xf9, 0x04, 0xd9, 0x04, 0x19, 0x05, 0x4f, 0x03, 0x14, 0xa5,
    0x7d, 0xf7, 0x7e, 0xef, 0x5d, 0xef, 0x7d, 0xf7, 0x7e, 0xef, 0x7d, 0xef,
    0x7d, 0xf7, 0x7e, 0xef, 0x7d, 0xef, 0x7d, 0xf7, 0x7e, 0xef, 0x7d, 0xef,
    0x7e, 0xef, 0x7d, 0xef, 0x5e, 0xf7, 0x7d, 0xef, 0x5d, 0xef, 0x7e, 0xf7,
    0x7e, 0xef, 0x5d, 0xef, 0x7e, 0xf7, 0x7d, 0xf7, 0x5d, 0xef, 0xb2, 0x9c,
    0xb1, 0x03, 0xba, 0x25, 0x3a, 0x05, 0xb9, 0x05, 0x8a, 0x3a, 0x9a, 0xd6,
    0x7e, 0xef, 0x7a, 0xd6, 0x6b, 0x22, 0x17, 0x04, 0x55, 0x04, 0x8a, 0x52,
    0x3d, 0xef, 0x7d, 0xf7, 0x7d, 0xef, 0x5e, 0xef, 0x7d, 0xf7, 0x7d, 0xef,
    0x7e, 0xef, 0x7d, 0xef, 0x7d, 0xf7, 0x7e, 0xef, 0x49, 0x4a, 0x9a, 0x05,
    0xfc, 0x05, 0x57, 0x04, 0x4f, 0x23, 0x14, 0xa5, 0x7d, 0xef, 0x7d, 0xef,
    0x7e, 0xf7, 0x7d, 0xef, 0x7d, 0xef, 0x7e, 0xf7, 0x7d, 0xef, 0x7d, 0xf7,
    0x5d, 0xf7, 0x7d, 0xef, 0x7d, 0xef, 0x7e, 0xf7, 0x7d, 0xef, 0x7d, 0xef,
    0x5d, 0xf7, 0x7d, 0xf7, 0x49, 0x4a, 0x78, 0x5d, 0x3a, 0x05, 0x37, 0x04,
    0xb1, 0x03, 0x51, 0x8c, 0x7e, 0xef, 0x7d, 0xef, 0x7d, 0xef, 0x7e, 0xf7,
    0x5e, 0xf7, 0x7d, 0xef, 0x7d, 0xef, 0x7d, 0xef, 0x5e, 0xf7, 0x7d, 0xef,
    0x5d, 0xf7, 0x7e, 0xef, 0x5d, 0xef, 0x7e, 0xf7, 0x7d, 0xef, 0x5d, 0xf7,
    0x7d, 0xef, 0x7d, 0xef, 0xbb, 0xde, 0x6a, 0x32, 0x18, 0x05, 0xbb, 0x05,
    0xd8, 0x04, 0xce, 0x02, 0x55, 0xad, 0x7d, 0xef, 0x5e, 0xf7, 0x7d, 0xef,
    0x5d, 0xef, 0x7e, 0xf7, 0x7d, 0xef, 0x29, 0x4a, 0xd7, 0x04, 0x5c, 0x05,
    0x98, 0x04, 0x4f, 0x03, 0x51, 0x8c, 0x8e, 0x4b, 0x4a, 0x2a, 0xcf, 0x7b,
    0xf8, 0xc5, 0x5d, 0xef, 0x7d, 0xef, 0x7d, 0xf7, 0x7e, 0xef, 0x8e, 0x73,
    0x54, 0x04, 0xb9, 0x04, 0x7a, 0x05, 0x36, 0x55, 0x10, 0x84, 0x96, 0xb5,
    0x96, 0xbd, 0x96, 0xb5, 0x96, 0xb5, 0x96, 0xbd, 0x96, 0xb5, 0x96, 0xb5,
    0x96, 0xbd, 0x96, 0xb5, 0x96, 0xb5, 0x96, 0xbd, 0x96, 0xb5, 0xcb, 0x5a,
    0x3b, 0x3e, 0x1b, 0x06, 0xd9, 0x04, 0x90, 0x03, 0x51, 0x8c, 0x7d, 0xef,
    0x7e, 0xf7, 0x7d, 0xef, 0x5e, 0xf7, 0x7d, 0xef, 0x7e, 0xef, 0x7d, 0xf7,
    0x5d, 0xef, 0x7e, 0xef, 0x7d, 0xf7, 0x5d, 0xef, 0x7e, 0xef, 0x7d, 0xf7,
    0x5d, 0xef, 0x7e, 0xef, 0x7d, 0xef, 0xec, 0x62, 0x35, 0x04, 0xbd, 0x06,
    0xd8, 0x04, 0x3a, 0x05, 0x18, 0x05, 0xd3, 0x03, 0xf3, 0x03, 0xd2, 0x03,
    0x56, 0x04, 0x34, 0x04, 0xd6, 0x04, 0xb5, 0x04, 0x95, 0x04, 0x75, 0x04,
    0xd6, 0x04, 0x97, 0x55, 0x77, 0x05, 0xb6, 0x04, 0x59, 0x05, 0x19, 0x05,
    0x7c, 0x06, 0xb2, 0x03, 0x8e, 0x73, 0x7d, 0xef, 0x7e, 0xf7, 0x5d, 0xef,
    0x7d, 0xf7, 0x7e, 0xef, 0x5d, 0xef, 0x29, 0x4a, 0x37, 0x05, 0x38, 0x05,
    0xba, 0x05, 0xb5, 0x34, 0xd4, 0x8c, 0xd8, 0x4d, 0x97, 0x04, 0xb5, 0x04,
    0xad, 0x02, 0x69, 0x52, 0x92, 0x94, 0xfc, 0xe6, 0x7d, 0xef, 0x7d, 0xf7,
    0x7e, 0xef, 0x5d, 0xef, 0x7d, 0xf7, 0x7e, 0xef, 0x7d, 0xef, 0x7d, 0xf7,
    0x7e, 0xef, 0x5d, 0xef, 0x7d, 0xf7, 0x5e, 0xef, 0x7d, 0xf7, 0x7d, 0xef,
    0x7e, 0xf7, 0x7e, 0xef, 0x7d, 0xef, 0x5d, 0xf7, 0x7e, 0xef, 0x7d, 0xef,
    0x5e, 0xf7, 0x7d, 0xef, 0x7d, 0xef, 0x7e, 0xf7, 0x7e, 0xef, 0x7d, 0xf7,
    0x7e, 0xf7, 0xbb, 0xde, 0x8a, 0x42, 0xf8, 0x04, 0xfe, 0x9e, 0x7b, 0x3e,
    0x15, 0x04, 0xe7, 0x41, 0x08, 0x4a, 0x08, 0x4a, 0x08, 0x42, 0x08, 0x4a,
    0x08, 0x42, 0x08, 0x4a, 0x08, 0x4a, 0x08, 0x4a, 0x08, 0x4a, 0x08, 0x4a,
    0x08, 0x4a, 0x08, 0x42, 0x08, 0x4a, 0x08, 0x4a, 0xe7, 0x41, 0x3a, 0x96,
    0x9c, 0x86, 0xd9, 0x04, 0x34, 0x04, 0xe7, 0x41, 0x08, 0x4a, 0x08, 0x4a,
    0x08, 0x42, 0x08, 0x4a, 0x08, 0x42, 0x08, 0x4a, 0x08, 0x4a, 0x08, 0x4a,
    0x08, 0x4a, 0x08, 0x42, 0x08, 0x4a, 0x08, 0x4a, 0x08, 0x42, 0x08, 0x4a,
    0x07, 0x42, 0xaf, 0x5b, 0xb8, 0x04, 0xfc, 0x05, 0xd6, 0x03, 0xee, 0x02,
    0xf4, 0xa4, 0x7d, 0xef, 0x5d, 0xef, 0x1c, 0xe7, 0x75, 0xb5, 0xbb, 0xde,
    0x7e, 0xef, 0x7d, 0xf7, 0x5e, 0xef, 0x7d, 0xef, 0x5e, 0xf7, 0x7d, 0xf7,
    0x5d, 0xef, 0x7d, 0xf7, 0x7e, 0xef, 0x7d, 0xef, 0x7d, 0xf7, 0x7e, 0xef,
    0x5d, 0xf7, 0x7d, 0xef, 0x7e, 0xef, 0x7d, 0xf7, 0x7e, 0xef, 0x7e, 0xef,
    0xf4, 0xa4, 0x2e, 0x03, 0xf7, 0x04, 0xd9, 0x05, 0xce, 0x02, 0x51, 0x8c,
    0x5d, 0xef, 0x7d, 0xef, 0x35, 0xad, 0xaf, 0x43, 0x77, 0x04, 0xf1, 0x03,
    0x51, 0x8c, 0x7d, 0xf7, 0x7e, 0xef, 0x7d, 0xef, 0x5d, 0xf7, 0x7e, 0xef,
    0x7d, 0xef, 0x5d, 0xf7, 0x7e, 0xef, 0x7d, 0xef, 0x5d, 0xf7, 0x29, 0x4a,
    0x78, 0x04, 0x3c, 0x06, 0x3a, 0x05, 0xb0, 0x4b, 0xf4, 0xa4, 0x7d, 0xef,
    0x5d, 0xf7, 0x5e, 0xef, 0x7d, 0xf7, 0x5d, 0xef, 0x7e, 0xef, 0x7e, 0xf7,
    0x5d, 0xef, 0x7e, 0xef, 0x5e, 0xf7, 0x5d, 0xef, 0x7d, 0xef, 0x7e, 0xf7,
    0x5e, 0xef, 0x7e, 0xef, 0x7d, 0xef, 0x29, 0x4a, 0xda, 0x05, 0xfb, 0x05,
    0x98, 0x04, 0x91, 0x03, 0x51, 0x8c, 0x7d, 0xf7, 0x5e, 0xef, 0x7d, 0xef,
    0x7d, 0xef, 0x7d, 0xf7, 0x7e, 0xef, 0x7d, 0xf7, 0x7d, 0xef, 0x7e, 0xef,
    0x5d, 0xf7, 0x7d, 0xef, 0x7e, 0xef, 0x7d, 0xf7, 0x5d, 0xef, 0x7e, 0xef,
    0x7e, 0xf7, 0x5d, 0xf7, 0x7d, 0xef, 0xbb, 0xde, 0x4a, 0x3a, 0x97, 0x04,
    0x9c, 0x05, 0xfb, 0x05, 0xcd, 0x02, 0x55, 0xad, 0x7d, 0xf7, 0x7e, 0xef,
    0x7d, 0xef, 0x7e, 0xf7, 0x5d, 0xef, 0x7d, 0xef, 0x29, 0x4a, 0x99, 0x05,
    0x9b, 0x05, 0x79, 0x05, 0x0e, 0x03, 0xd3, 0x9c, 0xb2, 0x9c, 0x38, 0xce,
    0x5d, 0xef, 0x7d, 0xef, 0x7d, 0xf7, 0x5d, 0xef, 0x1c, 0xe7, 0x5d, 0xef,
    0xae, 0x7b, 0x15, 0x85, 0xf9, 0x04, 0xbb, 0x05, 0x17, 0x05, 0xf5, 0x64,
    0x56, 0x85, 0xf5, 0x5c, 0x35, 0x8d, 0x15, 0x75, 0x15, 0x7d, 0xf5, 0x5c,
    0x94, 0x6c, 0xd5, 0x74, 0x15, 0x75, 0x36, 0x75, 0x15, 0x75, 0x16, 0x7d,
    0x94, 0x54, 0xfb, 0x05, 0xfd, 0xb6, 0xd9, 0x04, 0xf1, 0x03, 0x51, 0x8c,
    0x7e, 0xf7, 0x7d, 0xef, 0x7d, 0xef, 0x7d, 0xf7, 0x5e, 0xef, 0x7d, 0xf7,
    0x7e, 0xf7, 0x7d, 0xef, 0x5e, 0xef, 0x7d, 0xf7, 0x7e, 0xef, 0x7d, 0xf7,
    0x7d, 0xef, 0x7e, 0xf7, 0x7d, 0xf7, 0x7d, 0xef, 0xec, 0x62, 0x16, 0x05,
    0x7a, 0x05, 0xbb, 0x05, 0xfa, 0x05, 0xe7, 0x41, 0x08, 0x42, 0x08, 0x42,
    0x08, 0x42, 0x08, 0x42, 0x08, 0x42, 0x08, 0x42, 0x08, 0x42, 0x07, 0x42,
    0x08, 0x42, 0x08, 0x4a, 0x08, 0x42, 0x08, 0x42, 0xe7, 0x49, 0xf4, 0x03,
    0x9c, 0x06, 0x3a, 0x05, 0xf3, 0x03, 0x8e, 0x73, 0x7e, 0xf7, 0x7d, 0xef,
    0x7d, 0xef, 0x7e, 0xf7, 0x7d, 0xf7, 0x7d, 0xef, 0x29, 0x4a, 0xd8, 0x04,
    0xdc, 0x05, 0xbb, 0x05, 0x9b, 0x05, 0xb5, 0x03, 0xb3, 0x03, 0xcd, 0x02,
    0x49, 0x52, 0x92, 0x94, 0x1c, 0xe7, 0x7d, 0xef, 0x7d, 0xef, 0x7d, 0xf7,
    0x7e, 0xef, 0x5d, 0xf7, 0x7e, 0xef, 0x7d, 0xef, 0x5d, 0xf7, 0x7e, 0xef,
    0x7d, 0xf7, 0x5d, 0xef, 0x9a, 0xd6, 0xb7, 0xbd, 0x5d, 0xef, 0x7d, 0xef,
    0x5e, 0xf7, 0x5d, 0xef, 0x7d, 0xef, 0x7e, 0xf7, 0x5d, 0xf7, 0x7d, 0xef,
    0x7e, 0xef, 0x7d, 0xf7, 0x7d, 0xf7, 0x5d, 0xef, 0x7d, 0xef, 0x5d, 0xef,
    0x7e, 0xef, 0x5d, 0xef, 0xbb, 0xde, 0x6a, 0x3a, 0xf8, 0x04, 0x97, 0x03,
    0xd9, 0x04, 0x14, 0x04, 0xeb, 0x62, 0x7d, 0xef, 0x7d, 0xef, 0x7d, 0xf7,
    0x7d, 0xef, 0x7d, 0xef, 0x7d, 0xef, 0x7d, 0xef, 0x7d, 0xef, 0x7d, 0xef,
    0x7d, 0xef, 0x7d, 0xef, 0x7d, 0xef, 0x7d, 0xef, 0x7d, 0xef, 0x49, 0x4a,
    0xf4, 0x02, 0x5a, 0x05, 0x19, 0x05, 0x54, 0x04, 0xae, 0x73, 0x7d, 0xef,
    0x7d, 0xef, 0x7d, 0xef, 0x7d, 0xef, 0x7d, 0xf7, 0x7d, 0xef, 0x7d, 0xef,
    0x7d, 0xef, 0x7d, 0xef, 0x7d, 0xef, 0x7d, 0xef, 0x7d, 0xef, 0x7d, 0xf7,
    0x7d, 0xef, 0x14, 0xa5, 0x2f, 0x03, 0xf7, 0x04, 0x58, 0x05, 0x34, 0x04,
    0x6a, 0x1a, 0xf8, 0xc5, 0x7d, 0xef, 0x1c, 0xe7, 0x6e, 0x6b, 0x11, 0x54,
    0x8f, 0x6b, 0xbb, 0xde, 0x7d, 0xef, 0x7d, 0xf7, 0x5e, 0xef, 0x7d, 0xef,
    0x7e, 0xef, 0x7d, 0xf7, 0x5e, 0xef, 0x7d, 0xf7, 0x7d, 0xef, 0x5e, 0xef,
    0x7d, 0xf7, 0x7d, 0xef, 0x7d, 0xf7, 0x5d, 0xef, 0x7d, 0xef, 0x7d, 0xf7,
    0x7d, 0xef, 0xfb, 0xde, 0x49, 0x42, 0xb2, 0x03, 0xce, 0x02, 0x10, 0x8c,
    0xba, 0xde, 0x7d, 0xef, 0x7d, 0xf7, 0x10, 0x84, 0x93, 0x4c, 0x97, 0x04,
    0xcd, 0x02, 0x96, 0xb5, 0x7d, 0xf7, 0x7e, 0xef, 0x5d, 0xef, 0x7e, 0xf7,
    0x7d, 0xef, 0x5e, 0xef, 0x7d, 0xf7, 0x3d, 0xe7, 0x55, 0xad, 0x9a, 0xd6,
    0x49, 0x4a, 0x97, 0x04, 0x5c, 0x06, 0xba, 0x05, 0x8f, 0x03, 0x14, 0xa5,
    0x7d, 0xef, 0x7d, 0xef, 0x7e, 0xf7, 0x7d, 0xef, 0x7d, 0xf7, 0x5d, 0xef,
    0x7d, 0xef, 0x7e, 0xef, 0x7d, 0xef, 0x7d, 0xf7, 0x7e, 0xef, 0x7d, 0xef,
    0x5d, 0xf7, 0x7d, 0xf7, 0x7d, 0xef, 0x7e, 0xef, 0x29, 0x4a, 0xba, 0x05,
    0x3e, 0xb7, 0xd9, 0x04, 0xb1, 0x03, 0x51, 0x8c, 0x7d, 0xf7, 0x7e, 0xf7,
    0x5d, 0xef, 0x7d, 0xef, 0x5e, 0xef, 0x7d, 0xf7, 0x7e, 0xef, 0x7d, 0xef,
    0x7d, 0xf7, 0x7e, 0xef, 0x7d, 0xef, 0x7e, 0xf7, 0x7d, 0xef, 0x5d, 0xef,
    0x7e, 0xf7, 0x7d, 0xef, 0x7e, 0xef, 0x7d, 0xef, 0xbb, 0xde, 0x2a, 0x32,
    0x55, 0x04, 0x79, 0x04, 0xd8, 0x04, 0x4e, 0x03, 0x55, 0xad, 0x7d, 0xef,
    0x7d, 0xf7, 0x5e, 0xef, 0x7d, 0xf7, 0x7d, 0xef, 0x7e, 0xef, 0x29, 0x4a,
    0xba, 0x05, 0x1c, 0x06, 0x97, 0x04, 0x0e, 0x03, 0x14, 0xa5, 0x7d, 0xef,
    0x7e, 0xef, 0x7d, 0xef, 0x5d, 0xef, 0x96, 0xb5, 0x31, 0x8c, 0xaf, 0x73,
    0x1c, 0xe7, 0x8e, 0x73, 0xaf, 0x02, 0x38, 0x04, 0xbb, 0x05, 0x97, 0x04,
    0x17, 0x05, 0x57, 0x05, 0x96, 0x04, 0x15, 0x04, 0x95, 0x04, 0xd6, 0x04,
    0xd7, 0x04, 0x76, 0x04, 0x93, 0x03, 0xb4, 0x03, 0xd6, 0x04, 0xb8, 0x75,
    0xf6, 0x04, 0xd9, 0x05, 0x36, 0x04, 0x55, 0x03, 0x98, 0x04, 0xd1, 0x03,
    0x51, 0x8c, 0x5d, 0xef, 0x5e, 0xef, 0x7d, 0xf7, 0x7e, 0xef, 0x7d, 0xef,
    0x5d, 0xef, 0x7d, 0xef, 0x7e, 0xf7, 0x7d, 0xef, 0x5d, 0xef, 0x7e, 0xf7,
    0x7d, 0xef, 0x5e, 0xef, 0x7d, 0xef, 0x5d, 0xf7, 0x7e, 0xef, 0xeb, 0x5a,
    0x16, 0x25, 0xbb, 0x05, 0xdc, 0x05, 0x5a, 0x76, 0x29, 0x4a, 0x7d, 0xef,
    0x7d, 0xf7, 0x7d, 0xf7, 0x7d, 0xef, 0x7d, 0xf7, 0x7d, 0xf7, 0x7d, 0xef,
    0x7d, 0xf7, 0x7d, 0xf7, 0x7d, 0xef, 0x7d, 0xf7, 0x7d, 0xef, 0x8e, 0x73,
    0xd3, 0x03, 0x1b, 0x06, 0xfb, 0x05, 0x33, 0x04, 0x8e, 0x73, 0x7e, 0xef,
    0x7d, 0xf7, 0x5d, 0xef, 0x7e, 0xef, 0x7d, 0xef, 0x7d, 0xf7, 0x29, 0x4a,
    0x36, 0x04, 0x9a, 0x05, 0x7c, 0x56, 0x76, 0x04, 0xaf, 0x53, 0x49, 0x52,
    0x92, 0x94, 0xfc, 0xe6, 0x7d, 0xef, 0x7d, 0xf7, 0x7d, 0xef, 0x5e, 0xef,
    0x7d, 0xf7, 0x7d, 0xef, 0x7e, 0xef, 0x7d, 0xf7, 0x7e, 0xef, 0x5d, 0xef,
    0x7e, 0xf7, 0x7e, 0xef, 0x7a, 0xd6, 0xaf, 0x63, 0xd1, 0x33, 0x96, 0xb5,
    0x7d, 0xef, 0x7e, 0xf7, 0x7d, 0xef, 0x7d, 0xef, 0x7e, 0xf7, 0x7d, 0xef,
    0x5d, 0xef, 0x7e, 0xf7, 0x7d, 0xef, 0x5e, 0xef, 0x7e, 0xf7, 0x7d, 0xf7,
    0x7d, 0xef, 0x7d, 0xef, 0x7d, 0xef, 0xbb, 0xde, 0xaa, 0x4a, 0x19, 0x05,
    0xbd, 0x0e, 0x7a, 0x05, 0xb6, 0x04, 0xeb, 0x5a, 0x7e, 0xef, 0x7d, 0xf7,
    0x7d, 0xef, 0x7e, 0xef, 0x7d, 0xf7, 0x7d, 0xef, 0x7e, 0xef, 0x7d, 0xf7,
    0x7d, 0xef, 0x7e, 0xef, 0x7d, 0xf7, 0x7d, 0xf7, 0x7e, 0xef, 0x7d, 0xef,
    0x29, 0x4a, 0x99, 0x05, 0x1b, 0x06, 0x7a, 0x05, 0x13, 0x04, 0x8e, 0x73,
    0x7d, 0xef, 0x7d, 0xf7, 0x7d, 0xf7, 0x7d, 0xef, 0x7d, 0xef, 0x7e, 0xef,
    0x7d, 0xef, 0x7d, 0xf7, 0x7d, 0xef, 0x7d, 0xf7, 0x7d, 0xef, 0x7e, 0xef,
    0x7d, 0xf7, 0x7d, 0xef, 0xf4, 0xa4, 0x0e, 0x03, 0x50, 0x03, 0xac, 0x1a,
    0xca, 0x5a, 0xf4, 0xa4, 0x5d, 0xef, 0x7d, 0xef, 0x7a, 0xd6, 0x8c, 0x3a,
    0x38, 0x05, 0x2d, 0x3b, 0x18, 0xc6, 0x7d, 0xef, 0x7e, 0xef, 0x7d, 0xf7,
    0x7d, 0xef, 0x7e, 0xef, 0x7d, 0xf7, 0x5d, 0xef, 0x7e, 0xef, 0x7d, 0xf7,
    0x5e, 0xef, 0x7d, 0xef, 0x7e, 0xf7, 0x5e, 0xef, 0x7d, 0xef, 0x5e, 0xf7,
    0x7e, 0xef, 0x5d, 0xf7, 0x5d, 0xef, 0xb3, 0x9c, 0x8a, 0x52, 0x92, 0x94,
    0x1c, 0xe7, 0x7d, 0xef, 0x7e, 0xef, 0x5d, 0xef, 0xab, 0x5a, 0x35, 0x04,
    0x75, 0x03, 0x69, 0x52, 0x3d, 0xef, 0x7d, 0xef, 0x7d, 0xf7, 0x5d, 0xef,
    0x1c, 0xe7, 0x76, 0xb5, 0x55, 0xad, 0x31, 0x8c, 0x51, 0x8c, 0x73, 0x6c,
    0x6e, 0x5b, 0x28, 0x4a, 0x58, 0x05, 0x5e, 0xb7, 0xdb, 0x05, 0xee, 0x02,
    0xf3, 0xa4, 0x7e, 0xef, 0x7d, 0xf7, 0x7e, 0xef, 0x7e, 0xef, 0x7d, 0xf7,
    0x5e, 0xf7, 0x7d, 0xef, 0x7d, 0xf7, 0x5d, 0xf7, 0x7e, 0xef, 0x7d, 0xf7,
    0x7e, 0xef, 0x7d, 0xef, 0x7d, 0xf7, 0x7d, 0xef, 0x7d, 0xf7, 0x29, 0x4a,
    0x35, 0x04, 0x96, 0x03, 0xd7, 0x03, 0x91, 0x03, 0x51, 0x8c, 0x7d, 0xef,
    0x7d, 0xef, 0x7e, 0xf7, 0x7e, 0xf7, 0x5d, 0xef, 0x7d, 0xef, 0x7d, 0xef,
    0x5d, 0xef, 0x7e, 0xf7, 0x7d, 0xef, 0x5d, 0xf7, 0x7e, 0xf7, 0x7d, 0xef,
    0x7d, 0xef, 0x5d, 0xf7, 0x7e, 0xef, 0x7d, 0xef, 0x5d, 0xf7, 0xbb, 0xd6,
    0x6a, 0x3a, 0xd9, 0x05, 0xd8, 0x03, 0xda, 0x05, 0x4e, 0x23, 0x55, 0xad,
    0x7e, 0xef, 0x7d, 0xf7, 0x5d, 0xef, 0x7e, 0xef, 0x7d, 0xf7, 0x7d, 0xf7,
    0x29, 0x42, 0xd8, 0x04, 0x5e, 0xbf, 0xba, 0x05, 0xce, 0x02, 0x14, 0xa5,
    0x7d, 0xef, 0x7d, 0xf7, 0x3d, 0xef, 0x14, 0xa5, 0x31, 0x7c, 0x77, 0x55,
    0x0f, 0x03, 0x34, 0xa5, 0x8e, 0x73, 0x94, 0x04, 0xfb, 0x05, 0xfb, 0x05,
    0x94, 0x04, 0xc7, 0x41, 0x07, 0x42, 0x07, 0x42, 0x08, 0x4a, 0x07, 0x42,
    0x08, 0x4a, 0x08, 0x42, 0x07, 0x4a, 0x07, 0x42, 0x07, 0x42, 0x08, 0x42,
    0x07, 0x42, 0x08, 0x42, 0xc7, 0x39, 0xd5, 0x03, 0x3d, 0x06, 0xda, 0x05,
    0xf2, 0x03, 0x31, 0x8c, 0x7d, 0xef, 0x7d, 0xf7, 0x7e, 0xef, 0x5d, 0xf7,
    0x7e, 0xef, 0x7d, 0xf7, 0x5d, 0xef, 0x7e, 0xef, 0x7d, 0xf7, 0x7d, 0xef,
    0x5e, 0xef, 0x7d, 0xf7, 0x7d, 0xef, 0x5e, 0xef, 0x7d, 0xf7, 0x7e, 0xef,
    0xcb, 0x5a, 0xf6, 0x04, 0x3b, 0x06, 0xfa, 0x04, 0xf8, 0x04, 0x28, 0x42,
    0x7d, 0xef, 0x7d, 0xef, 0x7e, 0xef, 0x7d, 0xf7, 0x7d, 0xef, 0x7e, 0xef,
    0x7d, 0xef, 0x7e, 0xf7, 0x7d, 0xef, 0x7d, 0xef, 0x7e, 0xf7, 0x7d, 0xef,
    0x8e, 0x73, 0x33, 0x04, 0x1c, 0x06, 0xfb, 0x05, 0x51, 0x03, 0x8e, 0x73,
    0x7d, 0xef, 0x7e, 0xf7, 0x5d, 0xef, 0x7e, 0xef, 0x5d, 0xf7, 0x7d, 0xef,
    0xcb, 0x5a, 0xd3, 0x02, 0x9a, 0x05, 0x1b, 0x06, 0x70, 0x03, 0x10, 0x84,
    0xfb, 0xe6, 0x7d, 0xef, 0x7d, 0xef, 0x7d, 0xf7, 0x7e, 0xef, 0x5d, 0xf7,
    0x7e, 0xef, 0x7d, 0xef, 0x5d, 0xf7, 0x7e, 0xef, 0x7d, 0xf7, 0x5d, 0xef,
    0x7d, 0xef, 0x7d, 0xf7, 0x7d, 0xef, 0x76, 0xb5, 0x8f, 0x2b, 0x12, 0x04,
    0xcf, 0x7b, 0x7e, 0xef, 0x7d, 0xf7, 0x7d, 0xef, 0x5e, 0xef, 0x7d, 0xf7,
    0x7e, 0xef, 0x7d, 0xef, 0x5d, 0xf7, 0x7e, 0xef, 0x7d, 0xef, 0x7e, 0xef,
    0x5e, 0xf7, 0x7d, 0xf7, 0x7e, 0xef, 0x5d, 0xf7, 0xbb, 0xd6, 0x4a, 0x32,
    0xf7, 0x04, 0x39, 0x05, 0x79, 0x05, 0x33, 0x04, 0xec, 0x62, 0x7d, 0xef,
    0x5e, 0xf7, 0x7d, 0xef, 0x7e, 0xf7, 0x5e, 0xf7, 0x7d, 0xef, 0x7e, 0xf7,
    0x5e, 0xf7, 0x7d, 0xef, 0x7e, 0xef, 0x5e, 0xf7, 0x7d, 0xef, 0x7e, 0xef,
    0x5d, 0xf7, 0x29, 0x4a, 0x38, 0x05, 0xfc, 0x05, 0xfb, 0x05, 0x73, 0x04,
    0x8e, 0x73, 0x7e, 0xef, 0x7e, 0xf7, 0x5e, 0xef, 0x7e, 0xf7, 0x7d, 0xf7,
    0x7e, 0xef, 0x7e, 0xf7, 0x7d, 0xef, 0x7e, 0xf7, 0x7e, 0xf7, 0x7d, 0xef,
    0x7e, 0xf7, 0x7d, 0xef, 0x7d, 0xef, 0xfc, 0xe6, 0xd3, 0x9c, 0x8e, 0x73,
    0x95, 0xb5, 0x3d, 0xef, 0x7d, 0xef, 0x7d, 0xef, 0x7d, 0xf7, 0x18, 0xc6,
    0xac, 0x1a, 0x78, 0x05, 0xcc, 0x32, 0x18, 0xc6, 0x7d, 0xef, 0x5e, 0xf7,
    0x7d, 0xf7, 0x5d, 0xef, 0x7e, 0xf7, 0x7d, 0xef, 0x7d, 0xef, 0x7e, 0xf7,
    0x7d, 0xef, 0x7d, 0xf7, 0x7e, 0xef, 0x7d, 0xef, 0x7d, 0xf7, 0x7e, 0xef,
    0x7d, 0xef, 0x7d, 0xf7, 0x7e, 0xef, 0x7d, 0xef, 0x7d, 0xf7, 0x7d, 0xef,
    0x7d, 0xef, 0x7d, 0xf7, 0x5e, 0xef, 0x7d, 0xf7, 0x7a, 0xd6, 0xab, 0x3a,
    0x79, 0x05, 0x32, 0x04, 0x30, 0x8c, 0xdb, 0xde, 0x96, 0xb5, 0x55, 0xad,
    0x31, 0x8c, 0x72, 0x8c, 0xd4, 0x64, 0xb4, 0x64, 0x37, 0x05, 0x58, 0x05,
    0xf5, 0x04, 0x4b, 0x1a, 0x08, 0x42, 0x79, 0x05, 0xda, 0x03, 0x55, 0x03,
    0xcd, 0x02, 0xf4, 0xa4, 0x7d, 0xef, 0x7d, 0xef, 0x5d, 0xf7, 0x5d, 0xef,
    0x7e, 0xef, 0x7d, 0xef, 0x7e, 0xef, 0x7d, 0xf7, 0x5e, 0xef, 0x7d, 0xef,
    0x7d, 0xf7, 0x5e, 0xef, 0x7e, 0xef, 0x5e, 0xef, 0x7d, 0xf7, 0x7d, 0xef,
    0x29, 0x4a, 0xf5, 0x03, 0x7c, 0x06, 0x1b, 0x06, 0x12, 0x04, 0x31, 0x8c,
    0x7d, 0xef, 0x5d, 0xef, 0x7e, 0xf7, 0x7d, 0xef, 0x7d, 0xf7, 0x5e, 0xef,
    0x7d, 0xf7, 0x7d, 0xef, 0x7e, 0xef, 0x5d, 0xef, 0x7d, 0xef, 0x5e, 0xf7,
    0x7e, 0xef, 0x7d, 0xef, 0x7e, 0xf7, 0x5d, 0xef, 0x7d, 0xf7, 0x7d, 0xef,
    0xbb, 0xde, 0x6a, 0x32, 0x98, 0x04, 0xbb, 0x05, 0x59, 0x05, 0xee, 0x02,
    0x55, 0xad, 0x7d, 0xef, 0x7e, 0xf7, 0x7d, 0xef, 0x7e, 0xef, 0x5d, 0xf7,
    0x7d, 0xef, 0x08, 0x42, 0xd9, 0x35, 0xdc, 0x05, 0x79, 0x05, 0x6d, 0x02,
    0xf4, 0xa4, 0x7d, 0xef, 0x18, 0xc6, 0x92, 0x94, 0xb4, 0x5c, 0x38, 0x05,
    0x70, 0x03, 0x10, 0x84, 0xfc, 0xe6, 0x8e, 0x73, 0x52, 0x03, 0x99, 0x04,
    0x9c, 0x05, 0x14, 0x04, 0x8e, 0x73, 0x7e, 0xef, 0x7d, 0xf7, 0x5d, 0xef,
    0x7d, 0xef, 0x7d, 0xf7, 0x5d, 0xef, 0x7e, 0xef, 0x7d, 0xf7, 0x5d, 0xf7,
    0x7d, 0xef, 0x7e, 0xf7, 0x7d, 0xef, 0x08, 0x42, 0x38, 0x05, 0xf9, 0x04,
    0x99, 0x04, 0xd2, 0x03, 0x51, 0x8c, 0x7d, 0xf7, 0x7d, 0xef, 0x7e, 0xef,
    0x7d, 0xf7, 0x7d, 0xef, 0x7e, 0xf7, 0x7e, 0xef, 0x5d, 0xef, 0x7d, 0xf7,
    0x7e, 0xf7, 0x7d, 0xef, 0x7d, 0xf7, 0x7e, 0xef, 0x7d, 0xf7, 0x7d, 0xef,
    0x7e, 0xf7, 0xcb, 0x5a, 0xd7, 0x04, 0xbd, 0x05, 0x3c, 0x06, 0xf6, 0x03,
    0x28, 0x42, 0x7e, 0xf7, 0x7e, 0xef, 0x5d, 0xef, 0x7e, 0xf7, 0x7d, 0xef,
    0x5e, 0xef, 0x7d, 0xf7, 0x7e, 0xef, 0x7e, 0xef, 0x7d, 0xef, 0x7e, 0xf7,
    0x7d, 0xef, 0x8e, 0x73, 0xb3, 0x03, 0x5c, 0x06, 0x7c, 0x05, 0x94, 0x04,
    0x8e, 0x73, 0x7d, 0xf7, 0x7d, 0xef, 0x7e, 0xf7, 0x7d, 0xef, 0x7e, 0xef,
    0x7e, 0xf7, 0xcb, 0x5a, 0x96, 0x04, 0xb9, 0x04, 0x7a, 0x05, 0x91, 0x03,
    0x31, 0x8c, 0x7d, 0xef, 0x7d, 0xef, 0x7e, 0xf7, 0x7d, 0xef, 0x5d, 0xef,
    0x7e, 0xf7, 0x7d, 0xef, 0x7e, 0xef, 0x5d, 0xf7, 0x7d, 0xef, 0x7e, 0xef,
    0x5e, 0xf7, 0x7d, 0xef, 0x7d, 0xef, 0x5d, 0xf7, 0xf4, 0xa4, 0x2f, 0x03,
    0x54, 0x04, 0xeb, 0x5a, 0x7d, 0xf7, 0x7e, 0xef, 0x5d, 0xf7, 0x7d, 0xef,
    0x7e, 0xef, 0x5d, 0xf7, 0x7e, 0xef, 0x7d, 0xef, 0x7d, 0xf7, 0x7d, 0xef,
    0x5d, 0xef, 0x7d, 0xef, 0x7e, 0xef, 0x5d, 0xf7, 0x7d, 0xef, 0x59, 0xce,
    0x8b, 0x2a, 0x14, 0x04, 0xf4, 0x03, 0x0d, 0x03, 0xaa, 0x5a, 0x14, 0xa5,
    0x7d, 0xef, 0x7d, 0xef, 0x7e, 0xf7, 0x5d, 0xef, 0x7d, 0xef, 0x7d, 0xef,
    0x5d, 0xef, 0x7d, 0xef, 0x7d, 0xf7, 0x5d, 0xef, 0x7d, 0xef, 0x7d, 0xf7,
    0x7d, 0xef, 0x7d, 0xef, 0x08, 0x42, 0x39, 0x05, 0x3a, 0x05, 0x9a, 0x05,
    0xd3, 0x03, 0x8e, 0x73, 0x7d, 0xef, 0x7d, 0xef, 0x7d, 0xef, 0x5d, 0xef,
    0x7d, 0xf7, 0x5d, 0xef, 0x5d, 0xef, 0x7e, 0xef, 0x5d, 0xef, 0x5d, 0xef,
    0x7e, 0xef, 0x5d, 0xf7, 0x7d, 0xef, 0x7e, 0xef, 0x7d, 0xf7, 0x7d, 0xef,
    0x7d, 0xef, 0x7d, 0xf7, 0x7e, 0xef, 0x7d, 0xef, 0x7e, 0xf7, 0x5d, 0xef,
    0xf8, 0xc5, 0x6b, 0x12, 0xf7, 0x04, 0xcc, 0x3a, 0x18, 0xc6, 0x7d, 0xef,
    0x7e, 0xef, 0x7d, 0xef, 0x5d, 0xef, 0x7e, 0xf7, 0x7d, 0xef, 0x5e, 0xf7,
    0x5d, 0xef, 0x7d, 0xef, 0x7e, 0xf7, 0x5d, 0xef, 0x7d, 0xef, 0x7e, 0xf7,
    0x5d, 0xef, 0x7d, 0xef, 0x7e, 0xf7, 0x7d, 0xef, 0x7e, 0xef, 0x7d, 0xf7,
    0x7e, 0xef, 0x7d, 0xf7, 0x5d, 0xef, 0x7e, 0xef, 0x7d, 0xef, 0x34, 0xa5,
    0x6d, 0x02, 0xf5, 0x03, 0x4f, 0x23, 0xcf, 0x7b, 0x92, 0x8c, 0xf5, 0x5c,
    0x76, 0x8d, 0xba, 0x05, 0xd9, 0x05, 0xb4, 0x03, 0x54, 0x04, 0x0e, 0x03,
    0x6a, 0x2a, 0x69, 0x52, 0xb2, 0x94, 0x28, 0x42, 0xd8, 0x04, 0x9b, 0x05,
    0x78, 0x04, 0x4c, 0x02, 0x14, 0xa5, 0x7d, 0xef, 0x7e, 0xef, 0x7d, 0xf7,
    0x7d, 0xef, 0x7e, 0xf7, 0x5d, 0xef, 0x7d, 0xef, 0x7e, 0xf7, 0x7d, 0xef,
    0x7d, 0xef, 0x5e, 0xf7, 0x7d, 0xef, 0x7d, 0xf7, 0x5d, 0xef, 0x7e, 0xef,
    0x7d, 0xef, 0x08, 0x42, 0x97, 0x04, 0x38, 0x04, 0x78, 0x04, 0xb2, 0x03,
    0x31, 0x8c, 0x7d, 0xef, 0x7e, 0xf7, 0x5d, 0xef, 0x7d, 0xef, 0x7e, 0xef,
    0x7d, 0xf7, 0x7e, 0xef, 0x7d, 0xf7, 0x7e, 0xef, 0x7d, 0xf7, 0x7d, 0xef,
    0x7e, 0xef, 0x5d, 0xf7, 0x7d, 0xef, 0x7e, 0xef, 0x7d, 0xf7, 0x7e, 0xef,
    0x7d, 0xef, 0xbb, 0xde, 0x09, 0x32, 0x54, 0x03, 0x5b, 0x05, 0x1b, 0x06,
    0xad, 0x02, 0x55, 0xad, 0x7d, 0xf7, 0x5d, 0xef, 0x7e, 0xef, 0x7d, 0xf7,
    0x7e, 0xef, 0x7e, 0xef, 0x08, 0x42, 0x79, 0x05, 0x79, 0x04, 0x7b, 0x6e,
    0x2f, 0x03, 0x14, 0xa5, 0x55, 0xad, 0xf0, 0x73, 0x14, 0x14, 0xb8, 0x04,
    0xd4, 0x6c, 0x4d, 0x6b, 0x59, 0xce, 0x7d, 0xef, 0x8e, 0x73, 0xf5, 0x74,
    0xbb, 0x05, 0x9a, 0x05, 0xf3, 0x03, 0x8e, 0x73, 0x7d, 0xef, 0x7e, 0xf7,
    0x5e, 0xef, 0x7d, 0xef, 0x7d, 0xf7, 0x5e, 0xef, 0x7d, 0xef, 0x7e, 0xf7,
    0x5e, 0xef, 0x7d, 0xef, 0x7d, 0xf7, 0x5d, 0xf7, 0x08, 0x42, 0x95, 0x03,
    0xbd, 0x4e, 0xda, 0x05, 0xb1, 0x03, 0x51, 0x8c, 0x7d, 0xef, 0x5e, 0xef,
    0x7d, 0xf7, 0x5d, 0xef, 0x7e, 0xef, 0x7d, 0xf7, 0x7d, 0xef, 0x7e, 0xef,
    0x5d, 0xf7, 0x7e, 0xef, 0x7d, 0xef, 0x5e, 0xef, 0x7d, 0xf7, 0x7d, 0xef,
    0x5e, 0xef, 0x7d, 0xf7, 0xcb, 0x5a, 0xf6, 0x04, 0x9b, 0x05, 0x5c, 0x06,
    0x97, 0x04, 0x08, 0x42, 0x7d, 0xf7, 0x7d, 0xf7, 0x5d, 0xef, 0x7d, 0xef,
    0x7e, 0xf7, 0x7d, 0xef, 0x5d, 0xf7, 0x7d, 0xef, 0x5d, 0xf7, 0x5d, 0xef,
    0x7e, 0xef, 0x7d, 0xf7, 0x8e, 0x73, 0x74, 0x04, 0xfb, 0x05, 0x9b, 0x05,
    0x34, 0x04, 0x8e, 0x73, 0x5d, 0xef, 0x7e, 0xef, 0x7d, 0xf7, 0x5d, 0xef,
    0x7d, 0xef, 0x7e, 0xf7, 0xcb, 0x5a, 0x15, 0x04, 0xfc, 0x05, 0x7a, 0x05,
    0xb1, 0x03, 0x51, 0x8c, 0x7d, 0xef, 0x7e, 0xef, 0x5e, 0xf7, 0x7d, 0xef,
    0x7d, 0xef, 0x7e, 0xf7, 0x7d, 0xef, 0x5d, 0xf7, 0x7e, 0xef, 0x7d, 0xef,
    0x7d, 0xf7, 0x7e, 0xf7, 0x7e, 0xef, 0x7d, 0xef, 0x7e, 0xef, 0xf4, 0xa4,
    0xb0, 0x03, 0x96, 0x04, 0x6a, 0x52, 0x5d, 0xef, 0x7e, 0xef, 0x7d, 0xf7,
    0x7d, 0xef, 0x7e, 0xef, 0x5d, 0xf7, 0x7d, 0xef, 0x7e, 0xf7, 0x5e, 0xf7,
    0x7d, 0xef, 0x7d, 0xf7, 0x7e, 0xf7, 0x7d, 0xef, 0x7e, 0xef, 0x7d, 0xf7,
    0xbb, 0xde, 0x8a, 0x42, 0x6b, 0x02, 0x8a, 0x5a, 0xd3, 0x9c, 0x1c, 0xe7,
    0x7d, 0xef, 0x7e, 0xf7, 0x7d, 0xef, 0x5d, 0xef, 0x7e, 0xf7, 0x7d, 0xef,
    0x7e, 0xf7, 0x7d, 0xef, 0x7e, 0xef, 0x7e, 0xf7, 0x7d, 0xef, 0x5e, 0xef,
    0x7e, 0xf7, 0x7d, 0xef, 0x7e, 0xef, 0x08, 0x42, 0x78, 0x05, 0x9a, 0x05,
    0x59, 0x05, 0xd5, 0x24, 0x8e, 0x73, 0x5d, 0xf7, 0x7d, 0xf7, 0x7e, 0xef,
    0x7e, 0xef, 0x7d, 0xef, 0x7e, 0xf7, 0x7d, 0xf7, 0x7d, 0xef, 0x7e, 0xf7,
    0x7d, 0xef, 0x7d, 0xf7, 0x7e, 0xef, 0x5d, 0xf7, 0x7e, 0xef, 0x7d, 0xf7,
    0x7d, 0xf7, 0x7e, 0xef, 0x7d, 0xef, 0x5d, 0xf7, 0x7e, 0xef, 0x7d, 0xef,
    0x7d, 0xef, 0xb7, 0xbd, 0x0d, 0x1b, 0xd7, 0x04, 0xcc, 0x1a, 0x18, 0xc6,
    0x5d, 0xef, 0x7e, 0xf7, 0x7d, 0xef, 0x7e, 0xef, 0x7d, 0xf7, 0x7d, 0xef,
    0x7e, 0xef, 0x7d, 0xf7, 0x5e, 0xef, 0x7d, 0xef, 0x7d, 0xf7, 0x5e, 0xf7,
    0x7d, 0xef, 0x7d, 0xf7, 0x5e, 0xef, 0x5d, 0xf7, 0x7d, 0xef, 0x5e, 0xf7,
    0x5d, 0xef, 0x5d, 0xef, 0x7a, 0xd6, 0x96, 0xb5, 0x55, 0xad, 0x31, 0x8c,
    0xf0, 0x83, 0x16, 0x1d, 0xbc, 0x8e, 0xb5, 0x04, 0x3a, 0x06, 0x7c, 0x06,
    0xda, 0x05, 0x17, 0x05, 0x53, 0x03, 0x8e, 0x43, 0x4a, 0x2a, 0x49, 0x4a,
    0x71, 0x94, 0x39, 0xce, 0x5d, 0xef, 0x7d, 0xef, 0x08, 0x4a, 0x57, 0x04,
    0xde, 0x06, 0xf9, 0x04, 0x4f, 0x03, 0xf4, 0xa4, 0x7d, 0xef, 0x5e, 0xf7,
    0x7e, 0xef, 0x7d, 0xef, 0x7d, 0xf7, 0x5e, 0xf7, 0x7d, 0xef, 0x7e, 0xef,
    0x5d, 0xf7, 0x7d, 0xef, 0x7e, 0xef, 0x7d, 0xf7, 0x7d, 0xef, 0x7e, 0xf7,
    0x5d, 0xf7, 0x7d, 0xef, 0x08, 0x42, 0xd7, 0x04, 0x5e, 0xc7, 0x9a, 0x05,
    0x90, 0x03, 0x51, 0x8c, 0x7d, 0xef, 0x7d, 0xef, 0x7e, 0xf7, 0x5d, 0xef,
    0x7d, 0xef, 0x7e, 0xf7, 0x5d, 0xef, 0x5d, 0xef, 0x7d, 0xf7, 0x7e, 0xef,
    0x5d, 0xf7, 0x7d, 0xef, 0x7d, 0xf7, 0x5e, 0xef, 0x7d, 0xef, 0x7d, 0xf7,
    0x5e, 0xef, 0x7d, 0xef, 0xbb, 0xde, 0x6a, 0x42, 0x16, 0x04, 0xfe, 0x7e,
    0x7c, 0x4e, 0xcd, 0x02, 0x55, 0xad, 0x7d, 0xef, 0x7d, 0xf7, 0x5e, 0xef,
    0x7d, 0xef, 0x7d, 0xf7, 0x7d, 0xf7, 0x08, 0x42, 0xf8, 0x04, 0xfb, 0x05,
    0x9a, 0x05, 0x2f, 0x03, 0xd3, 0x9c, 0x93, 0x7c, 0x1a, 0x66, 0x36, 0x04,
    0xb4, 0x54, 0x4c, 0x6b, 0xb6, 0xbd, 0x7d, 0xf7, 0x7d, 0xef, 0x8e, 0x73,
    0x13, 0x04, 0x3e, 0xc7, 0xba, 0x05, 0x14, 0x04, 0x8e, 0x73, 0x7d, 0xef,
    0x7d, 0xf7, 0x7e, 0xef, 0x7d, 0xef, 0x7e, 0xf7, 0x7d, 0xef, 0x7d, 0xef,
    0x7d, 0xf7, 0x7e, 0xef, 0x7d, 0xef, 0x7e, 0xef, 0x7e, 0xf7, 0x08, 0x42,
    0xba, 0x05, 0x5a, 0x05, 0xfd, 0xb6, 0xf1, 0x03, 0x31, 0x8c, 0x7d, 0xef,
    0x7d, 0xef, 0x5e, 0xf7, 0x7d, 0xef, 0x5d, 0xef, 0x7e, 0xf7, 0x5d, 0xef,
    0x7d, 0xf7, 0x7e, 0xef, 0x5d, 0xef, 0x7d, 0xf7, 0x7e, 0xef, 0x5d, 0xef,
    0x7e, 0xf7, 0x7d, 0xef, 0x7d, 0xef, 0xcb, 0x5a, 0x37, 0x05, 0x7b, 0x05,
    0xb9, 0x04, 0xf9, 0x04, 0x08, 0x42, 0x7d, 0xef, 0x7e, 0xef, 0x7e, 0xf7,
    0x7d, 0xef, 0x7d, 0xef, 0x5e, 0xf7, 0x7d, 0xef, 0x7e, 0xef, 0x7d, 0xf7,
    0x7e, 0xef, 0x5d, 0xef, 0x7d, 0xf7, 0x8e, 0x73, 0xd5, 0x54, 0x7c, 0x06,
    0x1a, 0x05, 0x51, 0x03, 0x8e, 0x73, 0x5d, 0xef, 0x7e, 0xf7, 0x7d, 0xef,
    0x5d, 0xf7, 0x7e, 0xef, 0x7d, 0xef, 0xcb, 0x5a, 0x76, 0x04, 0xbb, 0x05,
    0x98, 0x04, 0x11, 0x04, 0x31, 0x8c, 0x7d, 0xef, 0x7d, 0xf7, 0x7d, 0xef,
    0x5e, 0xef, 0x7d, 0xf7, 0x7d, 0xef, 0x5e, 0xef, 0x7d, 0xf7, 0x7e, 0xef,
    0x5d, 0xef, 0x7d, 0xf7, 0x7d, 0xef, 0x5d, 0xef, 0x7e, 0xf7, 0x7d, 0xef,
    0x92, 0x94, 0x2f, 0x03, 0x98, 0x05, 0x49, 0x3a, 0x1c, 0xe7, 0x7d, 0xef,
    0x5e, 0xf7, 0x7d, 0xef, 0x7d, 0xf7, 0x7e, 0xef, 0x7d, 0xef, 0x5d, 0xef,
    0x7e, 0xef, 0x7d, 0xef, 0x5e, 0xf7, 0x7d, 0xef, 0x5d, 0xef, 0x7e, 0xf7,
    0x7d, 0xef, 0x5d, 0xef, 0x9a, 0xd6, 0xb6, 0xbd, 0x5d, 0xef, 0x7d, 0xef,
    0x7d, 0xef, 0x5e, 0xf7, 0x7d, 0xef, 0x7d, 0xf7, 0x7e, 0xef, 0x7d, 0xef,
    0x5d, 0xf7, 0x7e, 0xef, 0x5d, 0xf7, 0x7d, 0xf7, 0x7e, 0xef, 0x5d, 0xf7,
    0x7d, 0xef, 0x7e, 0xf7, 0x5d, 0xf7, 0x7e, 0xef, 0x08, 0x42, 0xda, 0x05,
    0xbd, 0x04, 0xfb, 0x05, 0xb4, 0x34, 0x8e, 0x73, 0x7e, 0xef, 0x5d, 0xf7,
    0x7e, 0xf7, 0x7d, 0xef, 0x5d, 0xef, 0x7e, 0xf7, 0x7d, 0xef, 0x5d, 0xef,
    0x7e, 0xf7, 0x7d, 0xef, 0x7d, 0xef, 0x7e, 0xf7, 0x5d, 0xef, 0x7d, 0xef,
    0x7e, 0xef, 0x5d, 0xf7, 0x7e, 0xef, 0x7d, 0xef, 0x5d, 0xf7, 0x7e, 0xf7,
    0x7d, 0xef, 0x7d, 0xf7, 0x55, 0xad, 0xcd, 0x02, 0x38, 0x05, 0x0d, 0x03,
    0x55, 0xad, 0x7e, 0xef, 0x7d, 0xf7, 0x5d, 0xf7, 0x7e, 0xef, 0x5d, 0xef,
    0x5d, 0xf7, 0x7e, 0xef, 0x7d, 0xf7, 0x7d, 0xef, 0x7e, 0xef, 0x7d, 0xf7,
    0x5e, 0xef, 0x7d, 0xef, 0x7e, 0xef, 0x5d, 0xef, 0x7a, 0xd6, 0x96, 0xb5,
    0x76, 0xb5, 0x51, 0x8c, 0x51, 0x8c, 0xb3, 0x8c, 0x56, 0x95, 0x16, 0x5d,
    0x7b, 0x76, 0xba, 0x05, 0xbd, 0x26, 0xdd, 0x05, 0x9b, 0x8e, 0x96, 0x04,
    0x74, 0x04, 0x4e, 0x03, 0x29, 0x22, 0x49, 0x4a, 0x71, 0x94, 0x39, 0xce,
    0x5d, 0xef, 0x7d, 0xef, 0x7d, 0xef, 0x7e, 0xf7, 0x7d, 0xef, 0x08, 0x42,
    0xd7, 0x04, 0xbd, 0x5e, 0x98, 0x04, 0x8f, 0x03, 0xf3, 0xa4, 0x7d, 0xef,
    0x7d, 0xef, 0x5e, 0xf7, 0x7d, 0xef, 0x7d, 0xef, 0x7e, 0xf7, 0x7d, 0xef,
    0x5d, 0xef, 0x7e, 0xf7, 0x7d, 0xef, 0x5d, 0xef, 0x7e, 0xf7, 0x7d, 0xef,
    0x5e, 0xef, 0x7d, 0xf7, 0x7e, 0xef, 0x08, 0x42, 0x9a, 0x05, 0xdc, 0x05,
    0x1d, 0xc7, 0x91, 0x03, 0x31, 0x8c, 0x7d, 0xef, 0x7d, 0xf7, 0x7e, 0xef,
    0x7d, 0xf7, 0x5d, 0xef, 0x7e, 0xef, 0x7d, 0xf7, 0x7d, 0xef, 0x7e, 0xef,
    0x5d, 0xef, 0x7e, 0xef, 0x7d, 0xf7, 0x7e, 0xef, 0x7d, 0xf7, 0x5d, 0xef,
    0x7e, 0xf7, 0x7d, 0xef, 0x7d, 0xef, 0xbb, 0xde, 0x4a, 0x32, 0xb7, 0x04,
    0x5b, 0x05, 0xdb, 0x05, 0x6e, 0x43, 0x55, 0xad, 0x7e, 0xef, 0x7d, 0xf7,
    0x5d, 0xef, 0x7e, 0xef, 0x7d, 0xf7, 0x5d, 0xef, 0x08, 0x42, 0x18, 0x05,
    0xf9, 0x04, 0x9a, 0x05, 0x94, 0x54, 0x56, 0x4d, 0xda, 0x05, 0x9a, 0x05,
    0xf3, 0x03, 0x08, 0x3a, 0xb6, 0xbd, 0x7d, 0xef, 0x7e, 0xef, 0x7d, 0xf7,
    0x6e, 0x73, 0xb2, 0x03, 0x99, 0x04, 0x3c, 0x06, 0xb5, 0x5c, 0x6e, 0x73,
    0x7d, 0xef, 0x5d, 0xef, 0x7d, 0xf7, 0x5e, 0xef, 0x7d, 0xf7, 0x5e, 0xef,
    0x7d, 0xf7, 0x5d, 0xef, 0x7d, 0xf7, 0x5e, 0xef, 0x7d, 0xef, 0x7d, 0xef,
    0x08, 0x42, 0xfa, 0x45, 0x19, 0x05, 0x58, 0x04, 0xb1, 0x03, 0x31, 0x8c,
    0x7d, 0xef, 0x7d, 0xf7, 0x7e, 0xef, 0x7d, 0xef, 0x7d, 0xf7, 0x7e, 0xef,
    0x7d, 0xef, 0x7d, 0xf7, 0x7e, 0xef, 0x7d, 0xef, 0x7d, 0xf7, 0x7e, 0xf7,
    0x5d, 0xef, 0x7d, 0xef, 0x7e, 0xf7, 0x7e, 0xef, 0xcb, 0x5a, 0x35, 0x04,
    0x5c, 0x06, 0x9b, 0x05, 0x79, 0x05, 0x08, 0x42, 0x7d, 0xef, 0x5e, 0xf7,
    0x7d, 0xef, 0x7d, 0xf7, 0x5e, 0xef, 0x7d, 0xef, 0x7e, 0xf7, 0x7d, 0xef,
    0x7e, 0xef, 0x7d, 0xf7, 0x7d, 0xef, 0x5e, 0xef, 0x6e, 0x73, 0x53, 0x03,
    0xf8, 0x03, 0x1b, 0x06, 0xf3, 0x03, 0x6e, 0x73, 0x7d, 0xef, 0x7d, 0xef,
    0x7e, 0xf7, 0x7d, 0xef, 0x7d, 0xf7, 0x5d, 0xef, 0xcb, 0x5a, 0x96, 0x04,
    0x5c, 0x05, 0x5b, 0x06, 0x50, 0x03, 0x31, 0x8c, 0x7d, 0xef, 0x7d, 0xef,
    0x5e, 0xf7, 0x7d, 0xef, 0x7e, 0xf7, 0x7d, 0xef, 0x7d, 0xef, 0x7e, 0xf7,
    0x7d, 0xef, 0x5e, 0xef, 0x7e, 0xf7, 0x7d, 0xef, 0x5d, 0xef, 0x7d, 0xf7,
    0x7d, 0xf7, 0x31, 0x8c, 0x12, 0x04, 0x97, 0x04, 0x8b, 0x22, 0x79, 0xce,
    0x7d, 0xf7, 0x7e, 0xef, 0x5d, 0xef, 0x7d, 0xf7, 0x7e, 0xf7, 0x5d, 0xef,
    0x7d, 0xf7, 0x7d, 0xef, 0x7e, 0xef, 0x7d, 0xf7, 0x7d, 0xef, 0x7e, 0xef,
    0x5d, 0xf7, 0x7d, 0xef, 0x7e, 0xef, 0x7d, 0xef, 0x7d, 0xef, 0x7e, 0xef,
    0x7d, 0xf7, 0x7d, 0xef, 0x5e, 0xef, 0x7d, 0xf7, 0x7d, 0xef, 0x5e, 0xf7,
    0x7d, 0xef, 0x7d, 0xef, 0x7e, 0xef, 0x5d, 0xef, 0x7d, 0xef, 0x7e, 0xef,
    0x5d, 0xf7, 0x7d, 0xef, 0x7d, 0xef, 0x7d, 0xf7, 0x7d, 0xef, 0x08, 0x42,
    0x18, 0x05, 0x5b, 0x04, 0x3c, 0x06, 0xb5, 0x04, 0x6e, 0x73, 0x7d, 0xef,
    0x7d, 0xef, 0x7d, 0xef, 0x5e, 0xf7, 0x7d, 0xef, 0x7d, 0xef, 0x5e, 0xf7,
    0x7d, 0xef, 0x7e, 0xef, 0x5d, 0xf7, 0x7e, 0xef, 0x7d, 0xef, 0x7d, 0xf7,
    0x7e, 0xef, 0x5d, 0xef, 0x7d, 0xf7, 0x7e, 0xef, 0x7d, 0xef, 0x7e, 0xf7,
    0x5d, 0xef, 0x7e, 0xef, 0x5e, 0xef, 0x55, 0xad, 0xad, 0x02, 0x38, 0x05,
    0x6f, 0x03, 0xf4, 0xa4, 0x7d, 0xef, 0x7d, 0xef, 0x7e, 0xef, 0x7d, 0xf7,
    0x7d, 0xef, 0x7e, 0xef, 0x7d, 0xf7, 0x5d, 0xef, 0x7e, 0xef, 0x5d, 0xef,
    0x1c, 0xe7, 0x96, 0xb5, 0xd3, 0x9c, 0x31, 0x8c, 0x51, 0x8c, 0x92, 0x84,
    0x15, 0x75, 0x15, 0x6d, 0x3a, 0x56, 0xfa, 0x05, 0xdb, 0x05, 0x7c, 0x3e,
    0xfd, 0x96, 0xda, 0x04, 0x39, 0x05, 0x38, 0x05, 0xb5, 0x04, 0xee, 0x02,
    0x8b, 0x0a, 0x49, 0x4a, 0x71, 0x94, 0x39, 0xce, 0x5d, 0xef, 0x7d, 0xef,
    0x7d, 0xf7, 0x7e, 0xef, 0x7d, 0xef, 0x7d, 0xf7, 0x7e, 0xef, 0x5d, 0xef,
    0x08, 0x42, 0x3a, 0x76, 0xda, 0x04, 0x19, 0x05, 0x6f, 0x03, 0xf4, 0x9c,
    0x7d, 0xef, 0x7d, 0xf7, 0x7e, 0xef, 0x5d, 0xef, 0x7d, 0xf7, 0x7e, 0xef,
    0x5d, 0xef, 0x7d, 0xf7, 0x7e, 0xef, 0x7e, 0xf7, 0x5d, 0xef, 0x7d, 0xef,
    0x7e, 0xf7, 0x7d, 0xef, 0x7d, 0xef, 0x7e, 0xf7, 0x08, 0x42, 0xb9, 0x05,
    0x19, 0x05, 0x79, 0x04, 0xf2, 0x03, 0x31, 0x8c, 0x7d, 0xef, 0x5e, 0xef,
    0x7d, 0xf7, 0x7e, 0xef, 0x7d, 0xf7, 0x7d, 0xef, 0x7e, 0xef, 0x7d, 0xef,
    0x7d, 0xf7, 0x7e, 0xf7, 0x7d, 0xef, 0x5e, 0xef, 0x7d, 0xf7, 0x7d, 0xef,
    0x7e, 0xef, 0x5d, 0xf7, 0x7d, 0xef, 0x7d, 0xf7, 0xbb, 0xde, 0x29, 0x32,
    0x58, 0x05, 0x3a, 0x05, 0x16, 0x04, 0xae, 0x02, 0x55, 0xad, 0x7d, 0xef,
    0x7d, 0xf7, 0x7e, 0xef, 0x7d, 0xef, 0x7e, 0xf7, 0xbb, 0xde, 0x2a, 0x2a,
    0x79, 0x05, 0x9b, 0x05, 0x9d, 0x06, 0xfb, 0x05, 0x9b, 0x05, 0xd9, 0x04,
    0xf4, 0x03, 0x49, 0x32, 0x55, 0xad, 0x5d, 0xef, 0x7e, 0xef, 0x7d, 0xef,
    0x5e, 0xef, 0x6e, 0x73, 0x94, 0x04, 0xbb, 0x05, 0x9a, 0x05, 0xd4, 0x04,
    0x6e, 0x73, 0x7e, 0xef, 0x7d, 0xf7, 0x7e, 0xef, 0x7d, 0xef, 0x5d, 0xf7,
    0x7e, 0xef, 0x7e, 0xef, 0x7d, 0xf7, 0x5e, 0xef, 0x7d, 0xf7, 0x7d, 0xf7,
    0x7d, 0xef, 0x08, 0x42, 0xd9, 0x05, 0x3c, 0x06, 0x1a, 0x05, 0x91, 0x03,
    0x31, 0x84, 0x7d, 0xef, 0x7e, 0xf7, 0x5d, 0xef, 0x7e, 0xf7, 0x7d, 0xef,
    0x5e, 0xef, 0x7d, 0xf7, 0x5d, 0xef, 0x7e, 0xf7, 0x5d, 0xef, 0x7d, 0xef,
    0x7e, 0xf7, 0x7d, 0xef, 0x5d, 0xef, 0x7e, 0xf7, 0x5d, 0xf7, 0xcb, 0x5a,
    0x96, 0x04, 0xbd, 0x46, 0x7b, 0x05, 0xb8, 0x04, 0x08, 0x42, 0x7d, 0xf7,
    0x7d, 0xef, 0x5e, 0xef, 0x7d, 0xf7, 0x7d, 0xef, 0x7e, 0xef, 0x5d, 0xf7,
    0x7d, 0xef, 0x5d, 0xf7, 0x7e, 0xf7, 0x7d, 0xef, 0x7d, 0xef, 0x6e, 0x73,
    0xf2, 0x02, 0x7a, 0x05, 0x9c, 0x16, 0xd2, 0x03, 0x6e, 0x73, 0x7d, 0xef,
    0x7e, 0xef, 0x5e, 0xf7, 0x7d, 0xef, 0x7e, 0xef, 0x7d, 0xf7, 0xcb, 0x5a,
    0xf5, 0x03, 0xda, 0x03, 0x1a, 0x06, 0xd1, 0x03, 0x31, 0x8c, 0x7d, 0xef,
    0x7e, 0xef, 0x5d, 0xf7, 0x7d, 0xef, 0x7e, 0xef, 0x5d, 0xf7, 0x7d, 0xef,
    0x7e, 0xf7, 0x5d, 0xef, 0x7d, 0xf7, 0x7e, 0xef, 0x7d, 0xef, 0x7e, 0xf7,
    0x7e, 0xef, 0x7d, 0xef, 0x31, 0x8c, 0x52, 0x54, 0xda, 0x05, 0x2e, 0x03,
    0x76, 0xad, 0x7d, 0xf7, 0x7e, 0xef, 0x5d, 0xef, 0x7e, 0xef, 0x7d, 0xef,
    0x7e, 0xf7, 0x7e, 0xf7, 0x5d, 0xef, 0x7d, 0xf7, 0x7e, 0xef, 0x5d, 0xef,
    0x7e, 0xf7, 0x7d, 0xef, 0x7d, 0xf7, 0x7e, 0xf7, 0x7d, 0xef, 0x5d, 0xf7,
    0x7e, 0xef, 0x7d, 0xf7, 0x5d, 0xef, 0x7e, 0xef, 0x7d, 0xf7, 0x5e, 0xef,
    0x7d, 0xef, 0x7e, 0xf7, 0x7d, 0xf7, 0x7e, 0xef, 0x7d, 0xf7, 0x7d, 0xef,
    0x7e, 0xf7, 0x7d, 0xef, 0x7e, 0xef, 0x5e, 0xef, 0x7d, 0xf7, 0x7e, 0xef,
    0xe8, 0x41, 0x1b, 0x06, 0x9b, 0x05, 0xfd, 0x7e, 0x13, 0x04, 0x6e, 0x73,
    0x7d, 0xef, 0x7d, 0xef, 0x7e, 0xf7, 0x7d, 0xef, 0x7e, 0xf7, 0x7d, 0xef,
    0x7d, 0xf7, 0x7e, 0xef, 0x7d, 0xef, 0x5d, 0xf7, 0x7e, 0xef, 0x5d, 0xef,
    0x7e, 0xf7, 0x7d, 0xf7, 0x7d, 0xef, 0x5e, 0xef, 0x7d, 0xf7, 0x7d, 0xef,
    0x5e, 0xef, 0x7d, 0xf7, 0x7d, 0xef, 0x7d, 0xef, 0xf4, 0xa4, 0xce, 0x02,
    0xd9, 0x04, 0xef, 0x02, 0x51, 0x8c, 0x7e, 0xef, 0x5d, 0xf7, 0x7e, 0xef,
    0x7d, 0xef, 0x5e, 0xf7, 0x7d, 0xef, 0x7e, 0xef, 0x7d, 0xf7, 0x5d, 0xf7,
    0x1c, 0xe7, 0xcc, 0x52, 0x12, 0x3c, 0xf6, 0x04, 0x9b, 0x86, 0x9c, 0x76,
    0xfa, 0x05, 0xbb, 0x05, 0xb9, 0x04, 0x39, 0x05, 0xdb, 0x05, 0xda, 0x04,
    0x57, 0x04, 0x18, 0x04, 0x57, 0x05, 0xd0, 0x0b, 0xec, 0x32, 0xe7, 0x41,
    0x10, 0x84, 0xd7, 0xbd, 0x5d, 0xef, 0x7d, 0xef, 0x7d, 0xef, 0x7d, 0xf7,
    0x7e, 0xef, 0x7d, 0xef, 0x7d, 0xf7, 0x5e, 0xf7, 0x7d, 0xef, 0x7d, 0xf7,
    0x7e, 0xef, 0x08, 0x42, 0x58, 0x04, 0xfc, 0x05, 0xda, 0x05, 0xb0, 0x23,
    0xf3, 0xa4, 0x7e, 0xef, 0x7d, 0xf7, 0x5e, 0xef, 0x7d, 0xef, 0x7e, 0xf7,
    0x5d, 0xef, 0x7e, 0xef, 0x7d, 0xf7, 0x7d, 0xef, 0x7e, 0xef, 0x7d, 0xf7,
    0x5d, 0xef, 0x7e, 0xf7, 0x7d, 0xef, 0x5d, 0xef, 0x7d, 0xf7, 0x08, 0x42,
    0xfa, 0x05, 0x7d, 0x06, 0x1b, 0x5e, 0xb0, 0x03, 0x31, 0x84, 0x7d, 0xef,
    0x7d, 0xf7, 0x5e, 0xef, 0x7d, 0xef, 0x5d, 0xf7, 0x7e, 0xef, 0x5d, 0xef,
    0x5d, 0xef, 0x7e, 0xef, 0x7d, 0xf7, 0x5d, 0xef, 0x7e, 0xef, 0x7d, 0xf7,
    0x5e, 0xef, 0x7e, 0xef, 0x7d, 0xf7, 0x5e, 0xef, 0x7d, 0xef, 0x18, 0xc6,
    0xac, 0x3a, 0xf9, 0x04, 0x7c, 0x06, 0x37, 0x03, 0x4e, 0x13, 0x35, 0xad,
    0x7d, 0xef, 0x5e, 0xf7, 0x7d, 0xef, 0x5d, 0xef, 0x7d, 0xef, 0xd7, 0xbd,
    0xac, 0x02, 0x19, 0x05, 0x1b, 0x05, 0x3a, 0x05, 0xdb, 0x05, 0xd8, 0x04,
    0xb7, 0x04, 0x6a, 0x3a, 0xd3, 0xa4, 0x5d, 0xef, 0x7d, 0xf7, 0x7d, 0xf7,
    0x7d, 0xef, 0x7d, 0xef, 0x6e, 0x73, 0xf3, 0x03, 0xfa, 0x04, 0xdb, 0x05,
    0x73, 0x03, 0x6e, 0x73, 0x7d, 0xef, 0x7d, 0xef, 0x7e, 0xf7, 0x7d, 0xef,
    0x7d, 0xef, 0x7d, 0xf7, 0x7d, 0xef, 0x7e, 0xef, 0x7d, 0xef, 0x7e, 0xef,
    0x5e, 0xf7, 0x7d, 0xf7, 0xe8, 0x41, 0x57, 0x04, 0x9b, 0x05, 0x1a, 0x05,
    0x12, 0x04, 0x30, 0x8c, 0x7d, 0xef, 0x5e, 0xef, 0x7d, 0xf7, 0x7d, 0xef,
    0x5e, 0xef, 0x7d, 0xf7, 0x7e, 0xef, 0x7d, 0xef, 0x5e, 0xf7, 0x7d, 0xef,
    0x7e, 0xef, 0x5d, 0xf7, 0x7e, 0xef, 0x7d, 0xef, 0x7d, 0xef, 0x7d, 0xef,
    0xcb, 0x5a, 0x37, 0x25, 0x1a, 0x05, 0x3a, 0x05, 0xd7, 0x04, 0xe8, 0x41,
    0x7d, 0xf7, 0x7e, 0xef, 0x7d, 0xef, 0x5e, 0xf7, 0x7d, 0xef, 0x7d, 0xf7,
    0x7e, 0xef, 0x5d, 0xef, 0x7e, 0xef, 0x7d, 0xf7, 0x7e, 0xef, 0x7d, 0xf7,
    0x6e, 0x73, 0xd3, 0x03, 0x9c, 0x5e, 0x5a, 0x05, 0xf3, 0x03, 0x6e, 0x73,
    0x7d, 0xef, 0x7d, 0xf7, 0x5d, 0xef, 0x7e, 0xef, 0x7d, 0xf7, 0x5e, 0xef,
    0xcb, 0x5a, 0x16, 0x05, 0xfc, 0x05, 0x3b, 0x06, 0xb2, 0x03, 0x31, 0x84,
    0x7d, 0xf7, 0x7d, 0xef, 0x7e, 0xef, 0x7d, 0xf7, 0x5d, 0xef, 0x7e, 0xef,
    0x7d, 0xf7, 0x5d, 0xef, 0x7e, 0xef, 0x7d, 0xf7, 0x5d, 0xef, 0x7d, 0xf7,
    0x5e, 0xef, 0x7d, 0xef, 0x7d, 0xef, 0x31, 0x8c, 0xb1, 0x03, 0x9b, 0x05,
    0xf1, 0x03, 0xb3, 0x9c, 0x5d, 0xef, 0x7d, 0xf7, 0x7e, 0xf7, 0x7d, 0xef,
    0x5d, 0xef, 0x7d, 0xef, 0x7e, 0xef, 0x5d, 0xef, 0x7d, 0xf7, 0x7e, 0xef,
    0x5d, 0xf7, 0x7d, 0xef, 0x7e, 0xef, 0x5d, 0xef, 0x7e, 0xf7, 0x7d, 0xef,
    0x5e, 0xef, 0x7d, 0xf7, 0x7e, 0xef, 0x7d, 0xef, 0x7d, 0xf7, 0x7e, 0xef,
    0x7d, 0xef, 0x7d, 0xef, 0x5e, 0xf7, 0x5d, 0xef, 0x7d, 0xef, 0x5e, 0xf7,
    0x7d, 0xf7, 0x5d, 0xef, 0x7e, 0xf7, 0x7d, 0xef, 0x5d, 0xf7, 0x7e, 0xef,
    0x7d, 0xf7, 0xe8, 0x41, 0x79, 0x05, 0x76, 0x04, 0x3c, 0x06, 0x94, 0x04,
    0x6e, 0x73, 0x7d, 0xef, 0x7e, 0xf7, 0x5d, 0xef, 0x7d, 0xef, 0x5e, 0xef,
    0x7d, 0xf7, 0x5d, 0xef, 0x7e, 0xef, 0x7d, 0xf7, 0x7d, 0xf7, 0x7e, 0xef,
    0x7d, 0xef, 0x5d, 0xf7, 0x7e, 0xef, 0x7d, 0xef, 0x7e, 0xf7, 0x5d, 0xef,
    0x7d, 0xf7, 0x7e, 0xef, 0x7d, 0xf7, 0x7d, 0xf7, 0x7d, 0xef, 0xf3, 0x9c,
    0xee, 0x02, 0xd8, 0x04, 0x17, 0x05, 0x4d, 0x6b, 0x7d, 0xf7, 0x7e, 0xef,
    0x5d, 0xf7, 0x7d, 0xef, 0x7e, 0xf7, 0x5d, 0xef, 0x7d, 0xef, 0x7e, 0xf7,
    0x7d, 0xef, 0x5d, 0xef, 0x31, 0x8c, 0x10, 0x03, 0xba, 0x05, 0x7b, 0x05,
    0x3c, 0x06, 0x1a, 0x05, 0x98, 0x04, 0x5d, 0x06, 0xda, 0x05, 0x98, 0x04,
    0x98, 0x45, 0xd0, 0x02, 0x0e, 0x03, 0xc7, 0x41, 0xef, 0x83, 0x76, 0xb5,
    0x3d, 0xef, 0x7d, 0xef, 0x7d, 0xf7, 0x7d, 0xf7, 0x7e, 0xef, 0x7d, 0xef,
    0x5d, 0xf7, 0x7e, 0xef, 0x7d, 0xef, 0x5d, 0xf7, 0x7e, 0xef, 0x7e, 0xef,
    0x5d, 0xf7, 0xbb, 0xde, 0x09, 0x32, 0xda, 0x05, 0x5a, 0x05, 0x1b, 0x06,
    0x70, 0x03, 0x35, 0xad, 0x96, 0xb5, 0x96, 0xb5, 0x96, 0xb5, 0x96, 0xb5,
    0x96, 0xb5, 0x96, 0xb5, 0x96, 0xb5, 0x96, 0xb5, 0x96, 0xb5, 0x96, 0xb5,
    0x96, 0xb5, 0x96, 0xb5, 0x96, 0xb5, 0x96, 0xb5, 0x96, 0xb5, 0x96, 0xb5,
    0x8a, 0x52, 0x77, 0x04, 0x7a, 0x05, 0xba, 0x04, 0xb1, 0x03, 0x31, 0x8c,
    0x7d, 0xef, 0x7d, 0xf7, 0x7e, 0xef, 0x7d, 0xef, 0x7d, 0xf7, 0x7e, 0xef,
    0x7d, 0xf7, 0x7d, 0xef, 0x7e, 0xef, 0x5d, 0xf7, 0x7d, 0xef, 0x7e, 0xef,
    0x7d, 0xf7, 0x7d, 0xef, 0x7d, 0xef, 0x7e, 0xf7, 0x7d, 0xef, 0x7d, 0xef,
    0xf8, 0xc5, 0xcc, 0x22, 0xb9, 0x04, 0x1c, 0x06, 0xba, 0x05, 0x2e, 0x33,
    0x55, 0xad, 0x7d, 0xef, 0x7e, 0xef, 0x7d, 0xf7, 0x7e, 0xf7, 0x5d, 0xef,
    0x72, 0x94, 0x10, 0x03, 0xdb, 0x05, 0x1e, 0x67, 0xbb, 0x05, 0x37, 0x04,
    0x58, 0x05, 0x8b, 0x02, 0x30, 0x8c, 0x5d, 0xef, 0x7e, 0xef, 0x7d, 0xef,
    0x5e, 0xf7, 0x7e, 0xf7, 0x7d, 0xef, 0x6e, 0x73, 0x54, 0x04, 0xdd, 0x8e,
    0x58, 0x04, 0x72, 0x03, 0x6e, 0x73, 0x7d, 0xef, 0x5d, 0xef, 0x5e, 0xf7,
    0x7d, 0xef, 0x7e, 0xef, 0x5d, 0xf7, 0x5d, 0xf7, 0x7e, 0xef, 0x7d, 0xf7,
    0x5d, 0xef, 0x7e, 0xef, 0x7d, 0xef, 0xe8, 0x41, 0x39, 0x05, 0xdb, 0x05,
    0x9c, 0x66, 0x30, 0x03, 0x30, 0x8c, 0x7d, 0xef, 0x7e, 0xef, 0x7d, 0xf7,
    0x7d, 0xef, 0x7e, 0xf7, 0x7d, 0xf7, 0x7d, 0xef, 0x7e, 0xef, 0x7d, 0xf7,
    0x7d, 0xef, 0x7d, 0xef, 0x5e, 0xf7, 0x7d, 0xf7, 0x7e, 0xef, 0x5d, 0xf7,
    0x7d, 0xf7, 0xab, 0x5a, 0x55, 0x04, 0x79, 0x04, 0x78, 0x04, 0xd8, 0x04,
    0xe8, 0x41, 0x7d, 0xef, 0x7d, 0xf7, 0x7e, 0xef, 0x7d, 0xef, 0x5d, 0xf7,
    0x7e, 0xef, 0x7d, 0xf7, 0x7d, 0xef, 0x7e, 0xef, 0x5d, 0xef, 0x7d, 0xef,
    0x7e, 0xef, 0x6e, 0x73, 0xf5, 0x1c, 0xdb, 0x05, 0x59, 0x04, 0x31, 0x03,
    0x6e, 0x73, 0x7d, 0xef, 0x7d, 0xef, 0x7e, 0xf7, 0x7d, 0xef, 0x5d, 0xf7,
    0x7d, 0xef, 0xab, 0x5a, 0x78, 0x5d, 0x3a, 0x05, 0x59, 0x05, 0xb1, 0x03,
    0x31, 0x8c, 0x7d, 0xef, 0x5e, 0xf7, 0x7d, 0xef, 0x7e, 0xf7, 0x7d, 0xef,
    0x7e, 0xef, 0x7d, 0xf7, 0x7d, 0xef, 0x7e, 0xef, 0x7d, 0xf7, 0x7d, 0xef,
    0x7e, 0xef, 0x5d, 0xf7, 0x7d, 0xef, 0x7d, 0xf7, 0xcf, 0x7b, 0x92, 0x03,
    0x3a, 0x05, 0x78, 0x05, 0x2d, 0x6b, 0x3c, 0xe7, 0x7d, 0xef, 0x7e, 0xf7,
    0x5d, 0xf7, 0x7d, 0xef, 0x7e, 0xf7, 0x7d, 0xef, 0x7d, 0xf7, 0x7e, 0xef,
    0x7d, 0xef, 0x7d, 0xf7, 0x7e, 0xef, 0x5d, 0xef, 0x7d, 0xf7, 0x7e, 0xef,
    0x5d, 0xef, 0x7d, 0xf7, 0x7e, 0xef, 0x5d, 0xef, 0x7e, 0xf7, 0x5d, 0xf7,
    0x7d, 0xef, 0x7e, 0xf7, 0x7d, 0xf7, 0x7d, 0xef, 0x7e, 0xef, 0x7d, 0xef,
    0x7e, 0xef, 0x5d, 0xef, 0x7d, 0xef, 0x7e, 0xef, 0x7d, 0xf7, 0x7d, 0xef,
    0x7e, 0xef, 0x7d, 0xf7, 0xe8, 0x41, 0x1a, 0x06, 0x9c, 0x05, 0x9a, 0x05,
    0x94, 0x04, 0x6e, 0x73, 0x7d, 0xef, 0x7d, 0xf7, 0x7e, 0xef, 0x5d, 0xf7,
    0x7d, 0xef, 0x7e, 0xef, 0x7e, 0xf7, 0x5d, 0xef, 0x7d, 0xef, 0x7e, 0xf7,
    0x5d, 0xef, 0x7d, 0xef, 0x7e, 0xf7, 0x5d, 0xef, 0x7d, 0xef, 0x7e, 0xf7,
    0x7d, 0xef, 0x5e, 0xef, 0x7d, 0xef, 0x7e, 0xef, 0x5e, 0xf7, 0x7e, 0xef,
    0x31, 0x8c, 0x50, 0x03, 0x9a, 0x05, 0x79, 0x05, 0xcc, 0x3a, 0x39, 0xce,
    0x7d, 0xef, 0x7d, 0xef, 0x7e, 0xf7, 0x7d, 0xef, 0x7d, 0xf7, 0x5e, 0xef,
    0x7e, 0xef, 0x7d, 0xf7, 0x7d, 0xef, 0x59, 0xce, 0x09, 0x32, 0x17, 0x05,
    0xfd, 0x26, 0x3a, 0x05, 0x39, 0x05, 0x79, 0x05, 0xd7, 0x04, 0x94, 0x04,
    0xcd, 0x02, 0x08, 0x32, 0x2d, 0x6b, 0xd3, 0x9c, 0x1c, 0xe7, 0x7d, 0xf7,
    0x7d, 0xef, 0x7d, 0xef, 0x7e, 0xf7, 0x7d, 0xef, 0x5d, 0xef, 0x7e, 0xf7,
    0x7e, 0xef, 0x5d, 0xef, 0x7d, 0xf7, 0x7e, 0xef, 0x7d, 0xef, 0x7d, 0xef,
    0x7d, 0xef, 0x7e, 0xef, 0xba, 0xd6, 0x4a, 0x3a, 0xda, 0x05, 0x7d, 0x06,
    0xf9, 0x04, 0x58, 0x2d, 0xd5, 0x54, 0x56, 0xa5, 0x94, 0x64, 0xd5, 0x5c,
    0xb4, 0x5c, 0x15, 0x75, 0x56, 0x95, 0xf5, 0x74, 0xd4, 0x74, 0x15, 0x7d,
    0xd5, 0x74, 0x36, 0x85, 0xd5, 0x74, 0x15, 0x6d, 0xf5, 0x64, 0x36, 0x8d,
    0x36, 0x85, 0x53, 0x3c, 0xfc, 0x05, 0x3c, 0x06, 0xbc, 0xa6, 0xcf, 0x02,
    0x31, 0x8c, 0x7d, 0xef, 0x5d, 0xef, 0x7e, 0xf7, 0x7d, 0xef, 0x5e, 0xef,
    0x7d, 0xf7, 0x7d, 0xef, 0x7d, 0xef, 0x7d, 0xf7, 0x7e, 0xef, 0x7d, 0xf7,
    0x5d, 0xef, 0x7e, 0xf7, 0x5d, 0xef, 0x7d, 0xf7, 0x5e, 0xef, 0x7d, 0xf7,
    0x7d, 0xef, 0xf8, 0xc5, 0x8b, 0x2a, 0xda, 0x05, 0xfc, 0x05, 0xd9, 0x04,
    0x6e, 0x2b, 0x35, 0xad, 0x7e, 0xef, 0x7d, 0xef, 0x5d, 0xf7, 0x7e, 0xef,
    0x7d, 0xef, 0xcb, 0x5a, 0x92, 0x03, 0x1b, 0x06, 0x3a, 0x05, 0x9b, 0x05,
    0x38, 0x05, 0x4f, 0x03, 0x10, 0x84, 0x3d, 0xef, 0x7d, 0xf7, 0x7e, 0xef,
    0x7d, 0xef, 0x5d, 0xef, 0x7e, 0xef, 0x7d, 0xef, 0x6e, 0x73, 0x92, 0x03,
    0xbb, 0x05, 0x7c, 0x06, 0xf1, 0x02, 0xef, 0x83, 0x96, 0xb5, 0x96, 0xb5,
    0x96, 0xb5, 0x96, 0xb5, 0x76, 0xb5, 0x96, 0xb5, 0x96, 0xb5, 0x96, 0xb5,
    0x76, 0xb5, 0x96, 0xb5, 0x96, 0xb5, 0x96, 0xb5, 0x6a, 0x52, 0x56, 0x04,
    0x17, 0x04, 0xbb, 0x05, 0xf1, 0x03, 0x10, 0x84, 0x7e, 0xf7, 0x7d, 0xef,
    0x5d, 0xef, 0x7e, 0xf7, 0x5d, 0xef, 0x5d, 0xef, 0x7e, 0xf7, 0x5d, 0xef,
    0x7d, 0xef, 0x7e, 0xf7, 0x5d, 0xef, 0x7d, 0xef, 0x7e, 0xef, 0x7d, 0xf7,
    0x7e, 0xef, 0x7d, 0xef, 0xab, 0x5a, 0xf6, 0x2c, 0xf6, 0x03, 0x54, 0x03,
    0x59, 0x05, 0xe8, 0x41, 0x7d, 0xef, 0x5d, 0xf7, 0x7e, 0xef, 0x5d, 0xef,
    0xf7, 0xc5, 0x7a, 0xd6, 0x5d, 0xef, 0x7d, 0xf7, 0x7e, 0xf7, 0x5d, 0xef,
    0x7d, 0xf7, 0x5d, 0xef, 0x8a, 0x52, 0x58, 0x05, 0xda, 0x05, 0x36, 0x04,
    0x10, 0x03, 0x6e, 0x73, 0x7d, 0xef, 0x5d, 0xf7, 0x7e, 0xef, 0x7d, 0xef,
    0x7d, 0xf7, 0x7e, 0xef, 0xab, 0x5a, 0x76, 0x04, 0x3d, 0x06, 0xbb, 0x05,
    0xf7, 0x03, 0x4d, 0x6b, 0x5d, 0xef, 0x7d, 0xef, 0x5e, 0xf7, 0x7d, 0xef,
    0x5d, 0xf7, 0x7e, 0xef, 0x5d, 0xf7, 0x7e, 0xef, 0x5d, 0xf7, 0x7e, 0xef,
    0x7e, 0xef, 0x7d, 0xf7, 0x7e, 0xef, 0x7e, 0xef, 0x3c, 0xef, 0xab, 0x5a,
    0xd7, 0x04, 0xdc, 0x04, 0x97, 0x04, 0x12, 0x14, 0xf4, 0xa4, 0x3c, 0xe7,
    0x5e, 0xef, 0x7d, 0xef, 0x7e, 0xf7, 0x5e, 0xef, 0x7d, 0xf7, 0x5e, 0xef,
    0x7d, 0xef, 0x5e, 0xf7, 0x7d, 0xef, 0x7e, 0xf7, 0x7d, 0xf7, 0x7d, 0xef,
    0x7e, 0xef, 0x7d, 0xf7, 0x7d, 0xf7, 0x7e, 0xef, 0x7d, 0xef, 0x5d, 0xf7,
    0x7e, 0xef, 0x7d, 0xef, 0x5e, 0xef, 0x5d, 0xf7, 0x7d, 0xef, 0x7e, 0xf7,
    0x7d, 0xf7, 0x7d, 0xef, 0x7e, 0xf7, 0x7d, 0xef, 0x5e, 0xf7, 0x7d, 0xef,
    0x5d, 0xef, 0x7e, 0xf7, 0x7d, 0xef, 0xe7, 0x41, 0xd7, 0x04, 0xbb, 0x05,
    0xdb, 0x05, 0xf4, 0x03, 0x6e, 0x73, 0x7d, 0xef, 0x7d, 0xef, 0x7e, 0xf7,
    0x7d, 0xef, 0x7d, 0xf7, 0x7e, 0xef, 0x7d, 0xf7, 0x5d, 0xef, 0x7e, 0xef,
    0x7e, 0xf7, 0x5d, 0xef, 0x7d, 0xef, 0x7e, 0xf7, 0x7d, 0xef, 0x5d, 0xef,
    0x7e, 0xf7, 0x7d, 0xef, 0x7d, 0xf7, 0x5d, 0xef, 0x7d, 0xef, 0x7d, 0xf7,
    0x5d, 0xef, 0x31, 0x8c, 0x50, 0x03, 0x9a, 0x05, 0x5c, 0x06, 0xb3, 0x03,
    0x72, 0x94, 0x5d, 0xef, 0x7d, 0xef, 0x5e, 0xf7, 0x7d, 0xef, 0x7d, 0xef,
    0x7e, 0xf7, 0x5d, 0xef, 0x7d, 0xf7, 0x7e, 0xef, 0x5d, 0xef, 0x10, 0x8c,
    0xd0, 0x33, 0x99, 0x05, 0x5a, 0x05, 0x76, 0x04, 0x6f, 0x03, 0x4a, 0x3a,
    0x8a, 0x52, 0xb2, 0x9c, 0xfb, 0xe6, 0x5d, 0xef, 0x7d, 0xef, 0x7d, 0xef,
    0x7e, 0xf7, 0x7d, 0xef, 0x7d, 0xef, 0x7e, 0xf7, 0x5e, 0xef, 0x7d, 0xef,
    0x7d, 0xf7, 0x7d, 0xef, 0x7e, 0xf7, 0x5d, 0xef, 0x7e, 0xf7, 0x7e, 0xf7,
    0x5d, 0xf7, 0x7d, 0xef, 0x7e, 0xf7, 0xba, 0xd6, 0x29, 0x2a, 0x3a, 0x06,
    0x7d, 0x4e, 0x3a, 0x05, 0x36, 0x04, 0xb6, 0x04, 0xb6, 0x04, 0x37, 0x05,
    0xd2, 0x02, 0x35, 0x04, 0x57, 0x05, 0x75, 0x04, 0x96, 0x04, 0xb6, 0x04,
    0xf7, 0x04, 0x17, 0x05, 0xf7, 0x04, 0x17, 0x05, 0xf7, 0x04, 0x56, 0x04,
    0x97, 0x05, 0x57, 0x55, 0x97, 0x04, 0x37, 0x04, 0x5a, 0x05, 0xbb, 0x05,
    0x12, 0x04, 0x31, 0x8c, 0x7d, 0xef, 0x5d, 0xef, 0x7e, 0xf7, 0x7d, 0xef,
    0x5d, 0xef, 0x7e, 0xf7, 0x7d, 0xef, 0x5d, 0xef, 0x7e, 0xf7, 0x7d, 0xef,
    0x5e, 0xef, 0x7d, 0xf7, 0x7e, 0xef, 0x7d, 0xef, 0x5d, 0xef, 0x7e, 0xf7,
    0x7d, 0xef, 0x7e, 0xef, 0xf8, 0xc5, 0x4b, 0x0a, 0xb8, 0x04, 0x75, 0x03,
    0x19, 0x05, 0x90, 0x03, 0xf3, 0x9c, 0x7d, 0xf7, 0x7d, 0xef, 0x5e, 0xef,
    0x7d, 0xf7, 0x7d, 0xef, 0xf4, 0xa4, 0x09, 0x32, 0x34, 0x04, 0x16, 0x04,
    0x9b, 0x25, 0xd5, 0x03, 0x8a, 0x52, 0x9a, 0xd6, 0x7d, 0xf7, 0x7e, 0xef,
    0x7d, 0xf7, 0x5d, 0xf7, 0x7d, 0xef, 0x7d, 0xf7, 0x7d, 0xef, 0x6d, 0x73,
    0xf3, 0x03, 0xdb, 0x05, 0xfa, 0x04, 0xb7, 0x04, 0x94, 0x44, 0xf5, 0x5c,
    0xd5, 0x6c, 0xd5, 0x7c, 0xf5, 0x74, 0xd5, 0x74, 0x15, 0x7d, 0xf5, 0x64,
    0xf5, 0x74, 0x53, 0x64, 0x15, 0x75, 0x36, 0x75, 0xf4, 0x6c, 0x53, 0x1c,
    0x1b, 0x06, 0x5a, 0x05, 0xfb, 0x05, 0xcf, 0x02, 0x31, 0x84, 0x7d, 0xf7,
    0x5d, 0xef, 0x7e, 0xef, 0x7d, 0xf7, 0x7d, 0xef, 0x7e, 0xef, 0x7d, 0xf7,
    0x5d, 0xef, 0x7e, 0xef, 0x7e, 0xf7, 0x7d, 0xf7, 0x7d, 0xef, 0x5e, 0xef,
    0x7d, 0xf7, 0x7d, 0xef, 0x5e, 0xef, 0xab, 0x5a, 0x13, 0x03, 0xda, 0x04,
    0x1b, 0x05, 0x18, 0x05, 0xe8, 0x41, 0x7d, 0xf7, 0x7d, 0xef, 0x5e, 0xef,
    0xd7, 0xbd, 0xd0, 0x5b, 0x52, 0x74, 0x51, 0x8c, 0x51, 0x8c, 0x51, 0x8c,
    0x51, 0x8c, 0x51, 0x8c, 0x51, 0x8c, 0x32, 0x5c, 0xfa, 0x05, 0xb8, 0x03,
    0xb9, 0x04, 0xb3, 0x03, 0x6d, 0x6b, 0x7d, 0xf7, 0x7e, 0xef, 0x5d, 0xef,
    0x7e, 0xf7, 0x7d, 0xef, 0x7d, 0xf7, 0xab, 0x5a, 0x11, 0x03, 0x9c, 0x56,
    0x1e, 0x97, 0x99, 0x05, 0xf1, 0x4b, 0x34, 0xa5, 0xf8, 0xc5, 0x5d, 0xef,
    0x7d, 0xef, 0x7e, 0xef, 0x7d, 0xf7, 0x7d, 0xef, 0x5e, 0xef, 0x7d, 0xf7,
    0x5d, 0xef, 0x7d, 0xf7, 0x5d, 0xef, 0x5d, 0xef, 0xb7, 0xbd, 0x14, 0xa5,
    0x73, 0x5c, 0xfd, 0x9e, 0xfb, 0x05, 0xfb, 0x05, 0x7a, 0x05, 0x32, 0x4c,
    0xd3, 0x9c, 0x5d, 0xef, 0x7d, 0xef, 0x7d, 0xef, 0x7d, 0xf7, 0x7d, 0xef,
    0x7e, 0xef, 0x5d, 0xf7, 0x7d, 0xef, 0x7e, 0xef, 0x5d, 0xef, 0x7e, 0xf7,
    0x5d, 0xef, 0x7e, 0xef, 0x5d, 0xf7, 0x7d, 0xef, 0x7e, 0xef, 0x7d, 0xf7,
    0x7d, 0xef, 0x7e, 0xef, 0x7d, 0xf7, 0x7d, 0xef, 0x7e, 0xef, 0x5d, 0xef,
    0x5d, 0xf7, 0x7e, 0xef, 0x5d, 0xef, 0x7d, 0xf7, 0x7e, 0xf7, 0x7d, 0xef,
    0x5d, 0xef, 0x7e, 0xf7, 0x7d, 0xef, 0x5d, 0xef, 0xe8, 0x41, 0x18, 0x05,
    0x1a, 0x05, 0xbb, 0x05, 0x75, 0x04, 0x2c, 0x6b, 0x5d, 0xef, 0x7e, 0xef,
    0x5d, 0xf7, 0x7e, 0xef, 0x5d, 0xef, 0x7d, 0xf7, 0x7e, 0xef, 0x7d, 0xef,
    0x7d, 0xf7, 0x7d, 0xef, 0x7e, 0xf7, 0x7d, 0xef, 0x7e, 0xf7, 0x7d, 0xef,
    0x7e, 0xf7, 0x5d, 0xef, 0x7e, 0xef, 0x7d, 0xf7, 0x7e, 0xf7, 0x7e, 0xef,
    0x7d, 0xef, 0x5d, 0xef, 0x4d, 0x6b, 0x16, 0x6d, 0x7c, 0x06, 0x3d, 0x06,
    0x5a, 0x05, 0x70, 0x3b, 0xf3, 0xa4, 0x5d, 0xef, 0x7e, 0xef, 0x7d, 0xf7,
    0x5d, 0xef, 0x7e, 0xef, 0x7d, 0xf7, 0x7d, 0xef, 0x7e, 0xef, 0x7d, 0xf7,
    0x9a, 0xd6, 0x08, 0x3a, 0x12, 0x03, 0x37, 0x05, 0x6b, 0x22, 0xef, 0x83,
    0x38, 0xce, 0x5d, 0xef, 0x7d, 0xef, 0x7d, 0xef, 0x7d, 0xef, 0x7d, 0xf7,
    0x5d, 0xef, 0x5e, 0xef, 0x7d, 0xf7, 0x5d, 0xef, 0x7e, 0xf7, 0x7d, 0xef,
    0x5d, 0xef, 0x7e, 0xf7, 0x7d, 0xef, 0x5d, 0xef, 0x7e, 0xef, 0x7d, 0xef,
    0x5d, 0xef, 0x7e, 0xef, 0x5d, 0xf7, 0x7d, 0xef, 0x9b, 0xd6, 0x29, 0x2a,
    0xfb, 0x05, 0x1c, 0x06, 0x7a, 0x05, 0x4e, 0x03, 0xa7, 0x39, 0xc7, 0x39,
    0xe7, 0x39, 0xc7, 0x39, 0xc7, 0x39, 0xc7, 0x39, 0xc7, 0x39, 0xc7, 0x39,
    0xc7, 0x39, 0xc7, 0x39, 0xc7, 0x39, 0xc7, 0x39, 0xe7, 0x39, 0xc7, 0x39,
    0xc7, 0x39, 0xc7, 0x39, 0xc7, 0x39, 0xa6, 0x39, 0xb9, 0x05, 0x9a, 0x05,
    0xbb, 0x05, 0xf3, 0x03, 0x6e, 0x73, 0x7d, 0xef, 0x7e, 0xef, 0x7d, 0xf7,
    0x7d, 0xef, 0x7e, 0xf7, 0x5d, 0xef, 0x7d, 0xef, 0x7d, 0xef, 0x7d, 0xef,
    0x5e, 0xf7, 0x7d, 0xef, 0x7d, 0xef, 0x7e, 0xf7, 0x7d, 0xef, 0x7e, 0xf7,
    0x7d, 0xef, 0x5d, 0xef, 0x7d, 0xf7, 0xf8, 0xc5, 0x8b, 0x02, 0xb4, 0x03,
    0x58, 0x04, 0x97, 0x04, 0x0e, 0x03, 0xd3, 0x9c, 0x7e, 0xef, 0x7d, 0xf7,
    0x7e, 0xef, 0x7d, 0xef, 0x7d, 0xf7, 0x5d, 0xef, 0xd3, 0x9c, 0x4a, 0x22,
    0xb5, 0x04, 0x78, 0x04, 0x6b, 0x02, 0xf3, 0xa4, 0x7d, 0xef, 0x7e, 0xef,
    0x7d, 0xef, 0x5e, 0xef, 0x7e, 0xf7, 0x7e, 0xef, 0x5d, 0xef, 0x7e, 0xf7,
    0x6d, 0x6b, 0x74, 0x04, 0xba, 0x04, 0xf9, 0x04, 0xdc, 0xc6, 0xb6, 0x04,
    0x55, 0x04, 0xb6, 0x04, 0x76, 0x04, 0x96, 0x04, 0x12, 0x03, 0x12, 0x03,
    0x96, 0x04, 0xd3, 0x03, 0x55, 0x04, 0x95, 0x04, 0xd5, 0x03, 0x17, 0x05,
    0x98, 0x05, 0xba, 0x05, 0x9e, 0x06, 0xb9, 0x04, 0x30, 0x03, 0x30, 0x84,
    0x7d, 0xf7, 0x7e, 0xef, 0x7e, 0xef, 0x7d, 0xf7, 0x5e, 0xef, 0x7d, 0xef,
    0x7e, 0xf7, 0x7d, 0xef, 0x5d, 0xef, 0x7e, 0xf7, 0x7d, 0xef, 0x5d, 0xef,
    0x7e, 0xf7, 0x7d, 0xef, 0x5d, 0xf7, 0x7d, 0xef, 0x49, 0x4a, 0x76, 0x04,
    0x7c, 0x06, 0xfb, 0x05, 0x56, 0x04, 0xe7, 0x41, 0x7d, 0xef, 0x7e, 0xf7,
    0x7d, 0xef, 0x92, 0x9c, 0x6f, 0x03, 0x35, 0x04, 0x99, 0x05, 0x3b, 0x06,
    0xfb, 0x05, 0x9a, 0x05, 0x9c, 0x96, 0x9c, 0x66, 0x5c, 0x06, 0x5b, 0x05,
    0x9a, 0x05, 0x99, 0x05, 0x32, 0x3c, 0xcf, 0x7b, 0x7e, 0xf7, 0x7d, 0xef,
    0x7d, 0xef, 0x5e, 0xf7, 0x7d, 0xef, 0x7d, 0xef, 0xcf, 0x7b, 0x70, 0x03,
    0xfa, 0x05, 0x9b, 0x05, 0xb9, 0x04, 0x1b, 0x06, 0x56, 0x75, 0xd4, 0x74,
    0x51, 0x8c, 0x51, 0x8c, 0x51, 0x8c, 0x31, 0x8c, 0x51, 0x8c, 0x51, 0x8c,
    0x51, 0x8c, 0x51, 0x8c, 0x51, 0x8c, 0x51, 0x8c, 0x31, 0x8c, 0xf4, 0x74,
    0xb5, 0x4c, 0x3b, 0x06, 0x9b, 0x05, 0x79, 0x04, 0x3c, 0x06, 0x9a, 0x05,
    0xb7, 0x04, 0xac, 0x02, 0x18, 0xc6, 0x7e, 0xf7, 0x7d, 0xef, 0x5e, 0xef,
    0x7d, 0xf7, 0x7d, 0xef, 0x7e, 0xf7, 0x7d, 0xef, 0x7d, 0xef, 0x5e, 0xf7,
    0x7d, 0xef, 0x7d, 0xef, 0x5e, 0xf7, 0x7d, 0xef, 0x5e, 0xef, 0x7d, 0xf7,
    0x5d, 0xef, 0x7e, 0xef, 0x5d, 0xf7, 0x7d, 0xef, 0x7e, 0xf7, 0x7e, 0xef,
    0x7d, 0xef, 0x7d, 0xf7, 0x7e, 0xef, 0x7d, 0xef, 0x5d, 0xef, 0x7e, 0xef,
    0x7d, 0xef, 0x7e, 0xf7, 0x7d, 0xef, 0x7e, 0xef, 0x7d, 0xf7, 0x49, 0x4a,
    0x78, 0x05, 0xf9, 0x04, 0xfc, 0x05, 0xfb, 0x05, 0x4d, 0x63, 0x55, 0xad,
    0x39, 0xce, 0x5d, 0xef, 0x7d, 0xef, 0x7e, 0xf7, 0x5d, 0xef, 0x7e, 0xef,
    0x5d, 0xf7, 0x7d, 0xef, 0x5e, 0xef, 0x7d, 0xf7, 0x5d, 0xef, 0x5e, 0xef,
    0x7d, 0xf7, 0x7d, 0xef, 0x7e, 0xef, 0x5d, 0xf7, 0x7d, 0xef, 0x7e, 0xef,
    0x5d, 0xf7, 0xbb, 0xde, 0x55, 0xad, 0x8f, 0x53, 0x19, 0x05, 0x99, 0x04,
    0xbb, 0x05, 0x5c, 0x06, 0x58, 0x05, 0x8f, 0x2b, 0x96, 0xb5, 0x7e, 0xef,
    0x7d, 0xf7, 0x7e, 0xef, 0x5d, 0xef, 0x7d, 0xf7, 0x7e, 0xef, 0x5d, 0xef,
    0x7d, 0xf7, 0x5d, 0xef, 0x92, 0x94, 0x8c, 0x02, 0x6b, 0x1a, 0x10, 0x84,
    0x5d, 0xef, 0x7e, 0xef, 0x7d, 0xef, 0x7e, 0xf7, 0x7e, 0xef, 0x7e, 0xf7,
    0x7d, 0xef, 0x7e, 0xf7, 0x7d, 0xef, 0x7e, 0xef, 0x7d, 0xf7, 0x7d, 0xef,
    0x7d, 0xf7, 0x5e, 0xef, 0x7e, 0xef, 0x7d, 0xf7, 0x7d, 0xf7, 0x7e, 0xef,
    0x7d, 0xf7, 0x7d, 0xef, 0x7e, 0xef, 0x7d, 0xf7, 0x7d, 0xef, 0xbb, 0xde,
    0x09, 0x2a, 0xf9, 0x04, 0x3d, 0x06, 0x1b, 0x06, 0xce, 0x02, 0xf3, 0x9c,
    0x7d, 0xef, 0x7d, 0xef, 0x7d, 0xf7, 0x7d, 0xef, 0x7d, 0xef, 0x7d, 0xf7,
    0x7d, 0xef, 0x7d, 0xef, 0x7d, 0xf7, 0x7d, 0xef, 0x7d, 0xf7, 0x7d, 0xef,
    0x7d, 0xf7, 0x7d, 0xf7, 0x7d, 0xef, 0x7d, 0xef, 0xe7, 0x41, 0xd7, 0x04,
    0x3c, 0x06, 0xba, 0x04, 0x91, 0x03, 0x6d, 0x6b, 0x7e, 0xef, 0x7d, 0xf7,
    0x5d, 0xef, 0x7e, 0xef, 0x7d, 0xf7, 0x7e, 0xef, 0x5d, 0xef, 0x7d, 0xef,
    0x7e, 0xf7, 0x7d, 0xef, 0x7d, 0xf7, 0x5e, 0xef, 0x5d, 0xef, 0x7d, 0xf7,
    0x7e, 0xef, 0x5d, 0xef, 0x7e, 0xf7, 0x7d, 0xef, 0xf8, 0xbd, 0xcc, 0x3a,
    0x59, 0x05, 0xfc, 0x05, 0x3a, 0x05, 0x8e, 0x02, 0xd3, 0x9c, 0x7d, 0xf7,
    0x7e, 0xef, 0x5d, 0xf7, 0x7e, 0xef, 0x7e, 0xef, 0x7d, 0xef, 0x5d, 0xef,
    0x72, 0x94, 0x4a, 0x22, 0xd0, 0x23, 0x8e, 0x73, 0x5d, 0xef, 0x7d, 0xf7,
    0x7e, 0xef, 0x5d, 0xf7, 0x7d, 0xef, 0x7d, 0xef, 0x7d, 0xf7, 0x7e, 0xef,
    0x5d, 0xef, 0x6e, 0x6b, 0x51, 0x03, 0xbc, 0x86, 0x3a, 0x05, 0x92, 0x03,
    0x86, 0x31, 0xc7, 0x39, 0xc6, 0x39, 0xa7, 0x39, 0xc7, 0x39, 0xc6, 0x39,
    0xa7, 0x39, 0xc7, 0x39, 0xa6, 0x39, 0xc7, 0x39, 0xa7, 0x39, 0xa7, 0x39,
    0xc7, 0x39, 0x86, 0x31, 0xb5, 0x03, 0xb6, 0x03, 0x9c, 0x86, 0x32, 0x03,
    0xcf, 0x7b, 0x5d, 0xef, 0x7d, 0xf7, 0x7d, 0xef, 0x5e, 0xf7, 0x7d, 0xef,
    0x7d, 0xef, 0x7e, 0xf7, 0x7d, 0xef, 0x7d, 0xf7, 0x5e, 0xef, 0x7d, 0xef,
    0x7d, 0xf7, 0x7e, 0xef, 0x7e, 0xef, 0x7d, 0xf7, 0x7d, 0xef, 0xe7, 0x41,
    0x77, 0x03, 0x57, 0x04, 0xf9, 0x04, 0xda, 0x6d, 0xc7, 0x39, 0x7e, 0xef,
    0x7d, 0xf7, 0x7d, 0xef, 0x9a, 0xd6, 0x10, 0x8c, 0xa7, 0x39, 0x2d, 0x03,
    0x51, 0x03, 0x77, 0x04, 0x39, 0x05, 0x3e, 0xbf, 0x38, 0x04, 0xd7, 0x03,
    0x3c, 0x06, 0x5a, 0x04, 0xb5, 0x03, 0x8c, 0x02, 0x34, 0xa5, 0x7e, 0xf7,
    0x5d, 0xef, 0x7d, 0xef, 0x7e, 0xf7, 0x5d, 0xef, 0x7e, 0xef, 0xd7, 0xbd,
    0xab, 0x1a, 0x97, 0x04, 0x1a, 0x05, 0x9b, 0x05, 0xfd, 0xae, 0xf8, 0x04,
    0x39, 0x05, 0xfb, 0x45, 0xbb, 0x05, 0x59, 0x05, 0xfa, 0x05, 0xdc, 0xbe,
    0x9c, 0x6e, 0x1b, 0x06, 0x7b, 0x66, 0x1b, 0x06, 0x5b, 0x5e, 0x3b, 0x7e,
    0x1b, 0x06, 0x9c, 0x0e, 0x3a, 0x05, 0x5b, 0x05, 0x7b, 0x05, 0x5b, 0x1e,
    0x56, 0x04, 0xcd, 0x02, 0x10, 0x84, 0x5d, 0xef, 0x7d, 0xef, 0x7e, 0xf7,
    0x5d, 0xef, 0x7e, 0xef, 0x7d, 0xf7, 0x5e, 0xef, 0x7d, 0xf7, 0x7d, 0xef,
    0x7e, 0xf7, 0x7d, 0xef, 0x7d, 0xef, 0x7e, 0xf7, 0x7d, 0xef, 0x7d, 0xef,
    0x7e, 0xf7, 0x7d, 0xef, 0x5e, 0xf7, 0x7d, 0xef, 0x7d, 0xef, 0x5e, 0xf7,
    0x7d, 0xef, 0x7d, 0xf7, 0x5e, 0xef, 0x7e, 0xf7, 0x7d, 0xf7, 0x7e, 0xef,
    0x5d, 0xf7, 0x7d, 0xf7, 0x7e, 0xef, 0x5d, 0xef, 0x7d, 0xf7, 0x7e, 0xef,
    0xec, 0x62, 0xf3, 0x03, 0x39, 0x05, 0xfb, 0x05, 0x7b, 0x05, 0x79, 0x05,
    0x94, 0x64, 0xb3, 0x7c, 0x31, 0x8c, 0x51, 0x8c, 0x51, 0x8c, 0x51, 0x8c,
    0x51, 0x8c, 0x51, 0x8c, 0x31, 0x8c, 0x51, 0x8c, 0x51, 0x8c, 0x51, 0x8c,
    0x51, 0x8c, 0x31, 0x8c, 0x51, 0x8c, 0x51, 0x8c, 0x51, 0x8c, 0x31, 0x8c,
    0x51, 0x8c, 0x51, 0x8c, 0x72, 0x84, 0x56, 0xa5, 0x1a, 0x26, 0xba, 0x05,
    0xfe, 0x6e, 0x7a, 0x05, 0xdd, 0x2e, 0x19, 0x05, 0x50, 0x03, 0xcf, 0x7b,
    0x7d, 0xef, 0x7e, 0xf7, 0x7d, 0xef, 0x7d, 0xf7, 0x5e, 0xef, 0x7d, 0xef,
    0x7e, 0xf7, 0x7d, 0xef, 0x7d, 0xef, 0xfc, 0xe6, 0xf3, 0xa4, 0xd7, 0xbd,
    0x5d, 0xef, 0x7d, 0xf7, 0x7d, 0xef, 0x7d, 0xef, 0x5d, 0xf7, 0x7d, 0xef,
    0x5d, 0xef, 0x7e, 0xf7, 0x7d, 0xef, 0x5d, 0xf7, 0x7e, 0xef, 0x7e, 0xef,
    0x5d, 0xf7, 0x7d, 0xef, 0x7e, 0xf7, 0x7d, 0xef, 0x5d, 0xef, 0x7e, 0xf7,
    0x5d, 0xef, 0x7d, 0xf7, 0x7e, 0xf7, 0x5d, 0xef, 0x7e, 0xef, 0x7d, 0xf7,
    0x9a, 0xd6, 0x29, 0x2a, 0xf7, 0x03, 0xb9, 0x04, 0x3a, 0x05, 0xae, 0x02,
    0xd3, 0x9c, 0x7d, 0xf7, 0x7d, 0xef, 0x7e, 0xf7, 0x7d, 0xef, 0x7e, 0xef,
    0x7d, 0xf7, 0x7d, 0xef, 0x7d, 0xef, 0x7d, 0xf7, 0x7d, 0xef, 0x7d, 0xef,
    0x7d, 0xf7, 0x7d, 0xef, 0x7d, 0xef, 0x7e, 0xf7, 0x7d, 0xef, 0xc8, 0x41,
    0xd6, 0x03, 0xf8, 0x04, 0x9c, 0x7e, 0x34, 0x04, 0x6d, 0x6b, 0x7d, 0xf7,
    0x5e, 0xf7, 0x7d, 0xef, 0x7d, 0xef, 0x5e, 0xf7, 0x7d, 0xf7, 0x7d, 0xef,
    0x5d, 0xef, 0x7e, 0xef, 0x7d, 0xf7, 0x7d, 0xef, 0x7e, 0xf7, 0x7d, 0xef,
    0x7d, 0xef, 0x5e, 0xf7, 0x7d, 0xef, 0x7d, 0xef, 0x7e, 0xef, 0x96, 0xb5,
    0xcc, 0x0a, 0xd6, 0x03, 0xfc, 0x04, 0x3a, 0x05, 0x0e, 0x03, 0xd3, 0x9c,
    0x7d, 0xef, 0x7d, 0xef, 0x5d, 0xf7, 0x7d, 0xf7, 0x7e, 0xef, 0x5d, 0xf7,
    0x7d, 0xef, 0x5d, 0xef, 0xd7, 0xbd, 0xcf, 0x7b, 0xf8, 0xc5, 0x7d, 0xef,
    0x7d, 0xef, 0x7e, 0xf7, 0x7d, 0xf7, 0x7d, 0xef, 0x5e, 0xef, 0x7d, 0xf7,
    0x7d, 0xf7, 0x7d, 0xef, 0xab, 0x5a, 0xf4, 0x03, 0x7c, 0x06, 0x9a, 0x05,
    0xd3, 0x03, 0x4d, 0x6b, 0x7d, 0xf7, 0x7d, 0xef, 0x7d, 0xef, 0x7d, 0xef,
    0x7d, 0xef, 0x7d, 0xef, 0x7d, 0xef, 0x7d, 0xef, 0x7d, 0xef, 0x7d, 0xef,
    0x7d, 0xef, 0x7d, 0xef, 0xc7, 0x41, 0xd9, 0x05, 0xfa, 0x04, 0x7c, 0x06,
    0xb2, 0x03, 0x6e, 0x73, 0x7e, 0xef, 0x5d, 0xef, 0x7d, 0xf7, 0x7e, 0xef,
    0x7d, 0xf7, 0x5d, 0xef, 0x5e, 0xef, 0x7d, 0xf7, 0x7d, 0xef, 0x7e, 0xef,
    0x5d, 0xf7, 0x7d, 0xef, 0x7e, 0xef, 0x5d, 0xf7, 0x7e, 0xef, 0x7e, 0xef,
    0xc7, 0x41, 0x77, 0x04, 0x7a, 0x05, 0xfc, 0x05, 0x1a, 0x06, 0xc7, 0x41,
    0x7e, 0xef, 0x7d, 0xef, 0x5e, 0xf7, 0x7d, 0xef, 0x7d, 0xef, 0xfc, 0xe6,
    0xb2, 0x9c, 0xcb, 0x5a, 0x8b, 0x02, 0x55, 0x04, 0x7a, 0x05, 0x9d, 0x06,
    0x1a, 0x05, 0x7d, 0x06, 0x38, 0x04, 0x54, 0x04, 0x08, 0x3a, 0xfb, 0xde,
    0x7d, 0xef, 0x7e, 0xf7, 0x7d, 0xef, 0x7d, 0xf7, 0x7e, 0xf7, 0x5d, 0xef,
    0x5d, 0xef, 0xef, 0x83, 0x0f, 0x03, 0x96, 0x04, 0x39, 0x05, 0xdb, 0x05,
    0xbd, 0x3e, 0x1b, 0x05, 0x7c, 0x06, 0xd9, 0x04, 0x9a, 0x05, 0x1c, 0x06,
    0x7d, 0x06, 0xfc, 0x05, 0x3c, 0x06, 0x9a, 0x05, 0x5e, 0xc7, 0x3b, 0x05,
    0xdb, 0x05, 0xfb, 0x04, 0xf9, 0x04, 0x7a, 0x05, 0xd5, 0x03, 0xf7, 0x04,
    0x16, 0x05, 0x0d, 0x43, 0xef, 0x83, 0x9a, 0xd6, 0x7d, 0xef, 0x7d, 0xf7,
    0x7d, 0xef, 0x7e, 0xf7, 0x7d, 0xef, 0x5d, 0xef, 0x7e, 0xf7, 0x7d, 0xef,
    0x5d, 0xef, 0x7e, 0xf7, 0x5d, 0xef, 0x7d, 0xf7, 0x7e, 0xef, 0x5d, 0xf7,
    0x7d, 0xef, 0x7e, 0xef, 0x7d, 0xf7, 0x7d, 0xef, 0x7e, 0xef, 0x7d, 0xf7,
    0x5d, 0xef, 0x7e, 0xef, 0x7d, 0xf7, 0x5d, 0xef, 0x7d, 0xef, 0x7e, 0xef,
    0x5d, 0xf7, 0x7d, 0xef, 0x7e, 0xef, 0x5d, 0xf7, 0x7d, 0xef, 0x7e, 0xf7,
    0x5d, 0xef, 0x14, 0xa5, 0xed, 0x02, 0x3a, 0x4e, 0x7b, 0x05, 0x9b, 0x05,
    0x1c, 0x06, 0x9a, 0x05, 0x1b, 0x06, 0x5c, 0x56, 0x5b, 0x46, 0xfa, 0x05,
    0x1b, 0x06, 0xdc, 0x8e, 0xfb, 0x05, 0x5c, 0x36, 0x9a, 0x35, 0x1b, 0x06,
    0x5c, 0x06, 0xf9, 0x04, 0xbc, 0x86, 0x7b, 0x7e, 0xdc, 0x8e, 0x3c, 0x06,
    0x1b, 0x06, 0x5b, 0x06, 0xb9, 0x05, 0x3b, 0x06, 0x3c, 0x06, 0x3c, 0x06,
    0x5a, 0x05, 0x7b, 0x05, 0x5c, 0x06, 0x39, 0x05, 0xd6, 0x04, 0xc8, 0x31,
    0xf8, 0xc5, 0x7d, 0xef, 0x5d, 0xef, 0x7e, 0xf7, 0x7d, 0xef, 0x7d, 0xef,
    0x5e, 0xf7, 0x7d, 0xef, 0x7e, 0xef, 0x7d, 0xef, 0x7d, 0xef, 0x7d, 0xef,
    0x7d, 0xf7, 0x7e, 0xef, 0x7d, 0xef, 0x7e, 0xf7, 0x5e, 0xef, 0x7d, 0xef,
    0x7d, 0xf7, 0x7e, 0xef, 0x5d, 0xef, 0x7d, 0xef, 0x7d, 0xf7, 0x5d, 0xef,
    0x7e, 0xef, 0x7d, 0xf7, 0x5d, 0xef, 0x7e, 0xef, 0x7d, 0xf7, 0x7d, 0xef,
    0x5e, 0xef, 0x7d, 0xef, 0x7d, 0xef, 0x5e, 0xf7, 0x7d, 0xef, 0x7d, 0xef,
    0x5e, 0xf7, 0x59, 0xce, 0x4a, 0x22, 0x19, 0x05, 0x58, 0x03, 0x5a, 0x05,
    0xb0, 0x5b, 0xd3, 0x9c, 0x7d, 0xef, 0x7e, 0xf7, 0x5e, 0xef, 0x7d, 0xef,
    0x7e, 0xf7, 0x5e, 0xef, 0x7e, 0xf7, 0x5e, 0xef, 0x7e, 0xef, 0x5e, 0xf7,
    0x7e, 0xef, 0x5e, 0xef, 0x7d, 0xef, 0x7e, 0xf7, 0x5d, 0xef, 0x7d, 0xef,
    0xc7, 0x41, 0xfa, 0x05, 0xf9, 0x04, 0xd9, 0x05, 0xf2, 0x03, 0x0c, 0x63,
    0x7e, 0xef, 0x7d, 0xef, 0x7e, 0xf7, 0x7d, 0xef, 0x5d, 0xef, 0x7e, 0xef,
    0x7d, 0xf7, 0x7d, 0xef, 0x5e, 0xf7, 0x7d, 0xef, 0x5e, 0xef, 0x7d, 0xf7,
    0x7e, 0xef, 0x7d, 0xf7, 0x7d, 0xf7, 0x7e, 0xef, 0x7d, 0xf7, 0x5d, 0xf7,
    0x35, 0xad, 0x8d, 0x02, 0x98, 0x04, 0xfb, 0x05, 0xfa, 0x04, 0x30, 0x03,
    0x30, 0x84, 0x7e, 0xf7, 0x7e, 0xef, 0x7d, 0xef, 0x5d, 0xef, 0x7e, 0xf7,
    0x7d, 0xef, 0x7e, 0xf7, 0x7d, 0xef, 0x7d, 0xf7, 0x7e, 0xef, 0x7d, 0xf7,
    0x7d, 0xef, 0x7e, 0xef, 0x5d, 0xef, 0x7e, 0xef, 0x7d, 0xf7, 0x5e, 0xef,
    0x7e, 0xef, 0x7d, 0xef, 0x5e, 0xf7, 0x8a, 0x52, 0x35, 0x04, 0x58, 0x04,
    0x9a, 0x05, 0xd3, 0x03, 0x6d, 0x6b, 0x7d, 0xf7, 0x7e, 0xef, 0x5e, 0xef,
    0x7d, 0xf7, 0x7e, 0xef, 0x5d, 0xef, 0x7e, 0xf7, 0x7e, 0xef, 0x7d, 0xf7,
    0x7d, 0xf7, 0x7d, 0xef, 0x7e, 0xef, 0xc7, 0x41, 0x36, 0x04, 0xb9, 0x04,
    0x37, 0x04, 0x33, 0x04, 0x4d, 0x73, 0x7d, 0xef, 0x7e, 0xef, 0x7d, 0xf7,
    0x7d, 0xef, 0x7e, 0xef, 0x7d, 0xf7, 0x7e, 0xef, 0x5d, 0xf7, 0x7e, 0xef,
    0x7d, 0xf7, 0x7e, 0xef, 0x5d, 0xf7, 0x7d, 0xef, 0x7d, 0xf7, 0x5d, 0xef,
    0x7e, 0xef, 0xc7, 0x41, 0xd7, 0x04, 0x9b, 0x05, 0x99, 0x05, 0x76, 0x04,
    0xe7, 0x41, 0x7d, 0xef, 0x5e, 0xef, 0x7d, 0xf7, 0x7d, 0xef, 0x7e, 0xef,
    0x7d, 0xf7, 0x7d, 0xef, 0x3d, 0xef, 0x71, 0x94, 0xe8, 0x29, 0xf2, 0x03,
    0xda, 0x05, 0xd9, 0x04, 0x16, 0x04, 0x96, 0x04, 0x29, 0x2a, 0xf3, 0xa4,
    0x5d, 0xef, 0x7e, 0xef, 0x5d, 0xf7, 0x7e, 0xef, 0x7d, 0xef, 0x7d, 0xef,
    0x7e, 0xf7, 0x7d, 0xef, 0x59, 0xce, 0xcf, 0x83, 0x8b, 0x02, 0xee, 0x02,
    0x95, 0x04, 0x16, 0x05, 0x35, 0x04, 0xb3, 0x03, 0xf4, 0x03, 0xb3, 0x03,
    0xf7, 0x04, 0x75, 0x04, 0x95, 0x04, 0x96, 0x04, 0xd8, 0x35, 0x73, 0x03,
    0x57, 0x05, 0xb6, 0x04, 0x35, 0x04, 0x76, 0x04, 0xd4, 0x04, 0xed, 0x02,
    0x8c, 0x02, 0xa7, 0x39, 0x30, 0x8c, 0x5d, 0xef, 0x7d, 0xef, 0x7e, 0xf7,
    0x5e, 0xef, 0x5d, 0xef, 0x7d, 0xf7, 0x7e, 0xef, 0x7d, 0xef, 0x7d, 0xf7,
    0x5e, 0xef, 0x7d, 0xef, 0x7e, 0xf7, 0x7d, 0xef, 0x5e, 0xef, 0x7d, 0xf7,
    0x7e, 0xef, 0x5d, 0xf7, 0x7d, 0xef, 0x5e, 0xef, 0x7d, 0xf7, 0x7e, 0xef,
    0x5d, 0xf7, 0x7d, 0xef, 0x7e, 0xef, 0x7d, 0xf7, 0x7d, 0xef, 0x7e, 0xef,
    0x7d, 0xf7, 0x7d, 0xef, 0x7e, 0xef, 0x7d, 0xef, 0x5d, 0xf7, 0x7e, 0xef,
    0x7d, 0xef, 0x7d, 0xf7, 0x3d, 0xef, 0x4d, 0x6b, 0x91, 0x03, 0x37, 0x04,
    0x38, 0x05, 0x57, 0x04, 0xd9, 0x04, 0xbd, 0x06, 0x9b, 0x05, 0xdb, 0x05,
    0xbc, 0x05, 0x7d, 0x06, 0xdb, 0x05, 0x3d, 0x06, 0x5d, 0x06, 0x1b, 0x06,
    0xba, 0x04, 0xdb, 0x05, 0x9b, 0x05, 0x1a, 0x05, 0x3a, 0x05, 0x39, 0x05,
    0x9a, 0x04, 0x9a, 0x05, 0x38, 0x04, 0xd9, 0x04, 0xbd, 0x06, 0x7b, 0x05,
    0x5a, 0x05, 0x5c, 0x05, 0x1b, 0x06, 0x17, 0x05, 0x14, 0x04, 0x4a, 0x2a,
    0xf3, 0x9c, 0x5d, 0xef, 0x7d, 0xf7, 0x7e, 0xef, 0x5e, 0xef, 0x7d, 0xf7,
    0x7d, 0xef, 0x7e, 0xf7, 0x5d, 0xf7, 0x7d, 0xef, 0x7e, 0xf7, 0x7e, 0xf7,
    0x7d, 0xef, 0x7e, 0xef, 0x7d, 0xf7, 0x5d, 0xef, 0x7e, 0xf7, 0x7d, 0xef,
    0x7e, 0xf7, 0x7e, 0xef, 0x7d, 0xf7, 0x5e, 0xef, 0x7e, 0xf7, 0x7d, 0xef,
    0x7d, 0xef, 0x7e, 0xf7, 0x7d, 0xef, 0x7e, 0xef, 0x5d, 0xf7, 0x7d, 0xef,
    0x7e, 0xf7, 0x7d, 0xef, 0x7e, 0xf7, 0x7d, 0xef, 0x7d, 0xef, 0x7e, 0xf7,
    0x7d, 0xef, 0x7e, 0xef, 0x18, 0xc6, 0x4b, 0x02, 0xb8, 0x04, 0x78, 0x04,
    0xf9, 0x04, 0x0b, 0x02, 0xf3, 0x9c, 0x7d, 0xef, 0x7d, 0xf7, 0x5d, 0xef,
    0x7d, 0xf7, 0x7d, 0xef, 0x7d, 0xef, 0x7d, 0xf7, 0x7d, 0xef, 0x5d, 0xf7,
    0x7d, 0xef, 0x7d, 0xf7, 0x7d, 0xef, 0x5e, 0xf7, 0x7d, 0xef, 0x7e, 0xef,
    0x7d, 0xf7, 0xe7, 0x39, 0xb1, 0x02, 0x54, 0x04, 0x4c, 0x02, 0xcb, 0x62,
    0x55, 0xad, 0x7d, 0xef, 0x5d, 0xf7, 0x7e, 0xef, 0x7d, 0xf7, 0x7e, 0xef,
    0x7d, 0xef, 0x7e, 0xef, 0x7d, 0xef, 0x7d, 0xf7, 0x7e, 0xef, 0x7d, 0xef,
    0x5d, 0xf7, 0x7e, 0xef, 0x5d, 0xef, 0x7d, 0xef, 0x7e, 0xef, 0x5d, 0xef,
    0x7d, 0xf7, 0x55, 0xad, 0x2e, 0x33, 0x18, 0x05, 0xba, 0x1d, 0x77, 0x04,
    0x90, 0x03, 0x30, 0x84, 0x7e, 0xf7, 0x5d, 0xf7, 0x7e, 0xef, 0x7d, 0xef,
    0x7d, 0xef, 0x7e, 0xf7, 0x5d, 0xef, 0x7e, 0xef, 0x7d, 0xf7, 0x7d, 0xef,
    0x7e, 0xef, 0x7d, 0xf7, 0x5d, 0xf7, 0x7e, 0xef, 0x7d, 0xef, 0x7d, 0xf7,
    0x7d, 0xf7, 0x7d, 0xef, 0x7e, 0xef, 0x7d, 0xf7, 0x8a, 0x52, 0xd7, 0x04,
    0x77, 0x04, 0x7a, 0x05, 0x73, 0x04, 0x6d, 0x6b, 0x7e, 0xf7, 0x5d, 0xef,
    0x7d, 0xf7, 0x7e, 0xf7, 0x5d, 0xef, 0x7d, 0xf7, 0x7e, 0xef, 0x5d, 0xef,
    0x5e, 0xf7, 0x7e, 0xef, 0x5d, 0xf7, 0x7d, 0xef, 0xc7, 0x39, 0x18, 0x05,
    0xbc, 0x05, 0xb4, 0x03, 0xb2, 0x03, 0x0c, 0x63, 0x7d, 0xef, 0x7e, 0xf7,
    0x5d, 0xef, 0x5d, 0xef, 0x7e, 0xf7, 0x7d, 0xef, 0x7d, 0xef, 0x7e, 0xef,
    0x5d, 0xf7, 0x7d, 0xef, 0x7e, 0xef, 0x7e, 0xf7, 0x7d, 0xef, 0x7e, 0xef,
    0x7d, 0xf7, 0x7d, 0xef, 0xc7, 0x39, 0x76, 0x04, 0xf7, 0x04, 0xad, 0x02,
    0x08, 0x32, 0x31, 0x8c, 0x7d, 0xef, 0x7d, 0xef, 0x7e, 0xf7, 0x7d, 0xef,
    0x5e, 0xf7, 0x7d, 0xef, 0x7e, 0xef, 0x7d, 0xef, 0x5d, 0xef, 0x35, 0xad,
    0xe8, 0x19, 0x17, 0x05, 0xd8, 0x04, 0xb2, 0x03, 0x09, 0x1a, 0x30, 0x8c,
    0x5d, 0xef, 0x7e, 0xef, 0x7d, 0xf7, 0x5d, 0xef, 0x7e, 0xef, 0x5d, 0xf7,
    0x5d, 0xef, 0x7e, 0xef, 0x7d, 0xf7, 0x7d, 0xef, 0x5d, 0xef, 0x76, 0xb5,
    0xef, 0x83, 0xa7, 0x39, 0xa7, 0x39, 0xa7, 0x39, 0xa7, 0x39, 0xa7, 0x39,
    0xa6, 0x39, 0xa7, 0x31, 0xa6, 0x39, 0xa7, 0x39, 0xa7, 0x39, 0xa7, 0x39,
    0xa7, 0x39, 0xa7, 0x39, 0xa6, 0x39, 0xa6, 0x39, 0xa7, 0x39, 0x28, 0x42,
    0x51, 0x8c, 0xd3, 0x9c, 0xfc, 0xe6, 0x7d, 0xef, 0x7d, 0xef, 0x7e, 0xef,
    0x7d, 0xf7, 0x7d, 0xef, 0x7e, 0xef, 0x5d, 0xf7, 0x7d, 0xef, 0x7e, 0xef,
    0x5d, 0xf7, 0x7d, 0xef, 0x7e, 0xef, 0x7d, 0xf7, 0x7d, 0xef, 0x7d, 0xef,
    0x7e, 0xf7, 0x7d, 0xef, 0x7e, 0xef, 0x7d, 0xf7, 0x5d, 0xef, 0x7e, 0xef,
    0x7d, 0xf7, 0x5e, 0xef, 0x7d, 0xef, 0x7e, 0xf7, 0x5d, 0xef, 0x7e, 0xf7,
    0x5e, 0xef, 0x7d, 0xf7, 0x5d, 0xef, 0x7e, 0xf7, 0x7d, 0xf7, 0x7e, 0xef,
    0x7e, 0xef, 0x7d, 0xef, 0x7d, 0xf7, 0x7e, 0xef, 0xb6, 0xb5, 0x2c, 0x63,
    0xed, 0x02, 0x32, 0x04, 0x55, 0x04, 0x96, 0x04, 0x96, 0x04, 0x35, 0x04,
    0xb6, 0x04, 0xf6, 0x04, 0xf8, 0x8d, 0x36, 0x05, 0x57, 0x65, 0xb6, 0x04,
    0x17, 0x05, 0x75, 0x04, 0x74, 0x03, 0x96, 0x04, 0x96, 0x04, 0x75, 0x04,
    0x57, 0x55, 0x78, 0x05, 0x37, 0x05, 0x36, 0x05, 0x75, 0x04, 0x35, 0x04,
    0x35, 0x04, 0xd6, 0x04, 0xf6, 0x04, 0x31, 0x5c, 0x2d, 0x13, 0x69, 0x52,
    0xf3, 0xa4, 0x5d, 0xef, 0x7d, 0xef, 0x7d, 0xf7, 0x7e, 0xf7, 0x7d, 0xef,
    0x5d, 0xef, 0x7e, 0xf7, 0x7d, 0xef, 0x7d, 0xef, 0x5e, 0xf7, 0x5d, 0xef,
    0x7d, 0xef, 0x5e, 0xf7, 0x7d, 0xef, 0x7d, 0xef, 0x5e, 0xf7, 0x7d, 0xef,
    0x7d, 0xef, 0x5d, 0xf7, 0x7d, 0xef, 0x7d, 0xef, 0x7d, 0xf7, 0x5e, 0xef,
    0x7d, 0xef, 0x7e, 0xf7, 0x5d, 0xf7, 0x7d, 0xef, 0x7e, 0xef, 0x7d, 0xf7,
    0x5e, 0xef, 0x7d, 0xef, 0x7d, 0xf7, 0x5e, 0xef, 0x5d, 0xf7, 0x7e, 0xef,
    0x5d, 0xf7, 0x7d, 0xef, 0x7d, 0xef, 0xf8, 0xc5, 0x4b, 0x02, 0x98, 0x05,
    0x14, 0x04, 0xb2, 0x03, 0x6a, 0x1a, 0xd7, 0xbd, 0x7e, 0xf7, 0x7e, 0xef,
    0x7d, 0xef, 0x5e, 0xf7, 0x7d, 0xef, 0x7d, 0xef, 0x5e, 0xf7, 0x7d, 0xef,
    0x7d, 0xef, 0x7e, 0xf7, 0x7d, 0xef, 0x7d, 0xf7, 0x7d, 0xef, 0x5e, 0xef,
    0x7d, 0xf7, 0x7e, 0xef, 0x10, 0x84, 0xcd, 0x02, 0x08, 0x42, 0x71, 0x94,
    0xfc, 0xe6, 0x7d, 0xef, 0x7d, 0xf7, 0x5e, 0xef, 0x7d, 0xef, 0x7d, 0xf7,
    0x5e, 0xf7, 0x7d, 0xef, 0x5d, 0xf7, 0x7d, 0xef, 0x5e, 0xef, 0x7d, 0xf7,
    0x7d, 0xef, 0x7e, 0xef, 0x7d, 0xf7, 0x5e, 0xef, 0x7d, 0xf7, 0x7e, 0xef,
    0x7d, 0xef, 0x7d, 0xef, 0x35, 0xad, 0xed, 0x02, 0xb3, 0x03, 0x70, 0x03,
    0xac, 0x32, 0xcf, 0x7b, 0x59, 0xce, 0x7d, 0xef, 0x7d, 0xef, 0x5e, 0xf7,
    0x7d, 0xf7, 0x7d, 0xef, 0x5e, 0xef, 0x7d, 0xf7, 0x7d, 0xef, 0x5e, 0xef,
    0x7d, 0xf7, 0x7e, 0xef, 0x5d, 0xef, 0x7d, 0xf7, 0x7e, 0xf7, 0x5d, 0xef,
    0x7e, 0xef, 0x5d, 0xf7, 0x7d, 0xef, 0x7e, 0xef, 0x7d, 0xf7, 0x29, 0x4a,
    0x15, 0x04, 0xf5, 0x03, 0xb6, 0x04, 0xeb, 0x01, 0x14, 0xad, 0x7e, 0xef,
    0x7d, 0xef, 0x7d, 0xef, 0x7e, 0xef, 0x7d, 0xf7, 0x7d, 0xef, 0x7d, 0xef,
    0x7d, 0xf7, 0x7d, 0xef, 0x7e, 0xef, 0x7d, 0xf7, 0x7e, 0xef, 0xc7, 0x39,
    0x56, 0x6d, 0xf5, 0x03, 0x6c, 0x02, 0x6b, 0x22, 0x34, 0xad, 0x7d, 0xef,
    0x7e, 0xf7, 0x7d, 0xef, 0x7e, 0xef, 0x5d, 0xf7, 0x7d, 0xf7, 0x7e, 0xef,
    0x5d, 0xef, 0x7d, 0xf7, 0x7d, 0xef, 0x5d, 0xef, 0x7d, 0xf7, 0x5e, 0xef,
    0x7d, 0xef, 0x7e, 0xf7, 0xbb, 0xde, 0x09, 0x2a, 0x90, 0x03, 0x09, 0x12,
    0xcf, 0x7b, 0x39, 0xce, 0x5d, 0xef, 0x7d, 0xef, 0x7e, 0xf7, 0x5d, 0xef,
    0x7d, 0xef, 0x7d, 0xf7, 0x7e, 0xef, 0x7d, 0xf7, 0x7e, 0xf7, 0x7d, 0xef,
    0x5d, 0xef, 0x10, 0x84, 0x6f, 0x03, 0x6c, 0x02, 0x69, 0x52, 0xf3, 0x9c,
    0x5d, 0xef, 0x7d, 0xef, 0x7d, 0xef, 0x7e, 0xf7, 0x7d, 0xef, 0x7d, 0xf7,
    0x7e, 0xf7, 0x7d, 0xef, 0x7d, 0xef, 0x5e, 0xf7, 0x7d, 0xef, 0x7d, 0xef,
    0x7d, 0xf7, 0x7d, 0xef, 0x7d, 0xef, 0x7d, 0xef, 0x7d, 0xef, 0x7d, 0xef,
    0x7d, 0xef, 0x7d, 0xef, 0x7d, 0xef, 0x7d, 0xef, 0x7d, 0xef, 0x7d, 0xef,
    0x7d, 0xef, 0x7d, 0xef, 0x7d, 0xef, 0x7d, 0xef, 0x7d, 0xef, 0x7d, 0xef,
    0x7e, 0xf7, 0x7d, 0xef, 0x7d, 0xef, 0x7e, 0xef, 0x7d, 0xf7, 0x5d, 0xef,
    0x5e, 0xef, 0x7d, 0xf7, 0x7d, 0xef, 0x7e, 0xf7, 0x7d, 0xef, 0x5d, 0xf7,
    0x7e, 0xef, 0x7d, 0xf7, 0x7d, 0xef, 0x5e, 0xf7, 0x5d, 0xef, 0x7e, 0xef,
    0x5d, 0xf7, 0x7d, 0xef, 0x5e, 0xef, 0x7d, 0xf7, 0x7e, 0xef, 0x7d, 0xf7,
    0x7d, 0xef, 0x7e, 0xef, 0x7d, 0xf7, 0x7d, 0xef, 0x5d, 0xef, 0x7e, 0xf7,
    0x7d, 0xef, 0x7d, 0xef, 0x5e, 0xef, 0x7d, 0xf7, 0x7d, 0xef, 0x5e, 0xef,
    0x7d, 0xf7, 0x5d, 0xef, 0x5e, 0xf7, 0x7d, 0xef, 0x7d, 0xef, 0x7d, 0xf7,
    0x3d, 0xef, 0x14, 0xa5, 0x2c, 0x6b, 0xa7, 0x39, 0xa6, 0x39, 0xa6, 0x39,
    0xa7, 0x39, 0xa6, 0x39, 0xa7, 0x39, 0xa7, 0x39, 0xa6, 0x39, 0xa6, 0x39,
    0xa7, 0x39, 0xa6, 0x39, 0xa6, 0x39, 0xa6, 0x39, 0xa6, 0x39, 0xa6, 0x39,
    0xa7, 0x31, 0xa7, 0x39, 0xa6, 0x39, 0xa7, 0x31, 0xa7, 0x39, 0xa7, 0x39,
    0xa6, 0x31, 0xa7, 0x39, 0xa6, 0x39, 0xc6, 0x39, 0x8e, 0x73, 0xd3, 0x9c,
    0xfc, 0xe6, 0x7d, 0xef, 0x7d, 0xef, 0x5e, 0xef, 0x7d, 0xef, 0x7d, 0xf7,
    0x7e, 0xef, 0x7d, 0xef, 0x5e, 0xf7, 0x7d, 0xef, 0x7d, 0xef, 0x7e, 0xf7,
    0x7d, 0xef, 0x7d, 0xef, 0x5e, 0xf7, 0x7d, 0xef, 0x7d, 0xef, 0x7e, 0xf7,
    0x7d, 0xef, 0x5e, 0xef, 0x7d, 0xf7, 0x5e, 0xef, 0x7d, 0xef, 0x7d, 0xf7,
    0x7e, 0xef, 0x5d, 0xef, 0x7d, 0xf7, 0x7e, 0xef, 0x5d, 0xef, 0x7d, 0xf7,
    0x7e, 0xef, 0x7d, 0xef, 0x5d, 0xf7, 0x7e, 0xef, 0x7d, 0xef, 0x7d, 0xef,
    0x7e, 0xf7, 0x7d, 0xef, 0x5d, 0xf7, 0x7e, 0xef, 0xf8, 0xc5, 0x8b, 0x32,
    0x2f, 0x03, 0x6a, 0x0a, 0xcb, 0x5a, 0x34, 0xad, 0x5d, 0xef, 0x7d, 0xef,
    0x7d, 0xf7, 0x7e, 0xef, 0x7d, 0xef, 0x5e, 0xf7, 0x7e, 0xef, 0x7d, 0xef,
    0x5e, 0xf7, 0x7e, 0xef, 0x7d, 0xef, 0x5e, 0xef, 0x7e, 0xf7, 0x7d, 0xef,
    0x7d, 0xf7, 0x7e, 0xef, 0x7d, 0xef, 0xfc, 0xe6, 0xf4, 0xa4, 0xfb, 0xe6,
    0x7d, 0xef, 0x7d, 0xef, 0x7e, 0xef, 0x7d, 0xf7, 0x7e, 0xef, 0x7d, 0xef,
    0x5d, 0xef, 0x7e, 0xef, 0x7d, 0xf7, 0x7d, 0xef, 0x7d, 0xef, 0x7e, 0xf7,
    0x5d, 0xef, 0x7d, 0xf7, 0x7e, 0xef, 0x5d, 0xef, 0x7d, 0xf7, 0x7e, 0xf7,
    0x5d, 0xef, 0x7e, 0xf7, 0x7d, 0xef, 0x39, 0xce, 0x29, 0x1a, 0xe8, 0x31,
    0x6e, 0x73, 0x75, 0xb5, 0x5d, 0xef, 0x7d, 0xf7, 0x7d, 0xef, 0x7e, 0xef,
    0x7d, 0xef, 0x5d, 0xf7, 0x7e, 0xef, 0x7d, 0xef, 0x7d, 0xf7, 0x7e, 0xef,
    0x5d, 0xf7, 0x7d, 0xef, 0x7e, 0xf7, 0x7d, 0xef, 0x7e, 0xef, 0x7d, 0xef,
    0x7d, 0xf7, 0x5e, 0xef, 0x7e, 0xef, 0x5d, 0xf7, 0x7d, 0xef, 0x7e, 0xef,
    0xec, 0x62, 0xb1, 0x03, 0x8b, 0x02, 0x08, 0x42, 0x71, 0x94, 0x3d, 0xef,
    0x7d, 0xef, 0x7d, 0xf7, 0x5e, 0xef, 0x7d, 0xef, 0x5e, 0xf7, 0x7e, 0xef,
    0x5d, 0xf7, 0x7e, 0xef, 0x7d, 0xef, 0x5d, 0xf7, 0x7e, 0xef, 0x7d, 0xf7,
    0x30, 0x8c, 0xcc, 0x32, 0xa6, 0x39, 0x0f, 0x84, 0xd7, 0xbd, 0x5d, 0xef,
    0x7d, 0xef, 0x7d, 0xf7, 0x7e, 0xef, 0x7d, 0xef, 0x7d, 0xf7, 0x5e, 0xef,
    0x7d, 0xef, 0x7e, 0xf7, 0x7e, 0xef, 0x7e, 0xf7, 0x7d, 0xef, 0x5d, 0xef,
    0x7d, 0xf7, 0x7d, 0xef, 0x5d, 0xef, 0x5d, 0xef, 0xf7, 0xc5, 0xcf, 0x7b,
    0xd7, 0xbd, 0x5d, 0xef, 0x7d, 0xef, 0x7d, 0xef, 0x7e, 0xf7, 0x7d, 0xef,
    0x5e, 0xef, 0x7d, 0xf7, 0x7e, 0xef, 0x5d, 0xef, 0x7d, 0xf7, 0x7e, 0xef,
    0x7d, 0xef, 0x7d, 0xf7, 0x59, 0xce, 0x10, 0x84, 0xd3, 0x9c, 0xfc, 0xe6,
    0x7d, 0xef, 0x7e, 0xf7, 0x5d, 0xef, 0x7d, 0xf7, 0x5e, 0xef, 0x7d, 0xef,
    0x7d, 0xef, 0x5e, 0xef, 0x7e, 0xf7, 0x7d, 0xef, 0x7e, 0xf7, 0x5e, 0xef,
    0x7d, 0xef, 0x7e, 0xf7, 0x7d, 0xef, 0x7d, 0xef, 0x7e, 0xf7, 0x7d, 0xef,
    0x7d, 0xef, 0x7e, 0xf7, 0x7e, 0xef, 0x7d, 0xf7, 0x7e, 0xef, 0x7d, 0xef,
    0x7d, 0xf7, 0x7e, 0xef, 0x7d, 0xef, 0x7e, 0xef, 0x7e, 0xf7, 0x7d, 0xef,
    0x7e, 0xef, 0x7d, 0xf7, 0x5d, 0xf7, 0x7e, 0xef, 0x7d, 0xf7, 0x7d, 0xef,
    0x7e, 0xf7, 0x7d, 0xef, 0x5e, 0xef, 0x7d, 0xf7, 0x7d, 0xef, 0x5e, 0xef,
    0x7e, 0xef, 0x7d, 0xf7, 0x7e, 0xef, 0x7d, 0xef, 0x7d, 0xf7, 0x7e, 0xef,
    0x7d, 0xf7, 0x7e, 0xef, 0x5d, 0xef, 0x7d, 0xf7, 0x7e, 0xef, 0x5d, 0xef,
    0x7d, 0xf7, 0x5e, 0xef, 0x7d, 0xf7, 0x7d, 0xef, 0x5e, 0xf7, 0x7d, 0xef,
    0x7d, 0xef, 0x7d, 0xf7, 0x7d, 0xef, 0x7e, 0xef, 0x7d, 0xf7, 0x7d, 0xef,
    0x7e, 0xef, 0x7d, 0xf7, 0x7d, 0xef, 0x7e, 0xef, 0x5d, 0xf7, 0x7e, 0xef,
    0x7d, 0xef, 0x7d, 0xf7, 0x7d, 0xef, 0x7d, 0xef, 0x7d, 0xef, 0x7d, 0xef,
    0x7d, 0xef, 0x7d, 0xef, 0x7d, 0xef, 0x7d, 0xef, 0x7e, 0xef, 0x7d, 0xef,
    0x7d, 0xef, 0x7e, 0xef, 0x7d, 0xef, 0x7e, 0xef, 0x7e, 0xef, 0x7d, 0xef,
    0x7d, 0xef, 0x7d, 0xef, 0x7d, 0xef, 0x7d, 0xef, 0x7d, 0xef, 0x7d, 0xef,
    0x7d, 0xef, 0x7e, 0xef, 0x7d, 0xef, 0x7d, 0xef, 0x7d, 0xef, 0x7d, 0xef,
    0x7d, 0xef, 0x7e, 0xef, 0x7d, 0xf7, 0x5e, 0xef, 0x7e, 0xf7, 0x7d, 0xef,
    0x5d, 0xef, 0x7e, 0xf7, 0x7d, 0xef, 0x7d, 0xef, 0x5e, 0xf7, 0x7d, 0xef,
    0x7e, 0xef, 0x7d, 0xf7, 0x7d, 0xef, 0x7e, 0xf7, 0x5d, 0xef, 0x7e, 0xf7,
    0x7d, 0xef, 0x5d, 0xef, 0x7e, 0xf7, 0x7d, 0xef, 0x7e, 0xf7, 0x5e, 0xef,
    0x7d, 0xf7, 0x7d, 0xef, 0x7e, 0xef, 0x7d, 0xf7, 0x7e, 0xef, 0x5d, 0xef,
    0x7d, 0xf7, 0x7e, 0xef, 0x7d, 0xf7, 0x7e, 0xef, 0x7d, 0xf7, 0x7d, 0xef,
    0x5e, 0xef, 0x7d, 0xf7, 0x7e, 0xef, 0x7d, 0xef, 0x7d, 0xf7, 0x5d, 0xef,
    0xd7, 0xbd, 0x10, 0x84, 0xd7, 0xbd, 0x5d, 0xef, 0x7d, 0xf7, 0x7e, 0xef,
    0x5d, 0xef, 0x7d, 0xf7, 0x7e, 0xef, 0x5d, 0xf7, 0x7d, 0xef, 0x7d, 0xf7,
    0x7d, 0xef, 0x7d, 0xf7, 0x5d, 0xf7, 0x7d, 0xef, 0x7d, 0xef, 0x5e, 0xf7,
    0x7d, 0xef, 0x5d, 0xef, 0x7e, 0xf7, 0x7d, 0xef, 0x7d, 0xef, 0x7d, 0xef,
    0x7d, 0xef, 0x7e, 0xef, 0x7d, 0xef, 0x5d, 0xf7, 0x7e, 0xef, 0x7d, 0xf7,
    0x5d, 0xf7, 0x7e, 0xef, 0x7d, 0xef, 0x7e, 0xef, 0x7d, 0xef, 0x7d, 0xef,
    0x7d, 0xef, 0x7e, 0xf7, 0x5d, 0xef, 0x7d, 0xf7, 0x7e, 0xef, 0x7d, 0xef,
    0x7d, 0xef, 0x5e, 0xf7, 0x7d, 0xef, 0x7d, 0xef, 0x5d, 0xef, 0x59, 0xce,
    0xfc, 0xe6, 0x5d, 0xef, 0x7d, 0xef, 0x7d, 0xef, 0x7d, 0xf7, 0x5e, 0xf7,
    0x7d, 0xef, 0x7d, 0xef, 0x7e, 0xf7, 0x5e, 0xef, 0x7d, 0xf7, 0x7d, 0xef,
    0x5e, 0xef, 0x7d, 0xf7, 0x7d, 0xef, 0x5e, 0xef, 0x7d, 0xf7, 0x5d, 0xef,
    0x7e, 0xef, 0x7d, 0xf7, 0x7d, 0xef, 0x7e, 0xef, 0x7d, 0xf7, 0x7d, 0xef,
    0x7d, 0xef, 0x55, 0xad, 0x0c, 0x63, 0x14, 0xa5, 0x5d, 0xef, 0x7d, 0xef,
    0x7d, 0xef, 0x7e, 0xf7, 0x7d, 0xef, 0x7d, 0xf7, 0x5d, 0xef, 0x7d, 0xef,
    0x7e, 0xf7, 0x7d, 0xef, 0x5e, 0xef, 0x7d, 0xf7, 0x7d, 0xef, 0x5e, 0xef,
    0x7d, 0xef, 0x3d, 0xef, 0x96, 0xbd, 0x5d, 0xef, 0x7d, 0xef, 0x7d, 0xf7,
    0x7e, 0xef, 0x7e, 0xef, 0x5d, 0xf7, 0x5d, 0xef, 0x7e, 0xef, 0x7d, 0xf7,
    0x7d, 0xef, 0x5e, 0xef, 0x7d, 0xf7, 0x7d, 0xef, 0x5e, 0xef, 0x7e, 0xf7,
    0x7d, 0xef, 0x7e, 0xf7, 0x7e, 0xf7, 0x7d, 0xef, 0x7d, 0xef, 0x7d, 0xf7,
    0x7d, 0xef, 0x7d, 0xf7, 0x7d, 0xf7, 0x7e, 0xef, 0x7d, 0xf7, 0x7d, 0xef,
    0x7e, 0xef, 0x7d, 0xf7, 0x7d, 0xf7, 0x5e, 0xef, 0x7d, 0xef, 0x7d, 0xef,
    0x5e, 0xef, 0x5d, 0xf7, 0x7d, 0xef, 0x7d, 0xef, 0x7d, 0xef, 0x7d, 0xf7,
    0x7d, 0xef, 0x7d, 0xef, 0x7e, 0xf7, 0x7d, 0xef, 0x7e, 0xef, 0x5d, 0xf7,
    0x7e, 0xef, 0x7d, 0xf7, 0x5d, 0xef, 0x7d, 0xef, 0x7d, 0xf7, 0x7d, 0xef,
    0x7d, 0xf7, 0x5e, 0xef, 0x7d, 0xf7, 0x5e, 0xef, 0x5e, 0xf7, 0x7d, 0xf7,
    0x5e, 0xef, 0x7d, 0xf7, 0x5d, 0xef, 0x7e, 0xef, 0x7d, 0xf7, 0x5e, 0xf7,
    0x7e, 0xef, 0x7d, 0xf7, 0x5e, 0xf7, 0x7d, 0xef, 0x7d, 0xf7, 0x5e, 0xf7,
    0x7d, 0xef, 0x7e, 0xef, 0x5d, 0xef, 0x7d, 0xef, 0x7e, 0xf7, 0x5d, 0xef,
    0x7e, 0xef, 0x7d, 0xf7, 0x7d, 0xef, 0x7e, 0xef, 0x5d, 0xf7, 0x7d, 0xef,
    0x7e, 0xf7, 0x7d, 0xef, 0x5d, 0xef, 0x5e, 0xf7, 0x7d, 0xef, 0x7d, 0xef,
    0x5e, 0xf7, 0x7d, 0xef, 0x7d, 0xf7, 0x7e, 0xef, 0x7d, 0xf7, 0x7d, 0xef,
    0x7e, 0xef, 0x5d, 0xf7, 0x7e, 0xef, 0x7d, 0xef, 0x5e, 0xf7, 0x7e, 0xef,
    0x7d, 0xf7, 0x5e, 0xef, 0x7e, 0xf7, 0x5d, 0xf7, 0x7e, 0xef, 0x5d, 0xef,
    0x7e, 0xf7, 0x5d, 0xef, 0x7d, 0xef, 0x7e, 0xf7, 0x7d, 0xef, 0x7d, 0xf7,
    0x5e, 0xef, 0x7e, 0xef, 0x7d, 0xf7, 0x7e, 0xef, 0x7e, 0xf7, 0x7d, 0xf7,
    0x7e, 0xef, 0x7e, 0xef, 0x7e, 0xef, 0x7d, 0xef, 0x7d, 0xef, 0x7e, 0xef,
    0x7d, 0xef, 0x7e, 0xef, 0x7d, 0xef, 0x7d, 0xef, 0x7e, 0xef, 0x7d, 0xef,
    0x7e, 0xf7, 0x7e, 0xef, 0x7d, 0xf7, 0x7e, 0xef, 0x7e, 0xf7, 0x7d, 0xf7,
    0x7d, 0xef, 0x7e, 0xf7, 0x7d, 0xf7, 0x7d, 0xef, 0x7e, 0xf7, 0x5e, 0xef,
    0x5d, 0xf7, 0x7d, 0xef, 0x7d, 0xef, 0x5d, 0xf7, 0x7d, 0xef, 0x7d, 0xf7,
    0x7e, 0xf7, 0x5d, 0xef, 0x7d, 0xf7, 0x7e, 0xef, 0x5d, 0xef, 0x7d, 0xf7,
    0x7e, 0xef, 0x5d, 0xef, 0x5e, 0xf7, 0x7d, 0xef, 0x7d, 0xef, 0x7e, 0xf7,
    0x7d, 0xef, 0x5d, 0xf7, 0x7e, 0xef, 0x7d, 0xef, 0x7d, 0xf7, 0x7d, 0xef,
    0x7e, 0xef, 0x5d, 0xf7, 0x7d, 0xef, 0x7e, 0xf7, 0x5d, 0xef, 0x7d, 0xef,
    0x7e, 0xf7, 0x5d, 0xef, 0x7d, 0xef, 0x5e, 0xf7, 0x7d, 0xef, 0x7d, 0xef,
    0x5e, 0xf7, 0x7d, 0xf7, 0x7d, 0xef, 0x5e, 0xef, 0x7d, 0xf7, 0x7d, 0xef,
    0x7d, 0xef, 0x7d, 0xf7, 0x7d, 0xf7, 0x7d, 0xef, 0x7d, 0xf7, 0x7e, 0xef,
    0x7d, 0xef, 0x7e, 0xf7, 0x5d, 0xef, 0x7d, 0xef, 0x7e, 0xf7, 0x7d, 0xef,
    0x5e, 0xef, 0x7e, 0xf7, 0x7d, 0xef, 0x7e, 0xef, 0x7d, 0xf7, 0x7d, 0xef,
    0x7e, 0xef, 0x5d, 0xf7, 0x7d, 0xef, 0x7e, 0xf7, 0x5d, 0xf7, 0x7d, 0xef,
    0x7e, 0xf7, 0x7d, 0xef, 0x7e, 0xf7, 0x5d, 0xf7, 0x7d, 0xef, 0x7e, 0xef,
    0x5d, 0xef, 0x7e, 0xf7, 0x7d, 0xf7, 0x5d, 0xef, 0x7e, 0xf7, 0x5d, 0xf7,
    0x5d, 0xef, 0x7e, 0xf7, 0x7d, 0xef, 0x7e, 0xef, 0x5d, 0xf7, 0x7e, 0xef,
    0x7d, 0xef, 0x7d, 0xf7, 0x7e, 0xef, 0x5d, 0xef, 0x7e, 0xf7, 0x7d, 0xef,
    0x7d, 0xef, 0x7d, 0xef, 0x7d, 0xf7, 0x7e, 0xef, 0x7d, 0xef, 0x5e, 0xef,
    0x7d, 0xf7, 0x5d, 0xef, 0x7e, 0xf7, 0x7d, 0xef, 0x7d, 0xef, 0x5e, 0xf7,
    0x7d, 0xef, 0x7e, 0xef, 0x7d, 0xf7, 0x7e, 0xef, 0x7d, 0xef, 0x5d, 0xf7,
    0x7e, 0xf7, 0x7d, 0xef, 0x5d, 0xef, 0x7e, 0xf7, 0x7d, 0xef, 0x5d, 0xf7,
    0x7e, 0xf7, 0x5d, 0xef, 0x7d, 0xf7, 0x7d, 0xf7, 0x7d, 0xef, 0x5d, 0xf7,
    0x7d, 0xef, 0x7e, 0xef, 0x5d, 0xf7, 0x7e, 0xef, 0x7e, 0xef, 0x7d, 0xf7,
    0x7d, 0xef, 0x7d, 0xf7, 0x7e, 0xef, 0x7d, 0xf7, 0x7d, 0xef, 0x7e, 0xf7,
    0x7d, 0xef, 0x7d, 0xef, 0x7e, 0xf7, 0x7d, 0xef, 0x7d, 0xef, 0x7e, 0xf7,
    0x7d, 0xef, 0x7d, 0xf7, 0x7e, 0xef, 0x7d, 0xf7, 0x7d, 0xef, 0x5e, 0xf7,
    0x7e, 0xef, 0x7d, 0xf7, 0x7d, 0xef, 0x5d, 0xef, 0x7d, 0xf7, 0x7d, 0xef,
    0x5d, 0xef, 0x7e, 0xf7, 0x7d, 0xef, 0x5e, 0xef, 0x7e, 0xf7, 0x7d, 0xef,
    0x5e, 0xef, 0x7e, 0xef, 0x7d, 0xef, 0x5d, 0xef, 0x7e, 0xf7, 0x5d, 0xef,
    0x5d, 0xef, 0x7e, 0xf7, 0x7d, 0xef, 0x5d, 0xef, 0x7e, 0xf7, 0x7d, 0xf7,
    0x7e, 0xef, 0x7d, 0xf7, 0x7e, 0xef, 0x5e, 0xf7, 0x7e, 0xef, 0x7d, 0xf7,
    0x5e, 0xef, 0x7d, 0xef, 0x7d, 0xf7, 0x5e, 0xef, 0x7d, 0xef, 0x7d, 0xf7,
    0x7e, 0xef, 0x7d, 0xf7, 0x7e, 0xef, 0x7d, 0xf7, 0x5e, 0xef, 0x7e, 0xef,
    0x7d, 0xf7, 0x5d, 0xef, 0x7d, 0xef, 0x7d, 0xef, 0x7d, 0xf7, 0x7d, 0xef,
    0x7d, 0xef, 0x7e, 0xef, 0x7d, 0xf7, 0x7d, 0xef, 0x5d, 0xef, 0x7d, 0xef,
    0x7d, 0xef, 0x7d, 0xef, 0x7e, 0xef, 0x5d, 0xef, 0x7d, 0xef, 0x7d, 0xef,
    0x7d, 0xef, 0x5e, 0xf7, 0x7d, 0xf7, 0x7d, 0xef, 0x7e, 0xef, 0x7d, 0xf7,
    0x5d, 0xef, 0x7e, 0xef, 0x5d, 0xf7, 0x7d, 0xef, 0x7e, 0xf7, 0x7d, 0xef,
    0x5d, 0xef, 0x7e, 0xf7, 0x7d, 0xf7, 0x7d, 0xef, 0x7e, 0xf7, 0x7d, 0xef,
    0x5e, 0xef, 0x7d, 0xf7, 0x7d, 0xef, 0x5e, 0xef, 0x7d, 0xf7, 0x5e, 0xef,
    0x7d, 0xf7, 0x7d, 0xef, 0x7e, 0xef, 0x7d, 0xf7, 0x7d, 0xef, 0x7d, 0xef,
    0x7d, 0xf7, 0x7d, 0xef, 0x7e, 0xef, 0x7d, 0xef, 0x7d, 0xf7, 0x5d, 0xef,
    0x7e, 0xef, 0x7d, 0xf7, 0x7d, 0xef, 0x5e, 0xef, 0x7d, 0xf7, 0x7d, 0xef,
    0x5e, 0xef, 0x7d, 0xf7, 0x7d, 0xef, 0x5d, 0xef, 0x5e, 0xef, 0x7d, 0xef,
    0x7d, 0xf7, 0x5e, 0xef, 0x7d, 0xf7, 0x7d, 0xf7, 0x5e, 0xf7, 0x7d, 0xf7,
    0x5d, 0xf7, 0x7e, 0xf7, 0x5d, 0xf7, 0x7d, 0xf7, 0x7e, 0xf7, 0x5d, 0xef,
    0x7d, 0xf7, 0x7d, 0xef, 0x7d, 0xf7, 0x7e, 0xef, 0x7d, 0xef, 0x5d, 0xf7,
    0x7e, 0xef, 0x7d, 0xef, 0x7e, 0xf7, 0x5d, 0xef, 0x7d, 0xef, 0x7e, 0xf7,
    0x7d, 0xef, 0x7e, 0xf7, 0x5e, 0xf7, 0x7d, 0xef, 0x7e, 0xef, 0x7d, 0xef,
    0x7d, 0xef, 0x5e, 0xef, 0x7d, 0xef, 0x7d, 0xf7, 0x7e, 0xef, 0x5d, 0xf7,
    0x7d, 0xef, 0x7e, 0xf7, 0x7d, 0xef, 0x7d, 0xef, 0x5e, 0xf7, 0x7d, 0xef,
    0x7d, 0xef, 0x5e, 0xf7, 0x7d, 0xef, 0x7e, 0xf7, 0x7d, 0xef, 0x5d, 0xef,
    0x7e, 0xf7, 0x7d, 0xef, 0x7d, 0xef, 0x5e, 0xf7, 0x7d, 0xef, 0x7d, 0xef,
    0x7e, 0xf7, 0x7d, 0xf7, 0x7e, 0xef, 0x7d, 0xef, 0x5d, 0xf7, 0x7e, 0xef,
    0x7d, 0xef, 0x5e, 0xf7, 0x7d, 0xef, 0x7d, 0xef, 0x5e, 0xf7, 0x7e, 0xef,
    0x5d, 0xef, 0x7e, 0xf7, 0x7d, 0xef, 0x5e, 0xef, 0x7d, 0xf7, 0x7d, 0xef,
    0x5e, 0xef, 0x7d, 0xf7, 0x7d, 0xf7, 0x7e, 0xef, 0x5d, 0xef, 0x7d, 0xf7,
    0x7e, 0xef, 0x7d, 0xef, 0x5d, 0xf7, 0x7e, 0xef, 0x5e, 0xef, 0x7d, 0xf7,
    0x7e, 0xef, 0x5d, 0xef, 0x7d, 0xf7, 0x7e, 0xef, 0x7d, 0xef, 0x5d, 0xef,
    0x7e, 0xf7, 0x5d, 0xef, 0x7e, 0xef, 0x7d, 0xf7, 0x5e, 0xef, 0x7d, 0xef,
    0x7d, 0xf7, 0x7e, 0xef, 0x7d, 0xef, 0x7d, 0xef, 0x7e, 0xef, 0x7d, 0xf7,
    0x7d, 0xef, 0x7d, 0xef, 0x5d, 0xf7, 0x7e, 0xef, 0x7d, 0xef, 0x7d, 0xf7,
    0x5e, 0xef, 0x7d, 0xf7, 0x7d, 0xef, 0x5e, 0xef, 0x7d, 0xf7, 0x7d, 0xf7,
    0x7e, 0xef, 0x5e, 0xf7, 0x7d, 0xef, 0x7e, 0xef, 0x7d, 0xf7, 0x5d, 0xef,
    0x7e, 0xef, 0x7d, 0xef, 0x7e, 0xf7, 0x5d, 0xef, 0x7d, 0xef, 0x7e, 0xf7,
    0x7d, 0xef, 0x7d, 0xf7, 0x5d, 0xef, 0x7e, 0xef, 0x7d, 0xf7, 0x7d, 0xef,
    0x7e, 0xef, 0x7e, 0xf7, 0x7d, 0xef, 0x5d, 0xef, 0x7e, 0xf7, 0x7d, 0xef,
    0x7e, 0xef, 0x5e, 0xef, 0x7d, 0xef, 0x7e, 0xf7, 0x5e, 0xef, 0x7d, 0xef,
    0x7d, 0xf7, 0x7e, 0xef, 0x5d, 0xf7, 0x7d, 0xef, 0x7d, 0xef, 0x5e, 0xf7,
    0x7e, 0xef, 0x5d, 0xef, 0x5e, 0xef, 0x7d, 0xf7, 0x5d, 0xef, 0x7e, 0xef,
    0x5d, 0xf7, 0x7d, 0xf7, 0x7e, 0xef, 0x5d, 0xf7, 0x7d, 0xef, 0x7e, 0xef,
    0x5e, 0xf7, 0x5d, 0xef, 0x7d, 0xef, 0x5e, 0xf7, 0x7d, 0xef, 0x7d, 0xef,
    0x7e, 0xef, 0x5d, 0xf7, 0x7d, 0xef, 0x7e, 0xf7, 0x7e, 0xef, 0x7d, 0xf7,
    0x7d, 0xef, 0x7e, 0xef, 0x7d, 0xf7, 0x5d, 0xef, 0x7d, 0xef, 0x7d, 0xf7,
    0x5d, 0xf7, 0x7e, 0xef, 0x7d, 0xf7, 0x5d, 0xef, 0x7e, 0xef, 0x7d, 0xf7,
    0x7e, 0xef, 0x7d, 0xf7, 0x7e, 0xef, 0x5d, 0xef, 0x7e, 0xef, 0x7d, 0xef,
    0x5d, 0xf7, 0x7e, 0xef, 0x7d, 0xef, 0x7d, 0xf7, 0x7d, 0xef, 0x5d, 0xef,
    0x7e, 0xf7, 0x7e, 0xef, 0x5d, 0xef, 0x7e, 0xf7, 0x7d, 0xef, 0x5d, 0xf7,
    0x7e, 0xef, 0x5d, 0xef, 0x7d, 0xef, 0x7e, 0xf7, 0x5d, 0xef, 0x7d, 0xef,
    0x7e, 0xf7, 0x5e, 0xef, 0x7d, 0xef, 0x7e, 0xf7, 0x7e, 0xef, 0x7d, 0xef,
    0x5e, 0xf7, 0x7d, 0xef, 0x7e, 0xef, 0x5e, 0xf7, 0x7d, 0xf7, 0x7e, 0xef,
    0x5e, 0xf7, 0x7d, 0xf7, 0x7d, 0xef, 0x5e, 0xf7, 0x7d, 0xf7, 0x7e, 0xef,
    0x7e, 0xf7, 0x7d, 0xef, 0x7d, 0xef, 0x5e, 0xf7, 0x7d, 0xef, 0x7e, 0xf7,
    0x5d, 0xef, 0x7d, 0xef, 0x7e, 0xf7, 0x7d, 0xef, 0x5e, 0xef, 0x7d, 0xf7,
    0x7e, 0xef, 0x7d, 0xef, 0x5d, 0xef, 0x7e, 0xef, 0x7d, 0xef, 0x7d, 0xf7,
    0x7e, 0xef, 0x7d, 0xef, 0x7d, 0xf7, 0x7e, 0xef, 0x7d, 0xef, 0x7d, 0xf7,
    0x7e, 0xef, 0x5d, 0xef, 0x7d, 0xf7, 0x7e, 0xef, 0x5d, 0xf7, 0x7e, 0xef,
    0x5e, 0xef, 0x7d, 0xf7, 0x5d, 0xef, 0x7e, 0xef, 0x7d, 0xf7, 0x7d, 0xef,
    0x7e, 0xef, 0x7d, 0xf7, 0x7d, 0xef, 0x7e, 0xf7, 0x5e, 0xef, 0x7d, 0xef,
    0x7d, 0xf7, 0x7e, 0xef, 0x7d, 0xf7, 0x7d, 0xf7, 0x7e, 0xef, 0x7d, 0xf7,
    0x7d, 0xef, 0x5e, 0xef, 0x7d, 0xf7, 0x7d, 0xef, 0x7d, 0xef, 0x7e, 0xef,
    0x7d, 0xef, 0x7d, 0xef, 0x7e, 0xef, 0x7d, 0xef, 0x5d, 0xef, 0x7e, 0xef,
    0x7d, 0xf7, 0x7e, 0xef, 0x5d, 0xef, 0x7d, 0xf7, 0x7e, 0xef, 0x5d, 0xef,
    0x7d, 0xf7, 0x7e, 0xef, 0x5d, 0xef, 0x7d, 0xef, 0x7e, 0xef, 0x5d, 0xf7,
    0x7d, 0xef, 0x7d, 0xef, 0x7d, 0xef, 0x7e, 0xf7, 0x5d, 0xef, 0x7e, 0xf7,
    0x7e, 0xf7, 0x5d, 0xef, 0x7e, 0xef, 0x7d, 0xf7, 0x7e, 0xef, 0x5d, 0xef,
    0x7e, 0xf7, 0x7d, 0xef, 0x7d, 0xef, 0x7e, 0xf7, 0x7d, 0xef, 0x7e, 0xf7,
    0x5d, 0xef, 0x7e, 0xef, 0x7d, 0xf7, 0x7d, 0xef, 0x7e, 0xef, 0x5d, 0xf7,
    0x7e, 0xef, 0x7d, 0xf7, 0x5d, 0xef, 0x7e, 0xef, 0x7d, 0xf7, 0x5e, 0xef,
    0x7d, 0xef, 0x5d, 0xf7, 0x7e, 0xef, 0x7d, 0xef, 0x7e, 0xf7, 0x7d, 0xef,
    0x7d, 0xef, 0x7e, 0xf7, 0x7d, 0xef, 0x7e, 0xef, 0x7d, 0xf7, 0x7d, 0xef,
    0x7d, 0xef, 0x7e, 0xf7, 0x5d, 0xef, 0x7e, 0xef, 0x7d, 0xef, 0x7e, 0xf7,
    0x5d, 0xef, 0x7d, 0xef, 0x7e, 0xf7, 0x5d, 0xef, 0x7e, 0xef, 0x7d, 0xf7,
    0x5d, 0xef, 0x7e, 0xef, 0x7d, 0xf7, 0x7d, 0xef, 0x7d, 0xef, 0x5d, 0xf7,
    0x7d, 0xef, 0x7e, 0xf7, 0x7d, 0xef, 0x7e, 0xef, 0x7e, 0xf7, 0x5d, 0xef,
    0x7e, 0xef, 0x7d, 0xf7, 0x7d, 0xef, 0x5d, 0xef, 0x7e, 0xef, 0x7d, 0xef,
    0x7e, 0xf7, 0x5d, 0xef, 0x7d, 0xf7, 0x5e, 0xef, 0x7d, 0xef, 0x7e, 0xf7,
    0x5d, 0xef, 0x7d, 0xef, 0x7d, 0xef, 0x7e, 0xef, 0x5d, 0xf7, 0x7d, 0xef,
    0x7e, 0xef, 0x7d, 0xf7, 0x5e, 0xef, 0x7d, 0xf7, 0x7d, 0xef, 0x7e, 0xef,
    0x7d, 0xef, 0x5d, 0xf7, 0x7e, 0xef, 0x7d, 0xf7, 0x5d, 0xef, 0x7e, 0xf7,
    0x7d, 0xf7, 0x7d, 0xef, 0x7e, 0xf7, 0x7d, 0xef, 0x7d, 0xef, 0x5e, 0xf7,
    0x7d, 0xef, 0x7e, 0xef, 0x5d, 0xf7, 0x7e, 0xef, 0x7d, 0xf7, 0x5d, 0xef,
    0x5e, 0xef, 0x7d, 0xf7, 0x7d, 0xef, 0x5e, 0xef, 0x7d, 0xf7, 0x7d, 0xef,
    0x7e, 0xef, 0x7d, 0xf7, 0x7d, 0xef, 0x7d, 0xef, 0x7d, 0xf7, 0x5e, 0xef,
    0x7d, 0xef, 0x7e, 0xef, 0x7e, 0xf7, 0x7d, 0xef, 0x7d, 0xef, 0x7e, 0xf7,
    0x7d, 0xf7, 0x7d, 0xef, 0x7e, 0xf7, 0x7d, 0xef, 0x7d, 0xef, 0x7e, 0xf7,
    0x5e, 0xef, 0x7d, 0xef, 0x7e, 0xef, 0x5d, 0xef, 0x7d, 0xf7, 0x7e, 0xef,
    0x7d, 0xef, 0x7d, 0xf7, 0x7e, 0xef, 0x7d, 0xef, 0x7d, 0xf7, 0x5e, 0xef,
    0x7d, 0xf7, 0x7d, 0xef, 0x7e, 0xef, 0x5d, 0xf7, 0x7d, 0xef, 0x7e, 0xef,
    0x5e, 0xf7, 0x5d, 0xef, 0x7e, 0xf7, 0x7d, 0xef, 0x7d, 0xef, 0x7e, 0xf7,
    0x7d, 0xef, 0x7d, 0xef, 0x7e, 0xf7, 0x7d, 0xef, 0x7d, 0xf7, 0x7e, 0xf7,
    0x7d, 0xef, 0x7d, 0xef, 0x7e, 0xf7, 0x5d, 0xef, 0x7d, 0xf7, 0x7e, 0xf7,
    0x7d, 0xef, 0x7d, 0xef, 0x5e, 0xf7, 0x7d, 0xef, 0x7d, 0xef, 0x5e, 0xf7,
    0x7d, 0xef, 0x7d, 0xef, 0x7d, 0xf7, 0x7d, 0xef, 0x7e, 0xef, 0x7d, 0xf7,
    0x7d, 0xef, 0x7e, 0xf7, 0x5d, 0xef, 0x7d, 0xef, 0x7e, 0xf7, 0x7d, 0xef,
    0x7d, 0xf7, 0x7d, 0xef, 0x7d, 0xef, 0x7e, 0xf7, 0x5d, 0xf7, 0x7d, 0xef,
    0x7e, 0xef, 0x5d, 0xf7, 0x7d, 0xef, 0x7d, 0xef, 0x5d, 0xef, 0x7e, 0xef,
    0x7d, 0xf7, 0x7e, 0xef, 0x5d, 0xef, 0x7e, 0xf7, 0x7d, 0xef, 0x7d, 0xef,
    0x5e, 0xf7, 0x5d, 0xef, 0x7d, 0xf7, 0x7e, 0xef, 0x7d, 0xef, 0x5d, 0xf7,
    0x7e, 0xef, 0x7d, 0xef, 0x7e, 0xf7, 0x7d, 0xf7, 0x7d, 0xef, 0x7e, 0xef,
    0x5d, 0xf7, 0x7d, 0xf7, 0x7e, 0xef, 0x7d, 0xf7, 0x5e, 0xef, 0x7d, 0xf7,
    0x5d, 0xef, 0x5e, 0xf7, 0x7d, 0xef, 0x5e, 0xef, 0x7e, 0xf7, 0x7d, 0xef,
    0x5d, 0xef, 0x7e, 0xf7, 0x7d, 0xef, 0x5e, 0xef, 0x7d, 0xf7, 0x7d, 0xef,
    0x5d, 0xef, 0x7e, 0xf7, 0x7d, 0xef, 0x7e, 0xf7, 0x5d, 0xef, 0x5e, 0xf7,
    0x7e, 0xef, 0x7d, 0xef, 0x5d, 0xf7, 0x7e, 0xef, 0x7d, 0xef, 0x7d, 0xf7,
    0x5e, 0xef, 0x7d, 0xef, 0x5d, 0xf7, 0x7e, 0xef, 0x5d, 0xef, 0x7e, 0xf7,
    0x7d, 0xef, 0x5d, 0xf7, 0x7e, 0xef, 0x7d, 0xef, 0x5e, 0xf7, 0x7e, 0xef,
    0x5d, 0xef, 0x7e, 0xf7, 0x7d, 0xef, 0x5e, 0xef, 0x7d, 0xf7, 0x7e, 0xef,
    0x7d, 0xef, 0x7d, 0xf7, 0x5e, 0xef, 0x7e, 0xef, 0x7d, 0xf7, 0x5d, 0xef,
    0x7e, 0xef, 0x7d, 0xf7, 0x7d, 0xef, 0x7e, 0xf7, 0x7d, 0xf7, 0x7e, 0xef,
    0x7e, 0xef, 0x5d, 0xf7, 0x7e, 0xef, 0x7d, 0xef, 0x7d, 0xef, 0x5d, 0xef,
    0x7d, 0xf7, 0x7d, 0xef, 0x7e, 0xf7, 0x7d, 0xf7, 0x5d, 0xef, 0x7e, 0xef,
    0x7d, 0xf7, 0x7d, 0xef, 0x5e, 0xef, 0x5d, 0xf7, 0x7d, 0xef, 0x7e, 0xef,
    0x5d, 0xf7, 0x7d, 0xef, 0x7e, 0xef, 0x7d, 0xf7, 0x5d, 0xef, 0x7e, 0xef,
    0x7d, 0xf7, 0x7d, 0xef, 0x7e, 0xef, 0x5d, 0xf7, 0x7d, 0xef, 0x7e, 0xf7,
    0x7d, 0xef, 0x7e, 0xef, 0x7d, 0xf7, 0x5d, 0xef, 0x5e, 0xef, 0x7d, 0xf7,
    0x5e, 0xef, 0x7d, 0xf7, 0x5d, 0xef, 0x7e, 0xef, 0x5d, 0xf7, 0x7e, 0xef,
    0x7d, 0xef, 0x5d, 0xf7, 0x7e, 0xf7, 0x7d, 0xef, 0x5d, 0xf7, 0x7d, 0xef,
    0x7e, 0xef, 0x7d, 0xf7, 0x7d, 0xef, 0x7e, 0xef, 0x7d, 0xef, 0x7d, 0xf7,
    0x7e, 0xef, 0x7d, 0xef, 0x5e, 0xf7, 0x7d, 0xef, 0x7e, 0xef, 0x7e, 0xf7,
    0x7d, 0xef, 0x5d, 0xef, 0x7e, 0xf7, 0x5d, 0xef, 0x7d, 0xef, 0x7d, 0xf7,
    0x7d, 0xf7, 0x7e, 0xef, 0x7d, 0xef, 0x7e, 0xf7, 0x7d, 0xf7, 0x5d, 0xef,
    0x7e, 0xf7, 0x7d, 0xef, 0x7d, 0xef, 0x7e, 0xf7, 0x5d, 0xf7, 0x7d, 0xef,
    0x7e, 0xf7, 0x5d, 0xef, 0x7e, 0xef, 0x7d, 0xef, 0x7e, 0xf7, 0x7d, 0xef,
    0x5e, 0xf7, 0x7d, 0xef, 0x7d, 0xef, 0x7e, 0xf7, 0x5d, 0xef, 0x7e, 0xf7,
    0x7d, 0xef, 0x5e, 0xef, 0x7d, 0xf7, 0x7d, 0xef, 0x7e, 0xef, 0x7d, 0xf7,
    0x5e, 0xef, 0x7d, 0xef, 0x7d, 0xf7, 0x5e, 0xef, 0x7d, 0xef, 0x7e, 0xf7,
    0x7d, 0xef, 0x5d, 0xef, 0x7e, 0xf7, 0x7d, 0xef, 0x7d, 0xef, 0x7e, 0xf7,
    0x7d, 0xef, 0x7e, 0xf7, 0x7d, 0xef, 0x5d, 0xef, 0x7e, 0xf7, 0x7d, 0xf7,
    0x5d, 0xef, 0x5e, 0xf7, 0x7d, 0xf7, 0x5d, 0xef, 0x7e, 0xf7, 0x7d, 0xef,
    0x7d, 0xf7, 0x5d, 0xef, 0x7d, 0xf7, 0x5e, 0xef, 0x7d, 0xef, 0x5e, 0xf7,
    0x5d, 0xef, 0x7d, 0xef, 0x7d, 0xf7, 0x5e, 0xef, 0x7d, 0xf7, 0x7d, 0xef,
    0x7e, 0xef, 0x7d, 0xf7, 0x7d, 0xef, 0x7e, 0xf7, 0x7d, 0xef, 0x7e, 0xef,
    0x5d, 0xf7, 0x7d, 0xef, 0x7e, 0xf7, 0x5d, 0xef, 0x7d, 0xef, 0x7e, 0xf7,
    0x7e, 0xef, 0x5d, 0xef, 0x7d, 0xf7, 0x7e, 0xef, 0x7d, 0xef, 0x5d, 0xf7,
    0x7d, 0xef, 0x7d, 0xef, 0x7e, 0xf7, 0x5d, 0xef, 0x7d, 0xef, 0x5e, 0xf7,
    0x7e, 0xef, 0x5d, 0xef, 0x7e, 0xef, 0x5d, 0xef, 0x5e, 0xef, 0x7d, 0xef,
    0x5e, 0xf7, 0x5d, 0xef, 0x7d, 0xef, 0x7e, 0xf7, 0x7d, 0xef, 0x7d, 0xef,
    0x5e, 0xf7, 0x7d, 0xef, 0x7d, 0xef, 0x7e, 0xf7, 0x5d, 0xef, 0x7e, 0xef,
    0x7e, 0xf7, 0x7d, 0xef, 0x5d, 0xef, 0x7e, 0xf7, 0x5d, 0xef, 0x7d, 0xef,
    0x5e, 0xf7, 0x7d, 0xef, 0x7e, 0xef, 0x7d, 0xf7, 0x5d, 0xf7, 0x7e, 0xef,
    0x7e, 0xef, 0x5d, 0xf7, 0x7e, 0xef, 0x7d, 0xef, 0x5d, 0xf7, 0x7e, 0xef,
    0x7d, 0xef, 0x7d, 0xf7, 0x7e, 0xef, 0x7e, 0xf7, 0x7d, 0xf7, 0x7d, 0xef,
    0x7d, 0xef, 0x7d, 0xf7, 0x7d, 0xef, 0x7e, 0xef, 0x5d, 0xf7, 0x7d, 0xef,
    0x7e, 0xef, 0x7d, 0xef, 0x7d, 0xf7, 0x5e, 0xef, 0x7d, 0xef, 0x7d, 0xf7,
    0x7e, 0xef, 0x7d, 0xef, 0x5d, 0xf7, 0x7e, 0xef, 0x5d, 0xef, 0x7d, 0xf7,
    0x7e, 0xef, 0x7d, 0xef, 0x5d, 0xef, 0x7e, 0xf7, 0x7d, 0xef, 0x7d, 0xf7,
    0x7e, 0xef, 0x7d, 0xef, 0x7d, 0xf7, 0x7e, 0xef, 0x5d, 0xf7, 0x7d, 0xef,
    0x7e, 0xf7, 0x5d, 0xef, 0x7d, 0xf7, 0x7e, 0xef, 0x7d, 0xef, 0x7e, 0xf7,
    0x7d, 0xef, 0x7d, 0xf7, 0x7d, 0xef, 0x7e, 0xef, 0x7d, 0xf7, 0x7d, 0xef,
    0x7d, 0xef, 0x7e, 0xf7, 0x5d, 0xef, 0x7d, 0xf7, 0x5e, 0xef, 0x7d, 0xef,
    0x7d, 0xf7, 0x7e, 0xf7, 0x7d, 0xef, 0x7e, 0xef, 0x5d, 0xef, 0x7d, 0xef,
    0x7e, 0xef, 0x5d, 0xf7, 0x7d, 0xef, 0x7e, 0xef, 0x7d, 0xf7, 0x7d, 0xef,
    0x5d, 0xf7, 0x7d, 0xf7, 0x7e, 0xef, 0x5d, 0xf7, 0x7d, 0xf7, 0x7e, 0xef,
    0x5d, 0xf7, 0x7d, 0xef, 0x7d, 0xf7, 0x5d, 0xef, 0x7e, 0xef, 0x7d, 0xf7,
    0x7d, 0xef, 0x7e, 0xf7, 0x5d, 0xef, 0x7d, 0xef, 0x5e, 0xf7, 0x7d, 0xef,
    0x7d, 0xef, 0x5d, 0xf7, 0x7e, 0xf7, 0x7d, 0xef, 0x5e, 0xf7, 0x7e, 0xf7,
    0x7d, 0xef, 0x7d, 0xef, 0x5e, 0xef, 0x7d, 0xef, 0x7d, 0xf7, 0x5e, 0xef,
    0x7d, 0xef, 0x7d, 0xf7, 0x7e, 0xef, 0x7e, 0xf7, 0x7d, 0xef, 0x7d, 0xef,
    0x5e, 0xf7, 0x7d, 0xef, 0x7d, 0xf7, 0x7e, 0xef, 0x5d, 0xf7, 0x7e, 0xef,
    0x7d, 0xef, 0x5d, 0xf7, 0x7e, 0xef, 0x7e, 0xef, 0x7d, 0xf7, 0x7d, 0xef,
    0x5e, 0xef, 0x7d, 0xf7, 0x7d, 0xef, 0x7e, 0xf7, 0x7d, 0xef, 0x7d, 0xef,
    0x7e, 0xf7, 0x7d, 0xef, 0x5d, 0xef, 0x7e, 0xf7, 0x7d, 0xef, 0x7d, 0xf7,
    0x5e, 0xef, 0x7d, 0xef, 0x7e, 0xf7, 0x7d, 0xef, 0x7d, 0xef, 0x7e, 0xf7,
    0x5d, 0xef, 0x7e, 0xf7, 0x7d, 0xef, 0x5e, 0xf7, 0x5d, 0xef, 0x7d, 0xf7,
    0x5e, 0xef, 0x7d, 0xf7, 0x7d, 0xef, 0x7d, 0xf7, 0x5e, 0xef, 0x7d, 0xf7,
    0x7d, 0xef, 0x5e, 0xef, 0x7d, 0xf7, 0x7d, 0xef, 0x7e, 0xf7, 0x5d, 0xef,
    0x7d, 0xef, 0x5e, 0xf7, 0x7d, 0xef, 0x5d, 0xef, 0x7e, 0xf7, 0x7d, 0xef,
    0x7d, 0xef, 0x5e, 0xf7, 0x7d, 0xef, 0x7d, 0xef, 0x7e, 0xef, 0x7d, 0xef,
    0x7d, 0xef, 0x7e, 0xf7, 0x7d, 0xef, 0x7d, 0xf7
};
