// 4.21.4 0x439f5dc8 D2 AY R0 FARGB8888 U565 N0 SExtFlashSection
// Generated by imageconverter. Please, do not edit!

#include <touchgfx/hal/Config.hpp>

LOCATION_PRAGMA("ExtFlashSection")
KEEP extern const unsigned char image_keyboard_confirn[] LOCATION_ATTRIBUTE("ExtFlashSection") = { // 336x56 ARGB8888 pixels.
    0x00, 0x00, 0x00, 0x00, 0x00, 0x00, 0x00, 0x00, 0xd0, 0xc4, 0xc0, 0x10,
    0xd8, 0xd0, 0xc8, 0x71, 0xd8, 0xcc, 0xc8, 0xcb, 0xd0, 0xcc, 0xc8, 0xf7,
    0xd8, 0xcc, 0xc8, 0xff, 0xd8, 0xd0, 0xc8, 0xff, 0xd0, 0xcc, 0xc8, 0xff,
    0xd8, 0xcc, 0xc8, 0xff, 0xd8, 0xd0, 0xc8, 0xff, 0xd0, 0xcc, 0xc8, 0xff,
    0xd8, 0xcc, 0xc8, 0xff, 0xd8, 0xd0, 0xc8, 0xff, 0xd0, 0xcc, 0xc8, 0xff,
    0xd8, 0xcc, 0xc8, 0xff, 0xd8, 0xd0, 0xc8, 0xff, 0xd0, 0xcc, 0xc8, 0xff,
    0xd8, 0xcc, 0xc8, 0xff, 0xd8, 0xd0, 0xc8, 0xff, 0xd0, 0xcc, 0xc8, 0xff,
    0xd8, 0xcc, 0xc8, 0xff, 0xd8, 0xd0, 0xc8, 0xff, 0xd0, 0xcc, 0xc8, 0xff,
    0xd8, 0xcc, 0xc8, 0xff, 0xd8, 0xd0, 0xc8, 0xff, 0xd0, 0xcc, 0xc8, 0xff,
    0xd8, 0xcc, 0xc8, 0xff, 0xd8, 0xd0, 0xc8, 0xff, 0xd0, 0xcc, 0xc8, 0xff,
    0xd8, 0xcc, 0xc8, 0xff, 0xd8, 0xd0, 0xc8, 0xff, 0xd0, 0xcc, 0xc8, 0xff,
    0xd8, 0xcc, 0xc8, 0xff, 0xd8, 0xd0, 0xc8, 0xff, 0xd0, 0xcc, 0xc8, 0xff,
    0xd8, 0xcc, 0xc8, 0xff, 0xd8, 0xd0, 0xc8, 0xff, 0xd0, 0xcc, 0xc8, 0xff,
    0xd8, 0xcc, 0xc8, 0xff, 0xd8, 0xd0, 0xc8, 0xff, 0xd0, 0xcc, 0xc8, 0xff,
    0xd8, 0xcc, 0xc8, 0xff, 0xd8, 0xd0, 0xc8, 0xff, 0xd0, 0xcc, 0xc8, 0xff,
    0xd8, 0xcc, 0xc8, 0xff, 0xd8, 0xd0, 0xc8, 0xff, 0xd0, 0xcc, 0xc8, 0xff,
    0xd8, 0xcc, 0xc8, 0xff, 0xd8, 0xd0, 0xc8, 0xff, 0xd0, 0xcc, 0xc8, 0xff,
    0xd8, 0xcc, 0xc8, 0xff, 0xd8, 0xd0, 0xc8, 0xff, 0xd0, 0xcc, 0xc8, 0xff,
    0xd8, 0xcc, 0xc8, 0xff, 0xd8, 0xd0, 0xc8, 0xff, 0xd0, 0xcc, 0xc8, 0xff,
    0xd8, 0xcc, 0xc8, 0xff, 0xd8, 0xd0, 0xc8, 0xff, 0xd0, 0xcc, 0xc8, 0xff,
    0xd8, 0xcc, 0xc8, 0xff, 0xd8, 0xd0, 0xc8, 0xff, 0xd0, 0xcc, 0xc8, 0xff,
    0xd8, 0xcc, 0xc8, 0xff, 0xd8, 0xd0, 0xc8, 0xff, 0xd0, 0xcc, 0xc8, 0xff,
    0xd8, 0xcc, 0xc8, 0xff, 0xd8, 0xd0, 0xc8, 0xff, 0xd0, 0xcc, 0xc8, 0xff,
    0xd8, 0xcc, 0xc8, 0xff, 0xd8, 0xd0, 0xc8, 0xff, 0xd0, 0xcc, 0xc8, 0xff,
    0xd8, 0xcc, 0xc8, 0xff, 0xd8, 0xd0, 0xc8, 0xff, 0xd0, 0xcc, 0xc8, 0xff,
    0xd8, 0xcc, 0xc8, 0xff, 0xd8, 0xd0, 0xc8, 0xff, 0xd0, 0xcc, 0xc8, 0xff,
    0xd8, 0xcc, 0xc8, 0xff, 0xd8, 0xd0, 0xc8, 0xff, 0xd0, 0xcc, 0xc8, 0xff,
    0xd8, 0xcc, 0xc8, 0xff, 0xd8, 0xd0, 0xc8, 0xff, 0xd0, 0xcc, 0xc8, 0xff,
    0xd8, 0xcc, 0xc8, 0xff, 0xd8, 0xd0, 0xc8, 0xff, 0xd0, 0xcc, 0xc8, 0xff,
    0xd8, 0xcc, 0xc8, 0xff, 0xd8, 0xd0, 0xc8, 0xff, 0xd0, 0xcc, 0xc8, 0xff,
    0xd8, 0xcc, 0xc8, 0xff, 0xd8, 0xd0, 0xc8, 0xff, 0xd0, 0xcc, 0xc8, 0xff,
    0xd8, 0xcc, 0xc8, 0xff, 0xd8, 0xd0, 0xc8, 0xff, 0xd0, 0xcc, 0xc8, 0xff,
    0xd8, 0xcc, 0xc8, 0xff, 0xd8, 0xd0, 0xc8, 0xff, 0xd0, 0xcc, 0xc8, 0xff,
    0xd8, 0xcc, 0xc8, 0xff, 0xd8, 0xd0, 0xc8, 0xff, 0xd0, 0xcc, 0xc8, 0xff,
    0xd8, 0xcc, 0xc8, 0xff, 0xd8, 0xd0, 0xc8, 0xff, 0xd0, 0xcc, 0xc8, 0xff,
    0xd8, 0xcc, 0xc8, 0xff, 0xd8, 0xd0, 0xc8, 0xff, 0xd0, 0xcc, 0xc8, 0xff,
    0xd8, 0xcc, 0xc8, 0xff, 0xd8, 0xd0, 0xc8, 0xff, 0xd0, 0xcc, 0xc8, 0xff,
    0xd8, 0xcc, 0xc8, 0xff, 0xd8, 0xd0, 0xc8, 0xff, 0xd0, 0xcc, 0xc8, 0xff,
    0xd8, 0xcc, 0xc8, 0xff, 0xd8, 0xd0, 0xc8, 0xff, 0xd0, 0xcc, 0xc8, 0xff,
    0xd8, 0xcc, 0xc8, 0xff, 0xd8, 0xd0, 0xc8, 0xff, 0xd0, 0xcc, 0xc8, 0xff,
    0xd8, 0xcc, 0xc8, 0xff, 0xd8, 0xd0, 0xc8, 0xff, 0xd0, 0xcc, 0xc8, 0xff,
    0xd8, 0xcc, 0xc8, 0xff, 0xd8, 0xd0, 0xc8, 0xff, 0xd0, 0xcc, 0xc8, 0xff,
    0xd8, 0xcc, 0xc8, 0xff, 0xd8, 0xd0, 0xc8, 0xff, 0xd0, 0xcc, 0xc8, 0xff,
    0xd8, 0xcc, 0xc8, 0xff, 0xd8, 0xd0, 0xc8, 0xff, 0xd0, 0xcc, 0xc8, 0xff,
    0xd8, 0xcc, 0xc8, 0xff, 0xd8, 0xd0, 0xc8, 0xff, 0xd0, 0xcc, 0xc8, 0xff,
    0xd8, 0xcc, 0xc8, 0xff, 0xd8, 0xd0, 0xc8, 0xff, 0xd0, 0xcc, 0xc8, 0xff,
    0xd8, 0xcc, 0xc8, 0xff, 0xd8, 0xd0, 0xc8, 0xff, 0xd0, 0xcc, 0xc8, 0xff,
    0xd8, 0xcc, 0xc8, 0xff, 0xd8, 0xd0, 0xc8, 0xff, 0xd0, 0xcc, 0xc8, 0xff,
    0xd8, 0xcc, 0xc8, 0xff, 0xd8, 0xd0, 0xc8, 0xff, 0xd0, 0xcc, 0xc8, 0xff,
    0xd8, 0xcc, 0xc8, 0xff, 0xd8, 0xd0, 0xc8, 0xff, 0xd0, 0xcc, 0xc8, 0xff,
    0xd8, 0xcc, 0xc8, 0xff, 0xd8, 0xd0, 0xc8, 0xff, 0xd0, 0xcc, 0xc8, 0xff,
    0xd8, 0xcc, 0xc8, 0xff, 0xd8, 0xd0, 0xc8, 0xff, 0xd0, 0xcc, 0xc8, 0xff,
    0xd8, 0xcc, 0xc8, 0xff, 0xd8, 0xd0, 0xc8, 0xff, 0xd0, 0xcc, 0xc8, 0xff,
    0xd8, 0xcc, 0xc8, 0xff, 0xd8, 0xd0, 0xc8, 0xff, 0xd0, 0xcc, 0xc8, 0xff,
    0xd8, 0xcc, 0xc8, 0xff, 0xd8, 0xd0, 0xc8, 0xff, 0xd0, 0xcc, 0xc8, 0xff,
    0xd8, 0xcc, 0xc8, 0xff, 0xd8, 0xd0, 0xc8, 0xff, 0xd0, 0xcc, 0xc8, 0xff,
    0xd8, 0xcc, 0xc8, 0xff, 0xd8, 0xd0, 0xc8, 0xff, 0xd0, 0xcc, 0xc8, 0xff,
    0xd8, 0xcc, 0xc8, 0xff, 0xd8, 0xd0, 0xc8, 0xff, 0xd0, 0xcc, 0xc8, 0xff,
    0xd8, 0xcc, 0xc8, 0xff, 0xd8, 0xd0, 0xc8, 0xff, 0xd0, 0xcc, 0xc8, 0xff,
    0xd8, 0xcc, 0xc8, 0xff, 0xd8, 0xd0, 0xc8, 0xff, 0xd0, 0xcc, 0xc8, 0xff,
    0xd8, 0xcc, 0xc8, 0xff, 0xd8, 0xd0, 0xc8, 0xff, 0xd0, 0xcc, 0xc8, 0xff,
    0xd8, 0xcc, 0xc8, 0xff, 0xd8, 0xd0, 0xc8, 0xff, 0xd0, 0xcc, 0xc8, 0xff,
    0xd8, 0xcc, 0xc8, 0xff, 0xd8, 0xd0, 0xc8, 0xff, 0xd0, 0xcc, 0xc8, 0xff,
    0xd8, 0xcc, 0xc8, 0xff, 0xd8, 0xd0, 0xc8, 0xff, 0xd0, 0xcc, 0xc8, 0xff,
    0xd8, 0xcc, 0xc8, 0xff, 0xd8, 0xd0, 0xc8, 0xff, 0xd0, 0xcc, 0xc8, 0xff,
    0xd8, 0xcc, 0xc8, 0xff, 0xd8, 0xd0, 0xc8, 0xff, 0xd0, 0xcc, 0xc8, 0xff,
    0xd8, 0xcc, 0xc8, 0xff, 0xd8, 0xd0, 0xc8, 0xff, 0xd0, 0xcc, 0xc8, 0xff,
    0xd8, 0xcc, 0xc8, 0xff, 0xd8, 0xd0, 0xc8, 0xff, 0xd0, 0xcc, 0xc8, 0xff,
    0xd8, 0xcc, 0xc8, 0xff, 0xd8, 0xd0, 0xc8, 0xff, 0xd0, 0xcc, 0xc8, 0xff,
    0xd8, 0xcc, 0xc8, 0xff, 0xd8, 0xd0, 0xc8, 0xff, 0xd0, 0xcc, 0xc8, 0xff,
    0xd8, 0xcc, 0xc8, 0xff, 0xd8, 0xd0, 0xc8, 0xff, 0xd0, 0xcc, 0xc8, 0xff,
    0xd8, 0xcc, 0xc8, 0xff, 0xd8, 0xd0, 0xc8, 0xff, 0xd0, 0xcc, 0xc8, 0xff,
    0xd8, 0xcc, 0xc8, 0xff, 0xd8, 0xd0, 0xc8, 0xff, 0xd0, 0xcc, 0xc8, 0xff,
    0xd8, 0xcc, 0xc8, 0xff, 0xd8, 0xd0, 0xc8, 0xff, 0xd0, 0xcc, 0xc8, 0xff,
    0xd8, 0xcc, 0xc8, 0xff, 0xd8, 0xd0, 0xc8, 0xff, 0xd0, 0xcc, 0xc8, 0xff,
    0xd8, 0xcc, 0xc8, 0xff, 0xd8, 0xd0, 0xc8, 0xff, 0xd0, 0xcc, 0xc8, 0xff,
    0xd8, 0xcc, 0xc8, 0xff, 0xd8, 0xd0, 0xc8, 0xff, 0xd0, 0xcc, 0xc8, 0xff,
    0xd8, 0xcc, 0xc8, 0xff, 0xd8, 0xd0, 0xc8, 0xff, 0xd0, 0xcc, 0xc8, 0xff,
    0xd8, 0xcc, 0xc8, 0xff, 0xd8, 0xd0, 0xc8, 0xff, 0xd0, 0xcc, 0xc8, 0xff,
    0xd8, 0xcc, 0xc8, 0xff, 0xd8, 0xd0, 0xc8, 0xff, 0xd0, 0xcc, 0xc8, 0xff,
    0xd8, 0xcc, 0xc8, 0xff, 0xd8, 0xd0, 0xc8, 0xff, 0xd0, 0xcc, 0xc8, 0xff,
    0xd8, 0xcc, 0xc8, 0xff, 0xd8, 0xd0, 0xc8, 0xff, 0xd0, 0xcc, 0xc8, 0xff,
    0xd8, 0xcc, 0xc8, 0xff, 0xd8, 0xd0, 0xc8, 0xff, 0xd0, 0xcc, 0xc8, 0xff,
    0xd8, 0xcc, 0xc8, 0xff, 0xd8, 0xd0, 0xc8, 0xff, 0xd0, 0xcc, 0xc8, 0xff,
    0xd8, 0xcc, 0xc8, 0xff, 0xd8, 0xd0, 0xc8, 0xff, 0xd0, 0xcc, 0xc8, 0xff,
    0xd8, 0xcc, 0xc8, 0xff, 0xd8, 0xd0, 0xc8, 0xff, 0xd0, 0xcc, 0xc8, 0xff,
    0xd8, 0xcc, 0xc8, 0xff, 0xd8, 0xd0, 0xc8, 0xff, 0xd0, 0xcc, 0xc8, 0xff,
    0xd8, 0xcc, 0xc8, 0xff, 0xd8, 0xd0, 0xc8, 0xff, 0xd0, 0xcc, 0xc8, 0xff,
    0xd8, 0xcc, 0xc8, 0xff, 0xd8, 0xd0, 0xc8, 0xff, 0xd0, 0xcc, 0xc8, 0xff,
    0xd8, 0xcc, 0xc8, 0xff, 0xd8, 0xd0, 0xc8, 0xff, 0xd0, 0xcc, 0xc8, 0xff,
    0xd8, 0xcc, 0xc8, 0xff, 0xd8, 0xd0, 0xc8, 0xff, 0xd0, 0xcc, 0xc8, 0xff,
    0xd8, 0xcc, 0xc8, 0xff, 0xd8, 0xd0, 0xc8, 0xff, 0xd0, 0xcc, 0xc8, 0xff,
    0xd8, 0xcc, 0xc8, 0xff, 0xd8, 0xd0, 0xc8, 0xff, 0xd0, 0xcc, 0xc8, 0xff,
    0xd8, 0xcc, 0xc8, 0xff, 0xd8, 0xd0, 0xc8, 0xff, 0xd0, 0xcc, 0xc8, 0xff,
    0xd8, 0xcc, 0xc8, 0xff, 0xd8, 0xd0, 0xc8, 0xff, 0xd0, 0xcc, 0xc8, 0xff,
    0xd8, 0xcc, 0xc8, 0xff, 0xd8, 0xd0, 0xc8, 0xff, 0xd0, 0xcc, 0xc8, 0xff,
    0xd8, 0xcc, 0xc8, 0xff, 0xd8, 0xd0, 0xc8, 0xff, 0xd0, 0xcc, 0xc8, 0xff,
    0xd8, 0xcc, 0xc8, 0xff, 0xd8, 0xd0, 0xc8, 0xff, 0xd0, 0xcc, 0xc8, 0xff,
    0xd8, 0xcc, 0xc8, 0xff, 0xd8, 0xd0, 0xc8, 0xff, 0xd0, 0xcc, 0xc8, 0xff,
    0xd8, 0xcc, 0xc8, 0xff, 0xd8, 0xd0, 0xc8, 0xff, 0xd0, 0xcc, 0xc8, 0xff,
    0xd8, 0xcc, 0xc8, 0xff, 0xd8, 0xd0, 0xc8, 0xff, 0xd0, 0xcc, 0xc8, 0xff,
    0xd8, 0xcc, 0xc8, 0xff, 0xd8, 0xd0, 0xc8, 0xff, 0xd0, 0xcc, 0xc8, 0xff,
    0xd8, 0xcc, 0xc8, 0xff, 0xd8, 0xd0, 0xc8, 0xff, 0xd0, 0xcc, 0xc8, 0xff,
    0xd8, 0xcc, 0xc8, 0xff, 0xd8, 0xd0, 0xc8, 0xff, 0xd0, 0xcc, 0xc8, 0xff,
    0xd8, 0xcc, 0xc8, 0xff, 0xd8, 0xd0, 0xc8, 0xff, 0xd0, 0xcc, 0xc8, 0xff,
    0xd8, 0xcc, 0xc8, 0xff, 0xd8, 0xd0, 0xc8, 0xff, 0xd0, 0xcc, 0xc8, 0xff,
    0xd8, 0xcc, 0xc8, 0xff, 0xd8, 0xd0, 0xc8, 0xff, 0xd0, 0xcc, 0xc8, 0xff,
    0xd8, 0xcc, 0xc8, 0xff, 0xd8, 0xd0, 0xc8, 0xff, 0xd0, 0xcc, 0xc8, 0xff,
    0xd8, 0xcc, 0xc8, 0xff, 0xd8, 0xd0, 0xc8, 0xff, 0xd0, 0xcc, 0xc8, 0xff,
    0xd8, 0xcc, 0xc8, 0xff, 0xd8, 0xd0, 0xc8, 0xff, 0xd0, 0xcc, 0xc8, 0xff,
    0xd8, 0xcc, 0xc8, 0xf7, 0xd8, 0xd0, 0xc8, 0xcb, 0xd8, 0xd0, 0xd0, 0x71,
    0xd0, 0xc4, 0xc0, 0x10, 0x00, 0x00, 0x00, 0x00, 0x00, 0x00, 0x00, 0x00,
    0x00, 0x00, 0x00, 0x00, 0xd8, 0xcc, 0xc8, 0x20, 0xd8, 0xcc, 0xc8, 0xcf,
    0xd0, 0xd0, 0xd0, 0xff, 0xd8, 0xcc, 0xd0, 0xff, 0xd8, 0xd0, 0xc8, 0xff,
    0xd0, 0xd0, 0xd0, 0xff, 0xd8, 0xcc, 0xd0, 0xff, 0xd8, 0xd0, 0xc8, 0xff,
    0xd0, 0xcc, 0xd0, 0xff, 0xd8, 0xd0, 0xd0, 0xff, 0xd8, 0xcc, 0xc8, 0xff,
    0xd0, 0xd0, 0xd0, 0xff, 0xd8, 0xd0, 0xd0, 0xff, 0xd8, 0xcc, 0xc8, 0xff,
    0xd0, 0xd0, 0xd0, 0xff, 0xd8, 0xcc, 0xd0, 0xff, 0xd8, 0xd0, 0xc8, 0xff,
    0xd0, 0xcc, 0xd0, 0xff, 0xd8, 0xd0, 0xd0, 0xff, 0xd8, 0xcc, 0xc8, 0xff,
    0xd0, 0xd0, 0xd0, 0xff, 0xd8, 0xd0, 0xd0, 0xff, 0xd8, 0xcc, 0xc8, 0xff,
    0xd0, 0xd0, 0xd0, 0xff, 0xd8, 0xcc, 0xd0, 0xff, 0xd8, 0xd0, 0xc8, 0xff,
    0xd0, 0xcc, 0xd0, 0xff, 0xd8, 0xd0, 0xd0, 0xff, 0xd8, 0xcc, 0xc8, 0xff,
    0xd0, 0xd0, 0xd0, 0xff, 0xd8, 0xd0, 0xd0, 0xff, 0xd8, 0xcc, 0xc8, 0xff,
    0xd0, 0xd0, 0xd0, 0xff, 0xd8, 0xcc, 0xd0, 0xff, 0xd8, 0xd0, 0xc8, 0xff,
    0xd0, 0xcc, 0xd0, 0xff, 0xd8, 0xd0, 0xd0, 0xff, 0xd8, 0xcc, 0xc8, 0xff,
    0xd0, 0xd0, 0xd0, 0xff, 0xd8, 0xd0, 0xd0, 0xff, 0xd8, 0xcc, 0xc8, 0xff,
    0xd0, 0xd0, 0xd0, 0xff, 0xd8, 0xcc, 0xd0, 0xff, 0xd8, 0xd0, 0xc8, 0xff,
    0xd0, 0xcc, 0xd0, 0xff, 0xd8, 0xd0, 0xd0, 0xff, 0xd8, 0xcc, 0xc8, 0xff,
    0xd0, 0xd0, 0xd0, 0xff, 0xd8, 0xd0, 0xd0, 0xff, 0xd8, 0xcc, 0xc8, 0xff,
    0xd0, 0xd0, 0xd0, 0xff, 0xd8, 0xcc, 0xd0, 0xff, 0xd8, 0xd0, 0xc8, 0xff,
    0xd0, 0xcc, 0xd0, 0xff, 0xd8, 0xd0, 0xd0, 0xff, 0xd8, 0xcc, 0xc8, 0xff,
    0xd0, 0xd0, 0xd0, 0xff, 0xd8, 0xd0, 0xd0, 0xff, 0xd8, 0xcc, 0xc8, 0xff,
    0xd0, 0xd0, 0xd0, 0xff, 0xd8, 0xcc, 0xd0, 0xff, 0xd8, 0xd0, 0xc8, 0xff,
    0xd0, 0xcc, 0xd0, 0xff, 0xd8, 0xd0, 0xd0, 0xff, 0xd8, 0xcc, 0xc8, 0xff,
    0xd0, 0xd0, 0xd0, 0xff, 0xd8, 0xd0, 0xd0, 0xff, 0xd8, 0xcc, 0xc8, 0xff,
    0xd0, 0xd0, 0xd0, 0xff, 0xd8, 0xcc, 0xd0, 0xff, 0xd8, 0xd0, 0xc8, 0xff,
    0xd0, 0xcc, 0xd0, 0xff, 0xd8, 0xd0, 0xd0, 0xff, 0xd8, 0xcc, 0xc8, 0xff,
    0xd0, 0xd0, 0xd0, 0xff, 0xd8, 0xd0, 0xd0, 0xff, 0xd8, 0xcc, 0xc8, 0xff,
    0xd0, 0xd0, 0xd0, 0xff, 0xd8, 0xcc, 0xd0, 0xff, 0xd8, 0xd0, 0xc8, 0xff,
    0xd0, 0xcc, 0xd0, 0xff, 0xd8, 0xd0, 0xd0, 0xff, 0xd8, 0xcc, 0xc8, 0xff,
    0xd0, 0xd0, 0xd0, 0xff, 0xd8, 0xd0, 0xd0, 0xff, 0xd8, 0xcc, 0xc8, 0xff,
    0xd0, 0xd0, 0xd0, 0xff, 0xd8, 0xcc, 0xd0, 0xff, 0xd8, 0xd0, 0xc8, 0xff,
    0xd0, 0xcc, 0xd0, 0xff, 0xd8, 0xd0, 0xd0, 0xff, 0xd8, 0xcc, 0xc8, 0xff,
    0xd0, 0xd0, 0xd0, 0xff, 0xd8, 0xd0, 0xd0, 0xff, 0xd8, 0xcc, 0xc8, 0xff,
    0xd0, 0xd0, 0xd0, 0xff, 0xd8, 0xcc, 0xd0, 0xff, 0xd8, 0xd0, 0xc8, 0xff,
    0xd0, 0xcc, 0xd0, 0xff, 0xd8, 0xd0, 0xd0, 0xff, 0xd8, 0xcc, 0xc8, 0xff,
    0xd0, 0xd0, 0xd0, 0xff, 0xd8, 0xd0, 0xd0, 0xff, 0xd8, 0xcc, 0xc8, 0xff,
    0xd0, 0xd0, 0xd0, 0xff, 0xd8, 0xcc, 0xd0, 0xff, 0xd8, 0xd0, 0xc8, 0xff,
    0xd0, 0xcc, 0xd0, 0xff, 0xd8, 0xd0, 0xd0, 0xff, 0xd8, 0xcc, 0xc8, 0xff,
    0xd0, 0xd0, 0xd0, 0xff, 0xd8, 0xd0, 0xd0, 0xff, 0xd8, 0xcc, 0xc8, 0xff,
    0xd0, 0xd0, 0xd0, 0xff, 0xd8, 0xcc, 0xd0, 0xff, 0xd8, 0xd0, 0xc8, 0xff,
    0xd0, 0xcc, 0xd0, 0xff, 0xd8, 0xd0, 0xd0, 0xff, 0xd8, 0xcc, 0xc8, 0xff,
    0xd0, 0xd0, 0xd0, 0xff, 0xd8, 0xd0, 0xd0, 0xff, 0xd8, 0xcc, 0xc8, 0xff,
    0xd0, 0xd0, 0xd0, 0xff, 0xd8, 0xcc, 0xd0, 0xff, 0xd8, 0xd0, 0xc8, 0xff,
    0xd0, 0xcc, 0xd0, 0xff, 0xd8, 0xd0, 0xd0, 0xff, 0xd8, 0xcc, 0xc8, 0xff,
    0xd0, 0xd0, 0xd0, 0xff, 0xd8, 0xd0, 0xd0, 0xff, 0xd8, 0xcc, 0xc8, 0xff,
    0xd0, 0xd0, 0xd0, 0xff, 0xd8, 0xcc, 0xd0, 0xff, 0xd8, 0xd0, 0xc8, 0xff,
    0xd0, 0xcc, 0xd0, 0xff, 0xd8, 0xd0, 0xd0, 0xff, 0xd8, 0xcc, 0xc8, 0xff,
    0xd0, 0xd0, 0xd0, 0xff, 0xd8, 0xd0, 0xd0, 0xff, 0xd8, 0xcc, 0xc8, 0xff,
    0xd0, 0xd0, 0xd0, 0xff, 0xd8, 0xcc, 0xd0, 0xff, 0xd8, 0xd0, 0xc8, 0xff,
    0xd0, 0xcc, 0xd0, 0xff, 0xd8, 0xd0, 0xd0, 0xff, 0xd8, 0xcc, 0xc8, 0xff,
    0xd0, 0xd0, 0xd0, 0xff, 0xd8, 0xd0, 0xd0, 0xff, 0xd8, 0xcc, 0xc8, 0xff,
    0xd0, 0xd0, 0xd0, 0xff, 0xd8, 0xcc, 0xd0, 0xff, 0xd8, 0xd0, 0xc8, 0xff,
    0xd0, 0xcc, 0xd0, 0xff, 0xd8, 0xd0, 0xd0, 0xff, 0xd8, 0xcc, 0xc8, 0xff,
    0xd0, 0xd0, 0xd0, 0xff, 0xd8, 0xd0, 0xd0, 0xff, 0xd8, 0xcc, 0xc8, 0xff,
    0xd0, 0xd0, 0xd0, 0xff, 0xd8, 0xcc, 0xd0, 0xff, 0xd8, 0xd0, 0xc8, 0xff,
    0xd0, 0xcc, 0xd0, 0xff, 0xd8, 0xd0, 0xd0, 0xff, 0xd8, 0xcc, 0xc8, 0xff,
    0xd0, 0xd0, 0xd0, 0xff, 0xd8, 0xd0, 0xd0, 0xff, 0xd8, 0xcc, 0xc8, 0xff,
    0xd0, 0xd0, 0xd0, 0xff, 0xd8, 0xcc, 0xd0, 0xff, 0xd8, 0xd0, 0xc8, 0xff,
    0xd0, 0xcc, 0xd0, 0xff, 0xd8, 0xd0, 0xd0, 0xff, 0xd8, 0xcc, 0xc8, 0xff,
    0xd0, 0xd0, 0xd0, 0xff, 0xd8, 0xd0, 0xd0, 0xff, 0xd8, 0xcc, 0xc8, 0xff,
    0xd0, 0xd0, 0xd0, 0xff, 0xd8, 0xcc, 0xd0, 0xff, 0xd8, 0xd0, 0xc8, 0xff,
    0xd0, 0xcc, 0xd0, 0xff, 0xd8, 0xd0, 0xd0, 0xff, 0xd8, 0xcc, 0xc8, 0xff,
    0xd0, 0xd0, 0xd0, 0xff, 0xd8, 0xd0, 0xd0, 0xff, 0xd8, 0xcc, 0xc8, 0xff,
    0xd0, 0xd0, 0xd0, 0xff, 0xd8, 0xcc, 0xd0, 0xff, 0xd8, 0xd0, 0xc8, 0xff,
    0xd0, 0xcc, 0xd0, 0xff, 0xd8, 0xd0, 0xd0, 0xff, 0xd8, 0xcc, 0xc8, 0xff,
    0xd0, 0xd0, 0xd0, 0xff, 0xd8, 0xd0, 0xd0, 0xff, 0xd8, 0xcc, 0xc8, 0xff,
    0xd0, 0xd0, 0xd0, 0xff, 0xd8, 0xcc, 0xd0, 0xff, 0xd8, 0xd0, 0xc8, 0xff,
    0xd0, 0xcc, 0xd0, 0xff, 0xd8, 0xd0, 0xd0, 0xff, 0xd8, 0xcc, 0xc8, 0xff,
    0xd0, 0xd0, 0xd0, 0xff, 0xd8, 0xd0, 0xd0, 0xff, 0xd8, 0xcc, 0xc8, 0xff,
    0xd0, 0xd0, 0xd0, 0xff, 0xd8, 0xcc, 0xd0, 0xff, 0xd8, 0xd0, 0xc8, 0xff,
    0xd0, 0xcc, 0xd0, 0xff, 0xd8, 0xd0, 0xd0, 0xff, 0xd8, 0xcc, 0xc8, 0xff,
    0xd0, 0xd0, 0xd0, 0xff, 0xd8, 0xd0, 0xd0, 0xff, 0xd8, 0xcc, 0xc8, 0xff,
    0xd0, 0xd0, 0xd0, 0xff, 0xd8, 0xcc, 0xd0, 0xff, 0xd8, 0xd0, 0xc8, 0xff,
    0xd0, 0xcc, 0xd0, 0xff, 0xd8, 0xd0, 0xd0, 0xff, 0xd8, 0xcc, 0xc8, 0xff,
    0xd0, 0xd0, 0xd0, 0xff, 0xd8, 0xd0, 0xd0, 0xff, 0xd8, 0xcc, 0xc8, 0xff,
    0xd0, 0xd0, 0xd0, 0xff, 0xd8, 0xcc, 0xd0, 0xff, 0xd8, 0xd0, 0xc8, 0xff,
    0xd0, 0xcc, 0xd0, 0xff, 0xd8, 0xd0, 0xd0, 0xff, 0xd8, 0xcc, 0xc8, 0xff,
    0xd0, 0xd0, 0xd0, 0xff, 0xd8, 0xd0, 0xd0, 0xff, 0xd8, 0xcc, 0xc8, 0xff,
    0xd0, 0xd0, 0xd0, 0xff, 0xd8, 0xcc, 0xd0, 0xff, 0xd8, 0xd0, 0xc8, 0xff,
    0xd0, 0xcc, 0xd0, 0xff, 0xd8, 0xd0, 0xd0, 0xff, 0xd8, 0xcc, 0xc8, 0xff,
    0xd0, 0xd0, 0xd0, 0xff, 0xd8, 0xd0, 0xd0, 0xff, 0xd8, 0xcc, 0xc8, 0xff,
    0xd0, 0xd0, 0xd0, 0xff, 0xd8, 0xcc, 0xd0, 0xff, 0xd8, 0xd0, 0xc8, 0xff,
    0xd0, 0xcc, 0xd0, 0xff, 0xd8, 0xd0, 0xd0, 0xff, 0xd8, 0xcc, 0xc8, 0xff,
    0xd0, 0xd0, 0xd0, 0xff, 0xd8, 0xd0, 0xd0, 0xff, 0xd8, 0xcc, 0xc8, 0xff,
    0xd0, 0xd0, 0xd0, 0xff, 0xd8, 0xcc, 0xd0, 0xff, 0xd8, 0xd0, 0xc8, 0xff,
    0xd0, 0xcc, 0xd0, 0xff, 0xd8, 0xd0, 0xd0, 0xff, 0xd8, 0xcc, 0xc8, 0xff,
    0xd0, 0xd0, 0xd0, 0xff, 0xd8, 0xd0, 0xd0, 0xff, 0xd8, 0xcc, 0xc8, 0xff,
    0xd0, 0xd0, 0xd0, 0xff, 0xd8, 0xcc, 0xd0, 0xff, 0xd8, 0xd0, 0xc8, 0xff,
    0xd0, 0xcc, 0xd0, 0xff, 0xd8, 0xd0, 0xd0, 0xff, 0xd8, 0xcc, 0xc8, 0xff,
    0xd0, 0xd0, 0xd0, 0xff, 0xd8, 0xd0, 0xd0, 0xff, 0xd8, 0xcc, 0xc8, 0xff,
    0xd0, 0xd0, 0xd0, 0xff, 0xd8, 0xcc, 0xd0, 0xff, 0xd8, 0xd0, 0xc8, 0xff,
    0xd0, 0xcc, 0xd0, 0xff, 0xd8, 0xd0, 0xd0, 0xff, 0xd8, 0xcc, 0xc8, 0xff,
    0xd0, 0xd0, 0xd0, 0xff, 0xd8, 0xd0, 0xd0, 0xff, 0xd8, 0xcc, 0xc8, 0xff,
    0xd0, 0xd0, 0xd0, 0xff, 0xd8, 0xcc, 0xd0, 0xff, 0xd8, 0xd0, 0xc8, 0xff,
    0xd0, 0xcc, 0xd0, 0xff, 0xd8, 0xd0, 0xd0, 0xff, 0xd8, 0xcc, 0xc8, 0xff,
    0xd0, 0xd0, 0xd0, 0xff, 0xd8, 0xd0, 0xd0, 0xff, 0xd8, 0xcc, 0xc8, 0xff,
    0xd0, 0xd0, 0xd0, 0xff, 0xd8, 0xcc, 0xd0, 0xff, 0xd8, 0xd0, 0xc8, 0xff,
    0xd0, 0xcc, 0xd0, 0xff, 0xd8, 0xd0, 0xd0, 0xff, 0xd8, 0xcc, 0xc8, 0xff,
    0xd0, 0xd0, 0xd0, 0xff, 0xd8, 0xd0, 0xd0, 0xff, 0xd8, 0xcc, 0xc8, 0xff,
    0xd0, 0xd0, 0xd0, 0xff, 0xd8, 0xcc, 0xd0, 0xff, 0xd8, 0xd0, 0xc8, 0xff,
    0xd0, 0xcc, 0xd0, 0xff, 0xd8, 0xd0, 0xd0, 0xff, 0xd8, 0xcc, 0xc8, 0xff,
    0xd0, 0xd0, 0xd0, 0xff, 0xd8, 0xd0, 0xd0, 0xff, 0xd8, 0xcc, 0xc8, 0xff,
    0xd0, 0xd0, 0xd0, 0xff, 0xd8, 0xcc, 0xd0, 0xff, 0xd8, 0xd0, 0xc8, 0xff,
    0xd0, 0xcc, 0xd0, 0xff, 0xd8, 0xd0, 0xd0, 0xff, 0xd8, 0xcc, 0xc8, 0xff,
    0xd0, 0xd0, 0xd0, 0xff, 0xd8, 0xd0, 0xd0, 0xff, 0xd8, 0xcc, 0xc8, 0xff,
    0xd0, 0xd0, 0xd0, 0xff, 0xd8, 0xcc, 0xd0, 0xff, 0xd8, 0xd0, 0xc8, 0xff,
    0xd0, 0xcc, 0xd0, 0xff, 0xd8, 0xd0, 0xd0, 0xff, 0xd8, 0xcc, 0xc8, 0xff,
    0xd0, 0xd0, 0xd0, 0xff, 0xd8, 0xd0, 0xd0, 0xff, 0xd8, 0xcc, 0xc8, 0xff,
    0xd0, 0xd0, 0xd0, 0xff, 0xd8, 0xcc, 0xd0, 0xff, 0xd8, 0xd0, 0xc8, 0xff,
    0xd0, 0xcc, 0xd0, 0xff, 0xd8, 0xd0, 0xd0, 0xff, 0xd8, 0xcc, 0xc8, 0xff,
    0xd0, 0xd0, 0xd0, 0xff, 0xd8, 0xd0, 0xd0, 0xff, 0xd8, 0xcc, 0xc8, 0xff,
    0xd0, 0xcc, 0xd0, 0xff, 0xd8, 0xd0, 0xc8, 0xff, 0xd0, 0xcc, 0xc8, 0xff,
    0xd8, 0xcc, 0xc8, 0xcf, 0xd8, 0xcc, 0xc8, 0x20, 0x00, 0x00, 0x00, 0x00,
    0xd0, 0xc4, 0xc0, 0x10, 0xd8, 0xcc, 0xc8, 0xcf, 0xd0, 0xd0, 0xc8, 0xff,
    0xd8, 0xcc, 0xc8, 0xff, 0xd8, 0xd0, 0xd0, 0xff, 0xd0, 0xcc, 0xc8, 0xff,
    0xd8, 0xd0, 0xc8, 0xff, 0xd0, 0xcc, 0xd0, 0xff, 0xd8, 0xd0, 0xc8, 0xff,
    0xd0, 0xd0, 0xc8, 0xff, 0xd8, 0xcc, 0xd0, 0xff, 0xd8, 0xd0, 0xc8, 0xff,
    0xd0, 0xcc, 0xc8, 0xff, 0xd8, 0xcc, 0xd0, 0xff, 0xd8, 0xd0, 0xc8, 0xff,
    0xd0, 0xcc, 0xc8, 0xff, 0xd8, 0xd0, 0xd0, 0xff, 0xd8, 0xcc, 0xc8, 0xff,
    0xd0, 0xd0, 0xc8, 0xff, 0xd8, 0xcc, 0xd0, 0xff, 0xd8, 0xd0, 0xc8, 0xff,
    0xd0, 0xcc, 0xc8, 0xff, 0xd8, 0xcc, 0xd0, 0xff, 0xd8, 0xd0, 0xc8, 0xff,
    0xd0, 0xcc, 0xc8, 0xff, 0xd8, 0xd0, 0xd0, 0xff, 0xd8, 0xcc, 0xc8, 0xff,
    0xd0, 0xd0, 0xc8, 0xff, 0xd8, 0xcc, 0xd0, 0xff, 0xd8, 0xd0, 0xc8, 0xff,
    0xd0, 0xcc, 0xc8, 0xff, 0xd8, 0xcc, 0xd0, 0xff, 0xd8, 0xd0, 0xc8, 0xff,
    0xd0, 0xcc, 0xc8, 0xff, 0xd8, 0xd0, 0xd0, 0xff, 0xd8, 0xcc, 0xc8, 0xff,
    0xd0, 0xd0, 0xc8, 0xff, 0xd8, 0xcc, 0xd0, 0xff, 0xd8, 0xd0, 0xc8, 0xff,
    0xd0, 0xcc, 0xc8, 0xff, 0xd8, 0xcc, 0xd0, 0xff, 0xd8, 0xd0, 0xc8, 0xff,
    0xd0, 0xcc, 0xc8, 0xff, 0xd8, 0xd0, 0xd0, 0xff, 0xd8, 0xcc, 0xc8, 0xff,
    0xd0, 0xd0, 0xc8, 0xff, 0xd8, 0xcc, 0xd0, 0xff, 0xd8, 0xd0, 0xc8, 0xff,
    0xd0, 0xcc, 0xc8, 0xff, 0xd8, 0xcc, 0xd0, 0xff, 0xd8, 0xd0, 0xc8, 0xff,
    0xd0, 0xcc, 0xc8, 0xff, 0xd8, 0xd0, 0xd0, 0xff, 0xd8, 0xcc, 0xc8, 0xff,
    0xd0, 0xd0, 0xc8, 0xff, 0xd8, 0xcc, 0xd0, 0xff, 0xd8, 0xd0, 0xc8, 0xff,
    0xd0, 0xcc, 0xc8, 0xff, 0xd8, 0xcc, 0xd0, 0xff, 0xd8, 0xd0, 0xc8, 0xff,
    0xd0, 0xcc, 0xc8, 0xff, 0xd8, 0xd0, 0xd0, 0xff, 0xd8, 0xcc, 0xc8, 0xff,
    0xd0, 0xd0, 0xc8, 0xff, 0xd8, 0xcc, 0xd0, 0xff, 0xd8, 0xd0, 0xc8, 0xff,
    0xd0, 0xcc, 0xc8, 0xff, 0xd8, 0xcc, 0xd0, 0xff, 0xd8, 0xd0, 0xc8, 0xff,
    0xd0, 0xcc, 0xc8, 0xff, 0xd8, 0xd0, 0xd0, 0xff, 0xd8, 0xcc, 0xc8, 0xff,
    0xd0, 0xd0, 0xc8, 0xff, 0xd8, 0xcc, 0xd0, 0xff, 0xd8, 0xd0, 0xc8, 0xff,
    0xd0, 0xcc, 0xc8, 0xff, 0xd8, 0xcc, 0xd0, 0xff, 0xd8, 0xd0, 0xc8, 0xff,
    0xd0, 0xcc, 0xc8, 0xff, 0xd8, 0xd0, 0xd0, 0xff, 0xd8, 0xcc, 0xc8, 0xff,
    0xd0, 0xd0, 0xc8, 0xff, 0xd8, 0xcc, 0xd0, 0xff, 0xd8, 0xd0, 0xc8, 0xff,
    0xd0, 0xcc, 0xc8, 0xff, 0xd8, 0xcc, 0xd0, 0xff, 0xd8, 0xd0, 0xc8, 0xff,
    0xd0, 0xcc, 0xc8, 0xff, 0xd8, 0xd0, 0xd0, 0xff, 0xd8, 0xcc, 0xc8, 0xff,
    0xd0, 0xd0, 0xc8, 0xff, 0xd8, 0xcc, 0xd0, 0xff, 0xd8, 0xd0, 0xc8, 0xff,
    0xd0, 0xcc, 0xc8, 0xff, 0xd8, 0xcc, 0xd0, 0xff, 0xd8, 0xd0, 0xc8, 0xff,
    0xd0, 0xcc, 0xc8, 0xff, 0xd8, 0xd0, 0xd0, 0xff, 0xd8, 0xcc, 0xc8, 0xff,
    0xd0, 0xd0, 0xc8, 0xff, 0xd8, 0xcc, 0xd0, 0xff, 0xd8, 0xd0, 0xc8, 0xff,
    0xd0, 0xcc, 0xc8, 0xff, 0xd8, 0xcc, 0xd0, 0xff, 0xd8, 0xd0, 0xc8, 0xff,
    0xd0, 0xcc, 0xc8, 0xff, 0xd8, 0xd0, 0xd0, 0xff, 0xd8, 0xcc, 0xc8, 0xff,
    0xd0, 0xd0, 0xc8, 0xff, 0xd8, 0xcc, 0xd0, 0xff, 0xd8, 0xd0, 0xc8, 0xff,
    0xd0, 0xcc, 0xc8, 0xff, 0xd8, 0xcc, 0xd0, 0xff, 0xd8, 0xd0, 0xc8, 0xff,
    0xd0, 0xcc, 0xc8, 0xff, 0xd8, 0xd0, 0xd0, 0xff, 0xd8, 0xcc, 0xc8, 0xff,
    0xd0, 0xd0, 0xc8, 0xff, 0xd8, 0xcc, 0xd0, 0xff, 0xd8, 0xd0, 0xc8, 0xff,
    0xd0, 0xcc, 0xc8, 0xff, 0xd8, 0xcc, 0xd0, 0xff, 0xd8, 0xd0, 0xc8, 0xff,
    0xd0, 0xcc, 0xc8, 0xff, 0xd8, 0xd0, 0xd0, 0xff, 0xd8, 0xcc, 0xc8, 0xff,
    0xd0, 0xd0, 0xc8, 0xff, 0xd8, 0xcc, 0xd0, 0xff, 0xd8, 0xd0, 0xc8, 0xff,
    0xd0, 0xcc, 0xc8, 0xff, 0xd8, 0xcc, 0xd0, 0xff, 0xd8, 0xd0, 0xc8, 0xff,
    0xd0, 0xcc, 0xc8, 0xff, 0xd8, 0xd0, 0xd0, 0xff, 0xd8, 0xcc, 0xc8, 0xff,
    0xd0, 0xd0, 0xc8, 0xff, 0xd8, 0xcc, 0xd0, 0xff, 0xd8, 0xd0, 0xc8, 0xff,
    0xd0, 0xcc, 0xc8, 0xff, 0xd8, 0xcc, 0xd0, 0xff, 0xd8, 0xd0, 0xc8, 0xff,
    0xd0, 0xcc, 0xc8, 0xff, 0xd8, 0xd0, 0xd0, 0xff, 0xd8, 0xcc, 0xc8, 0xff,
    0xd0, 0xd0, 0xc8, 0xff, 0xd8, 0xcc, 0xd0, 0xff, 0xd8, 0xd0, 0xc8, 0xff,
    0xd0, 0xcc, 0xc8, 0xff, 0xd8, 0xcc, 0xd0, 0xff, 0xd8, 0xd0, 0xc8, 0xff,
    0xd0, 0xcc, 0xc8, 0xff, 0xd8, 0xd0, 0xd0, 0xff, 0xd8, 0xcc, 0xc8, 0xff,
    0xd0, 0xd0, 0xc8, 0xff, 0xd8, 0xcc, 0xd0, 0xff, 0xd8, 0xd0, 0xc8, 0xff,
    0xd0, 0xcc, 0xc8, 0xff, 0xd8, 0xcc, 0xd0, 0xff, 0xd8, 0xd0, 0xc8, 0xff,
    0xd0, 0xcc, 0xc8, 0xff, 0xd8, 0xd0, 0xd0, 0xff, 0xd8, 0xcc, 0xc8, 0xff,
    0xd0, 0xd0, 0xc8, 0xff, 0xd8, 0xcc, 0xd0, 0xff, 0xd8, 0xd0, 0xc8, 0xff,
    0xd0, 0xcc, 0xc8, 0xff, 0xd8, 0xcc, 0xd0, 0xff, 0xd8, 0xd0, 0xc8, 0xff,
    0xd0, 0xcc, 0xc8, 0xff, 0xd8, 0xd0, 0xd0, 0xff, 0xd8, 0xcc, 0xc8, 0xff,
    0xd0, 0xd0, 0xc8, 0xff, 0xd8, 0xcc, 0xd0, 0xff, 0xd8, 0xd0, 0xc8, 0xff,
    0xd0, 0xcc, 0xc8, 0xff, 0xd8, 0xcc, 0xd0, 0xff, 0xd8, 0xd0, 0xc8, 0xff,
    0xd0, 0xcc, 0xc8, 0xff, 0xd8, 0xd0, 0xd0, 0xff, 0xd8, 0xcc, 0xc8, 0xff,
    0xd0, 0xd0, 0xc8, 0xff, 0xd8, 0xcc, 0xd0, 0xff, 0xd8, 0xd0, 0xc8, 0xff,
    0xd0, 0xcc, 0xc8, 0xff, 0xd8, 0xcc, 0xd0, 0xff, 0xd8, 0xd0, 0xc8, 0xff,
    0xd0, 0xcc, 0xc8, 0xff, 0xd8, 0xd0, 0xd0, 0xff, 0xd8, 0xcc, 0xc8, 0xff,
    0xd0, 0xd0, 0xc8, 0xff, 0xd8, 0xcc, 0xd0, 0xff, 0xd8, 0xd0, 0xc8, 0xff,
    0xd0, 0xcc, 0xc8, 0xff, 0xd8, 0xcc, 0xd0, 0xff, 0xd8, 0xd0, 0xc8, 0xff,
    0xd0, 0xcc, 0xc8, 0xff, 0xd8, 0xd0, 0xd0, 0xff, 0xd8, 0xcc, 0xc8, 0xff,
    0xd0, 0xd0, 0xc8, 0xff, 0xd8, 0xcc, 0xd0, 0xff, 0xd8, 0xd0, 0xc8, 0xff,
    0xd0, 0xcc, 0xc8, 0xff, 0xd8, 0xcc, 0xd0, 0xff, 0xd8, 0xd0, 0xc8, 0xff,
    0xd0, 0xcc, 0xc8, 0xff, 0xd8, 0xd0, 0xd0, 0xff, 0xd8, 0xcc, 0xc8, 0xff,
    0xd0, 0xd0, 0xc8, 0xff, 0xd8, 0xcc, 0xd0, 0xff, 0xd8, 0xd0, 0xc8, 0xff,
    0xd0, 0xcc, 0xc8, 0xff, 0xd8, 0xcc, 0xd0, 0xff, 0xd8, 0xd0, 0xc8, 0xff,
    0xd0, 0xcc, 0xc8, 0xff, 0xd8, 0xd0, 0xd0, 0xff, 0xd8, 0xcc, 0xc8, 0xff,
    0xd0, 0xd0, 0xc8, 0xff, 0xd8, 0xcc, 0xd0, 0xff, 0xd8, 0xd0, 0xc8, 0xff,
    0xd0, 0xcc, 0xc8, 0xff, 0xd8, 0xcc, 0xd0, 0xff, 0xd8, 0xd0, 0xc8, 0xff,
    0xd0, 0xcc, 0xc8, 0xff, 0xd8, 0xd0, 0xd0, 0xff, 0xd8, 0xcc, 0xc8, 0xff,
    0xd0, 0xd0, 0xc8, 0xff, 0xd8, 0xcc, 0xd0, 0xff, 0xd8, 0xd0, 0xc8, 0xff,
    0xd0, 0xcc, 0xc8, 0xff, 0xd8, 0xcc, 0xd0, 0xff, 0xd8, 0xd0, 0xc8, 0xff,
    0xd0, 0xcc, 0xc8, 0xff, 0xd8, 0xd0, 0xd0, 0xff, 0xd8, 0xcc, 0xc8, 0xff,
    0xd0, 0xd0, 0xc8, 0xff, 0xd8, 0xcc, 0xd0, 0xff, 0xd8, 0xd0, 0xc8, 0xff,
    0xd0, 0xcc, 0xc8, 0xff, 0xd8, 0xcc, 0xd0, 0xff, 0xd8, 0xd0, 0xc8, 0xff,
    0xd0, 0xcc, 0xc8, 0xff, 0xd8, 0xd0, 0xd0, 0xff, 0xd8, 0xcc, 0xc8, 0xff,
    0xd0, 0xd0, 0xc8, 0xff, 0xd8, 0xcc, 0xd0, 0xff, 0xd8, 0xd0, 0xc8, 0xff,
    0xd0, 0xcc, 0xc8, 0xff, 0xd8, 0xcc, 0xd0, 0xff, 0xd8, 0xd0, 0xc8, 0xff,
    0xd0, 0xcc, 0xc8, 0xff, 0xd8, 0xd0, 0xd0, 0xff, 0xd8, 0xcc, 0xc8, 0xff,
    0xd0, 0xd0, 0xc8, 0xff, 0xd8, 0xcc, 0xd0, 0xff, 0xd8, 0xd0, 0xc8, 0xff,
    0xd0, 0xcc, 0xc8, 0xff, 0xd8, 0xcc, 0xd0, 0xff, 0xd8, 0xd0, 0xc8, 0xff,
    0xd0, 0xcc, 0xc8, 0xff, 0xd8, 0xd0, 0xd0, 0xff, 0xd8, 0xcc, 0xc8, 0xff,
    0xd0, 0xd0, 0xc8, 0xff, 0xd8, 0xcc, 0xd0, 0xff, 0xd8, 0xd0, 0xc8, 0xff,
    0xd0, 0xcc, 0xc8, 0xff, 0xd8, 0xcc, 0xd0, 0xff, 0xd8, 0xd0, 0xc8, 0xff,
    0xd0, 0xcc, 0xc8, 0xff, 0xd8, 0xd0, 0xd0, 0xff, 0xd8, 0xcc, 0xc8, 0xff,
    0xd0, 0xd0, 0xc8, 0xff, 0xd8, 0xcc, 0xd0, 0xff, 0xd8, 0xd0, 0xc8, 0xff,
    0xd0, 0xcc, 0xc8, 0xff, 0xd8, 0xcc, 0xd0, 0xff, 0xd8, 0xd0, 0xc8, 0xff,
    0xd0, 0xcc, 0xc8, 0xff, 0xd8, 0xd0, 0xd0, 0xff, 0xd8, 0xcc, 0xc8, 0xff,
    0xd0, 0xd0, 0xc8, 0xff, 0xd8, 0xcc, 0xd0, 0xff, 0xd8, 0xd0, 0xc8, 0xff,
    0xd0, 0xcc, 0xc8, 0xff, 0xd8, 0xcc, 0xd0, 0xff, 0xd8, 0xd0, 0xc8, 0xff,
    0xd0, 0xcc, 0xc8, 0xff, 0xd8, 0xd0, 0xd0, 0xff, 0xd8, 0xcc, 0xc8, 0xff,
    0xd0, 0xd0, 0xc8, 0xff, 0xd8, 0xcc, 0xd0, 0xff, 0xd8, 0xd0, 0xc8, 0xff,
    0xd0, 0xcc, 0xc8, 0xff, 0xd8, 0xcc, 0xd0, 0xff, 0xd8, 0xd0, 0xc8, 0xff,
    0xd0, 0xcc, 0xc8, 0xff, 0xd8, 0xd0, 0xd0, 0xff, 0xd8, 0xcc, 0xc8, 0xff,
    0xd0, 0xd0, 0xc8, 0xff, 0xd8, 0xcc, 0xd0, 0xff, 0xd8, 0xd0, 0xc8, 0xff,
    0xd0, 0xcc, 0xc8, 0xff, 0xd8, 0xcc, 0xd0, 0xff, 0xd8, 0xd0, 0xc8, 0xff,
    0xd0, 0xcc, 0xc8, 0xff, 0xd8, 0xd0, 0xd0, 0xff, 0xd8, 0xcc, 0xc8, 0xff,
    0xd0, 0xd0, 0xc8, 0xff, 0xd8, 0xcc, 0xd0, 0xff, 0xd8, 0xd0, 0xc8, 0xff,
    0xd0, 0xcc, 0xc8, 0xff, 0xd8, 0xcc, 0xd0, 0xff, 0xd8, 0xd0, 0xc8, 0xff,
    0xd0, 0xcc, 0xc8, 0xff, 0xd8, 0xd0, 0xd0, 0xff, 0xd8, 0xcc, 0xc8, 0xff,
    0xd0, 0xd0, 0xc8, 0xff, 0xd8, 0xcc, 0xd0, 0xff, 0xd8, 0xd0, 0xc8, 0xff,
    0xd0, 0xcc, 0xc8, 0xff, 0xd8, 0xcc, 0xd0, 0xff, 0xd8, 0xd0, 0xc8, 0xff,
    0xd0, 0xcc, 0xc8, 0xff, 0xd8, 0xd0, 0xd0, 0xff, 0xd8, 0xcc, 0xc8, 0xff,
    0xd0, 0xd0, 0xc8, 0xff, 0xd8, 0xcc, 0xd0, 0xff, 0xd8, 0xd0, 0xc8, 0xff,
    0xd0, 0xcc, 0xc8, 0xff, 0xd8, 0xd0, 0xd0, 0xff, 0xd0, 0xcc, 0xc8, 0xff,
    0xd8, 0xd0, 0xd0, 0xff, 0xd0, 0xcc, 0xd0, 0xff, 0xd8, 0xd0, 0xc8, 0xff,
    0xd0, 0xcc, 0xd0, 0xff, 0xd8, 0xd0, 0xc8, 0xcf, 0xd0, 0xc4, 0xc0, 0x10,
    0xd0, 0xcc, 0xc8, 0x71, 0xd8, 0xd0, 0xd0, 0xff, 0xd8, 0xcc, 0xc8, 0xff,
    0xd0, 0xd0, 0xc8, 0xff, 0xd8, 0xcc, 0xc8, 0xff, 0xd8, 0xd0, 0xd0, 0xff,
    0xd0, 0xcc, 0xc8, 0xff, 0xd8, 0xcc, 0xc8, 0xff, 0xd8, 0xd0, 0xc8, 0xff,
    0xd0, 0xcc, 0xd0, 0xff, 0xd8, 0xcc, 0xc8, 0xff, 0xd0, 0xd0, 0xc8, 0xff,
    0xd8, 0xcc, 0xc8, 0xff, 0xd0, 0xd0, 0xd0, 0xff, 0xd8, 0xd0, 0xc8, 0xff,
    0xd0, 0xcc, 0xc8, 0xff, 0xd8, 0xd0, 0xd0, 0xff, 0xd0, 0xd0, 0xc8, 0xff,
    0xd8, 0xcc, 0xc8, 0xff, 0xd0, 0xd0, 0xd0, 0xff, 0xd8, 0xcc, 0xc8, 0xff,
    0xd0, 0xd0, 0xc8, 0xff, 0xd8, 0xcc, 0xd0, 0xff, 0xd0, 0xd0, 0xc8, 0xff,
    0xd8, 0xd0, 0xc8, 0xff, 0xd0, 0xcc, 0xd0, 0xff, 0xd8, 0xd0, 0xc8, 0xff,
    0xd0, 0xcc, 0xc8, 0xff, 0xd8, 0xd0, 0xd0, 0xff, 0xd0, 0xd0, 0xc8, 0xff,
    0xd8, 0xcc, 0xc8, 0xff, 0xd0, 0xd0, 0xd0, 0xff, 0xd8, 0xcc, 0xc8, 0xff,
    0xd0, 0xd0, 0xc8, 0xff, 0xd8, 0xcc, 0xd0, 0xff, 0xd0, 0xd0, 0xc8, 0xff,
    0xd8, 0xcc, 0xc8, 0xff, 0xd0, 0xd0, 0xd0, 0xff, 0xd8, 0xd0, 0xc8, 0xff,
    0xd0, 0xcc, 0xc8, 0xff, 0xd8, 0xd0, 0xd0, 0xff, 0xd0, 0xcc, 0xc8, 0xff,
    0xd8, 0xd0, 0xc8, 0xff, 0xd0, 0xcc, 0xd0, 0xff, 0xd8, 0xd0, 0xc8, 0xff,
    0xd0, 0xcc, 0xc8, 0xff, 0xd8, 0xd0, 0xd0, 0xff, 0xd0, 0xd0, 0xc8, 0xff,
    0xd8, 0xcc, 0xc8, 0xff, 0xd0, 0xd0, 0xd0, 0xff, 0xd8, 0xcc, 0xc8, 0xff,
    0xd0, 0xd0, 0xc8, 0xff, 0xd8, 0xcc, 0xd0, 0xff, 0xd0, 0xd0, 0xc8, 0xff,
    0xd8, 0xcc, 0xc8, 0xff, 0xd0, 0xd0, 0xd0, 0xff, 0xd8, 0xd0, 0xc8, 0xff,
    0xd0, 0xcc, 0xc8, 0xff, 0xd8, 0xd0, 0xd0, 0xff, 0xd0, 0xcc, 0xc8, 0xff,
    0xd8, 0xd0, 0xc8, 0xff, 0xd0, 0xcc, 0xd0, 0xff, 0xd8, 0xd0, 0xc8, 0xff,
    0xd0, 0xcc, 0xc8, 0xff, 0xd8, 0xd0, 0xd0, 0xff, 0xd0, 0xd0, 0xc8, 0xff,
    0xd8, 0xcc, 0xc8, 0xff, 0xd0, 0xd0, 0xd0, 0xff, 0xd8, 0xcc, 0xc8, 0xff,
    0xd0, 0xd0, 0xc8, 0xff, 0xd8, 0xcc, 0xd0, 0xff, 0xd0, 0xd0, 0xc8, 0xff,
    0xd8, 0xcc, 0xc8, 0xff, 0xd0, 0xd0, 0xd0, 0xff, 0xd8, 0xd0, 0xc8, 0xff,
    0xd0, 0xcc, 0xc8, 0xff, 0xd8, 0xd0, 0xd0, 0xff, 0xd0, 0xcc, 0xc8, 0xff,
    0xd8, 0xd0, 0xc8, 0xff, 0xd0, 0xcc, 0xd0, 0xff, 0xd8, 0xd0, 0xc8, 0xff,
    0xd0, 0xcc, 0xc8, 0xff, 0xd8, 0xd0, 0xd0, 0xff, 0xd0, 0xd0, 0xc8, 0xff,
    0xd8, 0xcc, 0xc8, 0xff, 0xd0, 0xd0, 0xd0, 0xff, 0xd8, 0xcc, 0xc8, 0xff,
    0xd0, 0xd0, 0xc8, 0xff, 0xd8, 0xcc, 0xd0, 0xff, 0xd0, 0xd0, 0xc8, 0xff,
    0xd8, 0xcc, 0xc8, 0xff, 0xd0, 0xd0, 0xd0, 0xff, 0xd8, 0xd0, 0xc8, 0xff,
    0xd0, 0xcc, 0xc8, 0xff, 0xd8, 0xd0, 0xd0, 0xff, 0xd0, 0xcc, 0xc8, 0xff,
    0xd8, 0xd0, 0xc8, 0xff, 0xd0, 0xcc, 0xd0, 0xff, 0xd8, 0xd0, 0xc8, 0xff,
    0xd0, 0xcc, 0xc8, 0xff, 0xd8, 0xd0, 0xd0, 0xff, 0xd0, 0xd0, 0xc8, 0xff,
    0xd8, 0xcc, 0xc8, 0xff, 0xd0, 0xd0, 0xd0, 0xff, 0xd8, 0xcc, 0xc8, 0xff,
    0xd0, 0xd0, 0xc8, 0xff, 0xd8, 0xcc, 0xd0, 0xff, 0xd0, 0xd0, 0xc8, 0xff,
    0xd8, 0xcc, 0xc8, 0xff, 0xd0, 0xd0, 0xd0, 0xff, 0xd8, 0xd0, 0xc8, 0xff,
    0xd0, 0xcc, 0xc8, 0xff, 0xd8, 0xd0, 0xd0, 0xff, 0xd0, 0xcc, 0xc8, 0xff,
    0xd8, 0xd0, 0xc8, 0xff, 0xd0, 0xcc, 0xd0, 0xff, 0xd8, 0xd0, 0xc8, 0xff,
    0xd0, 0xcc, 0xc8, 0xff, 0xd8, 0xd0, 0xd0, 0xff, 0xd0, 0xd0, 0xc8, 0xff,
    0xd8, 0xcc, 0xc8, 0xff, 0xd0, 0xd0, 0xd0, 0xff, 0xd8, 0xcc, 0xc8, 0xff,
    0xd0, 0xd0, 0xc8, 0xff, 0xd8, 0xcc, 0xd0, 0xff, 0xd0, 0xd0, 0xc8, 0xff,
    0xd8, 0xcc, 0xc8, 0xff, 0xd0, 0xd0, 0xd0, 0xff, 0xd8, 0xd0, 0xc8, 0xff,
    0xd0, 0xcc, 0xc8, 0xff, 0xd8, 0xd0, 0xd0, 0xff, 0xd0, 0xcc, 0xc8, 0xff,
    0xd8, 0xd0, 0xc8, 0xff, 0xd0, 0xcc, 0xd0, 0xff, 0xd8, 0xd0, 0xc8, 0xff,
    0xd0, 0xcc, 0xc8, 0xff, 0xd8, 0xd0, 0xd0, 0xff, 0xd0, 0xd0, 0xc8, 0xff,
    0xd8, 0xcc, 0xc8, 0xff, 0xd0, 0xd0, 0xd0, 0xff, 0xd8, 0xcc, 0xc8, 0xff,
    0xd0, 0xd0, 0xc8, 0xff, 0xd8, 0xcc, 0xd0, 0xff, 0xd0, 0xd0, 0xc8, 0xff,
    0xd8, 0xcc, 0xc8, 0xff, 0xd0, 0xd0, 0xd0, 0xff, 0xd8, 0xd0, 0xc8, 0xff,
    0xd0, 0xcc, 0xc8, 0xff, 0xd8, 0xd0, 0xd0, 0xff, 0xd0, 0xcc, 0xc8, 0xff,
    0xd8, 0xd0, 0xc8, 0xff, 0xd0, 0xcc, 0xd0, 0xff, 0xd8, 0xd0, 0xc8, 0xff,
    0xd0, 0xcc, 0xc8, 0xff, 0xd8, 0xd0, 0xd0, 0xff, 0xd0, 0xd0, 0xc8, 0xff,
    0xd8, 0xcc, 0xc8, 0xff, 0xd0, 0xd0, 0xd0, 0xff, 0xd8, 0xcc, 0xc8, 0xff,
    0xd0, 0xd0, 0xc8, 0xff, 0xd8, 0xcc, 0xd0, 0xff, 0xd0, 0xd0, 0xc8, 0xff,
    0xd8, 0xcc, 0xc8, 0xff, 0xd0, 0xd0, 0xd0, 0xff, 0xd8, 0xd0, 0xc8, 0xff,
    0xd0, 0xcc, 0xc8, 0xff, 0xd8, 0xd0, 0xd0, 0xff, 0xd0, 0xcc, 0xc8, 0xff,
    0xd8, 0xd0, 0xc8, 0xff, 0xd0, 0xcc, 0xd0, 0xff, 0xd8, 0xd0, 0xc8, 0xff,
    0xd0, 0xcc, 0xc8, 0xff, 0xd8, 0xd0, 0xd0, 0xff, 0xd0, 0xd0, 0xc8, 0xff,
    0xd8, 0xcc, 0xc8, 0xff, 0xd0, 0xd0, 0xd0, 0xff, 0xd8, 0xcc, 0xc8, 0xff,
    0xd0, 0xd0, 0xc8, 0xff, 0xd8, 0xcc, 0xd0, 0xff, 0xd0, 0xd0, 0xc8, 0xff,
    0xd8, 0xcc, 0xc8, 0xff, 0xd0, 0xd0, 0xd0, 0xff, 0xd8, 0xd0, 0xc8, 0xff,
    0xd0, 0xcc, 0xc8, 0xff, 0xd8, 0xd0, 0xd0, 0xff, 0xd0, 0xcc, 0xc8, 0xff,
    0xd8, 0xd0, 0xc8, 0xff, 0xd0, 0xcc, 0xd0, 0xff, 0xd8, 0xd0, 0xc8, 0xff,
    0xd0, 0xcc, 0xc8, 0xff, 0xd8, 0xd0, 0xd0, 0xff, 0xd0, 0xd0, 0xc8, 0xff,
    0xd8, 0xcc, 0xc8, 0xff, 0xd0, 0xd0, 0xd0, 0xff, 0xd8, 0xcc, 0xc8, 0xff,
    0xd0, 0xd0, 0xc8, 0xff, 0xd8, 0xcc, 0xd0, 0xff, 0xd0, 0xd0, 0xc8, 0xff,
    0xd8, 0xcc, 0xc8, 0xff, 0xd0, 0xd0, 0xd0, 0xff, 0xd8, 0xd0, 0xc8, 0xff,
    0xd0, 0xcc, 0xc8, 0xff, 0xd8, 0xd0, 0xd0, 0xff, 0xd0, 0xcc, 0xc8, 0xff,
    0xd8, 0xd0, 0xc8, 0xff, 0xd0, 0xcc, 0xd0, 0xff, 0xd8, 0xd0, 0xc8, 0xff,
    0xd0, 0xcc, 0xc8, 0xff, 0xd8, 0xd0, 0xd0, 0xff, 0xd0, 0xd0, 0xc8, 0xff,
    0xd8, 0xcc, 0xc8, 0xff, 0xd0, 0xd0, 0xd0, 0xff, 0xd8, 0xcc, 0xc8, 0xff,
    0xd0, 0xd0, 0xc8, 0xff, 0xd8, 0xcc, 0xd0, 0xff, 0xd0, 0xd0, 0xc8, 0xff,
    0xd8, 0xcc, 0xc8, 0xff, 0xd0, 0xd0, 0xd0, 0xff, 0xd8, 0xd0, 0xc8, 0xff,
    0xd0, 0xcc, 0xc8, 0xff, 0xd8, 0xd0, 0xd0, 0xff, 0xd0, 0xcc, 0xc8, 0xff,
    0xd8, 0xd0, 0xc8, 0xff, 0xd0, 0xcc, 0xd0, 0xff, 0xd8, 0xd0, 0xc8, 0xff,
    0xd0, 0xcc, 0xc8, 0xff, 0xd8, 0xd0, 0xd0, 0xff, 0xd0, 0xd0, 0xc8, 0xff,
    0xd8, 0xcc, 0xc8, 0xff, 0xd0, 0xd0, 0xd0, 0xff, 0xd8, 0xcc, 0xc8, 0xff,
    0xd0, 0xd0, 0xc8, 0xff, 0xd8, 0xcc, 0xd0, 0xff, 0xd0, 0xd0, 0xc8, 0xff,
    0xd8, 0xcc, 0xc8, 0xff, 0xd0, 0xd0, 0xd0, 0xff, 0xd8, 0xd0, 0xc8, 0xff,
    0xd0, 0xcc, 0xc8, 0xff, 0xd8, 0xd0, 0xd0, 0xff, 0xd0, 0xcc, 0xc8, 0xff,
    0xd8, 0xd0, 0xc8, 0xff, 0xd0, 0xcc, 0xd0, 0xff, 0xd8, 0xd0, 0xc8, 0xff,
    0xd0, 0xcc, 0xc8, 0xff, 0xd8, 0xd0, 0xd0, 0xff, 0xd0, 0xd0, 0xc8, 0xff,
    0xd8, 0xcc, 0xc8, 0xff, 0xd0, 0xd0, 0xd0, 0xff, 0xd8, 0xcc, 0xc8, 0xff,
    0xd0, 0xd0, 0xc8, 0xff, 0xd8, 0xcc, 0xd0, 0xff, 0xd0, 0xd0, 0xc8, 0xff,
    0xd8, 0xcc, 0xc8, 0xff, 0xd0, 0xd0, 0xd0, 0xff, 0xd8, 0xd0, 0xc8, 0xff,
    0xd0, 0xcc, 0xc8, 0xff, 0xd8, 0xd0, 0xd0, 0xff, 0xd0, 0xcc, 0xc8, 0xff,
    0xd8, 0xd0, 0xc8, 0xff, 0xd0, 0xcc, 0xd0, 0xff, 0xd8, 0xd0, 0xc8, 0xff,
    0xd0, 0xcc, 0xc8, 0xff, 0xd8, 0xd0, 0xd0, 0xff, 0xd0, 0xd0, 0xc8, 0xff,
    0xd8, 0xcc, 0xc8, 0xff, 0xd0, 0xd0, 0xd0, 0xff, 0xd8, 0xcc, 0xc8, 0xff,
    0xd0, 0xd0, 0xc8, 0xff, 0xd8, 0xcc, 0xd0, 0xff, 0xd0, 0xd0, 0xc8, 0xff,
    0xd8, 0xcc, 0xc8, 0xff, 0xd0, 0xd0, 0xd0, 0xff, 0xd8, 0xd0, 0xc8, 0xff,
    0xd0, 0xcc, 0xc8, 0xff, 0xd8, 0xd0, 0xd0, 0xff, 0xd0, 0xcc, 0xc8, 0xff,
    0xd8, 0xd0, 0xc8, 0xff, 0xd0, 0xcc, 0xd0, 0xff, 0xd8, 0xd0, 0xc8, 0xff,
    0xd0, 0xcc, 0xc8, 0xff, 0xd8, 0xd0, 0xd0, 0xff, 0xd0, 0xd0, 0xc8, 0xff,
    0xd8, 0xcc, 0xc8, 0xff, 0xd0, 0xd0, 0xd0, 0xff, 0xd8, 0xcc, 0xc8, 0xff,
    0xd0, 0xd0, 0xc8, 0xff, 0xd8, 0xcc, 0xd0, 0xff, 0xd0, 0xd0, 0xc8, 0xff,
    0xd8, 0xcc, 0xc8, 0xff, 0xd0, 0xd0, 0xd0, 0xff, 0xd8, 0xd0, 0xc8, 0xff,
    0xd0, 0xcc, 0xc8, 0xff, 0xd8, 0xd0, 0xd0, 0xff, 0xd0, 0xcc, 0xc8, 0xff,
    0xd8, 0xd0, 0xc8, 0xff, 0xd0, 0xcc, 0xd0, 0xff, 0xd8, 0xd0, 0xc8, 0xff,
    0xd0, 0xcc, 0xc8, 0xff, 0xd8, 0xd0, 0xd0, 0xff, 0xd0, 0xd0, 0xc8, 0xff,
    0xd8, 0xcc, 0xc8, 0xff, 0xd0, 0xd0, 0xd0, 0xff, 0xd8, 0xcc, 0xc8, 0xff,
    0xd0, 0xd0, 0xc8, 0xff, 0xd8, 0xcc, 0xd0, 0xff, 0xd0, 0xd0, 0xc8, 0xff,
    0xd8, 0xcc, 0xc8, 0xff, 0xd0, 0xd0, 0xd0, 0xff, 0xd8, 0xd0, 0xc8, 0xff,
    0xd0, 0xcc, 0xc8, 0xff, 0xd8, 0xd0, 0xd0, 0xff, 0xd0, 0xcc, 0xc8, 0xff,
    0xd8, 0xd0, 0xc8, 0xff, 0xd0, 0xcc, 0xd0, 0xff, 0xd8, 0xd0, 0xc8, 0xff,
    0xd0, 0xcc, 0xc8, 0xff, 0xd8, 0xd0, 0xd0, 0xff, 0xd0, 0xd0, 0xc8, 0xff,
    0xd8, 0xcc, 0xc8, 0xff, 0xd0, 0xd0, 0xd0, 0xff, 0xd8, 0xcc, 0xc8, 0xff,
    0xd0, 0xd0, 0xc8, 0xff, 0xd8, 0xcc, 0xd0, 0xff, 0xd0, 0xd0, 0xc8, 0xff,
    0xd8, 0xcc, 0xc8, 0xff, 0xd0, 0xd0, 0xd0, 0xff, 0xd8, 0xcc, 0xc8, 0xff,
    0xd8, 0xcc, 0xc8, 0xff, 0xd0, 0xd0, 0xc8, 0xff, 0xd8, 0xd0, 0xc8, 0xff,
    0xd8, 0xcc, 0xc8, 0xff, 0xd8, 0xd0, 0xc8, 0xff, 0xd0, 0xcc, 0xd0, 0xff,
    0xd8, 0xd0, 0xc8, 0xff, 0xd8, 0xcc, 0xc8, 0xff, 0xd0, 0xcc, 0xc8, 0x71,
    0xd0, 0xcc, 0xc8, 0xcb, 0xd8, 0xcc, 0xd0, 0xff, 0xd8, 0xd0, 0xd0, 0xff,
    0xd0, 0xcc, 0xc8, 0xff, 0xd0, 0xd0, 0xd0, 0xff, 0xd8, 0xd0, 0xc8, 0xff,
    0xd8, 0xcc, 0xd0, 0xff, 0xd0, 0xd0, 0xc8, 0xff, 0xd8, 0xd0, 0xd0, 0xff,
    0xd8, 0xcc, 0xc8, 0xff, 0xd0, 0xd0, 0xd0, 0xff, 0xd8, 0xd0, 0xc8, 0xff,
    0xd8, 0xcc, 0xd0, 0xff, 0xd0, 0xcc, 0xc8, 0xff, 0xd8, 0xd0, 0xc8, 0xff,
    0xd8, 0xcc, 0xd0, 0xff, 0xd0, 0xcc, 0xc8, 0xff, 0xd8, 0xd0, 0xc8, 0xff,
    0xd8, 0xcc, 0xd0, 0xff, 0xd0, 0xcc, 0xc8, 0xff, 0xd8, 0xd0, 0xc8, 0xff,
    0xd8, 0xd0, 0xd0, 0xff, 0xd0, 0xcc, 0xc8, 0xff, 0xd8, 0xcc, 0xc8, 0xff,
    0xd8, 0xd0, 0xd0, 0xff, 0xd0, 0xcc, 0xc8, 0xff, 0xd8, 0xd0, 0xc8, 0xff,
    0xd8, 0xcc, 0xd0, 0xff, 0xd0, 0xcc, 0xc8, 0xff, 0xd8, 0xd0, 0xc8, 0xff,
    0xd8, 0xcc, 0xd0, 0xff, 0xd0, 0xd0, 0xc8, 0xff, 0xd8, 0xd0, 0xc8, 0xff,
    0xd8, 0xcc, 0xd0, 0xff, 0xd0, 0xd0, 0xc8, 0xff, 0xd8, 0xcc, 0xc8, 0xff,
    0xd8, 0xd0, 0xd0, 0xff, 0xd0, 0xcc, 0xc8, 0xff, 0xd8, 0xcc, 0xc8, 0xff,
    0xd8, 0xd0, 0xd0, 0xff, 0xd0, 0xd0, 0xc8, 0xff, 0xd8, 0xcc, 0xc8, 0xff,
    0xd8, 0xd0, 0xd0, 0xff, 0xd0, 0xd0, 0xc8, 0xff, 0xd8, 0xcc, 0xc8, 0xff,
    0xd8, 0xcc, 0xd0, 0xff, 0xd0, 0xd0, 0xc8, 0xff, 0xd8, 0xcc, 0xc8, 0xff,
    0xd8, 0xd0, 0xd0, 0xff, 0xd0, 0xcc, 0xc8, 0xff, 0xd8, 0xd0, 0xc8, 0xff,
    0xd8, 0xcc, 0xd0, 0xff, 0xd0, 0xd0, 0xc8, 0xff, 0xd8, 0xcc, 0xc8, 0xff,
    0xd8, 0xd0, 0xd0, 0xff, 0xd0, 0xcc, 0xc8, 0xff, 0xd8, 0xcc, 0xc8, 0xff,
    0xd8, 0xd0, 0xd0, 0xff, 0xd0, 0xd0, 0xc8, 0xff, 0xd8, 0xcc, 0xc8, 0xff,
    0xd8, 0xd0, 0xd0, 0xff, 0xd0, 0xd0, 0xc8, 0xff, 0xd8, 0xcc, 0xc8, 0xff,
    0xd8, 0xcc, 0xd0, 0xff, 0xd0, 0xd0, 0xc8, 0xff, 0xd8, 0xcc, 0xc8, 0xff,
    0xd8, 0xd0, 0xd0, 0xff, 0xd0, 0xcc, 0xc8, 0xff, 0xd8, 0xd0, 0xc8, 0xff,
    0xd8, 0xcc, 0xd0, 0xff, 0xd0, 0xd0, 0xc8, 0xff, 0xd8, 0xcc, 0xc8, 0xff,
    0xd8, 0xd0, 0xd0, 0xff, 0xd0, 0xcc, 0xc8, 0xff, 0xd8, 0xcc, 0xc8, 0xff,
    0xd8, 0xd0, 0xd0, 0xff, 0xd0, 0xd0, 0xc8, 0xff, 0xd8, 0xcc, 0xc8, 0xff,
    0xd8, 0xd0, 0xd0, 0xff, 0xd0, 0xd0, 0xc8, 0xff, 0xd8, 0xcc, 0xc8, 0xff,
    0xd8, 0xcc, 0xd0, 0xff, 0xd0, 0xd0, 0xc8, 0xff, 0xd8, 0xcc, 0xc8, 0xff,
    0xd8, 0xd0, 0xd0, 0xff, 0xd0, 0xcc, 0xc8, 0xff, 0xd8, 0xd0, 0xc8, 0xff,
    0xd8, 0xcc, 0xd0, 0xff, 0xd0, 0xd0, 0xc8, 0xff, 0xd8, 0xcc, 0xc8, 0xff,
    0xd8, 0xd0, 0xd0, 0xff, 0xd0, 0xcc, 0xc8, 0xff, 0xd8, 0xcc, 0xc8, 0xff,
    0xd8, 0xd0, 0xd0, 0xff, 0xd0, 0xd0, 0xc8, 0xff, 0xd8, 0xcc, 0xc8, 0xff,
    0xd8, 0xd0, 0xd0, 0xff, 0xd0, 0xd0, 0xc8, 0xff, 0xd8, 0xcc, 0xc8, 0xff,
    0xd8, 0xcc, 0xd0, 0xff, 0xd0, 0xd0, 0xc8, 0xff, 0xd8, 0xcc, 0xc8, 0xff,
    0xd8, 0xd0, 0xd0, 0xff, 0xd0, 0xcc, 0xc8, 0xff, 0xd8, 0xd0, 0xc8, 0xff,
    0xd8, 0xcc, 0xd0, 0xff, 0xd0, 0xd0, 0xc8, 0xff, 0xd8, 0xcc, 0xc8, 0xff,
    0xd8, 0xd0, 0xd0, 0xff, 0xd0, 0xcc, 0xc8, 0xff, 0xd8, 0xcc, 0xc8, 0xff,
    0xd8, 0xd0, 0xd0, 0xff, 0xd0, 0xd0, 0xc8, 0xff, 0xd8, 0xcc, 0xc8, 0xff,
    0xd8, 0xd0, 0xd0, 0xff, 0xd0, 0xd0, 0xc8, 0xff, 0xd8, 0xcc, 0xc8, 0xff,
    0xd8, 0xcc, 0xd0, 0xff, 0xd0, 0xd0, 0xc8, 0xff, 0xd8, 0xcc, 0xc8, 0xff,
    0xd8, 0xd0, 0xd0, 0xff, 0xd0, 0xcc, 0xc8, 0xff, 0xd8, 0xd0, 0xc8, 0xff,
    0xd8, 0xcc, 0xd0, 0xff, 0xd0, 0xd0, 0xc8, 0xff, 0xd8, 0xcc, 0xc8, 0xff,
    0xd8, 0xd0, 0xd0, 0xff, 0xd0, 0xcc, 0xc8, 0xff, 0xd8, 0xcc, 0xc8, 0xff,
    0xd8, 0xd0, 0xd0, 0xff, 0xd0, 0xd0, 0xc8, 0xff, 0xd8, 0xcc, 0xc8, 0xff,
    0xd8, 0xd0, 0xd0, 0xff, 0xd0, 0xd0, 0xc8, 0xff, 0xd8, 0xcc, 0xc8, 0xff,
    0xd8, 0xcc, 0xd0, 0xff, 0xd0, 0xd0, 0xc8, 0xff, 0xd8, 0xcc, 0xc8, 0xff,
    0xd8, 0xd0, 0xd0, 0xff, 0xd0, 0xcc, 0xc8, 0xff, 0xd8, 0xd0, 0xc8, 0xff,
    0xd8, 0xcc, 0xd0, 0xff, 0xd0, 0xd0, 0xc8, 0xff, 0xd8, 0xcc, 0xc8, 0xff,
    0xd8, 0xd0, 0xd0, 0xff, 0xd0, 0xcc, 0xc8, 0xff, 0xd8, 0xcc, 0xc8, 0xff,
    0xd8, 0xd0, 0xd0, 0xff, 0xd0, 0xd0, 0xc8, 0xff, 0xd8, 0xcc, 0xc8, 0xff,
    0xd8, 0xd0, 0xd0, 0xff, 0xd0, 0xd0, 0xc8, 0xff, 0xd8, 0xcc, 0xc8, 0xff,
    0xd8, 0xcc, 0xd0, 0xff, 0xd0, 0xd0, 0xc8, 0xff, 0xd8, 0xcc, 0xc8, 0xff,
    0xd8, 0xd0, 0xd0, 0xff, 0xd0, 0xcc, 0xc8, 0xff, 0xd8, 0xd0, 0xc8, 0xff,
    0xd8, 0xcc, 0xd0, 0xff, 0xd0, 0xd0, 0xc8, 0xff, 0xd8, 0xcc, 0xc8, 0xff,
    0xd8, 0xd0, 0xd0, 0xff, 0xd0, 0xcc, 0xc8, 0xff, 0xd8, 0xcc, 0xc8, 0xff,
    0xd8, 0xd0, 0xd0, 0xff, 0xd0, 0xd0, 0xc8, 0xff, 0xd8, 0xcc, 0xc8, 0xff,
    0xd8, 0xd0, 0xd0, 0xff, 0xd0, 0xd0, 0xc8, 0xff, 0xd8, 0xcc, 0xc8, 0xff,
    0xd8, 0xcc, 0xd0, 0xff, 0xd0, 0xd0, 0xc8, 0xff, 0xd8, 0xcc, 0xc8, 0xff,
    0xd8, 0xd0, 0xd0, 0xff, 0xd0, 0xcc, 0xc8, 0xff, 0xd8, 0xd0, 0xc8, 0xff,
    0xd8, 0xcc, 0xd0, 0xff, 0xd0, 0xd0, 0xc8, 0xff, 0xd8, 0xcc, 0xc8, 0xff,
    0xd8, 0xd0, 0xd0, 0xff, 0xd0, 0xcc, 0xc8, 0xff, 0xd8, 0xcc, 0xc8, 0xff,
    0xd8, 0xd0, 0xd0, 0xff, 0xd0, 0xd0, 0xc8, 0xff, 0xd8, 0xcc, 0xc8, 0xff,
    0xd8, 0xd0, 0xd0, 0xff, 0xd0, 0xd0, 0xc8, 0xff, 0xd8, 0xcc, 0xc8, 0xff,
    0xd8, 0xcc, 0xd0, 0xff, 0xd0, 0xd0, 0xc8, 0xff, 0xd8, 0xcc, 0xc8, 0xff,
    0xd8, 0xd0, 0xd0, 0xff, 0xd0, 0xcc, 0xc8, 0xff, 0xd8, 0xd0, 0xc8, 0xff,
    0xd8, 0xcc, 0xd0, 0xff, 0xd0, 0xd0, 0xc8, 0xff, 0xd8, 0xcc, 0xc8, 0xff,
    0xd8, 0xd0, 0xd0, 0xff, 0xd0, 0xcc, 0xc8, 0xff, 0xd8, 0xcc, 0xc8, 0xff,
    0xd8, 0xd0, 0xd0, 0xff, 0xd0, 0xd0, 0xc8, 0xff, 0xd8, 0xcc, 0xc8, 0xff,
    0xd8, 0xd0, 0xd0, 0xff, 0xd0, 0xd0, 0xc8, 0xff, 0xd8, 0xcc, 0xc8, 0xff,
    0xd8, 0xcc, 0xd0, 0xff, 0xd0, 0xd0, 0xc8, 0xff, 0xd8, 0xcc, 0xc8, 0xff,
    0xd8, 0xd0, 0xd0, 0xff, 0xd0, 0xcc, 0xc8, 0xff, 0xd8, 0xd0, 0xc8, 0xff,
    0xd8, 0xcc, 0xd0, 0xff, 0xd0, 0xd0, 0xc8, 0xff, 0xd8, 0xcc, 0xc8, 0xff,
    0xd8, 0xd0, 0xd0, 0xff, 0xd0, 0xcc, 0xc8, 0xff, 0xd8, 0xcc, 0xc8, 0xff,
    0xd8, 0xd0, 0xd0, 0xff, 0xd0, 0xd0, 0xc8, 0xff, 0xd8, 0xcc, 0xc8, 0xff,
    0xd8, 0xd0, 0xd0, 0xff, 0xd0, 0xd0, 0xc8, 0xff, 0xd8, 0xcc, 0xc8, 0xff,
    0xd8, 0xcc, 0xd0, 0xff, 0xd0, 0xd0, 0xc8, 0xff, 0xd8, 0xcc, 0xc8, 0xff,
    0xd8, 0xd0, 0xd0, 0xff, 0xd0, 0xcc, 0xc8, 0xff, 0xd8, 0xd0, 0xc8, 0xff,
    0xd8, 0xcc, 0xd0, 0xff, 0xd0, 0xd0, 0xc8, 0xff, 0xd8, 0xcc, 0xc8, 0xff,
    0xd8, 0xd0, 0xd0, 0xff, 0xd0, 0xcc, 0xc8, 0xff, 0xd8, 0xcc, 0xc8, 0xff,
    0xd8, 0xd0, 0xd0, 0xff, 0xd0, 0xd0, 0xc8, 0xff, 0xd8, 0xcc, 0xc8, 0xff,
    0xd8, 0xd0, 0xd0, 0xff, 0xd0, 0xd0, 0xc8, 0xff, 0xd8, 0xcc, 0xc8, 0xff,
    0xd8, 0xcc, 0xd0, 0xff, 0xd0, 0xd0, 0xc8, 0xff, 0xd8, 0xcc, 0xc8, 0xff,
    0xd8, 0xd0, 0xd0, 0xff, 0xd0, 0xcc, 0xc8, 0xff, 0xd8, 0xd0, 0xc8, 0xff,
    0xd8, 0xcc, 0xd0, 0xff, 0xd0, 0xd0, 0xc8, 0xff, 0xd8, 0xcc, 0xc8, 0xff,
    0xd8, 0xd0, 0xd0, 0xff, 0xd0, 0xcc, 0xc8, 0xff, 0xd8, 0xcc, 0xc8, 0xff,
    0xd8, 0xd0, 0xd0, 0xff, 0xd0, 0xd0, 0xc8, 0xff, 0xd8, 0xcc, 0xc8, 0xff,
    0xd8, 0xd0, 0xd0, 0xff, 0xd0, 0xd0, 0xc8, 0xff, 0xd8, 0xcc, 0xc8, 0xff,
    0xd8, 0xcc, 0xd0, 0xff, 0xd0, 0xd0, 0xc8, 0xff, 0xd8, 0xcc, 0xc8, 0xff,
    0xd8, 0xd0, 0xd0, 0xff, 0xd0, 0xcc, 0xc8, 0xff, 0xd8, 0xd0, 0xc8, 0xff,
    0xd8, 0xcc, 0xd0, 0xff, 0xd0, 0xd0, 0xc8, 0xff, 0xd8, 0xcc, 0xc8, 0xff,
    0xd8, 0xd0, 0xd0, 0xff, 0xd0, 0xcc, 0xc8, 0xff, 0xd8, 0xcc, 0xc8, 0xff,
    0xd8, 0xd0, 0xd0, 0xff, 0xd0, 0xd0, 0xc8, 0xff, 0xd8, 0xcc, 0xc8, 0xff,
    0xd8, 0xd0, 0xd0, 0xff, 0xd0, 0xd0, 0xc8, 0xff, 0xd8, 0xcc, 0xc8, 0xff,
    0xd8, 0xcc, 0xd0, 0xff, 0xd0, 0xd0, 0xc8, 0xff, 0xd8, 0xcc, 0xc8, 0xff,
    0xd8, 0xd0, 0xd0, 0xff, 0xd0, 0xcc, 0xc8, 0xff, 0xd8, 0xd0, 0xc8, 0xff,
    0xd8, 0xcc, 0xd0, 0xff, 0xd0, 0xd0, 0xc8, 0xff, 0xd8, 0xcc, 0xc8, 0xff,
    0xd8, 0xd0, 0xd0, 0xff, 0xd0, 0xcc, 0xc8, 0xff, 0xd8, 0xcc, 0xc8, 0xff,
    0xd8, 0xd0, 0xd0, 0xff, 0xd0, 0xd0, 0xc8, 0xff, 0xd8, 0xcc, 0xc8, 0xff,
    0xd8, 0xd0, 0xd0, 0xff, 0xd0, 0xd0, 0xc8, 0xff, 0xd8, 0xcc, 0xc8, 0xff,
    0xd8, 0xcc, 0xd0, 0xff, 0xd0, 0xd0, 0xc8, 0xff, 0xd8, 0xcc, 0xc8, 0xff,
    0xd8, 0xd0, 0xd0, 0xff, 0xd0, 0xcc, 0xc8, 0xff, 0xd8, 0xd0, 0xc8, 0xff,
    0xd8, 0xcc, 0xd0, 0xff, 0xd0, 0xd0, 0xc8, 0xff, 0xd8, 0xcc, 0xc8, 0xff,
    0xd8, 0xd0, 0xd0, 0xff, 0xd0, 0xcc, 0xc8, 0xff, 0xd8, 0xcc, 0xc8, 0xff,
    0xd8, 0xd0, 0xd0, 0xff, 0xd0, 0xd0, 0xc8, 0xff, 0xd8, 0xcc, 0xc8, 0xff,
    0xd8, 0xd0, 0xd0, 0xff, 0xd0, 0xd0, 0xc8, 0xff, 0xd8, 0xcc, 0xc8, 0xff,
    0xd8, 0xcc, 0xd0, 0xff, 0xd0, 0xd0, 0xc8, 0xff, 0xd8, 0xcc, 0xc8, 0xff,
    0xd8, 0xd0, 0xd0, 0xff, 0xd0, 0xcc, 0xc8, 0xff, 0xd8, 0xd0, 0xc8, 0xff,
    0xd8, 0xcc, 0xd0, 0xff, 0xd0, 0xd0, 0xc8, 0xff, 0xd8, 0xcc, 0xc8, 0xff,
    0xd8, 0xd0, 0xd0, 0xff, 0xd0, 0xd0, 0xc8, 0xff, 0xd8, 0xcc, 0xd0, 0xff,
    0xd8, 0xd0, 0xd0, 0xff, 0xd0, 0xcc, 0xc8, 0xff, 0xd8, 0xcc, 0xd0, 0xff,
    0xd0, 0xd0, 0xc8, 0xff, 0xd8, 0xcc, 0xc8, 0xff, 0xd8, 0xd0, 0xd0, 0xff,
    0xd0, 0xd0, 0xc8, 0xff, 0xd8, 0xcc, 0xd0, 0xff, 0xd0, 0xcc, 0xc8, 0xcb,
    0xd0, 0xcc, 0xc8, 0xf7, 0xd8, 0xd0, 0xc8, 0xff, 0xd8, 0xcc, 0xc8, 0xff,
    0xd0, 0xcc, 0xd0, 0xff, 0xd8, 0xd0, 0xc8, 0xff, 0xd8, 0xcc, 0xc8, 0xff,
    0xd0, 0xcc, 0xc8, 0xff, 0xd8, 0xd0, 0xd0, 0xff, 0xd8, 0xcc, 0xc8, 0xff,
    0xd0, 0xcc, 0xc8, 0xff, 0xd8, 0xd0, 0xd0, 0xff, 0xd8, 0xcc, 0xc8, 0xff,
    0xd0, 0xd0, 0xc8, 0xff, 0xd8, 0xcc, 0xd0, 0xff, 0xd8, 0xd0, 0xc8, 0xff,
    0xd0, 0xd0, 0xd0, 0xff, 0xd8, 0xcc, 0xc8, 0xff, 0xd8, 0xd0, 0xc8, 0xff,
    0xd0, 0xd0, 0xd0, 0xff, 0xd8, 0xcc, 0xc8, 0xff, 0xd8, 0xd0, 0xd0, 0xff,
    0xd0, 0xcc, 0xc8, 0xff, 0xd8, 0xd0, 0xc8, 0xff, 0xd8, 0xcc, 0xd0, 0xff,
    0xd0, 0xcc, 0xc8, 0xff, 0xd8, 0xd0, 0xc8, 0xff, 0xd8, 0xd0, 0xd0, 0xff,
    0xd0, 0xcc, 0xc8, 0xff, 0xd8, 0xd0, 0xc8, 0xff, 0xd8, 0xcc, 0xd0, 0xff,
    0xd0, 0xcc, 0xc8, 0xff, 0xd8, 0xd0, 0xc8, 0xff, 0xd8, 0xcc, 0xd0, 0xff,
    0xd0, 0xcc, 0xc8, 0xff, 0xd8, 0xd0, 0xc8, 0xff, 0xd8, 0xd0, 0xd0, 0xff,
    0xd0, 0xcc, 0xc8, 0xff, 0xd8, 0xd0, 0xc8, 0xff, 0xd8, 0xcc, 0xd0, 0xff,
    0xd0, 0xcc, 0xc8, 0xff, 0xd8, 0xd0, 0xc8, 0xff, 0xd8, 0xcc, 0xd0, 0xff,
    0xd0, 0xcc, 0xc8, 0xff, 0xd8, 0xd0, 0xc8, 0xff, 0xd8, 0xcc, 0xd0, 0xff,
    0xd0, 0xd0, 0xc8, 0xff, 0xd8, 0xcc, 0xc8, 0xff, 0xd8, 0xcc, 0xd0, 0xff,
    0xd0, 0xd0, 0xc8, 0xff, 0xd8, 0xd0, 0xc8, 0xff, 0xd8, 0xcc, 0xd0, 0xff,
    0xd0, 0xd0, 0xc8, 0xff, 0xd8, 0xcc, 0xc8, 0xff, 0xd8, 0xd0, 0xd0, 0xff,
    0xd0, 0xd0, 0xc8, 0xff, 0xd8, 0xcc, 0xc8, 0xff, 0xd8, 0xcc, 0xd0, 0xff,
    0xd0, 0xd0, 0xc8, 0xff, 0xd8, 0xcc, 0xc8, 0xff, 0xd8, 0xcc, 0xd0, 0xff,
    0xd0, 0xd0, 0xc8, 0xff, 0xd8, 0xcc, 0xc8, 0xff, 0xd8, 0xd0, 0xd0, 0xff,
    0xd0, 0xd0, 0xc8, 0xff, 0xd8, 0xcc, 0xc8, 0xff, 0xd8, 0xcc, 0xd0, 0xff,
    0xd0, 0xd0, 0xc8, 0xff, 0xd8, 0xd0, 0xc8, 0xff, 0xd8, 0xcc, 0xd0, 0xff,
    0xd0, 0xd0, 0xc8, 0xff, 0xd8, 0xcc, 0xc8, 0xff, 0xd8, 0xd0, 0xd0, 0xff,
    0xd0, 0xd0, 0xc8, 0xff, 0xd8, 0xcc, 0xc8, 0xff, 0xd8, 0xcc, 0xd0, 0xff,
    0xd0, 0xd0, 0xc8, 0xff, 0xd8, 0xcc, 0xc8, 0xff, 0xd8, 0xcc, 0xd0, 0xff,
    0xd0, 0xd0, 0xc8, 0xff, 0xd8, 0xcc, 0xc8, 0xff, 0xd8, 0xd0, 0xd0, 0xff,
    0xd0, 0xd0, 0xc8, 0xff, 0xd8, 0xcc, 0xc8, 0xff, 0xd8, 0xcc, 0xd0, 0xff,
    0xd0, 0xd0, 0xc8, 0xff, 0xd8, 0xd0, 0xc8, 0xff, 0xd8, 0xcc, 0xd0, 0xff,
    0xd0, 0xd0, 0xc8, 0xff, 0xd8, 0xcc, 0xc8, 0xff, 0xd8, 0xd0, 0xd0, 0xff,
    0xd0, 0xd0, 0xc8, 0xff, 0xd8, 0xcc, 0xc8, 0xff, 0xd8, 0xcc, 0xd0, 0xff,
    0xd0, 0xd0, 0xc8, 0xff, 0xd8, 0xcc, 0xc8, 0xff, 0xd8, 0xcc, 0xd0, 0xff,
    0xd0, 0xd0, 0xc8, 0xff, 0xd8, 0xcc, 0xc8, 0xff, 0xd8, 0xd0, 0xd0, 0xff,
    0xd0, 0xd0, 0xc8, 0xff, 0xd8, 0xcc, 0xc8, 0xff, 0xd8, 0xcc, 0xd0, 0xff,
    0xd0, 0xd0, 0xc8, 0xff, 0xd8, 0xd0, 0xc8, 0xff, 0xd8, 0xcc, 0xd0, 0xff,
    0xd0, 0xd0, 0xc8, 0xff, 0xd8, 0xcc, 0xc8, 0xff, 0xd8, 0xd0, 0xd0, 0xff,
    0xd0, 0xd0, 0xc8, 0xff, 0xd8, 0xcc, 0xc8, 0xff, 0xd8, 0xcc, 0xd0, 0xff,
    0xd0, 0xd0, 0xc8, 0xff, 0xd8, 0xcc, 0xc8, 0xff, 0xd8, 0xcc, 0xd0, 0xff,
    0xd0, 0xd0, 0xc8, 0xff, 0xd8, 0xcc, 0xc8, 0xff, 0xd8, 0xd0, 0xd0, 0xff,
    0xd0, 0xd0, 0xc8, 0xff, 0xd8, 0xcc, 0xc8, 0xff, 0xd8, 0xcc, 0xd0, 0xff,
    0xd0, 0xd0, 0xc8, 0xff, 0xd8, 0xd0, 0xc8, 0xff, 0xd8, 0xcc, 0xd0, 0xff,
    0xd0, 0xd0, 0xc8, 0xff, 0xd8, 0xcc, 0xc8, 0xff, 0xd8, 0xd0, 0xd0, 0xff,
    0xd0, 0xd0, 0xc8, 0xff, 0xd8, 0xcc, 0xc8, 0xff, 0xd8, 0xcc, 0xd0, 0xff,
    0xd0, 0xd0, 0xc8, 0xff, 0xd8, 0xcc, 0xc8, 0xff, 0xd8, 0xcc, 0xd0, 0xff,
    0xd0, 0xd0, 0xc8, 0xff, 0xd8, 0xcc, 0xc8, 0xff, 0xd8, 0xd0, 0xd0, 0xff,
    0xd0, 0xd0, 0xc8, 0xff, 0xd8, 0xcc, 0xc8, 0xff, 0xd8, 0xcc, 0xd0, 0xff,
    0xd0, 0xd0, 0xc8, 0xff, 0xd8, 0xd0, 0xc8, 0xff, 0xd8, 0xcc, 0xd0, 0xff,
    0xd0, 0xd0, 0xc8, 0xff, 0xd8, 0xcc, 0xc8, 0xff, 0xd8, 0xd0, 0xd0, 0xff,
    0xd0, 0xd0, 0xc8, 0xff, 0xd8, 0xcc, 0xc8, 0xff, 0xd8, 0xcc, 0xd0, 0xff,
    0xd0, 0xd0, 0xc8, 0xff, 0xd8, 0xcc, 0xc8, 0xff, 0xd8, 0xcc, 0xd0, 0xff,
    0xd0, 0xd0, 0xc8, 0xff, 0xd8, 0xcc, 0xc8, 0xff, 0xd8, 0xd0, 0xd0, 0xff,
    0xd0, 0xd0, 0xc8, 0xff, 0xd8, 0xcc, 0xc8, 0xff, 0xd8, 0xcc, 0xd0, 0xff,
    0xd0, 0xd0, 0xc8, 0xff, 0xd8, 0xd0, 0xc8, 0xff, 0xd8, 0xcc, 0xd0, 0xff,
    0xd0, 0xd0, 0xc8, 0xff, 0xd8, 0xcc, 0xc8, 0xff, 0xd8, 0xd0, 0xd0, 0xff,
    0xd0, 0xd0, 0xc8, 0xff, 0xd8, 0xcc, 0xc8, 0xff, 0xd8, 0xcc, 0xd0, 0xff,
    0xd0, 0xd0, 0xc8, 0xff, 0xd8, 0xcc, 0xc8, 0xff, 0xd8, 0xcc, 0xd0, 0xff,
    0xd0, 0xd0, 0xc8, 0xff, 0xd8, 0xcc, 0xc8, 0xff, 0xd8, 0xd0, 0xd0, 0xff,
    0xd0, 0xd0, 0xc8, 0xff, 0xd8, 0xcc, 0xc8, 0xff, 0xd8, 0xcc, 0xd0, 0xff,
    0xd0, 0xd0, 0xc8, 0xff, 0xd8, 0xd0, 0xc8, 0xff, 0xd8, 0xcc, 0xd0, 0xff,
    0xd0, 0xd0, 0xc8, 0xff, 0xd8, 0xcc, 0xc8, 0xff, 0xd8, 0xd0, 0xd0, 0xff,
    0xd0, 0xd0, 0xc8, 0xff, 0xd8, 0xcc, 0xc8, 0xff, 0xd8, 0xcc, 0xd0, 0xff,
    0xd0, 0xd0, 0xc8, 0xff, 0xd8, 0xcc, 0xc8, 0xff, 0xd8, 0xcc, 0xd0, 0xff,
    0xd0, 0xd0, 0xc8, 0xff, 0xd8, 0xcc, 0xc8, 0xff, 0xd8, 0xd0, 0xd0, 0xff,
    0xd0, 0xd0, 0xc8, 0xff, 0xd8, 0xcc, 0xc8, 0xff, 0xd8, 0xcc, 0xd0, 0xff,
    0xd0, 0xd0, 0xc8, 0xff, 0xd8, 0xd0, 0xc8, 0xff, 0xd8, 0xcc, 0xd0, 0xff,
    0xd0, 0xd0, 0xc8, 0xff, 0xd8, 0xcc, 0xc8, 0xff, 0xd8, 0xd0, 0xd0, 0xff,
    0xd0, 0xd0, 0xc8, 0xff, 0xd8, 0xcc, 0xc8, 0xff, 0xd8, 0xcc, 0xd0, 0xff,
    0xd0, 0xd0, 0xc8, 0xff, 0xd8, 0xcc, 0xc8, 0xff, 0xd8, 0xcc, 0xd0, 0xff,
    0xd0, 0xd0, 0xc8, 0xff, 0xd8, 0xcc, 0xc8, 0xff, 0xd8, 0xd0, 0xd0, 0xff,
    0xd0, 0xd0, 0xc8, 0xff, 0xd8, 0xcc, 0xc8, 0xff, 0xd8, 0xcc, 0xd0, 0xff,
    0xd0, 0xd0, 0xc8, 0xff, 0xd8, 0xd0, 0xc8, 0xff, 0xd8, 0xcc, 0xd0, 0xff,
    0xd0, 0xd0, 0xc8, 0xff, 0xd8, 0xcc, 0xc8, 0xff, 0xd8, 0xd0, 0xd0, 0xff,
    0xd0, 0xd0, 0xc8, 0xff, 0xd8, 0xcc, 0xc8, 0xff, 0xd8, 0xcc, 0xd0, 0xff,
    0xd0, 0xd0, 0xc8, 0xff, 0xd8, 0xcc, 0xc8, 0xff, 0xd8, 0xcc, 0xd0, 0xff,
    0xd0, 0xd0, 0xc8, 0xff, 0xd8, 0xcc, 0xc8, 0xff, 0xd8, 0xd0, 0xd0, 0xff,
    0xd0, 0xd0, 0xc8, 0xff, 0xd8, 0xcc, 0xc8, 0xff, 0xd8, 0xcc, 0xd0, 0xff,
    0xd0, 0xd0, 0xc8, 0xff, 0xd8, 0xd0, 0xc8, 0xff, 0xd8, 0xcc, 0xd0, 0xff,
    0xd0, 0xd0, 0xc8, 0xff, 0xd8, 0xcc, 0xc8, 0xff, 0xd8, 0xd0, 0xd0, 0xff,
    0xd0, 0xd0, 0xc8, 0xff, 0xd8, 0xcc, 0xc8, 0xff, 0xd8, 0xcc, 0xd0, 0xff,
    0xd0, 0xd0, 0xc8, 0xff, 0xd8, 0xcc, 0xc8, 0xff, 0xd8, 0xcc, 0xd0, 0xff,
    0xd0, 0xd0, 0xc8, 0xff, 0xd8, 0xcc, 0xc8, 0xff, 0xd8, 0xd0, 0xd0, 0xff,
    0xd0, 0xd0, 0xc8, 0xff, 0xd8, 0xcc, 0xc8, 0xff, 0xd8, 0xcc, 0xd0, 0xff,
    0xd0, 0xd0, 0xc8, 0xff, 0xd8, 0xd0, 0xc8, 0xff, 0xd8, 0xcc, 0xd0, 0xff,
    0xd0, 0xd0, 0xc8, 0xff, 0xd8, 0xcc, 0xc8, 0xff, 0xd8, 0xd0, 0xd0, 0xff,
    0xd0, 0xd0, 0xc8, 0xff, 0xd8, 0xcc, 0xc8, 0xff, 0xd8, 0xcc, 0xd0, 0xff,
    0xd0, 0xd0, 0xc8, 0xff, 0xd8, 0xcc, 0xc8, 0xff, 0xd8, 0xcc, 0xd0, 0xff,
    0xd0, 0xd0, 0xc8, 0xff, 0xd8, 0xcc, 0xc8, 0xff, 0xd8, 0xd0, 0xd0, 0xff,
    0xd0, 0xd0, 0xc8, 0xff, 0xd8, 0xcc, 0xc8, 0xff, 0xd8, 0xcc, 0xd0, 0xff,
    0xd0, 0xd0, 0xc8, 0xff, 0xd8, 0xd0, 0xc8, 0xff, 0xd8, 0xcc, 0xd0, 0xff,
    0xd0, 0xd0, 0xc8, 0xff, 0xd8, 0xcc, 0xc8, 0xff, 0xd8, 0xd0, 0xd0, 0xff,
    0xd0, 0xd0, 0xc8, 0xff, 0xd8, 0xcc, 0xc8, 0xff, 0xd8, 0xcc, 0xd0, 0xff,
    0xd0, 0xd0, 0xc8, 0xff, 0xd8, 0xcc, 0xc8, 0xff, 0xd8, 0xcc, 0xd0, 0xff,
    0xd0, 0xd0, 0xc8, 0xff, 0xd8, 0xcc, 0xc8, 0xff, 0xd8, 0xd0, 0xd0, 0xff,
    0xd0, 0xd0, 0xc8, 0xff, 0xd8, 0xcc, 0xc8, 0xff, 0xd8, 0xcc, 0xd0, 0xff,
    0xd0, 0xd0, 0xc8, 0xff, 0xd8, 0xd0, 0xc8, 0xff, 0xd8, 0xcc, 0xd0, 0xff,
    0xd0, 0xd0, 0xc8, 0xff, 0xd8, 0xcc, 0xc8, 0xff, 0xd8, 0xd0, 0xd0, 0xff,
    0xd0, 0xd0, 0xc8, 0xff, 0xd8, 0xcc, 0xc8, 0xff, 0xd8, 0xcc, 0xd0, 0xff,
    0xd0, 0xd0, 0xc8, 0xff, 0xd8, 0xcc, 0xc8, 0xff, 0xd8, 0xcc, 0xd0, 0xff,
    0xd0, 0xd0, 0xc8, 0xff, 0xd8, 0xcc, 0xc8, 0xff, 0xd8, 0xd0, 0xd0, 0xff,
    0xd0, 0xd0, 0xc8, 0xff, 0xd8, 0xcc, 0xc8, 0xff, 0xd8, 0xcc, 0xd0, 0xff,
    0xd0, 0xd0, 0xc8, 0xff, 0xd8, 0xd0, 0xc8, 0xff, 0xd8, 0xcc, 0xd0, 0xff,
    0xd0, 0xd0, 0xc8, 0xff, 0xd8, 0xcc, 0xc8, 0xff, 0xd8, 0xd0, 0xd0, 0xff,
    0xd0, 0xd0, 0xc8, 0xff, 0xd8, 0xcc, 0xc8, 0xff, 0xd8, 0xcc, 0xd0, 0xff,
    0xd0, 0xd0, 0xc8, 0xff, 0xd8, 0xcc, 0xc8, 0xff, 0xd8, 0xcc, 0xd0, 0xff,
    0xd0, 0xd0, 0xc8, 0xff, 0xd8, 0xcc, 0xc8, 0xff, 0xd8, 0xd0, 0xd0, 0xff,
    0xd0, 0xd0, 0xc8, 0xff, 0xd8, 0xcc, 0xc8, 0xff, 0xd8, 0xcc, 0xd0, 0xff,
    0xd0, 0xd0, 0xc8, 0xff, 0xd8, 0xd0, 0xc8, 0xff, 0xd8, 0xcc, 0xd0, 0xff,
    0xd0, 0xd0, 0xc8, 0xff, 0xd8, 0xcc, 0xc8, 0xff, 0xd8, 0xcc, 0xd0, 0xff,
    0xd0, 0xd0, 0xc8, 0xff, 0xd8, 0xcc, 0xc8, 0xff, 0xd0, 0xd0, 0xc8, 0xff,
    0xd8, 0xd0, 0xd0, 0xff, 0xd8, 0xcc, 0xc8, 0xff, 0xd0, 0xd0, 0xd0, 0xff,
    0xd8, 0xd0, 0xd0, 0xff, 0xd0, 0xcc, 0xc8, 0xff, 0xd8, 0xcc, 0xc8, 0xff,
    0xd8, 0xd0, 0xd0, 0xff, 0xd0, 0xcc, 0xc8, 0xff, 0xd8, 0xd0, 0xc8, 0xf7,
    0xd8, 0xcc, 0xc8, 0xff, 0xd0, 0xd0, 0xc8, 0xff, 0xd8, 0xd0, 0xd0, 0xff,
    0xd8, 0xcc, 0xc8, 0xff, 0xd0, 0xd0, 0xc8, 0xff, 0xd8, 0xcc, 0xd0, 0xff,
    0xd0, 0xd0, 0xc8, 0xff, 0xd8, 0xd0, 0xc8, 0xff, 0xd0, 0xcc, 0xd0, 0xff,
    0xd8, 0xd0, 0xc8, 0xff, 0xd8, 0xcc, 0xc8, 0xff, 0xd0, 0xd0, 0xd0, 0xff,
    0xd8, 0xcc, 0xc8, 0xff, 0xd8, 0xd0, 0xc8, 0xff, 0xd0, 0xcc, 0xd0, 0xff,
    0xd8, 0xcc, 0xc8, 0xff, 0xd8, 0xd0, 0xd0, 0xff, 0xd0, 0xcc, 0xc8, 0xff,
    0xd8, 0xcc, 0xc8, 0xff, 0xd8, 0xd0, 0xd0, 0xff, 0xd0, 0xcc, 0xc8, 0xff,
    0xd8, 0xd0, 0xc8, 0xff, 0xd8, 0xd0, 0xd0, 0xff, 0xd0, 0xd0, 0xd0, 0xff,
    0xd8, 0xcc, 0xc8, 0xff, 0xd8, 0xd0, 0xd0, 0xff, 0xd0, 0xcc, 0xc8, 0xff,
    0xd8, 0xd0, 0xd0, 0xff, 0xd8, 0xd0, 0xc8, 0xff, 0xd0, 0xcc, 0xd0, 0xff,
    0xd8, 0xd0, 0xc8, 0xff, 0xd8, 0xd0, 0xd0, 0xff, 0xd0, 0xcc, 0xd0, 0xff,
    0xd8, 0xcc, 0xc8, 0xff, 0xd8, 0xd0, 0xd0, 0xff, 0xd0, 0xcc, 0xc8, 0xff,
    0xd8, 0xcc, 0xd0, 0xff, 0xd8, 0xd0, 0xc8, 0xff, 0xd0, 0xd0, 0xd0, 0xff,
    0xd8, 0xcc, 0xc8, 0xff, 0xd8, 0xd0, 0xd0, 0xff, 0xd0, 0xd0, 0xd0, 0xff,
    0xd8, 0xcc, 0xc8, 0xff, 0xd8, 0xcc, 0xd0, 0xff, 0xd0, 0xd0, 0xc8, 0xff,
    0xd8, 0xd0, 0xd0, 0xff, 0xd8, 0xcc, 0xc8, 0xff, 0xd0, 0xd0, 0xd0, 0xff,
    0xd8, 0xcc, 0xc8, 0xff, 0xd8, 0xcc, 0xd0, 0xff, 0xd0, 0xd0, 0xd0, 0xff,
    0xd8, 0xcc, 0xc8, 0xff, 0xd8, 0xcc, 0xd0, 0xff, 0xd0, 0xd0, 0xc8, 0xff,
    0xd8, 0xcc, 0xd0, 0xff, 0xd8, 0xd0, 0xc8, 0xff, 0xd0, 0xd0, 0xd0, 0xff,
    0xd8, 0xcc, 0xc8, 0xff, 0xd8, 0xd0, 0xd0, 0xff, 0xd0, 0xd0, 0xd0, 0xff,
    0xd8, 0xcc, 0xc8, 0xff, 0xd8, 0xcc, 0xd0, 0xff, 0xd0, 0xd0, 0xc8, 0xff,
    0xd8, 0xcc, 0xd0, 0xff, 0xd8, 0xd0, 0xc8, 0xff, 0xd0, 0xcc, 0xd0, 0xff,
    0xd8, 0xcc, 0xc8, 0xff, 0xd8, 0xd0, 0xd0, 0xff, 0xd0, 0xcc, 0xd0, 0xff,
    0xd8, 0xcc, 0xc8, 0xff, 0xd8, 0xd0, 0xd0, 0xff, 0xd0, 0xcc, 0xc8, 0xff,
    0xd8, 0xd0, 0xd0, 0xff, 0xd8, 0xd0, 0xc8, 0xff, 0xd0, 0xcc, 0xd0, 0xff,
    0xd8, 0xd0, 0xc8, 0xff, 0xd8, 0xcc, 0xd0, 0xff, 0xd0, 0xd0, 0xd0, 0xff,
    0xd8, 0xcc, 0xc8, 0xff, 0xd8, 0xcc, 0xd0, 0xff, 0xd0, 0xd0, 0xc8, 0xff,
    0xd8, 0xd0, 0xd0, 0xff, 0xd8, 0xcc, 0xc8, 0xff, 0xd0, 0xd0, 0xd0, 0xff,
    0xd8, 0xcc, 0xc8, 0xff, 0xd8, 0xcc, 0xd0, 0xff, 0xd0, 0xd0, 0xd0, 0xff,
    0xd8, 0xcc, 0xc8, 0xff, 0xd8, 0xcc, 0xd0, 0xff, 0xd0, 0xd0, 0xc8, 0xff,
    0xd8, 0xcc, 0xd0, 0xff, 0xd8, 0xd0, 0xc8, 0xff, 0xd0, 0xd0, 0xd0, 0xff,
    0xd8, 0xcc, 0xc8, 0xff, 0xd8, 0xd0, 0xd0, 0xff, 0xd0, 0xd0, 0xd0, 0xff,
    0xd8, 0xcc, 0xc8, 0xff, 0xd8, 0xcc, 0xd0, 0xff, 0xd0, 0xd0, 0xc8, 0xff,
    0xd8, 0xcc, 0xd0, 0xff, 0xd8, 0xd0, 0xc8, 0xff, 0xd0, 0xcc, 0xd0, 0xff,
    0xd8, 0xcc, 0xc8, 0xff, 0xd8, 0xd0, 0xd0, 0xff, 0xd0, 0xcc, 0xd0, 0xff,
    0xd8, 0xcc, 0xc8, 0xff, 0xd8, 0xd0, 0xd0, 0xff, 0xd0, 0xcc, 0xc8, 0xff,
    0xd8, 0xd0, 0xd0, 0xff, 0xd8, 0xd0, 0xc8, 0xff, 0xd0, 0xcc, 0xd0, 0xff,
    0xd8, 0xd0, 0xc8, 0xff, 0xd8, 0xcc, 0xd0, 0xff, 0xd0, 0xd0, 0xd0, 0xff,
    0xd8, 0xcc, 0xc8, 0xff, 0xd8, 0xcc, 0xd0, 0xff, 0xd0, 0xd0, 0xc8, 0xff,
    0xd8, 0xd0, 0xd0, 0xff, 0xd8, 0xcc, 0xc8, 0xff, 0xd0, 0xd0, 0xd0, 0xff,
    0xd8, 0xcc, 0xc8, 0xff, 0xd8, 0xcc, 0xd0, 0xff, 0xd0, 0xd0, 0xd0, 0xff,
    0xd8, 0xcc, 0xc8, 0xff, 0xd8, 0xcc, 0xd0, 0xff, 0xd0, 0xd0, 0xc8, 0xff,
    0xd8, 0xcc, 0xd0, 0xff, 0xd8, 0xd0, 0xc8, 0xff, 0xd0, 0xd0, 0xd0, 0xff,
    0xd8, 0xcc, 0xc8, 0xff, 0xd8, 0xd0, 0xd0, 0xff, 0xd0, 0xd0, 0xd0, 0xff,
    0xd8, 0xcc, 0xc8, 0xff, 0xd8, 0xcc, 0xd0, 0xff, 0xd0, 0xd0, 0xc8, 0xff,
    0xd8, 0xcc, 0xd0, 0xff, 0xd8, 0xd0, 0xc8, 0xff, 0xd0, 0xcc, 0xd0, 0xff,
    0xd8, 0xcc, 0xc8, 0xff, 0xd8, 0xd0, 0xd0, 0xff, 0xd0, 0xcc, 0xd0, 0xff,
    0xd8, 0xcc, 0xc8, 0xff, 0xd8, 0xd0, 0xd0, 0xff, 0xd0, 0xcc, 0xc8, 0xff,
    0xd8, 0xd0, 0xd0, 0xff, 0xd8, 0xd0, 0xc8, 0xff, 0xd0, 0xcc, 0xd0, 0xff,
    0xd8, 0xd0, 0xc8, 0xff, 0xd8, 0xcc, 0xd0, 0xff, 0xd0, 0xd0, 0xd0, 0xff,
    0xd8, 0xcc, 0xc8, 0xff, 0xd8, 0xcc, 0xd0, 0xff, 0xd0, 0xd0, 0xc8, 0xff,
    0xd8, 0xd0, 0xd0, 0xff, 0xd8, 0xcc, 0xc8, 0xff, 0xd0, 0xd0, 0xd0, 0xff,
    0xd8, 0xcc, 0xc8, 0xff, 0xd8, 0xcc, 0xd0, 0xff, 0xd0, 0xd0, 0xd0, 0xff,
    0xd8, 0xcc, 0xc8, 0xff, 0xd8, 0xcc, 0xd0, 0xff, 0xd0, 0xd0, 0xc8, 0xff,
    0xd8, 0xcc, 0xd0, 0xff, 0xd8, 0xd0, 0xc8, 0xff, 0xd0, 0xd0, 0xd0, 0xff,
    0xd8, 0xcc, 0xc8, 0xff, 0xd8, 0xd0, 0xd0, 0xff, 0xd0, 0xd0, 0xd0, 0xff,
    0xd8, 0xcc, 0xc8, 0xff, 0xd8, 0xcc, 0xd0, 0xff, 0xd0, 0xd0, 0xc8, 0xff,
    0xd8, 0xcc, 0xd0, 0xff, 0xd8, 0xd0, 0xc8, 0xff, 0xd0, 0xcc, 0xd0, 0xff,
    0xd8, 0xcc, 0xc8, 0xff, 0xd8, 0xd0, 0xd0, 0xff, 0xd0, 0xcc, 0xd0, 0xff,
    0xd8, 0xcc, 0xc8, 0xff, 0xd8, 0xd0, 0xd0, 0xff, 0xd0, 0xcc, 0xc8, 0xff,
    0xd8, 0xd0, 0xd0, 0xff, 0xd8, 0xd0, 0xc8, 0xff, 0xd0, 0xcc, 0xd0, 0xff,
    0xd8, 0xd0, 0xc8, 0xff, 0xd8, 0xcc, 0xd0, 0xff, 0xd0, 0xd0, 0xd0, 0xff,
    0xd8, 0xcc, 0xc8, 0xff, 0xd8, 0xcc, 0xd0, 0xff, 0xd0, 0xd0, 0xc8, 0xff,
    0xd8, 0xd0, 0xd0, 0xff, 0xd8, 0xcc, 0xc8, 0xff, 0xd0, 0xd0, 0xd0, 0xff,
    0xd8, 0xcc, 0xc8, 0xff, 0xd8, 0xcc, 0xd0, 0xff, 0xd0, 0xd0, 0xd0, 0xff,
    0xd8, 0xcc, 0xc8, 0xff, 0xd8, 0xcc, 0xd0, 0xff, 0xd0, 0xd0, 0xc8, 0xff,
    0xd8, 0xcc, 0xd0, 0xff, 0xd8, 0xd0, 0xc8, 0xff, 0xd0, 0xd0, 0xd0, 0xff,
    0xd8, 0xcc, 0xc8, 0xff, 0xd8, 0xd0, 0xd0, 0xff, 0xd0, 0xd0, 0xd0, 0xff,
    0xd8, 0xcc, 0xc8, 0xff, 0xd8, 0xcc, 0xd0, 0xff, 0xd0, 0xd0, 0xc8, 0xff,
    0xd8, 0xcc, 0xd0, 0xff, 0xd8, 0xd0, 0xc8, 0xff, 0xd0, 0xcc, 0xd0, 0xff,
    0xd8, 0xcc, 0xc8, 0xff, 0xd8, 0xd0, 0xd0, 0xff, 0xd0, 0xcc, 0xd0, 0xff,
    0xd8, 0xcc, 0xc8, 0xff, 0xd8, 0xd0, 0xd0, 0xff, 0xd0, 0xcc, 0xc8, 0xff,
    0xd8, 0xd0, 0xd0, 0xff, 0xd8, 0xd0, 0xc8, 0xff, 0xd0, 0xcc, 0xd0, 0xff,
    0xd8, 0xd0, 0xc8, 0xff, 0xd8, 0xcc, 0xd0, 0xff, 0xd0, 0xd0, 0xd0, 0xff,
    0xd8, 0xcc, 0xc8, 0xff, 0xd8, 0xcc, 0xd0, 0xff, 0xd0, 0xd0, 0xc8, 0xff,
    0xd8, 0xd0, 0xd0, 0xff, 0xd8, 0xcc, 0xc8, 0xff, 0xd0, 0xd0, 0xd0, 0xff,
    0xd8, 0xcc, 0xc8, 0xff, 0xd8, 0xcc, 0xd0, 0xff, 0xd0, 0xd0, 0xd0, 0xff,
    0xd8, 0xcc, 0xc8, 0xff, 0xd8, 0xcc, 0xd0, 0xff, 0xd0, 0xd0, 0xc8, 0xff,
    0xd8, 0xcc, 0xd0, 0xff, 0xd8, 0xd0, 0xc8, 0xff, 0xd0, 0xd0, 0xd0, 0xff,
    0xd8, 0xcc, 0xc8, 0xff, 0xd8, 0xd0, 0xd0, 0xff, 0xd0, 0xd0, 0xd0, 0xff,
    0xd8, 0xcc, 0xc8, 0xff, 0xd8, 0xcc, 0xd0, 0xff, 0xd0, 0xd0, 0xc8, 0xff,
    0xd8, 0xcc, 0xd0, 0xff, 0xd8, 0xd0, 0xc8, 0xff, 0xd0, 0xcc, 0xd0, 0xff,
    0xd8, 0xcc, 0xc8, 0xff, 0xd8, 0xd0, 0xd0, 0xff, 0xd0, 0xcc, 0xd0, 0xff,
    0xd8, 0xcc, 0xc8, 0xff, 0xd8, 0xd0, 0xd0, 0xff, 0xd0, 0xcc, 0xc8, 0xff,
    0xd8, 0xd0, 0xd0, 0xff, 0xd8, 0xd0, 0xc8, 0xff, 0xd0, 0xcc, 0xd0, 0xff,
    0xd8, 0xd0, 0xc8, 0xff, 0xd8, 0xcc, 0xd0, 0xff, 0xd0, 0xd0, 0xd0, 0xff,
    0xd8, 0xcc, 0xc8, 0xff, 0xd8, 0xcc, 0xd0, 0xff, 0xd0, 0xd0, 0xc8, 0xff,
    0xd8, 0xd0, 0xd0, 0xff, 0xd8, 0xcc, 0xc8, 0xff, 0xd0, 0xd0, 0xd0, 0xff,
    0xd8, 0xcc, 0xc8, 0xff, 0xd8, 0xcc, 0xd0, 0xff, 0xd0, 0xd0, 0xd0, 0xff,
    0xd8, 0xcc, 0xc8, 0xff, 0xd8, 0xcc, 0xd0, 0xff, 0xd0, 0xd0, 0xc8, 0xff,
    0xd8, 0xcc, 0xd0, 0xff, 0xd8, 0xd0, 0xc8, 0xff, 0xd0, 0xd0, 0xd0, 0xff,
    0xd8, 0xcc, 0xc8, 0xff, 0xd8, 0xd0, 0xd0, 0xff, 0xd0, 0xd0, 0xd0, 0xff,
    0xd8, 0xcc, 0xc8, 0xff, 0xd8, 0xcc, 0xd0, 0xff, 0xd0, 0xd0, 0xc8, 0xff,
    0xd8, 0xcc, 0xd0, 0xff, 0xd8, 0xd0, 0xc8, 0xff, 0xd0, 0xcc, 0xd0, 0xff,
    0xd8, 0xcc, 0xc8, 0xff, 0xd8, 0xd0, 0xd0, 0xff, 0xd0, 0xcc, 0xd0, 0xff,
    0xd8, 0xcc, 0xc8, 0xff, 0xd8, 0xd0, 0xd0, 0xff, 0xd0, 0xcc, 0xc8, 0xff,
    0xd8, 0xd0, 0xd0, 0xff, 0xd8, 0xd0, 0xc8, 0xff, 0xd0, 0xcc, 0xd0, 0xff,
    0xd8, 0xd0, 0xc8, 0xff, 0xd8, 0xcc, 0xd0, 0xff, 0xd0, 0xd0, 0xd0, 0xff,
    0xd8, 0xcc, 0xc8, 0xff, 0xd8, 0xcc, 0xd0, 0xff, 0xd0, 0xd0, 0xc8, 0xff,
    0xd8, 0xd0, 0xd0, 0xff, 0xd8, 0xcc, 0xc8, 0xff, 0xd0, 0xd0, 0xd0, 0xff,
    0xd8, 0xcc, 0xc8, 0xff, 0xd8, 0xcc, 0xd0, 0xff, 0xd0, 0xd0, 0xd0, 0xff,
    0xd8, 0xcc, 0xc8, 0xff, 0xd8, 0xcc, 0xd0, 0xff, 0xd0, 0xd0, 0xc8, 0xff,
    0xd8, 0xcc, 0xd0, 0xff, 0xd8, 0xd0, 0xc8, 0xff, 0xd0, 0xd0, 0xd0, 0xff,
    0xd8, 0xcc, 0xc8, 0xff, 0xd8, 0xd0, 0xd0, 0xff, 0xd0, 0xd0, 0xd0, 0xff,
    0xd8, 0xcc, 0xc8, 0xff, 0xd8, 0xcc, 0xd0, 0xff, 0xd0, 0xd0, 0xc8, 0xff,
    0xd8, 0xcc, 0xd0, 0xff, 0xd8, 0xd0, 0xc8, 0xff, 0xd0, 0xcc, 0xd0, 0xff,
    0xd8, 0xcc, 0xc8, 0xff, 0xd8, 0xd0, 0xd0, 0xff, 0xd0, 0xcc, 0xd0, 0xff,
    0xd8, 0xd0, 0xc8, 0xff, 0xd8, 0xd0, 0xd0, 0xff, 0xd0, 0xcc, 0xc8, 0xff,
    0xd8, 0xd0, 0xd0, 0xff, 0xd8, 0xcc, 0xc8, 0xff, 0xd0, 0xcc, 0xc8, 0xff,
    0xd8, 0xd0, 0xc8, 0xff, 0xd0, 0xcc, 0xc8, 0xff, 0xd8, 0xcc, 0xc8, 0xff,
    0xd8, 0xd0, 0xd0, 0xff, 0xd0, 0xcc, 0xc8, 0xff, 0xd8, 0xd0, 0xc8, 0xff,
    0xd8, 0xcc, 0xd0, 0xff, 0xd0, 0xd0, 0xc8, 0xff, 0xd8, 0xcc, 0xc8, 0xff,
    0xd8, 0xcc, 0xc8, 0xff, 0xd0, 0xd0, 0xd0, 0xff, 0xd8, 0xcc, 0xc8, 0xff,
    0xd8, 0xd0, 0xc8, 0xff, 0xd0, 0xcc, 0xd0, 0xff, 0xd8, 0xd0, 0xd0, 0xff,
    0xd8, 0xcc, 0xc8, 0xff, 0xd0, 0xcc, 0xc8, 0xff, 0xd8, 0xd0, 0xd0, 0xff,
    0xd8, 0xd0, 0xc8, 0xff, 0xd0, 0xcc, 0xc8, 0xff, 0xd0, 0xcc, 0xd0, 0xff,
    0xd8, 0xd0, 0xc8, 0xff, 0xd0, 0xd0, 0xc8, 0xff, 0xd8, 0xcc, 0xd0, 0xff,
    0xd0, 0xd0, 0xc8, 0xff, 0xd8, 0xd0, 0xc8, 0xff, 0xd0, 0xcc, 0xd0, 0xff,
    0xd8, 0xd0, 0xc8, 0xff, 0xd0, 0xcc, 0xd0, 0xff, 0xd0, 0xcc, 0xc8, 0xff,
    0xd8, 0xd0, 0xc8, 0xff, 0xd0, 0xcc, 0xd0, 0xff, 0xd8, 0xcc, 0xc8, 0xff,
    0xd0, 0xd0, 0xc8, 0xff, 0xd8, 0xcc, 0xc8, 0xff, 0xd0, 0xcc, 0xd0, 0xff,
    0xd8, 0xd0, 0xc8, 0xff, 0xd0, 0xcc, 0xc8, 0xff, 0xd0, 0xcc, 0xc8, 0xff,
    0xd8, 0xd0, 0xd0, 0xff, 0xd0, 0xd0, 0xc8, 0xff, 0xd8, 0xcc, 0xc8, 0xff,
    0xd0, 0xd0, 0xc8, 0xff, 0xd8, 0xd0, 0xc8, 0xff, 0xd0, 0xcc, 0xd0, 0xff,
    0xd8, 0xd0, 0xc8, 0xff, 0xd0, 0xcc, 0xc8, 0xff, 0xd0, 0xd0, 0xd0, 0xff,
    0xd8, 0xcc, 0xc8, 0xff, 0xd0, 0xcc, 0xc8, 0xff, 0xd8, 0xd0, 0xc8, 0xff,
    0xd0, 0xd0, 0xc8, 0xff, 0xd8, 0xcc, 0xd0, 0xff, 0xd0, 0xd0, 0xc8, 0xff,
    0xd8, 0xcc, 0xc8, 0xff, 0xd0, 0xd0, 0xd0, 0xff, 0xd0, 0xd0, 0xc8, 0xff,
    0xd8, 0xcc, 0xc8, 0xff, 0xd0, 0xd0, 0xc8, 0xff, 0xd8, 0xd0, 0xc8, 0xff,
    0xd0, 0xcc, 0xc8, 0xff, 0xd8, 0xd0, 0xd0, 0xff, 0xd0, 0xcc, 0xc8, 0xff,
    0xd8, 0xcc, 0xc8, 0xff, 0xd0, 0xd0, 0xd0, 0xff, 0xd0, 0xcc, 0xc8, 0xff,
    0xd8, 0xcc, 0xc8, 0xff, 0xd0, 0xd0, 0xc8, 0xff, 0xd8, 0xcc, 0xc8, 0xff,
    0xd0, 0xd0, 0xc8, 0xff, 0xd8, 0xd0, 0xd0, 0xff, 0xd0, 0xcc, 0xc8, 0xff,
    0xd8, 0xcc, 0xc8, 0xff, 0xd0, 0xd0, 0xd0, 0xff, 0xd0, 0xd0, 0xc8, 0xff,
    0xd8, 0xcc, 0xc8, 0xff, 0xd0, 0xd0, 0xc8, 0xff, 0xd8, 0xd0, 0xc8, 0xff,
    0xd0, 0xcc, 0xc8, 0xff, 0xd8, 0xd0, 0xd0, 0xff, 0xd0, 0xcc, 0xc8, 0xff,
    0xd8, 0xcc, 0xc8, 0xff, 0xd0, 0xd0, 0xd0, 0xff, 0xd0, 0xcc, 0xc8, 0xff,
    0xd8, 0xd0, 0xc8, 0xff, 0xd0, 0xd0, 0xc8, 0xff, 0xd8, 0xcc, 0xc8, 0xff,
    0xd0, 0xd0, 0xc8, 0xff, 0xd8, 0xcc, 0xd0, 0xff, 0xd0, 0xcc, 0xc8, 0xff,
    0xd8, 0xcc, 0xc8, 0xff, 0xd0, 0xd0, 0xd0, 0xff, 0xd0, 0xd0, 0xc8, 0xff,
    0xd8, 0xcc, 0xc8, 0xff, 0xd0, 0xd0, 0xc8, 0xff, 0xd8, 0xd0, 0xc8, 0xff,
    0xd0, 0xcc, 0xc8, 0xff, 0xd8, 0xd0, 0xd0, 0xff, 0xd0, 0xcc, 0xc8, 0xff,
    0xd8, 0xcc, 0xc8, 0xff, 0xd0, 0xd0, 0xd0, 0xff, 0xd0, 0xcc, 0xc8, 0xff,
    0xd8, 0xcc, 0xc8, 0xff, 0xd0, 0xd0, 0xc8, 0xff, 0xd8, 0xcc, 0xc8, 0xff,
    0xd0, 0xd0, 0xc8, 0xff, 0xd8, 0xd0, 0xd0, 0xff, 0xd0, 0xcc, 0xc8, 0xff,
    0xd8, 0xcc, 0xc8, 0xff, 0xd0, 0xd0, 0xd0, 0xff, 0xd0, 0xd0, 0xc8, 0xff,
    0xd8, 0xcc, 0xc8, 0xff, 0xd0, 0xd0, 0xc8, 0xff, 0xd8, 0xd0, 0xc8, 0xff,
    0xd0, 0xcc, 0xc8, 0xff, 0xd8, 0xd0, 0xd0, 0xff, 0xd0, 0xcc, 0xc8, 0xff,
    0xd8, 0xcc, 0xc8, 0xff, 0xd0, 0xd0, 0xd0, 0xff, 0xd0, 0xcc, 0xc8, 0xff,
    0xd8, 0xd0, 0xc8, 0xff, 0xd0, 0xd0, 0xc8, 0xff, 0xd8, 0xcc, 0xc8, 0xff,
    0xd0, 0xd0, 0xc8, 0xff, 0xd8, 0xcc, 0xd0, 0xff, 0xd0, 0xcc, 0xc8, 0xff,
    0xd8, 0xcc, 0xc8, 0xff, 0xd0, 0xd0, 0xd0, 0xff, 0xd0, 0xd0, 0xc8, 0xff,
    0xd8, 0xcc, 0xc8, 0xff, 0xd0, 0xd0, 0xc8, 0xff, 0xd8, 0xd0, 0xc8, 0xff,
    0xd0, 0xcc, 0xc8, 0xff, 0xd8, 0xd0, 0xd0, 0xff, 0xd0, 0xcc, 0xc8, 0xff,
    0xd8, 0xcc, 0xc8, 0xff, 0xd0, 0xd0, 0xd0, 0xff, 0xd0, 0xcc, 0xc8, 0xff,
    0xd8, 0xcc, 0xc8, 0xff, 0xd0, 0xd0, 0xc8, 0xff, 0xd8, 0xcc, 0xc8, 0xff,
    0xd0, 0xd0, 0xc8, 0xff, 0xd8, 0xd0, 0xd0, 0xff, 0xd0, 0xcc, 0xc8, 0xff,
    0xd8, 0xcc, 0xc8, 0xff, 0xd0, 0xd0, 0xd0, 0xff, 0xd0, 0xd0, 0xc8, 0xff,
    0xd8, 0xcc, 0xc8, 0xff, 0xd0, 0xd0, 0xc8, 0xff, 0xd8, 0xd0, 0xc8, 0xff,
    0xd0, 0xcc, 0xc8, 0xff, 0xd8, 0xd0, 0xd0, 0xff, 0xd0, 0xcc, 0xc8, 0xff,
    0xd8, 0xcc, 0xc8, 0xff, 0xd0, 0xd0, 0xd0, 0xff, 0xd0, 0xcc, 0xc8, 0xff,
    0xd8, 0xd0, 0xc8, 0xff, 0xd0, 0xd0, 0xc8, 0xff, 0xd8, 0xcc, 0xc8, 0xff,
    0xd0, 0xd0, 0xc8, 0xff, 0xd8, 0xcc, 0xd0, 0xff, 0xd0, 0xcc, 0xc8, 0xff,
    0xd8, 0xcc, 0xc8, 0xff, 0xd0, 0xd0, 0xd0, 0xff, 0xd0, 0xd0, 0xc8, 0xff,
    0xd8, 0xcc, 0xc8, 0xff, 0xd0, 0xd0, 0xc8, 0xff, 0xd8, 0xd0, 0xc8, 0xff,
    0xd0, 0xcc, 0xc8, 0xff, 0xd8, 0xd0, 0xd0, 0xff, 0xd0, 0xcc, 0xc8, 0xff,
    0xd8, 0xcc, 0xc8, 0xff, 0xd0, 0xd0, 0xd0, 0xff, 0xd0, 0xcc, 0xc8, 0xff,
    0xd8, 0xcc, 0xc8, 0xff, 0xd0, 0xd0, 0xc8, 0xff, 0xd8, 0xcc, 0xc8, 0xff,
    0xd0, 0xd0, 0xc8, 0xff, 0xd8, 0xd0, 0xd0, 0xff, 0xd0, 0xcc, 0xc8, 0xff,
    0xd8, 0xcc, 0xc8, 0xff, 0xd0, 0xd0, 0xd0, 0xff, 0xd0, 0xd0, 0xc8, 0xff,
    0xd8, 0xcc, 0xc8, 0xff, 0xd0, 0xd0, 0xc8, 0xff, 0xd8, 0xd0, 0xc8, 0xff,
    0xd0, 0xcc, 0xc8, 0xff, 0xd8, 0xd0, 0xd0, 0xff, 0xd0, 0xcc, 0xc8, 0xff,
    0xd8, 0xcc, 0xc8, 0xff, 0xd0, 0xd0, 0xd0, 0xff, 0xd0, 0xcc, 0xc8, 0xff,
    0xd8, 0xd0, 0xc8, 0xff, 0xd0, 0xd0, 0xc8, 0xff, 0xd8, 0xcc, 0xc8, 0xff,
    0xd0, 0xd0, 0xc8, 0xff, 0xd8, 0xcc, 0xd0, 0xff, 0xd0, 0xcc, 0xc8, 0xff,
    0xd8, 0xcc, 0xc8, 0xff, 0xd0, 0xd0, 0xd0, 0xff, 0xd0, 0xd0, 0xc8, 0xff,
    0xd8, 0xcc, 0xc8, 0xff, 0xd0, 0xd0, 0xc8, 0xff, 0xd8, 0xd0, 0xc8, 0xff,
    0xd0, 0xcc, 0xc8, 0xff, 0xd8, 0xd0, 0xd0, 0xff, 0xd0, 0xcc, 0xc8, 0xff,
    0xd8, 0xcc, 0xc8, 0xff, 0xd0, 0xd0, 0xd0, 0xff, 0xd0, 0xcc, 0xc8, 0xff,
    0xd8, 0xcc, 0xc8, 0xff, 0xd0, 0xd0, 0xc8, 0xff, 0xd8, 0xcc, 0xc8, 0xff,
    0xd0, 0xd0, 0xc8, 0xff, 0xd8, 0xd0, 0xd0, 0xff, 0xd0, 0xcc, 0xc8, 0xff,
    0xd8, 0xcc, 0xc8, 0xff, 0xd0, 0xd0, 0xd0, 0xff, 0xd0, 0xd0, 0xc8, 0xff,
    0xd8, 0xcc, 0xc8, 0xff, 0xd0, 0xd0, 0xc8, 0xff, 0xd8, 0xd0, 0xc8, 0xff,
    0xd0, 0xcc, 0xc8, 0xff, 0xd8, 0xd0, 0xd0, 0xff, 0xd0, 0xcc, 0xc8, 0xff,
    0xd8, 0xcc, 0xc8, 0xff, 0xd0, 0xd0, 0xd0, 0xff, 0xd0, 0xcc, 0xc8, 0xff,
    0xd8, 0xd0, 0xc8, 0xff, 0xd0, 0xd0, 0xc8, 0xff, 0xd8, 0xcc, 0xc8, 0xff,
    0xd0, 0xd0, 0xc8, 0xff, 0xd8, 0xcc, 0xd0, 0xff, 0xd0, 0xcc, 0xc8, 0xff,
    0xd8, 0xcc, 0xc8, 0xff, 0xd0, 0xd0, 0xd0, 0xff, 0xd0, 0xd0, 0xc8, 0xff,
    0xd8, 0xcc, 0xc8, 0xff, 0xd0, 0xd0, 0xc8, 0xff, 0xd8, 0xd0, 0xc8, 0xff,
    0xd0, 0xcc, 0xc8, 0xff, 0xd8, 0xd0, 0xd0, 0xff, 0xd0, 0xcc, 0xc8, 0xff,
    0xd8, 0xcc, 0xc8, 0xff, 0xd0, 0xd0, 0xd0, 0xff, 0xd0, 0xcc, 0xc8, 0xff,
    0xd8, 0xcc, 0xc8, 0xff, 0xd0, 0xd0, 0xc8, 0xff, 0xd8, 0xcc, 0xc8, 0xff,
    0xd0, 0xd0, 0xc8, 0xff, 0xd8, 0xd0, 0xd0, 0xff, 0xd0, 0xcc, 0xc8, 0xff,
    0xd8, 0xcc, 0xc8, 0xff, 0xd0, 0xd0, 0xd0, 0xff, 0xd0, 0xd0, 0xc8, 0xff,
    0xd8, 0xcc, 0xc8, 0xff, 0xd0, 0xd0, 0xc8, 0xff, 0xd8, 0xd0, 0xc8, 0xff,
    0xd0, 0xcc, 0xc8, 0xff, 0xd8, 0xd0, 0xd0, 0xff, 0xd0, 0xcc, 0xc8, 0xff,
    0xd8, 0xcc, 0xc8, 0xff, 0xd0, 0xd0, 0xd0, 0xff, 0xd0, 0xcc, 0xc8, 0xff,
    0xd8, 0xd0, 0xc8, 0xff, 0xd0, 0xd0, 0xc8, 0xff, 0xd8, 0xcc, 0xc8, 0xff,
    0xd0, 0xd0, 0xc8, 0xff, 0xd8, 0xcc, 0xd0, 0xff, 0xd0, 0xcc, 0xc8, 0xff,
    0xd8, 0xcc, 0xc8, 0xff, 0xd0, 0xd0, 0xd0, 0xff, 0xd0, 0xd0, 0xc8, 0xff,
    0xd8, 0xcc, 0xc8, 0xff, 0xd0, 0xd0, 0xc8, 0xff, 0xd8, 0xd0, 0xc8, 0xff,
    0xd0, 0xcc, 0xc8, 0xff, 0xd8, 0xd0, 0xd0, 0xff, 0xd0, 0xcc, 0xc8, 0xff,
    0xd8, 0xcc, 0xc8, 0xff, 0xd0, 0xd0, 0xd0, 0xff, 0xd0, 0xcc, 0xc8, 0xff,
    0xd8, 0xcc, 0xc8, 0xff, 0xd0, 0xd0, 0xc8, 0xff, 0xd8, 0xcc, 0xc8, 0xff,
    0xd0, 0xd0, 0xc8, 0xff, 0xd8, 0xd0, 0xd0, 0xff, 0xd0, 0xcc, 0xc8, 0xff,
    0xd8, 0xcc, 0xc8, 0xff, 0xd0, 0xd0, 0xd0, 0xff, 0xd0, 0xd0, 0xc8, 0xff,
    0xd8, 0xcc, 0xc8, 0xff, 0xd0, 0xd0, 0xc8, 0xff, 0xd8, 0xd0, 0xc8, 0xff,
    0xd0, 0xcc, 0xc8, 0xff, 0xd8, 0xd0, 0xd0, 0xff, 0xd0, 0xcc, 0xc8, 0xff,
    0xd8, 0xcc, 0xc8, 0xff, 0xd0, 0xd0, 0xd0, 0xff, 0xd0, 0xcc, 0xc8, 0xff,
    0xd8, 0xd0, 0xc8, 0xff, 0xd0, 0xd0, 0xc8, 0xff, 0xd8, 0xcc, 0xc8, 0xff,
    0xd0, 0xd0, 0xc8, 0xff, 0xd8, 0xcc, 0xd0, 0xff, 0xd0, 0xcc, 0xc8, 0xff,
    0xd8, 0xcc, 0xc8, 0xff, 0xd0, 0xd0, 0xd0, 0xff, 0xd0, 0xd0, 0xc8, 0xff,
    0xd8, 0xcc, 0xc8, 0xff, 0xd0, 0xd0, 0xc8, 0xff, 0xd8, 0xd0, 0xc8, 0xff,
    0xd0, 0xcc, 0xc8, 0xff, 0xd8, 0xd0, 0xd0, 0xff, 0xd0, 0xcc, 0xc8, 0xff,
    0xd8, 0xcc, 0xc8, 0xff, 0xd0, 0xd0, 0xd0, 0xff, 0xd0, 0xcc, 0xc8, 0xff,
    0xd8, 0xcc, 0xc8, 0xff, 0xd0, 0xd0, 0xc8, 0xff, 0xd8, 0xcc, 0xc8, 0xff,
    0xd0, 0xd0, 0xc8, 0xff, 0xd8, 0xd0, 0xd0, 0xff, 0xd0, 0xcc, 0xc8, 0xff,
    0xd8, 0xcc, 0xc8, 0xff, 0xd0, 0xd0, 0xd0, 0xff, 0xd0, 0xd0, 0xc8, 0xff,
    0xd8, 0xcc, 0xc8, 0xff, 0xd0, 0xd0, 0xc8, 0xff, 0xd8, 0xcc, 0xc8, 0xff,
    0xd0, 0xcc, 0xc8, 0xff, 0xd8, 0xd0, 0xd0, 0xff, 0xd0, 0xd0, 0xc8, 0xff,
    0xd8, 0xcc, 0xc8, 0xff, 0xd8, 0xd0, 0xd0, 0xff, 0xd0, 0xcc, 0xd0, 0xff,
    0xd8, 0xd0, 0xc8, 0xff, 0xd8, 0xd0, 0xd0, 0xff, 0xd0, 0xcc, 0xc8, 0xff,
    0xd8, 0xd0, 0xc8, 0xff, 0xd8, 0xd0, 0xd0, 0xff, 0xd0, 0xcc, 0xc8, 0xff,
    0xd8, 0xd0, 0xc8, 0xff, 0xd8, 0xcc, 0xd0, 0xff, 0xd0, 0xd0, 0xc8, 0xff,
    0xd8, 0xd0, 0xc8, 0xff, 0xd0, 0xcc, 0xd0, 0xff, 0xd8, 0xd0, 0xc8, 0xff,
    0xd8, 0xcc, 0xc8, 0xff, 0xd0, 0xd0, 0xd0, 0xff, 0xd8, 0xd0, 0xc8, 0xff,
    0xd8, 0xcc, 0xc8, 0xff, 0xd0, 0xcc, 0xd0, 0xff, 0xd8, 0xd0, 0xd0, 0xff,
    0xd8, 0xcc, 0xc8, 0xff, 0xd0, 0xd0, 0xd0, 0xff, 0xd8, 0xcc, 0xc8, 0xff,
    0xd8, 0xd0, 0xd0, 0xff, 0xd8, 0xcc, 0xc8, 0xff, 0xd0, 0xcc, 0xc8, 0xff,
    0xd8, 0xd0, 0xd0, 0xff, 0xd8, 0xcc, 0xc8, 0xff, 0xd0, 0xd0, 0xc8, 0xff,
    0xd8, 0xd0, 0xd0, 0xff, 0xd8, 0xcc, 0xc8, 0xff, 0xd8, 0xd0, 0xd0, 0xff,
    0xd8, 0xcc, 0xc8, 0xff, 0xd0, 0xcc, 0xc8, 0xff, 0xd8, 0xd0, 0xd0, 0xff,
    0xd8, 0xd0, 0xc8, 0xff, 0xd0, 0xcc, 0xc8, 0xff, 0xd8, 0xd0, 0xd0, 0xff,
    0xd8, 0xcc, 0xc8, 0xff, 0xd8, 0xd0, 0xd0, 0xff, 0xd8, 0xcc, 0xc8, 0xff,
    0xd0, 0xcc, 0xc8, 0xff, 0xd8, 0xd0, 0xd0, 0xff, 0xd8, 0xcc, 0xc8, 0xff,
    0xd0, 0xcc, 0xd0, 0xff, 0xd8, 0xd0, 0xc8, 0xff, 0xd8, 0xd0, 0xc8, 0xff,
    0xd0, 0xcc, 0xd0, 0xff, 0xd8, 0xd0, 0xc8, 0xff, 0xd8, 0xcc, 0xc8, 0xff,
    0xd8, 0xd0, 0xd0, 0xff, 0xd8, 0xcc, 0xc8, 0xff, 0xd0, 0xcc, 0xc8, 0xff,
    0xd8, 0xd0, 0xd0, 0xff, 0xd8, 0xd0, 0xc8, 0xff, 0xd0, 0xcc, 0xc8, 0xff,
    0xd8, 0xcc, 0xd0, 0xff, 0xd8, 0xd0, 0xc8, 0xff, 0xd8, 0xcc, 0xc8, 0xff,
    0xd8, 0xcc, 0xd0, 0xff, 0xd0, 0xd0, 0xd0, 0xff, 0xd8, 0xcc, 0xc8, 0xff,
    0xd8, 0xd0, 0xc8, 0xff, 0xd0, 0xd0, 0xd0, 0xff, 0xd8, 0xcc, 0xc8, 0xff,
    0xd8, 0xd0, 0xc8, 0xff, 0xd8, 0xd0, 0xd0, 0xff, 0xd8, 0xcc, 0xc8, 0xff,
    0xd0, 0xd0, 0xd0, 0xff, 0xd8, 0xcc, 0xd0, 0xff, 0xd8, 0xcc, 0xc8, 0xff,
    0xd0, 0xd0, 0xc8, 0xff, 0xd8, 0xcc, 0xd0, 0xff, 0xd8, 0xd0, 0xc8, 0xff,
    0xd0, 0xd0, 0xc8, 0xff, 0xd8, 0xcc, 0xd0, 0xff, 0xd8, 0xd0, 0xc8, 0xff,
    0xd8, 0xcc, 0xd0, 0xff, 0xd8, 0xcc, 0xd0, 0xff, 0xd0, 0xd0, 0xc8, 0xff,
    0xd8, 0xd0, 0xc8, 0xff, 0xd8, 0xcc, 0xd0, 0xff, 0xd0, 0xd0, 0xc8, 0xff,
    0xd8, 0xcc, 0xc8, 0xff, 0xd8, 0xcc, 0xd0, 0xff, 0xd8, 0xd0, 0xc8, 0xff,
    0xd8, 0xcc, 0xd0, 0xff, 0xd0, 0xcc, 0xd0, 0xff, 0xd8, 0xd0, 0xc8, 0xff,
    0xd8, 0xd0, 0xc8, 0xff, 0xd0, 0xd0, 0xd0, 0xff, 0xd8, 0xcc, 0xc8, 0xff,
    0xd8, 0xd0, 0xc8, 0xff, 0xd8, 0xcc, 0xd0, 0xff, 0xd8, 0xcc, 0xc8, 0xff,
    0xd0, 0xd0, 0xd0, 0xff, 0xd8, 0xcc, 0xd0, 0xff, 0xd8, 0xcc, 0xc8, 0xff,
    0xd0, 0xd0, 0xc8, 0xff, 0xd8, 0xd0, 0xd0, 0xff, 0xd8, 0xcc, 0xc8, 0xff,
    0xd0, 0xd0, 0xc8, 0xff, 0xd8, 0xd0, 0xd0, 0xff, 0xd8, 0xcc, 0xc8, 0xff,
    0xd8, 0xd0, 0xd0, 0xff, 0xd8, 0xcc, 0xd0, 0xff, 0xd0, 0xcc, 0xc8, 0xff,
    0xd8, 0xd0, 0xc8, 0xff, 0xd8, 0xcc, 0xd0, 0xff, 0xd0, 0xd0, 0xc8, 0xff,
    0xd8, 0xd0, 0xc8, 0xff, 0xd8, 0xcc, 0xd0, 0xff, 0xd8, 0xd0, 0xc8, 0xff,
    0xd8, 0xcc, 0xd0, 0xff, 0xd0, 0xcc, 0xd0, 0xff, 0xd8, 0xd0, 0xc8, 0xff,
    0xd8, 0xd0, 0xc8, 0xff, 0xd0, 0xcc, 0xd0, 0xff, 0xd8, 0xd0, 0xc8, 0xff,
    0xd8, 0xcc, 0xc8, 0xff, 0xd8, 0xcc, 0xd0, 0xff, 0xd8, 0xd0, 0xc8, 0xff,
    0xd0, 0xcc, 0xd0, 0xff, 0xd8, 0xcc, 0xd0, 0xff, 0xd8, 0xd0, 0xc8, 0xff,
    0xd0, 0xd0, 0xc8, 0xff, 0xd8, 0xd0, 0xd0, 0xff, 0xd8, 0xcc, 0xc8, 0xff,
    0xd0, 0xd0, 0xc8, 0xff, 0xd8, 0xcc, 0xd0, 0xff, 0xd8, 0xcc, 0xc8, 0xff,
    0xd8, 0xd0, 0xd0, 0xff, 0xd8, 0xcc, 0xd0, 0xff, 0xd0, 0xcc, 0xc8, 0xff,
    0xd8, 0xd0, 0xc8, 0xff, 0xd8, 0xd0, 0xd0, 0xff, 0xd0, 0xcc, 0xc8, 0xff,
    0xd8, 0xd0, 0xc8, 0xff, 0xd8, 0xd0, 0xd0, 0xff, 0xd8, 0xcc, 0xc8, 0xff,
    0xd8, 0xd0, 0xd0, 0xff, 0xd0, 0xcc, 0xd0, 0xff, 0xd8, 0xcc, 0xc8, 0xff,
    0xd8, 0xd0, 0xc8, 0xff, 0xd0, 0xcc, 0xd0, 0xff, 0xd8, 0xd0, 0xc8, 0xff,
    0xd8, 0xd0, 0xc8, 0xff, 0xd8, 0xcc, 0xd0, 0xff, 0xd8, 0xd0, 0xc8, 0xff,
    0xd0, 0xcc, 0xd0, 0xff, 0xd8, 0xcc, 0xd0, 0xff, 0xd8, 0xd0, 0xc8, 0xff,
    0xd0, 0xd0, 0xc8, 0xff, 0xd8, 0xcc, 0xd0, 0xff, 0xd8, 0xd0, 0xc8, 0xff,
    0xd0, 0xcc, 0xc8, 0xff, 0xd8, 0xcc, 0xd0, 0xff, 0xd8, 0xd0, 0xc8, 0xff,
    0xd8, 0xcc, 0xd0, 0xff, 0xd8, 0xcc, 0xd0, 0xff, 0xd0, 0xd0, 0xc8, 0xff,
    0xd8, 0xd0, 0xc8, 0xff, 0xd8, 0xd0, 0xd0, 0xff, 0xd0, 0xcc, 0xc8, 0xff,
    0xd8, 0xd0, 0xc8, 0xff, 0xd8, 0xcc, 0xd0, 0xff, 0xd8, 0xcc, 0xc8, 0xff,
    0xd8, 0xd0, 0xd0, 0xff, 0xd0, 0xcc, 0xd0, 0xff, 0xd8, 0xcc, 0xc8, 0xff,
    0xd8, 0xd0, 0xc8, 0xff, 0xd0, 0xd0, 0xd0, 0xff, 0xd8, 0xcc, 0xc8, 0xff,
    0xd8, 0xd0, 0xc8, 0xff, 0xd8, 0xd0, 0xd0, 0xff, 0xd8, 0xcc, 0xc8, 0xff,
    0xd0, 0xd0, 0xd0, 0xff, 0xd8, 0xcc, 0xd0, 0xff, 0xd8, 0xcc, 0xc8, 0xff,
    0xd0, 0xd0, 0xc8, 0xff, 0xd8, 0xcc, 0xd0, 0xff, 0xd8, 0xd0, 0xc8, 0xff,
    0xd0, 0xd0, 0xc8, 0xff, 0xd8, 0xcc, 0xd0, 0xff, 0xd8, 0xd0, 0xc8, 0xff,
    0xd8, 0xcc, 0xd0, 0xff, 0xd8, 0xcc, 0xd0, 0xff, 0xd0, 0xd0, 0xc8, 0xff,
    0xd8, 0xd0, 0xc8, 0xff, 0xd8, 0xcc, 0xd0, 0xff, 0xd0, 0xd0, 0xc8, 0xff,
    0xd8, 0xcc, 0xc8, 0xff, 0xd8, 0xcc, 0xd0, 0xff, 0xd8, 0xd0, 0xc8, 0xff,
    0xd8, 0xcc, 0xd0, 0xff, 0xd0, 0xcc, 0xd0, 0xff, 0xd8, 0xd0, 0xc8, 0xff,
    0xd8, 0xd0, 0xc8, 0xff, 0xd0, 0xd0, 0xd0, 0xff, 0xd8, 0xcc, 0xc8, 0xff,
    0xd8, 0xd0, 0xc8, 0xff, 0xd8, 0xcc, 0xd0, 0xff, 0xd8, 0xcc, 0xc8, 0xff,
    0xd0, 0xd0, 0xd0, 0xff, 0xd8, 0xcc, 0xd0, 0xff, 0xd8, 0xcc, 0xc8, 0xff,
    0xd0, 0xd0, 0xc8, 0xff, 0xd8, 0xd0, 0xd0, 0xff, 0xd8, 0xcc, 0xc8, 0xff,
    0xd0, 0xd0, 0xc8, 0xff, 0xd8, 0xd0, 0xd0, 0xff, 0xd8, 0xcc, 0xc8, 0xff,
    0xd8, 0xd0, 0xd0, 0xff, 0xd8, 0xcc, 0xd0, 0xff, 0xd0, 0xcc, 0xc8, 0xff,
    0xd8, 0xd0, 0xc8, 0xff, 0xd8, 0xcc, 0xd0, 0xff, 0xd0, 0xd0, 0xc8, 0xff,
    0xd8, 0xd0, 0xc8, 0xff, 0xd8, 0xcc, 0xd0, 0xff, 0xd8, 0xd0, 0xc8, 0xff,
    0xd8, 0xcc, 0xd0, 0xff, 0xd0, 0xcc, 0xd0, 0xff, 0xd8, 0xd0, 0xc8, 0xff,
    0xd8, 0xd0, 0xc8, 0xff, 0xd0, 0xcc, 0xd0, 0xff, 0xd8, 0xd0, 0xc8, 0xff,
    0xd8, 0xcc, 0xc8, 0xff, 0xd8, 0xcc, 0xd0, 0xff, 0xd8, 0xd0, 0xc8, 0xff,
    0xd0, 0xcc, 0xd0, 0xff, 0xd8, 0xcc, 0xd0, 0xff, 0xd8, 0xd0, 0xc8, 0xff,
    0xd0, 0xd0, 0xc8, 0xff, 0xd8, 0xd0, 0xd0, 0xff, 0xd8, 0xcc, 0xc8, 0xff,
    0xd0, 0xd0, 0xc8, 0xff, 0xd8, 0xcc, 0xd0, 0xff, 0xd8, 0xcc, 0xc8, 0xff,
    0xd8, 0xd0, 0xd0, 0xff, 0xd8, 0xcc, 0xd0, 0xff, 0xd0, 0xcc, 0xc8, 0xff,
    0xd8, 0xd0, 0xc8, 0xff, 0xd8, 0xd0, 0xd0, 0xff, 0xd0, 0xcc, 0xc8, 0xff,
    0xd8, 0xd0, 0xc8, 0xff, 0xd8, 0xd0, 0xd0, 0xff, 0xd8, 0xcc, 0xc8, 0xff,
    0xd8, 0xd0, 0xd0, 0xff, 0xd0, 0xcc, 0xd0, 0xff, 0xd8, 0xcc, 0xc8, 0xff,
    0xd8, 0xd0, 0xc8, 0xff, 0xd0, 0xcc, 0xd0, 0xff, 0xd8, 0xd0, 0xc8, 0xff,
    0xd8, 0xd0, 0xc8, 0xff, 0xd8, 0xcc, 0xd0, 0xff, 0xd8, 0xd0, 0xc8, 0xff,
    0xd0, 0xcc, 0xd0, 0xff, 0xd8, 0xcc, 0xd0, 0xff, 0xd8, 0xd0, 0xc8, 0xff,
    0xd0, 0xd0, 0xc8, 0xff, 0xd8, 0xcc, 0xd0, 0xff, 0xd8, 0xd0, 0xc8, 0xff,
    0xd0, 0xcc, 0xc8, 0xff, 0xd8, 0xcc, 0xd0, 0xff, 0xd8, 0xd0, 0xc8, 0xff,
    0xd8, 0xcc, 0xd0, 0xff, 0xd8, 0xcc, 0xd0, 0xff, 0xd0, 0xd0, 0xc8, 0xff,
    0xd8, 0xd0, 0xc8, 0xff, 0xd8, 0xd0, 0xd0, 0xff, 0xd0, 0xcc, 0xc8, 0xff,
    0xd8, 0xd0, 0xc8, 0xff, 0xd8, 0xcc, 0xd0, 0xff, 0xd8, 0xcc, 0xc8, 0xff,
    0xd8, 0xd0, 0xd0, 0xff, 0xd0, 0xcc, 0xd0, 0xff, 0xd8, 0xcc, 0xc8, 0xff,
    0xd8, 0xd0, 0xc8, 0xff, 0xd0, 0xd0, 0xd0, 0xff, 0xd8, 0xcc, 0xc8, 0xff,
    0xd8, 0xd0, 0xc8, 0xff, 0xd8, 0xd0, 0xd0, 0xff, 0xd8, 0xcc, 0xc8, 0xff,
    0xd0, 0xd0, 0xd0, 0xff, 0xd8, 0xcc, 0xd0, 0xff, 0xd8, 0xcc, 0xc8, 0xff,
    0xd0, 0xd0, 0xc8, 0xff, 0xd8, 0xcc, 0xd0, 0xff, 0xd8, 0xd0, 0xc8, 0xff,
    0xd0, 0xd0, 0xc8, 0xff, 0xd8, 0xcc, 0xd0, 0xff, 0xd8, 0xd0, 0xc8, 0xff,
    0xd8, 0xcc, 0xd0, 0xff, 0xd8, 0xcc, 0xd0, 0xff, 0xd0, 0xd0, 0xc8, 0xff,
    0xd8, 0xd0, 0xc8, 0xff, 0xd8, 0xcc, 0xd0, 0xff, 0xd0, 0xd0, 0xc8, 0xff,
    0xd8, 0xcc, 0xc8, 0xff, 0xd8, 0xcc, 0xd0, 0xff, 0xd8, 0xd0, 0xc8, 0xff,
    0xd8, 0xcc, 0xd0, 0xff, 0xd0, 0xcc, 0xd0, 0xff, 0xd8, 0xd0, 0xc8, 0xff,
    0xd8, 0xd0, 0xc8, 0xff, 0xd0, 0xd0, 0xd0, 0xff, 0xd8, 0xcc, 0xc8, 0xff,
    0xd8, 0xd0, 0xc8, 0xff, 0xd8, 0xcc, 0xd0, 0xff, 0xd8, 0xcc, 0xc8, 0xff,
    0xd0, 0xd0, 0xd0, 0xff, 0xd8, 0xcc, 0xd0, 0xff, 0xd8, 0xcc, 0xc8, 0xff,
    0xd0, 0xd0, 0xc8, 0xff, 0xd8, 0xd0, 0xd0, 0xff, 0xd8, 0xcc, 0xc8, 0xff,
    0xd0, 0xd0, 0xc8, 0xff, 0xd8, 0xd0, 0xd0, 0xff, 0xd8, 0xcc, 0xc8, 0xff,
    0xd8, 0xd0, 0xd0, 0xff, 0xd8, 0xcc, 0xd0, 0xff, 0xd0, 0xcc, 0xc8, 0xff,
    0xd8, 0xd0, 0xc8, 0xff, 0xd8, 0xcc, 0xd0, 0xff, 0xd0, 0xd0, 0xc8, 0xff,
    0xd8, 0xd0, 0xc8, 0xff, 0xd8, 0xcc, 0xd0, 0xff, 0xd8, 0xd0, 0xc8, 0xff,
    0xd8, 0xd0, 0xd0, 0xff, 0xd0, 0xcc, 0xd0, 0xff, 0xd8, 0xd0, 0xc8, 0xff,
    0xd8, 0xcc, 0xc8, 0xff, 0xd0, 0xcc, 0xd0, 0xff, 0xd8, 0xd0, 0xc8, 0xff,
    0xd0, 0xcc, 0xc8, 0xff, 0xd8, 0xd0, 0xd0, 0xff, 0xd8, 0xcc, 0xc8, 0xff,
    0xd0, 0xcc, 0xd0, 0xff, 0xd8, 0xd0, 0xc8, 0xff, 0xd0, 0xcc, 0xd0, 0xff,
    0xd8, 0xcc, 0xc8, 0xff, 0xd8, 0xd0, 0xd0, 0xff, 0xd0, 0xcc, 0xc8, 0xff,
    0xd0, 0xcc, 0xc8, 0xff, 0xd8, 0xd0, 0xd0, 0xff, 0xd8, 0xcc, 0xc8, 0xff,
    0xd8, 0xcc, 0xc8, 0xff, 0xd0, 0xd0, 0xd0, 0xff, 0xd8, 0xcc, 0xc8, 0xff,
    0xd0, 0xcc, 0xc8, 0xff, 0xd8, 0xd0, 0xd0, 0xff, 0xd8, 0xcc, 0xc8, 0xff,
    0xd0, 0xd0, 0xc8, 0xff, 0xd8, 0xd0, 0xd0, 0xff, 0xd0, 0xcc, 0xc8, 0xff,
    0xd8, 0xd0, 0xc8, 0xff, 0xd8, 0xcc, 0xc8, 0xff, 0xd0, 0xd0, 0xd0, 0xff,
    0xd8, 0xd0, 0xc8, 0xff, 0xd8, 0xcc, 0xd0, 0xff, 0xd0, 0xd0, 0xc8, 0xff,
    0xd8, 0xcc, 0xd0, 0xff, 0xd8, 0xcc, 0xc8, 0xff, 0xd0, 0xd0, 0xc8, 0xff,
    0xd8, 0xcc, 0xd0, 0xff, 0xd8, 0xd0, 0xc8, 0xff, 0xd0, 0xd0, 0xc8, 0xff,
    0xd8, 0xcc, 0xd0, 0xff, 0xd8, 0xd0, 0xc8, 0xff, 0xd0, 0xd0, 0xd0, 0xff,
    0xd8, 0xcc, 0xc8, 0xff, 0xd8, 0xd0, 0xd0, 0xff, 0xd0, 0xcc, 0xc8, 0xff,
    0xd0, 0xd0, 0xc8, 0xff, 0xd8, 0xd0, 0xd0, 0xff, 0xd8, 0xcc, 0xd0, 0xff,
    0xd0, 0xd0, 0xc8, 0xff, 0xd8, 0xd0, 0xc8, 0xff, 0xd8, 0xcc, 0xd0, 0xff,
    0xd0, 0xcc, 0xc8, 0xff, 0xd8, 0xd0, 0xd0, 0xff, 0xd8, 0xcc, 0xc8, 0xff,
    0xd0, 0xcc, 0xd0, 0xff, 0xd8, 0xd0, 0xc8, 0xff, 0xd8, 0xd0, 0xc8, 0xff,
    0xd0, 0xcc, 0xd0, 0xff, 0xd8, 0xd0, 0xd0, 0xff, 0xd0, 0xcc, 0xc8, 0xff,
    0xd8, 0xcc, 0xd0, 0xff, 0xd8, 0xd0, 0xc8, 0xff, 0xd0, 0xcc, 0xc8, 0xff,
    0xd8, 0xd0, 0xd0, 0xff, 0xd8, 0xd0, 0xc8, 0xff, 0xd0, 0xcc, 0xc8, 0xff,
    0xd8, 0xd0, 0xd0, 0xff, 0xd8, 0xcc, 0xc8, 0xff, 0xd0, 0xcc, 0xd0, 0xff,
    0xd8, 0xd0, 0xc8, 0xff, 0xd8, 0xcc, 0xc8, 0xff, 0xd0, 0xcc, 0xd0, 0xff,
    0xd0, 0xd0, 0xc8, 0xff, 0xd8, 0xcc, 0xc8, 0xff, 0xd8, 0xd0, 0xd0, 0xff,
    0xd0, 0xd0, 0xc8, 0xff, 0xd8, 0xcc, 0xc8, 0xff, 0xd8, 0xd0, 0xd0, 0xff,
    0xd0, 0xcc, 0xc8, 0xff, 0xd8, 0xcc, 0xd0, 0xff, 0xd8, 0xd0, 0xc8, 0xff,
    0xd0, 0xcc, 0xc8, 0xff, 0xd8, 0xcc, 0xd0, 0xff, 0xd8, 0xd0, 0xc8, 0xff,
    0xd0, 0xd0, 0xc8, 0xff, 0xd8, 0xcc, 0xd0, 0xff, 0xd0, 0xcc, 0xc8, 0xff,
    0xd8, 0xd0, 0xd0, 0xff, 0xd8, 0xcc, 0xc8, 0xff, 0xd0, 0xd0, 0xc8, 0xff,
    0xd8, 0xd0, 0xd0, 0xff, 0xd8, 0xcc, 0xc8, 0xff, 0xd0, 0xd0, 0xc8, 0xff,
    0xd8, 0xd0, 0xc8, 0xff, 0xd8, 0xcc, 0xd0, 0xff, 0xd0, 0xcc, 0xc8, 0xff,
    0xd8, 0xd0, 0xd0, 0xff, 0xd8, 0xcc, 0xc8, 0xff, 0xd0, 0xd0, 0xc8, 0xff,
    0xd0, 0xd0, 0xd0, 0xff, 0xd8, 0xcc, 0xc8, 0xff, 0xd8, 0xd0, 0xc8, 0xff,
    0xd0, 0xd0, 0xc8, 0xff, 0xd8, 0xcc, 0xd0, 0xff, 0xd8, 0xcc, 0xc8, 0xff,
    0xd0, 0xd0, 0xd0, 0xff, 0xd8, 0xcc, 0xc8, 0xff, 0xd8, 0xd0, 0xc8, 0xff,
    0xd0, 0xcc, 0xd0, 0xff, 0xd8, 0xcc, 0xc8, 0xff, 0xd8, 0xd0, 0xc8, 0xff,
    0xd0, 0xd0, 0xc8, 0xff, 0xd8, 0xcc, 0xd0, 0xff, 0xd0, 0xd0, 0xc8, 0xff,
    0xd8, 0xcc, 0xd0, 0xff, 0xd8, 0xcc, 0xc8, 0xff, 0xd0, 0xd0, 0xc8, 0xff,
    0xd8, 0xcc, 0xd0, 0xff, 0xd8, 0xcc, 0xc8, 0xff, 0xd0, 0xd0, 0xc8, 0xff,
    0xd8, 0xd0, 0xc8, 0xff, 0xd8, 0xcc, 0xd0, 0xff, 0xd0, 0xcc, 0xc8, 0xff,
    0xd8, 0xd0, 0xd0, 0xff, 0xd8, 0xcc, 0xc8, 0xff, 0xd0, 0xd0, 0xc8, 0xff,
    0xd0, 0xd0, 0xd0, 0xff, 0xd8, 0xcc, 0xc8, 0xff, 0xd8, 0xd0, 0xc8, 0xff,
    0xd0, 0xd0, 0xc8, 0xff, 0xd8, 0xcc, 0xd0, 0xff, 0xd8, 0xcc, 0xc8, 0xff,
    0xd0, 0xd0, 0xd0, 0xff, 0xd8, 0xcc, 0xc8, 0xff, 0xd8, 0xd0, 0xc8, 0xff,
    0xd0, 0xd0, 0xd0, 0xff, 0xd8, 0xcc, 0xc8, 0xff, 0xd8, 0xd0, 0xc8, 0xff,
    0xd0, 0xd0, 0xc8, 0xff, 0xd8, 0xcc, 0xd0, 0xff, 0xd0, 0xcc, 0xc8, 0xff,
    0xd8, 0xd0, 0xd0, 0xff, 0xd8, 0xcc, 0xc8, 0xff, 0xd0, 0xd0, 0xc8, 0xff,
    0xd8, 0xcc, 0xd0, 0xff, 0xd8, 0xcc, 0xc8, 0xff, 0xd0, 0xd0, 0xc8, 0xff,
    0xd8, 0xd0, 0xc8, 0xff, 0xd8, 0xcc, 0xd0, 0xff, 0xd0, 0xd0, 0xc8, 0xff,
    0xd8, 0xcc, 0xd0, 0xff, 0xd8, 0xcc, 0xc8, 0xff, 0xd0, 0xd0, 0xc8, 0xff,
    0xd0, 0xcc, 0xd0, 0xff, 0xd8, 0xcc, 0xc8, 0xff, 0xd8, 0xd0, 0xc8, 0xff,
    0xd0, 0xd0, 0xc8, 0xff, 0xd8, 0xcc, 0xd0, 0xff, 0xd8, 0xcc, 0xc8, 0xff,
    0xd0, 0xd0, 0xd0, 0xff, 0xd8, 0xcc, 0xc8, 0xff, 0xd8, 0xd0, 0xc8, 0xff,
    0xd0, 0xd0, 0xd0, 0xff, 0xd8, 0xcc, 0xc8, 0xff, 0xd8, 0xd0, 0xc8, 0xff,
    0xd0, 0xd0, 0xc8, 0xff, 0xd8, 0xcc, 0xd0, 0xff, 0xd0, 0xcc, 0xc8, 0xff,
    0xd8, 0xd0, 0xd0, 0xff, 0xd8, 0xcc, 0xc8, 0xff, 0xd0, 0xd0, 0xc8, 0xff,
    0xd8, 0xd0, 0xd0, 0xff, 0xd8, 0xcc, 0xc8, 0xff, 0xd0, 0xd0, 0xc8, 0xff,
    0xd8, 0xd0, 0xc8, 0xff, 0xd8, 0xcc, 0xd0, 0xff, 0xd0, 0xcc, 0xc8, 0xff,
    0xd8, 0xd0, 0xd0, 0xff, 0xd8, 0xcc, 0xc8, 0xff, 0xd0, 0xd0, 0xc8, 0xff,
    0xd0, 0xcc, 0xd0, 0xff, 0xd8, 0xcc, 0xc8, 0xff, 0xd8, 0xd0, 0xc8, 0xff,
    0xd0, 0xd0, 0xc8, 0xff, 0xd8, 0xcc, 0xd0, 0xff, 0xd8, 0xd0, 0xc8, 0xff,
    0xd0, 0xcc, 0xd0, 0xff, 0xd8, 0xcc, 0xc8, 0xff, 0xd8, 0xd0, 0xc8, 0xff,
    0xd0, 0xcc, 0xd0, 0xff, 0xd8, 0xcc, 0xc8, 0xff, 0xd8, 0xd0, 0xc8, 0xff,
    0xd0, 0xd0, 0xc8, 0xff, 0xd8, 0xcc, 0xd0, 0xff, 0xd0, 0xcc, 0xc8, 0xff,
    0xd8, 0xd0, 0xd0, 0xff, 0xd8, 0xcc, 0xc8, 0xff, 0xd0, 0xd0, 0xc8, 0xff,
    0xd8, 0xd0, 0xd0, 0xff, 0xd8, 0xcc, 0xc8, 0xff, 0xd0, 0xd0, 0xc8, 0xff,
    0xd8, 0xd0, 0xc8, 0xff, 0xd8, 0xcc, 0xd0, 0xff, 0xd0, 0xcc, 0xc8, 0xff,
    0xd8, 0xd0, 0xd0, 0xff, 0xd8, 0xcc, 0xc8, 0xff, 0xd0, 0xd0, 0xc8, 0xff,
    0xd0, 0xd0, 0xd0, 0xff, 0xd8, 0xcc, 0xc8, 0xff, 0xd8, 0xd0, 0xc8, 0xff,
    0xd0, 0xd0, 0xc8, 0xff, 0xd8, 0xcc, 0xd0, 0xff, 0xd8, 0xcc, 0xc8, 0xff,
    0xd0, 0xd0, 0xd0, 0xff, 0xd8, 0xcc, 0xc8, 0xff, 0xd8, 0xd0, 0xc8, 0xff,
    0xd0, 0xcc, 0xd0, 0xff, 0xd8, 0xcc, 0xc8, 0xff, 0xd8, 0xd0, 0xc8, 0xff,
    0xd0, 0xd0, 0xc8, 0xff, 0xd8, 0xcc, 0xd0, 0xff, 0xd0, 0xd0, 0xc8, 0xff,
    0xd8, 0xcc, 0xd0, 0xff, 0xd8, 0xcc, 0xc8, 0xff, 0xd0, 0xd0, 0xc8, 0xff,
    0xd8, 0xcc, 0xd0, 0xff, 0xd8, 0xcc, 0xc8, 0xff, 0xd0, 0xd0, 0xc8, 0xff,
    0xd8, 0xd0, 0xc8, 0xff, 0xd8, 0xcc, 0xd0, 0xff, 0xd0, 0xcc, 0xc8, 0xff,
    0xd8, 0xd0, 0xd0, 0xff, 0xd8, 0xcc, 0xc8, 0xff, 0xd0, 0xd0, 0xc8, 0xff,
    0xd0, 0xd0, 0xd0, 0xff, 0xd8, 0xcc, 0xc8, 0xff, 0xd8, 0xd0, 0xc8, 0xff,
    0xd0, 0xd0, 0xc8, 0xff, 0xd8, 0xcc, 0xd0, 0xff, 0xd8, 0xcc, 0xc8, 0xff,
    0xd0, 0xd0, 0xd0, 0xff, 0xd8, 0xcc, 0xc8, 0xff, 0xd8, 0xd0, 0xc8, 0xff,
    0xd0, 0xd0, 0xd0, 0xff, 0xd8, 0xcc, 0xc8, 0xff, 0xd8, 0xd0, 0xc8, 0xff,
    0xd0, 0xd0, 0xc8, 0xff, 0xd8, 0xcc, 0xd0, 0xff, 0xd0, 0xcc, 0xc8, 0xff,
    0xd8, 0xd0, 0xd0, 0xff, 0xd8, 0xcc, 0xc8, 0xff, 0xd0, 0xd0, 0xc8, 0xff,
    0xd8, 0xcc, 0xd0, 0xff, 0xd8, 0xcc, 0xc8, 0xff, 0xd0, 0xd0, 0xc8, 0xff,
    0xd8, 0xd0, 0xc8, 0xff, 0xd8, 0xcc, 0xd0, 0xff, 0xd0, 0xd0, 0xc8, 0xff,
    0xd8, 0xcc, 0xd0, 0xff, 0xd8, 0xcc, 0xc8, 0xff, 0xd0, 0xd0, 0xc8, 0xff,
    0xd0, 0xcc, 0xd0, 0xff, 0xd8, 0xcc, 0xc8, 0xff, 0xd8, 0xd0, 0xc8, 0xff,
    0xd0, 0xd0, 0xc8, 0xff, 0xd8, 0xcc, 0xd0, 0xff, 0xd8, 0xcc, 0xc8, 0xff,
    0xd0, 0xd0, 0xd0, 0xff, 0xd8, 0xcc, 0xc8, 0xff, 0xd8, 0xd0, 0xc8, 0xff,
    0xd0, 0xd0, 0xd0, 0xff, 0xd8, 0xcc, 0xc8, 0xff, 0xd8, 0xd0, 0xc8, 0xff,
    0xd0, 0xd0, 0xc8, 0xff, 0xd8, 0xcc, 0xd0, 0xff, 0xd0, 0xcc, 0xc8, 0xff,
    0xd8, 0xd0, 0xd0, 0xff, 0xd8, 0xcc, 0xc8, 0xff, 0xd0, 0xd0, 0xc8, 0xff,
    0xd8, 0xd0, 0xd0, 0xff, 0xd8, 0xcc, 0xc8, 0xff, 0xd0, 0xd0, 0xc8, 0xff,
    0xd8, 0xd0, 0xc8, 0xff, 0xd8, 0xcc, 0xd0, 0xff, 0xd0, 0xcc, 0xc8, 0xff,
    0xd8, 0xd0, 0xd0, 0xff, 0xd8, 0xcc, 0xc8, 0xff, 0xd0, 0xd0, 0xc8, 0xff,
    0xd0, 0xcc, 0xd0, 0xff, 0xd8, 0xcc, 0xc8, 0xff, 0xd8, 0xd0, 0xc8, 0xff,
    0xd0, 0xd0, 0xc8, 0xff, 0xd8, 0xcc, 0xd0, 0xff, 0xd8, 0xd0, 0xc8, 0xff,
    0xd0, 0xcc, 0xd0, 0xff, 0xd8, 0xcc, 0xc8, 0xff, 0xd8, 0xd0, 0xc8, 0xff,
    0xd0, 0xcc, 0xd0, 0xff, 0xd8, 0xcc, 0xc8, 0xff, 0xd8, 0xd0, 0xc8, 0xff,
    0xd0, 0xd0, 0xc8, 0xff, 0xd8, 0xcc, 0xd0, 0xff, 0xd0, 0xcc, 0xc8, 0xff,
    0xd8, 0xd0, 0xd0, 0xff, 0xd8, 0xcc, 0xc8, 0xff, 0xd0, 0xd0, 0xc8, 0xff,
    0xd8, 0xd0, 0xd0, 0xff, 0xd8, 0xcc, 0xc8, 0xff, 0xd0, 0xd0, 0xc8, 0xff,
    0xd8, 0xd0, 0xc8, 0xff, 0xd8, 0xcc, 0xd0, 0xff, 0xd0, 0xcc, 0xc8, 0xff,
    0xd8, 0xd0, 0xd0, 0xff, 0xd8, 0xcc, 0xc8, 0xff, 0xd0, 0xd0, 0xc8, 0xff,
    0xd0, 0xd0, 0xd0, 0xff, 0xd8, 0xcc, 0xc8, 0xff, 0xd8, 0xd0, 0xc8, 0xff,
    0xd0, 0xd0, 0xc8, 0xff, 0xd8, 0xcc, 0xd0, 0xff, 0xd8, 0xcc, 0xc8, 0xff,
    0xd0, 0xd0, 0xd0, 0xff, 0xd8, 0xcc, 0xc8, 0xff, 0xd8, 0xd0, 0xc8, 0xff,
    0xd0, 0xcc, 0xd0, 0xff, 0xd8, 0xcc, 0xc8, 0xff, 0xd8, 0xd0, 0xc8, 0xff,
    0xd0, 0xd0, 0xc8, 0xff, 0xd8, 0xcc, 0xd0, 0xff, 0xd0, 0xd0, 0xc8, 0xff,
    0xd8, 0xcc, 0xd0, 0xff, 0xd8, 0xcc, 0xc8, 0xff, 0xd0, 0xd0, 0xc8, 0xff,
    0xd8, 0xcc, 0xd0, 0xff, 0xd8, 0xcc, 0xc8, 0xff, 0xd0, 0xcc, 0xc8, 0xff,
    0xd8, 0xd0, 0xc8, 0xff, 0xd8, 0xcc, 0xd0, 0xff, 0xd0, 0xd0, 0xc8, 0xff,
    0xd8, 0xd0, 0xd0, 0xff, 0xd8, 0xcc, 0xc8, 0xff, 0xd0, 0xcc, 0xc8, 0xff,
    0xd8, 0xd0, 0xd0, 0xff, 0xd0, 0xd0, 0xc8, 0xff, 0xd8, 0xcc, 0xc8, 0xff,
    0xd8, 0xd0, 0xc8, 0xff, 0xd0, 0xd0, 0xd0, 0xff, 0xd8, 0xcc, 0xc8, 0xff,
    0xd0, 0xd0, 0xc8, 0xff, 0xd8, 0xd0, 0xd0, 0xff, 0xd8, 0xcc, 0xc8, 0xff,
    0xd0, 0xd0, 0xd0, 0xff, 0xd8, 0xd0, 0xc8, 0xff, 0xd8, 0xcc, 0xc8, 0xff,
    0xd8, 0xcc, 0xc8, 0xff, 0xd8, 0xd0, 0xd0, 0xff, 0xd0, 0xd0, 0xc8, 0xff,
    0xd8, 0xcc, 0xd0, 0xff, 0xd8, 0xd0, 0xc8, 0xff, 0xd0, 0xcc, 0xc8, 0xff,
    0xd8, 0xcc, 0xd0, 0xff, 0xd8, 0xd0, 0xc8, 0xff, 0xd0, 0xcc, 0xc8, 0xff,
    0xd8, 0xd0, 0xd0, 0xff, 0xd8, 0xcc, 0xc8, 0xff, 0xd0, 0xcc, 0xc8, 0xff,
    0xd8, 0xd0, 0xd0, 0xff, 0xd0, 0xcc, 0xc8, 0xff, 0xd8, 0xd0, 0xc8, 0xff,
    0xd0, 0xd0, 0xd0, 0xff, 0xd8, 0xcc, 0xc8, 0xff, 0xd8, 0xcc, 0xd0, 0xff,
    0xd0, 0xd0, 0xc8, 0xff, 0xd0, 0xcc, 0xc8, 0xff, 0xd8, 0xcc, 0xd0, 0xff,
    0xd0, 0xd0, 0xc8, 0xff, 0xd8, 0xcc, 0xc8, 0xff, 0xd0, 0xcc, 0xc8, 0xff,
    0xd8, 0xd0, 0xd0, 0xff, 0xd8, 0xcc, 0xc8, 0xff, 0xd0, 0xcc, 0xc8, 0xff,
    0xd8, 0xd0, 0xd0, 0xff, 0xd8, 0xcc, 0xc8, 0xff, 0xd0, 0xcc, 0xc8, 0xff,
    0xd8, 0xd0, 0xd0, 0xff, 0xd8, 0xd0, 0xc8, 0xff, 0xd0, 0xcc, 0xc8, 0xff,
    0xd8, 0xd0, 0xd0, 0xff, 0xd8, 0xd0, 0xc8, 0xff, 0xd0, 0xcc, 0xc8, 0xff,
    0xd8, 0xd0, 0xd0, 0xff, 0xd8, 0xcc, 0xc8, 0xff, 0xd0, 0xcc, 0xc8, 0xff,
    0xd0, 0xd0, 0xd0, 0xff, 0xd8, 0xd0, 0xc8, 0xff, 0xd8, 0xd0, 0xc8, 0xff,
    0xd0, 0xcc, 0xd0, 0xff, 0xd8, 0xd0, 0xc8, 0xff, 0xd8, 0xcc, 0xd0, 0xff,
    0xd0, 0xcc, 0xc8, 0xff, 0xd0, 0xd0, 0xd0, 0xff, 0xd8, 0xcc, 0xc8, 0xff,
    0xd0, 0xd0, 0xc8, 0xff, 0xd8, 0xd0, 0xc8, 0xff, 0xd0, 0xcc, 0xd0, 0xff,
    0xd8, 0xd0, 0xc8, 0xff, 0xd8, 0xd0, 0xd0, 0xff, 0xd0, 0xcc, 0xc8, 0xff,
    0xd8, 0xd0, 0xd0, 0xff, 0xd8, 0xcc, 0xc8, 0xff, 0xd0, 0xcc, 0xc8, 0xff,
    0xd8, 0xd0, 0xc8, 0xff, 0xd8, 0xd0, 0xd0, 0xff, 0xd0, 0xcc, 0xc8, 0xff,
    0xd8, 0xd0, 0xc8, 0xff, 0xd8, 0xd0, 0xd0, 0xff, 0xd0, 0xcc, 0xc8, 0xff,
    0xd8, 0xd0, 0xd0, 0xff, 0xd8, 0xcc, 0xc8, 0xff, 0xd0, 0xd0, 0xc8, 0xff,
    0xd0, 0xd0, 0xc8, 0xff, 0xd8, 0xcc, 0xc8, 0xff, 0xd8, 0xd0, 0xd0, 0xff,
    0xd0, 0xcc, 0xc8, 0xff, 0xd8, 0xcc, 0xc8, 0xff, 0xd8, 0xd0, 0xd0, 0xff,
    0xd0, 0xcc, 0xd0, 0xff, 0xd0, 0xd0, 0xc8, 0xff, 0xd8, 0xcc, 0xc8, 0xff,
    0xd0, 0xd0, 0xd0, 0xff, 0xd8, 0xd0, 0xc8, 0xff, 0xd0, 0xcc, 0xc8, 0xff,
    0xd8, 0xcc, 0xd0, 0xff, 0xd8, 0xd0, 0xc8, 0xff, 0xd0, 0xcc, 0xd0, 0xff,
    0xd8, 0xcc, 0xc8, 0xff, 0xd8, 0xd0, 0xd0, 0xff, 0xd0, 0xcc, 0xc8, 0xff,
    0xd8, 0xd0, 0xc8, 0xff, 0xd8, 0xd0, 0xc8, 0xff, 0xd0, 0xcc, 0xd0, 0xff,
    0xd8, 0xd0, 0xc8, 0xff, 0xd8, 0xcc, 0xc8, 0xff, 0xd0, 0xd0, 0xd0, 0xff,
    0xd8, 0xd0, 0xd0, 0xff, 0xd8, 0xcc, 0xc8, 0xff, 0xd0, 0xd0, 0xc8, 0xff,
    0xd0, 0xcc, 0xd0, 0xff, 0xd8, 0xd0, 0xc8, 0xff, 0xd8, 0xd0, 0xc8, 0xff,
    0xd0, 0xcc, 0xd0, 0xff, 0xd8, 0xd0, 0xc8, 0xff, 0xd8, 0xd0, 0xd0, 0xff,
    0xd0, 0xcc, 0xc8, 0xff, 0xd0, 0xd0, 0xd0, 0xff, 0xd8, 0xcc, 0xc8, 0xff,
    0xd0, 0xd0, 0xc8, 0xff, 0xd8, 0xd0, 0xc8, 0xff, 0xd0, 0xcc, 0xd0, 0xff,
    0xd8, 0xcc, 0xc8, 0xff, 0xd8, 0xd0, 0xc8, 0xff, 0xd0, 0xcc, 0xd0, 0xff,
    0xd8, 0xd0, 0xd0, 0xff, 0xd8, 0xcc, 0xc8, 0xff, 0xd0, 0xcc, 0xc8, 0xff,
    0xd8, 0xd0, 0xd0, 0xff, 0xd8, 0xd0, 0xc8, 0xff, 0xd0, 0xcc, 0xc8, 0xff,
    0xd8, 0xcc, 0xd0, 0xff, 0xd8, 0xd0, 0xc8, 0xff, 0xd0, 0xcc, 0xd0, 0xff,
    0xd8, 0xcc, 0xc8, 0xff, 0xd8, 0xd0, 0xd0, 0xff, 0xd0, 0xcc, 0xc8, 0xff,
    0xd0, 0xd0, 0xc8, 0xff, 0xd8, 0xd0, 0xc8, 0xff, 0xd8, 0xcc, 0xd0, 0xff,
    0xd0, 0xd0, 0xc8, 0xff, 0xd8, 0xcc, 0xc8, 0xff, 0xd8, 0xd0, 0xd0, 0xff,
    0xd0, 0xd0, 0xd0, 0xff, 0xd0, 0xcc, 0xc8, 0xff, 0xd8, 0xd0, 0xc8, 0xff,
    0xd0, 0xcc, 0xd0, 0xff, 0xd8, 0xd0, 0xc8, 0xff, 0xd0, 0xd0, 0xc8, 0xff,
    0xd8, 0xcc, 0xd0, 0xff, 0xd8, 0xd0, 0xc8, 0xff, 0xd0, 0xd0, 0xd0, 0xff,
    0xd8, 0xcc, 0xc8, 0xff, 0xd8, 0xd0, 0xd0, 0xff, 0xd0, 0xcc, 0xc8, 0xff,
    0xd8, 0xd0, 0xc8, 0xff, 0xd8, 0xd0, 0xc8, 0xff, 0xd0, 0xcc, 0xd0, 0xff,
    0xd8, 0xcc, 0xc8, 0xff, 0xd8, 0xd0, 0xc8, 0xff, 0xd0, 0xcc, 0xd0, 0xff,
    0xd8, 0xd0, 0xd0, 0xff, 0xd8, 0xcc, 0xc8, 0xff, 0xd0, 0xcc, 0xc8, 0xff,
    0xd0, 0xd0, 0xd0, 0xff, 0xd8, 0xd0, 0xc8, 0xff, 0xd8, 0xcc, 0xc8, 0xff,
    0xd0, 0xcc, 0xd0, 0xff, 0xd8, 0xd0, 0xc8, 0xff, 0xd8, 0xcc, 0xd0, 0xff,
    0xd0, 0xcc, 0xc8, 0xff, 0xd0, 0xd0, 0xd0, 0xff, 0xd8, 0xcc, 0xc8, 0xff,
    0xd0, 0xd0, 0xc8, 0xff, 0xd8, 0xd0, 0xc8, 0xff, 0xd0, 0xcc, 0xd0, 0xff,
    0xd8, 0xd0, 0xc8, 0xff, 0xd8, 0xcc, 0xc8, 0xff, 0xd0, 0xd0, 0xd0, 0xff,
    0xd8, 0xd0, 0xd0, 0xff, 0xd8, 0xcc, 0xc8, 0xff, 0xd0, 0xd0, 0xc8, 0xff,
    0xd8, 0xcc, 0xd0, 0xff, 0xd8, 0xd0, 0xc8, 0xff, 0xd0, 0xd0, 0xc8, 0xff,
    0xd8, 0xcc, 0xd0, 0xff, 0xd8, 0xd0, 0xc8, 0xff, 0xd0, 0xd0, 0xd0, 0xff,
    0xd8, 0xcc, 0xc8, 0xff, 0xd8, 0xd0, 0xd0, 0xff, 0xd0, 0xcc, 0xc8, 0xff,
    0xd0, 0xd0, 0xc8, 0xff, 0xd8, 0xd0, 0xc8, 0xff, 0xd8, 0xcc, 0xd0, 0xff,
    0xd0, 0xcc, 0xc8, 0xff, 0xd8, 0xd0, 0xc8, 0xff, 0xd8, 0xcc, 0xd0, 0xff,
    0xd0, 0xd0, 0xd0, 0xff, 0xd0, 0xcc, 0xc8, 0xff, 0xd8, 0xcc, 0xc8, 0xff,
    0xd0, 0xd0, 0xd0, 0xff, 0xd8, 0xd0, 0xc8, 0xff, 0xd0, 0xcc, 0xc8, 0xff,
    0xd8, 0xcc, 0xd0, 0xff, 0xd8, 0xd0, 0xc8, 0xff, 0xd0, 0xcc, 0xd0, 0xff,
    0xd8, 0xcc, 0xc8, 0xff, 0xd8, 0xd0, 0xd0, 0xff, 0xd0, 0xcc, 0xc8, 0xff,
    0xd8, 0xd0, 0xc8, 0xff, 0xd8, 0xd0, 0xc8, 0xff, 0xd0, 0xcc, 0xd0, 0xff,
    0xd8, 0xd0, 0xc8, 0xff, 0xd8, 0xcc, 0xc8, 0xff, 0xd0, 0xd0, 0xd0, 0xff,
    0xd8, 0xd0, 0xd0, 0xff, 0xd8, 0xcc, 0xc8, 0xff, 0xd0, 0xd0, 0xc8, 0xff,
    0xd0, 0xcc, 0xd0, 0xff, 0xd8, 0xd0, 0xc8, 0xff, 0xd8, 0xd0, 0xc8, 0xff,
    0xd0, 0xcc, 0xd0, 0xff, 0xd8, 0xd0, 0xc8, 0xff, 0xd8, 0xd0, 0xd0, 0xff,
    0xd0, 0xcc, 0xc8, 0xff, 0xd0, 0xd0, 0xd0, 0xff, 0xd8, 0xcc, 0xc8, 0xff,
    0xd0, 0xd0, 0xc8, 0xff, 0xd8, 0xd0, 0xc8, 0xff, 0xd0, 0xcc, 0xd0, 0xff,
    0xd8, 0xcc, 0xc8, 0xff, 0xd8, 0xd0, 0xc8, 0xff, 0xd0, 0xcc, 0xd0, 0xff,
    0xd8, 0xd0, 0xd0, 0xff, 0xd8, 0xcc, 0xc8, 0xff, 0xd0, 0xcc, 0xc8, 0xff,
    0xd8, 0xd0, 0xd0, 0xff, 0xd8, 0xd0, 0xc8, 0xff, 0xd0, 0xcc, 0xc8, 0xff,
    0xd8, 0xcc, 0xd0, 0xff, 0xd8, 0xd0, 0xc8, 0xff, 0xd0, 0xcc, 0xd0, 0xff,
    0xd8, 0xcc, 0xc8, 0xff, 0xd8, 0xd0, 0xd0, 0xff, 0xd0, 0xcc, 0xc8, 0xff,
    0xd0, 0xd0, 0xc8, 0xff, 0xd8, 0xd0, 0xc8, 0xff, 0xd8, 0xcc, 0xd0, 0xff,
    0xd0, 0xd0, 0xc8, 0xff, 0xd8, 0xcc, 0xc8, 0xff, 0xd8, 0xd0, 0xd0, 0xff,
    0xd0, 0xd0, 0xd0, 0xff, 0xd0, 0xcc, 0xc8, 0xff, 0xd8, 0xd0, 0xc8, 0xff,
    0xd0, 0xcc, 0xd0, 0xff, 0xd8, 0xd0, 0xc8, 0xff, 0xd0, 0xd0, 0xc8, 0xff,
    0xd8, 0xcc, 0xd0, 0xff, 0xd8, 0xd0, 0xc8, 0xff, 0xd0, 0xd0, 0xd0, 0xff,
    0xd8, 0xcc, 0xc8, 0xff, 0xd8, 0xd0, 0xd0, 0xff, 0xd0, 0xcc, 0xc8, 0xff,
    0xd8, 0xd0, 0xc8, 0xff, 0xd8, 0xd0, 0xc8, 0xff, 0xd0, 0xcc, 0xd0, 0xff,
    0xd8, 0xcc, 0xc8, 0xff, 0xd8, 0xd0, 0xc8, 0xff, 0xd0, 0xcc, 0xd0, 0xff,
    0xd8, 0xd0, 0xd0, 0xff, 0xd8, 0xcc, 0xc8, 0xff, 0xd0, 0xcc, 0xc8, 0xff,
    0xd0, 0xd0, 0xd0, 0xff, 0xd8, 0xd0, 0xc8, 0xff, 0xd8, 0xcc, 0xc8, 0xff,
    0xd0, 0xcc, 0xd0, 0xff, 0xd8, 0xd0, 0xc8, 0xff, 0xd8, 0xcc, 0xd0, 0xff,
    0xd0, 0xcc, 0xc8, 0xff, 0xd0, 0xd0, 0xd0, 0xff, 0xd8, 0xcc, 0xc8, 0xff,
    0xd0, 0xd0, 0xc8, 0xff, 0xd8, 0xd0, 0xc8, 0xff, 0xd0, 0xcc, 0xd0, 0xff,
    0xd8, 0xd0, 0xc8, 0xff, 0xd8, 0xcc, 0xc8, 0xff, 0xd0, 0xd0, 0xd0, 0xff,
    0xd8, 0xd0, 0xd0, 0xff, 0xd8, 0xcc, 0xc8, 0xff, 0xd0, 0xd0, 0xc8, 0xff,
    0xd8, 0xcc, 0xd0, 0xff, 0xd8, 0xd0, 0xc8, 0xff, 0xd0, 0xd0, 0xc8, 0xff,
    0xd8, 0xcc, 0xd0, 0xff, 0xd8, 0xd0, 0xc8, 0xff, 0xd0, 0xd0, 0xd0, 0xff,
    0xd8, 0xcc, 0xc8, 0xff, 0xd8, 0xd0, 0xd0, 0xff, 0xd0, 0xcc, 0xc8, 0xff,
    0xd0, 0xd0, 0xc8, 0xff, 0xd8, 0xd0, 0xc8, 0xff, 0xd8, 0xcc, 0xd0, 0xff,
    0xd0, 0xcc, 0xc8, 0xff, 0xd8, 0xd0, 0xc8, 0xff, 0xd8, 0xcc, 0xd0, 0xff,
    0xd0, 0xd0, 0xd0, 0xff, 0xd0, 0xcc, 0xc8, 0xff, 0xd8, 0xcc, 0xc8, 0xff,
    0xd0, 0xd0, 0xd0, 0xff, 0xd8, 0xd0, 0xc8, 0xff, 0xd0, 0xcc, 0xc8, 0xff,
    0xd8, 0xcc, 0xd0, 0xff, 0xd8, 0xd0, 0xc8, 0xff, 0xd0, 0xcc, 0xd0, 0xff,
    0xd8, 0xcc, 0xc8, 0xff, 0xd8, 0xd0, 0xd0, 0xff, 0xd0, 0xcc, 0xc8, 0xff,
    0xd8, 0xd0, 0xc8, 0xff, 0xd8, 0xd0, 0xc8, 0xff, 0xd0, 0xcc, 0xd0, 0xff,
    0xd8, 0xd0, 0xc8, 0xff, 0xd8, 0xcc, 0xc8, 0xff, 0xd0, 0xd0, 0xd0, 0xff,
    0xd8, 0xd0, 0xd0, 0xff, 0xd8, 0xcc, 0xc8, 0xff, 0xd0, 0xd0, 0xc8, 0xff,
    0xd0, 0xcc, 0xd0, 0xff, 0xd8, 0xd0, 0xc8, 0xff, 0xd8, 0xd0, 0xc8, 0xff,
    0xd0, 0xcc, 0xd0, 0xff, 0xd8, 0xd0, 0xc8, 0xff, 0xd8, 0xd0, 0xd0, 0xff,
    0xd0, 0xcc, 0xc8, 0xff, 0xd0, 0xd0, 0xd0, 0xff, 0xd8, 0xd0, 0xc8, 0xff,
    0xd0, 0xcc, 0xc8, 0xff, 0xd8, 0xcc, 0xc8, 0xff, 0xd0, 0xd0, 0xd0, 0xff,
    0xd8, 0xd0, 0xc8, 0xff, 0xd8, 0xcc, 0xc8, 0xff, 0xd0, 0xd0, 0xd0, 0xff,
    0xd8, 0xcc, 0xc8, 0xff, 0xd8, 0xcc, 0xd0, 0xff, 0xd0, 0xd0, 0xc8, 0xff,
    0xd8, 0xcc, 0xc8, 0xff, 0xd8, 0xcc, 0xd0, 0xff, 0xd0, 0xd0, 0xc8, 0xff,
    0xd8, 0xcc, 0xc8, 0xff, 0xd8, 0xcc, 0xd0, 0xff, 0xd0, 0xd0, 0xc8, 0xff,
    0xd8, 0xcc, 0xc8, 0xff, 0xd0, 0xcc, 0xd0, 0xff, 0xd8, 0xd0, 0xc8, 0xff,
    0xd0, 0xcc, 0xc8, 0xff, 0xd8, 0xd0, 0xc8, 0xff, 0xd8, 0xcc, 0xd0, 0xff,
    0xd0, 0xd0, 0xc8, 0xff, 0xd8, 0xd0, 0xc8, 0xff, 0xd0, 0xcc, 0xd0, 0xff,
    0xd8, 0xd0, 0xc8, 0xff, 0xd8, 0xcc, 0xc8, 0xff, 0xd0, 0xd0, 0xd0, 0xff,
    0xd8, 0xd0, 0xd0, 0xff, 0xd0, 0xcc, 0xc8, 0xff, 0xd8, 0xd0, 0xc8, 0xff,
    0xd8, 0xcc, 0xd0, 0xff, 0xd0, 0xcc, 0xc8, 0xff, 0xd8, 0xd0, 0xc8, 0xff,
    0xd8, 0xd0, 0xd0, 0xff, 0xd0, 0xcc, 0xc8, 0xff, 0xd8, 0xd0, 0xc8, 0xff,
    0xd8, 0xd0, 0xd0, 0xff, 0xd8, 0xcc, 0xc8, 0xff, 0xd8, 0xd0, 0xd0, 0xff,
    0xd0, 0xd0, 0xc8, 0xff, 0xd8, 0xcc, 0xd0, 0xff, 0xd8, 0xd0, 0xc8, 0xff,
    0xd0, 0xd0, 0xc8, 0xff, 0xd8, 0xcc, 0xd0, 0xff, 0xd8, 0xd0, 0xc8, 0xff,
    0xd0, 0xd0, 0xc8, 0xff, 0xd8, 0xcc, 0xd0, 0xff, 0xd0, 0xd0, 0xc8, 0xff,
    0xd8, 0xcc, 0xc8, 0xff, 0xd0, 0xcc, 0xd0, 0xff, 0xd8, 0xd0, 0xc8, 0xff,
    0xd8, 0xcc, 0xc8, 0xff, 0xd0, 0xcc, 0xd0, 0xff, 0xd0, 0xd0, 0xc8, 0xff,
    0xd8, 0xd0, 0xc8, 0xff, 0xd8, 0xcc, 0xd0, 0xff, 0xd0, 0xcc, 0xc8, 0xff,
    0xd8, 0xd0, 0xc8, 0xff, 0xd8, 0xcc, 0xc8, 0xff, 0xd0, 0xcc, 0xd0, 0xff,
    0xd8, 0xd0, 0xc8, 0xff, 0xd0, 0xd0, 0xc8, 0xff, 0xd8, 0xcc, 0xd0, 0xff,
    0xd8, 0xd0, 0xc8, 0xff, 0xd8, 0xcc, 0xc8, 0xff, 0xd8, 0xcc, 0xd0, 0xff,
    0xd0, 0xd0, 0xc8, 0xff, 0xd8, 0xcc, 0xd0, 0xff, 0xd8, 0xcc, 0xc8, 0xff,
    0xd0, 0xd0, 0xc8, 0xff, 0xd8, 0xcc, 0xd0, 0xff, 0xd8, 0xd0, 0xc8, 0xff,
    0xd0, 0xd0, 0xc8, 0xff, 0xd8, 0xcc, 0xd0, 0xff, 0xd0, 0xcc, 0xc8, 0xff,
    0xd8, 0xd0, 0xd0, 0xff, 0xd0, 0xcc, 0xc8, 0xff, 0xd8, 0xcc, 0xc8, 0xff,
    0xd8, 0xd0, 0xd0, 0xff, 0xd0, 0xcc, 0xc8, 0xff, 0xd0, 0xd0, 0xc8, 0xff,
    0xd8, 0xd0, 0xd0, 0xff, 0xd8, 0xcc, 0xc8, 0xff, 0xd0, 0xcc, 0xd0, 0xff,
    0xd8, 0xcc, 0xd0, 0xff, 0xd8, 0xd0, 0xc8, 0xff, 0xd0, 0xd0, 0xc8, 0xff,
    0xd8, 0xcc, 0xd0, 0xff, 0xd0, 0xd0, 0xc8, 0xff, 0xd8, 0xcc, 0xc8, 0xff,
    0xd8, 0xd0, 0xd0, 0xff, 0xd8, 0xcc, 0xc8, 0xff, 0xd8, 0xcc, 0xd0, 0xff,
    0xd0, 0xd0, 0xc8, 0xff, 0xd8, 0xcc, 0xc8, 0xff, 0xd8, 0xd0, 0xd0, 0xff,
    0xd0, 0xd0, 0xc8, 0xff, 0xd8, 0xcc, 0xc8, 0xff, 0xd8, 0xd0, 0xd0, 0xff,
    0xd0, 0xd0, 0xc8, 0xff, 0xd8, 0xcc, 0xc8, 0xff, 0xd0, 0xcc, 0xd0, 0xff,
    0xd8, 0xd0, 0xd0, 0xff, 0xd0, 0xcc, 0xc8, 0xff, 0xd8, 0xd0, 0xc8, 0xff,
    0xd8, 0xcc, 0xd0, 0xff, 0xd0, 0xd0, 0xc8, 0xff, 0xd0, 0xcc, 0xc8, 0xff,
    0xd8, 0xcc, 0xd0, 0xff, 0xd8, 0xd0, 0xc8, 0xff, 0xd0, 0xcc, 0xd0, 0xff,
    0xd8, 0xcc, 0xc8, 0xff, 0xd8, 0xd0, 0xc8, 0xff, 0xd0, 0xcc, 0xd0, 0xff,
    0xd8, 0xcc, 0xc8, 0xff, 0xd0, 0xd0, 0xc8, 0xff, 0xd8, 0xcc, 0xd0, 0xff,
    0xd8, 0xd0, 0xc8, 0xff, 0xd8, 0xcc, 0xc8, 0xff, 0xd8, 0xcc, 0xd0, 0xff,
    0xd0, 0xd0, 0xd0, 0xff, 0xd8, 0xcc, 0xc8, 0xff, 0xd8, 0xd0, 0xc8, 0xff,
    0xd0, 0xd0, 0xd0, 0xff, 0xd8, 0xcc, 0xc8, 0xff, 0xd8, 0xd0, 0xc8, 0xff,
    0xd0, 0xcc, 0xd0, 0xff, 0xd8, 0xd0, 0xc8, 0xff, 0xd0, 0xcc, 0xd0, 0xff,
    0xd8, 0xd0, 0xc8, 0xff, 0xd0, 0xcc, 0xc8, 0xff, 0xd8, 0xd0, 0xd0, 0xff,
    0xd8, 0xd0, 0xc8, 0xff, 0xd0, 0xcc, 0xc8, 0xff, 0xd0, 0xd0, 0xd0, 0xff,
    0xd8, 0xd0, 0xc8, 0xff, 0xd8, 0xcc, 0xc8, 0xff, 0xd0, 0xcc, 0xd0, 0xff,
    0xd8, 0xd0, 0xd0, 0xff, 0xd8, 0xcc, 0xc8, 0xff, 0xd0, 0xd0, 0xc8, 0xff,
    0xd8, 0xcc, 0xd0, 0xff, 0xd0, 0xd0, 0xc8, 0xff, 0xd8, 0xcc, 0xc8, 0xff,
    0xd8, 0xcc, 0xd0, 0xff, 0xd8, 0xd0, 0xc8, 0xff, 0xd8, 0xcc, 0xd0, 0xff,
    0xd0, 0xcc, 0xc8, 0xff, 0xd8, 0xd0, 0xc8, 0xff, 0xd8, 0xcc, 0xd0, 0xff,
    0xd0, 0xcc, 0xc8, 0xff, 0xd8, 0xd0, 0xc8, 0xff, 0xd8, 0xcc, 0xd0, 0xff,
    0xd0, 0xd0, 0xc8, 0xff, 0xd8, 0xcc, 0xc8, 0xff, 0xd0, 0xcc, 0xd0, 0xff,
    0xd8, 0xd0, 0xd0, 0xff, 0xd0, 0xcc, 0xc8, 0xff, 0xd8, 0xd0, 0xc8, 0xff,
    0xd8, 0xd0, 0xd0, 0xff, 0xd0, 0xcc, 0xc8, 0xff, 0xd0, 0xd0, 0xc8, 0xff,
    0xd8, 0xcc, 0xd0, 0xff, 0xd8, 0xd0, 0xc8, 0xff, 0xd0, 0xcc, 0xd0, 0xff,
    0xd8, 0xd0, 0xc8, 0xff, 0xd8, 0xcc, 0xc8, 0xff, 0xd0, 0xd0, 0xd0, 0xff,
    0xd8, 0xd0, 0xc8, 0xff, 0xd0, 0xcc, 0xc8, 0xff, 0xd8, 0xd0, 0xd0, 0xff,
    0xd8, 0xd0, 0xc8, 0xff, 0xd8, 0xcc, 0xc8, 0xff, 0xd8, 0xcc, 0xd0, 0xff,
    0xd0, 0xd0, 0xd0, 0xff, 0xd8, 0xcc, 0xc8, 0xff, 0xd8, 0xd0, 0xc8, 0xff,
    0xd0, 0xcc, 0xd0, 0xff, 0xd8, 0xd0, 0xc8, 0xff, 0xd8, 0xcc, 0xc8, 0xff,
    0xd0, 0xcc, 0xd0, 0xff, 0xd8, 0xd0, 0xc8, 0xff, 0xd0, 0xcc, 0xd0, 0xff,
    0xd8, 0xcc, 0xc8, 0xff, 0xd0, 0xd0, 0xc8, 0xff, 0xd8, 0xcc, 0xd0, 0xff,
    0xd8, 0xcc, 0xc8, 0xff, 0xd0, 0xd0, 0xc8, 0xff, 0xd0, 0xcc, 0xd0, 0xff,
    0xd8, 0xd0, 0xc8, 0xff, 0xd8, 0xcc, 0xc8, 0xff, 0xd0, 0xcc, 0xd0, 0xff,
    0xd8, 0xd0, 0xd0, 0xff, 0xd8, 0xcc, 0xc8, 0xff, 0xd0, 0xd0, 0xc8, 0xff,
    0xd8, 0xd0, 0xd0, 0xff, 0xd0, 0xcc, 0xc8, 0xff, 0xd8, 0xd0, 0xc8, 0xff,
    0xd8, 0xcc, 0xd0, 0xff, 0xd8, 0xd0, 0xc8, 0xff, 0xd8, 0xcc, 0xd0, 0xff,
    0xd0, 0xd0, 0xc8, 0xff, 0xd8, 0xcc, 0xc8, 0xff, 0xd8, 0xd0, 0xd0, 0xff,
    0xd0, 0xd0, 0xc8, 0xff, 0xd8, 0xcc, 0xc8, 0xff, 0xd8, 0xd0, 0xd0, 0xff,
    0xd0, 0xd0, 0xc8, 0xff, 0xd8, 0xcc, 0xc8, 0xff, 0xd0, 0xcc, 0xd0, 0xff,
    0xd8, 0xd0, 0xd0, 0xff, 0xd0, 0xcc, 0xc8, 0xff, 0xd8, 0xd0, 0xc8, 0xff,
    0xd8, 0xcc, 0xd0, 0xff, 0xd0, 0xd0, 0xc8, 0xff, 0xd0, 0xcc, 0xc8, 0xff,
    0xd8, 0xcc, 0xd0, 0xff, 0xd8, 0xd0, 0xc8, 0xff, 0xd0, 0xcc, 0xd0, 0xff,
    0xd8, 0xcc, 0xc8, 0xff, 0xd8, 0xd0, 0xc8, 0xff, 0xd0, 0xcc, 0xd0, 0xff,
    0xd8, 0xcc, 0xc8, 0xff, 0xd0, 0xd0, 0xc8, 0xff, 0xd8, 0xcc, 0xd0, 0xff,
    0xd8, 0xd0, 0xc8, 0xff, 0xd8, 0xcc, 0xc8, 0xff, 0xd8, 0xcc, 0xd0, 0xff,
    0xd0, 0xd0, 0xd0, 0xff, 0xd8, 0xcc, 0xc8, 0xff, 0xd8, 0xd0, 0xc8, 0xff,
    0xd0, 0xd0, 0xd0, 0xff, 0xd8, 0xcc, 0xc8, 0xff, 0xd8, 0xd0, 0xc8, 0xff,
    0xd0, 0xcc, 0xd0, 0xff, 0xd8, 0xd0, 0xc8, 0xff, 0xd0, 0xcc, 0xd0, 0xff,
    0xd8, 0xd0, 0xc8, 0xff, 0xd0, 0xcc, 0xc8, 0xff, 0xd8, 0xd0, 0xd0, 0xff,
    0xd8, 0xd0, 0xc8, 0xff, 0xd0, 0xcc, 0xc8, 0xff, 0xd0, 0xd0, 0xd0, 0xff,
    0xd8, 0xd0, 0xc8, 0xff, 0xd8, 0xcc, 0xc8, 0xff, 0xd0, 0xcc, 0xd0, 0xff,
    0xd8, 0xd0, 0xd0, 0xff, 0xd8, 0xcc, 0xc8, 0xff, 0xd0, 0xd0, 0xc8, 0xff,
    0xd8, 0xcc, 0xd0, 0xff, 0xd0, 0xd0, 0xc8, 0xff, 0xd8, 0xcc, 0xc8, 0xff,
    0xd8, 0xcc, 0xd0, 0xff, 0xd8, 0xd0, 0xc8, 0xff, 0xd8, 0xcc, 0xd0, 0xff,
    0xd0, 0xcc, 0xc8, 0xff, 0xd8, 0xd0, 0xc8, 0xff, 0xd8, 0xcc, 0xd0, 0xff,
    0xd0, 0xcc, 0xc8, 0xff, 0xd8, 0xd0, 0xc8, 0xff, 0xd8, 0xcc, 0xd0, 0xff,
    0xd0, 0xd0, 0xc8, 0xff, 0xd8, 0xcc, 0xc8, 0xff, 0xd0, 0xcc, 0xd0, 0xff,
    0xd8, 0xd0, 0xd0, 0xff, 0xd0, 0xcc, 0xc8, 0xff, 0xd8, 0xd0, 0xc8, 0xff,
    0xd8, 0xd0, 0xd0, 0xff, 0xd0, 0xcc, 0xc8, 0xff, 0xd0, 0xd0, 0xc8, 0xff,
    0xd8, 0xcc, 0xd0, 0xff, 0xd8, 0xd0, 0xc8, 0xff, 0xd0, 0xcc, 0xd0, 0xff,
    0xd8, 0xd0, 0xc8, 0xff, 0xd8, 0xcc, 0xc8, 0xff, 0xd0, 0xd0, 0xd0, 0xff,
    0xd8, 0xd0, 0xc8, 0xff, 0xd0, 0xcc, 0xc8, 0xff, 0xd8, 0xd0, 0xd0, 0xff,
    0xd8, 0xd0, 0xc8, 0xff, 0xd8, 0xcc, 0xc8, 0xff, 0xd8, 0xcc, 0xd0, 0xff,
    0xd0, 0xd0, 0xd0, 0xff, 0xd8, 0xcc, 0xc8, 0xff, 0xd8, 0xd0, 0xc8, 0xff,
    0xd0, 0xcc, 0xd0, 0xff, 0xd8, 0xd0, 0xc8, 0xff, 0xd8, 0xcc, 0xc8, 0xff,
    0xd0, 0xcc, 0xd0, 0xff, 0xd8, 0xd0, 0xc8, 0xff, 0xd0, 0xcc, 0xd0, 0xff,
    0xd8, 0xcc, 0xc8, 0xff, 0xd0, 0xd0, 0xc8, 0xff, 0xd8, 0xcc, 0xd0, 0xff,
    0xd8, 0xcc, 0xc8, 0xff, 0xd0, 0xd0, 0xc8, 0xff, 0xd0, 0xcc, 0xd0, 0xff,
    0xd8, 0xd0, 0xc8, 0xff, 0xd8, 0xcc, 0xc8, 0xff, 0xd0, 0xcc, 0xd0, 0xff,
    0xd8, 0xd0, 0xd0, 0xff, 0xd8, 0xcc, 0xc8, 0xff, 0xd0, 0xd0, 0xc8, 0xff,
    0xd8, 0xd0, 0xd0, 0xff, 0xd0, 0xcc, 0xc8, 0xff, 0xd8, 0xd0, 0xc8, 0xff,
    0xd8, 0xcc, 0xd0, 0xff, 0xd8, 0xd0, 0xc8, 0xff, 0xd8, 0xcc, 0xd0, 0xff,
    0xd0, 0xd0, 0xc8, 0xff, 0xd8, 0xcc, 0xc8, 0xff, 0xd8, 0xd0, 0xd0, 0xff,
    0xd0, 0xd0, 0xc8, 0xff, 0xd8, 0xcc, 0xc8, 0xff, 0xd8, 0xd0, 0xd0, 0xff,
    0xd0, 0xd0, 0xc8, 0xff, 0xd8, 0xcc, 0xc8, 0xff, 0xd0, 0xcc, 0xd0, 0xff,
    0xd8, 0xd0, 0xd0, 0xff, 0xd0, 0xcc, 0xc8, 0xff, 0xd8, 0xd0, 0xc8, 0xff,
    0xd8, 0xcc, 0xd0, 0xff, 0xd0, 0xd0, 0xc8, 0xff, 0xd0, 0xcc, 0xc8, 0xff,
    0xd8, 0xcc, 0xd0, 0xff, 0xd8, 0xd0, 0xc8, 0xff, 0xd0, 0xcc, 0xd0, 0xff,
    0xd8, 0xcc, 0xc8, 0xff, 0xd8, 0xd0, 0xc8, 0xff, 0xd0, 0xcc, 0xd0, 0xff,
    0xd8, 0xcc, 0xc8, 0xff, 0xd0, 0xd0, 0xc8, 0xff, 0xd8, 0xcc, 0xd0, 0xff,
    0xd8, 0xd0, 0xc8, 0xff, 0xd8, 0xcc, 0xc8, 0xff, 0xd8, 0xd0, 0xd0, 0xff,
    0xd0, 0xcc, 0xd0, 0xff, 0xd8, 0xd0, 0xc8, 0xff, 0xd8, 0xcc, 0xc8, 0xff,
    0xd0, 0xcc, 0xd0, 0xff, 0xd8, 0xd0, 0xc8, 0xff, 0xd8, 0xd0, 0xc8, 0xff,
    0xd0, 0xcc, 0xd0, 0xff, 0xd8, 0xd0, 0xc8, 0xff, 0xd0, 0xd0, 0xd0, 0xff,
    0xd8, 0xcc, 0xc8, 0xff, 0xd8, 0xd0, 0xc8, 0xff, 0xd0, 0xd0, 0xd0, 0xff,
    0xd8, 0xcc, 0xc8, 0xff, 0xd8, 0xd0, 0xc8, 0xff, 0xd0, 0xd0, 0xd0, 0xff,
    0xd8, 0xcc, 0xc8, 0xff, 0xd8, 0xd0, 0xd0, 0xff, 0xd0, 0xcc, 0xc8, 0xff,
    0xd8, 0xcc, 0xc8, 0xff, 0xd0, 0xd0, 0xd0, 0xff, 0xd8, 0xcc, 0xc8, 0xff,
    0xd8, 0xcc, 0xc8, 0xff, 0xd0, 0xd0, 0xd0, 0xff, 0xd8, 0xcc, 0xd0, 0xff,
    0xd0, 0xd0, 0xc8, 0xff, 0xd8, 0xcc, 0xc8, 0xff, 0xd8, 0xcc, 0xd0, 0xff,
    0xd0, 0xd0, 0xc8, 0xff, 0xd8, 0xcc, 0xc8, 0xff, 0xd8, 0xd0, 0xd0, 0xff,
    0xd0, 0xd0, 0xc8, 0xff, 0xd8, 0xcc, 0xc8, 0xff, 0xd8, 0xcc, 0xd0, 0xff,
    0xd0, 0xd0, 0xc8, 0xff, 0xd8, 0xcc, 0xc8, 0xff, 0xd0, 0xcc, 0xd0, 0xff,
    0xd0, 0xd0, 0xc8, 0xff, 0xd8, 0xcc, 0xc8, 0xff, 0xd8, 0xcc, 0xc8, 0xff,
    0xd0, 0xd0, 0xd0, 0xff, 0xd8, 0xcc, 0xc8, 0xff, 0xd8, 0xcc, 0xd0, 0xff,
    0xd0, 0xd0, 0xc8, 0xff, 0xd8, 0xcc, 0xd0, 0xff, 0xd8, 0xd0, 0xc8, 0xff,
    0xd0, 0xcc, 0xc8, 0xff, 0xd8, 0xd0, 0xd0, 0xff, 0xd8, 0xd0, 0xc8, 0xff,
    0xd0, 0xcc, 0xc8, 0xff, 0xd8, 0xd0, 0xd0, 0xff, 0xd8, 0xd0, 0xc8, 0xff,
    0xd0, 0xcc, 0xc8, 0xff, 0xd8, 0xcc, 0xd0, 0xff, 0xd8, 0xd0, 0xc8, 0xff,
    0xd0, 0xcc, 0xd0, 0xff, 0xd8, 0xd0, 0xc8, 0xff, 0xd8, 0xd0, 0xd0, 0xff,
    0xd8, 0xcc, 0xc8, 0xff, 0xd0, 0xd0, 0xd0, 0xff, 0xd8, 0xcc, 0xc8, 0xff,
    0xd8, 0xcc, 0xc8, 0xff, 0xd0, 0xd0, 0xd0, 0xff, 0xd0, 0xd0, 0xc8, 0xff,
    0xd8, 0xcc, 0xc8, 0xff, 0xd8, 0xd0, 0xd0, 0xff, 0xd0, 0xd0, 0xc8, 0xff,
    0xd8, 0xcc, 0xd0, 0xff, 0xd8, 0xd0, 0xc8, 0xff, 0xd0, 0xd0, 0xc8, 0xff,
    0xd8, 0xcc, 0xd0, 0xff, 0xd0, 0xcc, 0xc8, 0xff, 0xd8, 0xd0, 0xc8, 0xff,
    0xd8, 0xcc, 0xd0, 0xff, 0xd0, 0xd0, 0xc8, 0xff, 0xd8, 0xd0, 0xd0, 0xff,
    0xd8, 0xcc, 0xc8, 0xff, 0xd0, 0xd0, 0xc8, 0xff, 0xd8, 0xd0, 0xd0, 0xff,
    0xd8, 0xcc, 0xd0, 0xff, 0xd0, 0xcc, 0xc8, 0xff, 0xd8, 0xd0, 0xc8, 0xff,
    0xd8, 0xcc, 0xd0, 0xff, 0xd0, 0xd0, 0xc8, 0xff, 0xd8, 0xd0, 0xc8, 0xff,
    0xd8, 0xcc, 0xd0, 0xff, 0xd0, 0xcc, 0xc8, 0xff, 0xd8, 0xd0, 0xc8, 0xff,
    0xd8, 0xd0, 0xd0, 0xff, 0xd0, 0xcc, 0xc8, 0xff, 0xd0, 0xd0, 0xc8, 0xff,
    0xd8, 0xd0, 0xc8, 0xff, 0xd8, 0xcc, 0xd0, 0xff, 0xd0, 0xd0, 0xc8, 0xff,
    0xd8, 0xcc, 0xc8, 0xff, 0xd8, 0xcc, 0xd0, 0xff, 0xd0, 0xd0, 0xc8, 0xff,
    0xd8, 0xcc, 0xc8, 0xff, 0xd0, 0xcc, 0xd0, 0xff, 0xd8, 0xd0, 0xc8, 0xff,
    0xd8, 0xd0, 0xc8, 0xff, 0xd0, 0xcc, 0xd0, 0xff, 0xd8, 0xd0, 0xc8, 0xff,
    0xd8, 0xcc, 0xc8, 0xff, 0xd0, 0xcc, 0xd0, 0xff, 0xd8, 0xd0, 0xc8, 0xff,
    0xd8, 0xd0, 0xd0, 0xff, 0xd0, 0xcc, 0xc8, 0xff, 0xd8, 0xd0, 0xc8, 0xff,
    0xd8, 0xcc, 0xc8, 0xff, 0xd0, 0xd0, 0xd0, 0xff, 0xd8, 0xd0, 0xc8, 0xff,
    0xd8, 0xcc, 0xc8, 0xff, 0xd0, 0xd0, 0xd0, 0xff, 0xd8, 0xd0, 0xc8, 0xff,
    0xd8, 0xcc, 0xc8, 0xff, 0xd0, 0xd0, 0xd0, 0xff, 0xd0, 0xcc, 0xc8, 0xff,
    0xd8, 0xd0, 0xc8, 0xff, 0xd8, 0xd0, 0xd0, 0xff, 0xd0, 0xcc, 0xc8, 0xff,
    0xd8, 0xcc, 0xc8, 0xff, 0xd8, 0xd0, 0xd0, 0xff, 0xd0, 0xcc, 0xc8, 0xff,
    0xd8, 0xcc, 0xd0, 0xff, 0xd0, 0xd0, 0xc8, 0xff, 0xd8, 0xcc, 0xc8, 0xff,
    0xd8, 0xd0, 0xc8, 0xff, 0xd0, 0xd0, 0xd0, 0xff, 0xd8, 0xcc, 0xc8, 0xff,
    0xd8, 0xcc, 0xc8, 0xff, 0xd0, 0xd0, 0xd0, 0xff, 0xd8, 0xcc, 0xc8, 0xff,
    0xd8, 0xd0, 0xc8, 0xff, 0xd0, 0xcc, 0xd0, 0xff, 0xd8, 0xcc, 0xc8, 0xff,
    0xd8, 0xd0, 0xc8, 0xff, 0xd0, 0xcc, 0xd0, 0xff, 0xd8, 0xd0, 0xc8, 0xff,
    0xd8, 0xcc, 0xc8, 0xff, 0xd0, 0xcc, 0xd0, 0xff, 0xd8, 0xd0, 0xc8, 0xff,
    0xd8, 0xd0, 0xd0, 0xff, 0xd0, 0xcc, 0xc8, 0xff, 0xd0, 0xd0, 0xc8, 0xff,
    0xd8, 0xcc, 0xc8, 0xff, 0xd8, 0xd0, 0xd0, 0xff, 0xd0, 0xd0, 0xc8, 0xff,
    0xd8, 0xcc, 0xc8, 0xff, 0xd8, 0xd0, 0xd0, 0xff, 0xd0, 0xd0, 0xc8, 0xff,
    0xd8, 0xcc, 0xc8, 0xff, 0xd0, 0xd0, 0xd0, 0xff, 0xd8, 0xcc, 0xc8, 0xff,
    0xd8, 0xd0, 0xc8, 0xff, 0xd0, 0xd0, 0xd0, 0xff, 0xd8, 0xcc, 0xc8, 0xff,
    0xd8, 0xcc, 0xc8, 0xff, 0xd0, 0xd0, 0xd0, 0xff, 0xd8, 0xcc, 0xc8, 0xff,
    0xd8, 0xcc, 0xd0, 0xff, 0xd0, 0xd0, 0xc8, 0xff, 0xd8, 0xcc, 0xc8, 0xff,
    0xd8, 0xd0, 0xc8, 0xff, 0xd0, 0xd0, 0xd0, 0xff, 0xd8, 0xcc, 0xc8, 0xff,
    0xd8, 0xcc, 0xc8, 0xff, 0xd0, 0xd0, 0xd0, 0xff, 0xd8, 0xcc, 0xc8, 0xff,
    0xd8, 0xd0, 0xc8, 0xff, 0xd0, 0xcc, 0xd0, 0xff, 0xd0, 0xcc, 0xc8, 0xff,
    0xd8, 0xd0, 0xc8, 0xff, 0xd8, 0xcc, 0xd0, 0xff, 0xd0, 0xd0, 0xc8, 0xff,
    0xd8, 0xcc, 0xc8, 0xff, 0xd8, 0xcc, 0xd0, 0xff, 0xd0, 0xd0, 0xc8, 0xff,
    0xd8, 0xd0, 0xd0, 0xff, 0xd0, 0xcc, 0xc8, 0xff, 0xd8, 0xd0, 0xc8, 0xff,
    0xd8, 0xcc, 0xc8, 0xff, 0xd0, 0xd0, 0xd0, 0xff, 0xd8, 0xd0, 0xc8, 0xff,
    0xd8, 0xcc, 0xc8, 0xff, 0xd0, 0xd0, 0xd0, 0xff, 0xd8, 0xd0, 0xc8, 0xff,
    0xd8, 0xcc, 0xc8, 0xff, 0xd0, 0xd0, 0xd0, 0xff, 0xd8, 0xcc, 0xc8, 0xff,
    0xd8, 0xd0, 0xc8, 0xff, 0xd0, 0xd0, 0xd0, 0xff, 0xd8, 0xcc, 0xc8, 0xff,
    0xd8, 0xcc, 0xc8, 0xff, 0xd0, 0xd0, 0xd0, 0xff, 0xd8, 0xcc, 0xc8, 0xff,
    0xd8, 0xcc, 0xd0, 0xff, 0xd0, 0xd0, 0xc8, 0xff, 0xd0, 0xcc, 0xc8, 0xff,
    0xd8, 0xd0, 0xc8, 0xff, 0xd8, 0xd0, 0xd0, 0xff, 0xd0, 0xcc, 0xc8, 0xff,
    0xd8, 0xcc, 0xc8, 0xff, 0xd8, 0xd0, 0xd0, 0xff, 0xd0, 0xcc, 0xc8, 0xff,
    0xd8, 0xd0, 0xc8, 0xff, 0xd0, 0xcc, 0xd0, 0xff, 0xd8, 0xcc, 0xc8, 0xff,
    0xd8, 0xd0, 0xc8, 0xff, 0xd0, 0xcc, 0xd0, 0xff, 0xd8, 0xd0, 0xc8, 0xff,
    0xd8, 0xcc, 0xc8, 0xff, 0xd0, 0xcc, 0xd0, 0xff, 0xd8, 0xd0, 0xc8, 0xff,
    0xd8, 0xd0, 0xd0, 0xff, 0xd0, 0xcc, 0xc8, 0xff, 0xd8, 0xd0, 0xc8, 0xff,
    0xd8, 0xcc, 0xc8, 0xff, 0xd0, 0xd0, 0xd0, 0xff, 0xd8, 0xd0, 0xc8, 0xff,
    0xd8, 0xcc, 0xc8, 0xff, 0xd0, 0xd0, 0xd0, 0xff, 0xd8, 0xd0, 0xc8, 0xff,
    0xd8, 0xcc, 0xc8, 0xff, 0xd0, 0xd0, 0xd0, 0xff, 0xd0, 0xcc, 0xc8, 0xff,
    0xd8, 0xd0, 0xc8, 0xff, 0xd8, 0xd0, 0xd0, 0xff, 0xd0, 0xcc, 0xc8, 0xff,
    0xd8, 0xcc, 0xc8, 0xff, 0xd8, 0xd0, 0xd0, 0xff, 0xd0, 0xcc, 0xc8, 0xff,
    0xd8, 0xcc, 0xd0, 0xff, 0xd0, 0xd0, 0xc8, 0xff, 0xd8, 0xcc, 0xc8, 0xff,
    0xd8, 0xd0, 0xc8, 0xff, 0xd0, 0xd0, 0xd0, 0xff, 0xd8, 0xcc, 0xc8, 0xff,
    0xd8, 0xcc, 0xc8, 0xff, 0xd0, 0xd0, 0xd0, 0xff, 0xd8, 0xcc, 0xc8, 0xff,
    0xd8, 0xd0, 0xc8, 0xff, 0xd0, 0xcc, 0xd0, 0xff, 0xd8, 0xcc, 0xc8, 0xff,
    0xd8, 0xd0, 0xc8, 0xff, 0xd0, 0xcc, 0xd0, 0xff, 0xd8, 0xd0, 0xc8, 0xff,
    0xd8, 0xcc, 0xc8, 0xff, 0xd0, 0xcc, 0xd0, 0xff, 0xd8, 0xd0, 0xc8, 0xff,
    0xd8, 0xd0, 0xd0, 0xff, 0xd0, 0xcc, 0xc8, 0xff, 0xd0, 0xd0, 0xc8, 0xff,
    0xd8, 0xcc, 0xc8, 0xff, 0xd8, 0xd0, 0xd0, 0xff, 0xd0, 0xd0, 0xc8, 0xff,
    0xd8, 0xcc, 0xc8, 0xff, 0xd8, 0xd0, 0xd0, 0xff, 0xd0, 0xd0, 0xc8, 0xff,
    0xd8, 0xcc, 0xc8, 0xff, 0xd0, 0xd0, 0xd0, 0xff, 0xd8, 0xcc, 0xc8, 0xff,
    0xd8, 0xd0, 0xc8, 0xff, 0xd0, 0xd0, 0xd0, 0xff, 0xd8, 0xcc, 0xc8, 0xff,
    0xd8, 0xcc, 0xc8, 0xff, 0xd0, 0xd0, 0xd0, 0xff, 0xd8, 0xcc, 0xc8, 0xff,
    0xd8, 0xcc, 0xd0, 0xff, 0xd0, 0xd0, 0xc8, 0xff, 0xd8, 0xcc, 0xc8, 0xff,
    0xd8, 0xd0, 0xc8, 0xff, 0xd0, 0xd0, 0xd0, 0xff, 0xd8, 0xcc, 0xc8, 0xff,
    0xd8, 0xcc, 0xc8, 0xff, 0xd0, 0xd0, 0xd0, 0xff, 0xd8, 0xcc, 0xc8, 0xff,
    0xd8, 0xd0, 0xc8, 0xff, 0xd0, 0xcc, 0xd0, 0xff, 0xd0, 0xcc, 0xc8, 0xff,
    0xd8, 0xd0, 0xc8, 0xff, 0xd8, 0xcc, 0xd0, 0xff, 0xd0, 0xd0, 0xc8, 0xff,
    0xd8, 0xcc, 0xc8, 0xff, 0xd8, 0xcc, 0xd0, 0xff, 0xd0, 0xd0, 0xc8, 0xff,
    0xd8, 0xd0, 0xd0, 0xff, 0xd0, 0xcc, 0xc8, 0xff, 0xd8, 0xd0, 0xc8, 0xff,
    0xd8, 0xcc, 0xc8, 0xff, 0xd0, 0xd0, 0xd0, 0xff, 0xd8, 0xd0, 0xc8, 0xff,
    0xd8, 0xcc, 0xc8, 0xff, 0xd0, 0xd0, 0xd0, 0xff, 0xd8, 0xd0, 0xc8, 0xff,
    0xd8, 0xcc, 0xc8, 0xff, 0xd0, 0xd0, 0xd0, 0xff, 0xd8, 0xcc, 0xc8, 0xff,
    0xd8, 0xd0, 0xc8, 0xff, 0xd0, 0xd0, 0xd0, 0xff, 0xd8, 0xcc, 0xc8, 0xff,
    0xd8, 0xcc, 0xc8, 0xff, 0xd0, 0xd0, 0xd0, 0xff, 0xd8, 0xcc, 0xc8, 0xff,
    0xd8, 0xcc, 0xd0, 0xff, 0xd0, 0xd0, 0xc8, 0xff, 0xd0, 0xcc, 0xc8, 0xff,
    0xd8, 0xd0, 0xc8, 0xff, 0xd8, 0xd0, 0xd0, 0xff, 0xd0, 0xcc, 0xc8, 0xff,
    0xd8, 0xcc, 0xc8, 0xff, 0xd8, 0xd0, 0xd0, 0xff, 0xd0, 0xcc, 0xc8, 0xff,
    0xd8, 0xd0, 0xc8, 0xff, 0xd0, 0xcc, 0xd0, 0xff, 0xd8, 0xcc, 0xc8, 0xff,
    0xd8, 0xd0, 0xc8, 0xff, 0xd0, 0xcc, 0xd0, 0xff, 0xd8, 0xd0, 0xc8, 0xff,
    0xd8, 0xcc, 0xc8, 0xff, 0xd0, 0xcc, 0xd0, 0xff, 0xd8, 0xd0, 0xc8, 0xff,
    0xd8, 0xd0, 0xd0, 0xff, 0xd0, 0xcc, 0xc8, 0xff, 0xd8, 0xd0, 0xc8, 0xff,
    0xd8, 0xcc, 0xc8, 0xff, 0xd0, 0xd0, 0xd0, 0xff, 0xd8, 0xd0, 0xc8, 0xff,
    0xd8, 0xcc, 0xc8, 0xff, 0xd0, 0xd0, 0xd0, 0xff, 0xd8, 0xd0, 0xc8, 0xff,
    0xd8, 0xcc, 0xc8, 0xff, 0xd0, 0xd0, 0xd0, 0xff, 0xd0, 0xcc, 0xc8, 0xff,
    0xd8, 0xcc, 0xc8, 0xff, 0xd8, 0xd0, 0xd0, 0xff, 0xd0, 0xcc, 0xc8, 0xff,
    0xd8, 0xd0, 0xc8, 0xff, 0xd8, 0xd0, 0xd0, 0xff, 0xd0, 0xcc, 0xc8, 0xff,
    0xd8, 0xcc, 0xd0, 0xff, 0xd0, 0xd0, 0xc8, 0xff, 0xd8, 0xcc, 0xc8, 0xff,
    0xd8, 0xcc, 0xd0, 0xff, 0xd0, 0xd0, 0xc8, 0xff, 0xd8, 0xcc, 0xc8, 0xff,
    0xd8, 0xcc, 0xd0, 0xff, 0xd0, 0xd0, 0xc8, 0xff, 0xd8, 0xcc, 0xd0, 0xff,
    0xd0, 0xcc, 0xc8, 0xff, 0xd8, 0xd0, 0xc8, 0xff, 0xd8, 0xcc, 0xd0, 0xff,
    0xd0, 0xd0, 0xc8, 0xff, 0xd8, 0xd0, 0xc8, 0xff, 0xd8, 0xcc, 0xd0, 0xff,
    0xd8, 0xd0, 0xc8, 0xff, 0xd0, 0xcc, 0xd0, 0xff, 0xd8, 0xd0, 0xc8, 0xff,
    0xd8, 0xcc, 0xc8, 0xff, 0xd0, 0xcc, 0xd0, 0xff, 0xd8, 0xd0, 0xc8, 0xff,
    0xd8, 0xd0, 0xc8, 0xff, 0xd0, 0xcc, 0xd0, 0xff, 0xd8, 0xd0, 0xc8, 0xff,
    0xd0, 0xcc, 0xc8, 0xff, 0xd8, 0xcc, 0xd0, 0xff, 0xd8, 0xd0, 0xc8, 0xff,
    0xd0, 0xd0, 0xc8, 0xff, 0xd8, 0xcc, 0xd0, 0xff, 0xd0, 0xd0, 0xd0, 0xff,
    0xd8, 0xd0, 0xc8, 0xff, 0xd8, 0xcc, 0xc8, 0xff, 0xd8, 0xd0, 0xd0, 0xff,
    0xd0, 0xd0, 0xd0, 0xff, 0xd8, 0xcc, 0xc8, 0xff, 0xd0, 0xd0, 0xd0, 0xff,
    0xd8, 0xd0, 0xc8, 0xff, 0xd0, 0xcc, 0xc8, 0xff, 0xd8, 0xd0, 0xd0, 0xff,
    0xd0, 0xcc, 0xc8, 0xff, 0xd8, 0xd0, 0xc8, 0xff, 0xd0, 0xcc, 0xd0, 0xff,
    0xd8, 0xcc, 0xc8, 0xff, 0xd8, 0xd0, 0xd0, 0xff, 0xd0, 0xcc, 0xc8, 0xff,
    0xd8, 0xcc, 0xd0, 0xff, 0xd8, 0xd0, 0xc8, 0xff, 0xd0, 0xcc, 0xd0, 0xff,
    0xd8, 0xd0, 0xc8, 0xff, 0xd8, 0xd0, 0xc8, 0xff, 0xd0, 0xcc, 0xd0, 0xff,
    0xd8, 0xcc, 0xc8, 0xff, 0xd0, 0xd0, 0xc8, 0xff, 0xd8, 0xcc, 0xd0, 0xff,
    0xd0, 0xd0, 0xc8, 0xff, 0xd8, 0xd0, 0xd0, 0xff, 0xd8, 0xcc, 0xc8, 0xff,
    0xd8, 0xd0, 0xc8, 0xff, 0xd8, 0xcc, 0xd0, 0xff, 0xd0, 0xcc, 0xc8, 0xff,
    0xd8, 0xd0, 0xd0, 0xff, 0xd0, 0xcc, 0xc8, 0xff, 0xd0, 0xd0, 0xc8, 0xff,
    0xd8, 0xcc, 0xd0, 0xff, 0xd8, 0xd0, 0xc8, 0xff, 0xd0, 0xd0, 0xd0, 0xff,
    0xd8, 0xcc, 0xc8, 0xff, 0xd8, 0xd0, 0xc8, 0xff, 0xd0, 0xcc, 0xd0, 0xff,
    0xd8, 0xcc, 0xc8, 0xff, 0xd8, 0xd0, 0xc8, 0xff, 0xd0, 0xcc, 0xd0, 0xff,
    0xd8, 0xcc, 0xc8, 0xff, 0xd8, 0xd0, 0xc8, 0xff, 0xd0, 0xd0, 0xd0, 0xff,
    0xd8, 0xcc, 0xc8, 0xff, 0xd8, 0xd0, 0xc8, 0xff, 0xd0, 0xcc, 0xd0, 0xff,
    0xd8, 0xcc, 0xc8, 0xff, 0xd8, 0xd0, 0xc8, 0xff, 0xd0, 0xd0, 0xd0, 0xff,
    0xd8, 0xcc, 0xc8, 0xff, 0xd8, 0xd0, 0xc8, 0xff, 0xd0, 0xcc, 0xd0, 0xff,
    0xd8, 0xcc, 0xc8, 0xff, 0xd8, 0xd0, 0xd0, 0xff, 0xd0, 0xcc, 0xd0, 0xff,
    0xd8, 0xcc, 0xc8, 0xff, 0xd0, 0xd0, 0xc8, 0xff, 0xd0, 0xd0, 0xd0, 0xff,
    0xd8, 0xcc, 0xc8, 0xff, 0xd8, 0xd0, 0xd0, 0xff, 0xd0, 0xd0, 0xc8, 0xff,
    0xd8, 0xcc, 0xd0, 0xff, 0xd8, 0xcc, 0xc8, 0xff, 0xd0, 0xd0, 0xc8, 0xff,
    0xd8, 0xcc, 0xd0, 0xff, 0xd8, 0xcc, 0xc8, 0xff, 0xd0, 0xd0, 0xc8, 0xff,
    0xd8, 0xd0, 0xd0, 0xff, 0xd8, 0xcc, 0xc8, 0xff, 0xd0, 0xcc, 0xc8, 0xff,
    0xd8, 0xd0, 0xd0, 0xff, 0xd8, 0xcc, 0xd0, 0xff, 0xd0, 0xd0, 0xc8, 0xff,
    0xd8, 0xd0, 0xd0, 0xff, 0xd8, 0xcc, 0xc8, 0xff, 0xd0, 0xcc, 0xc8, 0xff,
    0xd8, 0xd0, 0xd0, 0xff, 0xd8, 0xcc, 0xd0, 0xff, 0xd0, 0xcc, 0xc8, 0xff,
    0xd8, 0xd0, 0xc8, 0xff, 0xd8, 0xcc, 0xd0, 0xff, 0xd0, 0xd0, 0xc8, 0xff,
    0xd8, 0xcc, 0xd0, 0xff, 0xd0, 0xd0, 0xc8, 0xff, 0xd0, 0xd0, 0xc8, 0xff,
    0xd8, 0xcc, 0xd0, 0xff, 0xd8, 0xd0, 0xc8, 0xff, 0xd0, 0xd0, 0xc8, 0xff,
    0xd8, 0xcc, 0xd0, 0xff, 0xd8, 0xd0, 0xd0, 0xff, 0xd0, 0xcc, 0xc8, 0xff,
    0xd8, 0xcc, 0xd0, 0xff, 0xd8, 0xd0, 0xc8, 0xff, 0xd0, 0xd0, 0xc8, 0xff,
    0xd8, 0xcc, 0xd0, 0xff, 0xd8, 0xd0, 0xd0, 0xff, 0xd0, 0xcc, 0xc8, 0xff,
    0xd8, 0xcc, 0xc8, 0xff, 0xd8, 0xd0, 0xd0, 0xff, 0xd0, 0xd0, 0xc8, 0xff,
    0xd8, 0xcc, 0xd0, 0xff, 0xd8, 0xd0, 0xc8, 0xff, 0xd0, 0xd0, 0xc8, 0xff,
    0xd8, 0xcc, 0xd0, 0xff, 0xd8, 0xd0, 0xc8, 0xff, 0xd0, 0xcc, 0xc8, 0xff,
    0xd8, 0xcc, 0xd0, 0xff, 0xd8, 0xd0, 0xd0, 0xff, 0xd0, 0xd0, 0xc8, 0xff,
    0xd8, 0xcc, 0xd0, 0xff, 0xd0, 0xcc, 0xc8, 0xff, 0xd0, 0xd0, 0xc8, 0xff,
    0xd8, 0xcc, 0xd0, 0xff, 0xd8, 0xcc, 0xd0, 0xff, 0xd0, 0xd0, 0xc8, 0xff,
    0xd8, 0xd0, 0xc8, 0xff, 0xd8, 0xcc, 0xd0, 0xff, 0xd0, 0xcc, 0xc8, 0xff,
    0xd8, 0xd0, 0xd0, 0xff, 0xd8, 0xd0, 0xc8, 0xff, 0xd0, 0xcc, 0xc8, 0xff,
    0xd8, 0xd0, 0xd0, 0xff, 0xd8, 0xd0, 0xc8, 0xff, 0xd0, 0xcc, 0xc8, 0xff,
    0xd8, 0xd0, 0xd0, 0xff, 0xd8, 0xd0, 0xd0, 0xff, 0xd0, 0xcc, 0xc8, 0xff,
    0xd8, 0xcc, 0xd0, 0xff, 0xd8, 0xd0, 0xc8, 0xff, 0xd0, 0xd0, 0xc8, 0xff,
    0xd8, 0xcc, 0xd0, 0xff, 0xd8, 0xd0, 0xd0, 0xff, 0xd0, 0xcc, 0xc8, 0xff,
    0xd8, 0xcc, 0xc8, 0xff, 0xd8, 0xd0, 0xd0, 0xff, 0xd0, 0xd0, 0xc8, 0xff,
    0xd8, 0xcc, 0xd0, 0xff, 0xd0, 0xd0, 0xc8, 0xff, 0xd0, 0xd0, 0xc8, 0xff,
    0xd8, 0xcc, 0xd0, 0xff, 0xd8, 0xd0, 0xc8, 0xff, 0xd0, 0xcc, 0xc8, 0xff,
    0xd8, 0xcc, 0xd0, 0xff, 0xd8, 0xd0, 0xd0, 0xff, 0xd0, 0xd0, 0xc8, 0xff,
    0xd8, 0xcc, 0xd0, 0xff, 0xd8, 0xcc, 0xc8, 0xff, 0xd0, 0xd0, 0xc8, 0xff,
    0xd8, 0xcc, 0xd0, 0xff, 0xd8, 0xcc, 0xd0, 0xff, 0xd0, 0xd0, 0xc8, 0xff,
    0xd8, 0xd0, 0xc8, 0xff, 0xd8, 0xcc, 0xd0, 0xff, 0xd0, 0xcc, 0xc8, 0xff,
    0xd8, 0xd0, 0xd0, 0xff, 0xd8, 0xd0, 0xc8, 0xff, 0xd0, 0xcc, 0xc8, 0xff,
    0xd8, 0xd0, 0xd0, 0xff, 0xd8, 0xd0, 0xc8, 0xff, 0xd0, 0xcc, 0xc8, 0xff,
    0xd8, 0xd0, 0xd0, 0xff, 0xd8, 0xd0, 0xd0, 0xff, 0xd0, 0xcc, 0xc8, 0xff,
    0xd8, 0xcc, 0xd0, 0xff, 0xd0, 0xd0, 0xc8, 0xff, 0xd0, 0xd0, 0xc8, 0xff,
    0xd8, 0xcc, 0xd0, 0xff, 0xd8, 0xd0, 0xd0, 0xff, 0xd0, 0xcc, 0xc8, 0xff,
    0xd8, 0xcc, 0xc8, 0xff, 0xd8, 0xd0, 0xd0, 0xff, 0xd0, 0xd0, 0xc8, 0xff,
    0xd8, 0xcc, 0xd0, 0xff, 0xd8, 0xd0, 0xc8, 0xff, 0xd0, 0xd0, 0xc8, 0xff,
    0xd8, 0xcc, 0xd0, 0xff, 0xd8, 0xd0, 0xc8, 0xff, 0xd0, 0xcc, 0xc8, 0xff,
    0xd8, 0xcc, 0xd0, 0xff, 0xd8, 0xd0, 0xd0, 0xff, 0xd0, 0xd0, 0xc8, 0xff,
    0xd8, 0xcc, 0xd0, 0xff, 0xd8, 0xcc, 0xc8, 0xff, 0xd0, 0xd0, 0xc8, 0xff,
    0xd8, 0xcc, 0xd0, 0xff, 0xd8, 0xcc, 0xd0, 0xff, 0xd0, 0xd0, 0xc8, 0xff,
    0xd8, 0xd0, 0xc8, 0xff, 0xd8, 0xcc, 0xd0, 0xff, 0xd0, 0xcc, 0xc8, 0xff,
    0xd8, 0xd0, 0xd0, 0xff, 0xd0, 0xd0, 0xc8, 0xff, 0xd0, 0xcc, 0xc8, 0xff,
    0xd8, 0xd0, 0xd0, 0xff, 0xd8, 0xd0, 0xc8, 0xff, 0xd0, 0xcc, 0xc8, 0xff,
    0xd8, 0xd0, 0xd0, 0xff, 0xd8, 0xd0, 0xd0, 0xff, 0xd0, 0xcc, 0xc8, 0xff,
    0xd8, 0xcc, 0xd0, 0xff, 0xd8, 0xd0, 0xc8, 0xff, 0xd0, 0xd0, 0xc8, 0xff,
    0xd8, 0xcc, 0xd0, 0xff, 0xd8, 0xd0, 0xd0, 0xff, 0xd0, 0xcc, 0xc8, 0xff,
    0xd8, 0xcc, 0xc8, 0xff, 0xd8, 0xd0, 0xd0, 0xff, 0xd0, 0xd0, 0xc8, 0xff,
    0xd8, 0xcc, 0xd0, 0xff, 0xd8, 0xd0, 0xc8, 0xff, 0xd0, 0xd0, 0xc8, 0xff,
    0xd8, 0xcc, 0xd0, 0xff, 0xd8, 0xd0, 0xc8, 0xff, 0xd0, 0xcc, 0xc8, 0xff,
    0xd8, 0xcc, 0xd0, 0xff, 0xd8, 0xd0, 0xd0, 0xff, 0xd0, 0xd0, 0xc8, 0xff,
    0xd8, 0xcc, 0xd0, 0xff, 0xd0, 0xcc, 0xc8, 0xff, 0xd0, 0xd0, 0xc8, 0xff,
    0xd8, 0xcc, 0xd0, 0xff, 0xd8, 0xcc, 0xd0, 0xff, 0xd0, 0xd0, 0xc8, 0xff,
    0xd8, 0xd0, 0xc8, 0xff, 0xd8, 0xcc, 0xd0, 0xff, 0xd0, 0xcc, 0xc8, 0xff,
    0xd8, 0xd0, 0xd0, 0xff, 0xd8, 0xd0, 0xc8, 0xff, 0xd0, 0xcc, 0xc8, 0xff,
    0xd8, 0xd0, 0xd0, 0xff, 0xd8, 0xd0, 0xc8, 0xff, 0xd0, 0xcc, 0xc8, 0xff,
    0xd8, 0xd0, 0xd0, 0xff, 0xd8, 0xd0, 0xd0, 0xff, 0xd0, 0xcc, 0xc8, 0xff,
    0xd8, 0xcc, 0xd0, 0xff, 0xd8, 0xd0, 0xc8, 0xff, 0xd0, 0xd0, 0xc8, 0xff,
    0xd8, 0xcc, 0xd0, 0xff, 0xd8, 0xd0, 0xd0, 0xff, 0xd0, 0xcc, 0xc8, 0xff,
    0xd8, 0xcc, 0xc8, 0xff, 0xd8, 0xd0, 0xd0, 0xff, 0xd0, 0xd0, 0xc8, 0xff,
    0xd8, 0xcc, 0xd0, 0xff, 0xd0, 0xd0, 0xc8, 0xff, 0xd0, 0xd0, 0xc8, 0xff,
    0xd8, 0xcc, 0xd0, 0xff, 0xd8, 0xd0, 0xc8, 0xff, 0xd0, 0xcc, 0xc8, 0xff,
    0xd8, 0xcc, 0xd0, 0xff, 0xd8, 0xd0, 0xd0, 0xff, 0xd0, 0xd0, 0xc8, 0xff,
    0xd8, 0xcc, 0xd0, 0xff, 0xd8, 0xcc, 0xc8, 0xff, 0xd0, 0xd0, 0xc8, 0xff,
    0xd8, 0xcc, 0xd0, 0xff, 0xd8, 0xcc, 0xd0, 0xff, 0xd0, 0xd0, 0xc8, 0xff,
    0xd8, 0xd0, 0xc8, 0xff, 0xd8, 0xcc, 0xd0, 0xff, 0xd0, 0xcc, 0xc8, 0xff,
    0xd8, 0xd0, 0xd0, 0xff, 0xd8, 0xd0, 0xc8, 0xff, 0xd0, 0xcc, 0xc8, 0xff,
    0xd8, 0xd0, 0xd0, 0xff, 0xd8, 0xd0, 0xc8, 0xff, 0xd0, 0xcc, 0xc8, 0xff,
    0xd8, 0xd0, 0xd0, 0xff, 0xd8, 0xd0, 0xd0, 0xff, 0xd0, 0xcc, 0xc8, 0xff,
    0xd8, 0xcc, 0xd0, 0xff, 0xd0, 0xd0, 0xc8, 0xff, 0xd0, 0xd0, 0xc8, 0xff,
    0xd8, 0xcc, 0xd0, 0xff, 0xd8, 0xd0, 0xd0, 0xff, 0xd0, 0xcc, 0xc8, 0xff,
    0xd8, 0xcc, 0xc8, 0xff, 0xd8, 0xd0, 0xd0, 0xff, 0xd0, 0xd0, 0xc8, 0xff,
    0xd8, 0xcc, 0xd0, 0xff, 0xd8, 0xd0, 0xc8, 0xff, 0xd0, 0xd0, 0xc8, 0xff,
    0xd8, 0xcc, 0xd0, 0xff, 0xd8, 0xd0, 0xc8, 0xff, 0xd0, 0xcc, 0xc8, 0xff,
    0xd8, 0xcc, 0xd0, 0xff, 0xd8, 0xd0, 0xd0, 0xff, 0xd0, 0xd0, 0xc8, 0xff,
    0xd8, 0xcc, 0xd0, 0xff, 0xd8, 0xcc, 0xc8, 0xff, 0xd0, 0xd0, 0xc8, 0xff,
    0xd8, 0xcc, 0xd0, 0xff, 0xd8, 0xcc, 0xd0, 0xff, 0xd0, 0xd0, 0xc8, 0xff,
    0xd8, 0xd0, 0xc8, 0xff, 0xd8, 0xcc, 0xd0, 0xff, 0xd0, 0xd0, 0xc8, 0xff,
    0xd8, 0xd0, 0xd0, 0xff, 0xd0, 0xcc, 0xc8, 0xff, 0xd0, 0xcc, 0xc8, 0xff,
    0xd8, 0xd0, 0xd0, 0xff, 0xd8, 0xcc, 0xc8, 0xff, 0xd0, 0xd0, 0xc8, 0xff,
    0xd8, 0xd0, 0xd0, 0xff, 0xd8, 0xcc, 0xc8, 0xff, 0xd0, 0xd0, 0xd0, 0xff,
    0xd8, 0xd0, 0xc8, 0xff, 0xd8, 0xcc, 0xc8, 0xff, 0xd0, 0xd0, 0xd0, 0xff,
    0xd8, 0xd0, 0xc8, 0xff, 0xd8, 0xcc, 0xc8, 0xff, 0xd0, 0xd0, 0xd0, 0xff,
    0xd8, 0xd0, 0xc8, 0xff, 0xd0, 0xcc, 0xd0, 0xff, 0xd8, 0xcc, 0xc8, 0xff,
    0xd0, 0xd0, 0xc8, 0xff, 0xd8, 0xcc, 0xd0, 0xff, 0xd8, 0xcc, 0xc8, 0xff,
    0xd8, 0xcc, 0xc8, 0xff, 0xd0, 0xd0, 0xc8, 0xff, 0xd8, 0xd0, 0xd0, 0xff,
    0xd0, 0xd0, 0xc8, 0xff, 0xd8, 0xcc, 0xc8, 0xff, 0xd8, 0xd0, 0xd0, 0xff,
    0xd0, 0xcc, 0xc8, 0xff, 0xd8, 0xd0, 0xc8, 0xff, 0xd8, 0xd0, 0xd0, 0xff,
    0xd0, 0xcc, 0xc8, 0xff, 0xd8, 0xd0, 0xd0, 0xff, 0xd0, 0xcc, 0xc8, 0xff,
    0xd8, 0xcc, 0xc8, 0xff, 0xd8, 0xd0, 0xd0, 0xff, 0xd0, 0xcc, 0xc8, 0xff,
    0xd8, 0xcc, 0xc8, 0xff, 0xd8, 0xd0, 0xd0, 0xff, 0xd0, 0xcc, 0xc8, 0xff,
    0xd8, 0xcc, 0xc8, 0xff, 0xd8, 0xd0, 0xd0, 0xff, 0xd8, 0xcc, 0xc8, 0xff,
    0xd0, 0xcc, 0xc8, 0xff, 0xd8, 0xd0, 0xd0, 0xff, 0xd8, 0xd0, 0xc8, 0xff,
    0xd8, 0xcc, 0xc8, 0xff, 0xd0, 0xd0, 0xd0, 0xff, 0xd8, 0xd0, 0xc8, 0xff,
    0xd8, 0xcc, 0xc8, 0xff, 0xd0, 0xd0, 0xd0, 0xff, 0xd8, 0xcc, 0xc8, 0xff,
    0xd8, 0xd0, 0xc8, 0xff, 0xd0, 0xcc, 0xd0, 0xff, 0xd0, 0xcc, 0xc8, 0xff,
    0xd8, 0xd0, 0xd0, 0xff, 0xd8, 0xd0, 0xc8, 0xff, 0xd0, 0xcc, 0xc8, 0xff,
    0xd8, 0xd0, 0xd0, 0xff, 0xd8, 0xcc, 0xc8, 0xff, 0xd0, 0xcc, 0xc8, 0xff,
    0xd8, 0xd0, 0xd0, 0xff, 0xd0, 0xcc, 0xc8, 0xff, 0xd0, 0xd0, 0xd0, 0xff,
    0xd8, 0xd0, 0xc8, 0xff, 0xd8, 0xcc, 0xc8, 0xff, 0xd8, 0xd0, 0xd0, 0xff,
    0xd8, 0xcc, 0xc8, 0xff, 0xd8, 0xd0, 0xc8, 0xff, 0xd0, 0xcc, 0xd0, 0xff,
    0xd8, 0xcc, 0xc8, 0xff, 0xd8, 0xcc, 0xc8, 0xff, 0xd0, 0xd0, 0xd0, 0xff,
    0xd8, 0xcc, 0xc8, 0xff, 0xd8, 0xd0, 0xd0, 0xff, 0xd0, 0xd0, 0xc8, 0xff,
    0xd8, 0xcc, 0xc8, 0xff, 0xd8, 0xd0, 0xd0, 0xff, 0xd0, 0xd0, 0xc8, 0xff,
    0xd8, 0xcc, 0xd0, 0xff, 0xd0, 0xcc, 0xc8, 0xff, 0xd8, 0xd0, 0xc8, 0xff,
    0xd0, 0xcc, 0xd0, 0xff, 0xd8, 0xd0, 0xc8, 0xff, 0xd0, 0xd0, 0xc8, 0xff,
    0xd8, 0xcc, 0xd0, 0xff, 0xd8, 0xcc, 0xc8, 0xff, 0xd0, 0xd0, 0xd0, 0xff,
    0xd8, 0xcc, 0xc8, 0xff, 0xd8, 0xd0, 0xd0, 0xff, 0xd0, 0xd0, 0xc8, 0xff,
    0xd8, 0xcc, 0xc8, 0xff, 0xd8, 0xd0, 0xc8, 0xff, 0xd8, 0xcc, 0xd0, 0xff,
    0xd8, 0xcc, 0xc8, 0xff, 0xd8, 0xd0, 0xc8, 0xff, 0xd0, 0xcc, 0xd0, 0xff,
    0xd8, 0xcc, 0xc8, 0xff, 0xd8, 0xd0, 0xc8, 0xff, 0xd0, 0xd0, 0xd0, 0xff,
    0xd8, 0xcc, 0xc8, 0xff, 0xd8, 0xd0, 0xc8, 0xff, 0xd0, 0xd0, 0xd0, 0xff,
    0xd8, 0xcc, 0xd0, 0xff, 0xd8, 0xd0, 0xc8, 0xff, 0xd0, 0xcc, 0xc8, 0xff,
    0xd8, 0xd0, 0xd0, 0xff, 0xd0, 0xd0, 0xc8, 0xff, 0xd8, 0xcc, 0xc8, 0xff,
    0xd0, 0xcc, 0xc8, 0xff, 0xd8, 0xd0, 0xc8, 0xff, 0xd0, 0xcc, 0xd0, 0xff,
    0xd8, 0xcc, 0xc8, 0xff, 0xd8, 0xd0, 0xc8, 0xff, 0xd0, 0xd0, 0xd0, 0xff,
    0xd8, 0xcc, 0xc8, 0xff, 0xd8, 0xd0, 0xc8, 0xff, 0xd0, 0xd0, 0xd0, 0xff,
    0xd8, 0xcc, 0xc8, 0xff, 0xd8, 0xd0, 0xc8, 0xff, 0xd8, 0xcc, 0xd0, 0xff,
    0xd8, 0xcc, 0xc8, 0xff, 0xd8, 0xd0, 0xc8, 0xff, 0xd0, 0xcc, 0xd0, 0xff,
    0xd8, 0xcc, 0xd0, 0xff, 0xd8, 0xd0, 0xc8, 0xff, 0xd0, 0xcc, 0xc8, 0xff,
    0xd8, 0xd0, 0xc8, 0xff, 0xd8, 0xd0, 0xc8, 0xff, 0xd0, 0xcc, 0xd0, 0xff,
    0xd8, 0xcc, 0xc8, 0xff, 0xd8, 0xd0, 0xc8, 0xff, 0xd0, 0xcc, 0xd0, 0xff,
    0xd8, 0xd0, 0xc8, 0xff, 0xd0, 0xd0, 0xc8, 0xff, 0xd8, 0xcc, 0xd0, 0xff,
    0xd0, 0xd0, 0xc8, 0xff, 0xd8, 0xd0, 0xc8, 0xff, 0xd0, 0xcc, 0xd0, 0xff,
    0xd8, 0xcc, 0xc8, 0xff, 0xd8, 0xd0, 0xc8, 0xff, 0xd0, 0xcc, 0xd0, 0xff,
    0xd8, 0xd0, 0xd0, 0xff, 0xd8, 0xd0, 0xc8, 0xff, 0xd0, 0xcc, 0xc8, 0xff,
    0xd8, 0xcc, 0xc8, 0xff, 0xd8, 0xd0, 0xc8, 0xff, 0xd8, 0xcc, 0xd0, 0xff,
    0xd8, 0xd0, 0xc8, 0xff, 0xd8, 0xd0, 0xc8, 0xff, 0xd0, 0xcc, 0xd0, 0xff,
    0xd8, 0xd0, 0xc8, 0xff, 0xd8, 0xcc, 0xc8, 0xff, 0xd0, 0xcc, 0xd0, 0xff,
    0xd8, 0xd0, 0xc8, 0xff, 0xd8, 0xcc, 0xc8, 0xff, 0xd0, 0xd0, 0xd0, 0xff,
    0xd8, 0xcc, 0xc8, 0xff, 0xd8, 0xcc, 0xc8, 0xff, 0xd0, 0xd0, 0xd0, 0xff,
    0xd8, 0xcc, 0xd0, 0xff, 0xd0, 0xcc, 0xc8, 0xff, 0xd8, 0xd0, 0xc8, 0xff,
    0xd0, 0xcc, 0xc8, 0xff, 0xd8, 0xd0, 0xc8, 0xff, 0xd0, 0xcc, 0xd0, 0xff,
    0xd8, 0xcc, 0xc8, 0xff, 0xd8, 0xd0, 0xc8, 0xff, 0xd0, 0xcc, 0xd0, 0xff,
    0xd8, 0xd0, 0xc8, 0xff, 0xd8, 0xd0, 0xc8, 0xff, 0xd0, 0xcc, 0xd0, 0xff,
    0xd8, 0xd0, 0xc8, 0xff, 0xd8, 0xd0, 0xc8, 0xff, 0xd8, 0xcc, 0xd0, 0xff,
    0xd8, 0xcc, 0xc8, 0xff, 0xd8, 0xd0, 0xc8, 0xff, 0xd0, 0xcc, 0xd0, 0xff,
    0xd8, 0xd0, 0xd0, 0xff, 0xd8, 0xd0, 0xc8, 0xff, 0xd0, 0xcc, 0xc8, 0xff,
    0xd8, 0xcc, 0xc8, 0xff, 0xd8, 0xd0, 0xc8, 0xff, 0xd0, 0xcc, 0xd0, 0xff,
    0xd8, 0xd0, 0xc8, 0xff, 0xd8, 0xd0, 0xc8, 0xff, 0xd0, 0xcc, 0xd0, 0xff,
    0xd8, 0xd0, 0xc8, 0xff, 0xd0, 0xcc, 0xc8, 0xff, 0xd8, 0xcc, 0xd0, 0xff,
    0xd0, 0xd0, 0xc8, 0xff, 0xd8, 0xcc, 0xc8, 0xff, 0xd0, 0xd0, 0xd0, 0xff,
    0xd8, 0xcc, 0xc8, 0xff, 0xd8, 0xcc, 0xc8, 0xff, 0xd0, 0xd0, 0xd0, 0xff,
    0xd8, 0xcc, 0xd0, 0xff, 0xd8, 0xcc, 0xc8, 0xff, 0xd0, 0xd0, 0xc8, 0xff,
    0xd8, 0xcc, 0xc8, 0xff, 0xd8, 0xd0, 0xc8, 0xff, 0xd8, 0xcc, 0xd0, 0xff,
    0xd8, 0xcc, 0xc8, 0xff, 0xd8, 0xd0, 0xc8, 0xff, 0xd0, 0xcc, 0xd0, 0xff,
    0xd8, 0xd0, 0xc8, 0xff, 0xd8, 0xd0, 0xc8, 0xff, 0xd0, 0xcc, 0xd0, 0xff,
    0xd8, 0xd0, 0xc8, 0xff, 0xd8, 0xd0, 0xc8, 0xff, 0xd0, 0xcc, 0xd0, 0xff,
    0xd8, 0xcc, 0xc8, 0xff, 0xd8, 0xd0, 0xc8, 0xff, 0xd0, 0xcc, 0xd0, 0xff,
    0xd8, 0xd0, 0xd0, 0xff, 0xd0, 0xd0, 0xc8, 0xff, 0xd8, 0xcc, 0xc8, 0xff,
    0xd0, 0xcc, 0xc8, 0xff, 0xd8, 0xd0, 0xc8, 0xff, 0xd0, 0xcc, 0xd0, 0xff,
    0xd8, 0xd0, 0xc8, 0xff, 0xd8, 0xd0, 0xc8, 0xff, 0xd0, 0xcc, 0xd0, 0xff,
    0xd8, 0xd0, 0xc8, 0xff, 0xd8, 0xcc, 0xc8, 0xff, 0xd0, 0xcc, 0xd0, 0xff,
    0xd8, 0xd0, 0xc8, 0xff, 0xd8, 0xcc, 0xc8, 0xff, 0xd8, 0xd0, 0xd0, 0xff,
    0xd8, 0xcc, 0xc8, 0xff, 0xd8, 0xcc, 0xc8, 0xff, 0xd0, 0xd0, 0xd0, 0xff,
    0xd8, 0xcc, 0xd0, 0xff, 0xd8, 0xcc, 0xc8, 0xff, 0xd0, 0xd0, 0xc8, 0xff,
    0xd8, 0xcc, 0xc8, 0xff, 0xd8, 0xd0, 0xc8, 0xff, 0xd0, 0xcc, 0xd0, 0xff,
    0xd8, 0xcc, 0xc8, 0xff, 0xd8, 0xd0, 0xc8, 0xff, 0xd0, 0xcc, 0xd0, 0xff,
    0xd8, 0xd0, 0xc8, 0xff, 0xd0, 0xd0, 0xc8, 0xff, 0xd8, 0xcc, 0xd0, 0xff,
    0xd0, 0xd0, 0xc8, 0xff, 0xd8, 0xd0, 0xc8, 0xff, 0xd0, 0xcc, 0xd0, 0xff,
    0xd8, 0xcc, 0xc8, 0xff, 0xd8, 0xd0, 0xc8, 0xff, 0xd0, 0xcc, 0xd0, 0xff,
    0xd8, 0xd0, 0xd0, 0xff, 0xd8, 0xd0, 0xc8, 0xff, 0xd0, 0xcc, 0xc8, 0xff,
    0xd8, 0xcc, 0xc8, 0xff, 0xd8, 0xd0, 0xc8, 0xff, 0xd8, 0xcc, 0xd0, 0xff,
    0xd8, 0xd0, 0xc8, 0xff, 0xd8, 0xd0, 0xc8, 0xff, 0xd0, 0xcc, 0xd0, 0xff,
    0xd8, 0xd0, 0xc8, 0xff, 0xd8, 0xcc, 0xc8, 0xff, 0xd0, 0xcc, 0xd0, 0xff,
    0xd8, 0xd0, 0xc8, 0xff, 0xd8, 0xcc, 0xc8, 0xff, 0xd0, 0xd0, 0xd0, 0xff,
    0xd8, 0xcc, 0xc8, 0xff, 0xd8, 0xcc, 0xc8, 0xff, 0xd0, 0xd0, 0xd0, 0xff,
    0xd8, 0xcc, 0xd0, 0xff, 0xd0, 0xcc, 0xc8, 0xff, 0xd8, 0xd0, 0xc8, 0xff,
    0xd0, 0xcc, 0xc8, 0xff, 0xd8, 0xd0, 0xc8, 0xff, 0xd0, 0xcc, 0xd0, 0xff,
    0xd8, 0xcc, 0xc8, 0xff, 0xd8, 0xd0, 0xc8, 0xff, 0xd0, 0xcc, 0xd0, 0xff,
    0xd8, 0xd0, 0xc8, 0xff, 0xd8, 0xd0, 0xc8, 0xff, 0xd0, 0xcc, 0xd0, 0xff,
    0xd8, 0xd0, 0xc8, 0xff, 0xd8, 0xd0, 0xc8, 0xff, 0xd8, 0xcc, 0xd0, 0xff,
    0xd8, 0xcc, 0xc8, 0xff, 0xd8, 0xd0, 0xc8, 0xff, 0xd0, 0xcc, 0xd0, 0xff,
    0xd8, 0xd0, 0xd0, 0xff, 0xd8, 0xd0, 0xc8, 0xff, 0xd0, 0xcc, 0xc8, 0xff,
    0xd8, 0xcc, 0xc8, 0xff, 0xd8, 0xd0, 0xc8, 0xff, 0xd0, 0xcc, 0xd0, 0xff,
    0xd8, 0xd0, 0xc8, 0xff, 0xd8, 0xd0, 0xc8, 0xff, 0xd0, 0xcc, 0xd0, 0xff,
    0xd8, 0xd0, 0xc8, 0xff, 0xd0, 0xcc, 0xc8, 0xff, 0xd8, 0xcc, 0xd0, 0xff,
    0xd0, 0xd0, 0xc8, 0xff, 0xd8, 0xcc, 0xc8, 0xff, 0xd0, 0xd0, 0xd0, 0xff,
    0xd8, 0xcc, 0xc8, 0xff, 0xd8, 0xcc, 0xc8, 0xff, 0xd0, 0xd0, 0xd0, 0xff,
    0xd8, 0xcc, 0xd0, 0xff, 0xd8, 0xcc, 0xc8, 0xff, 0xd0, 0xd0, 0xc8, 0xff,
    0xd8, 0xcc, 0xc8, 0xff, 0xd8, 0xd0, 0xc8, 0xff, 0xd8, 0xcc, 0xd0, 0xff,
    0xd8, 0xcc, 0xc8, 0xff, 0xd8, 0xd0, 0xc8, 0xff, 0xd0, 0xcc, 0xd0, 0xff,
    0xd8, 0xd0, 0xc8, 0xff, 0xd8, 0xd0, 0xc8, 0xff, 0xd0, 0xcc, 0xd0, 0xff,
    0xd8, 0xd0, 0xc8, 0xff, 0xd8, 0xd0, 0xc8, 0xff, 0xd0, 0xcc, 0xd0, 0xff,
    0xd8, 0xcc, 0xc8, 0xff, 0xd8, 0xd0, 0xc8, 0xff, 0xd0, 0xcc, 0xd0, 0xff,
    0xd8, 0xd0, 0xd0, 0xff, 0xd0, 0xd0, 0xc8, 0xff, 0xd8, 0xcc, 0xc8, 0xff,
    0xd0, 0xcc, 0xc8, 0xff, 0xd8, 0xd0, 0xc8, 0xff, 0xd0, 0xcc, 0xd0, 0xff,
    0xd8, 0xd0, 0xc8, 0xff, 0xd8, 0xd0, 0xc8, 0xff, 0xd0, 0xcc, 0xd0, 0xff,
    0xd8, 0xd0, 0xc8, 0xff, 0xd8, 0xcc, 0xc8, 0xff, 0xd0, 0xcc, 0xd0, 0xff,
    0xd8, 0xd0, 0xc8, 0xff, 0xd8, 0xcc, 0xc8, 0xff, 0xd8, 0xcc, 0xd0, 0xff,
    0xd8, 0xd0, 0xc8, 0xff, 0xd8, 0xd0, 0xc8, 0xff, 0xd0, 0xcc, 0xd0, 0xff,
    0xd8, 0xd0, 0xd0, 0xff, 0xd8, 0xcc, 0xc8, 0xff, 0xd0, 0xcc, 0xc8, 0xff,
    0xd8, 0xd0, 0xd0, 0xff, 0xd8, 0xcc, 0xc8, 0xff, 0xd0, 0xd0, 0xc8, 0xff,
    0xd8, 0xcc, 0xd0, 0xff, 0xd0, 0xcc, 0xc8, 0xff, 0xd8, 0xd0, 0xd0, 0xff,
    0xd0, 0xcc, 0xc8, 0xff, 0xd8, 0xcc, 0xc8, 0xff, 0xd8, 0xd0, 0xd0, 0xff,
    0xd0, 0xd0, 0xc8, 0xff, 0xd8, 0xcc, 0xc8, 0xff, 0xd8, 0xd0, 0xd0, 0xff,
    0xd0, 0xcc, 0xc8, 0xff, 0xd0, 0xd0, 0xc8, 0xff, 0xd8, 0xd0, 0xc8, 0xff,
    0xd8, 0xcc, 0xc8, 0xff, 0xd8, 0xcc, 0xd0, 0xff, 0xd0, 0xd0, 0xc8, 0xff,
    0xd8, 0xcc, 0xd0, 0xff, 0xd8, 0xd0, 0xc8, 0xff, 0xd0, 0xcc, 0xd0, 0xff,
    0xd0, 0xcc, 0xc8, 0xff, 0xd8, 0xd0, 0xc8, 0xff, 0xd8, 0xcc, 0xd0, 0xff,
    0xd0, 0xd0, 0xc8, 0xff, 0xd8, 0xd0, 0xc8, 0xff, 0xd8, 0xcc, 0xd0, 0xff,
    0xd0, 0xd0, 0xc8, 0xff, 0xd8, 0xd0, 0xc8, 0xff, 0xd8, 0xcc, 0xd0, 0xff,
    0xd0, 0xd0, 0xc8, 0xff, 0xd0, 0xd0, 0xc8, 0xff, 0xd8, 0xcc, 0xd0, 0xff,
    0xd0, 0xd0, 0xc8, 0xff, 0xd8, 0xd0, 0xc8, 0xff, 0xd8, 0xcc, 0xd0, 0xff,
    0xd0, 0xcc, 0xc8, 0xff, 0xd8, 0xd0, 0xd0, 0xff, 0xd0, 0xcc, 0xc8, 0xff,
    0xd8, 0xcc, 0xc8, 0xff, 0xd8, 0xd0, 0xd0, 0xff, 0xd0, 0xcc, 0xc8, 0xff,
    0xd8, 0xd0, 0xc8, 0xff, 0xd0, 0xcc, 0xd0, 0xff, 0xd8, 0xd0, 0xc8, 0xff,
    0xd8, 0xd0, 0xc8, 0xff, 0xd0, 0xcc, 0xd0, 0xff, 0xd8, 0xd0, 0xc8, 0xff,
    0xd8, 0xcc, 0xc8, 0xff, 0xd0, 0xcc, 0xd0, 0xff, 0xd8, 0xd0, 0xc8, 0xff,
    0xd8, 0xd0, 0xd0, 0xff, 0xd0, 0xcc, 0xc8, 0xff, 0xd8, 0xd0, 0xc8, 0xff,
    0xd8, 0xcc, 0xd0, 0xff, 0xd8, 0xcc, 0xc8, 0xff, 0xd0, 0xd0, 0xc8, 0xff,
    0xd0, 0xcc, 0xd0, 0xff, 0xd0, 0xd0, 0xc8, 0xff, 0xd0, 0xcc, 0xc8, 0xff,
    0xd8, 0xd0, 0xd0, 0xff, 0xd8, 0xd0, 0xc8, 0xff, 0xd0, 0xcc, 0xd0, 0xff,
    0xd8, 0xd0, 0xc8, 0xff, 0xd0, 0xd0, 0xc8, 0xff, 0xd8, 0xcc, 0xd0, 0xff,
    0xd0, 0xcc, 0xc8, 0xff, 0xd8, 0xd0, 0xc8, 0xff, 0xd0, 0xcc, 0xd0, 0xff,
    0xd8, 0xcc, 0xc8, 0xff, 0xd0, 0xd0, 0xc8, 0xff, 0xd8, 0xd0, 0xd0, 0xff,
    0xd8, 0xcc, 0xc8, 0xff, 0xd0, 0xd0, 0xc8, 0xff, 0xd8, 0xcc, 0xd0, 0xff,
    0xd8, 0xcc, 0xc8, 0xff, 0xd0, 0xd0, 0xc8, 0xff, 0xd8, 0xd0, 0xd0, 0xff,
    0xd8, 0xcc, 0xc8, 0xff, 0xd0, 0xd0, 0xc8, 0xff, 0xd0, 0xcc, 0xc8, 0xff,
    0xd8, 0xcc, 0xd0, 0xff, 0xd0, 0xd0, 0xc8, 0xff, 0xd8, 0xcc, 0xd0, 0xff,
    0xd0, 0xd0, 0xc8, 0xff, 0xd0, 0xd0, 0xc8, 0xff, 0xd8, 0xcc, 0xd0, 0xff,
    0xd0, 0xd0, 0xc8, 0xff, 0xd8, 0xd0, 0xd0, 0xff, 0xd8, 0xcc, 0xc8, 0xff,
    0xd0, 0xd0, 0xc8, 0xff, 0xd8, 0xcc, 0xd0, 0xff, 0xd0, 0xcc, 0xc8, 0xff,
    0xd8, 0xd0, 0xc8, 0xff, 0xd0, 0xcc, 0xd0, 0xff, 0xd8, 0xcc, 0xc8, 0xff,
    0xd0, 0xd0, 0xc8, 0xff, 0xd8, 0xcc, 0xd0, 0xff, 0xd8, 0xcc, 0xc8, 0xff,
    0xd0, 0xd0, 0xd0, 0xff, 0xd8, 0xd0, 0xd0, 0xff, 0xd8, 0xcc, 0xc8, 0xff,
    0xd0, 0xd0, 0xd0, 0xff, 0xd8, 0xd0, 0xc8, 0xff, 0xd8, 0xcc, 0xc8, 0xff,
    0xd0, 0xcc, 0xd0, 0xff, 0xd8, 0xd0, 0xc8, 0xff, 0xd0, 0xcc, 0xd0, 0xff,
    0xd8, 0xcc, 0xc8, 0xff, 0xd0, 0xd0, 0xc8, 0xff, 0xd8, 0xcc, 0xd0, 0xff,
    0xd0, 0xd0, 0xc8, 0xff, 0xd0, 0xd0, 0xc8, 0xff, 0xd8, 0xcc, 0xd0, 0xff,
    0xd0, 0xd0, 0xc8, 0xff, 0xd8, 0xd0, 0xc8, 0xff, 0xd8, 0xcc, 0xd0, 0xff,
    0xd0, 0xd0, 0xc8, 0xff, 0xd8, 0xcc, 0xc8, 0xff, 0xd0, 0xcc, 0xd0, 0xff,
    0xd8, 0xd0, 0xc8, 0xff, 0xd0, 0xcc, 0xc8, 0xff, 0xd8, 0xd0, 0xd0, 0xff,
    0xd0, 0xd0, 0xc8, 0xff, 0xd8, 0xcc, 0xc8, 0xff, 0xd8, 0xcc, 0xd0, 0xff,
    0xd0, 0xd0, 0xc8, 0xff, 0xd8, 0xcc, 0xc8, 0xff, 0xd8, 0xcc, 0xd0, 0xff,
    0xd0, 0xd0, 0xc8, 0xff, 0xd8, 0xcc, 0xc8, 0xff, 0xd8, 0xcc, 0xd0, 0xff,
    0xd0, 0xd0, 0xc8, 0xff, 0xd8, 0xcc, 0xc8, 0xff, 0xd0, 0xcc, 0xd0, 0xff,
    0xd8, 0xd0, 0xc8, 0xff, 0xd0, 0xcc, 0xc8, 0xff, 0xd8, 0xd0, 0xd0, 0xff,
    0xd0, 0xd0, 0xc8, 0xff, 0xd0, 0xcc, 0xc8, 0xff, 0xd8, 0xcc, 0xd0, 0xff,
    0xd0, 0xd0, 0xc8, 0xff, 0xd8, 0xcc, 0xc8, 0xff, 0xd8, 0xd0, 0xd0, 0xff,
    0xd0, 0xd0, 0xc8, 0xff, 0xd8, 0xcc, 0xc8, 0xff, 0xd0, 0xd0, 0xd0, 0xff,
    0xd8, 0xcc, 0xc8, 0xff, 0xd0, 0xd0, 0xc8, 0xff, 0xd8, 0xd0, 0xd0, 0xff,
    0xd0, 0xcc, 0xc8, 0xff, 0xd8, 0xd0, 0xc8, 0xff, 0xd8, 0xd0, 0xd0, 0xff,
    0xd0, 0xcc, 0xc8, 0xff, 0xd8, 0xd0, 0xc8, 0xff, 0xd8, 0xcc, 0xd0, 0xff,
    0xd0, 0xd0, 0xc8, 0xff, 0xd8, 0xcc, 0xc8, 0xff, 0xd8, 0xd0, 0xd0, 0xff,
    0xd0, 0xd0, 0xc8, 0xff, 0xd8, 0xcc, 0xc8, 0xff, 0xd0, 0xcc, 0xd0, 0xff,
    0xd8, 0xd0, 0xc8, 0xff, 0xd0, 0xcc, 0xc8, 0xff, 0xd8, 0xcc, 0xd0, 0xff,
    0xd0, 0xd0, 0xc8, 0xff, 0xd0, 0xcc, 0xc8, 0xff, 0xd8, 0xcc, 0xd0, 0xff,
    0xd0, 0xd0, 0xc8, 0xff, 0xd8, 0xcc, 0xc8, 0xff, 0xd8, 0xcc, 0xd0, 0xff,
    0xd0, 0xd0, 0xc8, 0xff, 0xd8, 0xcc, 0xc8, 0xff, 0xd0, 0xd0, 0xd0, 0xff,
    0xd8, 0xd0, 0xc8, 0xff, 0xd0, 0xcc, 0xc8, 0xff, 0xd8, 0xcc, 0xd0, 0xff,
    0xd0, 0xd0, 0xc8, 0xff, 0xd8, 0xcc, 0xc8, 0xff, 0xd8, 0xd0, 0xd0, 0xff,
    0xd0, 0xd0, 0xc8, 0xff, 0xd8, 0xcc, 0xc8, 0xff, 0xd8, 0xd0, 0xd0, 0xff,
    0xd0, 0xcc, 0xc8, 0xff, 0xd8, 0xd0, 0xc8, 0xff, 0xd8, 0xd0, 0xd0, 0xff,
    0xd0, 0xcc, 0xc8, 0xff, 0xd8, 0xd0, 0xc8, 0xff, 0xd0, 0xd0, 0xd0, 0xff,
    0xd8, 0xcc, 0xc8, 0xff, 0xd0, 0xd0, 0xc8, 0xff, 0xd8, 0xcc, 0xd0, 0xff,
    0xd0, 0xd0, 0xc8, 0xff, 0xd0, 0xcc, 0xc8, 0xff, 0xd8, 0xd0, 0xd0, 0xff,
    0xd0, 0xd0, 0xc8, 0xff, 0xd8, 0xcc, 0xc8, 0xff, 0xd8, 0xcc, 0xd0, 0xff,
    0xd0, 0xd0, 0xc8, 0xff, 0xd8, 0xcc, 0xc8, 0xff, 0xd0, 0xcc, 0xd0, 0xff,
    0xd8, 0xd0, 0xc8, 0xff, 0xd0, 0xcc, 0xc8, 0xff, 0xd8, 0xcc, 0xd0, 0xff,
    0xd0, 0xd0, 0xc8, 0xff, 0xd8, 0xcc, 0xc8, 0xff, 0xd8, 0xcc, 0xd0, 0xff,
    0xd0, 0xd0, 0xc8, 0xff, 0xd8, 0xcc, 0xc8, 0xff, 0xd8, 0xd0, 0xd0, 0xff,
    0xd0, 0xd0, 0xc8, 0xff, 0xd8, 0xcc, 0xc8, 0xff, 0xd8, 0xcc, 0xd0, 0xff,
    0xd0, 0xd0, 0xc8, 0xff, 0xd8, 0xcc, 0xc8, 0xff, 0xd0, 0xd0, 0xd0, 0xff,
    0xd8, 0xd0, 0xc8, 0xff, 0xd0, 0xcc, 0xc8, 0xff, 0xd8, 0xd0, 0xd0, 0xff,
    0xd0, 0xcc, 0xc8, 0xff, 0xd0, 0xd0, 0xc8, 0xff, 0xd8, 0xd0, 0xd0, 0xff,
    0xd0, 0xcc, 0xc8, 0xff, 0xd8, 0xd0, 0xc8, 0xff, 0xd8, 0xd0, 0xd0, 0xff,
    0xd0, 0xcc, 0xc8, 0xff, 0xd8, 0xd0, 0xc8, 0xff, 0xd0, 0xcc, 0xd0, 0xff,
    0xd8, 0xd0, 0xc8, 0xff, 0xd0, 0xcc, 0xc8, 0xff, 0xd8, 0xd0, 0xd0, 0xff,
    0xd0, 0xd0, 0xc8, 0xff, 0xd8, 0xcc, 0xc8, 0xff, 0xd8, 0xcc, 0xd0, 0xff,
    0xd0, 0xd0, 0xc8, 0xff, 0xd8, 0xcc, 0xc8, 0xff, 0xd8, 0xcc, 0xd0, 0xff,
    0xd0, 0xd0, 0xc8, 0xff, 0xd8, 0xcc, 0xc8, 0xff, 0xd8, 0xcc, 0xd0, 0xff,
    0xd0, 0xd0, 0xc8, 0xff, 0xd8, 0xcc, 0xc8, 0xff, 0xd0, 0xcc, 0xd0, 0xff,
    0xd8, 0xd0, 0xc8, 0xff, 0xd0, 0xcc, 0xc8, 0xff, 0xd8, 0xd0, 0xd0, 0xff,
    0xd0, 0xd0, 0xc8, 0xff, 0xd0, 0xcc, 0xc8, 0xff, 0xd8, 0xcc, 0xd0, 0xff,
    0xd0, 0xd0, 0xc8, 0xff, 0xd8, 0xcc, 0xc8, 0xff, 0xd8, 0xd0, 0xd0, 0xff,
    0xd0, 0xd0, 0xc8, 0xff, 0xd8, 0xcc, 0xc8, 0xff, 0xd0, 0xd0, 0xd0, 0xff,
    0xd8, 0xcc, 0xc8, 0xff, 0xd0, 0xd0, 0xc8, 0xff, 0xd8, 0xd0, 0xd0, 0xff,
    0xd0, 0xcc, 0xc8, 0xff, 0xd8, 0xd0, 0xc8, 0xff, 0xd8, 0xd0, 0xd0, 0xff,
    0xd0, 0xcc, 0xc8, 0xff, 0xd8, 0xd0, 0xc8, 0xff, 0xd8, 0xcc, 0xd0, 0xff,
    0xd0, 0xd0, 0xc8, 0xff, 0xd8, 0xcc, 0xc8, 0xff, 0xd8, 0xd0, 0xd0, 0xff,
    0xd0, 0xd0, 0xc8, 0xff, 0xd8, 0xcc, 0xc8, 0xff, 0xd0, 0xcc, 0xd0, 0xff,
    0xd8, 0xd0, 0xc8, 0xff, 0xd0, 0xcc, 0xc8, 0xff, 0xd8, 0xcc, 0xd0, 0xff,
    0xd0, 0xd0, 0xc8, 0xff, 0xd0, 0xcc, 0xc8, 0xff, 0xd8, 0xcc, 0xd0, 0xff,
    0xd0, 0xd0, 0xc8, 0xff, 0xd8, 0xcc, 0xc8, 0xff, 0xd8, 0xcc, 0xd0, 0xff,
    0xd0, 0xd0, 0xc8, 0xff, 0xd8, 0xcc, 0xc8, 0xff, 0xd0, 0xd0, 0xd0, 0xff,
    0xd8, 0xd0, 0xc8, 0xff, 0xd0, 0xcc, 0xc8, 0xff, 0xd8, 0xcc, 0xd0, 0xff,
    0xd0, 0xd0, 0xc8, 0xff, 0xd8, 0xcc, 0xc8, 0xff, 0xd8, 0xd0, 0xd0, 0xff,
    0xd0, 0xd0, 0xc8, 0xff, 0xd8, 0xcc, 0xc8, 0xff, 0xd8, 0xd0, 0xd0, 0xff,
    0xd0, 0xcc, 0xc8, 0xff, 0xd8, 0xd0, 0xc8, 0xff, 0xd8, 0xd0, 0xd0, 0xff,
    0xd0, 0xcc, 0xc8, 0xff, 0xd8, 0xd0, 0xc8, 0xff, 0xd0, 0xd0, 0xd0, 0xff,
    0xd8, 0xcc, 0xc8, 0xff, 0xd0, 0xd0, 0xc8, 0xff, 0xd8, 0xcc, 0xd0, 0xff,
    0xd0, 0xd0, 0xc8, 0xff, 0xd0, 0xcc, 0xc8, 0xff, 0xd8, 0xd0, 0xd0, 0xff,
    0xd0, 0xd0, 0xc8, 0xff, 0xd8, 0xcc, 0xc8, 0xff, 0xd8, 0xcc, 0xd0, 0xff,
    0xd0, 0xd0, 0xc8, 0xff, 0xd8, 0xcc, 0xc8, 0xff, 0xd0, 0xcc, 0xd0, 0xff,
    0xd8, 0xd0, 0xc8, 0xff, 0xd0, 0xcc, 0xc8, 0xff, 0xd8, 0xcc, 0xd0, 0xff,
    0xd0, 0xd0, 0xc8, 0xff, 0xd8, 0xcc, 0xc8, 0xff, 0xd8, 0xcc, 0xd0, 0xff,
    0xd0, 0xd0, 0xc8, 0xff, 0xd8, 0xcc, 0xc8, 0xff, 0xd8, 0xd0, 0xd0, 0xff,
    0xd0, 0xd0, 0xc8, 0xff, 0xd8, 0xcc, 0xc8, 0xff, 0xd8, 0xcc, 0xd0, 0xff,
    0xd0, 0xd0, 0xc8, 0xff, 0xd8, 0xcc, 0xc8, 0xff, 0xd0, 0xd0, 0xd0, 0xff,
    0xd8, 0xd0, 0xc8, 0xff, 0xd0, 0xcc, 0xc8, 0xff, 0xd8, 0xd0, 0xd0, 0xff,
    0xd0, 0xd0, 0xc8, 0xff, 0xd0, 0xcc, 0xc8, 0xff, 0xd8, 0xcc, 0xd0, 0xff,
    0xd0, 0xd0, 0xc8, 0xff, 0xd8, 0xcc, 0xc8, 0xff, 0xd8, 0xd0, 0xd0, 0xff,
    0xd0, 0xd0, 0xc8, 0xff, 0xd8, 0xcc, 0xc8, 0xff, 0xd0, 0xd0, 0xd0, 0xff,
    0xd8, 0xcc, 0xc8, 0xff, 0xd0, 0xd0, 0xc8, 0xff, 0xd8, 0xcc, 0xd0, 0xff,
    0xd8, 0xd0, 0xc8, 0xff, 0xd0, 0xd0, 0xc8, 0xff, 0xd8, 0xcc, 0xd0, 0xff,
    0xd8, 0xd0, 0xc8, 0xff, 0xd0, 0xcc, 0xd0, 0xff, 0xd8, 0xcc, 0xc8, 0xff,
    0xd8, 0xd0, 0xc8, 0xff, 0xd0, 0xcc, 0xd0, 0xff, 0xd8, 0xd0, 0xd0, 0xff,
    0xd8, 0xcc, 0xc8, 0xff, 0xd8, 0xcc, 0xd0, 0xff, 0xd0, 0xd0, 0xd0, 0xff,
    0xd0, 0xd0, 0xc8, 0xff, 0xd8, 0xcc, 0xc8, 0xff, 0xd8, 0xcc, 0xd0, 0xff,
    0xd0, 0xd0, 0xc8, 0xff, 0xd8, 0xcc, 0xc8, 0xff, 0xd8, 0xd0, 0xd0, 0xff,
    0xd8, 0xd0, 0xc8, 0xff, 0xd0, 0xcc, 0xd0, 0xff, 0xd8, 0xcc, 0xc8, 0xff,
    0xd8, 0xd0, 0xc8, 0xff, 0xd0, 0xcc, 0xd0, 0xff, 0xd8, 0xcc, 0xc8, 0xff,
    0xd0, 0xd0, 0xd0, 0xff, 0xd8, 0xcc, 0xc8, 0xff, 0xd8, 0xcc, 0xd0, 0xff,
    0xd0, 0xd0, 0xc8, 0xff, 0xd8, 0xcc, 0xc8, 0xff, 0xd8, 0xcc, 0xd0, 0xff,
    0xd0, 0xd0, 0xc8, 0xff, 0xd8, 0xd0, 0xc8, 0xff, 0xd0, 0xcc, 0xd0, 0xff,
    0xd8, 0xd0, 0xc8, 0xff, 0xd8, 0xd0, 0xc8, 0xff, 0xd0, 0xcc, 0xd0, 0xff,
    0xd0, 0xd0, 0xc8, 0xff, 0xd8, 0xcc, 0xd0, 0xff, 0xd8, 0xcc, 0xc8, 0xff,
    0xd0, 0xd0, 0xd0, 0xff, 0xd8, 0xcc, 0xc8, 0xff, 0xd0, 0xcc, 0xc8, 0xff,
    0xd8, 0xd0, 0xd0, 0xff, 0xd8, 0xd0, 0xc8, 0xff, 0xd0, 0xcc, 0xc8, 0xff,
    0xd8, 0xd0, 0xd0, 0xff, 0xd0, 0xcc, 0xc8, 0xff, 0xd8, 0xd0, 0xc8, 0xff,
    0xd8, 0xcc, 0xd0, 0xff, 0xd0, 0xd0, 0xc8, 0xff, 0xd8, 0xd0, 0xc8, 0xff,
    0xd8, 0xcc, 0xd0, 0xff, 0xd0, 0xd0, 0xc8, 0xff, 0xd8, 0xcc, 0xc8, 0xff,
    0xd8, 0xcc, 0xd0, 0xff, 0xd8, 0xd0, 0xc8, 0xff, 0xd0, 0xcc, 0xd0, 0xff,
    0xd8, 0xcc, 0xc8, 0xff, 0xd0, 0xd0, 0xc8, 0xff, 0xd8, 0xcc, 0xd0, 0xff,
    0xd8, 0xd0, 0xc8, 0xff, 0xd8, 0xd0, 0xc8, 0xff, 0xd0, 0xcc, 0xd0, 0xff,
    0xd8, 0xd0, 0xc8, 0xff, 0xd8, 0xd0, 0xc8, 0xff, 0xd8, 0xcc, 0xd0, 0xff,
    0xd0, 0xd0, 0xd0, 0xff, 0xd8, 0xcc, 0xc8, 0xff, 0xd8, 0xcc, 0xc8, 0xff,
    0xd0, 0xd0, 0xd0, 0xff, 0xd8, 0xd0, 0xc8, 0xff, 0xd8, 0xcc, 0xd0, 0xff,
    0xd0, 0xd0, 0xc8, 0xff, 0xd8, 0xcc, 0xd0, 0xff, 0xd8, 0xcc, 0xc8, 0xff,
    0xd0, 0xd0, 0xd0, 0xff, 0xd8, 0xd0, 0xc8, 0xff, 0xd8, 0xcc, 0xd0, 0xff,
    0xd8, 0xd0, 0xc8, 0xff, 0xd0, 0xcc, 0xc8, 0xff, 0xd8, 0xcc, 0xd0, 0xff,
    0xd8, 0xd0, 0xd0, 0xff, 0xd8, 0xcc, 0xc8, 0xff, 0xd0, 0xcc, 0xc8, 0xff,
    0xd8, 0xd0, 0xd0, 0xff, 0xd0, 0xcc, 0xc8, 0xff, 0xd8, 0xd0, 0xc8, 0xff,
    0xd8, 0xd0, 0xd0, 0xff, 0xd0, 0xcc, 0xc8, 0xff, 0xd8, 0xd0, 0xd0, 0xff,
    0xd8, 0xd0, 0xc8, 0xff, 0xd0, 0xcc, 0xd0, 0xff, 0xd8, 0xd0, 0xc8, 0xff,
    0xd8, 0xd0, 0xc8, 0xff, 0xd0, 0xcc, 0xd0, 0xff, 0xd8, 0xd0, 0xc8, 0xff,
    0xd0, 0xcc, 0xc8, 0xff, 0xd8, 0xcc, 0xc8, 0xff, 0xd8, 0xd0, 0xd0, 0xff,
    0xd0, 0xcc, 0xc8, 0xff, 0xd8, 0xd0, 0xd0, 0xff, 0xd8, 0xd0, 0xc8, 0xff,
    0xd0, 0xcc, 0xc8, 0xff, 0xd8, 0xd0, 0xd0, 0xff, 0xd8, 0xd0, 0xc8, 0xff,
    0xd0, 0xcc, 0xc8, 0xff, 0xd8, 0xd0, 0xd0, 0xff, 0xd8, 0xcc, 0xc8, 0xff,
    0xd8, 0xcc, 0xd0, 0xff, 0xd0, 0xd0, 0xc8, 0xff, 0xd8, 0xcc, 0xd0, 0xff,
    0xd0, 0xcc, 0xc8, 0xff, 0xd8, 0xd0, 0xc8, 0xff, 0xd8, 0xcc, 0xd0, 0xff,
    0xd0, 0xd0, 0xc8, 0xff, 0xd8, 0xd0, 0xc8, 0xff, 0xd8, 0xcc, 0xd0, 0xff,
    0xd0, 0xd0, 0xd0, 0xff, 0xd8, 0xcc, 0xc8, 0xff, 0xd8, 0xcc, 0xd0, 0xff,
    0xd0, 0xd0, 0xc8, 0xff, 0xd8, 0xd0, 0xd0, 0xff, 0xd8, 0xcc, 0xc8, 0xff,
    0xd0, 0xd0, 0xc8, 0xff, 0xd8, 0xcc, 0xd0, 0xff, 0xd8, 0xd0, 0xc8, 0xff,
    0xd0, 0xd0, 0xd0, 0xff, 0xd8, 0xcc, 0xc8, 0xff, 0xd8, 0xd0, 0xd0, 0xff,
    0xd0, 0xd0, 0xc8, 0xff, 0xd8, 0xcc, 0xc8, 0xff, 0xd8, 0xd0, 0xd0, 0xff,
    0xd0, 0xcc, 0xc8, 0xff, 0xd8, 0xcc, 0xc8, 0xff, 0xd8, 0xd0, 0xd0, 0xff,
    0xd8, 0xd0, 0xd0, 0xff, 0xd0, 0xcc, 0xc8, 0xff, 0xd8, 0xd0, 0xd0, 0xff,
    0xd0, 0xcc, 0xc8, 0xff, 0xd8, 0xcc, 0xd0, 0xff, 0xd8, 0xd0, 0xc8, 0xff,
    0xd0, 0xcc, 0xc8, 0xff, 0xd8, 0xd0, 0xd0, 0xff, 0xd8, 0xd0, 0xc8, 0xff,
    0xd0, 0xcc, 0xd0, 0xff, 0xd8, 0xcc, 0xc8, 0xff, 0xd8, 0xd0, 0xd0, 0xff,
    0xd0, 0xcc, 0xc8, 0xff, 0xd8, 0xcc, 0xc8, 0xff, 0xd8, 0xd0, 0xd0, 0xff,
    0xd0, 0xd0, 0xc8, 0xff, 0xd8, 0xcc, 0xc8, 0xff, 0xd8, 0xd0, 0xd0, 0xff,
    0xd0, 0xcc, 0xd0, 0xff, 0xd8, 0xd0, 0xc8, 0xff, 0xd8, 0xcc, 0xd0, 0xff,
    0xd0, 0xd0, 0xc8, 0xff, 0xd8, 0xd0, 0xd0, 0xff, 0xd8, 0xcc, 0xc8, 0xff,
    0xd0, 0xd0, 0xc8, 0xff, 0xd8, 0xcc, 0xd0, 0xff, 0xd8, 0xd0, 0xc8, 0xff,
    0xd8, 0xd0, 0xd0, 0xff, 0xd0, 0xcc, 0xc8, 0xff, 0xd8, 0xd0, 0xd0, 0xff,
    0xd0, 0xd0, 0xc8, 0xff, 0xd8, 0xcc, 0xc8, 0xff, 0xd8, 0xd0, 0xd0, 0xff,
    0xd0, 0xcc, 0xc8, 0xff, 0xd8, 0xcc, 0xc8, 0xff, 0xd8, 0xd0, 0xd0, 0xff,
    0xd0, 0xd0, 0xd0, 0xff, 0xd8, 0xcc, 0xc8, 0xff, 0xd8, 0xd0, 0xd0, 0xff,
    0xd0, 0xcc, 0xc8, 0xff, 0xd8, 0xcc, 0xd0, 0xff, 0xd8, 0xd0, 0xc8, 0xff,
    0xd0, 0xcc, 0xc8, 0xff, 0xd8, 0xd0, 0xd0, 0xff, 0xd8, 0xd0, 0xc8, 0xff,
    0xd0, 0xcc, 0xd0, 0xff, 0xd8, 0xcc, 0xc8, 0xff, 0xd8, 0xd0, 0xd0, 0xff,
    0xd0, 0xcc, 0xc8, 0xff, 0xd8, 0xcc, 0xc8, 0xff, 0xd8, 0xd0, 0xd0, 0xff,
    0xd0, 0xd0, 0xc8, 0xff, 0xd8, 0xcc, 0xc8, 0xff, 0xd8, 0xd0, 0xd0, 0xff,
    0xd8, 0xcc, 0xd0, 0xff, 0xd0, 0xd0, 0xc8, 0xff, 0xd8, 0xcc, 0xd0, 0xff,
    0xd0, 0xd0, 0xc8, 0xff, 0xd8, 0xd0, 0xd0, 0xff, 0xd8, 0xcc, 0xc8, 0xff,
    0xd0, 0xd0, 0xc8, 0xff, 0xd8, 0xcc, 0xd0, 0xff, 0xd8, 0xd0, 0xc8, 0xff,
    0xd0, 0xd0, 0xd0, 0xff, 0xd8, 0xcc, 0xc8, 0xff, 0xd8, 0xd0, 0xd0, 0xff,
    0xd0, 0xd0, 0xc8, 0xff, 0xd8, 0xcc, 0xc8, 0xff, 0xd8, 0xd0, 0xd0, 0xff,
    0xd0, 0xcc, 0xc8, 0xff, 0xd8, 0xcc, 0xc8, 0xff, 0xd8, 0xd0, 0xd0, 0xff,
    0xd0, 0xd0, 0xd0, 0xff, 0xd8, 0xcc, 0xc8, 0xff, 0xd8, 0xd0, 0xd0, 0xff,
    0xd0, 0xcc, 0xc8, 0xff, 0xd8, 0xcc, 0xd0, 0xff, 0xd8, 0xd0, 0xc8, 0xff,
    0xd0, 0xcc, 0xc8, 0xff, 0xd8, 0xd0, 0xd0, 0xff, 0xd8, 0xd0, 0xc8, 0xff,
    0xd8, 0xcc, 0xd0, 0xff, 0xd0, 0xcc, 0xc8, 0xff, 0xd8, 0xd0, 0xd0, 0xff,
    0xd0, 0xcc, 0xc8, 0xff, 0xd8, 0xcc, 0xc8, 0xff, 0xd8, 0xd0, 0xd0, 0xff,
    0xd0, 0xd0, 0xc8, 0xff, 0xd8, 0xcc, 0xc8, 0xff, 0xd8, 0xd0, 0xd0, 0xff,
    0xd0, 0xcc, 0xd0, 0xff, 0xd8, 0xd0, 0xc8, 0xff, 0xd8, 0xcc, 0xd0, 0xff,
    0xd0, 0xd0, 0xc8, 0xff, 0xd8, 0xd0, 0xd0, 0xff, 0xd8, 0xcc, 0xc8, 0xff,
    0xd0, 0xd0, 0xc8, 0xff, 0xd8, 0xcc, 0xd0, 0xff, 0xd8, 0xd0, 0xc8, 0xff,
    0xd0, 0xd0, 0xd0, 0xff, 0xd8, 0xcc, 0xc8, 0xff, 0xd8, 0xd0, 0xd0, 0xff,
    0xd0, 0xd0, 0xc8, 0xff, 0xd8, 0xcc, 0xc8, 0xff, 0xd8, 0xd0, 0xd0, 0xff,
    0xd0, 0xcc, 0xc8, 0xff, 0xd8, 0xcc, 0xc8, 0xff, 0xd8, 0xd0, 0xd0, 0xff,
    0xd8, 0xd0, 0xd0, 0xff, 0xd0, 0xcc, 0xc8, 0xff, 0xd8, 0xd0, 0xd0, 0xff,
    0xd0, 0xcc, 0xc8, 0xff, 0xd8, 0xcc, 0xd0, 0xff, 0xd8, 0xd0, 0xc8, 0xff,
    0xd0, 0xcc, 0xc8, 0xff, 0xd8, 0xd0, 0xd0, 0xff, 0xd8, 0xd0, 0xc8, 0xff,
    0xd0, 0xcc, 0xd0, 0xff, 0xd8, 0xcc, 0xc8, 0xff, 0xd8, 0xd0, 0xd0, 0xff,
    0xd0, 0xcc, 0xc8, 0xff, 0xd8, 0xcc, 0xc8, 0xff, 0xd8, 0xd0, 0xd0, 0xff,
    0xd0, 0xd0, 0xc8, 0xff, 0xd8, 0xcc, 0xc8, 0xff, 0xd8, 0xd0, 0xd0, 0xff,
    0xd0, 0xcc, 0xd0, 0xff, 0xd8, 0xd0, 0xc8, 0xff, 0xd8, 0xcc, 0xd0, 0xff,
    0xd0, 0xd0, 0xc8, 0xff, 0xd8, 0xd0, 0xd0, 0xff, 0xd8, 0xcc, 0xc8, 0xff,
    0xd0, 0xd0, 0xc8, 0xff, 0xd8, 0xcc, 0xd0, 0xff, 0xd8, 0xd0, 0xc8, 0xff,
    0xd8, 0xd0, 0xd0, 0xff, 0xd0, 0xcc, 0xc8, 0xff, 0xd8, 0xd0, 0xd0, 0xff,
    0xd0, 0xd0, 0xc8, 0xff, 0xd8, 0xcc, 0xc8, 0xff, 0xd8, 0xd0, 0xd0, 0xff,
    0xd0, 0xcc, 0xc8, 0xff, 0xd8, 0xcc, 0xc8, 0xff, 0xd8, 0xd0, 0xd0, 0xff,
    0xd0, 0xd0, 0xd0, 0xff, 0xd8, 0xcc, 0xc8, 0xff, 0xd8, 0xd0, 0xd0, 0xff,
    0xd0, 0xcc, 0xc8, 0xff, 0xd8, 0xcc, 0xd0, 0xff, 0xd8, 0xd0, 0xc8, 0xff,
    0xd0, 0xcc, 0xc8, 0xff, 0xd8, 0xd0, 0xd0, 0xff, 0xd8, 0xd0, 0xc8, 0xff,
    0xd0, 0xcc, 0xd0, 0xff, 0xd8, 0xcc, 0xc8, 0xff, 0xd8, 0xd0, 0xd0, 0xff,
    0xd0, 0xcc, 0xc8, 0xff, 0xd8, 0xcc, 0xc8, 0xff, 0xd8, 0xd0, 0xd0, 0xff,
    0xd0, 0xd0, 0xc8, 0xff, 0xd8, 0xcc, 0xc8, 0xff, 0xd8, 0xd0, 0xd0, 0xff,
    0xd8, 0xcc, 0xd0, 0xff, 0xd0, 0xd0, 0xc8, 0xff, 0xd8, 0xcc, 0xd0, 0xff,
    0xd0, 0xd0, 0xc8, 0xff, 0xd8, 0xd0, 0xd0, 0xff, 0xd8, 0xcc, 0xc8, 0xff,
    0xd0, 0xd0, 0xc8, 0xff, 0xd8, 0xcc, 0xd0, 0xff, 0xd8, 0xd0, 0xc8, 0xff,
    0xd0, 0xd0, 0xd0, 0xff, 0xd8, 0xcc, 0xc8, 0xff, 0xd8, 0xd0, 0xd0, 0xff,
    0xd0, 0xd0, 0xc8, 0xff, 0xd8, 0xcc, 0xc8, 0xff, 0xd8, 0xd0, 0xd0, 0xff,
    0xd0, 0xcc, 0xc8, 0xff, 0xd8, 0xcc, 0xc8, 0xff, 0xd8, 0xd0, 0xd0, 0xff,
    0xd0, 0xd0, 0xd0, 0xff, 0xd8, 0xcc, 0xc8, 0xff, 0xd8, 0xd0, 0xd0, 0xff,
    0xd0, 0xcc, 0xc8, 0xff, 0xd8, 0xcc, 0xd0, 0xff, 0xd8, 0xd0, 0xc8, 0xff,
    0xd0, 0xcc, 0xc8, 0xff, 0xd8, 0xcc, 0xd0, 0xff, 0xd8, 0xd0, 0xc8, 0xff,
    0xd8, 0xd0, 0xd0, 0xff, 0xd0, 0xcc, 0xc8, 0xff, 0xd8, 0xd0, 0xd0, 0xff,
    0xd0, 0xd0, 0xc8, 0xff, 0xd8, 0xcc, 0xc8, 0xff, 0xd8, 0xcc, 0xd0, 0xff,
    0xd0, 0xd0, 0xc8, 0xff, 0xd8, 0xcc, 0xc8, 0xff, 0xd8, 0xd0, 0xd0, 0xff,
    0xd0, 0xd0, 0xc8, 0xff, 0xd8, 0xcc, 0xd0, 0xff, 0xd8, 0xcc, 0xc8, 0xff,
    0xd0, 0xd0, 0xc8, 0xff, 0xd8, 0xcc, 0xd0, 0xff, 0xd8, 0xd0, 0xc8, 0xff,
    0xd0, 0xd0, 0xc8, 0xff, 0xd8, 0xcc, 0xd0, 0xff, 0xd0, 0xd0, 0xc8, 0xff,
    0xd8, 0xcc, 0xc8, 0xff, 0xd8, 0xd0, 0xd0, 0xff, 0xd0, 0xcc, 0xc8, 0xff,
    0xd8, 0xd0, 0xc8, 0xff, 0xd8, 0xcc, 0xc8, 0xff, 0xd0, 0xcc, 0xc8, 0xff,
    0xd8, 0xcc, 0xc8, 0xff, 0xd0, 0xd0, 0xd0, 0xff, 0xd8, 0xd0, 0xc8, 0xff,
    0xd0, 0xcc, 0xc8, 0xff, 0xd0, 0xcc, 0xd0, 0xff, 0xd8, 0xd0, 0xc8, 0xff,
    0xd8, 0xd0, 0xc8, 0xff, 0xd0, 0xcc, 0xd0, 0xff, 0xd8, 0xd0, 0xc8, 0xff,
    0xd8, 0xcc, 0xd0, 0xff, 0xd0, 0xd0, 0xc8, 0xff, 0xd8, 0xd0, 0xc8, 0xff,
    0xd8, 0xcc, 0xd0, 0xff, 0xd0, 0xd0, 0xc8, 0xff, 0xd8, 0xd0, 0xc8, 0xff,
    0xd8, 0xcc, 0xd0, 0xff, 0xd8, 0xd0, 0xc8, 0xff, 0xd0, 0xcc, 0xd0, 0xff,
    0xd8, 0xcc, 0xc8, 0xff, 0xd8, 0xd0, 0xc8, 0xff, 0xd0, 0xcc, 0xd0, 0xff,
    0xd8, 0xd0, 0xc8, 0xff, 0xd8, 0xcc, 0xc8, 0xff, 0xd8, 0xd0, 0xd0, 0xff,
    0xd0, 0xd0, 0xc8, 0xff, 0xd8, 0xcc, 0xc8, 0xff, 0xd8, 0xd0, 0xd0, 0xff,
    0xd0, 0xd0, 0xc8, 0xff, 0xd8, 0xcc, 0xd0, 0xff, 0xd8, 0xcc, 0xc8, 0xff,
    0xd0, 0xd0, 0xd0, 0xff, 0xd8, 0xcc, 0xc8, 0xff, 0xd8, 0xcc, 0xc8, 0xff,
    0xd0, 0xd0, 0xd0, 0xff, 0xd8, 0xd0, 0xc8, 0xff, 0xd0, 0xcc, 0xc8, 0xff,
    0xd8, 0xcc, 0xd0, 0xff, 0xd0, 0xd0, 0xc8, 0xff, 0xd8, 0xcc, 0xd0, 0xff,
    0xd0, 0xd0, 0xc8, 0xff, 0xd8, 0xd0, 0xc8, 0xff, 0xd8, 0xcc, 0xd0, 0xff,
    0xd8, 0xd0, 0xc8, 0xff, 0xd8, 0xd0, 0xc8, 0xff, 0xd8, 0xcc, 0xd0, 0xff,
    0xd0, 0xd0, 0xc8, 0xff, 0xd8, 0xcc, 0xc8, 0xff, 0xd0, 0xcc, 0xd0, 0xff,
    0xd8, 0xd0, 0xc8, 0xff, 0xd8, 0xcc, 0xd0, 0xff, 0xd0, 0xcc, 0xc8, 0xff,
    0xd8, 0xd0, 0xd0, 0xff, 0xd0, 0xcc, 0xc8, 0xff, 0xd8, 0xd0, 0xc8, 0xff,
    0xd0, 0xd0, 0xd0, 0xff, 0xd8, 0xcc, 0xc8, 0xff, 0xd0, 0xcc, 0xc8, 0xff,
    0xd8, 0xd0, 0xd0, 0xff, 0xd8, 0xcc, 0xc8, 0xff, 0xd0, 0xd0, 0xc8, 0xff,
    0xd8, 0xd0, 0xd0, 0xff, 0xd8, 0xcc, 0xc8, 0xff, 0xd0, 0xcc, 0xc8, 0xff,
    0xd8, 0xd0, 0xd0, 0xff, 0xd8, 0xcc, 0xc8, 0xff, 0xd0, 0xd0, 0xc8, 0xff,
    0xd8, 0xd0, 0xd0, 0xff, 0xd8, 0xcc, 0xc8, 0xff, 0xd0, 0xd0, 0xc8, 0xff,
    0xd8, 0xd0, 0xc8, 0xff, 0xd8, 0xcc, 0xd0, 0xff, 0xd0, 0xd0, 0xc8, 0xff,
    0xd8, 0xcc, 0xc8, 0xff, 0xd8, 0xcc, 0xd0, 0xff, 0xd0, 0xd0, 0xc8, 0xff,
    0xd8, 0xcc, 0xc8, 0xff, 0xd8, 0xcc, 0xd0, 0xff, 0xd0, 0xd0, 0xc8, 0xff,
    0xd8, 0xcc, 0xc8, 0xff, 0xd8, 0xcc, 0xd0, 0xff, 0xd0, 0xd0, 0xc8, 0xff,
    0xd8, 0xcc, 0xc8, 0xff, 0xd8, 0xd0, 0xd0, 0xff, 0xd0, 0xd0, 0xc8, 0xff,
    0xd8, 0xcc, 0xc8, 0xff, 0xd8, 0xd0, 0xd0, 0xff, 0xd0, 0xcc, 0xc8, 0xff,
    0xd8, 0xcc, 0xc8, 0xff, 0xd0, 0xd0, 0xd0, 0xff, 0xd8, 0xcc, 0xc8, 0xff,
    0xd8, 0xcc, 0xc8, 0xff, 0xd0, 0xd0, 0xd0, 0xff, 0xd8, 0xcc, 0xc8, 0xff,
    0xd8, 0xd0, 0xc8, 0xff, 0xd0, 0xd0, 0xd0, 0xff, 0xd8, 0xcc, 0xc8, 0xff,
    0xd8, 0xd0, 0xc8, 0xff, 0xd8, 0xcc, 0xd0, 0xff, 0xd0, 0xd0, 0xc8, 0xff,
    0xd8, 0xcc, 0xd0, 0xff, 0xd8, 0xd0, 0xc8, 0xff, 0xd0, 0xcc, 0xc8, 0xff,
    0xd8, 0xcc, 0xd0, 0xff, 0xd8, 0xd0, 0xc8, 0xff, 0xd0, 0xd0, 0xc8, 0xff,
    0xd8, 0xcc, 0xc8, 0xff, 0xd8, 0xd0, 0xd0, 0xff, 0xd0, 0xcc, 0xc8, 0xff,
    0xd8, 0xd0, 0xc8, 0xff, 0xd0, 0xcc, 0xd0, 0xff, 0xd8, 0xd0, 0xc8, 0xff,
    0xd0, 0xcc, 0xd0, 0xff, 0xd8, 0xd0, 0xc8, 0xff, 0xd8, 0xcc, 0xc8, 0xff,
    0xd0, 0xcc, 0xd0, 0xff, 0xd8, 0xd0, 0xc8, 0xff, 0xd0, 0xcc, 0xc8, 0xff,
    0xd8, 0xd0, 0xd0, 0xff, 0xd8, 0xd0, 0xc8, 0xff, 0xd0, 0xcc, 0xd0, 0xff,
    0xd8, 0xd0, 0xc8, 0xff, 0xd8, 0xd0, 0xc8, 0xff, 0xd0, 0xcc, 0xd0, 0xff,
    0xd8, 0xcc, 0xc8, 0xff, 0xd8, 0xd0, 0xc8, 0xff, 0xd8, 0xd0, 0xc8, 0xff,
    0xd0, 0xcc, 0xd0, 0xff, 0xd8, 0xd0, 0xc8, 0xff, 0xd0, 0xcc, 0xc8, 0xff,
    0xd8, 0xcc, 0xd0, 0xff, 0xd8, 0xd0, 0xc8, 0xff, 0xd0, 0xcc, 0xc8, 0xff,
    0xd8, 0xd0, 0xd0, 0xff, 0xd8, 0xcc, 0xc8, 0xff, 0xd0, 0xd0, 0xc8, 0xff,
    0xd8, 0xd0, 0xd0, 0xff, 0xd0, 0xcc, 0xc8, 0xff, 0xd8, 0xcc, 0xd0, 0xff,
    0xd0, 0xd0, 0xc8, 0xff, 0xd8, 0xcc, 0xc8, 0xff, 0xd8, 0xcc, 0xd0, 0xff,
    0xd0, 0xd0, 0xc8, 0xff, 0xd8, 0xcc, 0xc8, 0xff, 0xd0, 0xcc, 0xc8, 0xff,
    0xd8, 0xd0, 0xd0, 0xff, 0xd8, 0xcc, 0xc8, 0xff, 0xd0, 0xd0, 0xc8, 0xff,
    0xd8, 0xcc, 0xd0, 0xff, 0xd8, 0xd0, 0xc8, 0xff, 0xd0, 0xcc, 0xc8, 0xff,
    0xd8, 0xcc, 0xd0, 0xff, 0xd8, 0xd0, 0xc8, 0xff, 0xd8, 0xcc, 0xc8, 0xff,
    0xd0, 0xd0, 0xd0, 0xff, 0xd8, 0xd0, 0xc8, 0xff, 0xd0, 0xcc, 0xd0, 0xff,
    0xd8, 0xd0, 0xc8, 0xff, 0xd8, 0xd0, 0xc8, 0xff, 0xd0, 0xcc, 0xd0, 0xff,
    0xd8, 0xcc, 0xc8, 0xff, 0xd8, 0xd0, 0xc8, 0xff, 0xd0, 0xd0, 0xc8, 0xff,
    0xd8, 0xcc, 0xd0, 0xff, 0xd0, 0xd0, 0xc8, 0xff, 0xd8, 0xcc, 0xc8, 0xff,
    0xd0, 0xcc, 0xd0, 0xff, 0xd8, 0xd0, 0xc8, 0xff, 0xd8, 0xcc, 0xc8, 0xff,
    0xd0, 0xd0, 0xd0, 0xff, 0xd8, 0xcc, 0xc8, 0xff, 0xd0, 0xd0, 0xc8, 0xff,
    0xd8, 0xd0, 0xd0, 0xff, 0xd8, 0xcc, 0xc8, 0xff, 0xd0, 0xcc, 0xd0, 0xff,
    0xd8, 0xd0, 0xc8, 0xff, 0xd8, 0xcc, 0xc8, 0xff, 0xd0, 0xcc, 0xd0, 0xff,
    0xd8, 0xd0, 0xc8, 0xff, 0xd8, 0xcc, 0xc8, 0xff, 0xd8, 0xcc, 0xc8, 0xff,
    0xd0, 0xd0, 0xd0, 0xff, 0xd8, 0xcc, 0xc8, 0xff, 0xd0, 0xd0, 0xc8, 0xff,
    0xd8, 0xcc, 0xd0, 0xff, 0xd8, 0xd0, 0xc8, 0xff, 0xd0, 0xcc, 0xc8, 0xff,
    0xd8, 0xcc, 0xd0, 0xff, 0xd8, 0xd0, 0xc8, 0xff, 0xd0, 0xcc, 0xc8, 0xff,
    0xd8, 0xd0, 0xd0, 0xff, 0xd0, 0xd0, 0xc8, 0xff, 0xd8, 0xcc, 0xd0, 0xff,
    0xd0, 0xd0, 0xc8, 0xff, 0xd8, 0xd0, 0xc8, 0xff, 0xd8, 0xcc, 0xd0, 0xff,
    0xd0, 0xcc, 0xc8, 0xff, 0xd8, 0xd0, 0xc8, 0xff, 0xd0, 0xd0, 0xc8, 0xff,
    0xd8, 0xcc, 0xd0, 0xff, 0xd8, 0xd0, 0xc8, 0xff, 0xd0, 0xcc, 0xc8, 0xff,
    0xd8, 0xcc, 0xd0, 0xff, 0xd8, 0xd0, 0xc8, 0xff, 0xd0, 0xcc, 0xc8, 0xff,
    0xd8, 0xd0, 0xd0, 0xff, 0xd8, 0xcc, 0xc8, 0xff, 0xd8, 0xd0, 0xc8, 0xff,
    0xd0, 0xd0, 0xd0, 0xff, 0xd8, 0xcc, 0xc8, 0xff, 0xd0, 0xcc, 0xd0, 0xff,
    0xd8, 0xd0, 0xc8, 0xff, 0xd8, 0xcc, 0xc8, 0xff, 0xd0, 0xcc, 0xd0, 0xff,
    0xd8, 0xd0, 0xc8, 0xff, 0xd8, 0xcc, 0xc8, 0xff, 0xd0, 0xcc, 0xc8, 0xff,
    0xd8, 0xd0, 0xd0, 0xff, 0xd0, 0xcc, 0xc8, 0xff, 0xd8, 0xd0, 0xc8, 0xff,
    0xd0, 0xcc, 0xd0, 0xff, 0xd8, 0xd0, 0xc8, 0xff, 0xd8, 0xcc, 0xc8, 0xff,
    0xd0, 0xcc, 0xd0, 0xff, 0xd8, 0xd0, 0xc8, 0xff, 0xd0, 0xcc, 0xc8, 0xff,
    0xd8, 0xd0, 0xd0, 0xff, 0xd8, 0xd0, 0xc8, 0xff, 0xd0, 0xcc, 0xd0, 0xff,
    0xd8, 0xd0, 0xc8, 0xff, 0xd8, 0xd0, 0xc8, 0xff, 0xd0, 0xcc, 0xd0, 0xff,
    0xd8, 0xcc, 0xc8, 0xff, 0xd8, 0xd0, 0xc8, 0xff, 0xd8, 0xd0, 0xc8, 0xff,
    0xd0, 0xcc, 0xd0, 0xff, 0xd8, 0xd0, 0xc8, 0xff, 0xd0, 0xcc, 0xc8, 0xff,
    0xd8, 0xcc, 0xd0, 0xff, 0xd8, 0xd0, 0xc8, 0xff, 0xd0, 0xcc, 0xc8, 0xff,
    0xd8, 0xd0, 0xd0, 0xff, 0xd8, 0xcc, 0xc8, 0xff, 0xd0, 0xd0, 0xc8, 0xff,
    0xd8, 0xd0, 0xd0, 0xff, 0xd0, 0xcc, 0xc8, 0xff, 0xd8, 0xcc, 0xd0, 0xff,
    0xd0, 0xd0, 0xc8, 0xff, 0xd8, 0xcc, 0xc8, 0xff, 0xd8, 0xcc, 0xd0, 0xff,
    0xd0, 0xd0, 0xc8, 0xff, 0xd8, 0xcc, 0xc8, 0xff, 0xd0, 0xcc, 0xc8, 0xff,
    0xd8, 0xd0, 0xd0, 0xff, 0xd8, 0xcc, 0xc8, 0xff, 0xd0, 0xd0, 0xc8, 0xff,
    0xd8, 0xcc, 0xd0, 0xff, 0xd8, 0xd0, 0xc8, 0xff, 0xd0, 0xcc, 0xc8, 0xff,
    0xd8, 0xcc, 0xd0, 0xff, 0xd8, 0xd0, 0xc8, 0xff, 0xd8, 0xcc, 0xc8, 0xff,
    0xd0, 0xd0, 0xd0, 0xff, 0xd8, 0xd0, 0xc8, 0xff, 0xd0, 0xcc, 0xd0, 0xff,
    0xd8, 0xd0, 0xc8, 0xff, 0xd8, 0xd0, 0xc8, 0xff, 0xd0, 0xcc, 0xd0, 0xff,
    0xd8, 0xcc, 0xc8, 0xff, 0xd8, 0xd0, 0xc8, 0xff, 0xd0, 0xd0, 0xc8, 0xff,
    0xd8, 0xcc, 0xd0, 0xff, 0xd0, 0xd0, 0xc8, 0xff, 0xd8, 0xcc, 0xc8, 0xff,
    0xd0, 0xcc, 0xd0, 0xff, 0xd8, 0xd0, 0xc8, 0xff, 0xd8, 0xcc, 0xc8, 0xff,
    0xd0, 0xd0, 0xd0, 0xff, 0xd8, 0xcc, 0xc8, 0xff, 0xd0, 0xd0, 0xc8, 0xff,
    0xd8, 0xd0, 0xd0, 0xff, 0xd8, 0xcc, 0xc8, 0xff, 0xd0, 0xcc, 0xd0, 0xff,
    0xd8, 0xd0, 0xc8, 0xff, 0xd8, 0xcc, 0xc8, 0xff, 0xd0, 0xcc, 0xd0, 0xff,
    0xd8, 0xd0, 0xc8, 0xff, 0xd8, 0xcc, 0xc8, 0xff, 0xd8, 0xcc, 0xc8, 0xff,
    0xd0, 0xd0, 0xd0, 0xff, 0xd8, 0xcc, 0xc8, 0xff, 0xd0, 0xd0, 0xc8, 0xff,
    0xd8, 0xcc, 0xd0, 0xff, 0xd8, 0xd0, 0xc8, 0xff, 0xd0, 0xcc, 0xc8, 0xff,
    0xd8, 0xcc, 0xd0, 0xff, 0xd8, 0xd0, 0xc8, 0xff, 0xd0, 0xcc, 0xc8, 0xff,
    0xd8, 0xd0, 0xd0, 0xff, 0xd0, 0xd0, 0xc8, 0xff, 0xd8, 0xcc, 0xd0, 0xff,
    0xd0, 0xd0, 0xc8, 0xff, 0xd8, 0xd0, 0xc8, 0xff, 0xd8, 0xcc, 0xd0, 0xff,
    0xd0, 0xcc, 0xc8, 0xff, 0xd8, 0xd0, 0xc8, 0xff, 0xd0, 0xd0, 0xc8, 0xff,
    0xd8, 0xcc, 0xd0, 0xff, 0xd8, 0xd0, 0xc8, 0xff, 0xd0, 0xd0, 0xc8, 0xff,
    0xd8, 0xcc, 0xd0, 0xff, 0xd8, 0xcc, 0xc8, 0xff, 0xd0, 0xd0, 0xc8, 0xff,
    0xd8, 0xcc, 0xd0, 0xff, 0xd8, 0xcc, 0xc8, 0xff, 0xd8, 0xd0, 0xc8, 0xff,
    0xd0, 0xcc, 0xd0, 0xff, 0xd8, 0xd0, 0xc8, 0xff, 0xd0, 0xcc, 0xd0, 0xff,
    0xd8, 0xcc, 0xc8, 0xff, 0xd8, 0xd0, 0xc8, 0xff, 0xd0, 0xcc, 0xd0, 0xff,
    0xd8, 0xd0, 0xc8, 0xff, 0xd8, 0xcc, 0xc8, 0xff, 0xd0, 0xd0, 0xd0, 0xff,
    0xd8, 0xcc, 0xc8, 0xff, 0xd0, 0xcc, 0xd0, 0xff, 0xd8, 0xd0, 0xc8, 0xff,
    0xd8, 0xcc, 0xc8, 0xff, 0xd0, 0xd0, 0xd0, 0xff, 0xd8, 0xd0, 0xc8, 0xff,
    0xd0, 0xcc, 0xc8, 0xff, 0xd8, 0xcc, 0xd0, 0xff, 0xd0, 0xd0, 0xc8, 0xff,
    0xd8, 0xd0, 0xc8, 0xff, 0xd8, 0xd0, 0xd0, 0xff, 0xd0, 0xcc, 0xc8, 0xff,
    0xd8, 0xcc, 0xc8, 0xff, 0xd8, 0xd0, 0xd0, 0xff, 0xd0, 0xd0, 0xc8, 0xff,
    0xd8, 0xcc, 0xc8, 0xff, 0xd8, 0xd0, 0xd0, 0xff, 0xd0, 0xcc, 0xc8, 0xff,
    0xd8, 0xcc, 0xc8, 0xff, 0xd0, 0xd0, 0xd0, 0xff, 0xd8, 0xcc, 0xc8, 0xff,
    0xd0, 0xd0, 0xc8, 0xff, 0xd8, 0xcc, 0xd0, 0xff, 0xd8, 0xcc, 0xc8, 0xff,
    0xd0, 0xd0, 0xc8, 0xff, 0xd0, 0xcc, 0xd0, 0xff, 0xd8, 0xcc, 0xc8, 0xff,
    0xd0, 0xd0, 0xc8, 0xff, 0xd0, 0xd0, 0xd0, 0xff, 0xd8, 0xcc, 0xc8, 0xff,
    0xd8, 0xd0, 0xd0, 0xff, 0xd0, 0xcc, 0xc8, 0xff, 0xd8, 0xd0, 0xd0, 0xff,
    0xd0, 0xcc, 0xc8, 0xff, 0xd8, 0xcc, 0xd0, 0xff, 0xd8, 0xd0, 0xc8, 0xff,
    0xd0, 0xcc, 0xc8, 0xff, 0xd8, 0xcc, 0xd0, 0xff, 0xd8, 0xd0, 0xc8, 0xff,
    0xd0, 0xd0, 0xc8, 0xff, 0xd8, 0xcc, 0xc8, 0xff, 0xd8, 0xd0, 0xd0, 0xff,
    0xd0, 0xd0, 0xc8, 0xff, 0xd8, 0xcc, 0xd0, 0xff, 0xd8, 0xd0, 0xc8, 0xff,
    0xd0, 0xcc, 0xd0, 0xff, 0xd8, 0xd0, 0xc8, 0xff, 0xd8, 0xcc, 0xd0, 0xff,
    0xd0, 0xd0, 0xc8, 0xff, 0xd8, 0xcc, 0xc8, 0xff, 0xd8, 0xcc, 0xd0, 0xff,
    0xd0, 0xd0, 0xc8, 0xff, 0xd8, 0xcc, 0xd0, 0xff, 0xd0, 0xcc, 0xd0, 0xff,
    0xd0, 0xd0, 0xc8, 0xff, 0xd8, 0xcc, 0xc8, 0xff, 0xd0, 0xd0, 0xd0, 0xff,
    0xd8, 0xd0, 0xc8, 0xff, 0xd8, 0xcc, 0xd0, 0xff, 0xd0, 0xd0, 0xc8, 0xff,
    0xd8, 0xd0, 0xc8, 0xff, 0xd0, 0xcc, 0xd0, 0xff, 0xd8, 0xd0, 0xc8, 0xff,
    0xd8, 0xcc, 0xc8, 0xff, 0xd0, 0xcc, 0xd0, 0xff, 0xd8, 0xd0, 0xc8, 0xff,
    0xd8, 0xcc, 0xc8, 0xff, 0xd0, 0xd0, 0xd0, 0xff, 0xd8, 0xd0, 0xc8, 0xff,
    0xd8, 0xcc, 0xc8, 0xff, 0xd0, 0xcc, 0xd0, 0xff, 0xd0, 0xd0, 0xc8, 0xff,
    0xd8, 0xcc, 0xc8, 0xff, 0xd0, 0xd0, 0xd0, 0xff, 0xd8, 0xd0, 0xc8, 0xff,
    0xd8, 0xcc, 0xc8, 0xff, 0xd0, 0xcc, 0xd0, 0xff, 0xd0, 0xd0, 0xc8, 0xff,
    0xd8, 0xcc, 0xd0, 0xff, 0xd8, 0xcc, 0xc8, 0xff, 0xd0, 0xd0, 0xc8, 0xff,
    0xd8, 0xcc, 0xd0, 0xff, 0xd0, 0xd0, 0xc8, 0xff, 0xd8, 0xd0, 0xd0, 0xff,
    0xd8, 0xcc, 0xc8, 0xff, 0xd0, 0xd0, 0xd0, 0xff, 0xd8, 0xd0, 0xc8, 0xff,
    0xd0, 0xcc, 0xc8, 0xff, 0xd8, 0xd0, 0xd0, 0xff, 0xd0, 0xd0, 0xc8, 0xff,
    0xd8, 0xcc, 0xc8, 0xff, 0xd8, 0xd0, 0xd0, 0xff, 0xd0, 0xcc, 0xc8, 0xff,
    0xd8, 0xcc, 0xc8, 0xff, 0xd8, 0xd0, 0xd0, 0xff, 0xd0, 0xcc, 0xc8, 0xff,
    0xd8, 0xd0, 0xd0, 0xff, 0xd0, 0xd0, 0xc8, 0xff, 0xd8, 0xcc, 0xc8, 0xff,
    0xd8, 0xd0, 0xd0, 0xff, 0xd0, 0xd0, 0xc8, 0xff, 0xd8, 0xcc, 0xd0, 0xff,
    0xd8, 0xd0, 0xc8, 0xff, 0xd0, 0xcc, 0xd0, 0xff, 0xd8, 0xcc, 0xc8, 0xff,
    0xd0, 0xd0, 0xd0, 0xff, 0xd0, 0xcc, 0xc8, 0xff, 0xd8, 0xd0, 0xc8, 0xff,
    0xd0, 0xcc, 0xd0, 0xff, 0xd8, 0xd0, 0xc8, 0xff, 0xd8, 0xd0, 0xc8, 0xff,
    0xd0, 0xcc, 0xd0, 0xff, 0xd8, 0xd0, 0xc8, 0xff, 0xd0, 0xd0, 0xc8, 0xff,
    0xd8, 0xcc, 0xd0, 0xff, 0xd0, 0xcc, 0xd0, 0xff, 0xd8, 0xd0, 0xc8, 0xff,
    0xd8, 0xcc, 0xc8, 0xff, 0xd0, 0xd0, 0xd0, 0xff, 0xd8, 0xd0, 0xc8, 0xff,
    0xd8, 0xcc, 0xc8, 0xff, 0xd0, 0xcc, 0xd0, 0xff, 0xd8, 0xd0, 0xc8, 0xff,
    0xd8, 0xd0, 0xc8, 0xff, 0xd0, 0xcc, 0xd0, 0xff, 0xd8, 0xd0, 0xc8, 0xff,
    0xd8, 0xd0, 0xc8, 0xff, 0xd0, 0xcc, 0xd0, 0xff, 0xd8, 0xcc, 0xc8, 0xff,
    0xd8, 0xd0, 0xc8, 0xff, 0xd0, 0xcc, 0xd0, 0xff, 0xd0, 0xcc, 0xc8, 0xff,
    0xd8, 0xd0, 0xd0, 0xff, 0xd0, 0xd0, 0xc8, 0xff, 0xd0, 0xcc, 0xc8, 0xff,
    0xd8, 0xcc, 0xd0, 0xff, 0xd8, 0xd0, 0xc8, 0xff, 0xd0, 0xcc, 0xc8, 0xff,
    0xd8, 0xd0, 0xd0, 0xff, 0xd8, 0xd0, 0xc8, 0xff, 0xd0, 0xcc, 0xd0, 0xff,
    0xd8, 0xd0, 0xd0, 0xff, 0xd0, 0xcc, 0xc8, 0xff, 0xd8, 0xd0, 0xc8, 0xff,
    0xd8, 0xcc, 0xd0, 0xff, 0xd0, 0xd0, 0xc8, 0xff, 0xd8, 0xcc, 0xc8, 0xff,
    0xd8, 0xd0, 0xd0, 0xff, 0xd0, 0xcc, 0xc8, 0xff, 0xd8, 0xd0, 0xc8, 0xff,
    0xd8, 0xcc, 0xd0, 0xff, 0xd0, 0xd0, 0xc8, 0xff, 0xd8, 0xd0, 0xc8, 0xff,
    0xd8, 0xcc, 0xd0, 0xff, 0xd0, 0xd0, 0xc8, 0xff, 0xd8, 0xd0, 0xc8, 0xff,
    0xd8, 0xcc, 0xd0, 0xff, 0xd0, 0xcc, 0xc8, 0xff, 0xd0, 0xd0, 0xd0, 0xff,
    0xd8, 0xcc, 0xd0, 0xff, 0xd0, 0xd0, 0xc8, 0xff, 0xd0, 0xd0, 0xc8, 0xff,
    0xd8, 0xcc, 0xd0, 0xff, 0xd8, 0xd0, 0xc8, 0xff, 0xd0, 0xcc, 0xc8, 0xff,
    0xd8, 0xcc, 0xd0, 0xff, 0xd8, 0xd0, 0xc8, 0xff, 0xd0, 0xcc, 0xc8, 0xff,
    0xd8, 0xd0, 0xd0, 0xff, 0xd0, 0xcc, 0xc8, 0xff, 0xd8, 0xcc, 0xc8, 0xff,
    0xd8, 0xd0, 0xd0, 0xff, 0xd0, 0xcc, 0xc8, 0xff, 0xd8, 0xcc, 0xc8, 0xff,
    0xd8, 0xd0, 0xd0, 0xff, 0xd0, 0xd0, 0xc8, 0xff, 0xd8, 0xcc, 0xd0, 0xff,
    0xd8, 0xd0, 0xd0, 0xff, 0xd0, 0xcc, 0xc8, 0xff, 0xd8, 0xd0, 0xc8, 0xff,
    0xd8, 0xcc, 0xd0, 0xff, 0xd0, 0xd0, 0xc8, 0xff, 0xd8, 0xcc, 0xc8, 0xff,
    0xd8, 0xd0, 0xd0, 0xff, 0xd0, 0xcc, 0xc8, 0xff, 0xd0, 0xd0, 0xc8, 0xff,
    0xd8, 0xcc, 0xd0, 0xff, 0xd0, 0xd0, 0xc8, 0xff, 0xd0, 0xd0, 0xc8, 0xff,
    0xd8, 0xcc, 0xd0, 0xff, 0xd8, 0xd0, 0xc8, 0xff, 0xd0, 0xd0, 0xc8, 0xff,
    0xd8, 0xcc, 0xd0, 0xff, 0xd8, 0xcc, 0xc8, 0xff, 0xd0, 0xd0, 0xd0, 0xff,
    0xd8, 0xcc, 0xd0, 0xff, 0xd0, 0xd0, 0xc8, 0xff, 0xd8, 0xd0, 0xc8, 0xff,
    0xd8, 0xcc, 0xd0, 0xff, 0xd0, 0xd0, 0xc8, 0xff, 0xd8, 0xcc, 0xc8, 0xff,
    0xd8, 0xcc, 0xd0, 0xff, 0xd0, 0xd0, 0xc8, 0xff, 0xd8, 0xcc, 0xc8, 0xff,
    0xd8, 0xd0, 0xd0, 0xff, 0xd0, 0xcc, 0xc8, 0xff, 0xd8, 0xcc, 0xc8, 0xff,
    0xd8, 0xd0, 0xd0, 0xff, 0xd0, 0xcc, 0xc8, 0xff, 0xd8, 0xcc, 0xc8, 0xff,
    0xd8, 0xd0, 0xd0, 0xff, 0xd0, 0xd0, 0xc8, 0xff, 0xd0, 0xcc, 0xd0, 0xff,
    0xd8, 0xd0, 0xd0, 0xff, 0xd0, 0xcc, 0xc8, 0xff, 0xd0, 0xd0, 0xc8, 0xff,
    0xd8, 0xcc, 0xd0, 0xff, 0xd8, 0xd0, 0xc8, 0xff, 0xd0, 0xcc, 0xc8, 0xff,
    0xd8, 0xd0, 0xd0, 0xff, 0xd8, 0xcc, 0xc8, 0xff, 0xd0, 0xd0, 0xc8, 0xff,
    0xd8, 0xcc, 0xd0, 0xff, 0xd0, 0xd0, 0xc8, 0xff, 0xd8, 0xd0, 0xc8, 0xff,
    0xd8, 0xcc, 0xd0, 0xff, 0xd0, 0xd0, 0xc8, 0xff, 0xd8, 0xd0, 0xc8, 0xff,
    0xd8, 0xcc, 0xd0, 0xff, 0xd0, 0xcc, 0xc8, 0xff, 0xd8, 0xd0, 0xd0, 0xff,
    0xd8, 0xcc, 0xd0, 0xff, 0xd0, 0xd0, 0xc8, 0xff, 0xd8, 0xd0, 0xc8, 0xff,
    0xd8, 0xcc, 0xd0, 0xff, 0xd0, 0xd0, 0xc8, 0xff, 0xd8, 0xcc, 0xc8, 0xff,
    0xd8, 0xcc, 0xd0, 0xff, 0xd0, 0xd0, 0xc8, 0xff, 0xd0, 0xcc, 0xc8, 0xff,
    0xd8, 0xd0, 0xd0, 0xff, 0xd0, 0xcc, 0xc8, 0xff, 0xd0, 0xcc, 0xc8, 0xff,
    0xd8, 0xd0, 0xd0, 0xff, 0xd8, 0xcc, 0xc8, 0xff, 0xd0, 0xcc, 0xc8, 0xff,
    0xd8, 0xd0, 0xd0, 0xff, 0xd8, 0xd0, 0xc8, 0xff, 0xd0, 0xcc, 0xd0, 0xff,
    0xd8, 0xd0, 0xd0, 0xff, 0xd0, 0xcc, 0xc8, 0xff, 0xd8, 0xd0, 0xc8, 0xff,
    0xd8, 0xcc, 0xd0, 0xff, 0xd0, 0xd0, 0xc8, 0xff, 0xd8, 0xcc, 0xc8, 0xff,
    0xd8, 0xd0, 0xd0, 0xff, 0xd0, 0xcc, 0xc8, 0xff, 0xd8, 0xd0, 0xc8, 0xff,
    0xd8, 0xcc, 0xd0, 0xff, 0xd0, 0xd0, 0xc8, 0xff, 0xd8, 0xd0, 0xc8, 0xff,
    0xd8, 0xcc, 0xd0, 0xff, 0xd0, 0xd0, 0xc8, 0xff, 0xd8, 0xd0, 0xc8, 0xff,
    0xd8, 0xcc, 0xd0, 0xff, 0xd0, 0xcc, 0xc8, 0xff, 0xd0, 0xd0, 0xd0, 0xff,
    0xd8, 0xcc, 0xd0, 0xff, 0xd0, 0xd0, 0xc8, 0xff, 0xd0, 0xd0, 0xc8, 0xff,
    0xd8, 0xcc, 0xd0, 0xff, 0xd8, 0xd0, 0xc8, 0xff, 0xd0, 0xcc, 0xc8, 0xff,
    0xd8, 0xcc, 0xd0, 0xff, 0xd8, 0xd0, 0xc8, 0xff, 0xd0, 0xcc, 0xc8, 0xff,
    0xd8, 0xd0, 0xd0, 0xff, 0xd0, 0xcc, 0xc8, 0xff, 0xd8, 0xcc, 0xc8, 0xff,
    0xd8, 0xd0, 0xd0, 0xff, 0xd0, 0xcc, 0xc8, 0xff, 0xd8, 0xcc, 0xc8, 0xff,
    0xd8, 0xd0, 0xd0, 0xff, 0xd0, 0xd0, 0xc8, 0xff, 0xd8, 0xcc, 0xd0, 0xff,
    0xd8, 0xd0, 0xd0, 0xff, 0xd0, 0xcc, 0xc8, 0xff, 0xd8, 0xd0, 0xc8, 0xff,
    0xd8, 0xcc, 0xd0, 0xff, 0xd0, 0xd0, 0xc8, 0xff, 0xd8, 0xcc, 0xc8, 0xff,
    0xd8, 0xd0, 0xd0, 0xff, 0xd0, 0xcc, 0xc8, 0xff, 0xd0, 0xd0, 0xc8, 0xff,
    0xd8, 0xcc, 0xd0, 0xff, 0xd0, 0xd0, 0xc8, 0xff, 0xd0, 0xd0, 0xc8, 0xff,
    0xd8, 0xcc, 0xd0, 0xff, 0xd8, 0xd0, 0xc8, 0xff, 0xd0, 0xd0, 0xc8, 0xff,
    0xd8, 0xcc, 0xd0, 0xff, 0xd8, 0xcc, 0xc8, 0xff, 0xd0, 0xd0, 0xd0, 0xff,
    0xd8, 0xcc, 0xd0, 0xff, 0xd0, 0xd0, 0xc8, 0xff, 0xd8, 0xd0, 0xc8, 0xff,
    0xd8, 0xcc, 0xd0, 0xff, 0xd0, 0xd0, 0xc8, 0xff, 0xd8, 0xcc, 0xc8, 0xff,
    0xd8, 0xcc, 0xd0, 0xff, 0xd0, 0xd0, 0xc8, 0xff, 0xd8, 0xcc, 0xc8, 0xff,
    0xd8, 0xd0, 0xd0, 0xff, 0xd0, 0xcc, 0xc8, 0xff, 0xd8, 0xcc, 0xc8, 0xff,
    0xd8, 0xd0, 0xd0, 0xff, 0xd0, 0xcc, 0xc8, 0xff, 0xd8, 0xcc, 0xc8, 0xff,
    0xd8, 0xd0, 0xd0, 0xff, 0xd0, 0xcc, 0xc8, 0xff, 0xd0, 0xd0, 0xd0, 0xff,
    0xd8, 0xd0, 0xd0, 0xff, 0xd0, 0xcc, 0xc8, 0xff, 0xd0, 0xd0, 0xc8, 0xff,
    0xd8, 0xd0, 0xd0, 0xff, 0xd8, 0xcc, 0xc8, 0xff, 0xd0, 0xd0, 0xc8, 0xff,
    0xd8, 0xcc, 0xd0, 0xff, 0xd8, 0xd0, 0xc8, 0xff, 0xd0, 0xd0, 0xc8, 0xff,
    0xd8, 0xcc, 0xd0, 0xff, 0xd0, 0xd0, 0xc8, 0xff, 0xd8, 0xcc, 0xd0, 0xff,
    0xd8, 0xcc, 0xc8, 0xff, 0xd0, 0xd0, 0xc8, 0xff, 0xd8, 0xd0, 0xd0, 0xff,
    0xd8, 0xcc, 0xc8, 0xff, 0xd0, 0xd0, 0xc8, 0xff, 0xd8, 0xcc, 0xd0, 0xff,
    0xd8, 0xcc, 0xc8, 0xff, 0xd0, 0xd0, 0xd0, 0xff, 0xd8, 0xcc, 0xc8, 0xff,
    0xd8, 0xd0, 0xd0, 0xff, 0xd0, 0xcc, 0xc8, 0xff, 0xd8, 0xcc, 0xd0, 0xff,
    0xd0, 0xd0, 0xd0, 0xff, 0xd8, 0xcc, 0xc8, 0xff, 0xd8, 0xd0, 0xc8, 0xff,
    0xd0, 0xcc, 0xc8, 0xff, 0xd8, 0xcc, 0xd0, 0xff, 0xd8, 0xd0, 0xc8, 0xff,
    0xd8, 0xcc, 0xd0, 0xff, 0xd8, 0xd0, 0xc8, 0xff, 0xd0, 0xd0, 0xd0, 0xff,
    0xd8, 0xcc, 0xc8, 0xff, 0xd8, 0xd0, 0xc8, 0xff, 0xd0, 0xcc, 0xd0, 0xff,
    0xd8, 0xd0, 0xc8, 0xff, 0xd8, 0xcc, 0xd0, 0xff, 0xd0, 0xd0, 0xc8, 0xff,
    0xd8, 0xd0, 0xc8, 0xff, 0xd8, 0xcc, 0xd0, 0xff, 0xd8, 0xcc, 0xc8, 0xff,
    0xd8, 0xd0, 0xc8, 0xff, 0xd0, 0xcc, 0xd0, 0xff, 0xd8, 0xd0, 0xc8, 0xff,
    0xd8, 0xd0, 0xc8, 0xff, 0xd0, 0xcc, 0xd0, 0xff, 0xd8, 0xd0, 0xc8, 0xff,
    0xd8, 0xd0, 0xc8, 0xff, 0xd0, 0xcc, 0xd0, 0xff, 0xd0, 0xd0, 0xc8, 0xff,
    0xd8, 0xcc, 0xd0, 0xff, 0xd8, 0xd0, 0xc8, 0xff, 0xd0, 0xcc, 0xd0, 0xff,
    0xd8, 0xcc, 0xc8, 0xff, 0xd0, 0xd0, 0xc8, 0xff, 0xd8, 0xcc, 0xd0, 0xff,
    0xd0, 0xcc, 0xc8, 0xff, 0xd8, 0xd0, 0xc8, 0xff, 0xd0, 0xcc, 0xd0, 0xff,
    0xd8, 0xd0, 0xc8, 0xff, 0xd8, 0xcc, 0xc8, 0xff, 0xd0, 0xd0, 0xd0, 0xff,
    0xd8, 0xd0, 0xc8, 0xff, 0xd8, 0xcc, 0xc8, 0xff, 0xd0, 0xd0, 0xd0, 0xff,
    0xd8, 0xd0, 0xc8, 0xff, 0xd8, 0xcc, 0xc8, 0xff, 0xd0, 0xd0, 0xc8, 0xff,
    0xd8, 0xcc, 0xd0, 0xff, 0xd8, 0xcc, 0xc8, 0xff, 0xd0, 0xd0, 0xc8, 0xff,
    0xd8, 0xcc, 0xd0, 0xff, 0xd8, 0xcc, 0xc8, 0xff, 0xd0, 0xd0, 0xc8, 0xff,
    0xd8, 0xcc, 0xd0, 0xff, 0xd8, 0xd0, 0xc8, 0xff, 0xd0, 0xd0, 0xc8, 0xff,
    0xd8, 0xcc, 0xd0, 0xff, 0xd8, 0xd0, 0xc8, 0xff, 0xd0, 0xcc, 0xc8, 0xff,
    0xd8, 0xcc, 0xd0, 0xff, 0xd8, 0xd0, 0xc8, 0xff, 0xd0, 0xd0, 0xd0, 0xff,
    0xd8, 0xcc, 0xc8, 0xff, 0xd8, 0xd0, 0xd0, 0xff, 0xd8, 0xcc, 0xc8, 0xff,
    0xd0, 0xcc, 0xc8, 0xff, 0xd8, 0xd0, 0xd0, 0xff, 0xd8, 0xd0, 0xc8, 0xff,
    0xd0, 0xcc, 0xc8, 0xff, 0xd8, 0xd0, 0xd0, 0xff, 0xd8, 0xd0, 0xc8, 0xff,
    0xd0, 0xcc, 0xc8, 0xff, 0xd8, 0xd0, 0xd0, 0xff, 0xd8, 0xcc, 0xd0, 0xff,
    0xd0, 0xcc, 0xc8, 0xff, 0xd8, 0xd0, 0xc8, 0xff, 0xd8, 0xcc, 0xc8, 0xff,
    0xd0, 0xcc, 0xd0, 0xff, 0xd8, 0xd0, 0xc8, 0xff, 0xd8, 0xcc, 0xd0, 0xff,
    0xd0, 0xcc, 0xc8, 0xff, 0xd8, 0xd0, 0xd0, 0xff, 0xd8, 0xcc, 0xc8, 0xff,
    0xd0, 0xd0, 0xd0, 0xff, 0xd8, 0xd0, 0xc8, 0xff, 0xd0, 0xcc, 0xd0, 0xff,
    0xd8, 0xd0, 0xc8, 0xff, 0xd0, 0xcc, 0xc8, 0xff, 0xd8, 0xcc, 0xd0, 0xff,
    0xd8, 0xd0, 0xc8, 0xff, 0xd0, 0xcc, 0xc8, 0xff, 0xd8, 0xcc, 0xd0, 0xff,
    0xd8, 0xd0, 0xc8, 0xff, 0xd0, 0xcc, 0xc8, 0xff, 0xd8, 0xd0, 0xc8, 0xff,
    0xd0, 0xd0, 0xd0, 0xff, 0xd8, 0xcc, 0xc8, 0xff, 0xd8, 0xd0, 0xc8, 0xff,
    0xd8, 0xcc, 0xd0, 0xff, 0xd8, 0xcc, 0xc8, 0xff, 0xd0, 0xd0, 0xc8, 0xff,
    0xd8, 0xcc, 0xd0, 0xff, 0xd0, 0xcc, 0xc8, 0xff, 0xd8, 0xd0, 0xc8, 0xff,
    0xd8, 0xcc, 0xd0, 0xff, 0xd0, 0xcc, 0xc8, 0xff, 0xd8, 0xd0, 0xc8, 0xff,
    0xd8, 0xd0, 0xd0, 0xff, 0xd0, 0xcc, 0xc8, 0xff, 0xd8, 0xcc, 0xc8, 0xff,
    0xd0, 0xd0, 0xd0, 0xff, 0xd8, 0xcc, 0xc8, 0xff, 0xd8, 0xd0, 0xc8, 0xff,
    0xd0, 0xcc, 0xd0, 0xff, 0xd8, 0xd0, 0xc8, 0xff, 0xd8, 0xcc, 0xc8, 0xff,
    0xd0, 0xcc, 0xd0, 0xff, 0xd0, 0xd0, 0xc8, 0xff, 0xd8, 0xcc, 0xd0, 0xff,
    0xd8, 0xd0, 0xc8, 0xff, 0xd0, 0xcc, 0xd0, 0xff, 0xd8, 0xd0, 0xc8, 0xff,
    0xd8, 0xd0, 0xc8, 0xff, 0xd0, 0xcc, 0xd0, 0xff, 0xd8, 0xcc, 0xc8, 0xff,
    0xd8, 0xd0, 0xc8, 0xff, 0xd8, 0xcc, 0xd0, 0xff, 0xd8, 0xd0, 0xc8, 0xff,
    0xd0, 0xd0, 0xd0, 0xff, 0xd0, 0xcc, 0xc8, 0xff, 0xd8, 0xcc, 0xd0, 0xff,
    0xd8, 0xd0, 0xc8, 0xff, 0xd0, 0xcc, 0xc8, 0xff, 0xd8, 0xd0, 0xc8, 0xff,
    0xd8, 0xd0, 0xc8, 0xff, 0xd0, 0xcc, 0xd0, 0xff, 0xd8, 0xcc, 0xc8, 0xff,
    0xd0, 0xd0, 0xd0, 0xff, 0xd8, 0xcc, 0xc8, 0xff, 0xd8, 0xd0, 0xd0, 0xff,
    0xd0, 0xcc, 0xc8, 0xff, 0xd8, 0xd0, 0xc8, 0xff, 0xd8, 0xcc, 0xd0, 0xff,
    0xd0, 0xd0, 0xd0, 0xff, 0xd0, 0xcc, 0xc8, 0xff, 0xd8, 0xd0, 0xc8, 0xff,
    0xd8, 0xcc, 0xd0, 0xff, 0xd0, 0xd0, 0xd0, 0xff, 0xd8, 0xd0, 0xc8, 0xff,
    0xd8, 0xcc, 0xc8, 0xff, 0xd0, 0xd0, 0xd0, 0xff, 0xd8, 0xcc, 0xc8, 0xff,
    0xd8, 0xd0, 0xc8, 0xff, 0xd8, 0xcc, 0xd0, 0xff, 0xd8, 0xcc, 0xc8, 0xff,
    0xd0, 0xd0, 0xc8, 0xff, 0xd0, 0xd0, 0xd0, 0xff, 0xd8, 0xcc, 0xc8, 0xff,
    0xd8, 0xd0, 0xd0, 0xff, 0xd0, 0xcc, 0xc8, 0xff, 0xd8, 0xd0, 0xc8, 0xff,
    0xd8, 0xcc, 0xd0, 0xff, 0xd0, 0xd0, 0xc8, 0xff, 0xd8, 0xd0, 0xc8, 0xff,
    0xd0, 0xd0, 0xd0, 0xff, 0xd8, 0xcc, 0xd0, 0xff, 0xd8, 0xd0, 0xc8, 0xff,
    0xd0, 0xcc, 0xc8, 0xff, 0xd8, 0xcc, 0xd0, 0xff, 0xd8, 0xd0, 0xc8, 0xff,
    0xd0, 0xd0, 0xc8, 0xff, 0xd0, 0xcc, 0xd0, 0xff, 0xd8, 0xcc, 0xc8, 0xff,
    0xd8, 0xd0, 0xc8, 0xff, 0xd0, 0xcc, 0xd0, 0xff, 0xd8, 0xd0, 0xc8, 0xff,
    0xd8, 0xcc, 0xd0, 0xff, 0xd0, 0xd0, 0xc8, 0xff, 0xd8, 0xcc, 0xc8, 0xff,
    0xd8, 0xd0, 0xd0, 0xff, 0xd8, 0xcc, 0xc8, 0xff, 0xd8, 0xd0, 0xc8, 0xff,
    0xd0, 0xcc, 0xd0, 0xff, 0xd0, 0xd0, 0xd0, 0xff, 0xd8, 0xd0, 0xc8, 0xff,
    0xd8, 0xcc, 0xc8, 0xff, 0xd0, 0xd0, 0xd0, 0xff, 0xd8, 0xcc, 0xc8, 0xff,
    0xd8, 0xd0, 0xc8, 0xff, 0xd0, 0xcc, 0xd0, 0xff, 0xd8, 0xcc, 0xc8, 0xff,
    0xd0, 0xd0, 0xc8, 0xff, 0xd8, 0xd0, 0xd0, 0xff, 0xd8, 0xcc, 0xc8, 0xff,
    0xd0, 0xd0, 0xd0, 0xff, 0xd8, 0xcc, 0xc8, 0xff, 0xd8, 0xd0, 0xc8, 0xff,
    0xd0, 0xcc, 0xd0, 0xff, 0xd0, 0xd0, 0xc8, 0xff, 0xd8, 0xd0, 0xc8, 0xff,
    0xd8, 0xd0, 0xd0, 0xff, 0xd0, 0xcc, 0xd0, 0xff, 0xd8, 0xd0, 0xc8, 0xff,
    0xd8, 0xcc, 0xc8, 0xff, 0xd0, 0xcc, 0xd0, 0xff, 0xd8, 0xd0, 0xc8, 0xff,
    0xd8, 0xd0, 0xc8, 0xff, 0xd8, 0xcc, 0xd0, 0xff, 0xd8, 0xcc, 0xc8, 0xff,
    0xd0, 0xd0, 0xc8, 0xff, 0xd0, 0xcc, 0xd0, 0xff, 0xd8, 0xd0, 0xc8, 0xff,
    0xd8, 0xcc, 0xd0, 0xff, 0xd0, 0xd0, 0xc8, 0xff, 0xd8, 0xcc, 0xc8, 0xff,
    0xd8, 0xd0, 0xd0, 0xff, 0xd0, 0xcc, 0xc8, 0xff, 0xd8, 0xd0, 0xc8, 0xff,
    0xd0, 0xcc, 0xd0, 0xff, 0xd8, 0xd0, 0xd0, 0xff, 0xd8, 0xd0, 0xc8, 0xff,
    0xd0, 0xcc, 0xc8, 0xff, 0xd8, 0xd0, 0xd0, 0xff, 0xd8, 0xcc, 0xc8, 0xff,
    0xd0, 0xd0, 0xc8, 0xff, 0xd0, 0xcc, 0xd0, 0xff, 0xd8, 0xcc, 0xc8, 0xff,
    0xd8, 0xd0, 0xc8, 0xff, 0xd0, 0xd0, 0xd0, 0xff, 0xd8, 0xcc, 0xc8, 0xff,
    0xd8, 0xd0, 0xd0, 0xff, 0xd0, 0xcc, 0xc8, 0xff, 0xd8, 0xd0, 0xc8, 0xff,
    0xd8, 0xcc, 0xd0, 0xff, 0xd8, 0xd0, 0xc8, 0xff, 0xd8, 0xd0, 0xc8, 0xff,
    0xd0, 0xd0, 0xd0, 0xff, 0xd0, 0xcc, 0xd0, 0xff, 0xd8, 0xd0, 0xc8, 0xff,
    0xd8, 0xcc, 0xc8, 0xff, 0xd0, 0xcc, 0xd0, 0xff, 0xd8, 0xd0, 0xc8, 0xff,
    0xd8, 0xd0, 0xc8, 0xff, 0xd0, 0xcc, 0xd0, 0xff, 0xd8, 0xcc, 0xc8, 0xff,
    0xd0, 0xd0, 0xc8, 0xff, 0xd8, 0xcc, 0xd0, 0xff, 0xd8, 0xd0, 0xc8, 0xff,
    0xd0, 0xcc, 0xd0, 0xff, 0xd8, 0xd0, 0xc8, 0xff, 0xd8, 0xcc, 0xc8, 0xff,
    0xd0, 0xd0, 0xd0, 0xff, 0xd0, 0xcc, 0xc8, 0xff, 0xd8, 0xd0, 0xc8, 0xff,
    0xd8, 0xcc, 0xd0, 0xff, 0xd0, 0xd0, 0xd0, 0xff, 0xd8, 0xd0, 0xc8, 0xff,
    0xd8, 0xcc, 0xc8, 0xff, 0xd0, 0xd0, 0xd0, 0xff, 0xd8, 0xcc, 0xc8, 0xff,
    0xd8, 0xd0, 0xc8, 0xff, 0xd8, 0xcc, 0xd0, 0xff, 0xd8, 0xcc, 0xc8, 0xff,
    0xd0, 0xd0, 0xc8, 0xff, 0xd0, 0xd0, 0xd0, 0xff, 0xd8, 0xcc, 0xc8, 0xff,
    0xd8, 0xd0, 0xd0, 0xff, 0xd0, 0xcc, 0xc8, 0xff, 0xd8, 0xd0, 0xc8, 0xff,
    0xd8, 0xcc, 0xd0, 0xff, 0xd0, 0xd0, 0xc8, 0xff, 0xd8, 0xd0, 0xc8, 0xff,
    0xd0, 0xd0, 0xd0, 0xff, 0xd8, 0xcc, 0xd0, 0xff, 0xd8, 0xd0, 0xc8, 0xff,
    0xd0, 0xcc, 0xc8, 0xff, 0xd8, 0xcc, 0xd0, 0xff, 0xd8, 0xd0, 0xc8, 0xff,
    0xd0, 0xd0, 0xc8, 0xff, 0xd0, 0xcc, 0xd0, 0xff, 0xd8, 0xcc, 0xc8, 0xff,
    0xd8, 0xd0, 0xc8, 0xff, 0xd0, 0xcc, 0xd0, 0xff, 0xd8, 0xd0, 0xc8, 0xff,
    0xd8, 0xcc, 0xd0, 0xff, 0xd0, 0xd0, 0xc8, 0xff, 0xd8, 0xcc, 0xc8, 0xff,
    0xd8, 0xd0, 0xd0, 0xff, 0xd8, 0xcc, 0xc8, 0xff, 0xd8, 0xd0, 0xc8, 0xff,
    0xd0, 0xcc, 0xd0, 0xff, 0xd0, 0xd0, 0xd0, 0xff, 0xd8, 0xd0, 0xc8, 0xff,
    0xd8, 0xcc, 0xc8, 0xff, 0xd0, 0xd0, 0xd0, 0xff, 0xd8, 0xcc, 0xc8, 0xff,
    0xd8, 0xd0, 0xc8, 0xff, 0xd0, 0xcc, 0xd0, 0xff, 0xd8, 0xcc, 0xc8, 0xff,
    0xd0, 0xd0, 0xc8, 0xff, 0xd8, 0xd0, 0xd0, 0xff, 0xd8, 0xcc, 0xc8, 0xff,
    0xd0, 0xd0, 0xd0, 0xff, 0xd8, 0xcc, 0xc8, 0xff, 0xd8, 0xd0, 0xc8, 0xff,
    0xd0, 0xcc, 0xd0, 0xff, 0xd0, 0xd0, 0xc8, 0xff, 0xd8, 0xd0, 0xc8, 0xff,
    0xd8, 0xd0, 0xd0, 0xff, 0xd0, 0xcc, 0xd0, 0xff, 0xd8, 0xd0, 0xc8, 0xff,
    0xd8, 0xcc, 0xc8, 0xff, 0xd0, 0xcc, 0xd0, 0xff, 0xd8, 0xd0, 0xc8, 0xff,
    0xd8, 0xcc, 0xc8, 0xff, 0xd8, 0xcc, 0xd0, 0xff, 0xd8, 0xd0, 0xc8, 0xff,
    0xd0, 0xcc, 0xc8, 0xff, 0xd0, 0xd0, 0xd0, 0xff, 0xd8, 0xcc, 0xc8, 0xff,
    0xd8, 0xd0, 0xd0, 0xff, 0xd0, 0xcc, 0xc8, 0xff, 0xd8, 0xd0, 0xc8, 0xff,
    0xd8, 0xd0, 0xd0, 0xff, 0xd0, 0xcc, 0xc8, 0xff, 0xd8, 0xd0, 0xc8, 0xff,
    0xd0, 0xd0, 0xd0, 0xff, 0xd0, 0xcc, 0xc8, 0xff, 0xd8, 0xcc, 0xd0, 0xff,
    0xd8, 0xd0, 0xc8, 0xff, 0xd0, 0xd0, 0xc8, 0xff, 0xd8, 0xcc, 0xd0, 0xff,
    0xd0, 0xd0, 0xc8, 0xff, 0xd8, 0xcc, 0xc8, 0xff, 0xd8, 0xd0, 0xd0, 0xff,
    0xd0, 0xd0, 0xc8, 0xff, 0xd8, 0xcc, 0xc8, 0xff, 0xd8, 0xd0, 0xc8, 0xff,
    0xd0, 0xcc, 0xd0, 0xff, 0xd8, 0xcc, 0xc8, 0xff, 0xd8, 0xd0, 0xc8, 0xff,
    0xd8, 0xd0, 0xc8, 0xff, 0xd0, 0xcc, 0xc8, 0xff, 0xd0, 0xcc, 0xd0, 0xff,
    0xd8, 0xd0, 0xc8, 0xff, 0xd0, 0xcc, 0xc8, 0xff, 0xd8, 0xcc, 0xd0, 0xff,
    0xd8, 0xd0, 0xc8, 0xff, 0xd0, 0xcc, 0xc8, 0xff, 0xd8, 0xd0, 0xd0, 0xff,
    0xd8, 0xcc, 0xc8, 0xff, 0xd0, 0xd0, 0xc8, 0xff, 0xd8, 0xcc, 0xd0, 0xff,
    0xd8, 0xd0, 0xc8, 0xff, 0xd0, 0xd0, 0xd0, 0xff, 0xd8, 0xcc, 0xc8, 0xff,
    0xd8, 0xd0, 0xd0, 0xff, 0xd0, 0xcc, 0xc8, 0xff, 0xd8, 0xcc, 0xc8, 0xff,
    0xd8, 0xd0, 0xd0, 0xff, 0xd0, 0xcc, 0xc8, 0xff, 0xd8, 0xcc, 0xc8, 0xff,
    0xd8, 0xd0, 0xd0, 0xff, 0xd0, 0xcc, 0xc8, 0xff, 0xd8, 0xd0, 0xc8, 0xff,
    0xd8, 0xd0, 0xc8, 0xff, 0xd0, 0xcc, 0xd0, 0xff, 0xd8, 0xd0, 0xc8, 0xff,
    0xd8, 0xcc, 0xd0, 0xff, 0xd0, 0xd0, 0xc8, 0xff, 0xd8, 0xd0, 0xc8, 0xff,
    0xd8, 0xcc, 0xd0, 0xff, 0xd0, 0xd0, 0xc8, 0xff, 0xd8, 0xd0, 0xc8, 0xff,
    0xd8, 0xcc, 0xd0, 0xff, 0xd0, 0xcc, 0xc8, 0xff, 0xd8, 0xd0, 0xc8, 0xff,
    0xd8, 0xcc, 0xd0, 0xff, 0xd0, 0xcc, 0xc8, 0xff, 0xd8, 0xd0, 0xc8, 0xff,
    0xd8, 0xcc, 0xd0, 0xff, 0xd0, 0xd0, 0xc8, 0xff, 0xd8, 0xd0, 0xc8, 0xff,
    0xd8, 0xcc, 0xd0, 0xff, 0xd0, 0xd0, 0xc8, 0xff, 0xd8, 0xd0, 0xc8, 0xff,
    0xd8, 0xcc, 0xd0, 0xff, 0xd0, 0xd0, 0xc8, 0xff, 0xd8, 0xcc, 0xd0, 0xff,
    0xd8, 0xcc, 0xc8, 0xff, 0xd0, 0xd0, 0xc8, 0xff, 0xd8, 0xcc, 0xd0, 0xff,
    0xd0, 0xd0, 0xd0, 0xff, 0xd8, 0xd0, 0xc8, 0xff, 0xd0, 0xcc, 0xc8, 0xff,
    0xd8, 0xd0, 0xd0, 0xff, 0xd8, 0xcc, 0xc8, 0xff, 0xd0, 0xcc, 0xc8, 0xff,
    0xd0, 0xd0, 0xd0, 0xff, 0xd8, 0xd0, 0xc8, 0xff, 0xd8, 0xcc, 0xd0, 0xff,
    0xd0, 0xd0, 0xc8, 0xff, 0xd8, 0xcc, 0xd0, 0xff, 0xd0, 0xcc, 0xc8, 0xff,
    0xd8, 0xd0, 0xd0, 0xff, 0xd8, 0xcc, 0xc8, 0xff, 0xd0, 0xcc, 0xc8, 0xff,
    0xd8, 0xd0, 0xd0, 0xff, 0xd0, 0xd0, 0xc8, 0xff, 0xd8, 0xcc, 0xc8, 0xff,
    0xd8, 0xd0, 0xd0, 0xff, 0xd0, 0xd0, 0xc8, 0xff, 0xd8, 0xcc, 0xc8, 0xff,
    0xd0, 0xd0, 0xd0, 0xff, 0xd8, 0xd0, 0xc8, 0xff, 0xd8, 0xcc, 0xc8, 0xff,
    0xd0, 0xd0, 0xd0, 0xff, 0xd8, 0xcc, 0xc8, 0xff, 0xd8, 0xcc, 0xc8, 0xff,
    0xd0, 0xd0, 0xc8, 0xff, 0xd8, 0xcc, 0xd0, 0xff, 0xd8, 0xd0, 0xc8, 0xff,
    0xd0, 0xd0, 0xd0, 0xff, 0xd8, 0xcc, 0xc8, 0xff, 0xd8, 0xd0, 0xc8, 0xff,
    0xd0, 0xd0, 0xd0, 0xff, 0xd8, 0xcc, 0xc8, 0xff, 0xd0, 0xd0, 0xd0, 0xff,
    0xd8, 0xcc, 0xc8, 0xff, 0xd8, 0xcc, 0xd0, 0xff, 0xd0, 0xd0, 0xc8, 0xff,
    0xd8, 0xcc, 0xc8, 0xff, 0xd0, 0xd0, 0xd0, 0xff, 0xd0, 0xd0, 0xc8, 0xff,
    0xd8, 0xcc, 0xc8, 0xff, 0xd8, 0xd0, 0xd0, 0xff, 0xd8, 0xd0, 0xc8, 0xff,
    0xd0, 0xcc, 0xd0, 0xff, 0xd8, 0xd0, 0xc8, 0xff, 0xd0, 0xd0, 0xd0, 0xff,
    0xd8, 0xcc, 0xc8, 0xff, 0xd8, 0xcc, 0xd0, 0xff, 0xd0, 0xd0, 0xc8, 0xff,
    0xd8, 0xd0, 0xc8, 0xff, 0xd8, 0xcc, 0xd0, 0xff, 0xd0, 0xd0, 0xc8, 0xff,
    0xd8, 0xd0, 0xd0, 0xff, 0xd0, 0xcc, 0xc8, 0xff, 0xd8, 0xcc, 0xd0, 0xff,
    0xd0, 0xd0, 0xc8, 0xff, 0xd8, 0xd0, 0xc8, 0xff, 0xd8, 0xcc, 0xd0, 0xff,
    0xd0, 0xd0, 0xc8, 0xff, 0xd8, 0xcc, 0xc8, 0xff, 0xd8, 0xcc, 0xd0, 0xff,
    0xd0, 0xd0, 0xc8, 0xff, 0xd8, 0xcc, 0xc8, 0xff, 0xd0, 0xd0, 0xd0, 0xff,
    0xd8, 0xcc, 0xc8, 0xff, 0xd8, 0xd0, 0xc8, 0xff, 0xd0, 0xd0, 0xd0, 0xff,
    0xd8, 0xcc, 0xc8, 0xff, 0xd8, 0xcc, 0xc8, 0xff, 0xd0, 0xd0, 0xd0, 0xff,
    0xd8, 0xd0, 0xc8, 0xff, 0xd8, 0xcc, 0xc8, 0xff, 0xd0, 0xd0, 0xd0, 0xff,
    0xd8, 0xcc, 0xc8, 0xff, 0xd0, 0xcc, 0xd0, 0xff, 0xd8, 0xd0, 0xc8, 0xff,
    0xd8, 0xcc, 0xc8, 0xff, 0xd0, 0xd0, 0xd0, 0xff, 0xd8, 0xd0, 0xc8, 0xff,
    0xd8, 0xcc, 0xc8, 0xff, 0xd0, 0xd0, 0xd0, 0xff, 0xd8, 0xcc, 0xc8, 0xff,
    0xd0, 0xd0, 0xc8, 0xff, 0xd8, 0xcc, 0xd0, 0xff, 0xd8, 0xd0, 0xc8, 0xff,
    0xd0, 0xcc, 0xc8, 0xff, 0xd8, 0xd0, 0xd0, 0xff, 0xd8, 0xcc, 0xc8, 0xff,
    0xd0, 0xcc, 0xc8, 0xff, 0xd8, 0xcc, 0xd0, 0xff, 0xd0, 0xd0, 0xc8, 0xff,
    0xd8, 0xcc, 0xc8, 0xff, 0xd8, 0xd0, 0xd0, 0xff, 0xd0, 0xd0, 0xc8, 0xff,
    0xd8, 0xcc, 0xc8, 0xff, 0xd8, 0xd0, 0xd0, 0xff, 0xd0, 0xcc, 0xc8, 0xff,
    0xd8, 0xcc, 0xc8, 0xff, 0xd8, 0xd0, 0xd0, 0xff, 0xd0, 0xcc, 0xc8, 0xff,
    0xd8, 0xd0, 0xc8, 0xff, 0xd0, 0xd0, 0xd0, 0xff, 0xd8, 0xcc, 0xc8, 0xff,
    0xd8, 0xcc, 0xd0, 0xff, 0xd0, 0xd0, 0xd0, 0xff, 0xd8, 0xcc, 0xc8, 0xff,
    0xd8, 0xcc, 0xc8, 0xff, 0xd0, 0xd0, 0xd0, 0xff, 0xd8, 0xd0, 0xc8, 0xff,
    0xd0, 0xcc, 0xc8, 0xff, 0xd8, 0xd0, 0xd0, 0xff, 0xd8, 0xcc, 0xc8, 0xff,
    0xd0, 0xd0, 0xc8, 0xff, 0xd8, 0xd0, 0xd0, 0xff, 0xd8, 0xcc, 0xc8, 0xff,
    0xd0, 0xd0, 0xc8, 0xff, 0xd8, 0xd0, 0xd0, 0xff, 0xd0, 0xcc, 0xc8, 0xff,
    0xd8, 0xd0, 0xc8, 0xff, 0xd8, 0xcc, 0xd0, 0xff, 0xd0, 0xd0, 0xc8, 0xff,
    0xd8, 0xcc, 0xd0, 0xff, 0xd8, 0xd0, 0xd0, 0xff, 0xd0, 0xcc, 0xc8, 0xff,
    0xd8, 0xcc, 0xc8, 0xff, 0xd8, 0xcc, 0xd0, 0xff, 0xd0, 0xd0, 0xc8, 0xff,
    0xd8, 0xcc, 0xc8, 0xff, 0xd0, 0xd0, 0xd0, 0xff, 0xd8, 0xd0, 0xc8, 0xff,
    0xd8, 0xcc, 0xc8, 0xff, 0xd0, 0xd0, 0xd0, 0xff, 0xd8, 0xcc, 0xc8, 0xff,
    0xd8, 0xcc, 0xc8, 0xff, 0xd0, 0xd0, 0xd0, 0xff, 0xd8, 0xcc, 0xc8, 0xff,
    0xd0, 0xd0, 0xc8, 0xff, 0xd8, 0xd0, 0xd0, 0xff, 0xd8, 0xcc, 0xc8, 0xff,
    0xd0, 0xcc, 0xd0, 0xff, 0xd8, 0xd0, 0xd0, 0xff, 0xd8, 0xcc, 0xc8, 0xff,
    0xd0, 0xcc, 0xc8, 0xff, 0xd8, 0xd0, 0xd0, 0xff, 0xd0, 0xd0, 0xc8, 0xff,
    0xd8, 0xcc, 0xc8, 0xff, 0xd8, 0xd0, 0xd0, 0xff, 0xd0, 0xcc, 0xc8, 0xff,
    0xd8, 0xd0, 0xc8, 0xff, 0xd8, 0xd0, 0xd0, 0xff, 0xd0, 0xcc, 0xc8, 0xff,
    0xd8, 0xd0, 0xc8, 0xff, 0xd8, 0xd0, 0xd0, 0xff, 0xd0, 0xcc, 0xc8, 0xff,
    0xd8, 0xd0, 0xc8, 0xff, 0xd0, 0xcc, 0xd0, 0xff, 0xd8, 0xd0, 0xc8, 0xff,
    0xd8, 0xcc, 0xd0, 0xff, 0xd0, 0xd0, 0xd0, 0xff, 0xd8, 0xcc, 0xc8, 0xff,
    0xd8, 0xcc, 0xc8, 0xff, 0xd0, 0xcc, 0xd0, 0xff, 0xd8, 0xd0, 0xc8, 0xff,
    0xd0, 0xcc, 0xc8, 0xff, 0xd8, 0xd0, 0xd0, 0xff, 0xd8, 0xd0, 0xc8, 0xff,
    0xd0, 0xcc, 0xc8, 0xff, 0xd8, 0xd0, 0xd0, 0xff, 0xd8, 0xcc, 0xc8, 0xff,
    0xd0, 0xcc, 0xc8, 0xff, 0xd8, 0xd0, 0xd0, 0xff, 0xd0, 0xcc, 0xc8, 0xff,
    0xd8, 0xd0, 0xc8, 0xff, 0xd8, 0xd0, 0xd0, 0xff, 0xd0, 0xcc, 0xc8, 0xff,
    0xd8, 0xcc, 0xd0, 0xff, 0xd8, 0xd0, 0xd0, 0xff, 0xd0, 0xcc, 0xc8, 0xff,
    0xd8, 0xcc, 0xc8, 0xff, 0xd8, 0xd0, 0xd0, 0xff, 0xd0, 0xd0, 0xc8, 0xff,
    0xd8, 0xcc, 0xc8, 0xff, 0xd0, 0xd0, 0xd0, 0xff, 0xd8, 0xcc, 0xc8, 0xff,
    0xd8, 0xd0, 0xc8, 0xff, 0xd0, 0xd0, 0xd0, 0xff, 0xd8, 0xcc, 0xc8, 0xff,
    0xd8, 0xd0, 0xc8, 0xff, 0xd0, 0xd0, 0xd0, 0xff, 0xd8, 0xcc, 0xc8, 0xff,
    0xd0, 0xd0, 0xc8, 0xff, 0xd8, 0xcc, 0xd0, 0xff, 0xd8, 0xd0, 0xc8, 0xff,
    0xd0, 0xcc, 0xd0, 0xff, 0xd8, 0xd0, 0xd0, 0xff, 0xd8, 0xcc, 0xc8, 0xff,
    0xd0, 0xcc, 0xc8, 0xff, 0xd8, 0xcc, 0xd0, 0xff, 0xd0, 0xd0, 0xc8, 0xff,
    0xd8, 0xcc, 0xc8, 0xff, 0xd8, 0xd0, 0xd0, 0xff, 0xd0, 0xd0, 0xc8, 0xff,
    0xd8, 0xcc, 0xc8, 0xff, 0xd8, 0xd0, 0xd0, 0xff, 0xd0, 0xcc, 0xc8, 0xff,
    0xd8, 0xcc, 0xc8, 0xff, 0xd8, 0xd0, 0xd0, 0xff, 0xd0, 0xcc, 0xc8, 0xff,
    0xd8, 0xd0, 0xc8, 0xff, 0xd0, 0xd0, 0xd0, 0xff, 0xd8, 0xcc, 0xc8, 0xff,
    0xd8, 0xcc, 0xd0, 0xff, 0xd0, 0xd0, 0xd0, 0xff, 0xd8, 0xcc, 0xc8, 0xff,
    0xd8, 0xcc, 0xc8, 0xff, 0xd0, 0xd0, 0xd0, 0xff, 0xd8, 0xd0, 0xc8, 0xff,
    0xd0, 0xcc, 0xc8, 0xff, 0xd8, 0xd0, 0xd0, 0xff, 0xd8, 0xcc, 0xc8, 0xff,
    0xd0, 0xd0, 0xc8, 0xff, 0xd8, 0xd0, 0xd0, 0xff, 0xd8, 0xcc, 0xc8, 0xff,
    0xd0, 0xd0, 0xc8, 0xff, 0xd8, 0xd0, 0xd0, 0xff, 0xd0, 0xcc, 0xc8, 0xff,
    0xd8, 0xd0, 0xc8, 0xff, 0xd8, 0xcc, 0xd0, 0xff, 0xd0, 0xd0, 0xc8, 0xff,
    0xd8, 0xcc, 0xd0, 0xff, 0xd8, 0xd0, 0xd0, 0xff, 0xd0, 0xcc, 0xc8, 0xff,
    0xd8, 0xcc, 0xc8, 0xff, 0xd8, 0xcc, 0xd0, 0xff, 0xd0, 0xd0, 0xc8, 0xff,
    0xd8, 0xcc, 0xc8, 0xff, 0xd0, 0xd0, 0xd0, 0xff, 0xd8, 0xd0, 0xc8, 0xff,
    0xd8, 0xcc, 0xc8, 0xff, 0xd0, 0xd0, 0xd0, 0xff, 0xd8, 0xcc, 0xc8, 0xff,
    0xd8, 0xcc, 0xc8, 0xff, 0xd0, 0xd0, 0xd0, 0xff, 0xd8, 0xcc, 0xc8, 0xff,
    0xd0, 0xd0, 0xc8, 0xff, 0xd8, 0xd0, 0xd0, 0xff, 0xd8, 0xcc, 0xc8, 0xff,
    0xd0, 0xcc, 0xd0, 0xff, 0xd8, 0xd0, 0xd0, 0xff, 0xd8, 0xcc, 0xc8, 0xff,
    0xd0, 0xcc, 0xc8, 0xff, 0xd8, 0xd0, 0xd0, 0xff, 0xd0, 0xd0, 0xc8, 0xff,
    0xd8, 0xcc, 0xc8, 0xff, 0xd8, 0xd0, 0xd0, 0xff, 0xd0, 0xd0, 0xc8, 0xff,
    0xd8, 0xcc, 0xc8, 0xff, 0xd8, 0xd0, 0xd0, 0xff, 0xd0, 0xcc, 0xc8, 0xff,
    0xd8, 0xd0, 0xc8, 0xff, 0xd8, 0xcc, 0xd0, 0xff, 0xd0, 0xd0, 0xc8, 0xff,
    0xd8, 0xcc, 0xc8, 0xff, 0xd0, 0xcc, 0xd0, 0xff, 0xd8, 0xcc, 0xc8, 0xff,
    0xd8, 0xd0, 0xd0, 0xff, 0xd0, 0xcc, 0xc8, 0xff, 0xd8, 0xcc, 0xc8, 0xff,
    0xd8, 0xd0, 0xd0, 0xff, 0xd8, 0xcc, 0xc8, 0xff, 0xd0, 0xd0, 0xc8, 0xff,
    0xd8, 0xcc, 0xd0, 0xff, 0xd8, 0xd0, 0xc8, 0xff, 0xd0, 0xd0, 0xd0, 0xff,
    0xd8, 0xcc, 0xc8, 0xff, 0xd8, 0xcc, 0xc8, 0xff, 0xd0, 0xd0, 0xd0, 0xff,
    0xd8, 0xcc, 0xc8, 0xff, 0xd8, 0xd0, 0xc8, 0xff, 0xd0, 0xd0, 0xd0, 0xff,
    0xd8, 0xcc, 0xc8, 0xff, 0xd0, 0xd0, 0xc8, 0xff, 0xd0, 0xcc, 0xd0, 0xff,
    0xd8, 0xd0, 0xc8, 0xff, 0xd8, 0xd0, 0xd0, 0xff, 0xd0, 0xcc, 0xc8, 0xff,
    0xd8, 0xd0, 0xc8, 0xff, 0xd8, 0xd0, 0xd0, 0xff, 0xd0, 0xcc, 0xc8, 0xff,
    0xd8, 0xd0, 0xd0, 0xff, 0xd0, 0xcc, 0xc8, 0xff, 0xd8, 0xd0, 0xc8, 0xff,
    0xd0, 0xd0, 0xd0, 0xff, 0xd0, 0xcc, 0xc8, 0xff, 0xd8, 0xcc, 0xc8, 0xff,
    0xd0, 0xd0, 0xd0, 0xff, 0xd0, 0xcc, 0xc8, 0xff, 0xd8, 0xd0, 0xc8, 0xff,
    0xd0, 0xd0, 0xd0, 0xff, 0xd8, 0xcc, 0xc8, 0xff, 0xd8, 0xd0, 0xc8, 0xff,
    0xd0, 0xcc, 0xd0, 0xff, 0xd8, 0xd0, 0xc8, 0xff, 0xd0, 0xcc, 0xc8, 0xff,
    0xd8, 0xcc, 0xd0, 0xff, 0xd8, 0xd0, 0xc8, 0xff, 0xd0, 0xcc, 0xd0, 0xff,
    0xd8, 0xcc, 0xc8, 0xff, 0xd0, 0xd0, 0xc8, 0xff, 0xd8, 0xd0, 0xd0, 0xff,
    0xd8, 0xcc, 0xc8, 0xff, 0xd0, 0xcc, 0xd0, 0xff, 0xd8, 0xd0, 0xc8, 0xff,
    0xd8, 0xcc, 0xd0, 0xff, 0xd0, 0xcc, 0xc8, 0xff, 0xd8, 0xd0, 0xc8, 0xff,
    0xd0, 0xcc, 0xd0, 0xff, 0xd8, 0xd0, 0xc8, 0xff, 0xd8, 0xd0, 0xd0, 0xff,
    0xd0, 0xcc, 0xc8, 0xff, 0xd0, 0xd0, 0xd0, 0xff, 0xd8, 0xcc, 0xc8, 0xff,
    0xd8, 0xcc, 0xd0, 0xff, 0xd0, 0xd0, 0xc8, 0xff, 0xd8, 0xcc, 0xd0, 0xff,
    0xd8, 0xcc, 0xc8, 0xff, 0xd0, 0xd0, 0xd0, 0xff, 0xd8, 0xcc, 0xc8, 0xff,
    0xd0, 0xd0, 0xc8, 0xff, 0xd8, 0xd0, 0xd0, 0xff, 0xd8, 0xcc, 0xc8, 0xff,
    0xd0, 0xd0, 0xc8, 0xff, 0xd8, 0xcc, 0xd0, 0xff, 0xd8, 0xcc, 0xc8, 0xff,
    0xd0, 0xd0, 0xc8, 0xff, 0xd8, 0xcc, 0xd0, 0xff, 0xd8, 0xd0, 0xc8, 0xff,
    0xd0, 0xd0, 0xc8, 0xff, 0xd8, 0xcc, 0xd0, 0xff, 0xd8, 0xcc, 0xc8, 0xff,
    0xd0, 0xd0, 0xc8, 0xff, 0xd8, 0xcc, 0xd0, 0xff, 0xd8, 0xd0, 0xc8, 0xff,
    0xd0, 0xd0, 0xc8, 0xff, 0xd8, 0xcc, 0xc8, 0xff, 0xd8, 0xd0, 0xd0, 0xff,
    0xd0, 0xd0, 0xc8, 0xff, 0xd8, 0xcc, 0xc8, 0xff, 0xd8, 0xcc, 0xd0, 0xff,
    0xd0, 0xd0, 0xc8, 0xff, 0xd8, 0xcc, 0xc8, 0xff, 0xd0, 0xcc, 0xc8, 0xff,
    0xd8, 0xd0, 0xd0, 0xff, 0xd8, 0xcc, 0xd0, 0xff, 0xd0, 0xcc, 0xc8, 0xff,
    0xd8, 0xd0, 0xc8, 0xff, 0xd0, 0xcc, 0xd0, 0xff, 0xd8, 0xd0, 0xc8, 0xff,
    0xd8, 0xd0, 0xc8, 0xff, 0xd0, 0xcc, 0xd0, 0xff, 0xd8, 0xd0, 0xc8, 0xff,
    0xd0, 0xcc, 0xd0, 0xff, 0xd8, 0xcc, 0xc8, 0xff, 0xd8, 0xd0, 0xc8, 0xff,
    0xd0, 0xcc, 0xd0, 0xff, 0xd8, 0xcc, 0xc8, 0xff, 0xd0, 0xd0, 0xd0, 0xff,
    0xd8, 0xcc, 0xc8, 0xff, 0xd8, 0xd0, 0xc8, 0xff, 0xd0, 0xd0, 0xd0, 0xff,
    0xd8, 0xcc, 0xc8, 0xff, 0xd8, 0xd0, 0xd0, 0xff, 0xd0, 0xcc, 0xc8, 0xff,
    0xd8, 0xcc, 0xc8, 0xff, 0xd8, 0xd0, 0xd0, 0xff, 0xd0, 0xcc, 0xc8, 0xff,
    0xd8, 0xcc, 0xd0, 0xff, 0xd0, 0xd0, 0xc8, 0xff, 0xd8, 0xcc, 0xc8, 0xff,
    0xd8, 0xcc, 0xd0, 0xff, 0xd0, 0xd0, 0xc8, 0xff, 0xd8, 0xcc, 0xc8, 0xff,
    0xd8, 0xd0, 0xd0, 0xff, 0xd0, 0xd0, 0xc8, 0xff, 0xd8, 0xcc, 0xd0, 0xff,
    0xd0, 0xcc, 0xc8, 0xff, 0xd8, 0xd0, 0xc8, 0xff, 0xd8, 0xcc, 0xd0, 0xff,
    0xd0, 0xd0, 0xc8, 0xff, 0xd8, 0xcc, 0xc8, 0xff, 0xd8, 0xcc, 0xd0, 0xff,
    0xd0, 0xd0, 0xc8, 0xff, 0xd8, 0xcc, 0xd0, 0xff, 0xd8, 0xd0, 0xd0, 0xff,
    0xd0, 0xd0, 0xc8, 0xff, 0xd8, 0xcc, 0xc8, 0xff, 0xd8, 0xd0, 0xd0, 0xff,
    0xd0, 0xd0, 0xc8, 0xff, 0xd8, 0xcc, 0xc8, 0xff, 0xd8, 0xcc, 0xd0, 0xff,
    0xd0, 0xd0, 0xc8, 0xff, 0xd8, 0xcc, 0xd0, 0xff, 0xd0, 0xd0, 0xc8, 0xff,
    0xd8, 0xd0, 0xd0, 0xff, 0xd0, 0xcc, 0xc8, 0xff, 0xd8, 0xcc, 0xc8, 0xff,
    0xd8, 0xcc, 0xd0, 0xff, 0xd8, 0xd0, 0xc8, 0xff, 0xd0, 0xd0, 0xc8, 0xff,
    0xd8, 0xcc, 0xd0, 0xff, 0xd8, 0xd0, 0xc8, 0xff, 0xd0, 0xcc, 0xd0, 0xff,
    0xd8, 0xcc, 0xd0, 0xff, 0xd8, 0xd0, 0xc8, 0xff, 0xd0, 0xcc, 0xc8, 0xff,
    0xd8, 0xd0, 0xd0, 0xff, 0xd8, 0xcc, 0xc8, 0xff, 0xd0, 0xd0, 0xc8, 0xff,
    0xd8, 0xcc, 0xd0, 0xff, 0xd0, 0xd0, 0xc8, 0xff, 0xd8, 0xcc, 0xc8, 0xff,
    0xd8, 0xd0, 0xc8, 0xff, 0xd0, 0xd0, 0xd0, 0xff, 0xd8, 0xcc, 0xc8, 0xff,
    0xd8, 0xd0, 0xc8, 0xff, 0xd0, 0xd0, 0xd0, 0xff, 0xd8, 0xcc, 0xc8, 0xff,
    0xd8, 0xcc, 0xc8, 0xff, 0xd0, 0xd0, 0xd0, 0xff, 0xd8, 0xcc, 0xc8, 0xff,
    0xd0, 0xcc, 0xc8, 0xff, 0xd8, 0xd0, 0xd0, 0xff, 0xd0, 0xd0, 0xc8, 0xff,
    0xd8, 0xcc, 0xd0, 0xff, 0xd8, 0xd0, 0xc8, 0xff, 0xd0, 0xcc, 0xc8, 0xff,
    0xd8, 0xcc, 0xd0, 0xff, 0xd8, 0xd0, 0xc8, 0xff, 0xd0, 0xcc, 0xc8, 0xff,
    0xd8, 0xd0, 0xc8, 0xff, 0xd8, 0xcc, 0xd0, 0xff, 0xd0, 0xd0, 0xc8, 0xff,
    0xd8, 0xcc, 0xc8, 0xff, 0xd8, 0xcc, 0xd0, 0xff, 0xd0, 0xd0, 0xc8, 0xff,
    0xd8, 0xd0, 0xc8, 0xff, 0xd0, 0xcc, 0xd0, 0xff, 0xd8, 0xcc, 0xc8, 0xff,
    0xd8, 0xd0, 0xc8, 0xff, 0xd0, 0xcc, 0xd0, 0xff, 0xd8, 0xcc, 0xc8, 0xff,
    0xd8, 0xd0, 0xd0, 0xff, 0xd0, 0xcc, 0xc8, 0xff, 0xd8, 0xcc, 0xc8, 0xff,
    0xd8, 0xd0, 0xd0, 0xff, 0xd0, 0xcc, 0xc8, 0xff, 0xd8, 0xd0, 0xc8, 0xff,
    0xd0, 0xcc, 0xc8, 0xff, 0xd8, 0xd0, 0xd0, 0xff, 0xd0, 0xd0, 0xc8, 0xff,
    0xd8, 0xcc, 0xc8, 0xff, 0xd8, 0xd0, 0xd0, 0xff, 0xd0, 0xcc, 0xc8, 0xff,
    0xd8, 0xcc, 0xc8, 0xff, 0xd8, 0xd0, 0xd0, 0xff, 0xd0, 0xcc, 0xc8, 0xff,
    0xd8, 0xcc, 0xc8, 0xff, 0xd8, 0xd0, 0xd0, 0xff, 0xd0, 0xd0, 0xc8, 0xff,
    0xd8, 0xcc, 0xd0, 0xff, 0xd8, 0xd0, 0xc8, 0xff, 0xd0, 0xcc, 0xc8, 0xff,
    0xd8, 0xcc, 0xd0, 0xff, 0xd0, 0xd0, 0xc8, 0xff, 0xd8, 0xcc, 0xc8, 0xff,
    0xd8, 0xd0, 0xc8, 0xff, 0xd0, 0xcc, 0xd0, 0xff, 0xd8, 0xd0, 0xc8, 0xff,
    0xd8, 0xcc, 0xc8, 0xff, 0xd0, 0xcc, 0xd0, 0xff, 0xd8, 0xd0, 0xc8, 0xff,
    0xd8, 0xd0, 0xc8, 0xff, 0xd0, 0xcc, 0xd0, 0xff, 0xd8, 0xcc, 0xc8, 0xff,
    0xd0, 0xd0, 0xc8, 0xff, 0xd8, 0xcc, 0xd0, 0xff, 0xd0, 0xcc, 0xc8, 0xff,
    0xd8, 0xd0, 0xd0, 0xff, 0xd8, 0xcc, 0xc8, 0xff, 0xd0, 0xcc, 0xc8, 0xff,
    0xd8, 0xd0, 0xd0, 0xff, 0xd8, 0xcc, 0xc8, 0xff, 0xd0, 0xd0, 0xc8, 0xff,
    0xd8, 0xcc, 0xc8, 0xff, 0xd8, 0xd0, 0xd0, 0xff, 0xd0, 0xd0, 0xc8, 0xff,
    0xd8, 0xcc, 0xc8, 0xff, 0xd8, 0xd0, 0xd0, 0xff, 0xd0, 0xcc, 0xc8, 0xff,
    0xd8, 0xcc, 0xc8, 0xff, 0xd0, 0xd0, 0xd0, 0xff, 0xd8, 0xcc, 0xc8, 0xff,
    0xd8, 0xcc, 0xc8, 0xff, 0xd0, 0xd0, 0xd0, 0xff, 0xd8, 0xd0, 0xc8, 0xff,
    0xd8, 0xcc, 0xd0, 0xff, 0xd0, 0xd0, 0xc8, 0xff, 0xd8, 0xcc, 0xc8, 0xff,
    0xd8, 0xcc, 0xd0, 0xff, 0xd0, 0xd0, 0xc8, 0xff, 0xd8, 0xcc, 0xc8, 0xff,
    0xd0, 0xd0, 0xc8, 0xff, 0xd8, 0xcc, 0xd0, 0xff, 0xd0, 0xd0, 0xc8, 0xff,
    0xd8, 0xcc, 0xc8, 0xff, 0xd8, 0xcc, 0xd0, 0xff, 0xd0, 0xd0, 0xc8, 0xff,
    0xd8, 0xd0, 0xc8, 0xff, 0xd8, 0xcc, 0xd0, 0xff, 0xd0, 0xcc, 0xc8, 0xff,
    0xd8, 0xd0, 0xc8, 0xff, 0xd8, 0xcc, 0xd0, 0xff, 0xd0, 0xcc, 0xc8, 0xff,
    0xd8, 0xd0, 0xd0, 0xff, 0xd8, 0xcc, 0xc8, 0xff, 0xd0, 0xcc, 0xc8, 0xff,
    0xd8, 0xd0, 0xd0, 0xff, 0xd0, 0xcc, 0xc8, 0xff, 0xd8, 0xd0, 0xc8, 0xff,
    0xd8, 0xcc, 0xc8, 0xff, 0xd0, 0xd0, 0xd0, 0xff, 0xd8, 0xd0, 0xc8, 0xff,
    0xd8, 0xcc, 0xc8, 0xff, 0xd0, 0xd0, 0xd0, 0xff, 0xd8, 0xcc, 0xc8, 0xff,
    0xd8, 0xcc, 0xc8, 0xff, 0xd0, 0xd0, 0xd0, 0xff, 0xd8, 0xcc, 0xc8, 0xff,
    0xd0, 0xcc, 0xc8, 0xff, 0xd8, 0xd0, 0xd0, 0xff, 0xd0, 0xd0, 0xc8, 0xff,
    0xd8, 0xcc, 0xd0, 0xff, 0xd8, 0xd0, 0xc8, 0xff, 0xd0, 0xcc, 0xc8, 0xff,
    0xd8, 0xcc, 0xd0, 0xff, 0xd8, 0xd0, 0xc8, 0xff, 0xd0, 0xcc, 0xc8, 0xff,
    0xd8, 0xd0, 0xc8, 0xff, 0xd8, 0xcc, 0xd0, 0xff, 0xd0, 0xd0, 0xc8, 0xff,
    0xd8, 0xcc, 0xc8, 0xff, 0xd8, 0xcc, 0xd0, 0xff, 0xd0, 0xd0, 0xc8, 0xff,
    0xd8, 0xd0, 0xc8, 0xff, 0xd0, 0xcc, 0xd0, 0xff, 0xd8, 0xcc, 0xc8, 0xff,
    0xd8, 0xd0, 0xc8, 0xff, 0xd0, 0xcc, 0xd0, 0xff, 0xd8, 0xcc, 0xc8, 0xff,
    0xd8, 0xd0, 0xd0, 0xff, 0xd0, 0xcc, 0xc8, 0xff, 0xd8, 0xcc, 0xc8, 0xff,
    0xd8, 0xd0, 0xd0, 0xff, 0xd0, 0xcc, 0xc8, 0xff, 0xd8, 0xd0, 0xc8, 0xff,
    0xd0, 0xcc, 0xc8, 0xff, 0xd8, 0xd0, 0xd0, 0xff, 0xd0, 0xd0, 0xc8, 0xff,
    0xd8, 0xcc, 0xc8, 0xff, 0xd8, 0xd0, 0xd0, 0xff, 0xd0, 0xcc, 0xc8, 0xff,
    0xd8, 0xcc, 0xc8, 0xff, 0xd8, 0xd0, 0xd0, 0xff, 0xd0, 0xcc, 0xc8, 0xff,
    0xd8, 0xcc, 0xc8, 0xff, 0xd8, 0xd0, 0xd0, 0xff, 0xd0, 0xd0, 0xc8, 0xff,
    0xd8, 0xcc, 0xd0, 0xff, 0xd8, 0xd0, 0xc8, 0xff, 0xd0, 0xcc, 0xc8, 0xff,
    0xd8, 0xcc, 0xd0, 0xff, 0xd0, 0xd0, 0xc8, 0xff, 0xd8, 0xcc, 0xc8, 0xff,
    0xd8, 0xd0, 0xc8, 0xff, 0xd0, 0xcc, 0xd0, 0xff, 0xd8, 0xd0, 0xc8, 0xff,
    0xd8, 0xcc, 0xc8, 0xff, 0xd0, 0xd0, 0xd0, 0xff, 0xd8, 0xcc, 0xc8, 0xff,
    0xd8, 0xcc, 0xc8, 0xff, 0xd0, 0xd0, 0xd0, 0xff, 0xd8, 0xcc, 0xc8, 0xff,
    0xd0, 0xd0, 0xc8, 0xff, 0xd8, 0xcc, 0xd0, 0xff, 0xd0, 0xd0, 0xc8, 0xff,
    0xd8, 0xcc, 0xd0, 0xff, 0xd8, 0xd0, 0xc8, 0xff, 0xd0, 0xd0, 0xc8, 0xff,
    0xd8, 0xcc, 0xd0, 0xff, 0xd8, 0xd0, 0xc8, 0xff, 0xd0, 0xd0, 0xc8, 0xff,
    0xd8, 0xcc, 0xd0, 0xff, 0xd8, 0xd0, 0xc8, 0xff, 0xd0, 0xd0, 0xd0, 0xff,
    0xd8, 0xcc, 0xc8, 0xff, 0xd8, 0xd0, 0xc8, 0xff, 0xd0, 0xcc, 0xd0, 0xff,
    0xd8, 0xcc, 0xc8, 0xff, 0xd8, 0xd0, 0xc8, 0xff, 0xd0, 0xcc, 0xd0, 0xff,
    0xd8, 0xd0, 0xc8, 0xff, 0xd0, 0xd0, 0xd0, 0xff, 0xd8, 0xcc, 0xc8, 0xff,
    0xd8, 0xcc, 0xd0, 0xff, 0xd0, 0xd0, 0xc8, 0xff, 0xd8, 0xcc, 0xd0, 0xff,
    0xd8, 0xd0, 0xc8, 0xff, 0xd8, 0xd0, 0xc8, 0xff, 0xd8, 0xcc, 0xd0, 0xff,
    0xd8, 0xcc, 0xc8, 0xff, 0xd0, 0xcc, 0xd0, 0xff, 0xd8, 0xd0, 0xc8, 0xff,
    0xd8, 0xcc, 0xc8, 0xff, 0xd0, 0xcc, 0xd0, 0xff, 0xd8, 0xd0, 0xc8, 0xff,
    0xd8, 0xcc, 0xc8, 0xff, 0xd8, 0xd0, 0xd0, 0xff, 0xd0, 0xcc, 0xc8, 0xff,
    0xd8, 0xcc, 0xd0, 0xff, 0xd8, 0xd0, 0xc8, 0xff, 0xd8, 0xd0, 0xc8, 0xff,
    0xd8, 0xcc, 0xd0, 0xff, 0xd8, 0xcc, 0xc8, 0xff, 0xd8, 0xd0, 0xc8, 0xff,
    0xd0, 0xcc, 0xd0, 0xff, 0xd8, 0xd0, 0xc8, 0xff, 0xd0, 0xcc, 0xd0, 0xff,
    0xd8, 0xd0, 0xc8, 0xff, 0xd8, 0xd0, 0xd0, 0xff, 0xd0, 0xd0, 0xc8, 0xff,
    0xd8, 0xcc, 0xc8, 0xff, 0xd8, 0xd0, 0xd0, 0xff, 0xd0, 0xd0, 0xc8, 0xff,
    0xd8, 0xcc, 0xd0, 0xff, 0xd8, 0xcc, 0xc8, 0xff, 0xd0, 0xd0, 0xc8, 0xff,
    0xd8, 0xcc, 0xd0, 0xff, 0xd0, 0xd0, 0xc8, 0xff, 0xd8, 0xd0, 0xc8, 0xff,
    0xd8, 0xcc, 0xd0, 0xff, 0xd0, 0xd0, 0xc8, 0xff, 0xd8, 0xcc, 0xd0, 0xff,
    0xd8, 0xd0, 0xc8, 0xff, 0xd0, 0xcc, 0xc8, 0xff, 0xd8, 0xcc, 0xd0, 0xff,
    0xd8, 0xd0, 0xc8, 0xff, 0xd0, 0xd0, 0xc8, 0xff, 0xd8, 0xcc, 0xd0, 0xff,
    0xd8, 0xd0, 0xc8, 0xff, 0xd0, 0xd0, 0xc8, 0xff, 0xd8, 0xcc, 0xd0, 0xff,
    0xd0, 0xd0, 0xc8, 0xff, 0xd8, 0xcc, 0xc8, 0xff, 0xd8, 0xcc, 0xd0, 0xff,
    0xd0, 0xd0, 0xc8, 0xff, 0xd8, 0xcc, 0xd0, 0xff, 0xd0, 0xd0, 0xc8, 0xff,
    0xd0, 0xd0, 0xd0, 0xff, 0xd8, 0xcc, 0xc8, 0xff, 0xd8, 0xd0, 0xc8, 0xff,
    0xd0, 0xcc, 0xd0, 0xff, 0xd8, 0xcc, 0xc8, 0xff, 0xd8, 0xd0, 0xd0, 0xff,
    0xd0, 0xcc, 0xc8, 0xff, 0xd8, 0xd0, 0xd0, 0xff, 0xd8, 0xd0, 0xc8, 0xff,
    0xd0, 0xcc, 0xc8, 0xff, 0xd8, 0xcc, 0xd0, 0xff, 0xd8, 0xd0, 0xc8, 0xff,
    0xd0, 0xcc, 0xc8, 0xff, 0xd8, 0xcc, 0xd0, 0xff, 0xd8, 0xd0, 0xc8, 0xff,
    0xd0, 0xcc, 0xc8, 0xff, 0xd8, 0xd0, 0xd0, 0xff, 0xd8, 0xd0, 0xd0, 0xff,
    0xd0, 0xcc, 0xc8, 0xff, 0xd8, 0xd0, 0xd0, 0xff, 0xd8, 0xd0, 0xc8, 0xff,
    0xd0, 0xcc, 0xc8, 0xff, 0xd8, 0xd0, 0xd0, 0xff, 0xd8, 0xd0, 0xc8, 0xff,
    0xd0, 0xcc, 0xc8, 0xff, 0xd8, 0xcc, 0xd0, 0xff, 0xd0, 0xd0, 0xc8, 0xff,
    0xd8, 0xcc, 0xc8, 0xff, 0xd8, 0xd0, 0xd0, 0xff, 0xd0, 0xd0, 0xc8, 0xff,
    0xd8, 0xcc, 0xc8, 0xff, 0xd0, 0xd0, 0xd0, 0xff, 0xd8, 0xd0, 0xc8, 0xff,
    0xd8, 0xcc, 0xc8, 0xff, 0xd0, 0xd0, 0xd0, 0xff, 0xd8, 0xcc, 0xc8, 0xff,
    0xd8, 0xcc, 0xc8, 0xff, 0xd0, 0xd0, 0xd0, 0xff, 0xd8, 0xcc, 0xc8, 0xff,
    0xd0, 0xd0, 0xc8, 0xff, 0xd8, 0xd0, 0xd0, 0xff, 0xd8, 0xcc, 0xc8, 0xff,
    0xd0, 0xd0, 0xd0, 0xff, 0xd8, 0xd0, 0xc8, 0xff, 0xd8, 0xcc, 0xc8, 0xff,
    0xd0, 0xd0, 0xd0, 0xff, 0xd8, 0xd0, 0xc8, 0xff, 0xd0, 0xcc, 0xc8, 0xff,
    0xd8, 0xd0, 0xd0, 0xff, 0xd8, 0xcc, 0xc8, 0xff, 0xd0, 0xcc, 0xc8, 0xff,
    0xd8, 0xd0, 0xd0, 0xff, 0xd8, 0xcc, 0xc8, 0xff, 0xd0, 0xcc, 0xc8, 0xff,
    0xd8, 0xd0, 0xd0, 0xff, 0xd8, 0xcc, 0xc8, 0xff, 0xd0, 0xd0, 0xc8, 0xff,
    0xd8, 0xcc, 0xd0, 0xff, 0xd8, 0xd0, 0xc8, 0xff, 0xd0, 0xd0, 0xc8, 0xff,
    0xd8, 0xcc, 0xd0, 0xff, 0xd0, 0xcc, 0xc8, 0xff, 0xd8, 0xd0, 0xc8, 0xff,
    0xd8, 0xcc, 0xd0, 0xff, 0xd0, 0xcc, 0xc8, 0xff, 0xd8, 0xd0, 0xc8, 0xff,
    0xd8, 0xcc, 0xd0, 0xff, 0xd0, 0xd0, 0xc8, 0xff, 0xd8, 0xd0, 0xc8, 0xff,
    0xd8, 0xcc, 0xd0, 0xff, 0xd0, 0xcc, 0xc8, 0xff, 0xd8, 0xd0, 0xc8, 0xff,
    0xd8, 0xcc, 0xd0, 0xff, 0xd0, 0xd0, 0xc8, 0xff, 0xd8, 0xd0, 0xc8, 0xff,
    0xd0, 0xcc, 0xd0, 0xff, 0xd0, 0xcc, 0xc8, 0xff, 0xd8, 0xd0, 0xc8, 0xff,
    0xd8, 0xd0, 0xd0, 0xff, 0xd0, 0xcc, 0xc8, 0xff, 0xd8, 0xd0, 0xc8, 0xff,
    0xd0, 0xd0, 0xc8, 0xff, 0xd8, 0xcc, 0xc8, 0xff, 0xd0, 0xcc, 0xd0, 0xff,
    0xd8, 0xd0, 0xc8, 0xff, 0xd8, 0xcc, 0xc8, 0xff, 0xd0, 0xcc, 0xd0, 0xff,
    0xd8, 0xd0, 0xd0, 0xff, 0xd8, 0xcc, 0xc8, 0xff, 0xd0, 0xcc, 0xd0, 0xff,
    0xd8, 0xd0, 0xd0, 0xff, 0xd0, 0xcc, 0xc8, 0xff, 0xd8, 0xcc, 0xc8, 0xff,
    0xd8, 0xd0, 0xd0, 0xff, 0xd0, 0xd0, 0xc8, 0xff, 0xd8, 0xcc, 0xc8, 0xff,
    0xd0, 0xd0, 0xd0, 0xff, 0xd8, 0xcc, 0xc8, 0xff, 0xd8, 0xd0, 0xc8, 0xff,
    0xd0, 0xcc, 0xd0, 0xff, 0xd8, 0xd0, 0xc8, 0xff, 0xd8, 0xcc, 0xc8, 0xff,
    0xd0, 0xd0, 0xd0, 0xff, 0xd8, 0xd0, 0xc8, 0xff, 0xd8, 0xcc, 0xd0, 0xff,
    0xd0, 0xd0, 0xd0, 0xff, 0xd8, 0xcc, 0xc8, 0xff, 0xd0, 0xd0, 0xc8, 0xff,
    0xd8, 0xd0, 0xd0, 0xff, 0xd8, 0xcc, 0xc8, 0xff, 0xd0, 0xd0, 0xc8, 0xff,
    0xd8, 0xd0, 0xd0, 0xff, 0xd8, 0xcc, 0xc8, 0xff, 0xd0, 0xcc, 0xc8, 0xff,
    0xd8, 0xd0, 0xd0, 0xff, 0xd8, 0xcc, 0xc8, 0xff, 0xd0, 0xd0, 0xc8, 0xff,
    0xd8, 0xd0, 0xd0, 0xff, 0xd0, 0xcc, 0xc8, 0xff, 0xd8, 0xd0, 0xc8, 0xff,
    0xd8, 0xd0, 0xd0, 0xff, 0xd0, 0xcc, 0xc8, 0xff, 0xd8, 0xd0, 0xd0, 0xff,
    0xd0, 0xcc, 0xd0, 0xff, 0xd8, 0xd0, 0xc8, 0xff, 0xd8, 0xcc, 0xc8, 0xff,
    0xd0, 0xd0, 0xd0, 0xff, 0xd8, 0xcc, 0xc8, 0xff, 0xd8, 0xd0, 0xc8, 0xff,
    0xd0, 0xd0, 0xd0, 0xff, 0xd8, 0xcc, 0xc8, 0xff, 0xd8, 0xd0, 0xc8, 0xff,
    0xd0, 0xd0, 0xd0, 0xff, 0xd8, 0xcc, 0xc8, 0xff, 0xd0, 0xd0, 0xc8, 0xff,
    0xd8, 0xcc, 0xd0, 0xff, 0xd8, 0xd0, 0xc8, 0xff, 0xd0, 0xcc, 0xc8, 0xff,
    0xd8, 0xd0, 0xd0, 0xff, 0xd8, 0xd0, 0xc8, 0xff, 0xd0, 0xcc, 0xd0, 0xff,
    0xd8, 0xd0, 0xd0, 0xff, 0xd8, 0xcc, 0xc8, 0xff, 0xd0, 0xd0, 0xc8, 0xff,
    0xd8, 0xd0, 0xd0, 0xff, 0xd0, 0xcc, 0xc8, 0xff, 0xd8, 0xd0, 0xc8, 0xff,
    0xd8, 0xd0, 0xd0, 0xff, 0xd0, 0xcc, 0xc8, 0xff, 0xd8, 0xcc, 0xc8, 0xff,
    0xd0, 0xd0, 0xd0, 0xff, 0xd8, 0xcc, 0xc8, 0xff, 0xd8, 0xd0, 0xc8, 0xff,
    0xd0, 0xd0, 0xd0, 0xff, 0xd8, 0xcc, 0xc8, 0xff, 0xd8, 0xd0, 0xc8, 0xff,
    0xd0, 0xd0, 0xd0, 0xff, 0xd8, 0xcc, 0xc8, 0xff, 0xd8, 0xd0, 0xd0, 0xff,
    0xd0, 0xcc, 0xd0, 0xff, 0xd8, 0xd0, 0xc8, 0xff, 0xd0, 0xcc, 0xc8, 0xff,
    0xd8, 0xd0, 0xd0, 0xff, 0xd8, 0xcc, 0xc8, 0xff, 0xd0, 0xd0, 0xc8, 0xff,
    0xd8, 0xd0, 0xd0, 0xff, 0xd8, 0xcc, 0xc8, 0xff, 0xd0, 0xd0, 0xc8, 0xff,
    0xd8, 0xd0, 0xd0, 0xff, 0xd8, 0xcc, 0xc8, 0xff, 0xd0, 0xd0, 0xc8, 0xff,
    0xd8, 0xcc, 0xd0, 0xff, 0xd0, 0xd0, 0xc8, 0xff, 0xd8, 0xcc, 0xc8, 0xff,
    0xd8, 0xd0, 0xd0, 0xff, 0xd0, 0xd0, 0xc8, 0xff, 0xd8, 0xcc, 0xd0, 0xff,
    0xd0, 0xd0, 0xd0, 0xff, 0xd8, 0xcc, 0xc8, 0xff, 0xd8, 0xd0, 0xc8, 0xff,
    0xd0, 0xd0, 0xd0, 0xff, 0xd8, 0xcc, 0xc8, 0xff, 0xd8, 0xd0, 0xc8, 0xff,
    0xd0, 0xd0, 0xd0, 0xff, 0xd8, 0xcc, 0xc8, 0xff, 0xd8, 0xcc, 0xc8, 0xff,
    0xd0, 0xd0, 0xd0, 0xff, 0xd8, 0xcc, 0xc8, 0xff, 0xd0, 0xd0, 0xc8, 0xff,
    0xd8, 0xd0, 0xd0, 0xff, 0xd8, 0xcc, 0xc8, 0xff, 0xd0, 0xd0, 0xc8, 0xff,
    0xd8, 0xd0, 0xd0, 0xff, 0xd8, 0xcc, 0xc8, 0xff, 0xd0, 0xd0, 0xd0, 0xff,
    0xd8, 0xcc, 0xd0, 0xff, 0xd8, 0xd0, 0xc8, 0xff, 0xd0, 0xcc, 0xc8, 0xff,
    0xd8, 0xd0, 0xd0, 0xff, 0xd0, 0xcc, 0xc8, 0xff, 0xd8, 0xd0, 0xc8, 0xff,
    0xd8, 0xd0, 0xd0, 0xff, 0xd0, 0xcc, 0xc8, 0xff, 0xd8, 0xd0, 0xc8, 0xff,
    0xd0, 0xd0, 0xd0, 0xff, 0xd8, 0xcc, 0xc8, 0xff, 0xd8, 0xd0, 0xc8, 0xff,
    0xd0, 0xcc, 0xd0, 0xff, 0xd8, 0xd0, 0xc8, 0xff, 0xd8, 0xcc, 0xc8, 0xff,
    0xd0, 0xd0, 0xd0, 0xff, 0xd8, 0xd0, 0xc8, 0xff, 0xd8, 0xcc, 0xd0, 0xff,
    0xd0, 0xd0, 0xd0, 0xff, 0xd8, 0xcc, 0xc8, 0xff, 0xd0, 0xd0, 0xc8, 0xff,
    0xd8, 0xd0, 0xd0, 0xff, 0xd8, 0xcc, 0xc8, 0xff, 0xd0, 0xd0, 0xc8, 0xff,
    0xd8, 0xd0, 0xd0, 0xff, 0xd8, 0xcc, 0xc8, 0xff, 0xd0, 0xcc, 0xc8, 0xff,
    0xd8, 0xd0, 0xd0, 0xff, 0xd8, 0xcc, 0xc8, 0xff, 0xd0, 0xd0, 0xc8, 0xff,
    0xd8, 0xd0, 0xd0, 0xff, 0xd0, 0xcc, 0xc8, 0xff, 0xd8, 0xd0, 0xc8, 0xff,
    0xd8, 0xd0, 0xd0, 0xff, 0xd0, 0xcc, 0xc8, 0xff, 0xd8, 0xd0, 0xd0, 0xff,
    0xd0, 0xcc, 0xd0, 0xff, 0xd8, 0xd0, 0xc8, 0xff, 0xd8, 0xcc, 0xc8, 0xff,
    0xd0, 0xd0, 0xd0, 0xff, 0xd8, 0xcc, 0xc8, 0xff, 0xd8, 0xd0, 0xc8, 0xff,
    0xd0, 0xd0, 0xd0, 0xff, 0xd8, 0xcc, 0xc8, 0xff, 0xd8, 0xd0, 0xc8, 0xff,
    0xd0, 0xd0, 0xd0, 0xff, 0xd8, 0xcc, 0xc8, 0xff, 0xd0, 0xd0, 0xc8, 0xff,
    0xd8, 0xcc, 0xd0, 0xff, 0xd8, 0xd0, 0xc8, 0xff, 0xd0, 0xcc, 0xc8, 0xff,
    0xd8, 0xd0, 0xd0, 0xff, 0xd8, 0xd0, 0xc8, 0xff, 0xd0, 0xcc, 0xd0, 0xff,
    0xd8, 0xd0, 0xd0, 0xff, 0xd8, 0xcc, 0xc8, 0xff, 0xd0, 0xd0, 0xc8, 0xff,
    0xd8, 0xd0, 0xd0, 0xff, 0xd0, 0xcc, 0xc8, 0xff, 0xd8, 0xd0, 0xc8, 0xff,
    0xd8, 0xd0, 0xd0, 0xff, 0xd0, 0xcc, 0xc8, 0xff, 0xd8, 0xd0, 0xc8, 0xff,
    0xd0, 0xd0, 0xd0, 0xff, 0xd8, 0xcc, 0xc8, 0xff, 0xd8, 0xcc, 0xc8, 0xff,
    0xd0, 0xd0, 0xd0, 0xff, 0xd8, 0xd0, 0xc8, 0xff, 0xd8, 0xcc, 0xc8, 0xff,
    0xd0, 0xcc, 0xd0, 0xff, 0xd8, 0xd0, 0xc8, 0xff, 0xd8, 0xcc, 0xd0, 0xff,
    0xd0, 0xcc, 0xd0, 0xff, 0xd8, 0xd0, 0xc8, 0xff, 0xd0, 0xd0, 0xc8, 0xff,
    0xd8, 0xcc, 0xd0, 0xff, 0xd8, 0xcc, 0xc8, 0xff, 0xd0, 0xd0, 0xc8, 0xff,
    0xd0, 0xcc, 0xd0, 0xff, 0xd8, 0xd0, 0xc8, 0xff, 0xd8, 0xd0, 0xd0, 0xff,
    0xd0, 0xcc, 0xc8, 0xff, 0xd0, 0xcc, 0xc8, 0xff, 0xd8, 0xd0, 0xd0, 0xff,
    0xd8, 0xcc, 0xc8, 0xff, 0xd0, 0xd0, 0xc8, 0xff, 0xd8, 0xcc, 0xd0, 0xff,
    0xd0, 0xd0, 0xc8, 0xff, 0xd8, 0xcc, 0xc8, 0xff, 0xd0, 0xcc, 0xd0, 0xff,
    0xd8, 0xd0, 0xc8, 0xff, 0xd0, 0xcc, 0xc8, 0xff, 0xd8, 0xcc, 0xc8, 0xff,
    0xd0, 0xcc, 0xc8, 0xff, 0xd8, 0xd0, 0xc8, 0xff, 0xd8, 0xd0, 0xd0, 0xff,
    0xd0, 0xcc, 0xc8, 0xff, 0xd0, 0xd0, 0xc8, 0xff, 0xd8, 0xd0, 0xd0, 0xff,
    0xd0, 0xcc, 0xc8, 0xff, 0xd8, 0xd0, 0xc8, 0xff, 0xd8, 0xcc, 0xd0, 0xff,
    0xd0, 0xcc, 0xc8, 0xff, 0xd8, 0xd0, 0xd0, 0xff, 0xd0, 0xd0, 0xc8, 0xff,
    0xd8, 0xcc, 0xd0, 0xff, 0xd8, 0xd0, 0xc8, 0xff, 0xd0, 0xcc, 0xd0, 0xff,
    0xd8, 0xcc, 0xc8, 0xff, 0xd8, 0xd0, 0xc8, 0xff, 0xd0, 0xcc, 0xd0, 0xff,
    0xd8, 0xcc, 0xc8, 0xff, 0xd8, 0xd0, 0xc8, 0xff, 0xd0, 0xcc, 0xd0, 0xff,
    0xd8, 0xcc, 0xc8, 0xff, 0xd0, 0xd0, 0xc8, 0xff, 0xd8, 0xd0, 0xd0, 0xff,
    0xd8, 0xcc, 0xc8, 0xff, 0xd0, 0xd0, 0xc8, 0xff, 0xd8, 0xcc, 0xd0, 0xff,
    0xd8, 0xd0, 0xc8, 0xff, 0xd0, 0xcc, 0xc8, 0xff, 0xd8, 0xcc, 0xd0, 0xff,
    0xd0, 0xd0, 0xc8, 0xff, 0xd8, 0xd0, 0xc8, 0xff, 0xd8, 0xcc, 0xd0, 0xff,
    0xd0, 0xd0, 0xc8, 0xff, 0xd8, 0xd0, 0xc8, 0xff, 0xd0, 0xcc, 0xd0, 0xff,
    0xd8, 0xcc, 0xc8, 0xff, 0xd8, 0xd0, 0xc8, 0xff, 0xd0, 0xcc, 0xd0, 0xff,
    0xd8, 0xd0, 0xc8, 0xff, 0xd8, 0xcc, 0xc8, 0xff, 0xd0, 0xd0, 0xd0, 0xff,
    0xd8, 0xd0, 0xc8, 0xff, 0xd8, 0xcc, 0xc8, 0xff, 0xd0, 0xd0, 0xd0, 0xff,
    0xd8, 0xcc, 0xc8, 0xff, 0xd8, 0xcc, 0xc8, 0xff, 0xd8, 0xd0, 0xd0, 0xff,
    0xd8, 0xcc, 0xc8, 0xff, 0xd0, 0xd0, 0xc8, 0xff, 0xd8, 0xd0, 0xd0, 0xff,
    0xd8, 0xcc, 0xc8, 0xff, 0xd0, 0xd0, 0xc8, 0xff, 0xd8, 0xcc, 0xc8, 0xff,
    0xd0, 0xcc, 0xd0, 0xff, 0xd8, 0xd0, 0xc8, 0xff, 0xd0, 0xd0, 0xc8, 0xff,
    0xd8, 0xcc, 0xd0, 0xff, 0xd8, 0xd0, 0xc8, 0xff, 0xd0, 0xcc, 0xd0, 0xff,
    0xd8, 0xd0, 0xd0, 0xff, 0xd0, 0xd0, 0xc8, 0xff, 0xd8, 0xcc, 0xd0, 0xff,
    0xd0, 0xcc, 0xc8, 0xff, 0xd8, 0xd0, 0xc8, 0xff, 0xd0, 0xcc, 0xc8, 0xff,
    0xd8, 0xcc, 0xd0, 0xff, 0xd8, 0xd0, 0xc8, 0xff, 0xd0, 0xcc, 0xc8, 0xff,
    0xd8, 0xcc, 0xd0, 0xff, 0xd0, 0xd0, 0xc8, 0xff, 0xd8, 0xd0, 0xc8, 0xff,
    0xd8, 0xcc, 0xd0, 0xff, 0xd0, 0xd0, 0xc8, 0xff, 0xd8, 0xcc, 0xd0, 0xff,
    0xd0, 0xcc, 0xc8, 0xff, 0xd8, 0xd0, 0xd0, 0xff, 0xd8, 0xcc, 0xc8, 0xff,
    0xd0, 0xcc, 0xc8, 0xff, 0xd8, 0xd0, 0xd0, 0xff, 0xd8, 0xcc, 0xc8, 0xff,
    0xd0, 0xd0, 0xc8, 0xff, 0xd8, 0xd0, 0xd0, 0xff, 0xd8, 0xcc, 0xc8, 0xff,
    0xd0, 0xd0, 0xd0, 0xff, 0xd8, 0xcc, 0xc8, 0xff, 0xd8, 0xcc, 0xc8, 0xff,
    0xd0, 0xd0, 0xd0, 0xff, 0xd8, 0xcc, 0xc8, 0xff, 0xd8, 0xcc, 0xc8, 0xff,
    0xd0, 0xd0, 0xd0, 0xff, 0xd8, 0xcc, 0xc8, 0xff, 0xd8, 0xcc, 0xc8, 0xff,
    0xd0, 0xd0, 0xd0, 0xff, 0xd8, 0xcc, 0xc8, 0xff, 0xd8, 0xd0, 0xd0, 0xff,
    0xd0, 0xd0, 0xc8, 0xff, 0xd8, 0xcc, 0xc8, 0xff, 0xd0, 0xd0, 0xd0, 0xff,
    0xd8, 0xd0, 0xc8, 0xff, 0xd8, 0xcc, 0xc8, 0xff, 0xd0, 0xd0, 0xd0, 0xff,
    0xd8, 0xd0, 0xc8, 0xff, 0xd0, 0xcc, 0xd0, 0xff, 0xd8, 0xd0, 0xc8, 0xff,
    0xd8, 0xcc, 0xd0, 0xff, 0xd0, 0xd0, 0xc8, 0xff, 0xd8, 0xd0, 0xc8, 0xff,
    0xd8, 0xcc, 0xd0, 0xff, 0xd0, 0xd0, 0xc8, 0xff, 0xd8, 0xd0, 0xc8, 0xff,
    0xd8, 0xcc, 0xd0, 0xff, 0xd0, 0xd0, 0xc8, 0xff, 0xd0, 0xcc, 0xc8, 0xff,
    0xd8, 0xcc, 0xd0, 0xff, 0xd0, 0xd0, 0xd0, 0xff, 0xd8, 0xd0, 0xc8, 0xff,
    0xd8, 0xcc, 0xc8, 0xff, 0xd0, 0xd0, 0xd0, 0xff, 0xd8, 0xcc, 0xc8, 0xff,
    0xd8, 0xcc, 0xc8, 0xff, 0xd0, 0xd0, 0xd0, 0xff, 0xd8, 0xd0, 0xc8, 0xff,
    0xd8, 0xcc, 0xd0, 0xff, 0xd0, 0xd0, 0xc8, 0xff, 0xd8, 0xcc, 0xd0, 0xff,
    0xd8, 0xcc, 0xc8, 0xff, 0xd0, 0xd0, 0xc8, 0xff, 0xd8, 0xcc, 0xd0, 0xff,
    0xd8, 0xd0, 0xc8, 0xff, 0xd0, 0xcc, 0xd0, 0xff, 0xd8, 0xd0, 0xc8, 0xff,
    0xd0, 0xd0, 0xd0, 0xff, 0xd8, 0xcc, 0xc8, 0xff, 0xd8, 0xd0, 0xc8, 0xff,
    0xd0, 0xd0, 0xc8, 0xff, 0xd8, 0xcc, 0xc8, 0xff, 0xd8, 0xd0, 0xc8, 0xff,
    0xd0, 0xd0, 0xd0, 0xff, 0xd8, 0xcc, 0xc8, 0xff, 0xd8, 0xd0, 0xc8, 0xff,
    0xd0, 0xcc, 0xd0, 0xff, 0xd8, 0xcc, 0xc8, 0xff, 0xd8, 0xd0, 0xd0, 0xff,
    0xd0, 0xcc, 0xd0, 0xff, 0xd8, 0xd0, 0xc8, 0xff, 0xd8, 0xd0, 0xd0, 0xff,
    0xd0, 0xcc, 0xc8, 0xff, 0xd8, 0xcc, 0xc8, 0xff, 0xd8, 0xd0, 0xd0, 0xff,
    0xd0, 0xcc, 0xc8, 0xff, 0xd8, 0xcc, 0xc8, 0xff, 0xd8, 0xd0, 0xc8, 0xff,
    0xd0, 0xd0, 0xd0, 0xff, 0xd8, 0xcc, 0xc8, 0xff, 0xd8, 0xcc, 0xd0, 0xff,
    0xd0, 0xd0, 0xc8, 0xff, 0xd8, 0xcc, 0xc8, 0xff, 0xd0, 0xcc, 0xd0, 0xff,
    0xd8, 0xd0, 0xc8, 0xff, 0xd0, 0xd0, 0xc8, 0xff, 0xd8, 0xcc, 0xd0, 0xff,
    0xd8, 0xd0, 0xd0, 0xff, 0xd0, 0xcc, 0xc8, 0xff, 0xd8, 0xcc, 0xd0, 0xff,
    0xd8, 0xd0, 0xc8, 0xff, 0xd0, 0xcc, 0xc8, 0xff, 0xd8, 0xcc, 0xd0, 0xff,
    0xd0, 0xd0, 0xc8, 0xff, 0xd8, 0xcc, 0xc8, 0xff, 0xd8, 0xd0, 0xc8, 0xff,
    0xd0, 0xd0, 0xd0, 0xff, 0xd8, 0xcc, 0xc8, 0xff, 0xd8, 0xd0, 0xd0, 0xff,
    0xd0, 0xcc, 0xc8, 0xff, 0xd8, 0xcc, 0xc8, 0xff, 0xd8, 0xcc, 0xd0, 0xff,
    0xd0, 0xd0, 0xc8, 0xff, 0xd8, 0xcc, 0xc8, 0xff, 0xd8, 0xd0, 0xd0, 0xff,
    0xd0, 0xcc, 0xd0, 0xff, 0xd8, 0xd0, 0xc8, 0xff, 0xd8, 0xcc, 0xd0, 0xff,
    0xd0, 0xd0, 0xc8, 0xff, 0xd8, 0xcc, 0xc8, 0xff, 0xd0, 0xcc, 0xd0, 0xff,
    0xd8, 0xd0, 0xc8, 0xff, 0xd0, 0xcc, 0xc8, 0xff, 0xd8, 0xd0, 0xc8, 0xff,
    0xd8, 0xcc, 0xd0, 0xff, 0xd0, 0xd0, 0xc8, 0xff, 0xd8, 0xcc, 0xd0, 0xff,
    0xd8, 0xcc, 0xc8, 0xff, 0xd0, 0xd0, 0xc8, 0xff, 0xd8, 0xcc, 0xd0, 0xff,
    0xd0, 0xd0, 0xc8, 0xff, 0xd8, 0xd0, 0xc8, 0xff, 0xd8, 0xcc, 0xd0, 0xff,
    0xd0, 0xd0, 0xd0, 0xff, 0xd8, 0xcc, 0xc8, 0xff, 0xd8, 0xcc, 0xd0, 0xff,
    0xd0, 0xd0, 0xc8, 0xff, 0xd8, 0xcc, 0xc8, 0xff, 0xd8, 0xcc, 0xd0, 0xff,
    0xd0, 0xd0, 0xc8, 0xff, 0xd8, 0xcc, 0xc8, 0xff, 0xd8, 0xd0, 0xc8, 0xff,
    0xd0, 0xd0, 0xd0, 0xff, 0xd8, 0xcc, 0xc8, 0xff, 0xd8, 0xd0, 0xd0, 0xff,
    0xd0, 0xcc, 0xc8, 0xff, 0xd8, 0xcc, 0xc8, 0xff, 0xd0, 0xcc, 0xd0, 0xff,
    0xd8, 0xd0, 0xc8, 0xff, 0xd0, 0xcc, 0xc8, 0xff, 0xd8, 0xd0, 0xd0, 0xff,
    0xd8, 0xcc, 0xd0, 0xff, 0xd0, 0xd0, 0xc8, 0xff, 0xd8, 0xcc, 0xd0, 0xff,
    0xd8, 0xd0, 0xc8, 0xff, 0xd0, 0xcc, 0xc8, 0xff, 0xd8, 0xcc, 0xd0, 0xff,
    0xd0, 0xd0, 0xc8, 0xff, 0xd8, 0xcc, 0xc8, 0xff, 0xd8, 0xd0, 0xc8, 0xff,
    0xd0, 0xcc, 0xd0, 0xff, 0xd8, 0xd0, 0xc8, 0xff, 0xd8, 0xcc, 0xd0, 0xff,
    0xd0, 0xcc, 0xc8, 0xff, 0xd8, 0xd0, 0xc8, 0xff, 0xd8, 0xcc, 0xd0, 0xff,
    0xd0, 0xd0, 0xc8, 0xff, 0xd8, 0xd0, 0xc8, 0xff, 0xd8, 0xcc, 0xd0, 0xff,
    0xd0, 0xd0, 0xd0, 0xff, 0xd8, 0xcc, 0xc8, 0xff, 0xd8, 0xcc, 0xd0, 0xff,
    0xd0, 0xd0, 0xc8, 0xff, 0xd8, 0xcc, 0xc8, 0xff, 0xd0, 0xcc, 0xd0, 0xff,
    0xd8, 0xd0, 0xc8, 0xff, 0xd0, 0xcc, 0xc8, 0xff, 0xd8, 0xd0, 0xc8, 0xff,
    0xd8, 0xd0, 0xd0, 0xff, 0xd0, 0xcc, 0xc8, 0xff, 0xd8, 0xd0, 0xd0, 0xff,
    0xd8, 0xcc, 0xc8, 0xff, 0xd0, 0xcc, 0xc8, 0xff, 0xd8, 0xcc, 0xd0, 0xff,
    0xd0, 0xd0, 0xc8, 0xff, 0xd8, 0xcc, 0xc8, 0xff, 0xd8, 0xd0, 0xd0, 0xff,
    0xd0, 0xcc, 0xd0, 0xff, 0xd8, 0xd0, 0xc8, 0xff, 0xd8, 0xcc, 0xd0, 0xff,
    0xd0, 0xd0, 0xc8, 0xff, 0xd8, 0xcc, 0xc8, 0xff, 0xd8, 0xcc, 0xd0, 0xff,
    0xd0, 0xd0, 0xc8, 0xff, 0xd8, 0xcc, 0xc8, 0xff, 0xd8, 0xd0, 0xc8, 0xff,
    0xd0, 0xcc, 0xd0, 0xff, 0xd8, 0xd0, 0xc8, 0xff, 0xd8, 0xcc, 0xd0, 0xff,
    0xd0, 0xcc, 0xc8, 0xff, 0xd8, 0xd0, 0xc8, 0xff, 0xd0, 0xcc, 0xd0, 0xff,
    0xd8, 0xd0, 0xc8, 0xff, 0xd0, 0xd0, 0xc8, 0xff, 0xd8, 0xcc, 0xd0, 0xff,
    0xd8, 0xd0, 0xd0, 0xff, 0xd0, 0xcc, 0xc8, 0xff, 0xd8, 0xcc, 0xd0, 0xff,
    0xd8, 0xd0, 0xc8, 0xff, 0xd0, 0xcc, 0xc8, 0xff, 0xd8, 0xcc, 0xd0, 0xff,
    0xd0, 0xd0, 0xc8, 0xff, 0xd8, 0xcc, 0xc8, 0xff, 0xd8, 0xd0, 0xc8, 0xff,
    0xd0, 0xd0, 0xd0, 0xff, 0xd8, 0xcc, 0xc8, 0xff, 0xd8, 0xd0, 0xd0, 0xff,
    0xd0, 0xcc, 0xc8, 0xff, 0xd8, 0xcc, 0xc8, 0xff, 0xd8, 0xcc, 0xd0, 0xff,
    0xd0, 0xd0, 0xc8, 0xff, 0xd8, 0xcc, 0xc8, 0xff, 0xd8, 0xd0, 0xd0, 0xff,
    0xd0, 0xcc, 0xd0, 0xff, 0xd8, 0xd0, 0xc8, 0xff, 0xd8, 0xcc, 0xd0, 0xff,
    0xd0, 0xd0, 0xc8, 0xff, 0xd8, 0xcc, 0xc8, 0xff, 0xd0, 0xcc, 0xd0, 0xff,
    0xd8, 0xd0, 0xc8, 0xff, 0xd0, 0xcc, 0xc8, 0xff, 0xd8, 0xd0, 0xc8, 0xff,
    0xd8, 0xcc, 0xd0, 0xff, 0xd0, 0xd0, 0xc8, 0xff, 0xd8, 0xcc, 0xd0, 0xff,
    0xd8, 0xcc, 0xc8, 0xff, 0xd0, 0xd0, 0xc8, 0xff, 0xd8, 0xcc, 0xd0, 0xff,
    0xd0, 0xcc, 0xc8, 0xff, 0xd8, 0xd0, 0xc8, 0xff, 0xd8, 0xcc, 0xd0, 0xff,
    0xd0, 0xd0, 0xd0, 0xff, 0xd8, 0xcc, 0xc8, 0xff, 0xd8, 0xd0, 0xd0, 0xff,
    0xd0, 0xcc, 0xc8, 0xff, 0xd8, 0xd0, 0xc8, 0xff, 0xd8, 0xcc, 0xd0, 0xff,
    0xd0, 0xd0, 0xc8, 0xff, 0xd8, 0xd0, 0xc8, 0xff, 0xd8, 0xcc, 0xc8, 0xff,
    0xd0, 0xd0, 0xc8, 0xff, 0xd8, 0xcc, 0xd0, 0xff, 0xd8, 0xcc, 0xc8, 0xff,
    0xd0, 0xd0, 0xc8, 0xff, 0xd8, 0xcc, 0xd0, 0xff, 0xd8, 0xd0, 0xc8, 0xff,
    0xd0, 0xcc, 0xc8, 0xff, 0xd8, 0xcc, 0xd0, 0xff, 0xd8, 0xd0, 0xc8, 0xff,
    0xd0, 0xd0, 0xd0, 0xff, 0xd8, 0xcc, 0xc8, 0xff, 0xd8, 0xd0, 0xc8, 0xff,
    0xd0, 0xcc, 0xd0, 0xff, 0xd8, 0xcc, 0xc8, 0xff, 0xd8, 0xd0, 0xc8, 0xff,
    0xd0, 0xd0, 0xd0, 0xff, 0xd8, 0xcc, 0xc8, 0xff, 0xd8, 0xd0, 0xc8, 0xff,
    0xd0, 0xd0, 0xd0, 0xff, 0xd8, 0xcc, 0xd0, 0xff, 0xd0, 0xd0, 0xc8, 0xff,
    0xd8, 0xcc, 0xc8, 0xff, 0xd8, 0xd0, 0xd0, 0xff, 0xd0, 0xcc, 0xc8, 0xff,
    0xd8, 0xcc, 0xd0, 0xff, 0xd8, 0xd0, 0xc8, 0xff, 0xd8, 0xcc, 0xd0, 0xff,
    0xd0, 0xcc, 0xc8, 0xff, 0xd8, 0xd0, 0xc8, 0xff, 0xd8, 0xd0, 0xd0, 0xff,
    0xd0, 0xcc, 0xc8, 0xff, 0xd8, 0xcc, 0xc8, 0xff, 0xd0, 0xd0, 0xd0, 0xff,
    0xd0, 0xcc, 0xc8, 0xff, 0xd8, 0xd0, 0xc8, 0xff, 0xd0, 0xd0, 0xd0, 0xff,
    0xd8, 0xcc, 0xc8, 0xff, 0xd8, 0xd0, 0xc8, 0xff, 0xd0, 0xd0, 0xd0, 0xff,
    0xd8, 0xcc, 0xc8, 0xff, 0xd0, 0xcc, 0xc8, 0xff, 0xd8, 0xd0, 0xd0, 0xff,
    0xd8, 0xcc, 0xc8, 0xff, 0xd0, 0xcc, 0xc8, 0xff, 0xd8, 0xd0, 0xd0, 0xff,
    0xd0, 0xcc, 0xc8, 0xff, 0xd8, 0xd0, 0xc8, 0xff, 0xd8, 0xd0, 0xd0, 0xff,
    0xd0, 0xcc, 0xc8, 0xff, 0xd8, 0xd0, 0xc8, 0xff, 0xd8, 0xcc, 0xd0, 0xff,
    0xd0, 0xd0, 0xc8, 0xff, 0xd8, 0xcc, 0xc8, 0xff, 0xd0, 0xcc, 0xd0, 0xff,
    0xd8, 0xd0, 0xc8, 0xff, 0xd8, 0xd0, 0xd0, 0xff, 0xd0, 0xcc, 0xc8, 0xff,
    0xd8, 0xd0, 0xc8, 0xff, 0xd8, 0xcc, 0xd0, 0xff, 0xd0, 0xd0, 0xc8, 0xff,
    0xd8, 0xcc, 0xc8, 0xff, 0xd0, 0xcc, 0xd0, 0xff, 0xd8, 0xd0, 0xc8, 0xff,
    0xd8, 0xcc, 0xd0, 0xff, 0xd0, 0xd0, 0xc8, 0xff, 0xd0, 0xd0, 0xc8, 0xff,
    0xd8, 0xcc, 0xd0, 0xff, 0xd0, 0xd0, 0xc8, 0xff, 0xd8, 0xcc, 0xc8, 0xff,
    0xd8, 0xcc, 0xd0, 0xff, 0xd0, 0xd0, 0xc8, 0xff, 0xd8, 0xcc, 0xd0, 0xff,
    0xd0, 0xd0, 0xc8, 0xff, 0xd8, 0xd0, 0xd0, 0xff, 0xd8, 0xcc, 0xc8, 0xff,
    0xd0, 0xd0, 0xc8, 0xff, 0xd8, 0xcc, 0xd0, 0xff, 0xd8, 0xcc, 0xc8, 0xff,
    0xd0, 0xd0, 0xc8, 0xff, 0xd8, 0xcc, 0xd0, 0xff, 0xd8, 0xd0, 0xc8, 0xff,
    0xd0, 0xcc, 0xc8, 0xff, 0xd8, 0xd0, 0xc8, 0xff, 0xd8, 0xcc, 0xd0, 0xff,
    0xd8, 0xd0, 0xd0, 0xff, 0xd0, 0xd0, 0xc8, 0xff, 0xd8, 0xcc, 0xc8, 0xff,
    0xd8, 0xd0, 0xd0, 0xff, 0xd0, 0xd0, 0xc8, 0xff, 0xd8, 0xcc, 0xc8, 0xff,
    0xd8, 0xd0, 0xd0, 0xff, 0xd0, 0xcc, 0xc8, 0xff, 0xd8, 0xcc, 0xd0, 0xff,
    0xd8, 0xd0, 0xc8, 0xff, 0xd0, 0xd0, 0xc8, 0xff, 0xd8, 0xcc, 0xd0, 0xff,
    0xd8, 0xd0, 0xc8, 0xff, 0xd0, 0xd0, 0xc8, 0xff, 0xd8, 0xcc, 0xd0, 0xff,
    0xd8, 0xd0, 0xc8, 0xff, 0xd0, 0xcc, 0xd0, 0xff, 0xd8, 0xcc, 0xc8, 0xff,
    0xd0, 0xd0, 0xd0, 0xff, 0xd8, 0xcc, 0xc8, 0xff, 0xd0, 0xd0, 0xc8, 0xff,
    0xd8, 0xd0, 0xd0, 0xff, 0xd8, 0xcc, 0xc8, 0xff, 0xd0, 0xd0, 0xc8, 0xff,
    0xd8, 0xd0, 0xd0, 0xff, 0xd0, 0xcc, 0xc8, 0xff, 0xd8, 0xd0, 0xc8, 0xff,
    0xd0, 0xd0, 0xd0, 0xff, 0xd8, 0xcc, 0xc8, 0xff, 0xd8, 0xd0, 0xd0, 0xff,
    0xd0, 0xcc, 0xc8, 0xff, 0xd8, 0xcc, 0xc8, 0xff, 0xd8, 0xd0, 0xd0, 0xff,
    0xd0, 0xcc, 0xc8, 0xff, 0xd8, 0xd0, 0xd0, 0xff, 0xd8, 0xcc, 0xc8, 0xff,
    0xd0, 0xd0, 0xc8, 0xff, 0xd8, 0xcc, 0xd0, 0xff, 0xd8, 0xd0, 0xc8, 0xff,
    0xd0, 0xcc, 0xc8, 0xff, 0xd8, 0xd0, 0xd0, 0xff, 0xd8, 0xcc, 0xc8, 0xff,
    0xd0, 0xcc, 0xc8, 0xff, 0xd0, 0xcc, 0xd0, 0xff, 0xd8, 0xd0, 0xc8, 0xff,
    0xd8, 0xcc, 0xc8, 0xff, 0xd0, 0xcc, 0xd0, 0xff, 0xd8, 0xd0, 0xc8, 0xff,
    0xd8, 0xcc, 0xc8, 0xff, 0xd0, 0xd0, 0xd0, 0xff, 0xd8, 0xd0, 0xc8, 0xff,
    0xd8, 0xcc, 0xc8, 0xff, 0xd0, 0xcc, 0xd0, 0xff, 0xd8, 0xd0, 0xc8, 0xff,
    0xd0, 0xcc, 0xc8, 0xff, 0xd8, 0xd0, 0xd0, 0xff, 0xd8, 0xd0, 0xc8, 0xff,
    0xd0, 0xcc, 0xd0, 0xff, 0xd8, 0xcc, 0xc8, 0xff, 0xd8, 0xd0, 0xc8, 0xff,
    0xd8, 0xcc, 0xd0, 0xff, 0xd0, 0xd0, 0xc8, 0xff, 0xd8, 0xd0, 0xc8, 0xff,
    0xd8, 0xcc, 0xd0, 0xff, 0xd0, 0xd0, 0xc8, 0xff, 0xd8, 0xcc, 0xd0, 0xff,
    0xd8, 0xcc, 0xd0, 0xff, 0xd0, 0xd0, 0xc8, 0xff, 0xd8, 0xcc, 0xc8, 0xff,
    0xd8, 0xd0, 0xd0, 0xff, 0xd0, 0xcc, 0xd0, 0xff, 0xd8, 0xd0, 0xc8, 0xff,
    0xd0, 0xcc, 0xd0, 0xff, 0xd8, 0xd0, 0xc8, 0xff, 0xd8, 0xcc, 0xc8, 0xff,
    0xd0, 0xcc, 0xd0, 0xff, 0xd8, 0xd0, 0xc8, 0xff, 0xd0, 0xd0, 0xd0, 0xff,
    0xd8, 0xcc, 0xc8, 0xff, 0xd8, 0xd0, 0xc8, 0xff, 0xd0, 0xd0, 0xc8, 0xff,
    0xd8, 0xcc, 0xc8, 0xff, 0xd0, 0xcc, 0xc8, 0xff, 0xd8, 0xd0, 0xd0, 0xff,
    0xd8, 0xd0, 0xc8, 0xff, 0xd0, 0xcc, 0xd0, 0xff, 0xd8, 0xd0, 0xc8, 0xff,
    0xd0, 0xd0, 0xd0, 0xff, 0xd8, 0xcc, 0xc8, 0xff, 0xd0, 0xcc, 0xc8, 0xff,
    0xd8, 0xd0, 0xc8, 0xff, 0xd8, 0xcc, 0xd0, 0xff, 0xd0, 0xd0, 0xc8, 0xff,
    0xd8, 0xd0, 0xc8, 0xff, 0xd8, 0xcc, 0xd0, 0xff, 0xd0, 0xcc, 0xd0, 0xff,
    0xd8, 0xd0, 0xc8, 0xff, 0xd8, 0xcc, 0xc8, 0xff, 0xd0, 0xd0, 0xd0, 0xff,
    0xd8, 0xd0, 0xc8, 0xff, 0xd0, 0xcc, 0xc8, 0xff, 0xd8, 0xd0, 0xd0, 0xff,
    0xd8, 0xd0, 0xc8, 0xff, 0xd0, 0xcc, 0xd0, 0xff, 0xd8, 0xd0, 0xc8, 0xff,
    0xd8, 0xcc, 0xd0, 0xff, 0xd0, 0xcc, 0xc8, 0xff, 0xd8, 0xd0, 0xc8, 0xff,
    0xd8, 0xcc, 0xc8, 0xff, 0xd0, 0xcc, 0xd0, 0xff, 0xd8, 0xd0, 0xc8, 0xff,
    0xd0, 0xd0, 0xc8, 0xff, 0xd8, 0xcc, 0xd0, 0xff, 0xd8, 0xd0, 0xd0, 0xff,
    0xd0, 0xcc, 0xc8, 0xff, 0xd8, 0xd0, 0xc8, 0xff, 0xd0, 0xcc, 0xd0, 0xff,
    0xd8, 0xcc, 0xc8, 0xff, 0xd8, 0xd0, 0xc8, 0xff, 0xd0, 0xd0, 0xd0, 0xff,
    0xd8, 0xcc, 0xc8, 0xff, 0xd8, 0xd0, 0xd0, 0xff, 0xd0, 0xd0, 0xc8, 0xff,
    0xd8, 0xcc, 0xd0, 0xff, 0xd8, 0xcc, 0xc8, 0xff, 0xd0, 0xd0, 0xc8, 0xff,
    0xd8, 0xd0, 0xc8, 0xff, 0xd0, 0xcc, 0xd0, 0xff, 0xd8, 0xd0, 0xc8, 0xff,
    0xd8, 0xcc, 0xc8, 0xff, 0xd0, 0xd0, 0xd0, 0xff, 0xd8, 0xcc, 0xd0, 0xff,
    0xd8, 0xcc, 0xc8, 0xff, 0xd0, 0xd0, 0xc8, 0xff, 0xd8, 0xcc, 0xd0, 0xff,
    0xd8, 0xd0, 0xc8, 0xff, 0xd0, 0xd0, 0xc8, 0xff, 0xd8, 0xcc, 0xd0, 0xff,
    0xd0, 0xd0, 0xc8, 0xff, 0xd8, 0xd0, 0xd0, 0xff, 0xd8, 0xcc, 0xc8, 0xff,
    0xd0, 0xcc, 0xd0, 0xff, 0xd8, 0xd0, 0xc8, 0xff, 0xd0, 0xcc, 0xc8, 0xff,
    0xd8, 0xcc, 0xc8, 0xff, 0xd8, 0xd0, 0xd0, 0xff, 0xd0, 0xcc, 0xc8, 0xff,
    0xd8, 0xd0, 0xc8, 0xff, 0xd8, 0xd0, 0xd0, 0xff, 0xd0, 0xcc, 0xd0, 0xff,
    0xd8, 0xd0, 0xc8, 0xff, 0xd8, 0xcc, 0xc8, 0xff, 0xd0, 0xcc, 0xd0, 0xff,
    0xd8, 0xd0, 0xc8, 0xff, 0xd0, 0xcc, 0xc8, 0xff, 0xd8, 0xd0, 0xd0, 0xff,
    0xd8, 0xd0, 0xc8, 0xff, 0xd0, 0xcc, 0xd0, 0xff, 0xd8, 0xd0, 0xc8, 0xff,
    0xd8, 0xcc, 0xd0, 0xff, 0xd0, 0xd0, 0xc8, 0xff, 0xd8, 0xcc, 0xc8, 0xff,
    0xd8, 0xd0, 0xc8, 0xff, 0xd0, 0xcc, 0xd0, 0xff, 0xd8, 0xd0, 0xc8, 0xff,
    0xd0, 0xcc, 0xc8, 0xff, 0xd8, 0xd0, 0xd0, 0xff, 0xd8, 0xcc, 0xd0, 0xff,
    0xd0, 0xcc, 0xc8, 0xff, 0xd8, 0xd0, 0xc8, 0xff, 0xd0, 0xcc, 0xd0, 0xff,
    0xd8, 0xd0, 0xc8, 0xff, 0xd8, 0xd0, 0xc8, 0xff, 0xd0, 0xcc, 0xd0, 0xff,
    0xd8, 0xd0, 0xc8, 0xff, 0xd8, 0xd0, 0xd0, 0xff, 0xd0, 0xcc, 0xc8, 0xff,
    0xd8, 0xcc, 0xd0, 0xff, 0xd8, 0xd0, 0xc8, 0xff, 0xd0, 0xcc, 0xc8, 0xff,
    0xd8, 0xcc, 0xc8, 0xff, 0xd0, 0xd0, 0xd0, 0xff, 0xd8, 0xcc, 0xc8, 0xff,
    0xd8, 0xd0, 0xc8, 0xff, 0xd0, 0xd0, 0xd0, 0xff, 0xd8, 0xcc, 0xd0, 0xff,
    0xd8, 0xd0, 0xc8, 0xff, 0xd0, 0xcc, 0xc8, 0xff, 0xd8, 0xcc, 0xd0, 0xff,
    0xd8, 0xd0, 0xc8, 0xff, 0xd0, 0xcc, 0xc8, 0xff, 0xd8, 0xd0, 0xd0, 0xff,
    0xd0, 0xd0, 0xc8, 0xff, 0xd8, 0xcc, 0xd0, 0xff, 0xd8, 0xd0, 0xc8, 0xff,
    0xd0, 0xcc, 0xd0, 0xff, 0xd8, 0xd0, 0xc8, 0xff, 0xd0, 0xcc, 0xc8, 0xff,
    0xd8, 0xd0, 0xc8, 0xff, 0xd8, 0xcc, 0xd0, 0xff, 0xd0, 0xd0, 0xc8, 0xff,
    0xd8, 0xcc, 0xc8, 0xff, 0xd8, 0xd0, 0xd0, 0xff, 0xd0, 0xcc, 0xd0, 0xff,
    0xd8, 0xcc, 0xc8, 0xff, 0xd8, 0xd0, 0xc8, 0xff, 0xd0, 0xcc, 0xd0, 0xff,
    0xd8, 0xd0, 0xc8, 0xff, 0xd0, 0xd0, 0xc8, 0xff, 0xd8, 0xcc, 0xd0, 0xff,
    0xd8, 0xd0, 0xc8, 0xff, 0xd0, 0xd0, 0xd0, 0xff, 0xd8, 0xcc, 0xc8, 0xff,
    0xd8, 0xcc, 0xd0, 0xff, 0xd0, 0xd0, 0xc8, 0xff, 0xd8, 0xcc, 0xc8, 0xff,
    0xd8, 0xcc, 0xc8, 0xff, 0xd0, 0xd0, 0xd0, 0xff, 0xd8, 0xcc, 0xc8, 0xff,
    0xd0, 0xd0, 0xc8, 0xff, 0xd8, 0xd0, 0xd0, 0xff, 0xd8, 0xcc, 0xd0, 0xff,
    0xd0, 0xd0, 0xc8, 0xff, 0xd8, 0xcc, 0xc8, 0xff, 0xd0, 0xcc, 0xd0, 0xff,
    0xd8, 0xd0, 0xc8, 0xff, 0xd8, 0xcc, 0xc8, 0xff, 0xd0, 0xd0, 0xd0, 0xff,
    0xd8, 0xd0, 0xc8, 0xff, 0xd8, 0xcc, 0xd0, 0xff, 0xd0, 0xd0, 0xc8, 0xff,
    0xd8, 0xcc, 0xd0, 0xff, 0xd8, 0xd0, 0xc8, 0xff, 0xd0, 0xcc, 0xc8, 0xff,
    0xd8, 0xd0, 0xc8, 0xff, 0xd0, 0xcc, 0xd0, 0xff, 0xd8, 0xd0, 0xc8, 0xff,
    0xd8, 0xcc, 0xc8, 0xff, 0xd0, 0xd0, 0xd0, 0xff, 0xd8, 0xcc, 0xd0, 0xff,
    0xd8, 0xd0, 0xc8, 0xff, 0xd0, 0xcc, 0xc8, 0xff, 0xd8, 0xcc, 0xd0, 0xff,
    0xd8, 0xd0, 0xc8, 0xff, 0xd0, 0xd0, 0xc8, 0xff, 0xd8, 0xcc, 0xd0, 0xff,
    0xd0, 0xd0, 0xc8, 0xff, 0xd8, 0xcc, 0xd0, 0xff, 0xd8, 0xd0, 0xc8, 0xff,
    0xd0, 0xcc, 0xd0, 0xff, 0xd8, 0xcc, 0xd0, 0xff, 0xd0, 0xd0, 0xc8, 0xff,
    0xd8, 0xd0, 0xc8, 0xff, 0xd8, 0xcc, 0xd0, 0xff, 0xd0, 0xd0, 0xc8, 0xff,
    0xd8, 0xd0, 0xc8, 0xff, 0xd8, 0xcc, 0xd0, 0xff, 0xd0, 0xd0, 0xc8, 0xff,
    0xd8, 0xd0, 0xc8, 0xff, 0xd8, 0xcc, 0xd0, 0xff, 0xd0, 0xcc, 0xc8, 0xff,
    0xd8, 0xd0, 0xc8, 0xff, 0xd8, 0xd0, 0xd0, 0xff, 0xd0, 0xcc, 0xc8, 0xff,
    0xd8, 0xd0, 0xd0, 0xff, 0xd8, 0xd0, 0xc8, 0xff, 0xd0, 0xcc, 0xc8, 0xff,
    0xd8, 0xcc, 0xd0, 0xff, 0xd8, 0xd0, 0xc8, 0xff, 0xd0, 0xcc, 0xc8, 0xff,
    0xd8, 0xcc, 0xd0, 0xff, 0xd8, 0xd0, 0xc8, 0xff, 0xd8, 0xcc, 0xc8, 0xff,
    0xd8, 0xcc, 0xc8, 0xff, 0xd0, 0xd0, 0xc8, 0xff, 0xd8, 0xd0, 0xd0, 0xff,
    0xd8, 0xcc, 0xc8, 0xff, 0xd0, 0xd0, 0xc8, 0xff, 0xd8, 0xcc, 0xd0, 0xff,
    0xd8, 0xd0, 0xc8, 0xff, 0xd0, 0xd0, 0xd0, 0xff, 0xd8, 0xcc, 0xc8, 0xff,
    0xd8, 0xd0, 0xc8, 0xff, 0xd8, 0xd0, 0xd0, 0xff, 0xd8, 0xcc, 0xc8, 0xff,
    0xd8, 0xcc, 0xc8, 0xff, 0xd0, 0xd0, 0xd0, 0xff, 0xd8, 0xcc, 0xc8, 0xff,
    0xd0, 0xcc, 0xc8, 0xff, 0xd8, 0xd0, 0xd0, 0xff, 0xd8, 0xd0, 0xc8, 0xff,
    0xd0, 0xcc, 0xd0, 0xff, 0xd8, 0xd0, 0xc8, 0xff, 0xd8, 0xd0, 0xd0, 0xff,
    0xd0, 0xd0, 0xc8, 0xff, 0xd8, 0xcc, 0xd0, 0xff, 0xd8, 0xcc, 0xc8, 0xff,
    0xd0, 0xd0, 0xd0, 0xff, 0xd8, 0xcc, 0xc8, 0xff, 0xd0, 0xcc, 0xd0, 0xff,
    0xd8, 0xd0, 0xc8, 0xff, 0xd8, 0xcc, 0xd0, 0xff, 0xd0, 0xd0, 0xc8, 0xff,
    0xd8, 0xcc, 0xc8, 0xff, 0xd8, 0xd0, 0xd0, 0xff, 0xd0, 0xcc, 0xc8, 0xff,
    0xd8, 0xcc, 0xc8, 0xff, 0xd8, 0xcc, 0xd0, 0xff, 0xd0, 0xd0, 0xc8, 0xff,
    0xd8, 0xd0, 0xd0, 0xff, 0xd0, 0xcc, 0xc8, 0xff, 0xd8, 0xd0, 0xd0, 0xff,
    0xd8, 0xd0, 0xc8, 0xff, 0xd0, 0xcc, 0xc8, 0xff, 0xd8, 0xcc, 0xd0, 0xff,
    0xd8, 0xd0, 0xc8, 0xff, 0xd0, 0xcc, 0xd0, 0xff, 0xd8, 0xcc, 0xc8, 0xff,
    0xd8, 0xd0, 0xd0, 0xff, 0xd0, 0xd0, 0xc8, 0xff, 0xd0, 0xcc, 0xc8, 0xff,
    0xd8, 0xd0, 0xd0, 0xff, 0xd8, 0xcc, 0xc8, 0xff, 0xd0, 0xcc, 0xc8, 0xff,
    0xd8, 0xd0, 0xd0, 0xff, 0xd8, 0xcc, 0xc8, 0xff, 0xd0, 0xd0, 0xd0, 0xff,
    0xd8, 0xd0, 0xc8, 0xff, 0xd8, 0xcc, 0xd0, 0xff, 0xd0, 0xd0, 0xc8, 0xff,
    0xd0, 0xcc, 0xc8, 0xff, 0xd8, 0xd0, 0xd0, 0xff, 0xd8, 0xcc, 0xc8, 0xff,
    0xd0, 0xcc, 0xc8, 0xff, 0xd8, 0xd0, 0xd0, 0xff, 0xd0, 0xcc, 0xc8, 0xff,
    0xd8, 0xcc, 0xc8, 0xff, 0xd8, 0xd0, 0xd0, 0xff, 0xd0, 0xcc, 0xc8, 0xff,
    0xd8, 0xd0, 0xc8, 0xff, 0xd0, 0xcc, 0xd0, 0xff, 0xd8, 0xd0, 0xc8, 0xff,
    0xd8, 0xd0, 0xc8, 0xff, 0xd0, 0xcc, 0xd0, 0xff, 0xd8, 0xcc, 0xc8, 0xff,
    0xd8, 0xd0, 0xc8, 0xff, 0xd0, 0xcc, 0xd0, 0xff, 0xd8, 0xcc, 0xc8, 0xff,
    0xd8, 0xd0, 0xc8, 0xff, 0xd0, 0xcc, 0xd0, 0xff, 0xd8, 0xd0, 0xc8, 0xff,
    0xd8, 0xd0, 0xc8, 0xff, 0xd0, 0xcc, 0xd0, 0xff, 0xd8, 0xd0, 0xc8, 0xff,
    0xd8, 0xcc, 0xc8, 0xff, 0xd0, 0xcc, 0xd0, 0xff, 0xd8, 0xd0, 0xc8, 0xff,
    0xd8, 0xcc, 0xc8, 0xff, 0xd0, 0xcc, 0xd0, 0xff, 0xd8, 0xd0, 0xc8, 0xff,
    0xd8, 0xcc, 0xd0, 0xff, 0xd0, 0xcc, 0xc8, 0xff, 0xd8, 0xd0, 0xd0, 0xff,
    0xd8, 0xcc, 0xc8, 0xff, 0xd0, 0xd0, 0xc8, 0xff, 0xd8, 0xd0, 0xd0, 0xff,
    0xd0, 0xcc, 0xc8, 0xff, 0xd8, 0xd0, 0xc8, 0xff, 0xd8, 0xcc, 0xd0, 0xff,
    0xd0, 0xd0, 0xc8, 0xff, 0xd8, 0xcc, 0xc8, 0xff, 0xd8, 0xcc, 0xd0, 0xff,
    0xd0, 0xd0, 0xc8, 0xff, 0xd0, 0xcc, 0xd0, 0xff, 0xd8, 0xcc, 0xc8, 0xff,
    0xd8, 0xd0, 0xc8, 0xff, 0xd0, 0xcc, 0xd0, 0xff, 0xd8, 0xd0, 0xc8, 0xff,
    0xd8, 0xd0, 0xc8, 0xff, 0xd8, 0xcc, 0xd0, 0xff, 0xd0, 0xd0, 0xc8, 0xff,
    0xd8, 0xd0, 0xc8, 0xff, 0xd0, 0xcc, 0xd0, 0xff, 0xd8, 0xcc, 0xc8, 0xff,
    0xd8, 0xd0, 0xc8, 0xff, 0xd0, 0xcc, 0xd0, 0xff, 0xd8, 0xd0, 0xc8, 0xff,
    0xd8, 0xd0, 0xc8, 0xff, 0xd8, 0xcc, 0xd0, 0xff, 0xd0, 0xcc, 0xc8, 0xff,
    0xd8, 0xd0, 0xd0, 0xff, 0xd8, 0xcc, 0xc8, 0xff, 0xd0, 0xd0, 0xc8, 0xff,
    0xd0, 0xd0, 0xd0, 0xff, 0xd8, 0xcc, 0xc8, 0xff, 0xd0, 0xcc, 0xc8, 0xff,
    0xd8, 0xd0, 0xd0, 0xff, 0xd8, 0xcc, 0xc8, 0xff, 0xd0, 0xcc, 0xc8, 0xff,
    0xd8, 0xd0, 0xd0, 0xff, 0xd0, 0xd0, 0xc8, 0xff, 0xd8, 0xcc, 0xc8, 0xff,
    0xd8, 0xd0, 0xc8, 0xff, 0xd0, 0xd0, 0xc8, 0xff, 0xd8, 0xcc, 0xc8, 0xff,
    0xd8, 0xcc, 0xc8, 0xff, 0xd0, 0xd0, 0xc8, 0xff, 0xd8, 0xcc, 0xd0, 0xff,
    0xd8, 0xd0, 0xd0, 0xff, 0xd0, 0xcc, 0xc8, 0xff, 0xd8, 0xd0, 0xd0, 0xff,
    0xd8, 0xcc, 0xc8, 0xff, 0xd0, 0xd0, 0xc8, 0xff, 0xd8, 0xcc, 0xd0, 0xff,
    0xd0, 0xcc, 0xc8, 0xff, 0xd8, 0xd0, 0xd0, 0xff, 0xd8, 0xcc, 0xd0, 0xff,
    0xd0, 0xd0, 0xc8, 0xff, 0xd8, 0xcc, 0xc8, 0xff, 0xd0, 0xcc, 0xd0, 0xff,
    0xd8, 0xd0, 0xc8, 0xff, 0xd8, 0xcc, 0xc8, 0xff, 0xd0, 0xcc, 0xd0, 0xff,
    0xd8, 0xd0, 0xc8, 0xff, 0xd8, 0xd0, 0xd0, 0xff, 0xd0, 0xcc, 0xd0, 0xff,
    0xd8, 0xd0, 0xc8, 0xff, 0xd0, 0xcc, 0xc8, 0xff, 0xd8, 0xcc, 0xd0, 0xff,
    0xd8, 0xd0, 0xc8, 0xff, 0xd0, 0xd0, 0xc8, 0xff, 0xd8, 0xcc, 0xd0, 0xff,
    0xd8, 0xd0, 0xc8, 0xff, 0xd0, 0xcc, 0xc8, 0xff, 0xd8, 0xcc, 0xd0, 0xff,
    0xd8, 0xd0, 0xc8, 0xff, 0xd0, 0xcc, 0xc8, 0xff, 0xd8, 0xcc, 0xc8, 0xff,
    0xd8, 0xd0, 0xd0, 0xff, 0xd0, 0xcc, 0xc8, 0xff, 0xd8, 0xd0, 0xc8, 0xff,
    0xd8, 0xd0, 0xd0, 0xff, 0xd0, 0xcc, 0xd0, 0xff, 0xd8, 0xd0, 0xc8, 0xff,
    0xd0, 0xcc, 0xd0, 0xff, 0xd8, 0xd0, 0xc8, 0xff, 0xd8, 0xcc, 0xc8, 0xff,
    0xd0, 0xd0, 0xd0, 0xff, 0xd8, 0xd0, 0xc8, 0xff, 0xd0, 0xcc, 0xc8, 0xff,
    0xd8, 0xd0, 0xd0, 0xff, 0xd8, 0xd0, 0xc8, 0xff, 0xd0, 0xcc, 0xc8, 0xff,
    0xd8, 0xd0, 0xc8, 0xff, 0xd0, 0xcc, 0xd0, 0xff, 0xd8, 0xcc, 0xc8, 0xff,
    0xd8, 0xd0, 0xc8, 0xff, 0xd0, 0xcc, 0xc8, 0xff, 0xd8, 0xd0, 0xd0, 0xff,
    0xd8, 0xcc, 0xc8, 0xff, 0xd0, 0xd0, 0xd0, 0xff, 0xd8, 0xcc, 0xd0, 0xff,
    0xd8, 0xcc, 0xc8, 0xff, 0xd0, 0xd0, 0xc8, 0xff, 0xd8, 0xcc, 0xd0, 0xff,
    0xd8, 0xd0, 0xc8, 0xff, 0xd0, 0xd0, 0xc8, 0xff, 0xd8, 0xcc, 0xd0, 0xff,
    0xd8, 0xd0, 0xc8, 0xff, 0xd0, 0xcc, 0xc8, 0xff, 0xd8, 0xcc, 0xd0, 0xff,
    0xd0, 0xd0, 0xc8, 0xff, 0xd8, 0xcc, 0xc8, 0xff, 0xd8, 0xcc, 0xc8, 0xff,
    0xd0, 0xd0, 0xd0, 0xff, 0xd8, 0xd0, 0xc8, 0xff, 0xd0, 0xcc, 0xc8, 0xff,
    0xd8, 0xd0, 0xd0, 0xff, 0xd8, 0xd0, 0xd0, 0xff, 0xd0, 0xcc, 0xc8, 0xff,
    0xd8, 0xd0, 0xd0, 0xff, 0xd0, 0xcc, 0xc8, 0xff, 0xd8, 0xd0, 0xc8, 0xff,
    0xd8, 0xcc, 0xd0, 0xff, 0xd0, 0xd0, 0xc8, 0xff, 0xd8, 0xd0, 0xc8, 0xff,
    0xd8, 0xcc, 0xd0, 0xff, 0xd0, 0xd0, 0xc8, 0xff, 0xd8, 0xd0, 0xc8, 0xff,
    0xd8, 0xcc, 0xc8, 0xff, 0xd0, 0xcc, 0xd0, 0xff, 0xd8, 0xd0, 0xc8, 0xff,
    0xd8, 0xcc, 0xc8, 0xff, 0xd0, 0xd0, 0xc8, 0xff, 0xd8, 0xd0, 0xd0, 0xff,
    0xd8, 0xcc, 0xc8, 0xff, 0xd0, 0xcc, 0xd0, 0xff, 0xd8, 0xd0, 0xd0, 0xff,
    0xd0, 0xcc, 0xc8, 0xff, 0xd8, 0xd0, 0xc8, 0xff, 0xd8, 0xd0, 0xd0, 0xff,
    0xd0, 0xcc, 0xc8, 0xff, 0xd8, 0xd0, 0xc8, 0xff, 0xd0, 0xd0, 0xd0, 0xff,
    0xd8, 0xcc, 0xc8, 0xff, 0xd8, 0xcc, 0xc8, 0xff, 0xd0, 0xd0, 0xd0, 0xff,
    0xd8, 0xcc, 0xc8, 0xff, 0xd0, 0xd0, 0xc8, 0xff, 0xd8, 0xcc, 0xc8, 0xff,
    0xd8, 0xcc, 0xd0, 0xff, 0xd0, 0xd0, 0xc8, 0xff, 0xd8, 0xd0, 0xc8, 0xff,
    0xd8, 0xcc, 0xd0, 0xff, 0xd0, 0xd0, 0xd0, 0xff, 0xd8, 0xd0, 0xc8, 0xff,
    0xd8, 0xcc, 0xd0, 0xff, 0xd0, 0xd0, 0xc8, 0xff, 0xd8, 0xcc, 0xc8, 0xff,
    0xd8, 0xd0, 0xd0, 0xff, 0xd0, 0xd0, 0xc8, 0xff, 0xd8, 0xcc, 0xc8, 0xff,
    0xd8, 0xd0, 0xd0, 0xff, 0xd0, 0xd0, 0xc8, 0xff, 0xd8, 0xcc, 0xc8, 0xff,
    0xd0, 0xd0, 0xc8, 0xff, 0xd8, 0xcc, 0xd0, 0xff, 0xd8, 0xcc, 0xc8, 0xff,
    0xd0, 0xd0, 0xc8, 0xff, 0xd8, 0xd0, 0xc8, 0xff, 0xd0, 0xcc, 0xd0, 0xff,
    0xd8, 0xd0, 0xc8, 0xff, 0xd8, 0xcc, 0xd0, 0xff, 0xd0, 0xd0, 0xd0, 0xff,
    0xd8, 0xcc, 0xc8, 0xff, 0xd0, 0xd0, 0xc8, 0xff, 0xd8, 0xd0, 0xd0, 0xff,
    0xd8, 0xcc, 0xc8, 0xff, 0xd0, 0xd0, 0xc8, 0xff, 0xd8, 0xd0, 0xd0, 0xff,
    0xd8, 0xcc, 0xc8, 0xff, 0xd0, 0xcc, 0xc8, 0xff, 0xd8, 0xd0, 0xd0, 0xff,
    0xd8, 0xcc, 0xc8, 0xff, 0xd0, 0xd0, 0xc8, 0xff, 0xd8, 0xcc, 0xc8, 0xff,
    0xd8, 0xcc, 0xd0, 0xff, 0xd0, 0xd0, 0xc8, 0xff, 0xd8, 0xd0, 0xc8, 0xff,
    0xd8, 0xcc, 0xd0, 0xff, 0xd0, 0xd0, 0xd0, 0xff, 0xd8, 0xd0, 0xc8, 0xff,
    0xd0, 0xcc, 0xd0, 0xff, 0xd8, 0xd0, 0xc8, 0xff, 0xd8, 0xcc, 0xc8, 0xff,
    0xd0, 0xd0, 0xd0, 0xff, 0xd8, 0xd0, 0xc8, 0xff, 0xd0, 0xcc, 0xc8, 0xff,
    0xd8, 0xd0, 0xd0, 0xff, 0xd8, 0xd0, 0xc8, 0xff, 0xd0, 0xcc, 0xc8, 0xff,
    0xd8, 0xd0, 0xc8, 0xff, 0xd0, 0xcc, 0xd0, 0xff, 0xd8, 0xcc, 0xc8, 0xff,
    0xd8, 0xd0, 0xc8, 0xff, 0xd0, 0xd0, 0xc8, 0xff, 0xd8, 0xcc, 0xd0, 0xff,
    0xd8, 0xd0, 0xc8, 0xff, 0xd0, 0xcc, 0xd0, 0xff, 0xd8, 0xd0, 0xd0, 0xff,
    0xd8, 0xcc, 0xc8, 0xff, 0xd0, 0xd0, 0xc8, 0xff, 0xd8, 0xd0, 0xd0, 0xff,
    0xd8, 0xcc, 0xc8, 0xff, 0xd0, 0xd0, 0xc8, 0xff, 0xd8, 0xd0, 0xd0, 0xff,
    0xd8, 0xcc, 0xc8, 0xff, 0xd0, 0xd0, 0xc8, 0xff, 0xd8, 0xd0, 0xd0, 0xff,
    0xd0, 0xcc, 0xc8, 0xff, 0xd8, 0xcc, 0xc8, 0xff, 0xd8, 0xd0, 0xc8, 0xff,
    0xd0, 0xcc, 0xd0, 0xff, 0xd8, 0xd0, 0xc8, 0xff, 0xd0, 0xcc, 0xc8, 0xff,
    0xd8, 0xd0, 0xc8, 0xff, 0xd8, 0xcc, 0xd0, 0xff, 0xd0, 0xcc, 0xc8, 0xff,
    0xd8, 0xd0, 0xd0, 0xff, 0xd0, 0xcc, 0xc8, 0xff, 0xd8, 0xcc, 0xd0, 0xff,
    0xd0, 0xd0, 0xc8, 0xff, 0xd8, 0xcc, 0xd0, 0xff, 0xd0, 0xcc, 0xc8, 0xff,
    0xd8, 0xd0, 0xd0, 0xff, 0xd8, 0xd0, 0xc8, 0xff, 0xd0, 0xcc, 0xc8, 0xff,
    0xd8, 0xcc, 0xd0, 0xff, 0xd8, 0xd0, 0xc8, 0xff, 0xd0, 0xcc, 0xc8, 0xff,
    0xd8, 0xcc, 0xd0, 0xff, 0xd0, 0xd0, 0xc8, 0xff, 0xd8, 0xcc, 0xd0, 0xff,
    0xd8, 0xd0, 0xc8, 0xff, 0xd0, 0xd0, 0xd0, 0xff, 0xd8, 0xcc, 0xc8, 0xff,
    0xd0, 0xd0, 0xc8, 0xff, 0xd8, 0xd0, 0xd0, 0xff, 0xd0, 0xcc, 0xc8, 0xff,
    0xd0, 0xcc, 0xc8, 0xff, 0xd8, 0xd0, 0xd0, 0xff, 0xd8, 0xcc, 0xc8, 0xff,
    0xd0, 0xd0, 0xc8, 0xff, 0xd0, 0xcc, 0xd0, 0xff, 0xd8, 0xd0, 0xc8, 0xff,
    0xd8, 0xcc, 0xc8, 0xff, 0xd0, 0xcc, 0xd0, 0xff, 0xd0, 0xd0, 0xc8, 0xff,
    0xd8, 0xcc, 0xc8, 0xff, 0xd0, 0xd0, 0xd0, 0xff, 0xd8, 0xcc, 0xc8, 0xff,
    0xd8, 0xd0, 0xc8, 0xff, 0xd8, 0xd0, 0xd0, 0xff, 0xd0, 0xcc, 0xc8, 0xff,
    0xd8, 0xd0, 0xd0, 0xff, 0xd0, 0xcc, 0xc8, 0xff, 0xd8, 0xcc, 0xc8, 0xff,
    0xd8, 0xd0, 0xd0, 0xff, 0xd0, 0xcc, 0xc8, 0xff, 0xd8, 0xcc, 0xc8, 0xff,
    0xd0, 0xd0, 0xd0, 0xff, 0xd8, 0xd0, 0xc8, 0xff, 0xd8, 0xcc, 0xc8, 0xff,
    0xd0, 0xd0, 0xd0, 0xff, 0xd8, 0xcc, 0xc8, 0xff, 0xd8, 0xd0, 0xc8, 0xff,
    0xd0, 0xd0, 0xd0, 0xff, 0xd8, 0xcc, 0xc8, 0xff, 0xd0, 0xd0, 0xc8, 0xff,
    0xd8, 0xd0, 0xd0, 0xff, 0xd8, 0xcc, 0xd0, 0xff, 0xd0, 0xd0, 0xc8, 0xff,
    0xd8, 0xd0, 0xc8, 0xff, 0xd0, 0xcc, 0xd0, 0xff, 0xd8, 0xcc, 0xc8, 0xff,
    0xd8, 0xd0, 0xc8, 0xff, 0xd0, 0xcc, 0xd0, 0xff, 0xd8, 0xcc, 0xc8, 0xff,
    0xd8, 0xd0, 0xd0, 0xff, 0xd0, 0xd0, 0xc8, 0xff, 0xd8, 0xcc, 0xc8, 0xff,
    0xd0, 0xd0, 0xd0, 0xff, 0xd8, 0xd0, 0xc8, 0xff, 0xd8, 0xcc, 0xc8, 0xff,
    0xd8, 0xd0, 0xd0, 0xff, 0xd8, 0xcc, 0xc8, 0xff, 0xd0, 0xd0, 0xd0, 0xff,
    0xd8, 0xd0, 0xc8, 0xff, 0xd8, 0xcc, 0xc8, 0xff, 0xd0, 0xd0, 0xd0, 0xff,
    0xd8, 0xcc, 0xc8, 0xff, 0xd0, 0xcc, 0xc8, 0xff, 0xd8, 0xd0, 0xc8, 0xff,
    0xd8, 0xcc, 0xd0, 0xff, 0xd0, 0xd0, 0xc8, 0xff, 0xd8, 0xcc, 0xd0, 0xff,
    0xd8, 0xd0, 0xc8, 0xff, 0xd0, 0xd0, 0xc8, 0xff, 0xd8, 0xcc, 0xd0, 0xff,
    0xd8, 0xd0, 0xc8, 0xff, 0xd0, 0xd0, 0xc8, 0xff, 0xd8, 0xcc, 0xc8, 0xff,
    0xd0, 0xd0, 0xd0, 0xff, 0xd8, 0xcc, 0xc8, 0xff, 0xd8, 0xd0, 0xc8, 0xff,
    0xd0, 0xcc, 0xd0, 0xff, 0xd8, 0xcc, 0xd0, 0xff, 0xd0, 0xd0, 0xc8, 0xff,
    0xd8, 0xcc, 0xc8, 0xff, 0xd0, 0xd0, 0xd0, 0xff, 0xd8, 0xd0, 0xc8, 0xff,
    0xd0, 0xcc, 0xd0, 0xff, 0xd8, 0xd0, 0xc8, 0xff, 0xd8, 0xd0, 0xc8, 0xff,
    0xd0, 0xcc, 0xd0, 0xff, 0xd8, 0xcc, 0xd0, 0xff, 0xd0, 0xd0, 0xc8, 0xff,
    0xd8, 0xcc, 0xc8, 0xff, 0xd8, 0xd0, 0xd0, 0xff, 0xd0, 0xd0, 0xc8, 0xff,
    0xd8, 0xcc, 0xc8, 0xff, 0xd8, 0xd0, 0xd0, 0xff, 0xd0, 0xd0, 0xc8, 0xff,
    0xd8, 0xcc, 0xd0, 0xff, 0xd0, 0xd0, 0xc8, 0xff, 0xd8, 0xd0, 0xc8, 0xff,
    0xd8, 0xcc, 0xd0, 0xff, 0xd0, 0xd0, 0xc8, 0xff, 0xd8, 0xcc, 0xc8, 0xff,
    0xd8, 0xcc, 0xd0, 0xff, 0xd0, 0xd0, 0xc8, 0xff, 0xd8, 0xcc, 0xc8, 0xff,
    0xd8, 0xd0, 0xd0, 0xff, 0xd0, 0xd0, 0xc8, 0xff, 0xd8, 0xcc, 0xd0, 0xff,
    0xd0, 0xd0, 0xc8, 0xff, 0xd8, 0xd0, 0xc8, 0xff, 0xd8, 0xcc, 0xd0, 0xff,
    0xd0, 0xd0, 0xc8, 0xff, 0xd8, 0xd0, 0xc8, 0xff, 0xd8, 0xcc, 0xd0, 0xff,
    0xd0, 0xd0, 0xc8, 0xff, 0xd8, 0xcc, 0xd0, 0xff, 0xd0, 0xd0, 0xc8, 0xff,
    0xd8, 0xd0, 0xd0, 0xff, 0xd8, 0xcc, 0xc8, 0xff, 0xd0, 0xcc, 0xd0, 0xff,
    0xd8, 0xd0, 0xc8, 0xff, 0xd8, 0xd0, 0xd0, 0xff, 0xd0, 0xcc, 0xc8, 0xff,
    0xd8, 0xd0, 0xd0, 0xff, 0xd0, 0xcc, 0xc8, 0xff, 0xd8, 0xcc, 0xd0, 0xff,
    0xd0, 0xd0, 0xc8, 0xff, 0xd8, 0xd0, 0xc8, 0xff, 0xd8, 0xcc, 0xd0, 0xff,
    0xd0, 0xd0, 0xc8, 0xff, 0xd8, 0xcc, 0xc8, 0xff, 0xd8, 0xcc, 0xd0, 0xff,
    0xd8, 0xd0, 0xc8, 0xff, 0xd0, 0xd0, 0xd0, 0xff, 0xd8, 0xcc, 0xc8, 0xff,
    0xd0, 0xd0, 0xd0, 0xff, 0xd8, 0xd0, 0xc8, 0xff, 0xd8, 0xcc, 0xd0, 0xff,
    0xd0, 0xcc, 0xc8, 0xff, 0xd8, 0xd0, 0xc8, 0xff, 0xd0, 0xcc, 0xd0, 0xff,
    0xd8, 0xd0, 0xd0, 0xff, 0xd8, 0xcc, 0xc8, 0xff, 0xd0, 0xd0, 0xd0, 0xff,
    0xd8, 0xd0, 0xd0, 0xff, 0xd8, 0xcc, 0xc8, 0xff, 0xd0, 0xd0, 0xc8, 0xff,
    0xd8, 0xcc, 0xc8, 0xff, 0xd0, 0xd0, 0xc8, 0xff, 0xd8, 0xd0, 0xd0, 0xff,
    0xd8, 0xcc, 0xc8, 0xff, 0xd0, 0xd0, 0xc8, 0xff, 0xd8, 0xcc, 0xd0, 0xff,
    0xd8, 0xd0, 0xc8, 0xff, 0xd0, 0xcc, 0xc8, 0xff, 0xd8, 0xd0, 0xd0, 0xff,
    0xd8, 0xd0, 0xc8, 0xff, 0xd0, 0xcc, 0xd0, 0xff, 0xd8, 0xd0, 0xc8, 0xff,
    0xd0, 0xd0, 0xc8, 0xff, 0xd8, 0xcc, 0xd0, 0xff, 0xd8, 0xcc, 0xc8, 0xff,
    0xd0, 0xd0, 0xc8, 0xff, 0xd8, 0xcc, 0xc8, 0xff, 0xd8, 0xd0, 0xd0, 0xff,
    0xd0, 0xd0, 0xc8, 0xff, 0xd8, 0xcc, 0xc8, 0xff, 0xd8, 0xcc, 0xd0, 0xff,
    0xd0, 0xd0, 0xc8, 0xff, 0xd0, 0xcc, 0xc8, 0xff, 0xd8, 0xd0, 0xd0, 0xff,
    0xd0, 0xd0, 0xc8, 0xff, 0xd8, 0xcc, 0xc8, 0xff, 0xd8, 0xd0, 0xd0, 0xff,
    0xd0, 0xd0, 0xc8, 0xff, 0xd8, 0xcc, 0xd0, 0xff, 0xd0, 0xd0, 0xc8, 0xff,
    0xd8, 0xcc, 0xc8, 0xff, 0xd0, 0xcc, 0xd0, 0xff, 0xd8, 0xd0, 0xc8, 0xff,
    0xd0, 0xcc, 0xc8, 0xff, 0xd8, 0xd0, 0xc8, 0xff, 0xd8, 0xcc, 0xd0, 0xff,
    0xd0, 0xd0, 0xc8, 0xff, 0xd8, 0xcc, 0xc8, 0xff, 0xd8, 0xcc, 0xd0, 0xff,
    0xd0, 0xd0, 0xc8, 0xff, 0xd8, 0xcc, 0xc8, 0xff, 0xd8, 0xcc, 0xd0, 0xff,
    0xd0, 0xd0, 0xc8, 0xff, 0xd8, 0xcc, 0xd0, 0xff, 0xd8, 0xd0, 0xc8, 0xff,
    0xd0, 0xd0, 0xd0, 0xff, 0xd8, 0xcc, 0xc8, 0xff, 0xd8, 0xd0, 0xd0, 0xff,
    0xd0, 0xcc, 0xc8, 0xff, 0xd0, 0xd0, 0xd0, 0xff, 0xd8, 0xcc, 0xc8, 0xff,
    0xd0, 0xd0, 0xc8, 0xff, 0xd8, 0xd0, 0xc8, 0xff, 0xd8, 0xcc, 0xd0, 0xff,
    0xd0, 0xd0, 0xc8, 0xff, 0xd8, 0xcc, 0xc8, 0xff, 0xd0, 0xcc, 0xd0, 0xff,
    0xd8, 0xd0, 0xc8, 0xff, 0xd0, 0xcc, 0xc8, 0xff, 0xd8, 0xd0, 0xd0, 0xff,
    0xd0, 0xd0, 0xc8, 0xff, 0xd8, 0xcc, 0xc8, 0xff, 0xd8, 0xd0, 0xd0, 0xff,
    0xd0, 0xd0, 0xc8, 0xff, 0xd8, 0xcc, 0xd0, 0xff, 0xd8, 0xcc, 0xc8, 0xff,
    0xd0, 0xd0, 0xc8, 0xff, 0xd8, 0xcc, 0xd0, 0xff, 0xd8, 0xcc, 0xc8, 0xff,
    0xd0, 0xd0, 0xc8, 0xff, 0xd8, 0xcc, 0xc8, 0xff, 0xd8, 0xd0, 0xd0, 0xff,
    0xd0, 0xcc, 0xc8, 0xff, 0xd8, 0xd0, 0xc8, 0xff, 0xd8, 0xcc, 0xd0, 0xff,
    0xd0, 0xcc, 0xc8, 0xff, 0xd0, 0xd0, 0xc8, 0xff, 0xd8, 0xcc, 0xd0, 0xff,
    0xd0, 0xcc, 0xc8, 0xff, 0xd8, 0xd0, 0xd0, 0xff, 0xd8, 0xd0, 0xc8, 0xff,
    0xd0, 0xcc, 0xd0, 0xff, 0xd8, 0xd0, 0xc8, 0xff, 0xd0, 0xcc, 0xd0, 0xff,
    0xd8, 0xcc, 0xc8, 0xff, 0xd0, 0xd0, 0xd0, 0xff, 0xd8, 0xcc, 0xc8, 0xff,
    0xd0, 0xd0, 0xc8, 0xff, 0xd8, 0xd0, 0xc8, 0xff, 0xd8, 0xcc, 0xd0, 0xff,
    0xd0, 0xcc, 0xc8, 0xff, 0xd8, 0xd0, 0xc8, 0xff, 0xd8, 0xcc, 0xd0, 0xff,
    0xd0, 0xcc, 0xc8, 0xff, 0xd8, 0xd0, 0xc8, 0xff, 0xd8, 0xcc, 0xd0, 0xff,
    0xd0, 0xd0, 0xc8, 0xff, 0xd8, 0xd0, 0xc8, 0xff, 0xd8, 0xcc, 0xd0, 0xff,
    0xd0, 0xcc, 0xc8, 0xff, 0xd8, 0xd0, 0xd0, 0xff, 0xd8, 0xd0, 0xc8, 0xff,
    0xd0, 0xcc, 0xc8, 0xff, 0xd0, 0xcc, 0xd0, 0xff, 0xd8, 0xd0, 0xc8, 0xff,
    0xd0, 0xcc, 0xc8, 0xff, 0xd8, 0xcc, 0xc8, 0xff, 0xd8, 0xd0, 0xd0, 0xff,
    0xd0, 0xcc, 0xc8, 0xff, 0xd8, 0xcc, 0xc8, 0xff, 0xd0, 0xd0, 0xd0, 0xff,
    0xd8, 0xcc, 0xc8, 0xff, 0xd0, 0xcc, 0xc8, 0xff, 0xd8, 0xcc, 0xd0, 0xff,
    0xd0, 0xd0, 0xc8, 0xff, 0xd8, 0xcc, 0xd0, 0xff, 0xd8, 0xd0, 0xc8, 0xff,
    0xd0, 0xd0, 0xd0, 0xff, 0xd8, 0xcc, 0xc8, 0xff, 0xd8, 0xcc, 0xd0, 0xff,
    0xd0, 0xd0, 0xc8, 0xff, 0xd8, 0xcc, 0xd0, 0xff, 0xd8, 0xcc, 0xc8, 0xff,
    0xd0, 0xd0, 0xc8, 0xff, 0xd8, 0xcc, 0xc8, 0xff, 0xd8, 0xd0, 0xd0, 0xff,
    0xd0, 0xcc, 0xc8, 0xff, 0xd8, 0xcc, 0xc8, 0xff, 0xd8, 0xd0, 0xd0, 0xff,
    0xd0, 0xcc, 0xc8, 0xff, 0xd0, 0xcc, 0xc8, 0xff, 0xd8, 0xd0, 0xd0, 0xff,
    0xd0, 0xd0, 0xc8, 0xff, 0xd8, 0xcc, 0xc8, 0xff, 0xd8, 0xd0, 0xd0, 0xff,
    0xd0, 0xcc, 0xc8, 0xff, 0xd8, 0xcc, 0xd0, 0xff, 0xd0, 0xd0, 0xc8, 0xff,
    0xd8, 0xcc, 0xc8, 0xff, 0xd0, 0xd0, 0xd0, 0xff, 0xd8, 0xcc, 0xc8, 0xff,
    0xd0, 0xcc, 0xc8, 0xff, 0xd8, 0xd0, 0xc8, 0xff, 0xd8, 0xcc, 0xd0, 0xff,
    0xd0, 0xd0, 0xc8, 0xff, 0xd8, 0xcc, 0xc8, 0xff, 0xd8, 0xcc, 0xd0, 0xff,
    0xd0, 0xd0, 0xc8, 0xff, 0xd8, 0xcc, 0xc8, 0xff, 0xd8, 0xcc, 0xd0, 0xff,
    0xd0, 0xd0, 0xc8, 0xff, 0xd8, 0xcc, 0xd0, 0xff, 0xd8, 0xd0, 0xc8, 0xff,
    0xd0, 0xd0, 0xd0, 0xff, 0xd8, 0xcc, 0xc8, 0xff, 0xd8, 0xcc, 0xd0, 0xff,
    0xd0, 0xd0, 0xc8, 0xff, 0xd0, 0xcc, 0xd0, 0xff, 0xd8, 0xcc, 0xc8, 0xff,
    0xd0, 0xd0, 0xc8, 0xff, 0xd8, 0xcc, 0xc8, 0xff, 0xd8, 0xd0, 0xd0, 0xff,
    0xd0, 0xcc, 0xc8, 0xff, 0xd8, 0xcc, 0xc8, 0xff, 0xd0, 0xd0, 0xd0, 0xff,
    0xd8, 0xcc, 0xc8, 0xff, 0xd0, 0xcc, 0xc8, 0xff, 0xd8, 0xd0, 0xd0, 0xff,
    0xd0, 0xcc, 0xc8, 0xff, 0xd8, 0xcc, 0xc8, 0xff, 0xd8, 0xd0, 0xd0, 0xff,
    0xd0, 0xcc, 0xc8, 0xff, 0xd8, 0xd0, 0xd0, 0xff, 0xd8, 0xcc, 0xc8, 0xff,
    0xd0, 0xd0, 0xc8, 0xff, 0xd8, 0xcc, 0xd0, 0xff, 0xd8, 0xd0, 0xc8, 0xff,
    0xd0, 0xd0, 0xc8, 0xff, 0xd8, 0xcc, 0xc8, 0xff, 0xd8, 0xd0, 0xd0, 0xff,
    0xd0, 0xd0, 0xc8, 0xff, 0xd8, 0xcc, 0xc8, 0xff, 0xd8, 0xd0, 0xd0, 0xff,
    0xd8, 0xd0, 0xc8, 0xff, 0xd0, 0xcc, 0xc8, 0xff, 0xd8, 0xcc, 0xd0, 0xff,
    0xd0, 0xd0, 0xc8, 0xff, 0xd8, 0xd0, 0xc8, 0xff, 0xd0, 0xcc, 0xd0, 0xff,
    0xd8, 0xd0, 0xd0, 0xff, 0xd0, 0xd0, 0xc8, 0xff, 0xd8, 0xcc, 0xc8, 0xff,
    0xd8, 0xd0, 0xd0, 0xff, 0xd0, 0xcc, 0xc8, 0xff, 0xd8, 0xd0, 0xc8, 0xff,
    0xd0, 0xcc, 0xd0, 0xff, 0xd8, 0xcc, 0xc8, 0xff, 0xd8, 0xd0, 0xd0, 0xff,
    0xd0, 0xcc, 0xc8, 0xff, 0xd8, 0xcc, 0xc8, 0xff, 0xd8, 0xd0, 0xd0, 0xff,
    0xd8, 0xd0, 0xc8, 0xff, 0xd0, 0xcc, 0xd0, 0xff, 0xd8, 0xcc, 0xc8, 0xff,
    0xd8, 0xd0, 0xc8, 0xff, 0xd0, 0xd0, 0xd0, 0xff, 0xd8, 0xcc, 0xc8, 0xff,
    0xd8, 0xd0, 0xc8, 0xff, 0xd0, 0xcc, 0xd0, 0xff, 0xd8, 0xd0, 0xc8, 0xff,
    0xd8, 0xcc, 0xd0, 0xff, 0xd0, 0xcc, 0xc8, 0xff, 0xd0, 0xd0, 0xd0, 0xff,
    0xd8, 0xcc, 0xc8, 0xff, 0xd0, 0xcc, 0xc8, 0xff, 0xd8, 0xd0, 0xd0, 0xff,
    0xd8, 0xd0, 0xc8, 0xff, 0xd0, 0xcc, 0xc8, 0xff, 0xd8, 0xd0, 0xd0, 0xff,
    0xd8, 0xd0, 0xc8, 0xff, 0xd0, 0xcc, 0xc8, 0xff, 0xd8, 0xcc, 0xd0, 0xff,
    0xd8, 0xd0, 0xc8, 0xff, 0xd0, 0xcc, 0xc8, 0xff, 0xd8, 0xd0, 0xd0, 0xff,
    0xd8, 0xcc, 0xc8, 0xff, 0xd0, 0xd0, 0xc8, 0xff, 0xd8, 0xcc, 0xd0, 0xff,
    0xd8, 0xcc, 0xc8, 0xff, 0xd0, 0xd0, 0xc8, 0xff, 0xd8, 0xcc, 0xd0, 0xff,
    0xd0, 0xcc, 0xc8, 0xff, 0xd8, 0xd0, 0xc8, 0xff, 0xd8, 0xcc, 0xd0, 0xff,
    0xd0, 0xd0, 0xc8, 0xff, 0xd8, 0xd0, 0xc8, 0xff, 0xd8, 0xcc, 0xd0, 0xff,
    0xd0, 0xd0, 0xc8, 0xff, 0xd8, 0xd0, 0xc8, 0xff, 0xd0, 0xcc, 0xd0, 0xff,
    0xd8, 0xcc, 0xc8, 0xff, 0xd8, 0xd0, 0xc8, 0xff, 0xd0, 0xcc, 0xd0, 0xff,
    0xd8, 0xcc, 0xc8, 0xff, 0xd0, 0xd0, 0xc8, 0xff, 0xd0, 0xcc, 0xd0, 0xff,
    0xd8, 0xcc, 0xc8, 0xff, 0xd8, 0xd0, 0xc8, 0xff, 0xd0, 0xcc, 0xd0, 0xff,
    0xd8, 0xcc, 0xc8, 0xff, 0xd8, 0xd0, 0xc8, 0xff, 0xd0, 0xd0, 0xd0, 0xff,
    0xd8, 0xcc, 0xc8, 0xff, 0xd8, 0xd0, 0xd0, 0xff, 0xd0, 0xcc, 0xc8, 0xff,
    0xd8, 0xcc, 0xc8, 0xff, 0xd0, 0xd0, 0xd0, 0xff, 0xd8, 0xcc, 0xc8, 0xff,
    0xd8, 0xcc, 0xd0, 0xff, 0xd0, 0xd0, 0xc8, 0xff, 0xd8, 0xcc, 0xd0, 0xff,
    0xd8, 0xd0, 0xd0, 0xff, 0xd0, 0xcc, 0xc8, 0xff, 0xd8, 0xd0, 0xd0, 0xff,
    0xd8, 0xd0, 0xc8, 0xff, 0xd0, 0xcc, 0xc8, 0xff, 0xd8, 0xd0, 0xd0, 0xff,
    0xd8, 0xd0, 0xc8, 0xff, 0xd0, 0xcc, 0xc8, 0xff, 0xd8, 0xcc, 0xd0, 0xff,
    0xd8, 0xd0, 0xc8, 0xff, 0xd8, 0xcc, 0xc8, 0xff, 0xd0, 0xd0, 0xd0, 0xff,
    0xd8, 0xcc, 0xc8, 0xff, 0xd8, 0xcc, 0xc8, 0xff, 0xd0, 0xd0, 0xd0, 0xff,
    0xd8, 0xd0, 0xc8, 0xff, 0xd8, 0xcc, 0xc8, 0xff, 0xd0, 0xcc, 0xd0, 0xff,
    0xd8, 0xd0, 0xc8, 0xff, 0xd0, 0xcc, 0xc8, 0xff, 0xd8, 0xcc, 0xd0, 0xff,
    0xd0, 0xd0, 0xc8, 0xff, 0xd8, 0xcc, 0xc8, 0xff, 0xd8, 0xcc, 0xd0, 0xff,
    0xd0, 0xd0, 0xc8, 0xff, 0xd8, 0xcc, 0xc8, 0xff, 0xd0, 0xcc, 0xd0, 0xff,
    0xd8, 0xd0, 0xc8, 0xff, 0xd0, 0xd0, 0xc8, 0xff, 0xd8, 0xcc, 0xd0, 0xff,
    0xd0, 0xd0, 0xc8, 0xff, 0xd8, 0xcc, 0xd0, 0xff, 0xd8, 0xcc, 0xc8, 0xff,
    0xd0, 0xd0, 0xc8, 0xff, 0xd8, 0xcc, 0xd0, 0xff, 0xd8, 0xcc, 0xc8, 0xff,
    0xd0, 0xd0, 0xd0, 0xff, 0xd8, 0xcc, 0xc8, 0xff, 0xd0, 0xcc, 0xd0, 0xff,
    0xd8, 0xd0, 0xc8, 0xff, 0xd8, 0xcc, 0xc8, 0xff, 0xd0, 0xd0, 0xd0, 0xff,
    0xd8, 0xcc, 0xc8, 0xff, 0xd8, 0xd0, 0xc8, 0xff, 0xd0, 0xcc, 0xd0, 0xff,
    0xd0, 0xcc, 0xc8, 0xff, 0xd8, 0xd0, 0xc8, 0xff, 0xd8, 0xcc, 0xd0, 0xff,
    0xd0, 0xcc, 0xc8, 0xff, 0xd8, 0xd0, 0xc8, 0xff, 0xd8, 0xd0, 0xd0, 0xff,
    0xd0, 0xcc, 0xc8, 0xff, 0xd8, 0xd0, 0xc8, 0xff, 0xd8, 0xcc, 0xd0, 0xff,
    0xd0, 0xcc, 0xc8, 0xff, 0xd0, 0xd0, 0xc8, 0xff, 0xd8, 0xd0, 0xd0, 0xff,
    0xd0, 0xcc, 0xc8, 0xff, 0xd0, 0xd0, 0xd0, 0xff, 0xd8, 0xcc, 0xc8, 0xff,
    0xd8, 0xcc, 0xc8, 0xff, 0xd8, 0xd0, 0xd0, 0xff, 0xd0, 0xcc, 0xc8, 0xff,
    0xd8, 0xcc, 0xc8, 0xff, 0xd0, 0xd0, 0xd0, 0xff, 0xd8, 0xd0, 0xc8, 0xff,
    0xd8, 0xcc, 0xc8, 0xff, 0xd0, 0xcc, 0xd0, 0xff, 0xd8, 0xd0, 0xc8, 0xff,
    0xd0, 0xcc, 0xc8, 0xff, 0xd8, 0xcc, 0xd0, 0xff, 0xd0, 0xd0, 0xc8, 0xff,
    0xd8, 0xcc, 0xc8, 0xff, 0xd0, 0xd0, 0xd0, 0xff, 0xd8, 0xcc, 0xc8, 0xff,
    0xd8, 0xcc, 0xc8, 0xff, 0xd0, 0xd0, 0xd0, 0xff, 0xd8, 0xcc, 0xc8, 0xff,
    0xd0, 0xcc, 0xc8, 0xff, 0xd8, 0xd0, 0xd0, 0xff, 0xd8, 0xd0, 0xc8, 0xff,
    0xd0, 0xcc, 0xc8, 0xff, 0xd8, 0xd0, 0xc8, 0xff, 0xd0, 0xcc, 0xc8, 0xff,
    0xd8, 0xcc, 0xd0, 0xff, 0xd8, 0xd0, 0xc8, 0xff, 0xd8, 0xcc, 0xc8, 0xff,
    0xd0, 0xd0, 0xd0, 0xff, 0xd8, 0xd0, 0xc8, 0xff, 0xd8, 0xd0, 0xd0, 0xff,
    0xd0, 0xcc, 0xc8, 0xff, 0xd8, 0xcc, 0xc8, 0xff, 0xd8, 0xd0, 0xd0, 0xff,
    0xd0, 0xcc, 0xc8, 0xff, 0xd8, 0xd0, 0xd0, 0xff, 0xd8, 0xd0, 0xc8, 0xff,
    0xd0, 0xcc, 0xd0, 0xff, 0xd8, 0xcc, 0xc8, 0xff, 0xd8, 0xd0, 0xc8, 0xff,
    0xd0, 0xcc, 0xd0, 0xff, 0xd8, 0xcc, 0xc8, 0xff, 0xd0, 0xd0, 0xc8, 0xff,
    0xd8, 0xcc, 0xd0, 0xff, 0xd8, 0xd0, 0xc8, 0xff, 0xd0, 0xd0, 0xd0, 0xff,
    0xd8, 0xcc, 0xc8, 0xff, 0xd8, 0xd0, 0xd0, 0xff, 0xd0, 0xcc, 0xc8, 0xff,
    0xd8, 0xd0, 0xc8, 0xff, 0xd8, 0xcc, 0xd0, 0xff, 0xd0, 0xd0, 0xc8, 0xff,
    0xd8, 0xd0, 0xc8, 0xff, 0xd0, 0xcc, 0xd0, 0xff, 0xd8, 0xd0, 0xd0, 0xff,
    0xd8, 0xd0, 0xc8, 0xff, 0xd0, 0xcc, 0xc8, 0xff, 0xd8, 0xd0, 0xd0, 0xff,
    0xd0, 0xcc, 0xc8, 0xff, 0xd8, 0xcc, 0xc8, 0xff, 0xd8, 0xd0, 0xd0, 0xff,
    0xd0, 0xcc, 0xc8, 0xff, 0xd8, 0xd0, 0xc8, 0xff, 0xd8, 0xcc, 0xc8, 0xff,
    0xd0, 0xd0, 0xd0, 0xff, 0xd8, 0xcc, 0xc8, 0xff, 0xd8, 0xcc, 0xd0, 0xff,
    0xd0, 0xd0, 0xc8, 0xff, 0xd8, 0xcc, 0xc8, 0xff, 0xd0, 0xd0, 0xd0, 0xff,
    0xd8, 0xd0, 0xc8, 0xff, 0xd8, 0xcc, 0xd0, 0xff, 0xd0, 0xd0, 0xc8, 0xff,
    0xd8, 0xcc, 0xd0, 0xff, 0xd8, 0xcc, 0xc8, 0xff, 0xd0, 0xd0, 0xc8, 0xff,
    0xd8, 0xcc, 0xd0, 0xff, 0xd8, 0xcc, 0xc8, 0xff, 0xd0, 0xd0, 0xc8, 0xff,
    0xd8, 0xd0, 0xd0, 0xff, 0xd0, 0xcc, 0xc8, 0xff, 0xd8, 0xd0, 0xd0, 0xff,
    0xd8, 0xd0, 0xc8, 0xff, 0xd0, 0xcc, 0xd0, 0xff, 0xd8, 0xd0, 0xc8, 0xff,
    0xd0, 0xcc, 0xc8, 0xff, 0xd8, 0xd0, 0xd0, 0xff, 0xd8, 0xcc, 0xc8, 0xff,
    0xd0, 0xd0, 0xc8, 0xff, 0xd8, 0xd0, 0xd0, 0xff, 0xd8, 0xcc, 0xd0, 0xff,
    0xd0, 0xd0, 0xc8, 0xff, 0xd8, 0xd0, 0xc8, 0xff, 0xd8, 0xcc, 0xd0, 0xff,
    0xd0, 0xcc, 0xc8, 0xff, 0xd8, 0xd0, 0xc8, 0xff, 0xd0, 0xcc, 0xd0, 0xff,
    0xd8, 0xd0, 0xc8, 0xff, 0xd8, 0xd0, 0xc8, 0xff, 0xd0, 0xcc, 0xc8, 0xff,
    0xd8, 0xd0, 0xd0, 0xff, 0xd8, 0xcc, 0xc8, 0xff, 0xd0, 0xcc, 0xd0, 0xff,
    0xd8, 0xd0, 0xc8, 0xff, 0xd8, 0xd0, 0xc8, 0xff, 0xd0, 0xcc, 0xd0, 0xff,
    0xd8, 0xd0, 0xc8, 0xff, 0xd0, 0xd0, 0xd0, 0xff, 0xd8, 0xcc, 0xc8, 0xff,
    0xd8, 0xd0, 0xd0, 0xff, 0xd0, 0xcc, 0xc8, 0xff, 0xd8, 0xcc, 0xc8, 0xff,
    0xd0, 0xd0, 0xd0, 0xff, 0xd8, 0xd0, 0xc8, 0xff, 0xd8, 0xcc, 0xc8, 0xff,
    0xd0, 0xd0, 0xd0, 0xff, 0xd8, 0xcc, 0xc8, 0xff, 0xd8, 0xd0, 0xd0, 0xff,
    0xd0, 0xd0, 0xc8, 0xff, 0xd8, 0xcc, 0xd0, 0xff, 0xd8, 0xd0, 0xc8, 0xff,
    0xd0, 0xd0, 0xc8, 0xff, 0xd8, 0xcc, 0xd0, 0xff, 0xd0, 0xd0, 0xc8, 0xff,
    0xd8, 0xd0, 0xc8, 0xff, 0xd8, 0xcc, 0xd0, 0xff, 0xd0, 0xd0, 0xd0, 0xff,
    0xd8, 0xd0, 0xc8, 0xff, 0xd8, 0xcc, 0xc8, 0xff, 0xd0, 0xd0, 0xd0, 0xff,
    0xd8, 0xcc, 0xc8, 0xff, 0xd8, 0xcc, 0xc8, 0xff, 0xd0, 0xd0, 0xd0, 0xff,
    0xd8, 0xcc, 0xc8, 0xff, 0xd0, 0xd0, 0xc8, 0xff, 0xd8, 0xd0, 0xc8, 0xff,
    0xd8, 0xcc, 0xd0, 0xff, 0xd0, 0xd0, 0xc8, 0xff, 0xd8, 0xd0, 0xd0, 0xff,
    0xd0, 0xcc, 0xc8, 0xff, 0xd8, 0xd0, 0xc8, 0xff, 0xd8, 0xcc, 0xd0, 0xff,
    0xd0, 0xd0, 0xc8, 0xff, 0xd8, 0xcc, 0xd0, 0xff, 0xd8, 0xd0, 0xc8, 0xff,
    0xd0, 0xd0, 0xd0, 0xff, 0xd8, 0xcc, 0xc8, 0xff, 0xd8, 0xcc, 0xc8, 0xff,
    0xd0, 0xd0, 0xd0, 0xff, 0xd8, 0xd0, 0xc8, 0xff, 0xd0, 0xcc, 0xc8, 0xff,
    0xd8, 0xd0, 0xd0, 0xff, 0xd8, 0xd0, 0xc8, 0xff, 0xd0, 0xcc, 0xd0, 0xff,
    0xd8, 0xd0, 0xc8, 0xff, 0xd8, 0xd0, 0xd0, 0xff, 0xd0, 0xcc, 0xc8, 0xff,
    0xd8, 0xd0, 0xc8, 0xff, 0xd8, 0xcc, 0xd0, 0xff, 0xd0, 0xd0, 0xc8, 0xff,
    0xd8, 0xcc, 0xc8, 0xff, 0xd0, 0xd0, 0xd0, 0xff, 0xd8, 0xd0, 0xd0, 0xff,
    0xd8, 0xcc, 0xc8, 0xff, 0xd0, 0xcc, 0xc8, 0xff, 0xd8, 0xd0, 0xd0, 0xff,
    0xd0, 0xcc, 0xc8, 0xff, 0xd8, 0xcc, 0xc8, 0xff, 0xd8, 0xd0, 0xd0, 0xff,
    0xd0, 0xcc, 0xc8, 0xff, 0xd8, 0xd0, 0xc8, 0xff, 0xd8, 0xd0, 0xc8, 0xff,
    0xd0, 0xcc, 0xd0, 0xff, 0xd8, 0xd0, 0xc8, 0xff, 0xd8, 0xd0, 0xd0, 0xff,
    0xd0, 0xcc, 0xc8, 0xff, 0xd8, 0xd0, 0xc8, 0xff, 0xd0, 0xcc, 0xd0, 0xff,
    0xd8, 0xd0, 0xc8, 0xff, 0xd8, 0xcc, 0xd0, 0xff, 0xd0, 0xd0, 0xc8, 0xff,
    0xd8, 0xd0, 0xd0, 0xff, 0xd8, 0xcc, 0xc8, 0xff, 0xd0, 0xd0, 0xc8, 0xff,
    0xd8, 0xd0, 0xd0, 0xff, 0xd8, 0xcc, 0xc8, 0xff, 0xd0, 0xd0, 0xc8, 0xff,
    0xd8, 0xd0, 0xd0, 0xff, 0xd0, 0xcc, 0xc8, 0xff, 0xd8, 0xd0, 0xd0, 0xff,
    0xd8, 0xcc, 0xc8, 0xff, 0xd0, 0xcc, 0xd0, 0xff, 0xd8, 0xd0, 0xd0, 0xff,
    0xd0, 0xcc, 0xc8, 0xff, 0xd8, 0xcc, 0xd0, 0xff, 0xd8, 0xd0, 0xc8, 0xff,
    0xd0, 0xcc, 0xc8, 0xff, 0xd8, 0xcc, 0xd0, 0xff, 0xd0, 0xd0, 0xc8, 0xff,
    0xd8, 0xd0, 0xc8, 0xff, 0xd8, 0xcc, 0xd0, 0xff, 0xd0, 0xd0, 0xc8, 0xff,
    0xd8, 0xcc, 0xc8, 0xff, 0xd8, 0xcc, 0xd0, 0xff, 0xd8, 0xd0, 0xc8, 0xff,
    0xd0, 0xcc, 0xc8, 0xff, 0xd8, 0xcc, 0xd0, 0xff, 0xd8, 0xd0, 0xc8, 0xff,
    0xd0, 0xd0, 0xc8, 0xff, 0xd8, 0xcc, 0xd0, 0xff, 0xd8, 0xd0, 0xc8, 0xff,
    0xd0, 0xd0, 0xc8, 0xff, 0xd8, 0xcc, 0xd0, 0xff, 0xd8, 0xd0, 0xc8, 0xff,
    0xd0, 0xd0, 0xc8, 0xff, 0xd8, 0xcc, 0xd0, 0xff, 0xd8, 0xcc, 0xc8, 0xff,
    0xd8, 0xcc, 0xc8, 0xff, 0xd0, 0xd0, 0xd0, 0xff, 0xd8, 0xcc, 0xc8, 0xff,
    0xd8, 0xd0, 0xd0, 0xff, 0xd0, 0xcc, 0xc8, 0xff, 0xd8, 0xcc, 0xd0, 0xff,
    0xd8, 0xd0, 0xc8, 0xff, 0xd0, 0xd0, 0xc8, 0xff, 0xd8, 0xcc, 0xd0, 0xff,
    0xd8, 0xd0, 0xc8, 0xff, 0xd8, 0xd0, 0xc8, 0xff, 0xd0, 0xcc, 0xd0, 0xff,
    0xd8, 0xd0, 0xc8, 0xff, 0xd8, 0xcc, 0xc8, 0xff, 0xd0, 0xd0, 0xd0, 0xff,
    0xd8, 0xcc, 0xc8, 0xff, 0xd8, 0xcc, 0xd0, 0xff, 0xd0, 0xd0, 0xc8, 0xff,
    0xd8, 0xcc, 0xc8, 0xff, 0xd0, 0xd0, 0xd0, 0xff, 0xd8, 0xd0, 0xc8, 0xff,
    0xd8, 0xcc, 0xc8, 0xff, 0xd0, 0xd0, 0xd0, 0xff, 0xd8, 0xcc, 0xc8, 0xff,
    0xd0, 0xd0, 0xc8, 0xff, 0xd8, 0xd0, 0xd0, 0xff, 0xd0, 0xcc, 0xc8, 0xff,
    0xd8, 0xd0, 0xc8, 0xff, 0xd8, 0xd0, 0xd0, 0xff, 0xd0, 0xcc, 0xc8, 0xff,
    0xd8, 0xd0, 0xc8, 0xff, 0xd8, 0xcc, 0xd0, 0xff, 0xd0, 0xcc, 0xc8, 0xff,
    0xd8, 0xd0, 0xc8, 0xff, 0xd8, 0xcc, 0xd0, 0xff, 0xd0, 0xcc, 0xc8, 0xff,
    0xd8, 0xd0, 0xc8, 0xff, 0xd8, 0xd0, 0xd0, 0xff, 0xd0, 0xcc, 0xc8, 0xff,
    0xd8, 0xd0, 0xc8, 0xff, 0xd8, 0xd0, 0xd0, 0xff, 0xd0, 0xcc, 0xc8, 0xff,
    0xd8, 0xd0, 0xc8, 0xff, 0xd8, 0xd0, 0xd0, 0xff, 0xd0, 0xcc, 0xc8, 0xff,
    0xd8, 0xd0, 0xc8, 0xff, 0xd0, 0xd0, 0xd0, 0xff, 0xd8, 0xcc, 0xc8, 0xff,
    0xd8, 0xcc, 0xd0, 0xff, 0xd0, 0xd0, 0xc8, 0xff, 0xd8, 0xcc, 0xc8, 0xff,
    0xd8, 0xd0, 0xd0, 0xff, 0xd0, 0xd0, 0xc8, 0xff, 0xd8, 0xcc, 0xd0, 0xff,
    0xd8, 0xd0, 0xc8, 0xff, 0xd0, 0xd0, 0xc8, 0xff, 0xd8, 0xcc, 0xd0, 0xff,
    0xd8, 0xd0, 0xc8, 0xff, 0xd0, 0xcc, 0xc8, 0xff, 0xd8, 0xd0, 0xc8, 0xff,
    0xd0, 0xcc, 0xc8, 0xff, 0xd8, 0xcc, 0xd0, 0xff, 0xd8, 0xd0, 0xc8, 0xff,
    0xd0, 0xcc, 0xc8, 0xff, 0xd0, 0xcc, 0xd0, 0xff, 0xd8, 0xd0, 0xc8, 0xff,
    0xd8, 0xcc, 0xc8, 0xff, 0xd0, 0xd0, 0xd0, 0xff, 0xd8, 0xd0, 0xc8, 0xff,
    0xd0, 0xcc, 0xd0, 0xff, 0xd8, 0xcc, 0xc8, 0xff, 0xd8, 0xd0, 0xc8, 0xff,
    0xd0, 0xd0, 0xd0, 0xff, 0xd8, 0xcc, 0xc8, 0xff, 0xd0, 0xcc, 0xd0, 0xff,
    0xd8, 0xd0, 0xc8, 0xff, 0xd8, 0xd0, 0xc8, 0xff, 0xd0, 0xcc, 0xd0, 0xff,
    0xd8, 0xd0, 0xc8, 0xff, 0xd8, 0xcc, 0xc8, 0xff, 0xd0, 0xd0, 0xd0, 0xff,
    0xd8, 0xd0, 0xd0, 0xff, 0xd0, 0xcc, 0xc8, 0xff, 0xd8, 0xd0, 0xc8, 0xff,
    0xd8, 0xd0, 0xd0, 0xff, 0xd0, 0xcc, 0xc8, 0xff, 0xd8, 0xcc, 0xd0, 0xff,
    0xd8, 0xd0, 0xc8, 0xff, 0xd8, 0xcc, 0xd0, 0xff, 0xd0, 0xd0, 0xc8, 0xff,
    0xd8, 0xd0, 0xc8, 0xff, 0xd8, 0xcc, 0xd0, 0xff, 0xd0, 0xd0, 0xc8, 0xff,
    0xd0, 0xd0, 0xc8, 0xff, 0xd8, 0xcc, 0xd0, 0xff, 0xd8, 0xd0, 0xc8, 0xff,
    0xd0, 0xd0, 0xc8, 0xff, 0xd8, 0xcc, 0xd0, 0xff, 0xd8, 0xd0, 0xc8, 0xff,
    0xd0, 0xcc, 0xd0, 0xff, 0xd8, 0xd0, 0xc8, 0xff, 0xd0, 0xcc, 0xc8, 0xff,
    0xd8, 0xd0, 0xd0, 0xff, 0xd8, 0xcc, 0xc8, 0xff, 0xd8, 0xd0, 0xc8, 0xff,
    0xd0, 0xd0, 0xd0, 0xff, 0xd8, 0xcc, 0xc8, 0xff, 0xd8, 0xd0, 0xc8, 0xff,
    0xd0, 0xcc, 0xd0, 0xff, 0xd8, 0xcc, 0xc8, 0xff, 0xd8, 0xd0, 0xc8, 0xff,
    0xd0, 0xcc, 0xd0, 0xff, 0xd8, 0xd0, 0xc8, 0xff, 0xd8, 0xd0, 0xc8, 0xff,
    0xd8, 0xcc, 0xd0, 0xff, 0xd8, 0xcc, 0xc8, 0xff, 0xd8, 0xd0, 0xc8, 0xff,
    0xd8, 0xcc, 0xd0, 0xff, 0xd0, 0xd0, 0xc8, 0xff, 0xd8, 0xd0, 0xc8, 0xff,
    0xd0, 0xcc, 0xd0, 0xff, 0xd8, 0xd0, 0xc8, 0xff, 0xd8, 0xd0, 0xc8, 0xff,
    0xd0, 0xcc, 0xd0, 0xff, 0xd8, 0xcc, 0xc8, 0xff, 0xd8, 0xd0, 0xc8, 0xff,
    0xd0, 0xd0, 0xd0, 0xff, 0xd8, 0xcc, 0xc8, 0xff, 0xd8, 0xd0, 0xc8, 0xff,
    0xd8, 0xd0, 0xd0, 0xff, 0xd0, 0xcc, 0xc8, 0xff, 0xd8, 0xd0, 0xc8, 0xff,
    0xd8, 0xcc, 0xd0, 0xff, 0xd0, 0xd0, 0xc8, 0xff, 0xd8, 0xd0, 0xd0, 0xff,
    0xd8, 0xcc, 0xd0, 0xff, 0xd0, 0xd0, 0xc8, 0xff, 0xd8, 0xcc, 0xc8, 0xff,
    0xd8, 0xd0, 0xd0, 0xff, 0xd0, 0xcc, 0xd0, 0xff, 0xd8, 0xcc, 0xc8, 0xff,
    0xd8, 0xd0, 0xd0, 0xff, 0xd0, 0xcc, 0xd0, 0xff, 0xd8, 0xd0, 0xc8, 0xff,
    0xd0, 0xcc, 0xc8, 0xff, 0xd8, 0xd0, 0xd0, 0xff, 0xd0, 0xcc, 0xc8, 0xff,
    0xd8, 0xcc, 0xc8, 0xff, 0xd0, 0xd0, 0xd0, 0xff, 0xd8, 0xcc, 0xc8, 0xff,
    0xd0, 0xd0, 0xd0, 0xff, 0xd8, 0xd0, 0xc8, 0xff, 0xd0, 0xcc, 0xc8, 0xff,
    0xd8, 0xcc, 0xd0, 0xff, 0xd0, 0xd0, 0xc8, 0xff, 0xd8, 0xd0, 0xc8, 0xff,
    0xd8, 0xcc, 0xd0, 0xff, 0xd8, 0xd0, 0xc8, 0xff, 0xd0, 0xd0, 0xc8, 0xff,
    0xd8, 0xcc, 0xd0, 0xff, 0xd8, 0xd0, 0xc8, 0xff, 0xd0, 0xcc, 0xc8, 0xff,
    0xd8, 0xcc, 0xd0, 0xff, 0xd8, 0xd0, 0xc8, 0xff, 0xd0, 0xcc, 0xc8, 0xff,
    0xd8, 0xd0, 0xd0, 0xff, 0xd8, 0xd0, 0xc8, 0xff, 0xd0, 0xcc, 0xd0, 0xff,
    0xd8, 0xd0, 0xc8, 0xff, 0xd0, 0xcc, 0xd0, 0xff, 0xd8, 0xcc, 0xc8, 0xff,
    0xd8, 0xd0, 0xc8, 0xff, 0xd0, 0xcc, 0xd0, 0xff, 0xd8, 0xd0, 0xc8, 0xff,
    0xd8, 0xcc, 0xc8, 0xff, 0xd0, 0xd0, 0xd0, 0xff, 0xd8, 0xd0, 0xc8, 0xff,
    0xd8, 0xcc, 0xc8, 0xff, 0xd0, 0xd0, 0xd0, 0xff, 0xd8, 0xcc, 0xc8, 0xff,
    0xd0, 0xcc, 0xc8, 0xff, 0xd8, 0xd0, 0xd0, 0xff, 0xd8, 0xcc, 0xc8, 0xff,
    0xd0, 0xd0, 0xc8, 0xff, 0xd8, 0xd0, 0xd0, 0xff, 0xd8, 0xcc, 0xc8, 0xff,
    0xd8, 0xd0, 0xd0, 0xff, 0xd0, 0xcc, 0xc8, 0xff, 0xd8, 0xcc, 0xc8, 0xff,
    0xd8, 0xd0, 0xd0, 0xff, 0xd0, 0xd0, 0xc8, 0xff, 0xd8, 0xcc, 0xc8, 0xff,
    0xd8, 0xd0, 0xd0, 0xff, 0xd0, 0xd0, 0xc8, 0xff, 0xd8, 0xcc, 0xc8, 0xff,
    0xd8, 0xd0, 0xd0, 0xff, 0xd0, 0xcc, 0xc8, 0xff, 0xd8, 0xcc, 0xc8, 0xff,
    0xd8, 0xd0, 0xd0, 0xff, 0xd0, 0xcc, 0xc8, 0xff, 0xd8, 0xcc, 0xc8, 0xff,
    0xd8, 0xd0, 0xd0, 0xff, 0xd0, 0xd0, 0xc8, 0xff, 0xd8, 0xcc, 0xd0, 0xff,
    0xd8, 0xd0, 0xc8, 0xff, 0xd0, 0xcc, 0xd0, 0xff, 0xd8, 0xcc, 0xc8, 0xff,
    0xd0, 0xd0, 0xc8, 0xff, 0xd8, 0xcc, 0xd0, 0xff, 0xd8, 0xcc, 0xc8, 0xff,
    0xd0, 0xd0, 0xc8, 0xff, 0xd8, 0xcc, 0xd0, 0xff, 0xd8, 0xd0, 0xc8, 0xff,
    0xd8, 0xd0, 0xc8, 0xff, 0xd0, 0xcc, 0xd0, 0xff, 0xd8, 0xcc, 0xc8, 0xff,
    0xd8, 0xd0, 0xc8, 0xff, 0xd0, 0xcc, 0xd0, 0xff, 0xd8, 0xd0, 0xc8, 0xff,
    0xd8, 0xd0, 0xc8, 0xff, 0xd0, 0xcc, 0xd0, 0xff, 0xd8, 0xd0, 0xc8, 0xff,
    0xd8, 0xcc, 0xd0, 0xff, 0xd0, 0xcc, 0xc8, 0xff, 0xd8, 0xd0, 0xc8, 0xff,
    0xd8, 0xcc, 0xd0, 0xff, 0xd0, 0xcc, 0xc8, 0xff, 0xd8, 0xd0, 0xc8, 0xff,
    0xd8, 0xd0, 0xd0, 0xff, 0xd0, 0xcc, 0xc8, 0xff, 0xd8, 0xd0, 0xc8, 0xff,
    0xd8, 0xcc, 0xd0, 0xff, 0xd0, 0xcc, 0xc8, 0xff, 0xd8, 0xd0, 0xc8, 0xff,
    0xd0, 0xcc, 0xd0, 0xff, 0xd8, 0xcc, 0xc8, 0xff, 0xd8, 0xd0, 0xc8, 0xff,
    0xd0, 0xcc, 0xd0, 0xff, 0xd8, 0xcc, 0xc8, 0xff, 0xd8, 0xd0, 0xd0, 0xff,
    0xd8, 0xcc, 0xc8, 0xff, 0xd0, 0xcc, 0xd0, 0xff, 0xd8, 0xd0, 0xc8, 0xff,
    0xd8, 0xcc, 0xc8, 0xff, 0xd0, 0xd0, 0xd0, 0xff, 0xd8, 0xcc, 0xc8, 0xff,
    0xd8, 0xd0, 0xc8, 0xff, 0xd0, 0xd0, 0xd0, 0xff, 0xd8, 0xcc, 0xc8, 0xff,
    0xd8, 0xd0, 0xc8, 0xff, 0xd0, 0xd0, 0xd0, 0xff, 0xd8, 0xcc, 0xc8, 0xff,
    0xd8, 0xcc, 0xc8, 0xff, 0xd0, 0xd0, 0xd0, 0xff, 0xd8, 0xcc, 0xc8, 0xff,
    0xd8, 0xcc, 0xc8, 0xff, 0xd0, 0xd0, 0xd0, 0xff, 0xd8, 0xcc, 0xc8, 0xff,
    0xd8, 0xd0, 0xd0, 0xff, 0xd0, 0xcc, 0xc8, 0xff, 0xd8, 0xd0, 0xc8, 0xff,
    0xd0, 0xd0, 0xd0, 0xff, 0xd8, 0xcc, 0xc8, 0xff, 0xd8, 0xcc, 0xc8, 0xff,
    0xd0, 0xd0, 0xd0, 0xff, 0xd8, 0xd0, 0xc8, 0xff, 0xd8, 0xcc, 0xc8, 0xff,
    0xd8, 0xcc, 0xd0, 0xff, 0xd0, 0xd0, 0xc8, 0xff, 0xd8, 0xcc, 0xc8, 0xff,
    0xd8, 0xcc, 0xd0, 0xff, 0xd0, 0xd0, 0xc8, 0xff, 0xd8, 0xcc, 0xc8, 0xff,
    0xd8, 0xcc, 0xd0, 0xff, 0xd0, 0xd0, 0xc8, 0xff, 0xd8, 0xd0, 0xd0, 0xff,
    0xd8, 0xcc, 0xc8, 0xff, 0xd0, 0xd0, 0xd0, 0xff, 0xd8, 0xcc, 0xc8, 0xff,
    0xd8, 0xd0, 0xc8, 0xff, 0xd0, 0xcc, 0xd0, 0xff, 0xd8, 0xd0, 0xc8, 0xff,
    0xd8, 0xd0, 0xc8, 0xff, 0xd0, 0xcc, 0xd0, 0xff, 0xd8, 0xd0, 0xc8, 0xff,
    0xd8, 0xd0, 0xc8, 0xff, 0xd0, 0xcc, 0xd0, 0xff, 0xd8, 0xd0, 0xc8, 0xff,
    0xd0, 0xcc, 0xc8, 0xff, 0xd8, 0xcc, 0xd0, 0xff, 0xd8, 0xd0, 0xc8, 0xff,
    0xd0, 0xcc, 0xc8, 0xff, 0xd8, 0xcc, 0xd0, 0xff, 0xd8, 0xd0, 0xc8, 0xff,
    0xd8, 0xcc, 0xd0, 0xff, 0xd0, 0xd0, 0xc8, 0xff, 0xd8, 0xd0, 0xc8, 0xff,
    0xd8, 0xcc, 0xd0, 0xff, 0xd0, 0xd0, 0xc8, 0xff, 0xd8, 0xcc, 0xc8, 0xff,
    0xd8, 0xcc, 0xd0, 0xff, 0xd0, 0xd0, 0xc8, 0xff, 0xd8, 0xcc, 0xc8, 0xff,
    0xd8, 0xcc, 0xd0, 0xff, 0xd0, 0xd0, 0xc8, 0xff, 0xd8, 0xcc, 0xc8, 0xff,
    0xd8, 0xcc, 0xd0, 0xff, 0xd0, 0xd0, 0xc8, 0xff, 0xd8, 0xd0, 0xc8, 0xff,
    0xd8, 0xcc, 0xc8, 0xff, 0xd0, 0xd0, 0xc8, 0xff, 0xd8, 0xd0, 0xc8, 0xff,
    0xd8, 0xcc, 0xd0, 0xff, 0xd0, 0xd0, 0xc8, 0xff, 0xd8, 0xd0, 0xc8, 0xff,
    0xd8, 0xcc, 0xd0, 0xff, 0xd0, 0xd0, 0xc8, 0xff, 0xd8, 0xcc, 0xc8, 0xff,
    0xd0, 0xcc, 0xd0, 0xff, 0xd8, 0xd0, 0xc8, 0xff, 0xd8, 0xd0, 0xd0, 0xff,
    0xd0, 0xcc, 0xc8, 0xff, 0xd8, 0xd0, 0xd0, 0xff, 0xd0, 0xd0, 0xc8, 0xff,
    0xd8, 0xcc, 0xc8, 0xff, 0xd8, 0xcc, 0xd0, 0xff, 0xd0, 0xd0, 0xc8, 0xff,
    0xd8, 0xcc, 0xc8, 0xff, 0xd8, 0xcc, 0xd0, 0xff, 0xd0, 0xd0, 0xc8, 0xff,
    0xd8, 0xcc, 0xc8, 0xff, 0xd0, 0xcc, 0xd0, 0xff, 0xd8, 0xd0, 0xc8, 0xff,
    0xd0, 0xd0, 0xc8, 0xff, 0xd0, 0xcc, 0xd0, 0xff, 0xd8, 0xd0, 0xc8, 0xff,
    0xd8, 0xcc, 0xc8, 0xff, 0xd0, 0xd0, 0xc8, 0xff, 0xd8, 0xd0, 0xd0, 0xff,
    0xd8, 0xcc, 0xc8, 0xff, 0xd0, 0xd0, 0xc8, 0xff, 0xd8, 0xcc, 0xd0, 0xff,
    0xd0, 0xd0, 0xc8, 0xff, 0xd8, 0xcc, 0xc8, 0xff, 0xd0, 0xcc, 0xd0, 0xff,
    0xd8, 0xd0, 0xc8, 0xff, 0xd8, 0xcc, 0xc8, 0xff, 0xd0, 0xd0, 0xd0, 0xff,
    0xd8, 0xd0, 0xc8, 0xff, 0xd8, 0xcc, 0xd0, 0xff, 0xd0, 0xd0, 0xc8, 0xff,
    0xd8, 0xcc, 0xc8, 0xff, 0xd8, 0xd0, 0xd0, 0xff, 0xd0, 0xcc, 0xc8, 0xff,
    0xd8, 0xcc, 0xd0, 0xff, 0xd8, 0xd0, 0xd0, 0xff, 0xd0, 0xcc, 0xc8, 0xff,
    0xd8, 0xcc, 0xd0, 0xff, 0xd8, 0xd0, 0xc8, 0xff, 0xd0, 0xcc, 0xd0, 0xff,
    0xd8, 0xcc, 0xc8, 0xff, 0xd8, 0xd0, 0xd0, 0xff, 0xd0, 0xcc, 0xc8, 0xff,
    0xd8, 0xcc, 0xd0, 0xff, 0xd8, 0xd0, 0xd0, 0xff, 0xd0, 0xcc, 0xc8, 0xff,
    0xd8, 0xd0, 0xc8, 0xff, 0xd0, 0xd0, 0xd0, 0xff, 0xd8, 0xcc, 0xc8, 0xff,
    0xd8, 0xd0, 0xd0, 0xff, 0xd0, 0xd0, 0xc8, 0xff, 0xd0, 0xcc, 0xd0, 0xff,
    0xd8, 0xcc, 0xc8, 0xff, 0xd8, 0xcc, 0xd0, 0xff, 0xd0, 0xd0, 0xc8, 0xff,
    0xd8, 0xcc, 0xd0, 0xff, 0xd0, 0xcc, 0xc8, 0xff, 0xd8, 0xd0, 0xd0, 0xff,
    0xd8, 0xcc, 0xc8, 0xff, 0xd8, 0xcc, 0xd0, 0xff, 0xd8, 0xd0, 0xc8, 0xff,
    0xd0, 0xcc, 0xd0, 0xff, 0xd8, 0xd0, 0xc8, 0xff, 0xd8, 0xd0, 0xc8, 0xff,
    0xd0, 0xcc, 0xd0, 0xff, 0xd0, 0xd0, 0xc8, 0xff, 0xd8, 0xcc, 0xc8, 0xff,
    0xd0, 0xcc, 0xd0, 0xff, 0xd8, 0xd0, 0xc8, 0xff, 0xd8, 0xcc, 0xc8, 0xff,
    0xd0, 0xd0, 0xd0, 0xff, 0xd8, 0xcc, 0xc8, 0xff, 0xd0, 0xd0, 0xc8, 0xff,
    0xd8, 0xcc, 0xd0, 0xff, 0xd8, 0xd0, 0xc8, 0xff, 0xd0, 0xd0, 0xc8, 0xff,
    0xd8, 0xcc, 0xd0, 0xff, 0xd8, 0xd0, 0xc8, 0xff, 0xd0, 0xcc, 0xc8, 0xff,
    0xd8, 0xd0, 0xd0, 0xff, 0xd8, 0xd0, 0xd0, 0xff, 0xd0, 0xcc, 0xc8, 0xff,
    0xd8, 0xcc, 0xc8, 0xff, 0xd8, 0xd0, 0xd0, 0xff, 0xd0, 0xd0, 0xc8, 0xff,
    0xd8, 0xcc, 0xc8, 0xff, 0xd0, 0xd0, 0xd0, 0xff, 0xd8, 0xcc, 0xc8, 0xff,
    0xd8, 0xd0, 0xc8, 0xff, 0xd0, 0xd0, 0xd0, 0xff, 0xd8, 0xcc, 0xc8, 0xff,
    0xd0, 0xcc, 0xc8, 0xff, 0xd8, 0xd0, 0xd0, 0xff, 0xd0, 0xd0, 0xc8, 0xff,
    0xd8, 0xcc, 0xd0, 0xff, 0xd8, 0xd0, 0xc8, 0xff, 0xd0, 0xcc, 0xc8, 0xff,
    0xd8, 0xcc, 0xd0, 0xff, 0xd8, 0xd0, 0xc8, 0xff, 0xd0, 0xcc, 0xc8, 0xff,
    0xd8, 0xd0, 0xd0, 0xff, 0xd8, 0xd0, 0xc8, 0xff, 0xd0, 0xcc, 0xc8, 0xff,
    0xd8, 0xd0, 0xd0, 0xff, 0xd0, 0xcc, 0xc8, 0xff, 0xd8, 0xcc, 0xc8, 0xff,
    0xd8, 0xd0, 0xd0, 0xff, 0xd0, 0xcc, 0xc8, 0xff, 0xd8, 0xd0, 0xd0, 0xff,
    0xd8, 0xcc, 0xc8, 0xff, 0xd0, 0xcc, 0xc8, 0xff, 0xd8, 0xd0, 0xd0, 0xff,
    0xd8, 0xcc, 0xc8, 0xff, 0xd0, 0xd0, 0xc8, 0xff, 0xd8, 0xcc, 0xc8, 0xff,
    0xd8, 0xd0, 0xd0, 0xff, 0xd0, 0xcc, 0xc8, 0xff, 0xd8, 0xd0, 0xc8, 0xff,
    0xd0, 0xcc, 0xd0, 0xff, 0xd8, 0xcc, 0xc8, 0xff, 0xd8, 0xd0, 0xc8, 0xff,
    0xd0, 0xcc, 0xd0, 0xff, 0xd8, 0xd0, 0xc8, 0xff, 0xd0, 0xd0, 0xc8, 0xff,
    0xd8, 0xd0, 0xd0, 0xff, 0xd0, 0xcc, 0xc8, 0xff, 0xd8, 0xd0, 0xc8, 0xff,
    0xd0, 0xcc, 0xd0, 0xff, 0xd0, 0xcc, 0xc8, 0xff, 0xd8, 0xd0, 0xd0, 0xff,
    0xd0, 0xd0, 0xd0, 0xff, 0xd0, 0xcc, 0xc8, 0xff, 0xd8, 0xcc, 0xc8, 0xff,
    0xd8, 0xd0, 0xd0, 0xff, 0xd8, 0xcc, 0xc8, 0xff, 0xd0, 0xd0, 0xc8, 0xff,
    0xd8, 0xcc, 0xd0, 0xff, 0xd0, 0xcc, 0xc8, 0xff, 0xd8, 0xd0, 0xc8, 0xff,
    0xd8, 0xd0, 0xd0, 0xff, 0xd0, 0xcc, 0xc8, 0xff, 0xd8, 0xcc, 0xd0, 0xff,
    0xd0, 0xd0, 0xc8, 0xff, 0xd8, 0xcc, 0xc8, 0xff, 0xd8, 0xd0, 0xd0, 0xff,
    0xd0, 0xcc, 0xc8, 0xff, 0xd8, 0xd0, 0xc8, 0xff, 0xd8, 0xcc, 0xd0, 0xff,
    0xd0, 0xcc, 0xc8, 0xff, 0xd8, 0xd0, 0xc8, 0xff, 0xd0, 0xcc, 0xc8, 0xff,
    0xd8, 0xd0, 0xd0, 0xff, 0xd8, 0xcc, 0xc8, 0xff, 0xd0, 0xd0, 0xc8, 0xff,
    0xd8, 0xd0, 0xd0, 0xff, 0xd0, 0xcc, 0xc8, 0xff, 0xd8, 0xd0, 0xc8, 0xff,
    0xd8, 0xd0, 0xc8, 0xff, 0xd0, 0xcc, 0xd0, 0xff, 0xd8, 0xd0, 0xc8, 0xff,
    0xd8, 0xd0, 0xc8, 0xff, 0xd0, 0xcc, 0xd0, 0xff, 0xd8, 0xd0, 0xc8, 0xff,
    0xd8, 0xcc, 0xc8, 0xff, 0xd8, 0xcc, 0xd0, 0xff, 0xd0, 0xd0, 0xc8, 0xff,
    0xd8, 0xcc, 0xc8, 0xff, 0xd8, 0xd0, 0xd0, 0xff, 0xd0, 0xcc, 0xc8, 0xff,
    0xd8, 0xd0, 0xc8, 0xff, 0xd8, 0xcc, 0xd0, 0xff, 0xd0, 0xcc, 0xc8, 0xff,
    0xd8, 0xd0, 0xc8, 0xff, 0xd0, 0xcc, 0xd0, 0xff, 0xd8, 0xcc, 0xd0, 0xff,
    0xd8, 0xd0, 0xc8, 0xff, 0xd0, 0xd0, 0xd0, 0xff, 0xd8, 0xcc, 0xc8, 0xff,
    0xd8, 0xd0, 0xc8, 0xff, 0xd0, 0xcc, 0xd0, 0xff, 0xd8, 0xcc, 0xc8, 0xff,
    0xd0, 0xd0, 0xc8, 0xff, 0xd8, 0xcc, 0xc8, 0xff, 0xd8, 0xcc, 0xc8, 0xff,
    0xd0, 0xd0, 0xd0, 0xff, 0xd8, 0xd0, 0xc8, 0xff, 0xd8, 0xcc, 0xd0, 0xff,
    0xd0, 0xd0, 0xc8, 0xff, 0xd8, 0xcc, 0xc8, 0xff, 0xd0, 0xcc, 0xc8, 0xff,
    0xd8, 0xd0, 0xd0, 0xff, 0xd8, 0xcc, 0xc8, 0xff, 0xd0, 0xcc, 0xc8, 0xff,
    0xd8, 0xd0, 0xd0, 0xff, 0xd8, 0xd0, 0xc8, 0xff, 0xd0, 0xcc, 0xc8, 0xff,
    0xd8, 0xd0, 0xd0, 0xff, 0xd0, 0xd0, 0xd0, 0xff, 0xd8, 0xcc, 0xc8, 0xff,
    0xd8, 0xcc, 0xc8, 0xff, 0xd0, 0xd0, 0xd0, 0xff, 0xd8, 0xd0, 0xc8, 0xff,
    0xd0, 0xcc, 0xc8, 0xff, 0xd8, 0xd0, 0xd0, 0xff, 0xd8, 0xcc, 0xc8, 0xff,
    0xd0, 0xcc, 0xc8, 0xff, 0xd8, 0xd0, 0xd0, 0xff, 0xd8, 0xcc, 0xc8, 0xff,
    0xd0, 0xd0, 0xc8, 0xff, 0xd8, 0xcc, 0xd0, 0xff, 0xd8, 0xd0, 0xd0, 0xff,
    0xd0, 0xd0, 0xc8, 0xff, 0xd0, 0xcc, 0xd0, 0xff, 0xd8, 0xd0, 0xc8, 0xff,
    0xd8, 0xd0, 0xc8, 0xff, 0xd0, 0xcc, 0xd0, 0xff, 0xd8, 0xcc, 0xc8, 0xff,
    0xd0, 0xd0, 0xc8, 0xff, 0xd8, 0xcc, 0xc8, 0xff, 0xd8, 0xcc, 0xc8, 0xff,
    0xd0, 0xd0, 0xd0, 0xff, 0xd8, 0xd0, 0xc8, 0xff, 0xd8, 0xcc, 0xd0, 0xff,
    0xd0, 0xd0, 0xc8, 0xff, 0xd8, 0xcc, 0xc8, 0xff, 0xd0, 0xd0, 0xc8, 0xff,
    0xd8, 0xcc, 0xd0, 0xff, 0xd0, 0xcc, 0xc8, 0xff, 0xd8, 0xd0, 0xc8, 0xff,
    0xd0, 0xd0, 0xd0, 0xff, 0xd8, 0xcc, 0xc8, 0xff, 0xd8, 0xd0, 0xc8, 0xff,
    0xd0, 0xcc, 0xd0, 0xff, 0xd8, 0xcc, 0xd0, 0xff, 0xd8, 0xd0, 0xc8, 0xff,
    0xd0, 0xcc, 0xc8, 0xff, 0xd8, 0xd0, 0xd0, 0xff, 0xd8, 0xd0, 0xc8, 0xff,
    0xd0, 0xcc, 0xc8, 0xff, 0xd0, 0xd0, 0xd0, 0xff, 0xd8, 0xd0, 0xc8, 0xff,
    0xd8, 0xcc, 0xc8, 0xff, 0xd0, 0xcc, 0xd0, 0xff, 0xd8, 0xd0, 0xc8, 0xff,
    0xd0, 0xcc, 0xc8, 0xff, 0xd8, 0xd0, 0xd0, 0xff, 0xd8, 0xd0, 0xd0, 0xff,
    0xd0, 0xcc, 0xc8, 0xff, 0xd8, 0xd0, 0xd0, 0xff, 0xd8, 0xd0, 0xc8, 0xff,
    0xd0, 0xcc, 0xc8, 0xff, 0xd8, 0xd0, 0xd0, 0xff, 0xd0, 0xd0, 0xc8, 0xff,
    0xd8, 0xcc, 0xc8, 0xff, 0xd0, 0xd0, 0xc8, 0xff, 0xd8, 0xd0, 0xc8, 0xff,
    0xd0, 0xcc, 0xd0, 0xff, 0xd8, 0xd0, 0xc8, 0xff, 0xd8, 0xcc, 0xd0, 0xff,
    0xd0, 0xd0, 0xc8, 0xff, 0xd8, 0xcc, 0xc8, 0xff, 0xd8, 0xcc, 0xc8, 0xff,
    0xd0, 0xcc, 0xd0, 0xff, 0xd8, 0xd0, 0xc8, 0xff, 0xd8, 0xcc, 0xc8, 0xff,
    0xd0, 0xd0, 0xd0, 0xff, 0xd0, 0xd0, 0xc8, 0xff, 0xd8, 0xcc, 0xc8, 0xff,
    0xd8, 0xd0, 0xd0, 0xff, 0xd0, 0xd0, 0xd0, 0xff, 0xd8, 0xcc, 0xc8, 0xff,
    0xd0, 0xd0, 0xc8, 0xff, 0xd8, 0xcc, 0xd0, 0xff, 0xd8, 0xd0, 0xc8, 0xff,
    0xd0, 0xcc, 0xc8, 0xff, 0xd8, 0xcc, 0xd0, 0xff, 0xd8, 0xd0, 0xc8, 0xff,
    0xd0, 0xcc, 0xc8, 0xff, 0xd8, 0xd0, 0xd0, 0xff, 0xd0, 0xcc, 0xc8, 0xff,
    0xd8, 0xcc, 0xc8, 0xff, 0xd0, 0xd0, 0xd0, 0xff, 0xd8, 0xd0, 0xd0, 0xff,
    0xd0, 0xcc, 0xc8, 0xff, 0xd8, 0xd0, 0xd0, 0xff, 0xd8, 0xd0, 0xc8, 0xff,
    0xd0, 0xcc, 0xc8, 0xff, 0xd8, 0xd0, 0xd0, 0xff, 0xd8, 0xd0, 0xc8, 0xff,
    0xd0, 0xcc, 0xc8, 0xff, 0xd8, 0xcc, 0xc8, 0xff, 0xd8, 0xd0, 0xc8, 0xff,
    0xd0, 0xcc, 0xd0, 0xff, 0xd0, 0xcc, 0xc8, 0xff, 0xd8, 0xd0, 0xd0, 0xff,
    0xd8, 0xcc, 0xc8, 0xff, 0xd0, 0xcc, 0xc8, 0xff, 0xd8, 0xd0, 0xc8, 0xff,
    0xd0, 0xcc, 0xd0, 0xff, 0xd8, 0xcc, 0xc8, 0xff, 0xd8, 0xd0, 0xc8, 0xff,
    0xd0, 0xcc, 0xd0, 0xff, 0xd8, 0xd0, 0xc8, 0xff, 0xd8, 0xd0, 0xc8, 0xff,
    0xd0, 0xcc, 0xd0, 0xff, 0xd8, 0xd0, 0xd0, 0xff, 0xd0, 0xd0, 0xc8, 0xff,
    0xd8, 0xcc, 0xc8, 0xff, 0xd0, 0xd0, 0xd0, 0xff, 0xd8, 0xcc, 0xc8, 0xff,
    0xd0, 0xcc, 0xc8, 0xff, 0xd8, 0xd0, 0xd0, 0xff, 0xd8, 0xcc, 0xc8, 0xff,
    0xd0, 0xcc, 0xc8, 0xff, 0xd8, 0xd0, 0xd0, 0xff, 0xd8, 0xd0, 0xc8, 0xff,
    0xd0, 0xcc, 0xc8, 0xff, 0xd8, 0xd0, 0xd0, 0xff, 0xd8, 0xcc, 0xd0, 0xff,
    0xd0, 0xd0, 0xc8, 0xff, 0xd0, 0xd0, 0xd0, 0xff, 0xd8, 0xcc, 0xc8, 0xff,
    0xd8, 0xcc, 0xc8, 0xff, 0xd0, 0xd0, 0xd0, 0xff, 0xd8, 0xcc, 0xd0, 0xff,
    0xd0, 0xcc, 0xc8, 0xff, 0xd8, 0xd0, 0xd0, 0xff, 0xd8, 0xcc, 0xc8, 0xff,
    0xd0, 0xcc, 0xc8, 0xff, 0xd0, 0xd0, 0xd0, 0xff, 0xd8, 0xcc, 0xc8, 0xff,
    0xd8, 0xd0, 0xd0, 0xff, 0xd0, 0xd0, 0xc8, 0xff, 0xd8, 0xcc, 0xd0, 0xff,
    0xd8, 0xcc, 0xc8, 0xff, 0xd0, 0xd0, 0xc8, 0xff, 0xd8, 0xcc, 0xd0, 0xff,
    0xd8, 0xcc, 0xc8, 0xff, 0xd0, 0xd0, 0xc8, 0xff, 0xd8, 0xcc, 0xd0, 0xff,
    0xd8, 0xd0, 0xc8, 0xff, 0xd0, 0xd0, 0xc8, 0xff, 0xd0, 0xcc, 0xd0, 0xff,
    0xd8, 0xd0, 0xc8, 0xff, 0xd8, 0xd0, 0xd0, 0xff, 0xd0, 0xcc, 0xc8, 0xff,
    0xd8, 0xd0, 0xd0, 0xff, 0xd8, 0xcc, 0xc8, 0xff, 0xd8, 0xcc, 0xd0, 0xff,
    0xd8, 0xd0, 0xc8, 0xff, 0xd0, 0xcc, 0xc8, 0xff, 0xd8, 0xd0, 0xd0, 0xff,
    0xd8, 0xcc, 0xc8, 0xff, 0xd0, 0xd0, 0xd0, 0xff, 0xd8, 0xcc, 0xc8, 0xff,
    0xd0, 0xcc, 0xc8, 0xff, 0xd8, 0xd0, 0xd0, 0xff, 0xd8, 0xd0, 0xc8, 0xff,
    0xd0, 0xcc, 0xd0, 0xff, 0xd8, 0xd0, 0xc8, 0xff, 0xd8, 0xd0, 0xd0, 0xff,
    0xd0, 0xcc, 0xc8, 0xff, 0xd0, 0xcc, 0xd0, 0xff, 0xd8, 0xd0, 0xc8, 0xff,
    0xd8, 0xcc, 0xc8, 0xff, 0xd0, 0xcc, 0xd0, 0xff, 0xd8, 0xd0, 0xc8, 0xff,
    0xd0, 0xd0, 0xc8, 0xff, 0xd8, 0xcc, 0xd0, 0xff, 0xd0, 0xd0, 0xc8, 0xff,
    0xd8, 0xd0, 0xc8, 0xff, 0xd8, 0xcc, 0xc8, 0xff, 0xd0, 0xd0, 0xc8, 0xff,
    0xd0, 0xd0, 0xc8, 0xff, 0xd8, 0xcc, 0xd0, 0xff, 0xd8, 0xd0, 0xc8, 0xff,
    0xd0, 0xd0, 0xc8, 0xff, 0xd8, 0xcc, 0xc8, 0xff, 0xd8, 0xd0, 0xd0, 0xff,
    0xd0, 0xcc, 0xc8, 0xff, 0xd8, 0xcc, 0xc8, 0xff, 0xd8, 0xd0, 0xd0, 0xff,
    0xd0, 0xcc, 0xc8, 0xff, 0xd8, 0xd0, 0xc8, 0xff, 0xd0, 0xcc, 0xd0, 0xff,
    0xd8, 0xcc, 0xc8, 0xff, 0xd8, 0xd0, 0xc8, 0xff, 0xd0, 0xd0, 0xd0, 0xff,
    0xd8, 0xcc, 0xc8, 0xff, 0xd8, 0xd0, 0xc8, 0xff, 0xd0, 0xd0, 0xd0, 0xff,
    0xd8, 0xcc, 0xc8, 0xff, 0xd8, 0xd0, 0xc8, 0xff, 0xd0, 0xd0, 0xd0, 0xff,
    0xd0, 0xcc, 0xc8, 0xff, 0xd8, 0xd0, 0xc8, 0xff, 0xd0, 0xcc, 0xd0, 0xff,
    0xd8, 0xcc, 0xc8, 0xff, 0xd8, 0xd0, 0xc8, 0xff, 0xd0, 0xcc, 0xd0, 0xff,
    0xd8, 0xd0, 0xc8, 0xff, 0xd8, 0xd0, 0xd0, 0xff, 0xd8, 0xcc, 0xc8, 0xff,
    0xd0, 0xd0, 0xc8, 0xff, 0xd8, 0xcc, 0xd0, 0xff, 0xd0, 0xd0, 0xc8, 0xff,
    0xd8, 0xcc, 0xd0, 0xff, 0xd8, 0xcc, 0xc8, 0xff, 0xd0, 0xd0, 0xc8, 0xff,
    0xd8, 0xcc, 0xd0, 0xff, 0xd8, 0xcc, 0xd0, 0xff, 0xd0, 0xd0, 0xc8, 0xff,
    0xd8, 0xcc, 0xd0, 0xff, 0xd0, 0xd0, 0xc8, 0xff, 0xd8, 0xcc, 0xc8, 0xff,
    0xd8, 0xcc, 0xd0, 0xff, 0xd0, 0xd0, 0xc8, 0xff, 0xd8, 0xcc, 0xc8, 0xff,
    0xd8, 0xd0, 0xd0, 0xff, 0xd0, 0xcc, 0xc8, 0xff, 0xd8, 0xcc, 0xc8, 0xff,
    0xd8, 0xd0, 0xd0, 0xff, 0xd0, 0xcc, 0xc8, 0xff, 0xd8, 0xcc, 0xd0, 0xff,
    0xd8, 0xd0, 0xc8, 0xff, 0xd0, 0xcc, 0xc8, 0xff, 0xd8, 0xd0, 0xd0, 0xff,
    0xd8, 0xcc, 0xc8, 0xff, 0xd0, 0xcc, 0xc8, 0xff, 0xd8, 0xd0, 0xd0, 0xff,
    0xd8, 0xcc, 0xc8, 0xff, 0xd0, 0xd0, 0xc8, 0xff, 0xd8, 0xcc, 0xd0, 0xff,
    0xd8, 0xd0, 0xc8, 0xff, 0xd0, 0xcc, 0xc8, 0xff, 0xd8, 0xcc, 0xd0, 0xff,
    0xd0, 0xd0, 0xc8, 0xff, 0xd8, 0xcc, 0xc8, 0xff, 0xd8, 0xd0, 0xd0, 0xff,
    0xd0, 0xd0, 0xc8, 0xff, 0xd8, 0xcc, 0xc8, 0xff, 0xd8, 0xd0, 0xd0, 0xff,
    0xd0, 0xcc, 0xc8, 0xff, 0xd8, 0xd0, 0xc8, 0xff, 0xd8, 0xcc, 0xd0, 0xff,
    0xd0, 0xd0, 0xc8, 0xff, 0xd8, 0xcc, 0xc8, 0xff, 0xd8, 0xcc, 0xd0, 0xff,
    0xd0, 0xd0, 0xd0, 0xff, 0xd0, 0xcc, 0xc8, 0xff, 0xd8, 0xd0, 0xc8, 0xff,
    0xd8, 0xcc, 0xd0, 0xff, 0xd0, 0xd0, 0xc8, 0xff, 0xd8, 0xd0, 0xd0, 0xff,
    0xd8, 0xcc, 0xc8, 0xff, 0xd0, 0xd0, 0xd0, 0xff, 0xd0, 0xcc, 0xc8, 0xff,
    0xd8, 0xcc, 0xd0, 0xff, 0xd8, 0xcc, 0xc8, 0xff, 0xd8, 0xd0, 0xd0, 0xff,
    0xd0, 0xcc, 0xc8, 0xff, 0xd8, 0xd0, 0xd0, 0xff, 0xd8, 0xd0, 0xc8, 0xff,
    0xd8, 0xcc, 0xc8, 0xff, 0xd8, 0xcc, 0xd0, 0xff, 0xd8, 0xd0, 0xc8, 0xff,
    0xd0, 0xd0, 0xc8, 0xff, 0xd8, 0xcc, 0xd0, 0xff, 0xd0, 0xd0, 0xc8, 0xff,
    0xd0, 0xd0, 0xd0, 0xff, 0xd8, 0xcc, 0xc8, 0xff, 0xd8, 0xcc, 0xd0, 0xff,
    0xd0, 0xd0, 0xc8, 0xff, 0xd8, 0xcc, 0xd0, 0xff, 0xd8, 0xd0, 0xc8, 0xff,
    0xd0, 0xd0, 0xc8, 0xff, 0xd8, 0xcc, 0xd0, 0xff, 0xd8, 0xd0, 0xc8, 0xff,
    0xd0, 0xcc, 0xd0, 0xff, 0xd8, 0xd0, 0xc8, 0xff, 0xd0, 0xcc, 0xd0, 0xff,
    0xd0, 0xd0, 0xc8, 0xff, 0xd8, 0xcc, 0xd0, 0xff, 0xd8, 0xd0, 0xc8, 0xff,
    0xd0, 0xd0, 0xd0, 0xff, 0xd8, 0xcc, 0xc8, 0xff, 0xd8, 0xcc, 0xc8, 0xff,
    0xd0, 0xd0, 0xd0, 0xff, 0xd8, 0xcc, 0xc8, 0xff, 0xd8, 0xcc, 0xc8, 0xff,
    0xd0, 0xd0, 0xd0, 0xff, 0xd8, 0xcc, 0xc8, 0xff, 0xd0, 0xcc, 0xc8, 0xff,
    0xd8, 0xd0, 0xd0, 0xff, 0xd8, 0xcc, 0xc8, 0xff, 0xd0, 0xcc, 0xc8, 0xff,
    0xd8, 0xd0, 0xd0, 0xff, 0xd8, 0xcc, 0xd0, 0xff, 0xd0, 0xd0, 0xc8, 0xff,
    0xd8, 0xd0, 0xd0, 0xff, 0xd0, 0xcc, 0xc8, 0xff, 0xd8, 0xd0, 0xc8, 0xff,
    0xd8, 0xcc, 0xd0, 0xff, 0xd0, 0xcc, 0xc8, 0xff, 0xd8, 0xd0, 0xd0, 0xff,
    0xd8, 0xd0, 0xc8, 0xff, 0xd0, 0xcc, 0xd0, 0xff, 0xd8, 0xd0, 0xc8, 0xff,
    0xd0, 0xd0, 0xc8, 0xff, 0xd8, 0xcc, 0xd0, 0xff, 0xd8, 0xcc, 0xc8, 0xff,
    0xd0, 0xd0, 0xc8, 0xff, 0xd8, 0xcc, 0xd0, 0xff, 0xd8, 0xd0, 0xc8, 0xff,
    0xd0, 0xd0, 0xc8, 0xff, 0xd8, 0xcc, 0xd0, 0xff, 0xd8, 0xd0, 0xd0, 0xff,
    0xd0, 0xd0, 0xc8, 0xff, 0xd8, 0xcc, 0xd0, 0xff, 0xd8, 0xd0, 0xc8, 0xff,
    0xd0, 0xcc, 0xc8, 0xff, 0xd8, 0xd0, 0xd0, 0xff, 0xd8, 0xcc, 0xc8, 0xff,
    0xd0, 0xd0, 0xd0, 0xff, 0xd8, 0xd0, 0xc8, 0xff, 0xd8, 0xcc, 0xd0, 0xff,
    0xd0, 0xd0, 0xc8, 0xff, 0xd8, 0xcc, 0xd0, 0xff, 0xd0, 0xcc, 0xc8, 0xff,
    0xd8, 0xd0, 0xd0, 0xff, 0xd8, 0xcc, 0xc8, 0xff, 0xd0, 0xcc, 0xc8, 0xff,
    0xd8, 0xd0, 0xd0, 0xff, 0xd8, 0xcc, 0xc8, 0xff, 0xd0, 0xd0, 0xc8, 0xff,
    0xd8, 0xcc, 0xd0, 0xff, 0xd8, 0xcc, 0xc8, 0xff, 0xd0, 0xd0, 0xc8, 0xff,
    0xd8, 0xcc, 0xd0, 0xff, 0xd8, 0xd0, 0xc8, 0xff, 0xd0, 0xd0, 0xd0, 0xff,
    0xd0, 0xcc, 0xc8, 0xff, 0xd8, 0xcc, 0xd0, 0xff, 0xd0, 0xd0, 0xc8, 0xff,
    0xd8, 0xcc, 0xc8, 0xff, 0xd0, 0xcc, 0xd0, 0xff, 0xd8, 0xd0, 0xc8, 0xff,
    0xd8, 0xcc, 0xc8, 0xff, 0xd8, 0xcc, 0xd0, 0xff, 0xd0, 0xd0, 0xc8, 0xff,
    0xd8, 0xd0, 0xc8, 0xff, 0xd8, 0xcc, 0xd0, 0xff, 0xd0, 0xd0, 0xd0, 0xff,
    0xd8, 0xd0, 0xc8, 0xff, 0xd0, 0xcc, 0xd0, 0xff, 0xd8, 0xd0, 0xc8, 0xff,
    0xd0, 0xcc, 0xc8, 0xff, 0xd8, 0xd0, 0xd0, 0xff, 0xd8, 0xd0, 0xc8, 0xff,
    0xd0, 0xcc, 0xd0, 0xff, 0xd8, 0xd0, 0xc8, 0xff, 0xd8, 0xd0, 0xd0, 0xff,
    0xd0, 0xcc, 0xc8, 0xff, 0xd8, 0xd0, 0xd0, 0xff, 0xd8, 0xcc, 0xc8, 0xff,
    0xd0, 0xcc, 0xd0, 0xff, 0xd8, 0xd0, 0xc8, 0xff, 0xd0, 0xd0, 0xc8, 0xff,
    0xd8, 0xcc, 0xd0, 0xff, 0xd0, 0xd0, 0xc8, 0xff, 0xd8, 0xcc, 0xc8, 0xff,
    0xd0, 0xcc, 0xd0, 0xff, 0xd8, 0xd0, 0xc8, 0xff, 0xd8, 0xcc, 0xc8, 0xff,
    0xd0, 0xcc, 0xd0, 0xff, 0xd8, 0xd0, 0xc8, 0xff, 0xd8, 0xcc, 0xd0, 0xff,
    0xd0, 0xd0, 0xc8, 0xff, 0xd8, 0xd0, 0xd0, 0xff, 0xd8, 0xcc, 0xc8, 0xff,
    0xd0, 0xcc, 0xc8, 0xff, 0xd8, 0xd0, 0xd0, 0xff, 0xd0, 0xcc, 0xc8, 0xff,
    0xd8, 0xcc, 0xc8, 0xff, 0xd8, 0xd0, 0xd0, 0xff, 0xd0, 0xcc, 0xc8, 0xff,
    0xd8, 0xcc, 0xc8, 0xff, 0xd8, 0xd0, 0xd0, 0xff, 0xd0, 0xcc, 0xd0, 0xff,
    0xd8, 0xcc, 0xc8, 0xff, 0xd8, 0xd0, 0xd0, 0xff, 0xd0, 0xcc, 0xc8, 0xff,
    0xd8, 0xd0, 0xc8, 0xff, 0xd8, 0xd0, 0xd0, 0xff, 0xd0, 0xcc, 0xc8, 0xff,
    0xd0, 0xd0, 0xd0, 0xff, 0xd8, 0xd0, 0xc8, 0xff, 0xd0, 0xcc, 0xd0, 0xff,
    0xd8, 0xd0, 0xc8, 0xff, 0xd0, 0xcc, 0xd0, 0xff, 0xd8, 0xcc, 0xc8, 0xff,
    0xd8, 0xcc, 0xd0, 0xff, 0xd8, 0xd0, 0xc8, 0xff, 0xd0, 0xcc, 0xc8, 0xff,
    0xd8, 0xcc, 0xd0, 0xff, 0xd8, 0xd0, 0xc8, 0xff, 0xd0, 0xd0, 0xc8, 0xff,
    0xd8, 0xcc, 0xd0, 0xff, 0xd0, 0xd0, 0xc8, 0xff, 0xd8, 0xd0, 0xc8, 0xff,
    0xd0, 0xcc, 0xd0, 0xff, 0xd8, 0xd0, 0xc8, 0xff, 0xd8, 0xcc, 0xd0, 0xff,
    0xd0, 0xd0, 0xc8, 0xff, 0xd8, 0xd0, 0xd0, 0xff, 0xd8, 0xcc, 0xc8, 0xff,
    0xd0, 0xd0, 0xc8, 0xff, 0xd8, 0xcc, 0xd0, 0xff, 0xd8, 0xcc, 0xc8, 0xff,
    0xd0, 0xd0, 0xc8, 0xff, 0xd8, 0xcc, 0xd0, 0xff, 0xd0, 0xcc, 0xc8, 0xff,
    0xd8, 0xd0, 0xc8, 0xff, 0xd0, 0xcc, 0xd0, 0xff, 0xd8, 0xd0, 0xd0, 0xff,
    0xd0, 0xd0, 0xc8, 0xff, 0xd8, 0xcc, 0xd0, 0xff, 0xd8, 0xd0, 0xc8, 0xff,
    0xd0, 0xd0, 0xc8, 0xff, 0xd8, 0xcc, 0xd0, 0xff, 0xd8, 0xd0, 0xc8, 0xff,
    0xd0, 0xd0, 0xd0, 0xff, 0xd8, 0xcc, 0xc8, 0xff, 0xd8, 0xd0, 0xd0, 0xff,
    0xd0, 0xd0, 0xc8, 0xff, 0xd8, 0xcc, 0xd0, 0xff, 0xd0, 0xd0, 0xc8, 0xff,
    0xd8, 0xcc, 0xd0, 0xff, 0xd8, 0xcc, 0xc8, 0xff, 0xd0, 0xd0, 0xc8, 0xff,
    0xd8, 0xcc, 0xd0, 0xff, 0xd8, 0xcc, 0xc8, 0xff, 0xd0, 0xd0, 0xc8, 0xff,
    0xd8, 0xd0, 0xd0, 0xff, 0xd8, 0xcc, 0xc8, 0xff, 0xd0, 0xd0, 0xc8, 0xff,
    0xd8, 0xd0, 0xd0, 0xff, 0xd8, 0xcc, 0xc8, 0xff, 0xd0, 0xd0, 0xd0, 0xff,
    0xd0, 0xcc, 0xc8, 0xff, 0xd8, 0xd0, 0xd0, 0xff, 0xd0, 0xcc, 0xc8, 0xff,
    0xd8, 0xd0, 0xc8, 0xff, 0xd0, 0xcc, 0xd0, 0xff, 0xd8, 0xd0, 0xc8, 0xff,
    0xd8, 0xcc, 0xc8, 0xff, 0xd8, 0xd0, 0xd0, 0xff, 0xd0, 0xd0, 0xc8, 0xff,
    0xd8, 0xcc, 0xc8, 0xff, 0xd8, 0xd0, 0xd0, 0xff, 0xd0, 0xd0, 0xc8, 0xff,
    0xd8, 0xcc, 0xc8, 0xff, 0xd0, 0xd0, 0xd0, 0xff, 0xd8, 0xd0, 0xd0, 0xff,
    0xd8, 0xcc, 0xc8, 0xff, 0xd8, 0xd0, 0xc8, 0xff, 0xd0, 0xcc, 0xd0, 0xff,
    0xd8, 0xcc, 0xc8, 0xff, 0xd8, 0xd0, 0xc8, 0xff, 0xd0, 0xd0, 0xd0, 0xff,
    0xd8, 0xcc, 0xc8, 0xff, 0xd0, 0xd0, 0xc8, 0xff, 0xd8, 0xd0, 0xd0, 0xff,
    0xd8, 0xcc, 0xc8, 0xff, 0xd0, 0xcc, 0xc8, 0xff, 0xd8, 0xd0, 0xd0, 0xff,
    0xd8, 0xcc, 0xc8, 0xff, 0xd0, 0xd0, 0xd0, 0xff, 0xd8, 0xcc, 0xc8, 0xff,
    0xd8, 0xcc, 0xc8, 0xff, 0xd0, 0xd0, 0xd0, 0xff, 0xd8, 0xcc, 0xc8, 0xff,
    0xd0, 0xd0, 0xc8, 0xff, 0xd8, 0xd0, 0xd0, 0xff, 0xd0, 0xcc, 0xc8, 0xff,
    0xd8, 0xcc, 0xd0, 0xff, 0xd8, 0xd0, 0xc8, 0xff, 0xd0, 0xcc, 0xc8, 0xff,
    0xd8, 0xcc, 0xc8, 0xff, 0xd8, 0xd0, 0xd0, 0xff, 0xd0, 0xd0, 0xc8, 0xff,
    0xd8, 0xcc, 0xc8, 0xff, 0xd8, 0xcc, 0xd0, 0xff, 0xd0, 0xd0, 0xc8, 0xff,
    0xd8, 0xcc, 0xc8, 0xff, 0xd8, 0xcc, 0xd0, 0xff, 0xd0, 0xd0, 0xc8, 0xff,
    0xd8, 0xd0, 0xc8, 0xff, 0xd8, 0xcc, 0xd0, 0xff, 0xd0, 0xd0, 0xc8, 0xff,
    0xd8, 0xcc, 0xc8, 0xff, 0xd8, 0xd0, 0xd0, 0xff, 0xd0, 0xcc, 0xc8, 0xff,
    0xd8, 0xcc, 0xd0, 0xff, 0xd8, 0xd0, 0xc8, 0xff, 0xd0, 0xcc, 0xc8, 0xff,
    0xd8, 0xd0, 0xd0, 0xff, 0xd8, 0xcc, 0xd0, 0xff, 0xd0, 0xd0, 0xc8, 0xff,
    0xd8, 0xcc, 0xc8, 0xff, 0xd8, 0xcc, 0xd0, 0xff, 0xd0, 0xd0, 0xc8, 0xff,
    0xd8, 0xcc, 0xd0, 0xff, 0xd0, 0xd0, 0xc8, 0xff, 0xd8, 0xd0, 0xc8, 0xff,
    0xd0, 0xd0, 0xc8, 0xff, 0xd8, 0xcc, 0xc8, 0xff, 0xd8, 0xd0, 0xd0, 0xff,
    0xd0, 0xcc, 0xc8, 0xff, 0xd8, 0xd0, 0xc8, 0xff, 0xd8, 0xd0, 0xd0, 0xff,
    0xd0, 0xcc, 0xc8, 0xff, 0xd8, 0xcc, 0xc8, 0xff, 0xd8, 0xd0, 0xd0, 0xff,
    0xd0, 0xd0, 0xc8, 0xff, 0xd8, 0xcc, 0xc8, 0xff, 0xd8, 0xcc, 0xd0, 0xff,
    0xd0, 0xd0, 0xc8, 0xff, 0xd8, 0xcc, 0xc8, 0xff, 0xd8, 0xcc, 0xd0, 0xff,
    0xd0, 0xd0, 0xc8, 0xff, 0xd8, 0xd0, 0xc8, 0xff, 0xd8, 0xcc, 0xd0, 0xff,
    0xd0, 0xd0, 0xc8, 0xff, 0xd8, 0xcc, 0xc8, 0xff, 0xd0, 0xcc, 0xd0, 0xff,
    0xd8, 0xd0, 0xc8, 0xff, 0xd8, 0xcc, 0xc8, 0xff, 0xd0, 0xd0, 0xd0, 0xff,
    0xd8, 0xcc, 0xc8, 0xff, 0xd8, 0xd0, 0xc8, 0xff, 0xd0, 0xd0, 0xd0, 0xff,
    0xd8, 0xcc, 0xc8, 0xff, 0xd8, 0xd0, 0xd0, 0xff, 0xd0, 0xd0, 0xc8, 0xff,
    0xd8, 0xcc, 0xc8, 0xff, 0xd0, 0xd0, 0xc8, 0xff, 0xd8, 0xcc, 0xd0, 0xff,
    0xd8, 0xd0, 0xc8, 0xff, 0xd0, 0xd0, 0xd0, 0xff, 0xd8, 0xcc, 0xc8, 0xff,
    0xd8, 0xd0, 0xc8, 0xff, 0xd0, 0xcc, 0xd0, 0xff, 0xd8, 0xd0, 0xc8, 0xff,
    0xd0, 0xd0, 0xd0, 0xff, 0xd8, 0xcc, 0xc8, 0xff, 0xd8, 0xd0, 0xd0, 0xff,
    0xd0, 0xd0, 0xc8, 0xff, 0xd8, 0xcc, 0xc8, 0xff, 0xd0, 0xd0, 0xd0, 0xff,
    0xd8, 0xcc, 0xc8, 0xff, 0xd8, 0xd0, 0xd0, 0xff, 0xd0, 0xd0, 0xc8, 0xff,
    0xd8, 0xcc, 0xd0, 0xff, 0xd8, 0xd0, 0xc8, 0xff, 0xd0, 0xcc, 0xc8, 0xff,
    0xd8, 0xd0, 0xd0, 0xff, 0xd0, 0xcc, 0xc8, 0xff, 0xd8, 0xd0, 0xd0, 0xff,
    0xd8, 0xd0, 0xc8, 0xff, 0xd0, 0xcc, 0xc8, 0xff, 0xd8, 0xd0, 0xd0, 0xff,
    0xd8, 0xcc, 0xc8, 0xff, 0xd0, 0xcc, 0xd0, 0xff, 0xd8, 0xd0, 0xc8, 0xff,
    0xd0, 0xcc, 0xc8, 0xff, 0xd8, 0xd0, 0xd0, 0xff, 0xd0, 0xcc, 0xd0, 0xff,
    0xd8, 0xd0, 0xc8, 0xff, 0xd8, 0xcc, 0xc8, 0xff, 0xd0, 0xd0, 0xd0, 0xff,
    0xd8, 0xd0, 0xc8, 0xff, 0xd8, 0xd0, 0xc8, 0xff, 0xd0, 0xcc, 0xd0, 0xff,
    0xd8, 0xd0, 0xc8, 0xff, 0xd8, 0xd0, 0xc8, 0xff, 0xd0, 0xcc, 0xd0, 0xff,
    0xd8, 0xcc, 0xc8, 0xff, 0xd8, 0xd0, 0xc8, 0xff, 0xd0, 0xcc, 0xd0, 0xff,
    0xd8, 0xd0, 0xc8, 0xff, 0xd8, 0xd0, 0xc8, 0xff, 0xd0, 0xd0, 0xd0, 0xff,
    0xd8, 0xd0, 0xc8, 0xff, 0xd8, 0xcc, 0xc8, 0xff, 0xd0, 0xcc, 0xd0, 0xff,
    0xd8, 0xd0, 0xc8, 0xff, 0xd0, 0xcc, 0xc8, 0xff, 0xd8, 0xcc, 0xd0, 0xff,
    0xd0, 0xd0, 0xc8, 0xff, 0xd8, 0xd0, 0xc8, 0xff, 0xd8, 0xcc, 0xc8, 0xff,
    0xd8, 0xcc, 0xd0, 0xff, 0xd8, 0xd0, 0xc8, 0xff, 0xd8, 0xcc, 0xc8, 0xff,
    0xd0, 0xd0, 0xc8, 0xff, 0xd8, 0xcc, 0xd0, 0xff, 0xd8, 0xd0, 0xc8, 0xff,
    0xd0, 0xd0, 0xc8, 0xff, 0xd8, 0xcc, 0xd0, 0xff, 0xd8, 0xcc, 0xc8, 0xff,
    0xd0, 0xd0, 0xc8, 0xff, 0xd8, 0xcc, 0xd0, 0xff, 0xd8, 0xd0, 0xc8, 0xff,
    0xd0, 0xd0, 0xc8, 0xff, 0xd8, 0xcc, 0xd0, 0xff, 0xd8, 0xd0, 0xc8, 0xff,
    0xd8, 0xcc, 0xc8, 0xff, 0xd0, 0xd0, 0xd0, 0xff, 0xd8, 0xcc, 0xc8, 0xff,
    0xd8, 0xd0, 0xc8, 0xff, 0xd0, 0xd0, 0xd0, 0xff, 0xd8, 0xcc, 0xc8, 0xff,
    0xd0, 0xd0, 0xc8, 0xff, 0xd8, 0xd0, 0xd0, 0xff, 0xd8, 0xcc, 0xc8, 0xff,
    0xd0, 0xd0, 0xc8, 0xff, 0xd8, 0xd0, 0xd0, 0xff, 0xd8, 0xcc, 0xc8, 0xff,
    0xd0, 0xd0, 0xd0, 0xff, 0xd8, 0xd0, 0xc8, 0xff, 0xd0, 0xcc, 0xc8, 0xff,
    0xd8, 0xcc, 0xd0, 0xff, 0xd8, 0xd0, 0xc8, 0xff, 0xd0, 0xcc, 0xc8, 0xff,
    0xd8, 0xd0, 0xd0, 0xff, 0xd8, 0xcc, 0xc8, 0xff, 0xd0, 0xd0, 0xc8, 0xff,
    0xd8, 0xd0, 0xd0, 0xff, 0xd0, 0xcc, 0xc8, 0xff, 0xd8, 0xd0, 0xc8, 0xff,
    0xd8, 0xcc, 0xd0, 0xff, 0xd0, 0xcc, 0xc8, 0xff, 0xd8, 0xd0, 0xc8, 0xff,
    0xd8, 0xcc, 0xd0, 0xff, 0xd0, 0xd0, 0xc8, 0xff, 0xd8, 0xd0, 0xc8, 0xff,
    0xd0, 0xcc, 0xd0, 0xff, 0xd8, 0xcc, 0xc8, 0xff, 0xd0, 0xd0, 0xd0, 0xff,
    0xd0, 0xcc, 0xc8, 0xff, 0xd8, 0xcc, 0xc8, 0xff, 0xd8, 0xd0, 0xc8, 0xff,
    0xd0, 0xcc, 0xd0, 0xff, 0xd8, 0xd0, 0xc8, 0xff, 0xd0, 0xcc, 0xd0, 0xff,
    0xd8, 0xd0, 0xc8, 0xff, 0xd0, 0xcc, 0xc8, 0xff, 0xd8, 0xcc, 0xd0, 0xff,
    0xd8, 0xd0, 0xc8, 0xff, 0xd0, 0xcc, 0xc8, 0xff, 0xd8, 0xd0, 0xd0, 0xff,
    0xd8, 0xd0, 0xc8, 0xff, 0xd0, 0xcc, 0xc8, 0xff, 0xd8, 0xd0, 0xd0, 0xff,
    0xd0, 0xd0, 0xc8, 0xff, 0xd8, 0xcc, 0xd0, 0xff, 0xd8, 0xd0, 0xc8, 0xff,
    0xd0, 0xcc, 0xc8, 0xff, 0xd8, 0xd0, 0xd0, 0xff, 0xd0, 0xd0, 0xc8, 0xff,
    0xd8, 0xcc, 0xd0, 0xff, 0xd0, 0xd0, 0xc8, 0xff, 0xd8, 0xcc, 0xc8, 0xff,
    0xd8, 0xcc, 0xd0, 0xff, 0xd0, 0xd0, 0xc8, 0xff, 0xd8, 0xd0, 0xc8, 0xff,
    0xd8, 0xcc, 0xd0, 0xff, 0xd8, 0xd0, 0xc8, 0xff, 0xd8, 0xd0, 0xc8, 0xff,
    0xd0, 0xcc, 0xd0, 0xff, 0xd8, 0xd0, 0xc8, 0xff, 0xd0, 0xd0, 0xc8, 0xff,
    0xd8, 0xcc, 0xd0, 0xff, 0xd8, 0xcc, 0xc8, 0xff, 0xd0, 0xd0, 0xd0, 0xff,
    0xd8, 0xcc, 0xc8, 0xff, 0xd8, 0xcc, 0xc8, 0xff, 0xd0, 0xd0, 0xc8, 0xff,
    0xd8, 0xcc, 0xd0, 0xff, 0xd8, 0xd0, 0xc8, 0xff, 0xd0, 0xcc, 0xd0, 0xff,
    0xd8, 0xcc, 0xc8, 0xff, 0xd0, 0xcc, 0xc8, 0xff, 0xd8, 0xd0, 0xd0, 0xff,
    0xd8, 0xcc, 0xc8, 0xff, 0xd0, 0xcc, 0xc8, 0xff, 0xd8, 0xd0, 0xd0, 0xff,
    0xd8, 0xd0, 0xc8, 0xff, 0xd0, 0xcc, 0xc8, 0xff, 0xd8, 0xd0, 0xd0, 0xff,
    0xd8, 0xcc, 0xc8, 0xff, 0xd0, 0xcc, 0xd0, 0xff, 0xd8, 0xd0, 0xc8, 0xff,
    0xd8, 0xcc, 0xc8, 0xff, 0xd0, 0xd0, 0xd0, 0xff, 0xd8, 0xd0, 0xc8, 0xff,
    0xd8, 0xcc, 0xd0, 0xff, 0xd0, 0xd0, 0xc8, 0xff, 0xd8, 0xcc, 0xc8, 0xff,
    0xd8, 0xd0, 0xd0, 0xff, 0xd0, 0xcc, 0xc8, 0xff, 0xd8, 0xcc, 0xc8, 0xff,
    0xd0, 0xd0, 0xd0, 0xff, 0xd8, 0xd0, 0xc8, 0xff, 0xd8, 0xcc, 0xc8, 0xff,
    0xd0, 0xd0, 0xd0, 0xff, 0xd8, 0xd0, 0xc8, 0xff, 0xd8, 0xcc, 0xc8, 0xff,
    0xd0, 0xd0, 0xd0, 0xff, 0xd8, 0xd0, 0xc8, 0xff, 0xd0, 0xcc, 0xd0, 0xff,
    0xd8, 0xd0, 0xc8, 0xff, 0xd8, 0xd0, 0xc8, 0xff, 0xd0, 0xcc, 0xc8, 0xff,
    0xd8, 0xd0, 0xd0, 0xff, 0xd8, 0xcc, 0xc8, 0xff, 0xd0, 0xcc, 0xd0, 0xff,
    0xd8, 0xd0, 0xc8, 0xff, 0xd8, 0xcc, 0xc8, 0xff, 0xd0, 0xcc, 0xd0, 0xff,
    0xd8, 0xd0, 0xc8, 0xff, 0xd8, 0xcc, 0xc8, 0xff, 0xd8, 0xd0, 0xd0, 0xff,
    0xd0, 0xd0, 0xc8, 0xff, 0xd8, 0xd0, 0xc8, 0xff, 0xd0, 0xcc, 0xd0, 0xff,
    0xd8, 0xd0, 0xc8, 0xff, 0xd8, 0xd0, 0xd0, 0xff, 0xd0, 0xcc, 0xc8, 0xff,
    0xd8, 0xcc, 0xc8, 0xff, 0xd8, 0xd0, 0xd0, 0xff, 0xd0, 0xcc, 0xc8, 0xff,
    0xd8, 0xcc, 0xd0, 0xff, 0xd8, 0xd0, 0xc8, 0xff, 0xd0, 0xcc, 0xc8, 0xff,
    0xd8, 0xd0, 0xd0, 0xff, 0xd0, 0xcc, 0xc8, 0xff, 0xd8, 0xd0, 0xc8, 0xff,
    0xd8, 0xcc, 0xd0, 0xff, 0xd0, 0xcc, 0xc8, 0xff, 0xd8, 0xd0, 0xc8, 0xff,
    0xd8, 0xd0, 0xd0, 0xff, 0xd0, 0xcc, 0xc8, 0xff, 0xd8, 0xd0, 0xc8, 0xff,
    0xd8, 0xd0, 0xd0, 0xff, 0xd0, 0xcc, 0xc8, 0xff, 0xd8, 0xd0, 0xd0, 0xff,
    0xd8, 0xcc, 0xc8, 0xff, 0xd0, 0xcc, 0xc8, 0xff, 0xd8, 0xd0, 0xc8, 0xff,
    0xd8, 0xcc, 0xd0, 0xff, 0xd0, 0xcc, 0xc8, 0xff, 0xd8, 0xd0, 0xd0, 0xff,
    0xd8, 0xcc, 0xc8, 0xff, 0xd0, 0xcc, 0xc8, 0xff, 0xd8, 0xd0, 0xd0, 0xff,
    0xd0, 0xcc, 0xc8, 0xff, 0xd8, 0xcc, 0xc8, 0xff, 0xd8, 0xd0, 0xd0, 0xff,
    0xd0, 0xcc, 0xc8, 0xff, 0xd8, 0xd0, 0xc8, 0xff, 0xd8, 0xd0, 0xd0, 0xff,
    0xd0, 0xcc, 0xc8, 0xff, 0xd8, 0xd0, 0xd0, 0xff, 0xd0, 0xd0, 0xc8, 0xff,
    0xd8, 0xcc, 0xc8, 0xff, 0xd8, 0xcc, 0xd0, 0xff, 0xd0, 0xd0, 0xc8, 0xff,
    0xd8, 0xcc, 0xd0, 0xff, 0xd8, 0xcc, 0xc8, 0xff, 0xd0, 0xd0, 0xc8, 0xff,
    0xd8, 0xcc, 0xd0, 0xff, 0xd8, 0xd0, 0xc8, 0xff, 0xd0, 0xcc, 0xc8, 0xff,
    0xd8, 0xd0, 0xd0, 0xff, 0xd8, 0xcc, 0xc8, 0xff, 0xd8, 0xcc, 0xc8, 0xff,
    0xd0, 0xd0, 0xd0, 0xff, 0xd8, 0xd0, 0xc8, 0xff, 0xd0, 0xcc, 0xc8, 0xff,
    0xd8, 0xcc, 0xd0, 0xff, 0xd8, 0xcc, 0xc8, 0xff, 0xd0, 0xd0, 0xd0, 0xff,
    0xd8, 0xcc, 0xc8, 0xff, 0xd8, 0xcc, 0xc8, 0xff, 0xd0, 0xd0, 0xd0, 0xff,
    0xd8, 0xcc, 0xc8, 0xff, 0xd8, 0xcc, 0xc8, 0xff, 0xd0, 0xd0, 0xc8, 0xff,
    0xd8, 0xd0, 0xd0, 0xff, 0xd8, 0xcc, 0xc8, 0xff, 0xd0, 0xd0, 0xc8, 0xff,
    0xd8, 0xcc, 0xd0, 0xff, 0xd8, 0xcc, 0xc8, 0xff, 0xd0, 0xd0, 0xc8, 0xff,
    0xd8, 0xcc, 0xd0, 0xff, 0xd8, 0xcc, 0xc8, 0xff, 0xd0, 0xd0, 0xd0, 0xff,
    0xd8, 0xd0, 0xc8, 0xff, 0xd0, 0xcc, 0xd0, 0xff, 0xd8, 0xd0, 0xc8, 0xff,
    0xd0, 0xcc, 0xc8, 0xff, 0xd8, 0xd0, 0xd0, 0xff, 0xd8, 0xd0, 0xc8, 0xff,
    0xd0, 0xcc, 0xc8, 0xff, 0xd8, 0xd0, 0xd0, 0xff, 0xd8, 0xcc, 0xc8, 0xff,
    0xd0, 0xcc, 0xc8, 0xff, 0xd8, 0xd0, 0xd0, 0xff, 0xd0, 0xd0, 0xc8, 0xff,
    0xd8, 0xcc, 0xc8, 0xff, 0xd8, 0xd0, 0xd0, 0xff, 0xd0, 0xcc, 0xc8, 0xff,
    0xd0, 0xcc, 0xc8, 0xff, 0xd8, 0xd0, 0xc8, 0xff, 0xd8, 0xd0, 0xd0, 0xff,
    0xd0, 0xcc, 0xc8, 0xff, 0xd8, 0xd0, 0xc8, 0xff, 0xd0, 0xd0, 0xd0, 0xff,
    0xd8, 0xcc, 0xc8, 0xff, 0xd8, 0xcc, 0xc8, 0xff, 0xd0, 0xd0, 0xd0, 0xff,
    0xd8, 0xcc, 0xc8, 0xff, 0xd8, 0xd0, 0xc8, 0xff, 0xd0, 0xcc, 0xd0, 0xff,
    0xd8, 0xd0, 0xc8, 0xff, 0xd8, 0xd0, 0xc8, 0xff, 0xd0, 0xcc, 0xd0, 0xff,
    0xd8, 0xd0, 0xc8, 0xff, 0xd8, 0xcc, 0xc8, 0xff, 0xd0, 0xd0, 0xd0, 0xff,
    0xd8, 0xcc, 0xc8, 0xff, 0xd0, 0xd0, 0xc8, 0xff, 0xd8, 0xcc, 0xd0, 0xff,
    0xd8, 0xd0, 0xd0, 0xff, 0xd0, 0xd0, 0xc8, 0xff, 0xd8, 0xcc, 0xc8, 0xff,
    0xd8, 0xcc, 0xd0, 0xff, 0xd0, 0xcc, 0xd0, 0xff, 0xd8, 0xd0, 0xc8, 0xff,
    0xd8, 0xcc, 0xd0, 0xff, 0xd0, 0xd0, 0xd0, 0xff, 0xd8, 0xcc, 0xc8, 0xff,
    0xd8, 0xcc, 0xd0, 0xff, 0xd0, 0xd0, 0xc8, 0xff, 0xd8, 0xd0, 0xd0, 0xff,
    0xd0, 0xcc, 0xc8, 0xff, 0xd8, 0xd0, 0xc8, 0xff, 0xd8, 0xcc, 0xd0, 0xff,
    0xd0, 0xcc, 0xc8, 0xff, 0xd8, 0xd0, 0xc8, 0xff, 0xd0, 0xd0, 0xd0, 0xff,
    0xd8, 0xcc, 0xc8, 0xff, 0xd8, 0xd0, 0xc8, 0xff, 0xd0, 0xcc, 0xd0, 0xff,
    0xd8, 0xd0, 0xc8, 0xff, 0xd8, 0xcc, 0xc8, 0xff, 0xd0, 0xd0, 0xd0, 0xff,
    0xd8, 0xd0, 0xc8, 0xff, 0xd8, 0xcc, 0xd0, 0xff, 0xd0, 0xd0, 0xc8, 0xff,
    0xd8, 0xcc, 0xc8, 0xff, 0xd0, 0xcc, 0xd0, 0xff, 0xd8, 0xd0, 0xd0, 0xff,
    0xd8, 0xcc, 0xc8, 0xff, 0xd0, 0xcc, 0xc8, 0xff, 0xd8, 0xd0, 0xd0, 0xff,
    0xd0, 0xcc, 0xc8, 0xff, 0xd8, 0xd0, 0xc8, 0xff, 0xd8, 0xcc, 0xd0, 0xff,
    0xd0, 0xd0, 0xc8, 0xff, 0xd8, 0xd0, 0xc8, 0xff, 0xd8, 0xcc, 0xc8, 0xff,
    0xd0, 0xcc, 0xd0, 0xff, 0xd8, 0xd0, 0xc8, 0xff, 0xd0, 0xd0, 0xc8, 0xff,
    0xd8, 0xcc, 0xd0, 0xff, 0xd8, 0xd0, 0xc8, 0xff, 0xd0, 0xcc, 0xc8, 0xff,
    0xd8, 0xcc, 0xc8, 0xff, 0xd8, 0xd0, 0xd0, 0xff, 0xd0, 0xcc, 0xc8, 0xff,
    0xd8, 0xcc, 0xc8, 0xff, 0xd8, 0xd0, 0xd0, 0xff, 0xd0, 0xd0, 0xc8, 0xff,
    0xd8, 0xcc, 0xc8, 0xff, 0xd0, 0xcc, 0xd0, 0xff, 0xd8, 0xd0, 0xc8, 0xff,
    0xd0, 0xd0, 0xc8, 0xff, 0xd8, 0xcc, 0xd0, 0xff, 0xd8, 0xd0, 0xc8, 0xff,
    0xd0, 0xcc, 0xc8, 0xff, 0xd8, 0xcc, 0xd0, 0xff, 0xd0, 0xd0, 0xc8, 0xff,
    0xd8, 0xcc, 0xd0, 0xff, 0xd8, 0xd0, 0xc8, 0xff, 0xd0, 0xd0, 0xc8, 0xff,
    0xd8, 0xcc, 0xd0, 0xff, 0xd8, 0xd0, 0xc8, 0xff, 0xd0, 0xcc, 0xd0, 0xff,
    0xd8, 0xcc, 0xc8, 0xff, 0xd8, 0xd0, 0xc8, 0xff, 0xd0, 0xd0, 0xc8, 0xff,
    0xd8, 0xcc, 0xd0, 0xff, 0xd0, 0xcc, 0xc8, 0xff, 0xd0, 0xcc, 0xd0, 0xff,
    0xd8, 0xd0, 0xc8, 0xff, 0xd8, 0xcc, 0xd0, 0xff, 0xd0, 0xcc, 0xc8, 0xff,
    0xd8, 0xd0, 0xc8, 0xff, 0xd8, 0xcc, 0xd0, 0xff, 0xd0, 0xd0, 0xc8, 0xff,
    0xd8, 0xd0, 0xc8, 0xff, 0xd8, 0xcc, 0xd0, 0xff, 0xd0, 0xcc, 0xc8, 0xff,
    0xd8, 0xcc, 0xc8, 0xff, 0xd8, 0xcc, 0xd0, 0xff, 0xd0, 0xd0, 0xc8, 0xff,
    0xd8, 0xcc, 0xc8, 0xff, 0xd0, 0xd0, 0xd0, 0xff, 0xd8, 0xd0, 0xc8, 0xff,
    0xd8, 0xcc, 0xc8, 0xff, 0xd0, 0xd0, 0xd0, 0xff, 0xd8, 0xcc, 0xd0, 0xff,
    0xd0, 0xd0, 0xc8, 0xff, 0xd0, 0xd0, 0xd0, 0xff, 0xd0, 0xcc, 0xd0, 0xff,
    0xd8, 0xd0, 0xc8, 0xff, 0xd0, 0xcc, 0xc8, 0xff, 0xd8, 0xd0, 0xd0, 0xff,
    0xd8, 0xcc, 0xc8, 0xff, 0xd0, 0xd0, 0xc8, 0xff, 0xd8, 0xcc, 0xd0, 0xff,
    0xd8, 0xd0, 0xc8, 0xff, 0xd0, 0xcc, 0xc8, 0xff, 0xd8, 0xd0, 0xd0, 0xff,
    0xd0, 0xcc, 0xc8, 0xff, 0xd8, 0xcc, 0xc8, 0xff, 0xd0, 0xd0, 0xd0, 0xff,
    0xd8, 0xcc, 0xc8, 0xff, 0xd8, 0xcc, 0xc8, 0xff, 0xd0, 0xd0, 0xd0, 0xff,
    0xd8, 0xcc, 0xc8, 0xff, 0xd8, 0xcc, 0xc8, 0xff, 0xd0, 0xd0, 0xd0, 0xff,
    0xd8, 0xcc, 0xc8, 0xff, 0xd8, 0xcc, 0xd0, 0xff, 0xd0, 0xd0, 0xc8, 0xff,
    0xd8, 0xcc, 0xd0, 0xff, 0xd0, 0xd0, 0xc8, 0xff, 0xd8, 0xcc, 0xd0, 0xff,
    0xd8, 0xcc, 0xc8, 0xff, 0xd0, 0xd0, 0xc8, 0xff, 0xd8, 0xcc, 0xd0, 0xff,
    0xd8, 0xcc, 0xc8, 0xff, 0xd0, 0xd0, 0xd0, 0xff, 0xd8, 0xd0, 0xc8, 0xff,
    0xd0, 0xcc, 0xc8, 0xff, 0xd8, 0xd0, 0xc8, 0xff, 0xd0, 0xcc, 0xd0, 0xff,
    0xd8, 0xcc, 0xc8, 0xff, 0xd8, 0xd0, 0xc8, 0xff, 0xd0, 0xcc, 0xd0, 0xff,
    0xd8, 0xcc, 0xc8, 0xff, 0xd8, 0xd0, 0xc8, 0xff, 0xd0, 0xcc, 0xd0, 0xff,
    0xd8, 0xd0, 0xc8, 0xff, 0xd8, 0xd0, 0xc8, 0xff, 0xd0, 0xcc, 0xd0, 0xff,
    0xd8, 0xcc, 0xc8, 0xff, 0xd8, 0xd0, 0xc8, 0xff, 0xd0, 0xd0, 0xd0, 0xff,
    0xd8, 0xcc, 0xc8, 0xff, 0xd8, 0xd0, 0xc8, 0xff, 0xd8, 0xd0, 0xd0, 0xff,
    0xd0, 0xcc, 0xd0, 0xff, 0xd8, 0xd0, 0xc8, 0xff, 0xd8, 0xcc, 0xc8, 0xff,
    0xd0, 0xcc, 0xc8, 0xff, 0xd8, 0xd0, 0xd0, 0xff, 0xd8, 0xcc, 0xc8, 0xff,
    0xd0, 0xd0, 0xc8, 0xff, 0xd8, 0xd0, 0xd0, 0xff, 0xd0, 0xcc, 0xc8, 0xff,
    0xd8, 0xcc, 0xc8, 0xff, 0xd0, 0xd0, 0xd0, 0xff, 0xd8, 0xcc, 0xc8, 0xff,
    0xd8, 0xcc, 0xc8, 0xff, 0xd0, 0xd0, 0xd0, 0xff, 0xd8, 0xcc, 0xc8, 0xff,
    0xd8, 0xd0, 0xc8, 0xff, 0xd0, 0xd0, 0xd0, 0xff, 0xd8, 0xcc, 0xc8, 0xff,
    0xd8, 0xd0, 0xc8, 0xff, 0xd0, 0xcc, 0xd0, 0xff, 0xd8, 0xcc, 0xc8, 0xff,
    0xd8, 0xd0, 0xc8, 0xff, 0xd0, 0xd0, 0xd0, 0xff, 0xd8, 0xcc, 0xc8, 0xff,
    0xd0, 0xd0, 0xc8, 0xff, 0xd8, 0xcc, 0xd0, 0xff, 0xd8, 0xcc, 0xc8, 0xff,
    0xd0, 0xd0, 0xc8, 0xff, 0xd0, 0xcc, 0xd0, 0xff, 0xd8, 0xcc, 0xc8, 0xff,
    0xd8, 0xd0, 0xd0, 0xff, 0xd0, 0xcc, 0xc8, 0xff, 0xd8, 0xd0, 0xc8, 0xff,
    0xd0, 0xd0, 0xd0, 0xff, 0xd8, 0xcc, 0xc8, 0xff, 0xd0, 0xd0, 0xc8, 0xff,
    0xd8, 0xd0, 0xd0, 0xff, 0xd0, 0xcc, 0xc8, 0xff, 0xd8, 0xcc, 0xc8, 0xff,
    0xd8, 0xd0, 0xd0, 0xff, 0xd0, 0xd0, 0xc8, 0xff, 0xd8, 0xcc, 0xc8, 0xff,
    0xd8, 0xd0, 0xd0, 0xff, 0xd0, 0xd0, 0xc8, 0xff, 0xd8, 0xcc, 0xc8, 0xff,
    0xd8, 0xd0, 0xd0, 0xff, 0xd0, 0xcc, 0xc8, 0xff, 0xd8, 0xcc, 0xc8, 0xff,
    0xd8, 0xd0, 0xd0, 0xff, 0xd0, 0xcc, 0xc8, 0xff, 0xd8, 0xd0, 0xc8, 0xff,
    0xd8, 0xd0, 0xd0, 0xff, 0xd0, 0xcc, 0xc8, 0xff, 0xd8, 0xd0, 0xc8, 0xff,
    0xd8, 0xcc, 0xd0, 0xff, 0xd0, 0xcc, 0xc8, 0xff, 0xd8, 0xd0, 0xc8, 0xff,
    0xd8, 0xd0, 0xd0, 0xff, 0xd0, 0xcc, 0xc8, 0xff, 0xd8, 0xd0, 0xd0, 0xff,
    0xd8, 0xd0, 0xc8, 0xff, 0xd0, 0xcc, 0xc8, 0xff, 0xd8, 0xd0, 0xd0, 0xff,
    0xd8, 0xcc, 0xc8, 0xff, 0xd0, 0xcc, 0xc8, 0xff, 0xd8, 0xd0, 0xd0, 0xff,
    0xd8, 0xcc, 0xc8, 0xff, 0xd0, 0xcc, 0xc8, 0xff, 0xd8, 0xd0, 0xd0, 0xff,
    0xd8, 0xcc, 0xc8, 0xff, 0xd0, 0xcc, 0xc8, 0xff, 0xd8, 0xd0, 0xd0, 0xff,
    0xd0, 0xcc, 0xd0, 0xff, 0xd8, 0xcc, 0xc8, 0xff, 0xd8, 0xd0, 0xc8, 0xff,
    0xd0, 0xd0, 0xc8, 0xff, 0xd8, 0xcc, 0xd0, 0xff, 0xd0, 0xd0, 0xc8, 0xff,
    0xd8, 0xd0, 0xc8, 0xff, 0xd8, 0xcc, 0xd0, 0xff, 0xd0, 0xd0, 0xc8, 0xff,
    0xd8, 0xcc, 0xc8, 0xff, 0xd8, 0xcc, 0xd0, 0xff, 0xd0, 0xd0, 0xc8, 0xff,
    0xd8, 0xcc, 0xc8, 0xff, 0xd8, 0xcc, 0xd0, 0xff, 0xd0, 0xd0, 0xc8, 0xff,
    0xd0, 0xcc, 0xc8, 0xff, 0xd8, 0xd0, 0xd0, 0xff, 0xd0, 0xd0, 0xc8, 0xff,
    0xd8, 0xcc, 0xc8, 0xff, 0xd0, 0xd0, 0xd0, 0xff, 0xd8, 0xcc, 0xc8, 0xff,
    0xd8, 0xd0, 0xc8, 0xff, 0xd0, 0xcc, 0xd0, 0xff, 0xd8, 0xcc, 0xc8, 0xff,
    0xd8, 0xd0, 0xc8, 0xff, 0xd0, 0xcc, 0xd0, 0xff, 0xd8, 0xd0, 0xc8, 0xff,
    0xd8, 0xcc, 0xc8, 0xff, 0xd0, 0xcc, 0xd0, 0xff, 0xd8, 0xd0, 0xc8, 0xff,
    0xd8, 0xcc, 0xd0, 0xff, 0xd0, 0xcc, 0xc8, 0xff, 0xd8, 0xd0, 0xc8, 0xff,
    0xd8, 0xcc, 0xd0, 0xff, 0xd0, 0xd0, 0xc8, 0xff, 0xd8, 0xd0, 0xc8, 0xff,
    0xd8, 0xcc, 0xd0, 0xff, 0xd0, 0xd0, 0xc8, 0xff, 0xd8, 0xd0, 0xc8, 0xff,
    0xd8, 0xcc, 0xd0, 0xff, 0xd0, 0xd0, 0xc8, 0xff, 0xd8, 0xcc, 0xc8, 0xff,
    0xd8, 0xd0, 0xd0, 0xff, 0xd0, 0xd0, 0xc8, 0xff, 0xd8, 0xcc, 0xc8, 0xff,
    0xd8, 0xd0, 0xd0, 0xff, 0xd0, 0xd0, 0xc8, 0xff, 0xd8, 0xcc, 0xc8, 0xff,
    0xd8, 0xcc, 0xd0, 0xff, 0xd0, 0xd0, 0xc8, 0xff, 0xd8, 0xcc, 0xc8, 0xff,
    0xd8, 0xcc, 0xd0, 0xff, 0xd0, 0xd0, 0xc8, 0xff, 0xd8, 0xcc, 0xc8, 0xff,
    0xd0, 0xd0, 0xd0, 0xff, 0xd8, 0xd0, 0xc8, 0xff, 0xd8, 0xcc, 0xc8, 0xff,
    0xd0, 0xd0, 0xd0, 0xff, 0xd8, 0xd0, 0xc8, 0xff, 0xd0, 0xcc, 0xd0, 0xff,
    0xd8, 0xcc, 0xc8, 0xff, 0xd8, 0xd0, 0xc8, 0xff, 0xd0, 0xd0, 0xd0, 0xff,
    0xd8, 0xcc, 0xc8, 0xff, 0xd8, 0xd0, 0xc8, 0xff, 0xd0, 0xd0, 0xd0, 0xff,
    0xd8, 0xcc, 0xc8, 0xff, 0xd8, 0xcc, 0xc8, 0xff, 0xd0, 0xd0, 0xd0, 0xff,
    0xd0, 0xd0, 0xc8, 0xff, 0xd8, 0xcc, 0xc8, 0xff, 0xd0, 0xd0, 0xd0, 0xff,
    0xd8, 0xd0, 0xc8, 0xff, 0xd0, 0xcc, 0xc8, 0xff, 0xd8, 0xd0, 0xd0, 0xff,
    0xd8, 0xd0, 0xc8, 0xff, 0xd0, 0xcc, 0xc8, 0xff, 0xd0, 0xcc, 0xd0, 0xff,
    0xd8, 0xd0, 0xc8, 0xff, 0xd0, 0xcc, 0xd0, 0xff, 0xd8, 0xd0, 0xc8, 0xff,
    0xd0, 0xd0, 0xd0, 0xff, 0xd8, 0xcc, 0xc8, 0xff, 0xd0, 0xd0, 0xc8, 0xff,
    0xd8, 0xd0, 0xd0, 0xff, 0xd8, 0xcc, 0xc8, 0xff, 0xd0, 0xcc, 0xc8, 0xff,
    0xd8, 0xd0, 0xd0, 0xff, 0xd8, 0xd0, 0xc8, 0xff, 0xd0, 0xcc, 0xc8, 0xff,
    0xd8, 0xcc, 0xd0, 0xff, 0xd8, 0xd0, 0xc8, 0xff, 0xd0, 0xcc, 0xd0, 0xff,
    0xd8, 0xd0, 0xc8, 0xff, 0xd8, 0xd0, 0xd0, 0xff, 0xd0, 0xcc, 0xc8, 0xff,
    0xd8, 0xd0, 0xc8, 0xff, 0xd8, 0xcc, 0xd0, 0xff, 0xd0, 0xd0, 0xc8, 0xff,
    0xd8, 0xd0, 0xc8, 0xff, 0xd8, 0xcc, 0xd0, 0xff, 0xd8, 0xd0, 0xc8, 0xff,
    0xd8, 0xcc, 0xc8, 0xff, 0xd0, 0xcc, 0xd0, 0xff, 0xd8, 0xcc, 0xc8, 0xff,
    0xd8, 0xd0, 0xd0, 0xff, 0xd0, 0xcc, 0xc8, 0xff, 0xd8, 0xd0, 0xd0, 0xff,
    0xd0, 0xd0, 0xc8, 0xff, 0xd8, 0xcc, 0xc8, 0xff, 0xd8, 0xd0, 0xd0, 0xff,
    0xd0, 0xcc, 0xc8, 0xff, 0xd8, 0xcc, 0xd0, 0xff, 0xd0, 0xd0, 0xc8, 0xff,
    0xd8, 0xcc, 0xd0, 0xff, 0xd0, 0xcc, 0xc8, 0xff, 0xd8, 0xd0, 0xd0, 0xff,
    0xd0, 0xd0, 0xc8, 0xff, 0xd8, 0xcc, 0xd0, 0xff, 0xd8, 0xcc, 0xc8, 0xff,
    0xd0, 0xd0, 0xc8, 0xff, 0xd8, 0xcc, 0xc8, 0xff, 0xd8, 0xcc, 0xd0, 0xff,
    0xd0, 0xd0, 0xc8, 0xff, 0xd8, 0xd0, 0xc8, 0xff, 0xd8, 0xcc, 0xc8, 0xff,
    0xd0, 0xd0, 0xc8, 0xff, 0xd8, 0xd0, 0xd0, 0xff, 0xd8, 0xcc, 0xc8, 0xff,
    0xd0, 0xcc, 0xc8, 0xff, 0xd0, 0xd0, 0xc8, 0xff, 0xd8, 0xd0, 0xc8, 0xff,
    0xd8, 0xcc, 0xd0, 0xff, 0xd0, 0xcc, 0xc8, 0xff, 0xd8, 0xcc, 0xc8, 0xff,
    0xd8, 0xd0, 0xd0, 0xff, 0xd0, 0xd0, 0xc8, 0xff, 0xd8, 0xcc, 0xd0, 0xff,
    0xd8, 0xcc, 0xc8, 0xff, 0xd0, 0xd0, 0xd0, 0xff, 0xd8, 0xcc, 0xc8, 0xff,
    0xd0, 0xd0, 0xd0, 0xff, 0xd8, 0xcc, 0xc8, 0xff, 0xd0, 0xd0, 0xd0, 0xff,
    0xd8, 0xcc, 0xc8, 0xff, 0xd8, 0xcc, 0xd0, 0xff, 0xd0, 0xd0, 0xc8, 0xff,
    0xd8, 0xcc, 0xc8, 0xff, 0xd8, 0xd0, 0xd0, 0xff, 0xd0, 0xd0, 0xc8, 0xff,
    0xd8, 0xcc, 0xc8, 0xff, 0xd8, 0xd0, 0xd0, 0xff, 0xd0, 0xd0, 0xc8, 0xff,
    0xd8, 0xcc, 0xc8, 0xff, 0xd8, 0xd0, 0xd0, 0xff, 0xd0, 0xcc, 0xc8, 0xff,
    0xd8, 0xd0, 0xc8, 0xff, 0xd0, 0xcc, 0xd0, 0xff, 0xd8, 0xcc, 0xd0, 0xff,
    0xd8, 0xd0, 0xc8, 0xff, 0xd0, 0xcc, 0xd0, 0xff, 0xd8, 0xcc, 0xc8, 0xff,
    0xd8, 0xd0, 0xc8, 0xff, 0xd0, 0xcc, 0xd0, 0xff, 0xd8, 0xcc, 0xc8, 0xff,
    0xd0, 0xd0, 0xd0, 0xff, 0xd8, 0xcc, 0xc8, 0xff, 0xd8, 0xd0, 0xd0, 0xff,
    0xd0, 0xcc, 0xc8, 0xff, 0xd8, 0xd0, 0xc8, 0xff, 0xd0, 0xd0, 0xd0, 0xff,
    0xd8, 0xcc, 0xc8, 0xff, 0xd8, 0xcc, 0xd0, 0xff, 0xd0, 0xd0, 0xc8, 0xff,
    0xd8, 0xcc, 0xc8, 0xff, 0xd8, 0xcc, 0xd0, 0xff, 0xd0, 0xd0, 0xc8, 0xff,
    0xd8, 0xcc, 0xc8, 0xff, 0xd0, 0xcc, 0xd0, 0xff, 0xd8, 0xd0, 0xc8, 0xff,
    0xd8, 0xd0, 0xc8, 0xff, 0xd0, 0xcc, 0xd0, 0xff, 0xd8, 0xd0, 0xc8, 0xff,
    0xd0, 0xcc, 0xc8, 0xff, 0xd8, 0xcc, 0xd0, 0xff, 0xd0, 0xd0, 0xc8, 0xff,
    0xd8, 0xd0, 0xc8, 0xff, 0xd8, 0xcc, 0xd0, 0xff, 0xd0, 0xd0, 0xc8, 0xff,
    0xd8, 0xd0, 0xd0, 0xff, 0xd8, 0xcc, 0xc8, 0xff, 0xd0, 0xcc, 0xc8, 0xff,
    0xd8, 0xd0, 0xd0, 0xff, 0xd8, 0xd0, 0xc8, 0xff, 0xd8, 0xcc, 0xc8, 0xff,
    0xd0, 0xd0, 0xd0, 0xff, 0xd8, 0xcc, 0xc8, 0xff, 0xd0, 0xd0, 0xc8, 0xff,
    0xd8, 0xcc, 0xd0, 0xff, 0xd8, 0xcc, 0xd0, 0xff, 0xd0, 0xd0, 0xc8, 0xff,
    0xd8, 0xd0, 0xd0, 0xff, 0xd0, 0xcc, 0xc8, 0xff, 0xd8, 0xd0, 0xc8, 0xff,
    0xd0, 0xd0, 0xd0, 0xff, 0xd8, 0xcc, 0xc8, 0xff, 0xd8, 0xcc, 0xc8, 0xff,
    0xd0, 0xd0, 0xd0, 0xff, 0xd8, 0xcc, 0xc8, 0xff, 0xd8, 0xd0, 0xc8, 0xff,
    0xd0, 0xcc, 0xd0, 0xff, 0xd8, 0xd0, 0xc8, 0xff, 0xd8, 0xcc, 0xc8, 0xff,
    0xd8, 0xcc, 0xc8, 0xff, 0xd8, 0xd0, 0xc8, 0xff, 0xd8, 0xcc, 0xd0, 0xff,
    0xd0, 0xd0, 0xc8, 0xff, 0xd8, 0xd0, 0xd0, 0xff, 0xd0, 0xcc, 0xd0, 0xff,
    0xd8, 0xd0, 0xc8, 0xff, 0xd0, 0xcc, 0xc8, 0xff, 0xd8, 0xd0, 0xd0, 0xff,
    0xd8, 0xcc, 0xc8, 0xff, 0xd0, 0xd0, 0xd0, 0xff, 0xd8, 0xd0, 0xd0, 0xff,
    0xd8, 0xcc, 0xc8, 0xff, 0xd0, 0xd0, 0xc8, 0xff, 0xd8, 0xd0, 0xd0, 0xff,
    0xd8, 0xcc, 0xc8, 0xff, 0xd0, 0xd0, 0xc8, 0xff, 0xd0, 0xd0, 0xd0, 0xff,
    0xd8, 0xcc, 0xc8, 0xff, 0xd8, 0xd0, 0xc8, 0xff, 0xd0, 0xd0, 0xd0, 0xff,
    0xd0, 0xcc, 0xc8, 0xff, 0xd8, 0xd0, 0xc8, 0xff, 0xd8, 0xcc, 0xd0, 0xff,
    0xd0, 0xd0, 0xc8, 0xff, 0xd8, 0xcc, 0xc8, 0xff, 0xd0, 0xd0, 0xd0, 0xff,
    0xd8, 0xd0, 0xc8, 0xff, 0xd0, 0xcc, 0xc8, 0xff, 0xd8, 0xd0, 0xd0, 0xff,
    0xd8, 0xcc, 0xc8, 0xff, 0xd0, 0xcc, 0xc8, 0xff, 0xd8, 0xd0, 0xd0, 0xff,
    0xd8, 0xd0, 0xc8, 0xff, 0xd0, 0xcc, 0xd0, 0xff, 0xd8, 0xd0, 0xc8, 0xff,
    0xd0, 0xd0, 0xc8, 0xff, 0xd8, 0xcc, 0xd0, 0xff, 0xd0, 0xd0, 0xd0, 0xff,
    0xd8, 0xd0, 0xc8, 0xff, 0xd8, 0xcc, 0xc8, 0xff, 0xd0, 0xcc, 0xd0, 0xff,
    0xd0, 0xd0, 0xc8, 0xff, 0xd8, 0xd0, 0xd0, 0xff, 0xd0, 0xcc, 0xc8, 0xff,
    0xd8, 0xd0, 0xd0, 0xff, 0xd8, 0xcc, 0xc8, 0xff, 0xd0, 0xcc, 0xd0, 0xff,
    0xd8, 0xd0, 0xc8, 0xff, 0xd8, 0xcc, 0xc8, 0xff, 0xd0, 0xcc, 0xc8, 0xff,
    0xd8, 0xd0, 0xd0, 0xff, 0xd8, 0xd0, 0xc8, 0xff, 0xd0, 0xcc, 0xd0, 0xff,
    0xd8, 0xd0, 0xc8, 0xff, 0xd8, 0xd0, 0xd0, 0xff, 0xd0, 0xcc, 0xc8, 0xff,
    0xd8, 0xcc, 0xc8, 0xff, 0xd8, 0xd0, 0xd0, 0xff, 0xd8, 0xd0, 0xc8, 0xff,
    0xd0, 0xcc, 0xc8, 0xff, 0xd8, 0xd0, 0xd0, 0xff, 0xd0, 0xd0, 0xc8, 0xff,
    0xd8, 0xcc, 0xd0, 0xff, 0xd8, 0xd0, 0xc8, 0xff, 0xd0, 0xcc, 0xc8, 0xff,
    0xd8, 0xcc, 0xd0, 0xff, 0xd0, 0xd0, 0xc8, 0xff, 0xd8, 0xcc, 0xd0, 0xff,
    0xd8, 0xd0, 0xc8, 0xff, 0xd0, 0xcc, 0xc8, 0xff, 0xd8, 0xcc, 0xd0, 0xff,
    0xd8, 0xd0, 0xc8, 0xff, 0xd0, 0xcc, 0xd0, 0xff, 0xd8, 0xd0, 0xc8, 0xff,
    0xd8, 0xd0, 0xd0, 0xff, 0xd0, 0xcc, 0xc8, 0xff, 0xd8, 0xd0, 0xc8, 0xff,
    0xd8, 0xd0, 0xd0, 0xff, 0xd0, 0xcc, 0xc8, 0xff, 0xd8, 0xd0, 0xc8, 0xff,
    0xd8, 0xcc, 0xd0, 0xff, 0xd0, 0xcc, 0xc8, 0xff, 0xd8, 0xd0, 0xc8, 0xff,
    0xd8, 0xcc, 0xd0, 0xff, 0xd0, 0xcc, 0xc8, 0xff, 0xd8, 0xd0, 0xc8, 0xff,
    0xd8, 0xd0, 0xd0, 0xff, 0xd0, 0xcc, 0xd0, 0xff, 0xd8, 0xd0, 0xc8, 0xff,
    0xd8, 0xcc, 0xc8, 0xff, 0xd0, 0xcc, 0xd0, 0xff, 0xd8, 0xd0, 0xc8, 0xff,
    0xd8, 0xd0, 0xd0, 0xff, 0xd0, 0xcc, 0xc8, 0xff, 0xd8, 0xd0, 0xc8, 0xff,
    0xd0, 0xd0, 0xd0, 0xff, 0xd8, 0xcc, 0xc8, 0xff, 0xd0, 0xd0, 0xc8, 0xff,
    0xd8, 0xcc, 0xd0, 0xff, 0xd0, 0xcc, 0xc8, 0xff, 0xd8, 0xd0, 0xc8, 0xff,
    0xd0, 0xcc, 0xd0, 0xff, 0xd8, 0xd0, 0xc8, 0xff, 0xd8, 0xd0, 0xd0, 0xff,
    0xd0, 0xcc, 0xc8, 0xff, 0xd8, 0xcc, 0xc8, 0xff, 0xd0, 0xd0, 0xd0, 0xff,
    0xd8, 0xcc, 0xc8, 0xff, 0xd0, 0xcc, 0xc8, 0xff, 0xd8, 0xd0, 0xd0, 0xff,
    0xd0, 0xcc, 0xc8, 0xff, 0xd8, 0xd0, 0xc8, 0xff, 0xd8, 0xd0, 0xd0, 0xff,
    0xd0, 0xcc, 0xc8, 0xff, 0xd8, 0xd0, 0xd0, 0xff, 0xd0, 0xd0, 0xc8, 0xff,
    0xd8, 0xcc, 0xd0, 0xff, 0xd0, 0xd0, 0xc8, 0xff, 0xd8, 0xd0, 0xd0, 0xff,
    0xd8, 0xcc, 0xc8, 0xff, 0xd0, 0xd0, 0xc8, 0xff, 0xd8, 0xd0, 0xc8, 0xff,
    0xd8, 0xcc, 0xd0, 0xff, 0xd0, 0xcc, 0xc8, 0xff, 0xd8, 0xd0, 0xd0, 0xff,
    0xd8, 0xcc, 0xc8, 0xff, 0xd0, 0xcc, 0xd0, 0xff, 0xd8, 0xd0, 0xc8, 0xff,
    0xd0, 0xcc, 0xc8, 0xff, 0xd8, 0xd0, 0xd0, 0xff, 0xd8, 0xd0, 0xc8, 0xff,
    0xd0, 0xcc, 0xc8, 0xff, 0xd8, 0xd0, 0xd0, 0xff, 0xd0, 0xd0, 0xc8, 0xff,
    0xd8, 0xcc, 0xd0, 0xff, 0xd8, 0xd0, 0xc8, 0xff, 0xd8, 0xcc, 0xc8, 0xff,
    0xd8, 0xcc, 0xd0, 0xff, 0xd8, 0xd0, 0xc8, 0xff, 0xd8, 0xcc, 0xd0, 0xff,
    0xd0, 0xd0, 0xc8, 0xff, 0xd8, 0xcc, 0xc8, 0xff, 0xd8, 0xd0, 0xd0, 0xff,
    0xd0, 0xd0, 0xc8, 0xff, 0xd8, 0xcc, 0xd0, 0xff, 0xd8, 0xd0, 0xc8, 0xff,
    0xd0, 0xd0, 0xd0, 0xff, 0xd8, 0xcc, 0xc8, 0xff, 0xd0, 0xd0, 0xc8, 0xff,
    0xd8, 0xd0, 0xd0, 0xff, 0xd0, 0xd0, 0xc8, 0xff, 0xd8, 0xcc, 0xc8, 0xff,
    0xd0, 0xd0, 0xd0, 0xff, 0xd8, 0xd0, 0xc8, 0xff, 0xd0, 0xcc, 0xc8, 0xff,
    0xd8, 0xcc, 0xd0, 0xff, 0xd8, 0xd0, 0xc8, 0xff, 0xd0, 0xcc, 0xc8, 0xff,
    0xd8, 0xcc, 0xd0, 0xff, 0xd0, 0xd0, 0xd0, 0xff, 0xd8, 0xcc, 0xc8, 0xff,
    0xd0, 0xd0, 0xc8, 0xff, 0xd8, 0xcc, 0xd0, 0xff, 0xd0, 0xd0, 0xc8, 0xff,
    0xd8, 0xcc, 0xd0, 0xff, 0xd8, 0xd0, 0xc8, 0xff, 0xd0, 0xcc, 0xc8, 0xff,
    0xd8, 0xcc, 0xd0, 0xff, 0xd0, 0xd0, 0xc8, 0xff, 0xd8, 0xd0, 0xc8, 0xff,
    0xd0, 0xcc, 0xd0, 0xff, 0xd8, 0xd0, 0xc8, 0xff, 0xd0, 0xcc, 0xc8, 0xff,
    0xd8, 0xd0, 0xd0, 0xff, 0xd8, 0xcc, 0xc8, 0xff, 0xd0, 0xcc, 0xd0, 0xff,
    0xd8, 0xd0, 0xc8, 0xff, 0xd0, 0xcc, 0xc8, 0xff, 0xd8, 0xcc, 0xd0, 0xff,
    0xd8, 0xd0, 0xc8, 0xff, 0xd0, 0xd0, 0xc8, 0xff, 0xd8, 0xcc, 0xd0, 0xff,
    0xd0, 0xd0, 0xc8, 0xff, 0xd8, 0xcc, 0xc8, 0xff, 0xd8, 0xcc, 0xd0, 0xff,
    0xd0, 0xd0, 0xc8, 0xff, 0xd8, 0xcc, 0xd0, 0xff, 0xd0, 0xd0, 0xc8, 0xff,
    0xd8, 0xcc, 0xd0, 0xff, 0xd8, 0xcc, 0xc8, 0xff, 0xd8, 0xd0, 0xd0, 0xff,
    0xd8, 0xd0, 0xc8, 0xff, 0xd8, 0xcc, 0xc8, 0xff, 0xd8, 0xcc, 0xd0, 0xff,
    0xd0, 0xd0, 0xc8, 0xff, 0xd8, 0xcc, 0xd0, 0xff, 0xd8, 0xcc, 0xc8, 0xff,
    0xd0, 0xd0, 0xd0, 0xff, 0xd8, 0xd0, 0xd0, 0xff, 0xd8, 0xcc, 0xc8, 0xff,
    0xd8, 0xcc, 0xc8, 0xff, 0xd0, 0xd0, 0xc8, 0xff, 0xd8, 0xcc, 0xd0, 0xff,
    0xd8, 0xcc, 0xc8, 0xff, 0xd0, 0xd0, 0xd0, 0xff, 0xd8, 0xcc, 0xc8, 0xff,
    0xd0, 0xd0, 0xc8, 0xff, 0xd8, 0xd0, 0xd0, 0xff, 0xd8, 0xcc, 0xc8, 0xff,
    0xd0, 0xcc, 0xc8, 0xff, 0xd8, 0xd0, 0xd0, 0xff, 0xd8, 0xcc, 0xc8, 0xff,
    0xd0, 0xd0, 0xc8, 0xff, 0xd8, 0xcc, 0xd0, 0xff, 0xd0, 0xcc, 0xc8, 0xff,
    0xd8, 0xd0, 0xc8, 0xff, 0xd0, 0xcc, 0xd0, 0xff, 0xd8, 0xd0, 0xc8, 0xff,
    0xd8, 0xcc, 0xc8, 0xff, 0xd0, 0xcc, 0xd0, 0xff, 0xd8, 0xd0, 0xc8, 0xff,
    0xd0, 0xcc, 0xd0, 0xff, 0xd0, 0xcc, 0xc8, 0xff, 0xd8, 0xd0, 0xc8, 0xff,
    0xd8, 0xd0, 0xc8, 0xff, 0xd0, 0xd0, 0xc8, 0xff, 0xd8, 0xcc, 0xd0, 0xff,
    0xd8, 0xd0, 0xc8, 0xff, 0xd0, 0xcc, 0xc8, 0xff, 0xd8, 0xcc, 0xd0, 0xff,
    0xd8, 0xd0, 0xc8, 0xff, 0xd0, 0xcc, 0xd0, 0xff, 0xd8, 0xd0, 0xc8, 0xff,
    0xd8, 0xd0, 0xc8, 0xff, 0xd0, 0xcc, 0xd0, 0xff, 0xd8, 0xd0, 0xc8, 0xff,
    0xd8, 0xd0, 0xc8, 0xff, 0xd0, 0xcc, 0xd0, 0xff, 0xd8, 0xcc, 0xc8, 0xff,
    0xd8, 0xd0, 0xc8, 0xff, 0xd0, 0xd0, 0xd0, 0xff, 0xd8, 0xcc, 0xd0, 0xff,
    0xd0, 0xd0, 0xc8, 0xff, 0xd8, 0xd0, 0xd0, 0xff, 0xd8, 0xcc, 0xc8, 0xff,
    0xd0, 0xcc, 0xc8, 0xff, 0xd8, 0xd0, 0xd0, 0xff, 0xd0, 0xcc, 0xd0, 0xff,
    0xd8, 0xd0, 0xc8, 0xff, 0xd8, 0xd0, 0xc8, 0xff, 0xd0, 0xcc, 0xd0, 0xff,
    0xd8, 0xd0, 0xc8, 0xff, 0xd8, 0xcc, 0xd0, 0xff, 0xd0, 0xd0, 0xc8, 0xff,
    0xd8, 0xd0, 0xc8, 0xff, 0xd8, 0xcc, 0xd0, 0xff, 0xd0, 0xd0, 0xc8, 0xff,
    0xd8, 0xcc, 0xc8, 0xff, 0xd0, 0xd0, 0xd0, 0xff, 0xd8, 0xd0, 0xc8, 0xff,
    0xd8, 0xcc, 0xc8, 0xff, 0xd0, 0xd0, 0xd0, 0xff, 0xd8, 0xcc, 0xc8, 0xff,
    0xd8, 0xcc, 0xc8, 0xff, 0xd0, 0xd0, 0xd0, 0xff, 0xd8, 0xd0, 0xc8, 0xff,
    0xd8, 0xcc, 0xc8, 0xff, 0xd0, 0xd0, 0xd0, 0xff, 0xd8, 0xcc, 0xc8, 0xff,
    0xd0, 0xcc, 0xc8, 0xff, 0xd8, 0xd0, 0xd0, 0xff, 0xd8, 0xcc, 0xc8, 0xff,
    0xd0, 0xcc, 0xc8, 0xff, 0xd8, 0xd0, 0xd0, 0xff, 0xd0, 0xcc, 0xc8, 0xff,
    0xd8, 0xd0, 0xc8, 0xff, 0xd8, 0xd0, 0xd0, 0xff, 0xd0, 0xcc, 0xc8, 0xff,
    0xd8, 0xd0, 0xc8, 0xff, 0xd8, 0xd0, 0xd0, 0xff, 0xd0, 0xcc, 0xc8, 0xff,
    0xd8, 0xd0, 0xc8, 0xff, 0xd0, 0xd0, 0xd0, 0xff, 0xd8, 0xcc, 0xd0, 0xff,
    0xd8, 0xd0, 0xc8, 0xff, 0xd0, 0xd0, 0xc8, 0xff, 0xd8, 0xcc, 0xd0, 0xff,
    0xd8, 0xd0, 0xc8, 0xff, 0xd0, 0xd0, 0xc8, 0xff, 0xd8, 0xcc, 0xd0, 0xff,
    0xd8, 0xd0, 0xd0, 0xff, 0xd0, 0xcc, 0xc8, 0xff, 0xd8, 0xd0, 0xc8, 0xff,
    0xd0, 0xd0, 0xd0, 0xff, 0xd8, 0xcc, 0xc8, 0xff, 0xd8, 0xd0, 0xc8, 0xff,
    0xd0, 0xd0, 0xd0, 0xff, 0xd8, 0xcc, 0xc8, 0xff, 0xd8, 0xd0, 0xd0, 0xff,
    0xd8, 0xcc, 0xc8, 0xff, 0xd0, 0xd0, 0xd0, 0xff, 0xd8, 0xcc, 0xc8, 0xff,
    0xd8, 0xd0, 0xd0, 0xff, 0xd0, 0xd0, 0xc8, 0xff, 0xd8, 0xcc, 0xc8, 0xff,
    0xd8, 0xd0, 0xd0, 0xff, 0xd0, 0xcc, 0xc8, 0xff, 0xd8, 0xcc, 0xd0, 0xff,
    0xd0, 0xd0, 0xc8, 0xff, 0xd8, 0xcc, 0xc8, 0xff, 0xd0, 0xd0, 0xd0, 0xff,
    0xd8, 0xcc, 0xc8, 0xff, 0xd8, 0xd0, 0xd0, 0xff, 0xd0, 0xcc, 0xc8, 0xff,
    0xd8, 0xd0, 0xc8, 0xff, 0xd8, 0xd0, 0xd0, 0xff, 0xd0, 0xcc, 0xc8, 0xff,
    0xd8, 0xd0, 0xc8, 0xff, 0xd8, 0xd0, 0xd0, 0xff, 0xd0, 0xcc, 0xc8, 0xff,
    0xd8, 0xd0, 0xc8, 0xff, 0xd0, 0xcc, 0xc8, 0xff, 0xd8, 0xcc, 0xc8, 0xff,
    0xd8, 0xd0, 0xd0, 0xff, 0xd0, 0xcc, 0xc8, 0xff, 0xd8, 0xd0, 0xd0, 0xff,
    0xd8, 0xd0, 0xd0, 0xff, 0xd0, 0xcc, 0xc8, 0xff, 0xd8, 0xd0, 0xd0, 0xff,
    0xd8, 0xd0, 0xc8, 0xff, 0xd0, 0xcc, 0xd0, 0xff, 0xd8, 0xcc, 0xc8, 0xff,
    0xd0, 0xd0, 0xd0, 0xff, 0xd8, 0xd0, 0xc8, 0xff, 0xd0, 0xcc, 0xc8, 0xff,
    0xd8, 0xd0, 0xd0, 0xff, 0xd8, 0xcc, 0xc8, 0xff, 0xd0, 0xcc, 0xc8, 0xff,
    0xd8, 0xd0, 0xc8, 0xff, 0xd8, 0xcc, 0xc8, 0xff, 0xd8, 0xcc, 0xc8, 0xff,
    0xd0, 0xd0, 0xd0, 0xff, 0xd8, 0xcc, 0xc8, 0xff, 0xd0, 0xcc, 0xc8, 0xff,
    0xd8, 0xd0, 0xd0, 0xff, 0xd0, 0xcc, 0xc8, 0xff, 0xd8, 0xcc, 0xc8, 0xff,
    0xd8, 0xd0, 0xd0, 0xff, 0xd0, 0xcc, 0xc8, 0xff, 0xd8, 0xcc, 0xd0, 0xff,
    0xd8, 0xd0, 0xc8, 0xff, 0xd0, 0xcc, 0xd0, 0xff, 0xd8, 0xcc, 0xc8, 0xff,
    0xd8, 0xd0, 0xd0, 0xff, 0xd0, 0xcc, 0xc8, 0xff, 0xd8, 0xcc, 0xc8, 0xff,
    0xd8, 0xd0, 0xd0, 0xff, 0xd0, 0xd0, 0xc8, 0xff, 0xd8, 0xcc, 0xc8, 0xff,
    0xd8, 0xcc, 0xd0, 0xff, 0xd8, 0xd0, 0xc8, 0xff, 0xd8, 0xcc, 0xc8, 0xff,
    0xd0, 0xd0, 0xd0, 0xff, 0xd8, 0xcc, 0xc8, 0xff, 0xd0, 0xd0, 0xd0, 0xff,
    0xd8, 0xd0, 0xc8, 0xff, 0xd8, 0xcc, 0xc8, 0xff, 0xd0, 0xcc, 0xd0, 0xff,
    0xd8, 0xd0, 0xc8, 0xff, 0xd8, 0xcc, 0xd0, 0xff, 0xd8, 0xcc, 0xc8, 0xff,
    0xd8, 0xd0, 0xc8, 0xff, 0xd0, 0xcc, 0xd0, 0xff, 0xd8, 0xd0, 0xc8, 0xff,
    0xd0, 0xd0, 0xc8, 0xff, 0xd8, 0xcc, 0xd0, 0xff, 0xd8, 0xd0, 0xc8, 0xff,
    0xd8, 0xcc, 0xc8, 0xff, 0xd8, 0xcc, 0xd0, 0xff, 0xd0, 0xd0, 0xc8, 0xff,
    0xd8, 0xd0, 0xc8, 0xff, 0xd0, 0xcc, 0xd0, 0xff, 0xd8, 0xd0, 0xc8, 0xff,
    0xd0, 0xd0, 0xd0, 0xff, 0xd0, 0xcc, 0xc8, 0xff, 0xd8, 0xcc, 0xc8, 0xff,
    0xd8, 0xd0, 0xc8, 0xff, 0xd0, 0xcc, 0xd0, 0xff, 0xd8, 0xd0, 0xc8, 0xff,
    0xd0, 0xcc, 0xc8, 0xff, 0xd8, 0xd0, 0xd0, 0xff, 0xd0, 0xcc, 0xc8, 0xff,
    0xd8, 0xcc, 0xd0, 0xff, 0xd8, 0xd0, 0xc8, 0xff, 0xd0, 0xcc, 0xd0, 0xff,
    0xd8, 0xd0, 0xc8, 0xff, 0xd8, 0xcc, 0xc8, 0xff, 0xd0, 0xcc, 0xd0, 0xff,
    0xd8, 0xd0, 0xc8, 0xff, 0xd0, 0xd0, 0xc8, 0xff, 0xd8, 0xcc, 0xd0, 0xff,
    0xd8, 0xd0, 0xc8, 0xff, 0xd0, 0xcc, 0xc8, 0xff, 0xd8, 0xd0, 0xd0, 0xff,
    0xd0, 0xcc, 0xc8, 0xff, 0xd8, 0xd0, 0xd0, 0xff, 0xd0, 0xd0, 0xc8, 0xff,
    0xd8, 0xcc, 0xc8, 0xff, 0xd8, 0xcc, 0xc8, 0xff, 0xd0, 0xd0, 0xd0, 0xff,
    0xd8, 0xcc, 0xc8, 0xff, 0xd0, 0xcc, 0xd0, 0xff, 0xd8, 0xd0, 0xc8, 0xff,
    0xd8, 0xcc, 0xd0, 0xff, 0xd0, 0xd0, 0xc8, 0xff, 0xd8, 0xd0, 0xc8, 0xff,
    0xd8, 0xcc, 0xd0, 0xff, 0xd0, 0xd0, 0xc8, 0xff, 0xd8, 0xd0, 0xd0, 0xff,
    0xd8, 0xcc, 0xc8, 0xff, 0xd0, 0xcc, 0xd0, 0xff, 0xd8, 0xd0, 0xc8, 0xff,
    0xd8, 0xcc, 0xc8, 0xff, 0xd0, 0xd0, 0xd0, 0xff, 0xd8, 0xd0, 0xc8, 0xff,
    0xd0, 0xcc, 0xc8, 0xff, 0xd8, 0xcc, 0xd0, 0xff, 0xd8, 0xd0, 0xc8, 0xff,
    0xd0, 0xcc, 0xc8, 0xff, 0xd8, 0xcc, 0xd0, 0xff, 0xd8, 0xd0, 0xc8, 0xff,
    0xd0, 0xcc, 0xd0, 0xff, 0xd8, 0xd0, 0xc8, 0xff, 0xd8, 0xd0, 0xd0, 0xff,
    0xd0, 0xcc, 0xc8, 0xff, 0xd8, 0xd0, 0xd0, 0xff, 0xd8, 0xcc, 0xc8, 0xff,
    0xd0, 0xcc, 0xc8, 0xff, 0xd8, 0xd0, 0xd0, 0xff, 0xd0, 0xcc, 0xc8, 0xff,
    0xd8, 0xd0, 0xc8, 0xff, 0xd8, 0xd0, 0xd0, 0xff, 0xd0, 0xcc, 0xd0, 0xff,
    0xd8, 0xd0, 0xc8, 0xff, 0xd8, 0xcc, 0xc8, 0xff, 0xd0, 0xcc, 0xd0, 0xff,
    0xd8, 0xd0, 0xc8, 0xff, 0xd8, 0xcc, 0xd0, 0xff, 0xd0, 0xcc, 0xc8, 0xff,
    0xd8, 0xd0, 0xc8, 0xff, 0xd8, 0xcc, 0xd0, 0xff, 0xd0, 0xcc, 0xc8, 0xff,
    0xd8, 0xd0, 0xc8, 0xff, 0xd8, 0xcc, 0xd0, 0xff, 0xd0, 0xcc, 0xc8, 0xff,
    0xd8, 0xd0, 0xd0, 0xff, 0xd0, 0xcc, 0xc8, 0xff, 0xd8, 0xd0, 0xc8, 0xff,
    0xd8, 0xd0, 0xc8, 0xff, 0xd0, 0xcc, 0xd0, 0xff, 0xd0, 0xd0, 0xc8, 0xff,
    0xd8, 0xd0, 0xc8, 0xff, 0xd8, 0xcc, 0xd0, 0xff, 0xd0, 0xd0, 0xc8, 0xff,
    0xd8, 0xcc, 0xd0, 0xff, 0xd8, 0xcc, 0xc8, 0xff, 0xd0, 0xd0, 0xd0, 0xff,
    0xd8, 0xcc, 0xc8, 0xff, 0xd8, 0xcc, 0xc8, 0xff, 0xd0, 0xd0, 0xd0, 0xff,
    0xd0, 0xcc, 0xc8, 0xff, 0xd8, 0xd0, 0xc8, 0xff, 0xd0, 0xd0, 0xd0, 0xff,
    0xd0, 0xcc, 0xc8, 0xff, 0xd8, 0xd0, 0xc8, 0xff, 0xd0, 0xcc, 0xd0, 0xff,
    0xd8, 0xcc, 0xc8, 0xff, 0xd8, 0xd0, 0xd0, 0xff, 0xd0, 0xcc, 0xc8, 0xff,
    0xd0, 0xcc, 0xc8, 0xff, 0xd8, 0xd0, 0xc8, 0xff, 0xd8, 0xcc, 0xd0, 0xff,
    0xd0, 0xcc, 0xc8, 0xff, 0xd8, 0xd0, 0xd0, 0xff, 0xd8, 0xcc, 0xc8, 0xff,
    0xd0, 0xcc, 0xd0, 0xff, 0xd8, 0xd0, 0xc8, 0xff, 0xd8, 0xcc, 0xc8, 0xff,
    0xd0, 0xcc, 0xd0, 0xff, 0xd8, 0xd0, 0xc8, 0xff, 0xd8, 0xd0, 0xd0, 0xff,
    0xd0, 0xcc, 0xc8, 0xff, 0xd8, 0xd0, 0xd0, 0xff, 0xd8, 0xcc, 0xc8, 0xff,
    0xd0, 0xd0, 0xc8, 0xff, 0xd8, 0xcc, 0xd0, 0xff, 0xd8, 0xcc, 0xc8, 0xff,
    0xd0, 0xd0, 0xc8, 0xff, 0xd8, 0xcc, 0xd0, 0xff, 0xd8, 0xcc, 0xc8, 0xff,
    0xd0, 0xd0, 0xc8, 0xff, 0xd8, 0xcc, 0xd0, 0xff, 0xd8, 0xd0, 0xc8, 0xff,
    0xd0, 0xcc, 0xd0, 0xff, 0xd8, 0xcc, 0xc8, 0xff, 0xd8, 0xd0, 0xd0, 0xff,
    0xd0, 0xcc, 0xc8, 0xff, 0xd8, 0xd0, 0xd0, 0xff, 0xd8, 0xd0, 0xc8, 0xff,
    0xd0, 0xcc, 0xc8, 0xff, 0xd8, 0xd0, 0xd0, 0xff, 0xd8, 0xd0, 0xc8, 0xff,
    0xd0, 0xcc, 0xc8, 0xff, 0xd8, 0xd0, 0xd0, 0xff, 0xd8, 0xcc, 0xd0, 0xff,
    0xd0, 0xcc, 0xc8, 0xff, 0xd8, 0xd0, 0xc8, 0xff, 0xd8, 0xcc, 0xd0, 0xff,
    0xd0, 0xd0, 0xc8, 0xff, 0xd8, 0xd0, 0xd0, 0xff, 0xd8, 0xcc, 0xc8, 0xff,
    0xd0, 0xd0, 0xc8, 0xff, 0xd8, 0xcc, 0xd0, 0xff, 0xd8, 0xd0, 0xc8, 0xff,
    0xd0, 0xd0, 0xc8, 0xff, 0xd0, 0xcc, 0xd0, 0xff, 0xd8, 0xd0, 0xc8, 0xff,
    0xd0, 0xcc, 0xc8, 0xff, 0xd0, 0xd0, 0xd0, 0xff, 0xd8, 0xcc, 0xc8, 0xff,
    0xd8, 0xd0, 0xc8, 0xff, 0xd0, 0xd0, 0xd0, 0xff, 0xd8, 0xcc, 0xc8, 0xff,
    0xd8, 0xcc, 0xc8, 0xff, 0xd0, 0xd0, 0xc8, 0xff, 0xd8, 0xd0, 0xd0, 0xff,
    0xd8, 0xcc, 0xc8, 0xff, 0xd0, 0xd0, 0xc8, 0xff, 0xd8, 0xd0, 0xd0, 0xff,
    0xd8, 0xcc, 0xc8, 0xff, 0xd0, 0xd0, 0xc8, 0xff, 0xd8, 0xcc, 0xd0, 0xff,
    0xd8, 0xcc, 0xc8, 0xff, 0xd0, 0xd0, 0xd0, 0xff, 0xd8, 0xd0, 0xc8, 0xff,
    0xd0, 0xcc, 0xc8, 0xff, 0xd8, 0xd0, 0xd0, 0xff, 0xd8, 0xd0, 0xc8, 0xff,
    0xd0, 0xcc, 0xc8, 0xff, 0xd8, 0xd0, 0xd0, 0xff, 0xd8, 0xd0, 0xc8, 0xff,
    0xd0, 0xcc, 0xc8, 0xff, 0xd8, 0xcc, 0xd0, 0xff, 0xd8, 0xd0, 0xc8, 0xff,
    0xd0, 0xd0, 0xd0, 0xff, 0xd8, 0xcc, 0xc8, 0xff, 0xd8, 0xd0, 0xc8, 0xff,
    0xd8, 0xcc, 0xd0, 0xff, 0xd0, 0xd0, 0xc8, 0xff, 0xd8, 0xcc, 0xc8, 0xff,
    0xd8, 0xcc, 0xc8, 0xff, 0xd0, 0xd0, 0xd0, 0xff, 0xd8, 0xd0, 0xc8, 0xff,
    0xd0, 0xcc, 0xc8, 0xff, 0xd8, 0xd0, 0xd0, 0xff, 0xd8, 0xcc, 0xc8, 0xff,
    0xd0, 0xcc, 0xc8, 0xff, 0xd8, 0xd0, 0xd0, 0xff, 0xd0, 0xcc, 0xc8, 0xff,
    0xd8, 0xd0, 0xc8, 0xff, 0xd8, 0xcc, 0xd0, 0xff, 0xd0, 0xcc, 0xc8, 0xff,
    0xd8, 0xd0, 0xc8, 0xff, 0xd8, 0xd0, 0xd0, 0xff, 0xd0, 0xcc, 0xc8, 0xff,
    0xd8, 0xcc, 0xc8, 0xff, 0xd8, 0xd0, 0xc8, 0xff, 0xd0, 0xcc, 0xc8, 0xff,
    0xd8, 0xd0, 0xd0, 0xff, 0xd0, 0xd0, 0xc8, 0xff, 0xd8, 0xcc, 0xc8, 0xff,
    0xd8, 0xd0, 0xd0, 0xff, 0xd0, 0xcc, 0xc8, 0xff, 0xd8, 0xcc, 0xc8, 0xff,
    0xd0, 0xcc, 0xd0, 0xff, 0xd8, 0xcc, 0xc8, 0xff, 0xd0, 0xd0, 0xc8, 0xff,
    0xd8, 0xcc, 0xd0, 0xff, 0xd8, 0xcc, 0xc8, 0xff, 0xd0, 0xd0, 0xd0, 0xff,
    0xd8, 0xcc, 0xc8, 0xff, 0xd0, 0xd0, 0xd0, 0xff, 0xd8, 0xd0, 0xc8, 0xff,
    0xd8, 0xcc, 0xc8, 0xff, 0xd0, 0xcc, 0xd0, 0xff, 0xd8, 0xd0, 0xc8, 0xff,
    0xd0, 0xd0, 0xc8, 0xff, 0xd8, 0xcc, 0xd0, 0xff, 0xd8, 0xd0, 0xc8, 0xff,
    0xd0, 0xd0, 0xc8, 0xff, 0xd8, 0xcc, 0xd0, 0xff, 0xd8, 0xcc, 0xc8, 0xff,
    0xd0, 0xd0, 0xc8, 0xff, 0xd8, 0xd0, 0xd0, 0xff, 0xd8, 0xcc, 0xc8, 0xff,
    0xd0, 0xd0, 0xd0, 0xff, 0xd8, 0xd0, 0xc8, 0xff, 0xd0, 0xcc, 0xd0, 0xff,
    0xd8, 0xd0, 0xc8, 0xff, 0xd8, 0xcc, 0xd0, 0xff, 0xd0, 0xcc, 0xc8, 0xff,
    0xd8, 0xd0, 0xc8, 0xff, 0xd0, 0xcc, 0xd0, 0xff, 0xd8, 0xcc, 0xc8, 0xff,
    0xd8, 0xd0, 0xc8, 0xff, 0xd0, 0xcc, 0xd0, 0xff, 0xd8, 0xcc, 0xc8, 0xff,
    0xd8, 0xd0, 0xc8, 0xff, 0xd0, 0xcc, 0xc8, 0xff, 0xd8, 0xcc, 0xd0, 0xff,
    0xd0, 0xd0, 0xc8, 0xff, 0xd8, 0xcc, 0xc8, 0xff, 0xd8, 0xcc, 0xd0, 0xff,
    0xd0, 0xd0, 0xc8, 0xff, 0xd0, 0xcc, 0xc8, 0xff, 0xd8, 0xcc, 0xc8, 0xff,
    0xd8, 0xd0, 0xd0, 0xff, 0xd0, 0xcc, 0xc8, 0xff, 0xd8, 0xcc, 0xc8, 0xff,
    0xd8, 0xd0, 0xd0, 0xff, 0xd0, 0xcc, 0xc8, 0xff, 0xd8, 0xcc, 0xd0, 0xff,
    0xd0, 0xd0, 0xc8, 0xff, 0xd0, 0xd0, 0xc8, 0xff, 0xd8, 0xcc, 0xd0, 0xff,
    0xd0, 0xd0, 0xc8, 0xff, 0xd8, 0xcc, 0xc8, 0xff, 0xd8, 0xcc, 0xd0, 0xff,
    0xd0, 0xd0, 0xc8, 0xff, 0xd8, 0xcc, 0xc8, 0xff, 0xd8, 0xcc, 0xd0, 0xff,
    0xd0, 0xd0, 0xc8, 0xff, 0xd8, 0xd0, 0xc8, 0xff, 0xd8, 0xcc, 0xd0, 0xff,
    0xd8, 0xcc, 0xc8, 0xff, 0xd0, 0xd0, 0xc8, 0xff, 0xd8, 0xcc, 0xd0, 0xff,
    0xd0, 0xd0, 0xc8, 0xff, 0xd8, 0xcc, 0xc8, 0xff, 0xd0, 0xd0, 0xd0, 0xff,
    0xd8, 0xcc, 0xc8, 0xff, 0xd0, 0xcc, 0xd0, 0xff, 0xd8, 0xd0, 0xc8, 0xff,
    0xd8, 0xcc, 0xc8, 0xff, 0xd0, 0xcc, 0xd0, 0xff, 0xd8, 0xd0, 0xd0, 0xff,
    0xd8, 0xd0, 0xc8, 0xff, 0xd0, 0xd0, 0xc8, 0xff, 0xd8, 0xcc, 0xd0, 0xff,
    0xd8, 0xcc, 0xc8, 0xff, 0xd0, 0xd0, 0xc8, 0xff, 0xd8, 0xcc, 0xc8, 0xff,
    0xd8, 0xcc, 0xc8, 0xff, 0xd0, 0xd0, 0xd0, 0xff, 0xd8, 0xcc, 0xc8, 0xff,
    0xd0, 0xd0, 0xc8, 0xff, 0xd8, 0xcc, 0xd0, 0xff, 0xd8, 0xd0, 0xc8, 0xff,
    0xd8, 0xcc, 0xc8, 0xff, 0xd0, 0xcc, 0xd0, 0xff, 0xd8, 0xd0, 0xd0, 0xff,
    0xd0, 0xd0, 0xc8, 0xff, 0xd0, 0xcc, 0xd0, 0xff, 0xd8, 0xd0, 0xd0, 0xff,
    0xd0, 0xcc, 0xc8, 0xff, 0xd8, 0xd0, 0xc8, 0xff, 0xd0, 0xd0, 0xd0, 0xff,
    0xd8, 0xcc, 0xc8, 0xff, 0xd8, 0xd0, 0xd0, 0xff, 0xd8, 0xd0, 0xc8, 0xff,
    0xd0, 0xcc, 0xc8, 0xff, 0xd8, 0xd0, 0xc8, 0xff, 0xd0, 0xd0, 0xd0, 0xff,
    0xd8, 0xcc, 0xc8, 0xff, 0xd0, 0xd0, 0xc8, 0xff, 0xd8, 0xd0, 0xc8, 0xff,
    0xd8, 0xcc, 0xd0, 0xff, 0xd0, 0xd0, 0xc8, 0xff, 0xd8, 0xd0, 0xc8, 0xff,
    0xd8, 0xcc, 0xd0, 0xff, 0xd0, 0xd0, 0xc8, 0xff, 0xd8, 0xcc, 0xd0, 0xff,
    0xd8, 0xd0, 0xc8, 0xff, 0xd0, 0xcc, 0xc8, 0xff, 0xd8, 0xd0, 0xd0, 0xff,
    0xd0, 0xd0, 0xc8, 0xff, 0xd0, 0xcc, 0xd0, 0xff, 0xd8, 0xcc, 0xc8, 0xff,
    0xd8, 0xd0, 0xc8, 0xff, 0xd0, 0xcc, 0xd0, 0xff, 0xd8, 0xcc, 0xc8, 0xff,
    0xd0, 0xd0, 0xd0, 0xff, 0xd8, 0xd0, 0xc8, 0xff, 0xd0, 0xcc, 0xc8, 0xff,
    0xd0, 0xd0, 0xd0, 0xff, 0xd8, 0xd0, 0xc8, 0xff, 0xd0, 0xcc, 0xd0, 0xff,
    0xd8, 0xcc, 0xc8, 0xff, 0xd8, 0xd0, 0xc8, 0xff, 0xd0, 0xcc, 0xd0, 0xff,
    0xd8, 0xcc, 0xc8, 0xff, 0xd0, 0xd0, 0xd0, 0xff, 0xd8, 0xd0, 0xc8, 0xff,
    0xd0, 0xcc, 0xc8, 0xff, 0xd8, 0xcc, 0xd0, 0xff, 0xd8, 0xd0, 0xc8, 0xff,
    0xd0, 0xcc, 0xc8, 0xff, 0xd8, 0xcc, 0xd0, 0xff, 0xd8, 0xd0, 0xc8, 0xff,
    0xd8, 0xcc, 0xc8, 0xff, 0xd0, 0xd0, 0xd0, 0xff, 0xd8, 0xd0, 0xd0, 0xff,
    0xd8, 0xcc, 0xc8, 0xff, 0xd0, 0xd0, 0xc8, 0xff, 0xd8, 0xcc, 0xd0, 0xff,
    0xd8, 0xcc, 0xc8, 0xff, 0xd0, 0xd0, 0xc8, 0xff, 0xd8, 0xd0, 0xd0, 0xff,
    0xd0, 0xd0, 0xc8, 0xff, 0xd8, 0xcc, 0xc8, 0xff, 0xd0, 0xd0, 0xd0, 0xff,
    0xd8, 0xcc, 0xc8, 0xff, 0xd8, 0xd0, 0xc8, 0xff, 0xd0, 0xcc, 0xd0, 0xff,
    0xd8, 0xd0, 0xc8, 0xff, 0xd8, 0xcc, 0xd0, 0xff, 0xd0, 0xd0, 0xc8, 0xff,
    0xd8, 0xcc, 0xc8, 0xff, 0xd8, 0xd0, 0xd0, 0xff, 0xd0, 0xcc, 0xc8, 0xff,
    0xd8, 0xd0, 0xc8, 0xff, 0xd8, 0xcc, 0xd0, 0xff, 0xd0, 0xd0, 0xc8, 0xff,
    0xd8, 0xd0, 0xd0, 0xff, 0xd8, 0xcc, 0xc8, 0xff, 0xd0, 0xd0, 0xc8, 0xff,
    0xd8, 0xcc, 0xd0, 0xff, 0xd8, 0xd0, 0xc8, 0xff, 0xd0, 0xcc, 0xc8, 0xff,
    0xd8, 0xcc, 0xd0, 0xff, 0xd0, 0xd0, 0xc8, 0xff, 0xd8, 0xcc, 0xd0, 0xff,
    0xd0, 0xcc, 0xc8, 0xff, 0xd8, 0xd0, 0xc8, 0xff, 0xd8, 0xd0, 0xd0, 0xff,
    0xd0, 0xcc, 0xc8, 0xff, 0xd8, 0xd0, 0xc8, 0xff, 0xd8, 0xcc, 0xd0, 0xff,
    0xd0, 0xcc, 0xc8, 0xff, 0xd8, 0xd0, 0xc8, 0xff, 0xd8, 0xcc, 0xd0, 0xff,
    0xd0, 0xd0, 0xc8, 0xff, 0xd8, 0xd0, 0xc8, 0xff, 0xd0, 0xcc, 0xd0, 0xff,
    0xd8, 0xd0, 0xc8, 0xff, 0xd8, 0xcc, 0xc8, 0xff, 0xd0, 0xcc, 0xd0, 0xff,
    0xd8, 0xd0, 0xc8, 0xff, 0xd8, 0xcc, 0xc8, 0xff, 0xd0, 0xcc, 0xd0, 0xff,
    0xd8, 0xd0, 0xc8, 0xff, 0xd8, 0xd0, 0xc8, 0xff, 0xd0, 0xcc, 0xd0, 0xff,
    0xd8, 0xd0, 0xc8, 0xff, 0xd8, 0xcc, 0xc8, 0xff, 0xd0, 0xcc, 0xd0, 0xff,
    0xd8, 0xd0, 0xc8, 0xff, 0xd8, 0xcc, 0xc8, 0xff, 0xd0, 0xd0, 0xc8, 0xff,
    0xd8, 0xd0, 0xd0, 0xff, 0xd8, 0xcc, 0xc8, 0xff, 0xd0, 0xd0, 0xc8, 0xff,
    0xd8, 0xd0, 0xd0, 0xff, 0xd0, 0xcc, 0xc8, 0xff, 0xd8, 0xd0, 0xc8, 0xff,
    0xd8, 0xd0, 0xd0, 0xff, 0xd0, 0xcc, 0xc8, 0xff, 0xd8, 0xd0, 0xc8, 0xff,
    0xd8, 0xd0, 0xd0, 0xff, 0xd0, 0xcc, 0xc8, 0xff, 0xd8, 0xd0, 0xc8, 0xff,
    0xd8, 0xcc, 0xd0, 0xff, 0xd0, 0xcc, 0xd0, 0xff, 0xd8, 0xd0, 0xc8, 0xff,
    0xd8, 0xcc, 0xd0, 0xff, 0xd0, 0xcc, 0xc8, 0xff, 0xd8, 0xd0, 0xc8, 0xff,
    0xd8, 0xcc, 0xd0, 0xff, 0xd0, 0xd0, 0xc8, 0xff, 0xd8, 0xd0, 0xc8, 0xff,
    0xd8, 0xcc, 0xd0, 0xff, 0xd0, 0xd0, 0xc8, 0xff, 0xd0, 0xcc, 0xc8, 0xff,
    0xd8, 0xd0, 0xd0, 0xff, 0xd8, 0xd0, 0xc8, 0xff, 0xd8, 0xcc, 0xd0, 0xff,
    0xd8, 0xcc, 0xc8, 0xff, 0xd8, 0xd0, 0xd0, 0xff, 0xd0, 0xcc, 0xc8, 0xff,
    0xd8, 0xd0, 0xc8, 0xff, 0xd8, 0xd0, 0xd0, 0xff, 0xd0, 0xcc, 0xc8, 0xff,
    0xd8, 0xd0, 0xc8, 0xff, 0xd8, 0xd0, 0xd0, 0xff, 0xd0, 0xcc, 0xc8, 0xff,
    0xd8, 0xd0, 0xd0, 0xff, 0xd8, 0xd0, 0xc8, 0xff, 0xd0, 0xcc, 0xc8, 0xff,
    0xd8, 0xd0, 0xd0, 0xff, 0xd8, 0xd0, 0xc8, 0xff, 0xd0, 0xcc, 0xc8, 0xff,
    0xd8, 0xcc, 0xd0, 0xff, 0xd8, 0xd0, 0xc8, 0xff, 0xd0, 0xd0, 0xd0, 0xff,
    0xd8, 0xcc, 0xc8, 0xff, 0xd8, 0xcc, 0xc8, 0xff, 0xd0, 0xd0, 0xd0, 0xff,
    0xd0, 0xcc, 0xc8, 0xff, 0xd8, 0xd0, 0xc8, 0xff, 0xd8, 0xd0, 0xd0, 0xff,
    0xd0, 0xcc, 0xc8, 0xff, 0xd8, 0xd0, 0xc8, 0xff, 0xd8, 0xd0, 0xd0, 0xff,
    0xd0, 0xcc, 0xc8, 0xff, 0xd8, 0xd0, 0xc8, 0xff, 0xd8, 0xd0, 0xd0, 0xff,
    0xd0, 0xcc, 0xc8, 0xff, 0xd0, 0xd0, 0xc8, 0xff, 0xd8, 0xd0, 0xd0, 0xff,
    0xd8, 0xd0, 0xc8, 0xff, 0xd0, 0xcc, 0xc8, 0xff, 0xd8, 0xd0, 0xd0, 0xff,
    0xd8, 0xcc, 0xc8, 0xff, 0xd0, 0xcc, 0xc8, 0xff, 0xd8, 0xd0, 0xd0, 0xff,
    0xd0, 0xcc, 0xc8, 0xff, 0xd8, 0xd0, 0xc8, 0xff, 0xd8, 0xcc, 0xd0, 0xff,
    0xd0, 0xd0, 0xc8, 0xff, 0xd8, 0xd0, 0xc8, 0xff, 0xd0, 0xcc, 0xc8, 0xff,
    0xd8, 0xd0, 0xd0, 0xff, 0xd8, 0xcc, 0xc8, 0xff, 0xd0, 0xcc, 0xc8, 0xff,
    0xd8, 0xd0, 0xd0, 0xff, 0xd0, 0xcc, 0xc8, 0xff, 0xd8, 0xd0, 0xc8, 0xff,
    0xd0, 0xcc, 0xd0, 0xff, 0xd8, 0xcc, 0xc8, 0xff, 0xd8, 0xd0, 0xc8, 0xff,
    0xd0, 0xcc, 0xd0, 0xff, 0xd8, 0xd0, 0xc8, 0xff, 0xd8, 0xcc, 0xc8, 0xff,
    0xd0, 0xd0, 0xd0, 0xff, 0xd8, 0xcc, 0xc8, 0xff, 0xd8, 0xd0, 0xc8, 0xff,
    0xd0, 0xcc, 0xd0, 0xff, 0xd0, 0xd0, 0xc8, 0xff, 0xd8, 0xd0, 0xc8, 0xff,
    0xd8, 0xcc, 0xd0, 0xff, 0xd0, 0xcc, 0xc8, 0xff, 0xd0, 0xd0, 0xd0, 0xff,
    0xd8, 0xcc, 0xc8, 0xff, 0xd8, 0xcc, 0xd0, 0xff, 0xd0, 0xd0, 0xc8, 0xff,
    0xd8, 0xd0, 0xc8, 0xff, 0xd8, 0xcc, 0xd0, 0xff, 0xd0, 0xd0, 0xc8, 0xff,
    0xd8, 0xcc, 0xc8, 0xff, 0xd8, 0xcc, 0xd0, 0xff, 0xd0, 0xd0, 0xc8, 0xff,
    0xd8, 0xcc, 0xd0, 0xff, 0xd0, 0xcc, 0xc8, 0xff, 0xd8, 0xd0, 0xd0, 0xff,
    0xd8, 0xcc, 0xc8, 0xff, 0xd0, 0xd0, 0xd0, 0xff, 0xd8, 0xd0, 0xc8, 0xff,
    0xd8, 0xcc, 0xd0, 0xff, 0xd0, 0xd0, 0xc8, 0xff, 0xd8, 0xcc, 0xc8, 0xff,
    0xd0, 0xd0, 0xd0, 0xff, 0xd8, 0xcc, 0xc8, 0xff, 0xd8, 0xd0, 0xc8, 0xff,
    0xd0, 0xd0, 0xd0, 0xff, 0xd8, 0xcc, 0xd0, 0xff, 0xd8, 0xd0, 0xc8, 0xff,
    0xd8, 0xcc, 0xc8, 0xff, 0xd8, 0xcc, 0xd0, 0xff, 0xd0, 0xd0, 0xc8, 0xff,
    0xd8, 0xcc, 0xd0, 0xff, 0xd8, 0xd0, 0xc8, 0xff, 0xd0, 0xd0, 0xc8, 0xff,
    0xd8, 0xcc, 0xd0, 0xff, 0xd8, 0xd0, 0xc8, 0xff, 0xd0, 0xcc, 0xd0, 0xff,
    0xd8, 0xd0, 0xc8, 0xff, 0xd8, 0xd0, 0xc8, 0xff, 0xd0, 0xcc, 0xd0, 0xff,
    0xd8, 0xcc, 0xc8, 0xff, 0xd8, 0xd0, 0xc8, 0xff, 0xd0, 0xd0, 0xd0, 0xff,
    0xd8, 0xcc, 0xd0, 0xff, 0xd8, 0xd0, 0xc8, 0xff, 0xd0, 0xcc, 0xc8, 0xff,
    0xd8, 0xcc, 0xd0, 0xff, 0xd8, 0xd0, 0xc8, 0xff, 0xd0, 0xcc, 0xc8, 0xff,
    0xd8, 0xd0, 0xd0, 0xff, 0xd8, 0xd0, 0xc8, 0xff, 0xd0, 0xd0, 0xc8, 0xff,
    0xd8, 0xd0, 0xd0, 0xff, 0xd8, 0xcc, 0xc8, 0xff, 0xd0, 0xd0, 0xc8, 0xff,
    0xd8, 0xd0, 0xd0, 0xff, 0xd8, 0xcc, 0xc8, 0xff, 0xd0, 0xd0, 0xc8, 0xff,
    0xd8, 0xcc, 0xd0, 0xff, 0xd8, 0xcc, 0xc8, 0xff, 0xd0, 0xd0, 0xd0, 0xff,
    0xd8, 0xcc, 0xc8, 0xff, 0xd8, 0xcc, 0xd0, 0xff, 0xd0, 0xd0, 0xc8, 0xff,
    0xd8, 0xcc, 0xc8, 0xff, 0xd8, 0xcc, 0xd0, 0xff, 0xd0, 0xd0, 0xc8, 0xff,
    0xd8, 0xd0, 0xc8, 0xff, 0xd8, 0xcc, 0xd0, 0xff, 0xd0, 0xcc, 0xc8, 0xff,
    0xd0, 0xd0, 0xd0, 0xff, 0xd8, 0xcc, 0xc8, 0xff, 0xd8, 0xd0, 0xc8, 0xff,
    0xd0, 0xcc, 0xd0, 0xff, 0xd8, 0xcc, 0xc8, 0xff, 0xd8, 0xd0, 0xc8, 0xff,
    0xd0, 0xd0, 0xd0, 0xff, 0xd8, 0xcc, 0xc8, 0xff, 0xd8, 0xd0, 0xd0, 0xff,
    0xd0, 0xd0, 0xc8, 0xff, 0xd8, 0xcc, 0xd0, 0xff, 0xd8, 0xd0, 0xc8, 0xff,
    0xd0, 0xcc, 0xd0, 0xff, 0xd0, 0xd0, 0xc8, 0xff, 0xd8, 0xd0, 0xd0, 0xff,
    0xd8, 0xcc, 0xc8, 0xff, 0xd0, 0xd0, 0xc8, 0xff, 0xd8, 0xd0, 0xd0, 0xff,
    0xd8, 0xcc, 0xc8, 0xff, 0xd0, 0xd0, 0xc8, 0xff, 0xd8, 0xd0, 0xd0, 0xff,
    0xd8, 0xcc, 0xd0, 0xff, 0xd8, 0xd0, 0xc8, 0xff, 0xd0, 0xd0, 0xc8, 0xff,
    0xd8, 0xcc, 0xd0, 0xff, 0xd8, 0xd0, 0xc8, 0xff, 0xd0, 0xcc, 0xc8, 0xff,
    0xd8, 0xd0, 0xd0, 0xff, 0xd8, 0xd0, 0xc8, 0xff, 0xd0, 0xcc, 0xc8, 0xff,
    0xd8, 0xcc, 0xd0, 0xff, 0xd8, 0xd0, 0xc8, 0xff, 0xd8, 0xcc, 0xc8, 0xff,
    0xd0, 0xd0, 0xd0, 0xff, 0xd8, 0xd0, 0xc8, 0xff, 0xd0, 0xcc, 0xc8, 0xff,
    0xd8, 0xd0, 0xd0, 0xff, 0xd8, 0xcc, 0xc8, 0xff, 0xd0, 0xd0, 0xd0, 0xff,
    0xd8, 0xd0, 0xc8, 0xff, 0xd8, 0xcc, 0xc8, 0xff, 0xd0, 0xd0, 0xd0, 0xff,
    0xd8, 0xd0, 0xc8, 0xff, 0xd8, 0xcc, 0xd0, 0xff, 0xd0, 0xd0, 0xc8, 0xff,
    0xd8, 0xcc, 0xc8, 0xff, 0xd8, 0xd0, 0xd0, 0xff, 0xd8, 0xcc, 0xc8, 0xff,
    0xd0, 0xd0, 0xc8, 0xff, 0xd8, 0xcc, 0xd0, 0xff, 0xd8, 0xd0, 0xc8, 0xff,
    0xd0, 0xcc, 0xc8, 0xff, 0xd0, 0xcc, 0xd0, 0xff, 0xd8, 0xd0, 0xc8, 0xff,
    0xd8, 0xcc, 0xc8, 0xff, 0xd0, 0xd0, 0xd0, 0xff, 0xd8, 0xd0, 0xd0, 0xff,
    0xd0, 0xcc, 0xc8, 0xff, 0xd8, 0xd0, 0xd0, 0xff, 0xd0, 0xd0, 0xc8, 0xff,
    0xd8, 0xcc, 0xc8, 0xff, 0xd8, 0xd0, 0xd0, 0xff, 0xd0, 0xcc, 0xc8, 0xff,
    0xd8, 0xcc, 0xc8, 0xff, 0xd0, 0xd0, 0xd0, 0xff, 0xd8, 0xd0, 0xc8, 0xff,
    0xd0, 0xcc, 0xc8, 0xff, 0xd8, 0xcc, 0xd0, 0xff, 0xd8, 0xd0, 0xc8, 0xff,
    0xd8, 0xcc, 0xc8, 0xff, 0xd8, 0xd0, 0xc8, 0xff, 0xd8, 0xd0, 0xd0, 0xff,
    0xd0, 0xcc, 0xc8, 0xff, 0xd8, 0xcc, 0xd0, 0xff, 0xd8, 0xd0, 0xc8, 0xff,
    0xd0, 0xcc, 0xc8, 0xff, 0xd8, 0xd0, 0xd0, 0xff, 0xd0, 0xcc, 0xd0, 0xff,
    0xd8, 0xcc, 0xc8, 0xff, 0xd8, 0xd0, 0xd0, 0xff, 0xd8, 0xcc, 0xc8, 0xff,
    0xd0, 0xcc, 0xd0, 0xff, 0xd8, 0xd0, 0xc8, 0xff, 0xd0, 0xcc, 0xd0, 0xff,
    0xd8, 0xcc, 0xc8, 0xff, 0xd8, 0xd0, 0xc8, 0xff, 0xd0, 0xcc, 0xd0, 0xff,
    0xd8, 0xd0, 0xc8, 0xff, 0xd8, 0xd0, 0xc8, 0xff, 0xd0, 0xcc, 0xd0, 0xff,
    0xd8, 0xcc, 0xc8, 0xff, 0xd8, 0xd0, 0xd0, 0xff, 0xd0, 0xcc, 0xc8, 0xff,
    0xd8, 0xd0, 0xc8, 0xff, 0xd8, 0xd0, 0xd0, 0xff, 0xd0, 0xcc, 0xc8, 0xff,
    0xd8, 0xd0, 0xc8, 0xff, 0xd8, 0xd0, 0xd0, 0xff, 0xd8, 0xcc, 0xc8, 0xff,
    0xd8, 0xcc, 0xc8, 0xff, 0xd0, 0xd0, 0xd0, 0xff, 0xd8, 0xcc, 0xc8, 0xff,
    0xd8, 0xcc, 0xc8, 0xff, 0xd0, 0xd0, 0xd0, 0xff, 0xd8, 0xd0, 0xc8, 0xff,
    0xd0, 0xcc, 0xc8, 0xff, 0xd8, 0xd0, 0xd0, 0xff, 0xd8, 0xcc, 0xc8, 0xff,
    0xd8, 0xcc, 0xc8, 0xff, 0xd0, 0xd0, 0xd0, 0xff, 0xd8, 0xcc, 0xc8, 0xff,
    0xd0, 0xd0, 0xd0, 0xff, 0xd8, 0xd0, 0xc8, 0xff, 0xd8, 0xcc, 0xc8, 0xff,
    0xd0, 0xd0, 0xd0, 0xff, 0xd8, 0xd0, 0xc8, 0xff, 0xd8, 0xcc, 0xc8, 0xff,
    0xd0, 0xcc, 0xd0, 0xff, 0xd8, 0xd0, 0xc8, 0xff, 0xd8, 0xcc, 0xc8, 0xff,
    0xd0, 0xd0, 0xd0, 0xff, 0xd8, 0xd0, 0xc8, 0xff, 0xd8, 0xcc, 0xd0, 0xff,
    0xd0, 0xd0, 0xc8, 0xff, 0xd8, 0xcc, 0xc8, 0xff, 0xd8, 0xcc, 0xd0, 0xff,
    0xd8, 0xd0, 0xc8, 0xff, 0xd0, 0xcc, 0xc8, 0xff, 0xd8, 0xcc, 0xd0, 0xff,
    0xd8, 0xd0, 0xc8, 0xff, 0xd0, 0xd0, 0xd0, 0xff, 0xd8, 0xcc, 0xc8, 0xff,
    0xd8, 0xcc, 0xc8, 0xff, 0xd0, 0xd0, 0xd0, 0xff, 0xd8, 0xcc, 0xc8, 0xff,
    0xd0, 0xd0, 0xd0, 0xff, 0xd8, 0xcc, 0xc8, 0xff, 0xd8, 0xd0, 0xc8, 0xff,
    0xd0, 0xcc, 0xd0, 0xff, 0xd8, 0xcc, 0xc8, 0xff, 0xd8, 0xd0, 0xc8, 0xff,
    0xd0, 0xcc, 0xd0, 0xff, 0xd0, 0xd0, 0xd0, 0xff, 0xd8, 0xcc, 0xc8, 0xff,
    0xd8, 0xd0, 0xc8, 0xff, 0xd0, 0xd0, 0xd0, 0xff, 0xd8, 0xcc, 0xc8, 0xff,
    0xd8, 0xd0, 0xc8, 0xff, 0xd8, 0xd0, 0xd0, 0xff, 0xd0, 0xcc, 0xc8, 0xff,
    0xd8, 0xcc, 0xc8, 0xff, 0xd8, 0xd0, 0xd0, 0xff, 0xd0, 0xcc, 0xc8, 0xff,
    0xd0, 0xd0, 0xc8, 0xff, 0xd8, 0xd0, 0xd0, 0xff, 0xd8, 0xcc, 0xc8, 0xff,
    0xd0, 0xd0, 0xc8, 0xff, 0xd8, 0xcc, 0xd0, 0xff, 0xd8, 0xcc, 0xc8, 0xff,
    0xd0, 0xd0, 0xd0, 0xff, 0xd8, 0xcc, 0xc8, 0xff, 0xd8, 0xd0, 0xd0, 0xff,
    0xd0, 0xd0, 0xc8, 0xff, 0xd8, 0xcc, 0xc8, 0xff, 0xd0, 0xd0, 0xd0, 0xff,
    0xd8, 0xd0, 0xc8, 0xff, 0xd0, 0xcc, 0xc8, 0xff, 0xd8, 0xcc, 0xd0, 0xff,
    0xd8, 0xd0, 0xc8, 0xff, 0xd0, 0xcc, 0xc8, 0xff, 0xd8, 0xd0, 0xd0, 0xff,
    0xd8, 0xd0, 0xc8, 0xff, 0xd0, 0xcc, 0xd0, 0xff, 0xd8, 0xd0, 0xc8, 0xff,
    0xd0, 0xcc, 0xd0, 0xff, 0xd8, 0xcc, 0xc8, 0xff, 0xd8, 0xd0, 0xc8, 0xff,
    0xd0, 0xcc, 0xd0, 0xff, 0xd8, 0xcc, 0xc8, 0xff, 0xd8, 0xd0, 0xc8, 0xff,
    0xd0, 0xcc, 0xd0, 0xff, 0xd8, 0xcc, 0xc8, 0xff, 0xd0, 0xd0, 0xd0, 0xff,
    0xd8, 0xcc, 0xc8, 0xff, 0xd0, 0xcc, 0xc8, 0xff, 0xd8, 0xd0, 0xd0, 0xff,
    0xd0, 0xcc, 0xc8, 0xff, 0xd8, 0xd0, 0xc8, 0xff, 0xd8, 0xd0, 0xc8, 0xff,
    0xd0, 0xcc, 0xc8, 0xff, 0xd8, 0xd0, 0xc8, 0xff, 0xd0, 0xd0, 0xd0, 0xff,
    0xd8, 0xcc, 0xc8, 0xff, 0xd8, 0xd0, 0xc8, 0xff, 0xd8, 0xcc, 0xd0, 0xff,
    0xd0, 0xcc, 0xc8, 0xff, 0xd8, 0xd0, 0xc8, 0xff, 0xd8, 0xcc, 0xd0, 0xff,
    0xd0, 0xd0, 0xc8, 0xff, 0xd8, 0xcc, 0xc8, 0xff, 0xd8, 0xd0, 0xd0, 0xff,
    0xd0, 0xcc, 0xc8, 0xff, 0xd0, 0xd0, 0xc8, 0xff, 0xd8, 0xcc, 0xc8, 0xff,
    0xd0, 0xd0, 0xd0, 0xff, 0xd8, 0xcc, 0xc8, 0xff, 0xd8, 0xcc, 0xc8, 0xff,
    0xd8, 0xd0, 0xd0, 0xff, 0xd0, 0xcc, 0xd0, 0xff, 0xd8, 0xcc, 0xc8, 0xff,
    0xd0, 0xd0, 0xc8, 0xff, 0xd8, 0xcc, 0xd0, 0xff, 0xd8, 0xcc, 0xc8, 0xff,
    0xd0, 0xd0, 0xd0, 0xff, 0xd8, 0xcc, 0xc8, 0xff, 0xd0, 0xcc, 0xc8, 0xff,
    0xd8, 0xd0, 0xd0, 0xff, 0xd8, 0xcc, 0xc8, 0xff, 0xd0, 0xd0, 0xc8, 0xff,
    0xd8, 0xd0, 0xd0, 0xff, 0xd8, 0xcc, 0xc8, 0xff, 0xd0, 0xd0, 0xc8, 0xff,
    0xd8, 0xd0, 0xd0, 0xff, 0xd8, 0xcc, 0xc8, 0xff, 0xd0, 0xcc, 0xc8, 0xff,
    0xd8, 0xd0, 0xd0, 0xff, 0xd8, 0xcc, 0xc8, 0xff, 0xd0, 0xcc, 0xd0, 0xff,
    0xd8, 0xd0, 0xc8, 0xff, 0xd0, 0xcc, 0xc8, 0xff, 0xd8, 0xd0, 0xd0, 0xff,
    0xd8, 0xcc, 0xc8, 0xff, 0xd0, 0xd0, 0xd0, 0xff, 0xd8, 0xcc, 0xc8, 0xff,
    0xd8, 0xcc, 0xd0, 0xff, 0xd0, 0xd0, 0xc8, 0xff, 0xd8, 0xcc, 0xc8, 0xff,
    0xd8, 0xcc, 0xd0, 0xff, 0xd0, 0xd0, 0xc8, 0xff, 0xd8, 0xd0, 0xc8, 0xff,
    0xd8, 0xcc, 0xd0, 0xff, 0xd0, 0xd0, 0xc8, 0xff, 0xd8, 0xcc, 0xd0, 0xff,
    0xd8, 0xd0, 0xc8, 0xff, 0xd0, 0xcc, 0xd0, 0xff, 0xd8, 0xcc, 0xc8, 0xff,
    0xd8, 0xd0, 0xd0, 0xff, 0xd0, 0xcc, 0xc8, 0xff, 0xd8, 0xd0, 0xc8, 0xff,
    0xd8, 0xd0, 0xd0, 0xff, 0xd0, 0xcc, 0xc8, 0xff, 0xd8, 0xd0, 0xc8, 0xff,
    0xd8, 0xcc, 0xd0, 0xff, 0xd0, 0xd0, 0xc8, 0xff, 0xd8, 0xcc, 0xd0, 0xff,
    0xd8, 0xd0, 0xc8, 0xff, 0xd0, 0xd0, 0xc8, 0xff, 0xd8, 0xcc, 0xd0, 0xff,
    0xd8, 0xcc, 0xc8, 0xff, 0xd8, 0xd0, 0xc8, 0xff, 0xd0, 0xcc, 0xd0, 0xff,
    0xd8, 0xcc, 0xd0, 0xff, 0xd8, 0xd0, 0xc8, 0xff, 0xd0, 0xcc, 0xd0, 0xff,
    0xd8, 0xcc, 0xc8, 0xff, 0xd8, 0xd0, 0xc8, 0xff, 0xd0, 0xcc, 0xd0, 0xff,
    0xd8, 0xd0, 0xc8, 0xff, 0xd8, 0xd0, 0xc8, 0xff, 0xd0, 0xcc, 0xc8, 0xff,
    0xd8, 0xd0, 0xd0, 0xff, 0xd8, 0xcc, 0xc8, 0xff, 0xd0, 0xcc, 0xc8, 0xff,
    0xd8, 0xd0, 0xd0, 0xff, 0xd8, 0xcc, 0xc8, 0xff, 0xd0, 0xd0, 0xc8, 0xff,
    0xd8, 0xd0, 0xd0, 0xff, 0xd8, 0xcc, 0xc8, 0xff, 0xd0, 0xd0, 0xc8, 0xff,
    0xd8, 0xd0, 0xd0, 0xff, 0xd8, 0xcc, 0xc8, 0xff, 0xd0, 0xcc, 0xc8, 0xff,
    0xd8, 0xd0, 0xd0, 0xff, 0xd0, 0xcc, 0xc8, 0xff, 0xd8, 0xcc, 0xc8, 0xff,
    0xd8, 0xd0, 0xd0, 0xff, 0xd0, 0xcc, 0xc8, 0xff, 0xd8, 0xd0, 0xc8, 0xff,
    0xd8, 0xcc, 0xd0, 0xff, 0xd0, 0xcc, 0xc8, 0xff, 0xd0, 0xd0, 0xc8, 0xff,
    0xd8, 0xcc, 0xd0, 0xff, 0xd8, 0xcc, 0xc8, 0xff, 0xd0, 0xd0, 0xc8, 0xff,
    0xd0, 0xd0, 0xc8, 0xff, 0xd8, 0xcc, 0xc8, 0xff, 0xd8, 0xcc, 0xd0, 0xff,
    0xd0, 0xd0, 0xc8, 0xff, 0xd8, 0xcc, 0xc8, 0xff, 0xd0, 0xd0, 0xd0, 0xff,
    0xd8, 0xd0, 0xc8, 0xff, 0xd8, 0xcc, 0xc8, 0xff, 0xd0, 0xcc, 0xd0, 0xff,
    0xd8, 0xd0, 0xc8, 0xff, 0xd0, 0xd0, 0xd0, 0xff, 0xd8, 0xcc, 0xc8, 0xff,
    0xd0, 0xd0, 0xd0, 0xff, 0xd8, 0xcc, 0xc8, 0xff, 0xd0, 0xcc, 0xc8, 0xff,
    0xd8, 0xd0, 0xd0, 0xff, 0xd0, 0xd0, 0xc8, 0xff, 0xd8, 0xcc, 0xd0, 0xff,
    0xd8, 0xd0, 0xc8, 0xff, 0xd0, 0xcc, 0xd0, 0xff, 0xd8, 0xcc, 0xc8, 0xff,
    0xd0, 0xd0, 0xd0, 0xff, 0xd8, 0xcc, 0xc8, 0xff, 0xd8, 0xcc, 0xd0, 0xff,
    0xd0, 0xd0, 0xc8, 0xff, 0xd8, 0xcc, 0xd0, 0xff, 0xd8, 0xd0, 0xc8, 0xff,
    0xd0, 0xcc, 0xc8, 0xff, 0xd8, 0xd0, 0xd0, 0xff, 0xd8, 0xd0, 0xc8, 0xff,
    0xd0, 0xcc, 0xc8, 0xff, 0xd8, 0xd0, 0xc8, 0xff, 0xd0, 0xd0, 0xc8, 0xff,
    0xd8, 0xcc, 0xd0, 0xff, 0xd8, 0xd0, 0xc8, 0xff, 0xd0, 0xd0, 0xd0, 0xff,
    0xd8, 0xcc, 0xc8, 0xff, 0xd0, 0xcc, 0xd0, 0xff, 0xd8, 0xd0, 0xc8, 0xff,
    0xd0, 0xcc, 0xd0, 0xff, 0xd8, 0xd0, 0xc8, 0xff, 0xd8, 0xd0, 0xc8, 0xff,
    0xd0, 0xcc, 0xd0, 0xff, 0xd8, 0xd0, 0xc8, 0xff, 0xd8, 0xcc, 0xc8, 0xff,
    0xd0, 0xd0, 0xd0, 0xff, 0xd8, 0xcc, 0xc8, 0xff, 0xd8, 0xd0, 0xc8, 0xff,
    0xd0, 0xcc, 0xd0, 0xff, 0xd8, 0xd0, 0xc8, 0xff, 0xd8, 0xcc, 0xc8, 0xff,
    0xd0, 0xcc, 0xd0, 0xff, 0xd8, 0xd0, 0xc8, 0xff, 0xd8, 0xcc, 0xc8, 0xff,
    0xd0, 0xd0, 0xd0, 0xff, 0xd8, 0xcc, 0xc8, 0xff, 0xd8, 0xcc, 0xc8, 0xff,
    0xd0, 0xd0, 0xd0, 0xff, 0xd8, 0xcc, 0xc8, 0xff, 0xd8, 0xcc, 0xd0, 0xff,
    0xd0, 0xd0, 0xc8, 0xff, 0xd8, 0xcc, 0xc8, 0xff, 0xd0, 0xcc, 0xd0, 0xff,
    0xd8, 0xd0, 0xc8, 0xff, 0xd8, 0xcc, 0xc8, 0xff, 0xd0, 0xcc, 0xd0, 0xff,
    0xd8, 0xd0, 0xc8, 0xff, 0xd0, 0xd0, 0xd0, 0xff, 0xd8, 0xcc, 0xc8, 0xff,
    0xd0, 0xcc, 0xc8, 0xff, 0xd8, 0xd0, 0xd0, 0xff, 0xd8, 0xd0, 0xc8, 0xff,
    0xd0, 0xcc, 0xd0, 0xff, 0xd8, 0xcc, 0xc8, 0xff, 0xd8, 0xd0, 0xc8, 0xff,
    0xd0, 0xcc, 0xd0, 0xff, 0xd8, 0xd0, 0xc8, 0xff, 0xd8, 0xd0, 0xd0, 0xff,
    0xd0, 0xcc, 0xc8, 0xff, 0xd8, 0xd0, 0xc8, 0xff, 0xd0, 0xcc, 0xd0, 0xff,
    0xd8, 0xcc, 0xc8, 0xff, 0xd0, 0xd0, 0xd0, 0xff, 0xd0, 0xcc, 0xc8, 0xff,
    0xd8, 0xd0, 0xc8, 0xff, 0xd8, 0xcc, 0xd0, 0xff, 0xd0, 0xcc, 0xc8, 0xff,
    0xd8, 0xd0, 0xc8, 0xff, 0xd8, 0xcc, 0xd0, 0xff, 0xd0, 0xd0, 0xc8, 0xff,
    0xd8, 0xcc, 0xc8, 0xff, 0xd8, 0xd0, 0xd0, 0xff, 0xd0, 0xd0, 0xc8, 0xff,
    0xd8, 0xd0, 0xc8, 0xff, 0xd8, 0xcc, 0xd0, 0xff, 0xd0, 0xd0, 0xc8, 0xff,
    0xd8, 0xcc, 0xc8, 0xff, 0xd8, 0xcc, 0xd0, 0xff, 0xd0, 0xd0, 0xc8, 0xff,
    0xd8, 0xcc, 0xc8, 0xff, 0xd8, 0xcc, 0xd0, 0xff, 0xd0, 0xd0, 0xd0, 0xff,
    0xd8, 0xcc, 0xc8, 0xff, 0xd8, 0xd0, 0xc8, 0xff, 0xd0, 0xd0, 0xd0, 0xff,
    0xd8, 0xcc, 0xc8, 0xff, 0xd8, 0xd0, 0xc8, 0xff, 0xd0, 0xcc, 0xd0, 0xff,
    0xd8, 0xd0, 0xc8, 0xff, 0xd0, 0xd0, 0xc8, 0xff, 0xd8, 0xcc, 0xd0, 0xff,
    0xd0, 0xcc, 0xc8, 0xff, 0xd8, 0xd0, 0xc8, 0xff, 0xd0, 0xcc, 0xc8, 0xff,
    0xd8, 0xd0, 0xd0, 0xff, 0xd8, 0xcc, 0xc8, 0xff, 0xd0, 0xcc, 0xc8, 0xff,
    0xd8, 0xd0, 0xd0, 0xff, 0xd0, 0xcc, 0xc8, 0xff, 0xd8, 0xd0, 0xc8, 0xff,
    0xd0, 0xd0, 0xd0, 0xff, 0xd8, 0xcc, 0xc8, 0xff, 0xd8, 0xd0, 0xc8, 0xff,
    0xd0, 0xd0, 0xc8, 0xff, 0xd8, 0xcc, 0xd0, 0xff, 0xd8, 0xd0, 0xc8, 0xff,
    0xd0, 0xd0, 0xc8, 0xff, 0xd8, 0xcc, 0xd0, 0xff, 0xd0, 0xcc, 0xc8, 0xff,
    0xd8, 0xd0, 0xc8, 0xff, 0xd0, 0xcc, 0xd0, 0xff, 0xd8, 0xd0, 0xc8, 0xff,
    0xd0, 0xd0, 0xc8, 0xff, 0xd8, 0xcc, 0xd0, 0xff, 0xd8, 0xcc, 0xc8, 0xff,
    0xd8, 0xd0, 0xc8, 0xff, 0xd0, 0xcc, 0xd0, 0xff, 0xd8, 0xcc, 0xc8, 0xff,
    0xd0, 0xd0, 0xd0, 0xff, 0xd0, 0xd0, 0xc8, 0xff, 0xd8, 0xcc, 0xc8, 0xff,
    0xd8, 0xd0, 0xd0, 0xff, 0xd0, 0xd0, 0xc8, 0xff, 0xd8, 0xcc, 0xd0, 0xff,
    0xd8, 0xcc, 0xc8, 0xff, 0xd8, 0xd0, 0xc8, 0xff, 0xd8, 0xcc, 0xd0, 0xff,
    0xd0, 0xd0, 0xc8, 0xff, 0xd0, 0xd0, 0xd0, 0xff, 0xd8, 0xd0, 0xc8, 0xff,
    0xd8, 0xcc, 0xc8, 0xff, 0xd8, 0xd0, 0xd0, 0xff, 0xd0, 0xcc, 0xc8, 0xff,
    0xd8, 0xcc, 0xc8, 0xff, 0xd8, 0xd0, 0xd0, 0xff, 0xd0, 0xcc, 0xc8, 0xff,
    0xd8, 0xcc, 0xd0, 0xff, 0xd0, 0xd0, 0xc8, 0xff, 0xd8, 0xcc, 0xc8, 0xff,
    0xd0, 0xd0, 0xd0, 0xff, 0xd8, 0xcc, 0xc8, 0xff, 0xd8, 0xcc, 0xc8, 0xff,
    0xd0, 0xd0, 0xd0, 0xff, 0xd8, 0xcc, 0xc8, 0xff, 0xd0, 0xd0, 0xc8, 0xff,
    0xd8, 0xd0, 0xd0, 0xff, 0xd0, 0xcc, 0xc8, 0xff, 0xd8, 0xcc, 0xd0, 0xff,
    0xd8, 0xd0, 0xc8, 0xff, 0xd0, 0xd0, 0xd0, 0xff, 0xd8, 0xcc, 0xc8, 0xff,
    0xd0, 0xd0, 0xc8, 0xff, 0xd8, 0xcc, 0xd0, 0xff, 0xd8, 0xd0, 0xc8, 0xff,
    0xd0, 0xd0, 0xc8, 0xff, 0xd8, 0xcc, 0xd0, 0xff, 0xd8, 0xd0, 0xc8, 0xff,
    0xd0, 0xcc, 0xc8, 0xff, 0xd8, 0xd0, 0xd0, 0xff, 0xd8, 0xd0, 0xc8, 0xff,
    0xd0, 0xcc, 0xd0, 0xff, 0xd8, 0xd0, 0xc8, 0xff, 0xd8, 0xcc, 0xc8, 0xff,
    0xd0, 0xd0, 0xc8, 0xff, 0xd8, 0xcc, 0xd0, 0xff, 0xd8, 0xcc, 0xc8, 0xff,
    0xd0, 0xd0, 0xc8, 0xff, 0xd8, 0xcc, 0xd0, 0xff, 0xd0, 0xcc, 0xc8, 0xff,
    0xd8, 0xd0, 0xc8, 0xff, 0xd0, 0xd0, 0xd0, 0xff, 0xd8, 0xcc, 0xc8, 0xff,
    0xd8, 0xd0, 0xc8, 0xff, 0xd0, 0xcc, 0xd0, 0xff, 0xd8, 0xcc, 0xc8, 0xff,
    0xd8, 0xd0, 0xd0, 0xff, 0xd0, 0xcc, 0xc8, 0xff, 0xd8, 0xd0, 0xc8, 0xff,
    0xd0, 0xd0, 0xd0, 0xff, 0xd8, 0xcc, 0xc8, 0xff, 0xd0, 0xd0, 0xc8, 0xff,
    0xd8, 0xcc, 0xd0, 0xff, 0xd8, 0xcc, 0xc8, 0xff, 0xd0, 0xd0, 0xc8, 0xff,
    0xd8, 0xcc, 0xd0, 0xff, 0xd8, 0xcc, 0xc8, 0xff, 0xd0, 0xd0, 0xd0, 0xff,
    0xd8, 0xd0, 0xc8, 0xff, 0xd8, 0xcc, 0xd0, 0xff, 0xd0, 0xd0, 0xc8, 0xff,
    0xd8, 0xd0, 0xd0, 0xff, 0xd0, 0xcc, 0xc8, 0xff, 0xd8, 0xcc, 0xc8, 0xff,
    0xd0, 0xd0, 0xd0, 0xff, 0xd8, 0xd0, 0xc8, 0xff, 0xd8, 0xcc, 0xc8, 0xff,
    0xd0, 0xd0, 0xd0, 0xff, 0xd8, 0xd0, 0xd0, 0xff, 0xd0, 0xcc, 0xc8, 0xff,
    0xd8, 0xd0, 0xd0, 0xff, 0xd0, 0xd0, 0xc8, 0xff, 0xd8, 0xcc, 0xd0, 0xff,
    0xd8, 0xd0, 0xc8, 0xff, 0xd0, 0xd0, 0xc8, 0xff, 0xd8, 0xcc, 0xd0, 0xff,
    0xd8, 0xd0, 0xc8, 0xff, 0xd8, 0xd0, 0xd0, 0xff, 0xd0, 0xcc, 0xc8, 0xff,
    0xd8, 0xcc, 0xd0, 0xff, 0xd0, 0xd0, 0xd0, 0xff, 0xd8, 0xcc, 0xd0, 0xff,
    0xd8, 0xcc, 0xc8, 0xff, 0xd0, 0xd0, 0xc8, 0xff, 0xd8, 0xcc, 0xd0, 0xff,
    0xd0, 0xd0, 0xc8, 0xff, 0xd8, 0xd0, 0xd0, 0xff, 0xd0, 0xcc, 0xc8, 0xff,
    0xd8, 0xd0, 0xd0, 0xff, 0xd8, 0xcc, 0xc8, 0xff, 0xd0, 0xcc, 0xd0, 0xff,
    0xd8, 0xd0, 0xc8, 0xff, 0xd8, 0xcc, 0xd0, 0xff, 0xd8, 0xcc, 0xc8, 0xff,
    0xd0, 0xd0, 0xd0, 0xff, 0xd8, 0xcc, 0xc8, 0xff, 0xd8, 0xd0, 0xd0, 0xff,
    0xd0, 0xd0, 0xc8, 0xff, 0xd0, 0xcc, 0xc8, 0xff, 0xd8, 0xd0, 0xd0, 0xff,
    0xd0, 0xd0, 0xc8, 0xff, 0xd8, 0xcc, 0xc8, 0xff, 0xd8, 0xd0, 0xd0, 0xff,
    0xd0, 0xd0, 0xc8, 0xff, 0xd8, 0xcc, 0xc8, 0xff, 0xd8, 0xd0, 0xd0, 0xff,
    0xd0, 0xd0, 0xc8, 0xff, 0xd8, 0xcc, 0xc8, 0xff, 0xd8, 0xd0, 0xd0, 0xff,
    0xd0, 0xcc, 0xc8, 0xff, 0xd8, 0xcc, 0xd0, 0xff, 0xd0, 0xd0, 0xc8, 0xff,
    0xd8, 0xcc, 0xc8, 0xff, 0xd0, 0xcc, 0xd0, 0xff, 0xd8, 0xd0, 0xc8, 0xff,
    0xd0, 0xcc, 0xd0, 0xff, 0xd8, 0xd0, 0xc8, 0xff, 0xd8, 0xd0, 0xc8, 0xff,
    0xd0, 0xcc, 0xd0, 0xff, 0xd8, 0xd0, 0xc8, 0xff, 0xd8, 0xd0, 0xc8, 0xff,
    0xd0, 0xcc, 0xd0, 0xff, 0xd8, 0xcc, 0xc8, 0xff, 0xd0, 0xd0, 0xc8, 0xff,
    0xd8, 0xcc, 0xd0, 0xff, 0xd0, 0xd0, 0xc8, 0xff, 0xd8, 0xd0, 0xc8, 0xff,
    0xd8, 0xcc, 0xd0, 0xff, 0xd0, 0xd0, 0xc8, 0xff, 0xd8, 0xcc, 0xc8, 0xff,
    0xd8, 0xcc, 0xd0, 0xff, 0xd0, 0xd0, 0xc8, 0xff, 0xd8, 0xcc, 0xc8, 0xff,
    0xd0, 0xd0, 0xd0, 0xff, 0xd8, 0xcc, 0xc8, 0xff, 0xd8, 0xd0, 0xc8, 0xff,
    0xd0, 0xd0, 0xd0, 0xff, 0xd8, 0xcc, 0xc8, 0xff, 0xd0, 0xd0, 0xc8, 0xff,
    0xd8, 0xcc, 0xd0, 0xff, 0xd8, 0xcc, 0xd0, 0xff, 0xd0, 0xd0, 0xc8, 0xff,
    0xd8, 0xcc, 0xd0, 0xff, 0xd0, 0xd0, 0xc8, 0xff, 0xd8, 0xd0, 0xd0, 0xff,
    0xd8, 0xcc, 0xc8, 0xff, 0xd0, 0xcc, 0xc8, 0xff, 0xd8, 0xd0, 0xd0, 0xff,
    0xd8, 0xcc, 0xc8, 0xff, 0xd0, 0xd0, 0xd0, 0xff, 0xd0, 0xd0, 0xc8, 0xff,
    0xd8, 0xcc, 0xd0, 0xff, 0xd0, 0xd0, 0xc8, 0xff, 0xd8, 0xd0, 0xc8, 0xff,
    0xd8, 0xcc, 0xc8, 0xff, 0xd0, 0xd0, 0xd0, 0xff, 0xd8, 0xd0, 0xc8, 0xff,
    0xd8, 0xcc, 0xc8, 0xff, 0xd8, 0xcc, 0xd0, 0xff, 0xd0, 0xd0, 0xd0, 0xff,
    0xd8, 0xcc, 0xc8, 0xff, 0xd8, 0xcc, 0xd0, 0xff, 0xd0, 0xd0, 0xc8, 0xff,
    0xd8, 0xd0, 0xc8, 0xff, 0xd0, 0xd0, 0xd0, 0xff, 0xd8, 0xcc, 0xc8, 0xff,
    0xd0, 0xcc, 0xd0, 0xff, 0xd8, 0xd0, 0xc8, 0xff, 0xd0, 0xcc, 0xd0, 0xff,
    0xd8, 0xd0, 0xc8, 0xff, 0xd0, 0xcc, 0xc8, 0xff, 0xd8, 0xcc, 0xd0, 0xff,
    0xd8, 0xd0, 0xc8, 0xff, 0xd0, 0xd0, 0xc8, 0xff, 0xd8, 0xcc, 0xd0, 0xff,
    0xd8, 0xd0, 0xc8, 0xff, 0xd0, 0xcc, 0xc8, 0xff, 0xd8, 0xd0, 0xd0, 0xff,
    0xd0, 0xcc, 0xc8, 0xff, 0xd8, 0xd0, 0xc8, 0xff, 0xd8, 0xd0, 0xd0, 0xff,
    0xd0, 0xcc, 0xc8, 0xff, 0xd8, 0xd0, 0xd0, 0xff, 0xd8, 0xd0, 0xc8, 0xff,
    0xd0, 0xcc, 0xc8, 0xff, 0xd8, 0xcc, 0xd0, 0xff, 0xd8, 0xd0, 0xc8, 0xff,
    0xd8, 0xcc, 0xc8, 0xff, 0xd0, 0xd0, 0xd0, 0xff, 0xd8, 0xd0, 0xc8, 0xff,
    0xd8, 0xcc, 0xc8, 0xff, 0xd0, 0xcc, 0xd0, 0xff, 0xd8, 0xcc, 0xd0, 0xff,
    0xd0, 0xd0, 0xc8, 0xff, 0xd8, 0xcc, 0xc8, 0xff, 0xd8, 0xd0, 0xd0, 0xff,
    0xd0, 0xcc, 0xc8, 0xff, 0xd8, 0xcc, 0xc8, 0xff, 0xd8, 0xd0, 0xd0, 0xff,
    0xd0, 0xd0, 0xc8, 0xff, 0xd8, 0xcc, 0xc8, 0xff, 0xd8, 0xcc, 0xd0, 0xff,
    0xd0, 0xd0, 0xc8, 0xff, 0xd8, 0xcc, 0xc8, 0xff, 0xd8, 0xd0, 0xc8, 0xff,
    0xd0, 0xd0, 0xd0, 0xff, 0xd8, 0xcc, 0xc8, 0xff, 0xd8, 0xd0, 0xc8, 0xff,
    0xd0, 0xcc, 0xc8, 0xff, 0xd8, 0xcc, 0xd0, 0xff, 0xd8, 0xd0, 0xc8, 0xff,
    0xd0, 0xcc, 0xc8, 0xff, 0xd8, 0xd0, 0xd0, 0xff, 0xd8, 0xcc, 0xc8, 0xff,
    0xd0, 0xcc, 0xc8, 0xff, 0xd8, 0xd0, 0xd0, 0xff, 0xd0, 0xcc, 0xd0, 0xff,
    0xd8, 0xcc, 0xc8, 0xff, 0xd8, 0xd0, 0xd0, 0xff, 0xd0, 0xcc, 0xc8, 0xff,
    0xd8, 0xcc, 0xc8, 0xff, 0xd0, 0xd0, 0xd0, 0xff, 0xd8, 0xd0, 0xc8, 0xff,
    0xd8, 0xcc, 0xc8, 0xff, 0xd0, 0xd0, 0xc8, 0xff, 0xd8, 0xcc, 0xd0, 0xff,
    0xd8, 0xcc, 0xc8, 0xff, 0xd0, 0xd0, 0xc8, 0xff, 0xd8, 0xcc, 0xd0, 0xff,
    0xd8, 0xd0, 0xc8, 0xff, 0xd0, 0xcc, 0xc8, 0xff, 0xd8, 0xd0, 0xd0, 0xff,
    0xd0, 0xd0, 0xc8, 0xff, 0xd8, 0xcc, 0xc8, 0xff, 0xd0, 0xcc, 0xd0, 0xff,
    0xd8, 0xd0, 0xc8, 0xff, 0xd0, 0xcc, 0xc8, 0xff, 0xd8, 0xd0, 0xd0, 0xff,
    0xd0, 0xd0, 0xc8, 0xff, 0xd8, 0xcc, 0xc8, 0xff, 0xd8, 0xd0, 0xd0, 0xff,
    0xd0, 0xd0, 0xc8, 0xff, 0xd8, 0xcc, 0xc8, 0xff, 0xd8, 0xd0, 0xd0, 0xff,
    0xd0, 0xd0, 0xc8, 0xff, 0xd8, 0xcc, 0xc8, 0xff, 0xd0, 0xd0, 0xd0, 0xff,
    0xd8, 0xd0, 0xc8, 0xff, 0xd8, 0xcc, 0xc8, 0xff, 0xd0, 0xd0, 0xd0, 0xff,
    0xd0, 0xd0, 0xc8, 0xff, 0xd8, 0xcc, 0xc8, 0xff, 0xd8, 0xcc, 0xd0, 0xff,
    0xd0, 0xd0, 0xc8, 0xff, 0xd8, 0xcc, 0xc8, 0xff, 0xd8, 0xd0, 0xd0, 0xff,
    0xd0, 0xcc, 0xc8, 0xff, 0xd8, 0xcc, 0xc8, 0xff, 0xd8, 0xd0, 0xd0, 0xff,
    0xd0, 0xd0, 0xc8, 0xff, 0xd8, 0xcc, 0xd0, 0xff, 0xd0, 0xd0, 0xc8, 0xff,
    0xd8, 0xcc, 0xc8, 0xff, 0xd8, 0xcc, 0xd0, 0xff, 0xd0, 0xd0, 0xc8, 0xff,
    0xd8, 0xcc, 0xc8, 0xff, 0xd8, 0xd0, 0xd0, 0xff, 0xd0, 0xcc, 0xc8, 0xff,
    0xd8, 0xd0, 0xc8, 0xff, 0xd8, 0xcc, 0xd0, 0xff, 0xd8, 0xcc, 0xc8, 0xff,
    0xd0, 0xd0, 0xc8, 0xff, 0xd8, 0xd0, 0xd0, 0xff, 0xd8, 0xcc, 0xc8, 0xff,
    0xd0, 0xd0, 0xd0, 0xff, 0xd0, 0xd0, 0xc8, 0xff, 0xd8, 0xcc, 0xd0, 0xff,
    0xd0, 0xcc, 0xc8, 0xff, 0xd8, 0xd0, 0xd0, 0xff, 0xd0, 0xcc, 0xc8, 0xff,
    0xd8, 0xcc, 0xd0, 0xff, 0xd8, 0xd0, 0xc8, 0xff, 0xd0, 0xd0, 0xc8, 0xff,
    0xd8, 0xcc, 0xd0, 0xff, 0xd8, 0xcc, 0xc8, 0xff, 0xd0, 0xd0, 0xc8, 0xff,
    0xd8, 0xd0, 0xc8, 0xff, 0xd8, 0xcc, 0xc8, 0xff, 0xd0, 0xcc, 0xd0, 0xff,
    0xd8, 0xd0, 0xc8, 0xff, 0xd0, 0xcc, 0xc8, 0xff, 0xd8, 0xcc, 0xd0, 0xff,
    0xd8, 0xd0, 0xc8, 0xff, 0xd0, 0xcc, 0xc8, 0xff, 0xd8, 0xcc, 0xd0, 0xff,
    0xd8, 0xd0, 0xc8, 0xff, 0xd0, 0xd0, 0xc8, 0xff, 0xd8, 0xcc, 0xd0, 0xff,
    0xd8, 0xd0, 0xd0, 0xff, 0xd0, 0xcc, 0xc8, 0xff, 0xd8, 0xd0, 0xd0, 0xff,
    0xd8, 0xd0, 0xc8, 0xff, 0xd0, 0xcc, 0xc8, 0xff, 0xd8, 0xd0, 0xd0, 0xff,
    0xd8, 0xd0, 0xc8, 0xff, 0xd8, 0xcc, 0xc8, 0xff, 0xd0, 0xcc, 0xc8, 0xff,
    0xd8, 0xd0, 0xd0, 0xff, 0xd0, 0xcc, 0xc8, 0xff, 0xd8, 0xd0, 0xc8, 0xff,
    0xd8, 0xcc, 0xd0, 0xff, 0xd0, 0xcc, 0xc8, 0xff, 0xd8, 0xd0, 0xc8, 0xff,
    0xd8, 0xd0, 0xd0, 0xff, 0xd0, 0xcc, 0xd0, 0xff, 0xd8, 0xd0, 0xc8, 0xff,
    0xd8, 0xcc, 0xd0, 0xff, 0xd0, 0xcc, 0xc8, 0xff, 0xd8, 0xd0, 0xc8, 0xff,
    0xd8, 0xd0, 0xd0, 0xff, 0xd0, 0xcc, 0xc8, 0xff, 0xd8, 0xd0, 0xd0, 0xff,
    0xd0, 0xcc, 0xc8, 0xff, 0xd8, 0xd0, 0xc8, 0xff, 0xd8, 0xcc, 0xd0, 0xff,
    0xd8, 0xcc, 0xc8, 0xff, 0xd0, 0xd0, 0xc8, 0xff, 0xd8, 0xcc, 0xd0, 0xff,
    0xd0, 0xcc, 0xc8, 0xff, 0xd8, 0xd0, 0xc8, 0xff, 0xd0, 0xd0, 0xd0, 0xff,
    0xd0, 0xd0, 0xc8, 0xff, 0xd8, 0xcc, 0xc8, 0xff, 0xd8, 0xcc, 0xd0, 0xff,
    0xd8, 0xcc, 0xc8, 0xff, 0xd0, 0xd0, 0xc8, 0xff, 0xd8, 0xcc, 0xd0, 0xff,
    0xd0, 0xd0, 0xc8, 0xff, 0xd8, 0xd0, 0xc8, 0xff, 0xd8, 0xcc, 0xd0, 0xff,
    0xd0, 0xd0, 0xc8, 0xff, 0xd8, 0xd0, 0xc8, 0xff, 0xd8, 0xcc, 0xd0, 0xff,
    0xd0, 0xd0, 0xc8, 0xff, 0xd8, 0xcc, 0xd0, 0xff, 0xd8, 0xd0, 0xc8, 0xff,
    0xd0, 0xd0, 0xd0, 0xff, 0xd8, 0xcc, 0xc8, 0xff, 0xd0, 0xd0, 0xc8, 0xff,
    0xd8, 0xcc, 0xd0, 0xff, 0xd8, 0xcc, 0xc8, 0xff, 0xd0, 0xd0, 0xc8, 0xff,
    0xd8, 0xcc, 0xd0, 0xff, 0xd8, 0xd0, 0xc8, 0xff, 0xd0, 0xd0, 0xc8, 0xff,
    0xd0, 0xcc, 0xd0, 0xff, 0xd8, 0xd0, 0xc8, 0xff, 0xd8, 0xcc, 0xc8, 0xff,
    0xd0, 0xcc, 0xd0, 0xff, 0xd8, 0xd0, 0xc8, 0xff, 0xd0, 0xcc, 0xd0, 0xff,
    0xd0, 0xcc, 0xc8, 0xff, 0xd8, 0xd0, 0xc8, 0xff, 0xd8, 0xcc, 0xd0, 0xff,
    0xd0, 0xcc, 0xc8, 0xff, 0xd8, 0xd0, 0xc8, 0xff, 0xd0, 0xcc, 0xd0, 0xff,
    0xd8, 0xd0, 0xc8, 0xff, 0xd0, 0xcc, 0xd0, 0xff, 0xd8, 0xd0, 0xc8, 0xff,
    0xd8, 0xd0, 0xc8, 0xff, 0xd0, 0xcc, 0xd0, 0xff, 0xd8, 0xd0, 0xc8, 0xff,
    0xd8, 0xd0, 0xc8, 0xff, 0xd0, 0xcc, 0xd0, 0xff, 0xd8, 0xd0, 0xc8, 0xff,
    0xd0, 0xcc, 0xd0, 0xff, 0xd8, 0xcc, 0xc8, 0xff, 0xd8, 0xd0, 0xd0, 0xff,
    0xd0, 0xd0, 0xc8, 0xff, 0xd8, 0xcc, 0xc8, 0xff, 0xd8, 0xd0, 0xd0, 0xff,
    0xd0, 0xcc, 0xc8, 0xff, 0xd8, 0xcc, 0xc8, 0xff, 0xd8, 0xd0, 0xd0, 0xff,
    0xd8, 0xcc, 0xd0, 0xff, 0xd0, 0xd0, 0xc8, 0xff, 0xd8, 0xd0, 0xc8, 0xff,
    0xd8, 0xcc, 0xd0, 0xff, 0xd0, 0xd0, 0xc8, 0xff, 0xd0, 0xd0, 0xc8, 0xff,
    0xd8, 0xcc, 0xd0, 0xff, 0xd8, 0xd0, 0xc8, 0xff, 0xd0, 0xcc, 0xc8, 0xff,
    0xd8, 0xcc, 0xd0, 0xff, 0xd8, 0xd0, 0xc8, 0xff, 0xd0, 0xcc, 0xc8, 0xff,
    0xd8, 0xd0, 0xd0, 0xff, 0xd8, 0xcc, 0xc8, 0xff, 0xd0, 0xcc, 0xc8, 0xff,
    0xd8, 0xd0, 0xd0, 0xff, 0xd8, 0xcc, 0xc8, 0xff, 0xd0, 0xcc, 0xc8, 0xff,
    0xd8, 0xd0, 0xc8, 0xff, 0xd8, 0xcc, 0xc8, 0xff, 0xd0, 0xcc, 0xd0, 0xff,
    0xd8, 0xd0, 0xc8, 0xff, 0xd8, 0xcc, 0xc8, 0xff, 0xd0, 0xcc, 0xd0, 0xff,
    0xd8, 0xd0, 0xc8, 0xff, 0xd8, 0xcc, 0xc8, 0xff, 0xd0, 0xcc, 0xd0, 0xff,
    0xd8, 0xd0, 0xc8, 0xff, 0xd0, 0xd0, 0xc8, 0xff, 0xd8, 0xcc, 0xc8, 0xff,
    0xd8, 0xd0, 0xc8, 0xff, 0xd0, 0xcc, 0xc8, 0xff, 0xd8, 0xd0, 0xd0, 0xff,
    0xd8, 0xd0, 0xc8, 0xff, 0xd0, 0xcc, 0xd0, 0xff, 0xd8, 0xcc, 0xc8, 0xff,
    0xd8, 0xd0, 0xc8, 0xff, 0xd0, 0xcc, 0xd0, 0xff, 0xd8, 0xd0, 0xc8, 0xff,
    0xd0, 0xd0, 0xc8, 0xff, 0xd8, 0xcc, 0xd0, 0xff, 0xd0, 0xd0, 0xc8, 0xff,
    0xd0, 0xd0, 0xc8, 0xff, 0xd8, 0xcc, 0xc8, 0xff, 0xd0, 0xd0, 0xd0, 0xff,
    0xd8, 0xd0, 0xc8, 0xff, 0xd8, 0xcc, 0xd0, 0xff, 0xd8, 0xcc, 0xc8, 0xff,
    0xd8, 0xd0, 0xc8, 0xff, 0xd8, 0xcc, 0xd0, 0xff, 0xd0, 0xd0, 0xc8, 0xff,
    0xd8, 0xcc, 0xc8, 0xff, 0xd8, 0xcc, 0xd0, 0xff, 0xd0, 0xd0, 0xc8, 0xff,
    0xd8, 0xcc, 0xc8, 0xff, 0xd0, 0xcc, 0xd0, 0xff, 0xd8, 0xd0, 0xc8, 0xff,
    0xd8, 0xcc, 0xc8, 0xff, 0xd0, 0xd0, 0xd0, 0xff, 0xd8, 0xd0, 0xc8, 0xff,
    0xd8, 0xcc, 0xc8, 0xff, 0xd0, 0xd0, 0xd0, 0xff, 0xd8, 0xd0, 0xc8, 0xff,
    0xd8, 0xcc, 0xc8, 0xff, 0xd0, 0xd0, 0xd0, 0xff, 0xd8, 0xcc, 0xc8, 0xff,
    0xd8, 0xcc, 0xc8, 0xff, 0xd0, 0xd0, 0xd0, 0xff, 0xd8, 0xcc, 0xc8, 0xff,
    0xd0, 0xcc, 0xc8, 0xff, 0xd8, 0xd0, 0xd0, 0xff, 0xd8, 0xd0, 0xc8, 0xff,
    0xd0, 0xcc, 0xd0, 0xff, 0xd8, 0xd0, 0xc8, 0xff, 0xd8, 0xd0, 0xc8, 0xff,
    0xd0, 0xcc, 0xd0, 0xff, 0xd8, 0xcc, 0xc8, 0xff, 0xd8, 0xd0, 0xc8, 0xff,
    0xd0, 0xcc, 0xd0, 0xff, 0xd8, 0xd0, 0xc8, 0xff, 0xd0, 0xd0, 0xd0, 0xff,
    0xd8, 0xcc, 0xc8, 0xff, 0xd8, 0xd0, 0xd0, 0xff, 0xd0, 0xcc, 0xc8, 0xff,
    0xd8, 0xcc, 0xc8, 0xff, 0xd8, 0xd0, 0xd0, 0xff, 0xd0, 0xcc, 0xc8, 0xff,
    0xd8, 0xcc, 0xc8, 0xff, 0xd8, 0xd0, 0xd0, 0xff, 0xd0, 0xd0, 0xc8, 0xff,
    0xd8, 0xcc, 0xc8, 0xff, 0xd8, 0xd0, 0xc8, 0xff, 0xd0, 0xcc, 0xc8, 0xff,
    0xd8, 0xcc, 0xc8, 0xff, 0xd8, 0xd0, 0xd0, 0xff, 0xd0, 0xcc, 0xc8, 0xff,
    0xd8, 0xd0, 0xc8, 0xff, 0xd0, 0xd0, 0xd0, 0xff, 0xd8, 0xcc, 0xc8, 0xff,
    0xd8, 0xcc, 0xc8, 0xff, 0xd0, 0xd0, 0xd0, 0xff, 0xd8, 0xcc, 0xc8, 0xff,
    0xd8, 0xcc, 0xc8, 0xff, 0xd0, 0xd0, 0xd0, 0xff, 0xd8, 0xcc, 0xc8, 0xff,
    0xd0, 0xd0, 0xc8, 0xff, 0xd8, 0xcc, 0xd0, 0xff, 0xd0, 0xd0, 0xc8, 0xff,
    0xd8, 0xd0, 0xc8, 0xff, 0xd0, 0xcc, 0xd0, 0xff, 0xd8, 0xd0, 0xc8, 0xff,
    0xd8, 0xd0, 0xc8, 0xff, 0xd0, 0xcc, 0xd0, 0xff, 0xd8, 0xcc, 0xc8, 0xff,
    0xd8, 0xd0, 0xd0, 0xff, 0xd8, 0xcc, 0xc8, 0xff, 0xd0, 0xd0, 0xc8, 0xff,
    0xd8, 0xd0, 0xd0, 0xff, 0xd8, 0xcc, 0xc8, 0xff, 0xd0, 0xcc, 0xc8, 0xff,
    0xd8, 0xd0, 0xd0, 0xff, 0xd8, 0xd0, 0xc8, 0xff, 0xd0, 0xcc, 0xd0, 0xff,
    0xd8, 0xcc, 0xc8, 0xff, 0xd0, 0xd0, 0xc8, 0xff, 0xd8, 0xd0, 0xd0, 0xff,
    0xd8, 0xcc, 0xc8, 0xff, 0xd0, 0xd0, 0xc8, 0xff, 0xd8, 0xcc, 0xd0, 0xff,
    0xd8, 0xcc, 0xc8, 0xff, 0xd0, 0xd0, 0xd0, 0xff, 0xd8, 0xcc, 0xc8, 0xff,
    0xd0, 0xcc, 0xc8, 0xff, 0xd8, 0xd0, 0xd0, 0xff, 0xd8, 0xcc, 0xc8, 0xff,
    0xd0, 0xd0, 0xc8, 0xff, 0xd8, 0xd0, 0xd0, 0xff, 0xd0, 0xcc, 0xc8, 0xff,
    0xd8, 0xcc, 0xc8, 0xff, 0xd0, 0xd0, 0xd0, 0xff, 0xd8, 0xd0, 0xc8, 0xff,
    0xd8, 0xcc, 0xc8, 0xff, 0xd0, 0xd0, 0xd0, 0xff, 0xd8, 0xd0, 0xc8, 0xff,
    0xd8, 0xcc, 0xc8, 0xff, 0xd0, 0xd0, 0xd0, 0xff, 0xd8, 0xd0, 0xc8, 0xff,
    0xd0, 0xcc, 0xc8, 0xff, 0xd8, 0xcc, 0xd0, 0xff, 0xd8, 0xd0, 0xc8, 0xff,
    0xd0, 0xcc, 0xc8, 0xff, 0xd8, 0xd0, 0xd0, 0xff, 0xd8, 0xd0, 0xc8, 0xff,
    0xd0, 0xcc, 0xd0, 0xff, 0xd8, 0xcc, 0xc8, 0xff, 0xd0, 0xd0, 0xc8, 0xff,
    0xd8, 0xcc, 0xd0, 0xff, 0xd8, 0xd0, 0xc8, 0xff, 0xd0, 0xd0, 0xd0, 0xff,
    0xd8, 0xcc, 0xc8, 0xff, 0xd0, 0xd0, 0xc8, 0xff, 0xd8, 0xd0, 0xd0, 0xff,
    0xd0, 0xcc, 0xc8, 0xff, 0xd8, 0xd0, 0xc8, 0xff, 0xd0, 0xd0, 0xd0, 0xff,
    0xd8, 0xcc, 0xc8, 0xff, 0xd8, 0xd0, 0xc8, 0xff, 0xd0, 0xcc, 0xc8, 0xff,
    0xd8, 0xd0, 0xd0, 0xff, 0xd8, 0xd0, 0xc8, 0xff, 0xd0, 0xcc, 0xd0, 0xff,
    0xd8, 0xcc, 0xc8, 0xff, 0xd8, 0xd0, 0xc8, 0xff, 0xd0, 0xcc, 0xd0, 0xff,
    0xd8, 0xd0, 0xc8, 0xff, 0xd8, 0xd0, 0xd0, 0xff, 0xd0, 0xcc, 0xc8, 0xff,
    0xd8, 0xd0, 0xc8, 0xff, 0xd0, 0xcc, 0xd0, 0xff, 0xd8, 0xd0, 0xc8, 0xff,
    0xd8, 0xcc, 0xd0, 0xff, 0xd0, 0xcc, 0xc8, 0xff, 0xd8, 0xd0, 0xd0, 0xff,
    0xd8, 0xcc, 0xc8, 0xff, 0xd0, 0xd0, 0xd0, 0xff, 0xd8, 0xd0, 0xc8, 0xff,
    0xd8, 0xcc, 0xc8, 0xff, 0xd0, 0xd0, 0xd0, 0xff, 0xd8, 0xcc, 0xc8, 0xff,
    0xd8, 0xd0, 0xc8, 0xff, 0xd0, 0xcc, 0xd0, 0xff, 0xd8, 0xcc, 0xc8, 0xff,
    0xd0, 0xd0, 0xc8, 0xff, 0xd8, 0xcc, 0xd0, 0xff, 0xd8, 0xcc, 0xc8, 0xff,
    0xd0, 0xd0, 0xc8, 0xff, 0xd8, 0xcc, 0xd0, 0xff, 0xd8, 0xcc, 0xc8, 0xff,
    0xd0, 0xd0, 0xd0, 0xff, 0xd8, 0xcc, 0xc8, 0xff, 0xd8, 0xcc, 0xc8, 0xff,
    0xd0, 0xd0, 0xd0, 0xff, 0xd8, 0xd0, 0xc8, 0xff, 0xd8, 0xcc, 0xc8, 0xff,
    0xd0, 0xd0, 0xd0, 0xff, 0xd8, 0xcc, 0xc8, 0xff, 0xd8, 0xd0, 0xd0, 0xff,
    0xd0, 0xd0, 0xc8, 0xff, 0xd8, 0xcc, 0xc8, 0xff, 0xd0, 0xcc, 0xd0, 0xff,
    0xd8, 0xd0, 0xc8, 0xff, 0xd8, 0xd0, 0xc8, 0xff, 0xd0, 0xcc, 0xd0, 0xff,
    0xd8, 0xd0, 0xc8, 0xff, 0xd0, 0xcc, 0xd0, 0xff, 0xd8, 0xcc, 0xc8, 0xff,
    0xd8, 0xd0, 0xc8, 0xff, 0xd0, 0xcc, 0xd0, 0xff, 0xd8, 0xd0, 0xc8, 0xff,
    0xd8, 0xd0, 0xc8, 0xff, 0xd0, 0xcc, 0xd0, 0xff, 0xd8, 0xd0, 0xc8, 0xff,
    0xd8, 0xcc, 0xd0, 0xff, 0xd0, 0xd0, 0xc8, 0xff, 0xd8, 0xcc, 0xc8, 0xff,
    0xd8, 0xcc, 0xd0, 0xff, 0xd8, 0xd0, 0xc8, 0xff, 0xd8, 0xcc, 0xc8, 0xff,
    0xd0, 0xd0, 0xd0, 0xff, 0xd8, 0xd0, 0xc8, 0xff, 0xd8, 0xcc, 0xc8, 0xff,
    0xd0, 0xcc, 0xd0, 0xff, 0xd8, 0xd0, 0xc8, 0xff, 0xd8, 0xcc, 0xd0, 0xff,
    0xd0, 0xd0, 0xc8, 0xff, 0xd8, 0xd0, 0xd0, 0xff, 0xd0, 0xcc, 0xd0, 0xff,
    0xd8, 0xd0, 0xc8, 0xff, 0xd8, 0xd0, 0xc8, 0xff, 0xd0, 0xcc, 0xd0, 0xff,
    0xd8, 0xd0, 0xc8, 0xff, 0xd8, 0xd0, 0xd0, 0xff, 0xd0, 0xcc, 0xc8, 0xff,
    0xd8, 0xd0, 0xd0, 0xff, 0xd0, 0xd0, 0xc8, 0xff, 0xd8, 0xcc, 0xd0, 0xff,
    0xd8, 0xcc, 0xc8, 0xff, 0xd0, 0xd0, 0xc8, 0xff, 0xd8, 0xcc, 0xd0, 0xff,
    0xd8, 0xd0, 0xc8, 0xff, 0xd0, 0xcc, 0xc8, 0xff, 0xd8, 0xcc, 0xd0, 0xff,
    0xd0, 0xd0, 0xc8, 0xff, 0xd8, 0xcc, 0xd0, 0xff, 0xd0, 0xd0, 0xc8, 0xff,
    0xd8, 0xcc, 0xd0, 0xff, 0xd8, 0xd0, 0xc8, 0xff, 0xd0, 0xd0, 0xd0, 0xff,
    0xd8, 0xcc, 0xc8, 0xff, 0xd8, 0xcc, 0xd0, 0xff, 0xd0, 0xd0, 0xd0, 0xff,
    0xd8, 0xd0, 0xc8, 0xff, 0xd0, 0xcc, 0xd0, 0xff, 0xd8, 0xcc, 0xc8, 0xff,
    0xd8, 0xcc, 0xc8, 0xff, 0xd0, 0xd0, 0xc8, 0xff, 0xd8, 0xd0, 0xd0, 0xff,
    0xd8, 0xcc, 0xc8, 0xff, 0xd0, 0xd0, 0xc8, 0xff, 0xd8, 0xcc, 0xd0, 0xff,
    0xd8, 0xcc, 0xc8, 0xff, 0xd0, 0xd0, 0xc8, 0xff, 0xd8, 0xcc, 0xd0, 0xff,
    0xd0, 0xd0, 0xc8, 0xff, 0xd8, 0xd0, 0xc8, 0xff, 0xd8, 0xcc, 0xd0, 0xff,
    0xd0, 0xd0, 0xc8, 0xff, 0xd8, 0xd0, 0xd0, 0xff, 0xd8, 0xcc, 0xd0, 0xff,
    0xd8, 0xcc, 0xc8, 0xff, 0xd8, 0xd0, 0xc8, 0xff, 0xd8, 0xcc, 0xd0, 0xff,
    0xd0, 0xcc, 0xc8, 0xff, 0xd0, 0xd0, 0xd0, 0xff, 0xd8, 0xd0, 0xc8, 0xff,
    0xd8, 0xcc, 0xc8, 0xff, 0xd8, 0xcc, 0xd0, 0xff, 0xd0, 0xd0, 0xc8, 0xff,
    0xd8, 0xcc, 0xd0, 0xff, 0xd0, 0xcc, 0xc8, 0xff, 0xd8, 0xd0, 0xd0, 0xff,
    0xd0, 0xcc, 0xc8, 0xff, 0xd8, 0xcc, 0xc8, 0xff, 0xd8, 0xd0, 0xd0, 0xff,
    0xd0, 0xd0, 0xc8, 0xff, 0xd8, 0xcc, 0xc8, 0xff, 0xd8, 0xcc, 0xd0, 0xff,
    0xd0, 0xd0, 0xc8, 0xff, 0xd8, 0xd0, 0xc8, 0xff, 0xd8, 0xcc, 0xd0, 0xff,
    0xd0, 0xd0, 0xc8, 0xff, 0xd8, 0xd0, 0xd0, 0xff, 0xd8, 0xcc, 0xc8, 0xff,
    0xd0, 0xcc, 0xc8, 0xff, 0xd8, 0xd0, 0xd0, 0xff, 0xd8, 0xcc, 0xc8, 0xff,
    0xd0, 0xcc, 0xc8, 0xff, 0xd8, 0xd0, 0xd0, 0xff, 0xd8, 0xd0, 0xc8, 0xff,
    0xd0, 0xcc, 0xc8, 0xff, 0xd8, 0xd0, 0xd0, 0xff, 0xd8, 0xd0, 0xc8, 0xff,
    0xd8, 0xcc, 0xd0, 0xff, 0xd0, 0xd0, 0xc8, 0xff, 0xd8, 0xd0, 0xd0, 0xff,
    0xd8, 0xcc, 0xc8, 0xff, 0xd0, 0xcc, 0xc8, 0xff, 0xd8, 0xd0, 0xd0, 0xff,
    0xd8, 0xcc, 0xc8, 0xff, 0xd0, 0xcc, 0xc8, 0xff, 0xd8, 0xd0, 0xd0, 0xff,
    0xd8, 0xcc, 0xd0, 0xff, 0xd0, 0xcc, 0xc8, 0xff, 0xd8, 0xd0, 0xc8, 0xff,
    0xd8, 0xcc, 0xd0, 0xff, 0xd0, 0xd0, 0xc8, 0xff, 0xd8, 0xd0, 0xc8, 0xff,
    0xd8, 0xcc, 0xd0, 0xff, 0xd0, 0xcc, 0xc8, 0xff, 0xd8, 0xd0, 0xc8, 0xff,
    0xd0, 0xcc, 0xd0, 0xff, 0xd8, 0xd0, 0xc8, 0xff, 0xd8, 0xd0, 0xd0, 0xff,
    0xd0, 0xcc, 0xc8, 0xff, 0xd8, 0xd0, 0xc8, 0xff, 0xd0, 0xcc, 0xd0, 0xff,
    0xd8, 0xcc, 0xc8, 0xff, 0xd0, 0xd0, 0xc8, 0xff, 0xd8, 0xcc, 0xd0, 0xff,
    0xd8, 0xcc, 0xc8, 0xff, 0xd0, 0xd0, 0xd0, 0xff, 0xd8, 0xcc, 0xc8, 0xff,
    0xd8, 0xd0, 0xc8, 0xff, 0xd0, 0xd0, 0xd0, 0xff, 0xd8, 0xcc, 0xc8, 0xff,
    0xd0, 0xd0, 0xc8, 0xff, 0xd8, 0xcc, 0xd0, 0xff, 0xd8, 0xcc, 0xc8, 0xff,
    0xd0, 0xd0, 0xc8, 0xff, 0xd8, 0xd0, 0xd0, 0xff, 0xd8, 0xcc, 0xc8, 0xff,
    0xd0, 0xd0, 0xd0, 0xff, 0xd8, 0xd0, 0xd0, 0xff, 0xd0, 0xcc, 0xc8, 0xff,
    0xd8, 0xd0, 0xd0, 0xff, 0xd8, 0xd0, 0xc8, 0xff, 0xd0, 0xcc, 0xc8, 0xff,
    0xd8, 0xd0, 0xd0, 0xff, 0xd8, 0xd0, 0xc8, 0xff, 0xd0, 0xcc, 0xc8, 0xff,
    0xd8, 0xd0, 0xd0, 0xff, 0xd8, 0xd0, 0xc8, 0xff, 0xd0, 0xcc, 0xc8, 0xff,
    0xd8, 0xcc, 0xd0, 0xff, 0xd8, 0xcc, 0xd0, 0xff, 0xd0, 0xd0, 0xc8, 0xff,
    0xd8, 0xcc, 0xc8, 0xff, 0xd8, 0xd0, 0xd0, 0xff, 0xd0, 0xcc, 0xc8, 0xff,
    0xd8, 0xd0, 0xc8, 0xff, 0xd8, 0xcc, 0xd0, 0xff, 0xd0, 0xd0, 0xc8, 0xff,
    0xd8, 0xcc, 0xc8, 0xff, 0xd8, 0xcc, 0xd0, 0xff, 0xd0, 0xd0, 0xc8, 0xff,
    0xd8, 0xcc, 0xc8, 0xff, 0xd8, 0xcc, 0xd0, 0xff, 0xd8, 0xd0, 0xc8, 0xff,
    0xd8, 0xcc, 0xc8, 0xff, 0xd0, 0xd0, 0xd0, 0xff, 0xd8, 0xcc, 0xc8, 0xff,
    0xd0, 0xd0, 0xc8, 0xff, 0xd0, 0xcc, 0xd0, 0xff, 0xd8, 0xd0, 0xc8, 0xff,
    0xd0, 0xcc, 0xd0, 0xff, 0xd8, 0xd0, 0xc8, 0xff, 0xd8, 0xcc, 0xc8, 0xff,
    0xd0, 0xd0, 0xd0, 0xff, 0xd8, 0xd0, 0xc8, 0xff, 0xd8, 0xcc, 0xc8, 0xff,
    0xd0, 0xd0, 0xd0, 0xff, 0xd8, 0xd0, 0xc8, 0xff, 0xd0, 0xcc, 0xc8, 0xff,
    0xd8, 0xcc, 0xd0, 0xff, 0xd0, 0xd0, 0xd0, 0xff, 0xd8, 0xcc, 0xc8, 0xff,
    0xd8, 0xcc, 0xc8, 0xff, 0xd0, 0xd0, 0xd0, 0xff, 0xd8, 0xcc, 0xc8, 0xff,
    0xd8, 0xd0, 0xd0, 0xff, 0xd0, 0xd0, 0xc8, 0xff, 0xd8, 0xcc, 0xc8, 0xff,
    0xd8, 0xd0, 0xd0, 0xff, 0xd0, 0xd0, 0xd0, 0xff, 0xd8, 0xcc, 0xc8, 0xff,
    0xd8, 0xd0, 0xc8, 0xff, 0xd0, 0xcc, 0xd0, 0xff, 0xd8, 0xcc, 0xc8, 0xff,
    0xd8, 0xd0, 0xc8, 0xff, 0xd0, 0xcc, 0xd0, 0xff, 0xd8, 0xd0, 0xc8, 0xff,
    0xd8, 0xcc, 0xd0, 0xff, 0xd0, 0xd0, 0xc8, 0xff, 0xd8, 0xcc, 0xd0, 0xff,
    0xd8, 0xcc, 0xc8, 0xff, 0xd0, 0xd0, 0xc8, 0xff, 0xd8, 0xcc, 0xd0, 0xff,
    0xd0, 0xd0, 0xc8, 0xff, 0xd8, 0xd0, 0xc8, 0xff, 0xd8, 0xcc, 0xd0, 0xff,
    0xd0, 0xd0, 0xc8, 0xff, 0xd8, 0xd0, 0xd0, 0xff, 0xd0, 0xcc, 0xc8, 0xff,
    0xd8, 0xcc, 0xc8, 0xff, 0xd8, 0xd0, 0xd0, 0xff, 0xd0, 0xcc, 0xc8, 0xff,
    0xd8, 0xd0, 0xd0, 0xff, 0xd0, 0xd0, 0xd0, 0xff, 0xd8, 0xcc, 0xc8, 0xff,
    0xd8, 0xd0, 0xc8, 0xff, 0xd0, 0xcc, 0xd0, 0xff, 0xd8, 0xcc, 0xc8, 0xff,
    0xd8, 0xd0, 0xd0, 0xff, 0xd0, 0xd0, 0xc8, 0xff, 0xd8, 0xcc, 0xc8, 0xff,
    0xd8, 0xd0, 0xd0, 0xff, 0xd0, 0xd0, 0xc8, 0xff, 0xd8, 0xcc, 0xc8, 0xff,
    0xd8, 0xd0, 0xd0, 0xff, 0xd8, 0xcc, 0xd0, 0xff, 0xd0, 0xd0, 0xc8, 0xff,
    0xd8, 0xcc, 0xd0, 0xff, 0xd8, 0xcc, 0xc8, 0xff, 0xd0, 0xd0, 0xc8, 0xff,
    0xd8, 0xcc, 0xd0, 0xff, 0xd8, 0xcc, 0xc8, 0xff, 0xd0, 0xd0, 0xc8, 0xff,
    0xd8, 0xd0, 0xd0, 0xff, 0xd0, 0xcc, 0xc8, 0xff, 0xd8, 0xd0, 0xc8, 0xff,
    0xd0, 0xcc, 0xd0, 0xff, 0xd8, 0xcc, 0xc8, 0xff, 0xd8, 0xd0, 0xc8, 0xff,
    0xd0, 0xd0, 0xd0, 0xff, 0xd8, 0xcc, 0xc8, 0xff, 0xd8, 0xd0, 0xc8, 0xff,
    0xd0, 0xcc, 0xd0, 0xff, 0xd8, 0xd0, 0xc8, 0xff, 0xd8, 0xd0, 0xc8, 0xff,
    0xd0, 0xcc, 0xd0, 0xff, 0xd8, 0xcc, 0xc8, 0xff, 0xd0, 0xd0, 0xd0, 0xff,
    0xd8, 0xcc, 0xc8, 0xff, 0xd8, 0xd0, 0xd0, 0xff, 0xd0, 0xd0, 0xc8, 0xff,
    0xd8, 0xcc, 0xc8, 0xff, 0xd8, 0xd0, 0xd0, 0xff, 0xd0, 0xcc, 0xc8, 0xff,
    0xd8, 0xd0, 0xc8, 0xff, 0xd8, 0xcc, 0xd0, 0xff, 0xd0, 0xcc, 0xc8, 0xff,
    0xd8, 0xd0, 0xd0, 0xff, 0xd8, 0xcc, 0xc8, 0xff, 0xd0, 0xcc, 0xc8, 0xff,
    0xd8, 0xcc, 0xc8, 0xff, 0xd0, 0xcc, 0xc8, 0xff, 0xd8, 0xd0, 0xd0, 0xff,
    0xd0, 0xcc, 0xc8, 0xff, 0xd8, 0xd0, 0xc8, 0xff, 0xd8, 0xcc, 0xd0, 0xff,
    0xd0, 0xcc, 0xc8, 0xff, 0xd8, 0xd0, 0xc8, 0xff, 0xd8, 0xcc, 0xd0, 0xff,
    0xd0, 0xd0, 0xc8, 0xff, 0xd8, 0xd0, 0xd0, 0xff, 0xd0, 0xcc, 0xc8, 0xff,
    0xd8, 0xcc, 0xd0, 0xff, 0xd8, 0xd0, 0xc8, 0xff, 0xd0, 0xd0, 0xc8, 0xff,
    0xd8, 0xcc, 0xd0, 0xff, 0xd8, 0xd0, 0xd0, 0xff, 0xd0, 0xcc, 0xc8, 0xff,
    0xd8, 0xcc, 0xc8, 0xff, 0xd0, 0xd0, 0xd0, 0xff, 0xd8, 0xcc, 0xc8, 0xff,
    0xd8, 0xcc, 0xd0, 0xff, 0xd0, 0xd0, 0xc8, 0xff, 0xd8, 0xcc, 0xd0, 0xff,
    0xd8, 0xcc, 0xc8, 0xff, 0xd0, 0xd0, 0xc8, 0xff, 0xd8, 0xcc, 0xd0, 0xff,
    0xd8, 0xd0, 0xd0, 0xff, 0xd0, 0xcc, 0xc8, 0xff, 0xd8, 0xd0, 0xc8, 0xff,
    0xd0, 0xcc, 0xd0, 0xff, 0xd8, 0xd0, 0xc8, 0xff, 0xd8, 0xd0, 0xc8, 0xff,
    0xd0, 0xcc, 0xd0, 0xff, 0xd8, 0xd0, 0xc8, 0xff, 0xd0, 0xcc, 0xc8, 0xff,
    0xd8, 0xcc, 0xd0, 0xff, 0xd8, 0xd0, 0xc8, 0xff, 0xd0, 0xd0, 0xc8, 0xff,
    0xd8, 0xcc, 0xd0, 0xff, 0xd8, 0xd0, 0xc8, 0xff, 0xd0, 0xd0, 0xc8, 0xff,
    0xd8, 0xcc, 0xd0, 0xff, 0xd8, 0xd0, 0xc8, 0xff, 0xd0, 0xcc, 0xc8, 0xff,
    0xd8, 0xcc, 0xd0, 0xff, 0xd8, 0xd0, 0xc8, 0xff, 0xd0, 0xcc, 0xc8, 0xff,
    0xd8, 0xd0, 0xd0, 0xff, 0xd8, 0xcc, 0xd0, 0xff, 0xd0, 0xcc, 0xc8, 0xff,
    0xd8, 0xd0, 0xc8, 0xff, 0xd8, 0xd0, 0xd0, 0xff, 0xd0, 0xcc, 0xc8, 0xff,
    0xd8, 0xd0, 0xd0, 0xff, 0xd8, 0xcc, 0xd0, 0xff, 0xd0, 0xd0, 0xc8, 0xff,
    0xd8, 0xd0, 0xd0, 0xff, 0xd8, 0xcc, 0xc8, 0xff, 0xd0, 0xd0, 0xc8, 0xff,
    0xd8, 0xd0, 0xd0, 0xff, 0xd8, 0xcc, 0xc8, 0xff, 0xd0, 0xcc, 0xd0, 0xff,
    0xd8, 0xd0, 0xc8, 0xff, 0xd8, 0xcc, 0xd0, 0xff, 0xd0, 0xd0, 0xc8, 0xff,
    0xd8, 0xcc, 0xc8, 0xff, 0xd0, 0xd0, 0xd0, 0xff, 0xd8, 0xcc, 0xc8, 0xff,
    0xd8, 0xd0, 0xd0, 0xff, 0xd0, 0xd0, 0xc8, 0xff, 0xd8, 0xcc, 0xc8, 0xff,
    0xd8, 0xcc, 0xd0, 0xff, 0xd0, 0xd0, 0xc8, 0xff, 0xd8, 0xcc, 0xc8, 0xff,
    0xd8, 0xd0, 0xd0, 0xff, 0xd0, 0xd0, 0xc8, 0xff, 0xd8, 0xcc, 0xd0, 0xff,
    0xd0, 0xd0, 0xc8, 0xff, 0xd8, 0xcc, 0xd0, 0xff, 0xd8, 0xcc, 0xc8, 0xff,
    0xd0, 0xd0, 0xd0, 0xff, 0xd0, 0xd0, 0xc8, 0xff, 0xd8, 0xcc, 0xc8, 0xff,
    0xd8, 0xd0, 0xd0, 0xff, 0xd0, 0xcc, 0xc8, 0xff, 0xd0, 0xd0, 0xc8, 0xff,
    0xd8, 0xd0, 0xd0, 0xff, 0xd0, 0xcc, 0xc8, 0xff, 0xd8, 0xd0, 0xc8, 0xff,
    0xd8, 0xcc, 0xd0, 0xff, 0xd0, 0xd0, 0xc8, 0xff, 0xd8, 0xd0, 0xc8, 0xff,
    0xd0, 0xcc, 0xd0, 0xff, 0xd8, 0xd0, 0xc8, 0xff, 0xd8, 0xcc, 0xc8, 0xff,
    0xd0, 0xcc, 0xc8, 0xff, 0xd8, 0xd0, 0xc8, 0xff, 0xd8, 0xcc, 0xd0, 0xff,
    0xd0, 0xcc, 0xc8, 0xff, 0xd8, 0xd0, 0xd0, 0xff, 0xd0, 0xcc, 0xc8, 0xff,
    0xd8, 0xcc, 0xc8, 0xff, 0xd8, 0xd0, 0xc8, 0xff, 0xd0, 0xcc, 0xd0, 0xff,
    0xd8, 0xd0, 0xc8, 0xff, 0xd8, 0xd0, 0xc8, 0xff, 0xd0, 0xcc, 0xd0, 0xff,
    0xd8, 0xd0, 0xc8, 0xff, 0xd8, 0xcc, 0xc8, 0xff, 0xd0, 0xd0, 0xd0, 0xff,
    0xd8, 0xd0, 0xc8, 0xff, 0xd8, 0xcc, 0xc8, 0xff, 0xd0, 0xd0, 0xc8, 0xff,
    0xd8, 0xcc, 0xd0, 0xff, 0xd8, 0xd0, 0xc8, 0xff, 0xd0, 0xcc, 0xc8, 0xff,
    0xd0, 0xcc, 0xd0, 0xff, 0xd8, 0xd0, 0xc8, 0xff, 0xd8, 0xd0, 0xc8, 0xff,
    0xd0, 0xcc, 0xc8, 0xff, 0xd8, 0xd0, 0xc8, 0xff, 0xd8, 0xcc, 0xc8, 0xff,
    0xd0, 0xd0, 0xc8, 0xff, 0xd8, 0xd0, 0xd0, 0xff, 0xd0, 0xcc, 0xd0, 0xff,
    0xd8, 0xd0, 0xc8, 0xff, 0xd0, 0xcc, 0xc8, 0xff, 0xd8, 0xcc, 0xd0, 0xff,
    0xd8, 0xd0, 0xc8, 0xff, 0xd0, 0xd0, 0xd0, 0xff, 0xd8, 0xcc, 0xc8, 0xff,
    0xd0, 0xd0, 0xc8, 0xff, 0xd8, 0xcc, 0xd0, 0xff, 0xd8, 0xcc, 0xc8, 0xff,
    0xd0, 0xd0, 0xd0, 0xff, 0xd8, 0xcc, 0xc8, 0xff, 0xd0, 0xcc, 0xc8, 0xff,
    0xd0, 0xd0, 0xd0, 0xff, 0xd8, 0xd0, 0xc8, 0xff, 0xd0, 0xcc, 0xc8, 0xff,
    0xd0, 0xd0, 0xd0, 0xff, 0xd8, 0xd0, 0xc8, 0xff, 0xd8, 0xcc, 0xc8, 0xff,
    0xd8, 0xcc, 0xd0, 0xff, 0xd8, 0xd0, 0xc8, 0xff, 0xd0, 0xd0, 0xc8, 0xff,
    0xd0, 0xcc, 0xd0, 0xff, 0xd8, 0xd0, 0xc8, 0xff, 0xd8, 0xd0, 0xc8, 0xff,
    0xd0, 0xcc, 0xd0, 0xff, 0xd8, 0xd0, 0xc8, 0xff, 0xd8, 0xd0, 0xc8, 0xff,
    0xd0, 0xcc, 0xd0, 0xff, 0xd8, 0xcc, 0xc8, 0xff, 0xd0, 0xd0, 0xc8, 0xff,
    0xd8, 0xcc, 0xd0, 0xff, 0xd0, 0xd0, 0xc8, 0xff, 0xd8, 0xcc, 0xc8, 0xff,
    0xd8, 0xcc, 0xd0, 0xff, 0xd0, 0xd0, 0xc8, 0xff, 0xd8, 0xcc, 0xc8, 0xff,
    0xd0, 0xcc, 0xd0, 0xff, 0xd8, 0xd0, 0xc8, 0xff, 0xd8, 0xcc, 0xd0, 0xff,
    0xd0, 0xd0, 0xc8, 0xff, 0xd8, 0xd0, 0xd0, 0xff, 0xd8, 0xcc, 0xc8, 0xff,
    0xd0, 0xd0, 0xc8, 0xff, 0xd8, 0xcc, 0xd0, 0xff, 0xd8, 0xd0, 0xc8, 0xff,
    0xd0, 0xcc, 0xc8, 0xff, 0xd8, 0xcc, 0xd0, 0xff, 0xd8, 0xd0, 0xc8, 0xff,
    0xd0, 0xcc, 0xc8, 0xff, 0xd8, 0xcc, 0xd0, 0xff, 0xd0, 0xd0, 0xc8, 0xff,
    0xd8, 0xd0, 0xd0, 0xff, 0xd8, 0xcc, 0xc8, 0xff, 0xd0, 0xd0, 0xc8, 0xff,
    0xd8, 0xd0, 0xd0, 0xff, 0xd8, 0xcc, 0xc8, 0xff, 0xd0, 0xd0, 0xc8, 0xff,
    0xd8, 0xd0, 0xd0, 0xff, 0xd0, 0xcc, 0xc8, 0xff, 0xd8, 0xd0, 0xc8, 0xff,
    0xd0, 0xcc, 0xd0, 0xff, 0xd8, 0xcc, 0xc8, 0xff, 0xd8, 0xd0, 0xc8, 0xff,
    0xd0, 0xd0, 0xd0, 0xff, 0xd8, 0xcc, 0xc8, 0xff, 0xd8, 0xd0, 0xc8, 0xff,
    0xd0, 0xcc, 0xd0, 0xff, 0xd8, 0xcc, 0xc8, 0xff, 0xd0, 0xd0, 0xc8, 0xff,
    0xd8, 0xd0, 0xd0, 0xff, 0xd8, 0xcc, 0xc8, 0xff, 0xd0, 0xd0, 0xc8, 0xff,
    0xd8, 0xd0, 0xd0, 0xff, 0xd8, 0xcc, 0xc8, 0xff, 0xd0, 0xd0, 0xc8, 0xff,
    0xd8, 0xd0, 0xd0, 0xff, 0xd8, 0xcc, 0xc8, 0xff, 0xd0, 0xcc, 0xd0, 0xff,
    0xd8, 0xd0, 0xc8, 0xff, 0xd8, 0xcc, 0xd0, 0xff, 0xd0, 0xd0, 0xc8, 0xff,
    0xd8, 0xd0, 0xc8, 0xff, 0xd0, 0xcc, 0xd0, 0xff, 0xd8, 0xd0, 0xc8, 0xff,
    0xd0, 0xd0, 0xd0, 0xff, 0xd8, 0xcc, 0xc8, 0xff, 0xd8, 0xcc, 0xc8, 0xff,
    0xd0, 0xd0, 0xc8, 0xff, 0xd8, 0xcc, 0xc8, 0xff, 0xd8, 0xcc, 0xd0, 0xff,
    0xd0, 0xd0, 0xc8, 0xff, 0xd8, 0xcc, 0xd0, 0xff, 0xd0, 0xd0, 0xc8, 0xff,
    0xd8, 0xcc, 0xc8, 0xff, 0xd0, 0xd0, 0xd0, 0xff, 0xd8, 0xcc, 0xc8, 0xff,
    0xd0, 0xcc, 0xd0, 0xff, 0xd8, 0xd0, 0xc8, 0xff, 0xd0, 0xd0, 0xc8, 0xff,
    0xd8, 0xcc, 0xd0, 0xff, 0xd8, 0xd0, 0xc8, 0xff, 0xd0, 0xd0, 0xd0, 0xff,
    0xd8, 0xcc, 0xd0, 0xff, 0xd0, 0xcc, 0xc8, 0xff, 0xd0, 0xd0, 0xc8, 0xff,
    0xd8, 0xcc, 0xd0, 0xff, 0xd8, 0xd0, 0xc8, 0xff, 0xd0, 0xd0, 0xc8, 0xff,
    0xd8, 0xcc, 0xd0, 0xff, 0xd8, 0xd0, 0xc8, 0xff, 0xd0, 0xd0, 0xc8, 0xff,
    0xd8, 0xcc, 0xd0, 0xff, 0xd0, 0xd0, 0xc8, 0xff, 0xd8, 0xcc, 0xd0, 0xff,
    0xd8, 0xd0, 0xd0, 0xff, 0xd8, 0xcc, 0xc8, 0xff, 0xd8, 0xd0, 0xc8, 0xff,
    0xd8, 0xcc, 0xd0, 0xff, 0xd0, 0xd0, 0xc8, 0xff, 0xd8, 0xcc, 0xc8, 0xff,
    0xd0, 0xd0, 0xd0, 0xff, 0xd8, 0xcc, 0xc8, 0xff, 0xd0, 0xcc, 0xd0, 0xff,
    0xd8, 0xd0, 0xd0, 0xff, 0xd0, 0xcc, 0xc8, 0xff, 0xd8, 0xcc, 0xd0, 0xff,
    0xd8, 0xd0, 0xc8, 0xff, 0xd0, 0xd0, 0xd0, 0xff, 0xd8, 0xcc, 0xc8, 0xff,
    0xd8, 0xd0, 0xc8, 0xff, 0xd0, 0xd0, 0xd0, 0xff, 0xd8, 0xcc, 0xc8, 0xff,
    0xd0, 0xd0, 0xc8, 0xff, 0xd8, 0xcc, 0xd0, 0xff, 0xd8, 0xcc, 0xc8, 0xff,
    0xd0, 0xd0, 0xc8, 0xff, 0xd8, 0xcc, 0xd0, 0xff, 0xd0, 0xcc, 0xc8, 0xff,
    0xd8, 0xd0, 0xc8, 0xff, 0xd8, 0xcc, 0xc8, 0xff, 0xd0, 0xd0, 0xd0, 0xff,
    0xd8, 0xd0, 0xc8, 0xff, 0xd0, 0xcc, 0xc8, 0xff, 0xd8, 0xd0, 0xd0, 0xff,
    0xd8, 0xcc, 0xc8, 0xff, 0xd0, 0xcc, 0xc8, 0xff, 0xd8, 0xd0, 0xd0, 0xff,
    0xd8, 0xd0, 0xc8, 0xff, 0xd0, 0xcc, 0xc8, 0xff, 0xd8, 0xd0, 0xd0, 0xff,
    0xd8, 0xd0, 0xc8, 0xff, 0xd0, 0xcc, 0xc8, 0xff, 0xd8, 0xcc, 0xd0, 0xff,
    0xd8, 0xd0, 0xc8, 0xff, 0xd0, 0xcc, 0xc8, 0xff, 0xd8, 0xcc, 0xd0, 0xff,
    0xd8, 0xd0, 0xc8, 0xff, 0xd0, 0xd0, 0xc8, 0xff, 0xd8, 0xcc, 0xd0, 0xff,
    0xd0, 0xd0, 0xc8, 0xff, 0xd8, 0xd0, 0xc8, 0xff, 0xd8, 0xcc, 0xd0, 0xff,
    0xd0, 0xcc, 0xc8, 0xff, 0xd8, 0xd0, 0xc8, 0xff, 0xd0, 0xd0, 0xd0, 0xff,
    0xd8, 0xcc, 0xd0, 0xff, 0xd0, 0xd0, 0xc8, 0xff, 0xd8, 0xcc, 0xc8, 0xff,
    0xd8, 0xcc, 0xd0, 0xff, 0xd0, 0xd0, 0xc8, 0xff, 0xd8, 0xcc, 0xd0, 0xff,
    0xd0, 0xcc, 0xc8, 0xff, 0xd8, 0xd0, 0xc8, 0xff, 0xd0, 0xcc, 0xd0, 0xff,
    0xd8, 0xd0, 0xc8, 0xff, 0xd0, 0xd0, 0xc8, 0xff, 0xd8, 0xcc, 0xc8, 0xff,
    0xd8, 0xd0, 0xd0, 0xff, 0xd0, 0xd0, 0xc8, 0xff, 0xd8, 0xcc, 0xd0, 0xff,
    0xd8, 0xd0, 0xc8, 0xff, 0xd0, 0xcc, 0xc8, 0xff, 0xd8, 0xcc, 0xd0, 0xff,
    0xd8, 0xd0, 0xc8, 0xff, 0xd0, 0xcc, 0xc8, 0xff, 0xd8, 0xd0, 0xd0, 0xff,
    0xd0, 0xd0, 0xc8, 0xff, 0xd8, 0xcc, 0xd0, 0xff, 0xd8, 0xcc, 0xc8, 0xff,
    0xd0, 0xd0, 0xd0, 0xff, 0xd8, 0xcc, 0xc8, 0xff, 0xd8, 0xd0, 0xd0, 0xff,
    0xd0, 0xcc, 0xc8, 0xff, 0xd8, 0xcc, 0xc8, 0xff, 0xd8, 0xd0, 0xd0, 0xff,
    0xd0, 0xd0, 0xc8, 0xff, 0xd8, 0xcc, 0xc8, 0xff, 0xd8, 0xcc, 0xd0, 0xff,
    0xd0, 0xd0, 0xc8, 0xff, 0xd8, 0xcc, 0xc8, 0xff, 0xd0, 0xd0, 0xd0, 0xff,
    0xd8, 0xd0, 0xc8, 0xff, 0xd8, 0xcc, 0xc8, 0xff, 0xd0, 0xd0, 0xd0, 0xff,
    0xd8, 0xd0, 0xc8, 0xff, 0xd0, 0xcc, 0xc8, 0xff, 0xd8, 0xd0, 0xd0, 0xff,
    0xd8, 0xd0, 0xc8, 0xff, 0xd0, 0xcc, 0xd0, 0xff, 0xd8, 0xd0, 0xc8, 0xff,
    0xd8, 0xd0, 0xc8, 0xff, 0xd8, 0xcc, 0xd0, 0xff, 0xd0, 0xcc, 0xc8, 0xff,
    0xd8, 0xd0, 0xd0, 0xff, 0xd8, 0xcc, 0xc8, 0xff, 0xd0, 0xd0, 0xd0, 0xff,
    0xd0, 0xd0, 0xc8, 0xff, 0xd8, 0xcc, 0xc8, 0xff, 0xd8, 0xcc, 0xd0, 0xff,
    0xd0, 0xd0, 0xc8, 0xff, 0xd8, 0xd0, 0xc8, 0xff, 0xd8, 0xcc, 0xd0, 0xff,
    0xd0, 0xd0, 0xc8, 0xff, 0xd8, 0xcc, 0xc8, 0xff, 0xd0, 0xcc, 0xd0, 0xff,
    0xd8, 0xd0, 0xc8, 0xff, 0xd8, 0xd0, 0xc8, 0xff, 0xd0, 0xcc, 0xd0, 0xff,
    0xd8, 0xd0, 0xc8, 0xff, 0xd8, 0xd0, 0xc8, 0xff, 0xd0, 0xcc, 0xd0, 0xff,
    0xd8, 0xd0, 0xc8, 0xff, 0xd8, 0xd0, 0xc8, 0xff, 0xd0, 0xcc, 0xd0, 0xff,
    0xd8, 0xd0, 0xc8, 0xff, 0xd8, 0xcc, 0xc8, 0xff, 0xd0, 0xcc, 0xd0, 0xff,
    0xd8, 0xd0, 0xc8, 0xff, 0xd8, 0xd0, 0xc8, 0xff, 0xd0, 0xcc, 0xd0, 0xff,
    0xd8, 0xcc, 0xc8, 0xff, 0xd0, 0xcc, 0xc8, 0xff, 0xd8, 0xd0, 0xd0, 0xff,
    0xd8, 0xd0, 0xc8, 0xff, 0xd0, 0xcc, 0xd0, 0xff, 0xd8, 0xd0, 0xc8, 0xff,
    0xd8, 0xcc, 0xd0, 0xff, 0xd0, 0xcc, 0xc8, 0xff, 0xd8, 0xd0, 0xd0, 0xff,
    0xd8, 0xcc, 0xd0, 0xff, 0xd0, 0xcc, 0xc8, 0xff, 0xd8, 0xd0, 0xc8, 0xff,
    0xd0, 0xcc, 0xd0, 0xff, 0xd8, 0xd0, 0xc8, 0xff, 0xd0, 0xd0, 0xc8, 0xff,
    0xd8, 0xcc, 0xd0, 0xff, 0xd8, 0xd0, 0xc8, 0xff, 0xd0, 0xcc, 0xc8, 0xff,
    0xd8, 0xd0, 0xd0, 0xff, 0xd8, 0xd0, 0xc8, 0xff, 0xd0, 0xcc, 0xc8, 0xff,
    0xd8, 0xcc, 0xd0, 0xff, 0xd8, 0xd0, 0xc8, 0xff, 0xd0, 0xcc, 0xc8, 0xff,
    0xd8, 0xd0, 0xc8, 0xff, 0xd0, 0xcc, 0xc8, 0xff, 0xd0, 0xd0, 0xc8, 0xff,
    0xd8, 0xcc, 0xd0, 0xff, 0xd0, 0xcc, 0xc8, 0xff, 0xd8, 0xd0, 0xc8, 0xff,
    0xd8, 0xd0, 0xd0, 0xff, 0xd0, 0xcc, 0xc8, 0xff, 0xd8, 0xd0, 0xc8, 0xff,
    0xd8, 0xd0, 0xd0, 0xff, 0xd0, 0xcc, 0xc8, 0xff, 0xd8, 0xcc, 0xd0, 0xff,
    0xd8, 0xd0, 0xc8, 0xff, 0xd0, 0xcc, 0xc8, 0xff, 0xd8, 0xcc, 0xd0, 0xff,
    0xd8, 0xd0, 0xc8, 0xff, 0xd0, 0xcc, 0xd0, 0xff, 0xd8, 0xd0, 0xc8, 0xff,
    0xd0, 0xd0, 0xd0, 0xff, 0xd8, 0xcc, 0xc8, 0xff, 0xd8, 0xcc, 0xc8, 0xff,
    0xd0, 0xd0, 0xd0, 0xff, 0xd8, 0xcc, 0xc8, 0xff, 0xd8, 0xd0, 0xc8, 0xff,
    0xd0, 0xd0, 0xd0, 0xff, 0xd8, 0xcc, 0xc8, 0xff, 0xd8, 0xcc, 0xc8, 0xff,
    0xd0, 0xd0, 0xd0, 0xff, 0xd8, 0xcc, 0xc8, 0xff, 0xd8, 0xcc, 0xc8, 0xff,
    0xd0, 0xd0, 0xd0, 0xff, 0xd8, 0xcc, 0xc8, 0xff, 0xd8, 0xd0, 0xd0, 0xff,
    0xd0, 0xcc, 0xc8, 0xff, 0xd8, 0xcc, 0xc8, 0xff, 0xd0, 0xd0, 0xd0, 0xff,
    0xd8, 0xcc, 0xc8, 0xff, 0xd8, 0xcc, 0xc8, 0xff, 0xd0, 0xd0, 0xd0, 0xff,
    0xd8, 0xcc, 0xc8, 0xff, 0xd0, 0xd0, 0xd0, 0xff, 0xd8, 0xd0, 0xc8, 0xff,
    0xd0, 0xcc, 0xd0, 0xff, 0xd8, 0xd0, 0xc8, 0xff, 0xd8, 0xcc, 0xc8, 0xff,
    0xd0, 0xd0, 0xd0, 0xff, 0xd8, 0xd0, 0xc8, 0xff, 0xd8, 0xcc, 0xd0, 0xff,
    0xd0, 0xd0, 0xc8, 0xff, 0xd8, 0xcc, 0xc8, 0xff, 0xd0, 0xcc, 0xd0, 0xff,
    0xd8, 0xd0, 0xc8, 0xff, 0xd8, 0xcc, 0xc8, 0xff, 0xd0, 0xcc, 0xd0, 0xff,
    0xd8, 0xd0, 0xc8, 0xff, 0xd0, 0xcc, 0xd0, 0xff, 0xd0, 0xcc, 0xc8, 0xff,
    0xd8, 0xd0, 0xd0, 0xff, 0xd8, 0xcc, 0xc8, 0xff, 0xd0, 0xd0, 0xd0, 0xff,
    0xd8, 0xd0, 0xc8, 0xff, 0xd8, 0xcc, 0xc8, 0xff, 0xd8, 0xd0, 0xd0, 0xff,
    0xd0, 0xcc, 0xc8, 0xff, 0xd8, 0xcc, 0xd0, 0xff, 0xd8, 0xd0, 0xd0, 0xff,
    0xd0, 0xcc, 0xc8, 0xff, 0xd8, 0xd0, 0xd0, 0xff, 0xd8, 0xcc, 0xc8, 0xff,
    0xd0, 0xcc, 0xc8, 0xff, 0xd8, 0xd0, 0xc8, 0xff, 0xd8, 0xd0, 0xd0, 0xff,
    0xd0, 0xcc, 0xc8, 0xff, 0xd8, 0xd0, 0xc8, 0xff, 0xd0, 0xcc, 0xd0, 0xff,
    0xd8, 0xd0, 0xc8, 0xff, 0xd8, 0xcc, 0xc8, 0xff, 0xd0, 0xd0, 0xd0, 0xff,
    0xd8, 0xd0, 0xc8, 0xff, 0xd8, 0xcc, 0xc8, 0xff, 0xd0, 0xd0, 0xd0, 0xff,
    0xd8, 0xd0, 0xc8, 0xff, 0xd8, 0xcc, 0xd0, 0xff, 0xd8, 0xd0, 0xc8, 0xff,
    0xd8, 0xcc, 0xc8, 0xff, 0xd8, 0xcc, 0xc8, 0xff, 0xd0, 0xd0, 0xc8, 0xff,
    0xd8, 0xcc, 0xd0, 0xff, 0xd0, 0xd0, 0xc8, 0xff, 0xd0, 0xd0, 0xc8, 0xff,
    0xd8, 0xcc, 0xd0, 0xff, 0xd8, 0xd0, 0xc8, 0xff, 0xd0, 0xcc, 0xd0, 0xff,
    0xd8, 0xcc, 0xd0, 0xff, 0xd8, 0xd0, 0xc8, 0xff, 0xd0, 0xcc, 0xc8, 0xff,
    0xd8, 0xcc, 0xd0, 0xff, 0xd8, 0xd0, 0xc8, 0xff, 0xd0, 0xcc, 0xc8, 0xff,
    0xd8, 0xd0, 0xd0, 0xff, 0xd8, 0xd0, 0xc8, 0xff, 0xd0, 0xcc, 0xd0, 0xff,
    0xd8, 0xd0, 0xc8, 0xff, 0xd8, 0xd0, 0xc8, 0xff, 0xd0, 0xcc, 0xd0, 0xff,
    0xd8, 0xd0, 0xc8, 0xff, 0xd8, 0xd0, 0xd0, 0xff, 0xd0, 0xcc, 0xc8, 0xff,
    0xd8, 0xd0, 0xc8, 0xff, 0xd0, 0xcc, 0xd0, 0xff, 0xd8, 0xd0, 0xc8, 0xff,
    0xd0, 0xcc, 0xc8, 0xff, 0xd8, 0xcc, 0xd0, 0xff, 0xd8, 0xd0, 0xc8, 0xff,
    0xd0, 0xcc, 0xd0, 0xff, 0xd8, 0xd0, 0xc8, 0xff, 0xd8, 0xcc, 0xd0, 0xff,
    0xd0, 0xd0, 0xc8, 0xff, 0xd8, 0xd0, 0xc8, 0xff, 0xd0, 0xcc, 0xd0, 0xff,
    0xd8, 0xd0, 0xc8, 0xff, 0xd8, 0xcc, 0xc8, 0xff, 0xd0, 0xd0, 0xd0, 0xff,
    0xd8, 0xcc, 0xc8, 0xff, 0xd8, 0xd0, 0xd0, 0xff, 0xd0, 0xcc, 0xc8, 0xff,
    0xd8, 0xd0, 0xd0, 0xff, 0xd0, 0xcc, 0xc8, 0xff, 0xd8, 0xcc, 0xc8, 0xff,
    0xd8, 0xd0, 0xd0, 0xff, 0xd0, 0xd0, 0xc8, 0xff, 0xd8, 0xcc, 0xd0, 0xff,
    0xd8, 0xd0, 0xc8, 0xff, 0xd0, 0xcc, 0xd0, 0xff, 0xd8, 0xcc, 0xc8, 0xff,
    0xd0, 0xd0, 0xd0, 0xff, 0xd8, 0xd0, 0xc8, 0xff, 0xd8, 0xcc, 0xd0, 0xff,
    0xd0, 0xd0, 0xc8, 0xff, 0xd8, 0xcc, 0xc8, 0xff, 0xd8, 0xcc, 0xd0, 0xff,
    0xd0, 0xd0, 0xc8, 0xff, 0xd8, 0xcc, 0xd0, 0xff, 0xd8, 0xd0, 0xc8, 0xff,
    0xd0, 0xcc, 0xd0, 0xff, 0xd8, 0xcc, 0xc8, 0xff, 0xd0, 0xd0, 0xc8, 0xff,
    0xd8, 0xd0, 0xd0, 0xff, 0xd8, 0xcc, 0xc8, 0xff, 0xd0, 0xd0, 0xc8, 0xff,
    0xd8, 0xcc, 0xd0, 0xff, 0xd8, 0xcc, 0xc8, 0xff, 0xd0, 0xd0, 0xd0, 0xff,
    0xd8, 0xcc, 0xc8, 0xff, 0xd8, 0xcc, 0xc8, 0xff, 0xd0, 0xd0, 0xd0, 0xff,
    0xd8, 0xcc, 0xc8, 0xff, 0xd0, 0xcc, 0xd0, 0xff, 0xd8, 0xd0, 0xd0, 0xff,
    0xd8, 0xd0, 0xc8, 0xff, 0xd0, 0xcc, 0xc8, 0xff, 0xd8, 0xd0, 0xd0, 0xff,
    0xd8, 0xcc, 0xc8, 0xff, 0xd0, 0xd0, 0xc8, 0xff, 0xd8, 0xcc, 0xd0, 0xff,
    0xd8, 0xcc, 0xc8, 0xff, 0xd8, 0xd0, 0xc8, 0xff, 0xd0, 0xd0, 0xd0, 0xff,
    0xd8, 0xcc, 0xc8, 0xff, 0xd8, 0xcc, 0xd0, 0xff, 0xd0, 0xd0, 0xc8, 0xff,
    0xd8, 0xcc, 0xc8, 0xff, 0xd0, 0xd0, 0xc8, 0xff, 0xd8, 0xcc, 0xc8, 0xff,
    0xd8, 0xd0, 0xd0, 0xff, 0xd8, 0xd0, 0xc8, 0xff, 0xd0, 0xcc, 0xc8, 0xff,
    0xd8, 0xcc, 0xd0, 0xff, 0xd0, 0xd0, 0xc8, 0xff, 0xd8, 0xcc, 0xd0, 0xff,
    0xd0, 0xcc, 0xc8, 0xff, 0xd8, 0xd0, 0xd0, 0xff, 0xd8, 0xcc, 0xc8, 0xff,
    0xd0, 0xd0, 0xc8, 0xff, 0xd8, 0xd0, 0xd0, 0xff, 0xd0, 0xcc, 0xc8, 0xff,
    0xd0, 0xcc, 0xc8, 0xff, 0xd0, 0xd0, 0xd0, 0xff, 0xd8, 0xcc, 0xc8, 0xff,
    0xd8, 0xd0, 0xc8, 0xff, 0xd8, 0xcc, 0xd0, 0xff, 0xd0, 0xd0, 0xc8, 0xff,
    0xd8, 0xd0, 0xc8, 0xff, 0xd8, 0xcc, 0xd0, 0xff, 0xd8, 0xd0, 0xc8, 0xff,
    0xd0, 0xd0, 0xc8, 0xff, 0xd8, 0xcc, 0xc8, 0xff, 0xd8, 0xcc, 0xc8, 0xff,
    0xd0, 0xd0, 0xd0, 0xff, 0xd8, 0xcc, 0xc8, 0xff, 0xd8, 0xcc, 0xc8, 0xff,
    0xd0, 0xd0, 0xd0, 0xff, 0xd8, 0xcc, 0xc8, 0xff, 0xd8, 0xd0, 0xc8, 0xff,
    0xd0, 0xd0, 0xd0, 0xff, 0xd8, 0xcc, 0xc8, 0xff, 0xd0, 0xd0, 0xc8, 0xff,
    0xd8, 0xd0, 0xd0, 0xff, 0xd8, 0xcc, 0xd0, 0xff, 0xd0, 0xd0, 0xc8, 0xff,
    0xd8, 0xcc, 0xc8, 0xff, 0xd8, 0xcc, 0xd0, 0xff, 0xd0, 0xd0, 0xc8, 0xff,
    0xd8, 0xcc, 0xd0, 0xff, 0xd8, 0xd0, 0xc8, 0xff, 0xd0, 0xd0, 0xd0, 0xff,
    0xd8, 0xcc, 0xc8, 0xff, 0xd0, 0xd0, 0xc8, 0xff, 0xd8, 0xcc, 0xd0, 0xff,
    0xd0, 0xcc, 0xc8, 0xff, 0xd8, 0xd0, 0xc8, 0xff, 0xd0, 0xcc, 0xd0, 0xff,
    0xd8, 0xd0, 0xc8, 0xff, 0xd8, 0xd0, 0xd0, 0xff, 0xd0, 0xcc, 0xc8, 0xff,
    0xd8, 0xd0, 0xd0, 0xff, 0xd0, 0xd0, 0xc8, 0xff, 0xd8, 0xcc, 0xd0, 0xff,
    0xd8, 0xcc, 0xc8, 0xff, 0xd0, 0xd0, 0xc8, 0xff, 0xd8, 0xcc, 0xd0, 0xff,
    0xd8, 0xcc, 0xd0, 0xff, 0xd0, 0xd0, 0xc8, 0xff, 0xd8, 0xcc, 0xc8, 0xff,
    0xd8, 0xcc, 0xc8, 0xff, 0xd0, 0xd0, 0xc8, 0xff, 0xd8, 0xcc, 0xd0, 0xff,
    0xd8, 0xd0, 0xc8, 0xff, 0xd0, 0xd0, 0xc8, 0xff, 0xd8, 0xcc, 0xd0, 0xff,
    0xd0, 0xd0, 0xc8, 0xff, 0xd8, 0xd0, 0xc8, 0xff, 0xd8, 0xcc, 0xd0, 0xff,
    0xd0, 0xd0, 0xc8, 0xff, 0xd8, 0xcc, 0xd0, 0xff, 0xd8, 0xcc, 0xc8, 0xff,
    0xd0, 0xd0, 0xc8, 0xff, 0xd8, 0xcc, 0xd0, 0xff, 0xd8, 0xcc, 0xc8, 0xff,
    0xd0, 0xd0, 0xc8, 0xff, 0xd8, 0xcc, 0xd0, 0xff, 0xd8, 0xd0, 0xc8, 0xff,
    0xd0, 0xd0, 0xc8, 0xff, 0xd0, 0xcc, 0xd0, 0xff, 0xd8, 0xd0, 0xc8, 0xff,
    0xd8, 0xcc, 0xc8, 0xff, 0xd0, 0xcc, 0xd0, 0xff, 0xd8, 0xd0, 0xc8, 0xff,
    0xd8, 0xd0, 0xc8, 0xff, 0xd0, 0xcc, 0xc8, 0xff, 0xd8, 0xd0, 0xd0, 0xff,
    0xd0, 0xcc, 0xc8, 0xff, 0xd8, 0xd0, 0xc8, 0xff, 0xd0, 0xcc, 0xd0, 0xff,
    0xd8, 0xd0, 0xc8, 0xff, 0xd0, 0xcc, 0xd0, 0xff, 0xd8, 0xcc, 0xd0, 0xff,
    0xd8, 0xd0, 0xc8, 0xff, 0xd0, 0xd0, 0xc8, 0xff, 0xd8, 0xcc, 0xd0, 0xff,
    0xd8, 0xd0, 0xc8, 0xff, 0xd0, 0xcc, 0xc8, 0xff, 0xd8, 0xcc, 0xd0, 0xff,
    0xd0, 0xd0, 0xc8, 0xff, 0xd8, 0xcc, 0xd0, 0xff, 0xd8, 0xcc, 0xd0, 0xff,
    0xd0, 0xd0, 0xc8, 0xff, 0xd8, 0xcc, 0xc8, 0xff, 0xd8, 0xd0, 0xd0, 0xff,
    0xd0, 0xcc, 0xc8, 0xff, 0xd8, 0xd0, 0xc8, 0xff, 0xd8, 0xcc, 0xd0, 0xff,
    0xd0, 0xd0, 0xc8, 0xff, 0xd8, 0xd0, 0xc8, 0xff, 0xd0, 0xcc, 0xd0, 0xff,
    0xd8, 0xd0, 0xc8, 0xff, 0xd8, 0xcc, 0xc8, 0xff, 0xd0, 0xd0, 0xd0, 0xff,
    0xd8, 0xd0, 0xc8, 0xff, 0xd8, 0xcc, 0xd0, 0xff, 0xd0, 0xcc, 0xc8, 0xff,
    0xd8, 0xd0, 0xc8, 0xff, 0xd8, 0xcc, 0xd0, 0xff, 0xd0, 0xcc, 0xc8, 0xff,
    0xd8, 0xd0, 0xc8, 0xff, 0xd8, 0xd0, 0xd0, 0xff, 0xd0, 0xcc, 0xc8, 0xff,
    0xd8, 0xcc, 0xc8, 0xff, 0xd0, 0xd0, 0xc8, 0xff, 0xd8, 0xcc, 0xd0, 0xff,
    0xd8, 0xcc, 0xc8, 0xff, 0xd0, 0xd0, 0xc8, 0xff, 0xd8, 0xcc, 0xd0, 0xff,
    0xd0, 0xd0, 0xc8, 0xff, 0xd8, 0xcc, 0xc8, 0xff, 0xd0, 0xd0, 0xd0, 0xff,
    0xd8, 0xd0, 0xc8, 0xff, 0xd8, 0xcc, 0xd0, 0xff, 0xd0, 0xd0, 0xc8, 0xff,
    0xd0, 0xcc, 0xc8, 0xff, 0xd8, 0xd0, 0xd0, 0xff, 0xd8, 0xd0, 0xc8, 0xff,
    0xd0, 0xcc, 0xc8, 0xff, 0xd8, 0xd0, 0xd0, 0xff, 0xd8, 0xcc, 0xc8, 0xff,
    0xd0, 0xcc, 0xc8, 0xff, 0xd8, 0xd0, 0xd0, 0xff, 0xd8, 0xd0, 0xc8, 0xff,
    0xd0, 0xcc, 0xc8, 0xff, 0xd0, 0xd0, 0xc8, 0xff, 0xd8, 0xcc, 0xc8, 0xff,
    0xd8, 0xd0, 0xd0, 0xff, 0xd0, 0xcc, 0xc8, 0xff, 0xd8, 0xd0, 0xc8, 0xff,
    0xd8, 0xcc, 0xd0, 0xff, 0xd0, 0xcc, 0xc8, 0xff, 0xd8, 0xd0, 0xd0, 0xff,
    0xd0, 0xd0, 0xc8, 0xff, 0xd8, 0xcc, 0xd0, 0xff, 0xd0, 0xcc, 0xc8, 0xff,
    0xd8, 0xd0, 0xc8, 0xff, 0xd0, 0xd0, 0xd0, 0xff, 0xd8, 0xcc, 0xc8, 0xff,
    0xd0, 0xd0, 0xd0, 0xff, 0xd8, 0xcc, 0xc8, 0xff, 0xd8, 0xd0, 0xd0, 0xff,
    0xd0, 0xcc, 0xd0, 0xff, 0xd8, 0xd0, 0xc8, 0xff, 0xd8, 0xcc, 0xc8, 0xff,
    0xd8, 0xd0, 0xd0, 0xff, 0xd0, 0xcc, 0xc8, 0xff, 0xd8, 0xcc, 0xd0, 0xff,
    0xd0, 0xd0, 0xc8, 0xff, 0xd0, 0xcc, 0xc8, 0xff, 0xd8, 0xcc, 0xd0, 0xff,
    0xd8, 0xd0, 0xc8, 0xff, 0xd0, 0xd0, 0xc8, 0xff, 0xd8, 0xcc, 0xd0, 0xff,
    0xd8, 0xd0, 0xc8, 0xff, 0xd0, 0xd0, 0xc8, 0xff, 0xd8, 0xcc, 0xd0, 0xff,
    0xd0, 0xd0, 0xc8, 0xff, 0xd8, 0xcc, 0xc8, 0xff, 0xd8, 0xcc, 0xd0, 0xff,
    0xd0, 0xd0, 0xc8, 0xff, 0xd8, 0xcc, 0xc8, 0xff, 0xd0, 0xd0, 0xd0, 0xff,
    0xd8, 0xcc, 0xc8, 0xff, 0xd8, 0xcc, 0xc8, 0xff, 0xd0, 0xd0, 0xd0, 0xff,
    0xd8, 0xcc, 0xc8, 0xff, 0xd0, 0xd0, 0xc8, 0xff, 0xd8, 0xd0, 0xd0, 0xff,
    0xd8, 0xcc, 0xc8, 0xff, 0xd0, 0xd0, 0xd0, 0xff, 0xd8, 0xd0, 0xc8, 0xff,
    0xd8, 0xcc, 0xc8, 0xff, 0xd0, 0xd0, 0xd0, 0xff, 0xd8, 0xcc, 0xc8, 0xff,
    0xd8, 0xd0, 0xc8, 0xff, 0xd8, 0xd0, 0xd0, 0xff, 0xd0, 0xcc, 0xd0, 0xff,
    0xd8, 0xd0, 0xc8, 0xff, 0xd8, 0xcc, 0xd0, 0xff, 0xd0, 0xcc, 0xc8, 0xff,
    0xd8, 0xd0, 0xc8, 0xff, 0xd8, 0xcc, 0xd0, 0xff, 0xd0, 0xcc, 0xc8, 0xff,
    0xd8, 0xd0, 0xd0, 0xff, 0xd0, 0xcc, 0xc8, 0xff, 0xd8, 0xd0, 0xc8, 0xff,
    0xd8, 0xcc, 0xd0, 0xff, 0xd0, 0xcc, 0xc8, 0xff, 0xd8, 0xd0, 0xc8, 0xff,
    0xd8, 0xd0, 0xd0, 0xff, 0xd0, 0xcc, 0xd0, 0xff, 0xd8, 0xd0, 0xc8, 0xff,
    0xd8, 0xd0, 0xc8, 0xff, 0xd0, 0xcc, 0xd0, 0xff, 0xd8, 0xd0, 0xc8, 0xff,
    0xd8, 0xd0, 0xc8, 0xff, 0xd8, 0xcc, 0xd0, 0xff, 0xd0, 0xd0, 0xc8, 0xff,
    0xd8, 0xcc, 0xc8, 0xff, 0xd0, 0xcc, 0xd0, 0xff, 0xd8, 0xd0, 0xc8, 0xff,
    0xd0, 0xcc, 0xc8, 0xff, 0xd8, 0xcc, 0xd0, 0xff, 0xd8, 0xd0, 0xc8, 0xff,
    0xd0, 0xd0, 0xc8, 0xff, 0xd8, 0xcc, 0xc8, 0xff, 0xd0, 0xcc, 0xd0, 0xff,
    0xd8, 0xd0, 0xc8, 0xff, 0xd0, 0xcc, 0xd0, 0xff, 0xd8, 0xd0, 0xd0, 0xff,
    0xd8, 0xcc, 0xc8, 0xff, 0xd0, 0xcc, 0xc8, 0xff, 0xd8, 0xd0, 0xd0, 0xff,
    0xd8, 0xcc, 0xc8, 0xff, 0xd8, 0xd0, 0xc8, 0xff, 0xd0, 0xd0, 0xd0, 0xff,
    0xd8, 0xcc, 0xc8, 0xff, 0xd8, 0xcc, 0xc8, 0xff, 0xd0, 0xd0, 0xd0, 0xff,
    0xd8, 0xcc, 0xd0, 0xff, 0xd0, 0xcc, 0xc8, 0xff, 0xd8, 0xd0, 0xc8, 0xff,
    0xd0, 0xcc, 0xd0, 0xff, 0xd8, 0xd0, 0xc8, 0xff, 0xd0, 0xd0, 0xd0, 0xff,
    0xd8, 0xcc, 0xd0, 0xff, 0xd8, 0xd0, 0xc8, 0xff, 0xd8, 0xcc, 0xd0, 0xff,
    0xd8, 0xcc, 0xc8, 0xff, 0xd8, 0xd0, 0xd0, 0xff, 0xd0, 0xcc, 0xc8, 0xff,
    0xd8, 0xd0, 0xc8, 0xff, 0xd0, 0xcc, 0xd0, 0xff, 0xd8, 0xd0, 0xc8, 0xff,
    0xd8, 0xd0, 0xc8, 0xff, 0xd0, 0xcc, 0xd0, 0xff, 0xd8, 0xd0, 0xc8, 0xff,
    0xd8, 0xd0, 0xc8, 0xff, 0xd0, 0xcc, 0xd0, 0xff, 0xd0, 0xcc, 0xc8, 0xff,
    0xd8, 0xd0, 0xc8, 0xff, 0xd8, 0xcc, 0xd0, 0xff, 0xd0, 0xcc, 0xc8, 0xff,
    0xd8, 0xd0, 0xd0, 0xff, 0xd8, 0xcc, 0xc8, 0xff, 0xd0, 0xcc, 0xc8, 0xff,
    0xd0, 0xd0, 0xd0, 0xff, 0xd8, 0xcc, 0xc8, 0xff, 0xd8, 0xd0, 0xd0, 0xff,
    0xd0, 0xd0, 0xc8, 0xff, 0xd8, 0xcc, 0xc8, 0xff, 0xd8, 0xd0, 0xd0, 0xff,
    0xd0, 0xd0, 0xc8, 0xff, 0xd8, 0xcc, 0xc8, 0xff, 0xd0, 0xd0, 0xd0, 0xff,
    0xd8, 0xd0, 0xc8, 0xff, 0xd0, 0xcc, 0xc8, 0xff, 0xd8, 0xcc, 0xd0, 0xff,
    0xd8, 0xd0, 0xc8, 0xff, 0xd0, 0xcc, 0xc8, 0xff, 0xd8, 0xd0, 0xd0, 0xff,
    0xd8, 0xd0, 0xc8, 0xff, 0xd0, 0xcc, 0xc8, 0xff, 0xd8, 0xcc, 0xd0, 0xff,
    0xd0, 0xd0, 0xc8, 0xff, 0xd8, 0xcc, 0xc8, 0xff, 0xd8, 0xd0, 0xd0, 0xff,
    0xd0, 0xcc, 0xc8, 0xff, 0xd8, 0xd0, 0xc8, 0xff, 0xd8, 0xcc, 0xd0, 0xff,
    0xd0, 0xcc, 0xc8, 0xff, 0xd8, 0xd0, 0xc8, 0xff, 0xd8, 0xcc, 0xd0, 0xff,
    0xd0, 0xd0, 0xc8, 0xff, 0xd8, 0xd0, 0xc8, 0xff, 0xd8, 0xcc, 0xd0, 0xff,
    0xd0, 0xcc, 0xc8, 0xff, 0xd8, 0xd0, 0xc8, 0xff, 0xd0, 0xcc, 0xd0, 0xff,
    0xd8, 0xd0, 0xc8, 0xff, 0xd8, 0xd0, 0xd0, 0xff, 0xd0, 0xcc, 0xc8, 0xff,
    0xd8, 0xcc, 0xc8, 0xff, 0xd0, 0xd0, 0xd0, 0xff, 0xd8, 0xcc, 0xc8, 0xff,
    0xd8, 0xd0, 0xc8, 0xff, 0xd0, 0xcc, 0xd0, 0xff, 0xd8, 0xcc, 0xc8, 0xff,
    0xd0, 0xd0, 0xc8, 0xff, 0xd8, 0xcc, 0xd0, 0xff, 0xd0, 0xd0, 0xc8, 0xff,
    0xd8, 0xd0, 0xc8, 0xff, 0xd0, 0xcc, 0xc8, 0xff, 0xd8, 0xd0, 0xd0, 0xff,
    0xd8, 0xcc, 0xc8, 0xff, 0xd0, 0xd0, 0xc8, 0xff, 0xd8, 0xd0, 0xd0, 0xff,
    0xd8, 0xcc, 0xc8, 0xff, 0xd0, 0xd0, 0xc8, 0xff, 0xd8, 0xd0, 0xd0, 0xff,
    0xd0, 0xcc, 0xc8, 0xff, 0xd8, 0xd0, 0xd0, 0xff, 0xd0, 0xd0, 0xc8, 0xff,
    0xd8, 0xcc, 0xc8, 0xff, 0xd8, 0xd0, 0xd0, 0xff, 0xd0, 0xd0, 0xc8, 0xff,
    0xd8, 0xcc, 0xd0, 0xff, 0xd0, 0xd0, 0xc8, 0xff, 0xd8, 0xd0, 0xc8, 0xff,
    0xd8, 0xcc, 0xd0, 0xff, 0xd0, 0xd0, 0xc8, 0xff, 0xd8, 0xcc, 0xd0, 0xff,
    0xd8, 0xd0, 0xd0, 0xff, 0xd0, 0xcc, 0xc8, 0xff, 0xd8, 0xcc, 0xc8, 0xff,
    0xd8, 0xd0, 0xd0, 0xff, 0xd0, 0xd0, 0xc8, 0xff, 0xd8, 0xcc, 0xc8, 0xff,
    0xd8, 0xd0, 0xd0, 0xff, 0xd8, 0xd0, 0xc8, 0xff, 0xd0, 0xcc, 0xc8, 0xff,
    0xd8, 0xd0, 0xd0, 0xff, 0xd0, 0xcc, 0xc8, 0xff, 0xd8, 0xcc, 0xd0, 0xff,
    0xd8, 0xd0, 0xc8, 0xff, 0xd8, 0xcc, 0xc8, 0xff, 0xd8, 0xd0, 0xc8, 0xff,
    0xd0, 0xd0, 0xc8, 0xff, 0xd8, 0xcc, 0xd0, 0xff, 0xd0, 0xd0, 0xc8, 0xff,
    0xd0, 0xcc, 0xc8, 0xff, 0xd8, 0xcc, 0xd0, 0xff, 0xd8, 0xd0, 0xc8, 0xff,
    0xd0, 0xcc, 0xc8, 0xff, 0xd8, 0xcc, 0xd0, 0xff, 0xd0, 0xd0, 0xc8, 0xff,
    0xd8, 0xd0, 0xc8, 0xff, 0xd8, 0xcc, 0xd0, 0xff, 0xd0, 0xd0, 0xc8, 0xff,
    0xd8, 0xd0, 0xc8, 0xff, 0xd8, 0xcc, 0xd0, 0xff, 0xd0, 0xd0, 0xc8, 0xff,
    0xd8, 0xcc, 0xd0, 0xff, 0xd8, 0xcc, 0xc8, 0xff, 0xd0, 0xd0, 0xc8, 0xff,
    0xd8, 0xcc, 0xd0, 0xff, 0xd8, 0xcc, 0xc8, 0xff, 0xd0, 0xd0, 0xc8, 0xff,
    0xd8, 0xcc, 0xd0, 0xff, 0xd8, 0xd0, 0xc8, 0xff, 0xd0, 0xd0, 0xc8, 0xff,
    0xd8, 0xcc, 0xd0, 0xff, 0xd0, 0xd0, 0xc8, 0xff, 0xd8, 0xcc, 0xc8, 0xff,
    0xd8, 0xcc, 0xd0, 0xff, 0xd0, 0xd0, 0xc8, 0xff, 0xd8, 0xcc, 0xc8, 0xff,
    0xd8, 0xd0, 0xd0, 0xff, 0xd0, 0xd0, 0xc8, 0xff, 0xd8, 0xcc, 0xd0, 0xff,
    0xd8, 0xd0, 0xc8, 0xff, 0xd0, 0xcc, 0xd0, 0xff, 0xd8, 0xcc, 0xc8, 0xff,
    0xd0, 0xd0, 0xc8, 0xff, 0xd8, 0xcc, 0xd0, 0xff, 0xd8, 0xcc, 0xc8, 0xff,
    0xd0, 0xd0, 0xc8, 0xff, 0xd8, 0xd0, 0xd0, 0xff, 0xd0, 0xcc, 0xc8, 0xff,
    0xd8, 0xd0, 0xd0, 0xff, 0xd0, 0xd0, 0xc8, 0xff, 0xd8, 0xcc, 0xc8, 0xff,
    0xd8, 0xd0, 0xd0, 0xff, 0xd0, 0xd0, 0xc8, 0xff, 0xd0, 0xcc, 0xd0, 0xff,
    0xd8, 0xd0, 0xd0, 0xff, 0xd8, 0xcc, 0xc8, 0xff, 0xd0, 0xcc, 0xc8, 0xff,
    0xd8, 0xd0, 0xc8, 0xff, 0xd8, 0xcc, 0xd0, 0xff, 0xd0, 0xcc, 0xc8, 0xff,
    0xd8, 0xd0, 0xc8, 0xff, 0xd8, 0xcc, 0xd0, 0xff, 0xd0, 0xd0, 0xc8, 0xff,
    0xd8, 0xd0, 0xc8, 0xff, 0xd8, 0xcc, 0xd0, 0xff, 0xd0, 0xd0, 0xc8, 0xff,
    0xd8, 0xd0, 0xd0, 0xff, 0xd8, 0xcc, 0xd0, 0xff, 0xd0, 0xd0, 0xc8, 0xff,
    0xd0, 0xcc, 0xc8, 0xff, 0xd8, 0xcc, 0xd0, 0xff, 0xd8, 0xd0, 0xc8, 0xff,
    0xd0, 0xcc, 0xd0, 0xff, 0xd8, 0xd0, 0xd0, 0xff, 0xd8, 0xd0, 0xc8, 0xff,
    0xd0, 0xcc, 0xd0, 0xff, 0xd8, 0xd0, 0xc8, 0xff, 0xd8, 0xcc, 0xd0, 0xff,
    0xd0, 0xcc, 0xc8, 0xff, 0xd8, 0xd0, 0xd0, 0xff, 0xd8, 0xcc, 0xc8, 0xff,
    0xd0, 0xd0, 0xc8, 0xff, 0xd8, 0xcc, 0xd0, 0xff, 0xd8, 0xd0, 0xc8, 0xff,
    0xd0, 0xd0, 0xc8, 0xff, 0xd8, 0xcc, 0xc8, 0xff, 0xd0, 0xd0, 0xc8, 0xff,
    0xd8, 0xcc, 0xd0, 0xff, 0xd0, 0xcc, 0xc8, 0xff, 0xd8, 0xd0, 0xd0, 0xff,
    0xd8, 0xd0, 0xc8, 0xff, 0xd0, 0xcc, 0xd0, 0xff, 0xd8, 0xcc, 0xc8, 0xff,
    0xd8, 0xd0, 0xc8, 0xff, 0xd0, 0xd0, 0xc8, 0xff, 0xd8, 0xcc, 0xd0, 0xff,
    0xd0, 0xcc, 0xc8, 0xff, 0xd8, 0xd0, 0xc8, 0xff, 0xd0, 0xcc, 0xd0, 0xff,
    0xd8, 0xcc, 0xc8, 0xff, 0xd0, 0xd0, 0xc8, 0xff, 0xd8, 0xcc, 0xc8, 0xff,
    0xd8, 0xcc, 0xc8, 0xff, 0xd0, 0xcc, 0xd0, 0xff, 0xd8, 0xd0, 0xc8, 0xff,
    0xd8, 0xcc, 0xc8, 0xff, 0xd0, 0xd0, 0xd0, 0xff, 0xd8, 0xcc, 0xc8, 0xff,
    0xd8, 0xcc, 0xc8, 0xff, 0xd0, 0xd0, 0xd0, 0xff, 0xd8, 0xd0, 0xc8, 0xff,
    0xd8, 0xcc, 0xd0, 0xff, 0xd0, 0xd0, 0xc8, 0xff, 0xd0, 0xcc, 0xc8, 0xff,
    0xd8, 0xd0, 0xd0, 0xff, 0xd8, 0xd0, 0xc8, 0xff, 0xd0, 0xcc, 0xd0, 0xff,
    0xd8, 0xd0, 0xc8, 0xff, 0xd8, 0xd0, 0xd0, 0xff, 0xd0, 0xcc, 0xc8, 0xff,
    0xd8, 0xd0, 0xd0, 0xff, 0xd8, 0xcc, 0xc8, 0xff, 0xd0, 0xd0, 0xc8, 0xff,
    0xd8, 0xcc, 0xd0, 0xff, 0xd8, 0xcc, 0xc8, 0xff, 0xd0, 0xd0, 0xc8, 0xff,
    0xd8, 0xcc, 0xd0, 0xff, 0xd8, 0xd0, 0xc8, 0xff, 0xd0, 0xcc, 0xc8, 0xff,
    0xd8, 0xcc, 0xd0, 0xff, 0xd8, 0xd0, 0xd0, 0xff, 0xd0, 0xcc, 0xc8, 0xff,
    0xd8, 0xd0, 0xd0, 0xff, 0xd8, 0xd0, 0xd0, 0xff, 0xd0, 0xcc, 0xc8, 0xff,
    0xd0, 0xcc, 0xc8, 0xff, 0xd8, 0xd0, 0xd0, 0xff, 0xd8, 0xcc, 0xc8, 0xff,
    0xd0, 0xd0, 0xd0, 0xff, 0xd8, 0xcc, 0xc8, 0xff, 0xd8, 0xd0, 0xc8, 0xff,
    0xd0, 0xd0, 0xd0, 0xff, 0xd8, 0xcc, 0xc8, 0xff, 0xd8, 0xd0, 0xc8, 0xff,
    0xd0, 0xd0, 0xd0, 0xff, 0xd8, 0xcc, 0xc8, 0xff, 0xd8, 0xcc, 0xc8, 0xff,
    0xd8, 0xd0, 0xd0, 0xff, 0xd0, 0xcc, 0xc8, 0xff, 0xd8, 0xd0, 0xc8, 0xff,
    0xd8, 0xcc, 0xd0, 0xff, 0xd0, 0xcc, 0xc8, 0xff, 0xd8, 0xd0, 0xc8, 0xff,
    0xd8, 0xcc, 0xc8, 0xff, 0xd0, 0xd0, 0xd0, 0xff, 0xd8, 0xcc, 0xc8, 0xff,
    0xd8, 0xd0, 0xc8, 0xff, 0xd0, 0xcc, 0xd0, 0xff, 0xd8, 0xd0, 0xc8, 0xff,
    0xd8, 0xd0, 0xc8, 0xff, 0xd0, 0xcc, 0xd0, 0xff, 0xd8, 0xd0, 0xc8, 0xff,
    0xd8, 0xd0, 0xc8, 0xff, 0xd8, 0xcc, 0xd0, 0xff, 0xd0, 0xcc, 0xc8, 0xff,
    0xd8, 0xd0, 0xc8, 0xff, 0xd0, 0xcc, 0xd0, 0xff, 0xd8, 0xd0, 0xc8, 0xff,
    0xd0, 0xcc, 0xc8, 0xff, 0xd8, 0xd0, 0xd0, 0xff, 0xd8, 0xcc, 0xc8, 0xff,
    0xd0, 0xd0, 0xc8, 0xff, 0xd8, 0xd0, 0xd0, 0xff, 0xd8, 0xcc, 0xc8, 0xff,
    0xd0, 0xd0, 0xc8, 0xff, 0xd8, 0xd0, 0xd0, 0xff, 0xd8, 0xcc, 0xd0, 0xff,
    0xd0, 0xd0, 0xc8, 0xff, 0xd8, 0xd0, 0xc8, 0xff, 0xd8, 0xcc, 0xd0, 0xff,
    0xd0, 0xcc, 0xc8, 0xff, 0xd8, 0xd0, 0xc8, 0xff, 0xd0, 0xcc, 0xd0, 0xff,
    0xd8, 0xcc, 0xc8, 0xff, 0xd0, 0xd0, 0xc8, 0xff, 0xd8, 0xcc, 0xd0, 0xff,
    0xd8, 0xcc, 0xc8, 0xff, 0xd0, 0xd0, 0xd0, 0xff, 0xd0, 0xcc, 0xc8, 0xff,
    0xd8, 0xd0, 0xc8, 0xff, 0xd0, 0xcc, 0xd0, 0xff, 0xd8, 0xd0, 0xc8, 0xff,
    0xd0, 0xd0, 0xc8, 0xff, 0xd8, 0xd0, 0xd0, 0xff, 0xd8, 0xcc, 0xc8, 0xff,
    0xd0, 0xd0, 0xc8, 0xff, 0xd8, 0xd0, 0xd0, 0xff, 0xd8, 0xcc, 0xc8, 0xff,
    0xd8, 0xd0, 0xc8, 0xff, 0xd0, 0xd0, 0xd0, 0xff, 0xd8, 0xcc, 0xc8, 0xff,
    0xd0, 0xd0, 0xc8, 0xff, 0xd8, 0xcc, 0xd0, 0xff, 0xd0, 0xd0, 0xc8, 0xff,
    0xd8, 0xcc, 0xc8, 0xff, 0xd8, 0xcc, 0xd0, 0xff, 0xd0, 0xd0, 0xc8, 0xff,
    0xd8, 0xcc, 0xd0, 0xff, 0xd0, 0xcc, 0xc8, 0xff, 0xd0, 0xd0, 0xc8, 0xff,
    0xd8, 0xcc, 0xd0, 0xff, 0xd8, 0xd0, 0xc8, 0xff, 0xd8, 0xd0, 0xc8, 0xff,
    0xd0, 0xcc, 0xd0, 0xff, 0xd8, 0xd0, 0xc8, 0xff, 0xd8, 0xd0, 0xc8, 0xff,
    0xd0, 0xcc, 0xd0, 0xff, 0xd0, 0xd0, 0xd0, 0xff, 0xd8, 0xcc, 0xc8, 0xff,
    0xd8, 0xd0, 0xc8, 0xff, 0xd0, 0xd0, 0xd0, 0xff, 0xd8, 0xcc, 0xc8, 0xff,
    0xd8, 0xd0, 0xc8, 0xff, 0xd0, 0xd0, 0xc8, 0xff, 0xd8, 0xcc, 0xd0, 0xff,
    0xd8, 0xd0, 0xc8, 0xff, 0xd0, 0xd0, 0xd0, 0xff, 0xd0, 0xcc, 0xc8, 0xff,
    0xd8, 0xcc, 0xd0, 0xff, 0xd0, 0xd0, 0xc8, 0xff, 0xd8, 0xcc, 0xd0, 0xff,
    0xd0, 0xcc, 0xc8, 0xff, 0xd8, 0xd0, 0xc8, 0xff, 0xd8, 0xd0, 0xd0, 0xff,
    0xd0, 0xcc, 0xc8, 0xff, 0xd8, 0xd0, 0xc8, 0xff, 0xd8, 0xcc, 0xd0, 0xff,
    0xd0, 0xcc, 0xc8, 0xff, 0xd8, 0xd0, 0xc8, 0xff, 0xd0, 0xcc, 0xc8, 0xff,
    0xd0, 0xd0, 0xd0, 0xff, 0xd8, 0xd0, 0xc8, 0xff, 0xd0, 0xcc, 0xc8, 0xff,
    0xd0, 0xd0, 0xd0, 0xff, 0xd8, 0xcc, 0xc8, 0xff, 0xd8, 0xcc, 0xd0, 0xff,
    0xd0, 0xd0, 0xc8, 0xff, 0xd8, 0xcc, 0xc8, 0xff, 0xd8, 0xd0, 0xc8, 0xff,
    0xd0, 0xcc, 0xc8, 0xff, 0xd8, 0xcc, 0xd0, 0xff, 0xd0, 0xd0, 0xc8, 0xff,
    0xd8, 0xd0, 0xd0, 0xff, 0xd8, 0xcc, 0xd0, 0xff, 0xd8, 0xd0, 0xc8, 0xff,
    0xd0, 0xd0, 0xc8, 0xff, 0xd8, 0xcc, 0xd0, 0xff, 0xd8, 0xd0, 0xc8, 0xff,
    0xd0, 0xd0, 0xc8, 0xff, 0xd8, 0xcc, 0xd0, 0xff, 0xd8, 0xd0, 0xc8, 0xff,
    0xd0, 0xcc, 0xc8, 0xff, 0xd8, 0xcc, 0xd0, 0xff, 0xd8, 0xd0, 0xc8, 0xff,
    0xd0, 0xcc, 0xc8, 0xff, 0xd8, 0xcc, 0xd0, 0xff, 0xd8, 0xd0, 0xc8, 0xff,
    0xd0, 0xcc, 0xc8, 0xff, 0xd8, 0xcc, 0xd0, 0xff, 0xd8, 0xd0, 0xc8, 0xff,
    0xd0, 0xcc, 0xc8, 0xff, 0xd8, 0xd0, 0xd0, 0xff, 0xd0, 0xd0, 0xc8, 0xff,
    0xd8, 0xcc, 0xd0, 0xff, 0xd8, 0xcc, 0xc8, 0xff, 0xd0, 0xd0, 0xd0, 0xff,
    0xd8, 0xcc, 0xc8, 0xff, 0xd8, 0xd0, 0xc8, 0xff, 0xd0, 0xd0, 0xd0, 0xff,
    0xd8, 0xcc, 0xc8, 0xff, 0xd0, 0xd0, 0xc8, 0xff, 0xd8, 0xcc, 0xd0, 0xff,
    0xd0, 0xd0, 0xc8, 0xff, 0xd8, 0xd0, 0xc8, 0xff, 0xd0, 0xcc, 0xd0, 0xff,
    0xd8, 0xd0, 0xc8, 0xff, 0xd8, 0xcc, 0xc8, 0xff, 0xd0, 0xcc, 0xd0, 0xff,
    0xd0, 0xd0, 0xc8, 0xff, 0xd8, 0xd0, 0xc8, 0xff, 0xd8, 0xcc, 0xd0, 0xff,
    0xd0, 0xd0, 0xc8, 0xff, 0xd8, 0xcc, 0xc8, 0xff, 0xd8, 0xcc, 0xd0, 0xff,
    0xd0, 0xd0, 0xc8, 0xff, 0xd8, 0xd0, 0xc8, 0xff, 0xd8, 0xcc, 0xd0, 0xff,
    0xd0, 0xd0, 0xc8, 0xff, 0xd8, 0xd0, 0xc8, 0xff, 0xd0, 0xcc, 0xd0, 0xff,
    0xd8, 0xd0, 0xc8, 0xff, 0xd8, 0xd0, 0xd0, 0xff, 0xd0, 0xcc, 0xc8, 0xff,
    0xd8, 0xcc, 0xc8, 0xff, 0xd8, 0xd0, 0xd0, 0xff, 0xd8, 0xcc, 0xd0, 0xff,
    0xd0, 0xcc, 0xc8, 0xff, 0xd8, 0xd0, 0xc8, 0xff, 0xd8, 0xcc, 0xd0, 0xff,
    0xd0, 0xd0, 0xc8, 0xff, 0xd8, 0xcc, 0xd0, 0xff, 0xd8, 0xcc, 0xc8, 0xff,
    0xd0, 0xd0, 0xc8, 0xff, 0xd8, 0xcc, 0xc8, 0xff, 0xd8, 0xcc, 0xc8, 0xff,
    0xd0, 0xcc, 0xd0, 0xff, 0xd8, 0xd0, 0xc8, 0xff, 0xd8, 0xcc, 0xc8, 0xff,
    0xd0, 0xcc, 0xd0, 0xff, 0xd8, 0xd0, 0xc8, 0xff, 0xd8, 0xcc, 0xc8, 0xff,
    0xd0, 0xcc, 0xd0, 0xff, 0xd8, 0xd0, 0xc8, 0xff, 0xd8, 0xcc, 0xc8, 0xff,
    0xd0, 0xcc, 0xd0, 0xff, 0xd8, 0xd0, 0xc8, 0xff, 0xd8, 0xd0, 0xc8, 0xff,
    0xd0, 0xcc, 0xd0, 0xff, 0xd8, 0xd0, 0xc8, 0xff, 0xd0, 0xcc, 0xd0, 0xff,
    0xd0, 0xcc, 0xc8, 0xff, 0xd8, 0xd0, 0xc8, 0xff, 0xd8, 0xcc, 0xd0, 0xff,
    0xd0, 0xcc, 0xc8, 0xff, 0xd8, 0xd0, 0xc8, 0xff, 0xd8, 0xcc, 0xd0, 0xff,
    0xd0, 0xd0, 0xc8, 0xff, 0xd8, 0xd0, 0xc8, 0xff, 0xd0, 0xcc, 0xd0, 0xff,
    0xd0, 0xcc, 0xd0, 0xff, 0xd8, 0xd0, 0xc8, 0xff, 0xd8, 0xcc, 0xd0, 0xff,
    0xd8, 0xd0, 0xd0, 0xff, 0xd8, 0xcc, 0xc8, 0xff, 0xd8, 0xd0, 0xd0, 0xff,
    0xd0, 0xd0, 0xc8, 0xff, 0xd8, 0xcc, 0xd0, 0xff, 0xd8, 0xd0, 0xc8, 0xff,
    0xd0, 0xd0, 0xc8, 0xff, 0xd8, 0xcc, 0xd0, 0xff, 0xd8, 0xcc, 0xc8, 0xff,
    0xd0, 0xd0, 0xd0, 0xff, 0xd8, 0xcc, 0xd0, 0xff, 0xd0, 0xcc, 0xc8, 0xff,
    0xd8, 0xd0, 0xc8, 0xff, 0xd0, 0xcc, 0xd0, 0xff, 0xd8, 0xd0, 0xc8, 0xff,
    0xd8, 0xd0, 0xc8, 0xff, 0xd0, 0xcc, 0xd0, 0xff, 0xd8, 0xd0, 0xc8, 0xff,
    0xd8, 0xd0, 0xd0, 0xff, 0xd0, 0xcc, 0xc8, 0xff, 0xd8, 0xd0, 0xd0, 0xff,
    0xd0, 0xcc, 0xc8, 0xff, 0xd8, 0xcc, 0xc8, 0xff, 0xd8, 0xd0, 0xd0, 0xff,
    0xd0, 0xd0, 0xc8, 0xff, 0xd8, 0xcc, 0xc8, 0xff, 0xd0, 0xd0, 0xd0, 0xff,
    0xd8, 0xd0, 0xc8, 0xff, 0xd0, 0xcc, 0xc8, 0xff, 0xd8, 0xcc, 0xd0, 0xff,
    0xd8, 0xcc, 0xc8, 0xff, 0xd0, 0xd0, 0xc8, 0xff, 0xd8, 0xcc, 0xd0, 0xff,
    0xd8, 0xd0, 0xc8, 0xff, 0xd0, 0xd0, 0xc8, 0xff, 0xd8, 0xcc, 0xd0, 0xff,
    0xd8, 0xd0, 0xc8, 0xff, 0xd0, 0xcc, 0xc8, 0xff, 0xd8, 0xcc, 0xd0, 0xff,
    0xd8, 0xd0, 0xc8, 0xff, 0xd0, 0xcc, 0xc8, 0xff, 0xd8, 0xcc, 0xc8, 0xff,
    0xd8, 0xd0, 0xd0, 0xff, 0xd0, 0xcc, 0xc8, 0xff, 0xd8, 0xcc, 0xc8, 0xff,
    0xd8, 0xd0, 0xc8, 0xff, 0xd0, 0xcc, 0xc8, 0xff, 0xd8, 0xd0, 0xd0, 0xff,
    0xd8, 0xd0, 0xc8, 0xff, 0xd0, 0xcc, 0xd0, 0xff, 0xd8, 0xd0, 0xc8, 0xff,
    0xd8, 0xd0, 0xd0, 0xff, 0xd0, 0xcc, 0xc8, 0xff, 0xd8, 0xd0, 0xc8, 0xff,
    0xd8, 0xcc, 0xd0, 0xff, 0xd0, 0xcc, 0xc8, 0xff, 0xd8, 0xd0, 0xc8, 0xff,
    0xd8, 0xcc, 0xd0, 0xff, 0xd0, 0xcc, 0xc8, 0xff, 0xd8, 0xd0, 0xc8, 0xff,
    0xd0, 0xcc, 0xc8, 0xff, 0xd8, 0xd0, 0xc8, 0xff, 0xd8, 0xd0, 0xd0, 0xff,
    0xd0, 0xcc, 0xc8, 0xff, 0xd8, 0xd0, 0xc8, 0xff, 0xd8, 0xcc, 0xc8, 0xff,
    0xd0, 0xcc, 0xc8, 0xff, 0xd8, 0xd0, 0xc8, 0xff, 0xd8, 0xcc, 0xc8, 0xff,
    0xd0, 0xd0, 0xd0, 0xff, 0xd8, 0xd0, 0xc8, 0xff, 0xd8, 0xcc, 0xc8, 0xff,
    0xd0, 0xd0, 0xd0, 0xff, 0xd8, 0xcc, 0xc8, 0xff, 0xd8, 0xd0, 0xc8, 0xff,
    0xd0, 0xcc, 0xd0, 0xff, 0xd8, 0xcc, 0xc8, 0xff, 0xd8, 0xd0, 0xd0, 0xff,
    0xd0, 0xcc, 0xc8, 0xff, 0xd8, 0xd0, 0xc8, 0xff, 0xd8, 0xd0, 0xd0, 0xff,
    0xd0, 0xcc, 0xc8, 0xff, 0xd8, 0xcc, 0xc8, 0xff, 0xd0, 0xd0, 0xc8, 0xff,
    0xd8, 0xcc, 0xd0, 0xff, 0xd8, 0xd0, 0xc8, 0xff, 0xd0, 0xd0, 0xd0, 0xff,
    0xd8, 0xcc, 0xc8, 0xff, 0xd8, 0xd0, 0xc8, 0xff, 0xd0, 0xd0, 0xd0, 0xff,
    0xd8, 0xcc, 0xc8, 0xff, 0xd8, 0xd0, 0xd0, 0xff, 0xd8, 0xd0, 0xc8, 0xff,
    0xd0, 0xcc, 0xd0, 0xff, 0xd8, 0xd0, 0xd0, 0xff, 0xd0, 0xd0, 0xc8, 0xff,
    0xd8, 0xcc, 0xc8, 0xff, 0xd8, 0xd0, 0xd0, 0xff, 0xd0, 0xd0, 0xc8, 0xff,
    0xd8, 0xcc, 0xc8, 0xff, 0xd0, 0xd0, 0xd0, 0xff, 0xd8, 0xcc, 0xc8, 0xff,
    0xd8, 0xcc, 0xc8, 0xff, 0xd0, 0xd0, 0xd0, 0xff, 0xd8, 0xcc, 0xc8, 0xff,
    0xd8, 0xd0, 0xc8, 0xff, 0xd0, 0xd0, 0xd0, 0xff, 0xd8, 0xcc, 0xc8, 0xff,
    0xd8, 0xcc, 0xc8, 0xff, 0xd0, 0xcc, 0xd0, 0xff, 0xd8, 0xd0, 0xc8, 0xff,
    0xd8, 0xcc, 0xd0, 0xff, 0xd0, 0xcc, 0xc8, 0xff, 0xd0, 0xd0, 0xc8, 0xff,
    0xd8, 0xd0, 0xd0, 0xff, 0xd8, 0xcc, 0xc8, 0xff, 0xd0, 0xd0, 0xd0, 0xff,
    0xd8, 0xd0, 0xc8, 0xff, 0xd8, 0xcc, 0xd0, 0xff, 0xd0, 0xcc, 0xc8, 0xff,
    0xd8, 0xd0, 0xc8, 0xff, 0xd8, 0xd0, 0xd0, 0xff, 0xd0, 0xcc, 0xc8, 0xff,
    0xd8, 0xd0, 0xc8, 0xff, 0xd8, 0xcc, 0xc8, 0xff, 0xd0, 0xcc, 0xc8, 0xff,
    0xd8, 0xd0, 0xc8, 0xff, 0xd8, 0xcc, 0xc8, 0xff, 0xd0, 0xd0, 0xd0, 0xff,
    0xd8, 0xd0, 0xc8, 0xff, 0xd8, 0xcc, 0xc8, 0xff, 0xd0, 0xcc, 0xd0, 0xff,
    0xd8, 0xd0, 0xc8, 0xff, 0xd8, 0xcc, 0xd0, 0xff, 0xd0, 0xcc, 0xc8, 0xff,
    0xd8, 0xd0, 0xd0, 0xff, 0xd0, 0xcc, 0xc8, 0xff, 0xd8, 0xcc, 0xd0, 0xff,
    0xd0, 0xd0, 0xc8, 0xff, 0xd8, 0xd0, 0xc8, 0xff, 0xd8, 0xcc, 0xd0, 0xff,
    0xd0, 0xd0, 0xc8, 0xff, 0xd8, 0xd0, 0xc8, 0xff, 0xd8, 0xcc, 0xd0, 0xff,
    0xd0, 0xd0, 0xc8, 0xff, 0xd8, 0xcc, 0xd0, 0xff, 0xd8, 0xd0, 0xc8, 0xff,
    0xd0, 0xd0, 0xd0, 0xff, 0xd0, 0xcc, 0xc8, 0xff, 0xd8, 0xd0, 0xc8, 0xff,
    0xd8, 0xcc, 0xd0, 0xff, 0xd0, 0xcc, 0xc8, 0xff, 0xd8, 0xd0, 0xd0, 0xff,
    0xd0, 0xcc, 0xc8, 0xff, 0xd8, 0xcc, 0xc8, 0xff, 0xd8, 0xd0, 0xd0, 0xff,
    0xd0, 0xd0, 0xc8, 0xff, 0xd8, 0xcc, 0xd0, 0xff, 0xd8, 0xd0, 0xc8, 0xff,
    0xd0, 0xd0, 0xd0, 0xff, 0xd8, 0xcc, 0xc8, 0xff, 0xd8, 0xcc, 0xc8, 0xff,
    0xd0, 0xd0, 0xd0, 0xff, 0xd8, 0xcc, 0xd0, 0xff, 0xd8, 0xcc, 0xc8, 0xff,
    0xd0, 0xd0, 0xc8, 0xff, 0xd8, 0xcc, 0xd0, 0xff, 0xd0, 0xcc, 0xc8, 0xff,
    0xd8, 0xd0, 0xc8, 0xff, 0xd8, 0xcc, 0xd0, 0xff, 0xd0, 0xcc, 0xc8, 0xff,
    0xd0, 0xd0, 0xc8, 0xff, 0xd8, 0xd0, 0xd0, 0xff, 0xd8, 0xcc, 0xc8, 0xff,
    0xd0, 0xd0, 0xd0, 0xff, 0xd8, 0xd0, 0xc8, 0xff, 0xd8, 0xcc, 0xc8, 0xff,
    0xd0, 0xd0, 0xd0, 0xff, 0xd8, 0xd0, 0xc8, 0xff, 0xd8, 0xcc, 0xc8, 0xff,
    0xd0, 0xd0, 0xd0, 0xff, 0xd8, 0xd0, 0xc8, 0xff, 0xd8, 0xcc, 0xc8, 0xff,
    0xd8, 0xcc, 0xd0, 0xff, 0xd8, 0xd0, 0xc8, 0xff, 0xd0, 0xcc, 0xc8, 0xff,
    0xd8, 0xcc, 0xc8, 0xff, 0xd8, 0xd0, 0xd0, 0xff, 0xd0, 0xcc, 0xc8, 0xff,
    0xd8, 0xcc, 0xc8, 0xff, 0xd0, 0xd0, 0xd0, 0xff, 0xd8, 0xcc, 0xc8, 0xff,
    0xd0, 0xcc, 0xc8, 0xff, 0xd8, 0xd0, 0xd0, 0xff, 0xd8, 0xcc, 0xc8, 0xff,
    0xd0, 0xd0, 0xc8, 0xff, 0xd8, 0xd0, 0xd0, 0xff, 0xd8, 0xcc, 0xc8, 0xff,
    0xd0, 0xd0, 0xc8, 0xff, 0xd8, 0xd0, 0xc8, 0xff, 0xd8, 0xcc, 0xd0, 0xff,
    0xd0, 0xd0, 0xc8, 0xff, 0xd8, 0xd0, 0xc8, 0xff, 0xd8, 0xcc, 0xd0, 0xff,
    0xd0, 0xcc, 0xd0, 0xff, 0xd0, 0xd0, 0xc8, 0xff, 0xd8, 0xcc, 0xc8, 0xff,
    0xd8, 0xcc, 0xd0, 0xff, 0xd0, 0xd0, 0xc8, 0xff, 0xd8, 0xcc, 0xc8, 0xff,
    0xd8, 0xd0, 0xd0, 0xff, 0xd8, 0xcc, 0xc8, 0xff, 0xd0, 0xcc, 0xc8, 0xff,
    0xd8, 0xd0, 0xd0, 0xff, 0xd8, 0xcc, 0xc8, 0xff, 0xd0, 0xd0, 0xd0, 0xff,
    0xd8, 0xcc, 0xc8, 0xff, 0xd8, 0xcc, 0xc8, 0xff, 0xd0, 0xd0, 0xc8, 0xff,
    0xd8, 0xcc, 0xd0, 0xff, 0xd8, 0xd0, 0xc8, 0xff, 0xd8, 0xcc, 0xc8, 0xff,
    0xd0, 0xd0, 0xc8, 0xff, 0xd8, 0xd0, 0xd0, 0xff, 0xd8, 0xcc, 0xc8, 0xff,
    0xd0, 0xd0, 0xd0, 0xff, 0xd8, 0xd0, 0xc8, 0xff, 0xd8, 0xcc, 0xc8, 0xff,
    0xd0, 0xd0, 0xd0, 0xff, 0xd8, 0xd0, 0xc8, 0xff, 0xd8, 0xcc, 0xc8, 0xff,
    0xd8, 0xd0, 0xd0, 0xff, 0xd8, 0xcc, 0xc8, 0xff, 0xd8, 0xcc, 0xc8, 0xff,
    0xd0, 0xd0, 0xd0, 0xff, 0xd8, 0xcc, 0xc8, 0xff, 0xd8, 0xd0, 0xc8, 0xff,
    0xd0, 0xd0, 0xd0, 0xff, 0xd8, 0xcc, 0xc8, 0xff, 0xd8, 0xd0, 0xc8, 0xff,
    0xd0, 0xd0, 0xd0, 0xff, 0xd8, 0xcc, 0xd0, 0xff, 0xd8, 0xcc, 0xc8, 0xff,
    0xd0, 0xd0, 0xd0, 0xff, 0xd8, 0xcc, 0xc8, 0xff, 0xd8, 0xcc, 0xc8, 0xff,
    0xd0, 0xd0, 0xc8, 0xff, 0xd8, 0xcc, 0xc8, 0xff, 0xd8, 0xcc, 0xd0, 0xff,
    0xd0, 0xd0, 0xc8, 0xff, 0xd8, 0xcc, 0xc8, 0xff, 0xd0, 0xcc, 0xd0, 0xff,
    0xd8, 0xd0, 0xc8, 0xff, 0xd8, 0xcc, 0xd0, 0xff, 0xd0, 0xd0, 0xc8, 0xff,
    0xd8, 0xd0, 0xc8, 0xff, 0xd8, 0xcc, 0xd0, 0xff, 0xd0, 0xd0, 0xc8, 0xff,
    0xd8, 0xcc, 0xd0, 0xff, 0xd8, 0xd0, 0xc8, 0xff, 0xd0, 0xd0, 0xc8, 0xff,
    0xd8, 0xcc, 0xd0, 0xff, 0xd8, 0xd0, 0xd0, 0xff, 0xd0, 0xcc, 0xc8, 0xff,
    0xd8, 0xcc, 0xc8, 0xff, 0xd8, 0xd0, 0xd0, 0xff, 0xd0, 0xd0, 0xc8, 0xff,
    0xd8, 0xcc, 0xc8, 0xff, 0xd0, 0xd0, 0xd0, 0xff, 0xd8, 0xcc, 0xc8, 0xff,
    0xd0, 0xcc, 0xd0, 0xff, 0xd8, 0xd0, 0xc8, 0xff, 0xd8, 0xcc, 0xc8, 0xff,
    0xd0, 0xd0, 0xd0, 0xff, 0xd8, 0xcc, 0xc8, 0xff, 0xd8, 0xcc, 0xc8, 0xff,
    0xd8, 0xd0, 0xd0, 0xff, 0xd0, 0xcc, 0xc8, 0xff, 0xd8, 0xd0, 0xd0, 0xff,
    0xd0, 0xd0, 0xc8, 0xff, 0xd8, 0xcc, 0xd0, 0xff, 0xd8, 0xd0, 0xc8, 0xff,
    0xd8, 0xcc, 0xc8, 0xff, 0xd0, 0xcc, 0xd0, 0xff, 0xd8, 0xd0, 0xc8, 0xff,
    0xd8, 0xd0, 0xc8, 0xff, 0xd0, 0xcc, 0xd0, 0xff, 0xd8, 0xd0, 0xc8, 0xff,
    0xd0, 0xcc, 0xc8, 0xff, 0xd8, 0xcc, 0xd0, 0xff, 0xd8, 0xd0, 0xc8, 0xff,
    0xd0, 0xcc, 0xd0, 0xff, 0xd8, 0xcc, 0xc8, 0xff, 0xd8, 0xd0, 0xc8, 0xff,
    0xd0, 0xcc, 0xd0, 0xff, 0xd8, 0xd0, 0xc8, 0xff, 0xd8, 0xd0, 0xd0, 0xff,
    0xd0, 0xcc, 0xc8, 0xff, 0xd8, 0xd0, 0xc8, 0xff, 0xd0, 0xd0, 0xd0, 0xff,
    0xd8, 0xcc, 0xc8, 0xff, 0xd8, 0xd0, 0xd0, 0xff, 0xd0, 0xd0, 0xc8, 0xff,
    0xd8, 0xcc, 0xc8, 0xff, 0xd8, 0xd0, 0xd0, 0xff, 0xd0, 0xd0, 0xc8, 0xff,
    0xd8, 0xcc, 0xd0, 0xff, 0xd8, 0xd0, 0xd0, 0xff, 0xd0, 0xd0, 0xc8, 0xff,
    0xd8, 0xcc, 0xc8, 0xff, 0xd8, 0xd0, 0xd0, 0xff, 0xd0, 0xcc, 0xc8, 0xff,
    0xd8, 0xd0, 0xd0, 0xff, 0xd0, 0xd0, 0xc8, 0xff, 0xd8, 0xcc, 0xc8, 0xff,
    0xd0, 0xd0, 0xd0, 0xff, 0xd8, 0xcc, 0xc8, 0xff, 0xd0, 0xd0, 0xd0, 0xff,
    0xd8, 0xcc, 0xc8, 0xff, 0xd0, 0xd0, 0xc8, 0xff, 0xd8, 0xcc, 0xc8, 0xff,
    0xd8, 0xd0, 0xc8, 0xff, 0xd0, 0xd0, 0xd0, 0xff, 0xd8, 0xcc, 0xc8, 0xff,
    0xd8, 0xd0, 0xc8, 0xff, 0xd8, 0xd0, 0xd0, 0xff, 0xd0, 0xcc, 0xd0, 0xff,
    0xd0, 0xd0, 0xc8, 0xff, 0xd8, 0xcc, 0xc8, 0xff, 0xd8, 0xcc, 0xd0, 0xff,
    0xd0, 0xd0, 0xc8, 0xff, 0xd8, 0xd0, 0xc8, 0xff, 0xd8, 0xcc, 0xc8, 0xff,
    0xd0, 0xd0, 0xc8, 0xff, 0xd0, 0xd0, 0xd0, 0xff, 0xd8, 0xcc, 0xc8, 0xff,
    0xd0, 0xcc, 0xc8, 0xff, 0xd8, 0xd0, 0xc8, 0xff, 0xd8, 0xcc, 0xc8, 0xff,
    0xd0, 0xd0, 0xd0, 0xff, 0xd8, 0xcc, 0xc8, 0xff, 0xd8, 0xcc, 0xd0, 0xff,
    0xd0, 0xd0, 0xc8, 0xff, 0xd8, 0xd0, 0xc8, 0xff, 0xd8, 0xcc, 0xd0, 0xff,
    0xd0, 0xd0, 0xc8, 0xff, 0xd8, 0xd0, 0xc8, 0xff, 0xd8, 0xcc, 0xd0, 0xff,
    0xd0, 0xd0, 0xc8, 0xff, 0xd8, 0xcc, 0xc8, 0xff, 0xd0, 0xcc, 0xd0, 0xff,
    0xd8, 0xd0, 0xc8, 0xff, 0xd0, 0xcc, 0xc8, 0xff, 0xd8, 0xcc, 0xd0, 0xff,
    0xd0, 0xd0, 0xc8, 0xff, 0xd8, 0xcc, 0xc8, 0xff, 0xd8, 0xd0, 0xd0, 0xff,
    0xd0, 0xd0, 0xc8, 0xff, 0xd8, 0xcc, 0xc8, 0xff, 0xd8, 0xcc, 0xd0, 0xff,
    0xd0, 0xd0, 0xc8, 0xff, 0xd8, 0xcc, 0xd0, 0xff, 0xd8, 0xcc, 0xd0, 0xff,
    0xd0, 0xd0, 0xc8, 0xff, 0xd8, 0xd0, 0xc8, 0xff, 0xd0, 0xcc, 0xd0, 0xff,
    0xd8, 0xd0, 0xc8, 0xff, 0xd0, 0xcc, 0xc8, 0xff, 0xd8, 0xcc, 0xd0, 0xff,
    0xd8, 0xd0, 0xc8, 0xff, 0xd0, 0xcc, 0xc8, 0xff, 0xd8, 0xd0, 0xd0, 0xff,
    0xd8, 0xd0, 0xc8, 0xff, 0xd0, 0xd0, 0xc8, 0xff, 0xd8, 0xcc, 0xd0, 0xff,
    0xd8, 0xd0, 0xd0, 0xff, 0xd0, 0xcc, 0xc8, 0xff, 0xd8, 0xd0, 0xd0, 0xff,
    0xd8, 0xd0, 0xc8, 0xff, 0xd0, 0xcc, 0xd0, 0xff, 0xd8, 0xd0, 0xd0, 0xff,
    0xd8, 0xcc, 0xc8, 0xff, 0xd0, 0xcc, 0xd0, 0xff, 0xd8, 0xd0, 0xc8, 0xff,
    0xd8, 0xcc, 0xc8, 0xff, 0xd0, 0xcc, 0xc8, 0xff, 0xd8, 0xd0, 0xd0, 0xff,
    0xd0, 0xcc, 0xc8, 0xff, 0xd8, 0xd0, 0xd0, 0xff, 0xd8, 0xd0, 0xc8, 0xff,
    0xd0, 0xcc, 0xd0, 0xff, 0xd0, 0xd0, 0xc8, 0xff, 0xd8, 0xd0, 0xd0, 0xff,
    0xd0, 0xcc, 0xc8, 0xff, 0xd8, 0xd0, 0xd0, 0xff, 0xd8, 0xcc, 0xc8, 0xff,
    0xd0, 0xcc, 0xc8, 0xff, 0xd8, 0xd0, 0xd0, 0xff, 0xd8, 0xcc, 0xc8, 0xff,
    0xd0, 0xd0, 0xd0, 0xff, 0xd8, 0xd0, 0xd0, 0xff, 0xd8, 0xcc, 0xc8, 0xff,
    0xd0, 0xd0, 0xd0, 0xff, 0xd8, 0xcc, 0xc8, 0xff, 0xd0, 0xcc, 0xc8, 0xff,
    0xd8, 0xd0, 0xd0, 0xff, 0xd0, 0xcc, 0xc8, 0xff, 0xd8, 0xd0, 0xc8, 0xff,
    0xd0, 0xcc, 0xd0, 0xff, 0xd8, 0xd0, 0xc8, 0xff, 0xd0, 0xd0, 0xd0, 0xff,
    0xd8, 0xcc, 0xc8, 0xff, 0xd0, 0xd0, 0xc8, 0xff, 0xd8, 0xcc, 0xd0, 0xff,
    0xd8, 0xcc, 0xd0, 0xff, 0xd0, 0xd0, 0xc8, 0xff, 0xd8, 0xcc, 0xd0, 0xff,
    0xd8, 0xd0, 0xc8, 0xff, 0xd0, 0xd0, 0xd0, 0xff, 0xd8, 0xcc, 0xc8, 0xff,
    0xd0, 0xcc, 0xc8, 0xff, 0xd8, 0xd0, 0xd0, 0xff, 0xd0, 0xcc, 0xc8, 0xff,
    0xd8, 0xcc, 0xd0, 0xff, 0xd8, 0xcc, 0xc8, 0xff, 0xd0, 0xd0, 0xc8, 0xff,
    0xd8, 0xcc, 0xd0, 0xff, 0xd0, 0xd0, 0xc8, 0xff, 0xd8, 0xcc, 0xc8, 0xff,
    0xd8, 0xcc, 0xc8, 0xff, 0xd8, 0xd0, 0xd0, 0xff, 0xd8, 0xcc, 0xc8, 0xff,
    0xd0, 0xcc, 0xc8, 0xff, 0xd8, 0xd0, 0xd0, 0xff, 0xd8, 0xcc, 0xc8, 0xff,
    0xd0, 0xcc, 0xd0, 0xff, 0xd8, 0xd0, 0xc8, 0xff, 0xd0, 0xd0, 0xd0, 0xff,
    0xd8, 0xd0, 0xc8, 0xff, 0xd0, 0xcc, 0xc8, 0xff, 0xd8, 0xcc, 0xd0, 0xff,
    0xd8, 0xd0, 0xc8, 0xff, 0xd0, 0xcc, 0xd0, 0xff, 0xd8, 0xd0, 0xc8, 0xff,
    0xd8, 0xd0, 0xc8, 0xff, 0xd0, 0xcc, 0xd0, 0xff, 0xd8, 0xd0, 0xc8, 0xff,
    0xd8, 0xd0, 0xc8, 0xff, 0xd0, 0xcc, 0xd0, 0xff, 0xd8, 0xcc, 0xc8, 0xff,
    0xd8, 0xd0, 0xc8, 0xff, 0xd0, 0xcc, 0xd0, 0xff, 0xd8, 0xcc, 0xc8, 0xff,
    0xd0, 0xd0, 0xc8, 0xff, 0xd8, 0xd0, 0xd0, 0xff, 0xd0, 0xcc, 0xc8, 0xff,
    0xd8, 0xd0, 0xc8, 0xff, 0xd0, 0xcc, 0xd0, 0xff, 0xd8, 0xd0, 0xd0, 0xff,
    0xd8, 0xd0, 0xc8, 0xff, 0xd0, 0xcc, 0xd0, 0xff, 0xd8, 0xd0, 0xd0, 0xff,
    0xd0, 0xcc, 0xc8, 0xff, 0xd8, 0xcc, 0xc8, 0xff, 0xd8, 0xd0, 0xd0, 0xff,
    0xd8, 0xd0, 0xc8, 0xff, 0xd0, 0xcc, 0xc8, 0xff, 0xd8, 0xd0, 0xd0, 0xff,
    0xd8, 0xd0, 0xc8, 0xff, 0xd0, 0xcc, 0xc8, 0xff, 0xd8, 0xd0, 0xd0, 0xff,
    0xd8, 0xd0, 0xc8, 0xff, 0xd0, 0xcc, 0xc8, 0xff, 0xd8, 0xcc, 0xd0, 0xff,
    0xd8, 0xd0, 0xc8, 0xff, 0xd0, 0xcc, 0xc8, 0xff, 0xd0, 0xcc, 0xd0, 0xff,
    0xd8, 0xd0, 0xc8, 0xff, 0xd8, 0xcc, 0xd0, 0xff, 0xd0, 0xcc, 0xc8, 0xff,
    0xd8, 0xd0, 0xc8, 0xff, 0xd8, 0xd0, 0xd0, 0xff, 0xd0, 0xcc, 0xc8, 0xff,
    0xd8, 0xcc, 0xc8, 0xff, 0xd8, 0xd0, 0xd0, 0xff, 0xd0, 0xd0, 0xc8, 0xff,
    0xd8, 0xcc, 0xc8, 0xff, 0xd8, 0xd0, 0xd0, 0xff, 0xd0, 0xd0, 0xc8, 0xff,
    0xd8, 0xcc, 0xd0, 0xff, 0xd8, 0xcc, 0xc8, 0xff, 0xd0, 0xd0, 0xc8, 0xff,
    0xd0, 0xcc, 0xd0, 0xff, 0xd8, 0xcc, 0xc8, 0xff, 0xd8, 0xd0, 0xc8, 0xff,
    0xd0, 0xcc, 0xd0, 0xff, 0xd8, 0xd0, 0xc8, 0xff, 0xd8, 0xd0, 0xc8, 0xff,
    0xd0, 0xcc, 0xd0, 0xff, 0xd8, 0xd0, 0xc8, 0xff, 0xd0, 0xd0, 0xc8, 0xff,
    0xd8, 0xcc, 0xd0, 0xff, 0xd8, 0xd0, 0xc8, 0xff, 0xd0, 0xd0, 0xd0, 0xff,
    0xd8, 0xcc, 0xc8, 0xff, 0xd8, 0xd0, 0xc8, 0xff, 0xd0, 0xcc, 0xd0, 0xff,
    0xd8, 0xcc, 0xc8, 0xff, 0xd8, 0xd0, 0xc8, 0xff, 0xd0, 0xcc, 0xd0, 0xff,
    0xd8, 0xcc, 0xc8, 0xff, 0xd8, 0xd0, 0xd0, 0xff, 0xd0, 0xcc, 0xc8, 0xff,
    0xd8, 0xd0, 0xd0, 0xff, 0xd8, 0xcc, 0xc8, 0xff, 0xd0, 0xcc, 0xc8, 0xff,
    0xd8, 0xd0, 0xd0, 0xff, 0xd8, 0xcc, 0xc8, 0xff, 0xd0, 0xd0, 0xd0, 0xff,
    0xd8, 0xd0, 0xc8, 0xff, 0xd0, 0xcc, 0xd0, 0xff, 0xd8, 0xcc, 0xc8, 0xff,
    0xd8, 0xd0, 0xd0, 0xff, 0xd0, 0xcc, 0xc8, 0xff, 0xd8, 0xd0, 0xd0, 0xff,
    0xd8, 0xd0, 0xc8, 0xff, 0xd0, 0xcc, 0xc8, 0xff, 0xd8, 0xd0, 0xd0, 0xff,
    0xd8, 0xd0, 0xc8, 0xff, 0xd0, 0xcc, 0xd0, 0xff, 0xd8, 0xcc, 0xc8, 0xff,
    0xd8, 0xd0, 0xd0, 0xff, 0xd0, 0xcc, 0xc8, 0xff, 0xd8, 0xcc, 0xd0, 0xff,
    0xd0, 0xd0, 0xc8, 0xff, 0xd8, 0xcc, 0xd0, 0xff, 0xd8, 0xcc, 0xc8, 0xff,
    0xd0, 0xd0, 0xc8, 0xff, 0xd8, 0xd0, 0xd0, 0xff, 0xd8, 0xcc, 0xc8, 0xff,
    0xd8, 0xd0, 0xc8, 0xff, 0xd0, 0xd0, 0xd0, 0xff, 0xd8, 0xcc, 0xc8, 0xff,
    0xd8, 0xd0, 0xd0, 0xff, 0xd0, 0xcc, 0xc8, 0xff, 0xd8, 0xd0, 0xc8, 0xff,
    0xd8, 0xd0, 0xd0, 0xff, 0xd0, 0xcc, 0xc8, 0xff, 0xd8, 0xd0, 0xc8, 0xff,
    0xd8, 0xcc, 0xd0, 0xff, 0xd0, 0xd0, 0xc8, 0xff, 0xd8, 0xcc, 0xc8, 0xff,
    0xd0, 0xd0, 0xd0, 0xff, 0xd8, 0xd0, 0xd0, 0xff, 0xd0, 0xcc, 0xc8, 0xff,
    0xd0, 0xcc, 0xc8, 0xff, 0xd8, 0xd0, 0xd0, 0xff, 0xd8, 0xcc, 0xc8, 0xff,
    0xd0, 0xd0, 0xd0, 0xff, 0xd8, 0xcc, 0xc8, 0xff, 0xd8, 0xcc, 0xc8, 0xff,
    0xd0, 0xd0, 0xd0, 0xff, 0xd8, 0xcc, 0xc8, 0xff, 0xd0, 0xcc, 0xc8, 0xff,
    0xd8, 0xcc, 0xd0, 0xff, 0xd0, 0xd0, 0xc8, 0xff, 0xd0, 0xd0, 0xc8, 0xff,
    0xd8, 0xcc, 0xd0, 0xff, 0xd0, 0xd0, 0xd0, 0xff, 0xd8, 0xd0, 0xc8, 0xff,
    0xd8, 0xcc, 0xc8, 0xff, 0xd0, 0xcc, 0xd0, 0xff, 0xd8, 0xd0, 0xc8, 0xff,
    0xd8, 0xcc, 0xc8, 0xff, 0xd0, 0xcc, 0xd0, 0xff, 0xd8, 0xd0, 0xc8, 0xff,
    0xd8, 0xcc, 0xc8, 0xff, 0xd0, 0xd0, 0xd0, 0xff, 0xd8, 0xd0, 0xc8, 0xff,
    0xd0, 0xd0, 0xc8, 0xff, 0xd8, 0xd0, 0xd0, 0xff, 0xd8, 0xcc, 0xd0, 0xff,
    0xd0, 0xd0, 0xc8, 0xff, 0xd0, 0xd0, 0xc8, 0xff, 0xd8, 0xcc, 0xd0, 0xff,
    0xd8, 0xd0, 0xc8, 0xff, 0xd0, 0xd0, 0xd0, 0xff, 0xd8, 0xcc, 0xc8, 0xff,
    0xd0, 0xcc, 0xc8, 0xff, 0xd8, 0xd0, 0xd0, 0xff, 0xd0, 0xcc, 0xc8, 0xff,
    0xd8, 0xd0, 0xd0, 0xff, 0xd8, 0xd0, 0xc8, 0xff, 0xd0, 0xcc, 0xc8, 0xff,
    0xd8, 0xd0, 0xd0, 0xff, 0xd0, 0xcc, 0xc8, 0xff, 0xd8, 0xcc, 0xc8, 0xff,
    0xd8, 0xd0, 0xd0, 0xff, 0xd0, 0xd0, 0xc8, 0xff, 0xd8, 0xcc, 0xc8, 0xff,
    0xd8, 0xd0, 0xd0, 0xff, 0xd0, 0xcc, 0xc8, 0xff, 0xd8, 0xcc, 0xc8, 0xff,
    0xd8, 0xd0, 0xd0, 0xff, 0xd0, 0xd0, 0xc8, 0xff, 0xd8, 0xcc, 0xc8, 0xff,
    0xd8, 0xd0, 0xd0, 0xff, 0xd0, 0xcc, 0xc8, 0xff, 0xd8, 0xcc, 0xd0, 0xff,
    0xd8, 0xd0, 0xc8, 0xff, 0xd0, 0xd0, 0xd0, 0xff, 0xd8, 0xcc, 0xc8, 0xff,
    0xd0, 0xd0, 0xc8, 0xff, 0xd8, 0xcc, 0xd0, 0xff, 0xd8, 0xcc, 0xc8, 0xff,
    0xd0, 0xd0, 0xc8, 0xff, 0xd0, 0xd0, 0xd0, 0xff, 0xd8, 0xcc, 0xc8, 0xff,
    0xd8, 0xd0, 0xd0, 0xff, 0xd0, 0xcc, 0xc8, 0xff, 0xd8, 0xcc, 0xd0, 0xff,
    0xd8, 0xd0, 0xc8, 0xff, 0xd0, 0xd0, 0xd0, 0xff, 0xd8, 0xcc, 0xc8, 0xff,
    0xd8, 0xd0, 0xd0, 0xff, 0xd0, 0xd0, 0xc8, 0xff, 0xd8, 0xcc, 0xc8, 0xff,
    0xd0, 0xd0, 0xd0, 0xff, 0xd8, 0xd0, 0xc8, 0xff, 0xd8, 0xcc, 0xc8, 0xff,
    0xd0, 0xcc, 0xd0, 0xff, 0xd8, 0xd0, 0xc8, 0xff, 0xd8, 0xcc, 0xc8, 0xff,
    0xd0, 0xcc, 0xd0, 0xff, 0xd8, 0xd0, 0xc8, 0xff, 0xd8, 0xcc, 0xc8, 0xff,
    0xd0, 0xcc, 0xd0, 0xff, 0xd8, 0xd0, 0xc8, 0xff, 0xd0, 0xcc, 0xc8, 0xff,
    0xd8, 0xcc, 0xd0, 0xff, 0xd0, 0xd0, 0xc8, 0xff, 0xd0, 0xcc, 0xc8, 0xff,
    0xd8, 0xcc, 0xd0, 0xff, 0xd8, 0xd0, 0xc8, 0xff, 0xd0, 0xd0, 0xc8, 0xff,
    0xd8, 0xcc, 0xd0, 0xff, 0xd0, 0xd0, 0xc8, 0xff, 0xd8, 0xcc, 0xc8, 0xff,
    0xd8, 0xcc, 0xd0, 0xff, 0xd0, 0xd0, 0xc8, 0xff, 0xd8, 0xcc, 0xd0, 0xff,
    0xd8, 0xd0, 0xc8, 0xff, 0xd0, 0xd0, 0xc8, 0xff, 0xd8, 0xcc, 0xd0, 0xff,
    0xd8, 0xd0, 0xc8, 0xff, 0xd0, 0xcc, 0xd0, 0xff, 0xd8, 0xcc, 0xd0, 0xff,
    0xd8, 0xd0, 0xc8, 0xff, 0xd0, 0xcc, 0xc8, 0xff, 0xd8, 0xcc, 0xd0, 0xff,
    0xd8, 0xd0, 0xc8, 0xff, 0xd0, 0xcc, 0xc8, 0xff, 0xd8, 0xd0, 0xd0, 0xff,
    0xd8, 0xd0, 0xc8, 0xff, 0xd0, 0xcc, 0xc8, 0xff, 0xd8, 0xd0, 0xd0, 0xff,
    0xd8, 0xcc, 0xd0, 0xff, 0xd0, 0xcc, 0xc8, 0xff, 0xd8, 0xd0, 0xd0, 0xff,
    0xd8, 0xcc, 0xc8, 0xff, 0xd8, 0xd0, 0xc8, 0xff, 0xd0, 0xcc, 0xd0, 0xff,
    0xd0, 0xd0, 0xc8, 0xff, 0xd8, 0xcc, 0xd0, 0xff, 0xd0, 0xcc, 0xc8, 0xff,
    0xd8, 0xd0, 0xc8, 0xff, 0xd0, 0xd0, 0xd0, 0xff, 0xd8, 0xcc, 0xc8, 0xff,
    0xd0, 0xcc, 0xd0, 0xff, 0xd8, 0xd0, 0xc8, 0xff, 0xd0, 0xcc, 0xc8, 0xff,
    0xd8, 0xcc, 0xc8, 0xff, 0xd8, 0xd0, 0xd0, 0xff, 0xd0, 0xcc, 0xc8, 0xff,
    0xd8, 0xd0, 0xd0, 0xff, 0xd8, 0xd0, 0xc8, 0xff, 0xd0, 0xcc, 0xd0, 0xff,
    0xd8, 0xd0, 0xc8, 0xff, 0xd8, 0xd0, 0xc8, 0xff, 0xd0, 0xcc, 0xd0, 0xff,
    0xd8, 0xcc, 0xc8, 0xff, 0xd8, 0xd0, 0xc8, 0xff, 0xd0, 0xcc, 0xd0, 0xff,
    0xd8, 0xd0, 0xc8, 0xff, 0xd0, 0xcc, 0xd0, 0xff, 0xd8, 0xd0, 0xc8, 0xff,
    0xd8, 0xd0, 0xc8, 0xff, 0xd0, 0xcc, 0xc8, 0xff, 0xd8, 0xcc, 0xc8, 0xff,
    0xd8, 0xd0, 0xd0, 0xff, 0xd0, 0xcc, 0xc8, 0xff, 0xd8, 0xd0, 0xd0, 0xff,
    0xd8, 0xd0, 0xc8, 0xff, 0xd0, 0xcc, 0xd0, 0xff, 0xd8, 0xd0, 0xc8, 0xff,
    0xd0, 0xcc, 0xd0, 0xff, 0xd8, 0xcc, 0xc8, 0xff, 0xd0, 0xcc, 0xd0, 0xff,
    0xd8, 0xd0, 0xc8, 0xff, 0xd0, 0xcc, 0xc8, 0xff, 0xd8, 0xd0, 0xd0, 0xff,
    0xd0, 0xcc, 0xc8, 0xff, 0xd8, 0xd0, 0xc8, 0xff, 0xd8, 0xcc, 0xc8, 0xff,
    0xd0, 0xcc, 0xc8, 0xff, 0xd8, 0xd0, 0xc8, 0xff, 0xd0, 0xd0, 0xd0, 0xff,
    0xd8, 0xcc, 0xc8, 0xff, 0xd8, 0xd0, 0xc8, 0xff, 0xd0, 0xd0, 0xd0, 0xff,
    0xd8, 0xcc, 0xc8, 0xff, 0xd8, 0xd0, 0xd0, 0xff, 0xd0, 0xcc, 0xc8, 0xff,
    0xd8, 0xcc, 0xc8, 0xff, 0xd0, 0xd0, 0xd0, 0xff, 0xd8, 0xcc, 0xc8, 0xff,
    0xd8, 0xcc, 0xc8, 0xff, 0xd8, 0xd0, 0xd0, 0xff, 0xd0, 0xcc, 0xc8, 0xff,
    0xd8, 0xd0, 0xc8, 0xff, 0xd8, 0xd0, 0xd0, 0xff, 0xd0, 0xcc, 0xd0, 0xff,
    0xd8, 0xd0, 0xc8, 0xff, 0xd8, 0xcc, 0xc8, 0xff, 0xd0, 0xcc, 0xc8, 0xff,
    0xd8, 0xd0, 0xd0, 0xff, 0xd0, 0xcc, 0xc8, 0xff, 0xd8, 0xd0, 0xc8, 0xff,
    0xd8, 0xd0, 0xd0, 0xff, 0xd0, 0xcc, 0xd0, 0xff, 0xd8, 0xd0, 0xc8, 0xff,
    0xd8, 0xcc, 0xd0, 0xff, 0xd8, 0xcc, 0xc8, 0xff, 0xd0, 0xd0, 0xc8, 0xff,
    0xd8, 0xcc, 0xd0, 0xff, 0xd8, 0xcc, 0xc8, 0xff, 0xd0, 0xd0, 0xc8, 0xff,
    0xd8, 0xd0, 0xd0, 0xff, 0xd8, 0xcc, 0xc8, 0xff, 0xd0, 0xd0, 0xc8, 0xff,
    0xd8, 0xd0, 0xc8, 0xff, 0xd0, 0xcc, 0xd0, 0xff, 0xd8, 0xcc, 0xc8, 0xff,
    0xd8, 0xd0, 0xc8, 0xff, 0xd8, 0xd0, 0xd0, 0xff, 0xd0, 0xcc, 0xc8, 0xff,
    0xd8, 0xd0, 0xc8, 0xff, 0xd8, 0xd0, 0xd0, 0xff, 0xd0, 0xcc, 0xc8, 0xff,
    0xd8, 0xd0, 0xc8, 0xff, 0xd0, 0xd0, 0xd0, 0xff, 0xd8, 0xcc, 0xc8, 0xff,
    0xd8, 0xd0, 0xc8, 0xff, 0xd0, 0xcc, 0xd0, 0xff, 0xd0, 0xd0, 0xc8, 0xff,
    0xd8, 0xd0, 0xc8, 0xff, 0xd0, 0xcc, 0xc8, 0xff, 0xd8, 0xcc, 0xd0, 0xff,
    0xd8, 0xcc, 0xc8, 0xff, 0xd0, 0xd0, 0xc8, 0xff, 0xd8, 0xd0, 0xd0, 0xff,
    0xd8, 0xcc, 0xc8, 0xff, 0xd0, 0xcc, 0xc8, 0xff, 0xd8, 0xd0, 0xd0, 0xff,
    0xd8, 0xcc, 0xc8, 0xff, 0xd0, 0xd0, 0xc8, 0xff, 0xd8, 0xd0, 0xd0, 0xff,
    0xd0, 0xcc, 0xc8, 0xff, 0xd8, 0xcc, 0xc8, 0xff, 0xd8, 0xd0, 0xd0, 0xff,
    0xd0, 0xcc, 0xc8, 0xff, 0xd8, 0xd0, 0xc8, 0xff, 0xd0, 0xcc, 0xd0, 0xff,
    0xd8, 0xd0, 0xc8, 0xff, 0xd8, 0xd0, 0xc8, 0xff, 0xd0, 0xcc, 0xd0, 0xff,
    0xd8, 0xd0, 0xc8, 0xff, 0xd8, 0xcc, 0xc8, 0xff, 0xd0, 0xcc, 0xd0, 0xff,
    0xd8, 0xd0, 0xc8, 0xff, 0xd8, 0xcc, 0xc8, 0xff, 0xd8, 0xd0, 0xd0, 0xff,
    0xd0, 0xcc, 0xc8, 0xff, 0xd8, 0xcc, 0xc8, 0xff, 0xd8, 0xd0, 0xc8, 0xff,
    0xd0, 0xcc, 0xc8, 0xff, 0xd8, 0xd0, 0xd0, 0xff, 0xd8, 0xd0, 0xc8, 0xff,
    0xd0, 0xcc, 0xc8, 0xff, 0xd0, 0xd0, 0xd0, 0xff, 0xd8, 0xcc, 0xc8, 0xff,
    0xd0, 0xcc, 0xd0, 0xff, 0xd8, 0xd0, 0xc8, 0xff, 0xd8, 0xcc, 0xc8, 0xff,
    0xd0, 0xcc, 0xd0, 0xff, 0xd8, 0xd0, 0xc8, 0xff, 0xd8, 0xcc, 0xc8, 0xff,
    0xd0, 0xd0, 0xd0, 0xff, 0xd8, 0xd0, 0xc8, 0xff, 0xd8, 0xcc, 0xc8, 0xff,
    0xd8, 0xd0, 0xd0, 0xff, 0xd0, 0xd0, 0xc8, 0xff, 0xd8, 0xcc, 0xc8, 0xff,
    0xd8, 0xd0, 0xd0, 0xff, 0xd0, 0xcc, 0xc8, 0xff, 0xd0, 0xd0, 0xc8, 0xff,
    0xd8, 0xcc, 0xd0, 0xff, 0xd8, 0xcc, 0xc8, 0xff, 0xd0, 0xd0, 0xc8, 0xff,
    0xd8, 0xcc, 0xd0, 0xff, 0xd8, 0xcc, 0xc8, 0xff, 0xd0, 0xd0, 0xd0, 0xff,
    0xd8, 0xcc, 0xc8, 0xff, 0xd8, 0xcc, 0xc8, 0xff, 0xd0, 0xd0, 0xd0, 0xff,
    0xd8, 0xd0, 0xc8, 0xff, 0xd8, 0xcc, 0xd0, 0xff, 0xd0, 0xd0, 0xc8, 0xff,
    0xd8, 0xd0, 0xc8, 0xff, 0xd8, 0xcc, 0xd0, 0xff, 0xd0, 0xcc, 0xc8, 0xff,
    0xd8, 0xd0, 0xc8, 0xff, 0xd0, 0xcc, 0xd0, 0xff, 0xd8, 0xcc, 0xc8, 0xff,
    0xd8, 0xd0, 0xc8, 0xff, 0xd0, 0xcc, 0xd0, 0xff, 0xd8, 0xd0, 0xc8, 0xff,
    0xd8, 0xcc, 0xc8, 0xff, 0xd0, 0xcc, 0xd0, 0xff, 0xd8, 0xd0, 0xc8, 0xff,
    0xd0, 0xcc, 0xc8, 0xff, 0xd8, 0xd0, 0xd0, 0xff, 0xd8, 0xd0, 0xc8, 0xff,
    0xd8, 0xcc, 0xc8, 0xff, 0xd0, 0xd0, 0xd0, 0xff, 0xd8, 0xd0, 0xc8, 0xff,
    0xd8, 0xcc, 0xc8, 0xff, 0xd0, 0xd0, 0xc8, 0xff, 0xd8, 0xcc, 0xd0, 0xff,
    0xd8, 0xcc, 0xc8, 0xff, 0xd0, 0xd0, 0xd0, 0xff, 0xd8, 0xd0, 0xc8, 0xff,
    0xd0, 0xcc, 0xc8, 0xff, 0xd8, 0xcc, 0xd0, 0xff, 0xd0, 0xd0, 0xc8, 0xff,
    0xd8, 0xd0, 0xc8, 0xff, 0xd8, 0xcc, 0xd0, 0xff, 0xd0, 0xd0, 0xc8, 0xff,
    0xd8, 0xd0, 0xc8, 0xff, 0xd0, 0xcc, 0xd0, 0xff, 0xd8, 0xcc, 0xc8, 0xff,
    0xd8, 0xd0, 0xd0, 0xff, 0xd0, 0xcc, 0xc8, 0xff, 0xd8, 0xcc, 0xc8, 0xff,
    0xd8, 0xd0, 0xd0, 0xff, 0xd0, 0xd0, 0xc8, 0xff, 0xd8, 0xcc, 0xc8, 0xff,
    0xd8, 0xd0, 0xd0, 0xff, 0xd0, 0xcc, 0xc8, 0xff, 0xd8, 0xd0, 0xc8, 0xff,
    0xd8, 0xd0, 0xd0, 0xff, 0xd0, 0xcc, 0xc8, 0xff, 0xd8, 0xcc, 0xc8, 0xff,
    0xd8, 0xd0, 0xd0, 0xff, 0xd0, 0xcc, 0xc8, 0xff, 0xd8, 0xcc, 0xc8, 0xff,
    0xd8, 0xd0, 0xd0, 0xff, 0xd0, 0xcc, 0xc8, 0xff, 0xd8, 0xd0, 0xc8, 0xff,
    0xd8, 0xcc, 0xd0, 0xff, 0xd0, 0xd0, 0xc8, 0xff, 0xd8, 0xcc, 0xd0, 0xff,
    0xd0, 0xcc, 0xc8, 0xff, 0xd0, 0xd0, 0xc8, 0xff, 0xd8, 0xd0, 0xd0, 0xff,
    0xd8, 0xcc, 0xc8, 0xff, 0xd0, 0xcc, 0xc8, 0xff, 0xd8, 0xd0, 0xd0, 0xff,
    0xd8, 0xcc, 0xc8, 0xff, 0xd8, 0xd0, 0xc8, 0xff, 0xd8, 0xcc, 0xd0, 0xff,
    0xd0, 0xd0, 0xc8, 0xff, 0xd8, 0xd0, 0xc8, 0xff, 0xd8, 0xcc, 0xd0, 0xff,
    0xd0, 0xcc, 0xc8, 0xff, 0xd8, 0xd0, 0xc8, 0xff, 0xd8, 0xd0, 0xd0, 0xff,
    0xd0, 0xcc, 0xc8, 0xff, 0xd8, 0xd0, 0xc8, 0xff, 0xd8, 0xd0, 0xd0, 0xff,
    0xd8, 0xcc, 0xc8, 0xff, 0xd8, 0xcc, 0xd0, 0xff, 0xd0, 0xd0, 0xc8, 0xff,
    0xd8, 0xcc, 0xc8, 0xff, 0xd0, 0xcc, 0xd0, 0xff, 0xd8, 0xd0, 0xc8, 0xff,
    0xd8, 0xcc, 0xc8, 0xff, 0xd0, 0xd0, 0xd0, 0xff, 0xd8, 0xd0, 0xc8, 0xff,
    0xd8, 0xcc, 0xc8, 0xff, 0xd0, 0xd0, 0xd0, 0xff, 0xd8, 0xcc, 0xc8, 0xff,
    0xd8, 0xcc, 0xc8, 0xff, 0xd0, 0xd0, 0xd0, 0xff, 0xd8, 0xcc, 0xc8, 0xff,
    0xd8, 0xcc, 0xc8, 0xff, 0xd0, 0xd0, 0xd0, 0xff, 0xd8, 0xcc, 0xc8, 0xff,
    0xd8, 0xcc, 0xc8, 0xff, 0xd0, 0xd0, 0xd0, 0xff, 0xd8, 0xcc, 0xc8, 0xff,
    0xd8, 0xcc, 0xc8, 0xff, 0xd0, 0xd0, 0xd0, 0xff, 0xd8, 0xd0, 0xc8, 0xff,
    0xd8, 0xcc, 0xc8, 0xff, 0xd0, 0xd0, 0xd0, 0xff, 0xd8, 0xcc, 0xc8, 0xff,
    0xd8, 0xcc, 0xc8, 0xff, 0xd0, 0xd0, 0xd0, 0xff, 0xd8, 0xcc, 0xc8, 0xff,
    0xd8, 0xd0, 0xc8, 0xff, 0xd0, 0xcc, 0xd0, 0xff, 0xd8, 0xcc, 0xc8, 0xff,
    0xd0, 0xd0, 0xc8, 0xff, 0xd8, 0xcc, 0xd0, 0xff, 0xd8, 0xd0, 0xc8, 0xff,
    0xd0, 0xd0, 0xd0, 0xff, 0xd8, 0xcc, 0xc8, 0xff, 0xd8, 0xcc, 0xd0, 0xff,
    0xd0, 0xd0, 0xc8, 0xff, 0xd8, 0xcc, 0xc8, 0xff, 0xd8, 0xd0, 0xd0, 0xff,
    0xd0, 0xd0, 0xc8, 0xff, 0xd8, 0xcc, 0xc8, 0xff, 0xd0, 0xd0, 0xd0, 0xff,
    0xd8, 0xd0, 0xc8, 0xff, 0xd8, 0xcc, 0xc8, 0xff, 0xd0, 0xd0, 0xd0, 0xff,
    0xd8, 0xcc, 0xc8, 0xff, 0xd8, 0xd0, 0xd0, 0xff, 0xd8, 0xcc, 0xc8, 0xff,
    0xd8, 0xcc, 0xc8, 0xff, 0xd0, 0xd0, 0xd0, 0xff, 0xd8, 0xcc, 0xc8, 0xff,
    0xd0, 0xd0, 0xc8, 0xff, 0xd8, 0xd0, 0xd0, 0xff, 0xd0, 0xcc, 0xc8, 0xff,
    0xd8, 0xcc, 0xc8, 0xff, 0xd8, 0xd0, 0xc8, 0xff, 0xd0, 0xcc, 0xd0, 0xff,
    0xd8, 0xcc, 0xc8, 0xff, 0xd8, 0xd0, 0xc8, 0xff, 0xd0, 0xcc, 0xd0, 0xff,
    0xd8, 0xcc, 0xc8, 0xff, 0xd8, 0xd0, 0xd0, 0xff, 0xd0, 0xd0, 0xc8, 0xff,
    0xd8, 0xcc, 0xc8, 0xff, 0xd0, 0xd0, 0xd0, 0xff, 0xd8, 0xd0, 0xc8, 0xff,
    0xd0, 0xcc, 0xc8, 0xff, 0xd8, 0xd0, 0xd0, 0xff, 0xd8, 0xd0, 0xc8, 0xff,
    0xd0, 0xcc, 0xc8, 0xff, 0xd8, 0xd0, 0xd0, 0xff, 0xd8, 0xcc, 0xc8, 0xff,
    0xd0, 0xd0, 0xd0, 0xff, 0xd8, 0xd0, 0xc8, 0xff, 0xd8, 0xcc, 0xc8, 0xff,
    0xd0, 0xd0, 0xd0, 0xff, 0xd8, 0xcc, 0xc8, 0xff, 0xd8, 0xcc, 0xc8, 0xff,
    0xd0, 0xd0, 0xd0, 0xff, 0xd8, 0xcc, 0xc8, 0xff, 0xd8, 0xd0, 0xc8, 0xff,
    0xd0, 0xd0, 0xd0, 0xff, 0xd8, 0xcc, 0xc8, 0xff, 0xd8, 0xcc, 0xc8, 0xff,
    0xd0, 0xd0, 0xd0, 0xff, 0xd8, 0xcc, 0xc8, 0xff, 0xd8, 0xcc, 0xc8, 0xff,
    0xd0, 0xd0, 0xd0, 0xff, 0xd8, 0xd0, 0xc8, 0xff, 0xd0, 0xcc, 0xc8, 0xff,
    0xd8, 0xd0, 0xd0, 0xff, 0xd8, 0xcc, 0xc8, 0xff, 0xd0, 0xd0, 0xd0, 0xff,
    0xd0, 0xcc, 0xc8, 0xff, 0xd8, 0xcc, 0xc8, 0xff, 0xd8, 0xd0, 0xd0, 0xff,
    0xd0, 0xcc, 0xc8, 0xff, 0xd8, 0xd0, 0xc8, 0xff, 0xd8, 0xd0, 0xd0, 0xff,
    0xd0, 0xcc, 0xc8, 0xff, 0xd8, 0xd0, 0xc8, 0xff, 0xd8, 0xcc, 0xd0, 0xff,
    0xd0, 0xd0, 0xc8, 0xff, 0xd8, 0xcc, 0xc8, 0xff, 0xd8, 0xd0, 0xd0, 0xff,
    0xd8, 0xd0, 0xc8, 0xff, 0xd8, 0xcc, 0xd0, 0xff, 0xd0, 0xd0, 0xc8, 0xff,
    0xd8, 0xcc, 0xc8, 0xff, 0xd8, 0xd0, 0xd0, 0xff, 0xd0, 0xd0, 0xc8, 0xff,
    0xd8, 0xcc, 0xc8, 0xff, 0xd8, 0xd0, 0xd0, 0xff, 0xd0, 0xd0, 0xc8, 0xff,
    0xd8, 0xcc, 0xd0, 0xff, 0xd0, 0xcc, 0xc8, 0xff, 0xd8, 0xd0, 0xc8, 0xff,
    0xd8, 0xcc, 0xc8, 0xff, 0xd0, 0xd0, 0xd0, 0xff, 0xd8, 0xcc, 0xc8, 0xff,
    0xd8, 0xcc, 0xd0, 0xff, 0xd0, 0xd0, 0xc8, 0xff, 0xd8, 0xd0, 0xd0, 0xff,
    0xd8, 0xcc, 0xc8, 0xff, 0xd0, 0xd0, 0xd0, 0xff, 0xd8, 0xcc, 0xc8, 0xff,
    0xd8, 0xcc, 0xc8, 0xff, 0xd0, 0xd0, 0xd0, 0xff, 0xd8, 0xcc, 0xc8, 0xff,
    0xd8, 0xd0, 0xd0, 0xff, 0xd0, 0xd0, 0xc8, 0xff, 0xd8, 0xcc, 0xc8, 0xff,
    0xd8, 0xd0, 0xd0, 0xff, 0xd0, 0xcc, 0xc8, 0xff, 0xd8, 0xcc, 0xc8, 0xff,
    0xd8, 0xd0, 0xd0, 0xff, 0xd0, 0xd0, 0xc8, 0xff, 0xd8, 0xcc, 0xc8, 0xff,
    0xd8, 0xd0, 0xc8, 0xff, 0xd0, 0xd0, 0xd0, 0xff, 0xd8, 0xcc, 0xc8, 0xff,
    0xd8, 0xcc, 0xd0, 0xff, 0xd8, 0xd0, 0xc8, 0xff, 0xd0, 0xcc, 0xc8, 0xff,
    0xd8, 0xd0, 0xd0, 0xff, 0xd0, 0xd0, 0xc8, 0xff, 0xd8, 0xcc, 0xd0, 0xff,
    0xd8, 0xcc, 0xd0, 0xff, 0xd0, 0xd0, 0xc8, 0xff, 0xd8, 0xcc, 0xc8, 0xff,
    0xd0, 0xcc, 0xd0, 0xff, 0xd8, 0xd0, 0xc8, 0xff, 0xd0, 0xcc, 0xc8, 0xff,
    0xd8, 0xd0, 0xd0, 0xff, 0xd8, 0xd0, 0xc8, 0xff, 0xd0, 0xcc, 0xc8, 0xff,
    0xd8, 0xd0, 0xd0, 0xff, 0xd8, 0xd0, 0xc8, 0xff, 0xd0, 0xcc, 0xc8, 0xff,
    0xd8, 0xd0, 0xd0, 0xff, 0xd8, 0xcc, 0xc8, 0xff, 0xd0, 0xcc, 0xc8, 0xff,
    0xd8, 0xd0, 0xc8, 0xff, 0xd8, 0xcc, 0xc8, 0xff, 0xd0, 0xd0, 0xd0, 0xff,
    0xd8, 0xd0, 0xc8, 0xff, 0xd0, 0xcc, 0xd0, 0xff, 0xd8, 0xd0, 0xc8, 0xff,
    0xd8, 0xcc, 0xc8, 0xff, 0xd0, 0xcc, 0xd0, 0xff, 0xd8, 0xd0, 0xc8, 0xff,
    0xd8, 0xcc, 0xc8, 0xff, 0xd0, 0xd0, 0xc8, 0xff, 0xd8, 0xd0, 0xd0, 0xff,
    0xd0, 0xcc, 0xc8, 0xff, 0xd8, 0xd0, 0xc8, 0xff, 0xd8, 0xd0, 0xd0, 0xff,
    0xd0, 0xcc, 0xc8, 0xff, 0xd8, 0xcc, 0xc8, 0xff, 0xd8, 0xd0, 0xd0, 0xff,
    0xd0, 0xcc, 0xc8, 0xff, 0xd8, 0xcc, 0xd0, 0xff, 0xd8, 0xd0, 0xc8, 0xff,
    0xd0, 0xd0, 0xc8, 0xff, 0xd8, 0xcc, 0xd0, 0xff, 0xd0, 0xd0, 0xc8, 0xff,
    0xd8, 0xcc, 0xc8, 0xff, 0xd0, 0xcc, 0xd0, 0xff, 0xd8, 0xd0, 0xc8, 0xff,
    0xd8, 0xcc, 0xd0, 0xff, 0xd0, 0xcc, 0xc8, 0xff, 0xd8, 0xd0, 0xc8, 0xff,
    0xd8, 0xd0, 0xd0, 0xff, 0xd0, 0xcc, 0xc8, 0xff, 0xd8, 0xcc, 0xd0, 0xff,
    0xd8, 0xd0, 0xc8, 0xff, 0xd8, 0xcc, 0xd0, 0xff, 0xd8, 0xd0, 0xd0, 0xff,
    0xd0, 0xd0, 0xc8, 0xff, 0xd8, 0xcc, 0xc8, 0xff, 0xd0, 0xd0, 0xd0, 0xff,
    0xd8, 0xcc, 0xc8, 0xff, 0xd0, 0xd0, 0xd0, 0xff, 0xd8, 0xd0, 0xc8, 0xff,
    0xd8, 0xcc, 0xc8, 0xff, 0xd0, 0xd0, 0xd0, 0xff, 0xd8, 0xcc, 0xc8, 0xff,
    0xd8, 0xcc, 0xd0, 0xff, 0xd0, 0xd0, 0xc8, 0xff, 0xd8, 0xd0, 0xc8, 0xff,
    0xd8, 0xcc, 0xd0, 0xff, 0xd0, 0xd0, 0xc8, 0xff, 0xd8, 0xcc, 0xd0, 0xff,
    0xd8, 0xcc, 0xc8, 0xff, 0xd0, 0xd0, 0xd0, 0xff, 0xd8, 0xcc, 0xc8, 0xff,
    0xd0, 0xcc, 0xc8, 0xff, 0xd8, 0xd0, 0xd0, 0xff, 0xd8, 0xcc, 0xc8, 0xff,
    0xd0, 0xd0, 0xd0, 0xff, 0xd8, 0xd0, 0xc8, 0xff, 0xd8, 0xcc, 0xd0, 0xff,
    0xd0, 0xd0, 0xc8, 0xff, 0xd8, 0xcc, 0xc8, 0xff, 0xd0, 0xd0, 0xd0, 0xff,
    0xd8, 0xd0, 0xd0, 0xff, 0xd8, 0xcc, 0xc8, 0xff, 0xd0, 0xcc, 0xd0, 0xff,
    0xd0, 0xd0, 0xc8, 0xff, 0xd8, 0xcc, 0xc8, 0xff, 0xd8, 0xcc, 0xd0, 0xff,
    0xd8, 0xd0, 0xc8, 0xff, 0xd8, 0xd0, 0xc8, 0xff, 0xd0, 0xcc, 0xd0, 0xff,
    0xd8, 0xd0, 0xc8, 0xff, 0xd8, 0xd0, 0xd0, 0xff, 0xd0, 0xcc, 0xc8, 0xff,
    0xd0, 0xd0, 0xd0, 0xff, 0xd8, 0xcc, 0xc8, 0xff, 0xd0, 0xcc, 0xc8, 0xff,
    0xd8, 0xd0, 0xd0, 0xff, 0xd0, 0xcc, 0xc8, 0xff, 0xd0, 0xcc, 0xd0, 0xff,
    0xd8, 0xd0, 0xd0, 0xff, 0xd8, 0xcc, 0xc8, 0xff, 0xd0, 0xd0, 0xc8, 0xff,
    0xd8, 0xcc, 0xd0, 0xff, 0xd8, 0xd0, 0xc8, 0xff, 0xd8, 0xd0, 0xd0, 0xff,
    0xd0, 0xcc, 0xc8, 0xff, 0xd8, 0xd0, 0xc8, 0xff, 0xd0, 0xd0, 0xd0, 0xff,
    0xd8, 0xcc, 0xc8, 0xff, 0xd8, 0xd0, 0xc8, 0xff, 0xd0, 0xd0, 0xd0, 0xff,
    0xd8, 0xcc, 0xc8, 0xff, 0xd0, 0xcc, 0xc8, 0xff, 0xd8, 0xd0, 0xd0, 0xff,
    0xd0, 0xcc, 0xc8, 0xff, 0xd8, 0xd0, 0xc8, 0xff, 0xd8, 0xcc, 0xd0, 0xff,
    0xd8, 0xd0, 0xc8, 0xff, 0xd0, 0xd0, 0xd0, 0xff, 0xd8, 0xcc, 0xc8, 0xff,
    0xd8, 0xd0, 0xc8, 0xff, 0xd0, 0xd0, 0xd0, 0xff, 0xd8, 0xcc, 0xc8, 0xff,
    0xd8, 0xd0, 0xd0, 0xff, 0xd0, 0xcc, 0xc8, 0xff, 0xd8, 0xcc, 0xc8, 0xff,
    0xd0, 0xd0, 0xd0, 0xff, 0xd8, 0xd0, 0xc8, 0xff, 0xd8, 0xcc, 0xc8, 0xff,
    0xd0, 0xcc, 0xd0, 0xff, 0xd0, 0xd0, 0xd0, 0xff, 0xd8, 0xcc, 0xc8, 0xff,
    0xd0, 0xcc, 0xc8, 0xff, 0xd8, 0xd0, 0xd0, 0xff, 0xd0, 0xcc, 0xc8, 0xff,
    0xd8, 0xd0, 0xd0, 0xff, 0xd0, 0xd0, 0xc8, 0xff, 0xd8, 0xcc, 0xc8, 0xff,
    0xd0, 0xd0, 0xd0, 0xff, 0xd8, 0xd0, 0xc8, 0xff, 0xd8, 0xcc, 0xd0, 0xff,
    0xd0, 0xd0, 0xc8, 0xff, 0xd8, 0xcc, 0xc8, 0xff, 0xd8, 0xcc, 0xd0, 0xff,
    0xd0, 0xd0, 0xc8, 0xff, 0xd8, 0xcc, 0xc8, 0xff, 0xd8, 0xcc, 0xd0, 0xff,
    0xd0, 0xd0, 0xc8, 0xff, 0xd8, 0xd0, 0xc8, 0xff, 0xd0, 0xcc, 0xd0, 0xff,
    0xd8, 0xd0, 0xc8, 0xff, 0xd0, 0xd0, 0xd0, 0xff, 0xd8, 0xcc, 0xc8, 0xff,
    0xd0, 0xcc, 0xc8, 0xff, 0xd8, 0xd0, 0xd0, 0xff, 0xd0, 0xcc, 0xc8, 0xff,
    0xd8, 0xd0, 0xc8, 0xff, 0xd8, 0xcc, 0xd0, 0xff, 0xd0, 0xcc, 0xc8, 0xff,
    0xd8, 0xd0, 0xc8, 0xff, 0xd0, 0xd0, 0xd0, 0xff, 0xd8, 0xcc, 0xc8, 0xff,
    0xd0, 0xd0, 0xd0, 0xff, 0xd0, 0xcc, 0xc8, 0xff, 0xd8, 0xd0, 0xc8, 0xff,
    0xd0, 0xcc, 0xd0, 0xff, 0xd8, 0xcc, 0xc8, 0xff, 0xd0, 0xd0, 0xc8, 0xff,
    0xd8, 0xd0, 0xd0, 0xff, 0xd8, 0xcc, 0xc8, 0xff, 0xd0, 0xd0, 0xc8, 0xff,
    0xd8, 0xcc, 0xd0, 0xff, 0xd8, 0xcc, 0xc8, 0xff, 0xd0, 0xd0, 0xd0, 0xff,
    0xd8, 0xd0, 0xc8, 0xff, 0xd8, 0xcc, 0xd0, 0xff, 0xd0, 0xd0, 0xc8, 0xff,
    0xd0, 0xcc, 0xc8, 0xff, 0xd8, 0xcc, 0xd0, 0xff, 0xd8, 0xd0, 0xc8, 0xff,
    0xd0, 0xcc, 0xd0, 0xff, 0xd8, 0xd0, 0xc8, 0xff, 0xd8, 0xd0, 0xc8, 0xff,
    0xd0, 0xcc, 0xd0, 0xff, 0xd8, 0xd0, 0xc8, 0xff, 0xd0, 0xcc, 0xd0, 0xff,
    0xd8, 0xcc, 0xc8, 0xff, 0xd0, 0xd0, 0xd0, 0xff, 0xd0, 0xd0, 0xc8, 0xff,
    0xd8, 0xcc, 0xc8, 0xff, 0xd8, 0xd0, 0xd0, 0xff, 0xd8, 0xcc, 0xc8, 0xff,
    0xd0, 0xd0, 0xc8, 0xff, 0xd8, 0xd0, 0xd0, 0xff, 0xd0, 0xcc, 0xc8, 0xff,
    0xd8, 0xd0, 0xd0, 0xff, 0xd0, 0xcc, 0xc8, 0xff, 0xd8, 0xcc, 0xd0, 0xff,
    0xd0, 0xd0, 0xc8, 0xff, 0xd8, 0xd0, 0xd0, 0xff, 0xd0, 0xcc, 0xc8, 0xff,
    0xd8, 0xd0, 0xc8, 0xff, 0xd0, 0xd0, 0xd0, 0xff, 0xd8, 0xcc, 0xc8, 0xff,
    0xd8, 0xcc, 0xc8, 0xff, 0xd0, 0xd0, 0xd0, 0xff, 0xd8, 0xd0, 0xc8, 0xff,
    0xd8, 0xcc, 0xc8, 0xff, 0xd0, 0xd0, 0xd0, 0xff, 0xd8, 0xd0, 0xc8, 0xff,
    0xd8, 0xcc, 0xc8, 0xff, 0xd0, 0xcc, 0xd0, 0xff, 0xd8, 0xd0, 0xc8, 0xff,
    0xd8, 0xd0, 0xd0, 0xff, 0xd0, 0xcc, 0xc8, 0xff, 0xd8, 0xd0, 0xc8, 0xff,
    0xd0, 0xcc, 0xd0, 0xff, 0xd8, 0xcc, 0xc8, 0xff, 0xd8, 0xd0, 0xd0, 0xff,
    0xd0, 0xd0, 0xc8, 0xff, 0xd8, 0xd0, 0xd0, 0xff, 0xd8, 0xcc, 0xc8, 0xff,
    0xd0, 0xd0, 0xc8, 0xff, 0xd8, 0xcc, 0xd0, 0xff, 0xd0, 0xcc, 0xc8, 0xff,
    0xd0, 0xd0, 0xc8, 0xff, 0xd8, 0xd0, 0xd0, 0xff, 0xd8, 0xcc, 0xc8, 0xff,
    0xd0, 0xd0, 0xc8, 0xff, 0xd8, 0xcc, 0xd0, 0xff, 0xd0, 0xcc, 0xc8, 0xff,
    0xd8, 0xd0, 0xc8, 0xff, 0xd8, 0xcc, 0xd0, 0xff, 0xd0, 0xcc, 0xc8, 0xff,
    0xd8, 0xd0, 0xc8, 0xff, 0xd8, 0xcc, 0xd0, 0xff, 0xd0, 0xcc, 0xc8, 0xff,
    0xd0, 0xd0, 0xc8, 0xff, 0xd8, 0xd0, 0xd0, 0xff, 0xd0, 0xcc, 0xc8, 0xff,
    0xd8, 0xd0, 0xc8, 0xff, 0xd8, 0xcc, 0xd0, 0xff, 0xd0, 0xcc, 0xc8, 0xff,
    0xd8, 0xd0, 0xc8, 0xff, 0xd8, 0xd0, 0xd0, 0xff, 0xd0, 0xcc, 0xc8, 0xff,
    0xd8, 0xd0, 0xd0, 0xff, 0xd0, 0xd0, 0xc8, 0xff, 0xd8, 0xcc, 0xc8, 0xff,
    0xd0, 0xd0, 0xd0, 0xff, 0xd8, 0xd0, 0xc8, 0xff, 0xd8, 0xcc, 0xc8, 0xff,
    0xd0, 0xcc, 0xd0, 0xff, 0xd8, 0xd0, 0xc8, 0xff, 0xd8, 0xcc, 0xc8, 0xff,
    0xd0, 0xcc, 0xd0, 0xff, 0xd8, 0xd0, 0xc8, 0xff, 0xd8, 0xcc, 0xd0, 0xff,
    0xd0, 0xcc, 0xc8, 0xff, 0xd8, 0xd0, 0xd0, 0xff, 0xd0, 0xcc, 0xc8, 0xff,
    0xd8, 0xd0, 0xc8, 0xff, 0xd8, 0xcc, 0xd0, 0xff, 0xd0, 0xd0, 0xc8, 0xff,
    0xd8, 0xcc, 0xc8, 0xff, 0xd8, 0xcc, 0xd0, 0xff, 0xd8, 0xd0, 0xc8, 0xff,
    0xd0, 0xd0, 0xc8, 0xff, 0xd8, 0xcc, 0xd0, 0xff, 0xd8, 0xd0, 0xc8, 0xff,
    0xd0, 0xcc, 0xd0, 0xff, 0xd8, 0xd0, 0xc8, 0xff, 0xd0, 0xcc, 0xd0, 0xff,
    0xd8, 0xd0, 0xc8, 0xff, 0xd8, 0xcc, 0xc8, 0xff, 0xd0, 0xd0, 0xd0, 0xff,
    0xd8, 0xd0, 0xc8, 0xff, 0xd8, 0xcc, 0xd0, 0xff, 0xd0, 0xd0, 0xc8, 0xff,
    0xd8, 0xcc, 0xc8, 0xff, 0xd8, 0xcc, 0xc8, 0xff, 0xd0, 0xd0, 0xd0, 0xff,
    0xd8, 0xcc, 0xc8, 0xff, 0xd8, 0xd0, 0xc8, 0xff, 0xd0, 0xd0, 0xd0, 0xff,
    0xd8, 0xcc, 0xc8, 0xff, 0xd8, 0xd0, 0xc8, 0xff, 0xd0, 0xcc, 0xd0, 0xff,
    0xd8, 0xcc, 0xc8, 0xff, 0xd8, 0xd0, 0xc8, 0xff, 0xd0, 0xcc, 0xd0, 0xff,
    0xd8, 0xd0, 0xc8, 0xff, 0xd8, 0xcc, 0xc8, 0xff, 0xd0, 0xd0, 0xd0, 0xff,
    0xd8, 0xcc, 0xc8, 0xff, 0xd0, 0xcc, 0xd0, 0xff, 0xd8, 0xd0, 0xc8, 0xff,
    0xd8, 0xcc, 0xc8, 0xff, 0xd0, 0xd0, 0xd0, 0xff, 0xd8, 0xcc, 0xc8, 0xff,
    0xd8, 0xcc, 0xc8, 0xff, 0xd0, 0xd0, 0xd0, 0xff, 0xd8, 0xcc, 0xc8, 0xff,
    0xd8, 0xcc, 0xc8, 0xff, 0xd0, 0xd0, 0xd0, 0xff, 0xd8, 0xd0, 0xc8, 0xff,
    0xd8, 0xcc, 0xd0, 0xff, 0xd0, 0xd0, 0xc8, 0xff, 0xd8, 0xd0, 0xd0, 0xff,
    0xd0, 0xcc, 0xc8, 0xff, 0xd8, 0xcc, 0xc8, 0xff, 0xd8, 0xd0, 0xd0, 0xff,
    0xd0, 0xcc, 0xc8, 0xff, 0xd8, 0xd0, 0xc8, 0xff, 0xd8, 0xcc, 0xc8, 0xff,
    0xd0, 0xd0, 0xd0, 0xff, 0xd0, 0xd0, 0xc8, 0xff, 0xd8, 0xcc, 0xc8, 0xff,
    0xd8, 0xd0, 0xd0, 0xff, 0xd0, 0xd0, 0xc8, 0xff, 0xd8, 0xcc, 0xc8, 0xff,
    0xd0, 0xcc, 0xd0, 0xff, 0xd8, 0xd0, 0xd0, 0xff, 0xd0, 0xcc, 0xc8, 0xff,
    0xd8, 0xd0, 0xc8, 0xff, 0xd8, 0xd0, 0xd0, 0xff, 0xd0, 0xcc, 0xc8, 0xff,
    0xd8, 0xcc, 0xc8, 0xff, 0xd8, 0xd0, 0xd0, 0xff, 0xd0, 0xcc, 0xc8, 0xff,
    0xd8, 0xd0, 0xd0, 0xff, 0xd8, 0xd0, 0xc8, 0xff, 0xd0, 0xcc, 0xc8, 0xff,
    0xd8, 0xd0, 0xd0, 0xff, 0xd0, 0xd0, 0xc8, 0xff, 0xd8, 0xcc, 0xc8, 0xff,
    0xd8, 0xcc, 0xd0, 0xff, 0xd0, 0xd0, 0xc8, 0xff, 0xd8, 0xd0, 0xc8, 0xff,
    0xd8, 0xcc, 0xd0, 0xff, 0xd0, 0xd0, 0xc8, 0xff, 0xd8, 0xd0, 0xc8, 0xff,
    0xd8, 0xcc, 0xd0, 0xff, 0xd0, 0xd0, 0xc8, 0xff, 0xd8, 0xcc, 0xc8, 0xff,
    0xd0, 0xcc, 0xd0, 0xff, 0xd8, 0xd0, 0xc8, 0xff, 0xd8, 0xcc, 0xc8, 0xff,
    0xd0, 0xd0, 0xd0, 0xff, 0xd8, 0xcc, 0xc8, 0xff, 0xd0, 0xd0, 0xc8, 0xff,
    0xd0, 0xd0, 0xd0, 0xff, 0xd8, 0xcc, 0xd0, 0xff, 0xd8, 0xd0, 0xc8, 0xff,
    0xd0, 0xcc, 0xd0, 0xff, 0xd8, 0xcc, 0xc8, 0xff, 0xd8, 0xd0, 0xc8, 0xff,
    0xd0, 0xcc, 0xd0, 0xff, 0xd8, 0xd0, 0xc8, 0xff, 0xd8, 0xd0, 0xd0, 0xff,
    0xd0, 0xcc, 0xc8, 0xff, 0xd8, 0xd0, 0xc8, 0xff, 0xd0, 0xcc, 0xd0, 0xff,
    0xd8, 0xcc, 0xc8, 0xff, 0xd8, 0xd0, 0xc8, 0xff, 0xd0, 0xcc, 0xd0, 0xff,
    0xd8, 0xcc, 0xc8, 0xff, 0xd0, 0xd0, 0xd0, 0xff, 0xd8, 0xd0, 0xc8, 0xff,
    0xd0, 0xcc, 0xd0, 0xff, 0xd8, 0xd0, 0xc8, 0xff, 0xd8, 0xd0, 0xc8, 0xff,
    0xd0, 0xcc, 0xd0, 0xff, 0xd8, 0xcc, 0xc8, 0xff, 0xd8, 0xd0, 0xd0, 0xff,
    0xd0, 0xcc, 0xc8, 0xff, 0xd8, 0xcc, 0xc8, 0xff, 0xd8, 0xd0, 0xd0, 0xff,
    0xd0, 0xd0, 0xc8, 0xff, 0xd8, 0xcc, 0xc8, 0xff, 0xd8, 0xd0, 0xd0, 0xff,
    0xd0, 0xd0, 0xc8, 0xff, 0xd8, 0xcc, 0xc8, 0xff, 0xd8, 0xcc, 0xd0, 0xff,
    0xd0, 0xd0, 0xc8, 0xff, 0xd8, 0xcc, 0xc8, 0xff, 0xd0, 0xd0, 0xd0, 0xff,
    0xd0, 0xcc, 0xc8, 0xff, 0xd8, 0xcc, 0xc8, 0xff, 0xd8, 0xcc, 0xd0, 0xff,
    0xd0, 0xd0, 0xc8, 0xff, 0xd8, 0xcc, 0xc8, 0xff, 0xd8, 0xcc, 0xc8, 0xff,
    0xd8, 0xcc, 0xc8, 0xff, 0xd0, 0xcc, 0xd0, 0xff, 0xd8, 0xd0, 0xc8, 0xff,
    0xd8, 0xcc, 0xc8, 0xff, 0xd0, 0xd0, 0xd0, 0xff, 0xd8, 0xd0, 0xc8, 0xff,
    0xd8, 0xcc, 0xc8, 0xff, 0xd0, 0xcc, 0xd0, 0xff, 0xd8, 0xcc, 0xc8, 0xff,
    0xd8, 0xd0, 0xc8, 0xff, 0xd0, 0xd0, 0xd0, 0xff, 0xd0, 0xcc, 0xc8, 0xff,
    0xd8, 0xd0, 0xc8, 0xff, 0xd8, 0xd0, 0xd0, 0xff, 0xd0, 0xcc, 0xc8, 0xff,
    0xd8, 0xd0, 0xd0, 0xff, 0xd8, 0xcc, 0xc8, 0xff, 0xd0, 0xcc, 0xc8, 0xff,
    0xd0, 0xd0, 0xd0, 0xff, 0xd8, 0xcc, 0xc8, 0xff, 0xd8, 0xd0, 0xc8, 0xff,
    0xd0, 0xcc, 0xd0, 0xff, 0xd8, 0xd0, 0xc8, 0xff, 0xd8, 0xcc, 0xc8, 0xff,
    0xd0, 0xd0, 0xc8, 0xff, 0xd8, 0xd0, 0xd0, 0xff, 0xd8, 0xcc, 0xc8, 0xff,
    0xd0, 0xd0, 0xd0, 0xff, 0xd8, 0xcc, 0xc8, 0xff, 0xd0, 0xcc, 0xd0, 0xff,
    0xd8, 0xd0, 0xc8, 0xff, 0xd8, 0xcc, 0xc8, 0xff, 0xd0, 0xcc, 0xd0, 0xff,
    0xd8, 0xd0, 0xc8, 0xff, 0xd8, 0xcc, 0xc8, 0xff, 0xd0, 0xd0, 0xd0, 0xff,
    0xd8, 0xd0, 0xc8, 0xff, 0xd8, 0xcc, 0xd0, 0xff, 0xd8, 0xd0, 0xc8, 0xff,
    0xd8, 0xd0, 0xc8, 0xff, 0xd8, 0xcc, 0xd0, 0xff, 0xd0, 0xd0, 0xc8, 0xff,
    0xd8, 0xcc, 0xc8, 0xff, 0xd8, 0xd0, 0xd0, 0xff, 0xd0, 0xcc, 0xc8, 0xff,
    0xd8, 0xcc, 0xc8, 0xff, 0xd8, 0xd0, 0xd0, 0xff, 0xd0, 0xcc, 0xc8, 0xff,
    0xd8, 0xcc, 0xc8, 0xff, 0xd8, 0xd0, 0xd0, 0xff, 0xd0, 0xcc, 0xd0, 0xff,
    0xd8, 0xcc, 0xc8, 0xff, 0xd0, 0xd0, 0xc8, 0xff, 0xd8, 0xd0, 0xd0, 0xff,
    0xd8, 0xcc, 0xc8, 0xff, 0xd0, 0xd0, 0xc8, 0xff, 0xd8, 0xd0, 0xd0, 0xff,
    0xd8, 0xcc, 0xc8, 0xff, 0xd0, 0xcc, 0xc8, 0xff, 0xd8, 0xd0, 0xd0, 0xff,
    0xd0, 0xcc, 0xc8, 0xff, 0xd8, 0xcc, 0xc8, 0xff, 0xd8, 0xd0, 0xd0, 0xff,
    0xd0, 0xcc, 0xd0, 0xff, 0xd8, 0xd0, 0xc8, 0xff, 0xd0, 0xcc, 0xc8, 0xff,
    0xd8, 0xd0, 0xd0, 0xff, 0xd8, 0xd0, 0xc8, 0xff, 0xd0, 0xcc, 0xd0, 0xff,
    0xd8, 0xd0, 0xc8, 0xff, 0xd8, 0xd0, 0xc8, 0xff, 0xd0, 0xcc, 0xd0, 0xff,
    0xd8, 0xd0, 0xc8, 0xff, 0xd8, 0xd0, 0xc8, 0xff, 0xd0, 0xcc, 0xd0, 0xff,
    0xd8, 0xd0, 0xc8, 0xff, 0xd8, 0xcc, 0xc8, 0xff, 0xd0, 0xcc, 0xd0, 0xff,
    0xd8, 0xd0, 0xc8, 0xff, 0xd8, 0xcc, 0xd0, 0xff, 0xd0, 0xcc, 0xc8, 0xff,
    0xd8, 0xd0, 0xc8, 0xff, 0xd8, 0xcc, 0xc8, 0xff, 0xd0, 0xcc, 0xd0, 0xff,
    0xd8, 0xd0, 0xc8, 0xff, 0xd8, 0xd0, 0xc8, 0xff, 0xd0, 0xcc, 0xd0, 0xff,
    0xd8, 0xd0, 0xc8, 0xff, 0xd0, 0xd0, 0xc8, 0xff, 0xd8, 0xcc, 0xd0, 0xff,
    0xd8, 0xcc, 0xc8, 0xff, 0xd0, 0xd0, 0xc8, 0xff, 0xd8, 0xcc, 0xd0, 0xff,
    0xd8, 0xcc, 0xc8, 0xff, 0xd8, 0xd0, 0xc8, 0xff, 0xd0, 0xd0, 0xd0, 0xff,
    0xd8, 0xcc, 0xc8, 0xff, 0xd8, 0xcc, 0xd0, 0xff, 0xd0, 0xd0, 0xc8, 0xff,
    0xd8, 0xd0, 0xc8, 0xff, 0xd0, 0xcc, 0xd0, 0xff, 0xd8, 0xcc, 0xc8, 0xff,
    0xd8, 0xd0, 0xd0, 0xff, 0xd0, 0xcc, 0xc8, 0xff, 0xd8, 0xd0, 0xc8, 0xff,
    0xd8, 0xcc, 0xd0, 0xff, 0xd8, 0xd0, 0xc8, 0xff, 0xd8, 0xd0, 0xd0, 0xff,
    0xd8, 0xcc, 0xc8, 0xff, 0xd0, 0xd0, 0xd0, 0xff, 0xd8, 0xcc, 0xc8, 0xff,
    0xd0, 0xcc, 0xc8, 0xff, 0xd8, 0xd0, 0xd0, 0xff, 0xd8, 0xd0, 0xc8, 0xff,
    0xd8, 0xcc, 0xc8, 0xff, 0xd8, 0xd0, 0xd0, 0xff, 0xd0, 0xcc, 0xc8, 0xff,
    0xd8, 0xcc, 0xc8, 0xff, 0xd8, 0xd0, 0xd0, 0xff, 0xd0, 0xd0, 0xc8, 0xff,
    0xd8, 0xcc, 0xc8, 0xff, 0xd0, 0xd0, 0xd0, 0xff, 0xd8, 0xd0, 0xc8, 0xff,
    0xd8, 0xcc, 0xc8, 0xff, 0xd0, 0xcc, 0xd0, 0xff, 0xd8, 0xd0, 0xc8, 0xff,
    0xd8, 0xcc, 0xc8, 0xff, 0xd0, 0xd0, 0xd0, 0xff, 0xd8, 0xd0, 0xc8, 0xff,
    0xd8, 0xcc, 0xc8, 0xff, 0xd8, 0xcc, 0xd0, 0xff, 0xd0, 0xd0, 0xc8, 0xff,
    0xd0, 0xcc, 0xc8, 0xff, 0xd8, 0xd0, 0xd0, 0xff, 0xd0, 0xcc, 0xc8, 0xff,
    0xd8, 0xcc, 0xd0, 0xff, 0xd8, 0xd0, 0xc8, 0xff, 0xd8, 0xcc, 0xc8, 0xff,
    0xd0, 0xd0, 0xc8, 0xff, 0xd8, 0xcc, 0xd0, 0xff, 0xd8, 0xcc, 0xc8, 0xff,
    0xd8, 0xd0, 0xc8, 0xff, 0xd0, 0xcc, 0xd0, 0xff, 0xd8, 0xd0, 0xc8, 0xff,
    0xd8, 0xcc, 0xd0, 0xff, 0xd0, 0xd0, 0xc8, 0xff, 0xd8, 0xd0, 0xd0, 0xff,
    0xd0, 0xcc, 0xc8, 0xff, 0xd8, 0xd0, 0xc8, 0xff, 0xd0, 0xcc, 0xd0, 0xff,
    0xd8, 0xcc, 0xc8, 0xff, 0xd0, 0xd0, 0xd0, 0xff, 0xd8, 0xd0, 0xd0, 0xff,
    0xd0, 0xcc, 0xc8, 0xff, 0xd8, 0xcc, 0xc8, 0xff, 0xd8, 0xd0, 0xd0, 0xff,
    0xd0, 0xcc, 0xc8, 0xff, 0xd8, 0xcc, 0xc8, 0xff, 0xd8, 0xd0, 0xd0, 0xff,
    0xd0, 0xd0, 0xc8, 0xff, 0xd8, 0xcc, 0xc8, 0xff, 0xd0, 0xcc, 0xd0, 0xff,
    0xd0, 0xd0, 0xc8, 0xff, 0xd8, 0xcc, 0xc8, 0xff, 0xd8, 0xd0, 0xd0, 0xff,
    0xd0, 0xd0, 0xc8, 0xff, 0xd8, 0xcc, 0xc8, 0xff, 0xd8, 0xcc, 0xd0, 0xff,
    0xd8, 0xd0, 0xc8, 0xff, 0xd0, 0xcc, 0xc8, 0xff, 0xd8, 0xd0, 0xd0, 0xff,
    0xd8, 0xd0, 0xc8, 0xff, 0xd0, 0xcc, 0xd0, 0xff, 0xd8, 0xd0, 0xc8, 0xff,
    0xd8, 0xd0, 0xd0, 0xff, 0xd0, 0xcc, 0xc8, 0xff, 0xd8, 0xd0, 0xc8, 0xff,
    0xd0, 0xcc, 0xd0, 0xff, 0xd8, 0xd0, 0xd0, 0xff, 0xd8, 0xcc, 0xc8, 0xff,
    0xd8, 0xd0, 0xc8, 0xff, 0xd0, 0xcc, 0xd0, 0xff, 0xd8, 0xd0, 0xc8, 0xff,
    0xd0, 0xd0, 0xd0, 0xff, 0xd8, 0xcc, 0xc8, 0xff, 0xd8, 0xd0, 0xc8, 0xff,
    0xd0, 0xcc, 0xd0, 0xff, 0xd8, 0xcc, 0xc8, 0xff, 0xd8, 0xd0, 0xc8, 0xff,
    0xd0, 0xcc, 0xd0, 0xff, 0xd8, 0xcc, 0xd0, 0xff, 0xd8, 0xd0, 0xc8, 0xff,
    0xd0, 0xcc, 0xd0, 0xff, 0xd8, 0xd0, 0xc8, 0xff, 0xd0, 0xd0, 0xc8, 0xff,
    0xd0, 0xcc, 0xd0, 0xff, 0xd8, 0xd0, 0xc8, 0xff, 0xd8, 0xd0, 0xd0, 0xff,
    0xd0, 0xcc, 0xc8, 0xff, 0xd8, 0xd0, 0xc8, 0xff, 0xd8, 0xd0, 0xc8, 0xff,
    0xd0, 0xcc, 0xd0, 0xff, 0xd8, 0xd0, 0xc8, 0xff, 0xd8, 0xcc, 0xc8, 0xff,
    0xd0, 0xcc, 0xd0, 0xff, 0xd8, 0xd0, 0xc8, 0xff, 0xd0, 0xd0, 0xc8, 0xff,
    0xd8, 0xcc, 0xd0, 0xff, 0xd0, 0xcc, 0xc8, 0xff, 0xd0, 0xd0, 0xd0, 0xff,
    0xd8, 0xcc, 0xc8, 0xff, 0xd8, 0xd0, 0xc8, 0xff, 0xd0, 0xcc, 0xd0, 0xff,
    0xd8, 0xd0, 0xc8, 0xff, 0xd8, 0xcc, 0xc8, 0xff, 0xd0, 0xd0, 0xd0, 0xff,
    0xd8, 0xcc, 0xc8, 0xff, 0xd0, 0xd0, 0xd0, 0xff, 0xd8, 0xcc, 0xc8, 0xff,
    0xd8, 0xcc, 0xc8, 0xff, 0xd0, 0xd0, 0xd0, 0xff, 0xd0, 0xd0, 0xd0, 0xff,
    0xd8, 0xcc, 0xc8, 0xff, 0xd8, 0xd0, 0xd0, 0xff, 0xd0, 0xd0, 0xc8, 0xff,
    0xd8, 0xcc, 0xc8, 0xff, 0xd8, 0xcc, 0xd0, 0xff, 0xd0, 0xd0, 0xc8, 0xff,
    0xd8, 0xd0, 0xd0, 0xff, 0xd8, 0xcc, 0xc8, 0xff, 0xd0, 0xd0, 0xd0, 0xff,
    0xd8, 0xd0, 0xc8, 0xff, 0xd0, 0xcc, 0xd0, 0xff, 0xd0, 0xcc, 0xc8, 0xff,
    0xd8, 0xd0, 0xc8, 0xff, 0xd0, 0xd0, 0xd0, 0xff, 0xd8, 0xcc, 0xc8, 0xff,
    0xd8, 0xd0, 0xc8, 0xff, 0xd0, 0xd0, 0xd0, 0xff, 0xd0, 0xcc, 0xc8, 0xff,
    0xd8, 0xcc, 0xc8, 0xff, 0xd0, 0xd0, 0xd0, 0xff, 0xd8, 0xd0, 0xc8, 0xff,
    0xd8, 0xcc, 0xd0, 0xff, 0xd0, 0xd0, 0xc8, 0xff, 0xd8, 0xcc, 0xd0, 0xff,
    0xd8, 0xcc, 0xc8, 0xff, 0xd0, 0xd0, 0xc8, 0xff, 0xd8, 0xcc, 0xd0, 0xff,
    0xd8, 0xcc, 0xc8, 0xff, 0xd0, 0xd0, 0xc8, 0xff, 0xd8, 0xcc, 0xd0, 0xff,
    0xd8, 0xd0, 0xc8, 0xff, 0xd0, 0xd0, 0xc8, 0xff, 0xd8, 0xcc, 0xd0, 0xff,
    0xd0, 0xd0, 0xc8, 0xff, 0xd8, 0xcc, 0xd0, 0xff, 0xd8, 0xcc, 0xc8, 0xff,
    0xd0, 0xd0, 0xc8, 0xff, 0xd8, 0xcc, 0xd0, 0xff, 0xd8, 0xcc, 0xc8, 0xff,
    0xd0, 0xd0, 0xd0, 0xff, 0xd8, 0xcc, 0xc8, 0xff, 0xd8, 0xd0, 0xc8, 0xff,
    0xd0, 0xcc, 0xd0, 0xff, 0xd8, 0xcc, 0xc8, 0xff, 0xd8, 0xd0, 0xc8, 0xff,
    0xd0, 0xcc, 0xd0, 0xff, 0xd8, 0xd0, 0xc8, 0xff, 0xd0, 0xd0, 0xd0, 0xff,
    0xd8, 0xcc, 0xc8, 0xff, 0xd8, 0xcc, 0xc8, 0xff, 0xd0, 0xd0, 0xd0, 0xff,
    0xd8, 0xcc, 0xc8, 0xff, 0xd8, 0xcc, 0xc8, 0xff, 0xd0, 0xd0, 0xd0, 0xff,
    0xd8, 0xcc, 0xc8, 0xff, 0xd8, 0xd0, 0xc8, 0xff, 0xd0, 0xcc, 0xd0, 0xff,
    0xd8, 0xcc, 0xc8, 0xff, 0xd8, 0xd0, 0xc8, 0xff, 0xd0, 0xcc, 0xd0, 0xff,
    0xd8, 0xcc, 0xc8, 0xff, 0xd0, 0xd0, 0xc8, 0xff, 0xd8, 0xcc, 0xd0, 0xff,
    0xd8, 0xd0, 0xc8, 0xff, 0xd0, 0xd0, 0xd0, 0xff, 0xd8, 0xcc, 0xc8, 0xff,
    0xd8, 0xd0, 0xd0, 0xff, 0xd0, 0xcc, 0xc8, 0xff, 0xd8, 0xd0, 0xd0, 0xff,
    0xd8, 0xcc, 0xc8, 0xff, 0xd0, 0xcc, 0xd0, 0xff, 0xd8, 0xd0, 0xc8, 0xff,
    0xd8, 0xcc, 0xc8, 0xff, 0xd0, 0xd0, 0xc8, 0xff, 0xd8, 0xd0, 0xd0, 0xff,
    0xd0, 0xcc, 0xc8, 0xff, 0xd8, 0xd0, 0xd0, 0xff, 0xd8, 0xcc, 0xc8, 0xff,
    0xd0, 0xcc, 0xc8, 0xff, 0xd8, 0xd0, 0xd0, 0xff, 0xd0, 0xcc, 0xc8, 0xff,
    0xd8, 0xd0, 0xd0, 0xff, 0xd8, 0xd0, 0xc8, 0xff, 0xd0, 0xcc, 0xd0, 0xff,
    0xd8, 0xd0, 0xd0, 0xff, 0xd8, 0xd0, 0xc8, 0xff, 0xd0, 0xcc, 0xc8, 0xff,
    0xd8, 0xd0, 0xd0, 0xff, 0xd8, 0xcc, 0xc8, 0xff, 0xd0, 0xcc, 0xc8, 0xff,
    0xd8, 0xd0, 0xd0, 0xff, 0xd0, 0xcc, 0xc8, 0xff, 0xd8, 0xd0, 0xc8, 0xff,
    0xd0, 0xd0, 0xd0, 0xff, 0xd8, 0xcc, 0xc8, 0xff, 0xd0, 0xd0, 0xc8, 0xff,
    0xd8, 0xd0, 0xd0, 0xff, 0xd8, 0xcc, 0xc8, 0xff, 0xd0, 0xd0, 0xd0, 0xff,
    0xd8, 0xcc, 0xc8, 0xff, 0xd8, 0xcc, 0xc8, 0xff, 0xd0, 0xd0, 0xd0, 0xff,
    0xd0, 0xd0, 0xc8, 0xff, 0xd8, 0xcc, 0xd0, 0xff, 0xd8, 0xd0, 0xc8, 0xff,
    0xd0, 0xcc, 0xc8, 0xff, 0xd8, 0xd0, 0xd0, 0xff, 0xd8, 0xd0, 0xc8, 0xff,
    0xd0, 0xd0, 0xc8, 0xff, 0xd8, 0xcc, 0xc8, 0xff, 0xd0, 0xd0, 0xd0, 0xff,
    0xd8, 0xd0, 0xc8, 0xff, 0xd8, 0xcc, 0xd0, 0xff, 0xd0, 0xd0, 0xc8, 0xff,
    0xd0, 0xcc, 0xc8, 0xf7, 0xd8, 0xd0, 0xc8, 0xff, 0xd0, 0xcc, 0xd0, 0xff,
    0xd8, 0xcc, 0xc8, 0xff, 0xd0, 0xd0, 0xc8, 0xff, 0xd8, 0xd0, 0xd0, 0xff,
    0xd0, 0xcc, 0xc8, 0xff, 0xd8, 0xd0, 0xd0, 0xff, 0xd0, 0xd0, 0xc8, 0xff,
    0xd8, 0xcc, 0xc8, 0xff, 0xd8, 0xcc, 0xd0, 0xff, 0xd0, 0xd0, 0xc8, 0xff,
    0xd8, 0xcc, 0xc8, 0xff, 0xd8, 0xcc, 0xd0, 0xff, 0xd0, 0xd0, 0xc8, 0xff,
    0xd8, 0xd0, 0xc8, 0xff, 0xd8, 0xcc, 0xd0, 0xff, 0xd0, 0xd0, 0xc8, 0xff,
    0xd8, 0xcc, 0xc8, 0xff, 0xd8, 0xd0, 0xd0, 0xff, 0xd0, 0xcc, 0xc8, 0xff,
    0xd8, 0xd0, 0xd0, 0xff, 0xd8, 0xcc, 0xd0, 0xff, 0xd0, 0xcc, 0xc8, 0xff,
    0xd0, 0xcc, 0xc8, 0xff, 0xd8, 0xd0, 0xd0, 0xff, 0xd8, 0xcc, 0xc8, 0xff,
    0xd8, 0xd0, 0xc8, 0xff, 0xd0, 0xd0, 0xd0, 0xff, 0xd8, 0xd0, 0xc8, 0xff,
    0xd0, 0xcc, 0xd0, 0xff, 0xd0, 0xd0, 0xc8, 0xff, 0xd8, 0xd0, 0xc8, 0xff,
    0xd8, 0xcc, 0xd0, 0xff, 0xd0, 0xcc, 0xc8, 0xff, 0xd8, 0xd0, 0xc8, 0xff,
    0xd8, 0xcc, 0xd0, 0xff, 0xd0, 0xcc, 0xc8, 0xff, 0xd0, 0xd0, 0xc8, 0xff,
    0xd8, 0xcc, 0xd0, 0xff, 0xd8, 0xd0, 0xc8, 0xff, 0xd0, 0xcc, 0xc8, 0xff,
    0xd8, 0xd0, 0xc8, 0xff, 0xd0, 0xd0, 0xd0, 0xff, 0xd8, 0xcc, 0xc8, 0xff,
    0xd0, 0xd0, 0xc8, 0xff, 0xd0, 0xd0, 0xd0, 0xff, 0xd8, 0xcc, 0xc8, 0xff,
    0xd8, 0xd0, 0xc8, 0xff, 0xd0, 0xd0, 0xd0, 0xff, 0xd8, 0xcc, 0xc8, 0xff,
    0xd8, 0xd0, 0xc8, 0xff, 0xd0, 0xcc, 0xd0, 0xff, 0xd8, 0xcc, 0xc8, 0xff,
    0xd8, 0xd0, 0xd0, 0xff, 0xd0, 0xcc, 0xc8, 0xff, 0xd8, 0xd0, 0xd0, 0xff,
    0xd8, 0xcc, 0xc8, 0xff, 0xd0, 0xd0, 0xc8, 0xff, 0xd8, 0xd0, 0xd0, 0xff,
    0xd0, 0xcc, 0xc8, 0xff, 0xd8, 0xd0, 0xc8, 0xff, 0xd0, 0xcc, 0xd0, 0xff,
    0xd8, 0xd0, 0xc8, 0xff, 0xd8, 0xcc, 0xc8, 0xff, 0xd0, 0xcc, 0xd0, 0xff,
    0xd8, 0xd0, 0xc8, 0xff, 0xd8, 0xcc, 0xc8, 0xff, 0xd0, 0xcc, 0xd0, 0xff,
    0xd8, 0xd0, 0xc8, 0xff, 0xd8, 0xcc, 0xd0, 0xff, 0xd0, 0xcc, 0xc8, 0xff,
    0xd8, 0xd0, 0xc8, 0xff, 0xd8, 0xcc, 0xd0, 0xff, 0xd8, 0xd0, 0xc8, 0xff,
    0xd0, 0xd0, 0xd0, 0xff, 0xd8, 0xcc, 0xc8, 0xff, 0xd8, 0xd0, 0xc8, 0xff,
    0xd0, 0xd0, 0xd0, 0xff, 0xd8, 0xcc, 0xc8, 0xff, 0xd8, 0xd0, 0xd0, 0xff,
    0xd0, 0xd0, 0xc8, 0xff, 0xd8, 0xcc, 0xd0, 0xff, 0xd0, 0xd0, 0xc8, 0xff,
    0xd8, 0xcc, 0xd0, 0xff, 0xd0, 0xd0, 0xc8, 0xff, 0xd8, 0xcc, 0xd0, 0xff,
    0xd8, 0xcc, 0xc8, 0xff, 0xd0, 0xd0, 0xd0, 0xff, 0xd8, 0xd0, 0xc8, 0xff,
    0xd8, 0xcc, 0xd0, 0xff, 0xd0, 0xd0, 0xc8, 0xff, 0xd8, 0xd0, 0xc8, 0xff,
    0xd0, 0xcc, 0xd0, 0xff, 0xd8, 0xcc, 0xc8, 0xff, 0xd8, 0xd0, 0xc8, 0xff,
    0xd0, 0xd0, 0xd0, 0xff, 0xd8, 0xcc, 0xc8, 0xff, 0xd8, 0xd0, 0xd0, 0xff,
    0xd0, 0xcc, 0xc8, 0xff, 0xd8, 0xd0, 0xc8, 0xff, 0xd8, 0xd0, 0xd0, 0xff,
    0xd0, 0xcc, 0xc8, 0xff, 0xd8, 0xd0, 0xc8, 0xff, 0xd8, 0xcc, 0xd0, 0xff,
    0xd0, 0xd0, 0xc8, 0xff, 0xd0, 0xcc, 0xc8, 0xff, 0xd8, 0xcc, 0xd0, 0xff,
    0xd8, 0xd0, 0xc8, 0xff, 0xd0, 0xd0, 0xc8, 0xff, 0xd8, 0xcc, 0xd0, 0xff,
    0xd8, 0xcc, 0xc8, 0xff, 0xd0, 0xd0, 0xd0, 0xff, 0xd0, 0xcc, 0xc8, 0xff,
    0xd8, 0xd0, 0xc8, 0xff, 0xd0, 0xd0, 0xd0, 0xff, 0xd8, 0xcc, 0xc8, 0xff,
    0xd0, 0xcc, 0xc8, 0xff, 0xd8, 0xd0, 0xd0, 0xff, 0xd8, 0xcc, 0xc8, 0xff,
    0xd8, 0xd0, 0xd0, 0xff, 0xd0, 0xcc, 0xc8, 0xff, 0xd8, 0xd0, 0xc8, 0xff,
    0xd0, 0xcc, 0xd0, 0xff, 0xd0, 0xd0, 0xd0, 0xff, 0xd8, 0xcc, 0xc8, 0xff,
    0xd8, 0xcc, 0xc8, 0xff, 0xd0, 0xd0, 0xd0, 0xff, 0xd8, 0xd0, 0xc8, 0xff,
    0xd8, 0xcc, 0xc8, 0xff, 0xd8, 0xd0, 0xd0, 0xff, 0xd8, 0xcc, 0xc8, 0xff,
    0xd8, 0xd0, 0xd0, 0xff, 0xd0, 0xcc, 0xc8, 0xff, 0xd8, 0xd0, 0xc8, 0xff,
    0xd0, 0xd0, 0xd0, 0xff, 0xd8, 0xcc, 0xc8, 0xff, 0xd8, 0xd0, 0xc8, 0xff,
    0xd0, 0xd0, 0xd0, 0xff, 0xd8, 0xd0, 0xc8, 0xff, 0xd0, 0xcc, 0xc8, 0xff,
    0xd8, 0xd0, 0xd0, 0xff, 0xd8, 0xcc, 0xc8, 0xff, 0xd0, 0xcc, 0xc8, 0xff,
    0xd8, 0xd0, 0xd0, 0xff, 0xd8, 0xcc, 0xc8, 0xff, 0xd0, 0xcc, 0xc8, 0xff,
    0xd8, 0xd0, 0xd0, 0xff, 0xd8, 0xcc, 0xc8, 0xff, 0xd0, 0xd0, 0xc8, 0xff,
    0xd8, 0xcc, 0xd0, 0xff, 0xd8, 0xcc, 0xc8, 0xff, 0xd0, 0xd0, 0xc8, 0xff,
    0xd8, 0xd0, 0xd0, 0xff, 0xd8, 0xcc, 0xc8, 0xff, 0xd0, 0xd0, 0xc8, 0xff,
    0xd0, 0xd0, 0xd0, 0xff, 0xd8, 0xcc, 0xc8, 0xff, 0xd8, 0xd0, 0xd0, 0xff,
    0xd0, 0xd0, 0xc8, 0xff, 0xd8, 0xcc, 0xc8, 0xff, 0xd8, 0xd0, 0xd0, 0xff,
    0xd8, 0xcc, 0xc8, 0xff, 0xd0, 0xcc, 0xc8, 0xff, 0xd8, 0xd0, 0xd0, 0xff,
    0xd8, 0xcc, 0xd0, 0xff, 0xd0, 0xd0, 0xc8, 0xff, 0xd8, 0xd0, 0xd0, 0xff,
    0xd8, 0xcc, 0xc8, 0xff, 0xd0, 0xcc, 0xc8, 0xff, 0xd8, 0xd0, 0xd0, 0xff,
    0xd8, 0xcc, 0xc8, 0xff, 0xd0, 0xcc, 0xc8, 0xff, 0xd8, 0xd0, 0xd0, 0xff,
    0xd0, 0xcc, 0xc8, 0xff, 0xd8, 0xd0, 0xc8, 0xff, 0xd8, 0xcc, 0xd0, 0xff,
    0xd0, 0xd0, 0xc8, 0xff, 0xd0, 0xd0, 0xc8, 0xff, 0xd8, 0xcc, 0xd0, 0xff,
    0xd8, 0xcc, 0xc8, 0xff, 0xd0, 0xd0, 0xc8, 0xff, 0xd8, 0xcc, 0xd0, 0xff,
    0xd8, 0xcc, 0xc8, 0xff, 0xd0, 0xd0, 0xc8, 0xff, 0xd8, 0xd0, 0xd0, 0xff,
    0xd8, 0xcc, 0xd0, 0xff, 0xd0, 0xd0, 0xc8, 0xff, 0xd8, 0xd0, 0xc8, 0xff,
    0xd8, 0xcc, 0xc8, 0xff, 0xd0, 0xd0, 0xc8, 0xff, 0xd8, 0xcc, 0xc8, 0xff,
    0xd8, 0xcc, 0xd0, 0xff, 0xd8, 0xd0, 0xc8, 0xff, 0xd8, 0xcc, 0xd0, 0xff,
    0xd0, 0xcc, 0xc8, 0xff, 0xd8, 0xd0, 0xc8, 0xff, 0xd0, 0xcc, 0xd0, 0xff,
    0xd8, 0xcc, 0xc8, 0xff, 0xd0, 0xd0, 0xd0, 0xff, 0xd8, 0xcc, 0xc8, 0xff,
    0xd8, 0xd0, 0xc8, 0xff, 0xd0, 0xd0, 0xd0, 0xff, 0xd8, 0xcc, 0xc8, 0xff,
    0xd8, 0xd0, 0xd0, 0xff, 0xd0, 0xcc, 0xc8, 0xff, 0xd8, 0xd0, 0xd0, 0xff,
    0xd8, 0xd0, 0xc8, 0xff, 0xd8, 0xcc, 0xc8, 0xff, 0xd0, 0xd0, 0xd0, 0xff,
    0xd8, 0xcc, 0xc8, 0xff, 0xd8, 0xcc, 0xc8, 0xff, 0xd0, 0xd0, 0xd0, 0xff,
    0xd8, 0xcc, 0xc8, 0xff, 0xd8, 0xd0, 0xc8, 0xff, 0xd0, 0xcc, 0xd0, 0xff,
    0xd8, 0xd0, 0xc8, 0xff, 0xd8, 0xcc, 0xc8, 0xff, 0xd0, 0xd0, 0xd0, 0xff,
    0xd8, 0xcc, 0xc8, 0xff, 0xd8, 0xcc, 0xc8, 0xff, 0xd0, 0xd0, 0xc8, 0xff,
    0xd8, 0xcc, 0xd0, 0xff, 0xd8, 0xd0, 0xc8, 0xff, 0xd0, 0xcc, 0xc8, 0xff,
    0xd8, 0xd0, 0xd0, 0xff, 0xd0, 0xcc, 0xc8, 0xff, 0xd8, 0xcc, 0xc8, 0xff,
    0xd8, 0xd0, 0xc8, 0xff, 0xd0, 0xcc, 0xd0, 0xff, 0xd8, 0xd0, 0xc8, 0xff,
    0xd8, 0xd0, 0xc8, 0xff, 0xd8, 0xcc, 0xd0, 0xff, 0xd8, 0xd0, 0xc8, 0xff,
    0xd8, 0xcc, 0xc8, 0xff, 0xd0, 0xcc, 0xd0, 0xff, 0xd8, 0xd0, 0xc8, 0xff,
    0xd8, 0xcc, 0xc8, 0xff, 0xd8, 0xd0, 0xd0, 0xff, 0xd8, 0xd0, 0xc8, 0xff,
    0xd8, 0xcc, 0xd0, 0xff, 0xd0, 0xd0, 0xc8, 0xff, 0xd8, 0xcc, 0xc8, 0xff,
    0xd0, 0xd0, 0xd0, 0xff, 0xd8, 0xd0, 0xc8, 0xff, 0xd0, 0xd0, 0xc8, 0xff,
    0xd8, 0xcc, 0xd0, 0xff, 0xd0, 0xd0, 0xc8, 0xff, 0xd8, 0xd0, 0xc8, 0xff,
    0xd0, 0xcc, 0xd0, 0xff, 0xd8, 0xcc, 0xc8, 0xff, 0xd8, 0xd0, 0xc8, 0xff,
    0xd0, 0xcc, 0xd0, 0xff, 0xd8, 0xd0, 0xc8, 0xff, 0xd8, 0xcc, 0xc8, 0xff,
    0xd0, 0xd0, 0xd0, 0xff, 0xd8, 0xd0, 0xc8, 0xff, 0xd0, 0xcc, 0xd0, 0xff,
    0xd8, 0xd0, 0xc8, 0xff, 0xd8, 0xd0, 0xc8, 0xff, 0xd0, 0xcc, 0xd0, 0xff,
    0xd8, 0xd0, 0xc8, 0xff, 0xd8, 0xcc, 0xc8, 0xff, 0xd0, 0xd0, 0xd0, 0xff,
    0xd8, 0xd0, 0xc8, 0xff, 0xd8, 0xcc, 0xc8, 0xff, 0xd0, 0xd0, 0xd0, 0xff,
    0xd8, 0xcc, 0xc8, 0xff, 0xd8, 0xcc, 0xc8, 0xff, 0xd0, 0xd0, 0xd0, 0xff,
    0xd8, 0xd0, 0xc8, 0xff, 0xd0, 0xcc, 0xc8, 0xff, 0xd8, 0xd0, 0xd0, 0xff,
    0xd0, 0xd0, 0xc8, 0xff, 0xd8, 0xcc, 0xd0, 0xff, 0xd0, 0xd0, 0xc8, 0xff,
    0xd8, 0xcc, 0xc8, 0xff, 0xd8, 0xd0, 0xd0, 0xff, 0xd0, 0xd0, 0xd0, 0xff,
    0xd8, 0xcc, 0xc8, 0xff, 0xd0, 0xd0, 0xc8, 0xff, 0xd8, 0xd0, 0xd0, 0xff,
    0xd8, 0xcc, 0xc8, 0xff, 0xd0, 0xd0, 0xd0, 0xff, 0xd8, 0xcc, 0xc8, 0xff,
    0xd8, 0xcc, 0xc8, 0xff, 0xd0, 0xd0, 0xd0, 0xff, 0xd8, 0xcc, 0xc8, 0xff,
    0xd8, 0xd0, 0xc8, 0xff, 0xd0, 0xd0, 0xd0, 0xff, 0xd8, 0xcc, 0xc8, 0xff,
    0xd8, 0xd0, 0xc8, 0xff, 0xd0, 0xd0, 0xd0, 0xff, 0xd8, 0xcc, 0xd0, 0xff,
    0xd8, 0xcc, 0xc8, 0xff, 0xd8, 0xd0, 0xc8, 0xff, 0xd0, 0xcc, 0xd0, 0xff,
    0xd8, 0xd0, 0xc8, 0xff, 0xd0, 0xd0, 0xc8, 0xff, 0xd8, 0xcc, 0xd0, 0xff,
    0xd8, 0xd0, 0xc8, 0xff, 0xd0, 0xcc, 0xc8, 0xff, 0xd8, 0xcc, 0xd0, 0xff,
    0xd8, 0xd0, 0xc8, 0xff, 0xd0, 0xcc, 0xc8, 0xff, 0xd8, 0xcc, 0xc8, 0xff,
    0xd0, 0xd0, 0xd0, 0xff, 0xd8, 0xcc, 0xc8, 0xff, 0xd8, 0xd0, 0xc8, 0xff,
    0xd0, 0xd0, 0xd0, 0xff, 0xd8, 0xcc, 0xc8, 0xff, 0xd8, 0xd0, 0xc8, 0xff,
    0xd0, 0xcc, 0xd0, 0xff, 0xd8, 0xcc, 0xc8, 0xff, 0xd8, 0xd0, 0xd0, 0xff,
    0xd8, 0xcc, 0xc8, 0xff, 0xd0, 0xcc, 0xc8, 0xff, 0xd8, 0xd0, 0xd0, 0xff,
    0xd8, 0xcc, 0xc8, 0xff, 0xd0, 0xd0, 0xc8, 0xff, 0xd8, 0xcc, 0xd0, 0xff,
    0xd0, 0xd0, 0xc8, 0xff, 0xd8, 0xcc, 0xd0, 0xff, 0xd8, 0xcc, 0xc8, 0xff,
    0xd8, 0xd0, 0xc8, 0xff, 0xd0, 0xcc, 0xd0, 0xff, 0xd8, 0xd0, 0xc8, 0xff,
    0xd8, 0xcc, 0xd0, 0xff, 0xd0, 0xcc, 0xc8, 0xff, 0xd8, 0xd0, 0xd0, 0xff,
    0xd8, 0xcc, 0xc8, 0xff, 0xd0, 0xd0, 0xd0, 0xff, 0xd8, 0xcc, 0xc8, 0xff,
    0xd8, 0xcc, 0xc8, 0xff, 0xd0, 0xd0, 0xd0, 0xff, 0xd0, 0xcc, 0xc8, 0xf7,
    0xc8, 0xc0, 0xc0, 0xd7, 0xd8, 0xd0, 0xc8, 0xff, 0xd8, 0xd0, 0xd0, 0xff,
    0xd0, 0xcc, 0xc8, 0xff, 0xd8, 0xcc, 0xd0, 0xff, 0xd8, 0xd0, 0xc8, 0xff,
    0xd0, 0xcc, 0xc8, 0xff, 0xd8, 0xd0, 0xd0, 0xff, 0xd8, 0xd0, 0xc8, 0xff,
    0xd0, 0xcc, 0xd0, 0xff, 0xd8, 0xd0, 0xc8, 0xff, 0xd8, 0xd0, 0xd0, 0xff,
    0xd0, 0xcc, 0xc8, 0xff, 0xd8, 0xd0, 0xc8, 0xff, 0xd8, 0xcc, 0xd0, 0xff,
    0xd0, 0xcc, 0xc8, 0xff, 0xd8, 0xd0, 0xd0, 0xff, 0xd8, 0xd0, 0xc8, 0xff,
    0xd0, 0xcc, 0xc8, 0xff, 0xd8, 0xd0, 0xd0, 0xff, 0xd0, 0xcc, 0xc8, 0xff,
    0xd8, 0xd0, 0xc8, 0xff, 0xd8, 0xd0, 0xd0, 0xff, 0xd0, 0xcc, 0xc8, 0xff,
    0xd8, 0xd0, 0xd0, 0xff, 0xd8, 0xcc, 0xc8, 0xff, 0xd0, 0xd0, 0xc8, 0xff,
    0xd8, 0xcc, 0xd0, 0xff, 0xd8, 0xcc, 0xc8, 0xff, 0xd8, 0xd0, 0xc8, 0xff,
    0xd8, 0xcc, 0xd0, 0xff, 0xd0, 0xcc, 0xc8, 0xff, 0xd8, 0xd0, 0xc8, 0xff,
    0xd8, 0xd0, 0xd0, 0xff, 0xd0, 0xcc, 0xc8, 0xff, 0xd8, 0xd0, 0xc8, 0xff,
    0xd8, 0xcc, 0xd0, 0xff, 0xd0, 0xd0, 0xc8, 0xff, 0xd8, 0xcc, 0xd0, 0xff,
    0xd0, 0xd0, 0xc8, 0xff, 0xd8, 0xcc, 0xd0, 0xff, 0xd8, 0xcc, 0xc8, 0xff,
    0xd0, 0xd0, 0xd0, 0xff, 0xd8, 0xcc, 0xc8, 0xff, 0xd8, 0xcc, 0xd0, 0xff,
    0xd8, 0xd0, 0xc8, 0xff, 0xd0, 0xcc, 0xd0, 0xff, 0xd8, 0xcc, 0xc8, 0xff,
    0xd8, 0xd0, 0xc8, 0xff, 0xd0, 0xcc, 0xd0, 0xff, 0xd8, 0xd0, 0xc8, 0xff,
    0xd8, 0xd0, 0xc8, 0xff, 0xd0, 0xcc, 0xd0, 0xff, 0xd8, 0xd0, 0xc8, 0xff,
    0xd0, 0xcc, 0xc8, 0xff, 0xd8, 0xd0, 0xd0, 0xff, 0xd0, 0xcc, 0xc8, 0xff,
    0xd8, 0xd0, 0xd0, 0xff, 0xd8, 0xcc, 0xc8, 0xff, 0xd0, 0xcc, 0xd0, 0xff,
    0xd8, 0xd0, 0xc8, 0xff, 0xd8, 0xd0, 0xc8, 0xff, 0xd0, 0xcc, 0xd0, 0xff,
    0xd8, 0xd0, 0xc8, 0xff, 0xd8, 0xd0, 0xc8, 0xff, 0xd0, 0xcc, 0xd0, 0xff,
    0xd8, 0xd0, 0xc8, 0xff, 0xd0, 0xd0, 0xc8, 0xff, 0xd8, 0xcc, 0xd0, 0xff,
    0xd0, 0xd0, 0xc8, 0xff, 0xd8, 0xcc, 0xc8, 0xff, 0xd8, 0xd0, 0xd0, 0xff,
    0xd0, 0xcc, 0xc8, 0xff, 0xd8, 0xcc, 0xc8, 0xff, 0xd0, 0xd0, 0xd0, 0xff,
    0xd8, 0xcc, 0xc8, 0xff, 0xd8, 0xcc, 0xc8, 0xff, 0xd0, 0xd0, 0xd0, 0xff,
    0xd8, 0xcc, 0xc8, 0xff, 0xd8, 0xcc, 0xc8, 0xff, 0xd0, 0xd0, 0xd0, 0xff,
    0xd8, 0xcc, 0xc8, 0xff, 0xd8, 0xd0, 0xc8, 0xff, 0xd8, 0xcc, 0xd0, 0xff,
    0xd0, 0xd0, 0xc8, 0xff, 0xd8, 0xcc, 0xc8, 0xff, 0xd8, 0xd0, 0xc8, 0xff,
    0xd0, 0xcc, 0xd0, 0xff, 0xd8, 0xcc, 0xc8, 0xff, 0xd0, 0xd0, 0xc8, 0xff,
    0xd8, 0xcc, 0xd0, 0xff, 0xd8, 0xcc, 0xc8, 0xff, 0xd0, 0xd0, 0xc8, 0xff,
    0xd8, 0xd0, 0xd0, 0xff, 0xd0, 0xcc, 0xc8, 0xff, 0xd8, 0xcc, 0xc8, 0xff,
    0xd0, 0xd0, 0xd0, 0xff, 0xd8, 0xd0, 0xc8, 0xff, 0xd8, 0xcc, 0xc8, 0xff,
    0xd0, 0xcc, 0xd0, 0xff, 0xd8, 0xd0, 0xc8, 0xff, 0xd0, 0xcc, 0xd0, 0xff,
    0xd8, 0xd0, 0xc8, 0xff, 0xd8, 0xcc, 0xd0, 0xff, 0xd0, 0xd0, 0xc8, 0xff,
    0xd8, 0xd0, 0xc8, 0xff, 0xd8, 0xcc, 0xd0, 0xff, 0xd0, 0xcc, 0xc8, 0xff,
    0xd8, 0xd0, 0xc8, 0xff, 0xd8, 0xd0, 0xd0, 0xff, 0xd0, 0xcc, 0xc8, 0xff,
    0xd8, 0xd0, 0xc8, 0xff, 0xd8, 0xd0, 0xd0, 0xff, 0xd0, 0xcc, 0xc8, 0xff,
    0xd8, 0xcc, 0xd0, 0xff, 0xd8, 0xd0, 0xc8, 0xff, 0xd0, 0xd0, 0xd0, 0xff,
    0xd8, 0xd0, 0xc8, 0xff, 0xd0, 0xcc, 0xc8, 0xff, 0xd8, 0xd0, 0xd0, 0xff,
    0xd0, 0xcc, 0xc8, 0xff, 0xd8, 0xcc, 0xc8, 0xff, 0xd8, 0xd0, 0xd0, 0xff,
    0xd8, 0xd0, 0xc8, 0xff, 0xd8, 0xcc, 0xc8, 0xff, 0xd0, 0xd0, 0xd0, 0xff,
    0xd8, 0xcc, 0xc8, 0xff, 0xd0, 0xcc, 0xd0, 0xff, 0xd0, 0xcc, 0xc8, 0xff,
    0xd0, 0xd0, 0xd0, 0xff, 0xd0, 0xcc, 0xc8, 0xff, 0xd8, 0xd0, 0xc8, 0xff,
    0xd8, 0xcc, 0xd0, 0xff, 0xd8, 0xd0, 0xc8, 0xff, 0xd0, 0xcc, 0xc8, 0xff,
    0xd8, 0xd0, 0xd0, 0xff, 0xd0, 0xcc, 0xc8, 0xff, 0xd8, 0xcc, 0xd0, 0xff,
    0xd8, 0xcc, 0xd0, 0xff, 0xd0, 0xd0, 0xc8, 0xff, 0xd8, 0xd0, 0xc8, 0xff,
    0xd0, 0xcc, 0xd0, 0xff, 0xd8, 0xd0, 0xc8, 0xff, 0xd0, 0xd0, 0xc8, 0xff,
    0xd8, 0xcc, 0xd0, 0xff, 0xd8, 0xd0, 0xc8, 0xff, 0xd0, 0xcc, 0xc8, 0xff,
    0xd8, 0xd0, 0xd0, 0xff, 0xd8, 0xd0, 0xd0, 0xff, 0xd0, 0xcc, 0xc8, 0xff,
    0xd8, 0xd0, 0xc8, 0xff, 0xd8, 0xcc, 0xc8, 0xff, 0xd0, 0xcc, 0xc8, 0xff,
    0xd8, 0xd0, 0xd0, 0xff, 0xd8, 0xcc, 0xc8, 0xff, 0xd0, 0xcc, 0xd0, 0xff,
    0xd8, 0xd0, 0xc8, 0xff, 0xd8, 0xcc, 0xc8, 0xff, 0xd0, 0xcc, 0xd0, 0xff,
    0xd8, 0xd0, 0xc8, 0xff, 0xd8, 0xcc, 0xd0, 0xff, 0xd0, 0xd0, 0xc8, 0xff,
    0xd8, 0xd0, 0xd0, 0xff, 0xd8, 0xcc, 0xc8, 0xff, 0xd0, 0xcc, 0xc8, 0xff,
    0xd8, 0xd0, 0xc8, 0xff, 0xd0, 0xcc, 0xd0, 0xff, 0xd8, 0xd0, 0xc8, 0xff,
    0xd0, 0xcc, 0xc8, 0xff, 0xd8, 0xd0, 0xd0, 0xff, 0xd0, 0xd0, 0xc8, 0xff,
    0xd8, 0xcc, 0xc8, 0xff, 0xd8, 0xd0, 0xd0, 0xff, 0xd0, 0xcc, 0xc8, 0xff,
    0xd8, 0xcc, 0xc8, 0xff, 0xd8, 0xd0, 0xd0, 0xff, 0xd8, 0xcc, 0xc8, 0xff,
    0xd8, 0xcc, 0xc8, 0xff, 0xd0, 0xd0, 0xd0, 0xff, 0xd8, 0xd0, 0xc8, 0xff,
    0xd0, 0xcc, 0xc8, 0xff, 0xd8, 0xd0, 0xd0, 0xff, 0xd8, 0xd0, 0xc8, 0xff,
    0xd0, 0xcc, 0xc8, 0xff, 0xd8, 0xcc, 0xd0, 0xff, 0xd0, 0xd0, 0xc8, 0xff,
    0xd8, 0xcc, 0xc8, 0xff, 0xd0, 0xcc, 0xd0, 0xff, 0xd8, 0xd0, 0xd0, 0xff,
    0xd8, 0xcc, 0xc8, 0xff, 0xd0, 0xd0, 0xc8, 0xff, 0xd0, 0xd0, 0xd0, 0xff,
    0xd8, 0xcc, 0xc8, 0xff, 0xd0, 0xd0, 0xc8, 0xff, 0xd8, 0xcc, 0xd0, 0xff,
    0xd8, 0xd0, 0xc8, 0xff, 0xd0, 0xd0, 0xc8, 0xff, 0xd8, 0xcc, 0xd0, 0xff,
    0xd8, 0xd0, 0xc8, 0xff, 0xd0, 0xcc, 0xd0, 0xff, 0xd8, 0xcc, 0xc8, 0xff,
    0xd8, 0xd0, 0xd0, 0xff, 0xd0, 0xcc, 0xc8, 0xff, 0xd0, 0xd0, 0xc8, 0xff,
    0xd8, 0xcc, 0xc8, 0xff, 0xd8, 0xcc, 0xd0, 0xff, 0xd0, 0xd0, 0xc8, 0xff,
    0xd8, 0xcc, 0xc8, 0xff, 0xd8, 0xd0, 0xd0, 0xff, 0xd0, 0xd0, 0xc8, 0xff,
    0xd8, 0xcc, 0xd0, 0xff, 0xd0, 0xd0, 0xc8, 0xff, 0xd8, 0xd0, 0xd0, 0xff,
    0xd0, 0xcc, 0xc8, 0xff, 0xd8, 0xd0, 0xc8, 0xff, 0xd8, 0xcc, 0xd0, 0xff,
    0xd0, 0xcc, 0xc8, 0xff, 0xd8, 0xd0, 0xc8, 0xff, 0xd0, 0xd0, 0xd0, 0xff,
    0xd8, 0xd0, 0xc8, 0xff, 0xd8, 0xcc, 0xc8, 0xff, 0xd0, 0xd0, 0xd0, 0xff,
    0xd8, 0xcc, 0xc8, 0xff, 0xd0, 0xcc, 0xc8, 0xff, 0xd8, 0xd0, 0xd0, 0xff,
    0xd8, 0xd0, 0xd0, 0xff, 0xd0, 0xcc, 0xc8, 0xff, 0xd8, 0xd0, 0xc8, 0xff,
    0xd0, 0xcc, 0xd0, 0xff, 0xd8, 0xcc, 0xc8, 0xff, 0xd0, 0xcc, 0xc8, 0xff,
    0xd0, 0xcc, 0xd0, 0xff, 0xd8, 0xd0, 0xc8, 0xff, 0xd8, 0xd0, 0xd0, 0xff,
    0xd0, 0xcc, 0xc8, 0xff, 0xd8, 0xd0, 0xd0, 0xff, 0xd0, 0xcc, 0xc8, 0xff,
    0xd0, 0xcc, 0xd0, 0xff, 0xd8, 0xd0, 0xc8, 0xff, 0xd0, 0xcc, 0xc8, 0xff,
    0xd8, 0xd0, 0xd0, 0xff, 0xd8, 0xcc, 0xc8, 0xff, 0xd0, 0xcc, 0xc8, 0xff,
    0xd8, 0xcc, 0xd0, 0xff, 0xd8, 0xd0, 0xc8, 0xff, 0xd8, 0xcc, 0xc8, 0xff,
    0xd0, 0xcc, 0xd0, 0xff, 0xd8, 0xd0, 0xc8, 0xff, 0xd8, 0xd0, 0xc8, 0xff,
    0xd0, 0xcc, 0xd0, 0xff, 0xd8, 0xd0, 0xc8, 0xff, 0xd0, 0xd0, 0xd0, 0xff,
    0xd8, 0xcc, 0xd0, 0xff, 0xd8, 0xcc, 0xc8, 0xff, 0xd0, 0xd0, 0xc8, 0xff,
    0xd8, 0xcc, 0xd0, 0xff, 0xd8, 0xd0, 0xc8, 0xff, 0xd0, 0xcc, 0xc8, 0xff,
    0xd8, 0xcc, 0xd0, 0xff, 0xd8, 0xd0, 0xc8, 0xff, 0xd0, 0xd0, 0xd0, 0xff,
    0xd8, 0xcc, 0xc8, 0xff, 0xd0, 0xcc, 0xd0, 0xff, 0xd8, 0xd0, 0xc8, 0xff,
    0xd8, 0xcc, 0xc8, 0xff, 0xd0, 0xd0, 0xd0, 0xff, 0xd0, 0xd0, 0xc8, 0xff,
    0xd8, 0xcc, 0xc8, 0xff, 0xd8, 0xcc, 0xd0, 0xff, 0xd0, 0xd0, 0xc8, 0xff,
    0xd8, 0xcc, 0xd0, 0xff, 0xd8, 0xcc, 0xc8, 0xff, 0xd0, 0xd0, 0xc8, 0xff,
    0xd8, 0xcc, 0xd0, 0xff, 0xd8, 0xd0, 0xc8, 0xff, 0xd0, 0xcc, 0xc8, 0xff,
    0xd8, 0xd0, 0xd0, 0xff, 0xd0, 0xcc, 0xc8, 0xff, 0xd8, 0xd0, 0xc8, 0xff,
    0xd8, 0xcc, 0xd0, 0xff, 0xd0, 0xcc, 0xc8, 0xff, 0xd8, 0xd0, 0xc8, 0xff,
    0xd8, 0xd0, 0xd0, 0xff, 0xd0, 0xcc, 0xc8, 0xff, 0xd8, 0xd0, 0xc8, 0xff,
    0xd0, 0xcc, 0xd0, 0xff, 0xd8, 0xd0, 0xc8, 0xff, 0xd8, 0xcc, 0xc8, 0xff,
    0xd0, 0xcc, 0xd0, 0xff, 0xd0, 0xd0, 0xc8, 0xff, 0xd8, 0xcc, 0xc8, 0xff,
    0xd0, 0xcc, 0xc8, 0xff, 0xd8, 0xd0, 0xc8, 0xff, 0xd0, 0xcc, 0xd0, 0xff,
    0xd8, 0xd0, 0xc8, 0xff, 0xd0, 0xcc, 0xc8, 0xff, 0xd8, 0xcc, 0xd0, 0xff,
    0xd8, 0xd0, 0xc8, 0xff, 0xd0, 0xcc, 0xc8, 0xff, 0xd8, 0xd0, 0xd0, 0xff,
    0xd8, 0xd0, 0xc8, 0xff, 0xd0, 0xcc, 0xc8, 0xff, 0xd8, 0xd0, 0xd0, 0xff,
    0xd0, 0xd0, 0xc8, 0xff, 0xd8, 0xcc, 0xc8, 0xff, 0xd8, 0xd0, 0xd0, 0xff,
    0xd0, 0xcc, 0xc8, 0xff, 0xd8, 0xcc, 0xc8, 0xff, 0xd8, 0xd0, 0xd0, 0xff,
    0xd0, 0xcc, 0xc8, 0xff, 0xd8, 0xd0, 0xc8, 0xff, 0xd8, 0xd0, 0xd0, 0xff,
    0xd0, 0xcc, 0xc8, 0xff, 0xd8, 0xd0, 0xc8, 0xff, 0xd8, 0xd0, 0xd0, 0xff,
    0xd0, 0xcc, 0xc8, 0xff, 0xd8, 0xd0, 0xd0, 0xff, 0xd8, 0xcc, 0xc8, 0xff,
    0xd0, 0xd0, 0xc8, 0xff, 0xd8, 0xcc, 0xd0, 0xff, 0xd8, 0xd0, 0xc8, 0xff,
    0xd0, 0xd0, 0xc8, 0xff, 0xd0, 0xcc, 0xd0, 0xff, 0xd8, 0xd0, 0xc8, 0xff,
    0xd8, 0xcc, 0xc8, 0xff, 0xd0, 0xd0, 0xd0, 0xff, 0xd8, 0xcc, 0xc8, 0xff,
    0xd8, 0xd0, 0xc8, 0xff, 0xd0, 0xcc, 0xd0, 0xff, 0xd8, 0xcc, 0xc8, 0xff,
    0xd8, 0xd0, 0xc8, 0xff, 0xd0, 0xcc, 0xd0, 0xff, 0xd8, 0xd0, 0xc8, 0xff,
    0xd8, 0xd0, 0xc8, 0xff, 0xd0, 0xcc, 0xd0, 0xff, 0xc8, 0xc0, 0xc0, 0xd7,
    0xb0, 0xac, 0xa8, 0x86, 0xd8, 0xcc, 0xc8, 0xff, 0xd0, 0xd0, 0xc8, 0xff,
    0xd8, 0xcc, 0xd0, 0xff, 0xd8, 0xd0, 0xc8, 0xff, 0xd0, 0xcc, 0xc8, 0xff,
    0xd8, 0xcc, 0xd0, 0xff, 0xd8, 0xcc, 0xc8, 0xff, 0xd0, 0xd0, 0xc8, 0xff,
    0xd8, 0xcc, 0xd0, 0xff, 0xd8, 0xcc, 0xc8, 0xff, 0xd0, 0xd0, 0xc8, 0xff,
    0xd8, 0xd0, 0xd0, 0xff, 0xd0, 0xcc, 0xc8, 0xff, 0xd8, 0xd0, 0xc8, 0xff,
    0xd0, 0xcc, 0xd0, 0xff, 0xd8, 0xd0, 0xc8, 0xff, 0xd8, 0xcc, 0xd0, 0xff,
    0xd0, 0xcc, 0xc8, 0xff, 0xd8, 0xd0, 0xc8, 0xff, 0xd8, 0xcc, 0xd0, 0xff,
    0xd0, 0xcc, 0xc8, 0xff, 0xd8, 0xd0, 0xc8, 0xff, 0xd8, 0xd0, 0xc8, 0xff,
    0xd0, 0xcc, 0xd0, 0xff, 0xd8, 0xd0, 0xc8, 0xff, 0xd0, 0xd0, 0xc8, 0xff,
    0xd0, 0xcc, 0xd0, 0xff, 0xd8, 0xcc, 0xc8, 0xff, 0xd0, 0xd0, 0xc8, 0xff,
    0xd8, 0xd0, 0xd0, 0xff, 0xd8, 0xcc, 0xc8, 0xff, 0xd0, 0xcc, 0xd0, 0xff,
    0xd8, 0xd0, 0xc8, 0xff, 0xd0, 0xcc, 0xd0, 0xff, 0xd8, 0xd0, 0xc8, 0xff,
    0xd0, 0xd0, 0xc8, 0xff, 0xd8, 0xcc, 0xd0, 0xff, 0xd8, 0xd0, 0xc8, 0xff,
    0xd0, 0xd0, 0xc8, 0xff, 0xd8, 0xcc, 0xd0, 0xff, 0xd8, 0xd0, 0xc8, 0xff,
    0xd0, 0xd0, 0xc8, 0xff, 0xd8, 0xcc, 0xd0, 0xff, 0xd8, 0xd0, 0xc8, 0xff,
    0xd0, 0xd0, 0xc8, 0xff, 0xd8, 0xcc, 0xd0, 0xff, 0xd8, 0xd0, 0xc8, 0xff,
    0xd0, 0xcc, 0xd0, 0xff, 0xd8, 0xcc, 0xc8, 0xff, 0xd0, 0xd0, 0xc8, 0xff,
    0xd8, 0xcc, 0xd0, 0xff, 0xd8, 0xd0, 0xc8, 0xff, 0xd0, 0xcc, 0xc8, 0xff,
    0xd8, 0xd0, 0xd0, 0xff, 0xd8, 0xcc, 0xc8, 0xff, 0xd0, 0xd0, 0xc8, 0xff,
    0xd8, 0xcc, 0xc8, 0xff, 0xd8, 0xd0, 0xd0, 0xff, 0xd0, 0xcc, 0xc8, 0xff,
    0xd8, 0xcc, 0xd0, 0xff, 0xd8, 0xd0, 0xc8, 0xff, 0xd0, 0xcc, 0xc8, 0xff,
    0xd8, 0xcc, 0xd0, 0xff, 0xd0, 0xd0, 0xc8, 0xff, 0xd8, 0xcc, 0xd0, 0xff,
    0xd8, 0xcc, 0xc8, 0xff, 0xd0, 0xd0, 0xd0, 0xff, 0xd8, 0xd0, 0xc8, 0xff,
    0xd8, 0xcc, 0xc8, 0xff, 0xd0, 0xd0, 0xd0, 0xff, 0xd8, 0xd0, 0xc8, 0xff,
    0xd0, 0xcc, 0xd0, 0xff, 0xd8, 0xd0, 0xc8, 0xff, 0xd8, 0xd0, 0xc8, 0xff,
    0xd0, 0xcc, 0xd0, 0xff, 0xd8, 0xd0, 0xc8, 0xff, 0xd0, 0xd0, 0xd0, 0xff,
    0xd8, 0xcc, 0xc8, 0xff, 0xd0, 0xd0, 0xc8, 0xff, 0xd8, 0xcc, 0xd0, 0xff,
    0xd0, 0xcc, 0xc8, 0xff, 0xd8, 0xd0, 0xc8, 0xff, 0xd0, 0xd0, 0xd0, 0xff,
    0xd8, 0xcc, 0xc8, 0xff, 0xd8, 0xd0, 0xd0, 0xff, 0xd0, 0xd0, 0xc8, 0xff,
    0xd8, 0xcc, 0xc8, 0xff, 0xd8, 0xd0, 0xd0, 0xff, 0xd0, 0xd0, 0xc8, 0xff,
    0xd8, 0xcc, 0xc8, 0xff, 0xd8, 0xcc, 0xd0, 0xff, 0xd0, 0xd0, 0xc8, 0xff,
    0xd8, 0xd0, 0xd0, 0xff, 0xd8, 0xcc, 0xc8, 0xff, 0xd0, 0xcc, 0xd0, 0xff,
    0xd8, 0xd0, 0xc8, 0xff, 0xd8, 0xcc, 0xc8, 0xff, 0xd0, 0xd0, 0xd0, 0xff,
    0xd8, 0xd0, 0xc8, 0xff, 0xd8, 0xcc, 0xc8, 0xff, 0xd0, 0xd0, 0xc8, 0xff,
    0xd8, 0xcc, 0xd0, 0xff, 0xd0, 0xcc, 0xc8, 0xff, 0xd8, 0xd0, 0xc8, 0xff,
    0xd8, 0xcc, 0xd0, 0xff, 0xd0, 0xd0, 0xd0, 0xff, 0xd8, 0xd0, 0xc8, 0xff,
    0xd0, 0xcc, 0xc8, 0xff, 0xd8, 0xcc, 0xd0, 0xff, 0xd0, 0xd0, 0xc8, 0xff,
    0xd8, 0xcc, 0xc8, 0xff, 0xd8, 0xd0, 0xd0, 0xff, 0xd0, 0xcc, 0xc8, 0xff,
    0xd8, 0xcc, 0xc8, 0xff, 0xd8, 0xd0, 0xd0, 0xff, 0xd0, 0xcc, 0xc8, 0xff,
    0xd8, 0xcc, 0xd0, 0xff, 0xd8, 0xd0, 0xc8, 0xff, 0xd0, 0xd0, 0xc8, 0xff,
    0xd8, 0xcc, 0xd0, 0xff, 0xd0, 0xd0, 0xc8, 0xff, 0xd8, 0xcc, 0xd0, 0xff,
    0xd8, 0xcc, 0xc8, 0xff, 0xd0, 0xd0, 0xc8, 0xff, 0xd8, 0xd0, 0xd0, 0xff,
    0xd8, 0xd0, 0xc8, 0xff, 0xd8, 0xcc, 0xc8, 0xff, 0xd8, 0xd0, 0xd0, 0xff,
    0xd8, 0xd0, 0xc8, 0xff, 0xd0, 0xcc, 0xc8, 0xff, 0xd0, 0xcc, 0xd0, 0xff,
    0xd8, 0xd0, 0xc8, 0xff, 0xd0, 0xcc, 0xd0, 0xff, 0xd8, 0xd0, 0xc8, 0xff,
    0xd8, 0xcc, 0xc8, 0xff, 0xd0, 0xd0, 0xd0, 0xff, 0xd8, 0xcc, 0xc8, 0xff,
    0xd8, 0xcc, 0xc8, 0xff, 0xd0, 0xd0, 0xd0, 0xff, 0xd8, 0xcc, 0xc8, 0xff,
    0xd8, 0xcc, 0xd0, 0xff, 0xd0, 0xd0, 0xc8, 0xff, 0xd8, 0xcc, 0xd0, 0xff,
    0xd8, 0xd0, 0xc8, 0xff, 0xd0, 0xcc, 0xd0, 0xff, 0xd8, 0xd0, 0xc8, 0xff,
    0xd0, 0xcc, 0xc8, 0xff, 0xd8, 0xcc, 0xd0, 0xff, 0xd8, 0xd0, 0xc8, 0xff,
    0xd0, 0xd0, 0xd0, 0xff, 0xd8, 0xcc, 0xd0, 0xff, 0xd0, 0xd0, 0xc8, 0xff,
    0xd8, 0xd0, 0xc8, 0xff, 0xd8, 0xcc, 0xd0, 0xff, 0xd0, 0xd0, 0xc8, 0xff,
    0xd8, 0xd0, 0xc8, 0xff, 0xd8, 0xcc, 0xd0, 0xff, 0xd0, 0xd0, 0xc8, 0xff,
    0xd8, 0xcc, 0xc8, 0xff, 0xd0, 0xcc, 0xd0, 0xff, 0xd8, 0xd0, 0xc8, 0xff,
    0xd0, 0xd0, 0xc8, 0xff, 0xd8, 0xcc, 0xd0, 0xff, 0xd8, 0xd0, 0xc8, 0xff,
    0xd0, 0xd0, 0xc8, 0xff, 0xd8, 0xcc, 0xd0, 0xff, 0xd8, 0xcc, 0xc8, 0xff,
    0xd0, 0xd0, 0xc8, 0xff, 0xd8, 0xcc, 0xd0, 0xff, 0xd8, 0xcc, 0xc8, 0xff,
    0xd0, 0xd0, 0xd0, 0xff, 0xd8, 0xd0, 0xc8, 0xff, 0xd8, 0xcc, 0xc8, 0xff,
    0xd0, 0xd0, 0xd0, 0xff, 0xd0, 0xd0, 0xd0, 0xff, 0xd8, 0xcc, 0xc8, 0xff,
    0xd8, 0xcc, 0xc8, 0xff, 0xd8, 0xd0, 0xd0, 0xff, 0xd0, 0xcc, 0xc8, 0xff,
    0xd8, 0xcc, 0xd0, 0xff, 0xd8, 0xd0, 0xc8, 0xff, 0xd0, 0xd0, 0xd0, 0xff,
    0xd8, 0xcc, 0xc8, 0xff, 0xd8, 0xd0, 0xd0, 0xff, 0xd0, 0xd0, 0xc8, 0xff,
    0xd8, 0xcc, 0xc8, 0xff, 0xd8, 0xd0, 0xc8, 0xff, 0xd0, 0xcc, 0xd0, 0xff,
    0xd8, 0xcc, 0xc8, 0xff, 0xd8, 0xd0, 0xd0, 0xff, 0xd8, 0xcc, 0xd0, 0xff,
    0xd0, 0xd0, 0xc8, 0xff, 0xd8, 0xcc, 0xc8, 0xff, 0xd0, 0xd0, 0xd0, 0xff,
    0xd8, 0xcc, 0xc8, 0xff, 0xd8, 0xcc, 0xd0, 0xff, 0xd0, 0xd0, 0xc8, 0xff,
    0xd8, 0xd0, 0xc8, 0xff, 0xd8, 0xcc, 0xc8, 0xff, 0xd0, 0xd0, 0xd0, 0xff,
    0xd8, 0xcc, 0xc8, 0xff, 0xd8, 0xcc, 0xd0, 0xff, 0xd0, 0xd0, 0xc8, 0xff,
    0xd8, 0xd0, 0xd0, 0xff, 0xd8, 0xcc, 0xc8, 0xff, 0xd0, 0xd0, 0xc8, 0xff,
    0xd0, 0xcc, 0xd0, 0xff, 0xd8, 0xcc, 0xc8, 0xff, 0xd8, 0xd0, 0xc8, 0xff,
    0xd0, 0xcc, 0xd0, 0xff, 0xd8, 0xd0, 0xc8, 0xff, 0xd8, 0xcc, 0xc8, 0xff,
    0xd0, 0xd0, 0xd0, 0xff, 0xd8, 0xcc, 0xc8, 0xff, 0xd0, 0xd0, 0xd0, 0xff,
    0xd8, 0xd0, 0xc8, 0xff, 0xd8, 0xcc, 0xd0, 0xff, 0xd0, 0xcc, 0xc8, 0xff,
    0xd8, 0xd0, 0xd0, 0xff, 0xd0, 0xcc, 0xc8, 0xff, 0xd8, 0xd0, 0xd0, 0xff,
    0xd8, 0xd0, 0xc8, 0xff, 0xd0, 0xcc, 0xc8, 0xff, 0xd8, 0xd0, 0xd0, 0xff,
    0xd8, 0xcc, 0xc8, 0xff, 0xd0, 0xd0, 0xc8, 0xff, 0xd8, 0xd0, 0xd0, 0xff,
    0xd8, 0xd0, 0xd0, 0xff, 0xd8, 0xd0, 0xc8, 0xff, 0xd8, 0xd0, 0xc8, 0xff,
    0xd0, 0xcc, 0xd0, 0xff, 0xd8, 0xcc, 0xc8, 0xff, 0xd0, 0xd0, 0xc8, 0xff,
    0xd8, 0xcc, 0xd0, 0xff, 0xd8, 0xd0, 0xc8, 0xff, 0xd8, 0xd0, 0xc8, 0xff,
    0xd0, 0xcc, 0xd0, 0xff, 0xd8, 0xcc, 0xc8, 0xff, 0xd0, 0xd0, 0xc8, 0xff,
    0xd8, 0xcc, 0xd0, 0xff, 0xd8, 0xd0, 0xc8, 0xff, 0xd0, 0xd0, 0xd0, 0xff,
    0xd8, 0xcc, 0xc8, 0xff, 0xd0, 0xd0, 0xc8, 0xff, 0xd8, 0xcc, 0xd0, 0xff,
    0xd8, 0xd0, 0xd0, 0xff, 0xd0, 0xcc, 0xc8, 0xff, 0xd8, 0xcc, 0xd0, 0xff,
    0xd8, 0xd0, 0xc8, 0xff, 0xd0, 0xcc, 0xc8, 0xff, 0xd8, 0xd0, 0xc8, 0xff,
    0xd8, 0xcc, 0xd0, 0xff, 0xd0, 0xd0, 0xc8, 0xff, 0xd0, 0xcc, 0xc8, 0xff,
    0xd8, 0xd0, 0xd0, 0xff, 0xd8, 0xcc, 0xc8, 0xff, 0xd0, 0xd0, 0xc8, 0xff,
    0xd8, 0xcc, 0xd0, 0xff, 0xd0, 0xcc, 0xc8, 0xff, 0xd8, 0xd0, 0xc8, 0xff,
    0xd8, 0xcc, 0xd0, 0xff, 0xd0, 0xd0, 0xc8, 0xff, 0xd8, 0xcc, 0xc8, 0xff,
    0xd8, 0xcc, 0xd0, 0xff, 0xd0, 0xd0, 0xd0, 0xff, 0xd8, 0xcc, 0xc8, 0xff,
    0xd8, 0xd0, 0xd0, 0xff, 0xd0, 0xd0, 0xc8, 0xff, 0xd8, 0xcc, 0xc8, 0xff,
    0xd8, 0xd0, 0xd0, 0xff, 0xd0, 0xd0, 0xc8, 0xff, 0xd8, 0xcc, 0xc8, 0xff,
    0xd8, 0xcc, 0xd0, 0xff, 0xd0, 0xd0, 0xc8, 0xff, 0xd8, 0xcc, 0xd0, 0xff,
    0xd8, 0xcc, 0xc8, 0xff, 0xd0, 0xd0, 0xc8, 0xff, 0xd8, 0xcc, 0xd0, 0xff,
    0xd8, 0xd0, 0xc8, 0xff, 0xd0, 0xcc, 0xd0, 0xff, 0xd8, 0xcc, 0xc8, 0xff,
    0xd0, 0xd0, 0xc8, 0xff, 0xd8, 0xcc, 0xd0, 0xff, 0xd8, 0xd0, 0xc8, 0xff,
    0xd0, 0xd0, 0xd0, 0xff, 0xd8, 0xcc, 0xc8, 0xff, 0xd8, 0xd0, 0xc8, 0xff,
    0xd0, 0xcc, 0xd0, 0xff, 0xd8, 0xd0, 0xd0, 0xff, 0xd8, 0xd0, 0xc8, 0xff,
    0xd8, 0xcc, 0xd0, 0xff, 0xd0, 0xd0, 0xc8, 0xff, 0xd8, 0xd0, 0xc8, 0xff,
    0xd8, 0xcc, 0xd0, 0xff, 0xd0, 0xd0, 0xc8, 0xff, 0xd8, 0xd0, 0xd0, 0xff,
    0xd8, 0xcc, 0xc8, 0xff, 0xd0, 0xcc, 0xd0, 0xff, 0xd8, 0xd0, 0xc8, 0xff,
    0xd0, 0xcc, 0xd0, 0xff, 0xd8, 0xcc, 0xc8, 0xff, 0xd8, 0xd0, 0xc8, 0xff,
    0xd0, 0xcc, 0xd0, 0xff, 0xd8, 0xd0, 0xc8, 0xff, 0xd8, 0xd0, 0xd0, 0xff,
    0xd0, 0xcc, 0xc8, 0xff, 0xd8, 0xd0, 0xc8, 0xff, 0xd0, 0xcc, 0xd0, 0xff,
    0xd8, 0xcc, 0xc8, 0xff, 0xd0, 0xd0, 0xd0, 0xff, 0xd8, 0xcc, 0xc8, 0xff,
    0xd8, 0xcc, 0xc8, 0xff, 0xd0, 0xd0, 0xd0, 0xff, 0xd0, 0xcc, 0xc8, 0xff,
    0xd8, 0xd0, 0xc8, 0xff, 0xd0, 0xd0, 0xd0, 0xff, 0xd8, 0xcc, 0xc8, 0xff,
    0xd0, 0xcc, 0xd0, 0xff, 0xd8, 0xd0, 0xd0, 0xff, 0xd8, 0xcc, 0xc8, 0xff,
    0xd8, 0xcc, 0xc8, 0xff, 0xd0, 0xd0, 0xd0, 0xff, 0xd8, 0xd0, 0xc8, 0xff,
    0xd0, 0xcc, 0xd0, 0xff, 0xd8, 0xcc, 0xc8, 0xff, 0xd0, 0xd0, 0xc8, 0xff,
    0xd8, 0xd0, 0xd0, 0xff, 0xd0, 0xd0, 0xc8, 0xff, 0xd8, 0xcc, 0xc8, 0xff,
    0xd8, 0xd0, 0xd0, 0xff, 0xd0, 0xcc, 0xc8, 0xff, 0xd8, 0xd0, 0xd0, 0xff,
    0xd8, 0xd0, 0xc8, 0xff, 0xd8, 0xcc, 0xc8, 0xff, 0xb0, 0xac, 0xa8, 0x86,
    0x58, 0x50, 0x50, 0x28, 0xc8, 0xc4, 0xc0, 0xdb, 0xd0, 0xcc, 0xd0, 0xff,
    0xd8, 0xd0, 0xc8, 0xff, 0xd8, 0xd0, 0xc8, 0xff, 0xd0, 0xd0, 0xd0, 0xff,
    0xd8, 0xcc, 0xc8, 0xff, 0xd8, 0xd0, 0xc8, 0xff, 0xd0, 0xd0, 0xd0, 0xff,
    0xd8, 0xcc, 0xc8, 0xff, 0xd0, 0xcc, 0xc8, 0xff, 0xd8, 0xd0, 0xd0, 0xff,
    0xd8, 0xcc, 0xd0, 0xff, 0xd0, 0xcc, 0xc8, 0xff, 0xd8, 0xd0, 0xc8, 0xff,
    0xd8, 0xd0, 0xd0, 0xff, 0xd0, 0xcc, 0xc8, 0xff, 0xd8, 0xd0, 0xc8, 0xff,
    0xd8, 0xd0, 0xd0, 0xff, 0xd0, 0xcc, 0xc8, 0xff, 0xd8, 0xd0, 0xc8, 0xff,
    0xd0, 0xcc, 0xd0, 0xff, 0xd8, 0xcc, 0xc8, 0xff, 0xd8, 0xd0, 0xc8, 0xff,
    0xd0, 0xcc, 0xd0, 0xff, 0xd8, 0xcc, 0xc8, 0xff, 0xd8, 0xd0, 0xd0, 0xff,
    0xd8, 0xd0, 0xc8, 0xff, 0xd0, 0xcc, 0xc8, 0xff, 0xd8, 0xd0, 0xd0, 0xff,
    0xd0, 0xd0, 0xc8, 0xff, 0xd8, 0xcc, 0xc8, 0xff, 0xd8, 0xd0, 0xd0, 0xff,
    0xd0, 0xcc, 0xc8, 0xff, 0xd8, 0xcc, 0xc8, 0xff, 0xd8, 0xd0, 0xd0, 0xff,
    0xd0, 0xcc, 0xc8, 0xff, 0xd8, 0xcc, 0xc8, 0xff, 0xd8, 0xd0, 0xd0, 0xff,
    0xd0, 0xcc, 0xc8, 0xff, 0xd8, 0xcc, 0xc8, 0xff, 0xd0, 0xd0, 0xd0, 0xff,
    0xd8, 0xcc, 0xc8, 0xff, 0xd0, 0xcc, 0xc8, 0xff, 0xd8, 0xd0, 0xd0, 0xff,
    0xd0, 0xcc, 0xc8, 0xff, 0xd8, 0xd0, 0xc8, 0xff, 0xd0, 0xd0, 0xd0, 0xff,
    0xd8, 0xcc, 0xc8, 0xff, 0xd8, 0xd0, 0xc8, 0xff, 0xd0, 0xcc, 0xd0, 0xff,
    0xd8, 0xcc, 0xd0, 0xff, 0xd8, 0xd0, 0xc8, 0xff, 0xd0, 0xd0, 0xc8, 0xff,
    0xd8, 0xcc, 0xd0, 0xff, 0xd8, 0xd0, 0xc8, 0xff, 0xd0, 0xcc, 0xd0, 0xff,
    0xd8, 0xd0, 0xc8, 0xff, 0xd0, 0xd0, 0xc8, 0xff, 0xd8, 0xcc, 0xd0, 0xff,
    0xd8, 0xd0, 0xc8, 0xff, 0xd0, 0xd0, 0xc8, 0xff, 0xd8, 0xcc, 0xd0, 0xff,
    0xd8, 0xd0, 0xc8, 0xff, 0xd0, 0xd0, 0xc8, 0xff, 0xd8, 0xcc, 0xc8, 0xff,
    0xd8, 0xcc, 0xd0, 0xff, 0xd0, 0xd0, 0xc8, 0xff, 0xd8, 0xcc, 0xc8, 0xff,
    0xd8, 0xcc, 0xd0, 0xff, 0xd0, 0xd0, 0xc8, 0xff, 0xd8, 0xcc, 0xc8, 0xff,
    0xd8, 0xcc, 0xd0, 0xff, 0xd0, 0xd0, 0xc8, 0xff, 0xd8, 0xcc, 0xc8, 0xff,
    0xd8, 0xcc, 0xd0, 0xff, 0xd0, 0xd0, 0xc8, 0xff, 0xd8, 0xcc, 0xc8, 0xff,
    0xd8, 0xd0, 0xd0, 0xff, 0xd0, 0xd0, 0xc8, 0xff, 0xd8, 0xcc, 0xc8, 0xff,
    0xd8, 0xd0, 0xd0, 0xff, 0xd0, 0xcc, 0xc8, 0xff, 0xd8, 0xcc, 0xc8, 0xff,
    0xd8, 0xd0, 0xd0, 0xff, 0xd0, 0xcc, 0xc8, 0xff, 0xd0, 0xcc, 0xd0, 0xff,
    0xd8, 0xd0, 0xc8, 0xff, 0xd8, 0xcc, 0xd0, 0xff, 0xd0, 0xd0, 0xc8, 0xff,
    0xd8, 0xd0, 0xd0, 0xff, 0xd0, 0xcc, 0xc8, 0xff, 0xd8, 0xcc, 0xc8, 0xff,
    0xd8, 0xd0, 0xd0, 0xff, 0xd0, 0xd0, 0xc8, 0xff, 0xd8, 0xcc, 0xc8, 0xff,
    0xd8, 0xd0, 0xd0, 0xff, 0xd0, 0xcc, 0xc8, 0xff, 0xd0, 0xcc, 0xd0, 0xff,
    0xd8, 0xd0, 0xc8, 0xff, 0xd8, 0xcc, 0xd0, 0xff, 0xd0, 0xd0, 0xc8, 0xff,
    0xd8, 0xd0, 0xc8, 0xff, 0xd8, 0xcc, 0xd0, 0xff, 0xd0, 0xcc, 0xc8, 0xff,
    0xd8, 0xd0, 0xc8, 0xff, 0xd8, 0xcc, 0xd0, 0xff, 0xd0, 0xd0, 0xc8, 0xff,
    0xd8, 0xcc, 0xc8, 0xff, 0xd8, 0xd0, 0xd0, 0xff, 0xd0, 0xcc, 0xc8, 0xff,
    0xd8, 0xd0, 0xd0, 0xff, 0xd8, 0xcc, 0xc8, 0xff, 0xd0, 0xd0, 0xc8, 0xff,
    0xd8, 0xd0, 0xd0, 0xff, 0xd8, 0xcc, 0xc8, 0xff, 0xd0, 0xcc, 0xc8, 0xff,
    0xd8, 0xd0, 0xd0, 0xff, 0xd8, 0xcc, 0xc8, 0xff, 0xd0, 0xcc, 0xc8, 0xff,
    0xd8, 0xd0, 0xd0, 0xff, 0xd8, 0xd0, 0xc8, 0xff, 0xd0, 0xcc, 0xc8, 0xff,
    0xd0, 0xcc, 0xd0, 0xff, 0xd8, 0xd0, 0xc8, 0xff, 0xd0, 0xcc, 0xc8, 0xff,
    0xd8, 0xcc, 0xd0, 0xff, 0xd0, 0xd0, 0xc8, 0xff, 0xd8, 0xd0, 0xc8, 0xff,
    0xd8, 0xcc, 0xd0, 0xff, 0xd8, 0xd0, 0xc8, 0xff, 0xd8, 0xd0, 0xc8, 0xff,
    0xd0, 0xcc, 0xd0, 0xff, 0xd8, 0xd0, 0xc8, 0xff, 0xd8, 0xcc, 0xd0, 0xff,
    0xd0, 0xd0, 0xc8, 0xff, 0xd8, 0xd0, 0xc8, 0xff, 0xd0, 0xd0, 0xc8, 0xff,
    0xd8, 0xd0, 0xd0, 0xff, 0xd8, 0xcc, 0xc8, 0xff, 0xd0, 0xd0, 0xc8, 0xff,
    0xd8, 0xd0, 0xc8, 0xff, 0xd8, 0xcc, 0xd0, 0xff, 0xd0, 0xcc, 0xc8, 0xff,
    0xd8, 0xd0, 0xc8, 0xff, 0xd8, 0xd0, 0xd0, 0xff, 0xd0, 0xcc, 0xc8, 0xff,
    0xd8, 0xd0, 0xc8, 0xff, 0xd0, 0xcc, 0xc8, 0xff, 0xd8, 0xd0, 0xc8, 0xff,
    0xd8, 0xcc, 0xd0, 0xff, 0xd0, 0xcc, 0xc8, 0xff, 0xd8, 0xd0, 0xc8, 0xff,
    0xd8, 0xcc, 0xd0, 0xff, 0xd0, 0xcc, 0xc8, 0xff, 0xd8, 0xd0, 0xc8, 0xff,
    0xd8, 0xcc, 0xd0, 0xff, 0xd0, 0xd0, 0xd0, 0xff, 0xd8, 0xd0, 0xc8, 0xff,
    0xd8, 0xcc, 0xc8, 0xff, 0xd0, 0xd0, 0xd0, 0xff, 0xd8, 0xcc, 0xc8, 0xff,
    0xd8, 0xcc, 0xc8, 0xff, 0xd0, 0xd0, 0xd0, 0xff, 0xd8, 0xcc, 0xd0, 0xff,
    0xd8, 0xd0, 0xc8, 0xff, 0xd0, 0xcc, 0xc8, 0xff, 0xd8, 0xd0, 0xd0, 0xff,
    0xd8, 0xd0, 0xc8, 0xff, 0xd0, 0xcc, 0xc8, 0xff, 0xd8, 0xcc, 0xd0, 0xff,
    0xd0, 0xd0, 0xc8, 0xff, 0xd8, 0xcc, 0xd0, 0xff, 0xd8, 0xcc, 0xc8, 0xff,
    0xd0, 0xd0, 0xc8, 0xff, 0xd8, 0xd0, 0xd0, 0xff, 0xd0, 0xcc, 0xc8, 0xff,
    0xd0, 0xd0, 0xc8, 0xff, 0xd8, 0xd0, 0xd0, 0xff, 0xd8, 0xcc, 0xc8, 0xff,
    0xd0, 0xd0, 0xc8, 0xff, 0xd8, 0xcc, 0xd0, 0xff, 0xd0, 0xcc, 0xc8, 0xff,
    0xd8, 0xd0, 0xc8, 0xff, 0xd8, 0xcc, 0xd0, 0xff, 0xd0, 0xcc, 0xc8, 0xff,
    0xd8, 0xd0, 0xd0, 0xff, 0xd8, 0xd0, 0xc8, 0xff, 0xd0, 0xcc, 0xc8, 0xff,
    0xd0, 0xd0, 0xc8, 0xff, 0xd8, 0xcc, 0xc8, 0xff, 0xd8, 0xd0, 0xd0, 0xff,
    0xd8, 0xcc, 0xc8, 0xff, 0xd0, 0xd0, 0xc8, 0xff, 0xd8, 0xd0, 0xd0, 0xff,
    0xd8, 0xcc, 0xc8, 0xff, 0xd0, 0xcc, 0xc8, 0xff, 0xd8, 0xd0, 0xd0, 0xff,
    0xd8, 0xcc, 0xc8, 0xff, 0xd0, 0xd0, 0xd0, 0xff, 0xd0, 0xd0, 0xc8, 0xff,
    0xd8, 0xcc, 0xc8, 0xff, 0xd8, 0xd0, 0xd0, 0xff, 0xd0, 0xd0, 0xc8, 0xff,
    0xd8, 0xcc, 0xc8, 0xff, 0xd8, 0xd0, 0xd0, 0xff, 0xd0, 0xcc, 0xc8, 0xff,
    0xd8, 0xd0, 0xd0, 0xff, 0xd8, 0xcc, 0xc8, 0xff, 0xd0, 0xd0, 0xc8, 0xff,
    0xd8, 0xcc, 0xd0, 0xff, 0xd8, 0xcc, 0xc8, 0xff, 0xd0, 0xd0, 0xc8, 0xff,
    0xd8, 0xcc, 0xd0, 0xff, 0xd8, 0xd0, 0xc8, 0xff, 0xd0, 0xcc, 0xc8, 0xff,
    0xd8, 0xd0, 0xd0, 0xff, 0xd8, 0xcc, 0xc8, 0xff, 0xd0, 0xcc, 0xc8, 0xff,
    0xd8, 0xd0, 0xd0, 0xff, 0xd8, 0xcc, 0xc8, 0xff, 0xd0, 0xcc, 0xc8, 0xff,
    0xd8, 0xd0, 0xd0, 0xff, 0xd8, 0xcc, 0xc8, 0xff, 0xd0, 0xcc, 0xc8, 0xff,
    0xd8, 0xd0, 0xd0, 0xff, 0xd8, 0xcc, 0xc8, 0xff, 0xd0, 0xcc, 0xc8, 0xff,
    0xd0, 0xcc, 0xd0, 0xff, 0xd8, 0xd0, 0xc8, 0xff, 0xd8, 0xd0, 0xc8, 0xff,
    0xd8, 0xcc, 0xd0, 0xff, 0xd0, 0xd0, 0xc8, 0xff, 0xd8, 0xcc, 0xc8, 0xff,
    0xd0, 0xcc, 0xd0, 0xff, 0xd8, 0xd0, 0xc8, 0xff, 0xd8, 0xd0, 0xc8, 0xff,
    0xd8, 0xcc, 0xd0, 0xff, 0xd0, 0xd0, 0xc8, 0xff, 0xd8, 0xd0, 0xd0, 0xff,
    0xd8, 0xcc, 0xc8, 0xff, 0xd0, 0xd0, 0xc8, 0xff, 0xd8, 0xcc, 0xd0, 0xff,
    0xd8, 0xd0, 0xc8, 0xff, 0xd0, 0xcc, 0xc8, 0xff, 0xd0, 0xd0, 0xd0, 0xff,
    0xd8, 0xd0, 0xc8, 0xff, 0xd8, 0xcc, 0xc8, 0xff, 0xd0, 0xd0, 0xd0, 0xff,
    0xd8, 0xcc, 0xc8, 0xff, 0xd8, 0xcc, 0xc8, 0xff, 0xd0, 0xd0, 0xd0, 0xff,
    0xd8, 0xd0, 0xc8, 0xff, 0xd8, 0xcc, 0xc8, 0xff, 0xd0, 0xd0, 0xd0, 0xff,
    0xd8, 0xcc, 0xc8, 0xff, 0xd8, 0xd0, 0xd0, 0xff, 0xd0, 0xd0, 0xc8, 0xff,
    0xd8, 0xcc, 0xc8, 0xff, 0xd8, 0xd0, 0xd0, 0xff, 0xd0, 0xcc, 0xc8, 0xff,
    0xd8, 0xd0, 0xc8, 0xff, 0xd0, 0xd0, 0xd0, 0xff, 0xd8, 0xcc, 0xc8, 0xff,
    0xd0, 0xd0, 0xc8, 0xff, 0xd8, 0xcc, 0xc8, 0xff, 0xd8, 0xcc, 0xc8, 0xff,
    0xd0, 0xd0, 0xd0, 0xff, 0xd8, 0xcc, 0xc8, 0xff, 0xd8, 0xcc, 0xc8, 0xff,
    0xd0, 0xd0, 0xd0, 0xff, 0xd8, 0xd0, 0xd0, 0xff, 0xd8, 0xcc, 0xc8, 0xff,
    0xd0, 0xd0, 0xc8, 0xff, 0xd8, 0xd0, 0xd0, 0xff, 0xd8, 0xcc, 0xc8, 0xff,
    0xd0, 0xd0, 0xc8, 0xff, 0xd8, 0xd0, 0xd0, 0xff, 0xd0, 0xcc, 0xc8, 0xff,
    0xd8, 0xd0, 0xc8, 0xff, 0xd8, 0xd0, 0xd0, 0xff, 0xd0, 0xcc, 0xc8, 0xff,
    0xd8, 0xd0, 0xc8, 0xff, 0xd8, 0xcc, 0xd0, 0xff, 0xd0, 0xcc, 0xc8, 0xff,
    0xd8, 0xd0, 0xc8, 0xff, 0xd0, 0xcc, 0xd0, 0xff, 0xd8, 0xd0, 0xc8, 0xff,
    0xd8, 0xcc, 0xc8, 0xff, 0xd0, 0xcc, 0xc8, 0xff, 0xd8, 0xd0, 0xd0, 0xff,
    0xd8, 0xcc, 0xc8, 0xff, 0xd0, 0xcc, 0xd0, 0xff, 0xd8, 0xd0, 0xc8, 0xff,
    0xd8, 0xcc, 0xc8, 0xff, 0xd0, 0xcc, 0xd0, 0xff, 0xd8, 0xd0, 0xc8, 0xff,
    0xd0, 0xcc, 0xc8, 0xff, 0xd8, 0xd0, 0xc8, 0xff, 0xd8, 0xd0, 0xd0, 0xff,
    0xd0, 0xcc, 0xc8, 0xff, 0xd8, 0xd0, 0xd0, 0xff, 0xd8, 0xcc, 0xc8, 0xff,
    0xd0, 0xcc, 0xc8, 0xff, 0xd8, 0xd0, 0xd0, 0xff, 0xd0, 0xcc, 0xc8, 0xff,
    0xd8, 0xd0, 0xc8, 0xff, 0xd8, 0xd0, 0xd0, 0xff, 0xd0, 0xcc, 0xc8, 0xff,
    0xd8, 0xd0, 0xc8, 0xff, 0xd8, 0xd0, 0xd0, 0xff, 0xd0, 0xcc, 0xc8, 0xff,
    0xd8, 0xd0, 0xd0, 0xff, 0xd8, 0xcc, 0xd0, 0xff, 0xd8, 0xcc, 0xc8, 0xff,
    0xd8, 0xd0, 0xc8, 0xff, 0xd0, 0xcc, 0xd0, 0xff, 0xd8, 0xd0, 0xc8, 0xff,
    0xd8, 0xd0, 0xc8, 0xff, 0xd0, 0xcc, 0xc8, 0xff, 0xd0, 0xd0, 0xd0, 0xff,
    0xd8, 0xcc, 0xc8, 0xff, 0xd8, 0xd0, 0xc8, 0xff, 0xd8, 0xcc, 0xd0, 0xff,
    0xd8, 0xd0, 0xc8, 0xff, 0xd0, 0xd0, 0xc8, 0xff, 0xd8, 0xcc, 0xd0, 0xff,
    0xd8, 0xcc, 0xc8, 0xff, 0xd0, 0xd0, 0xc8, 0xff, 0xd8, 0xd0, 0xd0, 0xff,
    0xd0, 0xcc, 0xc8, 0xff, 0xd8, 0xcc, 0xc8, 0xff, 0xd0, 0xcc, 0xd0, 0xff,
    0xd0, 0xd0, 0xc8, 0xff, 0xc8, 0xc4, 0xc0, 0xdb, 0x58, 0x50, 0x50, 0x28,
    0x00, 0x00, 0x00, 0x04, 0x58, 0x54, 0x50, 0x4d, 0xc8, 0xc4, 0xc0, 0xdb,
    0xd8, 0xcc, 0xc8, 0xff, 0xd0, 0xcc, 0xd0, 0xff, 0xd8, 0xd0, 0xd0, 0xff,
    0xd0, 0xcc, 0xc8, 0xff, 0xd8, 0xd0, 0xd0, 0xff, 0xd8, 0xcc, 0xc8, 0xff,
    0xd0, 0xd0, 0xc8, 0xff, 0xd8, 0xd0, 0xd0, 0xff, 0xd8, 0xcc, 0xc8, 0xff,
    0xd0, 0xd0, 0xc8, 0xff, 0xd8, 0xcc, 0xd0, 0xff, 0xd8, 0xd0, 0xc8, 0xff,
    0xd0, 0xcc, 0xc8, 0xff, 0xd0, 0xcc, 0xd0, 0xff, 0xd8, 0xd0, 0xc8, 0xff,
    0xd8, 0xcc, 0xd0, 0xff, 0xd0, 0xd0, 0xc8, 0xff, 0xd8, 0xd0, 0xc8, 0xff,
    0xd8, 0xd0, 0xd0, 0xff, 0xd0, 0xcc, 0xd0, 0xff, 0xd8, 0xd0, 0xc8, 0xff,
    0xd8, 0xd0, 0xc8, 0xff, 0xd0, 0xcc, 0xd0, 0xff, 0xd8, 0xcc, 0xc8, 0xff,
    0xd8, 0xd0, 0xc8, 0xff, 0xd0, 0xcc, 0xd0, 0xff, 0xd8, 0xcc, 0xd0, 0xff,
    0xd8, 0xd0, 0xc8, 0xff, 0xd0, 0xcc, 0xc8, 0xff, 0xd8, 0xd0, 0xd0, 0xff,
    0xd8, 0xd0, 0xc8, 0xff, 0xd0, 0xcc, 0xc8, 0xff, 0xd8, 0xd0, 0xd0, 0xff,
    0xd8, 0xcc, 0xc8, 0xff, 0xd0, 0xd0, 0xc8, 0xff, 0xd8, 0xd0, 0xd0, 0xff,
    0xd8, 0xcc, 0xc8, 0xff, 0xd0, 0xd0, 0xc8, 0xff, 0xd8, 0xd0, 0xd0, 0xff,
    0xd8, 0xcc, 0xc8, 0xff, 0xd0, 0xd0, 0xc8, 0xff, 0xd8, 0xcc, 0xd0, 0xff,
    0xd8, 0xcc, 0xc8, 0xff, 0xd0, 0xd0, 0xc8, 0xff, 0xd8, 0xcc, 0xd0, 0xff,
    0xd8, 0xd0, 0xc8, 0xff, 0xd0, 0xd0, 0xc8, 0xff, 0xd8, 0xcc, 0xd0, 0xff,
    0xd0, 0xd0, 0xc8, 0xff, 0xd8, 0xcc, 0xc8, 0xff, 0xd0, 0xcc, 0xd0, 0xff,
    0xd8, 0xd0, 0xc8, 0xff, 0xd0, 0xcc, 0xc8, 0xff, 0xd8, 0xcc, 0xd0, 0xff,
    0xd8, 0xd0, 0xc8, 0xff, 0xd0, 0xcc, 0xc8, 0xff, 0xd8, 0xcc, 0xd0, 0xff,
    0xd0, 0xd0, 0xc8, 0xff, 0xd8, 0xcc, 0xd0, 0xff, 0xd8, 0xcc, 0xc8, 0xff,
    0xd0, 0xd0, 0xd0, 0xff, 0xd8, 0xcc, 0xc8, 0xff, 0xd0, 0xd0, 0xd0, 0xff,
    0xd8, 0xd0, 0xc8, 0xff, 0xd0, 0xcc, 0xc8, 0xff, 0xd8, 0xd0, 0xd0, 0xff,
    0xd0, 0xcc, 0xd0, 0xff, 0xd8, 0xd0, 0xc8, 0xff, 0xd8, 0xd0, 0xc8, 0xff,
    0xd0, 0xcc, 0xd0, 0xff, 0xd0, 0xd0, 0xc8, 0xff, 0xd8, 0xd0, 0xd0, 0xff,
    0xd8, 0xcc, 0xc8, 0xff, 0xd0, 0xd0, 0xc8, 0xff, 0xd8, 0xcc, 0xd0, 0xff,
    0xd8, 0xcc, 0xc8, 0xff, 0xd0, 0xd0, 0xd0, 0xff, 0xd8, 0xd0, 0xc8, 0xff,
    0xd8, 0xcc, 0xd0, 0xff, 0xd0, 0xd0, 0xc8, 0xff, 0xd8, 0xcc, 0xc8, 0xff,
    0xd8, 0xd0, 0xd0, 0xff, 0xd0, 0xcc, 0xc8, 0xff, 0xd8, 0xd0, 0xc8, 0xff,
    0xd8, 0xcc, 0xd0, 0xff, 0xd0, 0xcc, 0xc8, 0xff, 0xd8, 0xd0, 0xc8, 0xff,
    0xd8, 0xd0, 0xd0, 0xff, 0xd0, 0xcc, 0xc8, 0xff, 0xd8, 0xcc, 0xc8, 0xff,
    0xd8, 0xd0, 0xd0, 0xff, 0xd0, 0xcc, 0xc8, 0xff, 0xd8, 0xd0, 0xc8, 0xff,
    0xd8, 0xd0, 0xd0, 0xff, 0xd0, 0xcc, 0xc8, 0xff, 0xd8, 0xd0, 0xc8, 0xff,
    0xd8, 0xcc, 0xd0, 0xff, 0xd0, 0xcc, 0xc8, 0xff, 0xd8, 0xd0, 0xd0, 0xff,
    0xd8, 0xd0, 0xc8, 0xff, 0xd0, 0xcc, 0xd0, 0xff, 0xd0, 0xd0, 0xc8, 0xff,
    0xd8, 0xd0, 0xc8, 0xff, 0xd8, 0xcc, 0xd0, 0xff, 0xd0, 0xcc, 0xc8, 0xff,
    0xd8, 0xd0, 0xd0, 0xff, 0xd8, 0xd0, 0xc8, 0xff, 0xd0, 0xcc, 0xc8, 0xff,
    0xd8, 0xcc, 0xd0, 0xff, 0xd0, 0xd0, 0xc8, 0xff, 0xd8, 0xcc, 0xd0, 0xff,
    0xd0, 0xd0, 0xc8, 0xff, 0xd8, 0xd0, 0xc8, 0xff, 0xd0, 0xcc, 0xd0, 0xff,
    0xd8, 0xd0, 0xc8, 0xff, 0xd8, 0xd0, 0xd0, 0xff, 0xd0, 0xcc, 0xc8, 0xff,
    0xd8, 0xcc, 0xc8, 0xff, 0xd8, 0xd0, 0xd0, 0xff, 0xd0, 0xd0, 0xc8, 0xff,
    0xd8, 0xcc, 0xd0, 0xff, 0xd8, 0xd0, 0xc8, 0xff, 0xd8, 0xcc, 0xc8, 0xff,
    0xd0, 0xcc, 0xd0, 0xff, 0xd8, 0xd0, 0xc8, 0xff, 0xd0, 0xcc, 0xc8, 0xff,
    0xd0, 0xcc, 0xd0, 0xff, 0xd8, 0xd0, 0xc8, 0xff, 0xd8, 0xcc, 0xc8, 0xff,
    0xd0, 0xd0, 0xd0, 0xff, 0xd8, 0xcc, 0xc8, 0xff, 0xd8, 0xcc, 0xc8, 0xff,
    0xd0, 0xd0, 0xd0, 0xff, 0xd8, 0xcc, 0xc8, 0xff, 0xd8, 0xcc, 0xd0, 0xff,
    0xd0, 0xd0, 0xc8, 0xff, 0xd8, 0xcc, 0xd0, 0xff, 0xd0, 0xcc, 0xc8, 0xff,
    0xd8, 0xd0, 0xc8, 0xff, 0xd8, 0xd0, 0xd0, 0xff, 0xd0, 0xcc, 0xc8, 0xff,
    0xd8, 0xcc, 0xc8, 0xff, 0xd8, 0xd0, 0xd0, 0xff, 0xd0, 0xcc, 0xd0, 0xff,
    0xd8, 0xd0, 0xc8, 0xff, 0xd8, 0xd0, 0xd0, 0xff, 0xd0, 0xcc, 0xc8, 0xff,
    0xd8, 0xd0, 0xc8, 0xff, 0xd8, 0xd0, 0xd0, 0xff, 0xd0, 0xcc, 0xc8, 0xff,
    0xd8, 0xd0, 0xd0, 0xff, 0xd0, 0xd0, 0xc8, 0xff, 0xd8, 0xcc, 0xc8, 0xff,
    0xd0, 0xcc, 0xd0, 0xff, 0xd8, 0xd0, 0xc8, 0xff, 0xd8, 0xcc, 0xc8, 0xff,
    0xd0, 0xd0, 0xd0, 0xff, 0xd8, 0xd0, 0xc8, 0xff, 0xd8, 0xcc, 0xd0, 0xff,
    0xd0, 0xd0, 0xc8, 0xff, 0xd8, 0xcc, 0xc8, 0xff, 0xd0, 0xcc, 0xd0, 0xff,
    0xd8, 0xd0, 0xc8, 0xff, 0xd0, 0xcc, 0xc8, 0xff, 0xd8, 0xd0, 0xd0, 0xff,
    0xd8, 0xd0, 0xd0, 0xff, 0xd0, 0xcc, 0xc8, 0xff, 0xd8, 0xd0, 0xc8, 0xff,
    0xd8, 0xd0, 0xd0, 0xff, 0xd0, 0xcc, 0xc8, 0xff, 0xd8, 0xd0, 0xc8, 0xff,
    0xd8, 0xcc, 0xd0, 0xff, 0xd8, 0xcc, 0xc8, 0xff, 0xd8, 0xd0, 0xc8, 0xff,
    0xd0, 0xcc, 0xd0, 0xff, 0xd8, 0xd0, 0xc8, 0xff, 0xd8, 0xd0, 0xc8, 0xff,
    0xd0, 0xcc, 0xd0, 0xff, 0xd8, 0xd0, 0xc8, 0xff, 0xd8, 0xcc, 0xc8, 0xff,
    0xd0, 0xd0, 0xd0, 0xff, 0xd8, 0xd0, 0xc8, 0xff, 0xd0, 0xcc, 0xc8, 0xff,
    0xd8, 0xcc, 0xd0, 0xff, 0xd8, 0xd0, 0xd0, 0xff, 0xd0, 0xd0, 0xc8, 0xff,
    0xd8, 0xcc, 0xd0, 0xff, 0xd0, 0xd0, 0xc8, 0xff, 0xd0, 0xcc, 0xc8, 0xff,
    0xd8, 0xcc, 0xd0, 0xff, 0xd8, 0xd0, 0xc8, 0xff, 0xd0, 0xcc, 0xc8, 0xff,
    0xd8, 0xd0, 0xd0, 0xff, 0xd0, 0xd0, 0xc8, 0xff, 0xd8, 0xcc, 0xc8, 0xff,
    0xd8, 0xcc, 0xd0, 0xff, 0xd0, 0xd0, 0xc8, 0xff, 0xd8, 0xcc, 0xc8, 0xff,
    0xd8, 0xcc, 0xd0, 0xff, 0xd0, 0xd0, 0xc8, 0xff, 0xd8, 0xcc, 0xc8, 0xff,
    0xd8, 0xcc, 0xd0, 0xff, 0xd0, 0xd0, 0xc8, 0xff, 0xd8, 0xd0, 0xc8, 0xff,
    0xd8, 0xcc, 0xd0, 0xff, 0xd0, 0xd0, 0xc8, 0xff, 0xd8, 0xd0, 0xd0, 0xff,
    0xd8, 0xcc, 0xc8, 0xff, 0xd0, 0xd0, 0xd0, 0xff, 0xd8, 0xd0, 0xc8, 0xff,
    0xd8, 0xcc, 0xc8, 0xff, 0xd0, 0xcc, 0xd0, 0xff, 0xd8, 0xd0, 0xc8, 0xff,
    0xd0, 0xcc, 0xc8, 0xff, 0xd8, 0xd0, 0xd0, 0xff, 0xd8, 0xd0, 0xc8, 0xff,
    0xd0, 0xcc, 0xc8, 0xff, 0xd8, 0xd0, 0xd0, 0xff, 0xd0, 0xd0, 0xc8, 0xff,
    0xd8, 0xcc, 0xd0, 0xff, 0xd8, 0xd0, 0xc8, 0xff, 0xd0, 0xd0, 0xc8, 0xff,
    0xd0, 0xcc, 0xd0, 0xff, 0xd8, 0xd0, 0xc8, 0xff, 0xd8, 0xcc, 0xc8, 0xff,
    0xd0, 0xcc, 0xd0, 0xff, 0xd0, 0xcc, 0xc8, 0xff, 0xd8, 0xcc, 0xc8, 0xff,
    0xd0, 0xd0, 0xd0, 0xff, 0xd8, 0xd0, 0xc8, 0xff, 0xd8, 0xcc, 0xd0, 0xff,
    0xd0, 0xd0, 0xc8, 0xff, 0xd0, 0xcc, 0xc8, 0xff, 0xd8, 0xcc, 0xd0, 0xff,
    0xd0, 0xd0, 0xc8, 0xff, 0xd8, 0xcc, 0xc8, 0xff, 0xd8, 0xcc, 0xd0, 0xff,
    0xd0, 0xd0, 0xc8, 0xff, 0xd0, 0xcc, 0xc8, 0xff, 0xd8, 0xd0, 0xd0, 0xff,
    0xd8, 0xcc, 0xc8, 0xff, 0xd8, 0xcc, 0xc8, 0xff, 0xd0, 0xd0, 0xd0, 0xff,
    0xd8, 0xcc, 0xc8, 0xff, 0xd8, 0xd0, 0xc8, 0xff, 0xd0, 0xd0, 0xd0, 0xff,
    0xd8, 0xcc, 0xc8, 0xff, 0xd0, 0xd0, 0xd0, 0xff, 0xd8, 0xcc, 0xd0, 0xff,
    0xd8, 0xcc, 0xc8, 0xff, 0xd0, 0xd0, 0xc8, 0xff, 0xd8, 0xcc, 0xd0, 0xff,
    0xd8, 0xcc, 0xc8, 0xff, 0xd0, 0xd0, 0xc8, 0xff, 0xd8, 0xcc, 0xd0, 0xff,
    0xd8, 0xd0, 0xc8, 0xff, 0xd0, 0xd0, 0xd0, 0xff, 0xd8, 0xcc, 0xc8, 0xff,
    0xd8, 0xcc, 0xc8, 0xff, 0xd8, 0xd0, 0xd0, 0xff, 0xd0, 0xd0, 0xd0, 0xff,
    0xd8, 0xcc, 0xc8, 0xff, 0xd8, 0xd0, 0xc8, 0xff, 0xd0, 0xd0, 0xd0, 0xff,
    0xd8, 0xcc, 0xc8, 0xff, 0xd0, 0xd0, 0xd0, 0xff, 0xd8, 0xcc, 0xc8, 0xff,
    0xd0, 0xcc, 0xc8, 0xff, 0xd8, 0xd0, 0xd0, 0xff, 0xd0, 0xcc, 0xc8, 0xff,
    0xd0, 0xd0, 0xc8, 0xff, 0xd8, 0xcc, 0xd0, 0xff, 0xd8, 0xd0, 0xc8, 0xff,
    0xd0, 0xcc, 0xd0, 0xff, 0xd8, 0xcc, 0xc8, 0xff, 0xd8, 0xd0, 0xc8, 0xff,
    0xd0, 0xcc, 0xd0, 0xff, 0xd8, 0xd0, 0xc8, 0xff, 0xd0, 0xcc, 0xd0, 0xff,
    0xd8, 0xd0, 0xc8, 0xff, 0xd0, 0xd0, 0xc8, 0xff, 0xd8, 0xcc, 0xd0, 0xff,
    0xd8, 0xcc, 0xc8, 0xff, 0xd0, 0xd0, 0xd0, 0xff, 0xd8, 0xd0, 0xd0, 0xff,
    0xd8, 0xcc, 0xc8, 0xff, 0xd0, 0xd0, 0xc8, 0xff, 0xd0, 0xd0, 0xd0, 0xff,
    0xd8, 0xcc, 0xc8, 0xff, 0xd8, 0xd0, 0xc8, 0xff, 0xd0, 0xd0, 0xd0, 0xff,
    0xd8, 0xcc, 0xc8, 0xff, 0xd8, 0xd0, 0xc8, 0xff, 0xd0, 0xcc, 0xd0, 0xff,
    0xd8, 0xd0, 0xc8, 0xff, 0xd8, 0xcc, 0xd0, 0xff, 0xd0, 0xcc, 0xc8, 0xff,
    0xd8, 0xd0, 0xc8, 0xff, 0xd0, 0xd0, 0xd0, 0xff, 0xd8, 0xcc, 0xc8, 0xff,
    0xd8, 0xd0, 0xc8, 0xff, 0xd0, 0xcc, 0xd0, 0xff, 0xd8, 0xcc, 0xc8, 0xff,
    0xd8, 0xd0, 0xd0, 0xff, 0xd0, 0xcc, 0xd0, 0xff, 0xd8, 0xcc, 0xc8, 0xff,
    0xd8, 0xd0, 0xc8, 0xff, 0xd0, 0xcc, 0xd0, 0xff, 0xd0, 0xd0, 0xc8, 0xff,
    0xd8, 0xd0, 0xc8, 0xff, 0xd0, 0xcc, 0xc8, 0xff, 0xd8, 0xd0, 0xd0, 0xff,
    0xd0, 0xcc, 0xc8, 0xff, 0xd8, 0xcc, 0xc8, 0xff, 0xd8, 0xd0, 0xd0, 0xff,
    0xd0, 0xcc, 0xc8, 0xff, 0xd8, 0xd0, 0xc8, 0xff, 0xd8, 0xcc, 0xd0, 0xff,
    0xd0, 0xd0, 0xc8, 0xff, 0xd0, 0xcc, 0xc8, 0xff, 0xd8, 0xcc, 0xd0, 0xff,
    0xd8, 0xd0, 0xc8, 0xff, 0xd0, 0xcc, 0xd0, 0xff, 0xd8, 0xcc, 0xd0, 0xff,
    0xd8, 0xd0, 0xc8, 0xff, 0xd0, 0xcc, 0xd0, 0xff, 0xd8, 0xcc, 0xc8, 0xff,
    0xd8, 0xd0, 0xc8, 0xff, 0xd8, 0xd0, 0xd0, 0xff, 0xd8, 0xcc, 0xc8, 0xff,
    0xc8, 0xc4, 0xc0, 0xdb, 0x58, 0x54, 0x50, 0x4d, 0x00, 0x00, 0x00, 0x04,
    0x00, 0x00, 0x00, 0x00, 0x00, 0x00, 0x00, 0x08, 0x38, 0x34, 0x30, 0x41,
    0xa0, 0x9c, 0x98, 0x96, 0xc8, 0xc0, 0xc0, 0xd7, 0xd0, 0xcc, 0xc8, 0xf7,
    0xd8, 0xcc, 0xc8, 0xff, 0xd0, 0xcc, 0xd0, 0xff, 0xd8, 0xd0, 0xc8, 0xff,
    0xd8, 0xcc, 0xd0, 0xff, 0xd0, 0xcc, 0xc8, 0xff, 0xd8, 0xd0, 0xc8, 0xff,
    0xd0, 0xd0, 0xd0, 0xff, 0xd8, 0xcc, 0xc8, 0xff, 0xd8, 0xd0, 0xc8, 0xff,
    0xd0, 0xcc, 0xd0, 0xff, 0xd8, 0xd0, 0xc8, 0xff, 0xd8, 0xcc, 0xc8, 0xff,
    0xd0, 0xcc, 0xd0, 0xff, 0xd8, 0xcc, 0xc8, 0xff, 0xd8, 0xd0, 0xc8, 0xff,
    0xd0, 0xcc, 0xd0, 0xff, 0xd0, 0xcc, 0xc8, 0xff, 0xd8, 0xd0, 0xc8, 0xff,
    0xd8, 0xd0, 0xd0, 0xff, 0xd0, 0xcc, 0xc8, 0xff, 0xd0, 0xd0, 0xc8, 0xff,
    0xd8, 0xd0, 0xd0, 0xff, 0xd8, 0xcc, 0xc8, 0xff, 0xd0, 0xd0, 0xc8, 0xff,
    0xd8, 0xcc, 0xd0, 0xff, 0xd0, 0xcc, 0xc8, 0xff, 0xd8, 0xd0, 0xc8, 0xff,
    0xd8, 0xcc, 0xd0, 0xff, 0xd0, 0xd0, 0xc8, 0xff, 0xd8, 0xcc, 0xd0, 0xff,
    0xd0, 0xd0, 0xc8, 0xff, 0xd8, 0xcc, 0xd0, 0xff, 0xd0, 0xcc, 0xc8, 0xff,
    0xd8, 0xd0, 0xd0, 0xff, 0xd8, 0xcc, 0xc8, 0xff, 0xd0, 0xcc, 0xd0, 0xff,
    0xd8, 0xd0, 0xc8, 0xff, 0xd8, 0xd0, 0xd0, 0xff, 0xd0, 0xcc, 0xc8, 0xff,
    0xd8, 0xd0, 0xd0, 0xff, 0xd8, 0xcc, 0xc8, 0xff, 0xd0, 0xcc, 0xd0, 0xff,
    0xd8, 0xd0, 0xc8, 0xff, 0xd8, 0xcc, 0xc8, 0xff, 0xd0, 0xd0, 0xd0, 0xff,
    0xd8, 0xd0, 0xc8, 0xff, 0xd8, 0xcc, 0xc8, 0xff, 0xd8, 0xd0, 0xd0, 0xff,
    0xd0, 0xd0, 0xc8, 0xff, 0xd8, 0xcc, 0xc8, 0xff, 0xd8, 0xd0, 0xd0, 0xff,
    0xd0, 0xd0, 0xc8, 0xff, 0xd8, 0xcc, 0xd0, 0xff, 0xd8, 0xd0, 0xc8, 0xff,
    0xd0, 0xd0, 0xc8, 0xff, 0xd8, 0xcc, 0xd0, 0xff, 0xd0, 0xd0, 0xc8, 0xff,
    0xd8, 0xcc, 0xc8, 0xff, 0xd8, 0xcc, 0xd0, 0xff, 0xd0, 0xd0, 0xc8, 0xff,
    0xd8, 0xcc, 0xd0, 0xff, 0xd8, 0xd0, 0xc8, 0xff, 0xd0, 0xcc, 0xc8, 0xff,
    0xd8, 0xd0, 0xc8, 0xff, 0xd8, 0xcc, 0xd0, 0xff, 0xd0, 0xcc, 0xc8, 0xff,
    0xd8, 0xd0, 0xc8, 0xff, 0xd8, 0xcc, 0xd0, 0xff, 0xd0, 0xcc, 0xc8, 0xff,
    0xd8, 0xd0, 0xc8, 0xff, 0xd0, 0xd0, 0xd0, 0xff, 0xd8, 0xcc, 0xc8, 0xff,
    0xd8, 0xcc, 0xc8, 0xff, 0xd0, 0xd0, 0xd0, 0xff, 0xd8, 0xcc, 0xc8, 0xff,
    0xd0, 0xcc, 0xc8, 0xff, 0xd8, 0xd0, 0xd0, 0xff, 0xd0, 0xd0, 0xc8, 0xff,
    0xd8, 0xcc, 0xc8, 0xff, 0xd8, 0xd0, 0xd0, 0xff, 0xd0, 0xd0, 0xc8, 0xff,
    0xd8, 0xcc, 0xc8, 0xff, 0xd0, 0xd0, 0xd0, 0xff, 0xd8, 0xcc, 0xc8, 0xff,
    0xd8, 0xcc, 0xc8, 0xff, 0xd0, 0xd0, 0xd0, 0xff, 0xd8, 0xd0, 0xc8, 0xff,
    0xd0, 0xcc, 0xd0, 0xff, 0xd8, 0xcc, 0xc8, 0xff, 0xd0, 0xd0, 0xd0, 0xff,
    0xd8, 0xcc, 0xc8, 0xff, 0xd8, 0xd0, 0xc8, 0xff, 0xd8, 0xd0, 0xd0, 0xff,
    0xd0, 0xcc, 0xc8, 0xff, 0xd8, 0xd0, 0xc8, 0xff, 0xd8, 0xcc, 0xd0, 0xff,
    0xd0, 0xcc, 0xc8, 0xff, 0xd8, 0xd0, 0xc8, 0xff, 0xd8, 0xcc, 0xd0, 0xff,
    0xd0, 0xd0, 0xc8, 0xff, 0xd8, 0xcc, 0xc8, 0xff, 0xd0, 0xd0, 0xd0, 0xff,
    0xd8, 0xcc, 0xc8, 0xff, 0xd0, 0xd0, 0xc8, 0xff, 0xd8, 0xd0, 0xd0, 0xff,
    0xd8, 0xcc, 0xc8, 0xff, 0xd0, 0xd0, 0xc8, 0xff, 0xd8, 0xcc, 0xd0, 0xff,
    0xd8, 0xcc, 0xc8, 0xff, 0xd0, 0xd0, 0xc8, 0xff, 0xd8, 0xcc, 0xd0, 0xff,
    0xd8, 0xcc, 0xc8, 0xff, 0xd0, 0xd0, 0xc8, 0xff, 0xd8, 0xd0, 0xd0, 0xff,
    0xd0, 0xcc, 0xc8, 0xff, 0xd8, 0xcc, 0xc8, 0xff, 0xd8, 0xd0, 0xd0, 0xff,
    0xd0, 0xd0, 0xc8, 0xff, 0xd8, 0xcc, 0xc8, 0xff, 0xd0, 0xd0, 0xd0, 0xff,
    0xd8, 0xd0, 0xc8, 0xff, 0xd8, 0xcc, 0xd0, 0xff, 0xd8, 0xd0, 0xc8, 0xff,
    0xd0, 0xcc, 0xd0, 0xff, 0xd8, 0xcc, 0xc8, 0xff, 0xd8, 0xd0, 0xd0, 0xff,
    0xd0, 0xd0, 0xc8, 0xff, 0xd8, 0xcc, 0xc8, 0xff, 0xd8, 0xd0, 0xd0, 0xff,
    0xd0, 0xcc, 0xc8, 0xff, 0xd8, 0xcc, 0xd0, 0xff, 0xd8, 0xd0, 0xc8, 0xff,
    0xd0, 0xcc, 0xc8, 0xff, 0xd8, 0xd0, 0xd0, 0xff, 0xd8, 0xcc, 0xd0, 0xff,
    0xd0, 0xcc, 0xc8, 0xff, 0xd8, 0xd0, 0xc8, 0xff, 0xd0, 0xd0, 0xd0, 0xff,
    0xd0, 0xcc, 0xc8, 0xff, 0xd8, 0xcc, 0xc8, 0xff, 0xd8, 0xd0, 0xc8, 0xff,
    0xd0, 0xcc, 0xd0, 0xff, 0xd8, 0xcc, 0xc8, 0xff, 0xd0, 0xd0, 0xd0, 0xff,
    0xd8, 0xcc, 0xc8, 0xff, 0xd0, 0xcc, 0xc8, 0xff, 0xd8, 0xd0, 0xd0, 0xff,
    0xd8, 0xcc, 0xc8, 0xff, 0xd0, 0xd0, 0xd0, 0xff, 0xd8, 0xcc, 0xc8, 0xff,
    0xd8, 0xd0, 0xc8, 0xff, 0xd0, 0xcc, 0xc8, 0xff, 0xd8, 0xcc, 0xd0, 0xff,
    0xd0, 0xd0, 0xc8, 0xff, 0xd8, 0xcc, 0xc8, 0xff, 0xd0, 0xd0, 0xd0, 0xff,
    0xd8, 0xd0, 0xc8, 0xff, 0xd8, 0xcc, 0xc8, 0xff, 0xd0, 0xd0, 0xd0, 0xff,
    0xd8, 0xd0, 0xc8, 0xff, 0xd8, 0xcc, 0xc8, 0xff, 0xd0, 0xcc, 0xd0, 0xff,
    0xd8, 0xd0, 0xc8, 0xff, 0xd0, 0xcc, 0xc8, 0xff, 0xd8, 0xd0, 0xd0, 0xff,
    0xd8, 0xcc, 0xc8, 0xff, 0xd0, 0xd0, 0xc8, 0xff, 0xd0, 0xd0, 0xd0, 0xff,
    0xd8, 0xcc, 0xc8, 0xff, 0xd0, 0xd0, 0xc8, 0xff, 0xd8, 0xcc, 0xd0, 0xff,
    0xd8, 0xcc, 0xd0, 0xff, 0xd0, 0xd0, 0xc8, 0xff, 0xd8, 0xcc, 0xc8, 0xff,
    0xd8, 0xcc, 0xd0, 0xff, 0xd0, 0xd0, 0xc8, 0xff, 0xd8, 0xd0, 0xc8, 0xff,
    0xd8, 0xcc, 0xd0, 0xff, 0xd0, 0xd0, 0xc8, 0xff, 0xd8, 0xcc, 0xc8, 0xff,
    0xd8, 0xd0, 0xc8, 0xff, 0xd0, 0xcc, 0xc8, 0xff, 0xd8, 0xcc, 0xd0, 0xff,
    0xd8, 0xd0, 0xc8, 0xff, 0xd8, 0xd0, 0xd0, 0xff, 0xd0, 0xcc, 0xc8, 0xff,
    0xd8, 0xd0, 0xd0, 0xff, 0xd8, 0xcc, 0xc8, 0xff, 0xd0, 0xcc, 0xc8, 0xff,
    0xd8, 0xd0, 0xd0, 0xff, 0xd8, 0xd0, 0xc8, 0xff, 0xd0, 0xcc, 0xc8, 0xff,
    0xd8, 0xd0, 0xd0, 0xff, 0xd8, 0xd0, 0xc8, 0xff, 0xd0, 0xcc, 0xc8, 0xff,
    0xd8, 0xd0, 0xd0, 0xff, 0xd8, 0xd0, 0xc8, 0xff, 0xd0, 0xcc, 0xd0, 0xff,
    0xd8, 0xcc, 0xc8, 0xff, 0xd0, 0xd0, 0xc8, 0xff, 0xd8, 0xcc, 0xd0, 0xff,
    0xd8, 0xcc, 0xc8, 0xff, 0xd0, 0xd0, 0xc8, 0xff, 0xd8, 0xcc, 0xd0, 0xff,
    0xd0, 0xcc, 0xc8, 0xff, 0xd8, 0xd0, 0xc8, 0xff, 0xd8, 0xcc, 0xd0, 0xff,
    0xd0, 0xd0, 0xc8, 0xff, 0xd8, 0xd0, 0xd0, 0xff, 0xd8, 0xcc, 0xc8, 0xff,
    0xd0, 0xd0, 0xc8, 0xff, 0xd8, 0xcc, 0xd0, 0xff, 0xd8, 0xd0, 0xc8, 0xff,
    0xd0, 0xcc, 0xc8, 0xff, 0xd8, 0xd0, 0xd0, 0xff, 0xd8, 0xcc, 0xc8, 0xff,
    0xd0, 0xcc, 0xc8, 0xff, 0xd8, 0xd0, 0xd0, 0xff, 0xd8, 0xcc, 0xc8, 0xff,
    0xd0, 0xd0, 0xd0, 0xff, 0xd8, 0xd0, 0xc8, 0xff, 0xd8, 0xd0, 0xc8, 0xff,
    0xd8, 0xd0, 0xd0, 0xff, 0xd8, 0xd0, 0xc8, 0xff, 0xd0, 0xcc, 0xd0, 0xff,
    0xd8, 0xd0, 0xc8, 0xff, 0xd8, 0xcc, 0xc8, 0xff, 0xd0, 0xd0, 0xd0, 0xff,
    0xd8, 0xd0, 0xc8, 0xff, 0xd8, 0xcc, 0xd0, 0xff, 0xd0, 0xd0, 0xc8, 0xff,
    0xd8, 0xd0, 0xc8, 0xff, 0xd8, 0xcc, 0xd0, 0xff, 0xd0, 0xd0, 0xc8, 0xff,
    0xd8, 0xcc, 0xd0, 0xff, 0xd8, 0xd0, 0xc8, 0xff, 0xd0, 0xd0, 0xd0, 0xff,
    0xd8, 0xcc, 0xc8, 0xff, 0xd8, 0xd0, 0xd0, 0xff, 0xd0, 0xcc, 0xc8, 0xff,
    0xd8, 0xcc, 0xc8, 0xff, 0xd0, 0xd0, 0xd0, 0xff, 0xd8, 0xcc, 0xc8, 0xff,
    0xd8, 0xd0, 0xc8, 0xff, 0xd0, 0xd0, 0xc8, 0xff, 0xd8, 0xcc, 0xc8, 0xff,
    0xd0, 0xd0, 0xd0, 0xff, 0xd8, 0xd0, 0xc8, 0xff, 0xd8, 0xcc, 0xc8, 0xff,
    0xd0, 0xd0, 0xd0, 0xff, 0xd8, 0xcc, 0xc8, 0xff, 0xd0, 0xcc, 0xc8, 0xff,
    0xd8, 0xd0, 0xd0, 0xff, 0xd0, 0xcc, 0xc8, 0xff, 0xd8, 0xd0, 0xd0, 0xff,
    0xd0, 0xcc, 0xc8, 0xff, 0xd8, 0xcc, 0xc8, 0xff, 0xd8, 0xd0, 0xd0, 0xff,
    0xd0, 0xcc, 0xc8, 0xff, 0xd8, 0xd0, 0xd0, 0xff, 0xd8, 0xcc, 0xc8, 0xff,
    0xd0, 0xd0, 0xc8, 0xff, 0xd8, 0xd0, 0xd0, 0xff, 0xd8, 0xd0, 0xc8, 0xff,
    0xd0, 0xcc, 0xc8, 0xff, 0xd8, 0xcc, 0xd0, 0xff, 0xd8, 0xd0, 0xc8, 0xff,
    0xd8, 0xcc, 0xc8, 0xff, 0xd0, 0xcc, 0xd0, 0xff, 0xd8, 0xd0, 0xc8, 0xff,
    0xd8, 0xd0, 0xc8, 0xff, 0xd0, 0xcc, 0xd0, 0xff, 0xd8, 0xd0, 0xc8, 0xff,
    0xd8, 0xcc, 0xc8, 0xff, 0xd0, 0xcc, 0xd0, 0xff, 0xd8, 0xd0, 0xc8, 0xff,
    0xd8, 0xcc, 0xd0, 0xff, 0xd0, 0xd0, 0xc8, 0xff, 0xd8, 0xd0, 0xc8, 0xff,
    0xd8, 0xcc, 0xd0, 0xff, 0xd0, 0xd0, 0xc8, 0xff, 0xd8, 0xcc, 0xc8, 0xff,
    0xd8, 0xcc, 0xd0, 0xff, 0xd0, 0xd0, 0xc8, 0xff, 0xd8, 0xcc, 0xc8, 0xff,
    0xd8, 0xcc, 0xd0, 0xff, 0xd0, 0xd0, 0xc8, 0xff, 0xd8, 0xcc, 0xd0, 0xff,
    0xd0, 0xd0, 0xc8, 0xff, 0xd8, 0xcc, 0xd0, 0xff, 0xd8, 0xd0, 0xc8, 0xff,
    0xd0, 0xd0, 0xd0, 0xff, 0xd8, 0xcc, 0xc8, 0xff, 0xd8, 0xcc, 0xc8, 0xff,
    0xd0, 0xd0, 0xd0, 0xff, 0xd8, 0xcc, 0xc8, 0xff, 0xd0, 0xd0, 0xd0, 0xff,
    0xd8, 0xd0, 0xc8, 0xff, 0xd8, 0xcc, 0xc8, 0xff, 0xd0, 0xd0, 0xd0, 0xff,
    0xd8, 0xd0, 0xc8, 0xff, 0xd0, 0xcc, 0xc8, 0xff, 0xd8, 0xd0, 0xd0, 0xff,
    0xd8, 0xcc, 0xc8, 0xff, 0xd0, 0xcc, 0xc8, 0xff, 0xd8, 0xd0, 0xd0, 0xff,
    0xd8, 0xcc, 0xc8, 0xff, 0xd0, 0xd0, 0xc8, 0xff, 0xd8, 0xd0, 0xd0, 0xff,
    0xd8, 0xcc, 0xc8, 0xff, 0xd0, 0xd0, 0xc8, 0xff, 0xd8, 0xcc, 0xd0, 0xff,
    0xd0, 0xd0, 0xc8, 0xff, 0xd8, 0xcc, 0xd0, 0xff, 0xd8, 0xd0, 0xc8, 0xff,
    0xd8, 0xd0, 0xd0, 0xff, 0xd0, 0xcc, 0xc8, 0xff, 0xd8, 0xd0, 0xc8, 0xff,
    0xd0, 0xd0, 0xd0, 0xff, 0xd8, 0xcc, 0xc8, 0xff, 0xd0, 0xd0, 0xc8, 0xff,
    0xd8, 0xd0, 0xc8, 0xff, 0xd8, 0xcc, 0xd0, 0xff, 0xd0, 0xd0, 0xc8, 0xff,
    0xd0, 0xcc, 0xc8, 0xf7, 0xc8, 0xc0, 0xc0, 0xd7, 0xa0, 0x9c, 0x98, 0x96,
    0x38, 0x34, 0x38, 0x41, 0x00, 0x00, 0x00, 0x08, 0x00, 0x00, 0x00, 0x00,
    0x00, 0x00, 0x00, 0x00, 0x00, 0x00, 0x00, 0x00, 0x00, 0x00, 0x00, 0x04,
    0x00, 0x00, 0x00, 0x1c, 0x00, 0x00, 0x00, 0x34, 0x10, 0x0c, 0x10, 0x41,
    0x00, 0x00, 0x00, 0x41, 0x00, 0x00, 0x00, 0x41, 0x00, 0x00, 0x00, 0x41,
    0x00, 0x00, 0x00, 0x41, 0x00, 0x00, 0x00, 0x41, 0x00, 0x00, 0x00, 0x41,
    0x00, 0x00, 0x00, 0x41, 0x00, 0x00, 0x00, 0x41, 0x00, 0x00, 0x00, 0x41,
    0x00, 0x00, 0x00, 0x41, 0x00, 0x00, 0x00, 0x41, 0x00, 0x00, 0x00, 0x41,
    0x00, 0x00, 0x00, 0x41, 0x00, 0x00, 0x00, 0x41, 0x00, 0x00, 0x00, 0x41,
    0x00, 0x00, 0x00, 0x41, 0x00, 0x00, 0x00, 0x41, 0x00, 0x00, 0x00, 0x41,
    0x00, 0x00, 0x00, 0x41, 0x00, 0x00, 0x00, 0x41, 0x00, 0x00, 0x00, 0x41,
    0x00, 0x00, 0x00, 0x41, 0x00, 0x00, 0x00, 0x41, 0x00, 0x00, 0x00, 0x41,
    0x00, 0x00, 0x00, 0x41, 0x00, 0x00, 0x00, 0x41, 0x00, 0x00, 0x00, 0x41,
    0x00, 0x00, 0x00, 0x41, 0x00, 0x00, 0x00, 0x41, 0x00, 0x00, 0x00, 0x41,
    0x00, 0x00, 0x00, 0x41, 0x00, 0x00, 0x00, 0x41, 0x00, 0x00, 0x00, 0x41,
    0x00, 0x00, 0x00, 0x41, 0x00, 0x00, 0x00, 0x41, 0x00, 0x00, 0x00, 0x41,
    0x00, 0x00, 0x00, 0x41, 0x00, 0x00, 0x00, 0x41, 0x00, 0x00, 0x00, 0x41,
    0x00, 0x00, 0x00, 0x41, 0x00, 0x00, 0x00, 0x41, 0x00, 0x00, 0x00, 0x41,
    0x00, 0x00, 0x00, 0x41, 0x00, 0x00, 0x00, 0x41, 0x00, 0x00, 0x00, 0x41,
    0x00, 0x00, 0x00, 0x41, 0x00, 0x00, 0x00, 0x41, 0x00, 0x00, 0x00, 0x41,
    0x00, 0x00, 0x00, 0x41, 0x00, 0x00, 0x00, 0x41, 0x00, 0x00, 0x00, 0x41,
    0x00, 0x00, 0x00, 0x41, 0x00, 0x00, 0x00, 0x41, 0x00, 0x00, 0x00, 0x41,
    0x00, 0x00, 0x00, 0x41, 0x00, 0x00, 0x00, 0x41, 0x00, 0x00, 0x00, 0x41,
    0x00, 0x00, 0x00, 0x41, 0x00, 0x00, 0x00, 0x41, 0x00, 0x00, 0x00, 0x41,
    0x00, 0x00, 0x00, 0x41, 0x00, 0x00, 0x00, 0x41, 0x00, 0x00, 0x00, 0x41,
    0x00, 0x00, 0x00, 0x41, 0x00, 0x00, 0x00, 0x41, 0x00, 0x00, 0x00, 0x41,
    0x00, 0x00, 0x00, 0x41, 0x00, 0x00, 0x00, 0x41, 0x00, 0x00, 0x00, 0x41,
    0x00, 0x00, 0x00, 0x41, 0x00, 0x00, 0x00, 0x41, 0x00, 0x00, 0x00, 0x41,
    0x00, 0x00, 0x00, 0x41, 0x00, 0x00, 0x00, 0x41, 0x00, 0x00, 0x00, 0x41,
    0x00, 0x00, 0x00, 0x41, 0x00, 0x00, 0x00, 0x41, 0x00, 0x00, 0x00, 0x41,
    0x00, 0x00, 0x00, 0x41, 0x00, 0x00, 0x00, 0x41, 0x00, 0x00, 0x00, 0x41,
    0x00, 0x00, 0x00, 0x41, 0x00, 0x00, 0x00, 0x41, 0x00, 0x00, 0x00, 0x41,
    0x00, 0x00, 0x00, 0x41, 0x00, 0x00, 0x00, 0x41, 0x00, 0x00, 0x00, 0x41,
    0x00, 0x00, 0x00, 0x41, 0x00, 0x00, 0x00, 0x41, 0x00, 0x00, 0x00, 0x41,
    0x00, 0x00, 0x00, 0x41, 0x00, 0x00, 0x00, 0x41, 0x00, 0x00, 0x00, 0x41,
    0x00, 0x00, 0x00, 0x41, 0x00, 0x00, 0x00, 0x41, 0x00, 0x00, 0x00, 0x41,
    0x00, 0x00, 0x00, 0x41, 0x00, 0x00, 0x00, 0x41, 0x00, 0x00, 0x00, 0x41,
    0x00, 0x00, 0x00, 0x41, 0x00, 0x00, 0x00, 0x41, 0x00, 0x00, 0x00, 0x41,
    0x00, 0x00, 0x00, 0x41, 0x00, 0x00, 0x00, 0x41, 0x00, 0x00, 0x00, 0x41,
    0x00, 0x00, 0x00, 0x41, 0x00, 0x00, 0x00, 0x41, 0x00, 0x00, 0x00, 0x41,
    0x00, 0x00, 0x00, 0x41, 0x00, 0x00, 0x00, 0x41, 0x00, 0x00, 0x00, 0x41,
    0x00, 0x00, 0x00, 0x41, 0x00, 0x00, 0x00, 0x41, 0x00, 0x00, 0x00, 0x41,
    0x00, 0x00, 0x00, 0x41, 0x00, 0x00, 0x00, 0x41, 0x00, 0x00, 0x00, 0x41,
    0x00, 0x00, 0x00, 0x41, 0x00, 0x00, 0x00, 0x41, 0x00, 0x00, 0x00, 0x41,
    0x00, 0x00, 0x00, 0x41, 0x00, 0x00, 0x00, 0x41, 0x00, 0x00, 0x00, 0x41,
    0x00, 0x00, 0x00, 0x41, 0x00, 0x00, 0x00, 0x41, 0x00, 0x00, 0x00, 0x41,
    0x00, 0x00, 0x00, 0x41, 0x00, 0x00, 0x00, 0x41, 0x00, 0x00, 0x00, 0x41,
    0x00, 0x00, 0x00, 0x41, 0x00, 0x00, 0x00, 0x41, 0x00, 0x00, 0x00, 0x41,
    0x00, 0x00, 0x00, 0x41, 0x00, 0x00, 0x00, 0x41, 0x00, 0x00, 0x00, 0x41,
    0x00, 0x00, 0x00, 0x41, 0x00, 0x00, 0x00, 0x41, 0x00, 0x00, 0x00, 0x41,
    0x00, 0x00, 0x00, 0x41, 0x00, 0x00, 0x00, 0x41, 0x00, 0x00, 0x00, 0x41,
    0x00, 0x00, 0x00, 0x41, 0x00, 0x00, 0x00, 0x41, 0x00, 0x00, 0x00, 0x41,
    0x00, 0x00, 0x00, 0x41, 0x00, 0x00, 0x00, 0x41, 0x00, 0x00, 0x00, 0x41,
    0x00, 0x00, 0x00, 0x41, 0x00, 0x00, 0x00, 0x41, 0x00, 0x00, 0x00, 0x41,
    0x00, 0x00, 0x00, 0x41, 0x00, 0x00, 0x00, 0x41, 0x00, 0x00, 0x00, 0x41,
    0x00, 0x00, 0x00, 0x41, 0x00, 0x00, 0x00, 0x41, 0x00, 0x00, 0x00, 0x41,
    0x00, 0x00, 0x00, 0x41, 0x00, 0x00, 0x00, 0x41, 0x00, 0x00, 0x00, 0x41,
    0x00, 0x00, 0x00, 0x41, 0x00, 0x00, 0x00, 0x41, 0x00, 0x00, 0x00, 0x41,
    0x00, 0x00, 0x00, 0x41, 0x00, 0x00, 0x00, 0x41, 0x00, 0x00, 0x00, 0x41,
    0x00, 0x00, 0x00, 0x41, 0x00, 0x00, 0x00, 0x41, 0x00, 0x00, 0x00, 0x41,
    0x00, 0x00, 0x00, 0x41, 0x00, 0x00, 0x00, 0x41, 0x00, 0x00, 0x00, 0x41,
    0x00, 0x00, 0x00, 0x41, 0x00, 0x00, 0x00, 0x41, 0x00, 0x00, 0x00, 0x41,
    0x00, 0x00, 0x00, 0x41, 0x00, 0x00, 0x00, 0x41, 0x00, 0x00, 0x00, 0x41,
    0x00, 0x00, 0x00, 0x41, 0x00, 0x00, 0x00, 0x41, 0x00, 0x00, 0x00, 0x41,
    0x00, 0x00, 0x00, 0x41, 0x00, 0x00, 0x00, 0x41, 0x00, 0x00, 0x00, 0x41,
    0x00, 0x00, 0x00, 0x41, 0x00, 0x00, 0x00, 0x41, 0x00, 0x00, 0x00, 0x41,
    0x00, 0x00, 0x00, 0x41, 0x00, 0x00, 0x00, 0x41, 0x00, 0x00, 0x00, 0x41,
    0x00, 0x00, 0x00, 0x41, 0x00, 0x00, 0x00, 0x41, 0x00, 0x00, 0x00, 0x41,
    0x00, 0x00, 0x00, 0x41, 0x00, 0x00, 0x00, 0x41, 0x00, 0x00, 0x00, 0x41,
    0x00, 0x00, 0x00, 0x41, 0x00, 0x00, 0x00, 0x41, 0x00, 0x00, 0x00, 0x41,
    0x00, 0x00, 0x00, 0x41, 0x00, 0x00, 0x00, 0x41, 0x00, 0x00, 0x00, 0x41,
    0x00, 0x00, 0x00, 0x41, 0x00, 0x00, 0x00, 0x41, 0x00, 0x00, 0x00, 0x41,
    0x00, 0x00, 0x00, 0x41, 0x00, 0x00, 0x00, 0x41, 0x00, 0x00, 0x00, 0x41,
    0x00, 0x00, 0x00, 0x41, 0x00, 0x00, 0x00, 0x41, 0x00, 0x00, 0x00, 0x41,
    0x00, 0x00, 0x00, 0x41, 0x00, 0x00, 0x00, 0x41, 0x00, 0x00, 0x00, 0x41,
    0x00, 0x00, 0x00, 0x41, 0x00, 0x00, 0x00, 0x41, 0x00, 0x00, 0x00, 0x41,
    0x00, 0x00, 0x00, 0x41, 0x00, 0x00, 0x00, 0x41, 0x00, 0x00, 0x00, 0x41,
    0x00, 0x00, 0x00, 0x41, 0x00, 0x00, 0x00, 0x41, 0x00, 0x00, 0x00, 0x41,
    0x00, 0x00, 0x00, 0x41, 0x00, 0x00, 0x00, 0x41, 0x00, 0x00, 0x00, 0x41,
    0x00, 0x00, 0x00, 0x41, 0x00, 0x00, 0x00, 0x41, 0x00, 0x00, 0x00, 0x41,
    0x00, 0x00, 0x00, 0x41, 0x00, 0x00, 0x00, 0x41, 0x00, 0x00, 0x00, 0x41,
    0x00, 0x00, 0x00, 0x41, 0x00, 0x00, 0x00, 0x41, 0x00, 0x00, 0x00, 0x41,
    0x00, 0x00, 0x00, 0x41, 0x00, 0x00, 0x00, 0x41, 0x00, 0x00, 0x00, 0x41,
    0x00, 0x00, 0x00, 0x41, 0x00, 0x00, 0x00, 0x41, 0x00, 0x00, 0x00, 0x41,
    0x00, 0x00, 0x00, 0x41, 0x00, 0x00, 0x00, 0x41, 0x00, 0x00, 0x00, 0x41,
    0x00, 0x00, 0x00, 0x41, 0x00, 0x00, 0x00, 0x41, 0x00, 0x00, 0x00, 0x41,
    0x00, 0x00, 0x00, 0x41, 0x00, 0x00, 0x00, 0x41, 0x00, 0x00, 0x00, 0x41,
    0x00, 0x00, 0x00, 0x41, 0x00, 0x00, 0x00, 0x41, 0x00, 0x00, 0x00, 0x41,
    0x00, 0x00, 0x00, 0x41, 0x00, 0x00, 0x00, 0x41, 0x00, 0x00, 0x00, 0x41,
    0x00, 0x00, 0x00, 0x41, 0x00, 0x00, 0x00, 0x41, 0x00, 0x00, 0x00, 0x41,
    0x00, 0x00, 0x00, 0x41, 0x00, 0x00, 0x00, 0x41, 0x00, 0x00, 0x00, 0x41,
    0x00, 0x00, 0x00, 0x41, 0x00, 0x00, 0x00, 0x41, 0x00, 0x00, 0x00, 0x41,
    0x00, 0x00, 0x00, 0x41, 0x00, 0x00, 0x00, 0x41, 0x00, 0x00, 0x00, 0x41,
    0x00, 0x00, 0x00, 0x41, 0x00, 0x00, 0x00, 0x41, 0x00, 0x00, 0x00, 0x41,
    0x00, 0x00, 0x00, 0x41, 0x00, 0x00, 0x00, 0x41, 0x00, 0x00, 0x00, 0x41,
    0x00, 0x00, 0x00, 0x41, 0x00, 0x00, 0x00, 0x41, 0x00, 0x00, 0x00, 0x41,
    0x00, 0x00, 0x00, 0x41, 0x00, 0x00, 0x00, 0x41, 0x00, 0x00, 0x00, 0x41,
    0x00, 0x00, 0x00, 0x41, 0x00, 0x00, 0x00, 0x41, 0x00, 0x00, 0x00, 0x41,
    0x00, 0x00, 0x00, 0x41, 0x00, 0x00, 0x00, 0x41, 0x00, 0x00, 0x00, 0x41,
    0x00, 0x00, 0x00, 0x41, 0x00, 0x00, 0x00, 0x41, 0x00, 0x00, 0x00, 0x41,
    0x00, 0x00, 0x00, 0x41, 0x00, 0x00, 0x00, 0x41, 0x00, 0x00, 0x00, 0x41,
    0x00, 0x00, 0x00, 0x41, 0x00, 0x00, 0x00, 0x41, 0x00, 0x00, 0x00, 0x41,
    0x00, 0x00, 0x00, 0x41, 0x00, 0x00, 0x00, 0x41, 0x00, 0x00, 0x00, 0x41,
    0x00, 0x00, 0x00, 0x41, 0x00, 0x00, 0x00, 0x41, 0x00, 0x00, 0x00, 0x41,
    0x00, 0x00, 0x00, 0x41, 0x00, 0x00, 0x00, 0x41, 0x00, 0x00, 0x00, 0x41,
    0x00, 0x00, 0x00, 0x41, 0x00, 0x00, 0x00, 0x41, 0x00, 0x00, 0x00, 0x41,
    0x00, 0x00, 0x00, 0x41, 0x00, 0x00, 0x00, 0x41, 0x00, 0x00, 0x00, 0x41,
    0x00, 0x00, 0x00, 0x41, 0x00, 0x00, 0x00, 0x41, 0x00, 0x00, 0x00, 0x41,
    0x00, 0x00, 0x00, 0x41, 0x00, 0x00, 0x00, 0x41, 0x00, 0x00, 0x00, 0x41,
    0x00, 0x00, 0x00, 0x41, 0x00, 0x00, 0x00, 0x41, 0x00, 0x00, 0x00, 0x41,
    0x00, 0x00, 0x00, 0x41, 0x00, 0x00, 0x00, 0x41, 0x00, 0x00, 0x00, 0x41,
    0x00, 0x00, 0x00, 0x41, 0x00, 0x00, 0x00, 0x41, 0x00, 0x00, 0x00, 0x41,
    0x08, 0x0c, 0x10, 0x41, 0x00, 0x00, 0x00, 0x34, 0x00, 0x00, 0x00, 0x1c,
    0x00, 0x00, 0x00, 0x04, 0x00, 0x00, 0x00, 0x00, 0x00, 0x00, 0x00, 0x00
};
