#include <touchgfx/hal/Types.hpp>

FONT_GLYPH_LOCATION_FLASH_PRAGMA
KEEP extern const uint8_t unicodes_STXIHEI_TTF_22_4bpp_9[] FONT_GLYPH_LOCATION_FLASH_ATTRIBUTE = {
    // Unicode: [0x4E00]
    0x77, 0x66, 0x56, 0x55, 0x55, 0x55, 0x55, 0x66, 0x76, 0x37, 0xFE, 0xEE, 0xDD, 0xDD, 0xDD, 0xDD,
    0xDD, 0xED, 0xEE, 0x7F,
    // Unicode: [0x4E01]
    0x62, 0x56, 0x55, 0x55, 0x44, 0x44, 0x55, 0x55, 0x66, 0x36, 0xF5, 0xEF, 0xEE, 0xDD, 0xDD, 0xEF,
    0xDD, 0xED, 0xEE, 0x7F, 0x00, 0x00, 0x00, 0x00, 0x00, 0x6F, 0x00, 0x00, 0x00, 0x00, 0x00, 0x00,
    0x00, 0x00, 0x00, 0x6F, 0x00, 0x00, 0x00, 0x00, 0x00, 0x00, 0x00, 0x00, 0x00, 0x6F, 0x00, 0x00,
    0x00, 0x00, 0x00, 0x00, 0x00, 0x00, 0x00, 0x6F, 0x00, 0x00, 0x00, 0x00, 0x00, 0x00, 0x00, 0x00,
    0x00, 0x6F, 0x00, 0x00, 0x00, 0x00, 0x00, 0x00, 0x00, 0x00, 0x00, 0x6F, 0x00, 0x00, 0x00, 0x00,
    0x00, 0x00, 0x00, 0x00, 0x00, 0x6F, 0x00, 0x00, 0x00, 0x00, 0x00, 0x00, 0x00, 0x00, 0x00, 0x6F,
    0x00, 0x00, 0x00, 0x00, 0x00, 0x00, 0x00, 0x00, 0x00, 0x6F, 0x00, 0x00, 0x00, 0x00, 0x00, 0x00,
    0x00, 0x00, 0x00, 0x6F, 0x00, 0x00, 0x00, 0x00, 0x00, 0x00, 0x00, 0x00, 0x00, 0x6F, 0x00, 0x00,
    0x00, 0x00, 0x00, 0x00, 0x00, 0x00, 0x00, 0x6F, 0x00, 0x00, 0x00, 0x00, 0x00, 0x00, 0x00, 0x00,
    0x00, 0x6F, 0x00, 0x00, 0x00, 0x00, 0x00, 0x00, 0x00, 0x00, 0x10, 0x6F, 0x00, 0x00, 0x00, 0x00,
    0x00, 0x00, 0x00, 0x99, 0xC9, 0x3F, 0x00, 0x00, 0x00, 0x00, 0x00, 0x00, 0x00, 0xF8, 0xCE, 0x06,
    0x00, 0x00, 0x00, 0x00,
    // Unicode: [0x4E02]
    0x70, 0x56, 0x45, 0x44, 0x44, 0x44, 0x44, 0x54, 0x65, 0x27, 0xF1, 0xEF, 0xDE, 0xFE, 0xDD, 0xDD,
    0xDD, 0xEE, 0xFF, 0x5F, 0x00, 0x00, 0x00, 0xC8, 0x00, 0x00, 0x00, 0x00, 0x00, 0x01, 0x00, 0x00,
    0x00, 0x7D, 0x00, 0x00, 0x00, 0x00, 0x00, 0x00, 0x00, 0x00, 0x30, 0x2F, 0x00, 0x00, 0x00, 0x00,
    0x00, 0x00, 0x00, 0x00, 0x80, 0x0C, 0x00, 0x00, 0x00, 0x00, 0x00, 0x00, 0x00, 0x00, 0xD0, 0x07,
    0x00, 0x00, 0x00, 0x00, 0x00, 0x00, 0x00, 0x00, 0xF2, 0x24, 0x22, 0x22, 0x22, 0x32, 0x13, 0x00,
    0x00, 0x00, 0xF7, 0xFF, 0xFF, 0xFF, 0xFF, 0xFF, 0x4F, 0x00, 0x00, 0x00, 0x22, 0x22, 0x22, 0x22,
    0x22, 0x52, 0x2F, 0x00, 0x00, 0x00, 0x00, 0x00, 0x00, 0x00, 0x00, 0x40, 0x0F, 0x00, 0x00, 0x00,
    0x00, 0x00, 0x00, 0x00, 0x00, 0x50, 0x0E, 0x00, 0x00, 0x00, 0x00, 0x00, 0x00, 0x00, 0x00, 0x70,
    0x0C, 0x00, 0x00, 0x00, 0x00, 0x00, 0x00, 0x00, 0x00, 0x90, 0x0B, 0x00, 0x00, 0x00, 0x00, 0x00,
    0x00, 0x00, 0x00, 0xB0, 0x09, 0x00, 0x00, 0x00, 0x00, 0x00, 0x00, 0x00, 0x00, 0xF4, 0x06, 0x00,
    0x00, 0x00, 0x00, 0x00, 0x90, 0x89, 0xA8, 0xDF, 0x01, 0x00, 0x00, 0x00, 0x00, 0x00, 0x90, 0xEF,
    0xBD, 0x17, 0x00, 0x00,
    // Unicode: [0x4E03]
    0x00, 0x00, 0x00, 0x00, 0x01, 0x00, 0x00, 0x00, 0x00, 0x00, 0x00, 0x00, 0x00, 0x00, 0x00, 0xCF,
    0x00, 0x00, 0x00, 0x00, 0x00, 0x00, 0x00, 0x00, 0x00, 0x00, 0x7F, 0x00, 0x00, 0x00, 0x00, 0x00,
    0x00, 0x00, 0x00, 0x00, 0x00, 0x7E, 0x00, 0x00, 0x00, 0x00, 0x00, 0x00, 0x00, 0x00, 0x00, 0x00,
    0x7E, 0x00, 0x00, 0x00, 0x00, 0x00, 0x00, 0x00, 0x00, 0x00, 0x00, 0x7E, 0x00, 0x00, 0x00, 0x00,
    0x00, 0x00, 0x00, 0x00, 0x00, 0x00, 0x7E, 0x00, 0x00, 0x00, 0x63, 0xDA, 0x07, 0x00, 0x00, 0x00,
    0x00, 0x7E, 0x10, 0x74, 0xEB, 0xFF, 0xAD, 0x05, 0x00, 0x00, 0x00, 0x41, 0xDE, 0xFD, 0xDF, 0x7A,
    0x14, 0x00, 0x00, 0x30, 0x85, 0xDB, 0xFF, 0xCF, 0x36, 0x01, 0x00, 0x00, 0x00, 0x00, 0xF3, 0xDF,
    0x7A, 0x13, 0x7E, 0x00, 0x00, 0x00, 0x00, 0x00, 0x00, 0x50, 0x02, 0x00, 0x00, 0x7E, 0x00, 0x00,
    0x00, 0x00, 0x00, 0x00, 0x00, 0x00, 0x00, 0x00, 0x7E, 0x00, 0x00, 0x00, 0x00, 0x00, 0x00, 0x00,
    0x00, 0x00, 0x00, 0x7E, 0x00, 0x00, 0x00, 0x00, 0x00, 0x00, 0x00, 0x00, 0x00, 0x00, 0x7E, 0x00,
    0x00, 0x00, 0x00, 0x20, 0x00, 0x00, 0x00, 0x00, 0x00, 0x7E, 0x00, 0x00, 0x00, 0x00, 0xE0, 0x06,
    0x00, 0x00, 0x00, 0x00, 0x8E, 0x00, 0x00, 0x00, 0x00, 0xF3, 0x07, 0x00, 0x00, 0x00, 0x00, 0xCD,
    0x01, 0x00, 0x00, 0x20, 0xFC, 0x01, 0x00, 0x00, 0x00, 0x00, 0xF7, 0xFF, 0xFF, 0xFF, 0xFF, 0x5E,
    0x00, 0x00, 0x00, 0x00, 0x00, 0x10, 0x44, 0x55, 0x55, 0x34, 0x01, 0x00,
    // Unicode: [0x4E04]
    0x00, 0x00, 0x00, 0x00, 0x76, 0x03, 0x00, 0x00, 0x00, 0x00, 0x00, 0x00, 0x00, 0x00, 0xFB, 0x02,
    0x00, 0x00, 0x00, 0x00, 0x00, 0x00, 0x00, 0x00, 0xE9, 0x00, 0x00, 0x00, 0x00, 0x00, 0x00, 0x00,
    0x00, 0x00, 0xE8, 0x00, 0x00, 0x00, 0x00, 0x00, 0x00, 0x00, 0x00, 0x00, 0xE8, 0x00, 0x00, 0x00,
    0x00, 0x00, 0x00, 0x00, 0x00, 0x00, 0xE8, 0x00, 0x00, 0x00, 0x00, 0x00, 0x00, 0x00, 0x00, 0x00,
    0xE8, 0x00, 0x00, 0x00, 0x00, 0x00, 0x00, 0x00, 0x00, 0x00, 0xE8, 0x00, 0x00, 0x00, 0x00, 0x00,
    0x00, 0x00, 0x00, 0x00, 0xE8, 0x00, 0x00, 0x00, 0x00, 0x00, 0x00, 0x00, 0x00, 0x00, 0xE8, 0x00,
    0x00, 0x00, 0x00, 0x00, 0x00, 0x00, 0x00, 0x00, 0xE8, 0x00, 0x00, 0x00, 0x00, 0x00, 0x00, 0x00,
    0x00, 0x00, 0xE8, 0x00, 0x00, 0x00, 0x00, 0x00, 0x00, 0x00, 0x00, 0x00, 0xE8, 0x00, 0x00, 0x00,
    0x00, 0x00, 0x00, 0x00, 0x00, 0x00, 0xE8, 0x00, 0x00, 0x00, 0x00, 0x00, 0x00, 0x00, 0x00, 0x00,
    0xE8, 0x00, 0x00, 0x00, 0x00, 0x00, 0x12, 0x01, 0x00, 0x00, 0xE8, 0x00, 0x00, 0x10, 0x21, 0x01,
    0xFF, 0xFF, 0xFF, 0xFF, 0xFF, 0xFF, 0xFF, 0xFF, 0xFF, 0x04, 0x56, 0x55, 0x44, 0x44, 0x44, 0x44,
    0x44, 0x54, 0x65, 0x02,
    // Unicode: [0x4E05]
    0x56, 0x45, 0x44, 0x44, 0x44, 0x44, 0x44, 0x54, 0x65, 0x02, 0xFF, 0xFF, 0xFF, 0xFF, 0xFF, 0xFF,
    0xFF, 0xFF, 0xFF, 0x05, 0x12, 0x01, 0x00, 0x00, 0xE8, 0x00, 0x00, 0x10, 0x21, 0x01, 0x00, 0x00,
    0x00, 0x00, 0xE8, 0x00, 0x00, 0x00, 0x00, 0x00, 0x00, 0x00, 0x00, 0x00, 0xE8, 0x00, 0x00, 0x00,
    0x00, 0x00, 0x00, 0x00, 0x00, 0x00, 0xE8, 0x00, 0x00, 0x00, 0x00, 0x00, 0x00, 0x00, 0x00, 0x00,
    0xE8, 0x00, 0x00, 0x00, 0x00, 0x00, 0x00, 0x00, 0x00, 0x00, 0xE8, 0x00, 0x00, 0x00, 0x00, 0x00,
    0x00, 0x00, 0x00, 0x00, 0xE8, 0x00, 0x00, 0x00, 0x00, 0x00, 0x00, 0x00, 0x00, 0x00, 0xE8, 0x00,
    0x00, 0x00, 0x00, 0x00, 0x00, 0x00, 0x00, 0x00, 0xE8, 0x00, 0x00, 0x00, 0x00, 0x00, 0x00, 0x00,
    0x00, 0x00, 0xE8, 0x00, 0x00, 0x00, 0x00, 0x00, 0x00, 0x00, 0x00, 0x00, 0xE8, 0x00, 0x00, 0x00,
    0x00, 0x00, 0x00, 0x00, 0x00, 0x00, 0xE8, 0x00, 0x00, 0x00, 0x00, 0x00, 0x00, 0x00, 0x00, 0x00,
    0xE8, 0x00, 0x00, 0x00, 0x00, 0x00, 0x00, 0x00, 0x00, 0x00, 0xF9, 0x00, 0x00, 0x00, 0x00, 0x00,
    0x00, 0x00, 0x00, 0x00, 0xFA, 0x01, 0x00, 0x00, 0x00, 0x00, 0x00, 0x00, 0x00, 0x00, 0xFB, 0x02,
    0x00, 0x00, 0x00, 0x00,
    // Unicode: [0x4E06]
    0xFD, 0xEE, 0xEE, 0xEE, 0xEE, 0xEE, 0xEE, 0xEE, 0xFE, 0x55, 0x45, 0x44, 0x44, 0x8E, 0x44, 0x44,
    0x54, 0x65, 0x00, 0x00, 0x00, 0x50, 0x0E, 0x00, 0x00, 0x00, 0x00, 0x00, 0x00, 0x00, 0xC0, 0x07,
    0x00, 0x00, 0x00, 0x00, 0x00, 0x00, 0x00, 0xD7, 0x01, 0x00, 0x00, 0x00, 0x00, 0x00, 0x00, 0x40,
    0x3E, 0x00, 0x00, 0x00, 0x00, 0x00, 0x00, 0x00, 0xE5, 0x07, 0x00, 0x00, 0x00, 0x00, 0x00, 0x00,
    0x81, 0x7F, 0x00, 0x00, 0x00, 0x00, 0x00, 0x00, 0x60, 0xED, 0x05, 0x00, 0x00, 0x00, 0x00, 0x00,
    0x00, 0xD3, 0x2C, 0x00, 0x00, 0x00, 0x00, 0x00, 0x00, 0x00, 0x10, 0x00, 0x00, 0x00, 0x00, 0x00,
    0x00, 0x00, 0x00,
    // Unicode: [0x4E07]
    0xF5, 0xEE, 0xDE, 0xDD, 0xDD, 0xDD, 0xDD, 0xEE, 0xEE, 0xAF, 0x62, 0x45, 0x44, 0xEA, 0x44, 0x44,
    0x44, 0x44, 0x54, 0x45, 0x00, 0x00, 0x00, 0xE7, 0x00, 0x00, 0x00, 0x00, 0x00, 0x00, 0x00, 0x00,
    0x00, 0xE7, 0x00, 0x00, 0x00, 0x00, 0x00, 0x00, 0x00, 0x00, 0x00, 0xD7, 0x00, 0x00, 0x00, 0x00,
    0x00, 0x00, 0x00, 0x00, 0x00, 0xC8, 0x00, 0x00, 0x00, 0x00, 0x01, 0x00, 0x00, 0x00, 0x00, 0xF9,
    0xEE, 0xEE, 0xEE, 0xFE, 0x2F, 0x00, 0x00, 0x00, 0x00, 0xBB, 0x33, 0x33, 0x33, 0x93, 0x1F, 0x00,
    0x00, 0x00, 0x00, 0x8D, 0x00, 0x00, 0x00, 0x80, 0x0E, 0x00, 0x00, 0x00, 0x10, 0x5F, 0x00, 0x00,
    0x00, 0x90, 0x0C, 0x00, 0x00, 0x00, 0x50, 0x2F, 0x00, 0x00, 0x00, 0xA0, 0x0B, 0x00, 0x00, 0x00,
    0xA0, 0x0C, 0x00, 0x00, 0x00, 0xC0, 0x09, 0x00, 0x00, 0x00, 0xF2, 0x06, 0x00, 0x00, 0x00, 0xD0,
    0x08, 0x00, 0x00, 0x00, 0xEA, 0x01, 0x00, 0x00, 0x00, 0xE0, 0x06, 0x00, 0x00, 0x50, 0x5F, 0x00,
    0x00, 0x00, 0x00, 0xF1, 0x04, 0x00, 0x00, 0xF4, 0x09, 0x00, 0x00, 0x00, 0x00, 0xF6, 0x02, 0x00,
    0x50, 0xBF, 0x00, 0x00, 0x00, 0x94, 0xB9, 0xCF, 0x00, 0x00, 0xF5, 0x1B, 0x00, 0x00, 0x00, 0xF1,
    0xDE, 0x29, 0x00, 0x00, 0x40, 0x01, 0x00, 0x00, 0x00, 0x00, 0x00, 0x00, 0x00, 0x00,
    // Unicode: [0x4E08]
    0x00, 0x00, 0x00, 0x00, 0x00, 0x60, 0x5A, 0x00, 0x00, 0x00, 0x00, 0x00, 0x00, 0x00, 0x00, 0x60,
    0x3F, 0x00, 0x00, 0x00, 0x00, 0x00, 0x00, 0x00, 0x00, 0x50, 0x1F, 0x00, 0x00, 0x00, 0x00, 0x00,
    0x00, 0x00, 0x00, 0x50, 0x0F, 0x00, 0x00, 0x00, 0xE0, 0xDD, 0xCC, 0xCC, 0xCC, 0xDC, 0xCF, 0xCC,
    0xDD, 0x1E, 0x60, 0x45, 0x44, 0x44, 0x44, 0x74, 0x4E, 0x44, 0x54, 0x06, 0x00, 0x00, 0x13, 0x00,
    0x00, 0x60, 0x0D, 0x00, 0x00, 0x00, 0x00, 0x00, 0x9C, 0x00, 0x00, 0x70, 0x0C, 0x00, 0x00, 0x00,
    0x00, 0x00, 0xF3, 0x03, 0x00, 0x90, 0x0A, 0x00, 0x00, 0x00, 0x00, 0x00, 0x80, 0x1D, 0x00, 0xC0,
    0x07, 0x00, 0x00, 0x00, 0x00, 0x00, 0x10, 0x9D, 0x00, 0xF1, 0x04, 0x00, 0x00, 0x00, 0x00, 0x00,
    0x00, 0xE3, 0x06, 0xE6, 0x00, 0x00, 0x00, 0x00, 0x00, 0x00, 0x00, 0x50, 0x6F, 0x8D, 0x00, 0x00,
    0x00, 0x00, 0x00, 0x00, 0x00, 0x00, 0xF6, 0x1E, 0x00, 0x00, 0x00, 0x00, 0x00, 0x00, 0x00, 0x10,
    0xEA, 0xAF, 0x01, 0x00, 0x00, 0x00, 0x00, 0x00, 0x00, 0xD4, 0x3E, 0xD3, 0x4D, 0x00, 0x00, 0x00,
    0x00, 0x00, 0xC5, 0xBF, 0x02, 0x10, 0xF9, 0x4B, 0x00, 0x00, 0x20, 0xD8, 0xDF, 0x05, 0x00, 0x00,
    0x30, 0xFB, 0x9D, 0x15, 0xF6, 0xCF, 0x05, 0x00, 0x00, 0x00, 0x00, 0x30, 0xFA, 0x4F, 0x70, 0x04,
    0x00, 0x00, 0x00, 0x00, 0x00, 0x00, 0x20, 0x05,
    // Unicode: [0x4E09]
    0x00, 0x11, 0x01, 0x00, 0x00, 0x00, 0x00, 0x10, 0x21, 0x00, 0x00, 0xFA, 0xFF, 0xFF, 0xFF, 0xFF,
    0xFF, 0xFF, 0xEF, 0x00, 0x00, 0x43, 0x34, 0x33, 0x33, 0x33, 0x33, 0x33, 0x44, 0x00, 0x00, 0x00,
    0x00, 0x00, 0x00, 0x00, 0x00, 0x00, 0x00, 0x00, 0x00, 0x00, 0x00, 0x00, 0x00, 0x00, 0x00, 0x00,
    0x00, 0x00, 0x00, 0x00, 0x00, 0x00, 0x00, 0x00, 0x00, 0x00, 0x00, 0x00, 0x00, 0x00, 0x00, 0x00,
    0x00, 0x00, 0x00, 0x00, 0x00, 0x00, 0x00, 0x10, 0x56, 0x45, 0x44, 0x44, 0x54, 0x55, 0x04, 0x00,
    0x00, 0x20, 0xEF, 0xDE, 0xDD, 0xDD, 0xDD, 0xEE, 0x0B, 0x00, 0x00, 0x00, 0x00, 0x00, 0x00, 0x00,
    0x00, 0x00, 0x00, 0x00, 0x00, 0x00, 0x00, 0x00, 0x00, 0x00, 0x00, 0x00, 0x00, 0x00, 0x00, 0x00,
    0x00, 0x00, 0x00, 0x00, 0x00, 0x00, 0x00, 0x00, 0x00, 0x00, 0x00, 0x00, 0x00, 0x00, 0x00, 0x00,
    0x00, 0x00, 0x00, 0x00, 0x00, 0x00, 0x00, 0x00, 0x00, 0x00, 0x00, 0x00, 0x52, 0x44, 0x34, 0x33,
    0x33, 0x33, 0x33, 0x33, 0x44, 0x45, 0xF6, 0xFF, 0xFF, 0xFF, 0xFF, 0xFF, 0xFF, 0xFF, 0xFF, 0xCF,
    0x21, 0x12, 0x11, 0x01, 0x00, 0x00, 0x00, 0x11, 0x11, 0x22,
    // Unicode: [0x4E0A]
    0x00, 0x00, 0x00, 0x00, 0xC5, 0x06, 0x00, 0x00, 0x00, 0x00, 0x00, 0x00, 0x00, 0x00, 0xF5, 0x03,
    0x00, 0x00, 0x00, 0x00, 0x00, 0x00, 0x00, 0x00, 0xF4, 0x02, 0x00, 0x00, 0x00, 0x00, 0x00, 0x00,
    0x00, 0x00, 0xF4, 0x02, 0x00, 0x00, 0x00, 0x00, 0x00, 0x00, 0x00, 0x00, 0xF4, 0x02, 0x00, 0x00,
    0x00, 0x00, 0x00, 0x00, 0x00, 0x00, 0xF4, 0x02, 0x00, 0x00, 0x00, 0x00, 0x00, 0x00, 0x00, 0x00,
    0xF4, 0x46, 0x44, 0x44, 0x55, 0x00, 0x00, 0x00, 0x00, 0x00, 0xF4, 0xDD, 0xDD, 0xDD, 0xDE, 0x00,
    0x00, 0x00, 0x00, 0x00, 0xF4, 0x02, 0x00, 0x00, 0x00, 0x00, 0x00, 0x00, 0x00, 0x00, 0xF4, 0x02,
    0x00, 0x00, 0x00, 0x00, 0x00, 0x00, 0x00, 0x00, 0xF4, 0x02, 0x00, 0x00, 0x00, 0x00, 0x00, 0x00,
    0x00, 0x00, 0xF4, 0x02, 0x00, 0x00, 0x00, 0x00, 0x00, 0x00, 0x00, 0x00, 0xF4, 0x02, 0x00, 0x00,
    0x00, 0x00, 0x00, 0x00, 0x00, 0x00, 0xF4, 0x02, 0x00, 0x00, 0x00, 0x00, 0x00, 0x00, 0x00, 0x00,
    0xF4, 0x02, 0x00, 0x00, 0x00, 0x00, 0x00, 0x00, 0x00, 0x00, 0xF4, 0x02, 0x00, 0x00, 0x00, 0x00,
    0x53, 0x44, 0x33, 0x33, 0xF6, 0x35, 0x33, 0x33, 0x44, 0x34, 0xF8, 0xFF, 0xFF, 0xEE, 0xEE, 0xEE,
    0xEE, 0xFF, 0xFF, 0x8F, 0x11, 0x01, 0x00, 0x00, 0x00, 0x00, 0x00, 0x00, 0x00, 0x11,
    // Unicode: [0x4E0B]
    0xD2, 0xCD, 0xCC, 0xCC, 0xCC, 0xCC, 0xCC, 0xCC, 0xDC, 0x3D, 0x71, 0x66, 0x55, 0x55, 0xF7, 0x57,
    0x55, 0x55, 0x66, 0x27, 0x00, 0x00, 0x00, 0x00, 0xF3, 0x03, 0x00, 0x00, 0x00, 0x00, 0x00, 0x00,
    0x00, 0x00, 0xF3, 0x03, 0x00, 0x00, 0x00, 0x00, 0x00, 0x00, 0x00, 0x00, 0xF3, 0x03, 0x00, 0x00,
    0x00, 0x00, 0x00, 0x00, 0x00, 0x00, 0xF3, 0x13, 0x4D, 0x00, 0x00, 0x00, 0x00, 0x00, 0x00, 0x00,
    0xF3, 0x03, 0xF7, 0x05, 0x00, 0x00, 0x00, 0x00, 0x00, 0x00, 0xF3, 0x03, 0x60, 0x6F, 0x00, 0x00,
    0x00, 0x00, 0x00, 0x00, 0xF3, 0x03, 0x00, 0xF6, 0x06, 0x00, 0x00, 0x00, 0x00, 0x00, 0xF3, 0x03,
    0x00, 0x70, 0x6F, 0x00, 0x00, 0x00, 0x00, 0x00, 0xF3, 0x03, 0x00, 0x00, 0xF8, 0x02, 0x00, 0x00,
    0x00, 0x00, 0xF3, 0x03, 0x00, 0x00, 0x30, 0x00, 0x00, 0x00, 0x00, 0x00, 0xF3, 0x03, 0x00, 0x00,
    0x00, 0x00, 0x00, 0x00, 0x00, 0x00, 0xF3, 0x03, 0x00, 0x00, 0x00, 0x00, 0x00, 0x00, 0x00, 0x00,
    0xF3, 0x03, 0x00, 0x00, 0x00, 0x00, 0x00, 0x00, 0x00, 0x00, 0xF4, 0x04, 0x00, 0x00, 0x00, 0x00,
    0x00, 0x00, 0x00, 0x00, 0xF5, 0x05, 0x00, 0x00, 0x00, 0x00, 0x00, 0x00, 0x00, 0x00, 0xF5, 0x06,
    0x00, 0x00, 0x00, 0x00,
    // Unicode: [0x4E0C]
    0x61, 0x55, 0x45, 0x44, 0x44, 0x44, 0x44, 0x55, 0x55, 0x46, 0xF2, 0xEE, 0xDD, 0xEF, 0xDD, 0xDD,
    0xED, 0xDF, 0xED, 0x9E, 0x00, 0x00, 0x00, 0x6E, 0x00, 0x00, 0x40, 0x1F, 0x00, 0x00, 0x00, 0x00,
    0x00, 0x5E, 0x00, 0x00, 0x40, 0x1F, 0x00, 0x00, 0x00, 0x00, 0x00, 0x5E, 0x00, 0x00, 0x40, 0x1F,
    0x00, 0x00, 0x00, 0x00, 0x00, 0x5E, 0x00, 0x00, 0x40, 0x1F, 0x00, 0x00, 0x00, 0x00, 0x00, 0x5F,
    0x00, 0x00, 0x40, 0x1F, 0x00, 0x00, 0x00, 0x00, 0x00, 0x4F, 0x00, 0x00, 0x40, 0x1F, 0x00, 0x00,
    0x00, 0x00, 0x10, 0x3F, 0x00, 0x00, 0x40, 0x1F, 0x00, 0x00, 0x00, 0x00, 0x30, 0x2F, 0x00, 0x00,
    0x40, 0x1F, 0x00, 0x00, 0x00, 0x00, 0x50, 0x0F, 0x00, 0x00, 0x40, 0x1F, 0x00, 0x00, 0x00, 0x00,
    0x80, 0x0C, 0x00, 0x00, 0x40, 0x1F, 0x00, 0x00, 0x00, 0x00, 0xD0, 0x09, 0x00, 0x00, 0x40, 0x1F,
    0x00, 0x00, 0x00, 0x00, 0xF5, 0x03, 0x00, 0x00, 0x40, 0x1F, 0x00, 0x00, 0x00, 0x10, 0xAD, 0x00,
    0x00, 0x00, 0x50, 0x2F, 0x00, 0x00, 0x00, 0xD2, 0x1D, 0x00, 0x00, 0x00, 0x60, 0x2F, 0x00, 0x00,
    0x70, 0xDE, 0x02, 0x00, 0x00, 0x00, 0x60, 0x3F, 0x00, 0x00, 0x80, 0x1A, 0x00, 0x00, 0x00, 0x00,
    0x70, 0x4F, 0x00, 0x00,
    // Unicode: [0x4E0D]
    0x51, 0x44, 0x33, 0x33, 0x33, 0x33, 0x33, 0x33, 0x44, 0x45, 0xF4, 0xFF, 0xEF, 0xEE, 0xEE, 0xFF,
    0xEE, 0xFE, 0xFF, 0xBF, 0x10, 0x00, 0x00, 0x00, 0x20, 0x5F, 0x00, 0x00, 0x00, 0x11, 0x00, 0x00,
    0x00, 0x00, 0xA0, 0x0D, 0x00, 0x00, 0x00, 0x00, 0x00, 0x00, 0x00, 0x00, 0xF5, 0x0B, 0x00, 0x00,
    0x00, 0x00, 0x00, 0x00, 0x00, 0x30, 0xFE, 0x0B, 0x51, 0x00, 0x00, 0x00, 0x00, 0x00, 0x00, 0xE3,
    0x9B, 0x0B, 0xF9, 0x07, 0x00, 0x00, 0x00, 0x00, 0x40, 0xCE, 0x91, 0x0B, 0xA0, 0x9F, 0x00, 0x00,
    0x00, 0x00, 0xF8, 0x1B, 0x90, 0x0B, 0x00, 0xF8, 0x0A, 0x00, 0x00, 0xD4, 0x9F, 0x00, 0x90, 0x0B,
    0x00, 0x70, 0xAF, 0x00, 0xB3, 0xEF, 0x05, 0x00, 0x90, 0x0B, 0x00, 0x00, 0xF8, 0x09, 0xF6, 0x2A,
    0x00, 0x00, 0x90, 0x0B, 0x00, 0x00, 0xA0, 0x4F, 0x30, 0x00, 0x00, 0x00, 0x90, 0x0B, 0x00, 0x00,
    0x00, 0x05, 0x00, 0x00, 0x00, 0x00, 0x90, 0x0B, 0x00, 0x00, 0x00, 0x00, 0x00, 0x00, 0x00, 0x00,
    0x90, 0x0B, 0x00, 0x00, 0x00, 0x00, 0x00, 0x00, 0x00, 0x00, 0xA0, 0x0C, 0x00, 0x00, 0x00, 0x00,
    0x00, 0x00, 0x00, 0x00, 0xA0, 0x0C, 0x00, 0x00, 0x00, 0x00, 0x00, 0x00, 0x00, 0x00, 0xB0, 0x0D,
    0x00, 0x00, 0x00, 0x00,
    // Unicode: [0x4E0E]
    0x00, 0x00, 0x67, 0x02, 0x00, 0x00, 0x00, 0x00, 0x00, 0x00, 0x00, 0x00, 0xFC, 0x01, 0x00, 0x00,
    0x00, 0x00, 0x00, 0x00, 0x00, 0x00, 0xCC, 0x00, 0x00, 0x00, 0x00, 0x00, 0x00, 0x00, 0x00, 0x00,
    0xBC, 0x22, 0x22, 0x22, 0x22, 0x22, 0x33, 0x14, 0x00, 0x00, 0xFC, 0xFF, 0xFF, 0xFF, 0xFF, 0xFF,
    0xFF, 0x3F, 0x00, 0x00, 0x8D, 0x00, 0x00, 0x00, 0x00, 0x00, 0x11, 0x12, 0x00, 0x00, 0x7E, 0x00,
    0x00, 0x00, 0x00, 0x00, 0x00, 0x00, 0x00, 0x00, 0x6F, 0x00, 0x00, 0x00, 0x00, 0x00, 0x00, 0x00,
    0x00, 0x20, 0x6F, 0x00, 0x00, 0x00, 0x00, 0x00, 0x21, 0x00, 0x00, 0x30, 0xFF, 0xEE, 0xEE, 0xEE,
    0xEE, 0xFF, 0xFF, 0x00, 0x00, 0x20, 0x56, 0x34, 0x33, 0x33, 0x33, 0x33, 0xDC, 0x00, 0x00, 0x00,
    0x00, 0x00, 0x00, 0x00, 0x00, 0x00, 0xCC, 0x00, 0x00, 0x00, 0x00, 0x00, 0x00, 0x00, 0x00, 0x00,
    0xAD, 0x00, 0x34, 0x23, 0x22, 0x22, 0x22, 0x33, 0x54, 0x01, 0x9E, 0x00, 0xFE, 0xFF, 0xFF, 0xFF,
    0xFF, 0xFF, 0xFF, 0x13, 0x8F, 0x00, 0x22, 0x11, 0x00, 0x00, 0x00, 0x11, 0x22, 0x41, 0x6F, 0x00,
    0x00, 0x00, 0x00, 0x00, 0x00, 0x00, 0x00, 0x80, 0x4F, 0x00, 0x00, 0x00, 0x00, 0x00, 0x00, 0x00,
    0x00, 0xE3, 0x1E, 0x00, 0x00, 0x00, 0x00, 0x00, 0x30, 0x56, 0x97, 0xFF, 0x05, 0x00, 0x00, 0x00,
    0x00, 0x00, 0x00, 0xFD, 0xEF, 0x39, 0x00, 0x00, 0x00, 0x00, 0x00, 0x00, 0x00, 0x44, 0x02, 0x00,
    0x00, 0x00,
    // Unicode: [0x4E0F]
    0x10, 0x00, 0x00, 0x00, 0x00, 0x00, 0x00, 0x00, 0x00, 0x01, 0xF3, 0xFF, 0xEF, 0xEE, 0xEE, 0xEE,
    0xEE, 0xFE, 0xFF, 0x5F, 0x41, 0x23, 0x22, 0x22, 0xE1, 0x17, 0x22, 0x22, 0x32, 0x14, 0x00, 0x00,
    0x00, 0x00, 0xE0, 0x06, 0x00, 0x00, 0x00, 0x00, 0x00, 0x40, 0x01, 0x00, 0xE0, 0x06, 0x00, 0x00,
    0x00, 0x00, 0x00, 0xC0, 0x1D, 0x00, 0xE0, 0x27, 0x22, 0x22, 0x43, 0x02, 0x00, 0xC0, 0x08, 0x00,
    0xE0, 0xEF, 0xEE, 0xEE, 0xFE, 0x05, 0x00, 0xE0, 0x05, 0x00, 0xE0, 0x06, 0x00, 0x00, 0xF0, 0x04,
    0x00, 0xF1, 0x02, 0x00, 0xE0, 0x06, 0x00, 0x00, 0xF1, 0x03, 0x00, 0xF3, 0x00, 0x00, 0xE0, 0x06,
    0x00, 0x00, 0xF2, 0x02, 0x00, 0xD6, 0x00, 0x00, 0xE0, 0x06, 0x00, 0x00, 0xF3, 0x01, 0x00, 0xEA,
    0xCC, 0xCC, 0xFC, 0xCD, 0xCC, 0xCC, 0xFD, 0x00, 0x00, 0x76, 0x56, 0x55, 0x44, 0x44, 0x44, 0x44,
    0xE8, 0x00, 0x00, 0x00, 0x00, 0x00, 0x00, 0x00, 0x00, 0x00, 0xD7, 0x00, 0x00, 0x00, 0x00, 0x00,
    0x00, 0x00, 0x00, 0x00, 0xC8, 0x00, 0x00, 0x00, 0x00, 0x00, 0x00, 0x00, 0x00, 0x00, 0xBA, 0x00,
    0x00, 0x00, 0x00, 0x00, 0x00, 0x00, 0x00, 0x20, 0x8E, 0x00, 0x00, 0x00, 0x00, 0x00, 0x00, 0xC3,
    0xBC, 0xFC, 0x1D, 0x00, 0x00, 0x00, 0x00, 0x00, 0x00, 0xC0, 0xDE, 0x7B, 0x01, 0x00,
    // Unicode: [0x4E10]
    0x10, 0x00, 0x00, 0x00, 0x00, 0x00, 0x00, 0x00, 0x00, 0x11, 0xF4, 0xFF, 0xEF, 0xEE, 0xEE, 0xEE,
    0xEE, 0xFE, 0xFF, 0x7F, 0x51, 0x44, 0x33, 0x33, 0xE3, 0x39, 0x33, 0x33, 0x44, 0x25, 0x00, 0x00,
    0x00, 0x00, 0xE0, 0x08, 0x00, 0x00, 0x00, 0x00, 0x00, 0x50, 0x01, 0x00, 0xE0, 0x08, 0x00, 0x00,
    0x00, 0x00, 0x00, 0xF0, 0x1D, 0x00, 0xE0, 0x4A, 0x44, 0x54, 0x26, 0x00, 0x00, 0xF0, 0x07, 0x00,
    0xE0, 0xDE, 0xDD, 0xED, 0x5E, 0x00, 0x00, 0xF2, 0x04, 0x00, 0xE0, 0x08, 0x00, 0x00, 0x00, 0x00,
    0x00, 0xF5, 0x01, 0x00, 0xE0, 0x08, 0x00, 0x00, 0x00, 0x00, 0x00, 0xD8, 0x00, 0x00, 0xE0, 0x08,
    0x00, 0x00, 0x00, 0x00, 0x00, 0xBB, 0x44, 0x44, 0xE4, 0x4A, 0x44, 0x44, 0x54, 0x05, 0x00, 0xEE,
    0xDE, 0xDD, 0xDD, 0xDD, 0xDD, 0xDD, 0xED, 0x0C, 0x00, 0x00, 0x00, 0x00, 0x00, 0x00, 0x00, 0x00,
    0xB0, 0x0A, 0x00, 0x00, 0x00, 0x00, 0x00, 0x00, 0x00, 0x00, 0xD0, 0x08, 0x00, 0x00, 0x00, 0x00,
    0x00, 0x00, 0x00, 0x00, 0xF1, 0x06, 0x00, 0x00, 0x00, 0x00, 0x00, 0x00, 0x00, 0x00, 0xF3, 0x04,
    0x00, 0x00, 0x00, 0x00, 0x00, 0x00, 0x00, 0x10, 0xEB, 0x01, 0x00, 0x00, 0x00, 0x00, 0x00, 0xA0,
    0xCC, 0xFC, 0x6F, 0x00, 0x00, 0x00, 0x00, 0x00, 0x00, 0x60, 0xEF, 0x9C, 0x03, 0x00,
    // Unicode: [0x4E11]
    0x00, 0x76, 0x56, 0x55, 0x45, 0x44, 0x55, 0x65, 0x56, 0x00, 0x00, 0x00, 0xFB, 0xEE, 0xDD, 0xDF,
    0xDD, 0xDD, 0xDD, 0x7F, 0x00, 0x00, 0x00, 0x01, 0x00, 0x40, 0x1F, 0x00, 0x00, 0x10, 0x5F, 0x00,
    0x00, 0x00, 0x00, 0x00, 0x50, 0x0F, 0x00, 0x00, 0x20, 0x4F, 0x00, 0x00, 0x00, 0x00, 0x00, 0x60,
    0x0E, 0x00, 0x00, 0x30, 0x4F, 0x00, 0x00, 0x00, 0x00, 0x00, 0x70, 0x0D, 0x00, 0x00, 0x30, 0x3F,
    0x00, 0x00, 0x00, 0x00, 0x00, 0x80, 0x0C, 0x00, 0x00, 0x40, 0x2F, 0x00, 0x00, 0x00, 0x21, 0x12,
    0x91, 0x1B, 0x11, 0x11, 0x51, 0x1F, 0x00, 0x00, 0x00, 0xF6, 0xFF, 0xFF, 0xFF, 0xFF, 0xFF, 0xFF,
    0x1F, 0x00, 0x00, 0x00, 0x31, 0x22, 0xC1, 0x19, 0x11, 0x11, 0x71, 0x0F, 0x00, 0x00, 0x00, 0x00,
    0x00, 0xC0, 0x08, 0x00, 0x00, 0x70, 0x0E, 0x00, 0x00, 0x00, 0x00, 0x00, 0xD0, 0x07, 0x00, 0x00,
    0x80, 0x0D, 0x00, 0x00, 0x00, 0x00, 0x00, 0xE0, 0x05, 0x00, 0x00, 0x80, 0x0D, 0x00, 0x00, 0x00,
    0x00, 0x00, 0xF0, 0x04, 0x00, 0x00, 0x90, 0x0C, 0x00, 0x00, 0x00, 0x00, 0x00, 0xF1, 0x03, 0x00,
    0x00, 0xA0, 0x0B, 0x00, 0x00, 0x43, 0x33, 0x23, 0xF4, 0x24, 0x22, 0x22, 0xB2, 0x3B, 0x54, 0x01,
    0xF9, 0xFF, 0xFF, 0xFF, 0xFF, 0xFF, 0xFF, 0xFF, 0xFF, 0xFF, 0x04, 0x22, 0x12, 0x01, 0x00, 0x00,
    0x00, 0x00, 0x10, 0x11, 0x32, 0x01,
    // Unicode: [0x4E12]
    0x00, 0x63, 0x56, 0x55, 0x55, 0x55, 0x55, 0x65, 0x76, 0x00, 0x00, 0xE7, 0xEE, 0xDE, 0xFD, 0xDE,
    0xDD, 0xDD, 0xDE, 0x00, 0x00, 0x00, 0x00, 0x00, 0xF0, 0x04, 0x00, 0x00, 0xC8, 0x00, 0x00, 0x00,
    0x00, 0x00, 0xF0, 0x03, 0x00, 0x00, 0xB9, 0x00, 0x00, 0x00, 0x90, 0x03, 0xF1, 0x02, 0x00, 0x00,
    0xAA, 0x00, 0x00, 0x00, 0xB1, 0x8F, 0xF3, 0x00, 0x00, 0x00, 0xAA, 0x00, 0x00, 0x00, 0x00, 0xE5,
    0xDE, 0x00, 0x00, 0x00, 0x9B, 0x00, 0x00, 0x00, 0x00, 0x10, 0xFC, 0x19, 0x00, 0x00, 0x9C, 0x00,
    0x00, 0x00, 0x00, 0x00, 0x9E, 0xDE, 0x03, 0x00, 0x8C, 0x00, 0x00, 0x00, 0x00, 0x60, 0x1E, 0xB1,
    0x2F, 0x00, 0x7D, 0x00, 0x00, 0x00, 0x00, 0xE2, 0x07, 0x00, 0x04, 0x00, 0x7E, 0x00, 0x00, 0x00,
    0x20, 0xBD, 0x00, 0x00, 0x00, 0x10, 0x5F, 0x00, 0x00, 0x00, 0xE6, 0x1C, 0x00, 0x00, 0x96, 0xB7,
    0x2F, 0x00, 0x00, 0xD1, 0xAF, 0x01, 0x00, 0x00, 0xF4, 0xDF, 0x06, 0x00, 0x00, 0x70, 0x06, 0x00,
    0x00, 0x00, 0x10, 0x00, 0x00, 0x00, 0x41, 0x23, 0x22, 0x12, 0x11, 0x11, 0x22, 0x22, 0x33, 0x04,
    0xF4, 0xFF, 0xFF, 0xFF, 0xFF, 0xFF, 0xFF, 0xFF, 0xFF, 0x1F, 0x31, 0x22, 0x11, 0x11, 0x11, 0x11,
    0x11, 0x21, 0x32, 0x03,
    // Unicode: [0x4E13]
    0x00, 0x00, 0x00, 0x00, 0x70, 0x26, 0x00, 0x00, 0x00, 0x00, 0x00, 0x00, 0x00, 0x00, 0xD0, 0x2E,
    0x00, 0x00, 0x00, 0x00, 0x00, 0x00, 0x00, 0x00, 0xF1, 0x08, 0x00, 0x00, 0x00, 0x00, 0x00, 0x51,
    0x44, 0x44, 0xF7, 0x46, 0x44, 0x44, 0x45, 0x00, 0x00, 0xF3, 0xDE, 0xDD, 0xEF, 0xDD, 0xDD, 0xDD,
    0xBE, 0x00, 0x00, 0x00, 0x00, 0x00, 0x6E, 0x00, 0x00, 0x00, 0x00, 0x00, 0x00, 0x00, 0x00, 0x40,
    0x1F, 0x00, 0x00, 0x00, 0x00, 0x00, 0x31, 0x23, 0x22, 0xA2, 0x2B, 0x22, 0x22, 0x22, 0x22, 0x33,
    0xF5, 0xFF, 0xEF, 0xFE, 0xEE, 0xEE, 0xEE, 0xFE, 0xFF, 0xEF, 0x10, 0x00, 0x00, 0xF6, 0x01, 0x00,
    0x00, 0x00, 0x00, 0x10, 0x00, 0x00, 0x00, 0xBC, 0x00, 0x00, 0x00, 0x00, 0x00, 0x00, 0x00, 0x00,
    0x60, 0x7F, 0x22, 0x22, 0x22, 0x32, 0x04, 0x00, 0x00, 0x00, 0xB0, 0xFF, 0xEE, 0xEE, 0xEE, 0xFE,
    0x1F, 0x00, 0x00, 0x00, 0x20, 0x02, 0x00, 0x00, 0x20, 0xCD, 0x03, 0x00, 0x00, 0x00, 0x00, 0x00,
    0x00, 0x00, 0xE3, 0x1B, 0x00, 0x00, 0x00, 0x00, 0x96, 0x03, 0x00, 0x30, 0xAE, 0x00, 0x00, 0x00,
    0x00, 0x00, 0xA3, 0xCF, 0x05, 0xE3, 0x09, 0x00, 0x00, 0x00, 0x00, 0x00, 0x00, 0x82, 0xDE, 0x9E,
    0x00, 0x00, 0x00, 0x00, 0x00, 0x00, 0x00, 0x00, 0x71, 0xEE, 0x17, 0x00, 0x00, 0x00, 0x00, 0x00,
    0x00, 0x00, 0x00, 0x81, 0xEE, 0x07, 0x00, 0x00, 0x00, 0x00, 0x00, 0x00, 0x00, 0x00, 0x91, 0x1C,
    0x00, 0x00,
    // Unicode: [0x4E14]
    0x00, 0x00, 0x01, 0x00, 0x00, 0x00, 0x00, 0x10, 0x00, 0x00, 0x00, 0x10, 0xFF, 0xFF, 0xEE, 0xEE,
    0xFF, 0xFF, 0x02, 0x00, 0x00, 0x00, 0x9F, 0x33, 0x33, 0x33, 0x33, 0xF9, 0x00, 0x00, 0x00, 0x00,
    0x7E, 0x00, 0x00, 0x00, 0x00, 0xE8, 0x00, 0x00, 0x00, 0x00, 0x7E, 0x00, 0x00, 0x00, 0x00, 0xE8,
    0x00, 0x00, 0x00, 0x00, 0x7E, 0x00, 0x00, 0x00, 0x00, 0xE8, 0x00, 0x00, 0x00, 0x00, 0xEE, 0xEE,
    0xEE, 0xEE, 0xEE, 0xEE, 0x00, 0x00, 0x00, 0x00, 0x8E, 0x22, 0x22, 0x22, 0x22, 0xE8, 0x00, 0x00,
    0x00, 0x00, 0x7E, 0x00, 0x00, 0x00, 0x00, 0xE8, 0x00, 0x00, 0x00, 0x00, 0x7E, 0x00, 0x00, 0x00,
    0x00, 0xE8, 0x00, 0x00, 0x00, 0x00, 0x7E, 0x00, 0x00, 0x00, 0x00, 0xE8, 0x00, 0x00, 0x00, 0x00,
    0x7E, 0x11, 0x11, 0x11, 0x11, 0xE8, 0x00, 0x00, 0x00, 0x00, 0xFE, 0xEE, 0xEE, 0xEE, 0xEE, 0xEF,
    0x00, 0x00, 0x00, 0x00, 0x7E, 0x00, 0x00, 0x00, 0x00, 0xE8, 0x00, 0x00, 0x00, 0x00, 0x7E, 0x00,
    0x00, 0x00, 0x00, 0xE8, 0x00, 0x00, 0x00, 0x00, 0x7E, 0x00, 0x00, 0x00, 0x00, 0xE8, 0x00, 0x00,
    0x43, 0x33, 0x8E, 0x22, 0x22, 0x22, 0x22, 0xE9, 0x32, 0x43, 0xFA, 0xEF, 0xEE, 0xDD, 0xDD, 0xDD,
    0xDD, 0xEE, 0xFE, 0xDF, 0x01, 0x00, 0x00, 0x00, 0x00, 0x00, 0x00, 0x00, 0x00, 0x10,
    // Unicode: [0x4E15]
    0x10, 0xEF, 0xEE, 0xDE, 0xDD, 0xDD, 0xED, 0xEE, 0xEE, 0x0C, 0x00, 0x55, 0x44, 0x44, 0x44, 0x9E,
    0x44, 0x44, 0x54, 0x04, 0x00, 0x00, 0x00, 0x00, 0x70, 0x1E, 0x00, 0x00, 0x00, 0x00, 0x00, 0x00,
    0x00, 0x00, 0xE1, 0x0C, 0x00, 0x00, 0x00, 0x00, 0x00, 0x00, 0x00, 0x00, 0xFA, 0x0C, 0x00, 0x00,
    0x00, 0x00, 0x00, 0x00, 0x00, 0x50, 0xBE, 0x0C, 0x59, 0x00, 0x00, 0x00, 0x00, 0x00, 0x00, 0xF3,
    0x86, 0x0C, 0xF7, 0x08, 0x00, 0x00, 0x00, 0x00, 0x40, 0x8E, 0x80, 0x0C, 0x30, 0xBD, 0x01, 0x00,
    0x00, 0x00, 0xF6, 0x08, 0x80, 0x0C, 0x00, 0xC2, 0x2D, 0x00, 0x00, 0xA1, 0x7F, 0x00, 0x80, 0x0C,
    0x00, 0x10, 0xDC, 0x03, 0x50, 0xEE, 0x04, 0x00, 0x80, 0x0C, 0x00, 0x00, 0xC1, 0x0D, 0x90, 0x2C,
    0x00, 0x00, 0x90, 0x0C, 0x00, 0x00, 0x10, 0x02, 0x00, 0x00, 0x00, 0x00, 0xA0, 0x0D, 0x00, 0x00,
    0x00, 0x00, 0x00, 0x00, 0x00, 0x00, 0xA0, 0x0E, 0x00, 0x00, 0x00, 0x00, 0x00, 0x00, 0x00, 0x00,
    0x80, 0x0A, 0x00, 0x00, 0x00, 0x00, 0x61, 0x55, 0x44, 0x44, 0x44, 0x44, 0x44, 0x44, 0x55, 0x56,
    0xF2, 0xFF, 0xFF, 0xFF, 0xEF, 0xEE, 0xFF, 0xFF, 0xFF, 0xBF, 0x20, 0x11, 0x00, 0x00, 0x00, 0x00,
    0x00, 0x00, 0x11, 0x22,
    // Unicode: [0x4E16]
    0x00, 0x00, 0x00, 0x00, 0x10, 0x01, 0x00, 0x20, 0x01, 0x00, 0x00, 0x00, 0x10, 0x23, 0x00, 0x90,
    0x2E, 0x00, 0xF0, 0x0A, 0x00, 0x00, 0x00, 0x20, 0x8F, 0x00, 0x80, 0x0D, 0x00, 0xF0, 0x07, 0x00,
    0x00, 0x00, 0x10, 0x4F, 0x00, 0x70, 0x0D, 0x00, 0xE0, 0x07, 0x00, 0x00, 0x00, 0x10, 0x4F, 0x00,
    0x60, 0x0D, 0x00, 0xE0, 0x07, 0x00, 0x00, 0x00, 0x00, 0x4F, 0x00, 0x60, 0x0D, 0x00, 0xE0, 0x07,
    0x00, 0x00, 0x00, 0x00, 0x4F, 0x00, 0x60, 0x0D, 0x00, 0xE0, 0x07, 0x00, 0x00, 0xF4, 0xEE, 0xEF,
    0xDD, 0xED, 0xDF, 0xDD, 0xFD, 0xEE, 0xFE, 0x0F, 0x72, 0x56, 0x7F, 0x44, 0x94, 0x4E, 0x44, 0xE4,
    0x59, 0x66, 0x07, 0x00, 0x00, 0x4F, 0x00, 0x60, 0x0D, 0x00, 0xE0, 0x07, 0x00, 0x00, 0x00, 0x00,
    0x4F, 0x00, 0x60, 0x0D, 0x00, 0xE0, 0x07, 0x00, 0x00, 0x00, 0x00, 0x4F, 0x00, 0x60, 0x0D, 0x00,
    0xE0, 0x07, 0x00, 0x00, 0x00, 0x00, 0x4F, 0x00, 0x60, 0x0D, 0x00, 0xE0, 0x07, 0x00, 0x00, 0x00,
    0x00, 0x4F, 0x00, 0x60, 0x0D, 0x00, 0xE0, 0x07, 0x00, 0x00, 0x00, 0x00, 0x4F, 0x00, 0x60, 0xEF,
    0xEE, 0xFE, 0x07, 0x00, 0x00, 0x00, 0x00, 0x4F, 0x00, 0x20, 0x33, 0x22, 0x33, 0x02, 0x00, 0x00,
    0x00, 0x00, 0x4F, 0x00, 0x00, 0x00, 0x00, 0x00, 0x00, 0x00, 0x00, 0x00, 0x10, 0x4F, 0x00, 0x00,
    0x00, 0x00, 0x00, 0x00, 0x10, 0x00, 0x00, 0x20, 0xFF, 0xEE, 0xEE, 0xEE, 0xEE, 0xEE, 0xFE, 0xDF,
    0x00, 0x00, 0x10, 0x44, 0x44, 0x44, 0x44, 0x44, 0x44, 0x54, 0x55, 0x00,
    // Unicode: [0x4E17]
    0x00, 0x00, 0x00, 0x00, 0x40, 0x28, 0x00, 0x00, 0x00, 0x00, 0x00, 0x00, 0x00, 0x00, 0x00, 0x60,
    0x1F, 0x00, 0x00, 0x00, 0x00, 0x00, 0x00, 0x40, 0x16, 0x00, 0x60, 0x0F, 0x00, 0x40, 0x18, 0x00,
    0x00, 0x00, 0x80, 0x0E, 0x00, 0x60, 0x0F, 0x00, 0x70, 0x0F, 0x00, 0x00, 0x00, 0x70, 0x0E, 0x00,
    0x60, 0x0F, 0x00, 0x60, 0x0E, 0x00, 0x00, 0x00, 0x70, 0x0E, 0x00, 0x60, 0x0F, 0x00, 0x60, 0x0E,
    0x00, 0x00, 0x00, 0x70, 0x0E, 0x00, 0x60, 0x0F, 0x00, 0x60, 0x0E, 0x00, 0x00, 0x55, 0x95, 0x4E,
    0x44, 0x84, 0x4F, 0x44, 0x94, 0x4F, 0x65, 0x00, 0xFC, 0xEE, 0xDF, 0xDD, 0xED, 0xDF, 0xDD, 0xED,
    0xEF, 0xFE, 0x01, 0x00, 0x70, 0x0E, 0x00, 0x60, 0x0F, 0x00, 0x60, 0x0E, 0x00, 0x00, 0x00, 0x70,
    0x0E, 0x00, 0x60, 0x0F, 0x00, 0x60, 0x0E, 0x00, 0x00, 0x00, 0x70, 0x0E, 0x00, 0x60, 0x0F, 0x00,
    0x60, 0x0E, 0x00, 0x00, 0x00, 0x70, 0x0E, 0x00, 0x60, 0x0F, 0x00, 0x60, 0x0E, 0x00, 0x00, 0x00,
    0x70, 0x0E, 0x00, 0x60, 0x0F, 0x00, 0x60, 0x0E, 0x00, 0x00, 0x00, 0x70, 0x0E, 0x00, 0x60, 0x0F,
    0x00, 0x60, 0x0E, 0x00, 0x00, 0x00, 0x70, 0x0E, 0x00, 0x60, 0x0F, 0x00, 0x60, 0x0E, 0x00, 0x00,
    0x00, 0x70, 0x4E, 0x44, 0x84, 0x4F, 0x44, 0x94, 0x0F, 0x00, 0x00, 0x00, 0x70, 0xEF, 0xEE, 0xEE,
    0xEE, 0xEE, 0xFE, 0x0F, 0x00, 0x00, 0x00, 0x80, 0x0E, 0x00, 0x00, 0x00, 0x00, 0x60, 0x0F, 0x00,
    0x00, 0x00, 0x80, 0x0E, 0x00, 0x00, 0x00, 0x00, 0x60, 0x1F, 0x00, 0x00,
    // Unicode: [0x4E18]
    0x00, 0x00, 0x00, 0x00, 0x00, 0x00, 0x00, 0x73, 0x05, 0x00, 0x00, 0x00, 0x33, 0x43, 0x64, 0x97,
    0xEB, 0xFF, 0x3F, 0x00, 0x00, 0x10, 0xFF, 0xEF, 0xCD, 0xAB, 0x68, 0x24, 0x11, 0x00, 0x00, 0x00,
    0x7F, 0x00, 0x00, 0x00, 0x00, 0x00, 0x00, 0x00, 0x00, 0x00, 0x7F, 0x00, 0x00, 0x00, 0x00, 0x00,
    0x00, 0x00, 0x00, 0x00, 0x7F, 0x00, 0x00, 0x00, 0x00, 0x00, 0x00, 0x00, 0x00, 0x00, 0x7F, 0x00,
    0x00, 0x00, 0x00, 0x00, 0x00, 0x00, 0x00, 0x00, 0x8F, 0x11, 0x11, 0x11, 0x11, 0x21, 0x32, 0x00,
    0x00, 0x00, 0xFF, 0xFF, 0xFF, 0xFF, 0xFF, 0xFF, 0xFF, 0x00, 0x00, 0x00, 0x7F, 0x00, 0x00, 0x00,
    0x7E, 0x11, 0x21, 0x00, 0x00, 0x00, 0x7F, 0x00, 0x00, 0x00, 0x7E, 0x00, 0x00, 0x00, 0x00, 0x00,
    0x7F, 0x00, 0x00, 0x00, 0x7E, 0x00, 0x00, 0x00, 0x00, 0x00, 0x7F, 0x00, 0x00, 0x00, 0x7E, 0x00,
    0x00, 0x00, 0x00, 0x00, 0x7F, 0x00, 0x00, 0x00, 0x7E, 0x00, 0x00, 0x00, 0x00, 0x00, 0x7F, 0x00,
    0x00, 0x00, 0x7E, 0x00, 0x00, 0x00, 0x00, 0x00, 0x7F, 0x00, 0x00, 0x00, 0x7E, 0x00, 0x00, 0x00,
    0xEF, 0xDD, 0xEF, 0xDD, 0xDD, 0xDD, 0xEF, 0xDD, 0xED, 0xBF, 0x55, 0x44, 0x44, 0x33, 0x33, 0x33,
    0x33, 0x44, 0x44, 0x45,
    // Unicode: [0x4E19]
    0x85, 0x77, 0x66, 0x66, 0x66, 0x66, 0x66, 0x66, 0x77, 0x58, 0xF8, 0xEE, 0xDD, 0xDD, 0xED, 0xDF,
    0xDD, 0xDD, 0xEE, 0x8F, 0x00, 0x00, 0x00, 0x00, 0x60, 0x0E, 0x00, 0x00, 0x00, 0x00, 0x00, 0x00,
    0x00, 0x00, 0x60, 0x0E, 0x00, 0x00, 0x00, 0x00, 0x00, 0x23, 0x12, 0x11, 0x61, 0x1E, 0x11, 0x11,
    0x22, 0x01, 0x00, 0xFF, 0xFF, 0xFF, 0xFF, 0xFF, 0xFF, 0xFF, 0xFF, 0x05, 0x00, 0x6F, 0x11, 0x11,
    0x81, 0x1C, 0x11, 0x11, 0xF2, 0x04, 0x00, 0x6F, 0x00, 0x00, 0xA0, 0x09, 0x00, 0x00, 0xF1, 0x04,
    0x00, 0x6F, 0x00, 0x00, 0xE0, 0x09, 0x00, 0x00, 0xF1, 0x04, 0x00, 0x6F, 0x00, 0x00, 0xF6, 0xBD,
    0x02, 0x00, 0xF1, 0x04, 0x00, 0x6F, 0x00, 0x10, 0x8E, 0xB1, 0x5E, 0x00, 0xF1, 0x04, 0x00, 0x6F,
    0x00, 0xC1, 0x1C, 0x00, 0xF9, 0x08, 0xF1, 0x04, 0x00, 0x6F, 0x30, 0xDD, 0x02, 0x00, 0x80, 0x9F,
    0xF1, 0x04, 0x00, 0x6F, 0xF8, 0x2D, 0x00, 0x00, 0x00, 0xAA, 0xF1, 0x04, 0x00, 0x6F, 0xB5, 0x01,
    0x00, 0x00, 0x00, 0x00, 0xF1, 0x04, 0x00, 0x6F, 0x00, 0x00, 0x00, 0x00, 0x00, 0x00, 0xF1, 0x04,
    0x10, 0x6F, 0x00, 0x00, 0x00, 0x00, 0x20, 0x9A, 0xFB, 0x03, 0x20, 0x6F, 0x00, 0x00, 0x00, 0x00,
    0x00, 0xEC, 0x8D, 0x00, 0x00, 0x12, 0x00, 0x00, 0x00, 0x00, 0x00, 0x00, 0x00, 0x00,
    // Unicode: [0x4E1A]
    0x00, 0x00, 0x00, 0xE0, 0x0B, 0x60, 0x7D, 0x00, 0x00, 0x00, 0x00, 0x00, 0x00, 0xE0, 0x07, 0x50,
    0x2F, 0x00, 0x00, 0x00, 0x00, 0x00, 0x00, 0xE0, 0x06, 0x50, 0x1F, 0x00, 0x00, 0x00, 0x00, 0x00,
    0x00, 0xE0, 0x06, 0x50, 0x1F, 0x00, 0x00, 0x00, 0x20, 0x07, 0x00, 0xE0, 0x06, 0x50, 0x1F, 0x00,
    0xB2, 0x05, 0x30, 0x5F, 0x00, 0xE0, 0x06, 0x50, 0x1F, 0x00, 0xF6, 0x06, 0x00, 0xC9, 0x00, 0xE0,
    0x06, 0x50, 0x1F, 0x00, 0xCB, 0x00, 0x00, 0xF2, 0x04, 0xE0, 0x06, 0x50, 0x1F, 0x20, 0x5F, 0x00,
    0x00, 0xB0, 0x0B, 0xE0, 0x06, 0x50, 0x1F, 0x70, 0x0D, 0x00, 0x00, 0x50, 0x2F, 0xE0, 0x06, 0x50,
    0x1F, 0xD0, 0x07, 0x00, 0x00, 0x00, 0x8E, 0xE0, 0x06, 0x50, 0x1F, 0xE6, 0x01, 0x00, 0x00, 0x00,
    0xDA, 0xE0, 0x06, 0x50, 0x1F, 0x8D, 0x00, 0x00, 0x00, 0x00, 0x75, 0xE1, 0x06, 0x50, 0x3F, 0x1B,
    0x00, 0x00, 0x00, 0x00, 0x00, 0xE0, 0x06, 0x50, 0x1F, 0x00, 0x00, 0x00, 0x00, 0x00, 0x00, 0xE0,
    0x06, 0x50, 0x1F, 0x00, 0x00, 0x00, 0x00, 0x00, 0x00, 0xE0, 0x06, 0x50, 0x1F, 0x00, 0x00, 0x00,
    0x53, 0x44, 0x34, 0xE3, 0x38, 0x73, 0x4F, 0x43, 0x44, 0x25, 0xF7, 0xEE, 0xDD, 0xDD, 0xDD, 0xDD,
    0xDD, 0xED, 0xEE, 0x6F,
    // Unicode: [0x4E1B]
    0x00, 0x00, 0x11, 0x00, 0x00, 0x00, 0x41, 0x01, 0x00, 0x00, 0x00, 0x00, 0xF5, 0x07, 0x00, 0x00,
    0xF4, 0x08, 0x00, 0x00, 0x00, 0x00, 0xF3, 0x03, 0x00, 0x00, 0xF3, 0x04, 0x00, 0x00, 0x00, 0x00,
    0xF3, 0x02, 0x00, 0x00, 0xF3, 0x03, 0x00, 0x00, 0x00, 0x00, 0xF3, 0x01, 0x00, 0x00, 0xF3, 0x01,
    0x00, 0x00, 0x00, 0x00, 0xF4, 0x00, 0x00, 0x00, 0xF4, 0x02, 0x00, 0x00, 0x00, 0x00, 0xE5, 0x00,
    0x00, 0x00, 0xF5, 0x05, 0x00, 0x00, 0x00, 0x00, 0xC7, 0x00, 0x00, 0x00, 0xF6, 0x09, 0x00, 0x00,
    0x00, 0x00, 0xFA, 0x06, 0x00, 0x00, 0xE8, 0x0E, 0x00, 0x00, 0x00, 0x00, 0xBD, 0x5F, 0x00, 0x00,
    0x8C, 0x4D, 0x00, 0x00, 0x00, 0x30, 0x3F, 0xF8, 0x03, 0x10, 0x4F, 0xA9, 0x00, 0x00, 0x00, 0x90,
    0x0D, 0xD0, 0x1D, 0x70, 0x1E, 0xF3, 0x03, 0x00, 0x00, 0xE2, 0x07, 0x40, 0x4F, 0xE1, 0x08, 0xB0,
    0x0C, 0x00, 0x00, 0xEA, 0x01, 0x00, 0x03, 0xEB, 0x01, 0x30, 0x8F, 0x00, 0x80, 0x6F, 0x00, 0x00,
    0xB1, 0x4F, 0x00, 0x00, 0xF8, 0x07, 0xE4, 0x0A, 0x00, 0x30, 0xFD, 0x06, 0x00, 0x00, 0xC0, 0x1C,
    0x20, 0x01, 0x00, 0x10, 0x59, 0x00, 0x00, 0x00, 0x10, 0x01, 0x01, 0x00, 0x00, 0x00, 0x00, 0x00,
    0x00, 0x00, 0x00, 0x01, 0xFB, 0xFF, 0xEE, 0xEE, 0xEE, 0xEE, 0xEE, 0xEE, 0xFF, 0x5F, 0x54, 0x55,
    0x44, 0x44, 0x44, 0x44, 0x44, 0x44, 0x55, 0x25,
    // Unicode: [0x4E1C]
    0x00, 0x00, 0x00, 0x00, 0x21, 0x00, 0x00, 0x00, 0x00, 0x00, 0x00, 0x00, 0x00, 0x00, 0xF6, 0x09,
    0x00, 0x00, 0x00, 0x00, 0x00, 0x00, 0x00, 0x00, 0xEB, 0x01, 0x00, 0x00, 0x00, 0x00, 0x61, 0x56,
    0x45, 0x64, 0x9F, 0x44, 0x44, 0x44, 0x65, 0x46, 0xF1, 0xEE, 0xDD, 0xFD, 0xDE, 0xDD, 0xDD, 0xDD,
    0xEE, 0x9F, 0x00, 0x00, 0x00, 0xF4, 0x03, 0x00, 0x00, 0x00, 0x00, 0x00, 0x00, 0x00, 0x10, 0x7D,
    0x00, 0x67, 0x00, 0x00, 0x00, 0x00, 0x00, 0x00, 0xA0, 0x0B, 0x00, 0x8D, 0x00, 0x00, 0x00, 0x00,
    0x00, 0x00, 0xD7, 0x01, 0x00, 0x7D, 0x00, 0x00, 0x00, 0x00, 0x00, 0x50, 0x3E, 0x00, 0x00, 0x7D,
    0x00, 0x00, 0x00, 0x00, 0x00, 0xF5, 0xCE, 0xCC, 0xCC, 0xDF, 0xCC, 0xDC, 0xED, 0x00, 0x00, 0x71,
    0x55, 0x45, 0x44, 0x9E, 0x44, 0x55, 0x76, 0x00, 0x00, 0x00, 0x20, 0x01, 0x00, 0x7D, 0x00, 0x00,
    0x00, 0x00, 0x00, 0x00, 0xC0, 0x2D, 0x00, 0x7D, 0x40, 0x1A, 0x00, 0x00, 0x00, 0x00, 0xE9, 0x05,
    0x00, 0x7D, 0x50, 0xEE, 0x04, 0x00, 0x00, 0x80, 0x4F, 0x00, 0x00, 0x7D, 0x00, 0xB2, 0x8F, 0x00,
    0x00, 0xFA, 0x05, 0x00, 0x00, 0x7D, 0x00, 0x00, 0xF7, 0x1A, 0xD4, 0x5E, 0x00, 0x00, 0x00, 0x7D,
    0x00, 0x00, 0x60, 0xBF, 0xC3, 0x03, 0x00, 0x80, 0xA9, 0x6F, 0x00, 0x00, 0x00, 0x34, 0x00, 0x00,
    0x00, 0x50, 0xDF, 0x19, 0x00, 0x00, 0x00, 0x00,
    // Unicode: [0x4E1D]
    0x00, 0x00, 0x50, 0x04, 0x00, 0x00, 0x00, 0x02, 0x00, 0x00, 0x00, 0x00, 0xE0, 0x3E, 0x00, 0x00,
    0x40, 0xAF, 0x00, 0x00, 0x00, 0x00, 0xF5, 0x04, 0x00, 0x00, 0xA0, 0x3E, 0x00, 0x00, 0x00, 0x00,
    0xBB, 0x00, 0x00, 0x00, 0xF1, 0x07, 0x00, 0x00, 0x00, 0x30, 0x4F, 0x00, 0x37, 0x00, 0xE7, 0x01,
    0x31, 0x00, 0x00, 0xA0, 0x0A, 0x10, 0xDF, 0x11, 0x7E, 0x00, 0xF5, 0x08, 0x00, 0xF3, 0x02, 0x70,
    0x3F, 0x70, 0x0D, 0x00, 0xEB, 0x01, 0x10, 0x8D, 0x00, 0xE1, 0x08, 0xF3, 0x04, 0x30, 0x5F, 0x00,
    0x80, 0xEF, 0xFE, 0xDF, 0x11, 0xEE, 0xAA, 0xDB, 0x0B, 0x00, 0x30, 0x47, 0x32, 0x4F, 0x00, 0xAC,
    0x68, 0xEA, 0x02, 0x00, 0x00, 0x00, 0xC0, 0x0A, 0x00, 0x00, 0x10, 0x7E, 0x00, 0x00, 0x00, 0x00,
    0xE7, 0x01, 0x00, 0x00, 0xA0, 0x0B, 0x00, 0x00, 0x00, 0x30, 0x4E, 0x00, 0x00, 0x00, 0xE6, 0x02,
    0x00, 0x00, 0x00, 0xD2, 0x08, 0x00, 0x00, 0x40, 0x5F, 0x00, 0x00, 0x00, 0x40, 0xFE, 0x98, 0xCB,
    0x0C, 0xF7, 0x8D, 0xBA, 0xEC, 0x06, 0x30, 0xBE, 0x79, 0x56, 0x03, 0xD6, 0x8A, 0x67, 0x34, 0x01,
    0x00, 0x00, 0x00, 0x00, 0x00, 0x00, 0x00, 0x00, 0x00, 0x00, 0x00, 0x00, 0x00, 0x00, 0x00, 0x00,
    0x00, 0x00, 0x00, 0x00, 0xEC, 0xDD, 0xCC, 0xCC, 0xCC, 0xCC, 0xCC, 0xDC, 0xDD, 0x6E, 0x66, 0x56,
    0x55, 0x44, 0x44, 0x44, 0x44, 0x55, 0x65, 0x37,
    // Unicode: [0x4E1E]
    0x00, 0x00, 0x00, 0x00, 0x00, 0x00, 0x00, 0x00, 0x01, 0x00, 0x00, 0x00, 0xF4, 0xFF, 0xEE, 0xEE,
    0xEE, 0xFE, 0xFF, 0x0F, 0x00, 0x00, 0x00, 0x41, 0x33, 0x33, 0x33, 0x33, 0x43, 0xDD, 0x06, 0x00,
    0x00, 0x00, 0x00, 0x00, 0x00, 0x00, 0x00, 0xD3, 0x1A, 0x00, 0x00, 0x00, 0x00, 0x00, 0x00, 0x00,
    0x00, 0x70, 0x6E, 0x00, 0x00, 0x00, 0x00, 0x10, 0x11, 0x11, 0x21, 0x21, 0xDC, 0x03, 0x00, 0x40,
    0x01, 0x00, 0xB0, 0xFF, 0xFF, 0xFF, 0x71, 0x2E, 0x06, 0x00, 0xE1, 0x1C, 0x00, 0x20, 0x01, 0x00,
    0xC9, 0x70, 0x1D, 0x3E, 0x00, 0xDB, 0x03, 0x00, 0x00, 0x00, 0x00, 0x6E, 0x70, 0x0D, 0xB8, 0xA0,
    0x2D, 0x00, 0x00, 0x00, 0x00, 0x60, 0x1E, 0x70, 0x0D, 0xE2, 0xDC, 0x02, 0x00, 0x00, 0x00, 0x00,
    0xE2, 0x06, 0x70, 0x0D, 0x70, 0x4F, 0x00, 0x00, 0x00, 0x00, 0x00, 0xBB, 0x00, 0x70, 0x0D, 0x00,
    0xDC, 0x02, 0x00, 0x00, 0x00, 0xA0, 0x1D, 0x00, 0x70, 0x0D, 0x00, 0xD1, 0x4E, 0x00, 0x00, 0x10,
    0xEB, 0x03, 0x00, 0x70, 0x0D, 0x00, 0x20, 0xFC, 0x29, 0x00, 0xE3, 0x3E, 0x00, 0x00, 0x90, 0x0D,
    0x00, 0x00, 0xB1, 0xEF, 0x02, 0x90, 0x02, 0x00, 0xF2, 0xFF, 0x0A, 0x00, 0x00, 0x00, 0x47, 0x00,
    0x00, 0x00, 0x00, 0x80, 0x58, 0x00, 0x00, 0x00, 0x00, 0x00, 0x00, 0x52, 0x45, 0x44, 0x44, 0x44,
    0x44, 0x44, 0x44, 0x44, 0x55, 0x00, 0xF7, 0xFF, 0xEE, 0xEE, 0xEE, 0xEE, 0xEE, 0xEE, 0xFF, 0xEF,
    0x00,
    // Unicode: [0x4E1F]
    0x30, 0xEF, 0xEE, 0xDE, 0xDD, 0xDD, 0xDD, 0xEE, 0xFE, 0x0E, 0x10, 0x55, 0x44, 0x33, 0x83, 0x3E,
    0x33, 0x44, 0x54, 0x05, 0x00, 0x00, 0x00, 0x00, 0x60, 0x0E, 0x00, 0x00, 0x00, 0x00, 0x00, 0x00,
    0x00, 0x00, 0x60, 0x0E, 0x00, 0x00, 0x00, 0x00, 0x00, 0x53, 0x44, 0x33, 0x83, 0x3E, 0x33, 0x44,
    0x54, 0x00, 0x00, 0xF8, 0xEE, 0xDD, 0xED, 0xDF, 0xDD, 0xED, 0xDE, 0x00, 0x00, 0x00, 0x00, 0x00,
    0x60, 0x0E, 0x00, 0x00, 0x00, 0x00, 0x00, 0x00, 0x00, 0x00, 0x60, 0x0E, 0x00, 0x00, 0x00, 0x00,
    0x00, 0x00, 0x00, 0x00, 0x60, 0x0E, 0x00, 0x00, 0x00, 0x00, 0xF1, 0xEE, 0xDE, 0xDD, 0xED, 0xDF,
    0xDD, 0xDD, 0xEE, 0x8F, 0x60, 0x45, 0x44, 0x44, 0xBE, 0x33, 0x43, 0x44, 0x54, 0x35, 0x00, 0x00,
    0x00, 0xA0, 0x1D, 0x00, 0x50, 0x02, 0x00, 0x00, 0x00, 0x00, 0x00, 0xE8, 0x02, 0x00, 0xB0, 0x2D,
    0x00, 0x00, 0x00, 0x00, 0x70, 0x3E, 0x00, 0x00, 0x00, 0xDB, 0x01, 0x00, 0x00, 0x00, 0xF7, 0x04,
    0x00, 0x00, 0x00, 0xC1, 0x0C, 0x00, 0x00, 0x92, 0x5F, 0x00, 0x10, 0x22, 0x43, 0x75, 0xAF, 0x00,
    0x00, 0xF9, 0xDE, 0xED, 0xFF, 0xEF, 0xCD, 0xAB, 0xF9, 0x07, 0x00, 0x93, 0x67, 0x34, 0x12, 0x00,
    0x00, 0x00, 0x90, 0x0D, 0x00, 0x00, 0x00, 0x00, 0x00, 0x00, 0x00, 0x00, 0x10, 0x00,
    // Unicode: [0x4E20]
    0x00, 0x00, 0x00, 0xF5, 0x08, 0x70, 0x5D, 0x00, 0x00, 0x00, 0x00, 0x00, 0x00, 0xF4, 0x04, 0x60,
    0x1F, 0x00, 0x00, 0x00, 0x00, 0x00, 0x00, 0xF3, 0x03, 0x60, 0x0F, 0x00, 0x00, 0x00, 0x10, 0x00,
    0x00, 0xF3, 0x03, 0x60, 0x0F, 0x00, 0x30, 0x06, 0xF0, 0xEF, 0xEE, 0xFE, 0x03, 0x60, 0x0F, 0x50,
    0xFB, 0x4F, 0x30, 0x22, 0x11, 0xF4, 0x03, 0x60, 0x9F, 0xEE, 0x59, 0x12, 0x00, 0x00, 0x00, 0xF3,
    0x03, 0x60, 0x9F, 0x04, 0x00, 0x00, 0x00, 0x00, 0x00, 0xF3, 0x03, 0x60, 0x0F, 0x00, 0x00, 0x00,
    0x00, 0x00, 0x00, 0xF3, 0x03, 0x60, 0x0F, 0x00, 0x00, 0x00, 0x00, 0x00, 0x50, 0xFE, 0x03, 0x60,
    0x0F, 0x00, 0x00, 0x00, 0x00, 0x30, 0xEB, 0xF9, 0x03, 0x60, 0x0F, 0x00, 0x00, 0x00, 0x30, 0xFA,
    0x1A, 0xF3, 0x03, 0x60, 0x0F, 0x00, 0x00, 0x35, 0xF5, 0x5E, 0x00, 0xF3, 0x03, 0x60, 0x0F, 0x00,
    0x00, 0xE9, 0x80, 0x01, 0x00, 0xF3, 0x03, 0x50, 0xAF, 0x77, 0x97, 0x8F, 0x00, 0x00, 0x00, 0xF5,
    0x04, 0x10, 0xC9, 0xDD, 0xBD, 0x18, 0x00, 0x00, 0x00, 0x83, 0x03, 0x00, 0x00, 0x00, 0x00, 0x00,
    0x20, 0x11, 0x00, 0x00, 0x00, 0x00, 0x00, 0x00, 0x21, 0x03, 0xE0, 0xFF, 0xFF, 0xEF, 0xEE, 0xEE,
    0xFF, 0xFF, 0xFF, 0x2F, 0x50, 0x45, 0x34, 0x33, 0x33, 0x33, 0x33, 0x43, 0x54, 0x15,
    // Unicode: [0x4E21]
    0x20, 0x11, 0x01, 0x00, 0x00, 0x00, 0x00, 0x00, 0x11, 0x21, 0xF3, 0xFF, 0xFF, 0xFF, 0xFF, 0xFF,
    0xFF, 0xFF, 0xFF, 0xBF, 0x31, 0x22, 0x11, 0x11, 0x71, 0x1D, 0x11, 0x11, 0x21, 0x22, 0x00, 0x00,
    0x00, 0x00, 0x60, 0x0D, 0x00, 0x00, 0x00, 0x00, 0x00, 0x00, 0x00, 0x00, 0x60, 0x0D, 0x00, 0x00,
    0x00, 0x00, 0x10, 0xEE, 0xEE, 0xDD, 0xED, 0xDF, 0xDD, 0xEE, 0xEE, 0x01, 0x00, 0x7F, 0x33, 0x33,
    0x83, 0x3E, 0x33, 0x33, 0xF7, 0x00, 0x00, 0x5F, 0x00, 0x00, 0x60, 0x0D, 0x00, 0x00, 0xF5, 0x00,
    0x00, 0x5F, 0x50, 0x04, 0x60, 0x0D, 0x20, 0x13, 0xF5, 0x00, 0x00, 0x5F, 0xC0, 0x09, 0x60, 0x0D,
    0x80, 0x0E, 0xF5, 0x00, 0x00, 0x5F, 0xB0, 0x08, 0x60, 0x0D, 0x70, 0x0B, 0xF5, 0x00, 0x00, 0x5F,
    0xB0, 0x07, 0x60, 0x0D, 0x70, 0x0B, 0xF5, 0x00, 0x00, 0x5F, 0xB0, 0x07, 0x60, 0x0D, 0x70, 0x0B,
    0xF5, 0x00, 0x00, 0x5F, 0xC0, 0x18, 0x71, 0x1D, 0x81, 0x0B, 0xF5, 0x00, 0x00, 0x5F, 0xC0, 0xFF,
    0xEF, 0xFF, 0xFF, 0x0C, 0xF5, 0x00, 0x00, 0x5F, 0x10, 0x00, 0x00, 0x00, 0x00, 0x00, 0xF5, 0x00,
    0x00, 0x5F, 0x00, 0x00, 0x00, 0x00, 0x00, 0x00, 0xF6, 0x00, 0x10, 0x5F, 0x00, 0x00, 0x00, 0x00,
    0x70, 0x77, 0xED, 0x00, 0x20, 0x5F, 0x00, 0x00, 0x00, 0x00, 0x70, 0xEF, 0x4B, 0x00, 0x00, 0x12,
    0x00, 0x00, 0x00, 0x00, 0x00, 0x00, 0x00, 0x00,
    // Unicode: [0x4E22]
    0x00, 0x10, 0x01, 0x00, 0x00, 0x21, 0x54, 0x97, 0xCB, 0x00, 0x00, 0x00, 0xE1, 0xFF, 0xEF, 0xFF,
    0xFF, 0xEF, 0xBD, 0xBB, 0x06, 0x00, 0x00, 0x50, 0x67, 0x56, 0x34, 0x7E, 0x00, 0x00, 0x00, 0x00,
    0x00, 0x00, 0x00, 0x00, 0x00, 0x00, 0x7E, 0x00, 0x00, 0x00, 0x00, 0x00, 0x00, 0x00, 0x00, 0x00,
    0x00, 0x7E, 0x00, 0x00, 0x00, 0x00, 0x00, 0x00, 0x50, 0x44, 0x34, 0x33, 0x8E, 0x33, 0x43, 0x54,
    0x02, 0x00, 0x00, 0xF1, 0xEE, 0xDD, 0xDD, 0xEF, 0xDD, 0xED, 0xFE, 0x06, 0x00, 0x00, 0x00, 0x00,
    0x00, 0x00, 0x7E, 0x00, 0x00, 0x00, 0x00, 0x00, 0x00, 0x00, 0x00, 0x00, 0x00, 0x7E, 0x00, 0x00,
    0x00, 0x00, 0x00, 0x00, 0x00, 0x00, 0x00, 0x00, 0x7E, 0x00, 0x00, 0x00, 0x00, 0x00, 0xF1, 0xEE,
    0xDE, 0xDD, 0xDD, 0xEF, 0xDD, 0xDD, 0xED, 0xFE, 0x06, 0x60, 0x45, 0x44, 0x33, 0xF6, 0x38, 0x33,
    0x44, 0x44, 0x55, 0x02, 0x00, 0x00, 0x00, 0x10, 0xAD, 0x00, 0x20, 0x04, 0x00, 0x00, 0x00, 0x00,
    0x00, 0x00, 0xC0, 0x0C, 0x00, 0x80, 0x4F, 0x00, 0x00, 0x00, 0x00, 0x00, 0x00, 0xDA, 0x01, 0x00,
    0x00, 0xE9, 0x03, 0x00, 0x00, 0x00, 0x00, 0xA0, 0x1D, 0x00, 0x00, 0x00, 0xA0, 0x2E, 0x00, 0x00,
    0x00, 0x30, 0xDB, 0x02, 0x10, 0x32, 0x43, 0x65, 0xCE, 0x01, 0x00, 0x00, 0xD0, 0xEF, 0xEE, 0xFF,
    0xEF, 0xDD, 0xBC, 0xEA, 0x0A, 0x00, 0x00, 0x60, 0x68, 0x34, 0x12, 0x00, 0x00, 0x00, 0x50, 0x1D,
    0x00, 0x00, 0x00, 0x00, 0x00, 0x00, 0x00, 0x00, 0x00, 0x00, 0x01, 0x00,
    // Unicode: [0x4E23]
    0x01, 0x00, 0x00, 0x00, 0x00, 0x00, 0x00, 0x00, 0x10, 0x00, 0xFC, 0xFF, 0xEF, 0xEE, 0xEE, 0xEE,
    0xEE, 0xFF, 0xFF, 0x03, 0x44, 0x33, 0x23, 0x9C, 0x22, 0xF4, 0x24, 0x33, 0x43, 0x01, 0x00, 0x00,
    0x00, 0x8C, 0x00, 0xF2, 0x02, 0x00, 0x00, 0x00, 0x00, 0x00, 0x00, 0x8C, 0x00, 0xF2, 0x02, 0x00,
    0x00, 0x00, 0x30, 0x12, 0x11, 0x8C, 0x00, 0xF2, 0x24, 0x32, 0x14, 0x00, 0xF1, 0xFF, 0xFF, 0x8F,
    0x00, 0xF2, 0xEE, 0xEE, 0x3F, 0x00, 0xF0, 0x05, 0x00, 0x8C, 0x00, 0xF2, 0x02, 0x20, 0x2F, 0x00,
    0xF0, 0x05, 0x00, 0x8C, 0x00, 0xF2, 0x02, 0x20, 0x2F, 0x00, 0xF0, 0x05, 0x00, 0x8C, 0x00, 0xF2,
    0x02, 0x20, 0x2F, 0x00, 0xF0, 0x16, 0x11, 0x7C, 0x00, 0xF2, 0x24, 0x42, 0x2F, 0x00, 0xF1, 0xFF,
    0xFF, 0x7F, 0x00, 0xF2, 0xEE, 0xFE, 0x3F, 0x00, 0x10, 0x00, 0x00, 0x5E, 0x00, 0xF2, 0x02, 0x00,
    0x00, 0x00, 0x00, 0x00, 0x20, 0x3F, 0x00, 0xF2, 0x02, 0x00, 0x00, 0x00, 0x00, 0x00, 0x70, 0x0D,
    0x00, 0xF2, 0x02, 0x00, 0x00, 0x00, 0x00, 0x00, 0xE2, 0x06, 0x00, 0xF3, 0x03, 0x00, 0x00, 0x00,
    0x00, 0x30, 0xBD, 0x00, 0x00, 0xF3, 0x03, 0x00, 0x00, 0x00, 0x10, 0xF8, 0x1B, 0x00, 0x00, 0xF3,
    0x04, 0x00, 0x00, 0x00, 0x30, 0x9B, 0x00, 0x00, 0x00, 0xF4, 0x04, 0x00, 0x00, 0x00,
    // Unicode: [0x4E24]
    0x21, 0x11, 0x01, 0x00, 0x00, 0x00, 0x00, 0x00, 0x11, 0x12, 0xF6, 0xFF, 0xFF, 0xFF, 0xFF, 0xFF,
    0xFF, 0xFF, 0xFF, 0x5F, 0x42, 0x23, 0x22, 0xE2, 0x16, 0x11, 0x6E, 0x21, 0x22, 0x13, 0x00, 0x00,
    0x00, 0xE0, 0x05, 0x00, 0x4E, 0x00, 0x00, 0x00, 0x00, 0x00, 0x00, 0xE0, 0x04, 0x00, 0x4E, 0x00,
    0x00, 0x00, 0x10, 0x56, 0x55, 0xF5, 0x57, 0x55, 0x7F, 0x55, 0x65, 0x00, 0x10, 0xDF, 0xCC, 0xFC,
    0xCC, 0xCC, 0xCF, 0xCC, 0xFD, 0x01, 0x00, 0x5F, 0x00, 0xE4, 0x00, 0x20, 0x1F, 0x00, 0xF5, 0x00,
    0x00, 0x5F, 0x00, 0xC6, 0x00, 0x40, 0x0E, 0x00, 0xF5, 0x00, 0x00, 0x5F, 0x00, 0xFB, 0x06, 0x70,
    0x0C, 0x00, 0xF5, 0x00, 0x00, 0x5F, 0x20, 0x5F, 0x9E, 0xC0, 0x4E, 0x00, 0xF5, 0x00, 0x00, 0x5F,
    0xA0, 0x0C, 0xE3, 0xF4, 0xE8, 0x06, 0xF5, 0x00, 0x00, 0x5F, 0xF5, 0x05, 0x10, 0xD9, 0x50, 0x7F,
    0xF5, 0x00, 0x00, 0x8F, 0xBF, 0x00, 0x30, 0x6F, 0x00, 0xB8, 0xF6, 0x00, 0x00, 0x7F, 0x29, 0x00,
    0xC0, 0x0D, 0x00, 0x00, 0xF5, 0x00, 0x00, 0x5F, 0x00, 0x00, 0x10, 0x02, 0x00, 0x00, 0xF5, 0x00,
    0x00, 0x5F, 0x00, 0x00, 0x00, 0x00, 0x00, 0x00, 0xF7, 0x00, 0x10, 0x5F, 0x00, 0x00, 0x00, 0x00,
    0x81, 0x87, 0xDE, 0x00, 0x20, 0x5F, 0x00, 0x00, 0x00, 0x00, 0xB0, 0xDF, 0x29, 0x00, 0x00, 0x13,
    0x00, 0x00, 0x00, 0x00, 0x00, 0x00, 0x00, 0x00,
    // Unicode: [0x4E25]
    0x00, 0x43, 0x33, 0x23, 0x22, 0x22, 0x22, 0x32, 0x33, 0x34, 0x00, 0x00, 0xE8, 0xDE, 0xDD, 0xDF,
    0xCC, 0xFD, 0xDD, 0xDD, 0xAE, 0x00, 0x00, 0x00, 0x00, 0x00, 0x5E, 0x00, 0xF1, 0x04, 0x00, 0x00,
    0x00, 0x00, 0x90, 0x0A, 0x00, 0x5E, 0x00, 0xF1, 0x04, 0x30, 0x4D, 0x00, 0x00, 0x30, 0xBD, 0x00,
    0x5E, 0x00, 0xF1, 0x04, 0xD2, 0x3C, 0x00, 0x00, 0x00, 0xE2, 0x0A, 0x5E, 0x00, 0xF1, 0x34, 0xAD,
    0x00, 0x00, 0x00, 0x00, 0x30, 0x04, 0x5E, 0x00, 0xF1, 0x24, 0x07, 0x00, 0x00, 0x00, 0x10, 0x11,
    0x00, 0x6E, 0x00, 0xF1, 0x04, 0x10, 0x21, 0x00, 0x00, 0x70, 0xFF, 0xFF, 0xFF, 0xFF, 0xFF, 0xFF,
    0xFF, 0xFF, 0x02, 0x00, 0x60, 0x1E, 0x11, 0x11, 0x11, 0x11, 0x11, 0x11, 0x22, 0x00, 0x00, 0x60,
    0x0E, 0x00, 0x00, 0x00, 0x00, 0x00, 0x00, 0x00, 0x00, 0x00, 0x60, 0x0D, 0x00, 0x00, 0x00, 0x00,
    0x00, 0x00, 0x00, 0x00, 0x00, 0x70, 0x0D, 0x00, 0x00, 0x00, 0x00, 0x00, 0x00, 0x00, 0x00, 0x00,
    0x80, 0x0C, 0x00, 0x00, 0x00, 0x00, 0x00, 0x00, 0x00, 0x00, 0x00, 0xB0, 0x0A, 0x00, 0x00, 0x00,
    0x00, 0x00, 0x00, 0x00, 0x00, 0x00, 0xE1, 0x08, 0x00, 0x00, 0x00, 0x00, 0x00, 0x00, 0x00, 0x00,
    0x00, 0xF7, 0x03, 0x00, 0x00, 0x00, 0x00, 0x00, 0x00, 0x00, 0x00, 0x20, 0xCE, 0x00, 0x00, 0x00,
    0x00, 0x00, 0x00, 0x00, 0x00, 0x00, 0xC1, 0x4F, 0x00, 0x00, 0x00, 0x00, 0x00, 0x00, 0x00, 0x00,
    0x00, 0x10, 0x06, 0x00, 0x00, 0x00, 0x00, 0x00, 0x00, 0x00, 0x00, 0x00,
    // Unicode: [0x4E26]
    0x00, 0x00, 0x10, 0x00, 0x00, 0x00, 0x00, 0x14, 0x00, 0x00, 0x00, 0x00, 0xE5, 0x02, 0x00, 0x00,
    0x00, 0xDD, 0x02, 0x00, 0x00, 0x00, 0xC1, 0x0B, 0x00, 0x00, 0x80, 0x2E, 0x00, 0x00, 0x00, 0x00,
    0x20, 0x6F, 0x00, 0x00, 0xE4, 0x03, 0x00, 0x00, 0x00, 0x00, 0x00, 0xD9, 0x00, 0x20, 0x6E, 0x00,
    0x00, 0x00, 0x10, 0x56, 0x55, 0x55, 0x44, 0x44, 0x58, 0x55, 0x65, 0x00, 0x20, 0xDE, 0xDD, 0xFC,
    0xCD, 0xDC, 0xCF, 0xDD, 0xEE, 0x01, 0x00, 0x00, 0x00, 0xE0, 0x06, 0x70, 0x0E, 0x00, 0x00, 0x00,
    0x00, 0x00, 0x00, 0xE0, 0x06, 0x70, 0x0E, 0x00, 0x00, 0x00, 0x00, 0x14, 0x00, 0xE0, 0x06, 0x70,
    0x0E, 0x00, 0x10, 0x00, 0x10, 0x9E, 0x00, 0xE0, 0x06, 0x70, 0x0E, 0x00, 0xE3, 0x07, 0x00, 0xF4,
    0x04, 0xE0, 0x06, 0x70, 0x0E, 0x00, 0xEA, 0x02, 0x00, 0xA0, 0x0D, 0xE0, 0x06, 0x70, 0x0E, 0x40,
    0x4F, 0x00, 0x00, 0x10, 0x7E, 0xE0, 0x06, 0x70, 0x0E, 0xE2, 0x08, 0x00, 0x00, 0x00, 0xE7, 0xE1,
    0x06, 0x70, 0x1E, 0xDC, 0x00, 0x00, 0x00, 0x00, 0x21, 0xE0, 0x06, 0x70, 0x0E, 0x36, 0x00, 0x00,
    0x00, 0x00, 0x00, 0xE0, 0x06, 0x70, 0x0E, 0x00, 0x00, 0x00, 0x00, 0x00, 0x00, 0xE0, 0x06, 0x70,
    0x0E, 0x00, 0x00, 0x00, 0x42, 0x34, 0x33, 0xE3, 0x38, 0x83, 0x3E, 0x33, 0x33, 0x14, 0xF6, 0xFF,
    0xEE, 0xEE, 0xEE, 0xEE, 0xEE, 0xFE, 0xFF, 0x4F,
    // Unicode: [0x4E27]
    0x00, 0x00, 0x00, 0x00, 0x80, 0x06, 0x00, 0x00, 0x00, 0x00, 0x00, 0x00, 0x00, 0x00, 0xE0, 0x08,
    0x00, 0x00, 0x00, 0x00, 0x00, 0x00, 0x00, 0x00, 0xE0, 0x07, 0x00, 0x00, 0x00, 0x00, 0x40, 0xEE,
    0xDD, 0xCC, 0xFC, 0xCE, 0xCC, 0xDD, 0xEE, 0x00, 0x10, 0x45, 0x44, 0x33, 0xE3, 0x39, 0x33, 0x44,
    0x54, 0x00, 0x00, 0x90, 0x03, 0x00, 0xE0, 0x07, 0x00, 0xC6, 0x02, 0x00, 0x00, 0x90, 0x6F, 0x00,
    0xE0, 0x07, 0x30, 0xBE, 0x03, 0x00, 0x00, 0x00, 0xE4, 0x1A, 0xE0, 0x07, 0xE3, 0x09, 0x00, 0x00,
    0x00, 0x00, 0x30, 0x2D, 0xE0, 0x17, 0x8E, 0x00, 0x00, 0x00, 0x44, 0x34, 0x33, 0x23, 0xE2, 0x28,
    0x25, 0x33, 0x43, 0x15, 0xEC, 0xEE, 0xDF, 0xDD, 0xEE, 0xDD, 0xDD, 0xDD, 0xEE, 0x4F, 0x00, 0x30,
    0x1F, 0x00, 0xE4, 0x01, 0x00, 0x00, 0x04, 0x00, 0x00, 0x30, 0x1F, 0x00, 0xD0, 0x07, 0x00, 0x90,
    0x7F, 0x00, 0x00, 0x30, 0x1F, 0x00, 0x50, 0x3E, 0x10, 0xDA, 0x26, 0x00, 0x00, 0x30, 0x1F, 0x00,
    0x00, 0xD9, 0xE6, 0x18, 0x00, 0x00, 0x00, 0x30, 0x1F, 0x00, 0x00, 0xA0, 0x6F, 0x00, 0x00, 0x00,
    0x00, 0x30, 0x1F, 0x10, 0x58, 0x00, 0xF9, 0x18, 0x00, 0x00, 0x00, 0x40, 0x4F, 0xE8, 0x5E, 0x00,
    0x60, 0xEE, 0x17, 0x00, 0x00, 0x80, 0xFF, 0x6D, 0x00, 0x00, 0x00, 0xB2, 0xFF, 0x2A, 0x00, 0xE1,
    0x5D, 0x00, 0x00, 0x00, 0x00, 0x00, 0xB4, 0x1D, 0x00, 0x30, 0x01, 0x00, 0x00, 0x00, 0x00, 0x00,
    0x00, 0x01,
    // Unicode: [0x4E28]
    0x41, 0x03, 0xF1, 0x0B, 0xE0, 0x08, 0xE0, 0x07, 0xE0, 0x07, 0xE0, 0x07, 0xE0, 0x07, 0xE0, 0x07,
    0xE0, 0x07, 0xE0, 0x07, 0xE0, 0x07, 0xE0, 0x07, 0xE0, 0x07, 0xE0, 0x07, 0xE0, 0x07, 0xE0, 0x07,
    0xE0, 0x08, 0xF0, 0x09, 0xF0, 0x09, 0xF1, 0x0A,
    // Unicode: [0x4E29]
    0x00, 0x00, 0x00, 0x00, 0x00, 0xDA, 0x03, 0x00, 0x00, 0x00, 0x00, 0x00, 0xE9, 0x00, 0x50, 0x4B,
    0x00, 0x00, 0x00, 0xE8, 0x00, 0x60, 0x2F, 0x00, 0x00, 0x00, 0xE8, 0x00, 0x60, 0x1F, 0x00, 0x00,
    0x00, 0xE8, 0x00, 0x60, 0x1F, 0x00, 0x00, 0x00, 0xE8, 0x00, 0x60, 0x1F, 0x00, 0x00, 0x00, 0xE8,
    0x00, 0x60, 0x1F, 0x00, 0x00, 0x00, 0xE8, 0x00, 0x60, 0x1F, 0x00, 0x00, 0x00, 0xE8, 0x00, 0x60,
    0x1F, 0x00, 0x00, 0x00, 0xE8, 0x00, 0x60, 0x1F, 0x00, 0x00, 0x00, 0xE8, 0x00, 0x70, 0x1F, 0x31,
    0x64, 0x97, 0xED, 0x00, 0xD3, 0xFF, 0xFF, 0xBD, 0x8A, 0xEB, 0x00, 0xD1, 0x58, 0x02, 0x00, 0x00,
    0xE8, 0x00, 0x00, 0x00, 0x00, 0x00, 0x00, 0xE8, 0x00, 0x00, 0x00, 0x00, 0x00, 0x00, 0xE8, 0x00,
    0x00, 0x00, 0x00, 0x00, 0x00, 0xE8, 0x00, 0x00, 0x00, 0x00, 0x00, 0x00, 0xE8, 0x00, 0x00, 0x00,
    0x00, 0x00, 0x00, 0xF9, 0x00, 0x00, 0x00, 0x00, 0x00, 0x00, 0xFA, 0x01,
    // Unicode: [0x4E2A]
    0x00, 0x00, 0x00, 0x00, 0x10, 0x02, 0x00, 0x00, 0x00, 0x00, 0x00, 0x00, 0x00, 0x00, 0x00, 0x70,
    0x5F, 0x00, 0x00, 0x00, 0x00, 0x00, 0x00, 0x00, 0x00, 0x00, 0xD1, 0x1E, 0x00, 0x00, 0x00, 0x00,
    0x00, 0x00, 0x00, 0x00, 0x00, 0xE8, 0xC8, 0x01, 0x00, 0x00, 0x00, 0x00, 0x00, 0x00, 0x00, 0x40,
    0x5F, 0x90, 0x1C, 0x00, 0x00, 0x00, 0x00, 0x00, 0x00, 0x00, 0xE3, 0x08, 0x00, 0xCB, 0x01, 0x00,
    0x00, 0x00, 0x00, 0x00, 0x40, 0x9E, 0x00, 0x00, 0xB1, 0x2C, 0x00, 0x00, 0x00, 0x00, 0x00, 0xF6,
    0x08, 0x40, 0x25, 0x00, 0xEA, 0x05, 0x00, 0x00, 0x00, 0xB2, 0x6F, 0x00, 0x80, 0x2F, 0x00, 0x70,
    0xBF, 0x03, 0x00, 0x81, 0xDF, 0x03, 0x00, 0x80, 0x0E, 0x00, 0x00, 0xD3, 0xBF, 0x01, 0xE4, 0x08,
    0x00, 0x00, 0x70, 0x0E, 0x00, 0x00, 0x00, 0x87, 0x00, 0x10, 0x00, 0x00, 0x00, 0x70, 0x0E, 0x00,
    0x00, 0x00, 0x00, 0x00, 0x00, 0x00, 0x00, 0x00, 0x70, 0x0E, 0x00, 0x00, 0x00, 0x00, 0x00, 0x00,
    0x00, 0x00, 0x00, 0x70, 0x0E, 0x00, 0x00, 0x00, 0x00, 0x00, 0x00, 0x00, 0x00, 0x00, 0x70, 0x0E,
    0x00, 0x00, 0x00, 0x00, 0x00, 0x00, 0x00, 0x00, 0x00, 0x70, 0x0E, 0x00, 0x00, 0x00, 0x00, 0x00,
    0x00, 0x00, 0x00, 0x00, 0x70, 0x0E, 0x00, 0x00, 0x00, 0x00, 0x00, 0x00, 0x00, 0x00, 0x00, 0x80,
    0x0E, 0x00, 0x00, 0x00, 0x00, 0x00, 0x00, 0x00, 0x00, 0x00, 0x80, 0x0F, 0x00, 0x00, 0x00, 0x00,
    0x00, 0x00, 0x00, 0x00, 0x00, 0x90, 0x1F, 0x00, 0x00, 0x00, 0x00, 0x00, 0x00, 0x00, 0x00, 0x00,
    0xA0, 0x2F, 0x00, 0x00, 0x00, 0x00, 0x00,
    // Unicode: [0x4E2B]
    0x75, 0x00, 0x00, 0x00, 0x00, 0x00, 0x00, 0xBA, 0x03, 0xE6, 0x3C, 0x00, 0x00, 0x00, 0x00, 0x80,
    0xCF, 0x03, 0x20, 0xFC, 0x06, 0x00, 0x00, 0x00, 0xF8, 0x08, 0x00, 0x00, 0x90, 0x9F, 0x00, 0x00,
    0xA0, 0x4E, 0x00, 0x00, 0x00, 0x00, 0xF7, 0x0B, 0x10, 0xCB, 0x02, 0x00, 0x00, 0x00, 0x00, 0x60,
    0x05, 0xD3, 0x1A, 0x00, 0x00, 0x00, 0x00, 0x00, 0x00, 0x50, 0x8F, 0x00, 0x00, 0x00, 0x00, 0x00,
    0x00, 0x00, 0x70, 0x0E, 0x00, 0x00, 0x00, 0x00, 0x00, 0x00, 0x00, 0x70, 0x0E, 0x00, 0x00, 0x00,
    0x00, 0x00, 0x00, 0x00, 0x70, 0x0E, 0x00, 0x00, 0x00, 0x00, 0x00, 0x00, 0x00, 0x70, 0x0E, 0x00,
    0x00, 0x00, 0x00, 0x00, 0x00, 0x00, 0x70, 0x0E, 0x00, 0x00, 0x00, 0x00, 0x00, 0x00, 0x00, 0x70,
    0x0E, 0x00, 0x00, 0x00, 0x00, 0x00, 0x00, 0x00, 0x70, 0x0E, 0x00, 0x00, 0x00, 0x00, 0x00, 0x00,
    0x00, 0x70, 0x0E, 0x00, 0x00, 0x00, 0x00, 0x00, 0x00, 0x00, 0x70, 0x0E, 0x00, 0x00, 0x00, 0x00,
    0x00, 0x00, 0x00, 0x70, 0x0F, 0x00, 0x00, 0x00, 0x00, 0x00, 0x00, 0x00, 0x80, 0x1F, 0x00, 0x00,
    0x00, 0x00, 0x00, 0x00, 0x00, 0x90, 0x1F, 0x00, 0x00, 0x00, 0x00,
    // Unicode: [0x4E2C]
    0x00, 0x00, 0x00, 0x60, 0x28, 0x00, 0x00, 0x00, 0x80, 0x0F, 0x00, 0x00, 0x00, 0x70, 0x0E, 0x20,
    0x4D, 0x00, 0x60, 0x0E, 0x10, 0xF8, 0x08, 0x60, 0x0E, 0x00, 0x40, 0xCE, 0x62, 0x0E, 0x00, 0x00,
    0xC2, 0x65, 0x0E, 0x00, 0x00, 0x00, 0x60, 0x0E, 0x00, 0x00, 0x00, 0x60, 0x0E, 0x00, 0x00, 0x10,
    0x64, 0x0E, 0x00, 0x00, 0xC2, 0x6B, 0x0E, 0x00, 0x40, 0xBE, 0x61, 0x0E, 0x00, 0xF7, 0x09, 0x60,
    0x0E, 0xC4, 0x6F, 0x00, 0x60, 0x0E, 0xE4, 0x04, 0x00, 0x60, 0x0E, 0x10, 0x00, 0x00, 0x60, 0x0E,
    0x00, 0x00, 0x00, 0x60, 0x0E, 0x00, 0x00, 0x00, 0x70, 0x0F, 0x00, 0x00, 0x00, 0x70, 0x1F, 0x00,
    0x00, 0x00, 0x80, 0x2F,
    // Unicode: [0x4E2D]
    0x00, 0x00, 0x00, 0x00, 0x97, 0x03, 0x00, 0x00, 0x00, 0x00, 0x00, 0x00, 0x00, 0xF9, 0x00, 0x00,
    0x00, 0x00, 0x00, 0x00, 0x00, 0x00, 0xE8, 0x00, 0x00, 0x00, 0x00, 0x00, 0x00, 0x00, 0x00, 0xE8,
    0x00, 0x00, 0x00, 0x00, 0x50, 0x34, 0x33, 0x22, 0xE9, 0x22, 0x33, 0x43, 0x15, 0xF0, 0xEF, 0xEE,
    0xEE, 0xFF, 0xEE, 0xEE, 0xFE, 0x3F, 0xE0, 0x07, 0x00, 0x00, 0xE8, 0x00, 0x00, 0x40, 0x2F, 0xE0,
    0x07, 0x00, 0x00, 0xE8, 0x00, 0x00, 0x40, 0x2F, 0xE0, 0x07, 0x00, 0x00, 0xE8, 0x00, 0x00, 0x40,
    0x2F, 0xE0, 0x07, 0x00, 0x00, 0xE8, 0x00, 0x00, 0x40, 0x2F, 0xE0, 0x07, 0x00, 0x00, 0xE8, 0x00,
    0x00, 0x40, 0x2F, 0xE0, 0x18, 0x11, 0x11, 0xE8, 0x11, 0x11, 0x51, 0x2F, 0xE0, 0xFF, 0xFF, 0xFF,
    0xFF, 0xFF, 0xFF, 0xFF, 0x2F, 0xF0, 0x18, 0x11, 0x11, 0xE9, 0x11, 0x11, 0x51, 0x3F, 0xC1, 0x06,
    0x00, 0x00, 0xE8, 0x00, 0x00, 0x30, 0x2A, 0x00, 0x00, 0x00, 0x00, 0xE8, 0x00, 0x00, 0x00, 0x00,
    0x00, 0x00, 0x00, 0x00, 0xE8, 0x00, 0x00, 0x00, 0x00, 0x00, 0x00, 0x00, 0x00, 0xE8, 0x00, 0x00,
    0x00, 0x00, 0x00, 0x00, 0x00, 0x00, 0xF9, 0x00, 0x00, 0x00, 0x00, 0x00, 0x00, 0x00, 0x00, 0xFA,
    0x01, 0x00, 0x00, 0x00,
    // Unicode: [0x4E2E]
    0x50, 0x67, 0x55, 0x55, 0x44, 0x54, 0x55, 0x66, 0x17, 0x00, 0x00, 0xA0, 0xDE, 0xDD, 0xFD, 0xDE,
    0xDD, 0xDD, 0xDD, 0x0F, 0x00, 0x00, 0x00, 0x00, 0x00, 0xE0, 0x06, 0x00, 0x00, 0x50, 0x0E, 0x00,
    0x00, 0x00, 0x00, 0x00, 0xE0, 0x06, 0x00, 0x00, 0x50, 0x0D, 0x00, 0x00, 0x00, 0x00, 0x00, 0xE0,
    0x06, 0x00, 0x00, 0x50, 0x0D, 0x00, 0x00, 0x00, 0xEB, 0xDD, 0xFD, 0xDE, 0xED, 0x2F, 0x60, 0x0D,
    0x00, 0x00, 0x00, 0x44, 0x34, 0xE3, 0x38, 0x43, 0x15, 0x60, 0x0D, 0x00, 0x00, 0x00, 0x00, 0x00,
    0xE0, 0x06, 0x00, 0x00, 0x60, 0x0D, 0x00, 0x00, 0x00, 0x00, 0x00, 0xE0, 0x06, 0x00, 0x00, 0x50,
    0x0D, 0x00, 0x00, 0x00, 0x00, 0x00, 0xE0, 0x06, 0x00, 0x00, 0x50, 0x0D, 0x00, 0x00, 0xE6, 0xDD,
    0xCD, 0xFC, 0xCD, 0xDC, 0xED, 0x55, 0x0E, 0x00, 0x00, 0x52, 0x45, 0x44, 0xE3, 0x48, 0x44, 0x54,
    0x42, 0x0E, 0x00, 0x00, 0x00, 0x00, 0x00, 0xE0, 0x06, 0x00, 0x00, 0x30, 0x0F, 0x00, 0x00, 0x00,
    0x00, 0x00, 0xE0, 0x06, 0x00, 0x00, 0x10, 0x2F, 0x10, 0x00, 0x00, 0x00, 0x00, 0xE0, 0x06, 0x00,
    0x00, 0x00, 0x5E, 0xB0, 0x02, 0x00, 0x00, 0x00, 0xE0, 0x07, 0x00, 0x00, 0x00, 0xAB, 0xF2, 0x02,
    0x00, 0x00, 0x00, 0xF0, 0x07, 0x00, 0x00, 0x00, 0xF5, 0xBD, 0x00, 0x00, 0x00, 0x00, 0xF1, 0x08,
    0x00, 0x00, 0x00, 0x70, 0x3B, 0x00,
    // Unicode: [0x4E2F]
    0x00, 0x00, 0x00, 0xD3, 0x0A, 0x00, 0x00, 0x00, 0x00, 0x00, 0x00, 0xF1, 0x07, 0x12, 0x00, 0x00,
    0x00, 0x00, 0x00, 0xF0, 0x26, 0xBD, 0x01, 0x00, 0x00, 0x00, 0x00, 0xF0, 0xE9, 0x3B, 0x00, 0x00,
    0x00, 0x00, 0x00, 0xF0, 0x9F, 0x00, 0x00, 0x00, 0x00, 0x00, 0x40, 0xFC, 0x08, 0x00, 0x00, 0x00,
    0x00, 0x40, 0xFB, 0xFA, 0x06, 0xB1, 0x05, 0x00, 0x40, 0xFC, 0x4C, 0xF0, 0x26, 0xEC, 0x06, 0x00,
    0x10, 0x6A, 0x00, 0xF0, 0xEA, 0x1B, 0x00, 0x00, 0x00, 0x00, 0x00, 0xF2, 0x7E, 0x00, 0x00, 0x00,
    0x00, 0x00, 0xA3, 0xFF, 0x07, 0x10, 0x5B, 0x00, 0x30, 0xD8, 0xCF, 0xF4, 0x06, 0xC2, 0x9E, 0x01,
    0x20, 0xAB, 0x04, 0xF0, 0x56, 0xBE, 0x02, 0x00, 0x00, 0x00, 0x00, 0xF0, 0xED, 0x07, 0x00, 0x00,
    0x00, 0x00, 0x10, 0xF7, 0x2C, 0x00, 0x00, 0x00, 0x00, 0x30, 0xE9, 0xFE, 0x06, 0x00, 0x00, 0x00,
    0x93, 0xFD, 0x7E, 0xF1, 0x06, 0x00, 0x00, 0x00, 0xA0, 0x5B, 0x00, 0xF0, 0x06, 0x00, 0x00, 0x00,
    0x00, 0x00, 0x00, 0xF1, 0x06, 0x00, 0x00, 0x00, 0x00, 0x00, 0x00, 0xF2, 0x06, 0x00, 0x00, 0x00,
    // Unicode: [0x4E30]
    0x00, 0x00, 0x00, 0x00, 0x40, 0x25, 0x00, 0x00, 0x00, 0x00, 0x00, 0x00, 0x00, 0x00, 0x80, 0x3F,
    0x00, 0x00, 0x00, 0x00, 0x00, 0x00, 0x00, 0x00, 0x80, 0x0E, 0x00, 0x00, 0x00, 0x00, 0x00, 0x00,
    0x00, 0x00, 0x80, 0x0E, 0x00, 0x00, 0x00, 0x00, 0x70, 0xDE, 0xDD, 0xCC, 0xDC, 0xCF, 0xCC, 0xDC,
    0xED, 0x0E, 0x40, 0x78, 0x77, 0x66, 0xA6, 0x6E, 0x66, 0x77, 0x87, 0x08, 0x00, 0x00, 0x00, 0x00,
    0x70, 0x0E, 0x00, 0x00, 0x00, 0x00, 0x00, 0x00, 0x00, 0x00, 0x70, 0x0E, 0x00, 0x00, 0x00, 0x00,
    0x00, 0x41, 0x33, 0x22, 0x82, 0x2E, 0x22, 0x32, 0x33, 0x00, 0x00, 0xF3, 0xFF, 0xFF, 0xFF, 0xFF,
    0xFF, 0xFF, 0xCF, 0x00, 0x00, 0x31, 0x22, 0x11, 0x81, 0x1E, 0x11, 0x21, 0x22, 0x00, 0x00, 0x00,
    0x00, 0x00, 0x70, 0x0E, 0x00, 0x00, 0x00, 0x00, 0x00, 0x00, 0x00, 0x00, 0x70, 0x0E, 0x00, 0x00,
    0x00, 0x00, 0x74, 0x67, 0x66, 0x55, 0xA5, 0x5E, 0x55, 0x65, 0x66, 0x77, 0xF7, 0xEE, 0xDE, 0xDD,
    0xED, 0xDF, 0xDD, 0xDD, 0xEE, 0xEF, 0x00, 0x00, 0x00, 0x00, 0x70, 0x0E, 0x00, 0x00, 0x00, 0x00,
    0x00, 0x00, 0x00, 0x00, 0x70, 0x0E, 0x00, 0x00, 0x00, 0x00, 0x00, 0x00, 0x00, 0x00, 0x80, 0x0E,
    0x00, 0x00, 0x00, 0x00, 0x00, 0x00, 0x00, 0x00, 0x80, 0x0E, 0x00, 0x00, 0x00, 0x00, 0x00, 0x00,
    0x00, 0x00, 0x90, 0x0F, 0x00, 0x00, 0x00, 0x00,
    // Unicode: [0x4E31]
    0x00, 0x00, 0x00, 0xE4, 0x09, 0xC0, 0x09, 0x00, 0x00, 0x00, 0x00, 0x00, 0xF3, 0x06, 0xE0, 0x07,
    0x00, 0x00, 0x60, 0x39, 0x00, 0xF2, 0x05, 0xD0, 0x06, 0x10, 0x69, 0x60, 0x0F, 0x00, 0xF2, 0x04,
    0xD0, 0x06, 0x00, 0x7F, 0x50, 0x0E, 0x00, 0xF2, 0x03, 0xC0, 0x06, 0x00, 0x6E, 0x50, 0x0E, 0x00,
    0xF2, 0x03, 0xC0, 0x06, 0x00, 0x6E, 0x40, 0x0E, 0x00, 0xF2, 0x02, 0xC0, 0x06, 0x00, 0x6E, 0x40,
    0x0E, 0x00, 0xF2, 0x02, 0xC0, 0x06, 0x00, 0x6E, 0x50, 0x0E, 0x00, 0xF2, 0x01, 0xC0, 0x06, 0x00,
    0x6E, 0x50, 0x0E, 0x94, 0xFE, 0x00, 0xC0, 0x06, 0x00, 0x6E, 0xB0, 0xEF, 0x9E, 0xE7, 0x00, 0xC0,
    0xDE, 0xDD, 0x7F, 0xA0, 0x5B, 0x00, 0xC7, 0x00, 0xC0, 0x59, 0x55, 0x25, 0x00, 0x00, 0x00, 0x8B,
    0x00, 0xC0, 0x06, 0x00, 0x00, 0x00, 0x00, 0x30, 0x2F, 0x00, 0xC0, 0x06, 0x00, 0x00, 0x00, 0x00,
    0xC0, 0x0A, 0x00, 0xD0, 0x06, 0x00, 0x00, 0x00, 0x00, 0xEA, 0x01, 0x00, 0xD0, 0x06, 0x00, 0x00,
    0x00, 0xC3, 0x3E, 0x00, 0x00, 0xE0, 0x06, 0x00, 0x00, 0x92, 0xDF, 0x02, 0x00, 0x00, 0xE0, 0x06,
    0x00, 0x00, 0xB0, 0x18, 0x00, 0x00, 0x00, 0xF0, 0x06, 0x00, 0x00,
    // Unicode: [0x4E32]
    0x00, 0x00, 0x00, 0x00, 0x65, 0x02, 0x00, 0x00, 0x00, 0x00, 0x00, 0x00, 0x00, 0xE8, 0x01, 0x00,
    0x00, 0x00, 0x10, 0x01, 0x00, 0x00, 0xE7, 0x00, 0x00, 0x00, 0x00, 0x80, 0xFF, 0xFF, 0xEF, 0xFF,
    0xEE, 0xFF, 0xFF, 0x07, 0x70, 0x2E, 0x22, 0x22, 0xE7, 0x22, 0x22, 0xE2, 0x06, 0x60, 0x0E, 0x00,
    0x00, 0xE6, 0x00, 0x00, 0xE0, 0x06, 0x70, 0x0E, 0x00, 0x00, 0xE6, 0x00, 0x00, 0xE0, 0x06, 0x70,
    0xCF, 0xCC, 0xCC, 0xFD, 0xCC, 0xCC, 0xFC, 0x06, 0x30, 0x44, 0x44, 0x33, 0xE8, 0x33, 0x43, 0x44,
    0x02, 0x00, 0x00, 0x00, 0x00, 0xE6, 0x00, 0x00, 0x00, 0x00, 0x32, 0x22, 0x22, 0x11, 0xE7, 0x11,
    0x22, 0x22, 0x23, 0xF7, 0xEE, 0xEE, 0xEE, 0xFF, 0xEE, 0xEE, 0xEE, 0x6F, 0xE6, 0x00, 0x00, 0x00,
    0xE6, 0x00, 0x00, 0x00, 0x5F, 0xE6, 0x00, 0x00, 0x00, 0xE6, 0x00, 0x00, 0x00, 0x4F, 0xE6, 0x00,
    0x00, 0x00, 0xE6, 0x00, 0x00, 0x00, 0x4F, 0xF6, 0xCC, 0xCC, 0xCC, 0xFE, 0xCC, 0xCC, 0xCC, 0x5F,
    0xE6, 0x44, 0x44, 0x44, 0xE9, 0x44, 0x44, 0x44, 0x5F, 0xD7, 0x00, 0x00, 0x00, 0xE7, 0x00, 0x00,
    0x00, 0x49, 0x00, 0x00, 0x00, 0x00, 0xF8, 0x00, 0x00, 0x00, 0x00, 0x00, 0x00, 0x00, 0x00, 0xF9,
    0x01, 0x00, 0x00, 0x00,
    // Unicode: [0x4E33]
    0x00, 0x00, 0x00, 0x46, 0x00, 0x62, 0x03, 0x00, 0x00, 0x00, 0x00, 0x00, 0x9E, 0x00, 0xF2, 0x05,
    0x00, 0x00, 0x00, 0x01, 0x00, 0x7D, 0x00, 0xF1, 0x03, 0x10, 0x00, 0x60, 0xFF, 0xFF, 0xFF, 0xEE,
    0xFE, 0xFF, 0xFF, 0x06, 0x50, 0x2D, 0x22, 0x8D, 0x22, 0xF3, 0x24, 0xE2, 0x05, 0x50, 0x0D, 0x00,
    0x7C, 0x00, 0xF1, 0x03, 0xE0, 0x05, 0x50, 0x0D, 0x00, 0x7C, 0x00, 0xF1, 0x03, 0xE0, 0x05, 0x60,
    0xFF, 0xFF, 0xFF, 0xFF, 0xFF, 0xFF, 0xFF, 0x05, 0x10, 0x11, 0x11, 0x7C, 0x00, 0xF1, 0x03, 0x11,
    0x00, 0x00, 0x00, 0x00, 0x6C, 0x00, 0xF1, 0x03, 0x00, 0x01, 0xF6, 0xFF, 0xEE, 0xEF, 0xEE, 0xFE,
    0xEE, 0xFF, 0x5F, 0xE5, 0x11, 0x11, 0x6E, 0x11, 0xF2, 0x14, 0x11, 0x4F, 0xE4, 0x00, 0x00, 0x4E,
    0x00, 0xF1, 0x03, 0x00, 0x4F, 0xE4, 0x00, 0x10, 0x2F, 0x00, 0xF1, 0x03, 0x00, 0x4F, 0xF5, 0xEE,
    0xEE, 0xEF, 0xEE, 0xFE, 0xEE, 0xEE, 0x4F, 0xE5, 0x33, 0xA3, 0x3B, 0x33, 0xF4, 0x35, 0x33, 0x4F,
    0xD5, 0x00, 0xE2, 0x04, 0x00, 0xF1, 0x03, 0x00, 0x38, 0x00, 0x10, 0xAD, 0x00, 0x00, 0xF2, 0x04,
    0x00, 0x00, 0x00, 0xD3, 0x1C, 0x00, 0x00, 0xF3, 0x05, 0x00, 0x00, 0x10, 0xBA, 0x01, 0x00, 0x00,
    0xF4, 0x06, 0x00, 0x00,
    // Unicode: [0x4E34]
    0x00, 0x00, 0x46, 0x00, 0x00, 0x46, 0x00, 0x00, 0x00, 0x00, 0x00, 0x00, 0x7E, 0x00, 0x00, 0xCE,
    0x00, 0x00, 0x00, 0x00, 0x00, 0x00, 0x6D, 0x00, 0x40, 0x3F, 0x00, 0x00, 0x00, 0x00, 0xF7, 0x01,
    0x6D, 0x00, 0xA0, 0x0C, 0x00, 0x00, 0x21, 0x01, 0xE6, 0x00, 0x6D, 0x00, 0xF2, 0xFF, 0xFF, 0xFF,
    0xFF, 0x05, 0xE6, 0x00, 0x6D, 0x00, 0xDA, 0x22, 0x22, 0x22, 0x43, 0x02, 0xE6, 0x00, 0x6D, 0x50,
    0x5F, 0x60, 0x18, 0x00, 0x00, 0x00, 0xE6, 0x00, 0x6D, 0xE3, 0x0B, 0x30, 0xDC, 0x05, 0x00, 0x00,
    0xE6, 0x00, 0x7D, 0xEC, 0x02, 0x00, 0x60, 0xBE, 0x02, 0x00, 0xE6, 0x00, 0x6D, 0x30, 0x00, 0x00,
    0x00, 0xC2, 0x05, 0x00, 0xE6, 0x00, 0x6D, 0x20, 0x55, 0x55, 0x55, 0x55, 0x65, 0x00, 0xE6, 0x00,
    0x6D, 0x40, 0xCF, 0xCC, 0xDF, 0xCC, 0xED, 0x00, 0xE6, 0x00, 0x6D, 0x30, 0x1F, 0x00, 0x5E, 0x00,
    0xE6, 0x00, 0xE6, 0x00, 0x6D, 0x30, 0x1F, 0x00, 0x5E, 0x00, 0xE6, 0x00, 0xE7, 0x00, 0x6D, 0x30,
    0x1F, 0x00, 0x5E, 0x00, 0xE6, 0x00, 0x94, 0x00, 0x6D, 0x30, 0x1F, 0x00, 0x5E, 0x00, 0xE6, 0x00,
    0x00, 0x00, 0x6D, 0x30, 0x2F, 0x00, 0x5E, 0x00, 0xE6, 0x00, 0x00, 0x00, 0x6D, 0x40, 0xFF, 0xFF,
    0xFF, 0xFF, 0xEF, 0x00, 0x00, 0x00, 0x7D, 0x50, 0x1F, 0x00, 0x00, 0x00, 0xF6, 0x00, 0x00, 0x00,
    0x8E, 0x60, 0x1F, 0x00, 0x00, 0x00, 0xD5, 0x01,
    // Unicode: [0x4E35]
    0x00, 0x00, 0x00, 0x40, 0x03, 0x40, 0x15, 0x00, 0x00, 0x00, 0x00, 0x11, 0x00, 0xF0, 0x07, 0xB0,
    0x0B, 0x00, 0x02, 0x00, 0x00, 0xCA, 0x01, 0xE0, 0x05, 0xA0, 0x09, 0x20, 0xAE, 0x00, 0x00, 0xC1,
    0x1C, 0xE0, 0x05, 0x90, 0x09, 0xD2, 0x1B, 0x00, 0x00, 0x10, 0xBD, 0xE0, 0x05, 0x90, 0x29, 0xBD,
    0x00, 0x00, 0x00, 0x00, 0x22, 0xE0, 0x05, 0x90, 0x19, 0x17, 0x00, 0x00, 0xE0, 0xEF, 0xDE, 0xFD,
    0xDE, 0xED, 0xDE, 0xED, 0xFE, 0x0F, 0x30, 0x23, 0x32, 0x11, 0x11, 0x11, 0x31, 0x23, 0x32, 0x03,
    0x00, 0x00, 0xD6, 0x02, 0x00, 0x00, 0xB0, 0x3E, 0x00, 0x00, 0x00, 0x00, 0x90, 0x1D, 0x00, 0x00,
    0xE5, 0x03, 0x00, 0x00, 0x00, 0x01, 0x00, 0x6C, 0x00, 0x30, 0x3E, 0x00, 0x10, 0x00, 0x60, 0xFF,
    0xEE, 0xEE, 0xEE, 0xEE, 0xEF, 0xFE, 0xFF, 0x02, 0x10, 0x23, 0x12, 0x11, 0xC1, 0x19, 0x11, 0x21,
    0x32, 0x01, 0x00, 0x00, 0x00, 0x00, 0xC0, 0x09, 0x00, 0x00, 0x00, 0x00, 0x22, 0x11, 0x01, 0x00,
    0xC0, 0x09, 0x00, 0x10, 0x11, 0x12, 0xFB, 0xFF, 0xFF, 0xFF, 0xFF, 0xFF, 0xFF, 0xFF, 0xFF, 0x9F,
    0x22, 0x12, 0x11, 0x11, 0xC1, 0x19, 0x11, 0x11, 0x21, 0x22, 0x00, 0x00, 0x00, 0x00, 0xC0, 0x09,
    0x00, 0x00, 0x00, 0x00, 0x00, 0x00, 0x00, 0x00, 0xD0, 0x0A, 0x00, 0x00, 0x00, 0x00, 0x00, 0x00,
    0x00, 0x00, 0xE0, 0x0B, 0x00, 0x00, 0x00, 0x00,
    // Unicode: [0x4E36]
    0xB9, 0x01, 0x00, 0x00, 0xF4, 0x1B, 0x00, 0x00, 0x40, 0xBE, 0x01, 0x00, 0x00, 0xF4, 0x1C, 0x00,
    0x00, 0x50, 0xAF, 0x00, 0x00, 0x00, 0xF6, 0x09, 0x00, 0x00, 0x90, 0x7F, 0x00, 0x00, 0x00, 0x8C,
    0x00, 0x00, 0x00, 0x01,
    // Unicode: [0x4E37]
    0x00, 0x00, 0x00, 0x00, 0x00, 0x40, 0x00, 0xC2, 0x04, 0x00, 0x00, 0x00, 0xF3, 0x0B, 0xB1, 0x5F,
    0x00, 0x00, 0x00, 0xEA, 0x02, 0x00, 0xF9, 0x06, 0x00, 0x40, 0x4F, 0x00, 0x00, 0x90, 0x6F, 0x00,
    0xD0, 0x08, 0x00, 0x00, 0x00, 0x4A, 0x00, 0xD8, 0x01, 0x00, 0x00, 0x00, 0x00, 0x00, 0x34, 0x00,
    0x00,
    // Unicode: [0x4E38]
    0x00, 0x00, 0x00, 0x50, 0x06, 0x00, 0x00, 0x00, 0x00, 0x00, 0x00, 0x00, 0x00, 0x00, 0xC0, 0x0C,
    0x00, 0x00, 0x00, 0x00, 0x00, 0x00, 0x00, 0x00, 0x00, 0xB0, 0x0B, 0x00, 0x00, 0x00, 0x00, 0x00,
    0x00, 0x00, 0x00, 0x00, 0xB0, 0x0A, 0x00, 0x00, 0x00, 0x00, 0x00, 0x00, 0x00, 0x00, 0x00, 0xB0,
    0x09, 0x21, 0x43, 0x45, 0x00, 0x00, 0x00, 0x20, 0xBB, 0xCC, 0xFD, 0xFF, 0xFF, 0xEE, 0x9F, 0x00,
    0x00, 0x00, 0x10, 0x78, 0x56, 0xC3, 0x19, 0x00, 0x00, 0x8D, 0x00, 0x00, 0x00, 0x00, 0x00, 0x00,
    0xC0, 0x07, 0x00, 0x00, 0x8D, 0x00, 0x00, 0x00, 0x00, 0x00, 0x00, 0xD0, 0x06, 0x00, 0x00, 0x7E,
    0x00, 0x00, 0x00, 0x00, 0x90, 0x06, 0xE0, 0x05, 0x00, 0x00, 0x6E, 0x00, 0x00, 0x00, 0x00, 0x50,
    0xCD, 0xF4, 0x02, 0x00, 0x00, 0x5F, 0x00, 0x00, 0x00, 0x00, 0x00, 0x80, 0xFF, 0x01, 0x00, 0x00,
    0x5F, 0x00, 0x00, 0x00, 0x00, 0x00, 0x00, 0xFA, 0x3C, 0x00, 0x10, 0x4F, 0x00, 0x00, 0x00, 0x00,
    0x00, 0x10, 0x6E, 0xF9, 0x06, 0x10, 0x3F, 0x00, 0x00, 0x00, 0x00, 0x00, 0x80, 0x0D, 0x60, 0xAF,
    0x21, 0x3F, 0x00, 0x00, 0x00, 0x00, 0x00, 0xE2, 0x05, 0x00, 0x83, 0x20, 0x2F, 0x00, 0x12, 0x00,
    0x00, 0x10, 0xBC, 0x00, 0x00, 0x00, 0x30, 0x2F, 0x00, 0xD7, 0x01, 0x00, 0xD2, 0x1D, 0x00, 0x00,
    0x00, 0x20, 0x9F, 0x43, 0xCD, 0x00, 0x60, 0xDE, 0x02, 0x00, 0x00, 0x00, 0x00, 0xFB, 0xFF, 0x3D,
    0x00, 0xE3, 0x1B, 0x00, 0x00, 0x00, 0x00, 0x00, 0x10, 0x22, 0x00, 0x00, 0x20, 0x00, 0x00, 0x00,
    0x00, 0x00, 0x00, 0x00, 0x00, 0x00, 0x00,
    // Unicode: [0x4E39]
    0x00, 0x00, 0x33, 0x22, 0x22, 0x22, 0x22, 0x23, 0x00, 0x00, 0x00, 0x00, 0xFC, 0xEE, 0xEE, 0xEE,
    0xEE, 0x8F, 0x00, 0x00, 0x00, 0x00, 0x9C, 0x00, 0x00, 0x00, 0x00, 0x7E, 0x00, 0x00, 0x00, 0x00,
    0x9C, 0x20, 0x02, 0x00, 0x00, 0x7E, 0x00, 0x00, 0x00, 0x00, 0x9C, 0xA0, 0x3E, 0x00, 0x00, 0x7E,
    0x00, 0x00, 0x00, 0x00, 0x9C, 0x00, 0xF9, 0x05, 0x00, 0x7E, 0x00, 0x00, 0x00, 0x00, 0x9C, 0x00,
    0x70, 0x6F, 0x00, 0x7E, 0x00, 0x00, 0x00, 0x00, 0x9C, 0x00, 0x00, 0xF7, 0x03, 0x7E, 0x00, 0x00,
    0x00, 0x00, 0x9C, 0x00, 0x00, 0x40, 0x00, 0x7E, 0x00, 0x00, 0x55, 0x44, 0xAC, 0x44, 0x44, 0x44,
    0x44, 0x9E, 0x44, 0x55, 0xFE, 0xEE, 0xEF, 0xDD, 0xDD, 0xDD, 0xDD, 0xEF, 0xEE, 0xDF, 0x01, 0x00,
    0x8D, 0x00, 0x00, 0x00, 0x00, 0x7E, 0x00, 0x10, 0x00, 0x00, 0x6E, 0x00, 0x00, 0x00, 0x00, 0x7E,
    0x00, 0x00, 0x00, 0x10, 0x5F, 0x00, 0x00, 0x00, 0x00, 0x7E, 0x00, 0x00, 0x00, 0x50, 0x1F, 0x00,
    0x00, 0x00, 0x00, 0x7E, 0x00, 0x00, 0x00, 0xA0, 0x0D, 0x00, 0x00, 0x00, 0x00, 0x7E, 0x00, 0x00,
    0x00, 0xF2, 0x07, 0x00, 0x00, 0x00, 0x00, 0x7E, 0x00, 0x00, 0x00, 0xEC, 0x01, 0x00, 0x00, 0x70,
    0x97, 0x6F, 0x00, 0x00, 0x30, 0x6C, 0x00, 0x00, 0x00, 0x50, 0xEF, 0x1A, 0x00, 0x00,
    // Unicode: [0x4E3A]
    0x00, 0x21, 0x00, 0x30, 0x69, 0x00, 0x00, 0x00, 0x00, 0x00, 0xD9, 0x01, 0x30, 0xBF, 0x00, 0x00,
    0x00, 0x00, 0x00, 0xC1, 0x0C, 0x30, 0x7F, 0x00, 0x00, 0x00, 0x00, 0x00, 0x30, 0x7F, 0x20, 0x5F,
    0x00, 0x00, 0x00, 0x00, 0x00, 0x00, 0x87, 0x20, 0x3F, 0x00, 0x00, 0x00, 0x00, 0x11, 0x00, 0x00,
    0x30, 0x2F, 0x00, 0x00, 0x00, 0x11, 0xF9, 0xFF, 0xEE, 0xEE, 0xEF, 0xEE, 0xEE, 0xFF, 0x6F, 0x53,
    0x44, 0x44, 0x84, 0x4E, 0x44, 0x44, 0x54, 0x4F, 0x00, 0x00, 0x00, 0x80, 0x0C, 0x00, 0x00, 0x30,
    0x2F, 0x00, 0x00, 0x00, 0xB0, 0x09, 0x00, 0x00, 0x40, 0x1F, 0x00, 0x00, 0x00, 0xF1, 0x25, 0x1B,
    0x00, 0x50, 0x0E, 0x00, 0x00, 0x00, 0xE5, 0x21, 0xDC, 0x02, 0x70, 0x0D, 0x00, 0x00, 0x00, 0x9C,
    0x00, 0xC1, 0x1D, 0x90, 0x0C, 0x00, 0x00, 0x40, 0x2F, 0x00, 0x10, 0x7D, 0xA0, 0x0A, 0x00, 0x00,
    0xC0, 0x09, 0x00, 0x00, 0x02, 0xC0, 0x08, 0x00, 0x00, 0xE8, 0x01, 0x00, 0x00, 0x00, 0xE0, 0x07,
    0x00, 0x60, 0x5F, 0x00, 0x00, 0x00, 0x00, 0xF2, 0x05, 0x00, 0xF6, 0x09, 0x00, 0x00, 0x00, 0x00,
    0xF6, 0x02, 0x80, 0xAF, 0x00, 0x00, 0x00, 0x91, 0x98, 0xBF, 0x00, 0xF8, 0x0A, 0x00, 0x00, 0x00,
    0xB0, 0xDE, 0x19, 0x00, 0x40, 0x00, 0x00, 0x00, 0x00, 0x00, 0x00, 0x00, 0x00,
    // Unicode: [0x4E3B]
    0x00, 0x00, 0x00, 0x80, 0x08, 0x00, 0x00, 0x00, 0x00, 0x00, 0x00, 0x00, 0x00, 0x50, 0x9F, 0x00,
    0x00, 0x00, 0x00, 0x00, 0x00, 0x00, 0x00, 0x00, 0xF4, 0x09, 0x00, 0x00, 0x00, 0x00, 0x00, 0x00,
    0x00, 0x00, 0x50, 0x5F, 0x00, 0x00, 0x00, 0x00, 0x10, 0x23, 0x22, 0x11, 0x11, 0x14, 0x11, 0x22,
    0x32, 0x01, 0x40, 0xFF, 0xFF, 0xFF, 0xFF, 0xFF, 0xFF, 0xFF, 0xFF, 0x06, 0x10, 0x22, 0x11, 0x01,
    0x80, 0x0E, 0x00, 0x11, 0x21, 0x01, 0x00, 0x00, 0x00, 0x00, 0x80, 0x0E, 0x00, 0x00, 0x00, 0x00,
    0x00, 0x00, 0x00, 0x00, 0x80, 0x0E, 0x00, 0x00, 0x00, 0x00, 0x00, 0x00, 0x00, 0x00, 0x80, 0x0E,
    0x00, 0x00, 0x00, 0x00, 0x00, 0x10, 0x01, 0x00, 0x80, 0x0E, 0x00, 0x10, 0x01, 0x00, 0x00, 0x80,
    0xFF, 0xEF, 0xFE, 0xEF, 0xFE, 0xFF, 0x0C, 0x00, 0x00, 0x20, 0x33, 0x22, 0x92, 0x2E, 0x22, 0x32,
    0x03, 0x00, 0x00, 0x00, 0x00, 0x00, 0x80, 0x0E, 0x00, 0x00, 0x00, 0x00, 0x00, 0x00, 0x00, 0x00,
    0x80, 0x0E, 0x00, 0x00, 0x00, 0x00, 0x00, 0x00, 0x00, 0x00, 0x80, 0x0E, 0x00, 0x00, 0x00, 0x00,
    0x00, 0x00, 0x00, 0x00, 0x80, 0x0E, 0x00, 0x00, 0x00, 0x00, 0x00, 0x00, 0x00, 0x00, 0x80, 0x0E,
    0x00, 0x00, 0x00, 0x00, 0xF1, 0xEF, 0xDE, 0xDD, 0xED, 0xDF, 0xDD, 0xED, 0xEE, 0x8F, 0x71, 0x66,
    0x55, 0x55, 0x55, 0x54, 0x55, 0x55, 0x65, 0x46,
    // Unicode: [0x4E3C]
    0x00, 0x00, 0x10, 0x24, 0x00, 0x00, 0x20, 0x02, 0x00, 0x00, 0x00, 0x00, 0x00, 0x20, 0x8F, 0x00,
    0x00, 0x80, 0x1F, 0x00, 0x00, 0x00, 0x00, 0x00, 0x20, 0x5F, 0x00, 0x00, 0x70, 0x0E, 0x00, 0x00,
    0x00, 0x00, 0x00, 0x10, 0x4F, 0x00, 0x00, 0x70, 0x0E, 0x00, 0x00, 0x00, 0x00, 0x33, 0x32, 0x5F,
    0x11, 0x11, 0x71, 0x2E, 0x32, 0x03, 0x00, 0x00, 0xFD, 0xFF, 0xFF, 0xFF, 0xFF, 0xFF, 0xFF, 0xFF,
    0x0D, 0x00, 0x00, 0x11, 0x10, 0x4F, 0x00, 0x00, 0x70, 0x0E, 0x10, 0x01, 0x00, 0x00, 0x00, 0x10,
    0x4F, 0xC5, 0x02, 0x70, 0x0E, 0x00, 0x00, 0x00, 0x00, 0x00, 0x10, 0x4F, 0xB1, 0x2D, 0x70, 0x0E,
    0x00, 0x00, 0x00, 0x00, 0x00, 0x10, 0x4F, 0x00, 0xEA, 0x72, 0x0E, 0x00, 0x00, 0x00, 0x00, 0x00,
    0x10, 0x3F, 0x00, 0x71, 0x70, 0x0E, 0x00, 0x00, 0x00, 0x41, 0x33, 0x42, 0x4F, 0x22, 0x22, 0x82,
    0x2E, 0x32, 0x43, 0x01, 0xF3, 0xFF, 0xFF, 0xFF, 0xFF, 0xFF, 0xFF, 0xFF, 0xFF, 0xFF, 0x02, 0x21,
    0x11, 0x70, 0x0E, 0x00, 0x00, 0x70, 0x0E, 0x11, 0x21, 0x00, 0x00, 0x00, 0xB0, 0x0B, 0x00, 0x00,
    0x70, 0x0E, 0x00, 0x00, 0x00, 0x00, 0x00, 0xF2, 0x06, 0x00, 0x00, 0x70, 0x0E, 0x00, 0x00, 0x00,
    0x00, 0x00, 0xDB, 0x00, 0x00, 0x00, 0x70, 0x0E, 0x00, 0x00, 0x00, 0x00, 0x90, 0x4F, 0x00, 0x00,
    0x00, 0x70, 0x0E, 0x00, 0x00, 0x00, 0x30, 0xFC, 0x05, 0x00, 0x00, 0x00, 0x80, 0x0E, 0x00, 0x00,
    0x00, 0x50, 0x4D, 0x00, 0x00, 0x00, 0x00, 0x90, 0x0F, 0x00, 0x00, 0x00,
    // Unicode: [0x4E3D]
    0x00, 0x00, 0x00, 0x00, 0x00, 0x00, 0x00, 0x00, 0x00, 0x10, 0xFB, 0xEE, 0xDE, 0xDD, 0xDD, 0xDD,
    0xDD, 0xED, 0xEE, 0xEF, 0x75, 0x56, 0x55, 0x44, 0x44, 0x44, 0x44, 0x55, 0x65, 0x77, 0x00, 0x00,
    0x00, 0x00, 0x00, 0x00, 0x00, 0x00, 0x00, 0x00, 0x10, 0x34, 0x23, 0x33, 0x04, 0x31, 0x22, 0x22,
    0x32, 0x02, 0x40, 0xEF, 0xEE, 0xEE, 0x0F, 0xF5, 0xFF, 0xFF, 0xFF, 0x07, 0x30, 0x1F, 0x00, 0x50,
    0x0E, 0xF4, 0x00, 0x00, 0xD0, 0x06, 0x30, 0x1F, 0x00, 0x50, 0x0E, 0xF3, 0x00, 0x00, 0xD0, 0x06,
    0x30, 0x2F, 0x05, 0x50, 0x0E, 0xF3, 0x31, 0x00, 0xD0, 0x05, 0x30, 0x3F, 0x4E, 0x50, 0x0E, 0xF3,
    0xE3, 0x03, 0xD0, 0x05, 0x30, 0x1F, 0xD7, 0x50, 0x0E, 0xF3, 0x70, 0x1D, 0xD0, 0x05, 0x30, 0x1F,
    0xE1, 0x56, 0x0E, 0xF3, 0x00, 0x8C, 0xD0, 0x05, 0x30, 0x1F, 0x80, 0x5D, 0x0E, 0xF3, 0x00, 0xF4,
    0xD3, 0x05, 0x30, 0x1F, 0x10, 0x51, 0x0E, 0xF3, 0x00, 0x60, 0xD1, 0x05, 0x30, 0x1F, 0x00, 0x50,
    0x0E, 0xF3, 0x00, 0x00, 0xD0, 0x05, 0x30, 0x1F, 0x00, 0x50, 0x0E, 0xF3, 0x00, 0x00, 0xD0, 0x05,
    0x40, 0x1F, 0x00, 0x50, 0x0E, 0xF4, 0x00, 0x00, 0xD0, 0x05, 0x50, 0x1F, 0x60, 0xA6, 0x0D, 0xF5,
    0x00, 0x54, 0xF6, 0x04, 0x60, 0x1F, 0x70, 0xDE, 0x06, 0xF6, 0x00, 0xF3, 0x9E, 0x00, 0x10, 0x02,
    0x00, 0x00, 0x00, 0x00, 0x00, 0x00, 0x00, 0x00,
    // Unicode: [0x4E3E]
    0x00, 0x00, 0x00, 0x10, 0x07, 0x00, 0x00, 0x50, 0x01, 0x00, 0x00, 0x00, 0x40, 0x00, 0x20, 0x6E,
    0x00, 0x00, 0xF1, 0x0C, 0x00, 0x00, 0x00, 0xE2, 0x08, 0x00, 0xF6, 0x02, 0x00, 0xD9, 0x01, 0x00,
    0x00, 0x00, 0x30, 0x8E, 0x00, 0xC0, 0x0B, 0x30, 0x3E, 0x00, 0x00, 0x00, 0x00, 0x00, 0xF4, 0x06,
    0x30, 0x19, 0xD1, 0x06, 0x00, 0x00, 0x00, 0x00, 0x00, 0x50, 0x02, 0x00, 0x00, 0xBA, 0x00, 0x00,
    0x00, 0x00, 0xC0, 0xEF, 0xEE, 0xDD, 0xDD, 0xDD, 0xEF, 0xEE, 0xFE, 0x1F, 0x00, 0x30, 0x23, 0x12,
    0xE7, 0x12, 0x11, 0xC8, 0x22, 0x32, 0x03, 0x00, 0x00, 0x00, 0x30, 0x4E, 0x00, 0x00, 0xA0, 0x1B,
    0x00, 0x00, 0x00, 0x00, 0x00, 0xE4, 0x05, 0x90, 0x1A, 0x00, 0xDB, 0x03, 0x00, 0x00, 0x00, 0x80,
    0x4E, 0x00, 0xA0, 0x0C, 0x00, 0x90, 0x9F, 0x01, 0x00, 0x50, 0xCD, 0x53, 0x34, 0xA3, 0x3B, 0x43,
    0x15, 0xD4, 0xAF, 0x02, 0xFB, 0x18, 0xD2, 0xCC, 0xEC, 0xCE, 0xCC, 0x2D, 0x00, 0xA6, 0x00, 0x21,
    0x00, 0x00, 0x00, 0x90, 0x0A, 0x00, 0x00, 0x00, 0x00, 0x00, 0x00, 0x00, 0x00, 0x00, 0x90, 0x0A,
    0x00, 0x00, 0x00, 0x00, 0x00, 0x70, 0xEE, 0xDD, 0xDD, 0xED, 0xDE, 0xDD, 0xED, 0xEE, 0x06, 0x00,
    0x20, 0x34, 0x33, 0x22, 0xA2, 0x2B, 0x22, 0x33, 0x43, 0x02, 0x00, 0x00, 0x00, 0x00, 0x00, 0x90,
    0x0A, 0x00, 0x00, 0x00, 0x00, 0x00, 0x00, 0x00, 0x00, 0x00, 0xA0, 0x0B, 0x00, 0x00, 0x00, 0x00,
    0x00, 0x00, 0x00, 0x00, 0x00, 0xB0, 0x0C, 0x00, 0x00, 0x00, 0x00, 0x00,
    // Unicode: [0x4E3F]
    0x00, 0x00, 0x00, 0x00, 0x60, 0x05, 0x00, 0x00, 0x00, 0x00, 0xF0, 0x0A, 0x00, 0x00, 0x00, 0x00,
    0xF0, 0x04, 0x00, 0x00, 0x00, 0x00, 0xF0, 0x04, 0x00, 0x00, 0x00, 0x00, 0xF0, 0x04, 0x00, 0x00,
    0x00, 0x00, 0xF0, 0x03, 0x00, 0x00, 0x00, 0x00, 0xF1, 0x02, 0x00, 0x00, 0x00, 0x00, 0xF2, 0x01,
    0x00, 0x00, 0x00, 0x00, 0xD5, 0x00, 0x00, 0x00, 0x00, 0x00, 0xA9, 0x00, 0x00, 0x00, 0x00, 0x10,
    0x5E, 0x00, 0x00, 0x00, 0x00, 0x80, 0x0D, 0x00, 0x00, 0x00, 0x00, 0xF4, 0x05, 0x00, 0x00, 0x00,
    0x30, 0xAE, 0x00, 0x00, 0x00, 0x00, 0xF6, 0x0B, 0x00, 0x00, 0x00, 0xC3, 0xAF, 0x00, 0x00, 0x00,
    0xB2, 0xEF, 0x05, 0x00, 0x00, 0x00, 0x80, 0x18, 0x00, 0x00, 0x00, 0x00,
    // Unicode: [0x4E40]
    0x00, 0x00, 0x30, 0xD8, 0x06, 0x00, 0x00, 0x00, 0x00, 0x10, 0xA5, 0xCE, 0x88, 0x0A, 0x00, 0x00,
    0x00, 0x00, 0xF9, 0x6B, 0x02, 0x30, 0x0D, 0x00, 0x00, 0x00, 0x00, 0x13, 0x00, 0x00, 0x00, 0x1E,
    0x00, 0x00, 0x00, 0x00, 0x00, 0x00, 0x00, 0x00, 0x6B, 0x00, 0x00, 0x00, 0x00, 0x00, 0x00, 0x00,
    0x00, 0xA6, 0x00, 0x00, 0x00, 0x00, 0x00, 0x00, 0x00, 0x00, 0xE2, 0x01, 0x00, 0x00, 0x00, 0x00,
    0x00, 0x00, 0x00, 0xC0, 0x05, 0x00, 0x00, 0x00, 0x00, 0x00, 0x00, 0x00, 0x60, 0x0B, 0x00, 0x00,
    0x00, 0x00, 0x00, 0x00, 0x00, 0x10, 0x3E, 0x00, 0x00, 0x00, 0x00, 0x00, 0x00, 0x00, 0x00, 0xB8,
    0x00, 0x00, 0x00, 0x00, 0x00, 0x00, 0x00, 0x00, 0xE1, 0x06, 0x00, 0x00, 0x00, 0x00, 0x00, 0x00,
    0x00, 0x50, 0x4E, 0x00, 0x00, 0x00, 0x00, 0x00, 0x00, 0x00, 0x00, 0xE8, 0x04, 0x00, 0x00, 0x00,
    0x00, 0x00, 0x00, 0x00, 0x90, 0x7F, 0x00, 0x00, 0x00, 0x00, 0x00, 0x00, 0x00, 0x00, 0xF8, 0x2D,
    0x00, 0x00, 0x00, 0x00, 0x00, 0x00, 0x00, 0x40, 0x07,
    // Unicode: [0x4E41]
    0x52, 0x44, 0x44, 0x44, 0x44, 0x44, 0x44, 0x55, 0x01, 0x00, 0xF6, 0xFF, 0xEE, 0xEE, 0xEE, 0xEE,
    0xEE, 0xFE, 0x02, 0x00, 0x00, 0x00, 0x00, 0x00, 0x00, 0x00, 0x00, 0xF3, 0x01, 0x00, 0x00, 0x00,
    0x00, 0x00, 0x00, 0x00, 0x00, 0xF3, 0x01, 0x00, 0x00, 0x00, 0x00, 0x00, 0x00, 0x00, 0x00, 0xF3,
    0x01, 0x00, 0x00, 0x00, 0x00, 0x00, 0x00, 0x00, 0x00, 0xF3, 0x01, 0x00, 0x00, 0x00, 0x00, 0x00,
    0x00, 0x00, 0x00, 0xF3, 0x02, 0x00, 0x00, 0x00, 0x00, 0x00, 0x00, 0x00, 0x00, 0xF2, 0x02, 0x00,
    0x00, 0x00, 0x00, 0x00, 0x00, 0x00, 0x00, 0xF1, 0x03, 0x00, 0x00, 0x00, 0x00, 0x00, 0x00, 0x00,
    0x00, 0xF0, 0x04, 0x00, 0x00, 0x00, 0x00, 0x00, 0x00, 0x00, 0x00, 0xE0, 0x06, 0x00, 0x00, 0x00,
    0x00, 0x00, 0x00, 0x00, 0x00, 0xC0, 0x08, 0x00, 0x00, 0x00, 0x00, 0x00, 0x00, 0x00, 0x00, 0xA0,
    0x0B, 0x00, 0x00, 0x00, 0x00, 0x00, 0x00, 0x00, 0x00, 0x70, 0x1F, 0x00, 0x00, 0x00, 0x00, 0x00,
    0x00, 0x00, 0x00, 0x30, 0x5F, 0x00, 0x00, 0x00, 0x00, 0x00, 0x00, 0x00, 0x00, 0x00, 0xBD, 0x00,
    0x00, 0x00, 0x00, 0x00, 0x00, 0x00, 0x00, 0x00, 0xF8, 0x05, 0x00, 0x00, 0x00, 0x00, 0x00, 0x00,
    0x00, 0x00, 0xD1, 0x06,
    // Unicode: [0x4E42]
    0x00, 0x00, 0x00, 0x00, 0x00, 0x00, 0x00, 0x80, 0x01, 0x00, 0x00, 0x90, 0x07, 0x00, 0x00, 0x00,
    0x00, 0xF5, 0x0D, 0x00, 0x00, 0x70, 0x1E, 0x00, 0x00, 0x00, 0x00, 0xEA, 0x02, 0x00, 0x00, 0x10,
    0x7E, 0x00, 0x00, 0x00, 0x20, 0x7F, 0x00, 0x00, 0x00, 0x00, 0xE7, 0x01, 0x00, 0x00, 0x90, 0x0D,
    0x00, 0x00, 0x00, 0x00, 0xD1, 0x08, 0x00, 0x00, 0xE1, 0x06, 0x00, 0x00, 0x00, 0x00, 0x50, 0x2F,
    0x00, 0x00, 0xCA, 0x00, 0x00, 0x00, 0x00, 0x00, 0x00, 0xBB, 0x00, 0x40, 0x4F, 0x00, 0x00, 0x00,
    0x00, 0x00, 0x00, 0xE1, 0x08, 0xD1, 0x0A, 0x00, 0x00, 0x00, 0x00, 0x00, 0x00, 0x40, 0x5F, 0xDA,
    0x01, 0x00, 0x00, 0x00, 0x00, 0x00, 0x00, 0x00, 0xF6, 0x3F, 0x00, 0x00, 0x00, 0x00, 0x00, 0x00,
    0x00, 0x00, 0xF8, 0x5F, 0x00, 0x00, 0x00, 0x00, 0x00, 0x00, 0x00, 0x90, 0x6F, 0xF7, 0x07, 0x00,
    0x00, 0x00, 0x00, 0x00, 0x20, 0xFC, 0x05, 0x50, 0xAE, 0x01, 0x00, 0x00, 0x00, 0x00, 0xE7, 0x3D,
    0x00, 0x00, 0xD3, 0x5D, 0x00, 0x00, 0x10, 0xD6, 0xAF, 0x01, 0x00, 0x00, 0x10, 0xF9, 0x4C, 0x00,
    0xE9, 0xDF, 0x04, 0x00, 0x00, 0x00, 0x00, 0x50, 0xFD, 0x5D, 0xE5, 0x06, 0x00, 0x00, 0x00, 0x00,
    0x00, 0x00, 0x81, 0x1D, 0x10, 0x00, 0x00, 0x00, 0x00, 0x00, 0x00, 0x00, 0x00, 0x00,
    // Unicode: [0x4E43]
    0x00, 0x01, 0x00, 0x00, 0x00, 0x00, 0x00, 0x10, 0x00, 0x00, 0x20, 0xFF, 0xEE, 0xDD, 0xDD, 0xDD,
    0xEE, 0xEF, 0x00, 0x00, 0x10, 0x67, 0x55, 0xE9, 0x55, 0x55, 0x55, 0x9D, 0x00, 0x00, 0x00, 0x00,
    0x00, 0xD7, 0x00, 0x00, 0x10, 0x4F, 0x00, 0x00, 0x00, 0x00, 0x00, 0xC7, 0x00, 0x00, 0x60, 0x0E,
    0x00, 0x00, 0x00, 0x00, 0x00, 0xC7, 0x00, 0x00, 0xA0, 0x0A, 0x00, 0x00, 0x00, 0x00, 0x00, 0xB8,
    0x00, 0x00, 0xE0, 0x06, 0x00, 0x00, 0x00, 0x00, 0x00, 0xAA, 0x00, 0x00, 0xF4, 0x02, 0x00, 0x00,
    0x00, 0x00, 0x00, 0x9B, 0x00, 0x00, 0xF8, 0xCC, 0xDD, 0x0C, 0x00, 0x00, 0x00, 0x7E, 0x00, 0x00,
    0x54, 0x55, 0xA5, 0x0D, 0x00, 0x00, 0x20, 0x4F, 0x00, 0x00, 0x00, 0x00, 0x80, 0x0C, 0x00, 0x00,
    0x60, 0x0F, 0x00, 0x00, 0x00, 0x00, 0x90, 0x0A, 0x00, 0x00, 0xB0, 0x0B, 0x00, 0x00, 0x00, 0x00,
    0xB0, 0x08, 0x00, 0x00, 0xF4, 0x04, 0x00, 0x00, 0x00, 0x00, 0xE0, 0x06, 0x00, 0x10, 0xCD, 0x00,
    0x00, 0x00, 0x00, 0x00, 0xF2, 0x03, 0x00, 0xA0, 0x3F, 0x00, 0x00, 0x00, 0x00, 0x00, 0xE8, 0x00,
    0x00, 0xFA, 0x06, 0x00, 0x00, 0x00, 0x22, 0x63, 0x9E, 0x00, 0xC2, 0x7F, 0x00, 0x00, 0x00, 0x00,
    0xF9, 0xFF, 0x1C, 0x00, 0xC2, 0x07, 0x00, 0x00, 0x00, 0x00, 0x62, 0x24, 0x00, 0x00,
    // Unicode: [0x4E44]
    0x00, 0x00, 0x00, 0x00, 0x00, 0x00, 0x70, 0x4A, 0x00, 0x00, 0x00, 0x00, 0x00, 0x00, 0xB0, 0x4F,
    0x00, 0x00, 0x00, 0x00, 0x00, 0x00, 0xF2, 0x09, 0x00, 0x40, 0x06, 0x00, 0x00, 0x00, 0xF7, 0x02,
    0x00, 0x70, 0x8F, 0x00, 0x00, 0x00, 0xAD, 0x00, 0x00, 0x00, 0xF6, 0x09, 0x00, 0x40, 0x3F, 0x00,
    0x00, 0x00, 0x40, 0xAE, 0x01, 0xB0, 0x0B, 0x00, 0x00, 0x00, 0x00, 0xE3, 0x1B, 0xF3, 0x04, 0x00,
    0x00, 0x00, 0x00, 0x30, 0xCE, 0xCC, 0x00, 0x00, 0x00, 0x00, 0x00, 0x00, 0xD2, 0x5F, 0x00, 0x00,
    0x00, 0x00, 0x00, 0x00, 0xE1, 0xDF, 0x02, 0x00, 0x00, 0x00, 0x00, 0x00, 0xDB, 0xD3, 0x2D, 0x00,
    0x00, 0x00, 0x00, 0xA0, 0x4F, 0x20, 0xED, 0x02, 0xA3, 0x04, 0x10, 0xFA, 0x06, 0x00, 0xE2, 0x2D,
    0xF5, 0x02, 0xD4, 0x6F, 0x00, 0x00, 0x30, 0xBE, 0xF4, 0xCA, 0xDF, 0x04, 0x00, 0x00, 0x00, 0x13,
    0xB0, 0xDF, 0x17, 0x00, 0x00, 0x00, 0x00, 0x00,
    // Unicode: [0x4E45]
    0x00, 0x00, 0x00, 0x40, 0x04, 0x00, 0x00, 0x00, 0x00, 0x00, 0x00, 0x00, 0x00, 0xB0, 0x3E, 0x00,
    0x00, 0x00, 0x00, 0x00, 0x00, 0x00, 0x00, 0xF1, 0x07, 0x00, 0x00, 0x00, 0x00, 0x00, 0x00, 0x00,
    0x00, 0xE8, 0x01, 0x00, 0x00, 0x00, 0x00, 0x00, 0x00, 0x00, 0x10, 0xAE, 0x44, 0x44, 0x44, 0x24,
    0x00, 0x00, 0x00, 0x00, 0x90, 0xDE, 0xDD, 0xDD, 0xED, 0x2F, 0x00, 0x00, 0x00, 0x00, 0xF3, 0x05,
    0x00, 0x00, 0xB0, 0x0C, 0x00, 0x00, 0x00, 0x10, 0xBC, 0x00, 0x00, 0x00, 0xF2, 0x06, 0x00, 0x00,
    0x00, 0x90, 0x2E, 0x00, 0x00, 0x00, 0xE8, 0x00, 0x00, 0x00, 0x00, 0xF8, 0x05, 0x00, 0x00, 0x20,
    0x7F, 0x00, 0x00, 0x00, 0x70, 0x8F, 0x00, 0x00, 0x00, 0xA0, 0x0D, 0x00, 0x00, 0x00, 0x00, 0x06,
    0x00, 0x00, 0x00, 0xF5, 0x04, 0x00, 0x00, 0x00, 0x00, 0x00, 0x00, 0x00, 0x20, 0xFE, 0x07, 0x00,
    0x00, 0x00, 0x00, 0x00, 0x00, 0x00, 0xD1, 0x5B, 0x2E, 0x00, 0x00, 0x00, 0x00, 0x00, 0x00, 0x20,
    0xDC, 0x01, 0xCA, 0x00, 0x00, 0x00, 0x00, 0x00, 0x00, 0xD2, 0x2D, 0x00, 0xD1, 0x0A, 0x00, 0x00,
    0x00, 0x00, 0x60, 0xCF, 0x01, 0x00, 0x20, 0xBE, 0x01, 0x00, 0x00, 0x40, 0xFC, 0x19, 0x00, 0x00,
    0x00, 0xD3, 0x5E, 0x00, 0x71, 0xFC, 0x4D, 0x00, 0x00, 0x00, 0x00, 0x10, 0xFB, 0x6D, 0xF8, 0x6D,
    0x00, 0x00, 0x00, 0x00, 0x00, 0x00, 0x60, 0x8E, 0x50, 0x00, 0x00, 0x00, 0x00, 0x00, 0x00, 0x00,
    0x00, 0x01,
    // Unicode: [0x4E46]
    0x00, 0x00, 0x00, 0x00, 0x50, 0x38, 0x00, 0x00, 0x00, 0x00, 0x23, 0x00, 0x00, 0x80, 0x2F, 0x00,
    0x00, 0x00, 0x10, 0xCF, 0x00, 0x00, 0x70, 0x0E, 0x00, 0x00, 0x00, 0x00, 0x6F, 0x00, 0x00, 0x70,
    0x0D, 0x00, 0x00, 0x00, 0x10, 0x4F, 0x00, 0x00, 0x70, 0x0C, 0x00, 0x00, 0x00, 0x20, 0x2F, 0x00,
    0x00, 0x80, 0x0B, 0x00, 0x00, 0x00, 0x40, 0x1F, 0x00, 0x00, 0x90, 0x0C, 0x00, 0x00, 0x00, 0x50,
    0x0E, 0x00, 0x00, 0xB0, 0x2F, 0x00, 0x00, 0x00, 0x70, 0x0C, 0x00, 0x00, 0xD1, 0x7E, 0x00, 0x00,
    0x00, 0x90, 0x0B, 0x30, 0xB7, 0xFF, 0xC7, 0x00, 0x00, 0x00, 0xC0, 0x9C, 0xFE, 0x8C, 0xF8, 0xD1,
    0x03, 0x00, 0x00, 0xF4, 0xBF, 0x26, 0x00, 0xBB, 0x80, 0x0A, 0x00, 0x00, 0x90, 0x02, 0x00, 0x30,
    0x4F, 0x20, 0x2F, 0x00, 0x00, 0x00, 0x00, 0x00, 0xC1, 0x0B, 0x00, 0xBB, 0x00, 0x00, 0x00, 0x00,
    0x00, 0xEA, 0x02, 0x00, 0xF3, 0x07, 0x00, 0x00, 0x00, 0xA0, 0x4F, 0x00, 0x00, 0xA0, 0x3F, 0x00,
    0x00, 0x20, 0xFC, 0x05, 0x00, 0x00, 0x10, 0xEE, 0x03, 0x00, 0xE6, 0x5E, 0x00, 0x00, 0x00, 0x00,
    0xF4, 0x5F, 0x60, 0xDF, 0x03, 0x00, 0x00, 0x00, 0x00, 0x60, 0x5E, 0x00, 0x16, 0x00, 0x00, 0x00,
    0x00, 0x00, 0x00, 0x02,
    // Unicode: [0x4E47]
    0x00, 0x00, 0x00, 0x00, 0x00, 0x00, 0x00, 0x62, 0x00, 0x00, 0x20, 0x22, 0x22, 0x33, 0x64, 0x97,
    0xEB, 0xFF, 0x07, 0x00, 0x70, 0xFF, 0xFF, 0xDE, 0xCF, 0x79, 0x45, 0x12, 0x01, 0x00, 0x10, 0x23,
    0x12, 0x00, 0x7E, 0x00, 0x00, 0x00, 0x00, 0x00, 0x00, 0x00, 0x00, 0x00, 0x7E, 0x00, 0x00, 0x00,
    0x00, 0x00, 0x00, 0x00, 0x00, 0x00, 0x7E, 0x00, 0x00, 0x00, 0x00, 0x00, 0x00, 0x00, 0x00, 0x00,
    0x7E, 0x00, 0x00, 0x00, 0x00, 0x00, 0x00, 0x00, 0x00, 0x00, 0x7E, 0x00, 0x00, 0x00, 0x00, 0x00,
    0x00, 0x00, 0x00, 0x00, 0x7E, 0x21, 0x53, 0x86, 0xBA, 0x0D, 0x65, 0x76, 0x98, 0xCA, 0xFF, 0xFF,
    0xEF, 0xBD, 0x9A, 0x08, 0xEE, 0xBD, 0x9A, 0x67, 0x9E, 0x12, 0x00, 0x00, 0x00, 0x00, 0x01, 0x00,
    0x00, 0x00, 0x7E, 0x00, 0x00, 0x00, 0x00, 0x00, 0x00, 0x00, 0x00, 0x00, 0x7E, 0x00, 0x00, 0x00,
    0x00, 0x00, 0x00, 0x00, 0x00, 0x00, 0x7E, 0x00, 0x00, 0x00, 0x00, 0x00, 0x00, 0x00, 0x00, 0x00,
    0x7E, 0x00, 0x00, 0x00, 0x00, 0x00, 0x00, 0x00, 0x00, 0x00, 0x7E, 0x00, 0x00, 0x00, 0x00, 0x77,
    0x00, 0x00, 0x00, 0x00, 0x8E, 0x00, 0x00, 0x00, 0x00, 0xCC, 0x00, 0x00, 0x00, 0x00, 0xED, 0x47,
    0x33, 0x43, 0x95, 0x6F, 0x00, 0x00, 0x00, 0x00, 0xD6, 0xFF, 0xFF, 0xFF, 0xEF, 0x09, 0x00, 0x00,
    0x00, 0x00, 0x00, 0x10, 0x11, 0x11, 0x00, 0x00,
    // Unicode: [0x4E48]
    0x00, 0x00, 0x00, 0x00, 0x31, 0x00, 0x00, 0x00, 0x00, 0x00, 0x00, 0x00, 0x00, 0x00, 0xF7, 0x07,
    0x00, 0x00, 0x00, 0x00, 0x00, 0x00, 0x00, 0x10, 0xBE, 0x00, 0x00, 0x00, 0x00, 0x00, 0x00, 0x00,
    0x00, 0x80, 0x1E, 0x00, 0x00, 0x00, 0x00, 0x00, 0x00, 0x00, 0x00, 0xF3, 0x05, 0x00, 0x40, 0x00,
    0x00, 0x00, 0x00, 0x00, 0x10, 0xAD, 0x00, 0x00, 0xF6, 0x0C, 0x00, 0x00, 0x00, 0x00, 0xA0, 0x1E,
    0x00, 0x10, 0xDE, 0x02, 0x00, 0x00, 0x00, 0x00, 0xF8, 0x04, 0x00, 0xA0, 0x3F, 0x00, 0x00, 0x00,
    0x00, 0x60, 0x6F, 0x00, 0x00, 0xF5, 0x07, 0x00, 0x00, 0x00, 0x00, 0xF6, 0x09, 0x00, 0x20, 0xBE,
    0x00, 0x00, 0x00, 0x00, 0x80, 0xAF, 0x00, 0x00, 0xB0, 0x1D, 0x00, 0x00, 0x00, 0x00, 0xD3, 0x0A,
    0x00, 0x00, 0xF8, 0x03, 0x00, 0x00, 0x00, 0x00, 0x00, 0x00, 0x00, 0x60, 0x6F, 0x00, 0x80, 0x02,
    0x00, 0x00, 0x00, 0x00, 0x00, 0xF4, 0x09, 0x00, 0xB0, 0x1D, 0x00, 0x00, 0x00, 0x00, 0x30, 0xBE,
    0x00, 0x00, 0x10, 0xAD, 0x00, 0x00, 0x00, 0x00, 0xE2, 0x1B, 0x00, 0x00, 0x00, 0xF3, 0x06, 0x00,
    0x00, 0x50, 0xDE, 0x34, 0x54, 0x65, 0x76, 0xD7, 0x2E, 0x00, 0x00, 0xF7, 0xFF, 0xFF, 0xFF, 0xEF,
    0xCD, 0xBB, 0xBD, 0x00, 0x00, 0xA3, 0x67, 0x34, 0x12, 0x00, 0x00, 0x00, 0xF4, 0x06, 0x00, 0x00,
    0x00, 0x00, 0x00, 0x00, 0x00, 0x00, 0x50, 0x01,
    // Unicode: [0x4E49]
    0x00, 0x00, 0x00, 0x00, 0x01, 0x00, 0x00, 0x00, 0x00, 0x00, 0x00, 0x00, 0x00, 0x40, 0x3E, 0x00,
    0x00, 0x00, 0x00, 0x00, 0x00, 0x00, 0x00, 0x00, 0xEB, 0x02, 0x00, 0x70, 0x04, 0x00, 0x00, 0xB4,
    0x00, 0x00, 0xD1, 0x0B, 0x00, 0xE0, 0x4F, 0x00, 0x00, 0xF3, 0x04, 0x00, 0x30, 0x5F, 0x00, 0xF5,
    0x06, 0x00, 0x00, 0xA0, 0x0C, 0x00, 0x00, 0x02, 0x00, 0xCC, 0x00, 0x00, 0x00, 0x20, 0x6E, 0x00,
    0x00, 0x00, 0x40, 0x4F, 0x00, 0x00, 0x00, 0x00, 0xE7, 0x02, 0x00, 0x00, 0xB0, 0x0B, 0x00, 0x00,
    0x00, 0x00, 0xC0, 0x0B, 0x00, 0x00, 0xF5, 0x03, 0x00, 0x00, 0x00, 0x00, 0x20, 0x8E, 0x00, 0x10,
    0x9E, 0x00, 0x00, 0x00, 0x00, 0x00, 0x00, 0xF5, 0x06, 0xA0, 0x1D, 0x00, 0x00, 0x00, 0x00, 0x00,
    0x00, 0x80, 0x5F, 0xF7, 0x04, 0x00, 0x00, 0x00, 0x00, 0x00, 0x00, 0x00, 0xF9, 0x6F, 0x00, 0x00,
    0x00, 0x00, 0x00, 0x00, 0x00, 0x00, 0xF5, 0x6F, 0x00, 0x00, 0x00, 0x00, 0x00, 0x00, 0x00, 0x70,
    0x8F, 0xFA, 0x08, 0x00, 0x00, 0x00, 0x00, 0x00, 0x10, 0xFA, 0x07, 0xA0, 0xCF, 0x02, 0x00, 0x00,
    0x00, 0x00, 0xE5, 0x5E, 0x00, 0x00, 0xF8, 0x7E, 0x01, 0x00, 0x00, 0xC5, 0xCF, 0x02, 0x00, 0x00,
    0x50, 0xFE, 0x6E, 0x01, 0xD7, 0xEF, 0x06, 0x00, 0x00, 0x00, 0x00, 0xA1, 0xFF, 0x5E, 0xE7, 0x17,
    0x00, 0x00, 0x00, 0x00, 0x00, 0x00, 0xC4, 0x0A, 0x00, 0x00, 0x00, 0x00, 0x00, 0x00, 0x00, 0x00,
    0x00, 0x01,
    // Unicode: [0x4E4A]
    0x00, 0x00, 0x00, 0x00, 0x00, 0x00, 0x00, 0x10, 0x04, 0x00, 0x00, 0x00, 0x21, 0x43, 0x65, 0xA8,
    0xFC, 0x4F, 0xDC, 0xED, 0xFE, 0xFF, 0xEF, 0xBD, 0x8A, 0x57, 0x45, 0x65, 0x55, 0x34, 0x12, 0x00,
    0x00, 0x00, 0x05, 0x00, 0x00, 0x73, 0x00, 0x00, 0x00, 0x00, 0x30, 0xAF, 0x00, 0x00, 0xF5, 0x07,
    0x00, 0x00, 0x00, 0xD0, 0x0A, 0x00, 0x00, 0x70, 0x4F, 0x00, 0x00, 0x00, 0xC9, 0x01, 0x00, 0x00,
    0x00, 0xEB, 0x01, 0x00, 0x60, 0x2E, 0x00, 0x00, 0x00, 0x00, 0xD1, 0x04, 0x00, 0xF3, 0x06, 0x00,
    0x00, 0x00, 0x00, 0x00, 0x00, 0x00, 0x30, 0x00, 0x00, 0x00,
    // Unicode: [0x4E4B]
    0x00, 0x00, 0x00, 0x40, 0x08, 0x00, 0x00, 0x00, 0x00, 0x00, 0x00, 0x00, 0x00, 0x50, 0x7F, 0x00,
    0x00, 0x00, 0x00, 0x00, 0x00, 0x00, 0x00, 0x00, 0xF5, 0x05, 0x00, 0x00, 0x00, 0x00, 0x00, 0x00,
    0x00, 0x00, 0x90, 0x2E, 0x00, 0x00, 0x00, 0x00, 0x00, 0x00, 0x00, 0x00, 0x10, 0x06, 0x00, 0x00,
    0x00, 0x00, 0xC0, 0xDD, 0xCC, 0xCC, 0xCC, 0xCC, 0xDD, 0xED, 0x5F, 0x00, 0x70, 0x66, 0x55, 0x55,
    0x55, 0x55, 0x55, 0xFC, 0x2A, 0x00, 0x00, 0x00, 0x00, 0x00, 0x00, 0x00, 0x50, 0x5F, 0x00, 0x00,
    0x00, 0x00, 0x00, 0x00, 0x00, 0x00, 0xF4, 0x05, 0x00, 0x00, 0x00, 0x00, 0x00, 0x00, 0x00, 0x30,
    0x7E, 0x00, 0x00, 0x00, 0x00, 0x00, 0x00, 0x00, 0x00, 0xE4, 0x07, 0x00, 0x00, 0x00, 0x00, 0x00,
    0x00, 0x00, 0x50, 0x6F, 0x00, 0x00, 0x00, 0x00, 0x00, 0x00, 0x00, 0x00, 0xE7, 0x05, 0x00, 0x00,
    0x00, 0x00, 0x00, 0x00, 0x00, 0xA1, 0x3D, 0x00, 0x00, 0x00, 0x00, 0x00, 0x00, 0x00, 0x30, 0xAD,
    0x01, 0x00, 0x00, 0x00, 0x00, 0x00, 0x00, 0x00, 0xE7, 0x06, 0x00, 0x00, 0x00, 0x00, 0x00, 0x00,
    0x00, 0xB2, 0xEF, 0x05, 0x00, 0x00, 0x00, 0x00, 0x00, 0x00, 0x40, 0xCE, 0x75, 0xBE, 0x03, 0x00,
    0x00, 0x00, 0x00, 0x00, 0xF5, 0x0B, 0x00, 0xA1, 0xBF, 0x78, 0x76, 0x87, 0xB9, 0x3D, 0xB1, 0x01,
    0x00, 0x00, 0x83, 0xDB, 0xFE, 0xFF, 0xFF, 0x0E,
    // Unicode: [0x4E4C]
    0x00, 0x00, 0x00, 0x00, 0x8D, 0x00, 0x00, 0x00, 0x00, 0x00, 0x00, 0x00, 0x00, 0x40, 0x6F, 0x00,
    0x00, 0x00, 0x00, 0x00, 0x00, 0x00, 0x01, 0xB0, 0x09, 0x00, 0x00, 0x10, 0x01, 0x00, 0x00, 0x20,
    0xFF, 0xFF, 0xEE, 0xEE, 0xFE, 0xFF, 0x07, 0x00, 0x00, 0x10, 0x7F, 0x22, 0x22, 0x22, 0x22, 0xF3,
    0x05, 0x00, 0x00, 0x10, 0x6F, 0x00, 0x00, 0x00, 0x00, 0xF2, 0x04, 0x00, 0x00, 0x10, 0x6F, 0x00,
    0x00, 0x00, 0x00, 0xF5, 0x03, 0x00, 0x00, 0x10, 0x6F, 0x00, 0x00, 0x81, 0x98, 0xEE, 0x01, 0x00,
    0x00, 0x10, 0x6F, 0x00, 0x00, 0xC0, 0xCD, 0x39, 0x00, 0x00, 0x00, 0x10, 0x6F, 0x00, 0x00, 0x00,
    0x00, 0x00, 0x00, 0x00, 0x00, 0x10, 0x8F, 0x44, 0x44, 0x44, 0x44, 0x44, 0x54, 0x16, 0x00, 0x20,
    0xDE, 0xDD, 0xCC, 0xCC, 0xCC, 0xCC, 0xDC, 0x2F, 0x00, 0x00, 0x00, 0x00, 0x00, 0x00, 0x00, 0x00,
    0x50, 0x0F, 0x00, 0x00, 0x00, 0x00, 0x00, 0x00, 0x00, 0x00, 0x70, 0x0E, 0xF3, 0xEE, 0xDD, 0xDD,
    0xDD, 0xDD, 0xED, 0xDE, 0x80, 0x0D, 0x61, 0x56, 0x55, 0x44, 0x44, 0x44, 0x55, 0x55, 0x90, 0x0B,
    0x00, 0x00, 0x00, 0x00, 0x00, 0x00, 0x00, 0x00, 0xA0, 0x0A, 0x00, 0x00, 0x00, 0x00, 0x00, 0x00,
    0x00, 0x00, 0xD0, 0x08, 0x00, 0x00, 0x00, 0x00, 0x00, 0x00, 0x60, 0x98, 0xFC, 0x04, 0x00, 0x00,
    0x00, 0x00, 0x00, 0x00, 0x40, 0xEF, 0x6C, 0x00,
    // Unicode: [0x4E4D]
    0x00, 0x00, 0x40, 0x5A, 0x00, 0x00, 0x00, 0x00, 0x00, 0x00, 0x00, 0x00, 0x90, 0x5F, 0x00, 0x00,
    0x00, 0x00, 0x00, 0x00, 0x00, 0x00, 0xE1, 0x09, 0x00, 0x00, 0x00, 0x00, 0x00, 0x00, 0x00, 0x00,
    0xF7, 0x23, 0x22, 0x22, 0x22, 0x22, 0x32, 0x23, 0x00, 0x10, 0xFE, 0xFF, 0xFF, 0xFF, 0xFF, 0xFF,
    0xFF, 0x8F, 0x00, 0x80, 0x1E, 0x60, 0x1F, 0x00, 0x00, 0x00, 0x11, 0x12, 0x00, 0xE2, 0x06, 0x60,
    0x0F, 0x00, 0x00, 0x00, 0x00, 0x00, 0x00, 0xCC, 0x00, 0x60, 0x0F, 0x00, 0x00, 0x00, 0x00, 0x00,
    0x90, 0x3F, 0x00, 0x60, 0x1F, 0x00, 0x00, 0x21, 0x23, 0x00, 0xF6, 0x08, 0x00, 0x60, 0xFF, 0xFF,
    0xFF, 0xFF, 0xBF, 0x00, 0x40, 0x00, 0x00, 0x60, 0x2F, 0x22, 0x22, 0x32, 0x34, 0x00, 0x00, 0x00,
    0x00, 0x60, 0x0F, 0x00, 0x00, 0x00, 0x00, 0x00, 0x00, 0x00, 0x00, 0x60, 0x0F, 0x00, 0x00, 0x00,
    0x00, 0x00, 0x00, 0x00, 0x00, 0x60, 0x3F, 0x33, 0x33, 0x33, 0x43, 0x45, 0x00, 0x00, 0x00, 0x60,
    0xEF, 0xEE, 0xEE, 0xEE, 0xFF, 0xAF, 0x00, 0x00, 0x00, 0x60, 0x0F, 0x00, 0x00, 0x00, 0x10, 0x11,
    0x00, 0x00, 0x00, 0x60, 0x0F, 0x00, 0x00, 0x00, 0x00, 0x00, 0x00, 0x00, 0x00, 0x60, 0x1F, 0x00,
    0x00, 0x00, 0x00, 0x00, 0x00, 0x00, 0x00, 0x70, 0x2F, 0x00, 0x00, 0x00, 0x00, 0x00, 0x00, 0x00,
    0x00, 0x80, 0x3F, 0x00, 0x00, 0x00, 0x00, 0x00,
    // Unicode: [0x4E4E]
    0x00, 0x00, 0x00, 0x00, 0x00, 0x21, 0x64, 0xB8, 0x3E, 0x00, 0x00, 0xE5, 0xCD, 0xDC, 0xED, 0xFF,
    0xCE, 0xAB, 0x7A, 0x00, 0x00, 0x71, 0x66, 0x55, 0x64, 0x2F, 0x00, 0x00, 0x00, 0x00, 0x00, 0x00,
    0x00, 0x00, 0x40, 0x2F, 0x00, 0x00, 0x05, 0x00, 0x00, 0xB0, 0x09, 0x00, 0x40, 0x2F, 0x00, 0x40,
    0x9F, 0x00, 0x00, 0x60, 0x4F, 0x00, 0x40, 0x2F, 0x00, 0xC0, 0x0C, 0x00, 0x00, 0x00, 0xDA, 0x01,
    0x40, 0x2F, 0x00, 0xE8, 0x02, 0x00, 0x00, 0x00, 0xF2, 0x08, 0x40, 0x2F, 0x40, 0x5F, 0x00, 0x00,
    0x00, 0x00, 0x80, 0x07, 0x40, 0x2F, 0x30, 0x07, 0x00, 0x00, 0x22, 0x11, 0x00, 0x00, 0x40, 0x2F,
    0x00, 0x00, 0x11, 0x22, 0xFC, 0xFF, 0xFF, 0xFF, 0xFF, 0xFF, 0xFF, 0xFF, 0xFF, 0xFF, 0x44, 0x33,
    0x22, 0x22, 0x52, 0x3F, 0x22, 0x22, 0x33, 0x44, 0x00, 0x00, 0x00, 0x00, 0x40, 0x2F, 0x00, 0x00,
    0x00, 0x00, 0x00, 0x00, 0x00, 0x00, 0x40, 0x2F, 0x00, 0x00, 0x00, 0x00, 0x00, 0x00, 0x00, 0x00,
    0x40, 0x2F, 0x00, 0x00, 0x00, 0x00, 0x00, 0x00, 0x00, 0x00, 0x40, 0x2F, 0x00, 0x00, 0x00, 0x00,
    0x00, 0x00, 0x00, 0x00, 0x50, 0x2F, 0x00, 0x00, 0x00, 0x00, 0x00, 0x00, 0x00, 0x98, 0xD9, 0x1F,
    0x00, 0x00, 0x00, 0x00, 0x00, 0x00, 0x00, 0xF7, 0xCE, 0x06, 0x00, 0x00, 0x00, 0x00,
    // Unicode: [0x4E4F]
    0x00, 0x00, 0x00, 0x00, 0x00, 0x00, 0x00, 0x20, 0x15, 0x00, 0x10, 0x00, 0x10, 0x21, 0x53, 0x76,
    0xC9, 0xFE, 0x9F, 0x00, 0xA0, 0xFF, 0xFF, 0xFF, 0xEF, 0xBD, 0x8A, 0x56, 0x54, 0x00, 0x30, 0x67,
    0x45, 0x23, 0x27, 0x00, 0x00, 0x00, 0x00, 0x00, 0x00, 0x00, 0x00, 0x10, 0xEC, 0x03, 0x00, 0x00,
    0x00, 0x00, 0x00, 0x00, 0x00, 0x00, 0xB1, 0x1D, 0x00, 0x00, 0x00, 0x00, 0x00, 0x00, 0x00, 0x00,
    0x10, 0xBD, 0x00, 0x00, 0x00, 0x00, 0x10, 0x44, 0x33, 0x33, 0x33, 0x56, 0x33, 0x44, 0x35, 0x00,
    0x20, 0xFF, 0xFF, 0xEE, 0xEE, 0xEE, 0xEE, 0xFF, 0x1C, 0x00, 0x00, 0x12, 0x00, 0x00, 0x00, 0x00,
    0x10, 0xCC, 0x01, 0x00, 0x00, 0x00, 0x00, 0x00, 0x00, 0x00, 0xE4, 0x1A, 0x00, 0x00, 0x00, 0x00,
    0x00, 0x00, 0x00, 0x91, 0x8F, 0x00, 0x00, 0x00, 0x00, 0x00, 0x00, 0x00, 0x60, 0xDE, 0x04, 0x00,
    0x00, 0x00, 0x00, 0x00, 0x00, 0x40, 0xFC, 0x08, 0x00, 0x00, 0x00, 0x00, 0x00, 0x00, 0x53, 0xFB,
    0x2A, 0x00, 0x00, 0x00, 0x00, 0x00, 0x00, 0xB2, 0xFF, 0x8F, 0x00, 0x00, 0x00, 0x00, 0x00, 0x00,
    0x40, 0xDE, 0x23, 0xF9, 0x18, 0x00, 0x00, 0x00, 0x00, 0x00, 0xE1, 0x1D, 0x00, 0x50, 0xEE, 0x8A,
    0x67, 0x55, 0x76, 0x98, 0x40, 0x02, 0x00, 0x00, 0x71, 0xDB, 0xFF, 0xFF, 0xFF, 0xBF, 0x00, 0x00,
    0x00, 0x00, 0x00, 0x00, 0x00, 0x11, 0x21, 0x12,
    // Unicode: [0x4E50]
    0x00, 0x00, 0x00, 0x00, 0x00, 0x00, 0x00, 0x73, 0x02, 0x00, 0x00, 0x10, 0x33, 0x43, 0x64, 0x97,
    0xEB, 0xFF, 0x1C, 0x00, 0x00, 0x60, 0xEF, 0xCD, 0xAB, 0x89, 0x56, 0x23, 0x02, 0x00, 0x00, 0x70,
    0x0C, 0x00, 0x20, 0x23, 0x00, 0x00, 0x00, 0x00, 0x00, 0x80, 0x0A, 0x00, 0x40, 0x8F, 0x00, 0x00,
    0x00, 0x00, 0x00, 0xA0, 0x07, 0x00, 0x20, 0x5F, 0x00, 0x00, 0x00, 0x00, 0x00, 0xD0, 0x05, 0x00,
    0x20, 0x5F, 0x00, 0x00, 0x00, 0x00, 0x00, 0xF3, 0x02, 0x00, 0x10, 0x5F, 0x00, 0x00, 0x00, 0x00,
    0x00, 0xFD, 0xCC, 0xCC, 0xCC, 0xDF, 0xCC, 0xDC, 0xFE, 0x0B, 0x00, 0x98, 0x67, 0x55, 0x55, 0x8F,
    0x55, 0x55, 0x76, 0x05, 0x00, 0x00, 0x20, 0x00, 0x10, 0x5F, 0x00, 0x01, 0x00, 0x00, 0x00, 0x00,
    0xD0, 0x1C, 0x10, 0x5F, 0x50, 0x3D, 0x00, 0x00, 0x00, 0x00, 0xE9, 0x03, 0x10, 0x5F, 0x10, 0xEA,
    0x05, 0x00, 0x00, 0x60, 0x4F, 0x00, 0x10, 0x5F, 0x00, 0x80, 0x6F, 0x00, 0x00, 0xF7, 0x05, 0x00,
    0x10, 0x5F, 0x00, 0x00, 0xF7, 0x07, 0x91, 0x6F, 0x00, 0x00, 0x10, 0x5F, 0x00, 0x00, 0x70, 0x7F,
    0xF6, 0x05, 0x00, 0x00, 0x10, 0x5F, 0x00, 0x00, 0x00, 0x38, 0x20, 0x00, 0x00, 0x70, 0x96, 0x3F,
    0x00, 0x00, 0x00, 0x00, 0x00, 0x00, 0x00, 0x60, 0xDF, 0x09, 0x00, 0x00, 0x00, 0x00,
    // Unicode: [0x4E51]
    0x00, 0x00, 0x00, 0x00, 0x00, 0x00, 0x00, 0x30, 0x06, 0x00, 0x00, 0x00, 0x00, 0x00, 0x10, 0x43,
    0x86, 0xCA, 0xFF, 0x5F, 0x00, 0x00, 0x10, 0xED, 0xFE, 0xFF, 0xEE, 0x9F, 0x67, 0x24, 0x21, 0x00,
    0x00, 0x00, 0x54, 0x23, 0x01, 0x60, 0x0E, 0x00, 0x00, 0x03, 0x00, 0x00, 0x00, 0x00, 0x00, 0x02,
    0x60, 0x0E, 0x00, 0x70, 0x9F, 0x00, 0x00, 0x00, 0x00, 0x70, 0x6E, 0x60, 0x0E, 0x40, 0xDC, 0x26,
    0x00, 0x00, 0x00, 0x00, 0xE3, 0x08, 0x60, 0x3E, 0xDB, 0x06, 0x00, 0x00, 0x00, 0x00, 0x20, 0x8E,
    0x00, 0x60, 0xDF, 0x1E, 0x00, 0x00, 0x00, 0x00, 0x00, 0xE4, 0x09, 0x00, 0x60, 0x1E, 0x79, 0x00,
    0x00, 0x00, 0x00, 0x91, 0x9F, 0x00, 0x00, 0x60, 0x0E, 0xE2, 0x01, 0x00, 0x00, 0x00, 0x80, 0x08,
    0x00, 0x66, 0x60, 0x0E, 0x90, 0x0A, 0x00, 0x00, 0x00, 0x00, 0x00, 0x20, 0xBE, 0x62, 0x0E, 0x20,
    0x6E, 0x00, 0x00, 0x00, 0x00, 0x00, 0xC1, 0x0B, 0x60, 0x0E, 0x00, 0xE7, 0x03, 0x00, 0x00, 0x00,
    0x00, 0xCA, 0x01, 0x60, 0x0E, 0x00, 0xA0, 0x4E, 0x00, 0x00, 0x00, 0xB1, 0x1D, 0x00, 0x60, 0x0E,
    0x00, 0x00, 0xFB, 0x18, 0x00, 0x30, 0xDD, 0x02, 0x00, 0x60, 0x0E, 0x00, 0x00, 0x90, 0xDF, 0x01,
    0xF6, 0x2C, 0x00, 0x00, 0x60, 0x0E, 0x00, 0x00, 0x00, 0x46, 0x00, 0x60, 0x01, 0x00, 0x00, 0x70,
    0x0F, 0x00, 0x00, 0x00, 0x00, 0x00, 0x00, 0x00, 0x00, 0x00, 0x90, 0x1F, 0x00, 0x00, 0x00, 0x00,
    0x00,
    // Unicode: [0x4E52]
    0x00, 0x00, 0x00, 0x00, 0x00, 0x00, 0x00, 0x00, 0x01, 0x00, 0x00, 0x00, 0x00, 0x00, 0x00, 0x31,
    0x74, 0xEA, 0x0A, 0x00, 0x00, 0x10, 0xEF, 0xEE, 0xFF, 0xEF, 0xCD, 0x9A, 0x29, 0x00, 0x00, 0x00,
    0x7F, 0x22, 0x11, 0x00, 0x00, 0x00, 0x00, 0x00, 0x00, 0x00, 0x5F, 0x00, 0x00, 0x00, 0x00, 0x00,
    0x00, 0x00, 0x00, 0x00, 0x5F, 0x00, 0x00, 0x00, 0x00, 0x00, 0x00, 0x00, 0x00, 0x00, 0x7F, 0x22,
    0x22, 0x22, 0x22, 0x32, 0x43, 0x00, 0x00, 0x00, 0xEF, 0xEE, 0xEE, 0xEE, 0xFE, 0xEE, 0xEF, 0x00,
    0x00, 0x00, 0x5F, 0x00, 0x00, 0x00, 0xF5, 0x00, 0x00, 0x00, 0x00, 0x00, 0x5F, 0x00, 0x00, 0x00,
    0xF5, 0x00, 0x00, 0x00, 0x00, 0x00, 0x5F, 0x00, 0x00, 0x00, 0xF5, 0x00, 0x00, 0x00, 0x00, 0x00,
    0x5F, 0x00, 0x00, 0x00, 0xF5, 0x00, 0x00, 0x00, 0xEE, 0xCD, 0xDF, 0xCC, 0xCC, 0xCC, 0xFD, 0xCC,
    0xDD, 0xDE, 0x66, 0x55, 0x44, 0x44, 0x44, 0x44, 0x44, 0x44, 0x55, 0x66, 0x00, 0x00, 0x00, 0x85,
    0x00, 0x00, 0x00, 0x00, 0x00, 0x00, 0x00, 0x00, 0x30, 0xDE, 0x03, 0x00, 0x00, 0x00, 0x00, 0x00,
    0x00, 0x00, 0xF5, 0x1A, 0x00, 0x00, 0x00, 0x00, 0x00, 0x00, 0x00, 0xA2, 0x6F, 0x00, 0x00, 0x00,
    0x00, 0x00, 0x00, 0x00, 0x92, 0xCE, 0x02, 0x00, 0x00, 0x00, 0x00, 0x00, 0x00, 0x00, 0xC1, 0x06,
    0x00, 0x00, 0x00, 0x00, 0x00, 0x00, 0x00, 0x00,
    // Unicode: [0x4E53]
    0x00, 0x00, 0x00, 0x00, 0x00, 0x00, 0x00, 0x00, 0x32, 0x00, 0x00, 0x00, 0x00, 0x10, 0x11, 0x21,
    0x42, 0x75, 0xDA, 0xDF, 0x01, 0x00, 0x00, 0x00, 0xF3, 0xFF, 0xFF, 0xDE, 0xAC, 0x78, 0x76, 0x03,
    0x00, 0x00, 0x00, 0xF3, 0x14, 0x01, 0x00, 0x00, 0x00, 0x00, 0x00, 0x00, 0x00, 0x00, 0xF2, 0x03,
    0x00, 0x00, 0x00, 0x00, 0x00, 0x00, 0x00, 0x00, 0x00, 0xF2, 0x03, 0x00, 0x00, 0x00, 0x00, 0x00,
    0x00, 0x00, 0x00, 0x00, 0xF2, 0xCD, 0xCC, 0xCC, 0xCC, 0xDC, 0xDD, 0x0C, 0x00, 0x00, 0x00, 0xF2,
    0x47, 0x44, 0x44, 0x94, 0x4E, 0x55, 0x05, 0x00, 0x00, 0x00, 0xF2, 0x03, 0x00, 0x00, 0x60, 0x0E,
    0x00, 0x00, 0x00, 0x00, 0x00, 0xF2, 0x03, 0x00, 0x00, 0x60, 0x0E, 0x00, 0x00, 0x00, 0x00, 0x00,
    0xF2, 0x03, 0x00, 0x00, 0x60, 0x0E, 0x00, 0x00, 0x00, 0x00, 0x00, 0xF2, 0x03, 0x00, 0x00, 0x60,
    0x0E, 0x00, 0x00, 0x00, 0xF2, 0xDE, 0xFD, 0xDD, 0xDD, 0xDD, 0xED, 0xDF, 0xDD, 0xEE, 0x2F, 0x61,
    0x45, 0x44, 0x34, 0x33, 0x33, 0x33, 0x43, 0x44, 0x54, 0x16, 0x00, 0x00, 0x00, 0x00, 0x00, 0x00,
    0x30, 0x2B, 0x00, 0x00, 0x00, 0x00, 0x00, 0x00, 0x00, 0x00, 0x00, 0x30, 0xED, 0x04, 0x00, 0x00,
    0x00, 0x00, 0x00, 0x00, 0x00, 0x00, 0x00, 0xA1, 0x6F, 0x00, 0x00, 0x00, 0x00, 0x00, 0x00, 0x00,
    0x00, 0x00, 0x00, 0xF7, 0x08, 0x00, 0x00, 0x00, 0x00, 0x00, 0x00, 0x00, 0x00, 0x00, 0x70, 0x9F,
    0x00, 0x00, 0x00, 0x00, 0x00, 0x00, 0x00, 0x00, 0x00, 0x00, 0xA7, 0x00,
    // Unicode: [0x4E54]
    0x00, 0x00, 0x00, 0x00, 0x00, 0x00, 0x00, 0x00, 0x01, 0x00, 0x00, 0x00, 0x20, 0x00, 0x00, 0x00,
    0x31, 0x75, 0xEA, 0x0B, 0x00, 0x00, 0x00, 0xD0, 0xFF, 0xFE, 0xFF, 0xDF, 0xAC, 0x78, 0x17, 0x00,
    0x00, 0x00, 0x30, 0x44, 0x33, 0xF6, 0x01, 0x00, 0x00, 0x00, 0x00, 0x00, 0x00, 0x00, 0x00, 0x00,
    0xA9, 0x00, 0x00, 0x00, 0x00, 0x00, 0x00, 0x00, 0x00, 0x00, 0x10, 0x4E, 0x00, 0x00, 0x00, 0x00,
    0x00, 0x00, 0xF5, 0xEE, 0xDD, 0xDD, 0xDF, 0xDD, 0xDD, 0xDD, 0xED, 0xCE, 0x00, 0x52, 0x44, 0x44,
    0xF6, 0x36, 0x33, 0xD9, 0x34, 0x44, 0x45, 0x00, 0x00, 0x00, 0x10, 0x9D, 0x00, 0x00, 0xB0, 0x0A,
    0x00, 0x00, 0x00, 0x00, 0x00, 0xD3, 0x0A, 0x00, 0x00, 0x10, 0xBC, 0x01, 0x00, 0x00, 0x00, 0x81,
    0xAE, 0x24, 0x00, 0x00, 0x30, 0xB3, 0x7E, 0x00, 0x00, 0x82, 0xEE, 0x15, 0x8F, 0x00, 0x00, 0xC0,
    0x0A, 0xF7, 0x9E, 0x02, 0xF8, 0x19, 0x10, 0x4F, 0x00, 0x00, 0xC0, 0x09, 0x20, 0xD9, 0x01, 0x20,
    0x00, 0x10, 0x3F, 0x00, 0x00, 0xB0, 0x09, 0x00, 0x00, 0x00, 0x00, 0x00, 0x30, 0x1F, 0x00, 0x00,
    0xB0, 0x09, 0x00, 0x00, 0x00, 0x00, 0x00, 0x50, 0x0E, 0x00, 0x00, 0xB0, 0x09, 0x00, 0x00, 0x00,
    0x00, 0x00, 0x90, 0x0C, 0x00, 0x00, 0xB0, 0x09, 0x00, 0x00, 0x00, 0x00, 0x00, 0xF3, 0x06, 0x00,
    0x00, 0xC0, 0x09, 0x00, 0x00, 0x00, 0x00, 0x50, 0xBE, 0x00, 0x00, 0x00, 0xC0, 0x0A, 0x00, 0x00,
    0x00, 0x00, 0xE3, 0x19, 0x00, 0x00, 0x00, 0xD0, 0x0A, 0x00, 0x00, 0x00, 0x00, 0x10, 0x00, 0x00,
    0x00, 0x00, 0x00, 0x00, 0x00, 0x00, 0x00,
    // Unicode: [0x4E55]
    0x00, 0x00, 0x00, 0x00, 0x00, 0x21, 0x43, 0x75, 0xDA, 0x0B, 0x00, 0x00, 0xD0, 0xDD, 0xED, 0xFE,
    0xFF, 0xEF, 0xBD, 0x9A, 0x49, 0x00, 0x00, 0xE0, 0x49, 0x34, 0x33, 0x12, 0x14, 0x00, 0x00, 0x00,
    0x00, 0x00, 0xE0, 0x07, 0x00, 0x00, 0x00, 0x9E, 0x00, 0x00, 0x00, 0x00, 0x00, 0xE0, 0x07, 0x43,
    0x33, 0x22, 0x8E, 0x32, 0x43, 0x05, 0x00, 0x00, 0xE0, 0x07, 0xF8, 0xDE, 0xDD, 0xEF, 0xDD, 0xEE,
    0x0F, 0x00, 0x00, 0xD0, 0x07, 0x00, 0x00, 0x00, 0x6E, 0x00, 0x00, 0x00, 0x00, 0x00, 0xD0, 0x37,
    0x44, 0x33, 0x33, 0x8E, 0x33, 0x33, 0x44, 0x03, 0x00, 0xD0, 0xA7, 0xEE, 0xDD, 0xDD, 0xEF, 0xDD,
    0xED, 0xFE, 0x08, 0x00, 0xD0, 0x07, 0x00, 0x00, 0x00, 0x6E, 0x00, 0x00, 0x00, 0x00, 0x00, 0xD0,
    0x06, 0x32, 0x23, 0x22, 0x8E, 0x22, 0x33, 0x14, 0x00, 0x00, 0xE0, 0x05, 0xF6, 0xEE, 0xEE, 0xFF,
    0xEE, 0xEE, 0x3F, 0x00, 0x00, 0xF1, 0x04, 0xE6, 0x00, 0x00, 0x6E, 0x00, 0x20, 0x3F, 0x00, 0x00,
    0xF3, 0x02, 0xE6, 0x00, 0x00, 0x6E, 0x00, 0x20, 0x3F, 0x00, 0x00, 0xE6, 0x00, 0xE6, 0x00, 0x00,
    0x6E, 0x00, 0x20, 0x3F, 0x00, 0x00, 0xAB, 0x00, 0xE7, 0x00, 0x00, 0x6E, 0x00, 0x50, 0x3F, 0x00,
    0x30, 0x5F, 0x00, 0xE8, 0x00, 0x00, 0x6E, 0x60, 0xFE, 0x1E, 0x00, 0xC0, 0x0D, 0x00, 0x64, 0x00,
    0x00, 0x7E, 0x20, 0x67, 0x02, 0x00, 0x81, 0x05, 0x00, 0x00, 0x00, 0x00, 0x8F, 0x00, 0x00, 0x00,
    0x00,
    // Unicode: [0x4E56]
    0x00, 0x00, 0x00, 0x00, 0x32, 0x64, 0xA8, 0xFC, 0x08, 0x00, 0x00, 0xE8, 0xFE, 0xFF, 0xFF, 0xCE,
    0x9A, 0x78, 0x08, 0x00, 0x00, 0x52, 0x34, 0x12, 0xD0, 0x07, 0x00, 0x00, 0x00, 0x00, 0x00, 0x00,
    0x00, 0x00, 0xD0, 0x07, 0x00, 0x00, 0x00, 0x00, 0x42, 0x34, 0x33, 0x33, 0xD3, 0x38, 0x33, 0x33,
    0x44, 0x24, 0xF7, 0xEE, 0xEE, 0xDD, 0xFD, 0xDE, 0xDD, 0xEE, 0xEE, 0x5F, 0x00, 0x00, 0x00, 0x00,
    0xD0, 0x07, 0x11, 0x00, 0x00, 0x00, 0x00, 0x00, 0x40, 0x1F, 0xD0, 0x07, 0xF3, 0x03, 0x00, 0x00,
    0x10, 0x01, 0x30, 0x0E, 0xD0, 0x07, 0xF2, 0x01, 0x70, 0x02, 0x90, 0xFF, 0xEE, 0x0E, 0xD0, 0x07,
    0xF2, 0x21, 0xFB, 0x0B, 0x20, 0x12, 0x41, 0x0E, 0xD0, 0x07, 0xF2, 0xF9, 0x4B, 0x00, 0x00, 0x00,
    0x30, 0x0E, 0xD0, 0x07, 0xF2, 0x3A, 0x00, 0x00, 0x00, 0x00, 0x71, 0x0E, 0xD0, 0x07, 0xF2, 0x01,
    0x00, 0x01, 0x52, 0xC8, 0xEF, 0x0E, 0xD0, 0x07, 0xF2, 0x01, 0x00, 0x5A, 0xF2, 0x8D, 0x43, 0x0F,
    0xD0, 0x07, 0xF2, 0x47, 0x74, 0x3F, 0x30, 0x00, 0x50, 0x1F, 0xD0, 0x07, 0x90, 0xED, 0xCE, 0x06,
    0x00, 0x00, 0x00, 0x01, 0xE0, 0x07, 0x00, 0x00, 0x00, 0x00, 0x00, 0x00, 0x00, 0x00, 0xE0, 0x07,
    0x00, 0x00, 0x00, 0x00, 0x00, 0x00, 0x00, 0x00, 0xF0, 0x09, 0x00, 0x00, 0x00, 0x00,
    // Unicode: [0x4E57]
    0x00, 0x00, 0x00, 0x00, 0x00, 0x00, 0x00, 0x52, 0x48, 0x00, 0x00, 0x00, 0x40, 0x9A, 0x88, 0x98,
    0xBA, 0xFD, 0xFF, 0xDF, 0x00, 0x00, 0x00, 0x10, 0xCD, 0xBC, 0x9A, 0xEB, 0x45, 0x12, 0x10, 0x00,
    0x00, 0x00, 0x00, 0x00, 0x00, 0x00, 0xE6, 0x00, 0x00, 0x00, 0x00, 0x00, 0x00, 0x53, 0x44, 0x44,
    0x44, 0xE8, 0x44, 0x44, 0x54, 0x36, 0x00, 0x00, 0xE7, 0xDD, 0xCF, 0xCC, 0xFD, 0xCC, 0xFC, 0xDD,
    0x6E, 0x00, 0x00, 0x00, 0x40, 0x0F, 0x00, 0xE6, 0x00, 0xF0, 0x04, 0x00, 0x00, 0x10, 0x00, 0x40,
    0x0F, 0x00, 0xE6, 0x00, 0xF0, 0x04, 0x00, 0x01, 0xD0, 0xEF, 0xEE, 0xDF, 0xDD, 0xFE, 0xDD, 0xFD,
    0xEE, 0xFE, 0x0D, 0x50, 0x44, 0x63, 0x3F, 0x33, 0xE8, 0x33, 0xF3, 0x36, 0x44, 0x05, 0x00, 0x00,
    0x40, 0x0F, 0x00, 0xE6, 0x00, 0xF0, 0x04, 0x00, 0x00, 0x00, 0x42, 0x53, 0x2F, 0x22, 0xE7, 0x22,
    0xF2, 0x35, 0x24, 0x00, 0x00, 0xF7, 0xEE, 0xEE, 0xFE, 0xFF, 0xEF, 0xEE, 0xFE, 0x7F, 0x00, 0x00,
    0x00, 0x00, 0x20, 0xBC, 0xE7, 0xC4, 0x03, 0x00, 0x10, 0x00, 0x00, 0x00, 0x00, 0xE6, 0x09, 0xE6,
    0x20, 0x8D, 0x01, 0x00, 0x00, 0x00, 0x00, 0xC4, 0x5E, 0x00, 0xE6, 0x00, 0x91, 0x8E, 0x03, 0x00,
    0x51, 0xD9, 0x8E, 0x01, 0x00, 0xE7, 0x00, 0x00, 0xB4, 0xDF, 0x08, 0x90, 0x6D, 0x01, 0x00, 0x00,
    0xE7, 0x00, 0x00, 0x00, 0xA3, 0x04, 0x00, 0x00, 0x00, 0x00, 0x00, 0xF9, 0x00, 0x00, 0x00, 0x00,
    0x00,
    // Unicode: [0x4E58]
    0x00, 0x00, 0x00, 0x00, 0x00, 0x00, 0x00, 0x00, 0x01, 0x00, 0x00, 0x00, 0x00, 0x00, 0x00, 0x21,
    0x53, 0x97, 0xEB, 0x0C, 0x00, 0x00, 0x00, 0xE2, 0xFE, 0xFF, 0xFF, 0xCF, 0x9B, 0x78, 0x28, 0x00,
    0x00, 0x00, 0x50, 0x45, 0x23, 0x61, 0x0E, 0x00, 0x00, 0x00, 0x00, 0x00, 0x00, 0x00, 0x00, 0x00,
    0x60, 0x0E, 0x00, 0x00, 0x00, 0x00, 0x00, 0x50, 0x44, 0x33, 0x33, 0x73, 0x3E, 0x33, 0x33, 0x43,
    0x44, 0x00, 0xF0, 0xEE, 0xDD, 0xDD, 0xED, 0xDF, 0xDD, 0xDD, 0xEE, 0xCE, 0x00, 0x00, 0x00, 0x20,
    0x17, 0x60, 0x0E, 0x82, 0x04, 0x00, 0x00, 0x00, 0x10, 0x02, 0x30, 0x0E, 0x60, 0x0E, 0xF2, 0x02,
    0x96, 0x00, 0x00, 0x60, 0xEF, 0xEE, 0x0E, 0x60, 0x0E, 0xF2, 0xD8, 0xAD, 0x02, 0x00, 0x00, 0x00,
    0x30, 0x0E, 0x60, 0x0E, 0xF2, 0x26, 0x00, 0x01, 0x00, 0x10, 0x63, 0xEA, 0x0E, 0x60, 0x0E, 0xF2,
    0x01, 0x20, 0x5E, 0x00, 0xB0, 0xCF, 0x46, 0x0E, 0xE3, 0x8F, 0xE1, 0xDE, 0xFD, 0x1D, 0x00, 0x40,
    0x02, 0x50, 0x5E, 0xAE, 0xCE, 0x2A, 0x43, 0x34, 0x00, 0x00, 0x00, 0x00, 0x10, 0xE8, 0x64, 0x1E,
    0xDB, 0x04, 0x00, 0x00, 0x00, 0x00, 0x00, 0xD5, 0x2B, 0x60, 0x0E, 0x70, 0xAF, 0x03, 0x00, 0x00,
    0x00, 0xC5, 0x6E, 0x00, 0x60, 0x0E, 0x00, 0xB3, 0xCF, 0x26, 0x00, 0xD5, 0x9F, 0x01, 0x00, 0x70,
    0x0E, 0x00, 0x00, 0xB4, 0xEF, 0x03, 0x91, 0x02, 0x00, 0x00, 0x80, 0x0E, 0x00, 0x00, 0x00, 0x52,
    0x00, 0x00, 0x00, 0x00, 0x00, 0x90, 0x0F, 0x00, 0x00, 0x00, 0x00, 0x00,
    // Unicode: [0x4E59]
    0x42, 0x34, 0x33, 0x33, 0x33, 0x33, 0x54, 0x02, 0x00, 0xF8, 0xFF, 0xEF, 0xEE, 0xEE, 0xFE, 0xFF,
    0x05, 0x00, 0x00, 0x00, 0x00, 0x00, 0x00, 0xE4, 0x3C, 0x00, 0x00, 0x00, 0x00, 0x00, 0x00, 0x50,
    0x9F, 0x00, 0x00, 0x00, 0x00, 0x00, 0x00, 0x00, 0xF6, 0x08, 0x00, 0x00, 0x00, 0x00, 0x00, 0x00,
    0x60, 0x7F, 0x00, 0x00, 0x00, 0x00, 0x00, 0x00, 0x00, 0xF7, 0x07, 0x00, 0x00, 0x00, 0x00, 0x00,
    0x00, 0x60, 0x7F, 0x00, 0x00, 0x00, 0x00, 0x00, 0x00, 0x00, 0xF6, 0x07, 0x00, 0x00, 0x00, 0x00,
    0x00, 0x00, 0x50, 0x7F, 0x00, 0x00, 0x00, 0x00, 0x00, 0x00, 0x00, 0xF3, 0x07, 0x00, 0x00, 0x00,
    0x00, 0x00, 0x00, 0x20, 0x8E, 0x00, 0x00, 0x00, 0x00, 0x00, 0x00, 0x00, 0xB0, 0x0A, 0x00, 0x00,
    0x00, 0x00, 0x00, 0x00, 0x03, 0xE6, 0x01, 0x00, 0x00, 0x00, 0x00, 0x00, 0x00, 0xCB, 0xBB, 0x00,
    0x00, 0x00, 0x00, 0x00, 0x00, 0x30, 0x8F, 0xFA, 0x58, 0x44, 0x33, 0x33, 0x43, 0x54, 0xE7, 0x1E,
    0x92, 0xEC, 0xFF, 0xFF, 0xFF, 0xFF, 0xFF, 0xAE, 0x03,
    // Unicode: [0x4E5A]
    0x41, 0x03, 0x00, 0x00, 0x00, 0x00, 0xF0, 0x1D, 0x00, 0x00, 0x00, 0x00, 0xE0, 0x08, 0x00, 0x00,
    0x00, 0x00, 0xE0, 0x08, 0x00, 0x00, 0x00, 0x00, 0xE0, 0x08, 0x00, 0x00, 0x00, 0x00, 0xE0, 0x08,
    0x00, 0x00, 0x00, 0x00, 0xE0, 0x08, 0x00, 0x00, 0x00, 0x00, 0xE0, 0x08, 0x00, 0x00, 0x00, 0x00,
    0xE0, 0x08, 0x00, 0x00, 0x00, 0x00, 0xE0, 0x08, 0x00, 0x00, 0x00, 0x00, 0xE0, 0x08, 0x00, 0x00,
    0x00, 0x00, 0xE0, 0x08, 0x00, 0x00, 0x00, 0x00, 0xE0, 0x08, 0x00, 0x00, 0x00, 0x00, 0xE0, 0x08,
    0x00, 0x00, 0x00, 0x00, 0xE0, 0x08, 0x00, 0x00, 0x00, 0x00, 0xE0, 0x08, 0x00, 0x00, 0x30, 0x18,
    0xE0, 0x08, 0x00, 0x00, 0x60, 0x4F, 0xD0, 0x7D, 0x55, 0x65, 0xE8, 0x0D, 0x50, 0xEC, 0xFF, 0xFF,
    0xAD, 0x02,
    // Unicode: [0x4E5B]
    0x52, 0x44, 0x44, 0x44, 0x44, 0x44, 0x44, 0x44, 0x54, 0x03, 0xE7, 0xEE, 0xEE, 0xEE, 0xEE, 0xEE,
    0xEE, 0xEE, 0xFE, 0x02, 0x00, 0x00, 0x00, 0x00, 0x00, 0x00, 0x00, 0x00, 0x9D, 0x00, 0x00, 0x00,
    0x00, 0x00, 0x00, 0x00, 0x00, 0x70, 0x1E, 0x00, 0x00, 0x00, 0x00, 0x00, 0x00, 0x00, 0x00, 0xC0,
    0x07, 0x00,
    // Unicode: [0x4E5C]
    0x00, 0x00, 0x91, 0x17, 0x00, 0x00, 0x00, 0x00, 0x00, 0x00, 0x00, 0x00, 0xF0, 0x0A, 0x00, 0x00,
    0x00, 0x00, 0x00, 0x00, 0x00, 0x00, 0xE0, 0x07, 0x00, 0x00, 0x00, 0x00, 0x00, 0x00, 0x00, 0x00,
    0xE0, 0x07, 0x00, 0x00, 0x00, 0x51, 0x09, 0x00, 0x00, 0x00, 0xE0, 0x07, 0x00, 0x41, 0xB7, 0xFF,
    0x0C, 0x00, 0x00, 0x00, 0xE0, 0x79, 0xDA, 0xCF, 0x69, 0xB3, 0x0B, 0x00, 0x72, 0xB9, 0xFD, 0xAE,
    0x47, 0x01, 0x00, 0xC0, 0x0A, 0x00, 0xF1, 0x8C, 0xE5, 0x07, 0x00, 0x00, 0x00, 0xD0, 0x09, 0x00,
    0x10, 0x00, 0xE0, 0x07, 0x00, 0x00, 0x00, 0xE0, 0x08, 0x00, 0x00, 0x00, 0xE0, 0x07, 0x00, 0x00,
    0x00, 0xF0, 0x07, 0x00, 0x00, 0x00, 0xE0, 0x07, 0x00, 0x00, 0x00, 0xF0, 0x06, 0x00, 0x00, 0x00,
    0xE0, 0x07, 0x00, 0x00, 0x00, 0xF2, 0x05, 0x00, 0x00, 0x00, 0xE0, 0x07, 0x00, 0x20, 0x54, 0xFB,
    0x03, 0x00, 0x00, 0x00, 0xE0, 0x07, 0x00, 0x20, 0xFF, 0x8E, 0x00, 0x00, 0x00, 0x00, 0xE0, 0x07,
    0x00, 0x00, 0x34, 0x00, 0x00, 0x15, 0x00, 0x00, 0xE0, 0x07, 0x00, 0x00, 0x00, 0x00, 0x00, 0xDC,
    0x00, 0x00, 0xC0, 0x0C, 0x00, 0x00, 0x00, 0x00, 0x20, 0xAF, 0x00, 0x00, 0x70, 0xBF, 0x35, 0x12,
    0x21, 0x43, 0xD7, 0x3F, 0x00, 0x00, 0x00, 0xD7, 0xFF, 0xFF, 0xFF, 0xFF, 0xAE, 0x04, 0x00, 0x00,
    0x00, 0x00, 0x21, 0x33, 0x23, 0x01, 0x00, 0x00,
    // Unicode: [0x4E5D]
    0x00, 0x00, 0x00, 0xA0, 0x29, 0x00, 0x00, 0x00, 0x00, 0x00, 0x00, 0x00, 0x00, 0x00, 0xD0, 0x0D,
    0x00, 0x00, 0x00, 0x00, 0x00, 0x00, 0x00, 0x00, 0x00, 0xD0, 0x0A, 0x00, 0x00, 0x00, 0x00, 0x00,
    0x00, 0x00, 0x00, 0x00, 0xC0, 0x09, 0x00, 0x00, 0x00, 0x00, 0x00, 0x00, 0x00, 0x00, 0x00, 0xC0,
    0x09, 0x00, 0x00, 0x00, 0x00, 0x00, 0x00, 0x00, 0x00, 0x00, 0xD0, 0x08, 0x00, 0x32, 0x25, 0x00,
    0x00, 0x00, 0x50, 0x88, 0xA9, 0xEA, 0xDE, 0xFE, 0xFF, 0x5F, 0x00, 0x00, 0x00, 0xA0, 0xBD, 0x8A,
    0xE7, 0x49, 0x23, 0x21, 0x4F, 0x00, 0x00, 0x00, 0x00, 0x00, 0x00, 0xE0, 0x05, 0x00, 0x30, 0x3F,
    0x00, 0x00, 0x00, 0x00, 0x00, 0x00, 0xF1, 0x04, 0x00, 0x40, 0x2F, 0x00, 0x00, 0x00, 0x00, 0x00,
    0x00, 0xF3, 0x01, 0x00, 0x50, 0x1F, 0x00, 0x00, 0x00, 0x00, 0x00, 0x00, 0xE6, 0x00, 0x00, 0x50,
    0x0F, 0x00, 0x00, 0x00, 0x00, 0x00, 0x00, 0xAA, 0x00, 0x00, 0x60, 0x0E, 0x00, 0x00, 0x00, 0x00,
    0x00, 0x10, 0x6E, 0x00, 0x00, 0x70, 0x0D, 0x00, 0x00, 0x00, 0x00, 0x00, 0x70, 0x1E, 0x00, 0x00,
    0x80, 0x0C, 0x00, 0x00, 0x00, 0x00, 0x00, 0xE2, 0x08, 0x00, 0x00, 0x80, 0x0B, 0x00, 0x00, 0x00,
    0x00, 0x00, 0xDB, 0x01, 0x00, 0x00, 0x90, 0x0B, 0x00, 0x11, 0x00, 0x00, 0xA0, 0x3E, 0x00, 0x00,
    0x00, 0xA0, 0x0C, 0x00, 0xD5, 0x02, 0x20, 0xFC, 0x04, 0x00, 0x00, 0x00, 0x80, 0x8F, 0x65, 0xDD,
    0x00, 0xE5, 0x4E, 0x00, 0x00, 0x00, 0x00, 0x10, 0xEA, 0xEF, 0x2B, 0x00, 0x70, 0x02, 0x00, 0x00,
    0x00, 0x00, 0x00, 0x00, 0x00, 0x00, 0x00,
    // Unicode: [0x4E5E]
    0x00, 0x00, 0x60, 0x6D, 0x00, 0x00, 0x00, 0x00, 0x00, 0x00, 0x00, 0x00, 0xC0, 0x2E, 0x00, 0x00,
    0x00, 0x00, 0x00, 0x00, 0x00, 0x00, 0xF3, 0x05, 0x00, 0x00, 0x00, 0x00, 0x00, 0x01, 0x00, 0x00,
    0xFB, 0xEE, 0xEE, 0xEE, 0xEE, 0xEE, 0xFE, 0x0F, 0x00, 0x50, 0x4F, 0x33, 0x33, 0x33, 0x33, 0x33,
    0x33, 0x04, 0x00, 0xE2, 0x07, 0x00, 0x00, 0x00, 0x00, 0x00, 0x00, 0x00, 0x10, 0xBC, 0x00, 0x00,
    0x00, 0x00, 0x00, 0x00, 0x00, 0x00, 0xC1, 0x2D, 0x34, 0x22, 0x11, 0x11, 0x22, 0x33, 0x01, 0x00,
    0xD4, 0x23, 0xFF, 0xFF, 0xFF, 0xFF, 0xFF, 0xFF, 0x04, 0x00, 0x00, 0x00, 0x22, 0x01, 0x00, 0x10,
    0xF8, 0x6D, 0x01, 0x00, 0x00, 0x00, 0x00, 0x00, 0x00, 0xD4, 0x6E, 0x00, 0x00, 0x00, 0x00, 0x00,
    0x00, 0x00, 0x91, 0x9F, 0x01, 0x00, 0x00, 0x00, 0x00, 0x00, 0x00, 0x30, 0xDD, 0x04, 0x00, 0x00,
    0x00, 0x00, 0x00, 0x00, 0x00, 0xF7, 0x19, 0x00, 0x00, 0x00, 0x00, 0x00, 0x00, 0x00, 0xB1, 0x5E,
    0x00, 0x00, 0x00, 0x00, 0x00, 0x00, 0x00, 0x10, 0xDC, 0x03, 0x00, 0x00, 0x00, 0x00, 0x00, 0x17,
    0x00, 0xB0, 0x1C, 0x00, 0x00, 0x00, 0x00, 0x00, 0x10, 0x6F, 0x00, 0xF4, 0x04, 0x00, 0x00, 0x00,
    0x00, 0x00, 0x50, 0x3F, 0x00, 0xF3, 0x6C, 0x33, 0x22, 0x22, 0x33, 0x64, 0xF9, 0x0B, 0x00, 0x60,
    0xDB, 0xFF, 0xFF, 0xFF, 0xFF, 0xDE, 0x7C, 0x01, 0x00, 0x00, 0x00, 0x10, 0x11, 0x01, 0x00, 0x00,
    0x00, 0x00,
    // Unicode: [0x4E5F]
    0x00, 0x00, 0x00, 0x00, 0x10, 0x00, 0x00, 0x00, 0x00, 0x00, 0x00, 0x00, 0x00, 0x00, 0x00, 0x70,
    0x6F, 0x00, 0x00, 0x00, 0x00, 0x00, 0x00, 0x00, 0x00, 0x00, 0x60, 0x1F, 0x00, 0x00, 0x00, 0x00,
    0x00, 0x00, 0x20, 0x24, 0x00, 0x50, 0x1F, 0x00, 0x00, 0x00, 0x00, 0x00, 0x00, 0x70, 0x4F, 0x00,
    0x50, 0x1F, 0x00, 0x00, 0x21, 0x00, 0x00, 0x00, 0x60, 0x0F, 0x00, 0x50, 0x1F, 0x10, 0xA5, 0x5E,
    0x00, 0x00, 0x00, 0x50, 0x0F, 0x00, 0x60, 0x9F, 0xFC, 0xBE, 0x5F, 0x00, 0x00, 0x00, 0x50, 0x1F,
    0x85, 0xFC, 0xBF, 0x37, 0x20, 0x5F, 0x00, 0x00, 0x20, 0xB5, 0xFF, 0xCF, 0x88, 0x1F, 0x00, 0x20,
    0x4F, 0x00, 0x00, 0xFC, 0xEF, 0x5F, 0x01, 0x50, 0x1F, 0x00, 0x20, 0x4F, 0x00, 0x00, 0x66, 0x52,
    0x0F, 0x00, 0x50, 0x1F, 0x00, 0x20, 0x3F, 0x00, 0x00, 0x00, 0x50, 0x0F, 0x00, 0x50, 0x1F, 0x00,
    0x30, 0x3F, 0x00, 0x00, 0x00, 0x50, 0x0F, 0x00, 0x50, 0x1F, 0x00, 0x30, 0x2F, 0x00, 0x00, 0x00,
    0x50, 0x0F, 0x00, 0x50, 0x1F, 0x00, 0x90, 0x0E, 0x00, 0x00, 0x00, 0x50, 0x0F, 0x00, 0x60, 0x1F,
    0xA0, 0xFF, 0x06, 0x00, 0x00, 0x00, 0x50, 0x0F, 0x00, 0x70, 0x2F, 0x30, 0x15, 0x00, 0x01, 0x00,
    0x00, 0x50, 0x0F, 0x00, 0x40, 0x17, 0x00, 0x00, 0x00, 0xD5, 0x03, 0x00, 0x40, 0x2F, 0x00, 0x00,
    0x00, 0x00, 0x00, 0x00, 0xF8, 0x01, 0x00, 0x20, 0x7F, 0x00, 0x00, 0x00, 0x00, 0x00, 0x10, 0xAD,
    0x00, 0x00, 0x00, 0xFA, 0x59, 0x44, 0x44, 0x44, 0x65, 0xD9, 0x2D, 0x00, 0x00, 0x00, 0x70, 0xEC,
    0xFF, 0xFF, 0xFF, 0xEF, 0x8C, 0x01, 0x00, 0x00, 0x00, 0x00, 0x00, 0x00, 0x11, 0x00, 0x00, 0x00,
    0x00, 0x00,
    // Unicode: [0x4E60]
    0x20, 0x11, 0x00, 0x00, 0x00, 0x00, 0x00, 0x00, 0x01, 0xF0, 0xFF, 0xFF, 0xEF, 0xEE, 0xEE, 0xFE,
    0xFF, 0x0F, 0x40, 0x34, 0x33, 0x23, 0x22, 0x22, 0x22, 0xB2, 0x0D, 0x00, 0x00, 0x00, 0x00, 0x00,
    0x00, 0x00, 0xB0, 0x0C, 0x00, 0x00, 0x05, 0x00, 0x00, 0x00, 0x00, 0xB0, 0x0B, 0x00, 0x30, 0xCF,
    0x03, 0x00, 0x00, 0x00, 0xC0, 0x0B, 0x00, 0x00, 0xC3, 0x8F, 0x00, 0x00, 0x00, 0xC0, 0x0A, 0x00,
    0x00, 0x00, 0xF8, 0x2C, 0x00, 0x00, 0xD0, 0x0A, 0x00, 0x00, 0x00, 0x50, 0x3E, 0x00, 0x00, 0xD0,
    0x09, 0x00, 0x00, 0x00, 0x00, 0x01, 0x00, 0x05, 0xE0, 0x08, 0x00, 0x00, 0x00, 0x00, 0x20, 0xD7,
    0x1F, 0xE0, 0x08, 0x00, 0x00, 0x00, 0x72, 0xFC, 0x7C, 0x02, 0xF0, 0x07, 0x00, 0x41, 0xD8, 0xDF,
    0x38, 0x00, 0x00, 0xF0, 0x07, 0xD2, 0xFF, 0xAE, 0x04, 0x00, 0x00, 0x00, 0xF1, 0x06, 0xC0, 0x5B,
    0x01, 0x00, 0x00, 0x00, 0x00, 0xF1, 0x06, 0x00, 0x00, 0x00, 0x00, 0x00, 0x00, 0x00, 0xF2, 0x05,
    0x00, 0x00, 0x00, 0x00, 0x00, 0x00, 0x00, 0xF7, 0x04, 0x00, 0x00, 0x00, 0x00, 0x00, 0xEB, 0xFE,
    0xEF, 0x01, 0x00, 0x00, 0x00, 0x00, 0x00, 0xD5, 0xAC, 0x17, 0x00,
    // Unicode: [0x4E61]
    0x00, 0x00, 0x00, 0x00, 0x68, 0x00, 0x00, 0x00, 0x00, 0x00, 0x00, 0x00, 0x50, 0xEF, 0x04, 0x00,
    0x00, 0x00, 0x00, 0x00, 0x00, 0xE2, 0x1B, 0x00, 0x00, 0x00, 0x00, 0x00, 0x00, 0x10, 0xAD, 0x00,
    0x00, 0x40, 0x00, 0x00, 0x00, 0x00, 0xC1, 0x0A, 0x00, 0x00, 0xF4, 0x2C, 0x00, 0x00, 0x20, 0xBD,
    0x00, 0x00, 0x30, 0xDE, 0x03, 0x00, 0x10, 0xE7, 0x4E, 0x33, 0x23, 0xE4, 0x1C, 0x00, 0x00, 0x00,
    0xFD, 0xFF, 0xDE, 0xED, 0xBF, 0x01, 0x00, 0x00, 0x00, 0x22, 0x00, 0x00, 0xF7, 0x08, 0x00, 0x30,
    0x01, 0x00, 0x00, 0x00, 0xA1, 0x4E, 0x00, 0x00, 0xD0, 0x2E, 0x00, 0x00, 0x50, 0xBE, 0x01, 0x00,
    0x00, 0xF3, 0x07, 0x00, 0x51, 0xEC, 0x06, 0x00, 0x10, 0x21, 0xDA, 0x00, 0x10, 0xFE, 0xDF, 0xDD,
    0xEE, 0xFF, 0xEE, 0x6F, 0x00, 0x00, 0xB8, 0x79, 0x56, 0x34, 0x12, 0xC0, 0x0C, 0x00, 0x00, 0x00,
    0x00, 0x00, 0x00, 0x00, 0xEA, 0x02, 0x00, 0x00, 0x00, 0x00, 0x00, 0x00, 0xA1, 0x4E, 0x00, 0x00,
    0x00, 0x00, 0x00, 0x00, 0x40, 0xED, 0x04, 0x00, 0x00, 0x00, 0x00, 0x00, 0x50, 0xFB, 0x1B, 0x00,
    0x00, 0x00, 0x00, 0x31, 0xA6, 0xFE, 0x4C, 0x00, 0x00, 0x00, 0x00, 0xD2, 0xFF, 0xDF, 0x38, 0x00,
    0x00, 0x00, 0x00, 0x00, 0x60, 0x6A, 0x03, 0x00, 0x00, 0x00, 0x00, 0x00, 0x00,
    // Unicode: [0x4E62]
    0x00, 0x00, 0x00, 0x00, 0x00, 0x10, 0x00, 0x00, 0x00, 0x00, 0x00, 0x20, 0x7D, 0x00, 0x00, 0xF0,
    0x0B, 0x00, 0x00, 0x00, 0x00, 0x10, 0x3F, 0x00, 0x00, 0xF0, 0x06, 0x00, 0x00, 0x00, 0x00, 0x10,
    0x3F, 0x00, 0x00, 0xF0, 0x05, 0x00, 0x00, 0x00, 0x00, 0x00, 0x3F, 0x00, 0x00, 0xF0, 0x05, 0x00,
    0x00, 0x00, 0xE5, 0x03, 0x3F, 0xE0, 0x09, 0xF0, 0x05, 0x00, 0x00, 0x00, 0xF4, 0x00, 0x3F, 0xE0,
    0x04, 0xF0, 0x05, 0x00, 0x00, 0x00, 0xF4, 0x00, 0x3F, 0xE0, 0x04, 0xF0, 0x05, 0x00, 0x00, 0x00,
    0xF4, 0x00, 0x3F, 0xE0, 0x04, 0xF0, 0x05, 0x00, 0x00, 0x00, 0xF4, 0x00, 0x3F, 0xE0, 0x04, 0xF0,
    0x05, 0x00, 0x00, 0x00, 0xF4, 0x00, 0x3F, 0xE0, 0x04, 0xF0, 0x05, 0x00, 0x00, 0x00, 0xF4, 0x00,
    0x3F, 0xE0, 0x04, 0xF0, 0x05, 0x00, 0x00, 0x00, 0xF4, 0x00, 0x3F, 0xE0, 0x04, 0xF0, 0x05, 0x00,
    0x00, 0x00, 0xF4, 0x00, 0x3F, 0xE0, 0x04, 0xF0, 0x05, 0x00, 0x00, 0x00, 0xF4, 0x00, 0x3F, 0xE1,
    0x04, 0xF0, 0x05, 0x00, 0x00, 0x00, 0xF5, 0xCB, 0xFF, 0xFF, 0x04, 0xF0, 0x05, 0x00, 0x00, 0x00,
    0x84, 0x56, 0x23, 0xE0, 0x05, 0xF0, 0x05, 0x00, 0x90, 0x04, 0x00, 0x00, 0x00, 0xE0, 0x05, 0xE0,
    0x05, 0x00, 0xE0, 0x08, 0x00, 0x00, 0x00, 0x30, 0x01, 0xE0, 0x4A, 0x54, 0xF9, 0x02, 0x00, 0x00,
    0x00, 0x00, 0x00, 0x60, 0xFD, 0xEF, 0x5C, 0x00,
    // Unicode: [0x4E63]
    0x00, 0x00, 0x00, 0x00, 0x00, 0x00, 0x01, 0x00, 0x00, 0x00, 0x00, 0x00, 0x80, 0x17, 0x00, 0x00,
    0xBF, 0x00, 0x00, 0x00, 0x00, 0x00, 0xE1, 0x2D, 0x00, 0x00, 0x6F, 0x00, 0x00, 0x00, 0x00, 0x00,
    0xF6, 0x03, 0x00, 0x00, 0x5F, 0x00, 0x00, 0x00, 0x00, 0x00, 0x8D, 0x00, 0x00, 0x00, 0x5F, 0x00,
    0x00, 0x00, 0x00, 0x60, 0x1E, 0x00, 0x57, 0x00, 0x5F, 0x00, 0x00, 0x00, 0x00, 0xD1, 0x06, 0x10,
    0xEE, 0x03, 0x5F, 0x00, 0x00, 0x00, 0x00, 0xC8, 0x00, 0x80, 0x4F, 0x00, 0x5F, 0x00, 0x00, 0x00,
    0x50, 0x6F, 0x43, 0xE5, 0x08, 0x00, 0x5F, 0x00, 0x00, 0x00, 0xB0, 0xFF, 0xDE, 0xCF, 0x00, 0x00,
    0x5F, 0x00, 0x00, 0x00, 0x30, 0x14, 0x40, 0x3F, 0x00, 0x00, 0x5F, 0x00, 0x00, 0x00, 0x00, 0x00,
    0xD1, 0x07, 0x00, 0x00, 0x5F, 0x00, 0x00, 0x00, 0x00, 0x00, 0xC9, 0x80, 0x05, 0x00, 0x5F, 0x00,
    0x00, 0x00, 0x00, 0x40, 0x2E, 0x80, 0x0C, 0x00, 0x5F, 0x00, 0x00, 0x00, 0x00, 0xD1, 0x06, 0x20,
    0x4F, 0x00, 0x5F, 0x00, 0x00, 0x00, 0x00, 0xBB, 0x00, 0x20, 0xAC, 0x00, 0x5F, 0x00, 0x00, 0x00,
    0xB1, 0xBF, 0xDB, 0xEE, 0xED, 0x01, 0x5F, 0x00, 0x00, 0x25, 0xD0, 0x8B, 0x46, 0x01, 0xF1, 0x05,
    0x5E, 0x00, 0x00, 0xBC, 0x00, 0x00, 0x00, 0x00, 0x60, 0x02, 0xAD, 0x44, 0x84, 0x5F, 0x00, 0x00,
    0x00, 0x00, 0x00, 0x00, 0xD6, 0xFF, 0xDF, 0x07,
    // Unicode: [0x4E64]
    0xF2, 0xEE, 0xDE, 0xDD, 0xDD, 0xDD, 0xDD, 0xED, 0xEE, 0x1F, 0x61, 0x55, 0x44, 0x44, 0xBA, 0x44,
    0x44, 0x44, 0x55, 0x16, 0x00, 0x00, 0x00, 0x00, 0xA9, 0x20, 0x01, 0x00, 0x00, 0x00, 0x00, 0x00,
    0x00, 0x00, 0xA9, 0x90, 0x3D, 0x00, 0x00, 0x00, 0x00, 0x00, 0x00, 0x00, 0xA9, 0x00, 0xF8, 0x07,
    0x00, 0x00, 0x00, 0x00, 0x00, 0x00, 0xB9, 0x00, 0x40, 0xAE, 0x01, 0x00, 0x00, 0x00, 0x00, 0x00,
    0xBA, 0x00, 0x00, 0xD2, 0x2D, 0x00, 0x00, 0x00, 0x00, 0x00, 0xCA, 0x00, 0x00, 0x10, 0x19, 0x00,
    0x00, 0x00, 0x00, 0x00, 0x66, 0x00, 0x00, 0x00, 0x00, 0x00, 0x30, 0xEE, 0xDD, 0xDD, 0xDD, 0xDD,
    0xED, 0xEE, 0x0E, 0x00, 0x10, 0x45, 0x33, 0x33, 0x33, 0x43, 0xE9, 0x9E, 0x04, 0x00, 0x00, 0x00,
    0x00, 0x00, 0x50, 0xFB, 0x5B, 0x00, 0x00, 0x00, 0x00, 0x00, 0x00, 0x81, 0xDE, 0x17, 0x00, 0x00,
    0x00, 0x00, 0x00, 0x00, 0x81, 0xBE, 0x04, 0x00, 0x00, 0x00, 0x00, 0x03, 0x00, 0x30, 0xCD, 0x03,
    0x00, 0x00, 0x00, 0x00, 0x20, 0x6F, 0x00, 0xE1, 0x0B, 0x00, 0x00, 0x00, 0x00, 0x00, 0x80, 0x2F,
    0x00, 0xF2, 0x6C, 0x45, 0x33, 0x33, 0x43, 0x65, 0xFA, 0x08, 0x00, 0x30, 0xC9, 0xEE, 0xFF, 0xFF,
    0xEF, 0xCD, 0x6A, 0x00,
    // Unicode: [0x4E65]
    0x00, 0x00, 0x00, 0x00, 0x00, 0x10, 0x63, 0xC9, 0x09, 0x00, 0x78, 0x77, 0x87, 0xA9, 0xCB, 0xFE,
    0xEF, 0xBD, 0x2B, 0x00, 0xD8, 0xBC, 0x9A, 0x78, 0x46, 0x23, 0x10, 0x00, 0x00, 0x00, 0x00, 0x81,
    0x01, 0x00, 0x00, 0x00, 0xB0, 0x19, 0x00, 0x00, 0x00, 0xC1, 0x1C, 0x00, 0x00, 0x00, 0xF6, 0x2A,
    0x00, 0x00, 0x00, 0x10, 0xBD, 0x00, 0x00, 0x20, 0x6E, 0x00, 0x00, 0x00, 0x00, 0x00, 0xF3, 0x07,
    0x00, 0xD1, 0x06, 0x00, 0x00, 0x00, 0x42, 0x34, 0x83, 0x35, 0x33, 0xAB, 0x43, 0x54, 0x00, 0x00,
    0xE8, 0xEE, 0xEE, 0xDD, 0xDD, 0xDD, 0xFD, 0xFF, 0x01, 0x00, 0x00, 0x00, 0x00, 0x00, 0x00, 0x30,
    0xEA, 0x49, 0x00, 0x00, 0x00, 0x00, 0x00, 0x00, 0x30, 0xEB, 0x18, 0x00, 0x00, 0x00, 0x00, 0x00,
    0x00, 0x20, 0xEA, 0x18, 0x00, 0x00, 0x00, 0x00, 0x00, 0x00, 0x10, 0xF8, 0x29, 0x00, 0x00, 0x00,
    0x00, 0x00, 0x00, 0x00, 0xE5, 0x3B, 0x00, 0x00, 0x00, 0x00, 0x00, 0x00, 0x00, 0xA1, 0x5E, 0x00,
    0x00, 0x00, 0x00, 0x00, 0x00, 0x00, 0x10, 0xBD, 0x01, 0x00, 0x00, 0x00, 0x00, 0x00, 0x95, 0x02,
    0xA0, 0x1D, 0x00, 0x00, 0x00, 0x00, 0x00, 0x00, 0xF9, 0x01, 0xD0, 0x7E, 0x45, 0x34, 0x33, 0x33,
    0x54, 0xA6, 0x8F, 0x00, 0x40, 0xFC, 0xFF, 0xFF, 0xFF, 0xFF, 0xEF, 0xCD, 0x07, 0x00, 0x00, 0x00,
    0x11, 0x11, 0x11, 0x00, 0x00, 0x00, 0x00, 0x00,
    // Unicode: [0x4E66]
    0x00, 0x00, 0x00, 0x10, 0x57, 0x00, 0x00, 0x00, 0x00, 0x00, 0x00, 0x00, 0x00, 0x00, 0xAF, 0x00,
    0x60, 0x2A, 0x00, 0x00, 0x00, 0x00, 0x00, 0x00, 0x7E, 0x00, 0x30, 0xFB, 0x08, 0x00, 0x00, 0x00,
    0x00, 0x00, 0x7E, 0x00, 0x00, 0x50, 0xCE, 0x03, 0x20, 0x45, 0x34, 0x33, 0x9E, 0x33, 0x44, 0x54,
    0xA4, 0x03, 0x40, 0xEE, 0xDD, 0xDD, 0xEF, 0xDD, 0xDD, 0xFD, 0x05, 0x00, 0x00, 0x00, 0x00, 0x00,
    0x7E, 0x00, 0x00, 0xF2, 0x03, 0x00, 0x00, 0x00, 0x00, 0x00, 0x7E, 0x00, 0x00, 0xF5, 0x01, 0x00,
    0x00, 0x00, 0x00, 0x00, 0x7E, 0x00, 0x00, 0xE7, 0x00, 0x00, 0x00, 0x00, 0x00, 0x00, 0x7E, 0x00,
    0x00, 0xCA, 0x00, 0x00, 0xE6, 0xDD, 0xCD, 0xCC, 0xEF, 0xCC, 0xCC, 0xEE, 0xED, 0x09, 0x52, 0x55,
    0x44, 0x44, 0x9E, 0x44, 0x44, 0x44, 0xE4, 0x09, 0x00, 0x00, 0x00, 0x00, 0x7E, 0x00, 0x00, 0x00,
    0xE0, 0x08, 0x00, 0x00, 0x00, 0x00, 0x7E, 0x00, 0x00, 0x00, 0xE0, 0x07, 0x00, 0x00, 0x00, 0x00,
    0x7E, 0x00, 0x00, 0x00, 0xF0, 0x05, 0x00, 0x00, 0x00, 0x00, 0x7E, 0x00, 0x00, 0x00, 0xF3, 0x04,
    0x00, 0x00, 0x00, 0x00, 0x7E, 0x00, 0x60, 0x77, 0xED, 0x01, 0x00, 0x00, 0x00, 0x00, 0x8F, 0x00,
    0x50, 0xEF, 0x3B, 0x00, 0x00, 0x00, 0x00, 0x10, 0x9F, 0x00, 0x00, 0x01, 0x00, 0x00, 0x00, 0x00,
    0x00, 0x10, 0xAF, 0x00, 0x00, 0x00, 0x00, 0x00,
    // Unicode: [0x4E67]
    0x00, 0x00, 0x23, 0x00, 0x00, 0x00, 0xD5, 0x05, 0x00, 0x00, 0x00, 0x00, 0xEA, 0xAD, 0x26, 0x00,
    0xF4, 0x02, 0x00, 0x00, 0x00, 0x00, 0x00, 0x63, 0xFB, 0x04, 0xF3, 0x02, 0x00, 0x00, 0x00, 0x30,
    0x25, 0x00, 0x10, 0x00, 0xF3, 0x02, 0x00, 0x00, 0x00, 0x70, 0xEC, 0xBE, 0x58, 0x02, 0xF3, 0x02,
    0x00, 0x00, 0x00, 0x00, 0x00, 0x52, 0xC9, 0x0B, 0xF3, 0x02, 0x00, 0x00, 0x00, 0x00, 0x00, 0x00,
    0x21, 0x43, 0xF7, 0x78, 0xA9, 0x9B, 0xB6, 0xCC, 0xED, 0xFF, 0xDE, 0xCD, 0xFC, 0x8A, 0x77, 0x56,
    0x64, 0x45, 0x23, 0x01, 0x00, 0x00, 0xF4, 0x02, 0x00, 0x00, 0x00, 0x00, 0x00, 0x00, 0x00, 0x00,
    0xF4, 0x04, 0x00, 0x00, 0x00, 0x42, 0x34, 0x33, 0x33, 0x43, 0x75, 0x56, 0x00, 0x00, 0x00, 0xD7,
    0xCD, 0xCC, 0xCC, 0xEC, 0xFF, 0x5B, 0x00, 0x00, 0x00, 0x00, 0x00, 0x00, 0x20, 0xE9, 0x29, 0x00,
    0x00, 0x00, 0x00, 0x00, 0x00, 0x10, 0xE9, 0x29, 0x00, 0x00, 0x00, 0x00, 0x00, 0x00, 0x10, 0xE8,
    0x29, 0x00, 0x00, 0x00, 0x00, 0x00, 0x00, 0x00, 0xE6, 0x3B, 0x00, 0x00, 0x00, 0x00, 0x20, 0x16,
    0x00, 0xB1, 0x4D, 0x00, 0x00, 0x00, 0x00, 0x00, 0x60, 0x3F, 0x00, 0xF7, 0x27, 0x12, 0x11, 0x11,
    0x22, 0x33, 0xE7, 0x0B, 0x00, 0xA1, 0xFD, 0xFF, 0xFF, 0xFF, 0xFF, 0xEF, 0x8C, 0x01, 0x00, 0x00,
    0x00, 0x10, 0x11, 0x11, 0x01, 0x00, 0x00, 0x00,
    // Unicode: [0x4E68]
    0x00, 0x00, 0x62, 0x01, 0x00, 0x00, 0x31, 0x02, 0x00, 0x00, 0x00, 0x00, 0xF8, 0x09, 0x00, 0x00,
    0xF2, 0x0A, 0x00, 0x00, 0x00, 0x10, 0xAE, 0x00, 0x00, 0x00, 0xF1, 0x06, 0x00, 0x00, 0x00, 0x70,
    0x2E, 0x10, 0x00, 0x00, 0xF1, 0x05, 0x00, 0x00, 0x00, 0xE2, 0x07, 0xC0, 0x0A, 0x00, 0xF1, 0x05,
    0x00, 0x00, 0x00, 0xCB, 0x00, 0x30, 0x7E, 0x00, 0xF1, 0x05, 0x00, 0x00, 0x80, 0x2E, 0x00, 0x00,
    0xF6, 0x04, 0xF1, 0x05, 0x00, 0x00, 0xFB, 0x8B, 0x99, 0xBA, 0xFB, 0x1D, 0xF1, 0x05, 0x00, 0x00,
    0xE8, 0xBC, 0x89, 0x57, 0x44, 0x8E, 0xF1, 0x05, 0x00, 0x00, 0x00, 0x00, 0x00, 0x00, 0x00, 0x14,
    0xF1, 0x05, 0x00, 0x00, 0x00, 0x01, 0x00, 0x00, 0x00, 0x01, 0xF1, 0x05, 0x00, 0x00, 0x40, 0xFF,
    0xEF, 0xFE, 0xFF, 0x08, 0xF1, 0x05, 0x00, 0x00, 0x30, 0x6F, 0x33, 0x33, 0xE3, 0x08, 0xF1, 0x05,
    0x00, 0x00, 0x30, 0x4F, 0x00, 0x00, 0xE0, 0x08, 0xF1, 0x05, 0x00, 0x00, 0x30, 0x4F, 0x00, 0x00,
    0xE0, 0x08, 0xF1, 0x05, 0x00, 0x00, 0x30, 0x4F, 0x00, 0x00, 0xE0, 0x08, 0xF1, 0x05, 0x00, 0x00,
    0x30, 0x6F, 0x33, 0x33, 0xE3, 0x08, 0xF1, 0x05, 0x00, 0x45, 0x30, 0xFF, 0xEE, 0xEE, 0xFE, 0x08,
    0xF1, 0x05, 0x00, 0xE8, 0x30, 0x4F, 0x00, 0x00, 0xE0, 0x08, 0xF0, 0x5C, 0x65, 0xAE, 0x40, 0x4F,
    0x00, 0x00, 0xC0, 0x07, 0x70, 0xFD, 0xFF, 0x2C, 0x10, 0x13, 0x00, 0x00, 0x00, 0x00, 0x00, 0x00,
    0x00, 0x00,
    // Unicode: [0x4E69]
    0x00, 0x00, 0x45, 0x00, 0x00, 0x00, 0x00, 0x00, 0x00, 0x00, 0x00, 0x00, 0x00, 0x9F, 0x00, 0x00,
    0x00, 0xE7, 0x07, 0x00, 0x00, 0x00, 0x00, 0x00, 0x7E, 0x00, 0x00, 0x00, 0xF6, 0x02, 0x00, 0x00,
    0x00, 0x00, 0x00, 0x7E, 0x00, 0x00, 0x00, 0xF5, 0x02, 0x00, 0x00, 0x00, 0x00, 0x00, 0x7E, 0x00,
    0x00, 0x01, 0xF4, 0x02, 0x00, 0x00, 0x00, 0x00, 0x00, 0xEE, 0xEE, 0xFE, 0x0A, 0xF4, 0x02, 0x00,
    0x00, 0x00, 0x00, 0x00, 0x8E, 0x33, 0x43, 0x03, 0xF4, 0x02, 0x00, 0x00, 0x00, 0x00, 0x00, 0x7E,
    0x00, 0x00, 0x00, 0xF4, 0x02, 0x00, 0x00, 0x00, 0x00, 0x00, 0x7E, 0x00, 0x00, 0x00, 0xF4, 0x02,
    0x00, 0x00, 0x00, 0x00, 0x00, 0x7E, 0x00, 0x00, 0x00, 0xF4, 0x02, 0x00, 0x00, 0x00, 0x50, 0x44,
    0x9E, 0x44, 0x45, 0x00, 0xF4, 0x02, 0x00, 0x00, 0x00, 0xF0, 0xCD, 0xCC, 0xCC, 0x9F, 0x00, 0xF4,
    0x02, 0x00, 0x00, 0x00, 0xE0, 0x08, 0x00, 0x00, 0x8E, 0x00, 0xF4, 0x02, 0x00, 0x00, 0x00, 0xE0,
    0x08, 0x00, 0x00, 0x8E, 0x00, 0xF4, 0x02, 0x00, 0x00, 0x00, 0xE0, 0x08, 0x00, 0x00, 0x8E, 0x00,
    0xF4, 0x02, 0x00, 0x00, 0x00, 0xE0, 0x08, 0x00, 0x00, 0x8E, 0x00, 0xF4, 0x02, 0x00, 0x00, 0x00,
    0xF0, 0xEF, 0xEE, 0xEE, 0x8F, 0x00, 0xF4, 0x02, 0x00, 0x83, 0x00, 0xF0, 0x29, 0x22, 0x22, 0x9E,
    0x00, 0xF4, 0x03, 0x00, 0xF7, 0x05, 0xF1, 0x08, 0x00, 0x00, 0xAD, 0x00, 0xF2, 0x5B, 0x75, 0xCE,
    0x00, 0x71, 0x03, 0x00, 0x00, 0x00, 0x00, 0x60, 0xFD, 0xEF, 0x2A, 0x00,
    // Unicode: [0x4E6A]
    0xC7, 0xCC, 0xCC, 0xCC, 0x00, 0x00, 0x00, 0x00, 0x00, 0x00, 0x74, 0x66, 0x55, 0xCC, 0xE8, 0xDD,
    0xCC, 0xDC, 0xDD, 0x00, 0x00, 0x00, 0x10, 0x4E, 0xC7, 0x44, 0xE7, 0x44, 0xD8, 0x00, 0x00, 0x00,
    0x60, 0x0C, 0xB7, 0x00, 0xE4, 0x00, 0xD6, 0x00, 0x00, 0x00, 0xB0, 0x06, 0xB7, 0x00, 0xE4, 0x00,
    0xD6, 0x00, 0x00, 0x00, 0xF2, 0x01, 0xB7, 0x00, 0xE4, 0x00, 0xD6, 0x00, 0x00, 0x00, 0xA7, 0x00,
    0xB7, 0x11, 0xE5, 0x11, 0xD7, 0x00, 0x00, 0x00, 0x5C, 0x00, 0xF7, 0xEE, 0xFE, 0xEE, 0xDE, 0x00,
    0x00, 0x30, 0x1F, 0x00, 0xB7, 0x00, 0xE4, 0x00, 0xD6, 0x00, 0x00, 0x80, 0x0B, 0x00, 0xB7, 0x00,
    0xE4, 0x00, 0xD6, 0x00, 0x00, 0xD0, 0x06, 0x00, 0xB8, 0x00, 0xE4, 0x00, 0xD6, 0x00, 0x00, 0xF3,
    0x02, 0x00, 0xB8, 0x00, 0xE4, 0x00, 0xE6, 0x00, 0x00, 0xC7, 0x00, 0x00, 0xF8, 0xEE, 0xFF, 0xEE,
    0xEF, 0x00, 0x00, 0x9A, 0x00, 0x00, 0x32, 0x22, 0x22, 0x22, 0x43, 0x00, 0x00, 0x6D, 0x00, 0x00,
    0x00, 0x00, 0x00, 0x00, 0x00, 0x87, 0x00, 0x9C, 0x00, 0x00, 0x00, 0x00, 0x00, 0x00, 0x00, 0xCC,
    0x00, 0xF7, 0x8C, 0x56, 0x55, 0x55, 0x55, 0x76, 0xD8, 0x5F, 0x00, 0x50, 0xCA, 0xEE, 0xFF, 0xFF,
    0xFF, 0xEF, 0xAD, 0x04,
    // Unicode: [0x4E6B]
    0x00, 0x00, 0x94, 0x03, 0x00, 0x00, 0x00, 0x00, 0x00, 0x00, 0x00, 0x00, 0xF5, 0x01, 0x00, 0x00,
    0x00, 0x00, 0x00, 0x00, 0x00, 0x00, 0xE5, 0x00, 0x00, 0x00, 0x9A, 0x89, 0x99, 0x04, 0xD0, 0xEF,
    0xFE, 0xEE, 0xFE, 0x04, 0xAF, 0x77, 0xE7, 0x06, 0x40, 0x34, 0xB9, 0x22, 0xF4, 0x03, 0x5E, 0x00,
    0xE0, 0x06, 0x00, 0x00, 0x8B, 0x00, 0xF4, 0x01, 0x5E, 0x00, 0xE0, 0x06, 0x00, 0x10, 0x5E, 0x00,
    0xF5, 0x00, 0x5E, 0x00, 0xE0, 0x06, 0x00, 0x70, 0x0E, 0x00, 0xD6, 0x00, 0x5E, 0x00, 0xE0, 0x06,
    0x00, 0xE3, 0x07, 0x00, 0xB9, 0x00, 0x5E, 0x00, 0xE0, 0x06, 0x40, 0xCE, 0x20, 0x99, 0x7F, 0x00,
    0xFF, 0xEE, 0xFE, 0x06, 0xF7, 0x1C, 0x00, 0xCD, 0x07, 0x00, 0x33, 0x22, 0x33, 0x01, 0x80, 0x43,
    0x34, 0x33, 0x33, 0x33, 0x44, 0x65, 0x02, 0x00, 0x00, 0xE7, 0xDD, 0xDD, 0xDD, 0xDD, 0xFF, 0xAF,
    0x02, 0x00, 0x00, 0x00, 0x00, 0x00, 0x00, 0xD5, 0x7E, 0x01, 0x00, 0x00, 0x00, 0x00, 0x00, 0x00,
    0xC5, 0x6D, 0x01, 0x00, 0x00, 0x00, 0x00, 0x00, 0x00, 0xC5, 0x6D, 0x00, 0x00, 0x00, 0x00, 0x00,
    0x00, 0x00, 0xC4, 0x7E, 0x00, 0x00, 0x00, 0x00, 0x30, 0x16, 0x00, 0x91, 0x7E, 0x01, 0x00, 0x00,
    0x00, 0x00, 0x90, 0x2F, 0x00, 0xF7, 0x38, 0x23, 0x22, 0x22, 0x32, 0x43, 0xF8, 0x0A, 0x00, 0xA1,
    0xFD, 0xFF, 0xFF, 0xFF, 0xFF, 0xEF, 0x8D, 0x00, 0x00, 0x00, 0x00, 0x11, 0x22, 0x11, 0x11, 0x00,
    0x00, 0x00,
    // Unicode: [0x4E6C]
    0x10, 0x01, 0x00, 0x00, 0x00, 0x00, 0x00, 0x10, 0x01, 0x00, 0xF1, 0xEE, 0xEE, 0xEE, 0xEE, 0xEE,
    0xEE, 0xEE, 0x2E, 0x00, 0xF0, 0x05, 0x00, 0x00, 0x00, 0x00, 0x00, 0x00, 0x00, 0x00, 0xF0, 0x37,
    0x33, 0x33, 0x33, 0x43, 0x54, 0x25, 0x00, 0x00, 0xF0, 0xBC, 0xBB, 0xBB, 0xBB, 0xBB, 0xBB, 0x4F,
    0x00, 0x00, 0xF0, 0x05, 0x00, 0x00, 0x00, 0x00, 0x20, 0x4F, 0x00, 0x00, 0xF0, 0xEF, 0xEE, 0xEE,
    0xEE, 0xEE, 0xEE, 0x5F, 0x00, 0x00, 0xF0, 0x05, 0x00, 0x00, 0x00, 0x00, 0x11, 0x12, 0x00, 0x00,
    0xF1, 0x26, 0x22, 0x22, 0x22, 0x22, 0x22, 0x22, 0x12, 0x00, 0xD1, 0xDD, 0xDD, 0xDD, 0xDD, 0xDD,
    0xDD, 0xDD, 0x8E, 0x00, 0x00, 0x00, 0x00, 0x00, 0x00, 0x00, 0x00, 0x00, 0x00, 0x00, 0xE4, 0xDE,
    0xDD, 0xDD, 0xDD, 0xDD, 0xEE, 0xEF, 0x00, 0x00, 0x42, 0x33, 0x23, 0x22, 0x42, 0xEA, 0x8D, 0x35,
    0x00, 0x00, 0x00, 0x00, 0x00, 0x61, 0xEC, 0x39, 0x00, 0x00, 0x00, 0x00, 0x00, 0x00, 0x93, 0xDE,
    0x17, 0x00, 0x00, 0x00, 0x30, 0x00, 0x00, 0xB4, 0xBF, 0x05, 0x00, 0x00, 0x00, 0x00, 0xF2, 0x07,
    0x90, 0xAF, 0x03, 0x00, 0x00, 0x00, 0x00, 0x00, 0xF7, 0x04, 0xF1, 0x4C, 0x23, 0x11, 0x11, 0x21,
    0x32, 0x95, 0xAF, 0x00, 0x50, 0xEB, 0xFF, 0xFF, 0xFF, 0xFF, 0xEE, 0xBD, 0x06, 0x00, 0x00, 0x00,
    0x10, 0x11, 0x01, 0x00, 0x00, 0x00, 0x00, 0x00,
    // Unicode: [0x4E6D]
    0x40, 0x33, 0x22, 0x22, 0x11, 0x11, 0x21, 0x22, 0x33, 0x14, 0xE0, 0xFF, 0xFF, 0xFE, 0xDE, 0xED,
    0xEE, 0xEE, 0xFF, 0x4F, 0x20, 0x11, 0x00, 0xD5, 0x01, 0x00, 0x00, 0x00, 0x00, 0x01, 0x00, 0x00,
    0x30, 0x4E, 0x11, 0x11, 0x11, 0x21, 0x02, 0x00, 0x00, 0x00, 0xE4, 0xEE, 0xEE, 0xEE, 0xEE, 0xFE,
    0x0A, 0x00, 0x00, 0x70, 0xFF, 0x02, 0x00, 0x00, 0x00, 0xB0, 0x09, 0x00, 0x30, 0xEB, 0xF6, 0x02,
    0x00, 0x00, 0x00, 0xB0, 0x09, 0x00, 0xF9, 0x2C, 0xF2, 0x13, 0x11, 0x11, 0x11, 0xB1, 0x09, 0x00,
    0x71, 0x00, 0xF2, 0xFF, 0xEF, 0xEE, 0xFF, 0xFF, 0x0A, 0x00, 0x00, 0x00, 0x10, 0x00, 0x00, 0x00,
    0x00, 0x10, 0x01, 0x00, 0x00, 0x55, 0x55, 0x44, 0x44, 0x55, 0x55, 0x66, 0x00, 0x00, 0x00, 0xCC,
    0xBC, 0xBB, 0xBB, 0xDB, 0xFF, 0xBF, 0x00, 0x00, 0x00, 0x00, 0x00, 0x00, 0x30, 0xF9, 0x5B, 0x01,
    0x00, 0x00, 0x00, 0x00, 0x00, 0x40, 0xFB, 0x39, 0x00, 0x00, 0x00, 0x00, 0x00, 0x00, 0x40, 0xEC,
    0x28, 0x00, 0x00, 0x00, 0x00, 0x00, 0x00, 0x30, 0xEB, 0x18, 0x00, 0x00, 0x00, 0x00, 0x50, 0x19,
    0x00, 0xF8, 0x18, 0x00, 0x00, 0x00, 0x00, 0x00, 0xA0, 0x1F, 0x10, 0xCF, 0x24, 0x12, 0x11, 0x11,
    0x21, 0x43, 0xF9, 0x09, 0x00, 0xC6, 0xFE, 0xFF, 0xFF, 0xFF, 0xFF, 0xEF, 0x8D, 0x00, 0x00, 0x00,
    0x00, 0x11, 0x11, 0x11, 0x01, 0x00, 0x00, 0x00,
    // Unicode: [0x4E6E]
    0x00, 0x00, 0x31, 0x85, 0x8C, 0x10, 0x22, 0x11, 0x22, 0x02, 0x00, 0xFE, 0xEF, 0x9B, 0x67, 0x50,
    0xFF, 0xFF, 0xFF, 0x08, 0x00, 0x6E, 0x01, 0x10, 0x58, 0x40, 0x0E, 0x00, 0xD0, 0x06, 0x00, 0x4E,
    0x00, 0x10, 0x4F, 0x40, 0x0E, 0x00, 0xD0, 0x06, 0x00, 0x4E, 0x00, 0x20, 0x2F, 0x40, 0x0E, 0x00,
    0xD0, 0x06, 0x00, 0x7F, 0xA6, 0xFD, 0x1F, 0x40, 0x0E, 0x00, 0xD0, 0x06, 0x70, 0xEF, 0x7B, 0x73,
    0x0B, 0x40, 0x0E, 0x86, 0xF9, 0x03, 0x10, 0x05, 0x00, 0xE4, 0x03, 0x40, 0x0E, 0xC5, 0x4A, 0x00,
    0x00, 0x00, 0x92, 0x5E, 0x00, 0x50, 0x0E, 0x00, 0x00, 0x00, 0x41, 0xC7, 0x9F, 0x02, 0x00, 0x60,
    0x0E, 0x00, 0x00, 0x00, 0xC1, 0xAC, 0x13, 0x11, 0x11, 0x31, 0x25, 0x32, 0x01, 0x00, 0x00, 0xF0,
    0xFF, 0xFF, 0xEE, 0xEE, 0xFF, 0xEF, 0x04, 0x00, 0x00, 0x20, 0x00, 0x00, 0x00, 0xA4, 0x7C, 0x03,
    0x00, 0x00, 0x00, 0x00, 0x00, 0x10, 0xD7, 0x4A, 0x00, 0x00, 0x00, 0x00, 0x00, 0x00, 0x20, 0xE9,
    0x28, 0x00, 0x00, 0x00, 0x00, 0x00, 0x00, 0x20, 0xEA, 0x18, 0x00, 0x00, 0x00, 0x00, 0xC0, 0x05,
    0x00, 0xE3, 0x2A, 0x00, 0x00, 0x00, 0x00, 0x00, 0xF4, 0x05, 0x00, 0xF9, 0x47, 0x23, 0x22, 0x32,
    0x54, 0x96, 0xDE, 0x00, 0x00, 0x91, 0xDC, 0xFE, 0xFF, 0xFF, 0xEE, 0xBD, 0x17, 0x00,
    // Unicode: [0x4E6F]
    0x00, 0x22, 0x11, 0x11, 0x21, 0x43, 0x75, 0xA8, 0x2C, 0x00, 0x00, 0xF5, 0xFF, 0xEF, 0xDD, 0xCF,
    0x9A, 0x88, 0x68, 0x00, 0x00, 0x40, 0x05, 0x00, 0x40, 0x2F, 0x00, 0x50, 0x4D, 0x00, 0x00, 0x30,
    0x9D, 0x00, 0x40, 0x2F, 0x00, 0xE6, 0x16, 0x00, 0x00, 0x00, 0xB1, 0x04, 0x40, 0x2F, 0x30, 0x2B,
    0x00, 0x00, 0xFC, 0xEE, 0xEE, 0xDE, 0xED, 0xEF, 0xDD, 0xEE, 0xEE, 0xFF, 0x33, 0x33, 0x22, 0x22,
    0x62, 0x4F, 0x22, 0x22, 0x33, 0x33, 0x00, 0x00, 0x00, 0x00, 0x40, 0x2F, 0x00, 0x00, 0x00, 0x00,
    0x00, 0x00, 0x00, 0x13, 0x71, 0x2F, 0x00, 0x00, 0x00, 0x00, 0x00, 0x00, 0x00, 0xF9, 0xFF, 0x0A,
    0x00, 0x00, 0x00, 0x00, 0x00, 0x11, 0x11, 0x42, 0x13, 0x11, 0x11, 0x32, 0x02, 0x00, 0x00, 0xFB,
    0xFF, 0xFF, 0xFF, 0xFF, 0xFF, 0xFF, 0x0A, 0x00, 0x00, 0x12, 0x00, 0x00, 0x00, 0xA4, 0xCF, 0x27,
    0x00, 0x00, 0x00, 0x00, 0x00, 0x10, 0xD6, 0x9F, 0x03, 0x00, 0x00, 0x00, 0x00, 0x00, 0x10, 0xE8,
    0x8E, 0x01, 0x00, 0x00, 0x10, 0x01, 0x00, 0x10, 0xE8, 0x6D, 0x00, 0x00, 0x00, 0x00, 0x50, 0x3D,
    0x00, 0xD3, 0x5D, 0x00, 0x00, 0x00, 0x00, 0x00, 0xA0, 0x1E, 0x00, 0xFA, 0x26, 0x11, 0x00, 0x00,
    0x11, 0x42, 0xF9, 0x07, 0x00, 0xA2, 0xFE, 0xFF, 0xFF, 0xFF, 0xFF, 0xEF, 0x6C, 0x00, 0x00, 0x00,
    0x10, 0x21, 0x11, 0x11, 0x01, 0x00, 0x00, 0x00,
    // Unicode: [0x4E70]
    0x20, 0xFF, 0xEE, 0xEE, 0xDD, 0xDD, 0xDD, 0xEE, 0xEE, 0x4F, 0x10, 0x56, 0x44, 0x33, 0x33, 0x33,
    0x33, 0x33, 0xD3, 0x0C, 0x00, 0x00, 0x00, 0x00, 0x00, 0x20, 0x12, 0x00, 0xF5, 0x04, 0x00, 0x00,
    0xB0, 0x18, 0x00, 0x70, 0x4F, 0x00, 0xBD, 0x00, 0x00, 0x00, 0x40, 0xED, 0x05, 0x60, 0x0F, 0x50,
    0x4F, 0x00, 0x00, 0x00, 0x00, 0x70, 0x7F, 0x50, 0x0E, 0x00, 0x03, 0x00, 0x00, 0x70, 0x06, 0x00,
    0x24, 0x60, 0x0D, 0x00, 0x00, 0x00, 0x00, 0x70, 0xDE, 0x04, 0x00, 0x70, 0x0C, 0x00, 0x00, 0x00,
    0x00, 0x00, 0x91, 0xAF, 0x01, 0xA0, 0x0A, 0x00, 0x00, 0x00, 0x00, 0x00, 0x00, 0xC4, 0x01, 0xE0,
    0x06, 0x00, 0x00, 0x00, 0x50, 0x55, 0x44, 0x44, 0x44, 0xF6, 0x45, 0x44, 0x54, 0x55, 0xF1, 0xEE,
    0xEE, 0xEE, 0xED, 0xEF, 0xDD, 0xEE, 0xEE, 0xCE, 0x00, 0x00, 0x00, 0x00, 0x70, 0x3F, 0x00, 0x00,
    0x00, 0x00, 0x00, 0x00, 0x00, 0x00, 0xF5, 0x07, 0x78, 0x01, 0x00, 0x00, 0x00, 0x00, 0x00, 0x70,
    0x9F, 0x00, 0xD5, 0x7E, 0x00, 0x00, 0x00, 0x00, 0x40, 0xFC, 0x07, 0x00, 0x00, 0xE7, 0x4D, 0x00,
    0x00, 0x51, 0xFC, 0x3C, 0x00, 0x00, 0x00, 0x10, 0xFB, 0x19, 0x90, 0xFF, 0x5C, 0x00, 0x00, 0x00,
    0x00, 0x00, 0x70, 0x4F, 0x10, 0x4A, 0x00, 0x00, 0x00, 0x00, 0x00, 0x00, 0x00, 0x01,
    // Unicode: [0x4E71]
    0x00, 0x00, 0x00, 0x00, 0x00, 0x00, 0x71, 0x04, 0x00, 0x00, 0x00, 0x00, 0x00, 0x00, 0x20, 0x95,
    0x04, 0xF1, 0x07, 0x00, 0x00, 0x00, 0xA1, 0xBA, 0xDC, 0xFE, 0xBD, 0x09, 0xF1, 0x04, 0x00, 0x00,
    0x00, 0x80, 0x79, 0x96, 0x0E, 0x00, 0x00, 0xF0, 0x04, 0x00, 0x00, 0x00, 0x00, 0x00, 0x60, 0x0E,
    0x00, 0x00, 0xF0, 0x04, 0x00, 0x00, 0x00, 0x00, 0x00, 0x60, 0x0E, 0x00, 0x00, 0xF0, 0x04, 0x00,
    0x00, 0x00, 0x00, 0x00, 0x60, 0x0E, 0x00, 0x00, 0xF1, 0x04, 0x00, 0x00, 0x00, 0xEF, 0xDE, 0xED,
    0xDF, 0xED, 0xFE, 0xF4, 0x04, 0x00, 0x00, 0x00, 0x46, 0x34, 0x83, 0x3E, 0x33, 0x54, 0xF2, 0x04,
    0x00, 0x00, 0x00, 0x00, 0x00, 0x60, 0x0E, 0x00, 0x00, 0xF0, 0x04, 0x00, 0x00, 0x00, 0x00, 0x00,
    0x60, 0x0E, 0x00, 0x00, 0xF0, 0x04, 0x00, 0x00, 0x00, 0x10, 0x22, 0x72, 0x1E, 0x21, 0x01, 0xF0,
    0x04, 0x00, 0x00, 0x00, 0x40, 0xEF, 0xEE, 0xEE, 0xFE, 0x07, 0xF0, 0x04, 0x00, 0x00, 0x00, 0x30,
    0x1F, 0x00, 0x00, 0xE0, 0x06, 0xF0, 0x04, 0x00, 0x00, 0x00, 0x30, 0x1F, 0x00, 0x00, 0xE0, 0x06,
    0xF0, 0x04, 0x00, 0x00, 0x00, 0x30, 0x1F, 0x00, 0x00, 0xE0, 0x06, 0xF0, 0x04, 0x00, 0x00, 0x00,
    0x30, 0x1F, 0x00, 0x00, 0xE0, 0x06, 0xF0, 0x04, 0x00, 0x12, 0x00, 0x30, 0x5F, 0x44, 0x44, 0xE4,
    0x06, 0xF0, 0x04, 0x00, 0xD7, 0x01, 0x40, 0xBF, 0xBB, 0xBB, 0xFB, 0x07, 0xF0, 0x5B, 0x74, 0xCE,
    0x00, 0x50, 0x1E, 0x00, 0x00, 0xE0, 0x09, 0x70, 0xFD, 0xEF, 0x2B, 0x00,
    // Unicode: [0x4E72]
    0x00, 0x00, 0x00, 0x00, 0x60, 0x01, 0x00, 0x00, 0x00, 0x00, 0x60, 0x07, 0x00, 0x00, 0xF1, 0x09,
    0x00, 0x00, 0x00, 0x00, 0x70, 0xDE, 0x04, 0x00, 0xD7, 0x22, 0x22, 0x32, 0x43, 0x04, 0x00, 0xA1,
    0x7F, 0x10, 0xEE, 0xFE, 0xEF, 0xEE, 0xFF, 0x06, 0x00, 0x00, 0x36, 0xA0, 0x0C, 0x80, 0x09, 0x00,
    0xD9, 0x00, 0x00, 0x00, 0x00, 0xF8, 0x03, 0xC0, 0x0B, 0x20, 0x5F, 0x00, 0x00, 0x00, 0x58, 0x52,
    0x00, 0xE3, 0x6C, 0x20, 0x07, 0x00, 0x00, 0x60, 0x4E, 0x00, 0x10, 0x7C, 0xE2, 0x05, 0x00, 0x00,
    0x00, 0xE6, 0x04, 0x00, 0xC2, 0x0B, 0x40, 0x8E, 0x01, 0x00, 0x80, 0x4F, 0x00, 0x81, 0xAF, 0x01,
    0x00, 0xD3, 0x9E, 0x04, 0xFA, 0x05, 0x60, 0xEF, 0x05, 0x00, 0x00, 0x00, 0xE7, 0x1D, 0x62, 0x00,
    0x00, 0x16, 0x00, 0x00, 0x00, 0x10, 0x10, 0x02, 0x00, 0xF9, 0xEF, 0xEE, 0xEE, 0xFE, 0xFF, 0xFF,
    0x03, 0x00, 0x00, 0x33, 0x23, 0x22, 0x22, 0xB5, 0xAF, 0x14, 0x00, 0x00, 0x00, 0x00, 0x00, 0x00,
    0xB4, 0x8E, 0x01, 0x00, 0x00, 0x00, 0x00, 0x00, 0x00, 0xC5, 0x7E, 0x01, 0x00, 0x00, 0x00, 0x00,
    0x00, 0x00, 0xC5, 0x7E, 0x01, 0x00, 0x00, 0x00, 0x40, 0x16, 0x00, 0xB1, 0x7E, 0x00, 0x00, 0x00,
    0x00, 0x00, 0x90, 0x1F, 0x00, 0xF9, 0x38, 0x22, 0x22, 0x22, 0x32, 0x53, 0xF8, 0x08, 0x00, 0x92,
    0xEC, 0xFF, 0xFF, 0xFF, 0xFF, 0xDE, 0x6B, 0x00,
    // Unicode: [0x4E73]
    0x00, 0x00, 0x00, 0x00, 0x00, 0x01, 0x30, 0x01, 0x00, 0x00, 0x00, 0x00, 0x00, 0x10, 0x52, 0xB8,
    0x5F, 0xF0, 0x0C, 0x00, 0x00, 0x00, 0xD5, 0xED, 0xFE, 0xDF, 0x8A, 0x76, 0xE0, 0x07, 0x00, 0x00,
    0x00, 0x80, 0x57, 0x44, 0x00, 0x00, 0x14, 0xE0, 0x07, 0x00, 0x00, 0x00, 0x30, 0x05, 0xE1, 0x07,
    0x00, 0xDE, 0xE2, 0x07, 0x00, 0x00, 0x00, 0x70, 0x2E, 0x70, 0x2E, 0x60, 0x3E, 0xE0, 0x07, 0x00,
    0x00, 0x00, 0x00, 0xAC, 0x10, 0x9E, 0xE1, 0x06, 0xE0, 0x07, 0x00, 0x00, 0x00, 0x00, 0xE5, 0x01,
    0x14, 0xCA, 0x00, 0xE0, 0x07, 0x00, 0x00, 0x00, 0x30, 0x43, 0x22, 0x22, 0x56, 0x13, 0xE0, 0x07,
    0x00, 0x00, 0x00, 0xE0, 0xFF, 0xEE, 0xEE, 0xFF, 0x2F, 0xE0, 0x07, 0x00, 0x00, 0x00, 0x10, 0x00,
    0x00, 0x30, 0x9D, 0x01, 0xE0, 0x07, 0x00, 0x00, 0x00, 0x00, 0x00, 0x00, 0xE6, 0x06, 0x00, 0xE0,
    0x07, 0x00, 0x00, 0x00, 0x00, 0x00, 0x00, 0x8E, 0x30, 0xB7, 0xE4, 0x07, 0x00, 0x00, 0x00, 0x00,
    0x00, 0x52, 0xDE, 0xFE, 0x9C, 0xE2, 0x07, 0x00, 0x00, 0x00, 0xA8, 0xFC, 0xDF, 0xAF, 0x03, 0x00,
    0xE0, 0x07, 0x00, 0x00, 0x00, 0xCA, 0x48, 0x01, 0x8E, 0x00, 0x00, 0xE0, 0x07, 0x00, 0x01, 0x00,
    0x00, 0x00, 0x00, 0x8E, 0x00, 0x00, 0xE0, 0x07, 0x00, 0xB3, 0x01, 0x00, 0x00, 0x00, 0x8E, 0x00,
    0x00, 0xE0, 0x07, 0x00, 0xF7, 0x02, 0x00, 0x70, 0xA9, 0x6F, 0x00, 0x00, 0xD0, 0x8D, 0x98, 0xBF,
    0x00, 0x00, 0x50, 0xDF, 0x18, 0x00, 0x00, 0x70, 0xFD, 0xEF, 0x1A, 0x00,
    // Unicode: [0x4E74]
    0x00, 0x00, 0x71, 0x04, 0x00, 0x00, 0x00, 0x00, 0x00, 0x00, 0x00, 0x00, 0xF1, 0x05, 0x00, 0x00,
    0x10, 0x63, 0xD9, 0x07, 0x11, 0x00, 0xF0, 0x02, 0x10, 0xEC, 0xEF, 0xAC, 0x89, 0x08, 0xF6, 0xEF,
    0xFE, 0xFE, 0x6F, 0x9C, 0x00, 0x00, 0x00, 0x00, 0x21, 0x12, 0xF1, 0x13, 0x12, 0x8B, 0x00, 0x00,
    0x00, 0x00, 0x00, 0x00, 0xF0, 0xA8, 0x4D, 0xEB, 0xCC, 0xCC, 0xCC, 0xCC, 0x62, 0xB8, 0xFE, 0x59,
    0x01, 0x8C, 0x22, 0x92, 0x2B, 0x33, 0xF1, 0x7B, 0xF3, 0x02, 0x00, 0x4E, 0x00, 0x80, 0x0B, 0x00,
    0x10, 0x00, 0xF0, 0x02, 0x50, 0x1E, 0x00, 0x80, 0x0B, 0x00, 0x00, 0x63, 0xF7, 0x02, 0xD1, 0x08,
    0x00, 0x90, 0x0B, 0x00, 0x00, 0xF2, 0x9F, 0x10, 0xEC, 0x01, 0x00, 0x90, 0x0C, 0x00, 0x00, 0x10,
    0x00, 0x00, 0x44, 0x00, 0x00, 0x30, 0x04, 0x00, 0x20, 0xEF, 0xEE, 0xEE, 0xEE, 0xEE, 0xFE, 0xFF,
    0x0B, 0x00, 0x10, 0x23, 0x22, 0x22, 0x22, 0x93, 0xDF, 0x38, 0x01, 0x00, 0x00, 0x00, 0x00, 0x00,
    0x82, 0xBE, 0x04, 0x00, 0x00, 0x00, 0x00, 0x00, 0x00, 0x92, 0xAE, 0x03, 0x00, 0x00, 0x00, 0x00,
    0x00, 0x00, 0x92, 0x9E, 0x02, 0x00, 0x00, 0x00, 0x00, 0x18, 0x00, 0x60, 0x9E, 0x02, 0x00, 0x00,
    0x00, 0x00, 0x50, 0x3F, 0x00, 0xF3, 0x3B, 0x22, 0x11, 0x11, 0x21, 0x43, 0xE7, 0x0B, 0x00, 0x90,
    0xED, 0xFF, 0xFF, 0xFF, 0xFF, 0xEF, 0x8D, 0x01, 0x00, 0x00, 0x00, 0x10, 0x11, 0x11, 0x01, 0x00,
    0x00, 0x00,
    // Unicode: [0x4E75]
    0x00, 0x00, 0x37, 0x00, 0x00, 0x00, 0x31, 0x02, 0x00, 0x00, 0x00, 0x00, 0x00, 0xD9, 0x01, 0x00,
    0x00, 0xF4, 0x07, 0x00, 0x00, 0x00, 0x00, 0x00, 0xD0, 0x08, 0x00, 0x00, 0xF4, 0x03, 0x00, 0x00,
    0x00, 0x50, 0x34, 0x62, 0x36, 0x43, 0x04, 0xF4, 0x02, 0x00, 0x00, 0x00, 0xF1, 0xDE, 0xDD, 0xDD,
    0xEE, 0x0B, 0xF4, 0x01, 0x00, 0x00, 0x00, 0x00, 0x12, 0x00, 0x00, 0x17, 0x00, 0xF4, 0x01, 0x00,
    0x00, 0x00, 0x00, 0xCA, 0x00, 0x40, 0x7F, 0x00, 0xF4, 0x01, 0x00, 0x00, 0x00, 0x00, 0xD1, 0x08,
    0xA0, 0x0A, 0x00, 0xF4, 0x01, 0x00, 0x00, 0x00, 0x00, 0x50, 0x0B, 0xE2, 0x02, 0x00, 0xF4, 0x01,
    0x00, 0x00, 0x00, 0x56, 0x44, 0x44, 0xBA, 0x54, 0x25, 0xF4, 0x01, 0x00, 0x00, 0x00, 0xCD, 0xCC,
    0xEC, 0xCE, 0xCC, 0x4D, 0xF4, 0x01, 0x00, 0x00, 0x00, 0x00, 0x00, 0xA0, 0x09, 0x00, 0x00, 0xF4,
    0x01, 0x00, 0x00, 0x00, 0x00, 0x00, 0xA0, 0x09, 0x00, 0x00, 0xF4, 0x01, 0x00, 0x00, 0x00, 0x40,
    0x23, 0xA2, 0x29, 0x32, 0x04, 0xF4, 0x01, 0x00, 0x00, 0x00, 0xF0, 0xFF, 0xFF, 0xFF, 0xFF, 0x0E,
    0xF4, 0x01, 0x00, 0x00, 0x00, 0x20, 0x01, 0xA0, 0x09, 0x10, 0x02, 0xF4, 0x01, 0x00, 0x00, 0x00,
    0x00, 0x00, 0xA0, 0x09, 0x00, 0x00, 0xF4, 0x01, 0x00, 0x31, 0x00, 0x00, 0x00, 0xA0, 0x09, 0x00,
    0x00, 0xF3, 0x02, 0x00, 0xF4, 0x03, 0x00, 0x00, 0xA0, 0x09, 0x00, 0x00, 0xF3, 0x49, 0x54, 0xDB,
    0x00, 0x00, 0x00, 0xB0, 0x0A, 0x00, 0x00, 0xA0, 0xFE, 0xEF, 0x4C, 0x00,
    // Unicode: [0x4E76]
    0x00, 0x00, 0x00, 0x00, 0xA7, 0x02, 0x20, 0x3E, 0x00, 0x00, 0x00, 0x00, 0x00, 0x00, 0xD8, 0x00,
    0x00, 0xB9, 0x00, 0x00, 0xE9, 0xDD, 0xCC, 0xCC, 0xFD, 0xCC, 0xCC, 0xFD, 0xDD, 0x09, 0x43, 0x34,
    0x33, 0x23, 0xD8, 0x22, 0x33, 0x33, 0x44, 0x03, 0x00, 0x33, 0x22, 0x22, 0xD7, 0x22, 0x22, 0x33,
    0x01, 0x00, 0x00, 0xDE, 0xCC, 0xCC, 0xFD, 0xCC, 0xCC, 0xFC, 0x05, 0x00, 0x00, 0x6D, 0x00, 0x00,
    0xD6, 0x00, 0x00, 0xF0, 0x04, 0x00, 0x00, 0xED, 0xEE, 0xEE, 0xFE, 0xEE, 0xEE, 0xFE, 0x04, 0x00,
    0x00, 0x6D, 0x00, 0x00, 0xD6, 0x00, 0x00, 0xF0, 0x04, 0x00, 0x00, 0xED, 0xDD, 0xDD, 0xFE, 0xDD,
    0xDD, 0xFD, 0x04, 0x00, 0x00, 0x6E, 0x00, 0x00, 0xE8, 0x00, 0x00, 0xF0, 0x04, 0x00, 0x00, 0x5E,
    0x00, 0x00, 0xB6, 0x00, 0x00, 0xE0, 0x05, 0x00, 0x20, 0x34, 0x23, 0x22, 0x22, 0x33, 0x43, 0x45,
    0x00, 0x00, 0x60, 0xDE, 0xCC, 0xCC, 0xCC, 0xDC, 0xFF, 0xAF, 0x00, 0x00, 0x00, 0x00, 0x00, 0x00,
    0x72, 0xEC, 0x6A, 0x02, 0x00, 0x00, 0x00, 0x00, 0x10, 0xB6, 0xAF, 0x15, 0x00, 0x00, 0x10, 0x00,
    0x00, 0x30, 0xFA, 0x6B, 0x01, 0x00, 0x00, 0x00, 0xD0, 0x06, 0x00, 0xFA, 0x28, 0x00, 0x00, 0x00,
    0x00, 0x00, 0xF5, 0x05, 0x20, 0xBF, 0x45, 0x33, 0x22, 0x22, 0x43, 0x85, 0xBE, 0x00, 0x00, 0xB6,
    0xED, 0xFF, 0xFF, 0xEF, 0xDE, 0xBC, 0x07, 0x00,
    // Unicode: [0x4E77]
    0x00, 0x00, 0x00, 0x00, 0x00, 0x40, 0x02, 0x00, 0x00, 0x00, 0x50, 0x3B, 0x00, 0x00, 0x00, 0xF0,
    0x05, 0x00, 0x00, 0x00, 0x10, 0xE7, 0x19, 0x20, 0x16, 0xF0, 0x04, 0x57, 0x00, 0x00, 0x15, 0x10,
    0x3A, 0x60, 0x1E, 0xF0, 0x04, 0xE4, 0x03, 0x00, 0xEA, 0x06, 0x00, 0xA0, 0x08, 0xF0, 0x04, 0x60,
    0x1E, 0x00, 0x40, 0x9E, 0x00, 0xE1, 0x02, 0xF0, 0x04, 0x00, 0xBB, 0x00, 0x00, 0x32, 0x04, 0xB8,
    0x00, 0xF0, 0x04, 0x42, 0xC2, 0x02, 0x00, 0x90, 0x1D, 0x5B, 0x00, 0xB1, 0x64, 0xEE, 0x02, 0x00,
    0x00, 0xCA, 0x01, 0x00, 0x00, 0x72, 0xCD, 0x06, 0x00, 0x00, 0xC2, 0x1C, 0x53, 0x86, 0xDA, 0xAE,
    0x04, 0x00, 0x00, 0x00, 0xC8, 0x01, 0xE4, 0x9B, 0x37, 0x00, 0x00, 0x00, 0x00, 0x00, 0x30, 0x22,
    0x22, 0x22, 0x22, 0x22, 0x32, 0x14, 0x00, 0x00, 0xE0, 0xEF, 0xDD, 0xDD, 0xDD, 0xED, 0xFF, 0x3F,
    0x00, 0x00, 0x00, 0x00, 0x00, 0x00, 0x40, 0xFA, 0x5B, 0x01, 0x00, 0x00, 0x00, 0x00, 0x00, 0x61,
    0xED, 0x29, 0x00, 0x00, 0x00, 0x00, 0x00, 0x00, 0x81, 0xDE, 0x17, 0x00, 0x00, 0x00, 0x00, 0x00,
    0x00, 0x81, 0xCE, 0x05, 0x00, 0x00, 0x00, 0x00, 0xB0, 0x04, 0x20, 0xCD, 0x04, 0x00, 0x00, 0x00,
    0x00, 0x00, 0xF5, 0x04, 0x60, 0x8F, 0x34, 0x12, 0x11, 0x01, 0x11, 0x52, 0xBE, 0x00, 0x00, 0xC8,
    0xFE, 0xFF, 0xFF, 0xFF, 0xFF, 0xEF, 0x1A, 0x00, 0x00, 0x00, 0x00, 0x10, 0x11, 0x11, 0x11, 0x01,
    0x00, 0x00,
    // Unicode: [0x4E78]
    0x00, 0x00, 0x11, 0x00, 0x00, 0x00, 0x00, 0x00, 0x00, 0x00, 0x00, 0x00, 0xF5, 0x05, 0x00, 0x20,
    0x22, 0x22, 0x23, 0x00, 0x00, 0x00, 0xF4, 0x00, 0x00, 0xC0, 0xDE, 0xDD, 0x8E, 0x00, 0x10, 0x12,
    0xF4, 0x00, 0x00, 0xD0, 0x03, 0x01, 0x89, 0x00, 0x50, 0x4F, 0xF3, 0x00, 0x00, 0xE0, 0x82, 0x08,
    0x79, 0x00, 0x40, 0x0F, 0xF3, 0x00, 0x02, 0xE0, 0x12, 0x2E, 0x7A, 0x00, 0x40, 0x0F, 0xF3, 0xC7,
    0x1F, 0xF0, 0x01, 0x48, 0x7A, 0x00, 0x40, 0x7F, 0xFC, 0x6A, 0x4F, 0xF9, 0x78, 0x77, 0xBD, 0x28,
    0xC7, 0xAF, 0xF8, 0x10, 0x3F, 0xF8, 0x77, 0x77, 0xAD, 0x27, 0x98, 0x0F, 0xF3, 0x10, 0x1F, 0xF2,
    0x80, 0x00, 0x5B, 0x00, 0x40, 0x0F, 0xF3, 0x10, 0x1F, 0xE2, 0xA0, 0x07, 0x5C, 0x00, 0x40, 0x0F,
    0xF3, 0x10, 0x1F, 0xE3, 0x30, 0x1E, 0x5C, 0x00, 0x40, 0x0F, 0xF3, 0x10, 0x1F, 0xD3, 0x00, 0x16,
    0x4D, 0x00, 0x40, 0x0F, 0xF3, 0x20, 0x1F, 0xE4, 0x99, 0x99, 0xBE, 0x08, 0x40, 0x0F, 0xF3, 0xC5,
    0x0E, 0x72, 0x66, 0x66, 0x8E, 0x05, 0x40, 0x0F, 0xF4, 0x83, 0x04, 0x00, 0x00, 0x10, 0x2F, 0x00,
    0x40, 0x0F, 0xB4, 0x01, 0x00, 0x00, 0x30, 0xC9, 0x0A, 0x44, 0x40, 0x0F, 0x00, 0x00, 0x00, 0x00,
    0x10, 0x48, 0x00, 0xCB, 0x30, 0x7F, 0x34, 0x33, 0x22, 0x22, 0x33, 0x43, 0x95, 0x4F, 0x10, 0xEB,
    0xFE, 0xFF, 0xFF, 0xFF, 0xFF, 0xFF, 0xDE, 0x06, 0x00, 0x00, 0x00, 0x00, 0x11, 0x11, 0x11, 0x00,
    0x00, 0x00,
    // Unicode: [0x4E79]
    0x00, 0x00, 0x30, 0x24, 0x00, 0x00, 0x01, 0x00, 0x00, 0x00, 0x00, 0x00, 0x70, 0x1F, 0x00, 0x00,
    0xE2, 0x09, 0x00, 0x00, 0x00, 0x00, 0x60, 0x0E, 0x00, 0x00, 0xF1, 0x05, 0x00, 0x00, 0xF4, 0xDE,
    0xED, 0xDF, 0xED, 0xBE, 0xF1, 0x05, 0x00, 0x00, 0x41, 0x34, 0x83, 0x3E, 0x43, 0x44, 0xF1, 0x05,
    0x00, 0x00, 0x10, 0x01, 0x60, 0x0E, 0x00, 0x01, 0xF1, 0x05, 0x00, 0x00, 0x60, 0xFF, 0xEE, 0xEF,
    0xFE, 0x07, 0xF1, 0x05, 0x00, 0x00, 0x50, 0x1E, 0x11, 0x11, 0xE1, 0x06, 0xF1, 0x05, 0x00, 0x00,
    0x50, 0x0E, 0x00, 0x00, 0xE0, 0x06, 0xF1, 0x05, 0x00, 0x00, 0x50, 0xEF, 0xEE, 0xEE, 0xFE, 0x06,
    0xF1, 0x05, 0x00, 0x00, 0x50, 0x1E, 0x11, 0x11, 0xE1, 0x06, 0xF1, 0x05, 0x00, 0x00, 0x50, 0x0E,
    0x00, 0x00, 0xE0, 0x06, 0xF1, 0x05, 0x00, 0x00, 0x60, 0xEF, 0xEE, 0xEE, 0xFE, 0x07, 0xF1, 0x05,
    0x00, 0x00, 0x10, 0x12, 0x81, 0x1E, 0x21, 0x01, 0xF1, 0x05, 0x00, 0x00, 0x00, 0x00, 0x70, 0x0E,
    0x00, 0x00, 0xF1, 0x05, 0x00, 0x00, 0xF7, 0xEE, 0xED, 0xDF, 0xEE, 0xDF, 0xF1, 0x05, 0x00, 0x00,
    0x42, 0x34, 0x93, 0x3E, 0x33, 0x44, 0xF1, 0x05, 0x00, 0x35, 0x00, 0x00, 0x70, 0x0E, 0x00, 0x00,
    0xF1, 0x05, 0x00, 0xCA, 0x00, 0x00, 0x80, 0x0E, 0x00, 0x00, 0xF0, 0x5B, 0x74, 0x7F, 0x00, 0x00,
    0x80, 0x0F, 0x00, 0x00, 0x70, 0xFD, 0xEF, 0x1A,
    // Unicode: [0x4E7A]
    0x00, 0x00, 0x21, 0x74, 0x3A, 0x00, 0x21, 0x42, 0xA7, 0x08, 0x00, 0xED, 0xBC, 0x8A, 0x67, 0xF8,
    0xEF, 0xCD, 0xAB, 0x3A, 0x00, 0x7C, 0x00, 0x00, 0x00, 0xC7, 0x00, 0x00, 0x00, 0x00, 0x00, 0xCC,
    0xAA, 0xAA, 0x0A, 0xC6, 0x00, 0x00, 0x00, 0x00, 0x00, 0x9C, 0x44, 0x84, 0x0E, 0xF6, 0xEE, 0xEE,
    0xEE, 0xDF, 0x00, 0x6D, 0x00, 0x50, 0x0E, 0xB7, 0x00, 0xE0, 0x07, 0x11, 0x00, 0xEE, 0xDD, 0xED,
    0x0E, 0xA9, 0x00, 0xE0, 0x07, 0x00, 0x20, 0x1F, 0x00, 0x00, 0x00, 0x6E, 0x00, 0xE0, 0x07, 0x00,
    0x70, 0x0C, 0x00, 0x00, 0x80, 0x1E, 0x00, 0xE0, 0x07, 0x00, 0xE2, 0x06, 0x00, 0x10, 0xF8, 0x05,
    0x00, 0xF0, 0x08, 0x00, 0xC7, 0x00, 0x00, 0x00, 0x55, 0x00, 0x00, 0x70, 0x04, 0x00, 0x00, 0xD7,
    0xDD, 0xDD, 0xDD, 0xDD, 0xDD, 0x9E, 0x00, 0x00, 0x00, 0x53, 0x34, 0x33, 0x43, 0xE9, 0x9E, 0x14,
    0x00, 0x00, 0x00, 0x00, 0x00, 0x00, 0xD6, 0x7E, 0x01, 0x00, 0x00, 0x00, 0x00, 0x00, 0x10, 0xE7,
    0x6D, 0x00, 0x00, 0x00, 0x00, 0x00, 0x00, 0x00, 0xE6, 0x6D, 0x00, 0x00, 0x00, 0x00, 0x20, 0x15,
    0x00, 0xC2, 0x6E, 0x00, 0x00, 0x00, 0x00, 0x00, 0x80, 0x2F, 0x00, 0xF8, 0x27, 0x12, 0x11, 0x11,
    0x21, 0x42, 0xF7, 0x0A, 0x00, 0x92, 0xED, 0xFF, 0xFF, 0xFF, 0xFF, 0xEF, 0x7C, 0x00, 0x00, 0x00,
    0x00, 0x10, 0x11, 0x01, 0x00, 0x00, 0x00, 0x00,
    // Unicode: [0x4E7B]
    0x00, 0x40, 0x08, 0x00, 0x00, 0x00, 0x81, 0x03, 0x00, 0x00, 0x00, 0x20, 0x5E, 0x00, 0x00, 0x00,
    0xF7, 0x05, 0x00, 0x00, 0x12, 0x11, 0xC8, 0x11, 0x02, 0x30, 0x7E, 0x3D, 0x00, 0x00, 0xFB, 0xFF,
    0xFF, 0xFF, 0x3F, 0xD2, 0x07, 0xE5, 0x06, 0x00, 0x01, 0xE0, 0x05, 0x00, 0x50, 0x9E, 0x00, 0x30,
    0xDC, 0x37, 0x00, 0xF0, 0x04, 0x00, 0xC2, 0x07, 0x38, 0x00, 0x60, 0x5D, 0x00, 0xF1, 0xEE, 0xEE,
    0x0E, 0x10, 0xD8, 0x7D, 0x01, 0x00, 0x00, 0xF5, 0x11, 0x61, 0x0C, 0x00, 0x00, 0xB4, 0x06, 0x00,
    0x00, 0xBA, 0x00, 0x80, 0x0A, 0x70, 0x27, 0x00, 0x00, 0x00, 0x30, 0x5F, 0x00, 0xB0, 0x08, 0x40,
    0xE9, 0x5B, 0x00, 0x00, 0xD1, 0x0B, 0x81, 0xFA, 0x04, 0x00, 0x10, 0xD6, 0x2E, 0x00, 0x30, 0x01,
    0x70, 0x48, 0x00, 0x00, 0x00, 0x00, 0x04, 0x00, 0x10, 0xCD, 0xCC, 0xBB, 0xBB, 0xBB, 0xCC, 0xDC,
    0x06, 0x00, 0x00, 0x55, 0x55, 0x55, 0x55, 0xB6, 0xFF, 0x7B, 0x02, 0x00, 0x00, 0x00, 0x00, 0x00,
    0xA4, 0xDF, 0x27, 0x00, 0x00, 0x00, 0x00, 0x00, 0x10, 0xD7, 0xAF, 0x04, 0x00, 0x00, 0x00, 0x00,
    0x00, 0x10, 0xE8, 0x7D, 0x01, 0x00, 0x00, 0x00, 0x10, 0x04, 0x00, 0xE4, 0x5D, 0x00, 0x00, 0x00,
    0x00, 0x00, 0x60, 0x4F, 0x00, 0xFC, 0x37, 0x11, 0x11, 0x11, 0x22, 0x43, 0xE7, 0x0C, 0x00, 0xD6,
    0xFF, 0xFF, 0xFF, 0xFF, 0xFF, 0xFF, 0xAE, 0x01, 0x00, 0x00, 0x10, 0x11, 0x11, 0x11, 0x11, 0x00,
    0x00, 0x00,
    // Unicode: [0x4E7C]
    0x10, 0x01, 0x00, 0x00, 0x70, 0x01, 0x00, 0x00, 0x00, 0x00, 0x70, 0x8E, 0x02, 0x00, 0xB2, 0x6E,
    0x00, 0x00, 0x00, 0x00, 0x00, 0xC4, 0x1E, 0x00, 0x00, 0xB5, 0x01, 0x00, 0x00, 0x00, 0x02, 0x00,
    0x42, 0xEF, 0xEE, 0xEE, 0xEE, 0xEE, 0x7F, 0x00, 0xDD, 0x28, 0x00, 0x11, 0x00, 0xF3, 0x02, 0x10,
    0x01, 0x00, 0x40, 0xCB, 0x00, 0x00, 0x00, 0xF2, 0x02, 0x00, 0x00, 0x00, 0x00, 0x10, 0x04, 0xE7,
    0xDD, 0xFD, 0xDD, 0xED, 0x09, 0x00, 0x00, 0x80, 0x2E, 0x11, 0x11, 0xF3, 0x13, 0x11, 0x01, 0x00,
    0x00, 0xE6, 0x03, 0x00, 0x00, 0xF2, 0x02, 0x00, 0x00, 0x00, 0x60, 0x3E, 0x21, 0x12, 0x11, 0xF3,
    0x13, 0x11, 0x22, 0x01, 0xF8, 0x05, 0xE3, 0xEE, 0xEE, 0xEE, 0xEE, 0xEE, 0xEE, 0x04, 0x51, 0x00,
    0x00, 0x00, 0x00, 0x00, 0x00, 0x00, 0x00, 0x00, 0x40, 0xCD, 0xCC, 0xCC, 0xCC, 0xCC, 0xDD, 0x0D,
    0x00, 0x00, 0x20, 0x45, 0x44, 0x44, 0x64, 0xFD, 0x5A, 0x02, 0x00, 0x00, 0x00, 0x00, 0x00, 0x40,
    0xEB, 0x28, 0x00, 0x00, 0x00, 0x00, 0x00, 0x00, 0x50, 0xEC, 0x18, 0x00, 0x00, 0x00, 0x00, 0x00,
    0x00, 0x50, 0xEC, 0x18, 0x00, 0x00, 0x00, 0x00, 0x90, 0x05, 0x20, 0xFB, 0x18, 0x00, 0x00, 0x00,
    0x00, 0x00, 0xF2, 0x08, 0x80, 0x8F, 0x33, 0x22, 0x22, 0x32, 0x33, 0x74, 0xDD, 0x01, 0x10, 0xC8,
    0xEE, 0xFF, 0xFF, 0xFF, 0xEE, 0xCD, 0x18, 0x00,
    // Unicode: [0x4E7D]
    0x00, 0x00, 0x00, 0x00, 0x9B, 0x00, 0x00, 0x00, 0x00, 0x00, 0x00, 0x00, 0x00, 0x00, 0x7E, 0x00,
    0x00, 0x10, 0x06, 0x00, 0x00, 0xE5, 0xCD, 0xCC, 0xDF, 0xDC, 0x9E, 0xC1, 0x5F, 0x00, 0x00, 0x21,
    0x11, 0x00, 0x7D, 0x11, 0x62, 0xAD, 0x02, 0x00, 0x44, 0x22, 0x11, 0x00, 0x7D, 0x10, 0xD8, 0x36,
    0x54, 0x00, 0xDC, 0xCD, 0xBB, 0xBB, 0xBB, 0xEF, 0xBB, 0xCC, 0xED, 0x01, 0x00, 0x00, 0x00, 0x62,
    0xBA, 0x06, 0x00, 0x00, 0x00, 0x00, 0x00, 0x63, 0xEE, 0xDD, 0xBC, 0xBB, 0xCB, 0xAD, 0x00, 0x00,
    0xFB, 0xAE, 0x5E, 0x00, 0x00, 0x00, 0x00, 0xAA, 0x00, 0x00, 0x44, 0x00, 0xCD, 0xBB, 0xBB, 0xBB,
    0xBB, 0xAE, 0x00, 0x00, 0x00, 0x00, 0x4E, 0x00, 0x00, 0x00, 0x00, 0xAA, 0x00, 0x00, 0x00, 0x00,
    0xDE, 0xCC, 0xCC, 0xCC, 0xCC, 0xAE, 0x00, 0x00, 0x00, 0x00, 0x00, 0x00, 0x00, 0x00, 0x00, 0x01,
    0x00, 0x00, 0xF3, 0xDE, 0xDD, 0xDD, 0xDD, 0xEE, 0xFF, 0x0D, 0x00, 0x00, 0x00, 0x00, 0x00, 0x00,
    0x93, 0xAE, 0x16, 0x00, 0x00, 0x00, 0x00, 0x00, 0x10, 0xC6, 0x7D, 0x01, 0x00, 0x00, 0x00, 0x00,
    0x00, 0x10, 0xE8, 0x4A, 0x00, 0x00, 0x00, 0x00, 0x40, 0x00, 0x00, 0xE8, 0x29, 0x00, 0x00, 0x00,
    0x00, 0x00, 0xF3, 0x06, 0x60, 0xAF, 0x23, 0x12, 0x11, 0x22, 0x32, 0x64, 0xCD, 0x00, 0x10, 0xC8,
    0xED, 0xFF, 0xFF, 0xFF, 0xEE, 0xBD, 0x18, 0x00,
    // Unicode: [0x4E7E]
    0x00, 0x00, 0x70, 0x05, 0x00, 0x00, 0x20, 0x00, 0x00, 0x00, 0x00, 0x00, 0x00, 0xE0, 0x07, 0x00,
    0x00, 0xF2, 0x09, 0x00, 0x00, 0x00, 0x00, 0x00, 0xD0, 0x07, 0x00, 0x00, 0xF5, 0x03, 0x00, 0x00,
    0x00, 0x80, 0xEF, 0xFE, 0xEE, 0xFE, 0x00, 0xCA, 0x22, 0x22, 0x33, 0x03, 0x30, 0x34, 0xD3, 0x38,
    0x44, 0x10, 0xEF, 0xEE, 0xEE, 0xEE, 0x0A, 0x00, 0x12, 0xD1, 0x17, 0x12, 0x90, 0x0C, 0x00, 0x00,
    0x00, 0x00, 0x00, 0xFF, 0xFF, 0xFF, 0x6F, 0xF3, 0x04, 0x00, 0x00, 0x00, 0x00, 0x00, 0x4E, 0x00,
    0x00, 0x7E, 0xAD, 0x00, 0x00, 0x00, 0x00, 0x00, 0x00, 0x5E, 0x11, 0x11, 0x8E, 0x8B, 0x78, 0x77,
    0x87, 0x39, 0x00, 0x00, 0xEE, 0xEE, 0xEE, 0x5F, 0x70, 0x9A, 0x99, 0xF9, 0x3F, 0x00, 0x00, 0x4E,
    0x00, 0x00, 0x5E, 0x00, 0x00, 0x10, 0xDB, 0x03, 0x00, 0x00, 0x6F, 0x22, 0x22, 0x6E, 0x00, 0x00,
    0xB1, 0x1C, 0x00, 0x00, 0x00, 0xEF, 0xFE, 0xEE, 0x7F, 0x00, 0x10, 0xCB, 0x01, 0x00, 0x00, 0x00,
    0x01, 0xC0, 0x07, 0x00, 0x00, 0xA0, 0x1D, 0x00, 0x00, 0x00, 0x10, 0x00, 0xC0, 0x07, 0x00, 0x00,
    0xE7, 0x02, 0x00, 0x00, 0x00, 0xF1, 0xFF, 0xFE, 0xEF, 0xFF, 0x27, 0x4F, 0x00, 0x00, 0x70, 0x03,
    0x20, 0x11, 0xC1, 0x17, 0x21, 0x91, 0x0A, 0x00, 0x00, 0xE0, 0x08, 0x00, 0x00, 0xD0, 0x07, 0x00,
    0xC0, 0x07, 0x00, 0x00, 0xF3, 0x04, 0x00, 0x00, 0xD0, 0x07, 0x00, 0x90, 0x6E, 0x34, 0x53, 0xDC,
    0x00, 0x00, 0x00, 0xE0, 0x08, 0x00, 0x10, 0xD9, 0xFE, 0xDF, 0x2A, 0x00,
    // Unicode: [0x4E7F]
    0x00, 0x00, 0x00, 0x00, 0x00, 0x01, 0x00, 0x00, 0x00, 0x00, 0x00, 0x00, 0x00, 0x10, 0x52, 0xB7,
    0x8F, 0x70, 0x4D, 0x00, 0x00, 0x00, 0xD5, 0xED, 0xFE, 0xBD, 0x79, 0x55, 0x60, 0x0E, 0x00, 0x00,
    0x00, 0x60, 0x35, 0x32, 0x00, 0x00, 0x35, 0x60, 0x0E, 0x00, 0x00, 0x00, 0x30, 0x05, 0xD0, 0x06,
    0x00, 0xCE, 0x61, 0x0E, 0x00, 0x00, 0x00, 0x50, 0x2E, 0x40, 0x1E, 0x70, 0x0C, 0x60, 0x0E, 0x00,
    0x00, 0x00, 0x00, 0xAA, 0x00, 0x8C, 0xE2, 0x03, 0x60, 0x0E, 0x00, 0x00, 0x00, 0x00, 0xC3, 0xA1,
    0x05, 0x88, 0x00, 0x60, 0x0E, 0x00, 0x00, 0x00, 0x00, 0x10, 0xDB, 0x06, 0x60, 0x00, 0x60, 0x0E,
    0x00, 0x00, 0x00, 0x00, 0xD5, 0x07, 0x10, 0xFB, 0x06, 0x60, 0x0E, 0x00, 0x00, 0x00, 0xB0, 0xCF,
    0xAA, 0xEB, 0x2A, 0x00, 0x60, 0x0E, 0x00, 0x00, 0x00, 0x50, 0x45, 0xC6, 0x3C, 0x90, 0x07, 0x60,
    0x0E, 0x00, 0x00, 0x00, 0x00, 0xB4, 0x5C, 0x00, 0x40, 0x5E, 0x60, 0x0E, 0x00, 0x00, 0x00, 0xE2,
    0xFF, 0xDD, 0xEE, 0xCD, 0xEC, 0x62, 0x0E, 0x00, 0x00, 0x00, 0x80, 0x46, 0x13, 0x5E, 0x10, 0xA0,
    0x64, 0x0E, 0x00, 0x00, 0x00, 0x00, 0xC1, 0x05, 0x5E, 0xC7, 0x01, 0x60, 0x0E, 0x00, 0x00, 0x00,
    0x00, 0xD9, 0x03, 0x5E, 0x90, 0x1C, 0x60, 0x0E, 0x00, 0xA2, 0x01, 0x80, 0x2E, 0x00, 0x5E, 0x00,
    0xCB, 0x61, 0x0E, 0x00, 0xF6, 0x02, 0xF8, 0x04, 0x54, 0x5F, 0x00, 0xB1, 0x53, 0x6F, 0x54, 0xBD,
    0x00, 0x51, 0x00, 0xEA, 0x1A, 0x00, 0x00, 0x20, 0xFC, 0xEF, 0x2B, 0x00,
    // Unicode: [0x4E80]
    0x00, 0x00, 0x20, 0x03, 0x00, 0x00, 0x00, 0x00, 0x00, 0x00, 0x00, 0x00, 0xD2, 0x2C, 0x11, 0x11,
    0x11, 0x01, 0x00, 0x00, 0x00, 0x50, 0xEE, 0xEE, 0xEE, 0xEE, 0xBF, 0x02, 0x00, 0x00, 0x20, 0xDA,
    0x05, 0x00, 0x00, 0xD4, 0x08, 0x00, 0x00, 0x00, 0xF9, 0xEE, 0xDD, 0xDD, 0xDD, 0xFF, 0xED, 0xEE,
    0x00, 0x00, 0x45, 0x7B, 0x00, 0x00, 0x6E, 0x00, 0x00, 0xE4, 0x00, 0x00, 0x00, 0xDB, 0xBB, 0xBB,
    0xDF, 0xBB, 0xBB, 0xEC, 0x00, 0x00, 0x00, 0x8B, 0x22, 0x22, 0x7E, 0x22, 0x22, 0xE6, 0x00, 0x00,
    0x00, 0x8B, 0x22, 0x22, 0x7E, 0x22, 0x22, 0xE6, 0x00, 0x00, 0x00, 0xB9, 0xBB, 0xAA, 0xCF, 0xBB,
    0xCB, 0xCC, 0x00, 0x00, 0x10, 0x01, 0x00, 0x00, 0x6E, 0x00, 0x00, 0x10, 0x11, 0x00, 0xF1, 0xDE,
    0xDD, 0xDD, 0xEF, 0xDD, 0xDD, 0xDD, 0x8F, 0x00, 0xF0, 0x04, 0x00, 0x00, 0x6E, 0x00, 0x00, 0x00,
    0x7B, 0x00, 0xF0, 0xEE, 0xEE, 0xEE, 0xEF, 0xEE, 0xEE, 0xEE, 0x7F, 0x00, 0xF0, 0x04, 0x00, 0x00,
    0x6E, 0x00, 0x00, 0x00, 0x7B, 0x00, 0xF0, 0x15, 0x11, 0x11, 0x6E, 0x11, 0x11, 0x11, 0x7B, 0x00,
    0xF1, 0xEE, 0xEE, 0xDD, 0xEF, 0xED, 0xEE, 0xEE, 0x8F, 0x16, 0x00, 0x00, 0x00, 0x00, 0x6E, 0x00,
    0x00, 0x00, 0x10, 0x6F, 0x00, 0x00, 0x00, 0x00, 0xBD, 0x34, 0x33, 0x43, 0xB5, 0x1E, 0x00, 0x00,
    0x00, 0x00, 0xE7, 0xFF, 0xFF, 0xEF, 0xBE, 0x03,
    // Unicode: [0x4E81]
    0x00, 0x00, 0x70, 0x05, 0x00, 0x00, 0x20, 0x00, 0x00, 0x00, 0x00, 0x00, 0x00, 0xE0, 0x07, 0x00,
    0x00, 0xF2, 0x09, 0x00, 0x00, 0x00, 0x00, 0x00, 0xD0, 0x07, 0x00, 0x00, 0xF6, 0x03, 0x00, 0x00,
    0x00, 0x80, 0xEF, 0xFE, 0xEE, 0xFE, 0x00, 0xCB, 0x22, 0x22, 0x33, 0x03, 0x20, 0x34, 0xD3, 0x38,
    0x43, 0x20, 0xEF, 0xEE, 0xEE, 0xFE, 0x0A, 0x00, 0x56, 0xD4, 0x49, 0x35, 0xA0, 0x0C, 0x00, 0x00,
    0x00, 0x01, 0x00, 0xCF, 0xBB, 0xBB, 0x6F, 0xF4, 0x05, 0x00, 0x00, 0x00, 0x00, 0x00, 0x5F, 0x11,
    0x11, 0x6E, 0xBD, 0x00, 0x00, 0x00, 0x00, 0x00, 0x00, 0xEE, 0xEE, 0xEE, 0x7F, 0x8A, 0x78, 0x77,
    0x77, 0x38, 0x00, 0x00, 0x4E, 0x00, 0x00, 0x5E, 0x60, 0x78, 0x77, 0xF9, 0x3E, 0x00, 0x00, 0xEF,
    0xEE, 0xEE, 0x6F, 0x00, 0x00, 0x20, 0xCD, 0x02, 0x00, 0x00, 0x23, 0x11, 0x11, 0x22, 0x00, 0x00,
    0xD2, 0x1B, 0x00, 0x00, 0x00, 0x34, 0x23, 0x33, 0x14, 0x00, 0x20, 0xBD, 0x00, 0x00, 0x00, 0x00,
    0xDD, 0xFD, 0xDE, 0x3E, 0x00, 0xC1, 0x1C, 0x00, 0x00, 0x00, 0x00, 0x00, 0xC0, 0x07, 0x00, 0x00,
    0xE9, 0x02, 0x00, 0x00, 0x00, 0x40, 0x33, 0xD2, 0x28, 0x33, 0x32, 0x4F, 0x00, 0x00, 0x50, 0x01,
    0xF1, 0xDE, 0xFD, 0xDE, 0xED, 0x97, 0x0B, 0x00, 0x00, 0xE0, 0x09, 0x00, 0x00, 0xC0, 0x07, 0x00,
    0xC0, 0x09, 0x00, 0x00, 0xF3, 0x05, 0x00, 0x00, 0xD0, 0x07, 0x00, 0xA0, 0x7E, 0x45, 0x64, 0xDC,
    0x00, 0x00, 0x00, 0xE0, 0x08, 0x00, 0x10, 0xD9, 0xFE, 0xDF, 0x2A, 0x00,
    // Unicode: [0x4E82]
    0x00, 0x00, 0x00, 0x00, 0x00, 0x00, 0x20, 0x13, 0x00, 0x00, 0x00, 0x01, 0x00, 0x00, 0x42, 0x96,
    0x3D, 0x50, 0x4F, 0x00, 0x00, 0x00, 0xFA, 0xDE, 0xEE, 0xCD, 0x9A, 0x68, 0x50, 0x0F, 0x00, 0x00,
    0x00, 0x42, 0x29, 0x81, 0x04, 0x70, 0x2C, 0x50, 0x0E, 0x00, 0x00, 0x00, 0x00, 0xBB, 0x50, 0x2E,
    0xE1, 0x06, 0x50, 0x0E, 0x00, 0x00, 0x00, 0x10, 0x91, 0x01, 0x26, 0x6B, 0x00, 0x50, 0x0E, 0x00,
    0x00, 0x00, 0xE3, 0xCD, 0xCC, 0xCC, 0xED, 0x1B, 0x50, 0x0E, 0x00, 0x00, 0x00, 0x00, 0x10, 0x4A,
    0x30, 0x7D, 0x00, 0x50, 0x0E, 0x00, 0x00, 0x00, 0x10, 0x00, 0xD4, 0xCA, 0x03, 0x11, 0x50, 0x0E,
    0x00, 0x00, 0x00, 0xF0, 0xCD, 0xFD, 0xCD, 0xCC, 0x6F, 0x50, 0x0E, 0x00, 0x00, 0x00, 0xE0, 0x04,
    0xA6, 0x50, 0x03, 0x6C, 0x50, 0x0E, 0x00, 0x00, 0x00, 0xE0, 0x74, 0xAF, 0xB9, 0x3E, 0x6C, 0x50,
    0x0E, 0x00, 0x00, 0x00, 0xE0, 0x64, 0x35, 0x12, 0x34, 0x6C, 0x50, 0x0E, 0x00, 0x00, 0x00, 0xE0,
    0x74, 0xCC, 0xCC, 0x1C, 0x6C, 0x50, 0x0E, 0x00, 0x00, 0x00, 0xE0, 0x04, 0x39, 0xB0, 0x05, 0x6C,
    0x50, 0x0E, 0x00, 0x00, 0x00, 0xE0, 0x04, 0xA3, 0xAD, 0x00, 0x6C, 0x50, 0x0E, 0x00, 0x00, 0x00,
    0xE0, 0x04, 0xC2, 0xC9, 0x2C, 0x6C, 0x50, 0x0E, 0x00, 0x72, 0x01, 0xF0, 0xA4, 0x6E, 0x00, 0x06,
    0x6C, 0x50, 0x0E, 0x00, 0xF4, 0x03, 0xF1, 0x24, 0x02, 0x40, 0x55, 0x5E, 0x40, 0x6F, 0x54, 0xCC,
    0x00, 0xF3, 0x04, 0x00, 0x40, 0xFF, 0x1C, 0x00, 0xEA, 0xEF, 0x3C, 0x00, 0x00, 0x00, 0x00, 0x00,
    0x12, 0x00, 0x00, 0x00, 0x00, 0x00, 0x00,
    // Unicode: [0x4E83]
    0x00, 0x00, 0x00, 0x42, 0x01, 0x00, 0x10, 0x12, 0x00, 0x00, 0x00, 0x00, 0x66, 0x00, 0xE6, 0x00,
    0x87, 0x60, 0x4F, 0x00, 0x00, 0x00, 0x00, 0xE4, 0x09, 0xD5, 0x40, 0x8F, 0x60, 0x0F, 0x00, 0x00,
    0x00, 0x00, 0x20, 0x6D, 0xD5, 0xF3, 0x09, 0x60, 0x0E, 0x00, 0x00, 0x00, 0x20, 0x12, 0x12, 0xD6,
    0x41, 0x22, 0x62, 0x0E, 0x00, 0x00, 0x00, 0xC0, 0xEE, 0xEE, 0xFF, 0xEE, 0xEE, 0x6F, 0x0E, 0x00,
    0x00, 0x00, 0x00, 0x00, 0xD2, 0xD9, 0x34, 0x00, 0x60, 0x0E, 0x00, 0x00, 0x00, 0x00, 0x40, 0x5D,
    0xD5, 0xE6, 0x08, 0x60, 0x0E, 0x00, 0x00, 0x00, 0x30, 0xEA, 0x04, 0xD5, 0x20, 0xBC, 0x60, 0x0E,
    0x00, 0x00, 0x00, 0xF7, 0x7A, 0x03, 0xD5, 0x10, 0x52, 0x60, 0x0E, 0x00, 0x00, 0x00, 0x40, 0xE0,
    0x04, 0x63, 0x60, 0x0D, 0x60, 0x0E, 0x00, 0x00, 0x00, 0x00, 0xD5, 0x66, 0x33, 0x62, 0x2D, 0x63,
    0x0E, 0x00, 0x00, 0x00, 0x00, 0x9D, 0xE8, 0xD8, 0xED, 0xDF, 0x6D, 0x0E, 0x00, 0x00, 0x00, 0x80,
    0x0B, 0xE1, 0x61, 0x51, 0x0C, 0x60, 0x0E, 0x00, 0x00, 0x00, 0xE3, 0x57, 0xB5, 0xF0, 0x51, 0x0C,
    0x60, 0x0E, 0x00, 0x00, 0x00, 0x10, 0xC3, 0x5D, 0xE1, 0x62, 0x2D, 0x63, 0x0E, 0x00, 0x00, 0x00,
    0x00, 0x60, 0x0D, 0xE3, 0xEE, 0xEF, 0x6D, 0x0E, 0x00, 0x80, 0x02, 0x00, 0xE4, 0x04, 0x00, 0x50,
    0x0C, 0x60, 0x0E, 0x00, 0xF1, 0x06, 0x81, 0x5F, 0x00, 0x00, 0x50, 0x0C, 0x40, 0x7F, 0x44, 0xEA,
    0x01, 0xB3, 0x04, 0x00, 0x00, 0x60, 0x0D, 0x00, 0xEA, 0xEF, 0x5D, 0x00,
    // Unicode: [0x4E84]
    0x00, 0x00, 0x00, 0x00, 0x00, 0x00, 0x30, 0x24, 0x00, 0x00, 0x00, 0x00, 0x00, 0x50, 0x5E, 0x00,
    0x00, 0x80, 0x3F, 0x00, 0x00, 0x00, 0x51, 0x34, 0x63, 0x4F, 0x32, 0x54, 0x70, 0x0E, 0x00, 0x00,
    0x00, 0xD2, 0xCD, 0xCC, 0xCF, 0xCC, 0xED, 0x70, 0x0E, 0x00, 0x00, 0x00, 0x00, 0x22, 0x41, 0x2F,
    0x21, 0x02, 0x70, 0x0E, 0x00, 0x00, 0x00, 0x00, 0xED, 0xDD, 0xDD, 0xED, 0x0E, 0x70, 0x0E, 0x00,
    0x00, 0x00, 0x11, 0x01, 0x00, 0x00, 0x00, 0x11, 0x70, 0x0E, 0x00, 0x00, 0x00, 0xF5, 0xDD, 0xDD,
    0xDD, 0xDD, 0xFE, 0x71, 0x0E, 0x00, 0x00, 0x00, 0xE5, 0x00, 0x00, 0x00, 0x00, 0xF1, 0x71, 0x0E,
    0x00, 0x00, 0x00, 0xB4, 0xD0, 0xDD, 0xDC, 0x7D, 0xB1, 0x71, 0x0E, 0x00, 0x00, 0x00, 0x00, 0x10,
    0x00, 0x00, 0x10, 0x00, 0x70, 0x0E, 0x00, 0x00, 0x00, 0x00, 0xEE, 0xDD, 0xDD, 0xED, 0x0D, 0x70,
    0x0E, 0x00, 0x00, 0x00, 0x00, 0x3E, 0x11, 0x11, 0x81, 0x0D, 0x70, 0x0E, 0x00, 0x00, 0x00, 0x00,
    0x2E, 0x00, 0x00, 0x70, 0x0D, 0x70, 0x0E, 0x00, 0x00, 0x00, 0x00, 0xEE, 0xDE, 0xDD, 0xEE, 0x0D,
    0x70, 0x0E, 0x00, 0x00, 0x00, 0x00, 0x80, 0x01, 0x00, 0x66, 0x00, 0x70, 0x0E, 0x00, 0x10, 0x00,
    0x00, 0xA0, 0x0B, 0x10, 0x7E, 0x00, 0x70, 0x0E, 0x00, 0xC2, 0x02, 0x21, 0x53, 0x8F, 0xB7, 0xBE,
    0xDD, 0x70, 0x0E, 0x00, 0xF5, 0x02, 0xF1, 0xFF, 0xCE, 0x8A, 0x46, 0x23, 0x60, 0x7F, 0x65, 0xCD,
    0x00, 0x80, 0x25, 0x00, 0x00, 0x00, 0x00, 0x20, 0xEC, 0xEF, 0x3C, 0x00,
    // Unicode: [0x4E85]
    0x00, 0x80, 0x2D, 0x00, 0x70, 0x0E, 0x00, 0x70, 0x0E, 0x00, 0x70, 0x0E, 0x00, 0x70, 0x0E, 0x00,
    0x70, 0x0E, 0x00, 0x70, 0x0E, 0x00, 0x70, 0x0E, 0x00, 0x70, 0x0E, 0x00, 0x70, 0x0E, 0x00, 0x70,
    0x0E, 0x00, 0x70, 0x0E, 0x00, 0x70, 0x0E, 0x00, 0x70, 0x0E, 0x00, 0x70, 0x0E, 0x00, 0x70, 0x0E,
    0x00, 0x70, 0x0E, 0xC8, 0xEB, 0x0D, 0xE5, 0xBE, 0x04,
    // Unicode: [0x4E86]
    0x01, 0x00, 0x00, 0x00, 0x00, 0x00, 0x00, 0x10, 0x01, 0xFF, 0xEF, 0xEE, 0xEE, 0xEE, 0xEE, 0xFE,
    0xFF, 0x06, 0x89, 0x66, 0x45, 0x44, 0x44, 0x44, 0xD5, 0x8F, 0x01, 0x00, 0x00, 0x00, 0x00, 0x00,
    0x30, 0xCD, 0x02, 0x00, 0x00, 0x00, 0x00, 0x00, 0x00, 0xE6, 0x09, 0x00, 0x00, 0x00, 0x00, 0x00,
    0x00, 0xA1, 0x5E, 0x00, 0x00, 0x00, 0x00, 0x00, 0x00, 0x30, 0xCE, 0x02, 0x00, 0x00, 0x00, 0x00,
    0x00, 0x00, 0x50, 0x1F, 0x00, 0x00, 0x00, 0x00, 0x00, 0x00, 0x00, 0x50, 0x0F, 0x00, 0x00, 0x00,
    0x00, 0x00, 0x00, 0x00, 0x50, 0x0F, 0x00, 0x00, 0x00, 0x00, 0x00, 0x00, 0x00, 0x50, 0x0F, 0x00,
    0x00, 0x00, 0x00, 0x00, 0x00, 0x00, 0x50, 0x0F, 0x00, 0x00, 0x00, 0x00, 0x00, 0x00, 0x00, 0x50,
    0x0F, 0x00, 0x00, 0x00, 0x00, 0x00, 0x00, 0x00, 0x50, 0x0F, 0x00, 0x00, 0x00, 0x00, 0x00, 0x00,
    0x00, 0x50, 0x0F, 0x00, 0x00, 0x00, 0x00, 0x00, 0x00, 0x00, 0x50, 0x0F, 0x00, 0x00, 0x00, 0x00,
    0x00, 0x00, 0x00, 0x60, 0x0F, 0x00, 0x00, 0x00, 0x00, 0x00, 0x00, 0x77, 0xD7, 0x0E, 0x00, 0x00,
    0x00, 0x00, 0x00, 0x00, 0xF9, 0xBD, 0x04, 0x00, 0x00, 0x00, 0x00,
    // Unicode: [0x4E87]
    0x00, 0x00, 0x00, 0x26, 0x00, 0x00, 0x00, 0x00, 0x00, 0x00, 0x00, 0x00, 0x20, 0xDF, 0x02, 0x00,
    0x00, 0x00, 0x00, 0x00, 0x00, 0x00, 0x90, 0x1E, 0x00, 0x00, 0x00, 0x00, 0x00, 0x00, 0x00, 0x00,
    0xF3, 0x27, 0x22, 0x22, 0x22, 0x22, 0x33, 0x03, 0x00, 0x10, 0xFC, 0xFF, 0xFF, 0xFF, 0xFF, 0xFF,
    0xFF, 0x06, 0x00, 0xA0, 0x1D, 0x00, 0x00, 0x00, 0x00, 0x00, 0xF5, 0x01, 0x00, 0xF8, 0x03, 0x00,
    0x40, 0x58, 0x00, 0x00, 0xBB, 0x00, 0x80, 0x6F, 0x00, 0x00, 0x40, 0x4F, 0x00, 0x20, 0x5F, 0x00,
    0x91, 0x08, 0x00, 0x00, 0x30, 0x3F, 0x00, 0x00, 0x01, 0x00, 0x00, 0x00, 0x00, 0x00, 0x30, 0x3F,
    0x00, 0x00, 0x00, 0x00, 0x00, 0x00, 0x00, 0x00, 0x30, 0x3F, 0x00, 0x00, 0x00, 0x00, 0x00, 0x00,
    0x00, 0x00, 0x30, 0x3F, 0x00, 0x00, 0x00, 0x00, 0x00, 0x00, 0x00, 0x00, 0x30, 0x3F, 0x00, 0x00,
    0x00, 0x00, 0x00, 0x00, 0x00, 0x00, 0x30, 0x3F, 0x00, 0x00, 0x00, 0x00, 0x00, 0x00, 0x00, 0x00,
    0x30, 0x3F, 0x00, 0x00, 0x00, 0x00, 0x00, 0x00, 0x00, 0x00, 0x30, 0x3F, 0x00, 0x00, 0x00, 0x00,
    0x00, 0x00, 0x00, 0x00, 0x30, 0x3F, 0x00, 0x00, 0x00, 0x00, 0x00, 0x00, 0x00, 0x00, 0x30, 0x3F,
    0x00, 0x00, 0x00, 0x00, 0x00, 0x00, 0x00, 0x95, 0xC8, 0x2F, 0x00, 0x00, 0x00, 0x00, 0x00, 0x00,
    0x00, 0xF1, 0xCE, 0x08, 0x00, 0x00, 0x00, 0x00,
    // Unicode: [0x4E88]
    0x00, 0x10, 0x22, 0x11, 0x11, 0x11, 0x11, 0x21, 0x03, 0x00, 0x00, 0x70, 0xEF, 0xEE, 0xEE, 0xEE,
    0xEE, 0xFE, 0x0E, 0x00, 0x00, 0x00, 0x00, 0x00, 0x00, 0x00, 0x30, 0xCD, 0x02, 0x00, 0x00, 0x00,
    0x00, 0x73, 0x00, 0x00, 0xE5, 0x09, 0x00, 0x00, 0x00, 0x00, 0x00, 0xD4, 0x3C, 0x70, 0x6F, 0x00,
    0x00, 0x00, 0x00, 0x00, 0x00, 0x10, 0xFA, 0xEB, 0x04, 0x00, 0x00, 0x00, 0x00, 0x00, 0x00, 0x00,
    0x60, 0xBF, 0x01, 0x00, 0x00, 0x00, 0x41, 0x23, 0x12, 0x11, 0x11, 0xD6, 0x13, 0x21, 0x22, 0x33,
    0xF5, 0xFF, 0xFF, 0xEF, 0xEE, 0xFF, 0xEE, 0xEE, 0xEE, 0x8F, 0x11, 0x01, 0x00, 0x00, 0x30, 0x4F,
    0x00, 0x00, 0x50, 0x2F, 0x00, 0x00, 0x00, 0x00, 0x30, 0x4F, 0x00, 0x00, 0xC0, 0x0B, 0x00, 0x00,
    0x00, 0x00, 0x30, 0x4F, 0x00, 0x00, 0xC1, 0x05, 0x00, 0x00, 0x00, 0x00, 0x30, 0x4F, 0x00, 0x00,
    0x00, 0x00, 0x00, 0x00, 0x00, 0x00, 0x30, 0x4F, 0x00, 0x00, 0x00, 0x00, 0x00, 0x00, 0x00, 0x00,
    0x30, 0x4F, 0x00, 0x00, 0x00, 0x00, 0x00, 0x00, 0x00, 0x00, 0x30, 0x4F, 0x00, 0x00, 0x00, 0x00,
    0x00, 0x00, 0x00, 0x00, 0x30, 0x4F, 0x00, 0x00, 0x00, 0x00, 0x00, 0x00, 0x00, 0xA7, 0xC9, 0x2F,
    0x00, 0x00, 0x00, 0x00, 0x00, 0x00, 0x00, 0xF4, 0xCE, 0x07, 0x00, 0x00, 0x00, 0x00,
    // Unicode: [0x4E89]
    0x00, 0x00, 0x00, 0x01, 0x00, 0x00, 0x00, 0x00, 0x00, 0x00, 0x00, 0x00, 0x00, 0x00, 0xBA, 0x02,
    0x00, 0x00, 0x00, 0x00, 0x00, 0x00, 0x00, 0x00, 0x20, 0x9F, 0x00, 0x00, 0x10, 0x01, 0x00, 0x00,
    0x00, 0x00, 0x00, 0xA0, 0xFF, 0xFF, 0xFF, 0xFF, 0x07, 0x00, 0x00, 0x00, 0x00, 0x00, 0xE6, 0x13,
    0x11, 0x11, 0xD9, 0x00, 0x00, 0x00, 0x00, 0x00, 0x40, 0x5F, 0x00, 0x00, 0x20, 0x4F, 0x00, 0x00,
    0x00, 0x00, 0x00, 0xF5, 0x08, 0x00, 0x00, 0xB0, 0x0A, 0x00, 0x00, 0x00, 0x00, 0x70, 0xBF, 0xEF,
    0xDE, 0xDD, 0xFD, 0xDE, 0xEE, 0x3F, 0x00, 0x00, 0x00, 0x16, 0x44, 0x33, 0x93, 0x3E, 0x33, 0x53,
    0x2F, 0x00, 0x00, 0x00, 0x00, 0x00, 0x00, 0x70, 0x0E, 0x00, 0x30, 0x2F, 0x00, 0x00, 0x33, 0x22,
    0x12, 0x11, 0x81, 0x1E, 0x11, 0x41, 0x4F, 0x43, 0x00, 0xFB, 0xFF, 0xFF, 0xFF, 0xFF, 0xFF, 0xFF,
    0xFF, 0xFF, 0xFF, 0x02, 0x11, 0x01, 0x00, 0x00, 0x70, 0x0E, 0x00, 0x30, 0x2F, 0x21, 0x00, 0x00,
    0x00, 0x00, 0x00, 0x70, 0x0E, 0x00, 0x30, 0x2F, 0x00, 0x00, 0x00, 0x30, 0x56, 0x44, 0x94, 0x4E,
    0x44, 0x64, 0x2F, 0x00, 0x00, 0x00, 0x80, 0xEE, 0xDD, 0xED, 0xDF, 0xDD, 0xED, 0x3F, 0x00, 0x00,
    0x00, 0x00, 0x00, 0x00, 0x70, 0x0E, 0x00, 0x00, 0x00, 0x00, 0x00, 0x00, 0x00, 0x00, 0x00, 0x70,
    0x0E, 0x00, 0x00, 0x00, 0x00, 0x00, 0x00, 0x00, 0x00, 0x00, 0x80, 0x0E, 0x00, 0x00, 0x00, 0x00,
    0x00, 0x00, 0x00, 0x00, 0x82, 0xD7, 0x0D, 0x00, 0x00, 0x00, 0x00, 0x00, 0x00, 0x00, 0x00, 0xD0,
    0xCE, 0x05, 0x00, 0x00, 0x00, 0x00, 0x00,
    // Unicode: [0x4E8A]
    0x00, 0x00, 0x00, 0x00, 0x70, 0x06, 0x00, 0x00, 0x00, 0x00, 0x00, 0x00, 0x00, 0x00, 0xE0, 0x09,
    0x00, 0x00, 0x00, 0x00, 0x63, 0x55, 0x44, 0x33, 0xE3, 0x38, 0x43, 0x44, 0x55, 0x26, 0xF7, 0xEF,
    0xDE, 0xDD, 0xFD, 0xDE, 0xDD, 0xED, 0xFE, 0x5F, 0x00, 0x60, 0x00, 0x00, 0xE0, 0x07, 0x00, 0xC1,
    0x04, 0x00, 0x00, 0xD2, 0x2B, 0x00, 0xE0, 0x07, 0x00, 0xBB, 0x02, 0x00, 0x00, 0x10, 0xEA, 0x03,
    0xE0, 0x07, 0xB1, 0x0B, 0x00, 0x00, 0x20, 0x23, 0x72, 0x12, 0xE1, 0x17, 0xA3, 0x22, 0x13, 0x00,
    0x70, 0xFF, 0xFF, 0xFF, 0xFF, 0xFF, 0xFF, 0xFF, 0x3F, 0x00, 0x10, 0x22, 0x11, 0x00, 0xE0, 0x07,
    0x00, 0x20, 0x3F, 0x00, 0x01, 0x00, 0x00, 0x00, 0xE0, 0x07, 0x00, 0x20, 0x2F, 0x10, 0xFF, 0xEE,
    0xEE, 0xEE, 0xFE, 0xEE, 0xEE, 0xEE, 0xEF, 0xEF, 0x34, 0x22, 0x22, 0x22, 0xE2, 0x27, 0x22, 0x32,
    0x4F, 0x43, 0x00, 0x00, 0x00, 0x00, 0xE0, 0x07, 0x00, 0x20, 0x2F, 0x00, 0x70, 0xDE, 0xDD, 0xCC,
    0xFC, 0xCD, 0xCC, 0xDC, 0x2F, 0x00, 0x30, 0x56, 0x44, 0x44, 0xE3, 0x38, 0x33, 0x53, 0x3F, 0x00,
    0x00, 0x00, 0x00, 0x00, 0xE0, 0x07, 0x00, 0x10, 0x27, 0x00, 0x00, 0x00, 0x00, 0x00, 0xE0, 0x07,
    0x00, 0x00, 0x00, 0x00, 0x00, 0x00, 0x20, 0x9B, 0xFA, 0x06, 0x00, 0x00, 0x00, 0x00, 0x00, 0x00,
    0x00, 0xFC, 0xBE, 0x01, 0x00, 0x00, 0x00, 0x00,
    // Unicode: [0x4E8B]
    0x00, 0x00, 0x00, 0x00, 0x80, 0x06, 0x00, 0x00, 0x00, 0x00, 0x00, 0x00, 0x00, 0x00, 0xE0, 0x08,
    0x00, 0x00, 0x00, 0x00, 0x53, 0x45, 0x34, 0x33, 0xE3, 0x38, 0x33, 0x43, 0x54, 0x25, 0xF8, 0xEF,
    0xDE, 0xDD, 0xFD, 0xDE, 0xDD, 0xDD, 0xEE, 0x5F, 0x00, 0x00, 0x00, 0x00, 0xE0, 0x06, 0x00, 0x00,
    0x00, 0x00, 0x00, 0xF6, 0xEE, 0xDD, 0xFD, 0xDE, 0xDD, 0xEE, 0x0E, 0x00, 0x00, 0xF5, 0x00, 0x00,
    0xE0, 0x06, 0x00, 0x60, 0x0E, 0x00, 0x00, 0xF5, 0x00, 0x00, 0xE0, 0x06, 0x00, 0x60, 0x0E, 0x00,
    0x00, 0xE6, 0xDD, 0xCC, 0xFC, 0xCD, 0xDC, 0xED, 0x0E, 0x00, 0x10, 0x01, 0x00, 0x00, 0xE0, 0x06,
    0x00, 0x00, 0x11, 0x00, 0x70, 0xFF, 0xEF, 0xDD, 0xFD, 0xDE, 0xDD, 0xEE, 0x7F, 0x00, 0x10, 0x01,
    0x00, 0x00, 0xE0, 0x06, 0x00, 0x00, 0x6C, 0x00, 0x56, 0x34, 0x33, 0x33, 0xE3, 0x38, 0x33, 0x33,
    0x8D, 0x65, 0xCD, 0xBB, 0xBB, 0xBB, 0xFB, 0xBC, 0xBB, 0xBB, 0xDE, 0xDC, 0x00, 0x00, 0x00, 0x00,
    0xE0, 0x06, 0x00, 0x00, 0x6C, 0x00, 0x70, 0xEF, 0xEE, 0xDD, 0xFD, 0xDE, 0xDD, 0xDD, 0x6F, 0x00,
    0x10, 0x12, 0x11, 0x00, 0xE0, 0x06, 0x00, 0x00, 0x7C, 0x00, 0x00, 0x00, 0x00, 0x00, 0xE0, 0x06,
    0x00, 0x00, 0x35, 0x00, 0x00, 0x00, 0x30, 0x9A, 0xFC, 0x04, 0x00, 0x00, 0x00, 0x00, 0x00, 0x00,
    0x00, 0xEE, 0x8C, 0x00, 0x00, 0x00, 0x00, 0x00,
    // Unicode: [0x4E8C]
    0x00, 0x65, 0x55, 0x45, 0x44, 0x44, 0x54, 0x55, 0x66, 0x00, 0x00, 0xFB, 0xEE, 0xEE, 0xDE, 0xDD,
    0xEE, 0xEE, 0xDF, 0x00, 0x00, 0x00, 0x00, 0x00, 0x00, 0x00, 0x00, 0x00, 0x00, 0x00, 0x00, 0x00,
    0x00, 0x00, 0x00, 0x00, 0x00, 0x00, 0x00, 0x00, 0x00, 0x00, 0x00, 0x00, 0x00, 0x00, 0x00, 0x00,
    0x00, 0x00, 0x00, 0x00, 0x00, 0x00, 0x00, 0x00, 0x00, 0x00, 0x00, 0x00, 0x00, 0x00, 0x00, 0x00,
    0x00, 0x00, 0x00, 0x00, 0x00, 0x00, 0x00, 0x00, 0x00, 0x00, 0x00, 0x00, 0x00, 0x00, 0x00, 0x00,
    0x00, 0x00, 0x00, 0x00, 0x00, 0x00, 0x00, 0x00, 0x00, 0x00, 0x00, 0x00, 0x00, 0x00, 0x00, 0x00,
    0x00, 0x00, 0x00, 0x00, 0x00, 0x00, 0x00, 0x00, 0x00, 0x00, 0x00, 0x00, 0x00, 0x00, 0x00, 0x00,
    0x00, 0x00, 0x00, 0x00, 0x00, 0x00, 0x00, 0x00, 0x00, 0x00, 0x00, 0x00, 0x00, 0x00, 0x00, 0x00,
    0x00, 0x00, 0x72, 0x66, 0x55, 0x55, 0x55, 0x55, 0x55, 0x55, 0x66, 0x66, 0xF3, 0xFF, 0xEE, 0xDE,
    0xDD, 0xDD, 0xDD, 0xEE, 0xFE, 0xEF, 0x10, 0x00, 0x00, 0x00, 0x00, 0x00, 0x00, 0x00, 0x00, 0x10,
    // Unicode: [0x4E8D]
    0x00, 0xC0, 0xEE, 0xDD, 0xDD, 0xDD, 0xED, 0xEE, 0x04, 0x00, 0x00, 0x50, 0x56, 0x55, 0x55, 0x55,
    0x55, 0x66, 0x02, 0x00, 0x00, 0x00, 0x00, 0x00, 0x00, 0x00, 0x00, 0x00, 0x00, 0x00, 0x00, 0x00,
    0x00, 0x00, 0x00, 0x00, 0x00, 0x00, 0x00, 0x00, 0x00, 0x00, 0x00, 0x00, 0x00, 0x00, 0x00, 0x00,
    0x00, 0x00, 0xF6, 0xEE, 0xDD, 0xDD, 0xCD, 0xDC, 0xDD, 0xDD, 0xEE, 0x5F, 0x73, 0x66, 0x55, 0x55,
    0xC5, 0x5C, 0x55, 0x55, 0x66, 0x27, 0x00, 0x00, 0x00, 0x00, 0xB0, 0x0B, 0x00, 0x00, 0x00, 0x00,
    0x00, 0x00, 0x00, 0x00, 0xB0, 0x0B, 0x00, 0x00, 0x00, 0x00, 0x00, 0x00, 0x00, 0x00, 0xB0, 0x0B,
    0x00, 0x00, 0x00, 0x00, 0x00, 0x00, 0x00, 0x00, 0xB0, 0x0B, 0x00, 0x00, 0x00, 0x00, 0x00, 0x00,
    0x00, 0x00, 0xB0, 0x0B, 0x00, 0x00, 0x00, 0x00, 0x00, 0x00, 0x00, 0x00, 0xB0, 0x0B, 0x00, 0x00,
    0x00, 0x00, 0x00, 0x00, 0x00, 0x00, 0xB0, 0x0B, 0x00, 0x00, 0x00, 0x00, 0x00, 0x00, 0x00, 0x00,
    0xB0, 0x0B, 0x00, 0x00, 0x00, 0x00, 0x00, 0x00, 0x00, 0x00, 0xB0, 0x0B, 0x00, 0x00, 0x00, 0x00,
    0x00, 0x00, 0x00, 0xA8, 0xFA, 0x0A, 0x00, 0x00, 0x00, 0x00, 0x00, 0x00, 0x00, 0xF4, 0xBD, 0x03,
    0x00, 0x00, 0x00, 0x00,
    // Unicode: [0x4E8E]
    0x00, 0xF4, 0xEE, 0xDD, 0xDD, 0xDD, 0xDD, 0xEE, 0x9E, 0x00, 0x00, 0x41, 0x33, 0x33, 0x63, 0x5F,
    0x33, 0x33, 0x34, 0x00, 0x00, 0x00, 0x00, 0x00, 0x50, 0x3F, 0x00, 0x00, 0x00, 0x00, 0x00, 0x00,
    0x00, 0x00, 0x50, 0x3F, 0x00, 0x00, 0x00, 0x00, 0x00, 0x00, 0x00, 0x00, 0x50, 0x3F, 0x00, 0x00,
    0x00, 0x00, 0x00, 0x00, 0x00, 0x00, 0x50, 0x3F, 0x00, 0x00, 0x00, 0x00, 0x00, 0x00, 0x00, 0x00,
    0x50, 0x3F, 0x00, 0x00, 0x00, 0x00, 0xF8, 0xEE, 0xDD, 0xDD, 0xDC, 0xDF, 0xDD, 0xDD, 0xEE, 0x9F,
    0x63, 0x56, 0x45, 0x44, 0x74, 0x6F, 0x44, 0x54, 0x55, 0x46, 0x00, 0x00, 0x00, 0x00, 0x50, 0x3F,
    0x00, 0x00, 0x00, 0x00, 0x00, 0x00, 0x00, 0x00, 0x50, 0x3F, 0x00, 0x00, 0x00, 0x00, 0x00, 0x00,
    0x00, 0x00, 0x50, 0x3F, 0x00, 0x00, 0x00, 0x00, 0x00, 0x00, 0x00, 0x00, 0x50, 0x3F, 0x00, 0x00,
    0x00, 0x00, 0x00, 0x00, 0x00, 0x00, 0x50, 0x3F, 0x00, 0x00, 0x00, 0x00, 0x00, 0x00, 0x00, 0x00,
    0x50, 0x3F, 0x00, 0x00, 0x00, 0x00, 0x00, 0x00, 0x00, 0x00, 0x50, 0x3F, 0x00, 0x00, 0x00, 0x00,
    0x00, 0x00, 0x00, 0x94, 0xD9, 0x1F, 0x00, 0x00, 0x00, 0x00, 0x00, 0x00, 0x00, 0xE0, 0xCF, 0x05,
    0x00, 0x00, 0x00, 0x00, 0x00, 0x00, 0x00, 0x10, 0x00, 0x00, 0x00, 0x00, 0x00, 0x00,
    // Unicode: [0x4E8F]
    0x00, 0xC0, 0xEE, 0xDD, 0xDD, 0xDD, 0xDD, 0xEE, 0x9E, 0x00, 0x00, 0x50, 0x55, 0x44, 0x44, 0x44,
    0x44, 0x54, 0x45, 0x00, 0x00, 0x00, 0x00, 0x00, 0x00, 0x00, 0x00, 0x00, 0x00, 0x00, 0x00, 0x00,
    0x00, 0x00, 0x00, 0x00, 0x00, 0x00, 0x00, 0x00, 0x00, 0x00, 0x00, 0x00, 0x00, 0x00, 0x00, 0x00,
    0x00, 0x00, 0x71, 0x56, 0x55, 0x44, 0x44, 0x44, 0x44, 0x54, 0x65, 0x56, 0xF2, 0xDE, 0xDD, 0xFE,
    0xCC, 0xCC, 0xDC, 0xED, 0xFE, 0xAF, 0x00, 0x00, 0x00, 0xAC, 0x00, 0x00, 0x00, 0x00, 0x00, 0x00,
    0x00, 0x00, 0x20, 0x4F, 0x00, 0x00, 0x00, 0x00, 0x00, 0x00, 0x00, 0x00, 0x80, 0x0C, 0x00, 0x00,
    0x00, 0x00, 0x00, 0x00, 0x00, 0x00, 0xD0, 0xEF, 0xEE, 0xEE, 0xEE, 0xFF, 0x6F, 0x00, 0x00, 0x00,
    0x30, 0x23, 0x22, 0x22, 0x22, 0x42, 0x4F, 0x00, 0x00, 0x00, 0x00, 0x00, 0x00, 0x00, 0x00, 0x30,
    0x2F, 0x00, 0x00, 0x00, 0x00, 0x00, 0x00, 0x00, 0x00, 0x50, 0x0E, 0x00, 0x00, 0x00, 0x00, 0x00,
    0x00, 0x00, 0x00, 0x80, 0x0C, 0x00, 0x00, 0x00, 0x00, 0x00, 0x00, 0x00, 0x00, 0xE2, 0x08, 0x00,
    0x00, 0x00, 0x00, 0x00, 0x80, 0x99, 0xB9, 0xEF, 0x02, 0x00, 0x00, 0x00, 0x00, 0x00, 0x50, 0xEF,
    0xAC, 0x17, 0x00, 0x00,
    // Unicode: [0x4E90]
    0x00, 0xD0, 0xEE, 0xEE, 0xDD, 0xDD, 0xED, 0xEE, 0x9E, 0x00, 0x00, 0x40, 0x34, 0x33, 0x8D, 0x33,
    0x33, 0x43, 0x34, 0x00, 0x00, 0x00, 0x00, 0x30, 0x2F, 0x00, 0x00, 0x00, 0x00, 0x00, 0x00, 0x00,
    0x00, 0x80, 0x0B, 0x00, 0x00, 0x00, 0x00, 0x00, 0x00, 0x00, 0x00, 0xD0, 0x06, 0x00, 0x00, 0x00,
    0x00, 0x00, 0xF4, 0xEF, 0xDE, 0xFD, 0xDD, 0xDD, 0xDD, 0xDD, 0xEE, 0xCF, 0x61, 0x55, 0x44, 0xBB,
    0x44, 0x44, 0x44, 0x54, 0x65, 0x56, 0x00, 0x00, 0x00, 0x5E, 0x00, 0x00, 0x00, 0x00, 0x00, 0x00,
    0x00, 0x00, 0x50, 0x0E, 0x00, 0x00, 0x00, 0x00, 0x00, 0x00, 0x00, 0x00, 0xA0, 0x3B, 0x33, 0x33,
    0x33, 0x43, 0x34, 0x00, 0x00, 0x00, 0xE1, 0xEE, 0xEE, 0xEE, 0xEE, 0xEE, 0x7F, 0x00, 0x00, 0x00,
    0x00, 0x00, 0x00, 0x00, 0x00, 0x20, 0x5F, 0x00, 0x00, 0x00, 0x00, 0x00, 0x00, 0x00, 0x00, 0x30,
    0x2F, 0x00, 0x00, 0x00, 0x00, 0x00, 0x00, 0x00, 0x00, 0x50, 0x0F, 0x00, 0x00, 0x00, 0x00, 0x00,
    0x00, 0x00, 0x00, 0x80, 0x0D, 0x00, 0x00, 0x00, 0x00, 0x00, 0x00, 0x00, 0x00, 0xE1, 0x09, 0x00,
    0x00, 0x00, 0x00, 0x00, 0x80, 0x8A, 0x98, 0xFE, 0x03, 0x00, 0x00, 0x00, 0x00, 0x00, 0x50, 0xEF,
    0xCE, 0x28, 0x00, 0x00,
    // Unicode: [0x4E91]
    0x00, 0xE0, 0xDD, 0xCC, 0xCC, 0xCC, 0xCC, 0xED, 0x07, 0x00, 0x00, 0x70, 0x67, 0x55, 0x55, 0x55,
    0x55, 0x76, 0x04, 0x00, 0x00, 0x00, 0x00, 0x00, 0x00, 0x00, 0x00, 0x00, 0x00, 0x00, 0x00, 0x00,
    0x00, 0x00, 0x00, 0x00, 0x00, 0x00, 0x00, 0x00, 0x00, 0x00, 0x00, 0x00, 0x00, 0x00, 0x00, 0x00,
    0x00, 0x00, 0x11, 0x01, 0x00, 0x00, 0x00, 0x00, 0x00, 0x00, 0x10, 0x02, 0xF8, 0xFF, 0xFF, 0xEF,
    0xEE, 0xEE, 0xFE, 0xFF, 0xFF, 0x1F, 0x43, 0x34, 0x33, 0x22, 0x49, 0x22, 0x22, 0x33, 0x43, 0x05,
    0x00, 0x00, 0x00, 0x30, 0xDF, 0x02, 0x00, 0x00, 0x00, 0x00, 0x00, 0x00, 0x00, 0xC0, 0x1D, 0x00,
    0x00, 0x00, 0x00, 0x00, 0x00, 0x00, 0x00, 0xE6, 0x03, 0x00, 0x20, 0x00, 0x00, 0x00, 0x00, 0x00,
    0x30, 0x5F, 0x00, 0x00, 0xD6, 0x01, 0x00, 0x00, 0x00, 0x00, 0xD1, 0x08, 0x00, 0x00, 0xC1, 0x0B,
    0x00, 0x00, 0x00, 0x00, 0xBB, 0x00, 0x00, 0x00, 0x20, 0x8E, 0x00, 0x00, 0x00, 0xA0, 0x1D, 0x00,
    0x00, 0x00, 0x21, 0xF8, 0x04, 0x00, 0x20, 0xFB, 0x9B, 0xBA, 0xDC, 0xFE, 0xFF, 0xEE, 0x1D, 0x00,
    0x00, 0xFC, 0xCE, 0x9B, 0x67, 0x35, 0x02, 0x30, 0xAF, 0x00, 0x00, 0x23, 0x00, 0x00, 0x00, 0x00,
    0x00, 0x00, 0xE9, 0x01, 0x00, 0x00, 0x00, 0x00, 0x00, 0x00, 0x00, 0x00, 0x11, 0x00,
    // Unicode: [0x4E92]
    0x10, 0x77, 0x66, 0x55, 0x55, 0x55, 0x55, 0x66, 0x76, 0x06, 0x20, 0xDE, 0xCC, 0xED, 0xCC, 0xCC,
    0xCC, 0xCC, 0xDD, 0x0B, 0x00, 0x00, 0x00, 0xA8, 0x00, 0x00, 0x00, 0x00, 0x00, 0x00, 0x00, 0x00,
    0x00, 0x7B, 0x00, 0x00, 0x00, 0x00, 0x00, 0x00, 0x00, 0x00, 0x00, 0x6E, 0x33, 0x33, 0x33, 0x33,
    0x01, 0x00, 0x00, 0x00, 0x30, 0xEF, 0xEE, 0xEE, 0xEE, 0xFE, 0x04, 0x00, 0x00, 0x00, 0x60, 0x0C,
    0x00, 0x00, 0x00, 0xF2, 0x02, 0x00, 0x00, 0x00, 0xA0, 0x09, 0x00, 0x00, 0x00, 0xF4, 0x00, 0x00,
    0x00, 0x00, 0xD0, 0x06, 0x00, 0x00, 0x00, 0xE6, 0x00, 0x00, 0x00, 0x00, 0xF1, 0x02, 0x00, 0x00,
    0x00, 0xC7, 0x00, 0x00, 0x00, 0x00, 0xE5, 0x00, 0x00, 0x00, 0x00, 0xA9, 0x00, 0x00, 0x00, 0x00,
    0xF8, 0xEE, 0xEE, 0xEE, 0xEE, 0x9F, 0x00, 0x00, 0x00, 0x00, 0x43, 0x33, 0x33, 0x33, 0x33, 0x7D,
    0x00, 0x00, 0x00, 0x00, 0x00, 0x00, 0x00, 0x00, 0x00, 0x5E, 0x00, 0x00, 0x00, 0x00, 0x00, 0x00,
    0x00, 0x00, 0x00, 0x4F, 0x00, 0x00, 0x83, 0x78, 0x66, 0x55, 0x55, 0x55, 0x65, 0x7F, 0x76, 0x88,
    0xE5, 0xDE, 0xDD, 0xCC, 0xCC, 0xCC, 0xCC, 0xDD, 0xDD, 0xDE,
    // Unicode: [0x4E93]
    0x00, 0xF1, 0xEE, 0xEE, 0xDD, 0xDD, 0xED, 0xEE, 0xCE, 0x00, 0x00, 0x61, 0x56, 0x55, 0x55, 0x55,
    0x55, 0x65, 0x56, 0x00, 0x00, 0x00, 0x00, 0x00, 0x00, 0x00, 0x00, 0x00, 0x00, 0x00, 0x00, 0x00,
    0x00, 0x00, 0x00, 0x00, 0x00, 0x00, 0x00, 0x00, 0x00, 0x00, 0x00, 0x00, 0x00, 0x00, 0x00, 0x00,
    0x00, 0x00, 0xE6, 0xDD, 0xCD, 0xCC, 0xCC, 0xCC, 0xCC, 0xDC, 0xDD, 0xEE, 0x73, 0x66, 0x55, 0xF9,
    0x55, 0x55, 0x95, 0x5F, 0x65, 0x76, 0x00, 0x00, 0x00, 0xF6, 0x00, 0x00, 0x60, 0x0F, 0x00, 0x00,
    0x00, 0x00, 0x00, 0xE7, 0x00, 0x00, 0x60, 0x0F, 0x00, 0x00, 0x00, 0x00, 0x00, 0xE8, 0x00, 0x00,
    0x60, 0x0F, 0x00, 0x00, 0x00, 0x00, 0x00, 0xC9, 0x00, 0x00, 0x60, 0x0F, 0x00, 0x00, 0x00, 0x00,
    0x00, 0xAC, 0x00, 0x00, 0x60, 0x0F, 0x00, 0x00, 0x00, 0x00, 0x20, 0x6F, 0x00, 0x00, 0x60, 0x0F,
    0x00, 0x00, 0x00, 0x00, 0x80, 0x1F, 0x00, 0x00, 0x60, 0x0F, 0x00, 0x00, 0x00, 0x00, 0xF5, 0x08,
    0x00, 0x00, 0x60, 0x0F, 0x00, 0x00, 0x00, 0x70, 0xCF, 0x01, 0x00, 0x00, 0x70, 0x1F, 0x00, 0x00,
    0x40, 0xFC, 0x1B, 0x00, 0x00, 0x00, 0x80, 0x2F, 0x00, 0x00, 0x10, 0x99, 0x00, 0x00, 0x00, 0x00,
    0x80, 0x2F, 0x00, 0x00,
    // Unicode: [0x4E94]
    0x10, 0xEF, 0xDE, 0xDD, 0xDD, 0xDD, 0xDD, 0xEE, 0xAE, 0x00, 0x00, 0x56, 0x45, 0x44, 0x9F, 0x44,
    0x44, 0x54, 0x45, 0x00, 0x00, 0x00, 0x00, 0x10, 0x5F, 0x00, 0x00, 0x00, 0x00, 0x00, 0x00, 0x00,
    0x00, 0x40, 0x2F, 0x00, 0x00, 0x00, 0x00, 0x00, 0x00, 0x00, 0x00, 0x60, 0x0F, 0x00, 0x00, 0x00,
    0x00, 0x00, 0x00, 0x00, 0x00, 0x80, 0x0D, 0x00, 0x00, 0x00, 0x00, 0x00, 0x00, 0x80, 0xEF, 0xEE,
    0xDF, 0xED, 0xEE, 0xFF, 0x01, 0x00, 0x00, 0x30, 0x45, 0xE4, 0x39, 0x33, 0x33, 0xF6, 0x00, 0x00,
    0x00, 0x00, 0x00, 0xF1, 0x05, 0x00, 0x00, 0xE5, 0x00, 0x00, 0x00, 0x00, 0x00, 0xF3, 0x03, 0x00,
    0x00, 0xE6, 0x00, 0x00, 0x00, 0x00, 0x00, 0xF5, 0x00, 0x00, 0x00, 0xD7, 0x00, 0x00, 0x00, 0x00,
    0x00, 0xD8, 0x00, 0x00, 0x00, 0xC8, 0x00, 0x00, 0x00, 0x00, 0x00, 0xAA, 0x00, 0x00, 0x00, 0xB9,
    0x00, 0x00, 0x00, 0x00, 0x00, 0x8D, 0x00, 0x00, 0x00, 0xAA, 0x00, 0x00, 0x32, 0x22, 0x22, 0x7F,
    0x22, 0x22, 0x22, 0xAC, 0x32, 0x14, 0xF7, 0xFF, 0xFF, 0xEE, 0xEE, 0xEE, 0xEE, 0xFE, 0xFF, 0x4F,
    0x11, 0x01, 0x00, 0x00, 0x00, 0x00, 0x00, 0x00, 0x00, 0x01,
    // Unicode: [0x4E95]
    0x00, 0x00, 0x00, 0x54, 0x01, 0x00, 0x31, 0x01, 0x00, 0x00, 0x00, 0x00, 0x00, 0x00, 0xEA, 0x01,
    0x00, 0xF2, 0x08, 0x00, 0x00, 0x00, 0x00, 0x00, 0x00, 0xD9, 0x00, 0x00, 0xF1, 0x05, 0x00, 0x00,
    0x00, 0x00, 0x00, 0x00, 0xC9, 0x00, 0x00, 0xF0, 0x05, 0x00, 0x00, 0x00, 0x00, 0x00, 0x00, 0xC8,
    0x00, 0x00, 0xF0, 0x05, 0x00, 0x00, 0x00, 0x00, 0xEC, 0xDE, 0xFE, 0xDD, 0xDD, 0xFD, 0xEE, 0xFE,
    0x0B, 0x00, 0x00, 0x44, 0x34, 0xD9, 0x33, 0x33, 0xF3, 0x47, 0x54, 0x04, 0x00, 0x00, 0x00, 0x00,
    0xC8, 0x00, 0x00, 0xF0, 0x05, 0x00, 0x00, 0x00, 0x00, 0x00, 0x00, 0xC8, 0x00, 0x00, 0xF0, 0x05,
    0x00, 0x00, 0x00, 0x00, 0x00, 0x00, 0xB9, 0x00, 0x00, 0xF0, 0x05, 0x00, 0x00, 0x00, 0x21, 0x12,
    0x11, 0xB9, 0x00, 0x00, 0xF1, 0x15, 0x11, 0x22, 0x00, 0xF6, 0xFF, 0xFF, 0xFF, 0xFF, 0xFF, 0xFF,
    0xFF, 0xFF, 0xFF, 0x01, 0x42, 0x33, 0x22, 0x9D, 0x22, 0x22, 0xF2, 0x26, 0x33, 0x43, 0x00, 0x00,
    0x00, 0x10, 0x6F, 0x00, 0x00, 0xF0, 0x05, 0x00, 0x00, 0x00, 0x00, 0x00, 0x50, 0x2F, 0x00, 0x00,
    0xF0, 0x05, 0x00, 0x00, 0x00, 0x00, 0x00, 0xD0, 0x0B, 0x00, 0x00, 0xF0, 0x05, 0x00, 0x00, 0x00,
    0x00, 0x00, 0xF8, 0x03, 0x00, 0x00, 0xF0, 0x05, 0x00, 0x00, 0x00, 0x00, 0x90, 0x6F, 0x00, 0x00,
    0x00, 0xF1, 0x05, 0x00, 0x00, 0x00, 0x40, 0xFC, 0x06, 0x00, 0x00, 0x00, 0xF1, 0x06, 0x00, 0x00,
    0x00, 0x50, 0x4D, 0x00, 0x00, 0x00, 0x00, 0xF3, 0x07, 0x00, 0x00, 0x00,
    // Unicode: [0x4E96]
    0x00, 0x40, 0x55, 0x44, 0x44, 0x44, 0x44, 0x54, 0x35, 0x00, 0x00, 0xA0, 0xEF, 0xEE, 0xEE, 0xED,
    0xEE, 0xEE, 0x8F, 0x00, 0x00, 0x00, 0x00, 0x00, 0x00, 0x00, 0x00, 0x00, 0x00, 0x00, 0x00, 0x00,
    0x00, 0x00, 0x00, 0x00, 0x00, 0x00, 0x00, 0x00, 0x00, 0x00, 0x00, 0x00, 0x00, 0x00, 0x00, 0x00,
    0x00, 0x00, 0x70, 0x67, 0x56, 0x55, 0x55, 0x55, 0x55, 0x65, 0x66, 0x47, 0xD0, 0xEE, 0xDD, 0xDD,
    0xDD, 0xDD, 0xDD, 0xDD, 0xED, 0x7E, 0x00, 0x00, 0x00, 0x00, 0x00, 0x00, 0x00, 0x00, 0x00, 0x00,
    0x00, 0x00, 0x00, 0x00, 0x00, 0x00, 0x00, 0x00, 0x00, 0x00, 0x00, 0x20, 0x23, 0x12, 0x11, 0x11,
    0x11, 0x22, 0x23, 0x00, 0x00, 0xA0, 0xFF, 0xFF, 0xFF, 0xFF, 0xFF, 0xFF, 0xAF, 0x00, 0x00, 0x20,
    0x22, 0x11, 0x11, 0x11, 0x11, 0x21, 0x22, 0x00, 0x00, 0x00, 0x00, 0x00, 0x00, 0x00, 0x00, 0x00,
    0x00, 0x00, 0x00, 0x00, 0x00, 0x00, 0x00, 0x00, 0x00, 0x00, 0x00, 0x00, 0x00, 0x00, 0x00, 0x00,
    0x00, 0x00, 0x00, 0x00, 0x00, 0x00, 0xF3, 0xEE, 0xDD, 0xDD, 0xCC, 0xCC, 0xDD, 0xDD, 0xED, 0xEE,
    0x72, 0x66, 0x66, 0x55, 0x55, 0x55, 0x55, 0x65, 0x66, 0x66,
    // Unicode: [0x4E97]
    0x00, 0x00, 0x00, 0x00, 0x40, 0x15, 0x00, 0x00, 0x00, 0x00, 0x00, 0x00, 0x00, 0x00, 0xA0, 0x0D,
    0x00, 0x00, 0x00, 0x00, 0x00, 0x00, 0x00, 0x00, 0x90, 0x0C, 0x00, 0x00, 0x00, 0x00, 0x00, 0xBB,
    0x01, 0x00, 0x80, 0x0C, 0x00, 0x00, 0x88, 0x00, 0x00, 0x9C, 0x00, 0x00, 0x80, 0x0C, 0x00, 0x00,
    0xBB, 0x00, 0x00, 0x9C, 0x00, 0x00, 0x80, 0x0C, 0x00, 0x00, 0xA9, 0x00, 0x00, 0x9C, 0x00, 0x00,
    0x80, 0x0C, 0x00, 0x00, 0xA9, 0x00, 0x00, 0x9D, 0x00, 0x00, 0x80, 0x0C, 0x00, 0x00, 0xA9, 0x00,
    0x00, 0xFE, 0xFF, 0xFF, 0xFF, 0xFF, 0xFF, 0xFF, 0xBF, 0x00, 0x00, 0x33, 0x23, 0x22, 0x22, 0x22,
    0x22, 0x33, 0x33, 0x00, 0x00, 0x00, 0x00, 0x00, 0x00, 0x00, 0x00, 0x00, 0x00, 0x00, 0x00, 0x00,
    0x00, 0x00, 0x00, 0x00, 0x00, 0x00, 0x00, 0x00, 0x00, 0xEE, 0xDE, 0xDD, 0xDD, 0xDD, 0xDD, 0xEE,
    0x7F, 0x00, 0x00, 0x56, 0x45, 0x44, 0x44, 0x44, 0x44, 0x54, 0x35, 0x00, 0x00, 0x00, 0x00, 0x00,
    0x00, 0x00, 0x00, 0x00, 0x00, 0x00, 0x00, 0x00, 0x00, 0x00, 0x00, 0x00, 0x00, 0x00, 0x00, 0x00,
    0x00, 0x00, 0x00, 0x00, 0x00, 0x00, 0x00, 0x00, 0x00, 0x00, 0x43, 0x33, 0x22, 0x22, 0x22, 0x22,
    0x22, 0x32, 0x33, 0x14, 0xFB, 0xFF, 0xFF, 0xEE, 0xEE, 0xEE, 0xFE, 0xFF, 0xFF, 0x4F, 0x11, 0x01,
    0x00, 0x00, 0x00, 0x00, 0x00, 0x00, 0x10, 0x12,
    // Unicode: [0x4E98]
    0x20, 0x66, 0x55, 0x44, 0x44, 0x44, 0x44, 0x54, 0x65, 0x07, 0x50, 0xFF, 0xEE, 0xDD, 0xDD, 0xDD,
    0xDD, 0xEE, 0xFE, 0x0F, 0x00, 0x00, 0x00, 0x00, 0x00, 0x00, 0x00, 0x00, 0x00, 0x01, 0x00, 0x10,
    0x12, 0x00, 0x00, 0x00, 0x00, 0x21, 0x02, 0x00, 0x00, 0x40, 0xFF, 0xFF, 0xFF, 0xFE, 0xFF, 0xFF,
    0x0F, 0x00, 0x00, 0x30, 0x5F, 0x22, 0x22, 0x22, 0x22, 0x92, 0x0E, 0x00, 0x00, 0x30, 0x3F, 0x00,
    0x00, 0x00, 0x00, 0x80, 0x0E, 0x00, 0x00, 0x30, 0x3F, 0x00, 0x00, 0x00, 0x00, 0x80, 0x0E, 0x00,
    0x00, 0x30, 0xEF, 0xEE, 0xEE, 0xEE, 0xEE, 0xFE, 0x0D, 0x00, 0x00, 0x30, 0x4F, 0x11, 0x11, 0x11,
    0x11, 0x81, 0x0D, 0x00, 0x00, 0x30, 0x3F, 0x00, 0x00, 0x00, 0x00, 0x80, 0x0E, 0x00, 0x00, 0x30,
    0x3F, 0x00, 0x00, 0x00, 0x00, 0x80, 0x0E, 0x00, 0x00, 0x40, 0xEF, 0xEE, 0xEE, 0xEE, 0xEE, 0xFE,
    0x0E, 0x00, 0x00, 0x20, 0x45, 0x33, 0x22, 0x22, 0x32, 0x43, 0x05, 0x00, 0x00, 0x00, 0x00, 0x00,
    0x00, 0x00, 0x00, 0x00, 0x00, 0x00, 0x22, 0x11, 0x11, 0x00, 0x00, 0x00, 0x00, 0x11, 0x11, 0x22,
    0xFA, 0xFF, 0xFF, 0xFF, 0xFF, 0xFF, 0xFF, 0xFF, 0xFF, 0xEF, 0x33, 0x23, 0x22, 0x11, 0x11, 0x11,
    0x11, 0x21, 0x32, 0x43,
    // Unicode: [0x4E99]
    0x10, 0x77, 0x66, 0x55, 0x55, 0x55, 0x55, 0x66, 0x76, 0x06, 0x10, 0xDE, 0xCC, 0xDE, 0xCC, 0xCC,
    0xCC, 0xCC, 0xDD, 0x0A, 0x00, 0x00, 0x00, 0x4E, 0x00, 0x00, 0x00, 0x00, 0x00, 0x00, 0x00, 0x00,
    0x40, 0x1F, 0x00, 0x00, 0x00, 0x00, 0x00, 0x00, 0x00, 0x00, 0x80, 0x3C, 0x33, 0x33, 0x33, 0x33,
    0x03, 0x00, 0x00, 0x00, 0xC0, 0xEF, 0xEE, 0xEE, 0xEE, 0xFE, 0x0E, 0x00, 0x00, 0x00, 0xF2, 0x03,
    0x00, 0x00, 0x00, 0xA0, 0x0A, 0x00, 0x00, 0x00, 0xE6, 0x20, 0x6E, 0x00, 0x00, 0xD0, 0x07, 0x00,
    0x00, 0x00, 0xAA, 0x00, 0xD6, 0x3C, 0x00, 0xF1, 0x04, 0x00, 0x00, 0x00, 0x5E, 0x00, 0x00, 0xF8,
    0x08, 0xF4, 0x01, 0x00, 0x00, 0x40, 0x1F, 0x30, 0x00, 0x40, 0x04, 0xD6, 0x00, 0x00, 0x00, 0x80,
    0x0C, 0xE1, 0x3C, 0x00, 0x00, 0xA9, 0x00, 0x00, 0x00, 0xD0, 0x08, 0x10, 0xF8, 0x19, 0x00, 0x7C,
    0x00, 0x00, 0x00, 0x30, 0x02, 0x00, 0x30, 0xBC, 0x00, 0x4F, 0x00, 0x00, 0x00, 0x00, 0x00, 0x00,
    0x00, 0x11, 0x30, 0x1F, 0x00, 0x00, 0x43, 0x33, 0x23, 0x22, 0x22, 0x22, 0x72, 0x2E, 0x33, 0x44,
    0xFA, 0xFF, 0xFF, 0xFF, 0xFF, 0xFF, 0xFF, 0xFF, 0xFF, 0xEF, 0x22, 0x11, 0x01, 0x00, 0x00, 0x00,
    0x00, 0x10, 0x11, 0x22,
    // Unicode: [0x4E9A]
    0x40, 0xEF, 0xEE, 0xDD, 0xDD, 0xDD, 0xDD, 0xEE, 0xFE, 0x05, 0x20, 0x55, 0x44, 0xE4, 0x48, 0x84,
    0x4F, 0x44, 0x55, 0x02, 0x00, 0x00, 0x00, 0xE0, 0x06, 0x60, 0x0F, 0x00, 0x00, 0x00, 0x00, 0x00,
    0x00, 0xE0, 0x06, 0x60, 0x0F, 0x00, 0x00, 0x00, 0x00, 0x05, 0x00, 0xE0, 0x06, 0x60, 0x0F, 0x00,
    0x50, 0x00, 0x30, 0x5F, 0x00, 0xE0, 0x06, 0x60, 0x0F, 0x00, 0xF1, 0x0C, 0x00, 0xD9, 0x00, 0xE0,
    0x06, 0x60, 0x0F, 0x00, 0xE7, 0x02, 0x00, 0xF2, 0x07, 0xE0, 0x06, 0x60, 0x0F, 0x00, 0x7E, 0x00,
    0x00, 0x90, 0x1E, 0xE0, 0x06, 0x60, 0x0F, 0x70, 0x0D, 0x00, 0x00, 0x20, 0x7F, 0xE0, 0x06, 0x60,
    0x0F, 0xE1, 0x05, 0x00, 0x00, 0x00, 0xEA, 0xE1, 0x06, 0x60, 0x0F, 0xCB, 0x00, 0x00, 0x00, 0x00,
    0x63, 0xE0, 0x06, 0x60, 0x1F, 0x38, 0x00, 0x00, 0x00, 0x00, 0x00, 0xE0, 0x06, 0x60, 0x0F, 0x00,
    0x00, 0x00, 0x00, 0x00, 0x00, 0xE0, 0x06, 0x60, 0x0F, 0x00, 0x00, 0x00, 0x00, 0x00, 0x00, 0xE0,
    0x06, 0x60, 0x0F, 0x00, 0x00, 0x00, 0x64, 0x56, 0x55, 0xE4, 0x49, 0x84, 0x4F, 0x54, 0x55, 0x46,
    0xF9, 0xEE, 0xEE, 0xDD, 0xDD, 0xDD, 0xDD, 0xEE, 0xEE, 0x9F,
    // Unicode: [0x4E9B]
    0x00, 0x00, 0x00, 0x00, 0x00, 0x30, 0x24, 0x00, 0x00, 0x00, 0x00, 0x00, 0x00, 0x00, 0x9D, 0x00,
    0x80, 0x2F, 0x00, 0x00, 0x00, 0x00, 0x00, 0x22, 0x00, 0x6E, 0x00, 0x70, 0x0D, 0x00, 0x10, 0x00,
    0x00, 0x00, 0xCB, 0x00, 0x5D, 0x00, 0x70, 0x0D, 0x00, 0xC2, 0x19, 0x00, 0x00, 0x8A, 0x00, 0x5D,
    0x00, 0x70, 0x0D, 0x60, 0xEE, 0x3A, 0x00, 0x00, 0x8A, 0x00, 0xED, 0xEE, 0x75, 0x2D, 0xEB, 0x18,
    0x00, 0x00, 0x00, 0x8A, 0x00, 0x7D, 0x43, 0x72, 0xFF, 0x19, 0x00, 0x00, 0x00, 0x00, 0x8A, 0x00,
    0x5D, 0x00, 0x70, 0x2E, 0x00, 0x00, 0x00, 0x00, 0x00, 0x8A, 0x00, 0x5D, 0x00, 0x70, 0x0D, 0x00,
    0x00, 0x00, 0x00, 0x00, 0x8A, 0x00, 0x5D, 0x10, 0x73, 0x0D, 0x00, 0x00, 0xC3, 0x02, 0x00, 0x8A,
    0x42, 0xCE, 0xFD, 0x7A, 0x1E, 0x00, 0x10, 0xF9, 0x01, 0xA5, 0xFE, 0xFF, 0x9C, 0x36, 0x41, 0xFF,
    0xDD, 0xFD, 0x6F, 0x00, 0xE5, 0x7A, 0x03, 0x00, 0x00, 0x00, 0x53, 0x56, 0x45, 0x01, 0x00, 0x00,
    0x10, 0x12, 0x00, 0x00, 0x00, 0x00, 0x11, 0x02, 0x00, 0x00, 0x00, 0x90, 0xFF, 0xFF, 0xFF, 0xFF,
    0xFF, 0xFF, 0x0D, 0x00, 0x00, 0x00, 0x20, 0x22, 0x11, 0x11, 0x11, 0x11, 0x21, 0x02, 0x00, 0x00,
    0x00, 0x00, 0x00, 0x00, 0x00, 0x00, 0x00, 0x00, 0x00, 0x00, 0x00, 0x00, 0x00, 0x00, 0x00, 0x00,
    0x00, 0x00, 0x00, 0x00, 0x00, 0x00, 0xF1, 0xEF, 0xDE, 0xDD, 0xDD, 0xDD, 0xDD, 0xED, 0xEE, 0x7F,
    0x00, 0x71, 0x56, 0x45, 0x44, 0x44, 0x44, 0x44, 0x54, 0x65, 0x36, 0x00,
    // Unicode: [0x4E9C]
    0xB0, 0xEF, 0xEE, 0xDE, 0xDD, 0xDD, 0xED, 0xEE, 0xFE, 0x4F, 0x40, 0x45, 0x34, 0xE3, 0x38, 0x33,
    0x7E, 0x43, 0x44, 0x25, 0x00, 0x00, 0x00, 0xE0, 0x06, 0x00, 0x5E, 0x00, 0x00, 0x00, 0x00, 0x00,
    0x00, 0xE0, 0x06, 0x00, 0x5E, 0x00, 0x00, 0x00, 0x00, 0x11, 0x00, 0xE0, 0x06, 0x00, 0x5E, 0x00,
    0x10, 0x00, 0x00, 0xF7, 0xFF, 0xFE, 0xEE, 0xEE, 0xFF, 0xFF, 0xFF, 0x00, 0x00, 0xE6, 0x11, 0xE1,
    0x16, 0x11, 0x5E, 0x11, 0xF6, 0x00, 0x00, 0xE5, 0x00, 0xE0, 0x06, 0x00, 0x5E, 0x00, 0xF5, 0x00,
    0x00, 0xE5, 0x00, 0xE0, 0x06, 0x00, 0x5E, 0x00, 0xF5, 0x00, 0x00, 0xE5, 0x00, 0xE0, 0x06, 0x00,
    0x5E, 0x00, 0xF5, 0x00, 0x00, 0xF7, 0xDD, 0xFD, 0xDE, 0xDD, 0xEF, 0xDD, 0xFE, 0x00, 0x00, 0x43,
    0x34, 0xE3, 0x27, 0x22, 0x7E, 0x33, 0x54, 0x00, 0x00, 0x00, 0x00, 0xE0, 0x06, 0x00, 0x5E, 0x00,
    0x00, 0x00, 0x00, 0x00, 0x00, 0xE0, 0x06, 0x00, 0x5E, 0x00, 0x00, 0x00, 0x00, 0x00, 0x00, 0xE0,
    0x06, 0x00, 0x5E, 0x00, 0x00, 0x00, 0x32, 0x22, 0x12, 0xE1, 0x16, 0x11, 0x6E, 0x21, 0x22, 0x33,
    0xF9, 0xFF, 0xFF, 0xFF, 0xFF, 0xFF, 0xFF, 0xFF, 0xFF, 0xDF, 0x32, 0x22, 0x12, 0x11, 0x11, 0x11,
    0x11, 0x21, 0x22, 0x33,
    // Unicode: [0x4E9D]
    0x00, 0x00, 0x00, 0x00, 0x55, 0x00, 0x00, 0x00, 0x00, 0x00, 0x00, 0x00, 0x00, 0x30, 0xEE, 0x03,
    0x00, 0x00, 0x00, 0x00, 0x00, 0x00, 0x00, 0xE3, 0x1B, 0x00, 0x69, 0x00, 0x00, 0x00, 0x00, 0x00,
    0x50, 0x8E, 0x00, 0x00, 0xE4, 0x09, 0x00, 0x00, 0x00, 0x10, 0xE9, 0x15, 0x11, 0x22, 0x52, 0xAE,
    0x00, 0x00, 0x00, 0xF3, 0xFF, 0xFF, 0xEF, 0xDE, 0xCD, 0xDB, 0x0B, 0x00, 0x00, 0x70, 0x27, 0x01,
    0x00, 0x00, 0x50, 0x14, 0x5D, 0x00, 0x00, 0x60, 0x5F, 0x00, 0x00, 0x00, 0xE1, 0x1B, 0x01, 0x00,
    0x00, 0xD1, 0x07, 0x78, 0x00, 0x00, 0xC7, 0x11, 0x0B, 0x00, 0x00, 0xB9, 0x00, 0xE2, 0x02, 0x20,
    0x3E, 0x00, 0x8B, 0x00, 0x80, 0x5F, 0x44, 0xC4, 0x09, 0xD3, 0x17, 0x21, 0xF5, 0x02, 0xF5, 0xDF,
    0xBC, 0xAA, 0x2F, 0xFB, 0xFF, 0xEE, 0xED, 0x0A, 0x31, 0x00, 0x00, 0x00, 0x16, 0x32, 0x01, 0x00,
    0x30, 0x1E, 0x00, 0x00, 0x00, 0x00, 0x00, 0x00, 0x00, 0x00, 0x00, 0x01, 0x00, 0xF4, 0xDE, 0xDD,
    0xCD, 0xDC, 0xDD, 0xED, 0x7F, 0x00, 0x00, 0x51, 0x34, 0x23, 0x22, 0x22, 0x32, 0x43, 0x35, 0x00,
    0x00, 0x00, 0x00, 0x00, 0x00, 0x00, 0x00, 0x00, 0x00, 0x00, 0x11, 0x00, 0x00, 0x00, 0x00, 0x00,
    0x00, 0x00, 0x00, 0x10, 0xF9, 0xEF, 0xEE, 0xDD, 0xDD, 0xDD, 0xDD, 0xED, 0xFE, 0xEF, 0x53, 0x44,
    0x33, 0x33, 0x22, 0x22, 0x33, 0x33, 0x44, 0x55,
    // Unicode: [0x4E9E]
    0x20, 0x11, 0x01, 0x00, 0x00, 0x00, 0x00, 0x10, 0x11, 0x02, 0xD0, 0xFF, 0xFF, 0xFF, 0xFF, 0xFF,
    0xFF, 0xFF, 0xFF, 0x2F, 0x20, 0x12, 0x11, 0xF1, 0x15, 0x51, 0x1F, 0x11, 0x21, 0x03, 0x00, 0x00,
    0x00, 0xF0, 0x05, 0x40, 0x0F, 0x00, 0x00, 0x00, 0x00, 0x00, 0x00, 0xF0, 0x05, 0x40, 0x0F, 0x00,
    0x00, 0x00, 0x00, 0x00, 0x00, 0xF0, 0x05, 0x40, 0x0F, 0x00, 0x00, 0x00, 0x10, 0xCD, 0xCC, 0xFC,
    0x06, 0x50, 0xCF, 0xCC, 0xED, 0x05, 0x00, 0x9F, 0x44, 0x55, 0x02, 0x20, 0x45, 0x44, 0xF6, 0x04,
    0x00, 0x7E, 0x00, 0x00, 0x00, 0x00, 0x00, 0x00, 0xF2, 0x04, 0x00, 0x7E, 0x00, 0x00, 0x00, 0x00,
    0x00, 0x00, 0xF2, 0x04, 0x00, 0x7E, 0x00, 0x00, 0x00, 0x00, 0x00, 0x00, 0xF2, 0x04, 0x00, 0x9F,
    0x44, 0x54, 0x02, 0x10, 0x56, 0x44, 0xF6, 0x04, 0x10, 0xCD, 0xCC, 0xFC, 0x05, 0x20, 0xCF, 0xBB,
    0xCC, 0x04, 0x00, 0x00, 0x00, 0xF0, 0x04, 0x10, 0x4F, 0x00, 0x00, 0x00, 0x00, 0x00, 0x00, 0xF0,
    0x04, 0x10, 0x4F, 0x00, 0x00, 0x00, 0x00, 0x00, 0x00, 0xF0, 0x04, 0x10, 0x4F, 0x00, 0x00, 0x00,
    0x33, 0x22, 0x12, 0xF2, 0x15, 0x21, 0x5F, 0x21, 0x22, 0x23, 0xFC, 0xFF, 0xFF, 0xFF, 0xFF, 0xFF,
    0xFF, 0xFF, 0xFF, 0x9F, 0x33, 0x22, 0x12, 0x11, 0x11, 0x11, 0x11, 0x21, 0x22, 0x23,
    // Unicode: [0x4E9F]
    0x00, 0x33, 0x22, 0x22, 0x22, 0x22, 0x22, 0x33, 0x03, 0x00, 0x00, 0xFF, 0xEE, 0xEE, 0xEE, 0xEE,
    0xEE, 0xFF, 0x1F, 0x00, 0x00, 0x00, 0x00, 0x00, 0x00, 0x00, 0xB2, 0x7E, 0x01, 0x00, 0x00, 0x00,
    0x00, 0x00, 0x00, 0x81, 0xAF, 0x02, 0x00, 0x00, 0x00, 0x00, 0x00, 0x00, 0x50, 0xED, 0x05, 0x00,
    0x00, 0x00, 0x30, 0x77, 0x77, 0x27, 0xB0, 0x2B, 0x23, 0x22, 0x22, 0x01, 0x60, 0x9E, 0x99, 0x3F,
    0xB0, 0x48, 0xEF, 0xEE, 0xFE, 0x02, 0x60, 0x0C, 0x00, 0x3F, 0xB0, 0x08, 0x00, 0x00, 0xC7, 0x00,
    0x60, 0x0C, 0x00, 0x3F, 0xB0, 0x08, 0x9A, 0x00, 0x6D, 0x00, 0x60, 0x0C, 0x00, 0x3F, 0xB0, 0x08,
    0xB2, 0x8C, 0x0D, 0x00, 0x60, 0x0C, 0x00, 0x3F, 0xB0, 0x08, 0x00, 0xF9, 0x06, 0x00, 0x60, 0xCE,
    0xCC, 0x3F, 0xB0, 0x08, 0x10, 0xBD, 0x1D, 0x00, 0x60, 0x4D, 0x44, 0x4F, 0xB0, 0x08, 0xC1, 0x0B,
    0xC9, 0x01, 0x70, 0x0C, 0x00, 0x3A, 0xB0, 0x48, 0xCD, 0x01, 0xC0, 0x0B, 0x10, 0x02, 0x00, 0x42,
    0xE4, 0x08, 0x17, 0x00, 0x30, 0x03, 0x00, 0x00, 0x00, 0xF3, 0xEF, 0x04, 0x00, 0x00, 0x00, 0x00,
    0x00, 0x00, 0x00, 0x20, 0x01, 0x00, 0x00, 0x00, 0x00, 0x00, 0xFE, 0xEE, 0xDD, 0xDD, 0xDD, 0xDD,
    0xDD, 0xED, 0xEE, 0x9F, 0x66, 0x55, 0x45, 0x44, 0x44, 0x44, 0x44, 0x54, 0x65, 0x46,
    // Unicode: [0x4EA0]
    0x00, 0x00, 0x00, 0x50, 0x04, 0x00, 0x00, 0x00, 0x00, 0x00, 0x00, 0x00, 0x00, 0x90, 0x3E, 0x00,
    0x00, 0x00, 0x00, 0x00, 0x00, 0x00, 0x00, 0x00, 0xE9, 0x03, 0x00, 0x00, 0x00, 0x00, 0x00, 0x00,
    0x00, 0x00, 0xB0, 0x2D, 0x00, 0x00, 0x00, 0x00, 0x00, 0x00, 0x00, 0x00, 0x10, 0xCD, 0x00, 0x00,
    0x00, 0x00, 0x00, 0x00, 0x00, 0x00, 0x00, 0x33, 0x00, 0x00, 0x00, 0x00, 0x00, 0x00, 0x00, 0x00,
    0x00, 0x00, 0x00, 0x00, 0x00, 0x00, 0x71, 0x66, 0x55, 0x45, 0x44, 0x44, 0x44, 0x55, 0x65, 0x66,
    0xF3, 0xFF, 0xFF, 0xFF, 0xEF, 0xEE, 0xFF, 0xFF, 0xFF, 0xDF, 0x20, 0x11, 0x00, 0x00, 0x00, 0x00,
    0x00, 0x00, 0x10, 0x21,
    // Unicode: [0x4EA1]
    0x00, 0x00, 0x00, 0x10, 0x3A, 0x00, 0x00, 0x00, 0x00, 0x00, 0x00, 0x00, 0x00, 0x00, 0xEB, 0x02,
    0x00, 0x00, 0x00, 0x00, 0x00, 0x00, 0x00, 0x00, 0xB1, 0x1D, 0x00, 0x00, 0x00, 0x00, 0x00, 0x00,
    0x00, 0x00, 0x10, 0xAE, 0x00, 0x00, 0x00, 0x00, 0x00, 0x00, 0x00, 0x00, 0x00, 0x23, 0x00, 0x00,
    0x00, 0x00, 0xFB, 0xEE, 0xDE, 0xDD, 0xDD, 0xDD, 0xDD, 0xDD, 0xEE, 0xBF, 0x54, 0x45, 0x8F, 0x33,
    0x33, 0x33, 0x33, 0x44, 0x44, 0x45, 0x00, 0x00, 0x6F, 0x00, 0x00, 0x00, 0x00, 0x00, 0x00, 0x00,
    0x00, 0x00, 0x6F, 0x00, 0x00, 0x00, 0x00, 0x00, 0x00, 0x00, 0x00, 0x00, 0x6F, 0x00, 0x00, 0x00,
    0x00, 0x00, 0x00, 0x00, 0x00, 0x00, 0x6F, 0x00, 0x00, 0x00, 0x00, 0x00, 0x00, 0x00, 0x00, 0x00,
    0x6F, 0x00, 0x00, 0x00, 0x00, 0x00, 0x00, 0x00, 0x00, 0x00, 0x6F, 0x00, 0x00, 0x00, 0x00, 0x00,
    0x00, 0x00, 0x00, 0x00, 0x6F, 0x00, 0x00, 0x00, 0x00, 0x00, 0x00, 0x00, 0x00, 0x00, 0x6F, 0x00,
    0x00, 0x00, 0x00, 0x00, 0x00, 0x00, 0x00, 0x00, 0x6F, 0x00, 0x00, 0x00, 0x00, 0x00, 0x00, 0x00,
    0x00, 0x10, 0x6F, 0x00, 0x00, 0x00, 0x00, 0x00, 0x31, 0x00, 0x00, 0x20, 0xFF, 0xEE, 0xEE, 0xEE,
    0xEE, 0xFE, 0xDF, 0x00, 0x00, 0x20, 0x67, 0x55, 0x44, 0x34, 0x33, 0x33, 0x33, 0x00,
    // Unicode: [0x4EA2]
    0x00, 0x00, 0x00, 0x20, 0x1A, 0x00, 0x00, 0x00, 0x00, 0x00, 0x00, 0x00, 0x00, 0x10, 0xCC, 0x01,
    0x00, 0x00, 0x00, 0x00, 0x00, 0x00, 0x00, 0x00, 0xD1, 0x0C, 0x00, 0x00, 0x00, 0x00, 0x00, 0x00,
    0x00, 0x00, 0x30, 0x1B, 0x00, 0x00, 0x00, 0x00, 0x80, 0x78, 0x67, 0x66, 0x66, 0x66, 0x66, 0x66,
    0x77, 0x18, 0xE0, 0xDD, 0xCC, 0xCC, 0xBB, 0xBB, 0xCB, 0xCC, 0xDD, 0x1E, 0x00, 0x00, 0x00, 0x00,
    0x00, 0x00, 0x00, 0x00, 0x00, 0x00, 0x00, 0x00, 0x10, 0x01, 0x00, 0x00, 0x10, 0x00, 0x00, 0x00,
    0x00, 0x00, 0x30, 0xFF, 0xEF, 0xFE, 0xEF, 0x00, 0x00, 0x00, 0x00, 0x00, 0x30, 0x4F, 0x22, 0x22,
    0xD8, 0x00, 0x00, 0x00, 0x00, 0x00, 0x30, 0x1F, 0x00, 0x00, 0xD7, 0x00, 0x00, 0x00, 0x00, 0x00,
    0x30, 0x1F, 0x00, 0x00, 0xC7, 0x00, 0x00, 0x00, 0x00, 0x00, 0x30, 0x0F, 0x00, 0x00, 0xC8, 0x00,
    0x00, 0x00, 0x00, 0x00, 0x50, 0x0E, 0x00, 0x00, 0xC8, 0x00, 0x00, 0x00, 0x00, 0x00, 0x80, 0x0C,
    0x00, 0x00, 0xC8, 0x00, 0x00, 0x00, 0x00, 0x00, 0xD0, 0x09, 0x00, 0x00, 0xC8, 0x00, 0x00, 0x03,
    0x00, 0x00, 0xF7, 0x02, 0x00, 0x00, 0xC9, 0x00, 0x00, 0x6D, 0x00, 0x40, 0x7F, 0x00, 0x00, 0x00,
    0xC9, 0x00, 0x20, 0x4F, 0x00, 0xF7, 0x09, 0x00, 0x00, 0x00, 0xF8, 0x36, 0xB4, 0x0D, 0xC1, 0x9F,
    0x00, 0x00, 0x00, 0x00, 0xC2, 0xFE, 0xBE, 0x03, 0x30, 0x05, 0x00, 0x00, 0x00, 0x00, 0x00, 0x00,
    0x00, 0x00,
    // Unicode: [0x4EA3]
    0x00, 0x00, 0x00, 0x30, 0x04, 0x00, 0x00, 0x00, 0x00, 0x00, 0x00, 0x00, 0x00, 0xB0, 0x1E, 0x00,
    0x00, 0x00, 0x00, 0x00, 0x00, 0x00, 0x00, 0x10, 0x9E, 0x00, 0x00, 0x00, 0x00, 0x00, 0x00, 0x00,
    0x00, 0x00, 0xE6, 0x02, 0x00, 0x00, 0x00, 0x00, 0x77, 0x66, 0x56, 0x55, 0x76, 0x55, 0x65, 0x66,
    0x87, 0x01, 0xDC, 0xCC, 0xFB, 0xBD, 0xBB, 0xCB, 0xCF, 0xCC, 0xED, 0x01, 0x00, 0x00, 0xD0, 0x06,
    0x00, 0x30, 0x2F, 0x00, 0x00, 0x00, 0x00, 0x00, 0xD0, 0x06, 0x00, 0x30, 0x2F, 0x00, 0x00, 0x00,
    0x00, 0x00, 0xD0, 0x05, 0x00, 0x30, 0x2F, 0x00, 0x00, 0x00, 0x00, 0x00, 0xE0, 0x05, 0x00, 0x30,
    0x2F, 0x00, 0x00, 0x00, 0x00, 0x00, 0xF0, 0x05, 0x00, 0x30, 0x2F, 0x00, 0x00, 0x00, 0x00, 0x00,
    0xF1, 0x03, 0x00, 0x30, 0x2F, 0x00, 0x00, 0x00, 0x00, 0x00, 0xF3, 0x01, 0x00, 0x30, 0x2F, 0x00,
    0x00, 0x00, 0x00, 0x00, 0xC7, 0x00, 0x00, 0x30, 0x2F, 0x00, 0x00, 0x00, 0x00, 0x00, 0x7D, 0x00,
    0x00, 0x30, 0x2F, 0x00, 0x00, 0x00, 0x00, 0x60, 0x2F, 0x00, 0x00, 0x30, 0x2F, 0x00, 0x00, 0x00,
    0x00, 0xE3, 0x09, 0x00, 0x00, 0x30, 0x2F, 0x00, 0x00, 0x00, 0x20, 0xEE, 0x01, 0x00, 0x00, 0x30,
    0x2F, 0x00, 0x00, 0x00, 0xE4, 0x5F, 0x00, 0x00, 0x00, 0x40, 0x3F, 0x00, 0x00, 0x00, 0x91, 0x07,
    0x00, 0x00, 0x00, 0x40, 0x3F, 0x00, 0x00, 0x00,
    // Unicode: [0x4EA4]
    0x00, 0x00, 0x00, 0x20, 0x1A, 0x00, 0x00, 0x00, 0x00, 0x00, 0x00, 0x00, 0x00, 0x20, 0xEC, 0x04,
    0x00, 0x00, 0x00, 0x00, 0x00, 0x00, 0x00, 0x00, 0x90, 0x5F, 0x00, 0x00, 0x00, 0x00, 0x10, 0x00,
    0x00, 0x00, 0x00, 0x27, 0x00, 0x00, 0x00, 0x00, 0xF1, 0xFF, 0xEE, 0xEE, 0xEE, 0xEE, 0xEE, 0xEE,
    0xFE, 0x8F, 0x50, 0x44, 0x33, 0x34, 0x33, 0x33, 0x43, 0x33, 0x44, 0x35, 0x00, 0x00, 0x20, 0x8E,
    0x00, 0x00, 0xE3, 0x04, 0x00, 0x00, 0x00, 0x00, 0xC1, 0x2C, 0x00, 0x00, 0x70, 0x8F, 0x00, 0x00,
    0x00, 0x10, 0xCC, 0x01, 0x00, 0x00, 0x00, 0xE4, 0x1A, 0x00, 0x00, 0xD3, 0x1C, 0x02, 0x00, 0x00,
    0x00, 0x5A, 0xCD, 0x01, 0x20, 0xBE, 0x71, 0x1D, 0x00, 0x00, 0x60, 0x1E, 0xC2, 0x03, 0x00, 0x03,
    0x10, 0x8D, 0x00, 0x00, 0xE1, 0x07, 0x00, 0x00, 0x00, 0x00, 0x00, 0xF3, 0x05, 0x00, 0xCA, 0x00,
    0x00, 0x00, 0x00, 0x00, 0x00, 0x60, 0x4E, 0x80, 0x2E, 0x00, 0x00, 0x00, 0x00, 0x00, 0x00, 0x00,
    0xE8, 0xFA, 0x04, 0x00, 0x00, 0x00, 0x00, 0x00, 0x00, 0x00, 0xD2, 0xBF, 0x01, 0x00, 0x00, 0x00,
    0x00, 0x00, 0x00, 0x71, 0xBE, 0xD5, 0x6D, 0x00, 0x00, 0x00, 0x00, 0x00, 0x82, 0xDE, 0x06, 0x10,
    0xE7, 0x8D, 0x02, 0x00, 0x20, 0xC7, 0xDF, 0x17, 0x00, 0x00, 0x10, 0xD7, 0xDF, 0x39, 0xD1, 0xCF,
    0x06, 0x00, 0x00, 0x00, 0x00, 0x00, 0xA4, 0x2E, 0x30, 0x03, 0x00, 0x00, 0x00, 0x00, 0x00, 0x00,
    0x00, 0x00,
    // Unicode: [0x4EA5]
    0x00, 0x00, 0x00, 0x50, 0x05, 0x00, 0x00, 0x00, 0x00, 0x00, 0x00, 0x00, 0x00, 0x80, 0xBF, 0x02,
    0x00, 0x00, 0x00, 0x00, 0x00, 0x00, 0x00, 0x00, 0xD3, 0x3E, 0x00, 0x00, 0x00, 0x00, 0x60, 0x55,
    0x44, 0x44, 0x44, 0x4A, 0x44, 0x44, 0x55, 0x36, 0xF1, 0xEE, 0xDD, 0xDD, 0xDE, 0xDD, 0xDD, 0xED,
    0xEE, 0x8F, 0x00, 0x00, 0x00, 0x60, 0x5E, 0x00, 0x00, 0x00, 0x00, 0x00, 0x00, 0x00, 0x00, 0xF5,
    0x08, 0x00, 0x30, 0x04, 0x00, 0x00, 0x00, 0x00, 0x60, 0x5E, 0x00, 0x00, 0xD2, 0x3E, 0x00, 0x00,
    0x00, 0x30, 0xFA, 0x26, 0x33, 0x44, 0xDD, 0x02, 0x00, 0x00, 0x00, 0xC0, 0xFF, 0xFF, 0xDE, 0xFE,
    0x1C, 0x00, 0x00, 0x00, 0x00, 0x30, 0x23, 0x01, 0x50, 0xAE, 0x01, 0x10, 0x1A, 0x00, 0x00, 0x00,
    0x00, 0x20, 0xFA, 0x07, 0x00, 0xB1, 0x7F, 0x00, 0x00, 0x00, 0x20, 0xF9, 0x2C, 0x00, 0x10, 0xDC,
    0x03, 0x00, 0x00, 0x62, 0xFB, 0x5D, 0x00, 0x00, 0xD3, 0x2D, 0x00, 0x00, 0x10, 0xFC, 0x5B, 0x00,
    0x00, 0x70, 0xBF, 0x01, 0x00, 0x00, 0x00, 0x23, 0x00, 0x00, 0x30, 0xFC, 0x4E, 0x00, 0x00, 0x00,
    0x00, 0x00, 0x00, 0x30, 0xFA, 0x4C, 0xF9, 0x3B, 0x00, 0x00, 0x00, 0x00, 0x83, 0xFC, 0x5C, 0x00,
    0x20, 0xFB, 0x2A, 0x00, 0x40, 0xEC, 0xEF, 0x49, 0x00, 0x00, 0x00, 0x50, 0xEE, 0x06, 0x00, 0x8C,
    0x04, 0x00, 0x00, 0x00, 0x00, 0x00, 0xC2, 0x06,
    // Unicode: [0x4EA6]
    0x00, 0x00, 0x00, 0x20, 0x19, 0x00, 0x00, 0x00, 0x00, 0x00, 0x00, 0x00, 0x00, 0x00, 0x30, 0xBE,
    0x01, 0x00, 0x00, 0x00, 0x00, 0x00, 0x00, 0x00, 0x00, 0x00, 0xE3, 0x0A, 0x00, 0x00, 0x00, 0x00,
    0x00, 0x00, 0x00, 0x00, 0x00, 0x60, 0x5F, 0x00, 0x00, 0x00, 0x00, 0x00, 0x60, 0x55, 0x44, 0x44,
    0x44, 0x48, 0x44, 0x44, 0x54, 0x26, 0x00, 0xE0, 0xDE, 0xDD, 0xED, 0xCE, 0xCC, 0xFE, 0xDD, 0xED,
    0x4F, 0x00, 0x00, 0x00, 0x00, 0x80, 0x0C, 0x00, 0xE7, 0x00, 0x00, 0x00, 0x00, 0x00, 0x00, 0x00,
    0x80, 0x0C, 0x00, 0xE7, 0x00, 0x00, 0x00, 0x00, 0x00, 0x20, 0x16, 0x90, 0x0C, 0x00, 0xE7, 0x40,
    0x01, 0x00, 0x00, 0x00, 0x60, 0x9F, 0x90, 0x0B, 0x00, 0xE7, 0xD0, 0x0B, 0x00, 0x00, 0x00, 0xB0,
    0x0B, 0xA0, 0x0B, 0x00, 0xE7, 0x30, 0x7E, 0x00, 0x00, 0x00, 0xF4, 0x03, 0xB0, 0x0A, 0x00, 0xE7,
    0x00, 0xF6, 0x04, 0x00, 0x10, 0xAC, 0x00, 0xE0, 0x08, 0x00, 0xE7, 0x00, 0xB0, 0x1D, 0x00, 0x90,
    0x2E, 0x00, 0xF3, 0x05, 0x00, 0xE7, 0x00, 0x20, 0x9E, 0x00, 0xF9, 0x06, 0x00, 0xF8, 0x01, 0x00,
    0xE7, 0x00, 0x00, 0xE7, 0x01, 0x96, 0x00, 0x20, 0x9F, 0x00, 0x00, 0xE7, 0x00, 0x00, 0x21, 0x00,
    0x00, 0x00, 0xC1, 0x1D, 0x00, 0x00, 0xE7, 0x00, 0x00, 0x00, 0x00, 0x00, 0x20, 0xEB, 0x03, 0x00,
    0x00, 0xDB, 0x00, 0x00, 0x00, 0x00, 0x10, 0xE7, 0x3E, 0x00, 0x60, 0xEE, 0xAF, 0x00, 0x00, 0x00,
    0x00, 0x30, 0xCC, 0x02, 0x00, 0x00, 0xAC, 0x06, 0x00, 0x00, 0x00, 0x00,
    // Unicode: [0x4EA7]
    0x00, 0x00, 0x00, 0x00, 0x30, 0x04, 0x00, 0x00, 0x00, 0x00, 0x00, 0x00, 0x00, 0x00, 0xB0, 0x1D,
    0x00, 0x00, 0x00, 0x00, 0x00, 0x01, 0x00, 0x00, 0x10, 0x7D, 0x00, 0x00, 0x00, 0x01, 0x00, 0xFD,
    0xEF, 0xEE, 0xEE, 0xFF, 0xEE, 0xEE, 0xFF, 0x1F, 0x00, 0x44, 0x34, 0x33, 0x23, 0x22, 0x32, 0x35,
    0x43, 0x05, 0x00, 0x00, 0x10, 0x4D, 0x00, 0x00, 0x00, 0xCC, 0x02, 0x00, 0x00, 0x00, 0x00, 0xEA,
    0x01, 0x00, 0x50, 0x6F, 0x00, 0x00, 0x00, 0x00, 0x00, 0xD0, 0x09, 0x00, 0xD1, 0x08, 0x00, 0x00,
    0x00, 0x32, 0x22, 0x52, 0x4F, 0x22, 0xD9, 0x22, 0x22, 0x33, 0x00, 0xF9, 0xFF, 0xFF, 0xFF, 0xFF,
    0xFF, 0xFF, 0xFF, 0xBF, 0x00, 0xC9, 0x00, 0x00, 0x00, 0x00, 0x00, 0x00, 0x11, 0x22, 0x00, 0xB8,
    0x00, 0x00, 0x00, 0x00, 0x00, 0x00, 0x00, 0x00, 0x00, 0xB8, 0x00, 0x00, 0x00, 0x00, 0x00, 0x00,
    0x00, 0x00, 0x00, 0xA9, 0x00, 0x00, 0x00, 0x00, 0x00, 0x00, 0x00, 0x00, 0x00, 0xAA, 0x00, 0x00,
    0x00, 0x00, 0x00, 0x00, 0x00, 0x00, 0x00, 0x8B, 0x00, 0x00, 0x00, 0x00, 0x00, 0x00, 0x00, 0x00,
    0x00, 0x6E, 0x00, 0x00, 0x00, 0x00, 0x00, 0x00, 0x00, 0x00, 0x50, 0x2F, 0x00, 0x00, 0x00, 0x00,
    0x00, 0x00, 0x00, 0x00, 0xC0, 0x0D, 0x00, 0x00, 0x00, 0x00, 0x00, 0x00, 0x00, 0x00, 0xF5, 0x07,
    0x00, 0x00, 0x00, 0x00, 0x00, 0x00, 0x00, 0x00, 0x30, 0x01, 0x00, 0x00, 0x00, 0x00, 0x00, 0x00,
    0x00, 0x00,
    // Unicode: [0x4EA8]
    0x00, 0x00, 0x00, 0x00, 0x91, 0x02, 0x00, 0x00, 0x00, 0x00, 0x00, 0x00, 0x00, 0x00, 0xA0, 0x0C,
    0x00, 0x00, 0x00, 0x00, 0x50, 0x45, 0x34, 0x33, 0x43, 0x7E, 0x33, 0x33, 0x44, 0x45, 0xF1, 0xEE,
    0xDE, 0xDD, 0xDD, 0xDD, 0xDD, 0xED, 0xEE, 0xAF, 0x00, 0x00, 0x00, 0x00, 0x00, 0x00, 0x00, 0x00,
    0x00, 0x00, 0x00, 0x00, 0xED, 0xEE, 0xEE, 0xEE, 0xEE, 0xEE, 0x0B, 0x00, 0x00, 0x00, 0x9D, 0x22,
    0x22, 0x22, 0x22, 0xA2, 0x0B, 0x00, 0x00, 0x00, 0x8C, 0x00, 0x00, 0x00, 0x00, 0x90, 0x0B, 0x00,
    0x00, 0x00, 0x8D, 0x00, 0x00, 0x00, 0x00, 0x90, 0x0B, 0x00, 0x00, 0x00, 0xFD, 0xEE, 0xEE, 0xEE,
    0xEE, 0xFE, 0x0B, 0x00, 0x00, 0x00, 0x22, 0x11, 0x11, 0x11, 0x11, 0x22, 0x01, 0x00, 0x00, 0x33,
    0x33, 0x33, 0x23, 0x22, 0x32, 0x33, 0x33, 0x01, 0x10, 0xFF, 0xEE, 0xEE, 0xEE, 0xEE, 0xEE, 0xFE,
    0xFF, 0x03, 0x00, 0x00, 0x00, 0x00, 0x00, 0x00, 0xA3, 0xAF, 0x04, 0x00, 0x00, 0x00, 0x00, 0x00,
    0x00, 0xB2, 0x9F, 0x02, 0x00, 0x00, 0x00, 0x00, 0x00, 0x00, 0x00, 0xF4, 0x02, 0x00, 0x00, 0x00,
    0x00, 0x00, 0x00, 0x00, 0x00, 0xF4, 0x01, 0x00, 0x00, 0x00, 0x00, 0x00, 0x00, 0x00, 0x00, 0xF5,
    0x01, 0x00, 0x00, 0x00, 0x00, 0x00, 0x00, 0x63, 0x65, 0xFC, 0x00, 0x00, 0x00, 0x00, 0x00, 0x00,
    0x00, 0xF3, 0xDF, 0x5B, 0x00, 0x00, 0x00, 0x00,
    // Unicode: [0x4EA9]
    0x00, 0x00, 0x00, 0x00, 0x22, 0x00, 0x00, 0x00, 0x00, 0x00, 0x00, 0x00, 0x00, 0x00, 0xBD, 0x00,
    0x00, 0x00, 0x00, 0x00, 0x00, 0x00, 0x00, 0x00, 0xF5, 0x03, 0x00, 0x00, 0x00, 0x00, 0x54, 0x44,
    0x34, 0x33, 0xD3, 0x39, 0x33, 0x43, 0x44, 0x55, 0xFC, 0xFF, 0xFF, 0xEE, 0xEE, 0xEE, 0xEE, 0xFF,
    0xFF, 0xEF, 0x11, 0x01, 0x00, 0x00, 0x00, 0x00, 0x00, 0x00, 0x00, 0x11, 0x00, 0x00, 0x00, 0x00,
    0x00, 0x00, 0x00, 0x00, 0x00, 0x00, 0x00, 0xF6, 0xEE, 0xDD, 0xDD, 0xDD, 0xDD, 0xEE, 0x2F, 0x00,
    0x00, 0xF5, 0x44, 0x44, 0xC4, 0x4B, 0x44, 0x84, 0x2F, 0x00, 0x00, 0xF4, 0x00, 0x00, 0xB0, 0x09,
    0x00, 0x50, 0x1F, 0x00, 0x00, 0xF4, 0x00, 0x00, 0xB0, 0x09, 0x00, 0x50, 0x1F, 0x00, 0x00, 0xF4,
    0x01, 0x00, 0xB0, 0x09, 0x00, 0x50, 0x1F, 0x00, 0x00, 0xF4, 0xFF, 0xFF, 0xFF, 0xFF, 0xFF, 0xFF,
    0x1F, 0x00, 0x00, 0xF4, 0x22, 0x22, 0xC2, 0x2A, 0x22, 0x62, 0x1F, 0x00, 0x00, 0xF4, 0x00, 0x00,
    0xB0, 0x09, 0x00, 0x50, 0x1F, 0x00, 0x00, 0xF4, 0x00, 0x00, 0xB0, 0x09, 0x00, 0x50, 0x1F, 0x00,
    0x00, 0xF4, 0x00, 0x00, 0xB0, 0x09, 0x00, 0x50, 0x1F, 0x00, 0x00, 0xF5, 0xEE, 0xEE, 0xFE, 0xEF,
    0xEE, 0xFE, 0x2F, 0x00, 0x00, 0xF5, 0x33, 0x33, 0x33, 0x33, 0x33, 0x73, 0x2F, 0x00, 0x00, 0xF6,
    0x00, 0x00, 0x00, 0x00, 0x00, 0x50, 0x3F, 0x00,
    // Unicode: [0x4EAA]
    0x00, 0x00, 0x00, 0x40, 0x08, 0x00, 0x00, 0x00, 0x00, 0x00, 0x00, 0x00, 0x00, 0x40, 0x3F, 0x00,
    0x00, 0x00, 0x00, 0x00, 0x43, 0x33, 0x22, 0x22, 0xBA, 0x22, 0x22, 0x32, 0x43, 0x00, 0xFB, 0xFF,
    0xEF, 0xFE, 0xEE, 0xFE, 0xEF, 0xFF, 0xFF, 0x00, 0x11, 0x10, 0x00, 0xF3, 0x00, 0xD0, 0x07, 0x00,
    0x21, 0x00, 0x00, 0xB0, 0x09, 0xD5, 0x00, 0xD0, 0x27, 0x07, 0x00, 0x00, 0x00, 0xF6, 0x04, 0xB8,
    0x00, 0xD0, 0x37, 0xBE, 0x01, 0x00, 0x50, 0x5F, 0x00, 0x6D, 0x00, 0xD0, 0x07, 0xC2, 0x3D, 0x00,
    0xF9, 0x07, 0x50, 0x1E, 0x00, 0xD0, 0x07, 0x10, 0xEB, 0x02, 0x64, 0x00, 0xE3, 0x07, 0x30, 0xF3,
    0x06, 0x00, 0x40, 0x00, 0x00, 0x70, 0xBF, 0x00, 0xC0, 0xEF, 0x03, 0x00, 0x00, 0x00, 0x00, 0x20,
    0x08, 0x00, 0x30, 0x03, 0x00, 0x00, 0x00, 0x00, 0xFB, 0xEE, 0xEE, 0xEE, 0xEE, 0xEE, 0xFE, 0x05,
    0x00, 0x00, 0x43, 0x33, 0x33, 0x33, 0x33, 0x33, 0xF4, 0x04, 0x00, 0x00, 0x00, 0x00, 0x00, 0x00,
    0x00, 0x00, 0xE0, 0x05, 0x00, 0x00, 0x00, 0x00, 0x00, 0x00, 0x00, 0x00, 0xB0, 0x09, 0x00, 0x00,
    0x00, 0x00, 0x00, 0x00, 0x00, 0x00, 0x40, 0x3F, 0x00, 0x00, 0x00, 0x00, 0x00, 0x00, 0x00, 0x00,
    0x00, 0xE9, 0x05, 0x00, 0x00, 0x00, 0x00, 0x00, 0x00, 0x00, 0x00, 0x90, 0xCF, 0x03, 0x00, 0x00,
    0x00, 0x00, 0x00, 0x00, 0x00, 0x00, 0xB5, 0x00,
    // Unicode: [0x4EAB]
    0x00, 0x00, 0x00, 0x00, 0x77, 0x00, 0x00, 0x00, 0x00, 0x00, 0x00, 0x00, 0x00, 0x00, 0xF7, 0x03,
    0x00, 0x00, 0x00, 0x00, 0x30, 0x22, 0x11, 0x01, 0xA0, 0x0B, 0x00, 0x11, 0x22, 0x03, 0xE0, 0xFF,
    0xFF, 0xEF, 0xEE, 0xEE, 0xFE, 0xFF, 0xFF, 0x0F, 0x20, 0x11, 0x00, 0x00, 0x00, 0x00, 0x00, 0x00,
    0x11, 0x02, 0x00, 0x50, 0xEF, 0xEE, 0xEE, 0xEE, 0xEE, 0xEE, 0x03, 0x00, 0x00, 0x40, 0x1F, 0x11,
    0x11, 0x11, 0x11, 0xF3, 0x03, 0x00, 0x00, 0x40, 0x0F, 0x00, 0x00, 0x00, 0x00, 0xF2, 0x03, 0x00,
    0x00, 0x50, 0x4F, 0x44, 0x44, 0x44, 0x44, 0xF6, 0x03, 0x00, 0x00, 0x40, 0xBB, 0xAB, 0xAA, 0xAA,
    0xBB, 0xBB, 0x02, 0x00, 0x00, 0x30, 0x23, 0x22, 0x22, 0x22, 0x22, 0x33, 0x02, 0x00, 0x00, 0xE1,
    0xDD, 0xDD, 0xDD, 0xDD, 0xFD, 0xFF, 0x07, 0x00, 0x00, 0x00, 0x00, 0x00, 0x00, 0x40, 0xDC, 0x16,
    0x00, 0x00, 0x00, 0x00, 0x00, 0x00, 0x20, 0xEB, 0x07, 0x00, 0x00, 0x00, 0x44, 0x33, 0x23, 0x22,
    0x82, 0x3F, 0x22, 0x33, 0x43, 0x44, 0xEC, 0xEE, 0xDD, 0xDD, 0xED, 0xDF, 0xDD, 0xED, 0xEE, 0xCF,
    0x00, 0x00, 0x00, 0x00, 0x60, 0x0E, 0x00, 0x00, 0x00, 0x00, 0x00, 0x00, 0x00, 0x00, 0x70, 0x0E,
    0x00, 0x00, 0x00, 0x00, 0x00, 0x00, 0x00, 0x73, 0xC7, 0x0E, 0x00, 0x00, 0x00, 0x00, 0x00, 0x00,
    0x00, 0xF1, 0xDE, 0x07, 0x00, 0x00, 0x00, 0x00,
    // Unicode: [0x4EAC]
    0x00, 0x00, 0x00, 0x00, 0xB7, 0x00, 0x00, 0x00, 0x00, 0x00, 0x00, 0x00, 0x00, 0x00, 0xF4, 0x05,
    0x00, 0x00, 0x00, 0x00, 0x00, 0x00, 0x00, 0x00, 0x90, 0x0D, 0x00, 0x00, 0x00, 0x00, 0xF3, 0xEF,
    0xEE, 0xDD, 0xED, 0xDF, 0xDD, 0xED, 0xEE, 0xDF, 0x51, 0x45, 0x44, 0x33, 0x33, 0x33, 0x33, 0x43,
    0x44, 0x55, 0x00, 0x00, 0x00, 0x00, 0x00, 0x00, 0x00, 0x00, 0x00, 0x00, 0x00, 0x10, 0xEF, 0xEE,
    0xEE, 0xEE, 0xEE, 0xFE, 0x0A, 0x00, 0x00, 0x00, 0x8F, 0x33, 0x33, 0x33, 0x33, 0xC3, 0x0A, 0x00,
    0x00, 0x00, 0x6E, 0x00, 0x00, 0x00, 0x00, 0xB0, 0x0A, 0x00, 0x00, 0x00, 0x6E, 0x00, 0x00, 0x00,
    0x00, 0xB0, 0x09, 0x00, 0x00, 0x00, 0x6F, 0x00, 0x00, 0x00, 0x00, 0xB0, 0x0A, 0x00, 0x00, 0x10,
    0xFF, 0xFF, 0xFF, 0xFF, 0xFF, 0xFF, 0x0A, 0x00, 0x00, 0x00, 0x53, 0x22, 0x62, 0x3F, 0x22, 0x32,
    0x02, 0x00, 0x00, 0x00, 0xE1, 0x0B, 0x40, 0x1F, 0x20, 0x18, 0x00, 0x00, 0x00, 0x10, 0xDC, 0x02,
    0x40, 0x1F, 0x30, 0xCD, 0x02, 0x00, 0x00, 0xD3, 0x1C, 0x00, 0x40, 0x1F, 0x00, 0xB1, 0x5E, 0x00,
    0x70, 0xBE, 0x01, 0x00, 0x40, 0x1F, 0x00, 0x00, 0xF9, 0x07, 0xB1, 0x08, 0x00, 0x00, 0x40, 0x1F,
    0x00, 0x00, 0x80, 0x1B, 0x00, 0x00, 0x00, 0x93, 0xC8, 0x0F, 0x00, 0x00, 0x00, 0x00, 0x00, 0x00,
    0x00, 0xD0, 0xCE, 0x07, 0x00, 0x00, 0x00, 0x00,
    // Unicode: [0x4EAD]
    0x00, 0x00, 0x00, 0x90, 0x0B, 0x00, 0x00, 0x00, 0x00, 0x00, 0x00, 0x00, 0x00, 0x30, 0x6E, 0x00,
    0x00, 0x00, 0x00, 0x00, 0xEF, 0xDE, 0xDD, 0xCD, 0xEE, 0xCC, 0xDD, 0xDD, 0xFE, 0x01, 0x46, 0x34,
    0x23, 0x22, 0x22, 0x22, 0x32, 0x43, 0x54, 0x01, 0x00, 0x32, 0x23, 0x22, 0x22, 0x22, 0x32, 0x13,
    0x00, 0x00, 0x00, 0xF8, 0xCC, 0xCC, 0xCC, 0xCC, 0xCC, 0x5F, 0x00, 0x00, 0x00, 0xC7, 0x00, 0x00,
    0x00, 0x00, 0x00, 0x4F, 0x00, 0x00, 0x00, 0xC7, 0x11, 0x11, 0x11, 0x11, 0x11, 0x5F, 0x00, 0x00,
    0x00, 0xE8, 0xEE, 0xEE, 0xEE, 0xEE, 0xEE, 0x5E, 0x00, 0x00, 0x00, 0x00, 0x00, 0x00, 0x00, 0x00,
    0x00, 0x00, 0x00, 0x00, 0xEF, 0xEE, 0xDD, 0xDD, 0xDD, 0xDD, 0xDD, 0xEE, 0xFE, 0x00, 0x5F, 0x22,
    0x22, 0x22, 0x22, 0x22, 0x22, 0x22, 0xF6, 0x00, 0x4F, 0x31, 0x12, 0x11, 0x00, 0x11, 0x21, 0x23,
    0xF5, 0x00, 0x4F, 0xF4, 0xFF, 0xFF, 0xFF, 0xFE, 0xFF, 0x9F, 0xD5, 0x00, 0x00, 0x21, 0x11, 0x00,
    0xF5, 0x00, 0x00, 0x11, 0x00, 0x00, 0x00, 0x00, 0x00, 0x00, 0xF5, 0x00, 0x00, 0x00, 0x00, 0x00,
    0x00, 0x00, 0x00, 0x00, 0xF5, 0x00, 0x00, 0x00, 0x00, 0x00, 0x00, 0x00, 0x00, 0x00, 0xF5, 0x00,
    0x00, 0x00, 0x00, 0x00, 0x00, 0x00, 0x20, 0x67, 0xFB, 0x00, 0x00, 0x00, 0x00, 0x00, 0x00, 0x00,
    0x00, 0xFD, 0x8D, 0x00, 0x00, 0x00, 0x00, 0x00,
    // Unicode: [0x4EAE]
    0x00, 0x00, 0x00, 0x70, 0x02, 0x00, 0x00, 0x00, 0x00, 0x00, 0x00, 0x00, 0x00, 0xB1, 0x2E, 0x00,
    0x00, 0x00, 0x00, 0x00, 0x54, 0x45, 0x44, 0x43, 0xDC, 0x34, 0x43, 0x54, 0x55, 0x00, 0xEA, 0xDD,
    0xCC, 0xCC, 0xCC, 0xCC, 0xDC, 0xDD, 0xCE, 0x00, 0x00, 0x30, 0x22, 0x11, 0x11, 0x11, 0x22, 0x02,
    0x00, 0x00, 0x00, 0xF0, 0xEF, 0xEE, 0xEE, 0xEE, 0xFE, 0x0B, 0x00, 0x00, 0x00, 0xE0, 0x05, 0x00,
    0x00, 0x00, 0x80, 0x0B, 0x00, 0x00, 0x00, 0xE0, 0x05, 0x00, 0x00, 0x00, 0x80, 0x0B, 0x00, 0x00,
    0x00, 0xF0, 0xFF, 0xFF, 0xFF, 0xFF, 0xFF, 0x0B, 0x00, 0x00, 0x00, 0x10, 0x00, 0x00, 0x00, 0x00,
    0x00, 0x01, 0x00, 0x00, 0xFE, 0xEE, 0xEE, 0xDD, 0xDD, 0xDD, 0xEE, 0xEE, 0xEF, 0x00, 0x8E, 0x33,
    0x33, 0x33, 0x33, 0x33, 0x33, 0x33, 0xE8, 0x00, 0x6E, 0x00, 0x21, 0x11, 0x11, 0x11, 0x01, 0x00,
    0xE6, 0x00, 0x5C, 0x00, 0xF9, 0xFF, 0xFF, 0xFF, 0x1F, 0x00, 0x94, 0x00, 0x00, 0x00, 0xB9, 0x00,
    0x00, 0x50, 0x0F, 0x00, 0x00, 0x00, 0x00, 0x00, 0xA9, 0x00, 0x00, 0x50, 0x0F, 0x00, 0x00, 0x00,
    0x00, 0x00, 0x7C, 0x00, 0x00, 0x50, 0x0F, 0x00, 0x00, 0x00, 0x00, 0x60, 0x2F, 0x00, 0x00, 0x50,
    0x0F, 0x00, 0xB0, 0x04, 0x10, 0xF7, 0x08, 0x00, 0x00, 0x50, 0x5F, 0x33, 0xF8, 0x04, 0xE9, 0x6E,
    0x00, 0x00, 0x00, 0x10, 0xFC, 0xFF, 0x8D, 0x00, 0x84, 0x02, 0x00, 0x00, 0x00, 0x00, 0x00, 0x00,
    0x00, 0x00,
    // Unicode: [0x4EAF]
    0x00, 0x00, 0x00, 0x00, 0xB6, 0x00, 0x00, 0x00, 0x00, 0x00, 0x00, 0x00, 0x00, 0x00, 0xF4, 0x06,
    0x00, 0x00, 0x00, 0x00, 0x10, 0x00, 0x00, 0x00, 0x90, 0x0D, 0x00, 0x00, 0x00, 0x11, 0xF3, 0xFF,
    0xEF, 0xEE, 0xEE, 0xEF, 0xEE, 0xEE, 0xFF, 0xDF, 0x41, 0x33, 0x22, 0x22, 0x12, 0x11, 0x22, 0x22,
    0x32, 0x33, 0x00, 0x00, 0x22, 0x11, 0x11, 0x11, 0x11, 0x21, 0x01, 0x00, 0x00, 0x00, 0xFC, 0xEE,
    0xEE, 0xEE, 0xEE, 0xFE, 0x07, 0x00, 0x00, 0x00, 0x8B, 0x00, 0x00, 0x00, 0x00, 0xD0, 0x06, 0x00,
    0x00, 0x00, 0x8B, 0x00, 0x00, 0x00, 0x00, 0xD0, 0x06, 0x00, 0x00, 0x00, 0xDC, 0xCC, 0xCC, 0xCC,
    0xCC, 0xFC, 0x07, 0x00, 0x00, 0x00, 0x44, 0x44, 0x33, 0x33, 0x33, 0x44, 0x02, 0x00, 0x00, 0x11,
    0x00, 0x00, 0x00, 0x00, 0x00, 0x00, 0x10, 0x00, 0x00, 0xF5, 0xFF, 0xEE, 0xEE, 0xEE, 0xEE, 0xFE,
    0xFF, 0x01, 0x00, 0xF4, 0x12, 0x11, 0x11, 0x11, 0x11, 0x11, 0xF6, 0x00, 0x00, 0xF3, 0x02, 0x00,
    0x00, 0x00, 0x00, 0x00, 0xF5, 0x00, 0x00, 0xF3, 0xEE, 0xEE, 0xEE, 0xEE, 0xEE, 0xEE, 0xFF, 0x00,
    0x00, 0xF3, 0x02, 0x00, 0x00, 0x00, 0x00, 0x00, 0xF5, 0x00, 0x00, 0xF3, 0x02, 0x00, 0x00, 0x00,
    0x00, 0x00, 0xF5, 0x00, 0x00, 0xF4, 0xEE, 0xEE, 0xEE, 0xEE, 0xEE, 0xEE, 0xFE, 0x01, 0x00, 0xF5,
    0x12, 0x11, 0x11, 0x11, 0x11, 0x11, 0xF6, 0x02,
    // Unicode: [0x4EB0]
    0x00, 0x00, 0x00, 0x00, 0xB3, 0x00, 0x00, 0x00, 0x00, 0x00, 0x00, 0x00, 0x00, 0x00, 0xF3, 0x07,
    0x00, 0x00, 0x00, 0x00, 0x21, 0x12, 0x11, 0x00, 0x80, 0x1D, 0x00, 0x10, 0x11, 0x22, 0xF3, 0xFF,
    0xFF, 0xFF, 0xFF, 0xFF, 0xFF, 0xFF, 0xFF, 0xDF, 0x31, 0x22, 0x11, 0x01, 0x00, 0x00, 0x00, 0x11,
    0x21, 0x22, 0x00, 0x10, 0x22, 0x22, 0x11, 0x11, 0x21, 0x22, 0x02, 0x00, 0x00, 0x30, 0xEF, 0xEE,
    0xEE, 0xEE, 0xEE, 0xFE, 0x0D, 0x00, 0x00, 0x30, 0x2F, 0x00, 0x00, 0x00, 0x00, 0x70, 0x0D, 0x00,
    0x00, 0x20, 0x2F, 0x11, 0x11, 0x11, 0x11, 0x71, 0x0D, 0x00, 0x00, 0x20, 0xEF, 0xEE, 0xEE, 0xEE,
    0xEE, 0xFE, 0x0D, 0x00, 0x00, 0x20, 0x2F, 0x00, 0x00, 0x00, 0x00, 0x70, 0x0D, 0x00, 0x00, 0x30,
    0x2F, 0x00, 0x00, 0x00, 0x00, 0x70, 0x0D, 0x00, 0x00, 0x40, 0xEF, 0xEE, 0xEE, 0xEE, 0xEE, 0xFE,
    0x0D, 0x00, 0x00, 0x10, 0x72, 0x11, 0x51, 0x2F, 0x11, 0x12, 0x02, 0x00, 0x00, 0x00, 0xF7, 0x06,
    0x40, 0x1F, 0x10, 0x8E, 0x00, 0x00, 0x00, 0x60, 0x5F, 0x00, 0x40, 0x1F, 0x00, 0xD4, 0x1B, 0x00,
    0x00, 0xF7, 0x06, 0x00, 0x40, 0x1F, 0x00, 0x10, 0xDC, 0x03, 0xB0, 0x6F, 0x00, 0x00, 0x40, 0x1F,
    0x00, 0x00, 0xC1, 0x0C, 0x40, 0x05, 0x00, 0x81, 0xA6, 0x0F, 0x00, 0x00, 0x10, 0x01, 0x00, 0x00,
    0x00, 0xD0, 0xDE, 0x07, 0x00, 0x00, 0x00, 0x00,
    // Unicode: [0x4EB1]
    0x00, 0x00, 0x00, 0x00, 0x80, 0x06, 0x00, 0x00, 0x00, 0x00, 0x00, 0x00, 0x00, 0x00, 0x00, 0x70,
    0x5F, 0x00, 0x00, 0x00, 0x00, 0x00, 0x00, 0x67, 0x56, 0x55, 0x55, 0xEA, 0x55, 0x55, 0x65, 0x76,
    0x05, 0x00, 0xEE, 0xDE, 0xDD, 0xDD, 0xCD, 0xDD, 0xDD, 0xED, 0xFE, 0x09, 0x00, 0x00, 0x00, 0x16,
    0x00, 0x00, 0x00, 0x00, 0x00, 0x00, 0x00, 0x00, 0x00, 0x20, 0xBF, 0x10, 0x00, 0x00, 0x00, 0x00,
    0x01, 0x00, 0x00, 0x00, 0x80, 0x1D, 0x80, 0xFF, 0xEE, 0xEE, 0xFF, 0x0B, 0x00, 0x00, 0x00, 0xE2,
    0x04, 0x70, 0x3D, 0x33, 0x33, 0xA3, 0x0B, 0x00, 0x00, 0x00, 0xEA, 0x00, 0x70, 0x0D, 0x00, 0x00,
    0x90, 0x0B, 0x00, 0x00, 0x50, 0xEF, 0x00, 0x70, 0x0D, 0x00, 0x00, 0x90, 0x0B, 0x00, 0x00, 0xE2,
    0xEC, 0x00, 0x70, 0xDF, 0xDD, 0xDD, 0xED, 0x0B, 0x00, 0x20, 0xBD, 0xE6, 0x00, 0x70, 0x4D, 0x44,
    0x44, 0xB4, 0x0B, 0x00, 0xD1, 0x1D, 0xE6, 0x00, 0x70, 0x0D, 0x00, 0x00, 0x90, 0x0B, 0x00, 0x30,
    0x03, 0xE6, 0x00, 0x70, 0x0D, 0x00, 0x00, 0x90, 0x0B, 0x00, 0x00, 0x00, 0xE6, 0x00, 0x80, 0xCF,
    0xCC, 0xCC, 0xEC, 0x0B, 0x00, 0x00, 0x00, 0xE6, 0x00, 0x30, 0x45, 0x44, 0x44, 0x54, 0x04, 0x00,
    0x00, 0x00, 0xE6, 0x00, 0x00, 0x00, 0x00, 0x00, 0x00, 0x00, 0x00, 0x00, 0x00, 0xE7, 0x00, 0x12,
    0x00, 0x00, 0x00, 0x00, 0x21, 0x00, 0x00, 0x00, 0xE8, 0x00, 0xFD, 0xFF, 0xFF, 0xFF, 0xFF, 0xFF,
    0x02, 0x00, 0x00, 0xE9, 0x00, 0x33, 0x22, 0x22, 0x22, 0x22, 0x33, 0x00,
    // Unicode: [0x4EB2]
    0x00, 0x00, 0x00, 0x00, 0x74, 0x00, 0x00, 0x00, 0x00, 0x00, 0x00, 0x00, 0x00, 0x00, 0xF6, 0x03,
    0x00, 0x00, 0x00, 0x00, 0x00, 0x34, 0x23, 0x22, 0xB2, 0x2B, 0x22, 0x32, 0x33, 0x00, 0x00, 0xFF,
    0xEF, 0xEE, 0xEE, 0xEE, 0xEE, 0xFE, 0xCF, 0x00, 0x00, 0x01, 0x21, 0x00, 0x00, 0x00, 0x20, 0x05,
    0x10, 0x00, 0x00, 0x00, 0xD7, 0x02, 0x00, 0x00, 0x80, 0x6F, 0x00, 0x00, 0x00, 0x00, 0x90, 0x1D,
    0x00, 0x00, 0xE1, 0x06, 0x00, 0x00, 0x21, 0x01, 0x00, 0x9B, 0x00, 0x00, 0x8A, 0x00, 0x10, 0x12,
    0xF5, 0xFF, 0xFF, 0xEF, 0xEE, 0xEE, 0xFF, 0xFF, 0xFF, 0x4F, 0x31, 0x23, 0x22, 0x11, 0x91, 0x1B,
    0x11, 0x22, 0x32, 0x13, 0x00, 0x00, 0x00, 0x00, 0x90, 0x0B, 0x00, 0x00, 0x00, 0x00, 0x00, 0x22,
    0x12, 0x11, 0x90, 0x0B, 0x11, 0x21, 0x22, 0x00, 0x00, 0xFB, 0xFF, 0xFF, 0xFF, 0xFF, 0xFF, 0xFF,
    0xBF, 0x00, 0x00, 0x22, 0x21, 0x01, 0x90, 0x0B, 0x10, 0x11, 0x22, 0x00, 0x00, 0x00, 0xE2, 0x08,
    0x90, 0x0B, 0x90, 0x3D, 0x00, 0x00, 0x00, 0x20, 0xDD, 0x03, 0x90, 0x0B, 0x10, 0xFA, 0x08, 0x00,
    0x00, 0xE5, 0x1C, 0x00, 0x90, 0x0B, 0x00, 0x50, 0xCE, 0x02, 0xB1, 0x9F, 0x00, 0x00, 0x90, 0x0B,
    0x00, 0x00, 0xD3, 0x07, 0x60, 0x05, 0x00, 0x71, 0xD7, 0x0A, 0x00, 0x00, 0x10, 0x00, 0x00, 0x00,
    0x00, 0xD0, 0xAE, 0x02, 0x00, 0x00, 0x00, 0x00,
    // Unicode: [0x4EB3]
    0x00, 0x00, 0x00, 0x20, 0x07, 0x00, 0x00, 0x00, 0x00, 0x00, 0x00, 0x00, 0x00, 0x40, 0x6E, 0x00,
    0x00, 0x00, 0x00, 0x00, 0x62, 0x45, 0x44, 0x33, 0xF8, 0x35, 0x43, 0x44, 0x65, 0x01, 0xE4, 0xDE,
    0xCD, 0xCC, 0xCC, 0xCC, 0xCC, 0xDD, 0xFE, 0x02, 0x00, 0x20, 0x33, 0x22, 0x22, 0x22, 0x32, 0x13,
    0x00, 0x00, 0x00, 0x60, 0xCF, 0xCC, 0xCC, 0xCC, 0xDC, 0x3F, 0x00, 0x00, 0x00, 0x50, 0x0E, 0x00,
    0x00, 0x00, 0x10, 0x2F, 0x00, 0x00, 0x00, 0x50, 0x4E, 0x44, 0x44, 0x44, 0x54, 0x2F, 0x00, 0x00,
    0x00, 0x50, 0xCC, 0xBC, 0xBB, 0xBB, 0xCC, 0x2C, 0x00, 0x00, 0x42, 0x34, 0x33, 0x33, 0x33, 0x33,
    0x33, 0x33, 0x44, 0x02, 0xF6, 0xCC, 0xCC, 0xCC, 0xCC, 0xCC, 0xCC, 0xCC, 0xFC, 0x06, 0xD6, 0x00,
    0x00, 0x00, 0x00, 0x00, 0x73, 0x00, 0xE0, 0x06, 0xD6, 0x30, 0x55, 0x65, 0xA8, 0xFC, 0xDE, 0x06,
    0xE0, 0x06, 0x52, 0x30, 0xCD, 0x9A, 0x9E, 0x13, 0x00, 0x00, 0x40, 0x02, 0x00, 0x00, 0x00, 0x00,
    0x6E, 0x00, 0x10, 0x53, 0x04, 0x00, 0x00, 0x00, 0x00, 0x42, 0xBE, 0xBA, 0xFE, 0xCE, 0x07, 0x00,
    0x80, 0xCB, 0xFD, 0xBD, 0xAF, 0x46, 0x02, 0x00, 0x10, 0x00, 0x70, 0x57, 0x13, 0x00, 0x7E, 0x00,
    0x00, 0x00, 0x90, 0x1C, 0x00, 0x00, 0x00, 0x00, 0xCD, 0x34, 0x22, 0x43, 0xF8, 0x09, 0x00, 0x00,
    0x00, 0x00, 0xC6, 0xFE, 0xFF, 0xEF, 0x7C, 0x00,
    // Unicode: [0x4EB4]
    0x00, 0x00, 0x00, 0x00, 0x91, 0x03, 0x00, 0x00, 0x00, 0x00, 0x00, 0x00, 0x00, 0x00, 0x00, 0xB0,
    0x0D, 0x00, 0x00, 0x00, 0x00, 0x00, 0xE1, 0xCD, 0xBC, 0xBB, 0xCB, 0xCF, 0xBB, 0xCB, 0xCC, 0x8D,
    0x00, 0x50, 0x44, 0x34, 0x33, 0x33, 0x33, 0x33, 0x43, 0x44, 0x35, 0x00, 0x00, 0x00, 0xFA, 0xEE,
    0xDD, 0xDD, 0xEE, 0xFE, 0x00, 0x00, 0x00, 0x00, 0x00, 0x89, 0x00, 0x00, 0x00, 0x00, 0xE3, 0x00,
    0x00, 0x00, 0x00, 0x00, 0xEA, 0xCC, 0xCC, 0xCC, 0xCC, 0xFD, 0x00, 0x00, 0x00, 0x10, 0x01, 0x33,
    0x23, 0x22, 0x22, 0x22, 0x32, 0x10, 0x11, 0x00, 0xE0, 0xEE, 0xEE, 0xDE, 0xDD, 0xDD, 0xDD, 0xEE,
    0xEE, 0x8F, 0x00, 0xE0, 0x03, 0x00, 0x00, 0x90, 0x1C, 0x00, 0x00, 0x00, 0x8B, 0x00, 0xC0, 0x03,
    0xB6, 0xBB, 0xDA, 0xAE, 0xBA, 0x8B, 0x00, 0x8B, 0x00, 0x00, 0x00, 0x32, 0x33, 0xA3, 0x3B, 0x33,
    0x33, 0x00, 0x00, 0x00, 0x00, 0xDC, 0xCC, 0xCC, 0xDC, 0xCE, 0xCC, 0xCC, 0xDC, 0x03, 0x00, 0x00,
    0x23, 0x22, 0x62, 0x37, 0x22, 0x22, 0x22, 0x33, 0x01, 0x00, 0x00, 0x01, 0x00, 0x80, 0x1D, 0x00,
    0x20, 0x01, 0x00, 0x00, 0x00, 0x00, 0xF8, 0xEE, 0xEE, 0xEF, 0xEE, 0xFF, 0x04, 0x00, 0x00, 0x00,
    0x00, 0x42, 0x22, 0xE2, 0x16, 0x11, 0xF2, 0x02, 0x00, 0x00, 0x00, 0x00, 0x00, 0x00, 0xDA, 0x01,
    0x00, 0xF3, 0x00, 0x00, 0xA4, 0x01, 0x00, 0x10, 0xD6, 0x3D, 0x00, 0x00, 0xF3, 0x36, 0x43, 0xDC,
    0x00, 0x91, 0xFC, 0x7E, 0x01, 0x00, 0x00, 0x80, 0xFD, 0xEF, 0x3B, 0x00, 0x80, 0x49, 0x00, 0x00,
    0x00, 0x00, 0x00, 0x00, 0x00, 0x00, 0x00,
    // Unicode: [0x4EB5]
    0x00, 0x00, 0x00, 0x00, 0x10, 0x00, 0x00, 0x00, 0x00, 0x00, 0x00, 0x00, 0x00, 0x00, 0xCC, 0x00,
    0x00, 0x00, 0x00, 0x00, 0x00, 0x00, 0x00, 0x00, 0xE3, 0x07, 0x00, 0x00, 0x00, 0x00, 0xE3, 0xCD,
    0xCC, 0xBB, 0xDB, 0xBE, 0xCB, 0xCC, 0xDD, 0x2E, 0x71, 0x56, 0x98, 0x45, 0x44, 0x44, 0x98, 0x55,
    0x65, 0x17, 0x00, 0x00, 0xF7, 0x02, 0x00, 0x00, 0xE8, 0x01, 0x00, 0x00, 0x10, 0x00, 0xD6, 0x10,
    0x01, 0x00, 0xB8, 0x10, 0x12, 0x00, 0xB0, 0xFF, 0xFF, 0xFF, 0x66, 0xBA, 0xFE, 0xEE, 0x1F, 0x00,
    0x20, 0x01, 0xD6, 0x11, 0x31, 0x34, 0x7B, 0x50, 0x0E, 0x00, 0x00, 0x00, 0xE6, 0xB7, 0x26, 0x29,
    0x4E, 0x60, 0x0C, 0x00, 0xA0, 0xEC, 0xEF, 0x68, 0x02, 0xE7, 0x1E, 0x50, 0x0C, 0x00, 0x80, 0x37,
    0xD6, 0x00, 0x00, 0xF5, 0xCC, 0x43, 0x0E, 0xB4, 0x00, 0x00, 0xD8, 0x00, 0xB4, 0x5F, 0x80, 0x17,
    0x8E, 0xBC, 0x00, 0xF6, 0x9F, 0x20, 0xC3, 0x03, 0x00, 0x00, 0xE5, 0x2D, 0x00, 0x61, 0x03, 0xF5,
    0x07, 0x79, 0x00, 0x30, 0x06, 0x00, 0x00, 0x00, 0x60, 0x5F, 0x00, 0xD4, 0x01, 0xE4, 0x2D, 0x00,
    0x00, 0x10, 0xEA, 0x0F, 0x00, 0xB0, 0x79, 0x6E, 0x00, 0x00, 0x00, 0xE6, 0x3A, 0x0F, 0x00, 0x20,
    0xEE, 0x03, 0x00, 0x00, 0xE7, 0x5E, 0x20, 0x0F, 0xC2, 0x04, 0xF4, 0x3B, 0x00, 0x00, 0x95, 0x01,
    0x30, 0x8F, 0x9E, 0x01, 0x30, 0xFC, 0x7C, 0x14, 0x00, 0x00, 0x80, 0xBF, 0x03, 0x00, 0x00, 0x50,
    0xFB, 0x09, 0x00, 0x00, 0x10, 0x06, 0x00, 0x00, 0x00, 0x00, 0x10, 0x01,
    // Unicode: [0x4EB6]
    0x00, 0x00, 0x00, 0x00, 0x45, 0x00, 0x00, 0x00, 0x00, 0x00, 0x00, 0x00, 0x00, 0x00, 0xEB, 0x02,
    0x00, 0x00, 0x00, 0x00, 0x62, 0x55, 0x44, 0x44, 0xE5, 0x4A, 0x44, 0x44, 0x55, 0x36, 0xE4, 0xDD,
    0xCC, 0xCC, 0xCC, 0xCC, 0xCC, 0xCC, 0xDC, 0x7D, 0x00, 0x11, 0x00, 0x00, 0x00, 0x00, 0x00, 0x10,
    0x11, 0x00, 0x00, 0xFB, 0xEE, 0xEE, 0xEE, 0xEE, 0xEE, 0xEE, 0x8F, 0x00, 0x00, 0xAA, 0x20, 0x44,
    0x44, 0x44, 0x44, 0x02, 0x8C, 0x00, 0x00, 0xAA, 0x80, 0x6C, 0x66, 0x66, 0xD6, 0x07, 0x8C, 0x00,
    0x00, 0xAA, 0x80, 0xAE, 0xAA, 0xAA, 0xEA, 0x07, 0x8C, 0x00, 0x00, 0xAA, 0x10, 0x11, 0x11, 0x11,
    0x21, 0x01, 0x8C, 0x00, 0x00, 0xFB, 0xEE, 0xEE, 0xEE, 0xEE, 0xEE, 0xEE, 0x8F, 0x00, 0x00, 0x11,
    0x00, 0x00, 0x00, 0x00, 0x00, 0x00, 0x11, 0x00, 0x00, 0xB0, 0xDD, 0xDD, 0xCC, 0xCC, 0xDC, 0xDD,
    0x0A, 0x00, 0x00, 0xB0, 0x09, 0x00, 0x00, 0x00, 0x00, 0x90, 0x0B, 0x00, 0x00, 0xB0, 0xCE, 0xCC,
    0xCC, 0xCC, 0xCC, 0xEC, 0x0B, 0x00, 0x00, 0xB0, 0x19, 0x11, 0x11, 0x11, 0x11, 0x91, 0x0B, 0x00,
    0x00, 0xC0, 0xBD, 0xBB, 0xBB, 0xBB, 0xBB, 0xDB, 0x0C, 0x00, 0x00, 0x30, 0x33, 0x22, 0x22, 0x22,
    0x22, 0x33, 0x03, 0x00, 0x41, 0x23, 0x12, 0x11, 0x11, 0x11, 0x11, 0x21, 0x32, 0x04, 0xF5, 0xFF,
    0xFF, 0xFF, 0xFF, 0xFF, 0xFF, 0xFF, 0xFF, 0x0F, 0x21, 0x11, 0x01, 0x00, 0x00, 0x00, 0x00, 0x10,
    0x11, 0x02,
    // Unicode: [0x4EB7]
    0x00, 0x00, 0x00, 0x00, 0xD6, 0x01, 0x00, 0x00, 0x00, 0x00, 0x00, 0x00, 0x00, 0x00, 0xC1, 0x0B,
    0x00, 0x00, 0x00, 0x00, 0xC0, 0xDD, 0xCC, 0xCC, 0xCC, 0xCF, 0xCC, 0xCC, 0xDD, 0x0D, 0x50, 0x45,
    0x44, 0x39, 0x33, 0x33, 0x83, 0x47, 0x54, 0x06, 0x00, 0x00, 0x40, 0x4F, 0x00, 0x00, 0xD0, 0x1B,
    0x00, 0x00, 0x00, 0x12, 0x00, 0xD7, 0x00, 0x00, 0xC7, 0x00, 0x10, 0x02, 0x00, 0xEF, 0xEE, 0xEE,
    0xEF, 0xEE, 0xEF, 0xEE, 0xFF, 0x0D, 0x00, 0x5E, 0x00, 0x40, 0x0E, 0x20, 0x1F, 0x00, 0x00, 0x01,
    0x00, 0x5D, 0x31, 0x52, 0x1E, 0x31, 0x3F, 0x22, 0x03, 0x00, 0x00, 0x5D, 0xF3, 0xEE, 0xDF, 0xDD,
    0xDF, 0xED, 0x0E, 0x00, 0x00, 0x4D, 0x00, 0x40, 0x0E, 0x20, 0x1F, 0x40, 0x0E, 0x00, 0x00, 0x7E,
    0xCD, 0xCC, 0xCF, 0xCC, 0xCF, 0xDC, 0xCF, 0x1D, 0x00, 0x4F, 0x23, 0x52, 0x1E, 0x31, 0x3F, 0x51,
    0x2E, 0x04, 0x10, 0x1F, 0x11, 0x40, 0x0E, 0x20, 0x1F, 0x40, 0x0E, 0x00, 0x30, 0x0E, 0xF6, 0xEE,
    0xDF, 0xDD, 0xEF, 0xED, 0x0E, 0x00, 0x60, 0x0C, 0x00, 0xD1, 0x0E, 0x20, 0xDF, 0x03, 0x00, 0x00,
    0xA0, 0x08, 0x20, 0x9C, 0x0E, 0x20, 0x6F, 0x6E, 0x00, 0x00, 0xE0, 0x05, 0xE6, 0x47, 0x0E, 0x20,
    0x2F, 0xE4, 0x5C, 0x00, 0xE6, 0xC3, 0x6F, 0x40, 0x0E, 0x20, 0x2F, 0x10, 0xF9, 0x4E, 0x8D, 0x80,
    0x03, 0x40, 0x0F, 0x30, 0x3F, 0x00, 0x30, 0x08, 0x00, 0x00, 0x00, 0x00, 0x01, 0x00, 0x00, 0x00,
    0x00, 0x00,
    // Unicode: [0x4EB8]
    0x00, 0x10, 0x06, 0x00, 0x00, 0x31, 0x00, 0x00, 0x60, 0x01, 0x00, 0x00, 0x30, 0x4F, 0x00, 0x00,
    0xE6, 0x03, 0x00, 0xF3, 0x0A, 0x00, 0x23, 0x11, 0xD9, 0x21, 0x33, 0x70, 0x2E, 0x00, 0xAC, 0x00,
    0x00, 0xFE, 0xEF, 0xEE, 0xFF, 0xDF, 0x00, 0xA9, 0x90, 0x0C, 0x00, 0x00, 0x01, 0x00, 0x00, 0x00,
    0x11, 0xBA, 0xAA, 0xFA, 0xAB, 0x3B, 0x00, 0x40, 0xEF, 0xEE, 0xEE, 0x08, 0xAB, 0x44, 0x8E, 0x54,
    0x2F, 0x00, 0x30, 0x1F, 0x11, 0xB1, 0x08, 0x8A, 0x00, 0x5E, 0x10, 0x2F, 0x00, 0x40, 0x1F, 0x00,
    0xB0, 0x08, 0x8A, 0x00, 0x5E, 0x10, 0x2F, 0x00, 0x40, 0xCF, 0xCC, 0xEC, 0x08, 0xFA, 0xEE, 0xFF,
    0xEE, 0x2F, 0x00, 0x10, 0x22, 0x22, 0x22, 0x02, 0x9A, 0x11, 0x6E, 0x21, 0x2F, 0x00, 0x81, 0x77,
    0x77, 0x77, 0x18, 0x8A, 0x00, 0x5E, 0x10, 0x2F, 0x00, 0xB2, 0xBB, 0xBB, 0xFE, 0x1B, 0x9B, 0x22,
    0x6E, 0x32, 0x2F, 0x00, 0x00, 0x00, 0x80, 0x3E, 0x00, 0xFC, 0xEF, 0xEF, 0xFE, 0x3F, 0x00, 0x00,
    0x00, 0xE6, 0x43, 0x48, 0x01, 0x00, 0x5E, 0x00, 0x01, 0x00, 0x10, 0x63, 0xFB, 0xBE, 0x28, 0x00,
    0x00, 0x5E, 0x00, 0x00, 0x00, 0xFD, 0xBE, 0xDA, 0x00, 0x70, 0xDE, 0xDD, 0xEF, 0xDD, 0xED, 0x03,
    0x46, 0x00, 0xD6, 0x00, 0x30, 0x34, 0x33, 0x7E, 0x33, 0x43, 0x01, 0x00, 0x00, 0xD6, 0x00, 0x00,
    0x00, 0x00, 0x6F, 0x00, 0x00, 0x00, 0x20, 0x89, 0xDD, 0x00, 0x00, 0x00, 0x10, 0x7F, 0x00, 0x00,
    0x00, 0x00, 0xEC, 0x6D, 0x00, 0x00, 0x00, 0x10, 0x8F, 0x00, 0x00, 0x00,
    // Unicode: [0x4EB9]
    0x00, 0x00, 0x00, 0x00, 0x99, 0x00, 0x00, 0x00, 0x00, 0x00, 0x00, 0x00, 0x00, 0x00, 0xF5, 0x02,
    0x00, 0x00, 0x00, 0x00, 0xD5, 0xCD, 0xCC, 0xCC, 0xFC, 0xCD, 0xCC, 0xDC, 0xDD, 0xDE, 0x31, 0x22,
    0x22, 0x12, 0x11, 0x21, 0x22, 0x22, 0x32, 0x33, 0x00, 0xA5, 0x4E, 0xC7, 0xBB, 0xBB, 0x4D, 0x9A,
    0x8A, 0x00, 0x00, 0xB6, 0x13, 0x67, 0x11, 0x11, 0x2D, 0x33, 0xA8, 0x00, 0x00, 0xA6, 0x10, 0x67,
    0xDC, 0x6D, 0x1D, 0x11, 0x96, 0x00, 0x00, 0xD6, 0x9B, 0x67, 0x32, 0x13, 0x2D, 0xBB, 0x9D, 0x00,
    0x00, 0xA6, 0x11, 0x67, 0x89, 0x3B, 0x1D, 0x00, 0x96, 0x00, 0x00, 0xD6, 0x9A, 0x67, 0x79, 0x4B,
    0x3D, 0xCD, 0x9D, 0x00, 0x00, 0xA6, 0x00, 0x67, 0x22, 0x13, 0x1D, 0x00, 0x96, 0x00, 0xF1, 0xCC,
    0xBB, 0xBB, 0xBB, 0xBB, 0xBC, 0xBB, 0xCC, 0x8E, 0xF1, 0x01, 0x00, 0x00, 0x00, 0x00, 0x00, 0x00,
    0x00, 0x8B, 0x91, 0x01, 0xDD, 0xCC, 0xCC, 0xCC, 0xCC, 0xED, 0x00, 0x45, 0x00, 0x00, 0x4C, 0x00,
    0x00, 0x00, 0x00, 0xC6, 0x00, 0x00, 0x00, 0x00, 0xCC, 0xAA, 0xAA, 0xAA, 0xAA, 0xCC, 0x00, 0x00,
    0x00, 0x00, 0x4C, 0x00, 0x00, 0x00, 0x00, 0xC6, 0x00, 0x00, 0x00, 0x00, 0xCC, 0xAA, 0xAA, 0xAA,
    0xAA, 0xCC, 0x00, 0x00, 0x00, 0x00, 0x4C, 0x00, 0x00, 0x00, 0x00, 0xC6, 0x00, 0x00, 0xE1, 0xDD,
    0xDF, 0xDD, 0xDD, 0xDD, 0xDD, 0xFE, 0xDD, 0x8E, 0x20, 0x11, 0x00, 0x00, 0x00, 0x00, 0x00, 0x00,
    0x11, 0x11,
    // Unicode: [0x4EBA]
    0x00, 0x00, 0x00, 0x00, 0x10, 0x00, 0x00, 0x00, 0x00, 0x00, 0x00, 0x00, 0x00, 0x00, 0xC0, 0x2E,
    0x00, 0x00, 0x00, 0x00, 0x00, 0x00, 0x00, 0x00, 0xA0, 0x0E, 0x00, 0x00, 0x00, 0x00, 0x00, 0x00,
    0x00, 0x00, 0xA0, 0x0D, 0x00, 0x00, 0x00, 0x00, 0x00, 0x00, 0x00, 0x00, 0xA0, 0x0C, 0x00, 0x00,
    0x00, 0x00, 0x00, 0x00, 0x00, 0x00, 0xB0, 0x0A, 0x00, 0x00, 0x00, 0x00, 0x00, 0x00, 0x00, 0x00,
    0xC0, 0x09, 0x00, 0x00, 0x00, 0x00, 0x00, 0x00, 0x00, 0x00, 0xE0, 0x0B, 0x00, 0x00, 0x00, 0x00,
    0x00, 0x00, 0x00, 0x00, 0xF2, 0x2F, 0x00, 0x00, 0x00, 0x00, 0x00, 0x00, 0x00, 0x00, 0xF6, 0x9B,
    0x00, 0x00, 0x00, 0x00, 0x00, 0x00, 0x00, 0x00, 0xBB, 0xF3, 0x02, 0x00, 0x00, 0x00, 0x00, 0x00,
    0x00, 0x30, 0x4F, 0xB0, 0x0B, 0x00, 0x00, 0x00, 0x00, 0x00, 0x00, 0xB0, 0x0C, 0x20, 0x6F, 0x00,
    0x00, 0x00, 0x00, 0x00, 0x00, 0xF6, 0x03, 0x00, 0xF7, 0x03, 0x00, 0x00, 0x00, 0x00, 0x40, 0x6F,
    0x00, 0x00, 0xB0, 0x2E, 0x00, 0x00, 0x00, 0x00, 0xE3, 0x09, 0x00, 0x00, 0x10, 0xDD, 0x02, 0x00,
    0x00, 0x60, 0xAF, 0x00, 0x00, 0x00, 0x00, 0xD2, 0x2D, 0x00, 0x10, 0xFA, 0x09, 0x00, 0x00, 0x00,
    0x00, 0x20, 0xED, 0x06, 0xE7, 0x6F, 0x00, 0x00, 0x00, 0x00, 0x00, 0x00, 0xD2, 0xBF, 0xC5, 0x03,
    0x00, 0x00, 0x00, 0x00, 0x00, 0x00, 0x10, 0x4A,
    // Unicode: [0x4EBB]
    0x00, 0x00, 0x00, 0x00, 0x01, 0x00, 0x00, 0x00, 0x00, 0x00, 0xCA, 0x03, 0x00, 0x00, 0x00, 0x30,
    0xAF, 0x00, 0x00, 0x00, 0x00, 0xB0, 0x1D, 0x00, 0x00, 0x00, 0x00, 0xF6, 0x03, 0x00, 0x00, 0x00,
    0x30, 0x8F, 0x00, 0x00, 0x00, 0x00, 0xD1, 0x5F, 0x00, 0x00, 0x00, 0x00, 0xEB, 0x5F, 0x00, 0x00,
    0x00, 0x90, 0x5F, 0x5F, 0x00, 0x00, 0x00, 0xF9, 0x15, 0x5F, 0x00, 0x00, 0xB1, 0x7F, 0x10, 0x5F,
    0x00, 0x00, 0xD4, 0x08, 0x10, 0x5F, 0x00, 0x00, 0x10, 0x00, 0x10, 0x5F, 0x00, 0x00, 0x00, 0x00,
    0x10, 0x5F, 0x00, 0x00, 0x00, 0x00, 0x10, 0x5F, 0x00, 0x00, 0x00, 0x00, 0x10, 0x5F, 0x00, 0x00,
    0x00, 0x00, 0x10, 0x5F, 0x00, 0x00, 0x00, 0x00, 0x20, 0x5F, 0x00, 0x00, 0x00, 0x00, 0x30, 0x5F,
    0x00, 0x00, 0x00, 0x00, 0x40, 0x5F, 0x00, 0x00, 0x00, 0x00, 0x40, 0x5F, 0x00, 0x00,
    // Unicode: [0x4EBC]
    0x00, 0x00, 0x00, 0x00, 0x01, 0x00, 0x00, 0x00, 0x00, 0x00, 0x00, 0x00, 0x00, 0x00, 0xDC, 0x00,
    0x00, 0x00, 0x00, 0x00, 0x00, 0x00, 0x00, 0x00, 0x9B, 0x00, 0x00, 0x00, 0x00, 0x00, 0x00, 0x00,
    0x00, 0x00, 0x8C, 0x00, 0x00, 0x00, 0x00, 0x00, 0x00, 0x00, 0x00, 0x00, 0x6D, 0x00, 0x00, 0x00,
    0x00, 0x00, 0x00, 0x00, 0x00, 0x00, 0xAE, 0x00, 0x00, 0x00, 0x00, 0x00, 0x00, 0x00, 0x00, 0x30,
    0xEF, 0x02, 0x00, 0x00, 0x00, 0x00, 0x00, 0x00, 0x00, 0x70, 0x8C, 0x0A, 0x00, 0x00, 0x00, 0x00,
    0x00, 0x00, 0x00, 0xE1, 0x17, 0x6D, 0x00, 0x00, 0x00, 0x00, 0x00, 0x00, 0x00, 0xD8, 0x01, 0xE4,
    0x03, 0x00, 0x00, 0x00, 0x00, 0x00, 0x50, 0x4F, 0x00, 0x70, 0x3E, 0x00, 0x00, 0x00, 0x00, 0x00,
    0xE4, 0x08, 0x00, 0x00, 0xEA, 0x04, 0x00, 0x00, 0x00, 0x40, 0xAE, 0x00, 0x00, 0x00, 0xA0, 0x6F,
    0x00, 0x00, 0x10, 0xF9, 0x0A, 0x00, 0x00, 0x00, 0x00, 0xF9, 0x2B, 0x00, 0xE6, 0x9F, 0x00, 0x00,
    0x00, 0x00, 0x00, 0x70, 0xDF, 0x01, 0xD3, 0x04, 0x00, 0x00, 0x00, 0x00, 0x00, 0x00, 0x54, 0x00,
    0x00, 0x00, 0x00, 0x00, 0x00, 0x00, 0x00, 0x00, 0x00, 0x00, 0x44, 0x33, 0x23, 0x22, 0x22, 0x22,
    0x32, 0x33, 0x44, 0x01, 0xFE, 0xFF, 0xFF, 0xFF, 0xFF, 0xFF, 0xFF, 0xFF, 0xFF, 0x04, 0x23, 0x12,
    0x11, 0x11, 0x10, 0x11, 0x11, 0x21, 0x32, 0x01,
    // Unicode: [0x4EBD]
    0x00, 0x00, 0x00, 0x00, 0x30, 0x01, 0x00, 0x00, 0x00, 0x00, 0x00, 0x00, 0x00, 0x00, 0xE0, 0x2D,
    0x00, 0x00, 0x00, 0x00, 0x00, 0x00, 0x00, 0x00, 0xF5, 0x08, 0x00, 0x00, 0x00, 0x00, 0x00, 0x00,
    0x00, 0x00, 0xBD, 0x5D, 0x00, 0x00, 0x00, 0x00, 0x00, 0x00, 0x00, 0x90, 0x2E, 0xE3, 0x05, 0x00,
    0x00, 0x00, 0x00, 0x00, 0x00, 0xF7, 0x05, 0x50, 0x6E, 0x00, 0x00, 0x00, 0x00, 0x00, 0x91, 0x6F,
    0x00, 0x00, 0xE4, 0x1A, 0x00, 0x00, 0x00, 0x50, 0xED, 0x05, 0x00, 0x00, 0x30, 0xEC, 0x17, 0x00,
    0x61, 0xFC, 0x2C, 0x00, 0x00, 0x00, 0x00, 0x80, 0xEF, 0x4A, 0xF6, 0x6E, 0x00, 0x00, 0x00, 0x00,
    0x00, 0x00, 0xA2, 0x6F, 0x50, 0x01, 0x00, 0x00, 0x00, 0x00, 0x00, 0x00, 0x00, 0x02, 0x00, 0x00,
    0x00, 0x00, 0x00, 0x00, 0x00, 0x00, 0x00, 0x00, 0x00, 0x00, 0x00, 0x00, 0x00, 0x00, 0x00, 0x00,
    0x00, 0x00, 0x00, 0x00, 0x30, 0x00, 0x00, 0x00, 0x00, 0x00, 0x00, 0x00, 0x00, 0x00, 0xF3, 0x8D,
    0x03, 0x00, 0x00, 0x00, 0x00, 0x00, 0x00, 0x00, 0x30, 0xC7, 0xDF, 0x28, 0x00, 0x00, 0x00, 0x00,
    0x00, 0x00, 0x00, 0x00, 0x83, 0xFD, 0x6C, 0x01, 0x00, 0x00, 0x00, 0x00, 0x00, 0x00, 0x00, 0x50,
    0xFB, 0x6E, 0x00, 0x00, 0x00, 0x00, 0x00, 0x00, 0x00, 0x00, 0x20, 0x39, 0x00, 0x00,
    // Unicode: [0x4EBE]
    0x81, 0x06, 0x00, 0x00, 0x10, 0x36, 0x00, 0x00, 0x00, 0x00, 0xF1, 0x08, 0x00, 0x00, 0x20, 0x8F,
    0x00, 0x00, 0x00, 0x00, 0xF1, 0x06, 0x00, 0x00, 0x10, 0x5F, 0x00, 0x00, 0x00, 0x00, 0xF0, 0x06,
    0x00, 0x00, 0x20, 0x2F, 0x00, 0x00, 0x00, 0x00, 0xF0, 0x06, 0x00, 0x00, 0x40, 0x0E, 0x00, 0x00,
    0x00, 0x00, 0xF0, 0x06, 0x00, 0x00, 0x60, 0x0D, 0x00, 0x00, 0x00, 0x00, 0xF0, 0x06, 0x00, 0x00,
    0xA0, 0x4F, 0x00, 0x00, 0x00, 0x00, 0xF0, 0x06, 0x00, 0x00, 0xE0, 0xBB, 0x00, 0x00, 0x00, 0x00,
    0xF0, 0x06, 0x00, 0x00, 0xE5, 0xD1, 0x05, 0x00, 0x00, 0x00, 0xF0, 0x06, 0x00, 0x00, 0x8D, 0x50,
    0x2E, 0x00, 0x00, 0x00, 0xF0, 0x06, 0x00, 0x70, 0x1E, 0x00, 0xCA, 0x00, 0x00, 0x00, 0xF0, 0x06,
    0x00, 0xF4, 0x06, 0x00, 0xE1, 0x0B, 0x00, 0x00, 0xF0, 0x06, 0x20, 0xBE, 0x00, 0x00, 0x30, 0xBE,
    0x01, 0x00, 0xF0, 0x06, 0xE3, 0x1D, 0x00, 0x00, 0x00, 0xF4, 0x3D, 0x00, 0xF0, 0x66, 0xEE, 0x03,
    0x00, 0x00, 0x00, 0x40, 0xEE, 0x02, 0xF0, 0x36, 0x2C, 0x00, 0x00, 0x00, 0x00, 0x00, 0x53, 0x00,
    0xF1, 0x06, 0x00, 0x00, 0x00, 0x00, 0x00, 0x00, 0x21, 0x01, 0xF2, 0xEF, 0xEE, 0xEE, 0xEE, 0xEE,
    0xFE, 0xFF, 0xFF, 0x08, 0x61, 0x56, 0x55, 0x55, 0x55, 0x55, 0x55, 0x55, 0x66, 0x04,
    // Unicode: [0x4EBF]
    0x00, 0x00, 0x00, 0x5A, 0x00, 0x00, 0x00, 0x00, 0x00, 0x00, 0x00, 0x00, 0x00, 0x50, 0x9F, 0x00,
    0x00, 0x00, 0x00, 0x00, 0x00, 0x00, 0x00, 0x00, 0xB0, 0x0C, 0x01, 0x00, 0x00, 0x00, 0x11, 0x01,
    0x00, 0x00, 0x00, 0xF3, 0x04, 0xFE, 0xEF, 0xEE, 0xFF, 0xFF, 0x07, 0x00, 0x00, 0x00, 0xBB, 0x00,
    0x22, 0x11, 0x11, 0x31, 0xBF, 0x01, 0x00, 0x00, 0x40, 0x6F, 0x00, 0x00, 0x00, 0x00, 0xB0, 0x1C,
    0x00, 0x00, 0x00, 0xC0, 0x6F, 0x00, 0x00, 0x00, 0x00, 0xE6, 0x02, 0x00, 0x00, 0x00, 0xF6, 0x6F,
    0x00, 0x00, 0x00, 0x20, 0x7E, 0x00, 0x00, 0x00, 0x30, 0x9F, 0x6E, 0x00, 0x00, 0x00, 0xB0, 0x0C,
    0x00, 0x00, 0x00, 0xD2, 0x1D, 0x6E, 0x00, 0x00, 0x00, 0xF5, 0x03, 0x00, 0x00, 0x00, 0x83, 0x04,
    0x6E, 0x00, 0x00, 0x10, 0x9D, 0x00, 0x00, 0x00, 0x00, 0x00, 0x00, 0x6E, 0x00, 0x00, 0x80, 0x1E,
    0x00, 0x00, 0x00, 0x00, 0x00, 0x00, 0x6E, 0x00, 0x00, 0xF3, 0x06, 0x00, 0x00, 0x00, 0x00, 0x00,
    0x00, 0x6E, 0x00, 0x00, 0xCB, 0x00, 0x00, 0x00, 0x00, 0x00, 0x00, 0x00, 0x6E, 0x00, 0x50, 0x4F,
    0x00, 0x00, 0x00, 0x00, 0x00, 0x00, 0x00, 0x6E, 0x00, 0xC0, 0x0B, 0x00, 0x00, 0x00, 0x20, 0x00,
    0x00, 0x00, 0x6F, 0x00, 0xF4, 0x03, 0x00, 0x00, 0x00, 0xD0, 0x07, 0x00, 0x00, 0x6F, 0x00, 0xE9,
    0x00, 0x00, 0x00, 0x00, 0xF4, 0x06, 0x00, 0x10, 0x6F, 0x00, 0xF9, 0x59, 0x23, 0x22, 0x63, 0xEE,
    0x01, 0x00, 0x20, 0x6F, 0x00, 0x82, 0xDC, 0xFE, 0xFF, 0xEF, 0x3B, 0x00,
    // Unicode: [0x4EC0]
    0x00, 0x00, 0x40, 0x02, 0x00, 0x00, 0x51, 0x03, 0x00, 0x00, 0x00, 0x00, 0x00, 0xB0, 0x2E, 0x00,
    0x00, 0xF1, 0x0A, 0x00, 0x00, 0x00, 0x00, 0x00, 0xF2, 0x06, 0x00, 0x00, 0xE0, 0x07, 0x00, 0x00,
    0x00, 0x00, 0x00, 0xD8, 0x00, 0x00, 0x00, 0xE0, 0x07, 0x00, 0x00, 0x00, 0x00, 0x10, 0x8E, 0x00,
    0x00, 0x00, 0xE0, 0x07, 0x00, 0x00, 0x00, 0x00, 0x80, 0x6F, 0x00, 0x00, 0x00, 0xE0, 0x07, 0x00,
    0x00, 0x00, 0x00, 0xF3, 0x6F, 0x00, 0x00, 0x00, 0xE0, 0x07, 0x00, 0x00, 0x00, 0x10, 0xCC, 0x6E,
    0x64, 0x56, 0x45, 0xE4, 0x49, 0x55, 0x65, 0x06, 0xA0, 0x2F, 0x6E, 0xE8, 0xDD, 0xCC, 0xFC, 0xCD,
    0xDC, 0xED, 0x0B, 0xD3, 0x06, 0x6E, 0x00, 0x00, 0x00, 0xE0, 0x07, 0x00, 0x00, 0x00, 0x00, 0x00,
    0x6E, 0x00, 0x00, 0x00, 0xE0, 0x07, 0x00, 0x00, 0x00, 0x00, 0x00, 0x6E, 0x00, 0x00, 0x00, 0xE0,
    0x07, 0x00, 0x00, 0x00, 0x00, 0x00, 0x6E, 0x00, 0x00, 0x00, 0xE0, 0x07, 0x00, 0x00, 0x00, 0x00,
    0x00, 0x6E, 0x00, 0x00, 0x00, 0xE0, 0x07, 0x00, 0x00, 0x00, 0x00, 0x00, 0x6E, 0x00, 0x00, 0x00,
    0xE0, 0x07, 0x00, 0x00, 0x00, 0x00, 0x00, 0x6E, 0x00, 0x00, 0x00, 0xE0, 0x07, 0x00, 0x00, 0x00,
    0x00, 0x00, 0x6F, 0x00, 0x00, 0x00, 0xE0, 0x07, 0x00, 0x00, 0x00, 0x00, 0x00, 0x6F, 0x00, 0x00,
    0x00, 0xF0, 0x07, 0x00, 0x00, 0x00, 0x00, 0x10, 0x6F, 0x00, 0x00, 0x00, 0xF0, 0x08, 0x00, 0x00,
    0x00, 0x00, 0x30, 0x6F, 0x00, 0x00, 0x00, 0xF1, 0x09, 0x00, 0x00, 0x00, 0x00, 0x00, 0x00, 0x00,
    0x00, 0x00, 0x10, 0x00, 0x00, 0x00, 0x00,
    // Unicode: [0x4EC1]
    0x00, 0x00, 0x40, 0x05, 0x00, 0x00, 0x00, 0x00, 0x00, 0x00, 0x00, 0x00, 0x00, 0xB0, 0x4E, 0x00,
    0x00, 0x00, 0x00, 0x00, 0x00, 0x00, 0x00, 0x00, 0xF1, 0x06, 0x00, 0x00, 0x00, 0x00, 0x00, 0x00,
    0x00, 0x00, 0x00, 0xD8, 0x00, 0x33, 0x23, 0x22, 0x22, 0x32, 0x14, 0x00, 0x00, 0x10, 0x7E, 0x00,
    0xFA, 0xFF, 0xFF, 0xFF, 0xFF, 0x4F, 0x00, 0x00, 0x80, 0x7F, 0x00, 0x22, 0x11, 0x00, 0x00, 0x11,
    0x12, 0x00, 0x00, 0xF3, 0x7F, 0x00, 0x00, 0x00, 0x00, 0x00, 0x00, 0x00, 0x00, 0x00, 0xBC, 0x7E,
    0x00, 0x00, 0x00, 0x00, 0x00, 0x00, 0x00, 0x00, 0x80, 0x2F, 0x7E, 0x00, 0x00, 0x00, 0x00, 0x00,
    0x00, 0x00, 0x00, 0xF4, 0x07, 0x7E, 0x00, 0x00, 0x00, 0x00, 0x00, 0x00, 0x00, 0x00, 0x50, 0x00,
    0x7E, 0x00, 0x00, 0x00, 0x00, 0x00, 0x00, 0x00, 0x00, 0x00, 0x00, 0x7E, 0x00, 0x00, 0x00, 0x00,
    0x00, 0x00, 0x00, 0x00, 0x00, 0x00, 0x7E, 0x00, 0x00, 0x00, 0x00, 0x00, 0x00, 0x00, 0x00, 0x00,
    0x00, 0x7E, 0x00, 0x00, 0x00, 0x00, 0x00, 0x00, 0x00, 0x00, 0x00, 0x00, 0x7E, 0x00, 0x00, 0x00,
    0x00, 0x00, 0x00, 0x00, 0x00, 0x00, 0x00, 0x7E, 0x10, 0x00, 0x00, 0x00, 0x00, 0x00, 0x00, 0x00,
    0x00, 0x00, 0x7F, 0xF1, 0xEF, 0xEE, 0xEE, 0xEE, 0xEE, 0xFF, 0x09, 0x00, 0x00, 0x7F, 0x50, 0x44,
    0x34, 0x33, 0x33, 0x44, 0x54, 0x03, 0x00, 0x10, 0x7F, 0x00, 0x00, 0x00, 0x00, 0x00, 0x00, 0x00,
    0x00, 0x00, 0x20, 0x7F, 0x00, 0x00, 0x00, 0x00, 0x00, 0x00, 0x00, 0x00,
    // Unicode: [0x4EC2]
    0x00, 0x00, 0x80, 0x17, 0x00, 0x40, 0x58, 0x00, 0x00, 0x00, 0x00, 0x00, 0xE0, 0x1D, 0x00, 0x50,
    0x5F, 0x00, 0x00, 0x00, 0x00, 0x00, 0xF6, 0x03, 0x00, 0x40, 0x3F, 0x00, 0x00, 0x00, 0x00, 0x00,
    0x9D, 0x00, 0x00, 0x40, 0x2F, 0x00, 0x00, 0x00, 0x00, 0x70, 0x1E, 0x00, 0x00, 0x40, 0x1F, 0x00,
    0x00, 0x00, 0x00, 0xE2, 0x0D, 0xA0, 0xDE, 0xED, 0xDF, 0xDD, 0xED, 0x2F, 0x00, 0xFB, 0x0D, 0x40,
    0x55, 0x84, 0x4F, 0x44, 0x74, 0x1F, 0x80, 0x9F, 0x0D, 0x00, 0x00, 0x60, 0x0E, 0x00, 0x40, 0x1F,
    0xF6, 0x66, 0x0D, 0x00, 0x00, 0x70, 0x0D, 0x00, 0x50, 0x0F, 0xA9, 0x60, 0x0D, 0x00, 0x00, 0x80,
    0x0C, 0x00, 0x50, 0x0F, 0x00, 0x60, 0x0D, 0x00, 0x00, 0xA0, 0x0A, 0x00, 0x60, 0x0E, 0x00, 0x60,
    0x0D, 0x00, 0x00, 0xC0, 0x08, 0x00, 0x70, 0x0E, 0x00, 0x60, 0x0D, 0x00, 0x00, 0xF0, 0x05, 0x00,
    0x70, 0x0D, 0x00, 0x60, 0x0D, 0x00, 0x00, 0xF4, 0x01, 0x00, 0x80, 0x0D, 0x00, 0x60, 0x0D, 0x00,
    0x00, 0xC9, 0x00, 0x00, 0x80, 0x0C, 0x00, 0x60, 0x0D, 0x00, 0x20, 0x5F, 0x00, 0x00, 0x90, 0x0C,
    0x00, 0x70, 0x0D, 0x00, 0xC0, 0x0C, 0x00, 0x00, 0xD0, 0x0A, 0x00, 0x70, 0x0D, 0x00, 0xFA, 0x03,
    0x30, 0x66, 0xFB, 0x06, 0x00, 0x80, 0x0D, 0xB1, 0x6F, 0x00, 0x10, 0xFE, 0x6C, 0x00, 0x00, 0x90,
    0x0D, 0x71, 0x08, 0x00, 0x00, 0x12, 0x00, 0x00,
    // Unicode: [0x4EC3]
    0x00, 0x00, 0x00, 0x25, 0x00, 0x00, 0x00, 0x00, 0x00, 0x00, 0x00, 0x00, 0x00, 0x00, 0xDD, 0x01,
    0x00, 0x00, 0x00, 0x00, 0x00, 0x00, 0x00, 0x00, 0x50, 0x4F, 0x66, 0x55, 0x44, 0x44, 0x54, 0x55,
    0x16, 0x00, 0x00, 0xC0, 0x0A, 0xEE, 0xDD, 0xDD, 0xDD, 0xEF, 0xED, 0x3F, 0x00, 0x00, 0xF5, 0x02,
    0x00, 0x00, 0x00, 0x10, 0x5F, 0x00, 0x00, 0x00, 0x10, 0xFD, 0x00, 0x00, 0x00, 0x00, 0x10, 0x5F,
    0x00, 0x00, 0x00, 0x90, 0xFF, 0x00, 0x00, 0x00, 0x00, 0x10, 0x5F, 0x00, 0x00, 0x00, 0xF6, 0xF9,
    0x00, 0x00, 0x00, 0x00, 0x10, 0x5F, 0x00, 0x00, 0x40, 0x8F, 0xF6, 0x00, 0x00, 0x00, 0x00, 0x10,
    0x5F, 0x00, 0x00, 0xE2, 0x0B, 0xF6, 0x00, 0x00, 0x00, 0x00, 0x10, 0x5F, 0x00, 0x00, 0x40, 0x01,
    0xF6, 0x00, 0x00, 0x00, 0x00, 0x10, 0x5F, 0x00, 0x00, 0x00, 0x00, 0xF6, 0x00, 0x00, 0x00, 0x00,
    0x10, 0x5F, 0x00, 0x00, 0x00, 0x00, 0xF6, 0x00, 0x00, 0x00, 0x00, 0x10, 0x5F, 0x00, 0x00, 0x00,
    0x00, 0xF6, 0x00, 0x00, 0x00, 0x00, 0x10, 0x5F, 0x00, 0x00, 0x00, 0x00, 0xF6, 0x00, 0x00, 0x00,
    0x00, 0x10, 0x5F, 0x00, 0x00, 0x00, 0x00, 0xF6, 0x00, 0x00, 0x00, 0x00, 0x10, 0x5F, 0x00, 0x00,
    0x00, 0x00, 0xF6, 0x00, 0x00, 0x00, 0x00, 0x10, 0x5F, 0x00, 0x00, 0x00, 0x00, 0xF7, 0x00, 0x00,
    0x00, 0x00, 0x20, 0x5F, 0x00, 0x00, 0x00, 0x00, 0xF8, 0x00, 0x00, 0x00, 0x93, 0xB8, 0x3F, 0x00,
    0x00, 0x00, 0x00, 0xF9, 0x00, 0x00, 0x00, 0xF1, 0xCE, 0x07, 0x00, 0x00,
    // Unicode: [0x4EC4]
    0x00, 0x11, 0x01, 0x00, 0x00, 0x00, 0x00, 0x00, 0x10, 0x01, 0x00, 0xF8, 0xFF, 0xFF, 0xFF, 0xFF,
    0xFF, 0xFF, 0xFF, 0x2F, 0x00, 0xF7, 0x22, 0x22, 0x22, 0x22, 0x22, 0x32, 0x33, 0x04, 0x00, 0xF7,
    0x00, 0x00, 0x00, 0xB4, 0x05, 0x00, 0x00, 0x00, 0x00, 0xF6, 0x00, 0x00, 0x00, 0xF3, 0x04, 0x00,
    0x00, 0x00, 0x00, 0xF6, 0x00, 0x00, 0x00, 0xF3, 0x01, 0x00, 0x00, 0x00, 0x00, 0xF5, 0x00, 0x00,
    0x00, 0xE4, 0x00, 0x00, 0x00, 0x00, 0x00, 0xF5, 0x00, 0x00, 0x00, 0xD6, 0x00, 0x00, 0x00, 0x00,
    0x00, 0xF6, 0x00, 0x00, 0x00, 0xF8, 0x03, 0x00, 0x00, 0x00, 0x00, 0xE6, 0x00, 0x00, 0x00, 0xEC,
    0x0A, 0x00, 0x00, 0x00, 0x00, 0xD7, 0x00, 0x00, 0x20, 0x4F, 0x2E, 0x00, 0x00, 0x00, 0x00, 0xB8,
    0x00, 0x00, 0x80, 0x0C, 0xC7, 0x00, 0x00, 0x00, 0x00, 0x9B, 0x00, 0x00, 0xE2, 0x05, 0xD0, 0x07,
    0x00, 0x00, 0x00, 0x7D, 0x00, 0x00, 0xBB, 0x00, 0x30, 0x5E, 0x00, 0x00, 0x30, 0x3F, 0x00, 0x80,
    0x2E, 0x00, 0x00, 0xF6, 0x05, 0x00, 0x80, 0x0E, 0x00, 0xF6, 0x04, 0x00, 0x00, 0x70, 0x7F, 0x00,
    0xD0, 0x08, 0x80, 0x6F, 0x00, 0x00, 0x00, 0x00, 0xF8, 0x1B, 0xF7, 0x02, 0xFC, 0x06, 0x00, 0x00,
    0x00, 0x00, 0x60, 0x4F, 0x75, 0x00, 0x44, 0x00, 0x00, 0x00, 0x00, 0x00, 0x00, 0x02,
    // Unicode: [0x4EC5]
    0x00, 0x00, 0x00, 0x16, 0x00, 0x00, 0x00, 0x00, 0x00, 0x00, 0x00, 0x00, 0x00, 0x30, 0xCF, 0x00,
    0x00, 0x00, 0x00, 0x00, 0x00, 0x00, 0x00, 0x00, 0x80, 0x1D, 0x75, 0x66, 0x56, 0x65, 0x76, 0x07,
    0x00, 0x00, 0x00, 0xE0, 0x05, 0xD8, 0xBF, 0xBB, 0xBB, 0xEB, 0x0D, 0x00, 0x00, 0x00, 0xD6, 0x00,
    0x10, 0x2F, 0x00, 0x00, 0xC0, 0x0A, 0x00, 0x00, 0x10, 0x7E, 0x00, 0x00, 0x5D, 0x00, 0x00, 0xE0,
    0x07, 0x00, 0x00, 0x90, 0x5F, 0x00, 0x00, 0x9A, 0x00, 0x00, 0xF2, 0x04, 0x00, 0x00, 0xF5, 0x5F,
    0x00, 0x00, 0xD5, 0x00, 0x00, 0xE7, 0x00, 0x00, 0x30, 0x9E, 0x5E, 0x00, 0x00, 0xF1, 0x02, 0x00,
    0xAB, 0x00, 0x00, 0xE4, 0x1C, 0x5E, 0x00, 0x00, 0xB0, 0x08, 0x10, 0x5F, 0x00, 0x00, 0x60, 0x02,
    0x5E, 0x00, 0x00, 0x40, 0x0D, 0x70, 0x0D, 0x00, 0x00, 0x00, 0x00, 0x5E, 0x00, 0x00, 0x00, 0x5D,
    0xD0, 0x07, 0x00, 0x00, 0x00, 0x00, 0x5E, 0x00, 0x00, 0x00, 0xD5, 0xD6, 0x00, 0x00, 0x00, 0x00,
    0x00, 0x5E, 0x00, 0x00, 0x00, 0xC0, 0x4F, 0x00, 0x00, 0x00, 0x00, 0x00, 0x5E, 0x00, 0x00, 0x00,
    0xE4, 0x9D, 0x00, 0x00, 0x00, 0x00, 0x00, 0x5E, 0x00, 0x00, 0x40, 0x6E, 0xE3, 0x08, 0x00, 0x00,
    0x00, 0x00, 0x5F, 0x00, 0x00, 0xE8, 0x05, 0x40, 0xAF, 0x01, 0x00, 0x00, 0x00, 0x5F, 0x00, 0xD5,
    0x3D, 0x00, 0x00, 0xF5, 0x4D, 0x00, 0x00, 0x10, 0x6F, 0xD8, 0x8F, 0x01, 0x00, 0x00, 0x40, 0xFE,
    0x0A, 0x00, 0x20, 0x5F, 0xB7, 0x02, 0x00, 0x00, 0x00, 0x00, 0xB2, 0x02,
    // Unicode: [0x4EC6]
    0x00, 0x00, 0x00, 0xA9, 0x04, 0x00, 0x91, 0x07, 0x00, 0x00, 0x00, 0x00, 0x00, 0x10, 0xDE, 0x01,
    0x00, 0xF1, 0x07, 0x00, 0x00, 0x00, 0x00, 0x00, 0x60, 0x3F, 0x00, 0x00, 0xF0, 0x06, 0x00, 0x00,
    0x00, 0x00, 0x00, 0xD0, 0x0A, 0x00, 0x00, 0xF0, 0x06, 0x00, 0x00, 0x00, 0x00, 0x00, 0xF7, 0x06,
    0x00, 0x00, 0xF0, 0x06, 0x00, 0x00, 0x00, 0x00, 0x20, 0xFE, 0x06, 0x00, 0x00, 0xF0, 0x06, 0x00,
    0x00, 0x00, 0x00, 0xC0, 0xED, 0x06, 0x00, 0x00, 0xF0, 0x86, 0x08, 0x00, 0x00, 0x00, 0xF8, 0xE3,
    0x06, 0x00, 0x00, 0xF0, 0x66, 0x7F, 0x00, 0x00, 0x60, 0x7F, 0xE0, 0x06, 0x00, 0x00, 0xF0, 0x06,
    0xF6, 0x07, 0x00, 0xE2, 0x0C, 0xE0, 0x06, 0x00, 0x00, 0xF0, 0x06, 0x70, 0x5F, 0x00, 0x30, 0x02,
    0xE0, 0x06, 0x00, 0x00, 0xF0, 0x06, 0x00, 0xE9, 0x03, 0x00, 0x00, 0xE0, 0x06, 0x00, 0x00, 0xF0,
    0x06, 0x00, 0xC0, 0x1D, 0x00, 0x00, 0xE0, 0x06, 0x00, 0x00, 0xF0, 0x06, 0x00, 0x30, 0x1B, 0x00,
    0x00, 0xE0, 0x06, 0x00, 0x00, 0xF0, 0x06, 0x00, 0x00, 0x00, 0x00, 0x00, 0xE0, 0x06, 0x00, 0x00,
    0xF0, 0x06, 0x00, 0x00, 0x00, 0x00, 0x00, 0xE0, 0x06, 0x00, 0x00, 0xF0, 0x06, 0x00, 0x00, 0x00,
    0x00, 0x00, 0xF0, 0x06, 0x00, 0x00, 0xF0, 0x06, 0x00, 0x00, 0x00, 0x00, 0x00, 0xF0, 0x06, 0x00,
    0x00, 0xF1, 0x06, 0x00, 0x00, 0x00, 0x00, 0x00, 0xF1, 0x06, 0x00, 0x00, 0xF2, 0x07, 0x00, 0x00,
    0x00, 0x00, 0x00, 0xF2, 0x06, 0x00, 0x00, 0xD2, 0x07, 0x00, 0x00, 0x00,
    // Unicode: [0x4EC7]
    0x00, 0x00, 0x10, 0x01, 0x00, 0x00, 0x00, 0x00, 0x00, 0x00, 0x00, 0x00, 0x00, 0x80, 0x5E, 0x00,
    0xE0, 0x0B, 0x00, 0x00, 0x00, 0x00, 0x00, 0x00, 0xD0, 0x0B, 0x00, 0xE0, 0x09, 0x00, 0x00, 0x00,
    0x00, 0x00, 0x00, 0xF4, 0x02, 0x00, 0xD0, 0x09, 0x00, 0x00, 0x00, 0x00, 0x00, 0x00, 0xAC, 0x00,
    0x00, 0xC0, 0x08, 0x00, 0x00, 0x00, 0x00, 0x00, 0x40, 0x6F, 0x00, 0x00, 0xC0, 0x08, 0x00, 0x00,
    0x00, 0x00, 0x00, 0xD0, 0x6F, 0x00, 0x00, 0xC0, 0x29, 0x43, 0x76, 0x00, 0x00, 0x00, 0xF8, 0x6F,
    0xD1, 0xDD, 0xFE, 0xFF, 0xDE, 0xCE, 0x00, 0x00, 0x30, 0x7F, 0x6F, 0x90, 0x57, 0xC4, 0x08, 0x00,
    0xBA, 0x00, 0x00, 0xE1, 0x0C, 0x6F, 0x00, 0x00, 0xC0, 0x07, 0x00, 0xAB, 0x00, 0x00, 0x40, 0x03,
    0x6F, 0x00, 0x00, 0xD0, 0x06, 0x00, 0x9B, 0x00, 0x00, 0x00, 0x00, 0x6F, 0x00, 0x00, 0xF0, 0x05,
    0x00, 0x8C, 0x00, 0x00, 0x00, 0x00, 0x6F, 0x00, 0x00, 0xF2, 0x03, 0x00, 0x7D, 0x00, 0x00, 0x00,
    0x00, 0x6F, 0x00, 0x00, 0xF5, 0x00, 0x00, 0x6E, 0x00, 0x00, 0x00, 0x00, 0x6F, 0x00, 0x00, 0xBA,
    0x00, 0x00, 0x6E, 0x00, 0x00, 0x00, 0x00, 0x6F, 0x00, 0x30, 0x5F, 0x00, 0x00, 0x5F, 0x00, 0x00,
    0x00, 0x00, 0x6F, 0x00, 0xC1, 0x0C, 0x00, 0x10, 0x4F, 0x10, 0x03, 0x00, 0x10, 0x6F, 0x10, 0xDC,
    0x02, 0x00, 0x10, 0x3F, 0x30, 0x3F, 0x00, 0x20, 0x6F, 0xE5, 0x2D, 0x00, 0x00, 0x10, 0x8F, 0xB4,
    0x0E, 0x00, 0x30, 0x6F, 0xB6, 0x01, 0x00, 0x00, 0x00, 0xEA, 0xDF, 0x05,
    // Unicode: [0x4EC8]
    0x00, 0x00, 0x73, 0x02, 0x00, 0x00, 0x00, 0x00, 0x00, 0x00, 0x00, 0x00, 0x00, 0xF7, 0x04, 0x00,
    0x00, 0x00, 0x00, 0x00, 0x00, 0x00, 0x00, 0x00, 0xAB, 0x00, 0x00, 0xB8, 0x02, 0xA0, 0x08, 0x00,
    0x00, 0x00, 0x20, 0x3F, 0x00, 0x00, 0xD8, 0x00, 0xB0, 0x09, 0x00, 0x00, 0x00, 0x80, 0x0E, 0x00,
    0x00, 0xB8, 0x00, 0xA0, 0x09, 0x00, 0x00, 0x00, 0xE1, 0x0E, 0x00, 0x00, 0xB7, 0x00, 0xA0, 0x09,
    0x00, 0x00, 0x00, 0xF7, 0x0E, 0x00, 0x00, 0xB8, 0x00, 0x90, 0x0A, 0x00, 0x00, 0x20, 0xBE, 0x0E,
    0x00, 0x00, 0xA9, 0x00, 0x70, 0x0B, 0x00, 0x00, 0xC1, 0x6C, 0x0E, 0x00, 0x00, 0x8A, 0x00, 0x60,
    0x0D, 0x00, 0x00, 0xA1, 0x53, 0x0E, 0x00, 0x00, 0x7C, 0x00, 0x30, 0x0E, 0x00, 0x00, 0x00, 0x50,
    0x0E, 0x00, 0x00, 0x5E, 0x00, 0x10, 0x2F, 0x00, 0x00, 0x00, 0x50, 0x0E, 0x00, 0x20, 0x2F, 0x00,
    0x00, 0x5E, 0x00, 0x00, 0x00, 0x50, 0x0E, 0x00, 0x60, 0x0E, 0x00, 0x00, 0xA9, 0x00, 0x00, 0x00,
    0x50, 0x0E, 0x00, 0xB0, 0x0A, 0x00, 0x00, 0xF4, 0x01, 0x00, 0x00, 0x50, 0x0E, 0x00, 0xF3, 0x05,
    0x00, 0x00, 0xE0, 0x07, 0x00, 0x00, 0x50, 0x0E, 0x00, 0xDB, 0x00, 0x00, 0x00, 0x80, 0x1E, 0x00,
    0x00, 0x60, 0x0E, 0x70, 0x5F, 0x00, 0x00, 0x00, 0x20, 0x9F, 0x00, 0x00, 0x60, 0x0E, 0xF5, 0x0B,
    0x00, 0x00, 0x00, 0x00, 0xF9, 0x04, 0x00, 0x70, 0x2E, 0xDD, 0x01, 0x00, 0x00, 0x00, 0x00, 0xE1,
    0x0D, 0x00, 0x80, 0x0E, 0x22, 0x00, 0x00, 0x00, 0x00, 0x00, 0x50, 0x01,
    // Unicode: [0x4EC9]
    0x00, 0x00, 0x10, 0x03, 0x00, 0x00, 0x00, 0x00, 0x00, 0x00, 0x00, 0x00, 0x00, 0x60, 0x6F, 0x00,
    0x00, 0x00, 0x00, 0x00, 0x00, 0x00, 0x00, 0x00, 0xD0, 0x0B, 0x40, 0xEE, 0xDD, 0xED, 0x6E, 0x00,
    0x00, 0x00, 0x00, 0xF5, 0x02, 0x30, 0x5F, 0x44, 0x44, 0x5F, 0x00, 0x00, 0x00, 0x00, 0x8D, 0x00,
    0x30, 0x2F, 0x00, 0x00, 0x5F, 0x00, 0x00, 0x00, 0x70, 0x4F, 0x00, 0x20, 0x2F, 0x00, 0x00, 0x4F,
    0x00, 0x00, 0x00, 0xF3, 0x4F, 0x00, 0x20, 0x2F, 0x00, 0x00, 0x4F, 0x00, 0x00, 0x20, 0xCD, 0x4F,
    0x00, 0x20, 0x2F, 0x00, 0x00, 0x4F, 0x00, 0x00, 0xD1, 0x2E, 0x4F, 0x00, 0x20, 0x2F, 0x00, 0x00,
    0x4F, 0x00, 0x00, 0x91, 0x05, 0x4F, 0x00, 0x20, 0x2F, 0x00, 0x00, 0x4F, 0x00, 0x00, 0x00, 0x00,
    0x4F, 0x00, 0x20, 0x2F, 0x00, 0x00, 0x4F, 0x00, 0x00, 0x00, 0x00, 0x4F, 0x00, 0x20, 0x2F, 0x00,
    0x00, 0x4F, 0x00, 0x00, 0x00, 0x00, 0x4F, 0x00, 0x30, 0x1F, 0x00, 0x00, 0x4F, 0x00, 0x00, 0x00,
    0x00, 0x4F, 0x00, 0x50, 0x0E, 0x00, 0x00, 0x4F, 0x00, 0x00, 0x00, 0x00, 0x4F, 0x00, 0x80, 0x0C,
    0x00, 0x00, 0x4F, 0x00, 0x00, 0x00, 0x00, 0x4F, 0x00, 0xC0, 0x08, 0x00, 0x00, 0x4F, 0x00, 0x00,
    0x00, 0x00, 0x4F, 0x00, 0xF2, 0x02, 0x00, 0x00, 0x4F, 0x00, 0x05, 0x00, 0x10, 0x4F, 0x00, 0xAA,
    0x00, 0x00, 0x00, 0x5F, 0x30, 0x3F, 0x00, 0x20, 0x4F, 0x80, 0x1E, 0x00, 0x00, 0x00, 0xBE, 0xB4,
    0x0D, 0x00, 0x30, 0x4F, 0xE5, 0x04, 0x00, 0x00, 0x00, 0xE7, 0xDF, 0x03,
    // Unicode: [0x4ECA]
    0x00, 0x00, 0x00, 0x00, 0x70, 0x28, 0x00, 0x00, 0x00, 0x00, 0x00, 0x00, 0x00, 0x00, 0xD0, 0x3F,
    0x00, 0x00, 0x00, 0x00, 0x00, 0x00, 0x00, 0x00, 0xF6, 0x9C, 0x00, 0x00, 0x00, 0x00, 0x00, 0x00,
    0x00, 0x20, 0x8E, 0xE1, 0x05, 0x00, 0x00, 0x00, 0x00, 0x00, 0x00, 0xC1, 0x0C, 0x40, 0x4E, 0x00,
    0x00, 0x00, 0x00, 0x00, 0x00, 0xDA, 0x02, 0x00, 0xE6, 0x04, 0x00, 0x00, 0x00, 0x00, 0xB1, 0x3E,
    0x13, 0x00, 0x60, 0x6F, 0x00, 0x00, 0x00, 0x30, 0xED, 0x03, 0xDA, 0x02, 0x00, 0xE5, 0x1B, 0x00,
    0x10, 0xF9, 0x2C, 0x00, 0xA1, 0x3E, 0x00, 0x30, 0xED, 0x28, 0xE8, 0x8F, 0x00, 0x00, 0x00, 0xCC,
    0x00, 0x00, 0x81, 0xCF, 0xB3, 0x03, 0x00, 0x00, 0x00, 0x21, 0x00, 0x00, 0x00, 0x23, 0x00, 0x00,
    0x45, 0x33, 0x33, 0x33, 0x33, 0x54, 0x02, 0x00, 0x00, 0x10, 0xFF, 0xFF, 0xFF, 0xFF, 0xFF, 0xEF,
    0x01, 0x00, 0x00, 0x00, 0x12, 0x00, 0x00, 0x00, 0x00, 0x8D, 0x00, 0x00, 0x00, 0x00, 0x00, 0x00,
    0x00, 0x00, 0x60, 0x1E, 0x00, 0x00, 0x00, 0x00, 0x00, 0x00, 0x00, 0x00, 0xD1, 0x08, 0x00, 0x00,
    0x00, 0x00, 0x00, 0x00, 0x00, 0x00, 0xDA, 0x01, 0x00, 0x00, 0x00, 0x00, 0x00, 0x00, 0x00, 0x70,
    0x4F, 0x00, 0x00, 0x00, 0x00, 0x00, 0x00, 0x00, 0x00, 0xF7, 0x08, 0x00, 0x00, 0x00, 0x00, 0x00,
    0x00, 0x00, 0x91, 0x9F, 0x00, 0x00, 0x00, 0x00, 0x00, 0x00, 0x00, 0x00, 0xA2, 0x09, 0x00, 0x00,
    0x00, 0x00,
    // Unicode: [0x4ECB]
    0x00, 0x00, 0x00, 0x00, 0x30, 0x01, 0x00, 0x00, 0x00, 0x00, 0x00, 0x00, 0x00, 0x00, 0x00, 0xE0,
    0x1C, 0x00, 0x00, 0x00, 0x00, 0x00, 0x00, 0x00, 0x00, 0x00, 0xF4, 0x1C, 0x00, 0x00, 0x00, 0x00,
    0x00, 0x00, 0x00, 0x00, 0x00, 0xAC, 0xB8, 0x00, 0x00, 0x00, 0x00, 0x00, 0x00, 0x00, 0x00, 0x70,
    0x1E, 0xA0, 0x0A, 0x00, 0x00, 0x00, 0x00, 0x00, 0x00, 0x00, 0xF6, 0x05, 0x10, 0xCB, 0x01, 0x00,
    0x00, 0x00, 0x00, 0x00, 0x80, 0x6F, 0x00, 0x00, 0xA0, 0x6E, 0x00, 0x00, 0x00, 0x00, 0x20, 0xFB,
    0x06, 0x00, 0x00, 0x00, 0xE6, 0x4C, 0x00, 0x00, 0x30, 0xFA, 0x5D, 0x13, 0x00, 0x00, 0x50, 0x23,
    0xFC, 0x8E, 0x01, 0xFB, 0x7E, 0x60, 0x3F, 0x00, 0x00, 0xF0, 0x09, 0x50, 0x9C, 0x00, 0x73, 0x01,
    0x50, 0x0F, 0x00, 0x00, 0xE0, 0x06, 0x00, 0x10, 0x00, 0x00, 0x00, 0x50, 0x0E, 0x00, 0x00, 0xE0,
    0x06, 0x00, 0x00, 0x00, 0x00, 0x00, 0x50, 0x0E, 0x00, 0x00, 0xE0, 0x06, 0x00, 0x00, 0x00, 0x00,
    0x00, 0x60, 0x0D, 0x00, 0x00, 0xE0, 0x06, 0x00, 0x00, 0x00, 0x00, 0x00, 0x70, 0x0C, 0x00, 0x00,
    0xE0, 0x06, 0x00, 0x00, 0x00, 0x00, 0x00, 0xA0, 0x0A, 0x00, 0x00, 0xE0, 0x06, 0x00, 0x00, 0x00,
    0x00, 0x00, 0xD0, 0x07, 0x00, 0x00, 0xE0, 0x06, 0x00, 0x00, 0x00, 0x00, 0x00, 0xF4, 0x03, 0x00,
    0x00, 0xE0, 0x06, 0x00, 0x00, 0x00, 0x00, 0x20, 0xBD, 0x00, 0x00, 0x00, 0xF0, 0x06, 0x00, 0x00,
    0x00, 0x00, 0xD4, 0x2E, 0x00, 0x00, 0x00, 0xF1, 0x07, 0x00, 0x00, 0x00, 0x00, 0xD9, 0x02, 0x00,
    0x00, 0x00, 0xF1, 0x09, 0x00, 0x00, 0x00,
    // Unicode: [0x4ECC]
    0x00, 0x00, 0x00, 0x00, 0x10, 0x01, 0x00, 0x00, 0x00, 0x00, 0x00, 0x00, 0x00, 0x00, 0xA0, 0x1E,
    0x00, 0x00, 0x00, 0x00, 0x00, 0x00, 0x00, 0x00, 0xC0, 0x08, 0x00, 0x00, 0x00, 0x00, 0x00, 0x00,
    0x00, 0x00, 0xF2, 0x03, 0x00, 0x00, 0x00, 0x00, 0x00, 0x00, 0x00, 0x00, 0xF7, 0x1A, 0x00, 0x00,
    0x00, 0x00, 0x00, 0x00, 0x00, 0x20, 0x4E, 0xE7, 0x05, 0x00, 0x00, 0x00, 0x00, 0x00, 0x00, 0xC1,
    0x09, 0x30, 0xAD, 0x01, 0x00, 0x00, 0x00, 0x00, 0x30, 0xBD, 0x00, 0x00, 0xB1, 0x5E, 0x00, 0x00,
    0x00, 0x10, 0xF7, 0x0A, 0x00, 0x00, 0x00, 0xF8, 0x19, 0x00, 0x00, 0xD6, 0x7F, 0x00, 0xA0, 0x0C,
    0x00, 0x50, 0xDE, 0x02, 0x20, 0xCD, 0x02, 0x00, 0xC0, 0x07, 0x00, 0x00, 0xA3, 0x01, 0x00, 0x01,
    0x00, 0x00, 0xE0, 0x06, 0x00, 0x00, 0x00, 0x00, 0x00, 0x00, 0x00, 0x00, 0xF5, 0x2E, 0x00, 0x00,
    0x00, 0x00, 0x00, 0x00, 0x00, 0x00, 0x9D, 0xD6, 0x01, 0x00, 0x00, 0x00, 0x00, 0x00, 0x00, 0x90,
    0x1E, 0x80, 0x3D, 0x00, 0x00, 0x00, 0x00, 0x00, 0x00, 0xF8, 0x04, 0x00, 0xE8, 0x05, 0x00, 0x00,
    0x00, 0x00, 0xB2, 0x5F, 0x00, 0x00, 0x60, 0xAF, 0x02, 0x00, 0x00, 0x81, 0xDE, 0x03, 0x00, 0x00,
    0x00, 0xC3, 0xAF, 0x04, 0xA1, 0xFF, 0x18, 0x00, 0x00, 0x00, 0x00, 0x00, 0xE7, 0x4F, 0x70, 0x28,
    0x00, 0x00, 0x00, 0x00, 0x00, 0x00, 0x10, 0x06,
    // Unicode: [0x4ECD]
    0x00, 0x00, 0xA4, 0x03, 0x00, 0x00, 0x00, 0x00, 0x00, 0x00, 0x00, 0x00, 0xE8, 0x02, 0x00, 0x00,
    0x00, 0x00, 0x00, 0x00, 0x00, 0x00, 0x7D, 0xF2, 0xEE, 0xDD, 0xDD, 0xED, 0x3F, 0x00, 0x00, 0x40,
    0x1E, 0x61, 0x45, 0x7F, 0x44, 0x84, 0x0E, 0x00, 0x00, 0xB0, 0x09, 0x00, 0x00, 0x5F, 0x00, 0x80,
    0x0B, 0x00, 0x00, 0xF4, 0x06, 0x00, 0x00, 0x4F, 0x00, 0xB0, 0x07, 0x00, 0x00, 0xFC, 0x06, 0x00,
    0x00, 0x4F, 0x00, 0xE0, 0x04, 0x00, 0x60, 0xFF, 0x06, 0x00, 0x10, 0x4F, 0x00, 0xF2, 0x01, 0x00,
    0xE2, 0xE8, 0x06, 0x00, 0x10, 0x3F, 0x00, 0xE5, 0x00, 0x00, 0xDB, 0xE1, 0x06, 0x00, 0x20, 0x1F,
    0x00, 0xF8, 0xDD, 0x3D, 0x21, 0xE0, 0x06, 0x00, 0x40, 0x0E, 0x00, 0x43, 0x64, 0x2F, 0x00, 0xE0,
    0x06, 0x00, 0x60, 0x0C, 0x00, 0x00, 0x40, 0x1F, 0x00, 0xE0, 0x06, 0x00, 0x90, 0x09, 0x00, 0x00,
    0x50, 0x0F, 0x00, 0xE0, 0x06, 0x00, 0xD0, 0x05, 0x00, 0x00, 0x60, 0x0E, 0x00, 0xE0, 0x06, 0x00,
    0xE4, 0x01, 0x00, 0x00, 0x70, 0x0C, 0x00, 0xE0, 0x06, 0x00, 0x9A, 0x00, 0x00, 0x00, 0x90, 0x0B,
    0x00, 0xF0, 0x06, 0x30, 0x1E, 0x00, 0x00, 0x00, 0xB0, 0x09, 0x00, 0xF0, 0x06, 0xC0, 0x07, 0x00,
    0x00, 0x00, 0xE1, 0x06, 0x00, 0xF1, 0x06, 0xB9, 0x00, 0x00, 0x50, 0x76, 0xEC, 0x01, 0x00, 0xF2,
    0x66, 0x1C, 0x00, 0x00, 0x90, 0xCE, 0x29, 0x00,
    // Unicode: [0x4ECE]
    0x00, 0x00, 0x00, 0x00, 0x00, 0x00, 0x10, 0x00, 0x00, 0x00, 0x00, 0x00, 0x00, 0x95, 0x05, 0x00,
    0x00, 0xA0, 0x5F, 0x00, 0x00, 0x00, 0x00, 0x00, 0xF7, 0x03, 0x00, 0x00, 0x90, 0x1F, 0x00, 0x00,
    0x00, 0x00, 0x00, 0xE7, 0x00, 0x00, 0x00, 0x90, 0x0E, 0x00, 0x00, 0x00, 0x00, 0x00, 0xE7, 0x00,
    0x00, 0x00, 0x90, 0x0D, 0x00, 0x00, 0x00, 0x00, 0x00, 0xD7, 0x00, 0x00, 0x00, 0x90, 0x0C, 0x00,
    0x00, 0x00, 0x00, 0x00, 0xC8, 0x00, 0x00, 0x00, 0xA0, 0x0A, 0x00, 0x00, 0x00, 0x00, 0x00, 0xB9,
    0x00, 0x00, 0x00, 0xB0, 0x0B, 0x00, 0x00, 0x00, 0x00, 0x00, 0xCA, 0x00, 0x00, 0x00, 0xC0, 0x0E,
    0x00, 0x00, 0x00, 0x00, 0x00, 0xFC, 0x09, 0x00, 0x00, 0xE0, 0x3F, 0x00, 0x00, 0x00, 0x00, 0x00,
    0x8F, 0x8E, 0x00, 0x00, 0xF1, 0x6E, 0x00, 0x00, 0x00, 0x00, 0x30, 0x3F, 0xF5, 0x06, 0x00, 0xF4,
    0xB8, 0x00, 0x00, 0x00, 0x00, 0x70, 0x0E, 0x90, 0x3F, 0x00, 0xC8, 0xF3, 0x02, 0x00, 0x00, 0x00,
    0xD0, 0x09, 0x10, 0xED, 0x11, 0x8E, 0xD0, 0x08, 0x00, 0x00, 0x00, 0xF5, 0x04, 0x00, 0xE5, 0x73,
    0x2F, 0x70, 0x2E, 0x00, 0x00, 0x00, 0xBD, 0x00, 0x00, 0x10, 0xE2, 0x0A, 0x10, 0xBE, 0x00, 0x00,
    0x90, 0x3F, 0x00, 0x00, 0x10, 0xEC, 0x02, 0x00, 0xF6, 0x09, 0x00, 0xF8, 0x08, 0x00, 0x00, 0xC1,
    0x5F, 0x00, 0x00, 0xB0, 0x9F, 0x00, 0xB5, 0x00, 0x00, 0x40, 0xFD, 0x08, 0x00, 0x00, 0x10, 0xBD,
    0x01, 0x00, 0x00, 0x00, 0x10, 0x8A, 0x00, 0x00, 0x00, 0x00, 0x12, 0x00,
    // Unicode: [0x4ECF]
    0x00, 0x00, 0x10, 0x27, 0x00, 0x00, 0x00, 0x00, 0x00, 0x00, 0x00, 0x00, 0x60, 0x7F, 0x00, 0x00,
    0x81, 0x04, 0x00, 0x00, 0x00, 0x00, 0xC0, 0x0A, 0x00, 0x00, 0xF4, 0x0A, 0x00, 0x00, 0x00, 0x00,
    0xE5, 0x02, 0x00, 0x00, 0xF7, 0x02, 0x00, 0x00, 0x00, 0x00, 0x8C, 0x00, 0x00, 0x00, 0xBB, 0x00,
    0x00, 0x00, 0x00, 0x60, 0x5F, 0x00, 0x00, 0x00, 0x6E, 0x00, 0x00, 0x00, 0x00, 0xE1, 0x5F, 0x00,
    0x00, 0x40, 0x1F, 0x00, 0x00, 0x00, 0x00, 0xCB, 0x5E, 0x00, 0x00, 0x90, 0x0B, 0x00, 0x00, 0x00,
    0x80, 0x2E, 0x5E, 0x00, 0x00, 0xE0, 0x06, 0x00, 0x00, 0x00, 0xF6, 0x06, 0x5E, 0x00, 0x00, 0xE4,
    0x01, 0x20, 0x00, 0x00, 0x60, 0x00, 0x5E, 0x00, 0x00, 0xAA, 0x00, 0xF2, 0x04, 0x00, 0x00, 0x00,
    0x5E, 0x00, 0x10, 0x4E, 0x00, 0xC0, 0x0A, 0x00, 0x00, 0x00, 0x5E, 0x00, 0x60, 0x0D, 0x00, 0x50,
    0x1F, 0x00, 0x00, 0x00, 0x5E, 0x00, 0xC0, 0x07, 0x00, 0x00, 0x7D, 0x00, 0x00, 0x00, 0x5E, 0x00,
    0xF3, 0x01, 0x00, 0x00, 0xD8, 0x00, 0x00, 0x00, 0x5E, 0x00, 0xAA, 0x00, 0x00, 0x00, 0xF3, 0x03,
    0x00, 0x00, 0x5F, 0x40, 0x4F, 0x00, 0x00, 0x10, 0xE2, 0x08, 0x00, 0x10, 0x5F, 0xE3, 0xCF, 0xDC,
    0xEE, 0xFF, 0xFF, 0x0E, 0x00, 0x10, 0x5F, 0xB0, 0x8A, 0x56, 0x34, 0x12, 0x40, 0x4F, 0x00, 0x20,
    0x5F, 0x00, 0x00, 0x00, 0x00, 0x00, 0x00, 0x28,
    // Unicode: [0x4ED0]
    0x00, 0x00, 0x00, 0x00, 0x40, 0x05, 0x00, 0x00, 0x00, 0x00, 0x00, 0x00, 0x00, 0x00, 0x00, 0xC0,
    0x2D, 0x00, 0x00, 0x00, 0x00, 0x00, 0x00, 0x00, 0x00, 0x00, 0xE7, 0x5D, 0x00, 0x00, 0x00, 0x00,
    0x00, 0x00, 0x00, 0x00, 0x30, 0x5E, 0xD2, 0x07, 0x00, 0x00, 0x00, 0x00, 0x00, 0x00, 0x00, 0xE3,
    0x07, 0x20, 0x9D, 0x00, 0x00, 0x00, 0x00, 0x00, 0x00, 0x50, 0x7E, 0x10, 0x00, 0xC2, 0x2C, 0x00,
    0x00, 0x00, 0x00, 0x20, 0xFA, 0x06, 0x80, 0x3F, 0x00, 0xFA, 0x18, 0x00, 0x00, 0x20, 0xF9, 0x3C,
    0x00, 0x80, 0x0E, 0x00, 0x50, 0xEE, 0x39, 0x00, 0xF8, 0x7E, 0x00, 0x00, 0x70, 0x0E, 0x00, 0x00,
    0x81, 0xEE, 0x02, 0x81, 0x01, 0x00, 0x00, 0x70, 0x0E, 0x00, 0x00, 0x00, 0x41, 0x00, 0x10, 0x78,
    0x67, 0x66, 0xA5, 0x5E, 0x65, 0x66, 0x87, 0x02, 0x00, 0x20, 0xDE, 0xCD, 0xCC, 0xDC, 0xCF, 0xCC,
    0xDC, 0xED, 0x04, 0x00, 0x00, 0x00, 0x00, 0x00, 0x70, 0x0E, 0x00, 0x00, 0x00, 0x00, 0x00, 0x00,
    0x00, 0x00, 0x00, 0x70, 0x0E, 0x00, 0x00, 0x00, 0x00, 0x00, 0x00, 0x00, 0x00, 0x00, 0x70, 0x0E,
    0x00, 0x00, 0x00, 0x00, 0x00, 0x00, 0x00, 0x00, 0x00, 0x70, 0x0E, 0x00, 0x00, 0x00, 0x00, 0x00,
    0x00, 0x00, 0x00, 0x00, 0x70, 0x0E, 0x00, 0x00, 0x00, 0x00, 0x00, 0x00, 0x00, 0x00, 0x00, 0x70,
    0x0E, 0x00, 0x00, 0x00, 0x00, 0x00, 0x00, 0x00, 0x00, 0x00, 0x80, 0x0F, 0x00, 0x00, 0x00, 0x00,
    0x00, 0x00, 0x00, 0x00, 0x00, 0x90, 0x1F, 0x00, 0x00, 0x00, 0x00, 0x00,
    // Unicode: [0x4ED1]
    0x00, 0x00, 0x00, 0x00, 0x00, 0x01, 0x00, 0x00, 0x00, 0x00, 0x00, 0x00, 0x00, 0x00, 0x00, 0x00,
    0xBA, 0x01, 0x00, 0x00, 0x00, 0x00, 0x00, 0x00, 0x00, 0x00, 0x20, 0x9F, 0x00, 0x00, 0x00, 0x00,
    0x00, 0x00, 0x00, 0x00, 0x00, 0xA0, 0xED, 0x02, 0x00, 0x00, 0x00, 0x00, 0x00, 0x00, 0x00, 0x00,
    0xE6, 0x62, 0x2D, 0x00, 0x00, 0x00, 0x00, 0x00, 0x00, 0x00, 0x40, 0x5F, 0x00, 0xD8, 0x02, 0x00,
    0x00, 0x00, 0x00, 0x00, 0x00, 0xE5, 0x06, 0x00, 0x70, 0x5E, 0x00, 0x00, 0x00, 0x00, 0x00, 0x80,
    0x6F, 0x00, 0x00, 0x00, 0xF5, 0x2B, 0x00, 0x00, 0x00, 0x30, 0xEC, 0x04, 0x00, 0x00, 0x00, 0x20,
    0xFC, 0x49, 0x00, 0x40, 0xFA, 0x5C, 0x5A, 0x00, 0x00, 0x00, 0x10, 0x70, 0xFE, 0x0C, 0xB1, 0x7E,
    0x40, 0x2F, 0x00, 0x00, 0x00, 0xE6, 0x07, 0x81, 0x05, 0x10, 0x02, 0x40, 0x1F, 0x00, 0x00, 0xD5,
    0xCF, 0x18, 0x00, 0x00, 0x00, 0x00, 0x40, 0x1F, 0x10, 0xD7, 0x9E, 0x02, 0x00, 0x00, 0x00, 0x00,
    0x00, 0x40, 0x6F, 0xEA, 0x5B, 0x00, 0x00, 0x00, 0x00, 0x00, 0x00, 0x00, 0x40, 0xCF, 0x27, 0x00,
    0x00, 0x00, 0x00, 0x00, 0x00, 0x00, 0x00, 0x40, 0x1F, 0x00, 0x00, 0x00, 0x00, 0x00, 0x00, 0x00,
    0x00, 0x00, 0x40, 0x1F, 0x00, 0x00, 0x00, 0x00, 0x00, 0x02, 0x00, 0x00, 0x00, 0x30, 0x1F, 0x00,
    0x00, 0x00, 0x00, 0x10, 0x7E, 0x00, 0x00, 0x00, 0x30, 0x3F, 0x00, 0x00, 0x00, 0x00, 0x80, 0x5F,
    0x00, 0x00, 0x00, 0x10, 0xEF, 0x68, 0x55, 0x54, 0x76, 0xFC, 0x0A, 0x00, 0x00, 0x00, 0x00, 0xB5,
    0xEE, 0xFF, 0xFF, 0xDE, 0x5A, 0x00, 0x00,
    // Unicode: [0x4ED2]
    0x00, 0x00, 0x00, 0x00, 0x30, 0x01, 0x00, 0x00, 0x00, 0x00, 0x00, 0x00, 0x00, 0x00, 0xE0, 0x2D,
    0x00, 0x00, 0x00, 0x00, 0x00, 0x00, 0x00, 0x00, 0xF6, 0x09, 0x00, 0x00, 0x00, 0x00, 0x00, 0x00,
    0x00, 0x10, 0xAD, 0x7D, 0x00, 0x00, 0x00, 0x00, 0x00, 0x00, 0x00, 0xA0, 0x1D, 0xE2, 0x07, 0x00,
    0x00, 0x00, 0x00, 0x00, 0x00, 0xE9, 0x03, 0x30, 0x9E, 0x00, 0x00, 0x00, 0x00, 0x00, 0xC2, 0x3E,
    0x00, 0x00, 0xD2, 0x3C, 0x00, 0x00, 0x00, 0x81, 0xCF, 0x02, 0x00, 0x00, 0x10, 0xFA, 0x3A, 0x00,
    0x93, 0xFE, 0x08, 0x10, 0x18, 0x00, 0x00, 0x40, 0xFD, 0x6D, 0xF4, 0x2A, 0x00, 0x20, 0xEC, 0x06,
    0x00, 0x00, 0x60, 0x3D, 0x20, 0x00, 0x00, 0x00, 0x60, 0xBE, 0x02, 0x00, 0x00, 0x00, 0x00, 0x00,
    0x00, 0x00, 0x00, 0xC2, 0x6E, 0x00, 0x00, 0x00, 0x00, 0x00, 0x00, 0x00, 0x00, 0x00, 0x88, 0x00,
    0x00, 0x00, 0x00, 0x00, 0x00, 0x00, 0x00, 0x00, 0x00, 0x00, 0x00, 0x00, 0x00, 0x00, 0x40, 0x01,
    0x00, 0x00, 0x00, 0x00, 0x00, 0x00, 0x00, 0x00, 0xF1, 0xBF, 0x15, 0x00, 0x00, 0x00, 0x00, 0x00,
    0x00, 0x00, 0x20, 0xC7, 0xEF, 0x39, 0x00, 0x00, 0x00, 0x00, 0x00, 0x00, 0x00, 0x00, 0x72, 0xFE,
    0x6C, 0x00, 0x00, 0x00, 0x00, 0x00, 0x00, 0x00, 0x00, 0x50, 0xFC, 0x0A, 0x00, 0x00, 0x00, 0x00,
    0x00, 0x00, 0x00, 0x00, 0x40, 0x02, 0x00, 0x00,
    // Unicode: [0x4ED3]
    0x00, 0x00, 0x00, 0x00, 0x30, 0x00, 0x00, 0x00, 0x00, 0x00, 0x00, 0x00, 0x00, 0x00, 0xF1, 0x2D,
    0x00, 0x00, 0x00, 0x00, 0x00, 0x00, 0x00, 0x00, 0xF9, 0x1C, 0x00, 0x00, 0x00, 0x00, 0x00, 0x00,
    0x00, 0x40, 0x4F, 0xCA, 0x01, 0x00, 0x00, 0x00, 0x00, 0x00, 0x00, 0xE3, 0x08, 0xC0, 0x2C, 0x00,
    0x00, 0x00, 0x00, 0x00, 0x30, 0x9E, 0x00, 0x10, 0xEB, 0x04, 0x00, 0x00, 0x00, 0x00, 0xE6, 0x08,
    0x00, 0x00, 0x90, 0xAF, 0x02, 0x00, 0x00, 0xB4, 0x5E, 0x00, 0x00, 0x00, 0x00, 0xE5, 0x9F, 0x03,
    0xC6, 0xCF, 0x45, 0x33, 0x23, 0x22, 0x33, 0x53, 0xFB, 0xBF, 0xE4, 0x07, 0xF8, 0xEE, 0xEE, 0xEE,
    0xEE, 0x8F, 0x40, 0x4D, 0x10, 0x00, 0xE7, 0x00, 0x00, 0x00, 0x00, 0x6E, 0x00, 0x00, 0x00, 0x00,
    0xE7, 0x00, 0x00, 0x00, 0x00, 0x5F, 0x00, 0x00, 0x00, 0x00, 0xE7, 0x00, 0x00, 0x00, 0x10, 0x3F,
    0x00, 0x00, 0x00, 0x00, 0xE7, 0x00, 0x00, 0x00, 0x40, 0x2F, 0x00, 0x00, 0x00, 0x00, 0xE7, 0x00,
    0x10, 0xAB, 0xEA, 0x0C, 0x00, 0x00, 0x00, 0x00, 0xE7, 0x00, 0x00, 0xC9, 0x7A, 0x01, 0x00, 0x00,
    0x00, 0x00, 0xE7, 0x00, 0x00, 0x00, 0x00, 0x00, 0xA0, 0x02, 0x00, 0x00, 0xE7, 0x00, 0x00, 0x00,
    0x00, 0x00, 0xF1, 0x09, 0x00, 0x00, 0xF6, 0x58, 0x34, 0x33, 0x43, 0x64, 0xFC, 0x03, 0x00, 0x00,
    0xA1, 0xFE, 0xFF, 0xFF, 0xFF, 0xFF, 0x5C, 0x00, 0x00, 0x00, 0x00, 0x00, 0x11, 0x11, 0x11, 0x01,
    0x00, 0x00,
    // Unicode: [0x4ED4]
    0x00, 0x00, 0x40, 0x39, 0x00, 0x00, 0x00, 0x00, 0x00, 0x00, 0x00, 0x00, 0x00, 0x80, 0x6F, 0x00,
    0x00, 0x00, 0x00, 0x00, 0x00, 0x00, 0x00, 0x00, 0xD0, 0x09, 0xCA, 0xCC, 0xCC, 0xCC, 0xCC, 0x2D,
    0x00, 0x00, 0x00, 0xE5, 0x01, 0x54, 0x44, 0x44, 0x44, 0xF7, 0x1B, 0x00, 0x00, 0x00, 0x9C, 0x00,
    0x00, 0x00, 0x00, 0x20, 0x9E, 0x00, 0x00, 0x00, 0x60, 0x3F, 0x00, 0x00, 0x00, 0x00, 0xD1, 0x0B,
    0x00, 0x00, 0x00, 0xE1, 0x2F, 0x00, 0x00, 0x00, 0x10, 0xDC, 0x01, 0x00, 0x00, 0x00, 0xFA, 0x2F,
    0x00, 0x00, 0x00, 0x70, 0x2E, 0x00, 0x00, 0x00, 0x70, 0x8F, 0x2F, 0x00, 0x00, 0x00, 0x80, 0x0C,
    0x00, 0x00, 0x00, 0xC1, 0x3A, 0x2F, 0x40, 0x45, 0x44, 0xA4, 0x4D, 0x44, 0x54, 0x05, 0x00, 0x31,
    0x2F, 0xA0, 0xEE, 0xDD, 0xED, 0xDF, 0xDD, 0xEE, 0x0D, 0x00, 0x30, 0x2F, 0x00, 0x00, 0x00, 0x80,
    0x0C, 0x00, 0x00, 0x00, 0x00, 0x30, 0x2F, 0x00, 0x00, 0x00, 0x80, 0x0C, 0x00, 0x00, 0x00, 0x00,
    0x30, 0x2F, 0x00, 0x00, 0x00, 0x80, 0x0C, 0x00, 0x00, 0x00, 0x00, 0x30, 0x2F, 0x00, 0x00, 0x00,
    0x80, 0x0C, 0x00, 0x00, 0x00, 0x00, 0x30, 0x2F, 0x00, 0x00, 0x00, 0x80, 0x0C, 0x00, 0x00, 0x00,
    0x00, 0x30, 0x2F, 0x00, 0x00, 0x00, 0x80, 0x0C, 0x00, 0x00, 0x00, 0x00, 0x40, 0x2F, 0x00, 0x00,
    0x00, 0x80, 0x0C, 0x00, 0x00, 0x00, 0x00, 0x50, 0x2F, 0x00, 0x00, 0x84, 0xD7, 0x0C, 0x00, 0x00,
    0x00, 0x00, 0x60, 0x2F, 0x00, 0x00, 0xF1, 0xDE, 0x05, 0x00, 0x00, 0x00,
    // Unicode: [0x4ED5]
    0x00, 0x00, 0x00, 0x3A, 0x00, 0x00, 0x90, 0x07, 0x00, 0x00, 0x00, 0x00, 0x00, 0x50, 0x9F, 0x00,
    0x00, 0xE0, 0x08, 0x00, 0x00, 0x00, 0x00, 0x00, 0xB0, 0x1D, 0x00, 0x00, 0xE0, 0x08, 0x00, 0x00,
    0x00, 0x00, 0x00, 0xF3, 0x06, 0x00, 0x00, 0xE0, 0x08, 0x00, 0x00, 0x00, 0x00, 0x00, 0xDA, 0x00,
    0x00, 0x00, 0xE0, 0x08, 0x00, 0x00, 0x00, 0x00, 0x30, 0x6F, 0x00, 0x00, 0x00, 0xE0, 0x08, 0x00,
    0x00, 0x00, 0x00, 0xC0, 0x6F, 0x00, 0x00, 0x00, 0xE0, 0x08, 0x00, 0x00, 0x01, 0x00, 0xF7, 0x6F,
    0xF6, 0xEE, 0xDD, 0xFD, 0xDE, 0xED, 0xFE, 0x0B, 0x40, 0x8F, 0x6E, 0x63, 0x45, 0x44, 0xE4, 0x49,
    0x44, 0x65, 0x05, 0xE3, 0x1D, 0x6E, 0x00, 0x00, 0x00, 0xE0, 0x08, 0x00, 0x00, 0x00, 0x40, 0x03,
    0x6E, 0x00, 0x00, 0x00, 0xE0, 0x08, 0x00, 0x00, 0x00, 0x00, 0x00, 0x6E, 0x00, 0x00, 0x00, 0xE0,
    0x08, 0x00, 0x00, 0x00, 0x00, 0x00, 0x6E, 0x00, 0x00, 0x00, 0xE0, 0x08, 0x00, 0x00, 0x00, 0x00,
    0x00, 0x6E, 0x00, 0x00, 0x00, 0xE0, 0x08, 0x00, 0x00, 0x00, 0x00, 0x00, 0x6E, 0x00, 0x00, 0x00,
    0xE0, 0x08, 0x00, 0x00, 0x00, 0x00, 0x00, 0x6E, 0x00, 0x00, 0x00, 0xE0, 0x08, 0x00, 0x00, 0x00,
    0x00, 0x00, 0x6F, 0x00, 0x00, 0x00, 0xE0, 0x08, 0x00, 0x00, 0x00, 0x00, 0x00, 0x6F, 0x00, 0x11,
    0x00, 0xE0, 0x08, 0x00, 0x11, 0x00, 0x00, 0x10, 0x6F, 0x00, 0xFC, 0xFF, 0xFE, 0xEF, 0xFF, 0x5F,
    0x00, 0x00, 0x20, 0x6F, 0x00, 0x22, 0x12, 0x11, 0x11, 0x21, 0x12, 0x00,
    // Unicode: [0x4ED6]
    0x00, 0x00, 0x85, 0x02, 0x00, 0x00, 0xA7, 0x02, 0x00, 0x00, 0x00, 0x00, 0x00, 0xDB, 0x02, 0x00,
    0x00, 0xE8, 0x00, 0x00, 0x00, 0x00, 0x00, 0x20, 0x6F, 0x30, 0x7A, 0x00, 0xE7, 0x00, 0x00, 0x00,
    0x00, 0x00, 0x80, 0x0E, 0x30, 0x4F, 0x00, 0xE7, 0x00, 0x00, 0x00, 0x00, 0x00, 0xE1, 0x08, 0x30,
    0x3F, 0x00, 0xE7, 0x00, 0x00, 0x01, 0x00, 0x00, 0xF7, 0x02, 0x20, 0x3F, 0x00, 0xE7, 0x40, 0xE9,
    0x07, 0x00, 0x10, 0xFE, 0x02, 0x20, 0x3F, 0x30, 0xFA, 0xEE, 0xEA, 0x06, 0x00, 0x90, 0xFF, 0x22,
    0x84, 0xDF, 0xEF, 0xED, 0x03, 0xD0, 0x06, 0x00, 0xF6, 0xFA, 0xF4, 0xDF, 0x7F, 0x02, 0xE7, 0x00,
    0xE0, 0x06, 0x00, 0x84, 0xF4, 0x52, 0x21, 0x3F, 0x00, 0xE7, 0x00, 0xE0, 0x06, 0x00, 0x00, 0xF4,
    0x02, 0x20, 0x3F, 0x00, 0xE7, 0x00, 0xE0, 0x06, 0x00, 0x00, 0xF4, 0x02, 0x20, 0x3F, 0x00, 0xE7,
    0x00, 0xE0, 0x05, 0x00, 0x00, 0xF4, 0x02, 0x20, 0x3F, 0x00, 0xE7, 0x00, 0xF1, 0x05, 0x00, 0x00,
    0xF4, 0x02, 0x20, 0x3F, 0x00, 0xE7, 0x90, 0xFC, 0x02, 0x00, 0x00, 0xF4, 0x02, 0x20, 0x3F, 0x00,
    0xE8, 0x80, 0x4B, 0x00, 0x00, 0x00, 0xF4, 0x02, 0x20, 0x3F, 0x00, 0xF9, 0x00, 0x00, 0x02, 0x00,
    0x00, 0xF4, 0x02, 0x20, 0x3F, 0x00, 0x10, 0x00, 0x00, 0xC7, 0x02, 0x00, 0xF5, 0x02, 0x10, 0x6F,
    0x00, 0x00, 0x00, 0x00, 0xEC, 0x01, 0x00, 0xF6, 0x02, 0x00, 0xED, 0x58, 0x44, 0x44, 0xB6, 0x7F,
    0x00, 0x00, 0xF7, 0x02, 0x00, 0xB3, 0xEE, 0xFF, 0xEF, 0xBE, 0x06, 0x00,
    // Unicode: [0x4ED7]
    0x00, 0x00, 0x30, 0x37, 0x00, 0x00, 0x10, 0x45, 0x00, 0x00, 0x00, 0x00, 0x00, 0x70, 0x6F, 0x00,
    0x00, 0x20, 0xAF, 0x00, 0x00, 0x00, 0x00, 0x00, 0xC0, 0x0A, 0x00, 0x00, 0x00, 0x7F, 0x00, 0x00,
    0x00, 0x00, 0x00, 0xF3, 0x02, 0x00, 0x00, 0x00, 0x6E, 0x00, 0x00, 0x00, 0x00, 0x00, 0x9B, 0x00,
    0x00, 0x00, 0x00, 0x6E, 0x00, 0x00, 0x00, 0x00, 0x40, 0x6F, 0xE2, 0xDD, 0xCC, 0xCC, 0xDF, 0xDC,
    0xED, 0x06, 0x00, 0xD0, 0x6F, 0x51, 0x34, 0x33, 0x33, 0x7E, 0x43, 0x54, 0x02, 0x00, 0xE7, 0x6E,
    0x00, 0x10, 0x00, 0x00, 0x4E, 0x00, 0x00, 0x00, 0x40, 0x6F, 0x6D, 0x00, 0xC6, 0x00, 0x00, 0x3F,
    0x00, 0x00, 0x00, 0xD1, 0x0B, 0x6D, 0x00, 0xE1, 0x05, 0x20, 0x2F, 0x00, 0x00, 0x00, 0x20, 0x02,
    0x6D, 0x00, 0x60, 0x1D, 0x40, 0x0F, 0x00, 0x00, 0x00, 0x00, 0x00, 0x6D, 0x00, 0x00, 0x8C, 0x70,
    0x0C, 0x00, 0x00, 0x00, 0x00, 0x00, 0x6D, 0x00, 0x00, 0xF3, 0xB4, 0x09, 0x00, 0x00, 0x00, 0x00,
    0x00, 0x6D, 0x00, 0x00, 0x70, 0xFE, 0x04, 0x00, 0x00, 0x00, 0x00, 0x00, 0x6D, 0x00, 0x00, 0x00,
    0xFD, 0x04, 0x00, 0x00, 0x00, 0x00, 0x00, 0x6D, 0x00, 0x00, 0x70, 0xBF, 0x6F, 0x00, 0x00, 0x00,
    0x00, 0x00, 0x6D, 0x00, 0x00, 0xF8, 0x06, 0xF8, 0x2B, 0x00, 0x00, 0x00, 0x00, 0x6E, 0x00, 0xD4,
    0x5E, 0x00, 0x40, 0xFD, 0x39, 0x00, 0x00, 0x00, 0x6F, 0xC4, 0xCF, 0x02, 0x00, 0x00, 0x70, 0xFE,
    0x0B, 0x00, 0x10, 0x6F, 0xA0, 0x07, 0x00, 0x00, 0x00, 0x00, 0x60, 0x02,
    // Unicode: [0x4ED8]
    0x00, 0x00, 0x50, 0x14, 0x00, 0x00, 0x00, 0x10, 0x35, 0x00, 0x00, 0x00, 0x00, 0xB0, 0x3F, 0x00,
    0x00, 0x00, 0x10, 0xBF, 0x00, 0x00, 0x00, 0x00, 0xF1, 0x09, 0x00, 0x00, 0x00, 0x00, 0x8F, 0x00,
    0x00, 0x00, 0x00, 0xF6, 0x02, 0x00, 0x00, 0x00, 0x00, 0x8E, 0x00, 0x00, 0x00, 0x00, 0xBC, 0x00,
    0x00, 0x00, 0x00, 0x00, 0x8E, 0x00, 0x00, 0x00, 0x40, 0x7F, 0x00, 0x00, 0x00, 0x00, 0x00, 0x8E,
    0x00, 0x00, 0x00, 0xC0, 0x7F, 0xE4, 0xDE, 0xDD, 0xDD, 0xDD, 0xEF, 0xED, 0x0E, 0x00, 0xF6, 0x7F,
    0x62, 0x56, 0x55, 0x55, 0x55, 0xAE, 0x66, 0x07, 0x20, 0xBE, 0x7E, 0x00, 0x70, 0x01, 0x00, 0x00,
    0x8E, 0x00, 0x00, 0xD1, 0x2E, 0x7E, 0x00, 0xE3, 0x0B, 0x00, 0x00, 0x8E, 0x00, 0x00, 0x50, 0x06,
    0x7E, 0x00, 0x40, 0x8F, 0x00, 0x00, 0x8E, 0x00, 0x00, 0x00, 0x00, 0x7E, 0x00, 0x00, 0xF7, 0x04,
    0x00, 0x8E, 0x00, 0x00, 0x00, 0x00, 0x7E, 0x00, 0x00, 0xB0, 0x2E, 0x00, 0x8E, 0x00, 0x00, 0x00,
    0x00, 0x7E, 0x00, 0x00, 0x30, 0x7F, 0x00, 0x8E, 0x00, 0x00, 0x00, 0x00, 0x7E, 0x00, 0x00, 0x00,
    0x02, 0x00, 0x8E, 0x00, 0x00, 0x00, 0x00, 0x7E, 0x00, 0x00, 0x00, 0x00, 0x00, 0x8E, 0x00, 0x00,
    0x00, 0x00, 0x7F, 0x00, 0x00, 0x00, 0x00, 0x00, 0x8E, 0x00, 0x00, 0x00, 0x10, 0x7F, 0x00, 0x00,
    0x00, 0x00, 0x10, 0x8F, 0x00, 0x00, 0x00, 0x20, 0x7F, 0x00, 0x00, 0x00, 0xB1, 0xDB, 0x5F, 0x00,
    0x00, 0x00, 0x20, 0x7F, 0x00, 0x00, 0x00, 0x80, 0xAD, 0x06, 0x00, 0x00,
    // Unicode: [0x4ED9]
    0x00, 0x00, 0x60, 0x04, 0x00, 0x00, 0x11, 0x00, 0x00, 0x00, 0x00, 0x00, 0xD0, 0x3E, 0x00, 0x00,
    0xF6, 0x04, 0x00, 0x00, 0x00, 0x00, 0xF4, 0x05, 0x00, 0x00, 0xF4, 0x01, 0x00, 0x00, 0x00, 0x00,
    0xCA, 0x00, 0x00, 0x00, 0xF4, 0x01, 0x00, 0x00, 0x00, 0x30, 0x5F, 0x00, 0x00, 0x00, 0xF4, 0x01,
    0x00, 0x00, 0x00, 0xB0, 0x0E, 0x10, 0x02, 0x00, 0xF4, 0x01, 0x00, 0x00, 0x00, 0xF5, 0x0E, 0x60,
    0x5F, 0x00, 0xF4, 0x01, 0x50, 0x4D, 0x20, 0xFE, 0x0E, 0x50, 0x0F, 0x00, 0xF4, 0x01, 0x40, 0x2F,
    0xB0, 0x8E, 0x0E, 0x50, 0x0F, 0x00, 0xF4, 0x01, 0x40, 0x2F, 0xFA, 0x65, 0x0E, 0x50, 0x0F, 0x00,
    0xF4, 0x01, 0x40, 0x2F, 0x84, 0x60, 0x0E, 0x50, 0x0F, 0x00, 0xF4, 0x01, 0x40, 0x2F, 0x00, 0x60,
    0x0E, 0x50, 0x0F, 0x00, 0xF4, 0x01, 0x40, 0x2F, 0x00, 0x60, 0x0E, 0x50, 0x0F, 0x00, 0xF4, 0x01,
    0x40, 0x2F, 0x00, 0x60, 0x0E, 0x50, 0x0F, 0x00, 0xF4, 0x01, 0x40, 0x2F, 0x00, 0x60, 0x0E, 0x50,
    0x0F, 0x00, 0xF4, 0x01, 0x40, 0x2F, 0x00, 0x60, 0x0E, 0x50, 0x0F, 0x00, 0xF4, 0x01, 0x40, 0x2F,
    0x00, 0x70, 0x0E, 0x50, 0x0F, 0x00, 0xF4, 0x01, 0x40, 0x2F, 0x00, 0x80, 0x0E, 0x50, 0x0F, 0x00,
    0xF4, 0x12, 0x51, 0x2F, 0x00, 0x90, 0x0E, 0x60, 0xEF, 0xFF, 0xFF, 0xFF, 0xEF, 0x2F, 0x00, 0xA0,
    0x0E, 0x30, 0x45, 0x33, 0x12, 0x00, 0x40, 0x3F, 0x00, 0x00, 0x00, 0x00, 0x00, 0x00, 0x00, 0x00,
    0x00, 0x01,
    // Unicode: [0x4EDA]
    0x00, 0x00, 0x00, 0x00, 0x00, 0x91, 0x03, 0x00, 0x00, 0x00, 0x00, 0x00, 0x00, 0x00, 0x00, 0x00,
    0xF8, 0x04, 0x00, 0x00, 0x00, 0x00, 0x00, 0x00, 0x00, 0x00, 0x30, 0xEF, 0x07, 0x00, 0x00, 0x00,
    0x00, 0x00, 0x00, 0x00, 0x00, 0xE2, 0x29, 0x7E, 0x00, 0x00, 0x00, 0x00, 0x00, 0x00, 0x00, 0x30,
    0xBE, 0x00, 0xE3, 0x09, 0x00, 0x00, 0x00, 0x00, 0x00, 0x00, 0xE6, 0x0A, 0x00, 0x30, 0xCE, 0x02,
    0x00, 0x00, 0x00, 0x00, 0xA2, 0x8F, 0x00, 0x00, 0x00, 0xD2, 0x8F, 0x01, 0x00, 0x00, 0x93, 0xDF,
    0x04, 0x00, 0xE9, 0x02, 0x10, 0xF9, 0x8E, 0x03, 0xB1, 0xEF, 0x18, 0x00, 0x00, 0xE7, 0x00, 0x00,
    0x30, 0xFB, 0x3F, 0x40, 0x29, 0x00, 0x00, 0x00, 0xE7, 0x00, 0x00, 0x00, 0x30, 0x05, 0x00, 0x30,
    0x24, 0x00, 0x00, 0xE7, 0x00, 0x00, 0x32, 0x02, 0x00, 0x00, 0x60, 0x4F, 0x00, 0x00, 0xE7, 0x00,
    0x00, 0xF5, 0x04, 0x00, 0x00, 0x60, 0x0F, 0x00, 0x00, 0xE7, 0x00, 0x00, 0xF4, 0x01, 0x00, 0x00,
    0x60, 0x0F, 0x00, 0x00, 0xE7, 0x00, 0x00, 0xF4, 0x01, 0x00, 0x00, 0x60, 0x0F, 0x00, 0x00, 0xE7,
    0x00, 0x00, 0xF4, 0x01, 0x00, 0x00, 0x60, 0x0F, 0x00, 0x00, 0xE7, 0x00, 0x00, 0xF4, 0x01, 0x00,
    0x00, 0x60, 0x0F, 0x00, 0x00, 0xE7, 0x00, 0x00, 0xF4, 0x01, 0x00, 0x00, 0x70, 0x3F, 0x33, 0x33,
    0xE9, 0x44, 0x44, 0xF7, 0x01, 0x00, 0x00, 0x90, 0xFF, 0xFF, 0xEE, 0xEE, 0xDD, 0xCD, 0xFD, 0x01,
    0x00, 0x00, 0x10, 0x01, 0x00, 0x00, 0x00, 0x00, 0x00, 0xF4, 0x02, 0x00,
    // Unicode: [0x4EDB]
    0x00, 0x00, 0x32, 0x00, 0x00, 0x00, 0x00, 0x00, 0x00, 0x00, 0x00, 0x00, 0x00, 0xF7, 0x03, 0x00,
    0x00, 0x00, 0x00, 0x54, 0x00, 0x00, 0x00, 0x00, 0x8C, 0x20, 0x33, 0x54, 0x97, 0xFC, 0xEF, 0x02,
    0x00, 0x00, 0x40, 0x1F, 0xC0, 0xFF, 0xEE, 0x9F, 0x46, 0x02, 0x00, 0x00, 0x00, 0xB0, 0x0E, 0x20,
    0x12, 0x50, 0x0F, 0x00, 0x00, 0x00, 0x00, 0x00, 0xF4, 0x0E, 0x00, 0x00, 0x50, 0x0F, 0x00, 0x00,
    0x00, 0x00, 0x00, 0xFD, 0x0E, 0x00, 0x00, 0x50, 0x0F, 0x00, 0x00, 0x00, 0x00, 0x80, 0x9F, 0x0E,
    0x00, 0x00, 0x50, 0x0F, 0x00, 0x00, 0x00, 0x00, 0xF5, 0x78, 0x0E, 0x00, 0x00, 0x50, 0x0F, 0x00,
    0x00, 0x10, 0x00, 0xC5, 0x71, 0x0E, 0x00, 0x10, 0x72, 0x6F, 0xA8, 0xDB, 0xAF, 0x00, 0x00, 0x70,
    0x0E, 0xEA, 0xFF, 0xEF, 0xAF, 0x89, 0x56, 0x24, 0x00, 0x00, 0x70, 0x0E, 0x54, 0x23, 0x50, 0x0F,
    0x00, 0x00, 0x00, 0x00, 0x00, 0x70, 0x0E, 0x00, 0x00, 0x50, 0x0F, 0x00, 0x00, 0x00, 0x00, 0x00,
    0x70, 0x0E, 0x00, 0x00, 0x50, 0x0F, 0x00, 0x00, 0x00, 0x00, 0x00, 0x70, 0x0E, 0x00, 0x00, 0x50,
    0x0F, 0x00, 0x00, 0x00, 0x00, 0x00, 0x70, 0x0E, 0x00, 0x00, 0x50, 0x0F, 0x00, 0x00, 0x01, 0x00,
    0x00, 0x70, 0x0E, 0x00, 0x00, 0x50, 0x0F, 0x00, 0x00, 0xD6, 0x01, 0x00, 0x70, 0x0E, 0x00, 0x00,
    0x40, 0x5F, 0x00, 0x10, 0xCC, 0x00, 0x00, 0x80, 0x0E, 0x00, 0x00, 0x10, 0xFD, 0xDE, 0xFD, 0x4E,
    0x00, 0x00, 0xA0, 0x0E, 0x00, 0x00, 0x00, 0x30, 0x54, 0x45, 0x01, 0x00,
    // Unicode: [0x4EDC]
    0x00, 0x00, 0x40, 0x01, 0x00, 0x00, 0x00, 0x00, 0x00, 0x00, 0x00, 0x00, 0xE0, 0x1D, 0x00, 0x00,
    0x00, 0x00, 0x00, 0x00, 0x00, 0x00, 0xF4, 0x14, 0x12, 0x00, 0x00, 0x00, 0x10, 0x11, 0x00, 0x00,
    0xBB, 0x50, 0xFF, 0xFF, 0xFF, 0xFF, 0xFF, 0x6F, 0x00, 0x30, 0x4F, 0x10, 0x34, 0x22, 0xF6, 0x23,
    0x32, 0x23, 0x00, 0xB0, 0x0E, 0x00, 0x00, 0x00, 0xF4, 0x02, 0x00, 0x00, 0x00, 0xF5, 0x0E, 0x00,
    0x00, 0x00, 0xF4, 0x02, 0x00, 0x00, 0x10, 0xFD, 0x0E, 0x00, 0x00, 0x00, 0xF4, 0x02, 0x00, 0x00,
    0xB0, 0x8E, 0x0E, 0x00, 0x00, 0x00, 0xF4, 0x02, 0x00, 0x00, 0xF5, 0x66, 0x0E, 0x00, 0x00, 0x00,
    0xF4, 0x02, 0x00, 0x00, 0x50, 0x60, 0x0E, 0x00, 0x00, 0x00, 0xF4, 0x02, 0x00, 0x00, 0x00, 0x60,
    0x0E, 0x00, 0x00, 0x00, 0xF4, 0x02, 0x00, 0x00, 0x00, 0x60, 0x0E, 0x00, 0x00, 0x00, 0xF4, 0x02,
    0x00, 0x00, 0x00, 0x60, 0x0E, 0x00, 0x00, 0x00, 0xF4, 0x02, 0x00, 0x00, 0x00, 0x60, 0x0E, 0x00,
    0x00, 0x00, 0xF4, 0x02, 0x00, 0x00, 0x00, 0x60, 0x0E, 0x00, 0x00, 0x00, 0xF4, 0x02, 0x00, 0x00,
    0x00, 0x70, 0x0E, 0x00, 0x00, 0x00, 0xF4, 0x02, 0x00, 0x00, 0x00, 0x80, 0x0E, 0x71, 0x66, 0x55,
    0xF8, 0x56, 0x55, 0x76, 0x00, 0x80, 0x0E, 0xF3, 0xEE, 0xDD, 0xDD, 0xDD, 0xED, 0xEE, 0x00, 0x90,
    0x0E, 0x00, 0x00, 0x00, 0x00, 0x00, 0x00, 0x00,
    // Unicode: [0x4EDD]
    0x00, 0x00, 0x00, 0x00, 0x40, 0x48, 0x00, 0x00, 0x00, 0x00, 0x00, 0x00, 0x00, 0x00, 0x00, 0xA0,
    0x4E, 0x00, 0x00, 0x00, 0x00, 0x00, 0x00, 0x00, 0x00, 0x00, 0xF3, 0x6E, 0x00, 0x00, 0x00, 0x00,
    0x00, 0x00, 0x00, 0x00, 0x10, 0x8D, 0xE3, 0x04, 0x00, 0x00, 0x00, 0x00, 0x00, 0x00, 0x00, 0xC1,
    0x0B, 0x60, 0x4E, 0x00, 0x00, 0x00, 0x00, 0x00, 0x00, 0x20, 0xCC, 0x01, 0x00, 0xF7, 0x06, 0x00,
    0x00, 0x00, 0x00, 0x00, 0xD4, 0x1C, 0x00, 0x00, 0x70, 0xAF, 0x02, 0x00, 0x00, 0x00, 0x92, 0x9F,
    0x01, 0x00, 0x00, 0x00, 0xE4, 0x9F, 0x03, 0x00, 0xA5, 0xEF, 0x05, 0x00, 0x00, 0x00, 0x00, 0x10,
    0xF8, 0xCF, 0x01, 0xE6, 0x17, 0x44, 0x33, 0x33, 0x33, 0x33, 0x43, 0x23, 0x58, 0x00, 0x10, 0x10,
    0xFF, 0xFF, 0xFE, 0xEF, 0xFE, 0xFF, 0x09, 0x00, 0x00, 0x00, 0x00, 0x01, 0x00, 0x70, 0x0E, 0x00,
    0x00, 0x01, 0x00, 0x00, 0x00, 0x00, 0x00, 0x00, 0x70, 0x0E, 0x00, 0x00, 0x00, 0x00, 0x00, 0x00,
    0x00, 0x00, 0x00, 0x70, 0x0E, 0x00, 0x00, 0x00, 0x00, 0x00, 0x00, 0x00, 0x00, 0x00, 0x70, 0x0E,
    0x00, 0x00, 0x00, 0x00, 0x00, 0x00, 0x00, 0x00, 0x00, 0x70, 0x0E, 0x00, 0x00, 0x00, 0x00, 0x00,
    0x00, 0x00, 0x00, 0x00, 0x70, 0x0E, 0x00, 0x00, 0x00, 0x00, 0x00, 0x00, 0x00, 0x00, 0x00, 0x70,
    0x0E, 0x00, 0x00, 0x00, 0x00, 0x00, 0x60, 0xEF, 0xEE, 0xDE, 0xED, 0xDF, 0xDD, 0xEE, 0xFE, 0x0F,
    0x00, 0x30, 0x66, 0x55, 0x55, 0x54, 0x55, 0x55, 0x55, 0x55, 0x06, 0x00,
    // Unicode: [0x4EDE]
    0x00, 0x00, 0x40, 0x03, 0x00, 0x00, 0x00, 0x00, 0x00, 0x00, 0x00, 0x00, 0xB0, 0x5F, 0x00, 0x00,
    0x00, 0x00, 0x00, 0x00, 0x00, 0x00, 0xF1, 0x09, 0x55, 0x44, 0x44, 0x44, 0x54, 0x56, 0x00, 0x00,
    0xE7, 0x01, 0xDD, 0xDD, 0xED, 0xDF, 0xDD, 0xBE, 0x00, 0x00, 0x8D, 0x00, 0x00, 0x00, 0x80, 0x0B,
    0x00, 0xAB, 0x00, 0x60, 0x6F, 0x00, 0x00, 0x00, 0x90, 0x0B, 0x00, 0x9B, 0x00, 0xE1, 0x6F, 0x00,
    0xA0, 0x03, 0x90, 0x0A, 0x00, 0x9C, 0x00, 0xEA, 0x6E, 0x00, 0xF1, 0x03, 0xA0, 0x09, 0x00, 0x9C,
    0x60, 0x5F, 0x6E, 0x00, 0xF3, 0x01, 0xC0, 0x08, 0x00, 0x8D, 0xE2, 0x0A, 0x6E, 0x00, 0xC7, 0x00,
    0xD0, 0x06, 0x00, 0x8D, 0x30, 0x01, 0x6E, 0x00, 0x7D, 0x00, 0xF1, 0x04, 0x00, 0x7E, 0x00, 0x00,
    0x6E, 0x40, 0x2F, 0x00, 0xF4, 0x01, 0x00, 0x7E, 0x00, 0x00, 0x6E, 0x00, 0x02, 0x00, 0xC8, 0x00,
    0x00, 0x6F, 0x00, 0x00, 0x6E, 0x00, 0x00, 0x00, 0x8D, 0x00, 0x00, 0x6F, 0x00, 0x00, 0x6E, 0x00,
    0x00, 0x60, 0x2F, 0x00, 0x10, 0x5F, 0x00, 0x00, 0x6E, 0x00, 0x00, 0xE2, 0x08, 0x00, 0x10, 0x5F,
    0x00, 0x00, 0x6F, 0x00, 0x10, 0xCD, 0x00, 0x00, 0x30, 0x3F, 0x00, 0x00, 0x6F, 0x00, 0xD3, 0x1D,
    0x00, 0x11, 0xC3, 0x0E, 0x00, 0x10, 0x6F, 0x80, 0xCF, 0x01, 0x00, 0xF5, 0xEF, 0x05, 0x00, 0x20,
    0x6F, 0x80, 0x09, 0x00, 0x00, 0x90, 0x16, 0x00,
    // Unicode: [0x4EDF]
    0x00, 0x00, 0x20, 0x16, 0x00, 0x00, 0x00, 0x00, 0x00, 0x00, 0x00, 0x00, 0x00, 0x70, 0x6F, 0x00,
    0x00, 0x00, 0x00, 0x93, 0x08, 0x00, 0x00, 0x00, 0xD0, 0x08, 0x54, 0x65, 0x98, 0xEB, 0xDF, 0x2B,
    0x00, 0x00, 0x00, 0xE5, 0x01, 0xEC, 0xCD, 0xEA, 0x39, 0x01, 0x00, 0x00, 0x00, 0x10, 0x9D, 0x00,
    0x00, 0x00, 0xE0, 0x07, 0x00, 0x00, 0x00, 0x00, 0x90, 0x7F, 0x00, 0x00, 0x00, 0xE0, 0x07, 0x00,
    0x00, 0x00, 0x00, 0xF4, 0x7F, 0x00, 0x00, 0x00, 0xE0, 0x07, 0x00, 0x00, 0x00, 0x20, 0xBE, 0x7E,
    0x00, 0x00, 0x00, 0xE0, 0x07, 0x00, 0x00, 0x00, 0xC1, 0x1E, 0x7E, 0x00, 0x00, 0x00, 0xE0, 0x07,
    0x00, 0x00, 0x00, 0x30, 0x04, 0x7E, 0xF1, 0xDE, 0xDD, 0xFC, 0xDE, 0xDD, 0xEE, 0x08, 0x00, 0x00,
    0x7E, 0x70, 0x56, 0x45, 0xE4, 0x49, 0x54, 0x65, 0x04, 0x00, 0x00, 0x7E, 0x00, 0x00, 0x00, 0xE0,
    0x07, 0x00, 0x00, 0x00, 0x00, 0x00, 0x7E, 0x00, 0x00, 0x00, 0xE0, 0x07, 0x00, 0x00, 0x00, 0x00,
    0x00, 0x7E, 0x00, 0x00, 0x00, 0xE0, 0x07, 0x00, 0x00, 0x00, 0x00, 0x00, 0x7E, 0x00, 0x00, 0x00,
    0xE0, 0x07, 0x00, 0x00, 0x00, 0x00, 0x00, 0x7E, 0x00, 0x00, 0x00, 0xE0, 0x07, 0x00, 0x00, 0x00,
    0x00, 0x00, 0x7F, 0x00, 0x00, 0x00, 0xE0, 0x07, 0x00, 0x00, 0x00, 0x00, 0x00, 0x7F, 0x00, 0x00,
    0x00, 0xF0, 0x08, 0x00, 0x00, 0x00, 0x00, 0x10, 0x7F, 0x00, 0x00, 0x00, 0xF1, 0x08, 0x00, 0x00,
    0x00, 0x00, 0x20, 0x7F, 0x00, 0x00, 0x00, 0xD1, 0x08, 0x00, 0x00, 0x00,
    // Unicode: [0x4EE0]
    0x00, 0x00, 0x30, 0x27, 0x00, 0x00, 0x00, 0x00, 0x00, 0x00, 0x00, 0x00, 0x00, 0x80, 0x4F, 0x00,
    0x00, 0x00, 0x00, 0x00, 0x00, 0x00, 0x00, 0x00, 0xD0, 0x09, 0xE9, 0xDD, 0xCC, 0xDC, 0xDD, 0x6E,
    0x00, 0x00, 0x00, 0xF5, 0x02, 0x64, 0x55, 0xE5, 0x5A, 0x55, 0x36, 0x00, 0x00, 0x00, 0x9C, 0x00,
    0x00, 0x00, 0xE0, 0x07, 0x00, 0x00, 0x00, 0x00, 0x40, 0x5F, 0x00, 0x00, 0x00, 0xE0, 0x07, 0x00,
    0x00, 0x00, 0x00, 0xD0, 0x5F, 0x00, 0x00, 0x00, 0xE0, 0x07, 0x00, 0x00, 0x00, 0x00, 0xE8, 0x5F,
    0x00, 0x00, 0x00, 0xE0, 0x07, 0x00, 0x00, 0x00, 0x40, 0x7F, 0x5E, 0x00, 0x00, 0x00, 0xE0, 0x07,
    0x00, 0x00, 0x00, 0xE1, 0x0B, 0x5E, 0x40, 0x44, 0x33, 0xE3, 0x39, 0x33, 0x54, 0x02, 0x30, 0x02,
    0x5E, 0xC0, 0xFF, 0xFF, 0xFF, 0xFF, 0xFF, 0xFF, 0x07, 0x00, 0x00, 0x5E, 0x10, 0x01, 0x00, 0xE0,
    0x07, 0x00, 0x11, 0x01, 0x00, 0x00, 0x5E, 0x00, 0x00, 0x00, 0xE0, 0x07, 0x00, 0x00, 0x00, 0x00,
    0x00, 0x5E, 0x00, 0x00, 0x00, 0xE0, 0x07, 0x00, 0x00, 0x00, 0x00, 0x00, 0x5E, 0x00, 0x00, 0x00,
    0xE0, 0x07, 0x00, 0x00, 0x00, 0x00, 0x00, 0x5E, 0x00, 0x00, 0x00, 0xE0, 0x07, 0x00, 0x00, 0x00,
    0x00, 0x00, 0x5F, 0x00, 0x00, 0x00, 0xE0, 0x07, 0x00, 0x00, 0x00, 0x00, 0x00, 0x5F, 0x00, 0x00,
    0x00, 0xF0, 0x08, 0x00, 0x00, 0x00, 0x00, 0x10, 0x5F, 0x00, 0x00, 0x00, 0xF1, 0x09, 0x00, 0x00,
    0x00, 0x00, 0x20, 0x5F, 0x00, 0x00, 0x00, 0xD1, 0x08, 0x00, 0x00, 0x00,
    // Unicode: [0x4EE1]
    0x00, 0x00, 0x20, 0x02, 0x00, 0x40, 0x00, 0x00, 0x00, 0x00, 0x00, 0x00, 0x00, 0x80, 0x6F, 0x00,
    0xF4, 0x0C, 0x00, 0x00, 0x00, 0x00, 0x00, 0x00, 0xD0, 0x09, 0x00, 0xE9, 0x02, 0x00, 0x00, 0x00,
    0x00, 0x00, 0x00, 0xF5, 0x01, 0x20, 0x9F, 0x33, 0x33, 0x33, 0x43, 0x04, 0x00, 0x00, 0x9C, 0x00,
    0xB0, 0xEE, 0xEE, 0xEE, 0xEE, 0xFE, 0x0C, 0x00, 0x60, 0x5F, 0x00, 0xF6, 0x03, 0x00, 0x00, 0x00,
    0x00, 0x01, 0x00, 0xE1, 0x5F, 0x30, 0x7F, 0x00, 0x00, 0x00, 0x00, 0x00, 0x00, 0x00, 0xEA, 0x5F,
    0xE3, 0x0A, 0x00, 0x00, 0x00, 0x00, 0x00, 0x00, 0x70, 0x5F, 0x5F, 0x92, 0x63, 0x55, 0x45, 0x55,
    0x65, 0x07, 0x00, 0xE2, 0x19, 0x5F, 0x00, 0xE5, 0xDD, 0xCC, 0xCC, 0xFE, 0x0F, 0x00, 0x30, 0x10,
    0x5F, 0x00, 0x00, 0x00, 0x00, 0x91, 0x8F, 0x01, 0x00, 0x00, 0x10, 0x5F, 0x00, 0x00, 0x00, 0x40,
    0xCD, 0x03, 0x00, 0x00, 0x00, 0x10, 0x5F, 0x00, 0x00, 0x00, 0xF8, 0x08, 0x00, 0x00, 0x00, 0x00,
    0x10, 0x5F, 0x00, 0x00, 0xB1, 0x4E, 0x00, 0x00, 0x00, 0x00, 0x00, 0x10, 0x5F, 0x00, 0x10, 0xDC,
    0x02, 0x00, 0x00, 0x00, 0x00, 0x00, 0x10, 0x5F, 0x00, 0xC1, 0x1C, 0x00, 0x00, 0x00, 0x20, 0x00,
    0x00, 0x10, 0x5F, 0x00, 0xE9, 0x02, 0x00, 0x00, 0x00, 0xE0, 0x09, 0x00, 0x20, 0x5F, 0x00, 0x8E,
    0x00, 0x00, 0x00, 0x00, 0xF4, 0x07, 0x00, 0x30, 0x5F, 0x00, 0xDC, 0x57, 0x44, 0x44, 0x75, 0xEE,
    0x01, 0x00, 0x40, 0x5F, 0x00, 0xA2, 0xED, 0xFF, 0xFF, 0xDE, 0x2A, 0x00,
    // Unicode: [0x4EE2]
    0x00, 0x00, 0x50, 0x15, 0x00, 0x67, 0x01, 0x00, 0x00, 0x00, 0x00, 0x00, 0xC0, 0x2D, 0x00, 0xDD,
    0x01, 0x00, 0x00, 0x00, 0x00, 0x00, 0xF3, 0x04, 0x20, 0x6F, 0x00, 0x00, 0x00, 0x00, 0x00, 0x00,
    0xBA, 0x00, 0x60, 0x0E, 0x00, 0x00, 0x00, 0x00, 0x00, 0x30, 0x3F, 0x00, 0xC0, 0xCE, 0xCC, 0xCC,
    0xDC, 0x4D, 0x00, 0xB0, 0x1F, 0x00, 0xF4, 0x45, 0x44, 0x44, 0x64, 0x3F, 0x00, 0xF5, 0x1F, 0x00,
    0xAC, 0x00, 0x00, 0x00, 0x30, 0x2F, 0x10, 0xCE, 0x1F, 0x60, 0x3F, 0x00, 0x00, 0x00, 0x40, 0x1F,
    0xB0, 0x5D, 0x1F, 0xE2, 0x0A, 0x20, 0x00, 0x00, 0x50, 0x1F, 0xF8, 0x44, 0x1F, 0x20, 0x02, 0xE5,
    0x02, 0x00, 0x50, 0x0F, 0x61, 0x40, 0x1F, 0x00, 0x00, 0xC0, 0x0C, 0x00, 0x60, 0x0E, 0x00, 0x40,
    0x1F, 0x00, 0x00, 0x20, 0x7F, 0x00, 0x70, 0x0E, 0x00, 0x40, 0x1F, 0x00, 0x00, 0x00, 0xE8, 0x01,
    0x80, 0x0D, 0x00, 0x40, 0x1F, 0x00, 0x00, 0x00, 0xF1, 0x08, 0x80, 0x0C, 0x00, 0x40, 0x1F, 0x00,
    0x00, 0x00, 0x50, 0x01, 0x90, 0x0C, 0x00, 0x40, 0x1F, 0x00, 0x00, 0x00, 0x00, 0x00, 0xA0, 0x0B,
    0x00, 0x50, 0x1F, 0x00, 0x00, 0x00, 0x00, 0x00, 0xB0, 0x0A, 0x00, 0x60, 0x1F, 0x00, 0x00, 0x00,
    0x00, 0x00, 0xD0, 0x09, 0x00, 0x70, 0x1F, 0x00, 0x00, 0x00, 0x40, 0x88, 0xFB, 0x04, 0x00, 0x70,
    0x1F, 0x00, 0x00, 0x00, 0x20, 0xEF, 0x5B, 0x00,
    // Unicode: [0x4EE3]
    0x00, 0x00, 0x10, 0x02, 0x00, 0x30, 0x14, 0x00, 0x00, 0x00, 0x00, 0x00, 0x00, 0x40, 0x9F, 0x00,
    0x70, 0x1F, 0x81, 0x00, 0x00, 0x00, 0x00, 0x00, 0x80, 0x1E, 0x00, 0x60, 0x0E, 0xE3, 0x1B, 0x00,
    0x00, 0x00, 0x00, 0xD0, 0x07, 0x00, 0x60, 0x0E, 0x20, 0xBD, 0x00, 0x00, 0x00, 0x00, 0xF4, 0x01,
    0x00, 0x50, 0x0F, 0x00, 0xE3, 0x08, 0x00, 0x00, 0x00, 0xEB, 0x00, 0x00, 0x30, 0x2F, 0x00, 0x40,
    0x01, 0x00, 0x00, 0x40, 0xEF, 0x00, 0x00, 0x10, 0x4F, 0x00, 0x30, 0xC7, 0x04, 0x00, 0xD0, 0xEF,
    0x00, 0x00, 0x00, 0x8E, 0xA6, 0xFE, 0x9C, 0x03, 0x00, 0xE8, 0xE8, 0x00, 0x20, 0xA6, 0xFF, 0x8C,
    0x14, 0x00, 0x00, 0x50, 0x7F, 0xE7, 0x90, 0xFE, 0x9D, 0xBB, 0x00, 0x00, 0x00, 0x00, 0xE1, 0x0C,
    0xE7, 0x60, 0x27, 0x00, 0xE5, 0x00, 0x00, 0x00, 0x00, 0x20, 0x02, 0xE7, 0x00, 0x00, 0x00, 0xF1,
    0x04, 0x00, 0x00, 0x00, 0x00, 0x00, 0xE7, 0x00, 0x00, 0x00, 0xC0, 0x09, 0x00, 0x00, 0x00, 0x00,
    0x00, 0xE7, 0x00, 0x00, 0x00, 0x60, 0x0E, 0x00, 0x00, 0x00, 0x00, 0x00, 0xE7, 0x00, 0x00, 0x00,
    0x00, 0x6E, 0x00, 0x00, 0x00, 0x00, 0x00, 0xE7, 0x00, 0x00, 0x00, 0x00, 0xE7, 0x01, 0x10, 0x00,
    0x00, 0x00, 0xE7, 0x00, 0x00, 0x00, 0x00, 0xD1, 0x0A, 0x60, 0x1D, 0x00, 0x00, 0xE8, 0x00, 0x00,
    0x00, 0x00, 0x30, 0x9F, 0xA0, 0x0C, 0x00, 0x00, 0xE9, 0x00, 0x00, 0x00, 0x00, 0x00, 0xF5, 0xFE,
    0x07, 0x00, 0x00, 0xEA, 0x00, 0x00, 0x00, 0x00, 0x00, 0x30, 0xCC, 0x01,
    // Unicode: [0x4EE4]
    0x00, 0x00, 0x00, 0x00, 0x50, 0x39, 0x00, 0x00, 0x00, 0x00, 0x00, 0x00, 0x00, 0x00, 0x00, 0xC0,
    0x1D, 0x00, 0x00, 0x00, 0x00, 0x00, 0x00, 0x00, 0x00, 0x00, 0xE5, 0x5E, 0x00, 0x00, 0x00, 0x00,
    0x00, 0x00, 0x00, 0x00, 0x30, 0x5E, 0xE3, 0x04, 0x00, 0x00, 0x00, 0x00, 0x00, 0x00, 0x00, 0xD2,
    0x09, 0x50, 0x5E, 0x00, 0x00, 0x00, 0x00, 0x00, 0x00, 0x30, 0x9E, 0x13, 0x00, 0xF5, 0x08, 0x00,
    0x00, 0x00, 0x00, 0x00, 0xE6, 0x09, 0xDB, 0x02, 0x40, 0xCE, 0x03, 0x00, 0x00, 0x00, 0xB3, 0x6E,
    0x00, 0xA1, 0x2D, 0x00, 0xB2, 0x9F, 0x02, 0x00, 0xA3, 0xCF, 0x02, 0x00, 0x00, 0xE9, 0x03, 0x00,
    0xE7, 0xCF, 0x01, 0xE7, 0x06, 0x00, 0x00, 0x00, 0xA0, 0x05, 0x00, 0x10, 0x87, 0x00, 0x10, 0x51,
    0x44, 0x33, 0x33, 0x33, 0x33, 0x43, 0x45, 0x00, 0x00, 0x00, 0xF2, 0xFF, 0xEE, 0xEE, 0xEE, 0xEE,
    0xFE, 0xCF, 0x00, 0x00, 0x00, 0x10, 0x00, 0x00, 0x00, 0x00, 0x00, 0xF7, 0x2B, 0x00, 0x00, 0x00,
    0x00, 0x00, 0x00, 0x00, 0x00, 0x90, 0x8F, 0x00, 0x00, 0x00, 0x00, 0x00, 0x20, 0x00, 0x00, 0x10,
    0xFA, 0x05, 0x00, 0x00, 0x00, 0x00, 0x00, 0xC0, 0x4D, 0x00, 0xC1, 0x4E, 0x00, 0x00, 0x00, 0x00,
    0x00, 0x00, 0x10, 0xF9, 0x39, 0xDD, 0x02, 0x00, 0x00, 0x00, 0x00, 0x00, 0x00, 0x00, 0x40, 0xFD,
    0x1D, 0x00, 0x00, 0x00, 0x00, 0x00, 0x00, 0x00, 0x00, 0x00, 0x91, 0x9F, 0x00, 0x00, 0x00, 0x00,
    0x00, 0x00, 0x00, 0x00, 0x00, 0x00, 0xE5, 0x2C, 0x00, 0x00, 0x00, 0x00, 0x00, 0x00, 0x00, 0x00,
    0x00, 0x30, 0x7D, 0x00, 0x00, 0x00, 0x00,
    // Unicode: [0x4EE5]
    0x00, 0x00, 0x40, 0x01, 0x00, 0x00, 0x00, 0x56, 0x01, 0x00, 0x00, 0x00, 0xD0, 0x1C, 0x00, 0x00,
    0x00, 0xEC, 0x01, 0x00, 0x81, 0x06, 0x10, 0xBD, 0x01, 0x00, 0x00, 0xCB, 0x00, 0x00, 0xF0, 0x09,
    0x00, 0xD2, 0x0A, 0x00, 0x00, 0xAB, 0x00, 0x00, 0xF0, 0x06, 0x00, 0x30, 0x8F, 0x00, 0x00, 0x9C,
    0x00, 0x00, 0xF0, 0x06, 0x00, 0x00, 0xF6, 0x06, 0x00, 0x7C, 0x00, 0x00, 0xF0, 0x05, 0x00, 0x00,
    0x80, 0x03, 0x00, 0x5E, 0x00, 0x00, 0xF0, 0x05, 0x00, 0x00, 0x00, 0x00, 0x10, 0x3F, 0x00, 0x00,
    0xF0, 0x05, 0x00, 0x00, 0x00, 0x00, 0x50, 0x0F, 0x00, 0x00, 0xF0, 0x05, 0x00, 0x00, 0x00, 0x00,
    0x90, 0x0C, 0x00, 0x00, 0xF0, 0x05, 0x00, 0x54, 0x00, 0x00, 0xD0, 0x08, 0x00, 0x00, 0xF0, 0x05,
    0x50, 0x8F, 0x00, 0x00, 0xF5, 0x02, 0x00, 0x00, 0xF0, 0x05, 0xF5, 0x08, 0x00, 0x00, 0xED, 0x02,
    0x00, 0x00, 0xF0, 0x55, 0x8F, 0x00, 0x00, 0x80, 0xAE, 0x3E, 0x00, 0x00, 0xF1, 0xFB, 0x07, 0x00,
    0x00, 0xF7, 0x05, 0xEA, 0x03, 0x00, 0xF4, 0x7F, 0x00, 0x00, 0x80, 0x7F, 0x00, 0xB0, 0x2E, 0x00,
    0xF9, 0x07, 0x00, 0x20, 0xFC, 0x06, 0x00, 0x10, 0xDE, 0x01, 0x81, 0x00, 0x10, 0xF9, 0x3D, 0x00,
    0x00, 0x00, 0xF5, 0x09, 0x00, 0x00, 0x50, 0x9F, 0x01, 0x00, 0x00, 0x00, 0x50, 0x00, 0x00, 0x00,
    0x00, 0x02, 0x00, 0x00, 0x00, 0x00, 0x00, 0x00,
    // Unicode: [0x4EE6]
    0x00, 0x00, 0x70, 0x3A, 0x00, 0x00, 0xB2, 0x07, 0x00, 0x00, 0x00, 0x00, 0x00, 0xD0, 0x1C, 0x00,
    0x00, 0xF2, 0x05, 0x00, 0x00, 0x00, 0x00, 0x00, 0xF3, 0x04, 0x00, 0x00, 0xF2, 0x04, 0x00, 0x00,
    0x00, 0x00, 0x00, 0xCA, 0x00, 0x00, 0x00, 0xF2, 0x04, 0x00, 0x00, 0x00, 0x00, 0x20, 0x5F, 0x00,
    0x00, 0x00, 0xF2, 0x04, 0x00, 0x00, 0x00, 0x00, 0xA0, 0x4F, 0x00, 0x40, 0x01, 0xF2, 0x04, 0x06,
    0x00, 0x00, 0x00, 0xF4, 0x4F, 0x00, 0xE0, 0x0C, 0xF2, 0x04, 0x6D, 0x00, 0x00, 0x10, 0xBD, 0x4F,
    0x00, 0xF2, 0x04, 0xF2, 0x04, 0xD6, 0x00, 0x00, 0xB0, 0x3E, 0x4F, 0x00, 0xE5, 0x00, 0xF2, 0x04,
    0xE1, 0x06, 0x00, 0xD3, 0x15, 0x4F, 0x00, 0xAA, 0x00, 0xF2, 0x04, 0x80, 0x0D, 0x00, 0x10, 0x10,
    0x4F, 0x00, 0x4E, 0x00, 0xF2, 0x04, 0x20, 0x4F, 0x00, 0x00, 0x10, 0x4F, 0x50, 0x0E, 0x00, 0xF2,
    0x04, 0x00, 0xBB, 0x00, 0x00, 0x10, 0x4F, 0xC0, 0x09, 0x00, 0xF2, 0x04, 0x00, 0xF5, 0x02, 0x00,
    0x10, 0x4F, 0xF4, 0x03, 0x00, 0xF2, 0x04, 0x00, 0xE0, 0x09, 0x00, 0x10, 0x4F, 0xCD, 0x00, 0x00,
    0xF2, 0x04, 0x00, 0x90, 0x0E, 0x00, 0x10, 0x4F, 0x55, 0x00, 0x00, 0xF2, 0x04, 0x00, 0x20, 0x02,
    0x00, 0x20, 0x4F, 0x00, 0x00, 0x00, 0xF2, 0x04, 0x00, 0x00, 0x00, 0x00, 0x30, 0x4F, 0x00, 0x00,
    0x00, 0xF2, 0x04, 0x00, 0x00, 0x00, 0x00, 0x40, 0x4F, 0x00, 0x00, 0x9A, 0xFB, 0x02, 0x00, 0x00,
    0x00, 0x00, 0x50, 0x4F, 0x00, 0x00, 0xD7, 0x8C, 0x00, 0x00, 0x00, 0x00,
    // Unicode: [0x4EE7]
    0x00, 0x00, 0x00, 0x00, 0x91, 0x06, 0x00, 0x00, 0x00, 0x00, 0x00, 0x00, 0x00, 0x00, 0xF0, 0x07,
    0x00, 0x00, 0x00, 0x00, 0x00, 0x00, 0x00, 0x00, 0xF0, 0x05, 0x00, 0x00, 0x00, 0x00, 0x00, 0x00,
    0x00, 0x00, 0xF0, 0x37, 0x33, 0x44, 0x04, 0x00, 0x00, 0x00, 0x00, 0x00, 0xF0, 0xDE, 0xDD, 0xED,
    0x0C, 0x00, 0x00, 0x00, 0x00, 0x00, 0xF0, 0x05, 0x00, 0x00, 0x00, 0x00, 0x00, 0x00, 0x00, 0x00,
    0xF0, 0x05, 0x00, 0x00, 0x00, 0x00, 0x00, 0x00, 0x00, 0x00, 0xF0, 0x05, 0x00, 0x00, 0x00, 0x00,
    0xE1, 0xCD, 0xCC, 0xBB, 0xFB, 0xBD, 0xBB, 0xCC, 0xDC, 0x3E, 0x60, 0x56, 0x55, 0x45, 0x64, 0x45,
    0x44, 0x55, 0x65, 0x16, 0x00, 0x00, 0x00, 0x00, 0xA0, 0x1E, 0x00, 0x00, 0x00, 0x00, 0x00, 0x00,
    0x00, 0x00, 0xD0, 0x08, 0x00, 0x00, 0x00, 0x00, 0x00, 0x00, 0x00, 0x00, 0xF4, 0x2D, 0x00, 0x00,
    0x00, 0x00, 0x00, 0x00, 0x00, 0x00, 0x9C, 0xD5, 0x01, 0x00, 0x00, 0x00, 0x00, 0x00, 0x00, 0x70,
    0x1E, 0x90, 0x1C, 0x00, 0x00, 0x00, 0x00, 0x00, 0x00, 0xF6, 0x04, 0x00, 0xDA, 0x02, 0x00, 0x00,
    0x00, 0x00, 0x91, 0x5F, 0x00, 0x00, 0x90, 0x5E, 0x00, 0x00, 0x00, 0x61, 0xDD, 0x03, 0x00, 0x00,
    0x00, 0xF7, 0x4B, 0x00, 0x94, 0xFE, 0x19, 0x00, 0x00, 0x00, 0x00, 0x30, 0xFC, 0x5D, 0xD2, 0x28,
    0x00, 0x00, 0x00, 0x00, 0x00, 0x00, 0x50, 0x2C,
    // Unicode: [0x4EE8]
    0x00, 0x00, 0x30, 0x04, 0x00, 0x00, 0x00, 0x00, 0x00, 0x00, 0x00, 0x00, 0x00, 0x90, 0x7F, 0x00,
    0x00, 0x00, 0x00, 0x00, 0x00, 0x00, 0x00, 0x00, 0xE0, 0x0B, 0x00, 0x00, 0x00, 0x00, 0x00, 0x00,
    0x00, 0x00, 0x00, 0xF6, 0x12, 0x66, 0x55, 0x55, 0x55, 0x55, 0x66, 0x00, 0x00, 0x00, 0x9C, 0x30,
    0xEF, 0xDD, 0xDD, 0xDD, 0xDD, 0xCE, 0x00, 0x00, 0x50, 0x5F, 0x00, 0x00, 0x00, 0x00, 0x00, 0x00,
    0x00, 0x00, 0x00, 0xD0, 0x4F, 0x00, 0x00, 0x00, 0x00, 0x00, 0x00, 0x00, 0x00, 0x00, 0xF7, 0x4F,
    0x00, 0x00, 0x00, 0x00, 0x00, 0x00, 0x00, 0x00, 0x30, 0x9E, 0x4F, 0x00, 0x00, 0x00, 0x00, 0x00,
    0x00, 0x00, 0x00, 0xD1, 0x2D, 0x4F, 0x00, 0x00, 0x00, 0x00, 0x00, 0x00, 0x00, 0x00, 0x70, 0x23,
    0x4F, 0x00, 0xF3, 0xDE, 0xDD, 0xDD, 0xEE, 0x0E, 0x00, 0x00, 0x20, 0x4F, 0x00, 0x61, 0x45, 0x44,
    0x44, 0x54, 0x05, 0x00, 0x00, 0x20, 0x4F, 0x00, 0x00, 0x00, 0x00, 0x00, 0x00, 0x00, 0x00, 0x00,
    0x20, 0x4F, 0x00, 0x00, 0x00, 0x00, 0x00, 0x00, 0x00, 0x00, 0x00, 0x20, 0x4F, 0x00, 0x00, 0x00,
    0x00, 0x00, 0x00, 0x00, 0x00, 0x00, 0x20, 0x4F, 0x00, 0x00, 0x00, 0x00, 0x00, 0x00, 0x00, 0x00,
    0x00, 0x20, 0x4F, 0x00, 0x00, 0x00, 0x00, 0x00, 0x00, 0x00, 0x00, 0x00, 0x30, 0x4F, 0xF5, 0xEE,
    0xEE, 0xDD, 0xDD, 0xEE, 0xFE, 0x0F, 0x00, 0x40, 0x4F, 0x62, 0x56, 0x55, 0x55, 0x55, 0x55, 0x65,
    0x07, 0x00, 0x50, 0x4F, 0x00, 0x00, 0x00, 0x00, 0x00, 0x00, 0x00, 0x00,
    // Unicode: [0x4EE9]
    0x00, 0x00, 0x50, 0x17, 0x00, 0x10, 0x13, 0x00, 0x00, 0x00, 0x00, 0x00, 0xA0, 0x3E, 0x00, 0x50,
    0x7F, 0x00, 0x00, 0x00, 0x00, 0x00, 0xF1, 0x07, 0x00, 0x40, 0x3F, 0x00, 0x00, 0x00, 0x00, 0x00,
    0xD7, 0x00, 0x00, 0x40, 0x2F, 0x00, 0x00, 0x00, 0x00, 0x10, 0x6E, 0x00, 0x00, 0x40, 0x2F, 0x00,
    0x00, 0x00, 0x00, 0x70, 0x0E, 0x00, 0x00, 0x40, 0x2F, 0x00, 0x00, 0x00, 0x00, 0xE2, 0x0E, 0x00,
    0x00, 0x40, 0x2F, 0x00, 0x00, 0x00, 0x00, 0xFA, 0x0E, 0x00, 0x00, 0x40, 0xDF, 0xDD, 0xEE, 0x0B,
    0x50, 0xAF, 0x0E, 0x00, 0x00, 0x40, 0x5F, 0x44, 0x54, 0x04, 0xE2, 0x6A, 0x0E, 0x00, 0x00, 0x40,
    0x2F, 0x00, 0x00, 0x00, 0xE6, 0x61, 0x0E, 0x00, 0x00, 0x40, 0x2F, 0x00, 0x00, 0x00, 0x10, 0x60,
    0x0E, 0x00, 0x00, 0x40, 0x2F, 0x00, 0x00, 0x00, 0x00, 0x60, 0x0E, 0x00, 0x00, 0x40, 0x2F, 0x00,
    0x00, 0x00, 0x00, 0x60, 0x0E, 0x00, 0x00, 0x40, 0x2F, 0x00, 0x00, 0x00, 0x00, 0x60, 0x0E, 0x00,
    0x00, 0x40, 0x2F, 0x00, 0x00, 0x00, 0x00, 0x60, 0x0E, 0x00, 0x00, 0x40, 0x2F, 0x00, 0x00, 0x00,
    0x00, 0x60, 0x0E, 0x00, 0x00, 0x40, 0x2F, 0x00, 0x00, 0x00, 0x00, 0x70, 0x0E, 0x22, 0x11, 0x41,
    0x3F, 0x10, 0x11, 0x22, 0x00, 0x80, 0x0E, 0xFA, 0xFF, 0xFF, 0xFF, 0xFF, 0xFF, 0xDF, 0x00, 0x90,
    0x0E, 0x11, 0x11, 0x00, 0x00, 0x00, 0x11, 0x21,
    // Unicode: [0x4EEA]
    0x00, 0x00, 0x00, 0x14, 0x00, 0x00, 0x00, 0x00, 0x00, 0x00, 0x00, 0x00, 0x00, 0x00, 0xED, 0x03,
    0x20, 0x04, 0x00, 0x00, 0x00, 0x00, 0x00, 0x00, 0x40, 0x5F, 0x00, 0x80, 0x2E, 0x00, 0x00, 0x00,
    0x00, 0x00, 0x00, 0xB0, 0x0B, 0x00, 0x00, 0xCC, 0x00, 0x00, 0x00, 0x00, 0x00, 0x00, 0xF3, 0x03,
    0x00, 0x00, 0xF3, 0x07, 0x90, 0x2B, 0x00, 0x00, 0x00, 0x9C, 0x00, 0xC2, 0x02, 0x90, 0x1E, 0xD0,
    0x0B, 0x00, 0x00, 0x60, 0x6F, 0x00, 0xE0, 0x06, 0x10, 0x03, 0xF1, 0x06, 0x00, 0x00, 0xE2, 0x6F,
    0x00, 0x90, 0x0B, 0x00, 0x00, 0xF4, 0x01, 0x00, 0x10, 0xDD, 0x6E, 0x00, 0x40, 0x1F, 0x00, 0x00,
    0xC8, 0x00, 0x00, 0xC1, 0x3F, 0x6E, 0x00, 0x00, 0x6E, 0x00, 0x00, 0x8C, 0x00, 0x00, 0x20, 0x04,
    0x6E, 0x00, 0x00, 0xC8, 0x00, 0x20, 0x3F, 0x00, 0x00, 0x00, 0x00, 0x6E, 0x00, 0x00, 0xF2, 0x04,
    0x70, 0x0D, 0x00, 0x00, 0x00, 0x00, 0x6E, 0x00, 0x00, 0xA0, 0x0C, 0xD0, 0x07, 0x00, 0x00, 0x00,
    0x00, 0x6E, 0x00, 0x00, 0x30, 0x5F, 0xE6, 0x01, 0x00, 0x00, 0x00, 0x00, 0x6E, 0x00, 0x00, 0x00,
    0xE9, 0x6E, 0x00, 0x00, 0x00, 0x00, 0x00, 0x6E, 0x00, 0x00, 0x00, 0xF1, 0x2F, 0x00, 0x00, 0x00,
    0x00, 0x00, 0x6E, 0x00, 0x00, 0x10, 0xEC, 0xDD, 0x02, 0x00, 0x00, 0x00, 0x00, 0x6F, 0x00, 0x00,
    0xD3, 0x2D, 0xC1, 0x4E, 0x00, 0x00, 0x00, 0x00, 0x6F, 0x00, 0x80, 0xCF, 0x01, 0x10, 0xFA, 0x3A,
    0x00, 0x00, 0x10, 0x6F, 0x60, 0xFD, 0x08, 0x00, 0x00, 0x50, 0xFE, 0x0B, 0x00, 0x20, 0x6F, 0xB2,
    0x4D, 0x00, 0x00, 0x00, 0x00, 0x61, 0x01,
    // Unicode: [0x4EEB]
    0x00, 0x00, 0x10, 0x00, 0x00, 0x00, 0x00, 0x00, 0x00, 0x00, 0x00, 0x00, 0x70, 0x6D, 0x00, 0x00,
    0x01, 0x00, 0x00, 0x00, 0x00, 0x00, 0xC0, 0x1D, 0x00, 0x00, 0xDA, 0x06, 0x00, 0x00, 0x00, 0x00,
    0xF4, 0x04, 0x00, 0x20, 0xBF, 0x01, 0x00, 0x00, 0x00, 0x00, 0xBC, 0x00, 0x00, 0x80, 0x1E, 0x00,
    0x00, 0x00, 0x00, 0x50, 0x4F, 0x00, 0x00, 0xE2, 0x07, 0x00, 0x00, 0x00, 0x00, 0xD0, 0x0E, 0x00,
    0x00, 0xDA, 0x00, 0x00, 0x28, 0x00, 0x00, 0xF7, 0x0E, 0x00, 0x40, 0x4F, 0x00, 0x50, 0xEF, 0x01,
    0x30, 0xEF, 0x0E, 0x00, 0xE2, 0x09, 0x00, 0xD0, 0x1D, 0x00, 0xD1, 0x8D, 0x0E, 0x10, 0xCD, 0x00,
    0x00, 0xF7, 0x03, 0x00, 0xFA, 0x74, 0x0E, 0xD2, 0x2E, 0x00, 0x20, 0x7E, 0x00, 0x00, 0x30, 0x70,
    0x0E, 0xD5, 0x04, 0x00, 0xB0, 0x0C, 0x00, 0x00, 0x00, 0x70, 0x0E, 0x00, 0x00, 0x00, 0xE8, 0x02,
    0x00, 0x00, 0x00, 0x70, 0x0E, 0x00, 0x00, 0x40, 0x5F, 0x20, 0x03, 0x00, 0x00, 0x70, 0x0E, 0x00,
    0x00, 0xE2, 0x09, 0xA0, 0x0C, 0x00, 0x00, 0x70, 0x0E, 0x00, 0x10, 0xBC, 0x00, 0x20, 0x7E, 0x00,
    0x00, 0x70, 0x0E, 0x00, 0xB1, 0x1D, 0x00, 0x00, 0xE7, 0x02, 0x00, 0x80, 0x0E, 0x10, 0xEC, 0x03,
    0x00, 0x00, 0xD1, 0x09, 0x00, 0x80, 0x0E, 0xE1, 0xDF, 0xCB, 0xDD, 0xFE, 0xFF, 0x1E, 0x00, 0x90,
    0x0E, 0xC0, 0xCE, 0x8A, 0x56, 0x34, 0x12, 0x8E, 0x00, 0xA0, 0x0E, 0x10, 0x00, 0x00, 0x00, 0x00,
    0x00, 0x79,
    // Unicode: [0x4EEC]
    0x00, 0x00, 0x50, 0x38, 0x00, 0x02, 0x00, 0x00, 0x00, 0x00, 0x00, 0x00, 0xA0, 0x2E, 0x10, 0x7E,
    0x00, 0x00, 0x00, 0x00, 0x00, 0x00, 0xE1, 0x05, 0x00, 0xF5, 0x04, 0x23, 0x22, 0x32, 0x00, 0x00,
    0xB7, 0x00, 0x01, 0x70, 0x0B, 0xEE, 0xEE, 0xFF, 0x00, 0x10, 0x5E, 0x00, 0xE6, 0x03, 0x00, 0x00,
    0x00, 0xE6, 0x00, 0x90, 0x5F, 0x00, 0xF6, 0x00, 0x00, 0x00, 0x00, 0xE6, 0x00, 0xF5, 0x5F, 0x00,
    0xE5, 0x00, 0x00, 0x00, 0x00, 0xE6, 0x20, 0x8E, 0x5E, 0x00, 0xE5, 0x00, 0x00, 0x00, 0x00, 0xE6,
    0xC1, 0x1D, 0x5E, 0x00, 0xE5, 0x00, 0x00, 0x00, 0x00, 0xE6, 0x50, 0x04, 0x5E, 0x00, 0xE5, 0x00,
    0x00, 0x00, 0x00, 0xE6, 0x00, 0x00, 0x5E, 0x00, 0xE5, 0x00, 0x00, 0x00, 0x00, 0xE6, 0x00, 0x00,
    0x5E, 0x00, 0xE5, 0x00, 0x00, 0x00, 0x00, 0xE6, 0x00, 0x00, 0x5E, 0x00, 0xE5, 0x00, 0x00, 0x00,
    0x00, 0xE6, 0x00, 0x00, 0x5E, 0x00, 0xE5, 0x00, 0x00, 0x00, 0x00, 0xE6, 0x00, 0x00, 0x5E, 0x00,
    0xE5, 0x00, 0x00, 0x00, 0x00, 0xE6, 0x00, 0x00, 0x5E, 0x00, 0xE5, 0x00, 0x00, 0x00, 0x00, 0xE6,
    0x00, 0x00, 0x5F, 0x00, 0xE5, 0x00, 0x00, 0x00, 0x00, 0xE6, 0x00, 0x10, 0x5F, 0x00, 0xE6, 0x00,
    0x00, 0x00, 0x00, 0xD7, 0x00, 0x20, 0x5F, 0x00, 0xE7, 0x00, 0x00, 0x00, 0xCB, 0xAF, 0x00, 0x20,
    0x5F, 0x00, 0xC7, 0x00, 0x00, 0x00, 0xA7, 0x17,
    // Unicode: [0x4EED]
    0x00, 0x00, 0x50, 0x02, 0x00, 0x00, 0x00, 0x00, 0x00, 0x00, 0x00, 0x00, 0x00, 0xE0, 0x0C, 0x00,
    0x00, 0x00, 0x00, 0x00, 0x00, 0x00, 0x00, 0x00, 0xF5, 0x23, 0x78, 0x66, 0x66, 0x66, 0x76, 0x48,
    0x00, 0x00, 0x00, 0xBB, 0x30, 0xDE, 0xDD, 0xDF, 0xDD, 0xDD, 0x5F, 0x00, 0x00, 0x20, 0x4F, 0x00,
    0x00, 0x30, 0x2F, 0x00, 0x10, 0x4F, 0x00, 0x00, 0xA0, 0x4F, 0x00, 0x00, 0x30, 0x2F, 0x00, 0x20,
    0x3F, 0x00, 0x00, 0xF3, 0x4F, 0x30, 0x07, 0x30, 0x1F, 0x00, 0x30, 0x2F, 0x00, 0x00, 0xDC, 0x4F,
    0x50, 0x4F, 0x40, 0x1F, 0x00, 0x40, 0x1F, 0x00, 0x90, 0x5F, 0x4F, 0x00, 0xE8, 0x52, 0x0F, 0x00,
    0x60, 0x0F, 0x00, 0xD1, 0x29, 0x4F, 0x00, 0xA0, 0x8D, 0x0E, 0x00, 0x70, 0x0E, 0x00, 0x10, 0x21,
    0x4F, 0x00, 0x00, 0xFA, 0x0C, 0x00, 0x80, 0x0D, 0x00, 0x00, 0x20, 0x4F, 0x00, 0x00, 0xC0, 0x6E,
    0x00, 0x90, 0x0C, 0x00, 0x00, 0x20, 0x4F, 0x00, 0x00, 0xE0, 0xFC, 0x2B, 0xA0, 0x0B, 0x00, 0x00,
    0x20, 0x4F, 0x00, 0x00, 0xF3, 0x34, 0xFC, 0xCA, 0x0A, 0x00, 0x00, 0x20, 0x4F, 0x00, 0x00, 0xE8,
    0x00, 0x50, 0xFC, 0x9E, 0x15, 0x00, 0x20, 0x4F, 0x00, 0x10, 0x7E, 0x00, 0x00, 0xD0, 0xFD, 0x2F,
    0x00, 0x20, 0x4F, 0x00, 0x80, 0x1E, 0x00, 0x00, 0xE0, 0x16, 0x05, 0x00, 0x30, 0x4F, 0x00, 0xF5,
    0x04, 0x00, 0x00, 0xF2, 0x05, 0x00, 0x00, 0x40, 0x4F, 0x50, 0x6E, 0x00, 0x50, 0x9A, 0xFC, 0x02,
    0x00, 0x00, 0x50, 0x4F, 0xC2, 0x06, 0x00, 0x30, 0xEF, 0x6D, 0x00, 0x00,
    // Unicode: [0x4EEE]
    0x00, 0x00, 0x70, 0x5C, 0x00, 0x00, 0x00, 0x00, 0x00, 0x00, 0x00, 0x00, 0x00, 0xB0, 0x1C, 0x00,
    0x00, 0x00, 0x20, 0x74, 0x9B, 0x00, 0x00, 0x00, 0xF2, 0x03, 0xC7, 0xCC, 0xED, 0xFF, 0xDF, 0xAB,
    0x02, 0x00, 0x00, 0xB9, 0x00, 0xE7, 0x56, 0x45, 0x23, 0x00, 0x00, 0x00, 0x00, 0x20, 0x3F, 0x00,
    0xE6, 0x00, 0x00, 0x00, 0x00, 0x00, 0x00, 0x00, 0xA0, 0x2F, 0x00, 0xE6, 0x00, 0x00, 0x00, 0x00,
    0x00, 0x00, 0x00, 0xF5, 0x2F, 0x00, 0xE5, 0x22, 0x22, 0x22, 0x22, 0x23, 0x00, 0x20, 0xCE, 0x2F,
    0x00, 0xF5, 0xFF, 0xFF, 0xFF, 0xFF, 0x6F, 0x00, 0xC1, 0x4D, 0x2F, 0x00, 0xE5, 0xE0, 0x03, 0x00,
    0x20, 0x3F, 0x00, 0xC2, 0x34, 0x2F, 0x00, 0xE5, 0xA0, 0x08, 0x00, 0x50, 0x0E, 0x00, 0x10, 0x30,
    0x2F, 0x00, 0xE5, 0x60, 0x0D, 0x00, 0x90, 0x09, 0x00, 0x00, 0x30, 0x2F, 0x00, 0xE6, 0x10, 0x4E,
    0x00, 0xE0, 0x04, 0x00, 0x00, 0x30, 0x2F, 0x00, 0xD7, 0x00, 0xC8, 0x00, 0xD6, 0x00, 0x00, 0x00,
    0x30, 0x2F, 0x00, 0xC9, 0x00, 0xE1, 0x17, 0x7D, 0x00, 0x00, 0x00, 0x30, 0x2F, 0x00, 0x9B, 0x00,
    0x50, 0xBF, 0x0D, 0x00, 0x00, 0x00, 0x30, 0x2F, 0x10, 0x6F, 0x00, 0x00, 0xFB, 0x06, 0x00, 0x00,
    0x00, 0x30, 0x2F, 0x70, 0x1F, 0x00, 0x90, 0xBF, 0x5E, 0x00, 0x00, 0x00, 0x40, 0x2F, 0xE2, 0x09,
    0x30, 0xEC, 0x05, 0xF8, 0x19, 0x00, 0x00, 0x50, 0x2F, 0xFB, 0x22, 0xFA, 0x2C, 0x00, 0x50, 0xEE,
    0x07, 0x00, 0x60, 0x2F, 0x65, 0x30, 0x7D, 0x00, 0x00, 0x00, 0xA1, 0x02,
    // Unicode: [0x4EEF]
    0x00, 0x00, 0x20, 0x03, 0x00, 0x00, 0x11, 0x00, 0x00, 0x00, 0x00, 0x00, 0x00, 0x90, 0x5F, 0x00,
    0x00, 0xF5, 0x05, 0x00, 0x00, 0x00, 0x00, 0x00, 0xE1, 0x08, 0x00, 0x00, 0xF4, 0x01, 0x00, 0x00,
    0x00, 0x00, 0x00, 0xE6, 0x01, 0x00, 0x00, 0xF4, 0x01, 0x00, 0x00, 0x00, 0x00, 0x00, 0x9D, 0x00,
    0x10, 0x15, 0xF4, 0x41, 0x06, 0x00, 0x00, 0x00, 0x60, 0x2F, 0x00, 0x50, 0x7F, 0xF4, 0x41, 0x3F,
    0x00, 0x00, 0x00, 0xE1, 0x0E, 0x00, 0xA0, 0x0C, 0xF4, 0x01, 0xD8, 0x01, 0x00, 0x00, 0xF8, 0x0E,
    0x00, 0xF1, 0x06, 0xF4, 0x01, 0xC0, 0x0A, 0x00, 0x30, 0xCF, 0x0E, 0x00, 0xE8, 0x00, 0xF4, 0x01,
    0x30, 0x5F, 0x00, 0xD1, 0x6C, 0x0E, 0x20, 0x7F, 0x00, 0xF4, 0x01, 0x00, 0xE9, 0x01, 0xFA, 0x63,
    0x0E, 0xB0, 0x1E, 0x00, 0xF4, 0x01, 0x00, 0x61, 0x00, 0x52, 0x60, 0x0E, 0x10, 0x04, 0x00, 0xF4,
    0x01, 0xB0, 0x07, 0x00, 0x00, 0x60, 0x0E, 0x00, 0x00, 0x00, 0xF5, 0x02, 0xF3, 0x09, 0x00, 0x00,
    0x60, 0x0E, 0x00, 0x00, 0x00, 0xF6, 0x03, 0xAC, 0x00, 0x00, 0x00, 0x60, 0x0E, 0x00, 0x00, 0x00,
    0x73, 0x82, 0x1E, 0x00, 0x00, 0x00, 0x60, 0x0E, 0x00, 0x00, 0x00, 0x00, 0xF8, 0x04, 0x00, 0x00,
    0x00, 0x70, 0x0E, 0x00, 0x00, 0x00, 0xC3, 0x4E, 0x00, 0x00, 0x00, 0x00, 0x70, 0x0E, 0x00, 0x10,
    0xB6, 0xAF, 0x02, 0x00, 0x00, 0x00, 0x00, 0x80, 0x0E, 0x96, 0xFC, 0xAE, 0x03, 0x00, 0x00, 0x00,
    0x00, 0x00, 0x90, 0x0E, 0xC6, 0x59, 0x01, 0x00, 0x00, 0x00, 0x00, 0x00,
    // Unicode: [0x4EF0]
    0x00, 0x00, 0xB0, 0x3A, 0x00, 0x00, 0x01, 0x00, 0x00, 0x00, 0x00, 0x00, 0x00, 0xE1, 0x2D, 0x52,
    0xC7, 0x2E, 0x00, 0x00, 0x00, 0x00, 0x00, 0x00, 0xF5, 0x04, 0xF8, 0x8B, 0x55, 0xDE, 0xDD, 0xED,
    0x02, 0x00, 0x00, 0xBB, 0x00, 0xE6, 0x00, 0x30, 0x5F, 0x44, 0xF7, 0x01, 0x00, 0x30, 0x6F, 0x00,
    0xE5, 0x00, 0x20, 0x3F, 0x00, 0xF5, 0x00, 0x00, 0xB0, 0x6F, 0x00, 0xE5, 0x00, 0x20, 0x3F, 0x00,
    0xE5, 0x00, 0x00, 0xF4, 0x6F, 0x00, 0xE5, 0x00, 0x20, 0x3F, 0x00, 0xE5, 0x00, 0x10, 0xAD, 0x6E,
    0x00, 0xE5, 0x00, 0x20, 0x3F, 0x00, 0xE5, 0x00, 0xC1, 0x1E, 0x6E, 0x00, 0xE5, 0x00, 0x20, 0x3F,
    0x00, 0xE5, 0x00, 0x30, 0x04, 0x6E, 0x00, 0xE5, 0x00, 0x20, 0x3F, 0x00, 0xE5, 0x00, 0x00, 0x00,
    0x6E, 0x00, 0xE5, 0x00, 0x20, 0x3F, 0x00, 0xE5, 0x00, 0x00, 0x00, 0x6E, 0x00, 0xE5, 0x00, 0x20,
    0x3F, 0x00, 0xE5, 0x00, 0x00, 0x00, 0x6E, 0x00, 0xE5, 0x00, 0x22, 0x3F, 0x00, 0xE5, 0x00, 0x00,
    0x00, 0x6E, 0x00, 0xE5, 0x70, 0x2D, 0x3F, 0x00, 0xE5, 0x00, 0x00, 0x00, 0x6E, 0x00, 0xE6, 0xE9,
    0x25, 0x3F, 0x00, 0xE6, 0x00, 0x00, 0x00, 0x6E, 0x00, 0xF9, 0x2C, 0x20, 0x3F, 0xB7, 0xCE, 0x00,
    0x00, 0x00, 0x6F, 0x00, 0xBB, 0x01, 0x30, 0x3F, 0xD3, 0x3A, 0x00, 0x00, 0x00, 0x6F, 0x00, 0x11,
    0x00, 0x30, 0x3F, 0x00, 0x00, 0x00, 0x00, 0x10, 0x6F, 0x00, 0x00, 0x00, 0x40, 0x3F, 0x00, 0x00,
    0x00, 0x00, 0x20, 0x6F, 0x00, 0x00, 0x00, 0x40, 0x3F, 0x00, 0x00, 0x00, 0x00, 0x00, 0x00, 0x00,
    0x00, 0x00, 0x00, 0x01, 0x00, 0x00, 0x00,
    // Unicode: [0x4EF1]
    0x00, 0x00, 0x20, 0x05, 0x00, 0x00, 0x71, 0x01, 0x00, 0x00, 0x00, 0x00, 0x00, 0x70, 0x6F, 0x00,
    0x00, 0xF5, 0x08, 0x00, 0x00, 0x00, 0x00, 0x00, 0xD0, 0x0A, 0x00, 0x00, 0xFB, 0x02, 0x00, 0x00,
    0x00, 0x00, 0x00, 0xE6, 0x01, 0x00, 0x40, 0xAF, 0x0C, 0x00, 0x00, 0x00, 0x00, 0x10, 0x7E, 0x00,
    0x00, 0xC1, 0x0A, 0x9C, 0x00, 0x00, 0x00, 0x00, 0x90, 0x4F, 0x00, 0x00, 0xE9, 0x01, 0xE2, 0x09,
    0x00, 0x00, 0x00, 0xF4, 0x4F, 0x00, 0x70, 0x4F, 0x00, 0x30, 0x9F, 0x00, 0x00, 0x20, 0xBE, 0x4F,
    0x00, 0xF7, 0x06, 0x3A, 0x00, 0xE4, 0x2C, 0x00, 0xD1, 0x2D, 0x4F, 0x91, 0x7F, 0x00, 0xEA, 0x03,
    0x30, 0xFE, 0x19, 0x60, 0x13, 0x4F, 0xF9, 0x06, 0x00, 0xA0, 0x2E, 0x00, 0xB2, 0x0A, 0x00, 0x10,
    0x4F, 0x41, 0x00, 0x00, 0x00, 0x3B, 0x00, 0x00, 0x01, 0x00, 0x10, 0x4F, 0x30, 0x34, 0x33, 0x33,
    0x33, 0x33, 0x24, 0x00, 0x00, 0x10, 0x4F, 0x80, 0xFF, 0xEE, 0xEE, 0xEE, 0xFE, 0x1E, 0x00, 0x00,
    0x10, 0x4F, 0x10, 0x01, 0x00, 0x00, 0x00, 0xF5, 0x04, 0x00, 0x00, 0x10, 0x4F, 0x00, 0x00, 0x00,
    0x00, 0x30, 0x7E, 0x00, 0x00, 0x00, 0x10, 0x4F, 0x00, 0x00, 0x00, 0x00, 0xD1, 0x0B, 0x00, 0x00,
    0x00, 0x20, 0x4F, 0x00, 0x00, 0x00, 0x00, 0xEB, 0x01, 0x00, 0x00, 0x00, 0x20, 0x4F, 0x00, 0x00,
    0x00, 0x80, 0x4F, 0x00, 0x00, 0x00, 0x00, 0x30, 0x4F, 0x00, 0x00, 0x00, 0xF5, 0x08, 0x00, 0x00,
    0x00, 0x00, 0x40, 0x4F, 0x00, 0x00, 0x00, 0x95, 0x00, 0x00, 0x00, 0x00,
    // Unicode: [0x4EF2]
    0x00, 0x00, 0x30, 0x16, 0x00, 0x00, 0x40, 0x26, 0x00, 0x00, 0x00, 0x00, 0x00, 0x80, 0x7F, 0x00,
    0x00, 0x70, 0x2F, 0x00, 0x00, 0x00, 0x00, 0x00, 0xD0, 0x0A, 0x00, 0x00, 0x70, 0x0E, 0x00, 0x00,
    0x00, 0x00, 0x00, 0xF4, 0x02, 0x00, 0x00, 0x60, 0x0E, 0x00, 0x00, 0x00, 0x00, 0x00, 0xBB, 0x00,
    0x12, 0x00, 0x60, 0x0E, 0x00, 0x21, 0x00, 0x00, 0x30, 0x7F, 0x00, 0xFF, 0xFF, 0xFE, 0xEF, 0xFF,
    0xFF, 0x02, 0x00, 0xA0, 0x6F, 0x00, 0x7F, 0x22, 0x72, 0x2E, 0x22, 0xF6, 0x01, 0x00, 0xF3, 0x6F,
    0x00, 0x6E, 0x00, 0x60, 0x0E, 0x00, 0xF5, 0x01, 0x00, 0xCC, 0x6E, 0x00, 0x6E, 0x00, 0x60, 0x0E,
    0x00, 0xF5, 0x01, 0xA0, 0x4F, 0x6E, 0x00, 0x6E, 0x00, 0x60, 0x0E, 0x00, 0xF5, 0x01, 0x82, 0x09,
    0x6E, 0x00, 0x6E, 0x00, 0x60, 0x0E, 0x00, 0xF5, 0x01, 0x00, 0x00, 0x6E, 0x00, 0x8E, 0x22, 0x72,
    0x2E, 0x22, 0xF6, 0x01, 0x00, 0x00, 0x6E, 0x00, 0xFE, 0xEE, 0xFE, 0xEF, 0xEE, 0xFF, 0x01, 0x00,
    0x00, 0x6E, 0x00, 0x6F, 0x00, 0x60, 0x0E, 0x00, 0xF5, 0x02, 0x00, 0x00, 0x6E, 0x10, 0x6D, 0x00,
    0x60, 0x0E, 0x00, 0xA3, 0x02, 0x00, 0x00, 0x6E, 0x00, 0x00, 0x00, 0x60, 0x0E, 0x00, 0x00, 0x00,
    0x00, 0x00, 0x6F, 0x00, 0x00, 0x00, 0x60, 0x0E, 0x00, 0x00, 0x00, 0x00, 0x00, 0x6F, 0x00, 0x00,
    0x00, 0x70, 0x0E, 0x00, 0x00, 0x00, 0x00, 0x10, 0x6F, 0x00, 0x00, 0x00, 0x70, 0x0F, 0x00, 0x00,
    0x00, 0x00, 0x20, 0x6F, 0x00, 0x00, 0x00, 0x90, 0x1F, 0x00, 0x00, 0x00,
    // Unicode: [0x4EF3]
    0x00, 0x00, 0x50, 0x5D, 0x94, 0x04, 0x00, 0x84, 0x03, 0x00, 0x00, 0x00, 0x00, 0xA0, 0x1D, 0xF6,
    0x00, 0x00, 0xF6, 0x01, 0x00, 0x00, 0x00, 0x00, 0xF2, 0x04, 0xE5, 0x00, 0x00, 0xE6, 0x00, 0x00,
    0x00, 0x00, 0x00, 0xB9, 0x00, 0xE5, 0x00, 0x00, 0xE6, 0x00, 0x00, 0x00, 0x00, 0x20, 0x5F, 0x00,
    0xE5, 0x00, 0x00, 0xE6, 0x00, 0x20, 0x00, 0x00, 0xB0, 0x5F, 0x00, 0xE5, 0x00, 0x00, 0xE6, 0x00,
    0xE6, 0x06, 0x00, 0xE6, 0x5E, 0x00, 0xE5, 0x32, 0x23, 0xE6, 0xB2, 0x9F, 0x05, 0x30, 0x5F, 0x5E,
    0x00, 0xF5, 0xEE, 0xAF, 0xF6, 0x9E, 0x02, 0x00, 0xE2, 0x09, 0x5E, 0x00, 0xE5, 0x00, 0x00, 0xE6,
    0x03, 0x00, 0x00, 0x80, 0x01, 0x5E, 0x00, 0xE5, 0x00, 0x00, 0xE6, 0x00, 0x00, 0x00, 0x00, 0x00,
    0x5E, 0x00, 0xE5, 0x00, 0x00, 0xE6, 0x00, 0x00, 0x00, 0x00, 0x00, 0x5E, 0x00, 0xE5, 0x00, 0x00,
    0xE6, 0x00, 0x00, 0x00, 0x00, 0x00, 0x5E, 0x00, 0xE5, 0x00, 0x00, 0xE6, 0x00, 0x00, 0x00, 0x00,
    0x00, 0x5E, 0x00, 0xE5, 0x00, 0x00, 0xE6, 0x00, 0x00, 0x00, 0x00, 0x00, 0x5E, 0x00, 0xE5, 0x00,
    0x00, 0xE6, 0x00, 0x00, 0x00, 0x00, 0x00, 0x5F, 0x00, 0xE5, 0x00, 0x96, 0xE6, 0x00, 0x00, 0x1A,
    0x00, 0x00, 0x5F, 0x00, 0xE5, 0xD5, 0x8E, 0xE6, 0x00, 0x30, 0x4F, 0x00, 0x10, 0x5F, 0x00, 0xFA,
    0x7D, 0x01, 0xF5, 0x35, 0xB4, 0x1E, 0x00, 0x20, 0x5F, 0x10, 0x6C, 0x00, 0x00, 0xC1, 0xFE, 0xDF,
    0x05,
    // Unicode: [0x4EF4]
    0x00, 0x00, 0x10, 0x03, 0x00, 0x00, 0x00, 0x00, 0x00, 0x00, 0x00, 0x00, 0x70, 0x6F, 0x10, 0x01,
    0x00, 0x00, 0x10, 0x01, 0x00, 0x00, 0xC0, 0x0B, 0xF0, 0xFF, 0xFF, 0xFF, 0xFF, 0x3F, 0x00, 0x00,
    0xF4, 0x03, 0xE0, 0x17, 0x11, 0x11, 0x51, 0x3F, 0x00, 0x00, 0xBB, 0x00, 0xE0, 0x06, 0x00, 0x00,
    0x40, 0x3F, 0x00, 0x40, 0x6F, 0x00, 0xE0, 0x06, 0x00, 0x00, 0x40, 0x3F, 0x00, 0xD1, 0x6F, 0x00,
    0xE0, 0x17, 0x11, 0x11, 0x51, 0x3F, 0x00, 0xF8, 0x6F, 0x00, 0xE0, 0xEF, 0xEE, 0xEE, 0xFE, 0x3F,
    0x60, 0x8F, 0x6E, 0x00, 0xE0, 0x06, 0x00, 0x00, 0x40, 0x3F, 0xD1, 0x0C, 0x6E, 0x00, 0xE0, 0x06,
    0x00, 0x00, 0x40, 0x3F, 0x10, 0x02, 0x6E, 0x00, 0xE0, 0x06, 0x00, 0x00, 0x40, 0x3F, 0x00, 0x00,
    0x6E, 0x00, 0xE0, 0x27, 0x22, 0x22, 0x52, 0x3F, 0x00, 0x00, 0x6E, 0x00, 0xE0, 0xEF, 0xEE, 0xEE,
    0xFE, 0x3F, 0x00, 0x00, 0x6E, 0x00, 0xF0, 0x05, 0x00, 0x00, 0x40, 0x3F, 0x00, 0x00, 0x6E, 0x00,
    0xF2, 0x04, 0x00, 0x00, 0x40, 0x3F, 0x00, 0x00, 0x6E, 0x00, 0xF4, 0x01, 0x00, 0x00, 0x40, 0x3F,
    0x00, 0x00, 0x6F, 0x00, 0xD7, 0x00, 0x00, 0x00, 0x40, 0x3F, 0x00, 0x00, 0x6F, 0x00, 0x8C, 0x00,
    0x00, 0x00, 0x40, 0x2F, 0x00, 0x10, 0x6F, 0x50, 0x1E, 0x00, 0x00, 0xC2, 0xDA, 0x1F, 0x00, 0x20,
    0x6F, 0xE3, 0x06, 0x00, 0x00, 0xB0, 0xAC, 0x05,
    // Unicode: [0x4EF5]
    0x00, 0x00, 0x80, 0x16, 0x00, 0x71, 0x02, 0x00, 0x00, 0x00, 0x00, 0x00, 0x00, 0xE1, 0x3D, 0x00,
    0xF4, 0x08, 0x00, 0x00, 0x00, 0x00, 0x00, 0x00, 0xF5, 0x03, 0x00, 0xD9, 0x00, 0x00, 0x00, 0x00,
    0x00, 0x00, 0x00, 0xAC, 0x00, 0x10, 0x6E, 0x00, 0x00, 0x00, 0x21, 0x00, 0x00, 0x40, 0x6F, 0x00,
    0x70, 0xFF, 0xFF, 0xFF, 0xFF, 0xBF, 0x00, 0x00, 0xC0, 0x6F, 0x00, 0xE1, 0x28, 0x72, 0x2E, 0x22,
    0x33, 0x00, 0x00, 0xF7, 0x6F, 0x00, 0xE8, 0x01, 0x60, 0x0E, 0x00, 0x00, 0x00, 0x30, 0x8F, 0x6E,
    0x40, 0x7F, 0x00, 0x60, 0x0E, 0x00, 0x00, 0x00, 0xE1, 0x1D, 0x6E, 0x80, 0x0C, 0x00, 0x60, 0x0E,
    0x00, 0x00, 0x00, 0x30, 0x04, 0x6E, 0x00, 0x00, 0x00, 0x60, 0x0E, 0x00, 0x00, 0x00, 0x00, 0x00,
    0x6E, 0x20, 0x11, 0x00, 0x60, 0x0E, 0x00, 0x10, 0x02, 0x00, 0x00, 0x6E, 0xF2, 0xFF, 0xFF, 0xFF,
    0xFF, 0xFF, 0xFF, 0x0F, 0x00, 0x00, 0x6E, 0x41, 0x33, 0x22, 0x72, 0x2E, 0x22, 0x32, 0x04, 0x00,
    0x00, 0x6E, 0x00, 0x00, 0x00, 0x60, 0x0E, 0x00, 0x00, 0x00, 0x00, 0x00, 0x6E, 0x00, 0x00, 0x00,
    0x60, 0x0E, 0x00, 0x00, 0x00, 0x00, 0x00, 0x6E, 0x00, 0x00, 0x00, 0x60, 0x0E, 0x00, 0x00, 0x00,
    0x00, 0x00, 0x6F, 0x00, 0x00, 0x00, 0x60, 0x0F, 0x00, 0x00, 0x00, 0x00, 0x10, 0x6F, 0x00, 0x00,
    0x00, 0x70, 0x0F, 0x00, 0x00, 0x00, 0x00, 0x10, 0x6F, 0x00, 0x00, 0x00, 0x80, 0x1F, 0x00, 0x00,
    0x00, 0x00, 0x20, 0x6F, 0x00, 0x00, 0x00, 0x90, 0x2F, 0x00, 0x00, 0x00,
    // Unicode: [0x4EF6]
    0x00, 0x00, 0x60, 0x17, 0x00, 0x00, 0x40, 0x25, 0x00, 0x00, 0x00, 0x00, 0x00, 0xB0, 0x3E, 0x00,
    0x00, 0x70, 0x3F, 0x00, 0x00, 0x00, 0x00, 0x00, 0xF2, 0x06, 0x90, 0x18, 0x60, 0x0F, 0x00, 0x00,
    0x00, 0x00, 0x00, 0xC9, 0x00, 0xD0, 0x0A, 0x60, 0x0E, 0x00, 0x00, 0x00, 0x00, 0x20, 0x5F, 0x00,
    0xF2, 0x03, 0x60, 0x0E, 0x00, 0x10, 0x00, 0x00, 0xA0, 0x4F, 0x00, 0xF6, 0xEE, 0xEE, 0xEF, 0xEE,
    0xAF, 0x00, 0x00, 0xF4, 0x4F, 0x00, 0x9B, 0x33, 0x73, 0x3E, 0x33, 0x34, 0x00, 0x10, 0xAD, 0x4F,
    0x30, 0x3F, 0x00, 0x60, 0x0E, 0x00, 0x00, 0x00, 0xC1, 0x1E, 0x4F, 0xB0, 0x0B, 0x00, 0x60, 0x0E,
    0x00, 0x00, 0x00, 0x92, 0x04, 0x4F, 0x40, 0x03, 0x00, 0x60, 0x0E, 0x00, 0x00, 0x00, 0x00, 0x00,
    0x4F, 0x00, 0x00, 0x00, 0x60, 0x0E, 0x00, 0x00, 0x00, 0x00, 0x00, 0x4F, 0xF4, 0xEE, 0xDD, 0xED,
    0xDF, 0xDD, 0xEE, 0x1F, 0x00, 0x00, 0x4F, 0x61, 0x45, 0x44, 0x84, 0x4E, 0x44, 0x55, 0x06, 0x00,
    0x00, 0x4F, 0x00, 0x00, 0x00, 0x60, 0x0E, 0x00, 0x00, 0x00, 0x00, 0x00, 0x4F, 0x00, 0x00, 0x00,
    0x60, 0x0E, 0x00, 0x00, 0x00, 0x00, 0x00, 0x4F, 0x00, 0x00, 0x00, 0x60, 0x0E, 0x00, 0x00, 0x00,
    0x00, 0x10, 0x4F, 0x00, 0x00, 0x00, 0x70, 0x0E, 0x00, 0x00, 0x00, 0x00, 0x20, 0x4F, 0x00, 0x00,
    0x00, 0x70, 0x0F, 0x00, 0x00, 0x00, 0x00, 0x20, 0x4F, 0x00, 0x00, 0x00, 0x80, 0x0F, 0x00, 0x00,
    0x00, 0x00, 0x30, 0x4F, 0x00, 0x00, 0x00, 0x80, 0x1D, 0x00, 0x00, 0x00,
    // Unicode: [0x4EF7]
    0x00, 0x00, 0x50, 0x28, 0x00, 0x00, 0xA3, 0x04, 0x00, 0x00, 0x00, 0x00, 0x00, 0xB0, 0x3E, 0x00,
    0x00, 0xF8, 0x04, 0x00, 0x00, 0x00, 0x00, 0x00, 0xF1, 0x06, 0x00, 0x00, 0xED, 0x08, 0x00, 0x00,
    0x00, 0x00, 0x00, 0xD7, 0x00, 0x00, 0x60, 0x3E, 0x4E, 0x00, 0x00, 0x00, 0x00, 0x10, 0x7E, 0x00,
    0x00, 0xE1, 0x07, 0xE5, 0x04, 0x00, 0x00, 0x00, 0x80, 0x6F, 0x00, 0x00, 0xCB, 0x00, 0x70, 0x5E,
    0x00, 0x00, 0x00, 0xE2, 0x6F, 0x00, 0xB1, 0x2E, 0x00, 0x00, 0xF7, 0x19, 0x00, 0x00, 0xDC, 0x6E,
    0x40, 0xED, 0x03, 0x00, 0x00, 0x50, 0xEE, 0x08, 0x90, 0x4F, 0x6E, 0xF4, 0x2C, 0x57, 0x00, 0x10,
    0x47, 0xA1, 0x06, 0xA1, 0x08, 0x6E, 0x40, 0x00, 0x9E, 0x00, 0x00, 0x7F, 0x00, 0x00, 0x00, 0x00,
    0x6E, 0x00, 0x00, 0x7D, 0x00, 0x00, 0x5E, 0x00, 0x00, 0x00, 0x00, 0x6E, 0x00, 0x00, 0x6D, 0x00,
    0x00, 0x5E, 0x00, 0x00, 0x00, 0x00, 0x6E, 0x00, 0x00, 0x6D, 0x00, 0x00, 0x5E, 0x00, 0x00, 0x00,
    0x00, 0x6E, 0x00, 0x00, 0x5E, 0x00, 0x00, 0x5E, 0x00, 0x00, 0x00, 0x00, 0x6E, 0x00, 0x10, 0x3F,
    0x00, 0x00, 0x5E, 0x00, 0x00, 0x00, 0x00, 0x6E, 0x00, 0x50, 0x1F, 0x00, 0x00, 0x5E, 0x00, 0x00,
    0x00, 0x00, 0x6F, 0x00, 0xB0, 0x0B, 0x00, 0x00, 0x5E, 0x00, 0x00, 0x00, 0x10, 0x6F, 0x00, 0xF7,
    0x04, 0x00, 0x00, 0x6F, 0x00, 0x00, 0x00, 0x10, 0x6F, 0x91, 0x8F, 0x00, 0x00, 0x00, 0x7F, 0x00,
    0x00, 0x00, 0x20, 0x6F, 0xA1, 0x08, 0x00, 0x00, 0x10, 0x7F, 0x00, 0x00,
    // Unicode: [0x4EF8]
    0x00, 0x00, 0x10, 0x15, 0x00, 0x00, 0x00, 0x00, 0x00, 0x00, 0x00, 0x00, 0x00, 0x70, 0x7F, 0x00,
    0x00, 0x00, 0x00, 0x82, 0x08, 0x00, 0x00, 0x00, 0xC0, 0x0A, 0x43, 0x54, 0x86, 0xEB, 0xFF, 0x5D,
    0x00, 0x00, 0x00, 0xF4, 0x02, 0xF5, 0xDF, 0xEB, 0x4A, 0x02, 0x00, 0x00, 0x00, 0x00, 0x9B, 0x00,
    0x20, 0x00, 0xD0, 0x06, 0x00, 0x00, 0x00, 0x00, 0x50, 0x6F, 0x00, 0x00, 0x00, 0xD0, 0x05, 0x00,
    0x00, 0x00, 0x00, 0xD1, 0x6F, 0x00, 0x00, 0x00, 0xD0, 0x05, 0x00, 0x00, 0x00, 0x00, 0xE9, 0x6E,
    0x00, 0x00, 0x00, 0xE0, 0x05, 0x00, 0x00, 0x00, 0x70, 0x6F, 0x6E, 0x10, 0x00, 0x00, 0xF0, 0x04,
    0x00, 0x00, 0x01, 0xE2, 0x0A, 0x6E, 0xB0, 0xEF, 0xDE, 0xFD, 0xDD, 0xED, 0xFE, 0x0E, 0x20, 0x01,
    0x6E, 0x40, 0x45, 0x33, 0xF6, 0x9A, 0x33, 0x44, 0x05, 0x00, 0x00, 0x6E, 0x00, 0x00, 0x00, 0xD6,
    0xC5, 0x00, 0x00, 0x00, 0x00, 0x00, 0x6E, 0x00, 0x00, 0x00, 0xA9, 0xE1, 0x03, 0x00, 0x00, 0x00,
    0x00, 0x6E, 0x00, 0x00, 0x00, 0x6E, 0x90, 0x0A, 0x00, 0x00, 0x00, 0x00, 0x6E, 0x00, 0x00, 0x50,
    0x1F, 0x20, 0x4F, 0x00, 0x00, 0x00, 0x00, 0x6E, 0x00, 0x00, 0xD1, 0x08, 0x00, 0xD9, 0x01, 0x00,
    0x00, 0x00, 0x6F, 0x00, 0x10, 0xDB, 0x01, 0x00, 0xD1, 0x1C, 0x00, 0x00, 0x10, 0x6F, 0x00, 0xC2,
    0x3E, 0x00, 0x00, 0x40, 0xCF, 0x01, 0x00, 0x10, 0x6F, 0x81, 0xDF, 0x03, 0x00, 0x00, 0x00, 0xF6,
    0x1D, 0x00, 0x20, 0x6F, 0xB2, 0x1B, 0x00, 0x00, 0x00, 0x00, 0x60, 0x03,
    // Unicode: [0x4EF9]
    0x00, 0x00, 0x33, 0x00, 0x00, 0x10, 0x47, 0x00, 0x00, 0x00, 0x00, 0x00, 0xEA, 0x03, 0x00, 0x10,
    0x6F, 0x00, 0x00, 0x00, 0x00, 0x10, 0x7E, 0x00, 0x00, 0x00, 0x5F, 0x00, 0x00, 0x00, 0x00, 0x60,
    0x0E, 0x44, 0x33, 0x32, 0x6F, 0x32, 0x33, 0x04, 0x00, 0xD0, 0x07, 0xFC, 0xEF, 0xEE, 0xEF, 0xEE,
    0xFE, 0x0F, 0x00, 0xF5, 0x04, 0x01, 0x00, 0x00, 0x5F, 0x00, 0x00, 0x01, 0x00, 0xFC, 0x04, 0x00,
    0x00, 0x00, 0x5F, 0x00, 0x00, 0x00, 0x60, 0xFF, 0x04, 0x00, 0x00, 0x00, 0x5F, 0x00, 0x00, 0x00,
    0xE2, 0xF8, 0x04, 0x50, 0x44, 0x33, 0x7F, 0x33, 0x54, 0x01, 0xDC, 0xF1, 0x04, 0xE0, 0xEE, 0xDD,
    0xEF, 0xDD, 0xFE, 0x03, 0x35, 0xF1, 0x04, 0x00, 0x00, 0x00, 0x5F, 0x00, 0x00, 0x00, 0x00, 0xF1,
    0x04, 0x00, 0x00, 0x00, 0x5F, 0x00, 0x00, 0x00, 0x00, 0xF1, 0x04, 0x00, 0x00, 0x00, 0x5F, 0x00,
    0x00, 0x00, 0x00, 0xF1, 0x34, 0x45, 0x44, 0x33, 0x7F, 0x33, 0x44, 0x55, 0x00, 0xF1, 0x94, 0xEF,
    0xDE, 0xDD, 0xEF, 0xDD, 0xED, 0xDE, 0x00, 0xF1, 0x04, 0x00, 0x00, 0x00, 0x5F, 0x00, 0x00, 0x00,
    0x00, 0xF1, 0x04, 0x00, 0x00, 0x00, 0x5F, 0x00, 0x00, 0x00, 0x00, 0xF2, 0x04, 0x00, 0x00, 0x10,
    0x5F, 0x00, 0x00, 0x00, 0x00, 0xF3, 0x04, 0x00, 0x00, 0x10, 0x5F, 0x00, 0x00, 0x00, 0x00, 0xF4,
    0x04, 0x00, 0x00, 0x20, 0x6F, 0x00, 0x00, 0x00, 0x00, 0x20, 0x00, 0x00, 0x00, 0x00, 0x00, 0x00,
    0x00, 0x00,
    // Unicode: [0x4EFA]
    0x00, 0x00, 0x00, 0x00, 0x10, 0x16, 0x00, 0x00, 0x00, 0x00, 0x00, 0x00, 0x00, 0x00, 0x80, 0x5E,
    0x00, 0x00, 0x00, 0x00, 0x00, 0x00, 0x00, 0x00, 0xF3, 0x2D, 0x00, 0x00, 0x00, 0x00, 0x00, 0x00,
    0x00, 0x20, 0x7D, 0xD3, 0x03, 0x00, 0x00, 0x00, 0x00, 0x00, 0x00, 0xD2, 0x0A, 0x40, 0x5D, 0x00,
    0x00, 0x00, 0x00, 0x00, 0x40, 0x8E, 0x00, 0x00, 0xD3, 0x19, 0x00, 0x00, 0x00, 0x20, 0xEA, 0x06,
    0x00, 0x00, 0x10, 0xEB, 0x18, 0x00, 0x20, 0xF9, 0x2C, 0x00, 0x00, 0x00, 0x00, 0x60, 0xFE, 0x6B,
    0xF4, 0x7E, 0x02, 0x00, 0x00, 0x00, 0x00, 0x00, 0x92, 0x8E, 0x50, 0x51, 0xFF, 0xEF, 0xEE, 0xEE,
    0xEE, 0xFF, 0xAF, 0x11, 0x00, 0x50, 0x1E, 0x11, 0x11, 0x11, 0x11, 0x22, 0x23, 0x00, 0x00, 0x50,
    0x0E, 0x00, 0x00, 0x00, 0x00, 0x00, 0x00, 0x00, 0x00, 0x50, 0x0E, 0x00, 0x00, 0x00, 0x00, 0x00,
    0x00, 0x00, 0x00, 0x50, 0x3E, 0x33, 0x33, 0x44, 0x44, 0x54, 0x15, 0x00, 0x00, 0x50, 0xAF, 0xAA,
    0xBA, 0xBB, 0xBB, 0xCC, 0x3C, 0x00, 0x00, 0x50, 0x0E, 0x00, 0x00, 0x00, 0x00, 0x00, 0x00, 0x00,
    0x00, 0x50, 0x0E, 0x00, 0x00, 0x00, 0x00, 0x00, 0x00, 0x00, 0x00, 0x50, 0x0E, 0x00, 0x00, 0x00,
    0x00, 0x00, 0x11, 0x00, 0x00, 0x50, 0xEF, 0xEE, 0xEE, 0xFE, 0xFF, 0xFF, 0xEF, 0x00, 0x00, 0x00,
    0x11, 0x11, 0x11, 0x11, 0x11, 0x11, 0x21, 0x00,
    // Unicode: [0x4EFB]
    0x00, 0x00, 0x30, 0x03, 0x00, 0x00, 0x00, 0x00, 0x00, 0x00, 0x00, 0x00, 0x00, 0xA0, 0x4F, 0x00,
    0x00, 0x00, 0x00, 0x10, 0x00, 0x00, 0x00, 0x00, 0xE1, 0x08, 0x00, 0x00, 0x21, 0x85, 0xFB, 0x03,
    0x00, 0x00, 0x00, 0xE7, 0x01, 0xEB, 0xFE, 0xFF, 0xCE, 0x79, 0x06, 0x00, 0x00, 0x10, 0x7E, 0x00,
    0x54, 0x34, 0xF4, 0x03, 0x00, 0x00, 0x00, 0x00, 0x80, 0x1E, 0x00, 0x00, 0x00, 0xF3, 0x03, 0x00,
    0x00, 0x00, 0x00, 0xF3, 0x0E, 0x00, 0x00, 0x00, 0xF3, 0x03, 0x00, 0x00, 0x00, 0x10, 0xFC, 0x0E,
    0x00, 0x00, 0x00, 0xF3, 0x03, 0x00, 0x00, 0x00, 0xA0, 0x9E, 0x0E, 0x00, 0x00, 0x00, 0xF3, 0x03,
    0x00, 0x00, 0x00, 0xF9, 0x75, 0x0E, 0x61, 0x45, 0x44, 0xF6, 0x46, 0x44, 0x65, 0x01, 0x75, 0x70,
    0x0E, 0xF2, 0xEE, 0xDD, 0xFD, 0xDD, 0xED, 0xFE, 0x02, 0x00, 0x70, 0x0E, 0x00, 0x00, 0x00, 0xF3,
    0x03, 0x00, 0x00, 0x00, 0x00, 0x70, 0x0E, 0x00, 0x00, 0x00, 0xF3, 0x03, 0x00, 0x00, 0x00, 0x00,
    0x70, 0x0E, 0x00, 0x00, 0x00, 0xF3, 0x03, 0x00, 0x00, 0x00, 0x00, 0x70, 0x0E, 0x00, 0x00, 0x00,
    0xF3, 0x03, 0x00, 0x00, 0x00, 0x00, 0x70, 0x0E, 0x00, 0x00, 0x00, 0xF3, 0x03, 0x00, 0x00, 0x00,
    0x00, 0x80, 0x0E, 0x00, 0x00, 0x00, 0xF3, 0x03, 0x00, 0x00, 0x00, 0x00, 0x80, 0x0E, 0x30, 0x55,
    0x44, 0xF6, 0x46, 0x54, 0x55, 0x00, 0x00, 0x90, 0x0E, 0x80, 0xEE, 0xDD, 0xDD, 0xDD, 0xED, 0xBE,
    0x00, 0x00, 0xA0, 0x0E, 0x00, 0x00, 0x00, 0x00, 0x00, 0x00, 0x00, 0x00,
    // Unicode: [0x4EFC]
    0x00, 0x00, 0x50, 0x03, 0x00, 0x00, 0x00, 0x00, 0x00, 0x00, 0x00, 0x00, 0x00, 0xE0, 0x1D, 0x00,
    0x00, 0x00, 0x00, 0x00, 0x00, 0x00, 0x00, 0x00, 0xF5, 0x33, 0x67, 0x56, 0x55, 0x55, 0x65, 0x76,
    0x01, 0x00, 0x00, 0xAC, 0x60, 0xDD, 0xCC, 0xFC, 0xCD, 0xCC, 0xDD, 0x02, 0x00, 0x40, 0x4F, 0x00,
    0x00, 0x00, 0xF1, 0x06, 0x00, 0x00, 0x00, 0x00, 0xD0, 0x3F, 0x00, 0x00, 0x00, 0xF1, 0x06, 0x00,
    0x00, 0x00, 0x00, 0xF7, 0x3F, 0x00, 0x00, 0x00, 0xF1, 0x06, 0x00, 0x00, 0x00, 0x40, 0xBF, 0x3F,
    0x00, 0x00, 0x00, 0xF1, 0x06, 0x00, 0x00, 0x00, 0xE2, 0x3D, 0x3F, 0x00, 0x00, 0x00, 0xF1, 0x06,
    0x00, 0x00, 0x00, 0x50, 0x33, 0x3F, 0x00, 0xDC, 0xCC, 0xFC, 0xCD, 0xCC, 0x5D, 0x00, 0x00, 0x30,
    0x3F, 0x00, 0x66, 0x55, 0xF5, 0x59, 0x55, 0x36, 0x00, 0x00, 0x30, 0x3F, 0x00, 0x00, 0x00, 0xF1,
    0x06, 0x00, 0x00, 0x00, 0x00, 0x30, 0x3F, 0x00, 0x00, 0x00, 0xF1, 0x06, 0x00, 0x00, 0x00, 0x00,
    0x30, 0x3F, 0x00, 0x00, 0x00, 0xF1, 0x06, 0x00, 0x00, 0x00, 0x00, 0x30, 0x3F, 0x00, 0x00, 0x00,
    0xF1, 0x06, 0x00, 0x00, 0x00, 0x00, 0x30, 0x3F, 0x00, 0x00, 0x00, 0xF1, 0x06, 0x00, 0x00, 0x00,
    0x00, 0x40, 0x3F, 0x00, 0x00, 0x00, 0xF1, 0x06, 0x00, 0x00, 0x00, 0x00, 0x40, 0x3F, 0x53, 0x45,
    0x44, 0xF4, 0x48, 0x44, 0x54, 0x04, 0x00, 0x50, 0x3F, 0xE7, 0xDE, 0xDD, 0xDD, 0xDD, 0xDD, 0xEE,
    0x0A, 0x00, 0x60, 0x3F, 0x00, 0x00, 0x00, 0x00, 0x00, 0x00, 0x00, 0x00,
    // Unicode: [0x4EFD]
    0x00, 0x00, 0x30, 0x04, 0x00, 0x00, 0x00, 0x00, 0x00, 0x00, 0x00, 0x00, 0x00, 0xA0, 0x5F, 0x00,
    0x60, 0x03, 0xC0, 0x06, 0x00, 0x00, 0x00, 0x00, 0xE1, 0x08, 0x00, 0xF0, 0x1B, 0x90, 0x0A, 0x00,
    0x00, 0x00, 0x00, 0xE7, 0x01, 0x00, 0xF4, 0x02, 0x50, 0x0E, 0x00, 0x00, 0x00, 0x10, 0x8E, 0x00,
    0x00, 0xB9, 0x00, 0x10, 0x6E, 0x00, 0x00, 0x00, 0x80, 0x6F, 0x00, 0x20, 0x4F, 0x00, 0x00, 0xD8,
    0x00, 0x00, 0x00, 0xF2, 0x6F, 0x00, 0x90, 0x0C, 0x00, 0x00, 0xE1, 0x07, 0x00, 0x00, 0xDB, 0x6E,
    0x00, 0xF4, 0x03, 0x00, 0x00, 0x50, 0x4F, 0x00, 0x80, 0x3F, 0x6E, 0x20, 0x9E, 0x00, 0x00, 0x00,
    0x00, 0xFA, 0x05, 0xB1, 0x08, 0x6E, 0xD2, 0xCD, 0xDE, 0xDD, 0xDD, 0xED, 0xB8, 0x3F, 0x00, 0x00,
    0x6E, 0xC4, 0x32, 0x93, 0x3C, 0x33, 0xE3, 0x16, 0x06, 0x00, 0x00, 0x6E, 0x00, 0x00, 0x80, 0x0B,
    0x00, 0xF0, 0x05, 0x00, 0x00, 0x00, 0x6E, 0x00, 0x00, 0xA0, 0x09, 0x00, 0xF0, 0x05, 0x00, 0x00,
    0x00, 0x6E, 0x00, 0x00, 0xC0, 0x07, 0x00, 0xF1, 0x04, 0x00, 0x00, 0x00, 0x6E, 0x00, 0x00, 0xF1,
    0x04, 0x00, 0xF1, 0x03, 0x00, 0x00, 0x00, 0x6E, 0x00, 0x00, 0xD8, 0x00, 0x00, 0xF2, 0x03, 0x00,
    0x00, 0x00, 0x6E, 0x00, 0x60, 0x5F, 0x00, 0x00, 0xF3, 0x02, 0x00, 0x00, 0x00, 0x6F, 0x20, 0xF9,
    0x09, 0x30, 0x44, 0xEB, 0x00, 0x00, 0x00, 0x00, 0x6F, 0xE3, 0x7F, 0x00, 0x20, 0xFF, 0x4D, 0x00,
    0x00, 0x00, 0x20, 0x6F, 0x40, 0x03, 0x00, 0x00, 0x24, 0x00, 0x00, 0x00,
    // Unicode: [0x4EFE]
    0x00, 0x00, 0x84, 0x03, 0x00, 0x00, 0x00, 0x00, 0x00, 0x00, 0x00, 0x00, 0x00, 0xF9, 0x02, 0x00,
    0x00, 0x00, 0x00, 0x00, 0x00, 0x00, 0x00, 0x00, 0x9D, 0xE2, 0xDE, 0xDD, 0xCC, 0xDC, 0xDD, 0xED,
    0x07, 0x00, 0x30, 0x3F, 0x61, 0x45, 0xD8, 0x44, 0x44, 0x44, 0x55, 0x03, 0x00, 0x90, 0x0E, 0x00,
    0x00, 0x99, 0x00, 0x00, 0x00, 0x00, 0x00, 0x00, 0xF1, 0x0E, 0x00, 0x00, 0x6C, 0x00, 0x00, 0x00,
    0x00, 0x00, 0x00, 0xF9, 0x0E, 0x00, 0x10, 0x5F, 0x11, 0x11, 0x21, 0x01, 0x00, 0x30, 0xCF, 0x0E,
    0x00, 0x40, 0xEF, 0xEE, 0xEE, 0xFE, 0x03, 0x00, 0xC0, 0x6D, 0x0E, 0x00, 0x70, 0x0C, 0x00, 0x00,
    0xF4, 0x01, 0x00, 0xC2, 0x54, 0x0E, 0x00, 0xA0, 0x08, 0x00, 0x00, 0xD6, 0x00, 0x00, 0x00, 0x50,
    0x0E, 0x00, 0xE0, 0x05, 0x00, 0x00, 0xC7, 0x00, 0x00, 0x00, 0x50, 0x0E, 0x00, 0xF2, 0x01, 0x00,
    0x00, 0xA9, 0x00, 0x00, 0x00, 0x50, 0x0E, 0x00, 0xD6, 0x00, 0x00, 0x00, 0x8B, 0x00, 0x00, 0x00,
    0x50, 0x0E, 0x00, 0xF9, 0xEE, 0xEE, 0xEE, 0x6F, 0x00, 0x00, 0x00, 0x50, 0x0E, 0x00, 0x22, 0x12,
    0x11, 0x11, 0x5F, 0x00, 0x00, 0x00, 0x50, 0x0E, 0x00, 0x00, 0x00, 0x00, 0x10, 0x3F, 0x00, 0x00,
    0x00, 0x60, 0x0E, 0x00, 0x00, 0x00, 0x00, 0x30, 0x1F, 0x00, 0x00, 0x00, 0x60, 0x0E, 0x45, 0x33,
    0x33, 0x33, 0x73, 0x3F, 0x43, 0x15, 0x00, 0x70, 0x0E, 0xFE, 0xEE, 0xEE, 0xEE, 0xEE, 0xEE, 0xFE,
    0x3F, 0x00, 0x80, 0x0E, 0x00, 0x00, 0x00, 0x00, 0x00, 0x00, 0x00, 0x00,
    // Unicode: [0x4EFF]
    0x00, 0x00, 0x50, 0x00, 0x00, 0x40, 0x01, 0x00, 0x00, 0x00, 0x00, 0x00, 0xF5, 0x08, 0x00, 0xF2,
    0x09, 0x00, 0x00, 0x00, 0x00, 0x00, 0xCA, 0x00, 0x00, 0x60, 0x3F, 0x00, 0x00, 0x00, 0x00, 0x20,
    0x4F, 0x00, 0x00, 0x00, 0xAC, 0x00, 0x00, 0x00, 0x00, 0x90, 0x0E, 0xFE, 0xEE, 0xDE, 0xFE, 0xED,
    0xEE, 0xEF, 0x00, 0xF3, 0x0E, 0x44, 0x34, 0x7E, 0x33, 0x33, 0x43, 0x44, 0x00, 0xFD, 0x0E, 0x00,
    0x00, 0x6E, 0x00, 0x00, 0x00, 0x00, 0x90, 0x8E, 0x0E, 0x00, 0x00, 0x6E, 0x00, 0x00, 0x00, 0x00,
    0xF7, 0x65, 0x0E, 0x00, 0x00, 0x6E, 0x00, 0x00, 0x10, 0x00, 0xA8, 0x60, 0x0E, 0x00, 0x00, 0xFE,
    0xEE, 0xEE, 0xFF, 0x01, 0x00, 0x60, 0x0E, 0x00, 0x00, 0x6E, 0x22, 0x22, 0xF6, 0x00, 0x00, 0x60,
    0x0E, 0x00, 0x00, 0x5F, 0x00, 0x00, 0xD7, 0x00, 0x00, 0x60, 0x0E, 0x00, 0x10, 0x3F, 0x00, 0x00,
    0xC8, 0x00, 0x00, 0x60, 0x0E, 0x00, 0x30, 0x1F, 0x00, 0x00, 0xB9, 0x00, 0x00, 0x60, 0x0E, 0x00,
    0x70, 0x0D, 0x00, 0x00, 0x9A, 0x00, 0x00, 0x60, 0x0E, 0x00, 0xC0, 0x08, 0x00, 0x00, 0x8C, 0x00,
    0x00, 0x60, 0x0E, 0x00, 0xF4, 0x02, 0x00, 0x00, 0x7D, 0x00, 0x00, 0x70, 0x0E, 0x10, 0x8D, 0x00,
    0x00, 0x10, 0x5F, 0x00, 0x00, 0x80, 0x0E, 0xB1, 0x0C, 0x00, 0x85, 0xC8, 0x2F, 0x00, 0x00, 0x90,
    0x0E, 0xC8, 0x01, 0x00, 0xF4, 0xBE, 0x04, 0x00,
    // Unicode: [0x4F00]
    0x00, 0x00, 0xA5, 0x04, 0x00, 0x00, 0x00, 0x12, 0x00, 0x00, 0x00, 0x00, 0xEA, 0x02, 0x20, 0x9E,
    0x00, 0x6C, 0x00, 0x00, 0x00, 0x10, 0x6E, 0x00, 0x50, 0x3F, 0x00, 0x89, 0x00, 0x00, 0x00, 0x60,
    0x0D, 0x00, 0x90, 0x0B, 0x00, 0xC6, 0x00, 0x00, 0x00, 0xD0, 0x07, 0x00, 0xE0, 0x06, 0x00, 0xF2,
    0x02, 0x00, 0x00, 0xF6, 0x06, 0x00, 0xE5, 0x01, 0x00, 0xC0, 0x07, 0x00, 0x10, 0xFE, 0x06, 0x00,
    0x9B, 0x00, 0x00, 0x60, 0x1E, 0x00, 0xA0, 0xED, 0x06, 0x50, 0x2F, 0x00, 0x00, 0x00, 0x9D, 0x00,
    0xF6, 0xD4, 0x06, 0xD1, 0x09, 0x50, 0x14, 0x00, 0xF5, 0x06, 0x9B, 0xD0, 0x06, 0xEB, 0x01, 0xC0,
    0x4F, 0x00, 0x90, 0x7F, 0x10, 0xD0, 0x16, 0x56, 0x00, 0xF1, 0x08, 0x00, 0x10, 0x3B, 0x00, 0xD0,
    0x06, 0x00, 0x00, 0xE6, 0x01, 0x00, 0x00, 0x00, 0x00, 0xD0, 0x06, 0x00, 0x00, 0x8D, 0x00, 0x00,
    0x00, 0x00, 0x00, 0xD0, 0x06, 0x00, 0x50, 0x1E, 0x00, 0x18, 0x00, 0x00, 0x00, 0xD0, 0x06, 0x00,
    0xC0, 0x08, 0x00, 0xAB, 0x00, 0x00, 0x00, 0xE0, 0x06, 0x00, 0xE5, 0x01, 0x00, 0xE1, 0x06, 0x00,
    0x00, 0xE0, 0x06, 0x20, 0x7E, 0x00, 0x10, 0x72, 0x2E, 0x00, 0x00, 0xF0, 0x06, 0xE1, 0xDF, 0xED,
    0xFF, 0xEF, 0xBE, 0x00, 0x00, 0xF1, 0x06, 0x90, 0x8A, 0x46, 0x23, 0x00, 0xF4, 0x05, 0x00, 0xF1,
    0x06, 0x00, 0x00, 0x00, 0x00, 0x00, 0x60, 0x01,
    // Unicode: [0x4F01]
    0x00, 0x00, 0x00, 0x00, 0x60, 0x29, 0x00, 0x00, 0x00, 0x00, 0x00, 0x00, 0x00, 0x00, 0xC0, 0x1C,
    0x00, 0x00, 0x00, 0x00, 0x00, 0x00, 0x00, 0x00, 0xF6, 0x3E, 0x00, 0x00, 0x00, 0x00, 0x00, 0x00,
    0x00, 0x40, 0x6F, 0xE7, 0x03, 0x00, 0x00, 0x00, 0x00, 0x00, 0x00, 0xE3, 0x09, 0x70, 0x5E, 0x00,
    0x00, 0x00, 0x00, 0x00, 0x50, 0x9E, 0x00, 0x00, 0xF6, 0x19, 0x00, 0x00, 0x00, 0x00, 0xF8, 0x09,
    0x10, 0x24, 0x30, 0xDD, 0x05, 0x00, 0x00, 0xD5, 0x6E, 0x00, 0x10, 0xCF, 0x00, 0x91, 0xBF, 0x04,
    0xD7, 0xCF, 0x03, 0x00, 0x00, 0x7F, 0x00, 0x00, 0xD5, 0xBF, 0xD2, 0x06, 0xC3, 0x07, 0x00, 0x6F,
    0x00, 0x00, 0x00, 0x36, 0x00, 0x00, 0xF2, 0x04, 0x00, 0x6F, 0x00, 0x00, 0x00, 0x00, 0x00, 0x00,
    0xF2, 0x04, 0x00, 0xEF, 0xED, 0xFE, 0x05, 0x00, 0x00, 0x00, 0xF2, 0x04, 0x00, 0x8F, 0x44, 0x65,
    0x02, 0x00, 0x00, 0x00, 0xF2, 0x04, 0x00, 0x6F, 0x00, 0x00, 0x00, 0x00, 0x00, 0x00, 0xF2, 0x04,
    0x00, 0x6F, 0x00, 0x00, 0x00, 0x00, 0x00, 0x00, 0xF2, 0x04, 0x00, 0x6F, 0x00, 0x00, 0x00, 0x00,
    0x00, 0x00, 0xF2, 0x04, 0x00, 0x6F, 0x00, 0x00, 0x00, 0x00, 0x20, 0x11, 0xF2, 0x04, 0x00, 0x6F,
    0x00, 0x00, 0x11, 0x12, 0xF1, 0xFF, 0xFF, 0xFF, 0xFF, 0xFF, 0xFF, 0xFF, 0xFF, 0x7F, 0x50, 0x44,
    0x33, 0x33, 0x33, 0x33, 0x33, 0x33, 0x43, 0x34,
    // Unicode: [0x4F02]
    0x00, 0x00, 0x30, 0x02, 0x00, 0x00, 0x71, 0x05, 0x00, 0x00, 0x00, 0x00, 0x00, 0xB0, 0x2E, 0x00,
    0x00, 0xF0, 0x08, 0x00, 0x00, 0x00, 0x00, 0x00, 0xF2, 0x05, 0x00, 0x00, 0xE0, 0x07, 0x00, 0x00,
    0x00, 0x00, 0x00, 0xC8, 0x50, 0x45, 0x34, 0xE3, 0x39, 0x43, 0x54, 0x03, 0x00, 0x20, 0x6F, 0xC0,
    0xFF, 0xEF, 0xFE, 0xEF, 0xFE, 0xFF, 0x08, 0x00, 0xA0, 0x6F, 0x10, 0x01, 0x00, 0xE0, 0x07, 0x00,
    0x10, 0x01, 0x00, 0xF5, 0x6F, 0x00, 0x00, 0x00, 0xE0, 0x07, 0x00, 0x00, 0x00, 0x30, 0x9E, 0x6F,
    0x00, 0x45, 0x33, 0xE2, 0x28, 0x33, 0x25, 0x00, 0xE2, 0x1E, 0x6F, 0x00, 0xFF, 0xFF, 0xFF, 0xFF,
    0xFF, 0x4F, 0x00, 0x50, 0x05, 0x6F, 0x00, 0x6E, 0x00, 0xE0, 0x07, 0x10, 0x4F, 0x00, 0x00, 0x00,
    0x6F, 0x00, 0x6E, 0x00, 0xE0, 0x07, 0x10, 0x4F, 0x00, 0x00, 0x00, 0x6F, 0x00, 0x6E, 0x00, 0xE0,
    0x07, 0x10, 0x4F, 0x00, 0x00, 0x00, 0x6F, 0x00, 0x6E, 0x00, 0xE0, 0x07, 0x10, 0x4F, 0x00, 0x00,
    0x00, 0x6F, 0x00, 0x6E, 0x00, 0xE0, 0x07, 0x10, 0x4F, 0x00, 0x00, 0x00, 0x6F, 0x00, 0x6E, 0x00,
    0xE0, 0x07, 0x20, 0x4F, 0x00, 0x00, 0x00, 0x6F, 0x00, 0x6F, 0x00, 0xE0, 0x57, 0x97, 0x3F, 0x00,
    0x00, 0x00, 0x6F, 0x00, 0x6F, 0x00, 0xE0, 0x57, 0xFF, 0x0A, 0x00, 0x00, 0x10, 0x6F, 0x00, 0x13,
    0x00, 0xF0, 0x08, 0x01, 0x00, 0x00, 0x00, 0x20, 0x6F, 0x00, 0x00, 0x00, 0xF1, 0x08, 0x00, 0x00,
    0x00, 0x00, 0x30, 0x6F, 0x00, 0x00, 0x00, 0xF2, 0x0A, 0x00, 0x00, 0x00,
    // Unicode: [0x4F03]
    0x00, 0x00, 0x20, 0x02, 0x00, 0x00, 0x00, 0x00, 0x00, 0x00, 0x00, 0x00, 0x00, 0x80, 0x4F, 0x33,
    0x23, 0x22, 0x22, 0x32, 0x04, 0x00, 0x00, 0x00, 0xD0, 0x09, 0xFA, 0xFF, 0xFF, 0xFF, 0xFF, 0x07,
    0x00, 0x00, 0x00, 0xF5, 0x02, 0x22, 0x11, 0x11, 0x41, 0x7E, 0x00, 0x00, 0x00, 0x00, 0xAD, 0x00,
    0x00, 0x12, 0x00, 0xE3, 0x08, 0x00, 0x00, 0x00, 0x60, 0x5F, 0x00, 0x00, 0xE9, 0x35, 0x9E, 0x00,
    0x00, 0x00, 0x00, 0xE1, 0x5F, 0x00, 0x00, 0x50, 0xFE, 0x0A, 0x00, 0x00, 0x00, 0x00, 0xEA, 0x5F,
    0x00, 0x00, 0x00, 0xB1, 0x5E, 0x00, 0x00, 0x00, 0x70, 0x6F, 0x5F, 0x32, 0x23, 0x22, 0x21, 0x6B,
    0x22, 0x43, 0x01, 0xE1, 0x0A, 0x5F, 0xF8, 0xFF, 0xFF, 0xFF, 0xFF, 0xFF, 0xFF, 0x01, 0x20, 0x01,
    0x5F, 0x21, 0x01, 0x00, 0xE0, 0x08, 0x00, 0xB8, 0x00, 0x00, 0x00, 0x5F, 0x00, 0x00, 0x00, 0xE0,
    0x08, 0x00, 0x6E, 0x00, 0x00, 0x00, 0x5F, 0x00, 0x00, 0x00, 0xE0, 0x08, 0x40, 0x2F, 0x00, 0x00,
    0x00, 0x5F, 0x00, 0x00, 0x00, 0xE0, 0x08, 0x00, 0x01, 0x00, 0x00, 0x00, 0x5F, 0x00, 0x00, 0x00,
    0xE0, 0x08, 0x00, 0x00, 0x00, 0x00, 0x00, 0x5F, 0x00, 0x00, 0x00, 0xE0, 0x08, 0x00, 0x00, 0x00,
    0x00, 0x10, 0x5F, 0x00, 0x00, 0x00, 0xE0, 0x08, 0x00, 0x00, 0x00, 0x00, 0x20, 0x5F, 0x00, 0x00,
    0x00, 0xE0, 0x08, 0x00, 0x00, 0x00, 0x00, 0x20, 0x5F, 0x00, 0x00, 0x95, 0xFB, 0x07, 0x00, 0x00,
    0x00, 0x00, 0x30, 0x5F, 0x00, 0x00, 0xE1, 0x9D, 0x01, 0x00, 0x00, 0x00,
    // Unicode: [0x4F04]
    0x00, 0x00, 0x30, 0x02, 0x00, 0x00, 0x00, 0x00, 0x00, 0x00, 0x00, 0x00, 0x00, 0xA0, 0x3E, 0x01,
    0x00, 0x00, 0x00, 0x00, 0x01, 0x00, 0x00, 0x00, 0xE1, 0x77, 0xFF, 0xEF, 0xEE, 0xEE, 0xFF, 0x6F,
    0x00, 0x00, 0x00, 0xE7, 0x21, 0x45, 0x33, 0xE3, 0x38, 0x33, 0x5E, 0x00, 0x00, 0x10, 0x8E, 0x00,
    0x00, 0x00, 0xE0, 0x06, 0x00, 0x5E, 0x00, 0x00, 0x70, 0x4F, 0x00, 0x00, 0x00, 0xE0, 0x06, 0x00,
    0x5E, 0x00, 0x00, 0xE2, 0x4F, 0x00, 0x56, 0x44, 0xE4, 0x48, 0x44, 0x5E, 0x00, 0x00, 0xFA, 0x4F,
    0x00, 0xDF, 0xDD, 0xFD, 0xDE, 0xED, 0x6E, 0x00, 0x70, 0x7F, 0x4F, 0x00, 0x4F, 0x00, 0xE0, 0x06,
    0x00, 0x00, 0x00, 0xE2, 0x19, 0x4F, 0x00, 0x3F, 0x00, 0xE0, 0x06, 0x00, 0x00, 0x00, 0x30, 0x10,
    0x4F, 0x20, 0x3F, 0x00, 0xE0, 0x06, 0x00, 0x00, 0x00, 0x00, 0x10, 0x4F, 0x40, 0xDF, 0xDD, 0xFD,
    0xDE, 0xDD, 0xEE, 0x07, 0x00, 0x10, 0x4F, 0x20, 0x55, 0x45, 0xE4, 0x48, 0x44, 0xF4, 0x05, 0x00,
    0x10, 0x4F, 0x00, 0x00, 0x00, 0xE0, 0x06, 0x00, 0xF1, 0x04, 0x00, 0x10, 0x4F, 0x00, 0x00, 0x00,
    0xE0, 0x06, 0x00, 0xF2, 0x03, 0x00, 0x10, 0x4F, 0x00, 0x00, 0x00, 0xE0, 0x06, 0x00, 0xF5, 0x01,
    0x00, 0x20, 0x4F, 0x00, 0x00, 0x00, 0xE0, 0x06, 0xEA, 0xAF, 0x00, 0x00, 0x30, 0x4F, 0x00, 0x00,
    0x00, 0xE0, 0x06, 0x84, 0x04, 0x00, 0x00, 0x40, 0x4F, 0x00, 0x00, 0x00, 0xF0, 0x06, 0x00, 0x00,
    0x00, 0x00, 0x50, 0x4F, 0x00, 0x00, 0x00, 0xF1, 0x08, 0x00, 0x00, 0x00, 0x00, 0x00, 0x00, 0x00,
    0x00, 0x00, 0x10, 0x00, 0x00, 0x00, 0x00,
    // Unicode: [0x4F05]
    0x00, 0x00, 0x70, 0x03, 0x00, 0x00, 0x53, 0x02, 0x00, 0x00, 0x00, 0x00, 0x00, 0xF5, 0x0B, 0x00,
    0x00, 0xF7, 0x03, 0x00, 0x00, 0x00, 0x00, 0x00, 0xE9, 0x01, 0x00, 0x00, 0xE6, 0x00, 0x00, 0x00,
    0x00, 0x00, 0x10, 0x6E, 0x00, 0x00, 0x00, 0xE6, 0x00, 0x00, 0x00, 0x00, 0x00, 0x70, 0x0F, 0xB0,
    0xEE, 0xDD, 0xFD, 0xDC, 0xDD, 0x7E, 0x00, 0x00, 0xE1, 0x0F, 0x40, 0x45, 0x34, 0xE8, 0x33, 0x44,
    0x35, 0x00, 0x00, 0xF9, 0x0F, 0x00, 0x00, 0x00, 0xE6, 0x00, 0x00, 0x00, 0x00, 0x40, 0xAF, 0x0F,
    0x50, 0x3F, 0x00, 0xE6, 0x00, 0xE0, 0x0B, 0x00, 0xD1, 0x5C, 0x0F, 0x40, 0x0F, 0x00, 0xE6, 0x00,
    0xE0, 0x07, 0x00, 0x60, 0x53, 0x0F, 0x40, 0x0F, 0x00, 0xE6, 0x00, 0xE0, 0x07, 0x00, 0x00, 0x50,
    0x0F, 0x40, 0x0F, 0x00, 0xE6, 0x00, 0xE0, 0x07, 0x00, 0x00, 0x50, 0x0F, 0x40, 0x0F, 0x00, 0xE6,
    0x00, 0xE0, 0x07, 0x00, 0x00, 0x50, 0x0F, 0x40, 0x9F, 0xBA, 0xFD, 0xDD, 0xFE, 0x07, 0x00, 0x00,
    0x50, 0x0F, 0x40, 0x8A, 0x67, 0xE9, 0x23, 0xE1, 0x07, 0x00, 0x00, 0x50, 0x0F, 0x00, 0x00, 0x00,
    0xE6, 0x00, 0x30, 0x02, 0x00, 0x00, 0x50, 0x0F, 0x00, 0x00, 0x00, 0xE6, 0x00, 0x00, 0x00, 0x00,
    0x00, 0x50, 0x0F, 0x00, 0x00, 0x00, 0xE6, 0x00, 0x00, 0x10, 0x09, 0x00, 0x60, 0x0F, 0x00, 0x00,
    0x00, 0xE6, 0x00, 0x00, 0x50, 0x4F, 0x00, 0x70, 0x0F, 0x00, 0x00, 0x00, 0xF5, 0x49, 0x43, 0xD6,
    0x0C, 0x00, 0x80, 0x0F, 0x00, 0x00, 0x00, 0x90, 0xED, 0xFF, 0xAE, 0x02,
    // Unicode: [0x4F06]
    0x00, 0x00, 0x50, 0x01, 0x00, 0x03, 0x00, 0x00, 0x00, 0x00, 0x00, 0x00, 0x00, 0xF1, 0x1D, 0x00,
    0xCE, 0x01, 0x00, 0x00, 0x00, 0x00, 0x00, 0x00, 0xF6, 0x02, 0x40, 0x2F, 0x00, 0x00, 0x00, 0x00,
    0x00, 0x00, 0x00, 0x9C, 0x00, 0xC0, 0x5B, 0x55, 0x55, 0x55, 0x65, 0x02, 0x00, 0x40, 0x6F, 0x00,
    0xF5, 0xCC, 0xEE, 0xDC, 0xCE, 0xFD, 0x02, 0x00, 0xC0, 0x6F, 0x10, 0x7E, 0x00, 0x6D, 0x60, 0x0B,
    0xF5, 0x01, 0x00, 0xF5, 0x6F, 0xC1, 0x0C, 0x20, 0x1F, 0x80, 0x08, 0xF6, 0x00, 0x20, 0x8E, 0x6E,
    0xD4, 0x03, 0x70, 0x0B, 0xB0, 0x06, 0xE6, 0x00, 0xC1, 0x0D, 0x6E, 0x00, 0x00, 0xE1, 0x06, 0xE0,
    0x03, 0xD6, 0x00, 0x81, 0x03, 0x6E, 0x00, 0x00, 0xE7, 0x00, 0xE3, 0x00, 0xC7, 0x00, 0x00, 0x00,
    0x6E, 0x00, 0x30, 0x6F, 0x00, 0xB8, 0x00, 0xB8, 0x00, 0x00, 0x00, 0x6E, 0x00, 0xD2, 0x0B, 0x00,
    0x6E, 0x00, 0xB9, 0x00, 0x00, 0x00, 0x6E, 0x30, 0xED, 0x02, 0x60, 0x1E, 0x00, 0xAA, 0x00, 0x00,
    0x00, 0x6E, 0xB1, 0x3E, 0x00, 0xD1, 0x09, 0x00, 0x8C, 0x00, 0x00, 0x00, 0x6E, 0x00, 0x02, 0x00,
    0xDA, 0x01, 0x00, 0x7D, 0x00, 0x00, 0x00, 0x6E, 0x00, 0x00, 0x90, 0x4F, 0x00, 0x10, 0x6F, 0x00,
    0x00, 0x00, 0x6F, 0x00, 0x10, 0xFA, 0x05, 0x00, 0x40, 0x4F, 0x00, 0x00, 0x00, 0x6F, 0x00, 0xD3,
    0x5F, 0x00, 0x00, 0xA0, 0x1F, 0x00, 0x00, 0x10, 0x6F, 0x80, 0xEF, 0x04, 0x50, 0x88, 0xFB, 0x09,
    0x00, 0x00, 0x20, 0x6F, 0x10, 0x28, 0x00, 0x20, 0xEF, 0x7C, 0x00, 0x00,
    // Unicode: [0x4F07]
    0x00, 0x00, 0x00, 0x36, 0x00, 0x00, 0x00, 0x00, 0x00, 0x00, 0x00, 0x00, 0x00, 0x10, 0x9F, 0x00,
    0x00, 0x00, 0x00, 0x00, 0x00, 0x00, 0x00, 0x00, 0x60, 0x0D, 0x00, 0xEE, 0xEE, 0xEE, 0x3F, 0x00,
    0x00, 0x00, 0x00, 0xD0, 0x07, 0x00, 0x8C, 0x33, 0x53, 0x3F, 0x00, 0x00, 0x00, 0x00, 0xF5, 0x01,
    0x00, 0x6C, 0x00, 0x20, 0x2F, 0x00, 0x00, 0x00, 0x00, 0x9D, 0x00, 0x00, 0x4E, 0x00, 0x20, 0x2F,
    0x00, 0x00, 0x00, 0x60, 0x7F, 0x00, 0x30, 0x1F, 0x00, 0x20, 0x3F, 0x00, 0x00, 0x00, 0xE2, 0x7F,
    0x00, 0xC1, 0x09, 0x00, 0x10, 0xAF, 0x65, 0x04, 0x00, 0xEB, 0x7E, 0x30, 0xBD, 0x01, 0x00, 0x00,
    0xD8, 0xEE, 0x06, 0x90, 0x5F, 0x7E, 0x10, 0x06, 0x00, 0x00, 0x00, 0x00, 0x00, 0x00, 0x81, 0x09,
    0x7E, 0x00, 0xDB, 0xCC, 0xCC, 0xCC, 0xDC, 0x0A, 0x00, 0x00, 0x00, 0x7E, 0x00, 0x74, 0x4E, 0x44,
    0x44, 0xF4, 0x05, 0x00, 0x00, 0x00, 0x7E, 0x00, 0x00, 0x6C, 0x00, 0x00, 0xC7, 0x00, 0x00, 0x00,
    0x00, 0x7E, 0x00, 0x00, 0xE3, 0x02, 0x20, 0x3E, 0x00, 0x00, 0x00, 0x00, 0x7E, 0x00, 0x00, 0x70,
    0x1C, 0xC1, 0x07, 0x00, 0x00, 0x00, 0x00, 0x7E, 0x00, 0x00, 0x00, 0xC8, 0x9C, 0x00, 0x00, 0x00,
    0x00, 0x00, 0x7F, 0x00, 0x00, 0x10, 0xF9, 0x8F, 0x00, 0x00, 0x00, 0x00, 0x00, 0x7F, 0x00, 0x20,
    0xE8, 0x4D, 0xD4, 0x7D, 0x01, 0x00, 0x00, 0x10, 0x7F, 0x81, 0xFC, 0x6D, 0x00, 0x00, 0xE7, 0xAF,
    0x04, 0x00, 0x20, 0x7F, 0xA0, 0x4A, 0x00, 0x00, 0x00, 0x10, 0xA7, 0x00,
    // Unicode: [0x4F08]
    0x00, 0x00, 0x20, 0x01, 0x00, 0x00, 0x00, 0x00, 0x00, 0x00, 0x00, 0x00, 0x00, 0x90, 0x4F, 0x00,
    0x00, 0x73, 0x00, 0x00, 0x00, 0x00, 0x00, 0x00, 0xD0, 0x0A, 0x00, 0x00, 0xF4, 0x03, 0x00, 0x00,
    0x00, 0x00, 0x00, 0xF4, 0x03, 0x00, 0x00, 0xA0, 0x0C, 0x00, 0x00, 0x00, 0x00, 0x00, 0xBB, 0x00,
    0x00, 0x00, 0x20, 0x6F, 0x00, 0x00, 0x00, 0x00, 0x30, 0x5F, 0x00, 0x00, 0xB5, 0x04, 0xDA, 0x00,
    0x00, 0x00, 0x00, 0xC0, 0x4F, 0x00, 0x00, 0xF5, 0x01, 0x43, 0x00, 0x00, 0x00, 0x00, 0xF6, 0x4F,
    0x00, 0x00, 0xF5, 0x00, 0x00, 0x00, 0x01, 0x00, 0x20, 0x9E, 0x4F, 0x00, 0x00, 0xF5, 0x00, 0x00,
    0xA0, 0x0C, 0x00, 0xD1, 0x1D, 0x4F, 0x60, 0x0D, 0xF5, 0x00, 0x00, 0x50, 0x3F, 0x00, 0x60, 0x04,
    0x4F, 0x80, 0x0D, 0xF5, 0x00, 0x00, 0x00, 0x9C, 0x00, 0x00, 0x00, 0x4F, 0xB0, 0x0A, 0xF5, 0x00,
    0x00, 0x00, 0xF6, 0x01, 0x00, 0x00, 0x4F, 0xD0, 0x07, 0xF5, 0x00, 0x00, 0x00, 0xF1, 0x06, 0x00,
    0x00, 0x4F, 0xF3, 0x04, 0xF5, 0x00, 0x00, 0x00, 0xB0, 0x0C, 0x00, 0x00, 0x4F, 0xE8, 0x00, 0xF5,
    0x00, 0x00, 0x00, 0x70, 0x1D, 0x00, 0x00, 0x4F, 0xAC, 0x00, 0xF5, 0x00, 0x00, 0x00, 0x00, 0x00,
    0x00, 0x10, 0x4F, 0x10, 0x00, 0xF5, 0x00, 0x00, 0x70, 0x01, 0x00, 0x00, 0x20, 0x4F, 0x00, 0x00,
    0xF5, 0x01, 0x00, 0xE1, 0x08, 0x00, 0x00, 0x30, 0x4F, 0x00, 0x00, 0xF3, 0x5B, 0x54, 0xEB, 0x02,
    0x00, 0x00, 0x40, 0x4F, 0x00, 0x00, 0x80, 0xFD, 0xEF, 0x4C, 0x00, 0x00,
    // Unicode: [0x4F09]
    0x00, 0x00, 0x30, 0x04, 0x00, 0x00, 0x15, 0x00, 0x00, 0x00, 0x00, 0x00, 0x00, 0xA0, 0x2E, 0x00,
    0x30, 0x7F, 0x00, 0x00, 0x00, 0x00, 0x00, 0x00, 0xF1, 0x06, 0x00, 0x00, 0xE8, 0x00, 0x00, 0x00,
    0x00, 0x00, 0x00, 0xD8, 0x30, 0x33, 0x22, 0xF3, 0x26, 0x22, 0x33, 0x02, 0x00, 0x10, 0x5E, 0xE0,
    0xFF, 0xFF, 0xFF, 0xFF, 0xFF, 0xFF, 0x08, 0x00, 0x90, 0x4F, 0x10, 0x01, 0x00, 0x00, 0x00, 0x00,
    0x10, 0x01, 0x00, 0xF3, 0x4F, 0x00, 0x00, 0x00, 0x00, 0x00, 0x00, 0x00, 0x00, 0x10, 0xBD, 0x4F,
    0x00, 0x10, 0x34, 0x22, 0x32, 0x23, 0x00, 0x00, 0xC1, 0x3E, 0x4F, 0x00, 0x30, 0xEF, 0xEE, 0xEE,
    0x5F, 0x00, 0x00, 0x80, 0x15, 0x4F, 0x00, 0x20, 0x2F, 0x00, 0x10, 0x4F, 0x00, 0x00, 0x00, 0x10,
    0x4F, 0x00, 0x20, 0x2F, 0x00, 0x10, 0x3F, 0x00, 0x00, 0x00, 0x10, 0x4F, 0x00, 0x20, 0x2F, 0x00,
    0x10, 0x3F, 0x00, 0x00, 0x00, 0x10, 0x4F, 0x00, 0x20, 0x2F, 0x00, 0x10, 0x3F, 0x00, 0x00, 0x00,
    0x10, 0x4F, 0x00, 0x30, 0x2F, 0x00, 0x10, 0x3F, 0x00, 0x00, 0x00, 0x10, 0x4F, 0x00, 0x40, 0x0F,
    0x00, 0x10, 0x3F, 0x00, 0x00, 0x00, 0x10, 0x4F, 0x00, 0x70, 0x0C, 0x00, 0x10, 0x3F, 0x00, 0x00,
    0x00, 0x20, 0x4F, 0x00, 0xC0, 0x06, 0x00, 0x10, 0x3F, 0x10, 0x01, 0x00, 0x30, 0x4F, 0x00, 0xC6,
    0x00, 0x00, 0x10, 0x3F, 0x50, 0x2D, 0x00, 0x40, 0x4F, 0x60, 0x2C, 0x00, 0x00, 0x10, 0x8F, 0xB4,
    0x0E, 0x00, 0x50, 0x4F, 0xA8, 0x01, 0x00, 0x00, 0x00, 0xFB, 0xDF, 0x04,
    // Unicode: [0x4F0A]
    0x00, 0x00, 0x01, 0x00, 0x00, 0x00, 0x00, 0x00, 0x00, 0x00, 0x00, 0x00, 0x00, 0xE5, 0x04, 0x00,
    0x00, 0x00, 0x00, 0x00, 0x00, 0x00, 0x00, 0x00, 0xD8, 0x00, 0x00, 0x00, 0x00, 0x00, 0x00, 0x00,
    0x00, 0x00, 0x00, 0x8C, 0x70, 0xEE, 0xDD, 0xDD, 0xDD, 0xEE, 0x09, 0x00, 0x00, 0x30, 0x3F, 0x30,
    0x45, 0xF4, 0x36, 0x33, 0xE3, 0x08, 0x00, 0x00, 0x90, 0x0E, 0x00, 0x00, 0xF0, 0x04, 0x00, 0xD0,
    0x07, 0x00, 0x00, 0xE1, 0x0E, 0x00, 0x00, 0xF0, 0x04, 0x00, 0xD0, 0x07, 0x00, 0x00, 0xF9, 0x0E,
    0x00, 0x00, 0xF0, 0x04, 0x00, 0xD0, 0x07, 0x00, 0x40, 0xBF, 0x2E, 0xEF, 0xDD, 0xFD, 0xDD, 0xDD,
    0xFD, 0xEE, 0x1F, 0xE2, 0x5B, 0x1E, 0x45, 0x34, 0xF5, 0x35, 0x33, 0xE3, 0x59, 0x16, 0x93, 0x52,
    0x0E, 0x00, 0x00, 0xF4, 0x01, 0x00, 0xD0, 0x07, 0x00, 0x00, 0x50, 0x0E, 0x00, 0x00, 0xE6, 0x00,
    0x00, 0xD0, 0x07, 0x00, 0x00, 0x50, 0x0E, 0x30, 0x22, 0xC9, 0x11, 0x11, 0xD1, 0x08, 0x00, 0x00,
    0x50, 0x0E, 0xF0, 0xFF, 0xFF, 0xFF, 0xFF, 0xFF, 0x09, 0x00, 0x00, 0x50, 0x0E, 0x30, 0x32, 0x5F,
    0x11, 0x11, 0xD1, 0x09, 0x00, 0x00, 0x50, 0x0E, 0x00, 0x70, 0x0E, 0x00, 0x00, 0x00, 0x00, 0x00,
    0x00, 0x60, 0x0E, 0x00, 0xE1, 0x07, 0x00, 0x00, 0x00, 0x00, 0x00, 0x00, 0x60, 0x0E, 0x00, 0xE8,
    0x01, 0x00, 0x00, 0x00, 0x00, 0x00, 0x00, 0x70, 0x0E, 0x60, 0x4F, 0x00, 0x00, 0x00, 0x00, 0x00,
    0x00, 0x00, 0x80, 0x0E, 0xF7, 0x08, 0x00, 0x00, 0x00, 0x00, 0x00, 0x00, 0x00, 0x90, 0x2E, 0x8C,
    0x00, 0x00, 0x00, 0x00, 0x00, 0x00, 0x00, 0x00, 0x00, 0x00, 0x01, 0x00, 0x00, 0x00, 0x00, 0x00,
    0x00, 0x00,
    // Unicode: [0x4F0B]
    0x00, 0x00, 0x85, 0x02, 0x00, 0x00, 0x00, 0x00, 0x00, 0x00, 0x00, 0x00, 0x00, 0xDA, 0x02, 0x00,
    0x00, 0x00, 0x10, 0x22, 0x00, 0x00, 0x00, 0x10, 0x6E, 0xF6, 0xEF, 0xEE, 0xEE, 0xFF, 0x5F, 0x00,
    0x00, 0x00, 0x70, 0x0D, 0x31, 0x72, 0x2E, 0x22, 0x82, 0x0E, 0x00, 0x00, 0x00, 0xD0, 0x07, 0x00,
    0x50, 0x0E, 0x00, 0xC0, 0x08, 0x00, 0x00, 0x00, 0xF7, 0x04, 0x00, 0x50, 0x0E, 0x00, 0xF2, 0x03,
    0x00, 0x00, 0x10, 0xFE, 0x04, 0x00, 0x50, 0x0D, 0x00, 0xC8, 0x00, 0x00, 0x00, 0xA0, 0xFE, 0x04,
    0x00, 0x60, 0x0C, 0x00, 0x6D, 0x00, 0x00, 0x00, 0xF6, 0xF5, 0x04, 0x00, 0x70, 0x0C, 0x40, 0xDF,
    0xDD, 0x06, 0x00, 0xAC, 0xF1, 0x04, 0x00, 0x80, 0x0A, 0x20, 0x23, 0xF5, 0x03, 0x00, 0x10, 0xF1,
    0x04, 0x00, 0xA0, 0x8A, 0x01, 0x00, 0xE6, 0x00, 0x00, 0x00, 0xF1, 0x04, 0x00, 0xC0, 0xD7, 0x08,
    0x00, 0x9B, 0x00, 0x00, 0x00, 0xF1, 0x04, 0x00, 0xF1, 0x54, 0x2E, 0x10, 0x4F, 0x00, 0x00, 0x00,
    0xF1, 0x04, 0x00, 0xF5, 0x01, 0xBB, 0x80, 0x0C, 0x00, 0x00, 0x00, 0xF1, 0x04, 0x00, 0xBB, 0x00,
    0xE2, 0xFA, 0x04, 0x00, 0x00, 0x00, 0xF1, 0x04, 0x50, 0x4F, 0x00, 0x50, 0xBF, 0x00, 0x00, 0x00,
    0x00, 0xF2, 0x04, 0xE2, 0x0B, 0x00, 0xD2, 0xFD, 0x06, 0x00, 0x00, 0x00, 0xF3, 0x14, 0xEC, 0x02,
    0x60, 0xCE, 0x41, 0x9E, 0x01, 0x00, 0x00, 0xF3, 0x94, 0x5F, 0x72, 0xFD, 0x09, 0x00, 0xD3, 0x8E,
    0x01, 0x00, 0xF4, 0x04, 0x04, 0xE2, 0x3B, 0x00, 0x00, 0x10, 0xA9, 0x00, 0x00, 0x00, 0x00, 0x00,
    0x10, 0x00, 0x00, 0x00, 0x00, 0x00, 0x00,
    // Unicode: [0x4F0C]
    0x00, 0x00, 0x00, 0x01, 0x00, 0x00, 0x00, 0x00, 0x00, 0x00, 0x00, 0x00, 0x00, 0x50, 0x8E, 0x00,
    0x00, 0x00, 0x00, 0x00, 0x00, 0x00, 0x00, 0x00, 0xA0, 0x1D, 0x53, 0x44, 0x44, 0x44, 0x44, 0x44,
    0x05, 0x00, 0x00, 0xF2, 0x06, 0xF8, 0xEE, 0xEE, 0xEE, 0xEE, 0xEE, 0x0D, 0x00, 0x00, 0xD9, 0x00,
    0xE7, 0x00, 0x00, 0x00, 0x00, 0x00, 0x00, 0x00, 0x30, 0x7F, 0x00, 0xE7, 0x00, 0x00, 0x00, 0x00,
    0x00, 0x00, 0x00, 0xC0, 0x6F, 0x00, 0xE6, 0x00, 0x34, 0x33, 0x43, 0x15, 0x00, 0x00, 0xF7, 0x6F,
    0x00, 0xE6, 0x00, 0xEF, 0xEE, 0xEE, 0x2F, 0x00, 0x40, 0x9F, 0x6E, 0x00, 0xE5, 0x00, 0x4F, 0x00,
    0x30, 0x1F, 0x00, 0xE1, 0x1C, 0x6E, 0x00, 0xE5, 0x00, 0x4F, 0x00, 0x30, 0x0F, 0x00, 0x40, 0x02,
    0x6E, 0x00, 0xE5, 0x00, 0x4F, 0x00, 0x40, 0x0E, 0x00, 0x00, 0x00, 0x6E, 0x00, 0xD6, 0x00, 0x4F,
    0x00, 0x50, 0x0D, 0x00, 0x00, 0x00, 0x6E, 0x00, 0xD6, 0x00, 0x4F, 0x40, 0xA4, 0x0B, 0x00, 0x00,
    0x00, 0x6E, 0x00, 0xC8, 0x00, 0x4F, 0xC0, 0xDF, 0x03, 0x00, 0x00, 0x00, 0x6E, 0x00, 0xAA, 0x00,
    0x4F, 0x10, 0x01, 0x00, 0x00, 0x00, 0x00, 0x6E, 0x00, 0x8D, 0x00, 0x4F, 0x00, 0x00, 0x10, 0x00,
    0x00, 0x00, 0x6F, 0x20, 0x4F, 0x00, 0x4F, 0x00, 0x00, 0x50, 0x2C, 0x00, 0x10, 0x6F, 0x90, 0x0E,
    0x00, 0x6F, 0x00, 0x00, 0xA1, 0x1E, 0x00, 0x10, 0x6F, 0xF3, 0x08, 0x00, 0xFC, 0xDD, 0xDD, 0xFF,
    0x06, 0x00, 0x20, 0x6F, 0x93, 0x01, 0x00, 0x41, 0x54, 0x45, 0x14, 0x00,
    // Unicode: [0x4F0D]
    0x00, 0x00, 0x20, 0x02, 0x00, 0x00, 0x00, 0x00, 0x00, 0x00, 0x00, 0x00, 0x00, 0x80, 0x5F, 0x00,
    0x00, 0x00, 0x00, 0x00, 0x00, 0x00, 0x00, 0x00, 0xD0, 0x38, 0x34, 0x23, 0x22, 0x22, 0x33, 0x43,
    0x00, 0x00, 0x00, 0xE5, 0x91, 0xEE, 0xED, 0xDF, 0xDD, 0xED, 0xFE, 0x01, 0x00, 0x00, 0x6C, 0x00,
    0x00, 0x60, 0x0E, 0x00, 0x00, 0x00, 0x00, 0x00, 0x60, 0x2F, 0x00, 0x00, 0x80, 0x0C, 0x00, 0x00,
    0x00, 0x00, 0x00, 0xE1, 0x2F, 0x00, 0x00, 0xB0, 0x0A, 0x00, 0x00, 0x00, 0x00, 0x00, 0xEA, 0x2F,
    0x00, 0x00, 0xD0, 0x08, 0x00, 0x00, 0x00, 0x00, 0x70, 0x6F, 0x2F, 0x00, 0x43, 0xF3, 0x38, 0x33,
    0x43, 0x02, 0x00, 0xD2, 0x38, 0x2F, 0x00, 0xDB, 0xFD, 0xCD, 0xCC, 0xFC, 0x06, 0x00, 0x10, 0x30,
    0x2F, 0x00, 0x00, 0xF5, 0x01, 0x00, 0xF0, 0x05, 0x00, 0x00, 0x30, 0x2F, 0x00, 0x00, 0xD7, 0x00,
    0x00, 0xF1, 0x04, 0x00, 0x00, 0x30, 0x2F, 0x00, 0x00, 0xBA, 0x00, 0x00, 0xF2, 0x03, 0x00, 0x00,
    0x30, 0x2F, 0x00, 0x00, 0x9C, 0x00, 0x00, 0xF3, 0x02, 0x00, 0x00, 0x30, 0x2F, 0x00, 0x00, 0x6E,
    0x00, 0x00, 0xF5, 0x01, 0x00, 0x00, 0x30, 0x2F, 0x00, 0x20, 0x4F, 0x00, 0x00, 0xF6, 0x00, 0x00,
    0x00, 0x30, 0x2F, 0x00, 0x40, 0x1F, 0x00, 0x00, 0xE7, 0x00, 0x00, 0x00, 0x40, 0x2F, 0xEB, 0xED,
    0xDF, 0xDD, 0xDD, 0xFE, 0xED, 0x0F, 0x00, 0x50, 0x2F, 0x44, 0x34, 0x33, 0x33, 0x33, 0x33, 0x43,
    0x05, 0x00, 0x60, 0x2F, 0x00, 0x00, 0x00, 0x00, 0x00, 0x00, 0x00, 0x00,
    // Unicode: [0x4F0E]
    0x00, 0x00, 0x60, 0x16, 0x00, 0x00, 0xA2, 0x05, 0x00, 0x00, 0x00, 0x00, 0x00, 0xC0, 0x2D, 0x00,
    0x00, 0xF2, 0x05, 0x00, 0x00, 0x00, 0x00, 0x00, 0xF1, 0x03, 0x00, 0x00, 0xF2, 0x04, 0x00, 0x00,
    0x00, 0x00, 0x00, 0xC7, 0x00, 0x00, 0x00, 0xF1, 0x04, 0x00, 0x00, 0x00, 0x00, 0x10, 0x6E, 0x90,
    0xEE, 0xDD, 0xFD, 0xDD, 0xDD, 0xEE, 0x00, 0x00, 0x80, 0x6F, 0x30, 0x44, 0x33, 0xF4, 0x36, 0x33,
    0x54, 0x00, 0x00, 0xF3, 0x6F, 0x00, 0x00, 0x00, 0xF1, 0x04, 0x00, 0x00, 0x00, 0x10, 0xBD, 0x6D,
    0x00, 0x00, 0x00, 0xF1, 0x04, 0x00, 0x00, 0x00, 0xB0, 0x2F, 0x6D, 0x10, 0x22, 0x12, 0xF2, 0x15,
    0x22, 0x12, 0x00, 0x81, 0x07, 0x6D, 0x60, 0xFF, 0xEE, 0xEE, 0xEE, 0xFE, 0x1E, 0x00, 0x00, 0x00,
    0x6D, 0x00, 0xA0, 0x09, 0x00, 0x00, 0xD0, 0x09, 0x00, 0x00, 0x00, 0x6D, 0x00, 0x10, 0x3E, 0x00,
    0x00, 0xF4, 0x02, 0x00, 0x00, 0x00, 0x6D, 0x00, 0x00, 0xC7, 0x00, 0x00, 0x8C, 0x00, 0x00, 0x00,
    0x00, 0x6D, 0x00, 0x00, 0xB0, 0x0A, 0x70, 0x1D, 0x00, 0x00, 0x00, 0x00, 0x6D, 0x00, 0x00, 0x10,
    0x9D, 0xF5, 0x04, 0x00, 0x00, 0x00, 0x00, 0x6D, 0x00, 0x00, 0x00, 0xF3, 0x7F, 0x00, 0x00, 0x00,
    0x00, 0x00, 0x6E, 0x00, 0x00, 0x10, 0xF9, 0xDE, 0x05, 0x00, 0x00, 0x00, 0x00, 0x6F, 0x00, 0x10,
    0xE7, 0x4D, 0x91, 0xCF, 0x16, 0x00, 0x00, 0x10, 0x6F, 0x72, 0xFB, 0x7E, 0x00, 0x00, 0xB4, 0xFF,
    0x07, 0x00, 0x10, 0x6F, 0xB0, 0x7D, 0x01, 0x00, 0x00, 0x00, 0x94, 0x00,
    // Unicode: [0x4F0F]
    0x00, 0x00, 0x71, 0x02, 0x00, 0x20, 0x14, 0x00, 0x00, 0x00, 0x00, 0x00, 0xF5, 0x0B, 0x00, 0x60,
    0x3F, 0x00, 0x00, 0x00, 0x00, 0x00, 0xDA, 0x00, 0x00, 0x50, 0x0F, 0x93, 0x00, 0x00, 0x00, 0x10,
    0x5F, 0x00, 0x00, 0x50, 0x0E, 0xD2, 0x0A, 0x00, 0x00, 0x80, 0x0C, 0x00, 0x00, 0x60, 0x0E, 0x20,
    0x9E, 0x00, 0x00, 0xE1, 0x06, 0x00, 0x00, 0x60, 0x0D, 0x00, 0x44, 0x00, 0x00, 0xF8, 0x05, 0x00,
    0x00, 0x60, 0x0D, 0x00, 0x00, 0x00, 0x20, 0xFF, 0x05, 0xF9, 0xEE, 0xED, 0xDF, 0xDD, 0xEE, 0x4F,
    0xB0, 0xEC, 0x05, 0x54, 0x44, 0xA4, 0x9F, 0x44, 0x54, 0x26, 0xF9, 0xE3, 0x05, 0x00, 0x00, 0xA0,
    0xAE, 0x00, 0x00, 0x00, 0x74, 0xE0, 0x05, 0x00, 0x00, 0xD0, 0xE7, 0x01, 0x00, 0x00, 0x00, 0xE0,
    0x05, 0x00, 0x00, 0xF2, 0xA2, 0x06, 0x00, 0x00, 0x00, 0xE0, 0x05, 0x00, 0x00, 0xC8, 0x30, 0x1D,
    0x00, 0x00, 0x00, 0xE0, 0x05, 0x00, 0x10, 0x6E, 0x00, 0x8A, 0x00, 0x00, 0x00, 0xE0, 0x05, 0x00,
    0x90, 0x0C, 0x00, 0xE2, 0x03, 0x00, 0x00, 0xE0, 0x05, 0x00, 0xF5, 0x03, 0x00, 0x70, 0x2D, 0x00,
    0x00, 0xF0, 0x05, 0x40, 0x7F, 0x00, 0x00, 0x00, 0xDB, 0x01, 0x00, 0xF1, 0x05, 0xF5, 0x0A, 0x00,
    0x00, 0x00, 0xD1, 0x3D, 0x00, 0xF1, 0x85, 0xAF, 0x00, 0x00, 0x00, 0x00, 0x20, 0xCD, 0x00, 0xF2,
    0x55, 0x09, 0x00, 0x00, 0x00, 0x00, 0x00, 0x12,
    // Unicode: [0x4F10]
    0x00, 0x00, 0x10, 0x00, 0x00, 0x30, 0x02, 0x10, 0x00, 0x00, 0x00, 0x00, 0x00, 0x90, 0x3D, 0x00,
    0xB0, 0x0E, 0xE2, 0x08, 0x00, 0x00, 0x00, 0x00, 0xD0, 0x0A, 0x00, 0xA0, 0x0B, 0x80, 0x8F, 0x00,
    0x00, 0x00, 0x00, 0xF3, 0x02, 0x00, 0x90, 0x0B, 0x00, 0xF7, 0x05, 0x00, 0x00, 0x00, 0xBA, 0x00,
    0x00, 0x80, 0x0B, 0x00, 0x60, 0x00, 0x00, 0x00, 0x20, 0x6F, 0x00, 0x00, 0x70, 0x0C, 0x00, 0x62,
    0xCA, 0x00, 0x00, 0x90, 0x6F, 0x00, 0x00, 0x60, 0x6D, 0xDA, 0xEF, 0x8B, 0x00, 0x00, 0xF3, 0x6F,
    0x31, 0x85, 0xEB, 0xDF, 0x69, 0x02, 0x00, 0x00, 0x10, 0xBD, 0x6E, 0xF9, 0xCF, 0x78, 0x1F, 0x00,
    0x20, 0x00, 0x00, 0xB1, 0x2E, 0x6E, 0x54, 0x01, 0x10, 0x4F, 0x00, 0xE3, 0x08, 0x00, 0x70, 0x06,
    0x6E, 0x00, 0x00, 0x00, 0x6E, 0x00, 0xEA, 0x03, 0x00, 0x00, 0x00, 0x6E, 0x00, 0x00, 0x00, 0x9B,
    0x60, 0x4F, 0x00, 0x00, 0x00, 0x00, 0x6E, 0x00, 0x00, 0x00, 0xD7, 0xE3, 0x07, 0x00, 0x00, 0x00,
    0x00, 0x6E, 0x00, 0x00, 0x00, 0xF3, 0xAE, 0x00, 0x00, 0x00, 0x00, 0x00, 0x6E, 0x00, 0x00, 0x00,
    0xF4, 0x0D, 0x00, 0x00, 0x00, 0x00, 0x00, 0x6E, 0x00, 0x00, 0x60, 0xDF, 0x3F, 0x00, 0x00, 0x00,
    0x00, 0x00, 0x6F, 0x00, 0x20, 0xFB, 0x08, 0xCD, 0x01, 0x40, 0x01, 0x00, 0x10, 0x6F, 0x20, 0xF9,
    0x5E, 0x00, 0xF3, 0x1B, 0xB0, 0x0D, 0x00, 0x10, 0x6F, 0x20, 0x9D, 0x01, 0x00, 0x40, 0xDE, 0xF9,
    0x07, 0x00, 0x20, 0x6F, 0x00, 0x00, 0x00, 0x00, 0x00, 0xA2, 0xBE, 0x00,
    // Unicode: [0x4F11]
    0x00, 0x00, 0x10, 0x02, 0x00, 0x00, 0x21, 0x00, 0x00, 0x00, 0x00, 0x00, 0x00, 0x50, 0x7F, 0x00,
    0x00, 0xF2, 0x09, 0x00, 0x00, 0x00, 0x00, 0x00, 0xB0, 0x1D, 0x00, 0x00, 0xF1, 0x05, 0x00, 0x00,
    0x00, 0x00, 0x00, 0xF3, 0x04, 0x00, 0x00, 0xF1, 0x04, 0x00, 0x00, 0x00, 0x00, 0x00, 0xBB, 0x00,
    0x00, 0x00, 0xF1, 0x04, 0x00, 0x00, 0x00, 0x00, 0x50, 0x5F, 0x50, 0x44, 0x33, 0xF4, 0x37, 0x43,
    0x54, 0x03, 0x00, 0xD1, 0x5F, 0xF0, 0xEE, 0xED, 0xFE, 0xEE, 0xDD, 0xFE, 0x08, 0x00, 0xEA, 0x5F,
    0x00, 0x00, 0xC0, 0xF8, 0xD8, 0x00, 0x00, 0x00, 0x70, 0x5F, 0x5F, 0x00, 0x00, 0xF2, 0xF2, 0xD4,
    0x04, 0x00, 0x00, 0xF3, 0x08, 0x5F, 0x00, 0x00, 0xB8, 0xF1, 0x74, 0x0B, 0x00, 0x00, 0x30, 0x00,
    0x5F, 0x00, 0x10, 0x5E, 0xF1, 0x14, 0x3E, 0x00, 0x00, 0x00, 0x00, 0x5F, 0x00, 0x80, 0x0D, 0xF1,
    0x04, 0xC8, 0x00, 0x00, 0x00, 0x00, 0x5F, 0x00, 0xE2, 0x05, 0xF1, 0x04, 0xE1, 0x07, 0x00, 0x00,
    0x00, 0x5F, 0x00, 0xAC, 0x00, 0xF1, 0x04, 0x60, 0x4F, 0x00, 0x00, 0x00, 0x5F, 0x90, 0x2E, 0x00,
    0xF1, 0x04, 0x00, 0xEB, 0x04, 0x00, 0x00, 0x5F, 0xF9, 0x05, 0x00, 0xF1, 0x04, 0x00, 0xC1, 0x4F,
    0x00, 0x00, 0x6F, 0x88, 0x00, 0x00, 0xF1, 0x04, 0x00, 0x20, 0x08, 0x00, 0x10, 0x5F, 0x00, 0x00,
    0x00, 0xF1, 0x04, 0x00, 0x00, 0x00, 0x00, 0x20, 0x5F, 0x00, 0x00, 0x00, 0xF1, 0x05, 0x00, 0x00,
    0x00, 0x00, 0x30, 0x5F, 0x00, 0x00, 0x00, 0xF3, 0x06, 0x00, 0x00, 0x00,
    // Unicode: [0x4F12]
    0x00, 0x00, 0x00, 0x01, 0x00, 0x00, 0x00, 0x00, 0x00, 0x00, 0x00, 0x00, 0x00, 0x50, 0x5E, 0x00,
    0x00, 0x00, 0x00, 0x00, 0x23, 0x00, 0x00, 0x00, 0xB0, 0x0C, 0x50, 0x44, 0x65, 0x97, 0xEB, 0xDF,
    0x01, 0x00, 0x00, 0xF3, 0x03, 0xE0, 0xDE, 0xCD, 0xAB, 0x78, 0x66, 0x02, 0x00, 0x00, 0xBB, 0x00,
    0xD0, 0x08, 0x00, 0x00, 0x00, 0x00, 0x00, 0x00, 0x50, 0x5F, 0x00, 0xC0, 0x08, 0x00, 0x00, 0x00,
    0x00, 0x00, 0x00, 0xD1, 0x4F, 0x00, 0xC0, 0x08, 0x00, 0x00, 0x00, 0x00, 0x00, 0x00, 0xEA, 0x4F,
    0x00, 0xC0, 0x08, 0x00, 0x00, 0x00, 0x00, 0x01, 0x60, 0x5F, 0x4F, 0x00, 0xC0, 0xEF, 0xEE, 0xEE,
    0xEE, 0xFF, 0x0E, 0xE1, 0x09, 0x4F, 0x00, 0xC0, 0x4A, 0x44, 0x74, 0x5F, 0x44, 0x05, 0x30, 0x00,
    0x4F, 0x00, 0xC0, 0x08, 0x00, 0x40, 0x2F, 0x00, 0x00, 0x00, 0x00, 0x4F, 0x00, 0xD0, 0x07, 0x00,
    0x40, 0x2F, 0x00, 0x00, 0x00, 0x00, 0x4F, 0x00, 0xE0, 0x06, 0x00, 0x40, 0x2F, 0x00, 0x00, 0x00,
    0x00, 0x4F, 0x00, 0xF1, 0x04, 0x00, 0x40, 0x2F, 0x00, 0x00, 0x00, 0x00, 0x4F, 0x00, 0xF4, 0x02,
    0x00, 0x40, 0x2F, 0x00, 0x00, 0x00, 0x00, 0x4F, 0x00, 0xD9, 0x00, 0x00, 0x40, 0x2F, 0x00, 0x00,
    0x00, 0x10, 0x4F, 0x10, 0x8E, 0x00, 0x00, 0x40, 0x2F, 0x00, 0x00, 0x00, 0x20, 0x4F, 0xA0, 0x2E,
    0x00, 0x00, 0x50, 0x2F, 0x00, 0x00, 0x00, 0x30, 0x4F, 0xF7, 0x07, 0x00, 0x00, 0x50, 0x2F, 0x00,
    0x00, 0x00, 0x40, 0x4F, 0x50, 0x00, 0x00, 0x00, 0x60, 0x3F, 0x00, 0x00,
    // Unicode: [0x4F13]
    0x00, 0x00, 0x10, 0x03, 0x00, 0x00, 0x00, 0x00, 0x00, 0x00, 0x00, 0x00, 0x00, 0x60, 0x5F, 0x00,
    0x00, 0x00, 0x00, 0x00, 0x00, 0x00, 0x00, 0x00, 0xC0, 0x4A, 0x66, 0x55, 0x55, 0x55, 0x55, 0x66,
    0x03, 0x00, 0x00, 0xF4, 0x72, 0xEE, 0xDD, 0xED, 0xDE, 0xDD, 0xFE, 0x06, 0x00, 0x00, 0xAC, 0x00,
    0x00, 0x00, 0xD0, 0x06, 0x00, 0x00, 0x00, 0x00, 0x50, 0x3F, 0x00, 0x00, 0x00, 0xF2, 0x06, 0x00,
    0x00, 0x00, 0x00, 0xD0, 0x2F, 0x00, 0x00, 0x00, 0xF8, 0x06, 0x00, 0x00, 0x00, 0x00, 0xF8, 0x2F,
    0x00, 0x00, 0x00, 0xFE, 0x06, 0x00, 0x00, 0x00, 0x50, 0xBF, 0x2F, 0x00, 0x00, 0x60, 0xED, 0x36,
    0x08, 0x00, 0x00, 0xE1, 0x3D, 0x2F, 0x00, 0x00, 0xE1, 0xE5, 0x56, 0x6F, 0x00, 0x00, 0x30, 0x33,
    0x2F, 0x00, 0x00, 0xC9, 0xE0, 0x06, 0xE8, 0x02, 0x00, 0x00, 0x30, 0x2F, 0x00, 0x50, 0x3F, 0xE0,
    0x06, 0xC0, 0x0C, 0x00, 0x00, 0x30, 0x2F, 0x00, 0xE3, 0x08, 0xE0, 0x06, 0x30, 0x7F, 0x00, 0x00,
    0x30, 0x2F, 0x30, 0xBE, 0x00, 0xE0, 0x06, 0x00, 0xE9, 0x01, 0x00, 0x30, 0x2F, 0xE5, 0x1D, 0x00,
    0xE0, 0x06, 0x00, 0xE1, 0x07, 0x00, 0x30, 0x2F, 0xE8, 0x02, 0x00, 0xE0, 0x06, 0x00, 0x30, 0x00,
    0x00, 0x40, 0x2F, 0x10, 0x00, 0x00, 0xE0, 0x06, 0x00, 0x00, 0x00, 0x00, 0x50, 0x2F, 0x00, 0x00,
    0x00, 0xE0, 0x06, 0x00, 0x00, 0x00, 0x00, 0x50, 0x2F, 0x00, 0x00, 0x00, 0xF0, 0x07, 0x00, 0x00,
    0x00, 0x00, 0x60, 0x2F, 0x00, 0x00, 0x00, 0xF1, 0x08, 0x00, 0x00, 0x00,
    // Unicode: [0x4F14]
    0x00, 0x00, 0x50, 0x03, 0x00, 0x00, 0x00, 0x00, 0x00, 0x00, 0x00, 0x00, 0x00, 0xC0, 0x2D, 0x00,
    0x00, 0x00, 0x00, 0x00, 0x00, 0x00, 0x00, 0x00, 0xF2, 0x56, 0xEF, 0xDE, 0xDD, 0xDD, 0xEE, 0x6F,
    0x00, 0x00, 0x00, 0xE7, 0x50, 0x4E, 0x44, 0x44, 0x44, 0x44, 0x6E, 0x00, 0x00, 0x00, 0x7D, 0x50,
    0x0E, 0x00, 0x00, 0x00, 0x00, 0x6E, 0x00, 0x00, 0x40, 0x3F, 0x50, 0x0E, 0x00, 0x00, 0x00, 0x00,
    0x6E, 0x00, 0x00, 0xB0, 0x3F, 0x50, 0x0E, 0x11, 0x00, 0x00, 0x01, 0x5B, 0x00, 0x00, 0xF4, 0x3F,
    0x10, 0x01, 0xF9, 0xEF, 0xFE, 0x0F, 0x00, 0x00, 0x10, 0xDD, 0x3F, 0x00, 0x00, 0xD7, 0x22, 0x72,
    0x0E, 0x00, 0x00, 0x90, 0x6F, 0x3F, 0x00, 0x00, 0xE7, 0x00, 0x60, 0x0E, 0x00, 0x00, 0xB1, 0x39,
    0x3F, 0x00, 0x00, 0xE7, 0x00, 0x60, 0x0E, 0x00, 0x00, 0x00, 0x31, 0x3F, 0x00, 0x00, 0xD7, 0x00,
    0x60, 0x0E, 0x00, 0x00, 0x00, 0x30, 0x3F, 0x00, 0x00, 0xB8, 0x00, 0x60, 0x0E, 0x00, 0x00, 0x00,
    0x30, 0x3F, 0x00, 0x00, 0x9A, 0x00, 0x60, 0x0E, 0x00, 0x00, 0x00, 0x30, 0x3F, 0x00, 0x00, 0x6E,
    0x00, 0x60, 0x0E, 0x00, 0x00, 0x00, 0x30, 0x3F, 0x00, 0x50, 0x1F, 0x00, 0x60, 0x0E, 0x00, 0x00,
    0x00, 0x40, 0x3F, 0x00, 0xC0, 0x08, 0x00, 0x60, 0x0E, 0x60, 0x08, 0x00, 0x40, 0x3F, 0x00, 0xD7,
    0x01, 0x00, 0x50, 0x2F, 0xA0, 0x0D, 0x00, 0x50, 0x3F, 0x60, 0x4F, 0x00, 0x00, 0x20, 0xFF, 0xFE,
    0x06, 0x00, 0x60, 0x3F, 0xC2, 0x06, 0x00, 0x00, 0x00, 0x62, 0x36, 0x00,
    // Unicode: [0x4F15]
    0x00, 0x00, 0x23, 0x00, 0x00, 0x10, 0x67, 0x00, 0x00, 0x00, 0x00, 0x00, 0xEA, 0x02, 0x00, 0x00,
    0xAF, 0x00, 0x00, 0x00, 0x00, 0x10, 0x6E, 0x00, 0x00, 0x00, 0x8F, 0x00, 0x00, 0x00, 0x00, 0x60,
    0x1E, 0x00, 0x00, 0x00, 0x8E, 0x00, 0x00, 0x00, 0x00, 0xD0, 0x08, 0x50, 0x34, 0x33, 0x9E, 0x33,
    0x43, 0x04, 0x00, 0xF5, 0x04, 0xF0, 0xEF, 0xEE, 0xEF, 0xEE, 0xFE, 0x0A, 0x00, 0xFD, 0x04, 0x10,
    0x00, 0x00, 0x7E, 0x00, 0x00, 0x01, 0x80, 0xFF, 0x04, 0x00, 0x00, 0x00, 0x6E, 0x00, 0x00, 0x00,
    0xF4, 0xF9, 0x04, 0x00, 0x00, 0x00, 0x5F, 0x00, 0x00, 0x00, 0xDD, 0xF2, 0x04, 0x33, 0x12, 0x11,
    0x5F, 0x10, 0x21, 0x13, 0x33, 0xF1, 0x04, 0xFD, 0xFF, 0xFF, 0xFF, 0xFF, 0xFF, 0x4F, 0x00, 0xF1,
    0x04, 0x33, 0x12, 0x41, 0xBF, 0x10, 0x21, 0x13, 0x00, 0xF1, 0x04, 0x00, 0x00, 0x70, 0xDD, 0x03,
    0x00, 0x00, 0x00, 0xF1, 0x04, 0x00, 0x00, 0xC0, 0x68, 0x0A, 0x00, 0x00, 0x00, 0xF1, 0x04, 0x00,
    0x00, 0xF5, 0x12, 0x6D, 0x00, 0x00, 0x00, 0xF1, 0x04, 0x00, 0x20, 0x7E, 0x00, 0xE5, 0x03, 0x00,
    0x00, 0xF2, 0x04, 0x00, 0xE4, 0x0A, 0x00, 0x90, 0x3E, 0x00, 0x00, 0xF2, 0x04, 0x81, 0xAF, 0x00,
    0x00, 0x00, 0xFB, 0x07, 0x00, 0xF3, 0x54, 0xFD, 0x07, 0x00, 0x00, 0x00, 0xA1, 0x7F, 0x00, 0xF4,
    0x14, 0x4B, 0x00, 0x00, 0x00, 0x00, 0x00, 0x17,
    // Unicode: [0x4F16]
    0x00, 0x00, 0x40, 0x01, 0x00, 0x20, 0x12, 0x00, 0x00, 0x00, 0x00, 0x00, 0x00, 0xD0, 0x3E, 0x00,
    0x70, 0x4F, 0x00, 0x00, 0x00, 0x00, 0x00, 0x00, 0xF2, 0x06, 0x00, 0x70, 0x0D, 0x00, 0x00, 0x00,
    0x00, 0x00, 0x00, 0xD8, 0x00, 0x00, 0x90, 0x0A, 0x00, 0x00, 0x00, 0x00, 0x00, 0x00, 0x6E, 0x51,
    0x34, 0xC3, 0x39, 0x33, 0x33, 0x43, 0x04, 0x00, 0x60, 0x3F, 0xF2, 0xEE, 0xFD, 0xDD, 0xDD, 0xED,
    0xFE, 0x0E, 0x00, 0xE1, 0x3F, 0x00, 0x00, 0xF1, 0x02, 0x00, 0x00, 0x00, 0x00, 0x00, 0xF8, 0x3F,
    0x00, 0x00, 0xE5, 0x00, 0x00, 0x00, 0x00, 0x00, 0x40, 0xAF, 0x3F, 0x00, 0x00, 0xC9, 0x44, 0x44,
    0x44, 0x25, 0x00, 0xE2, 0x4D, 0x3F, 0x00, 0x00, 0xFD, 0xCC, 0xCC, 0xCC, 0x3F, 0x00, 0x81, 0x33,
    0x3F, 0x00, 0x30, 0xEF, 0x03, 0x00, 0x50, 0x0D, 0x00, 0x00, 0x30, 0x3F, 0x00, 0x90, 0x6C, 0x0A,
    0x00, 0xB0, 0x08, 0x00, 0x00, 0x30, 0x3F, 0x00, 0xE1, 0x06, 0x4D, 0x00, 0xF1, 0x02, 0x00, 0x00,
    0x30, 0x3F, 0x00, 0xE7, 0x01, 0xD5, 0x01, 0xA9, 0x00, 0x00, 0x00, 0x30, 0x3F, 0x10, 0x8E, 0x00,
    0x90, 0x5C, 0x2F, 0x00, 0x00, 0x00, 0x30, 0x3F, 0xA0, 0x1E, 0x00, 0x00, 0xFB, 0x08, 0x00, 0x00,
    0x00, 0x40, 0x3F, 0xF6, 0x07, 0x00, 0x40, 0xDE, 0x6E, 0x00, 0x00, 0x00, 0x50, 0x7F, 0xDF, 0x00,
    0x30, 0xFA, 0x07, 0xF8, 0x4B, 0x00, 0x00, 0x60, 0x4F, 0x39, 0x61, 0xFB, 0x2B, 0x00, 0x40, 0xFD,
    0x1C, 0x00, 0x60, 0x3F, 0x00, 0x90, 0x3A, 0x00, 0x00, 0x00, 0x60, 0x04,
    // Unicode: [0x4F17]
    0x00, 0x00, 0x00, 0x00, 0x40, 0x02, 0x00, 0x00, 0x00, 0x00, 0x00, 0x00, 0x00, 0x00, 0xE0, 0x3D,
    0x00, 0x00, 0x00, 0x00, 0x00, 0x00, 0x00, 0x00, 0xF6, 0x0A, 0x00, 0x00, 0x00, 0x00, 0x00, 0x00,
    0x00, 0x20, 0x9E, 0x9C, 0x00, 0x00, 0x00, 0x00, 0x00, 0x00, 0x00, 0xC1, 0x1C, 0xE2, 0x0A, 0x00,
    0x00, 0x00, 0x00, 0x00, 0x30, 0xDD, 0x02, 0x20, 0xCD, 0x03, 0x00, 0x00, 0x00, 0x10, 0xF8, 0x1B,
    0x00, 0x00, 0xB1, 0x9F, 0x02, 0x00, 0x20, 0xE8, 0x8F, 0x00, 0x00, 0x00, 0x00, 0xE6, 0xBF, 0x26,
    0xF7, 0xBF, 0x63, 0x04, 0x00, 0x00, 0x90, 0x28, 0xE8, 0x7F, 0xA0, 0x04, 0xE0, 0x0A, 0x00, 0x00,
    0xE0, 0x09, 0x10, 0x07, 0x00, 0x00, 0xF0, 0x05, 0x00, 0x00, 0xE0, 0x06, 0x00, 0x00, 0x00, 0x00,
    0xF1, 0x03, 0x00, 0x00, 0xF1, 0x09, 0x00, 0x00, 0x00, 0x00, 0xF4, 0x05, 0x00, 0x00, 0xF4, 0x0D,
    0x00, 0x00, 0x00, 0x00, 0xE7, 0x7F, 0x00, 0x00, 0xC7, 0x5B, 0x00, 0x00, 0x00, 0x00, 0x7D, 0xE4,
    0x0A, 0x00, 0x8D, 0xD5, 0x01, 0x00, 0x00, 0x60, 0x2F, 0x40, 0xBF, 0x50, 0x2F, 0xD0, 0x09, 0x00,
    0x00, 0xE3, 0x08, 0x00, 0x76, 0xD1, 0x0A, 0x40, 0x6F, 0x00, 0x40, 0xCE, 0x01, 0x00, 0x10, 0xEB,
    0x01, 0x00, 0xF9, 0x07, 0xF9, 0x1C, 0x00, 0x00, 0xC2, 0x4F, 0x00, 0x00, 0xC1, 0x8F, 0x81, 0x01,
    0x00, 0x00, 0xF9, 0x05, 0x00, 0x00, 0x10, 0x1A, 0x00, 0x00, 0x00, 0x00, 0x10, 0x00, 0x00, 0x00,
    0x00, 0x00,
    // Unicode: [0x4F18]
    0x00, 0x00, 0x50, 0x03, 0x00, 0x00, 0x00, 0x00, 0x00, 0x00, 0x00, 0x00, 0x00, 0xD0, 0x1D, 0x00,
    0xE3, 0x08, 0x20, 0x00, 0x00, 0x00, 0x00, 0x00, 0xF3, 0x04, 0x00, 0xF2, 0x06, 0xE4, 0x05, 0x00,
    0x00, 0x00, 0x00, 0xB8, 0x00, 0x00, 0xF1, 0x05, 0x50, 0x7E, 0x00, 0x00, 0x00, 0x00, 0x5D, 0x00,
    0x00, 0xF1, 0x04, 0x00, 0xE3, 0x05, 0x00, 0x00, 0x50, 0x1F, 0x00, 0x00, 0xF1, 0x04, 0x00, 0x30,
    0x00, 0x00, 0x00, 0xD0, 0x1F, 0x33, 0x22, 0xF2, 0x15, 0x21, 0x22, 0x33, 0x02, 0x00, 0xF7, 0x1F,
    0xFF, 0xEF, 0xFE, 0xEE, 0xFF, 0xFF, 0xFF, 0x07, 0x40, 0x9F, 0x0F, 0x01, 0x00, 0xF2, 0x12, 0x4F,
    0x00, 0x10, 0x01, 0xC1, 0x3D, 0x0F, 0x00, 0x00, 0xF3, 0x11, 0x4F, 0x00, 0x00, 0x00, 0x00, 0x22,
    0x0F, 0x00, 0x00, 0xE5, 0x10, 0x4F, 0x00, 0x00, 0x00, 0x00, 0x20, 0x0F, 0x00, 0x00, 0xC8, 0x10,
    0x4F, 0x00, 0x00, 0x00, 0x00, 0x20, 0x0F, 0x00, 0x00, 0x8C, 0x10, 0x4F, 0x00, 0x00, 0x00, 0x00,
    0x20, 0x0F, 0x00, 0x20, 0x4F, 0x10, 0x4F, 0x00, 0x00, 0x00, 0x00, 0x20, 0x0F, 0x00, 0x80, 0x0E,
    0x10, 0x4F, 0x00, 0x00, 0x00, 0x00, 0x20, 0x0F, 0x00, 0xE2, 0x07, 0x10, 0x4F, 0x00, 0x00, 0x00,
    0x00, 0x30, 0x0F, 0x00, 0xDA, 0x01, 0x10, 0x4F, 0x00, 0x40, 0x03, 0x00, 0x40, 0x0F, 0x80, 0x4F,
    0x00, 0x10, 0x4F, 0x00, 0x80, 0x1F, 0x00, 0x50, 0x2F, 0xFA, 0x07, 0x00, 0x10, 0xAF, 0x44, 0xE6,
    0x0A, 0x00, 0x50, 0x2F, 0x88, 0x00, 0x00, 0x00, 0xE8, 0xFF, 0xAE, 0x01,
    // Unicode: [0x4F19]
    0x00, 0x00, 0x30, 0x02, 0x00, 0x00, 0x73, 0x05, 0x00, 0x00, 0x00, 0x00, 0x00, 0x90, 0x6F, 0x00,
    0x00, 0xF4, 0x08, 0x00, 0x00, 0x00, 0x00, 0x00, 0xE0, 0x0A, 0x00, 0x00, 0xF2, 0x04, 0x00, 0x00,
    0x00, 0x00, 0x00, 0xF5, 0x02, 0x00, 0x00, 0xF2, 0x03, 0x00, 0x00, 0x00, 0x00, 0x00, 0x9C, 0x00,
    0x30, 0x02, 0xF2, 0x03, 0x00, 0x04, 0x00, 0x00, 0x50, 0x7F, 0x00, 0xD0, 0x08, 0xF2, 0x03, 0x10,
    0xDF, 0x01, 0x00, 0xD0, 0x7F, 0x00, 0xE0, 0x05, 0xF3, 0x03, 0x50, 0x5F, 0x00, 0x00, 0xF8, 0x7F,
    0x00, 0xF2, 0x02, 0xF3, 0x02, 0xB0, 0x0C, 0x00, 0x40, 0x8F, 0x7E, 0x00, 0xE6, 0x00, 0xF5, 0x04,
    0xF3, 0x04, 0x00, 0xE2, 0x1D, 0x7E, 0x00, 0x9C, 0x00, 0xF6, 0x08, 0xBB, 0x00, 0x00, 0x30, 0x03,
    0x7E, 0x30, 0x4F, 0x00, 0xF8, 0x2D, 0x3E, 0x00, 0x00, 0x00, 0x00, 0x7E, 0x00, 0x01, 0x00, 0x9C,
    0x3E, 0x00, 0x00, 0x00, 0x00, 0x00, 0x7E, 0x00, 0x00, 0x20, 0x4F, 0xA9, 0x00, 0x00, 0x00, 0x00,
    0x00, 0x7E, 0x00, 0x00, 0x80, 0x0E, 0xF3, 0x03, 0x00, 0x00, 0x00, 0x00, 0x7E, 0x00, 0x00, 0xF2,
    0x06, 0x90, 0x1C, 0x00, 0x00, 0x00, 0x00, 0x7E, 0x00, 0x00, 0xDC, 0x00, 0x10, 0xAE, 0x00, 0x00,
    0x00, 0x00, 0x7F, 0x00, 0xB1, 0x3F, 0x00, 0x00, 0xF4, 0x1A, 0x00, 0x00, 0x10, 0x7F, 0x30, 0xFC,
    0x04, 0x00, 0x00, 0x50, 0xCF, 0x03, 0x00, 0x20, 0x7F, 0xF7, 0x4E, 0x00, 0x00, 0x00, 0x00, 0xF5,
    0x1C, 0x00, 0x20, 0x7F, 0xA1, 0x02, 0x00, 0x00, 0x00, 0x00, 0x40, 0x02,
    // Unicode: [0x4F1A]
    0x00, 0x00, 0x00, 0x00, 0x00, 0x57, 0x00, 0x00, 0x00, 0x00, 0x00, 0x00, 0x00, 0x00, 0x00, 0x20,
    0xCE, 0x01, 0x00, 0x00, 0x00, 0x00, 0x00, 0x00, 0x00, 0x00, 0xB0, 0xEE, 0x02, 0x00, 0x00, 0x00,
    0x00, 0x00, 0x00, 0x00, 0x00, 0xE9, 0x82, 0x2D, 0x00, 0x00, 0x00, 0x00, 0x00, 0x00, 0x00, 0x90,
    0x3E, 0x00, 0xD9, 0x03, 0x00, 0x00, 0x00, 0x00, 0x00, 0x10, 0xEB, 0x03, 0x00, 0x80, 0x5E, 0x00,
    0x00, 0x00, 0x00, 0x00, 0xD4, 0x2D, 0x00, 0x00, 0x00, 0xF6, 0x3B, 0x00, 0x00, 0x00, 0xA2, 0xBF,
    0x24, 0x11, 0x11, 0x21, 0x52, 0xFC, 0x5A, 0x00, 0xB1, 0xEF, 0x46, 0xFF, 0xFF, 0xFF, 0xFF, 0xBF,
    0x60, 0xFD, 0x07, 0x60, 0x1A, 0x10, 0x23, 0x12, 0x11, 0x21, 0x33, 0x00, 0x50, 0x00, 0x00, 0x00,
    0x00, 0x00, 0x00, 0x00, 0x00, 0x00, 0x00, 0x00, 0x00, 0x00, 0x66, 0x56, 0x55, 0x45, 0x44, 0x55,
    0x55, 0x66, 0x37, 0x00, 0x00, 0xED, 0xDD, 0xCC, 0xFC, 0xCC, 0xCC, 0xDC, 0xED, 0x5E, 0x00, 0x00,
    0x00, 0x00, 0x00, 0xF7, 0x08, 0x00, 0x00, 0x00, 0x00, 0x00, 0x00, 0x00, 0x00, 0x40, 0xAF, 0x01,
    0x30, 0x00, 0x00, 0x00, 0x00, 0x00, 0x00, 0x00, 0xE3, 0x08, 0x00, 0xE2, 0x0A, 0x00, 0x00, 0x00,
    0x00, 0x00, 0x30, 0x7E, 0x00, 0x00, 0x30, 0xBD, 0x01, 0x00, 0x00, 0x00, 0x00, 0xE5, 0x07, 0x11,
    0x22, 0x33, 0xF6, 0x1B, 0x00, 0x00, 0x00, 0x90, 0xFF, 0xFF, 0xFF, 0xFF, 0xEF, 0xDD, 0xBE, 0x00,
    0x00, 0x00, 0x40, 0x69, 0x34, 0x12, 0x01, 0x00, 0x00, 0xF4, 0x04, 0x00, 0x00, 0x00, 0x00, 0x00,
    0x00, 0x00, 0x00, 0x00, 0x20, 0x00, 0x00,
    // Unicode: [0x4F1B]
    0x00, 0x00, 0xD1, 0x08, 0x00, 0x00, 0x00, 0x00, 0x00, 0x00, 0x00, 0x00, 0x00, 0xF4, 0x16, 0x00,
    0x00, 0x00, 0x00, 0x00, 0x10, 0x00, 0x00, 0x00, 0xC9, 0x50, 0xFF, 0xEE, 0xDD, 0xDD, 0xEE, 0xFF,
    0x04, 0x00, 0x10, 0x6E, 0x40, 0x5F, 0x44, 0x44, 0x44, 0x44, 0x65, 0x02, 0x00, 0x70, 0x3F, 0x40,
    0x2F, 0x00, 0x00, 0x00, 0x81, 0x02, 0x00, 0x00, 0xE1, 0x3F, 0x40, 0x2F, 0x75, 0x00, 0x00, 0xF4,
    0x08, 0x00, 0x00, 0xF7, 0x3F, 0x40, 0x2F, 0xF4, 0x06, 0x00, 0xCA, 0x00, 0x00, 0x20, 0xAE, 0x3F,
    0x40, 0x2F, 0x40, 0x5F, 0x20, 0x5F, 0x00, 0x00, 0xB0, 0x3E, 0x3F, 0x40, 0x2F, 0x00, 0xF5, 0x94,
    0x0C, 0x00, 0x00, 0xD2, 0x26, 0x3F, 0x40, 0x2F, 0x00, 0x80, 0xFE, 0x04, 0x00, 0x00, 0x00, 0x20,
    0x3F, 0x40, 0x2F, 0x00, 0x00, 0xED, 0x01, 0x00, 0x00, 0x00, 0x20, 0x3F, 0x40, 0x2F, 0x00, 0x50,
    0xDF, 0x0A, 0x00, 0x00, 0x00, 0x20, 0x3F, 0x40, 0x2F, 0x00, 0xE2, 0x36, 0x7E, 0x00, 0x00, 0x00,
    0x20, 0x3F, 0x40, 0x2F, 0x10, 0xBC, 0x00, 0xF6, 0x04, 0x00, 0x00, 0x20, 0x3F, 0x40, 0x2F, 0xC1,
    0x1D, 0x00, 0xA0, 0x2E, 0x00, 0x00, 0x20, 0x3F, 0x40, 0x2F, 0xEC, 0x02, 0x00, 0x10, 0x18, 0x00,
    0x00, 0x30, 0x3F, 0x40, 0x2F, 0x32, 0x00, 0x00, 0x00, 0x00, 0x00, 0x00, 0x40, 0x3F, 0x40, 0x2F,
    0x00, 0x00, 0x00, 0x00, 0x10, 0x02, 0x00, 0x40, 0x3F, 0x40, 0xEF, 0xEE, 0xEE, 0xEE, 0xFF, 0xFF,
    0x0A, 0x00, 0x50, 0x3F, 0x20, 0x44, 0x33, 0x33, 0x33, 0x33, 0x43, 0x03,
    // Unicode: [0x4F1C]
    0x00, 0x00, 0x12, 0x00, 0x00, 0x20, 0x00, 0x00, 0x00, 0x00, 0x00, 0x00, 0x00, 0xF8, 0x05, 0x00,
    0x90, 0x2E, 0x00, 0x00, 0x00, 0x00, 0x00, 0x00, 0xBD, 0x00, 0x00, 0x80, 0x0C, 0x00, 0x00, 0x00,
    0x00, 0x00, 0x30, 0x4F, 0x50, 0x45, 0xA4, 0x4C, 0x54, 0x55, 0x00, 0x00, 0x00, 0xA0, 0x0E, 0xD0,
    0xEF, 0xED, 0xDE, 0xDD, 0xAE, 0x00, 0x00, 0x00, 0xF3, 0x0E, 0x10, 0x00, 0xC0, 0x07, 0x00, 0x8A,
    0x00, 0x00, 0x00, 0xFB, 0x0E, 0x00, 0x00, 0xF1, 0x03, 0x00, 0x7B, 0x00, 0x00, 0x60, 0xCF, 0x0E,
    0x00, 0x00, 0xCA, 0x00, 0x00, 0x7B, 0x30, 0x17, 0xF3, 0x7B, 0x0E, 0x00, 0xA1, 0x3E, 0x00, 0x00,
    0x8C, 0x70, 0x0E, 0x71, 0x72, 0x0E, 0x94, 0xCE, 0x03, 0x43, 0x01, 0xFA, 0xFD, 0x08, 0x00, 0x70,
    0x1E, 0xDC, 0x06, 0x00, 0xF6, 0x01, 0x31, 0x24, 0x00, 0x00, 0x70, 0x0E, 0x01, 0x00, 0x00, 0xE6,
    0x00, 0x00, 0x00, 0x00, 0x00, 0x70, 0x0E, 0x21, 0x12, 0x11, 0xE6, 0x11, 0x21, 0x32, 0x00, 0x00,
    0x70, 0x0E, 0xF7, 0xFF, 0xFF, 0xFF, 0xFF, 0xFF, 0xEF, 0x00, 0x00, 0x70, 0x0E, 0x21, 0x11, 0x11,
    0xE6, 0x11, 0x11, 0x22, 0x00, 0x00, 0x70, 0x0E, 0x00, 0x00, 0x00, 0xE5, 0x00, 0x00, 0x00, 0x00,
    0x00, 0x70, 0x0E, 0x00, 0x00, 0x00, 0xE5, 0x00, 0x00, 0x00, 0x00, 0x00, 0x80, 0x0E, 0x00, 0x00,
    0x00, 0xF6, 0x00, 0x00, 0x00, 0x00, 0x00, 0x90, 0x0E, 0x00, 0x00, 0x00, 0xF6, 0x01, 0x00, 0x00,
    0x00, 0x00, 0xA0, 0x0E, 0x00, 0x00, 0x00, 0xF8, 0x02, 0x00, 0x00, 0x00, 0x00, 0x00, 0x00, 0x00,
    0x00, 0x00, 0x32, 0x00, 0x00, 0x00, 0x00,
    // Unicode: [0x4F1D]
    0x00, 0x00, 0x20, 0x26, 0x00, 0x00, 0x00, 0x00, 0x00, 0x00, 0x00, 0x00, 0x00, 0x60, 0x6F, 0x00,
    0x00, 0x00, 0x00, 0x00, 0x00, 0x00, 0x00, 0x00, 0xC0, 0x0B, 0xF7, 0xDE, 0xDD, 0xDD, 0xEE, 0x0E,
    0x00, 0x00, 0x00, 0xF3, 0x04, 0x53, 0x44, 0x33, 0x43, 0x54, 0x06, 0x00, 0x00, 0x00, 0xBB, 0x00,
    0x00, 0x00, 0x00, 0x00, 0x00, 0x00, 0x00, 0x00, 0x30, 0x6F, 0x00, 0x00, 0x00, 0x00, 0x00, 0x00,
    0x00, 0x00, 0x00, 0xC0, 0x6F, 0x00, 0x00, 0x00, 0x00, 0x00, 0x00, 0x00, 0x00, 0x00, 0xF7, 0x6F,
    0x00, 0x00, 0x00, 0x00, 0x00, 0x00, 0x00, 0x00, 0x30, 0x8F, 0x6E, 0x70, 0x67, 0x55, 0x55, 0x55,
    0x55, 0x76, 0x05, 0xE2, 0x0C, 0x6E, 0xD0, 0xCD, 0xCC, 0xFD, 0xCC, 0xCC, 0xDD, 0x09, 0x60, 0x03,
    0x6E, 0x00, 0x00, 0x00, 0xCA, 0x00, 0x00, 0x00, 0x00, 0x00, 0x00, 0x6E, 0x00, 0x00, 0x10, 0x6E,
    0x00, 0x00, 0x00, 0x00, 0x00, 0x00, 0x6E, 0x00, 0x00, 0x70, 0x0D, 0x00, 0x00, 0x00, 0x00, 0x00,
    0x00, 0x6E, 0x00, 0x00, 0xE1, 0x06, 0xE2, 0x02, 0x00, 0x00, 0x00, 0x00, 0x6E, 0x00, 0x00, 0xD8,
    0x00, 0x80, 0x1D, 0x00, 0x00, 0x00, 0x00, 0x6E, 0x00, 0x30, 0x4F, 0x00, 0x00, 0xBA, 0x00, 0x00,
    0x00, 0x00, 0x6F, 0x00, 0xD1, 0x0A, 0x00, 0x00, 0xD1, 0x08, 0x00, 0x00, 0x00, 0x6F, 0x30, 0xFD,
    0xAA, 0xCB, 0xDC, 0xFE, 0x4F, 0x00, 0x00, 0x10, 0x6F, 0x20, 0xDF, 0x8A, 0x67, 0x34, 0x23, 0xEB,
    0x01, 0x00, 0x20, 0x6F, 0x00, 0x01, 0x00, 0x00, 0x00, 0x00, 0x73, 0x01,
    // Unicode: [0x4F1E]
    0x00, 0x00, 0x00, 0x00, 0x20, 0x06, 0x00, 0x00, 0x00, 0x00, 0x00, 0x00, 0x00, 0x00, 0x00, 0xB0,
    0x2F, 0x00, 0x00, 0x00, 0x00, 0x00, 0x00, 0x00, 0x00, 0x00, 0xE7, 0xAB, 0x00, 0x00, 0x00, 0x00,
    0x00, 0x00, 0x00, 0x00, 0x60, 0x4F, 0xB1, 0x1B, 0x00, 0x00, 0x00, 0x00, 0x00, 0x00, 0x00, 0xF6,
    0x05, 0x10, 0xDB, 0x03, 0x00, 0x00, 0x00, 0x00, 0x00, 0x80, 0x4E, 0x10, 0x00, 0x80, 0x8F, 0x01,
    0x00, 0x00, 0x00, 0x20, 0xDC, 0x03, 0x80, 0x3F, 0x00, 0xD4, 0x6D, 0x00, 0x00, 0x10, 0xE7, 0x1A,
    0x00, 0x70, 0x0E, 0x00, 0x10, 0xF8, 0x9E, 0x02, 0xE5, 0x6E, 0x56, 0x00, 0x60, 0x0E, 0x00, 0xD3,
    0x23, 0xD9, 0x00, 0x81, 0x01, 0xE7, 0x02, 0x60, 0x0E, 0x00, 0xCA, 0x01, 0x00, 0x00, 0x00, 0x00,
    0xA0, 0x0C, 0x60, 0x0E, 0x50, 0x3F, 0x00, 0x00, 0x00, 0x00, 0x00, 0x10, 0x8E, 0x60, 0x0E, 0xE2,
    0x07, 0x00, 0x00, 0x00, 0x00, 0x00, 0x00, 0xA6, 0x60, 0x0E, 0xA6, 0x00, 0x00, 0x00, 0x00, 0x40,
    0x44, 0x33, 0x23, 0x82, 0x2E, 0x32, 0x33, 0x44, 0x25, 0x00, 0xD0, 0xEF, 0xDE, 0xDD, 0xED, 0xDF,
    0xDD, 0xDD, 0xEE, 0x4F, 0x00, 0x00, 0x00, 0x00, 0x00, 0x60, 0x0E, 0x00, 0x00, 0x00, 0x00, 0x00,
    0x00, 0x00, 0x00, 0x00, 0x60, 0x0E, 0x00, 0x00, 0x00, 0x00, 0x00, 0x00, 0x00, 0x00, 0x00, 0x70,
    0x0E, 0x00, 0x00, 0x00, 0x00, 0x00, 0x00, 0x00, 0x00, 0x00, 0x70, 0x0F, 0x00, 0x00, 0x00, 0x00,
    0x00, 0x00, 0x00, 0x00, 0x00, 0x80, 0x1F, 0x00, 0x00, 0x00, 0x00, 0x00,
    // Unicode: [0x4F1F]
    0x00, 0x00, 0x20, 0x16, 0x00, 0x00, 0x21, 0x01, 0x00, 0x00, 0x00, 0x00, 0x00, 0x60, 0x9F, 0x00,
    0x00, 0xF4, 0x09, 0x00, 0x00, 0x00, 0x00, 0x00, 0xC0, 0x0B, 0x00, 0x00, 0xF3, 0x04, 0x00, 0x00,
    0x00, 0x00, 0x00, 0xF3, 0x63, 0x45, 0x44, 0xF6, 0x46, 0x44, 0x65, 0x03, 0x00, 0x00, 0xAC, 0xE0,
    0xEE, 0xDD, 0xFD, 0xDD, 0xED, 0xFE, 0x07, 0x00, 0x70, 0x7F, 0x00, 0x00, 0x00, 0xF3, 0x04, 0x00,
    0x00, 0x00, 0x00, 0xE2, 0x7F, 0x00, 0x00, 0x00, 0xF3, 0x04, 0x00, 0x00, 0x00, 0x20, 0xBD, 0x7E,
    0x00, 0xEB, 0xDD, 0xFD, 0xDD, 0xDD, 0x2E, 0x00, 0xD1, 0x1E, 0x7E, 0x00, 0x65, 0x45, 0xF6, 0x46,
    0x54, 0x16, 0x00, 0x50, 0x04, 0x7E, 0x00, 0x00, 0x00, 0xF3, 0x04, 0x00, 0x00, 0x00, 0x00, 0x00,
    0x7E, 0x20, 0x01, 0x00, 0xF3, 0x04, 0x00, 0x21, 0x01, 0x00, 0x00, 0x7E, 0xE0, 0xFF, 0xEE, 0xFE,
    0xEE, 0xFE, 0xFF, 0x03, 0x00, 0x00, 0x7E, 0x40, 0x33, 0x23, 0xF5, 0x25, 0x22, 0xF5, 0x01, 0x00,
    0x00, 0x7E, 0x00, 0x00, 0x00, 0xF3, 0x04, 0x00, 0xF5, 0x00, 0x00, 0x00, 0x7E, 0x00, 0x00, 0x00,
    0xF3, 0x04, 0x00, 0xE7, 0x00, 0x00, 0x00, 0x7E, 0x00, 0x00, 0x00, 0xF3, 0x14, 0x22, 0xCB, 0x00,
    0x00, 0x00, 0x7F, 0x00, 0x00, 0x00, 0xF3, 0x14, 0xFE, 0x6F, 0x00, 0x00, 0x10, 0x7F, 0x00, 0x00,
    0x00, 0xF3, 0x04, 0x45, 0x01, 0x00, 0x00, 0x10, 0x7F, 0x00, 0x00, 0x00, 0xF3, 0x04, 0x00, 0x00,
    0x00, 0x00, 0x20, 0x7F, 0x00, 0x00, 0x00, 0xF5, 0x05, 0x00, 0x00, 0x00, 0x00, 0x00, 0x00, 0x00,
    0x00, 0x00, 0x21, 0x01, 0x00, 0x00, 0x00,
    // Unicode: [0x4F20]
    0x00, 0x00, 0x60, 0x04, 0x00, 0x00, 0x54, 0x02, 0x00, 0x00, 0x00, 0x00, 0x00, 0xD0, 0x2D, 0x00,
    0x00, 0xFA, 0x06, 0x00, 0x00, 0x00, 0x00, 0x00, 0xF4, 0x03, 0x00, 0x00, 0xCC, 0x00, 0x00, 0x00,
    0x00, 0x00, 0x00, 0xB9, 0x40, 0x34, 0x33, 0x9F, 0x33, 0x43, 0x15, 0x00, 0x00, 0x20, 0x7F, 0xB0,
    0xDE, 0xED, 0xDF, 0xDD, 0xED, 0x4F, 0x00, 0x00, 0x90, 0x6F, 0x00, 0x00, 0x80, 0x0D, 0x00, 0x00,
    0x00, 0x00, 0x00, 0xF3, 0x6F, 0x00, 0x00, 0xC0, 0x09, 0x00, 0x00, 0x00, 0x00, 0x00, 0xCC, 0x6E,
    0x44, 0x33, 0xF4, 0x37, 0x33, 0x33, 0x44, 0x03, 0xA0, 0x3F, 0x6E, 0xEC, 0xDD, 0xFE, 0xDD, 0xDD,
    0xDD, 0xED, 0x09, 0x92, 0x08, 0x6E, 0x00, 0x00, 0xC9, 0x00, 0x00, 0x00, 0x00, 0x00, 0x00, 0x00,
    0x6E, 0x00, 0x00, 0x8E, 0x00, 0x00, 0x00, 0x00, 0x00, 0x00, 0x00, 0x6E, 0x00, 0x50, 0x7F, 0x44,
    0x44, 0x54, 0x36, 0x00, 0x00, 0x00, 0x6E, 0x00, 0x80, 0xBB, 0xBB, 0xBB, 0xEB, 0x6F, 0x00, 0x00,
    0x00, 0x6E, 0x00, 0x00, 0x00, 0x00, 0x00, 0xF6, 0x19, 0x00, 0x00, 0x00, 0x6E, 0x00, 0x00, 0x00,
    0x00, 0x60, 0x6F, 0x00, 0x00, 0x00, 0x00, 0x6E, 0x00, 0x00, 0x57, 0x00, 0xF6, 0x06, 0x00, 0x00,
    0x00, 0x00, 0x6F, 0x00, 0x00, 0xE8, 0x8D, 0x6F, 0x00, 0x00, 0x00, 0x00, 0x00, 0x6F, 0x00, 0x00,
    0x10, 0xF9, 0x4E, 0x00, 0x00, 0x00, 0x00, 0x10, 0x6F, 0x00, 0x00, 0x00, 0x20, 0xFB, 0x2A, 0x00,
    0x00, 0x00, 0x20, 0x6F, 0x00, 0x00, 0x00, 0x00, 0x60, 0x8E, 0x00, 0x00, 0x00, 0x00, 0x00, 0x00,
    0x00, 0x00, 0x00, 0x00, 0x01, 0x00, 0x00,
    // Unicode: [0x4F21]
    0x00, 0x00, 0x30, 0x00, 0x00, 0x10, 0x00, 0x00, 0x00, 0x00, 0x00, 0x00, 0xF4, 0x09, 0x00, 0xE0,
    0x2C, 0x00, 0x00, 0x00, 0x00, 0x00, 0xDA, 0x01, 0x00, 0xF4, 0x07, 0x00, 0x00, 0x00, 0x00, 0x20,
    0x5F, 0x66, 0x56, 0xFB, 0x55, 0x55, 0x66, 0x17, 0x00, 0x90, 0x0C, 0xDB, 0xDD, 0xCF, 0xCC, 0xCC,
    0xDD, 0x1E, 0x00, 0xF3, 0x07, 0x00, 0x80, 0x0D, 0x00, 0x00, 0x00, 0x00, 0x00, 0xFC, 0x07, 0x00,
    0xE1, 0x06, 0xD8, 0x05, 0x00, 0x00, 0x80, 0xFF, 0x07, 0x00, 0xD8, 0x00, 0xE8, 0x00, 0x00, 0x00,
    0xF5, 0xE8, 0x07, 0x20, 0x5E, 0x00, 0xD8, 0x00, 0x00, 0x00, 0xCD, 0xE1, 0x07, 0xC2, 0x2D, 0x22,
    0xE9, 0x32, 0x43, 0x04, 0x22, 0xE0, 0x07, 0xF8, 0xEF, 0xDE, 0xFE, 0xEE, 0xFE, 0x0A, 0x00, 0xE0,
    0x07, 0x11, 0x00, 0x00, 0xD8, 0x00, 0x00, 0x00, 0x00, 0xE0, 0x07, 0x00, 0x00, 0x00, 0xD8, 0x00,
    0x00, 0x00, 0x00, 0xE0, 0x17, 0x01, 0x00, 0x00, 0xD8, 0x00, 0x00, 0x21, 0x00, 0xE0, 0x67, 0xFF,
    0xFF, 0xEE, 0xFF, 0xFE, 0xFF, 0xFF, 0x00, 0xE0, 0x27, 0x34, 0x23, 0x22, 0xE9, 0x22, 0x33, 0x43,
    0x00, 0xF0, 0x07, 0x00, 0x00, 0x00, 0xE8, 0x00, 0x00, 0x00, 0x00, 0xF1, 0x07, 0x00, 0x00, 0x00,
    0xE9, 0x00, 0x00, 0x00, 0x00, 0xF2, 0x07, 0x00, 0x00, 0x00, 0xFA, 0x00, 0x00, 0x00, 0x00, 0xF2,
    0x07, 0x00, 0x00, 0x00, 0xFB, 0x01, 0x00, 0x00, 0x00, 0x00, 0x00, 0x00, 0x00, 0x00, 0x11, 0x00,
    0x00, 0x00,
    // Unicode: [0x4F22]
    0x00, 0x00, 0x20, 0x39, 0x00, 0x00, 0x00, 0x00, 0x00, 0x00, 0x00, 0x00, 0x00, 0x60, 0x8F, 0x43,
    0x33, 0x22, 0x22, 0x32, 0x43, 0x02, 0x00, 0x00, 0xC0, 0x0A, 0xEA, 0xDD, 0xCC, 0xEC, 0xDF, 0xED,
    0x07, 0x00, 0x00, 0xF4, 0x02, 0x00, 0x00, 0x00, 0x60, 0x0E, 0x00, 0x00, 0x00, 0x00, 0xAB, 0x00,
    0x30, 0x36, 0x00, 0x60, 0x0E, 0x00, 0x00, 0x00, 0x40, 0x5F, 0x00, 0x70, 0x8F, 0x00, 0x60, 0x0E,
    0x00, 0x00, 0x00, 0xD1, 0x4F, 0x00, 0xA0, 0x0D, 0x00, 0x60, 0x0E, 0x00, 0x00, 0x00, 0xEA, 0x4F,
    0x00, 0xE0, 0x08, 0x00, 0x60, 0x0E, 0x00, 0x00, 0x80, 0x5F, 0x4F, 0x00, 0xF7, 0x03, 0x00, 0x60,
    0x0E, 0x20, 0x04, 0xF5, 0x09, 0x4F, 0x30, 0xFF, 0xEE, 0xEE, 0xFE, 0xFF, 0xFF, 0x0E, 0x30, 0x00,
    0x4F, 0x00, 0x57, 0x12, 0x81, 0x79, 0x1E, 0x32, 0x04, 0x00, 0x00, 0x4F, 0x00, 0x00, 0x00, 0xE1,
    0x62, 0x0E, 0x00, 0x00, 0x00, 0x00, 0x4F, 0x00, 0x00, 0x00, 0x99, 0x60, 0x0E, 0x00, 0x00, 0x00,
    0x00, 0x4F, 0x00, 0x00, 0x50, 0x2E, 0x60, 0x0E, 0x00, 0x00, 0x00, 0x00, 0x4F, 0x00, 0x00, 0xE3,
    0x07, 0x60, 0x0E, 0x00, 0x00, 0x00, 0x00, 0x4F, 0x00, 0x30, 0xBE, 0x00, 0x60, 0x0E, 0x00, 0x00,
    0x00, 0x10, 0x4F, 0x00, 0xE4, 0x1C, 0x00, 0x60, 0x0E, 0x00, 0x00, 0x00, 0x20, 0x4F, 0x91, 0xCF,
    0x01, 0x00, 0x70, 0x0E, 0x00, 0x00, 0x00, 0x30, 0x4F, 0xD5, 0x19, 0x00, 0x71, 0xE7, 0x0D, 0x00,
    0x00, 0x00, 0x40, 0x4F, 0x00, 0x00, 0x00, 0xB0, 0xEF, 0x05, 0x00, 0x00, 0x00, 0x00, 0x00, 0x00,
    0x00, 0x00, 0x10, 0x01, 0x00, 0x00, 0x00,
    // Unicode: [0x4F23]
    0x00, 0x00, 0x31, 0x00, 0x00, 0x00, 0x00, 0x00, 0x00, 0x00, 0x00, 0x00, 0x00, 0xF5, 0x07, 0x12,
    0x11, 0x11, 0x11, 0x22, 0x01, 0x00, 0x00, 0x00, 0xCA, 0x00, 0xFE, 0xFF, 0xFF, 0xFF, 0xFF, 0x05,
    0x00, 0x00, 0x10, 0x5E, 0x00, 0x7E, 0x11, 0x11, 0x11, 0xF2, 0x04, 0x00, 0x00, 0x60, 0x0F, 0x00,
    0x7E, 0x00, 0x22, 0x00, 0xF1, 0x04, 0x00, 0x00, 0xD0, 0x0E, 0x00, 0x7E, 0x00, 0xF7, 0x02, 0xF1,
    0x04, 0x00, 0x00, 0xF7, 0x0E, 0x00, 0x7E, 0x00, 0xE6, 0x00, 0xF1, 0x04, 0x00, 0x20, 0xDE, 0x0E,
    0x00, 0x7E, 0x00, 0xD6, 0x00, 0xF1, 0x04, 0x00, 0xB0, 0x6E, 0x0E, 0x00, 0x7E, 0x00, 0xC7, 0x00,
    0xF1, 0x04, 0x00, 0xC1, 0x57, 0x0E, 0x00, 0x7E, 0x00, 0xB7, 0x00, 0xF1, 0x04, 0x00, 0x10, 0x50,
    0x0E, 0x00, 0x7E, 0x00, 0xA9, 0x00, 0xF1, 0x04, 0x00, 0x00, 0x50, 0x0E, 0x00, 0x7E, 0x00, 0xFB,
    0x0A, 0xF1, 0x04, 0x00, 0x00, 0x50, 0x0E, 0x00, 0x7F, 0x00, 0xDE, 0x09, 0xF1, 0x05, 0x00, 0x00,
    0x50, 0x0E, 0x10, 0x7F, 0x30, 0x8F, 0x09, 0xC1, 0x05, 0x00, 0x00, 0x50, 0x0E, 0x00, 0x01, 0xA0,
    0x6C, 0x09, 0x00, 0x00, 0x00, 0x00, 0x50, 0x0E, 0x00, 0x00, 0xF4, 0x65, 0x09, 0x00, 0x20, 0x00,
    0x00, 0x50, 0x0E, 0x00, 0x30, 0xBE, 0x60, 0x09, 0x00, 0x50, 0x1C, 0x00, 0x60, 0x0E, 0x00, 0xE4,
    0x1C, 0x60, 0x09, 0x00, 0x80, 0x0E, 0x00, 0x70, 0x0E, 0x91, 0xBF, 0x01, 0x50, 0x6E, 0x44, 0xE6,
    0x09, 0x00, 0x80, 0x2E, 0xDE, 0x06, 0x00, 0x10, 0xEA, 0xFF, 0xBE, 0x01, 0x00, 0x00, 0x00, 0x01,
    0x00, 0x00, 0x00, 0x00, 0x00, 0x00, 0x00,
    // Unicode: [0x4F24]
    0x00, 0x00, 0x65, 0x01, 0x30, 0x00, 0x00, 0x00, 0x00, 0x00, 0x00, 0x00, 0xEA, 0x03, 0xE0, 0x1D,
    0x00, 0x00, 0x00, 0x00, 0x00, 0x10, 0x8E, 0x00, 0xF4, 0x06, 0x00, 0x00, 0x00, 0x00, 0x00, 0x60,
    0x1E, 0x00, 0xEA, 0x33, 0x33, 0x33, 0x33, 0x33, 0x00, 0xD0, 0x09, 0x20, 0xEF, 0xEE, 0xEE, 0xEE,
    0xFE, 0xAF, 0x00, 0xF6, 0x06, 0xA0, 0x0D, 0x10, 0x13, 0x00, 0x00, 0x10, 0x10, 0xFE, 0x06, 0xF4,
    0x05, 0x50, 0x8F, 0x00, 0x00, 0x00, 0x90, 0xED, 0x26, 0xAE, 0x00, 0x30, 0x3F, 0x00, 0x00, 0x00,
    0xF5, 0xE6, 0x86, 0x1D, 0x00, 0x40, 0x1F, 0x00, 0x00, 0x00, 0xBB, 0xE0, 0x06, 0x53, 0x44, 0x73,
    0x3F, 0x43, 0x54, 0x03, 0x10, 0xE0, 0x06, 0xF5, 0xEE, 0xEE, 0xDF, 0xDD, 0xFD, 0x07, 0x00, 0xE0,
    0x06, 0x00, 0x00, 0xA0, 0x0B, 0x00, 0xF0, 0x06, 0x00, 0xE0, 0x06, 0x00, 0x00, 0xE0, 0x07, 0x00,
    0xF0, 0x05, 0x00, 0xE0, 0x06, 0x00, 0x00, 0xF3, 0x02, 0x00, 0xF2, 0x04, 0x00, 0xE0, 0x06, 0x00,
    0x00, 0xBA, 0x00, 0x00, 0xF3, 0x03, 0x00, 0xE0, 0x06, 0x00, 0x20, 0x4F, 0x00, 0x00, 0xF4, 0x03,
    0x00, 0xF0, 0x06, 0x00, 0xC1, 0x09, 0x00, 0x00, 0xF5, 0x02, 0x00, 0xF0, 0x06, 0x00, 0xCA, 0x01,
    0x00, 0x00, 0xF6, 0x01, 0x00, 0xF1, 0x06, 0xC2, 0x2D, 0x00, 0x00, 0x87, 0xDD, 0x00, 0x00, 0xF2,
    0x06, 0xB7, 0x01, 0x00, 0x00, 0xF7, 0x5D, 0x00,
    // Unicode: [0x4F25]
    0x00, 0x00, 0x10, 0x26, 0x10, 0x12, 0x00, 0x00, 0x00, 0x00, 0x00, 0x00, 0x00, 0x60, 0x7F, 0x30,
    0x7F, 0x00, 0x00, 0x90, 0x04, 0x00, 0x00, 0x00, 0xB0, 0x0C, 0x30, 0x3F, 0x00, 0x00, 0xF4, 0x1A,
    0x00, 0x00, 0x00, 0xF3, 0x04, 0x20, 0x3F, 0x00, 0x10, 0xBD, 0x00, 0x00, 0x00, 0x00, 0xBB, 0x00,
    0x20, 0x3F, 0x00, 0x90, 0x2E, 0x00, 0x00, 0x00, 0x40, 0x7F, 0x00, 0x20, 0x3F, 0x00, 0xF7, 0x04,
    0x00, 0x00, 0x00, 0xC0, 0x7F, 0x00, 0x20, 0x3F, 0x70, 0x7F, 0x00, 0x00, 0x00, 0x00, 0xE8, 0x7E,
    0x00, 0x20, 0x3F, 0x90, 0x08, 0x00, 0x00, 0x00, 0x40, 0x6F, 0x7E, 0x43, 0x54, 0x5F, 0x33, 0x33,
    0x33, 0x54, 0x02, 0xE2, 0x0B, 0x7E, 0xF8, 0xEE, 0xDF, 0xED, 0xDE, 0xDD, 0xFE, 0x06, 0xC3, 0x02,
    0x7E, 0x00, 0x20, 0x3F, 0x60, 0x0C, 0x00, 0x00, 0x00, 0x00, 0x00, 0x7E, 0x00, 0x20, 0x3F, 0x20,
    0x2F, 0x00, 0x00, 0x00, 0x00, 0x00, 0x7E, 0x00, 0x20, 0x3F, 0x00, 0x8C, 0x00, 0x00, 0x00, 0x00,
    0x00, 0x7E, 0x00, 0x20, 0x3F, 0x00, 0xE6, 0x01, 0x00, 0x00, 0x00, 0x00, 0x7E, 0x00, 0x20, 0x3F,
    0x00, 0xD0, 0x09, 0x00, 0x00, 0x00, 0x00, 0x7E, 0x00, 0x20, 0x3F, 0x00, 0x40, 0x7F, 0x00, 0x00,
    0x00, 0x00, 0x7F, 0x00, 0x20, 0x3F, 0x20, 0x08, 0xF6, 0x19, 0x00, 0x00, 0x00, 0x7F, 0x00, 0x30,
    0x5F, 0xF9, 0x0C, 0x60, 0xDF, 0x05, 0x00, 0x10, 0x7F, 0x00, 0x90, 0xFF, 0x4B, 0x00, 0x00, 0xE4,
    0x06, 0x00, 0x20, 0x7F, 0x00, 0x70, 0x3C, 0x00, 0x00, 0x00, 0x10, 0x00,
    // Unicode: [0x4F26]
    0x00, 0x00, 0x10, 0x4A, 0x00, 0x00, 0xB0, 0x18, 0x00, 0x00, 0x00, 0x00, 0x00, 0x60, 0x7F, 0x00,
    0x00, 0xF1, 0x09, 0x00, 0x00, 0x00, 0x00, 0x00, 0xB0, 0x0B, 0x00, 0x00, 0xE7, 0x1D, 0x00, 0x00,
    0x00, 0x00, 0x00, 0xF3, 0x03, 0x00, 0x00, 0x6D, 0x9A, 0x00, 0x00, 0x00, 0x00, 0x00, 0xAB, 0x00,
    0x00, 0x70, 0x0D, 0xD1, 0x06, 0x00, 0x00, 0x00, 0x40, 0x4F, 0x00, 0x00, 0xF3, 0x04, 0x40, 0x4F,
    0x00, 0x00, 0x00, 0xD1, 0x4F, 0x00, 0x20, 0x9D, 0x00, 0x00, 0xE7, 0x04, 0x00, 0x00, 0xEA, 0x4F,
    0x00, 0xD2, 0x1C, 0x00, 0x00, 0x80, 0x6F, 0x00, 0x70, 0x5F, 0x4F, 0x50, 0xDE, 0x96, 0x03, 0x00,
    0x00, 0xF8, 0x2B, 0xE2, 0x18, 0x4F, 0xF5, 0x1C, 0xE7, 0x00, 0x00, 0x50, 0x60, 0x1C, 0x10, 0x10,
    0x4F, 0x50, 0x01, 0xE7, 0x00, 0x10, 0xFB, 0x06, 0x00, 0x00, 0x10, 0x4F, 0x00, 0x00, 0xE7, 0x00,
    0xD4, 0x7E, 0x02, 0x00, 0x00, 0x10, 0x4F, 0x00, 0x00, 0xE7, 0xA2, 0x7E, 0x01, 0x00, 0x00, 0x00,
    0x10, 0x4F, 0x00, 0x00, 0xF7, 0x8E, 0x01, 0x00, 0x00, 0x00, 0x00, 0x10, 0x4F, 0x00, 0x00, 0xE7,
    0x02, 0x00, 0x00, 0x00, 0x00, 0x00, 0x10, 0x4F, 0x00, 0x00, 0xE7, 0x00, 0x00, 0x00, 0x00, 0x00,
    0x00, 0x20, 0x4F, 0x00, 0x00, 0xE7, 0x00, 0x00, 0x00, 0x71, 0x00, 0x00, 0x20, 0x4F, 0x00, 0x00,
    0xF7, 0x00, 0x00, 0x00, 0xF6, 0x05, 0x00, 0x30, 0x4F, 0x00, 0x00, 0xF5, 0x49, 0x33, 0x63, 0xCE,
    0x00, 0x00, 0x40, 0x4F, 0x00, 0x00, 0x80, 0xED, 0xFF, 0xDF, 0x1A, 0x00,
    // Unicode: [0x4F27]
    0x00, 0x00, 0x10, 0x03, 0x00, 0x00, 0x23, 0x00, 0x00, 0x00, 0x00, 0x00, 0x00, 0x60, 0x7F, 0x00,
    0x00, 0xF9, 0x04, 0x00, 0x00, 0x00, 0x00, 0x00, 0xC0, 0x0B, 0x00, 0x10, 0xDE, 0x01, 0x00, 0x00,
    0x00, 0x00, 0x00, 0xF4, 0x03, 0x00, 0x80, 0xAE, 0x09, 0x00, 0x00, 0x00, 0x00, 0x00, 0xAC, 0x00,
    0x00, 0xE2, 0x16, 0x6E, 0x00, 0x00, 0x00, 0x00, 0x60, 0x6F, 0x00, 0x10, 0xBC, 0x00, 0xF4, 0x05,
    0x00, 0x00, 0x00, 0xE1, 0x6F, 0x00, 0xA0, 0x1D, 0x00, 0x50, 0x8F, 0x01, 0x00, 0x00, 0xDA, 0x6E,
    0x10, 0xEA, 0x02, 0x00, 0x00, 0xE4, 0x6D, 0x00, 0x70, 0x3F, 0x6E, 0xD3, 0x6E, 0x23, 0x22, 0x22,
    0x43, 0xFC, 0x0A, 0xF5, 0x07, 0x6E, 0xD9, 0xE2, 0xEF, 0xEE, 0xEE, 0x8F, 0x70, 0x03, 0x71, 0x00,
    0x6E, 0x10, 0xE0, 0x05, 0x00, 0x00, 0x7D, 0x00, 0x00, 0x00, 0x00, 0x6E, 0x00, 0xE0, 0x05, 0x00,
    0x00, 0x5E, 0x00, 0x00, 0x00, 0x00, 0x6E, 0x00, 0xE0, 0x05, 0x00, 0x00, 0x4F, 0x00, 0x00, 0x00,
    0x00, 0x6E, 0x00, 0xE0, 0x05, 0x00, 0x10, 0x3F, 0x00, 0x00, 0x00, 0x00, 0x6E, 0x00, 0xE0, 0x05,
    0xB1, 0xCA, 0x1E, 0x00, 0x00, 0x00, 0x00, 0x6E, 0x00, 0xE0, 0x05, 0x90, 0xAC, 0x03, 0x00, 0x00,
    0x00, 0x00, 0x6F, 0x00, 0xE0, 0x05, 0x00, 0x00, 0x00, 0x36, 0x00, 0x00, 0x00, 0x6F, 0x00, 0xE0,
    0x05, 0x00, 0x00, 0x00, 0xAD, 0x00, 0x00, 0x10, 0x6F, 0x00, 0xD0, 0x3A, 0x23, 0x32, 0x94, 0x4F,
    0x00, 0x00, 0x20, 0x6F, 0x00, 0x60, 0xFD, 0xFF, 0xFF, 0xCE, 0x06, 0x00,
    // Unicode: [0x4F28]
    0x00, 0x00, 0x40, 0x02, 0x00, 0x14, 0x00, 0x00, 0x00, 0x00, 0x00, 0x00, 0xB0, 0x2E, 0x00, 0xED,
    0x03, 0x00, 0x00, 0x00, 0x00, 0x00, 0xF2, 0x06, 0x30, 0x5F, 0x00, 0x00, 0x00, 0x00, 0x00, 0x00,
    0xD8, 0x00, 0xA0, 0x1C, 0x11, 0x11, 0x11, 0x22, 0x00, 0x10, 0x7E, 0x00, 0xF3, 0xFF, 0xFF, 0xFF,
    0xFF, 0xAF, 0x00, 0x70, 0x2F, 0x00, 0xBB, 0x22, 0x22, 0x22, 0x22, 0x9C, 0x00, 0xE1, 0x2F, 0x70,
    0x2F, 0x00, 0x00, 0x00, 0x00, 0x9B, 0x00, 0xF9, 0x2F, 0xF6, 0x08, 0x27, 0x00, 0x00, 0x00, 0x8B,
    0x50, 0x8F, 0x2F, 0xA3, 0x11, 0xEB, 0x06, 0x00, 0x00, 0x8C, 0xD1, 0x3B, 0x2F, 0x00, 0x00, 0x60,
    0x9F, 0x01, 0x00, 0x8C, 0x20, 0x32, 0x2F, 0x00, 0x00, 0x00, 0xE4, 0x05, 0x00, 0x7C, 0x00, 0x30,
    0x2F, 0x00, 0x00, 0x00, 0x10, 0x80, 0x02, 0x7C, 0x00, 0x30, 0x2F, 0x00, 0x00, 0x00, 0x50, 0xED,
    0x05, 0x6D, 0x00, 0x30, 0x2F, 0x00, 0x00, 0x50, 0xEC, 0x18, 0x00, 0x6E, 0x00, 0x30, 0x2F, 0x00,
    0x72, 0xFD, 0x18, 0x00, 0x00, 0x5E, 0x00, 0x30, 0x2F, 0x40, 0xFF, 0x2A, 0x00, 0x00, 0x10, 0x4F,
    0x00, 0x30, 0x2F, 0x00, 0x38, 0x00, 0x00, 0x00, 0x30, 0x3F, 0x00, 0x40, 0x2F, 0x00, 0x00, 0x00,
    0x00, 0x00, 0x80, 0x1F, 0x00, 0x50, 0x2F, 0x00, 0x00, 0x00, 0xA6, 0x78, 0xFA, 0x0A, 0x00, 0x60,
    0x2F, 0x00, 0x00, 0x00, 0xF1, 0xEF, 0x8C, 0x01,
    // Unicode: [0x4F29]
    0x00, 0x00, 0x21, 0x00, 0x00, 0x31, 0x00, 0x00, 0x00, 0x00, 0x00, 0x00, 0xF5, 0x05, 0x00, 0xE8,
    0x03, 0x00, 0x00, 0x00, 0x00, 0x00, 0xAB, 0x00, 0x00, 0xA0, 0x2E, 0x00, 0x00, 0x00, 0x00, 0x30,
    0x2F, 0x00, 0x00, 0x00, 0xAD, 0x00, 0x00, 0x00, 0x00, 0xA0, 0x0A, 0x55, 0x44, 0x33, 0x45, 0x43,
    0x54, 0x25, 0x00, 0xF3, 0x06, 0xEE, 0xDD, 0xDD, 0xDD, 0xED, 0xEE, 0x4F, 0x00, 0xFC, 0x06, 0x00,
    0x00, 0x00, 0x00, 0xC0, 0x07, 0x00, 0x80, 0xFE, 0x06, 0x00, 0x12, 0x00, 0x00, 0xF0, 0x04, 0x00,
    0xF5, 0xE6, 0x06, 0x00, 0x8D, 0x00, 0x00, 0xF3, 0x01, 0x00, 0xAB, 0xE0, 0x06, 0x00, 0xE7, 0x01,
    0x00, 0xC7, 0x00, 0x00, 0x10, 0xE0, 0x06, 0x00, 0xE1, 0x07, 0x00, 0x7D, 0x00, 0x00, 0x00, 0xE0,
    0x06, 0x00, 0x60, 0x2E, 0x40, 0x2F, 0x00, 0x00, 0x00, 0xE0, 0x06, 0x00, 0x00, 0xBC, 0xC0, 0x09,
    0x00, 0x00, 0x00, 0xE0, 0x06, 0x00, 0x00, 0xE2, 0xEC, 0x01, 0x00, 0x00, 0x00, 0xE0, 0x06, 0x00,
    0x00, 0x70, 0xAF, 0x00, 0x00, 0x00, 0x00, 0xE0, 0x06, 0x00, 0x00, 0xE3, 0xFA, 0x1A, 0x00, 0x00,
    0x00, 0xF0, 0x06, 0x00, 0x70, 0x8F, 0x40, 0xDE, 0x03, 0x00, 0x00, 0xF0, 0x06, 0x61, 0xED, 0x05,
    0x00, 0xC2, 0xAF, 0x03, 0x00, 0xF1, 0x76, 0xFE, 0x2A, 0x00, 0x00, 0x00, 0xF8, 0x8F, 0x00, 0xF2,
    0x16, 0x28, 0x00, 0x00, 0x00, 0x00, 0x20, 0x09,
    // Unicode: [0x4F2A]
    0x00, 0x00, 0xA0, 0x18, 0x00, 0x10, 0x79, 0x00, 0x00, 0x00, 0x00, 0x00, 0xF1, 0x2B, 0x07, 0x00,
    0xBE, 0x00, 0x00, 0x00, 0x00, 0x00, 0xE7, 0x31, 0x6F, 0x00, 0x8D, 0x00, 0x00, 0x00, 0x00, 0x10,
    0x7E, 0x00, 0xE6, 0x02, 0x7D, 0x00, 0x00, 0x00, 0x00, 0x80, 0x1E, 0x00, 0xC0, 0x08, 0x7E, 0x00,
    0x00, 0x00, 0x00, 0xF3, 0x0E, 0x00, 0x10, 0x00, 0x7E, 0x00, 0x00, 0x00, 0x10, 0xFD, 0x0E, 0xE8,
    0xDD, 0xCD, 0xEF, 0xCC, 0xCC, 0x5D, 0xA0, 0x8E, 0x0E, 0x64, 0x55, 0x54, 0x7F, 0x44, 0x54, 0x5F,
    0xF9, 0x65, 0x0E, 0x00, 0x00, 0x30, 0x2F, 0x00, 0x20, 0x4F, 0x82, 0x60, 0x0E, 0x00, 0x00, 0x50,
    0x0E, 0x00, 0x30, 0x3F, 0x00, 0x60, 0x0E, 0x00, 0x00, 0x80, 0x3B, 0x09, 0x40, 0x2F, 0x00, 0x60,
    0x0E, 0x00, 0x00, 0xD0, 0x27, 0x6E, 0x50, 0x1F, 0x00, 0x60, 0x0E, 0x00, 0x00, 0xF3, 0x02, 0xE6,
    0x61, 0x0F, 0x00, 0x60, 0x0E, 0x00, 0x00, 0xC9, 0x00, 0xD0, 0x68, 0x0E, 0x00, 0x60, 0x0E, 0x00,
    0x10, 0x5E, 0x00, 0x20, 0x70, 0x0E, 0x00, 0x60, 0x0E, 0x00, 0x90, 0x0C, 0x00, 0x00, 0x80, 0x0D,
    0x00, 0x70, 0x0E, 0x00, 0xF4, 0x03, 0x00, 0x00, 0x90, 0x0C, 0x00, 0x70, 0x0E, 0x20, 0x7E, 0x00,
    0x00, 0x00, 0xB0, 0x0B, 0x00, 0x80, 0x0E, 0xD2, 0x0A, 0x00, 0x00, 0x78, 0xF8, 0x08, 0x00, 0x90,
    0x1E, 0xAB, 0x00, 0x00, 0x00, 0xF8, 0xAE, 0x02,
    // Unicode: [0x4F2B]
    0x00, 0x00, 0x70, 0x29, 0x00, 0x20, 0x04, 0x00, 0x00, 0x00, 0x00, 0x00, 0x00, 0xC0, 0x1D, 0x00,
    0x70, 0x6F, 0x00, 0x00, 0x00, 0x00, 0x00, 0x00, 0xF1, 0x06, 0x00, 0x00, 0xF6, 0x07, 0x00, 0x00,
    0x00, 0x00, 0x00, 0xD7, 0x00, 0x00, 0x00, 0x70, 0x3F, 0x00, 0x00, 0x00, 0x00, 0x00, 0x7E, 0x00,
    0x00, 0x00, 0x00, 0x03, 0x00, 0x00, 0x00, 0x00, 0x70, 0x6F, 0x80, 0xEE, 0xDD, 0xDD, 0xDD, 0xDD,
    0xFE, 0x04, 0x00, 0xE2, 0x6F, 0x80, 0x3C, 0x33, 0x33, 0x33, 0x33, 0xF5, 0x04, 0x00, 0xCB, 0x6E,
    0x80, 0x0C, 0x00, 0x00, 0x00, 0x00, 0xF2, 0x04, 0x90, 0x3F, 0x6E, 0x80, 0x0C, 0x00, 0x00, 0x00,
    0x00, 0xF2, 0x04, 0xE2, 0x08, 0x6E, 0x40, 0x06, 0x00, 0x00, 0x00, 0x00, 0x91, 0x02, 0x20, 0x00,
    0x6E, 0x00, 0x00, 0x00, 0x00, 0x00, 0x00, 0x00, 0x00, 0x00, 0x00, 0x6E, 0x00, 0x00, 0x00, 0x00,
    0x00, 0x00, 0x00, 0x00, 0x00, 0x00, 0x6E, 0x00, 0x00, 0x00, 0x00, 0x00, 0x00, 0x00, 0x00, 0x00,
    0x00, 0x6E, 0x00, 0x00, 0x00, 0x00, 0x00, 0x00, 0x00, 0x00, 0x00, 0x00, 0x6E, 0x00, 0x00, 0x00,
    0x00, 0x00, 0x00, 0x00, 0x00, 0x00, 0x00, 0x6E, 0x00, 0x00, 0x00, 0x00, 0x00, 0x00, 0x00, 0x00,
    0x00, 0x00, 0x6F, 0x61, 0x45, 0x33, 0x33, 0x33, 0x33, 0x54, 0x06, 0x00, 0x10, 0x6F, 0xF2, 0xEE,
    0xDD, 0xDD, 0xDD, 0xDD, 0xEE, 0x0F, 0x00, 0x20, 0x6F, 0x00, 0x00, 0x00, 0x00, 0x00, 0x00, 0x00,
    0x00, 0x00, 0x20, 0x6F, 0x00, 0x00, 0x00, 0x00, 0x00, 0x00, 0x00, 0x00,
    // Unicode: [0x4F2C]
    0x00, 0x00, 0x40, 0x15, 0x00, 0x00, 0x00, 0x00, 0x00, 0x00, 0x00, 0x00, 0x00, 0xB0, 0x3E, 0x00,
    0x00, 0x00, 0x00, 0x00, 0x00, 0x00, 0x00, 0x00, 0xF1, 0x07, 0xF8, 0xEE, 0xDD, 0xDD, 0xEE, 0x6F,
    0x00, 0x00, 0x00, 0xD8, 0x00, 0xF7, 0x44, 0x44, 0x44, 0x44, 0x6F, 0x00, 0x00, 0x10, 0x7E, 0x00,
    0xF7, 0x00, 0x00, 0x00, 0x00, 0x6F, 0x00, 0x00, 0x80, 0x2F, 0x00, 0xF7, 0x00, 0x00, 0x00, 0x00,
    0x6F, 0x00, 0x00, 0xF3, 0x2F, 0x00, 0xF7, 0x00, 0x00, 0x00, 0x00, 0x6F, 0x00, 0x00, 0xFC, 0x2F,
    0x00, 0xF7, 0x00, 0x00, 0x00, 0x00, 0x6F, 0x00, 0x90, 0x6F, 0x2F, 0x00, 0xF7, 0x44, 0x44, 0x44,
    0x44, 0x6F, 0x00, 0xF4, 0x37, 0x2F, 0x00, 0xF7, 0xDD, 0xED, 0xDE, 0xDD, 0x7F, 0x00, 0x40, 0x30,
    0x2F, 0x00, 0xE7, 0x00, 0x60, 0x0D, 0x00, 0x7E, 0x00, 0x00, 0x30, 0x2F, 0x00, 0xE8, 0x00, 0x20,
    0x3F, 0x00, 0x00, 0x00, 0x00, 0x30, 0x2F, 0x00, 0xD9, 0x00, 0x00, 0x9B, 0x00, 0x00, 0x00, 0x00,
    0x30, 0x2F, 0x00, 0xBB, 0x00, 0x00, 0xF5, 0x02, 0x00, 0x00, 0x00, 0x30, 0x2F, 0x00, 0x8D, 0x00,
    0x00, 0xC0, 0x0B, 0x00, 0x00, 0x00, 0x30, 0x2F, 0x20, 0x5F, 0x00, 0x00, 0x30, 0x8F, 0x00, 0x00,
    0x00, 0x30, 0x2F, 0x80, 0x0E, 0x00, 0x00, 0x00, 0xF5, 0x1A, 0x00, 0x00, 0x40, 0x2F, 0xE2, 0x09,
    0x00, 0x00, 0x00, 0x50, 0xEF, 0x07, 0x00, 0x50, 0x2F, 0xFB, 0x02, 0x00, 0x00, 0x00, 0x00, 0xC3,
    0x0C, 0x00, 0x60, 0x2F, 0x62, 0x00, 0x00, 0x00, 0x00, 0x00, 0x00, 0x02,
    // Unicode: [0x4F2D]
    0x00, 0x00, 0x10, 0x01, 0x00, 0x00, 0x04, 0x00, 0x00, 0x00, 0x00, 0x00, 0x00, 0x60, 0x5E, 0x00,
    0x50, 0x4F, 0x00, 0x00, 0x00, 0x00, 0x00, 0x00, 0xC0, 0x0B, 0x00, 0x00, 0xD9, 0x01, 0x00, 0x00,
    0x00, 0x00, 0x00, 0xF3, 0x53, 0x45, 0x33, 0xE3, 0x3A, 0x33, 0x54, 0x02, 0x00, 0x00, 0xCB, 0xE0,
    0xDE, 0xCD, 0xCC, 0xCC, 0xDD, 0xED, 0x05, 0x00, 0x40, 0x6F, 0x00, 0x00, 0x10, 0x9D, 0x00, 0x00,
    0x00, 0x00, 0x00, 0xD0, 0x6F, 0x00, 0x00, 0x90, 0x4E, 0x00, 0x00, 0x00, 0x00, 0x00, 0xF8, 0x6F,
    0x00, 0x00, 0xE4, 0x02, 0x00, 0x98, 0x02, 0x00, 0x50, 0x7F, 0x6F, 0x00, 0x20, 0x3D, 0x00, 0x20,
    0xBE, 0x02, 0x00, 0xE2, 0x0B, 0x6F, 0x00, 0xD3, 0x07, 0x00, 0xB0, 0x1C, 0x00, 0x00, 0x30, 0x01,
    0x6F, 0x20, 0xFF, 0xEE, 0xEE, 0xEF, 0x02, 0x00, 0x00, 0x00, 0x00, 0x6F, 0x00, 0x47, 0x23, 0x41,
    0x3E, 0x00, 0x00, 0x00, 0x00, 0x00, 0x6F, 0x00, 0x00, 0x00, 0xE2, 0x05, 0x00, 0x00, 0x00, 0x00,
    0x00, 0x6F, 0x00, 0x00, 0x10, 0x7C, 0x10, 0x28, 0x00, 0x00, 0x00, 0x00, 0x6F, 0x00, 0x00, 0xB0,
    0x09, 0x00, 0xBA, 0x00, 0x00, 0x00, 0x00, 0x6F, 0x00, 0x00, 0xAA, 0x00, 0x00, 0xD1, 0x06, 0x00,
    0x00, 0x00, 0x6F, 0x00, 0xB1, 0x0B, 0x00, 0x00, 0x50, 0x1E, 0x00, 0x00, 0x10, 0x6F, 0x70, 0xFE,
    0xAB, 0xBA, 0xCB, 0xDC, 0x8F, 0x00, 0x00, 0x20, 0x6F, 0x60, 0xAD, 0x78, 0x56, 0x34, 0x12, 0xE4,
    0x01, 0x00, 0x30, 0x6F, 0x00, 0x00, 0x00, 0x00, 0x00, 0x00, 0x20, 0x00,
    // Unicode: [0x4F2E]
    0x00, 0x00, 0x14, 0x00, 0x55, 0x00, 0x00, 0x00, 0x00, 0x00, 0x00, 0x00, 0xDE, 0x01, 0xDB, 0x01,
    0x00, 0x00, 0x00, 0x00, 0x00, 0x40, 0x4F, 0x00, 0x8C, 0x00, 0x32, 0x23, 0x32, 0x04, 0x00, 0xA0,
    0x0C, 0x00, 0x5D, 0x00, 0xF6, 0xEF, 0xFE, 0x0F, 0x00, 0xF2, 0x16, 0x34, 0x5F, 0x33, 0x53, 0x0D,
    0x50, 0x0E, 0x00, 0xF9, 0x26, 0xDD, 0xDF, 0xFD, 0x48, 0x0D, 0x60, 0x0D, 0x20, 0xFF, 0x06, 0x40,
    0x0D, 0xD0, 0x46, 0x0D, 0x60, 0x0C, 0xB0, 0xEC, 0x06, 0x70, 0x0A, 0xF0, 0x34, 0x0E, 0x80, 0x0A,
    0xF7, 0xE4, 0x06, 0xA0, 0x07, 0xF2, 0x22, 0x0F, 0x90, 0x08, 0x9B, 0xE0, 0x06, 0xD0, 0x04, 0xE5,
    0x00, 0x1F, 0xB0, 0x05, 0x10, 0xE0, 0x06, 0xE1, 0x00, 0xA9, 0x00, 0x3D, 0xE0, 0x02, 0x00, 0xE0,
    0x06, 0xB5, 0x00, 0x6D, 0x00, 0x6A, 0xD3, 0x00, 0x00, 0xE0, 0x06, 0xCA, 0x33, 0x2F, 0x00, 0xA7,
    0x98, 0x00, 0x00, 0xE0, 0x06, 0x81, 0xEE, 0x0C, 0x00, 0xE2, 0x3D, 0x00, 0x00, 0xE0, 0x06, 0x00,
    0xF3, 0xAF, 0x02, 0xC0, 0x0B, 0x00, 0x00, 0xE0, 0x06, 0x00, 0x9B, 0xD3, 0x1D, 0xF6, 0x2E, 0x00,
    0x00, 0xE0, 0x06, 0x80, 0x1E, 0x10, 0x73, 0x6F, 0xDA, 0x01, 0x00, 0xE0, 0x06, 0xF8, 0x05, 0x20,
    0xFB, 0x07, 0xD1, 0x2D, 0x00, 0xF0, 0xA6, 0x6F, 0x20, 0xF9, 0x4D, 0x00, 0x30, 0xBE, 0x00, 0xF2,
    0x16, 0x05, 0x20, 0x8C, 0x01, 0x00, 0x00, 0x12,
    // Unicode: [0x4F2F]
    0x00, 0x00, 0x20, 0x26, 0x00, 0x00, 0x80, 0x04, 0x00, 0x00, 0x00, 0x00, 0x60, 0x6F, 0x00, 0x00,
    0xF3, 0x0A, 0x00, 0x00, 0x00, 0x00, 0xC0, 0x0B, 0x00, 0x00, 0xE7, 0x01, 0x00, 0x00, 0x00, 0x00,
    0xF4, 0x03, 0x32, 0x22, 0x9C, 0x21, 0x22, 0x23, 0x00, 0x00, 0xBC, 0x00, 0xF7, 0xEE, 0xEE, 0xEE,
    0xEE, 0x9F, 0x00, 0x50, 0x7F, 0x00, 0xF6, 0x00, 0x00, 0x00, 0x00, 0x8E, 0x00, 0xE1, 0x7F, 0x00,
    0xF5, 0x00, 0x00, 0x00, 0x00, 0x7E, 0x00, 0xDA, 0x7E, 0x00, 0xF5, 0x00, 0x00, 0x00, 0x00, 0x7E,
    0x60, 0x4F, 0x7E, 0x00, 0xF5, 0x00, 0x00, 0x00, 0x00, 0x7E, 0xF4, 0x09, 0x7E, 0x00, 0xF5, 0x00,
    0x00, 0x00, 0x00, 0x7E, 0x81, 0x01, 0x7E, 0x00, 0xF5, 0xDD, 0xDD, 0xDD, 0xDD, 0x7F, 0x00, 0x00,
    0x7E, 0x00, 0xF5, 0x44, 0x44, 0x44, 0x44, 0x7E, 0x00, 0x00, 0x7E, 0x00, 0xF5, 0x00, 0x00, 0x00,
    0x00, 0x7E, 0x00, 0x00, 0x7E, 0x00, 0xF5, 0x00, 0x00, 0x00, 0x00, 0x7E, 0x00, 0x00, 0x7E, 0x00,
    0xF5, 0x00, 0x00, 0x00, 0x00, 0x7E, 0x00, 0x00, 0x7E, 0x00, 0xF5, 0x00, 0x00, 0x00, 0x00, 0x7E,
    0x00, 0x00, 0x7F, 0x00, 0xF5, 0x22, 0x22, 0x22, 0x22, 0x7E, 0x00, 0x10, 0x7F, 0x00, 0xF5, 0xFF,
    0xFF, 0xFF, 0xFF, 0x8F, 0x00, 0x10, 0x7F, 0x00, 0xF6, 0x00, 0x00, 0x00, 0x00, 0x9E, 0x00, 0x20,
    0x7F, 0x00, 0xF8, 0x00, 0x00, 0x00, 0x00, 0xAE, 0x00, 0x00, 0x00, 0x00, 0x31, 0x00, 0x00, 0x00,
    0x00, 0x00,
    // Unicode: [0x4F30]
    0x00, 0x00, 0x40, 0x02, 0x00, 0x00, 0x50, 0x03, 0x00, 0x00, 0x00, 0x00, 0x00, 0xC0, 0x2E, 0x00,
    0x00, 0xF0, 0x0A, 0x00, 0x00, 0x00, 0x00, 0x00, 0xF2, 0x06, 0x00, 0x00, 0xE0, 0x06, 0x00, 0x00,
    0x00, 0x00, 0x00, 0xD8, 0x00, 0x00, 0x00, 0xE0, 0x06, 0x00, 0x00, 0x00, 0x00, 0x10, 0x7E, 0x00,
    0x00, 0x00, 0xE0, 0x06, 0x00, 0x00, 0x00, 0x00, 0x60, 0x5F, 0xF2, 0xDE, 0xDD, 0xFD, 0xDE, 0xDD,
    0xEE, 0x08, 0x00, 0xE1, 0x5F, 0x61, 0x55, 0x44, 0xE4, 0x49, 0x44, 0x55, 0x03, 0x00, 0xD8, 0x5E,
    0x00, 0x00, 0x00, 0xE0, 0x06, 0x00, 0x00, 0x00, 0x40, 0x5F, 0x5E, 0x00, 0x00, 0x00, 0xE0, 0x06,
    0x00, 0x00, 0x00, 0xE1, 0x0C, 0x5E, 0x00, 0x00, 0x00, 0xE0, 0x06, 0x00, 0x00, 0x00, 0xA1, 0x02,
    0x5E, 0x00, 0x74, 0x56, 0xE5, 0x59, 0x66, 0x17, 0x00, 0x00, 0x00, 0x5E, 0x00, 0xF7, 0xCC, 0xCC,
    0xCC, 0xDC, 0x2F, 0x00, 0x00, 0x00, 0x5E, 0x00, 0xE6, 0x00, 0x00, 0x00, 0x40, 0x1F, 0x00, 0x00,
    0x00, 0x5E, 0x00, 0xE6, 0x00, 0x00, 0x00, 0x40, 0x1F, 0x00, 0x00, 0x00, 0x5E, 0x00, 0xE6, 0x00,
    0x00, 0x00, 0x40, 0x1F, 0x00, 0x00, 0x00, 0x5E, 0x00, 0xE6, 0x00, 0x00, 0x00, 0x40, 0x1F, 0x00,
    0x00, 0x00, 0x5E, 0x00, 0xE6, 0x22, 0x22, 0x22, 0x52, 0x1F, 0x00, 0x00, 0x00, 0x5F, 0x00, 0xF7,
    0xFF, 0xFF, 0xFF, 0xFF, 0x2F, 0x00, 0x00, 0x10, 0x5F, 0x00, 0xE7, 0x11, 0x11, 0x11, 0x51, 0x3F,
    0x00, 0x00, 0x20, 0x5F, 0x00, 0xB7, 0x00, 0x00, 0x00, 0x40, 0x4F, 0x00,
    // Unicode: [0x4F31]
    0x00, 0x00, 0x00, 0x01, 0x00, 0x00, 0x00, 0x00, 0x00, 0x00, 0x00, 0x00, 0x00, 0x40, 0x7E, 0x00,
    0x00, 0xA0, 0x18, 0x00, 0x00, 0x00, 0x00, 0x00, 0x90, 0x3F, 0x00, 0x00, 0xF2, 0x08, 0x00, 0x00,
    0x00, 0x00, 0x00, 0xE1, 0x08, 0x00, 0x00, 0xDA, 0x0C, 0x00, 0x00, 0x00, 0x00, 0x00, 0xE8, 0x01,
    0x00, 0x50, 0x2E, 0x9A, 0x00, 0x00, 0x00, 0x00, 0x20, 0x7E, 0x00, 0x00, 0xE3, 0x06, 0xC1, 0x0A,
    0x00, 0x00, 0x00, 0xA0, 0x6F, 0x00, 0x40, 0x9E, 0x00, 0x10, 0xBD, 0x02, 0x00, 0x00, 0xF6, 0x6F,
    0x10, 0xF8, 0x09, 0x71, 0x04, 0xC1, 0x7E, 0x01, 0x30, 0x8F, 0x6E, 0xD6, 0x6E, 0x00, 0xF1, 0x06,
    0x00, 0xF8, 0x1E, 0xE2, 0x0C, 0x6E, 0xB3, 0x02, 0x00, 0xF0, 0x05, 0x00, 0x30, 0x05, 0x60, 0x02,
    0x6E, 0x00, 0x00, 0x00, 0xF0, 0x05, 0x00, 0x00, 0x00, 0x00, 0x00, 0x6E, 0x00, 0x50, 0x3D, 0xF0,
    0x25, 0x0A, 0x00, 0x00, 0x00, 0x00, 0x6E, 0x00, 0xB0, 0x0A, 0xF0, 0x05, 0x8C, 0x00, 0x00, 0x00,
    0x00, 0x6E, 0x00, 0xE4, 0x01, 0xF0, 0x05, 0xE2, 0x04, 0x00, 0x00, 0x00, 0x6E, 0x00, 0x7C, 0x00,
    0xF0, 0x05, 0x70, 0x1D, 0x00, 0x00, 0x00, 0x6E, 0x80, 0x1D, 0x00, 0xF0, 0x05, 0x00, 0xAC, 0x00,
    0x00, 0x00, 0x6E, 0xF5, 0x04, 0x00, 0xF0, 0x05, 0x00, 0xF4, 0x05, 0x00, 0x00, 0x6F, 0x84, 0x00,
    0x00, 0xF0, 0x05, 0x00, 0x90, 0x04, 0x00, 0x10, 0x6F, 0x00, 0x00, 0x00, 0xF0, 0x05, 0x00, 0x00,
    0x00, 0x00, 0x10, 0x6F, 0x00, 0x00, 0xA6, 0xFB, 0x04, 0x00, 0x00, 0x00, 0x00, 0x20, 0x6F, 0x00,
    0x00, 0xD4, 0x9C, 0x00, 0x00, 0x00, 0x00,
    // Unicode: [0x4F32]
    0x00, 0x00, 0x40, 0x4B, 0x00, 0x00, 0x00, 0x00, 0x00, 0x00, 0x00, 0x00, 0x00, 0x90, 0x2E, 0x21,
    0x01, 0x00, 0x00, 0x10, 0x11, 0x00, 0x00, 0x00, 0xE0, 0x07, 0xF7, 0xFF, 0xFF, 0xFF, 0xFF, 0x8F,
    0x00, 0x00, 0x00, 0xE6, 0x01, 0xF6, 0x11, 0x11, 0x11, 0x11, 0x7E, 0x00, 0x00, 0x00, 0x8D, 0x00,
    0xF6, 0x00, 0x00, 0x00, 0x00, 0x6E, 0x00, 0x00, 0x70, 0x7F, 0x00, 0xF6, 0x00, 0x00, 0x00, 0x00,
    0x6E, 0x00, 0x00, 0xE1, 0x7F, 0x00, 0xF5, 0x22, 0x22, 0x22, 0x22, 0x7E, 0x00, 0x00, 0xDA, 0x7E,
    0x00, 0xF5, 0xEE, 0xEE, 0xEE, 0xFF, 0x7F, 0x00, 0x70, 0x4F, 0x7D, 0x00, 0xE5, 0x00, 0x00, 0x00,
    0x00, 0x10, 0x00, 0xE3, 0x0A, 0x7D, 0x00, 0xE6, 0x00, 0xA5, 0x04, 0x00, 0x00, 0x00, 0x10, 0x01,
    0x7D, 0x00, 0xD6, 0x00, 0xF6, 0x01, 0x00, 0x10, 0x00, 0x00, 0x00, 0x7D, 0x00, 0xC7, 0x00, 0xE6,
    0x00, 0x30, 0xDA, 0x02, 0x00, 0x00, 0x7D, 0x00, 0xB9, 0x00, 0xE6, 0x50, 0xFB, 0x8C, 0x03, 0x00,
    0x00, 0x7D, 0x00, 0x9A, 0x00, 0xF6, 0xDE, 0x38, 0x00, 0x00, 0x00, 0x00, 0x7D, 0x00, 0x7C, 0x00,
    0xE6, 0x04, 0x00, 0x00, 0x00, 0x00, 0x00, 0x7D, 0x00, 0x3F, 0x00, 0xE6, 0x00, 0x00, 0x00, 0x00,
    0x00, 0x00, 0x7E, 0x30, 0x0E, 0x00, 0xE6, 0x00, 0x00, 0x30, 0x01, 0x00, 0x00, 0x7F, 0x90, 0x09,
    0x00, 0xE6, 0x00, 0x00, 0xB0, 0x0C, 0x00, 0x10, 0x7F, 0xE1, 0x02, 0x00, 0xF4, 0x47, 0x44, 0xF8,
    0x06, 0x00, 0x10, 0x7F, 0xAA, 0x00, 0x00, 0x80, 0xED, 0xFF, 0x8D, 0x00,
    // Unicode: [0x4F33]
    0x00, 0x00, 0x40, 0x05, 0x00, 0x00, 0x21, 0x01, 0x21, 0x01, 0x00, 0x00, 0x00, 0xB0, 0x3E, 0x00,
    0x00, 0xF6, 0x07, 0xF3, 0x08, 0x00, 0x00, 0x00, 0xF2, 0x04, 0x93, 0x06, 0xF5, 0x02, 0xF2, 0x04,
    0x00, 0x00, 0x00, 0xB9, 0x00, 0xF3, 0x04, 0xF4, 0x02, 0xF2, 0x04, 0x00, 0x00, 0x20, 0x7F, 0x00,
    0xF2, 0x04, 0xF4, 0x02, 0xF2, 0x04, 0x00, 0x00, 0xB0, 0x7F, 0x00, 0xF2, 0x04, 0xF4, 0x02, 0xF1,
    0x04, 0x00, 0x00, 0xF7, 0x7F, 0x00, 0xF2, 0x04, 0xF3, 0x02, 0xF1, 0x04, 0x00, 0x40, 0x9F, 0x7E,
    0xD9, 0xFD, 0xCD, 0xFD, 0xCD, 0xFC, 0xED, 0x08, 0xE2, 0x1D, 0x7E, 0x54, 0xF6, 0x47, 0xF6, 0x45,
    0xF5, 0x57, 0x03, 0x30, 0x04, 0x7E, 0x00, 0xF2, 0x04, 0xF3, 0x02, 0xF1, 0x04, 0x00, 0x00, 0x00,
    0x7E, 0x00, 0xF2, 0x04, 0xF3, 0x02, 0xF1, 0x04, 0x00, 0x00, 0x00, 0x7E, 0x00, 0xF2, 0x04, 0xF3,
    0x02, 0xF1, 0x04, 0x00, 0x00, 0x00, 0x7E, 0x00, 0xF2, 0x04, 0xF3, 0x02, 0xF1, 0x04, 0x00, 0x00,
    0x00, 0x7E, 0x00, 0xF2, 0x04, 0xF3, 0x02, 0xF1, 0x04, 0x00, 0x00, 0x00, 0x7E, 0x00, 0xF2, 0x04,
    0xF3, 0xEE, 0xFE, 0x04, 0x00, 0x00, 0x00, 0x7E, 0x00, 0xF2, 0x04, 0x21, 0x12, 0x22, 0x01, 0x00,
    0x00, 0x00, 0x7E, 0x00, 0xF2, 0x04, 0x00, 0x00, 0x00, 0x00, 0x00, 0x00, 0x00, 0x7F, 0x00, 0xF3,
    0x04, 0x00, 0x00, 0x00, 0x10, 0x00, 0x00, 0x10, 0x7F, 0x00, 0xF4, 0xEE, 0xEE, 0xEE, 0xFE, 0xFF,
    0x03, 0x00, 0x20, 0x7F, 0x00, 0x31, 0x33, 0x33, 0x33, 0x33, 0x43, 0x01,
    // Unicode: [0x4F34]
    0x00, 0x00, 0x30, 0x04, 0x00, 0x00, 0x51, 0x03, 0x00, 0x00, 0x00, 0x00, 0x00, 0x90, 0x5F, 0x00,
    0x00, 0xF2, 0x08, 0x00, 0x02, 0x00, 0x00, 0x00, 0xE1, 0x28, 0x1A, 0x00, 0xF1, 0x05, 0x00, 0xCC,
    0x03, 0x00, 0x00, 0xE6, 0x11, 0xCD, 0x01, 0xF0, 0x05, 0x60, 0x6F, 0x00, 0x00, 0x00, 0x8D, 0x00,
    0xD2, 0x0B, 0xF0, 0x05, 0xE1, 0x09, 0x00, 0x00, 0x70, 0x4F, 0x00, 0x30, 0x9F, 0xF0, 0x05, 0xCB,
    0x00, 0x00, 0x00, 0xE2, 0x4F, 0x00, 0x00, 0x46, 0xF0, 0x15, 0x39, 0x00, 0x00, 0x00, 0xEB, 0x4F,
    0x00, 0x00, 0x00, 0xF0, 0x05, 0x00, 0x00, 0x00, 0x90, 0x4F, 0x4F, 0xD0, 0xDE, 0xDD, 0xFD, 0xDE,
    0xDD, 0xFE, 0x04, 0xE2, 0x17, 0x4F, 0x50, 0x45, 0x44, 0xF4, 0x47, 0x44, 0x55, 0x01, 0x30, 0x10,
    0x4F, 0x00, 0x00, 0x00, 0xF0, 0x05, 0x00, 0x00, 0x00, 0x00, 0x10, 0x4F, 0x00, 0x00, 0x00, 0xF0,
    0x05, 0x00, 0x00, 0x00, 0x00, 0x10, 0x4F, 0x42, 0x33, 0x22, 0xF2, 0x26, 0x32, 0x33, 0x04, 0x00,
    0x10, 0x4F, 0xF8, 0xFF, 0xFF, 0xFF, 0xFF, 0xFF, 0xFF, 0x0F, 0x00, 0x10, 0x4F, 0x21, 0x11, 0x01,
    0xF0, 0x05, 0x10, 0x21, 0x02, 0x00, 0x10, 0x4F, 0x00, 0x00, 0x00, 0xF0, 0x05, 0x00, 0x00, 0x00,
    0x00, 0x20, 0x4F, 0x00, 0x00, 0x00, 0xF0, 0x05, 0x00, 0x00, 0x00, 0x00, 0x30, 0x4F, 0x00, 0x00,
    0x00, 0xF0, 0x05, 0x00, 0x00, 0x00, 0x00, 0x40, 0x4F, 0x00, 0x00, 0x00, 0xF1, 0x06, 0x00, 0x00,
    0x00, 0x00, 0x50, 0x4F, 0x00, 0x00, 0x00, 0xF2, 0x07, 0x00, 0x00, 0x00, 0x00, 0x00, 0x00, 0x00,
    0x00, 0x00, 0x20, 0x01, 0x00, 0x00, 0x00,
    // Unicode: [0x4F35]
    0x00, 0x00, 0x80, 0x1C, 0x00, 0x00, 0x00, 0x00, 0x00, 0x00, 0x00, 0x00, 0xD0, 0x08, 0x00, 0x00,
    0x00, 0x00, 0x00, 0x00, 0x00, 0x00, 0xE4, 0x01, 0xEF, 0xDE, 0xDD, 0xDD, 0xEE, 0x3F, 0x00, 0x00,
    0x9A, 0x00, 0x8E, 0x62, 0x2E, 0xD7, 0x42, 0x2F, 0x00, 0x30, 0x3F, 0x00, 0x6E, 0x40, 0x0E, 0xD5,
    0x20, 0x1F, 0x00, 0xB0, 0x2F, 0x00, 0x6E, 0x40, 0x0E, 0xD5, 0x20, 0x1F, 0x00, 0xF4, 0x2F, 0x00,
    0x6E, 0x40, 0x0E, 0xD5, 0x20, 0x1F, 0x00, 0xBD, 0x2F, 0x00, 0x6E, 0x40, 0x0E, 0xD5, 0x20, 0x1F,
    0x80, 0x3E, 0x2F, 0x00, 0x6E, 0x50, 0x0D, 0xD5, 0x20, 0x1F, 0xF4, 0x26, 0x2F, 0x00, 0x6E, 0x60,
    0x0C, 0xD5, 0x20, 0x1F, 0xB8, 0x20, 0x2F, 0x00, 0x6E, 0x80, 0x0A, 0xD5, 0x20, 0x1F, 0x10, 0x20,
    0x2F, 0x00, 0x6E, 0xC0, 0x06, 0xD5, 0x20, 0x1F, 0x00, 0x20, 0x2F, 0x00, 0x6E, 0xF3, 0x02, 0xE5,
    0x21, 0x1F, 0x00, 0x20, 0x2F, 0x00, 0x7E, 0xBC, 0x00, 0xF3, 0xFF, 0x1F, 0x00, 0x20, 0x2F, 0x00,
    0x7E, 0x37, 0x00, 0x10, 0x53, 0x1F, 0x00, 0x20, 0x2F, 0x00, 0x6E, 0x00, 0x00, 0x00, 0x20, 0x2F,
    0x00, 0x30, 0x2F, 0x00, 0x8F, 0x33, 0x33, 0x33, 0x43, 0x2F, 0x00, 0x40, 0x2F, 0x00, 0xFF, 0xEE,
    0xEE, 0xEE, 0xEE, 0x3F, 0x00, 0x40, 0x2F, 0x20, 0x6F, 0x00, 0x00, 0x00, 0x20, 0x4E, 0x00, 0x50,
    0x2F, 0x00, 0x01, 0x00, 0x00, 0x00, 0x00, 0x00,
    // Unicode: [0x4F36]
    0x00, 0x00, 0x40, 0x3A, 0x00, 0x00, 0x84, 0x03, 0x00, 0x00, 0x00, 0x00, 0x00, 0x90, 0x1D, 0x00,
    0x00, 0xE8, 0x03, 0x00, 0x00, 0x00, 0x00, 0x00, 0xE1, 0x05, 0x00, 0x00, 0xED, 0x02, 0x00, 0x00,
    0x00, 0x00, 0x00, 0xC8, 0x00, 0x00, 0x60, 0x9E, 0x0C, 0x00, 0x00, 0x00, 0x00, 0x20, 0x5F, 0x00,
    0x00, 0xE1, 0x06, 0x9C, 0x00, 0x00, 0x00, 0x00, 0xC0, 0x4F, 0x00, 0x00, 0xAB, 0x00, 0xD2, 0x08,
    0x00, 0x00, 0x00, 0xE8, 0x4F, 0x00, 0x90, 0x1D, 0x04, 0x30, 0x9E, 0x00, 0x00, 0x60, 0x6F, 0x4F,
    0x00, 0xDA, 0x12, 0x8E, 0x00, 0xE3, 0x2C, 0x00, 0xD1, 0x1A, 0x4F, 0xC3, 0x2E, 0x00, 0xD2, 0x07,
    0x20, 0xFC, 0x09, 0x20, 0x10, 0x4F, 0xC9, 0x02, 0x00, 0x40, 0x4F, 0x00, 0x90, 0x05, 0x00, 0x10,
    0x4F, 0x10, 0x00, 0x00, 0x00, 0x03, 0x00, 0x00, 0x00, 0x00, 0x10, 0x4F, 0xC0, 0xEF, 0xDD, 0xDD,
    0xDD, 0xEE, 0x1F, 0x00, 0x00, 0x10, 0x4F, 0x50, 0x55, 0x44, 0x33, 0x33, 0xF7, 0x07, 0x00, 0x00,
    0x10, 0x4F, 0x00, 0x00, 0x00, 0x00, 0x30, 0x5E, 0x00, 0x00, 0x00, 0x10, 0x4F, 0x00, 0x00, 0x00,
    0x00, 0xE2, 0x05, 0x00, 0x00, 0x00, 0x10, 0x4F, 0x00, 0x80, 0x2C, 0x20, 0x7D, 0x00, 0x00, 0x00,
    0x00, 0x10, 0x4F, 0x00, 0x10, 0xE8, 0xD6, 0x08, 0x00, 0x00, 0x00, 0x00, 0x20, 0x4F, 0x00, 0x00,
    0x40, 0xED, 0x01, 0x00, 0x00, 0x00, 0x00, 0x30, 0x4F, 0x00, 0x00, 0x00, 0xB1, 0x3D, 0x00, 0x00,
    0x00, 0x00, 0x40, 0x4F, 0x00, 0x00, 0x00, 0x00, 0xE9, 0x01, 0x00, 0x00, 0x00, 0x00, 0x00, 0x00,
    0x00, 0x00, 0x00, 0x20, 0x00, 0x00, 0x00,
    // Unicode: [0x4F37]
    0x00, 0x00, 0x35, 0x00, 0x00, 0x10, 0x24, 0x00, 0x00, 0x00, 0x00, 0x00, 0xCE, 0x01, 0x00, 0x20,
    0xAF, 0x00, 0x00, 0x00, 0x00, 0x20, 0x4F, 0x00, 0x00, 0x10, 0x6F, 0x00, 0x00, 0x00, 0x00, 0x80,
    0x0D, 0x00, 0x00, 0x00, 0x6F, 0x00, 0x00, 0x00, 0x00, 0xD0, 0x07, 0x42, 0x23, 0x22, 0x7F, 0x22,
    0x33, 0x02, 0x00, 0xF5, 0x04, 0xF5, 0xFF, 0xFF, 0xFF, 0xFF, 0xFF, 0x07, 0x00, 0xFC, 0x04, 0xF4,
    0x02, 0x00, 0x6F, 0x00, 0xE0, 0x07, 0x50, 0xFF, 0x04, 0xF4, 0x02, 0x00, 0x6F, 0x00, 0xE0, 0x06,
    0xE2, 0xFC, 0x04, 0xF4, 0x02, 0x00, 0x6F, 0x00, 0xE0, 0x06, 0xEC, 0xF4, 0x04, 0xF4, 0x02, 0x00,
    0x6F, 0x00, 0xE0, 0x06, 0x75, 0xF2, 0x04, 0xF4, 0x24, 0x32, 0x7F, 0x22, 0xE2, 0x06, 0x00, 0xF2,
    0x04, 0xF4, 0xEE, 0xEE, 0xFF, 0xEE, 0xFE, 0x06, 0x00, 0xF2, 0x04, 0xF4, 0x02, 0x00, 0x6F, 0x00,
    0xE0, 0x06, 0x00, 0xF2, 0x04, 0xF4, 0x02, 0x00, 0x6F, 0x00, 0xE0, 0x06, 0x00, 0xF2, 0x04, 0xF4,
    0x02, 0x00, 0x6F, 0x00, 0xE0, 0x06, 0x00, 0xF2, 0x04, 0xF4, 0x02, 0x00, 0x6F, 0x00, 0xE0, 0x06,
    0x00, 0xF3, 0x04, 0xF4, 0x34, 0x33, 0x7F, 0x33, 0xE3, 0x06, 0x00, 0xF4, 0x04, 0xF4, 0xEE, 0xEE,
    0xEE, 0xEE, 0xFE, 0x07, 0x00, 0xF4, 0x04, 0xF5, 0x02, 0x00, 0x00, 0x00, 0xE0, 0x07, 0x00, 0xF5,
    0x04, 0xF6, 0x02, 0x00, 0x00, 0x00, 0x40, 0x02,
    // Unicode: [0x4F38]
    0x00, 0x00, 0xB9, 0x02, 0x00, 0x10, 0x9D, 0x00, 0x00, 0x00, 0x00, 0x00, 0xCD, 0x01, 0x00, 0x00,
    0x7F, 0x00, 0x00, 0x00, 0x00, 0x20, 0x4F, 0x00, 0x00, 0x00, 0x7E, 0x00, 0x00, 0x00, 0x00, 0x80,
    0x0C, 0x00, 0x00, 0x00, 0x7E, 0x00, 0x00, 0x00, 0x00, 0xE0, 0x06, 0xF3, 0xEE, 0xDE, 0xEF, 0xED,
    0xEE, 0x0F, 0x00, 0xF6, 0x06, 0xF2, 0x36, 0x33, 0x8E, 0x33, 0x83, 0x0E, 0x10, 0xFE, 0x06, 0xF1,
    0x04, 0x00, 0x7D, 0x00, 0x60, 0x0E, 0x80, 0xFE, 0x06, 0xF1, 0x04, 0x00, 0x7D, 0x00, 0x60, 0x0E,
    0xF4, 0xF7, 0x06, 0xF1, 0x14, 0x11, 0x7E, 0x11, 0x71, 0x0E, 0xDA, 0xF0, 0x06, 0xF1, 0xEE, 0xEE,
    0xFF, 0xEE, 0xFE, 0x0E, 0x10, 0xF0, 0x06, 0xF1, 0x04, 0x00, 0x7D, 0x00, 0x60, 0x0E, 0x00, 0xF0,
    0x06, 0xF1, 0x04, 0x00, 0x7D, 0x00, 0x60, 0x0E, 0x00, 0xF0, 0x06, 0xF1, 0x14, 0x11, 0x7D, 0x11,
    0x71, 0x0E, 0x00, 0xF0, 0x06, 0xF2, 0xFF, 0xFF, 0xFF, 0xFF, 0xFF, 0x0E, 0x00, 0xF0, 0x06, 0xF3,
    0x04, 0x00, 0x7D, 0x00, 0x60, 0x0F, 0x00, 0xF0, 0x06, 0xA2, 0x02, 0x00, 0x7E, 0x00, 0x30, 0x18,
    0x00, 0xF0, 0x06, 0x00, 0x00, 0x00, 0x7E, 0x00, 0x00, 0x00, 0x00, 0xF1, 0x06, 0x00, 0x00, 0x00,
    0x8E, 0x00, 0x00, 0x00, 0x00, 0xF2, 0x06, 0x00, 0x00, 0x00, 0x8F, 0x00, 0x00, 0x00, 0x00, 0xF3,
    0x06, 0x00, 0x00, 0x10, 0x9F, 0x00, 0x00, 0x00,
    // Unicode: [0x4F39]
    0x00, 0x00, 0x50, 0x04, 0x00, 0x00, 0x00, 0x00, 0x00, 0x00, 0x00, 0x00, 0x00, 0xE0, 0x1C, 0x11,
    0x00, 0x00, 0x00, 0x10, 0x01, 0x00, 0x00, 0x00, 0xF4, 0x02, 0xF6, 0xFF, 0xEE, 0xFE, 0xFF, 0x06,
    0x00, 0x00, 0x00, 0xAB, 0x00, 0xF5, 0x34, 0x33, 0x33, 0xF5, 0x04, 0x00, 0x00, 0x30, 0x3F, 0x00,
    0xF5, 0x01, 0x00, 0x00, 0xF2, 0x04, 0x00, 0x00, 0xC0, 0x0E, 0x00, 0xF5, 0x01, 0x00, 0x00, 0xF2,
    0x04, 0x00, 0x00, 0xF6, 0x0E, 0x00, 0xF5, 0x01, 0x00, 0x00, 0xF2, 0x04, 0x00, 0x20, 0xFE, 0x0E,
    0x00, 0xF5, 0x45, 0x44, 0x44, 0xF6, 0x04, 0x00, 0xC0, 0x8E, 0x0E, 0x00, 0xF5, 0xCC, 0xCC, 0xCC,
    0xFD, 0x04, 0x00, 0xF7, 0x65, 0x0E, 0x00, 0xF5, 0x01, 0x00, 0x00, 0xF2, 0x04, 0x00, 0x50, 0x60,
    0x0E, 0x00, 0xF5, 0x01, 0x00, 0x00, 0xF2, 0x04, 0x00, 0x00, 0x60, 0x0E, 0x00, 0xF5, 0x01, 0x00,
    0x00, 0xF2, 0x04, 0x00, 0x00, 0x60, 0x0E, 0x00, 0xF5, 0x23, 0x22, 0x22, 0xF4, 0x04, 0x00, 0x00,
    0x60, 0x0E, 0x00, 0xF5, 0xEE, 0xEE, 0xEE, 0xFE, 0x04, 0x00, 0x00, 0x60, 0x0E, 0x00, 0xF5, 0x01,
    0x00, 0x00, 0xF2, 0x04, 0x00, 0x00, 0x60, 0x0E, 0x00, 0xF5, 0x01, 0x00, 0x00, 0xF2, 0x04, 0x00,
    0x00, 0x70, 0x0E, 0x00, 0xF5, 0x01, 0x00, 0x00, 0xF2, 0x04, 0x00, 0x00, 0x80, 0x0E, 0x00, 0xF5,
    0x01, 0x00, 0x00, 0xF2, 0x04, 0x00, 0x00, 0x90, 0x0E, 0xE7, 0xFD, 0xCC, 0xCC, 0xCC, 0xFC, 0xED,
    0x03, 0x00, 0x90, 0x0E, 0x63, 0x66, 0x55, 0x55, 0x55, 0x65, 0x66, 0x01,
    // Unicode: [0x4F3A]
    0x00, 0x00, 0x30, 0x01, 0x00, 0x00, 0x00, 0x00, 0x00, 0x00, 0x00, 0x00, 0x00, 0xC0, 0x1D, 0x12,
    0x00, 0x00, 0x00, 0x00, 0x11, 0x00, 0x00, 0x00, 0xF2, 0x05, 0xFF, 0xFF, 0xFF, 0xFF, 0xFF, 0xFF,
    0x01, 0x00, 0x00, 0xC8, 0x00, 0x34, 0x22, 0x22, 0x22, 0x22, 0xF7, 0x00, 0x00, 0x10, 0x6E, 0x00,
    0x00, 0x00, 0x00, 0x00, 0x00, 0xF5, 0x00, 0x00, 0x80, 0x6F, 0x40, 0x23, 0x22, 0x22, 0x22, 0x33,
    0xF5, 0x00, 0x00, 0xF2, 0x6F, 0xE0, 0xFF, 0xEE, 0xEE, 0xFF, 0xBF, 0xF5, 0x00, 0x00, 0xDA, 0x6E,
    0x10, 0x00, 0x00, 0x00, 0x00, 0x10, 0xF5, 0x00, 0x60, 0x5F, 0x6E, 0x00, 0x00, 0x00, 0x00, 0x00,
    0x00, 0xF5, 0x00, 0xE2, 0x0A, 0x6E, 0x00, 0xD5, 0xDD, 0xDD, 0xCD, 0x00, 0xF5, 0x00, 0x50, 0x01,
    0x6E, 0x00, 0xF5, 0x22, 0x22, 0xD7, 0x00, 0xF5, 0x00, 0x00, 0x00, 0x6E, 0x00, 0xF5, 0x00, 0x00,
    0xD6, 0x00, 0xF5, 0x00, 0x00, 0x00, 0x6E, 0x00, 0xF5, 0x00, 0x00, 0xD6, 0x00, 0xF5, 0x00, 0x00,
    0x00, 0x6E, 0x00, 0xF5, 0x00, 0x00, 0xD6, 0x00, 0xF5, 0x00, 0x00, 0x00, 0x6E, 0x00, 0xF5, 0xEE,
    0xEE, 0xDF, 0x00, 0xF5, 0x00, 0x00, 0x00, 0x6E, 0x00, 0xF6, 0x11, 0x11, 0xE6, 0x00, 0xF5, 0x00,
    0x00, 0x00, 0x6E, 0x00, 0xB5, 0x00, 0x00, 0x83, 0x00, 0xF5, 0x00, 0x00, 0x00, 0x6F, 0x00, 0x00,
    0x00, 0x00, 0x00, 0x00, 0xF6, 0x00, 0x00, 0x10, 0x6F, 0x00, 0x00, 0x00, 0x00, 0x20, 0x66, 0xDC,
    0x00, 0x00, 0x20, 0x6F, 0x00, 0x00, 0x00, 0x00, 0x10, 0xFF, 0x5C, 0x00,
    // Unicode: [0x4F3B]
    0x00, 0x00, 0x40, 0x15, 0x00, 0x00, 0x00, 0x00, 0x00, 0x00, 0x00, 0x00, 0x00, 0xB0, 0x1D, 0x01,
    0x00, 0x00, 0x00, 0x00, 0x10, 0x00, 0x00, 0x00, 0xF1, 0x45, 0xEF, 0xDE, 0xDD, 0xDD, 0xED, 0xFF,
    0x01, 0x00, 0x00, 0xE6, 0x10, 0x45, 0x33, 0xE3, 0x38, 0x43, 0x54, 0x00, 0x00, 0x00, 0x8D, 0x00,
    0x00, 0x00, 0xE0, 0x07, 0x00, 0x03, 0x00, 0x00, 0x50, 0x5F, 0x20, 0x4D, 0x00, 0xE0, 0x07, 0x00,
    0xAE, 0x00, 0x00, 0xC0, 0x5F, 0x00, 0xDA, 0x01, 0xE0, 0x07, 0x50, 0x2F, 0x00, 0x00, 0xF5, 0x5F,
    0x00, 0xE1, 0x09, 0xE0, 0x07, 0xC0, 0x09, 0x00, 0x10, 0xAE, 0x5F, 0x00, 0x60, 0x3F, 0xE0, 0x07,
    0xE6, 0x01, 0x00, 0xB0, 0x2E, 0x5F, 0x00, 0x00, 0x6C, 0xE0, 0x17, 0x7E, 0x00, 0x00, 0xD2, 0x15,
    0x5F, 0x00, 0x00, 0x01, 0xE0, 0x07, 0x02, 0x00, 0x00, 0x10, 0x10, 0x5F, 0x72, 0x66, 0x55, 0xE5,
    0x59, 0x65, 0x76, 0x06, 0x00, 0x10, 0x5F, 0xF3, 0xEE, 0xDD, 0xFD, 0xDE, 0xDD, 0xFE, 0x0B, 0x00,
    0x10, 0x5F, 0x00, 0x00, 0x00, 0xE0, 0x07, 0x00, 0x00, 0x00, 0x00, 0x10, 0x5F, 0x00, 0x00, 0x00,
    0xE0, 0x07, 0x00, 0x00, 0x00, 0x00, 0x10, 0x5F, 0x00, 0x00, 0x00, 0xE0, 0x07, 0x00, 0x00, 0x00,
    0x00, 0x10, 0x5F, 0x00, 0x00, 0x00, 0xE0, 0x07, 0x00, 0x00, 0x00, 0x00, 0x20, 0x5F, 0x00, 0x00,
    0x00, 0xF0, 0x08, 0x00, 0x00, 0x00, 0x00, 0x30, 0x5F, 0x00, 0x00, 0x00, 0xF0, 0x09, 0x00, 0x00,
    0x00, 0x00, 0x40, 0x5F, 0x00, 0x00, 0x00, 0xF1, 0x09, 0x00, 0x00, 0x00,
    // Unicode: [0x4F3C]
    0x00, 0x00, 0xA6, 0x03, 0x00, 0x20, 0x00, 0x00, 0x00, 0x00, 0x00, 0x00, 0x00, 0xEB, 0x04, 0x00,
    0xE5, 0x02, 0x00, 0x12, 0x00, 0x00, 0x00, 0x20, 0x6F, 0x00, 0x00, 0xD0, 0x0A, 0x10, 0xAF, 0x00,
    0x00, 0x00, 0x90, 0x0C, 0x40, 0x37, 0x50, 0x4F, 0x00, 0x6F, 0x00, 0x00, 0x00, 0xF2, 0x06, 0x60,
    0x2F, 0x00, 0xBC, 0x00, 0x6E, 0x00, 0x00, 0x00, 0xFA, 0x06, 0x60, 0x0E, 0x00, 0xF5, 0x03, 0x6E,
    0x00, 0x00, 0x50, 0xFF, 0x06, 0x60, 0x0E, 0x00, 0xC0, 0x04, 0x6E, 0x00, 0x00, 0xE2, 0xE9, 0x06,
    0x60, 0x0E, 0x00, 0x00, 0x00, 0x6E, 0x00, 0x00, 0xDB, 0xE1, 0x06, 0x60, 0x0E, 0x00, 0x00, 0x00,
    0x6E, 0x00, 0x00, 0x20, 0xE0, 0x06, 0x60, 0x0E, 0x00, 0x00, 0x00, 0x6E, 0x00, 0x00, 0x00, 0xE0,
    0x06, 0x60, 0x0E, 0x00, 0x00, 0x00, 0x5F, 0x00, 0x00, 0x00, 0xE0, 0x06, 0x60, 0x0E, 0x10, 0x08,
    0x10, 0x4F, 0x00, 0x00, 0x00, 0xE0, 0x06, 0x60, 0x0E, 0xB0, 0x2E, 0x30, 0x2F, 0x00, 0x00, 0x00,
    0xE0, 0x06, 0x60, 0x0E, 0xDA, 0x02, 0x70, 0x0E, 0x00, 0x00, 0x00, 0xE0, 0x06, 0x60, 0xBE, 0x2D,
    0x00, 0xD1, 0x3E, 0x00, 0x00, 0x00, 0xE0, 0x06, 0x80, 0xCF, 0x01, 0x00, 0xF9, 0xEA, 0x03, 0x00,
    0x00, 0xF0, 0x06, 0xF4, 0x1C, 0x00, 0x80, 0x5F, 0xA0, 0x3E, 0x00, 0x00, 0xF1, 0x06, 0xD4, 0x01,
    0x10, 0xFA, 0x05, 0x00, 0xDC, 0x01, 0x00, 0xF2, 0x06, 0x10, 0x00, 0xE6, 0x3E, 0x00, 0x00, 0xB3,
    0x01, 0x00, 0xF2, 0x06, 0x00, 0x40, 0xAD, 0x01, 0x00, 0x00, 0x00, 0x00, 0x00, 0x00, 0x00, 0x00,
    0x00, 0x01, 0x00, 0x00, 0x00, 0x00, 0x00,
    // Unicode: [0x4F3D]
    0x00, 0x00, 0x15, 0x30, 0x24, 0x00, 0x00, 0x00, 0x00, 0x00, 0x00, 0x20, 0xAF, 0x70, 0x4F, 0x00,
    0x00, 0x00, 0x00, 0x00, 0x00, 0x60, 0x1E, 0x60, 0x0F, 0x00, 0x00, 0x00, 0x00, 0x00, 0x00, 0xA0,
    0x08, 0x60, 0x0E, 0x00, 0x20, 0x34, 0x33, 0x14, 0x00, 0xF1, 0x23, 0x61, 0x1D, 0x21, 0x61, 0xEF,
    0xEE, 0x1F, 0x00, 0xF7, 0xC1, 0xFF, 0xFF, 0xFF, 0x58, 0x0E, 0x40, 0x1F, 0x00, 0xFD, 0x21, 0x61,
    0x0C, 0xC0, 0x58, 0x0E, 0x40, 0x1F, 0x70, 0xFF, 0x01, 0x60, 0x0C, 0xC0, 0x57, 0x0E, 0x40, 0x1F,
    0xE2, 0xFB, 0x01, 0x60, 0x0B, 0xD0, 0x56, 0x0E, 0x40, 0x1F, 0xDC, 0xF4, 0x01, 0x70, 0x0B, 0xE0,
    0x55, 0x0E, 0x40, 0x1F, 0x33, 0xF4, 0x01, 0x80, 0x0A, 0xF0, 0x55, 0x0E, 0x40, 0x1F, 0x00, 0xF4,
    0x01, 0x90, 0x09, 0xF0, 0x54, 0x0E, 0x40, 0x1F, 0x00, 0xF4, 0x01, 0xB0, 0x07, 0xF1, 0x53, 0x0E,
    0x40, 0x1F, 0x00, 0xF4, 0x01, 0xD0, 0x06, 0xF2, 0x52, 0x0E, 0x40, 0x1F, 0x00, 0xF4, 0x01, 0xF1,
    0x03, 0xF2, 0x52, 0x0E, 0x40, 0x1F, 0x00, 0xF4, 0x01, 0xE6, 0x00, 0xF3, 0x51, 0x0E, 0x40, 0x1F,
    0x00, 0xF4, 0x01, 0xAC, 0x00, 0xF5, 0x50, 0xDF, 0xDD, 0x1F, 0x00, 0xF5, 0x41, 0x4F, 0x00, 0xD8,
    0x60, 0x4E, 0x74, 0x1F, 0x00, 0xF6, 0xE3, 0x0B, 0x97, 0x8F, 0x70, 0x0E, 0x40, 0x2F, 0x00, 0xF7,
    0xA4, 0x03, 0xE9, 0x19, 0x80, 0x0E, 0x20, 0x16,
    // Unicode: [0x4F3E]
    0x00, 0x00, 0x20, 0x01, 0x00, 0x00, 0x00, 0x00, 0x00, 0x00, 0x00, 0x00, 0x00, 0x90, 0x3E, 0x00,
    0x00, 0x00, 0x00, 0x00, 0x00, 0x00, 0x00, 0x00, 0xE1, 0x09, 0x76, 0x66, 0x55, 0x55, 0x65, 0x76,
    0x04, 0x00, 0x00, 0xE7, 0x01, 0xDC, 0xCD, 0xCC, 0xDF, 0xDC, 0xED, 0x08, 0x00, 0x00, 0x8D, 0x00,
    0x00, 0x00, 0x50, 0x1E, 0x00, 0x00, 0x00, 0x00, 0x60, 0x7F, 0x00, 0x00, 0x00, 0xB0, 0x0A, 0x00,
    0x00, 0x00, 0x00, 0xE1, 0x7F, 0x00, 0x00, 0x00, 0xF3, 0x09, 0x00, 0x00, 0x00, 0x00, 0xEA, 0x7E,
    0x00, 0x00, 0x00, 0xFB, 0x19, 0x06, 0x00, 0x00, 0x60, 0x6F, 0x7E, 0x00, 0x00, 0x60, 0xCF, 0x59,
    0x5F, 0x00, 0x00, 0xF3, 0x0B, 0x7E, 0x00, 0x00, 0xE3, 0xA7, 0x09, 0xE8, 0x02, 0x00, 0x70, 0x02,
    0x7E, 0x00, 0x20, 0xBE, 0xA0, 0x09, 0xB0, 0x1D, 0x00, 0x00, 0x00, 0x7E, 0x00, 0xD3, 0x1D, 0xA0,
    0x09, 0x20, 0x9F, 0x00, 0x00, 0x00, 0x7E, 0x70, 0xDF, 0x02, 0xA0, 0x09, 0x00, 0xD7, 0x01, 0x00,
    0x00, 0x7E, 0x91, 0x2D, 0x00, 0xA0, 0x09, 0x00, 0x10, 0x00, 0x00, 0x00, 0x7E, 0x00, 0x01, 0x00,
    0xB0, 0x0A, 0x00, 0x00, 0x00, 0x00, 0x00, 0x7E, 0x00, 0x00, 0x00, 0xC0, 0x0A, 0x00, 0x00, 0x00,
    0x00, 0x00, 0x7E, 0x00, 0x00, 0x00, 0xD0, 0x0B, 0x00, 0x00, 0x00, 0x00, 0x00, 0x7F, 0x30, 0x22,
    0x11, 0x41, 0x13, 0x11, 0x22, 0x02, 0x00, 0x10, 0x7F, 0xF1, 0xFF, 0xFF, 0xFF, 0xFF, 0xFF, 0xFF,
    0x0C, 0x00, 0x20, 0x7F, 0x50, 0x34, 0x33, 0x22, 0x22, 0x33, 0x43, 0x04,
    // Unicode: [0x4F3F]
    0x00, 0x00, 0x80, 0x03, 0x00, 0x00, 0x00, 0x00, 0x00, 0x00, 0x00, 0x00, 0xF3, 0x0B, 0x10, 0x00,
    0x00, 0x00, 0x10, 0x00, 0x00, 0x00, 0xD8, 0x01, 0xF5, 0xFF, 0xEE, 0xFE, 0xFF, 0x02, 0x00, 0x10,
    0x6E, 0x00, 0xF5, 0x34, 0x33, 0x33, 0xF8, 0x01, 0x00, 0x70, 0x1F, 0x00, 0xF4, 0x02, 0x00, 0x00,
    0xF6, 0x00, 0x00, 0xE1, 0x1F, 0x00, 0xF4, 0x02, 0x00, 0x00, 0xF6, 0x00, 0x00, 0xF9, 0x1F, 0x00,
    0xF4, 0x02, 0x00, 0x00, 0xF6, 0x00, 0x30, 0xAF, 0x1F, 0x00, 0xF4, 0x02, 0x00, 0x00, 0xF6, 0x00,
    0xD1, 0x4C, 0x1F, 0x00, 0xF4, 0x02, 0x00, 0x00, 0xF6, 0x00, 0xF8, 0x43, 0x1F, 0x00, 0xF5, 0x35,
    0x33, 0x33, 0xF8, 0x01, 0x40, 0x40, 0x1F, 0x00, 0xF5, 0xEE, 0xEE, 0xEE, 0xFF, 0x01, 0x00, 0x40,
    0x1F, 0x00, 0xF6, 0x02, 0x00, 0x00, 0xF6, 0x02, 0x00, 0x40, 0x1F, 0x00, 0x52, 0x01, 0x00, 0x00,
    0x11, 0x00, 0x00, 0x40, 0x1F, 0x00, 0x00, 0x65, 0x00, 0x30, 0x00, 0x00, 0x00, 0x40, 0x1F, 0x00,
    0x10, 0xED, 0x03, 0xF2, 0x08, 0x00, 0x00, 0x40, 0x1F, 0x00, 0x90, 0x2E, 0x00, 0x50, 0x8F, 0x00,
    0x00, 0x40, 0x1F, 0x00, 0xF7, 0x04, 0x00, 0x00, 0xF5, 0x07, 0x00, 0x40, 0x1F, 0x70, 0x6F, 0x00,
    0x00, 0x00, 0x70, 0x5F, 0x00, 0x50, 0x1F, 0xF8, 0x08, 0x00, 0x00, 0x00, 0x00, 0xBA, 0x00, 0x70,
    0x1F, 0x61, 0x00, 0x00, 0x00, 0x00, 0x00, 0x01,
    // Unicode: [0x4F40]
    0x00, 0x00, 0x60, 0x03, 0x00, 0x00, 0x00, 0x00, 0x00, 0x00, 0x00, 0x00, 0xE0, 0x1C, 0x00, 0x00,
    0x00, 0x00, 0x00, 0x00, 0x00, 0x00, 0xF4, 0x03, 0xEF, 0xEE, 0xEE, 0xEE, 0xFE, 0x0E, 0x00, 0x00,
    0xBB, 0x00, 0x9E, 0x33, 0x33, 0x33, 0x83, 0x0E, 0x00, 0x30, 0x4F, 0x00, 0x7E, 0x00, 0x00, 0x00,
    0x60, 0x0E, 0x00, 0xA0, 0x0F, 0x00, 0x7E, 0x00, 0x00, 0x00, 0x60, 0x0E, 0x00, 0xF4, 0x0F, 0x00,
    0x7E, 0x00, 0x00, 0x00, 0x60, 0x0E, 0x00, 0xEC, 0x0F, 0x00, 0x9E, 0x44, 0x44, 0x44, 0x84, 0x0E,
    0x90, 0x7E, 0x0F, 0x00, 0xEE, 0xEE, 0xEE, 0xEE, 0xEE, 0x0E, 0xF6, 0x56, 0x0F, 0x00, 0x7E, 0x00,
    0x00, 0x00, 0x00, 0x00, 0x92, 0x50, 0x0F, 0x00, 0x7E, 0x00, 0x00, 0x00, 0x00, 0x00, 0x00, 0x50,
    0x0F, 0x00, 0x8E, 0x33, 0x33, 0x33, 0x33, 0x13, 0x00, 0x50, 0x0F, 0x00, 0xFE, 0xEE, 0xEE, 0xEE,
    0xEE, 0x5F, 0x00, 0x50, 0x0F, 0x00, 0x7E, 0x00, 0x00, 0x00, 0x00, 0x5F, 0x00, 0x50, 0x0F, 0x00,
    0x7E, 0x00, 0x00, 0x00, 0x00, 0x5F, 0x00, 0x50, 0x0F, 0x00, 0x7E, 0x00, 0x00, 0x00, 0x00, 0x5F,
    0x00, 0x60, 0x0F, 0x00, 0x7E, 0x00, 0x00, 0x00, 0x00, 0x5F, 0x00, 0x70, 0x0F, 0x00, 0xDE, 0xCC,
    0xCC, 0xCC, 0xCC, 0x5F, 0x00, 0x80, 0x0F, 0x00, 0x9E, 0x44, 0x44, 0x44, 0x44, 0x5F, 0x00, 0x80,
    0x0F, 0x00, 0x6D, 0x00, 0x00, 0x00, 0x00, 0x6F,
    // Unicode: [0x4F41]
    0x00, 0x00, 0x30, 0x26, 0x00, 0x00, 0x67, 0x00, 0x00, 0x00, 0x00, 0x00, 0x00, 0x80, 0x5F, 0x00,
    0x10, 0xEE, 0x06, 0x00, 0x00, 0x00, 0x00, 0x00, 0xD0, 0x09, 0x00, 0x90, 0x2E, 0x00, 0x00, 0x00,
    0x00, 0x00, 0x00, 0xF6, 0x02, 0x00, 0xF4, 0x05, 0x00, 0x03, 0x00, 0x00, 0x00, 0x00, 0x9D, 0x00,
    0x10, 0x9D, 0x00, 0x30, 0x6F, 0x00, 0x00, 0x00, 0x70, 0x5F, 0x00, 0xB0, 0x0C, 0x00, 0x00, 0xF5,
    0x05, 0x00, 0x00, 0xF2, 0x5F, 0x00, 0xE9, 0x02, 0x00, 0x00, 0x70, 0x4F, 0x00, 0x10, 0xDC, 0x5F,
    0xC1, 0xDF, 0xCB, 0xDC, 0xED, 0xFE, 0xEF, 0x02, 0xA0, 0x3F, 0x5F, 0xB0, 0xAC, 0x68, 0x45, 0x33,
    0x12, 0xD1, 0x1C, 0xD2, 0x07, 0x5F, 0x00, 0x00, 0x00, 0x00, 0x00, 0x00, 0x40, 0x07, 0x20, 0x00,
    0x5F, 0x00, 0x00, 0x00, 0x00, 0x00, 0x00, 0x00, 0x00, 0x00, 0x00, 0x5F, 0x00, 0xF5, 0xEE, 0xDD,
    0xED, 0xEE, 0x0E, 0x00, 0x00, 0x00, 0x5F, 0x00, 0xF4, 0x34, 0x33, 0x33, 0x83, 0x0E, 0x00, 0x00,
    0x00, 0x5F, 0x00, 0xF4, 0x01, 0x00, 0x00, 0x70, 0x0E, 0x00, 0x00, 0x00, 0x5F, 0x00, 0xF4, 0x01,
    0x00, 0x00, 0x70, 0x0E, 0x00, 0x00, 0x00, 0x5F, 0x00, 0xF4, 0x01, 0x00, 0x00, 0x70, 0x0E, 0x00,
    0x00, 0x00, 0x5F, 0x00, 0xF4, 0x01, 0x00, 0x00, 0x70, 0x0E, 0x00, 0x00, 0x10, 0x5F, 0x00, 0xF4,
    0xEE, 0xEE, 0xEE, 0xFE, 0x0E, 0x00, 0x00, 0x20, 0x5F, 0x00, 0xF5, 0x23, 0x22, 0x22, 0x82, 0x0E,
    0x00, 0x00, 0x30, 0x5F, 0x00, 0xD5, 0x01, 0x00, 0x00, 0x70, 0x0E, 0x00,
    // Unicode: [0x4F42]
    0x00, 0x00, 0x71, 0x01, 0x00, 0x00, 0x00, 0x00, 0x00, 0x00, 0x00, 0x00, 0x00, 0xF5, 0x08, 0x00,
    0x00, 0x00, 0x00, 0x00, 0x00, 0x00, 0x00, 0x00, 0xCA, 0xA0, 0xEE, 0xDD, 0xDD, 0xDD, 0xED, 0x7E,
    0x00, 0x00, 0x10, 0x5F, 0x40, 0x45, 0x34, 0xE3, 0x48, 0x44, 0x35, 0x00, 0x00, 0x70, 0x0E, 0x00,
    0x00, 0x00, 0xE0, 0x06, 0x00, 0x00, 0x00, 0x00, 0xE1, 0x0D, 0x00, 0x00, 0x00, 0xE0, 0x06, 0x00,
    0x00, 0x00, 0x00, 0xF8, 0x0D, 0x00, 0x00, 0x00, 0xE0, 0x06, 0x00, 0x00, 0x00, 0x20, 0xDE, 0x0D,
    0x00, 0x63, 0x04, 0xE0, 0x06, 0x00, 0x00, 0x00, 0xB0, 0x7D, 0x0D, 0x00, 0xF4, 0x04, 0xE0, 0x27,
    0x32, 0x04, 0x00, 0xF6, 0x64, 0x0D, 0x00, 0xF3, 0x02, 0xE0, 0xEF, 0xFE, 0x1F, 0x00, 0x60, 0x60,
    0x0D, 0x00, 0xF3, 0x02, 0xE0, 0x06, 0x00, 0x01, 0x00, 0x00, 0x60, 0x0D, 0x00, 0xF3, 0x02, 0xE0,
    0x06, 0x00, 0x00, 0x00, 0x00, 0x60, 0x0D, 0x00, 0xF3, 0x02, 0xE0, 0x06, 0x00, 0x00, 0x00, 0x00,
    0x60, 0x0D, 0x00, 0xF3, 0x02, 0xE0, 0x06, 0x00, 0x00, 0x00, 0x00, 0x60, 0x0D, 0x00, 0xF3, 0x02,
    0xE0, 0x06, 0x00, 0x00, 0x00, 0x00, 0x60, 0x0D, 0x00, 0xF3, 0x02, 0xE0, 0x06, 0x00, 0x00, 0x00,
    0x00, 0x60, 0x0D, 0x00, 0xF3, 0x02, 0xE0, 0x06, 0x00, 0x00, 0x00, 0x00, 0x70, 0x0D, 0x11, 0xF3,
    0x02, 0xE0, 0x06, 0x00, 0x21, 0x00, 0x00, 0x80, 0x0D, 0xFA, 0xFF, 0xEE, 0xFE, 0xEF, 0xFE, 0xFF,
    0x02, 0x00, 0x90, 0x0D, 0x32, 0x23, 0x22, 0x22, 0x22, 0x32, 0x43, 0x00,
    // Unicode: [0x4F43]
    0x00, 0x00, 0x10, 0x00, 0x00, 0x00, 0x00, 0x00, 0x00, 0x00, 0x00, 0x00, 0x00, 0xA0, 0x5D, 0x00,
    0x00, 0x00, 0x00, 0x00, 0x00, 0x00, 0x00, 0x00, 0xE0, 0x0B, 0x43, 0x34, 0x33, 0x33, 0x33, 0x44,
    0x00, 0x00, 0x00, 0xF4, 0x02, 0xF7, 0xEE, 0xEE, 0xEF, 0xEE, 0xFE, 0x01, 0x00, 0x00, 0x9B, 0x00,
    0xE7, 0x00, 0x60, 0x0E, 0x00, 0xF7, 0x00, 0x00, 0x30, 0x6F, 0x00, 0xE6, 0x00, 0x60, 0x0E, 0x00,
    0xE7, 0x00, 0x00, 0xC0, 0x6F, 0x00, 0xE6, 0x00, 0x60, 0x0E, 0x00, 0xE7, 0x00, 0x00, 0xF6, 0x6F,
    0x00, 0xE6, 0x00, 0x60, 0x0E, 0x00, 0xE7, 0x00, 0x20, 0x8E, 0x6E, 0x00, 0xE6, 0x00, 0x60, 0x0E,
    0x00, 0xE7, 0x00, 0xD1, 0x1D, 0x6E, 0x00, 0xE6, 0x44, 0x84, 0x4E, 0x44, 0xE9, 0x00, 0x70, 0x04,
    0x6E, 0x00, 0xF6, 0xCC, 0xDC, 0xCF, 0xCC, 0xED, 0x00, 0x00, 0x00, 0x6E, 0x00, 0xE6, 0x00, 0x60,
    0x0E, 0x00, 0xE7, 0x00, 0x00, 0x00, 0x6E, 0x00, 0xE6, 0x00, 0x60, 0x0E, 0x00, 0xE7, 0x00, 0x00,
    0x00, 0x6E, 0x00, 0xE6, 0x00, 0x60, 0x0E, 0x00, 0xE7, 0x00, 0x00, 0x00, 0x6E, 0x00, 0xE6, 0x00,
    0x60, 0x0E, 0x00, 0xE7, 0x00, 0x00, 0x00, 0x6E, 0x00, 0xE6, 0x00, 0x60, 0x0E, 0x00, 0xE7, 0x00,
    0x00, 0x00, 0x6F, 0x00, 0xE6, 0x22, 0x72, 0x2E, 0x22, 0xE8, 0x00, 0x00, 0x10, 0x6F, 0x00, 0xF7,
    0xEE, 0xEE, 0xEE, 0xEE, 0xFF, 0x00, 0x00, 0x20, 0x6F, 0x00, 0xE8, 0x00, 0x00, 0x00, 0x00, 0xF7,
    0x00, 0x00, 0x20, 0x6F, 0x00, 0xE9, 0x00, 0x00, 0x00, 0x00, 0xC5, 0x00,
    // Unicode: [0x4F44]
    0x00, 0x00, 0x20, 0x14, 0x00, 0x00, 0x00, 0x00, 0x00, 0x00, 0x00, 0x00, 0x00, 0x80, 0x6F, 0x50,
    0x1A, 0x00, 0x00, 0xB0, 0x07, 0x00, 0x00, 0x00, 0xD0, 0x0A, 0x60, 0x0E, 0x00, 0x00, 0xE0, 0x06,
    0x00, 0x00, 0x00, 0xF5, 0x02, 0x60, 0x0E, 0x00, 0x00, 0xE0, 0x06, 0x00, 0x00, 0x00, 0xAC, 0x00,
    0x60, 0x0E, 0x00, 0x00, 0xE0, 0x06, 0x00, 0x00, 0x50, 0x5F, 0x40, 0x84, 0x3E, 0x33, 0x33, 0xE3,
    0x48, 0x04, 0x00, 0xE1, 0x5F, 0xC0, 0xEE, 0xDF, 0xDD, 0xDD, 0xFD, 0xDE, 0x0B, 0x00, 0xE9, 0x5F,
    0x00, 0x60, 0x0E, 0x00, 0x00, 0xE0, 0x06, 0x00, 0x60, 0x6F, 0x5F, 0x00, 0x60, 0x0E, 0x00, 0x00,
    0xE0, 0x06, 0x00, 0xD1, 0x0A, 0x5F, 0x00, 0x60, 0x0E, 0x00, 0x00, 0xE0, 0x06, 0x00, 0x20, 0x01,
    0x5F, 0x00, 0x60, 0x0E, 0x00, 0x00, 0xE0, 0x06, 0x00, 0x00, 0x00, 0x5F, 0x00, 0x60, 0xEF, 0xEE,
    0xEE, 0xFE, 0x06, 0x00, 0x00, 0x00, 0x5F, 0x00, 0x60, 0x2E, 0x22, 0x22, 0xE2, 0x06, 0x00, 0x00,
    0x00, 0x5F, 0x00, 0x60, 0x0E, 0x00, 0x00, 0xE0, 0x06, 0x00, 0x00, 0x00, 0x5F, 0x00, 0x60, 0x0E,
    0x00, 0x00, 0xE0, 0x06, 0x00, 0x00, 0x00, 0x5F, 0x00, 0x60, 0x0E, 0x00, 0x00, 0xE0, 0x06, 0x00,
    0x00, 0x10, 0x5F, 0x00, 0x60, 0x1E, 0x11, 0x11, 0xE1, 0x06, 0x00, 0x00, 0x20, 0x5F, 0x00, 0x60,
    0xFF, 0xFF, 0xFF, 0xFF, 0x06, 0x00, 0x00, 0x20, 0x5F, 0x00, 0x70, 0x1E, 0x11, 0x11, 0xE1, 0x07,
    0x00, 0x00, 0x30, 0x5F, 0x00, 0x60, 0x0C, 0x00, 0x00, 0xE0, 0x08, 0x00,
    // Unicode: [0x4F45]
    0x00, 0x00, 0x10, 0x15, 0x00, 0x00, 0x51, 0x03, 0x00, 0x00, 0x00, 0x00, 0x00, 0x60, 0x7F, 0x00,
    0x00, 0xF0, 0x0A, 0x00, 0x00, 0x00, 0x00, 0x00, 0xC0, 0x0A, 0x00, 0x00, 0xE0, 0x06, 0x00, 0x00,
    0x00, 0x00, 0x00, 0xF4, 0x02, 0x00, 0x00, 0xE0, 0x06, 0x00, 0x00, 0x00, 0x00, 0x00, 0x9B, 0x00,
    0xEC, 0xDD, 0xFD, 0xDE, 0xDD, 0x6E, 0x00, 0x00, 0x40, 0x6F, 0x00, 0x44, 0x33, 0xE3, 0x38, 0x33,
    0x24, 0x00, 0x00, 0xD0, 0x6F, 0x00, 0x00, 0x00, 0xE0, 0x06, 0x00, 0x00, 0x00, 0x00, 0xE8, 0x6E,
    0x00, 0x00, 0x00, 0xE0, 0x06, 0x00, 0x00, 0x00, 0x40, 0x5F, 0x6E, 0x30, 0x34, 0x33, 0xE3, 0x38,
    0x33, 0x43, 0x02, 0xE1, 0x0A, 0x6E, 0xC0, 0xEF, 0xEE, 0xFF, 0xFF, 0xEE, 0xFF, 0x07, 0x30, 0x01,
    0x6E, 0x00, 0x00, 0x40, 0xEC, 0xC9, 0x00, 0x00, 0x00, 0x00, 0x00, 0x6E, 0x00, 0x00, 0xC0, 0xE5,
    0xC6, 0x05, 0x00, 0x00, 0x00, 0x00, 0x6E, 0x00, 0x00, 0xD5, 0xE0, 0x56, 0x0D, 0x00, 0x00, 0x00,
    0x00, 0x6E, 0x00, 0x10, 0x6E, 0xE0, 0x06, 0x7D, 0x00, 0x00, 0x00, 0x00, 0x6E, 0x00, 0xA0, 0x0C,
    0xE0, 0x06, 0xF5, 0x03, 0x00, 0x00, 0x00, 0x6E, 0x00, 0xE9, 0x02, 0xE0, 0x06, 0xA0, 0x2E, 0x00,
    0x00, 0x00, 0x6F, 0x80, 0x5F, 0x00, 0xE0, 0x07, 0x10, 0xDD, 0x03, 0x00, 0x00, 0x6F, 0xFA, 0x06,
    0x00, 0xF0, 0x08, 0x00, 0xE2, 0x0B, 0x00, 0x10, 0x6F, 0x73, 0x00, 0x00, 0xF1, 0x08, 0x00, 0x20,
    0x00, 0x00, 0x20, 0x6F, 0x00, 0x00, 0x00, 0xF1, 0x09, 0x00, 0x00, 0x00,
    // Unicode: [0x4F46]
    0x00, 0x00, 0x30, 0x04, 0x00, 0x00, 0x00, 0x00, 0x00, 0x00, 0x00, 0x00, 0x00, 0x90, 0x4F, 0x11,
    0x00, 0x00, 0x00, 0x00, 0x01, 0x00, 0x00, 0x00, 0xE1, 0x07, 0xF5, 0xFF, 0xEE, 0xEE, 0xFF, 0x2F,
    0x00, 0x00, 0x00, 0xD7, 0x00, 0xF5, 0x33, 0x33, 0x33, 0x53, 0x2F, 0x00, 0x00, 0x10, 0x7E, 0x00,
    0xF5, 0x00, 0x00, 0x00, 0x30, 0x2F, 0x00, 0x00, 0x70, 0x6F, 0x00, 0xF5, 0x00, 0x00, 0x00, 0x30,
    0x2F, 0x00, 0x00, 0xE1, 0x6F, 0x00, 0xF5, 0x00, 0x00, 0x00, 0x30, 0x2F, 0x00, 0x00, 0xDA, 0x6E,
    0x00, 0xF5, 0x23, 0x22, 0x22, 0x52, 0x2F, 0x00, 0x50, 0x5F, 0x6E, 0x00, 0xF5, 0xEE, 0xEE, 0xEE,
    0xEE, 0x2F, 0x00, 0xE3, 0x0A, 0x6E, 0x00, 0xF5, 0x00, 0x00, 0x00, 0x30, 0x2F, 0x00, 0x91, 0x01,
    0x6E, 0x00, 0xF5, 0x00, 0x00, 0x00, 0x30, 0x2F, 0x00, 0x00, 0x00, 0x6E, 0x00, 0xF5, 0x00, 0x00,
    0x00, 0x30, 0x2F, 0x00, 0x00, 0x00, 0x6E, 0x00, 0xF5, 0x00, 0x00, 0x00, 0x30, 0x2F, 0x00, 0x00,
    0x00, 0x6E, 0x00, 0xF5, 0x66, 0x66, 0x66, 0x86, 0x2F, 0x00, 0x00, 0x00, 0x6E, 0x00, 0xC5, 0xCC,
    0xBB, 0xBB, 0xCC, 0x2C, 0x00, 0x00, 0x00, 0x6E, 0x00, 0x00, 0x00, 0x00, 0x00, 0x00, 0x00, 0x00,
    0x00, 0x00, 0x6F, 0x00, 0x00, 0x00, 0x00, 0x00, 0x00, 0x00, 0x00, 0x00, 0x00, 0x6F, 0x32, 0x23,
    0x22, 0x22, 0x22, 0x22, 0x33, 0x04, 0x00, 0x10, 0x6F, 0xF9, 0xFF, 0xFF, 0xFF, 0xFF, 0xFF, 0xFF,
    0x1F, 0x00, 0x20, 0x6F, 0x11, 0x00, 0x00, 0x00, 0x00, 0x00, 0x00, 0x01,
    // Unicode: [0x4F47]
    0x00, 0x00, 0x63, 0x01, 0x00, 0x60, 0x08, 0x00, 0x00, 0x00, 0x00, 0x00, 0xF8, 0x06, 0x00, 0x60,
    0x2F, 0x00, 0x00, 0x00, 0x00, 0x00, 0xAC, 0x10, 0x00, 0x00, 0x9B, 0x00, 0x00, 0x00, 0x00, 0x30,
    0x3F, 0xF1, 0xEF, 0xEE, 0xFE, 0xEE, 0xEE, 0x6F, 0x00, 0xA0, 0x0E, 0xF1, 0x25, 0x22, 0x22, 0x22,
    0x22, 0x6E, 0x00, 0xF3, 0x0E, 0xF1, 0x04, 0x00, 0x00, 0x00, 0x00, 0x6E, 0x00, 0xFB, 0x0E, 0xD1,
    0x03, 0x00, 0x00, 0x00, 0x00, 0x49, 0x40, 0xAF, 0x0E, 0x00, 0x00, 0x00, 0x00, 0x00, 0x00, 0x00,
    0xE1, 0x5B, 0x0E, 0x31, 0x22, 0x22, 0x22, 0x22, 0x22, 0x32, 0xF9, 0x52, 0x0E, 0xF4, 0xFF, 0xFF,
    0xFF, 0xFF, 0xFF, 0xFF, 0x51, 0x50, 0x0E, 0x21, 0x11, 0x11, 0xF3, 0x14, 0x11, 0x21, 0x00, 0x50,
    0x0E, 0x00, 0x00, 0x00, 0xF3, 0x03, 0x00, 0x00, 0x00, 0x50, 0x0E, 0x00, 0x00, 0x00, 0xF3, 0x03,
    0x00, 0x00, 0x00, 0x50, 0x0E, 0x00, 0x00, 0x00, 0xF3, 0x03, 0x00, 0x00, 0x00, 0x50, 0x0E, 0x00,
    0x00, 0x00, 0xF3, 0x03, 0x00, 0x00, 0x00, 0x50, 0x0E, 0x00, 0x00, 0x00, 0xF3, 0x03, 0x00, 0x00,
    0x00, 0x60, 0x0E, 0x00, 0x00, 0x00, 0xF3, 0x03, 0x00, 0x00, 0x00, 0x60, 0x0E, 0x00, 0x00, 0x00,
    0xF3, 0x03, 0x00, 0x00, 0x00, 0x70, 0x0E, 0x00, 0x00, 0xA8, 0xFC, 0x01, 0x00, 0x00, 0x00, 0x80,
    0x0E, 0x00, 0x00, 0xE6, 0x5C, 0x00, 0x00, 0x00,
    // Unicode: [0x4F48]
    0x00, 0x00, 0x50, 0x38, 0x00, 0x00, 0x03, 0x00, 0x00, 0x00, 0x00, 0x00, 0x00, 0xB0, 0x2E, 0x00,
    0x10, 0xCF, 0x00, 0x00, 0x00, 0x00, 0x00, 0x00, 0xF2, 0x06, 0x00, 0x40, 0x2F, 0x00, 0x00, 0x00,
    0x00, 0x00, 0x00, 0xC9, 0x31, 0x22, 0x92, 0x2C, 0x22, 0x22, 0x32, 0x03, 0x00, 0x20, 0x5F, 0xF2,
    0xFF, 0xFF, 0xFF, 0xFF, 0xFF, 0xFF, 0x0E, 0x00, 0xA0, 0x2F, 0x20, 0x01, 0xE6, 0x01, 0x00, 0x00,
    0x11, 0x02, 0x00, 0xF5, 0x2F, 0x00, 0x00, 0x9D, 0x40, 0x4C, 0x00, 0x00, 0x00, 0x20, 0xDE, 0x2F,
    0x00, 0x60, 0x2E, 0x40, 0x2F, 0x00, 0x00, 0x00, 0xC1, 0x4E, 0x2F, 0x00, 0xE1, 0x29, 0x52, 0x3F,
    0x22, 0x22, 0x00, 0xE3, 0x34, 0x2F, 0x00, 0xFB, 0xEF, 0xEE, 0xEF, 0xEE, 0xBF, 0x00, 0x10, 0x30,
    0x2F, 0x80, 0xEF, 0x07, 0x30, 0x1F, 0x00, 0xB8, 0x00, 0x00, 0x30, 0x2F, 0xF8, 0xB7, 0x07, 0x30,
    0x1F, 0x00, 0xB8, 0x00, 0x00, 0x30, 0x4F, 0x9E, 0xB0, 0x07, 0x30, 0x1F, 0x00, 0xB8, 0x00, 0x00,
    0x30, 0x2F, 0x02, 0xB0, 0x07, 0x30, 0x1F, 0x00, 0xB8, 0x00, 0x00, 0x30, 0x2F, 0x00, 0xC0, 0x07,
    0x30, 0x1F, 0x00, 0xB8, 0x00, 0x00, 0x30, 0x2F, 0x00, 0xC0, 0x07, 0x30, 0x1F, 0x01, 0xB9, 0x00,
    0x00, 0x30, 0x2F, 0x00, 0xD0, 0x07, 0x30, 0x1F, 0xF9, 0x8F, 0x00, 0x00, 0x40, 0x2F, 0x00, 0x90,
    0x04, 0x30, 0x1F, 0x62, 0x04, 0x00, 0x00, 0x50, 0x2F, 0x00, 0x00, 0x00, 0x40, 0x2F, 0x00, 0x00,
    0x00, 0x00, 0x60, 0x2F, 0x00, 0x00, 0x00, 0x50, 0x3F, 0x00, 0x00, 0x00,
    // Unicode: [0x4F49]
    0x00, 0x00, 0x30, 0x28, 0x00, 0x00, 0x53, 0x02, 0x00, 0x00, 0x00, 0x00, 0x70, 0x5F, 0x00, 0x00,
    0xF6, 0x02, 0x00, 0x00, 0x00, 0x00, 0xD0, 0x08, 0x00, 0x00, 0xF5, 0x01, 0x00, 0x00, 0x00, 0x00,
    0xE5, 0x01, 0x00, 0x00, 0xF5, 0x00, 0x00, 0x00, 0x00, 0x00, 0x7D, 0x00, 0xDC, 0xCD, 0xFD, 0xCC,
    0xED, 0x09, 0x00, 0x80, 0x1E, 0x00, 0x55, 0x44, 0xF7, 0x44, 0x54, 0x03, 0x00, 0xF3, 0x0E, 0x00,
    0x00, 0x00, 0xF5, 0x00, 0x00, 0x00, 0x10, 0xFC, 0x0E, 0x00, 0x00, 0x00, 0xF5, 0x00, 0x00, 0x00,
    0xB0, 0x9F, 0x0E, 0x10, 0x00, 0x00, 0xF5, 0x00, 0x00, 0x10, 0xF6, 0x67, 0x0E, 0xE0, 0xEF, 0xDD,
    0xFE, 0xDD, 0xED, 0xEF, 0x60, 0x60, 0x0E, 0x50, 0x45, 0x44, 0x38, 0x33, 0x44, 0x65, 0x00, 0x60,
    0x0E, 0x00, 0x00, 0x60, 0x9F, 0x00, 0x00, 0x00, 0x00, 0x60, 0x0E, 0x00, 0x00, 0xC0, 0x1C, 0x00,
    0x00, 0x00, 0x00, 0x60, 0x0E, 0x00, 0x00, 0xE6, 0x02, 0x81, 0x01, 0x00, 0x00, 0x60, 0x0E, 0x00,
    0x20, 0x6E, 0x00, 0xD1, 0x0A, 0x00, 0x00, 0x60, 0x0E, 0x00, 0xC0, 0x0A, 0x00, 0x30, 0x6E, 0x00,
    0x00, 0x70, 0x0E, 0x10, 0xDB, 0x01, 0x00, 0x00, 0xF6, 0x02, 0x00, 0x80, 0x0E, 0xD1, 0xCF, 0xBB,
    0xCC, 0xED, 0xFE, 0x0C, 0x00, 0x80, 0x0E, 0x90, 0xAC, 0x78, 0x45, 0x23, 0x32, 0x7F, 0x00, 0x90,
    0x0E, 0x00, 0x00, 0x00, 0x00, 0x00, 0x00, 0x77,
    // Unicode: [0x4F4A]
    0x00, 0x00, 0x30, 0x17, 0x00, 0x00, 0x70, 0x29, 0x00, 0x00, 0x00, 0x00, 0x00, 0xA0, 0x4F, 0x00,
    0x00, 0x90, 0x0D, 0x00, 0x00, 0x00, 0x00, 0x00, 0xF1, 0x08, 0x00, 0x00, 0x80, 0x0C, 0x00, 0x00,
    0x00, 0x00, 0x00, 0xE7, 0x01, 0xE6, 0xDD, 0xED, 0xDF, 0xDD, 0xED, 0x04, 0x00, 0x10, 0x8E, 0x00,
    0xF6, 0x44, 0xA4, 0x4D, 0x44, 0xDA, 0x00, 0x00, 0x70, 0x7F, 0x00, 0xF6, 0x00, 0x80, 0x0C, 0x00,
    0x8D, 0x00, 0x00, 0xE2, 0x7F, 0x00, 0xF5, 0x00, 0x80, 0x0C, 0x30, 0x3F, 0x00, 0x00, 0xDB, 0x7E,
    0x00, 0xF5, 0x00, 0x80, 0x0C, 0x00, 0x00, 0x00, 0x70, 0x5F, 0x7E, 0x00, 0xF5, 0x22, 0x92, 0x2D,
    0x22, 0x04, 0x00, 0xF4, 0x0A, 0x7E, 0x00, 0xF6, 0xFF, 0xEE, 0xEE, 0xFE, 0x0D, 0x00, 0xB3, 0x01,
    0x7E, 0x00, 0xE6, 0xC5, 0x00, 0x00, 0xB0, 0x08, 0x00, 0x00, 0x00, 0x7E, 0x00, 0xE7, 0xE0, 0x04,
    0x00, 0xF1, 0x02, 0x00, 0x00, 0x00, 0x7E, 0x00, 0xC9, 0x60, 0x0C, 0x00, 0xB7, 0x00, 0x00, 0x00,
    0x00, 0x7E, 0x00, 0xBB, 0x00, 0x7C, 0x10, 0x4E, 0x00, 0x00, 0x00, 0x00, 0x7E, 0x00, 0x8E, 0x00,
    0xE2, 0xA6, 0x0B, 0x00, 0x00, 0x00, 0x00, 0x7E, 0x30, 0x5F, 0x00, 0x40, 0xFF, 0x02, 0x00, 0x00,
    0x00, 0x00, 0x7E, 0xA0, 0x0E, 0x00, 0x90, 0xEF, 0x2B, 0x00, 0x00, 0x00, 0x00, 0x7F, 0xF3, 0x08,
    0x50, 0xDD, 0x23, 0xEC, 0x18, 0x00, 0x00, 0x10, 0x7F, 0xDD, 0x81, 0xFD, 0x18, 0x00, 0x70, 0xFE,
    0x09, 0x00, 0x20, 0x7F, 0x31, 0x80, 0x29, 0x00, 0x00, 0x00, 0x71, 0x04,
    // Unicode: [0x4F4B]
    0x00, 0x00, 0x60, 0x01, 0x00, 0x00, 0x00, 0x00, 0x00, 0x00, 0x00, 0x00, 0xF3, 0x1D, 0x00, 0x00,
    0x00, 0x00, 0x00, 0x01, 0x00, 0x00, 0xF8, 0x62, 0xFF, 0xEF, 0xEE, 0xEE, 0xFF, 0x1F, 0x00, 0x00,
    0x8E, 0x10, 0x23, 0x52, 0x2E, 0x22, 0x72, 0x0F, 0x00, 0x60, 0x2F, 0x00, 0x00, 0x50, 0x0C, 0x00,
    0x60, 0x0F, 0x00, 0xD1, 0x1F, 0x00, 0x00, 0xA0, 0x09, 0x00, 0x70, 0x0E, 0x00, 0xF9, 0x1F, 0x00,
    0x00, 0xF3, 0x03, 0x00, 0x70, 0x0E, 0x40, 0xAF, 0x1F, 0x00, 0x20, 0xBD, 0x00, 0x00, 0x80, 0x0D,
    0xE2, 0x4B, 0x1F, 0x00, 0xD4, 0x2E, 0x00, 0x22, 0xD3, 0x0B, 0xE7, 0x42, 0x1F, 0xA1, 0xEF, 0x03,
    0x00, 0xF7, 0xEF, 0x04, 0x20, 0x40, 0x1F, 0x50, 0x2C, 0x00, 0x00, 0x72, 0x15, 0x00, 0x00, 0x40,
    0x1F, 0x00, 0x53, 0x44, 0x44, 0x44, 0x44, 0x05, 0x00, 0x40, 0x1F, 0x00, 0xF8, 0xDD, 0xDD, 0xDD,
    0xED, 0x0E, 0x00, 0x40, 0x1F, 0x00, 0xE8, 0x00, 0x00, 0x00, 0x70, 0x0E, 0x00, 0x40, 0x1F, 0x00,
    0xE8, 0x00, 0x00, 0x00, 0x70, 0x0E, 0x00, 0x40, 0x1F, 0x00, 0xE8, 0x00, 0x00, 0x00, 0x70, 0x0E,
    0x00, 0x40, 0x1F, 0x00, 0xE8, 0x00, 0x00, 0x00, 0x70, 0x0E, 0x00, 0x50, 0x1F, 0x00, 0xF8, 0xDD,
    0xDD, 0xDD, 0xED, 0x0E, 0x00, 0x60, 0x1F, 0x00, 0xE8, 0x44, 0x44, 0x44, 0x94, 0x0E, 0x00, 0x70,
    0x1F, 0x00, 0xC7, 0x00, 0x00, 0x00, 0x70, 0x0E,
    // Unicode: [0x4F4C]
    0x00, 0x00, 0x10, 0x01, 0x00, 0x10, 0x00, 0x70, 0x05, 0x00, 0x00, 0x00, 0x00, 0x70, 0x6F, 0x00,
    0xF1, 0x07, 0xE0, 0x08, 0x00, 0x00, 0x00, 0x00, 0xD0, 0x0B, 0x00, 0xF1, 0x04, 0xE0, 0x07, 0x00,
    0x00, 0x00, 0x00, 0xF5, 0x12, 0x13, 0xF0, 0x04, 0xE0, 0x07, 0x00, 0x00, 0x00, 0x00, 0xAC, 0x30,
    0x6F, 0xF0, 0x04, 0xE0, 0x07, 0x70, 0x02, 0x00, 0x60, 0x4F, 0x20, 0x2F, 0xF0, 0x04, 0xE0, 0x07,
    0xE1, 0x1D, 0x00, 0xE1, 0x4F, 0x20, 0x2F, 0xF0, 0x04, 0xE0, 0x07, 0xD9, 0x02, 0x00, 0xEB, 0x4F,
    0x20, 0x2F, 0xF0, 0xEE, 0xE4, 0x37, 0x3F, 0x00, 0x90, 0x7F, 0x4F, 0x20, 0x2F, 0xF0, 0x35, 0xE1,
    0xD7, 0x07, 0x00, 0xF2, 0x1A, 0x4F, 0x20, 0x2F, 0xF0, 0x04, 0xE0, 0xBE, 0x00, 0x00, 0x40, 0x11,
    0x4F, 0x20, 0x2F, 0xF0, 0x04, 0xE0, 0x1E, 0x00, 0x00, 0x00, 0x10, 0x4F, 0x20, 0x2F, 0xF0, 0x04,
    0xE0, 0x07, 0x00, 0x00, 0x00, 0x10, 0x4F, 0x20, 0x2F, 0xF0, 0x04, 0xE0, 0x07, 0x00, 0x00, 0x00,
    0x10, 0x4F, 0x20, 0x2F, 0xF0, 0x04, 0xE0, 0x07, 0x00, 0x00, 0x00, 0x10, 0x4F, 0x20, 0x2F, 0xF0,
    0x04, 0xE0, 0x07, 0x00, 0x00, 0x00, 0x10, 0x4F, 0x20, 0x2F, 0xF0, 0x04, 0xE0, 0x07, 0x00, 0x00,
    0x00, 0x20, 0x4F, 0x20, 0x2F, 0xF0, 0x55, 0xE6, 0x07, 0x20, 0x04, 0x00, 0x30, 0x4F, 0x20, 0x6F,
    0xF8, 0xEF, 0xE7, 0x07, 0x50, 0x3F, 0x00, 0x40, 0x4F, 0xC8, 0xFF, 0x7B, 0x03, 0xD0, 0x5C, 0xC6,
    0x0D, 0x00, 0x50, 0x4F, 0xA6, 0x15, 0x00, 0x00, 0x60, 0xFD, 0xCE, 0x03,
    // Unicode: [0x4F4D]
    0x00, 0x00, 0x50, 0x4C, 0x00, 0x20, 0x3C, 0x00, 0x00, 0x00, 0x00, 0x00, 0x00, 0xA0, 0x2E, 0x00,
    0x00, 0x9D, 0x00, 0x00, 0x00, 0x00, 0x00, 0x00, 0xE1, 0x06, 0x00, 0x00, 0xE6, 0x00, 0x00, 0x00,
    0x00, 0x00, 0x00, 0xD7, 0x00, 0x00, 0x00, 0xE1, 0x05, 0x00, 0x00, 0x00, 0x00, 0x00, 0x6D, 0x70,
    0xEF, 0xDD, 0xFD, 0xDE, 0xED, 0xFE, 0x00, 0x00, 0x70, 0x5F, 0x30, 0x56, 0x44, 0x44, 0x44, 0x54,
    0x65, 0x00, 0x00, 0xE2, 0x5F, 0x00, 0x00, 0x00, 0x00, 0x00, 0x00, 0x00, 0x00, 0x00, 0xDB, 0x5E,
    0x00, 0x10, 0x00, 0x00, 0x00, 0xD3, 0x07, 0x00, 0x80, 0x4F, 0x5E, 0x00, 0xE3, 0x02, 0x00, 0x00,
    0xF6, 0x05, 0x00, 0xE2, 0x09, 0x5E, 0x00, 0xD0, 0x08, 0x00, 0x00, 0xE8, 0x00, 0x00, 0x10, 0x01,
    0x5E, 0x00, 0x60, 0x0D, 0x00, 0x00, 0x9C, 0x00, 0x00, 0x00, 0x00, 0x5E, 0x00, 0x10, 0x4E, 0x00,
    0x00, 0x4F, 0x00, 0x00, 0x00, 0x00, 0x5E, 0x00, 0x00, 0xAA, 0x00, 0x40, 0x0E, 0x00, 0x00, 0x00,
    0x00, 0x5E, 0x00, 0x00, 0xF5, 0x01, 0x80, 0x0A, 0x00, 0x00, 0x00, 0x00, 0x5E, 0x00, 0x00, 0xF1,
    0x06, 0xD0, 0x05, 0x00, 0x00, 0x00, 0x00, 0x5E, 0x00, 0x00, 0xB0, 0x0B, 0xE2, 0x00, 0x00, 0x00,
    0x00, 0x00, 0x5E, 0x00, 0x00, 0x50, 0x05, 0xA8, 0x00, 0x00, 0x00, 0x00, 0x00, 0x5F, 0x74, 0x55,
    0x45, 0x55, 0x8E, 0x55, 0x65, 0x07, 0x00, 0x10, 0x5F, 0xE8, 0xDE, 0xDD, 0xDD, 0xDD, 0xDD, 0xEE,
    0x0F, 0x00, 0x20, 0x5F, 0x00, 0x00, 0x00, 0x00, 0x00, 0x00, 0x00, 0x00,
    // Unicode: [0x4F4E]
    0x00, 0x00, 0x90, 0x17, 0x00, 0x00, 0x00, 0x00, 0x00, 0x00, 0x00, 0x00, 0x00, 0xE0, 0x1B, 0x00,
    0x00, 0x10, 0x53, 0xD8, 0x09, 0x00, 0x00, 0x00, 0xF4, 0x22, 0xEF, 0xEE, 0xFF, 0xFF, 0xBD, 0x2B,
    0x00, 0x00, 0x00, 0x9A, 0x10, 0x7F, 0x44, 0x54, 0x3F, 0x00, 0x00, 0x00, 0x00, 0x20, 0x4F, 0x10,
    0x4F, 0x00, 0x20, 0x2F, 0x00, 0x00, 0x00, 0x00, 0xA0, 0x3F, 0x00, 0x4F, 0x00, 0x20, 0x2F, 0x00,
    0x00, 0x00, 0x00, 0xF3, 0x3F, 0x00, 0x4F, 0x00, 0x20, 0x2F, 0x00, 0x00, 0x00, 0x00, 0xCC, 0x3F,
    0x00, 0x4F, 0x00, 0x20, 0x3F, 0x00, 0x00, 0x00, 0x80, 0x4F, 0x3F, 0x00, 0x7F, 0x44, 0x54, 0x7F,
    0x44, 0x55, 0x02, 0xD1, 0x28, 0x3F, 0x00, 0xDF, 0xDD, 0xDD, 0xEF, 0xDD, 0xEE, 0x05, 0x20, 0x21,
    0x3F, 0x00, 0x4F, 0x00, 0x00, 0x6D, 0x00, 0x00, 0x00, 0x00, 0x20, 0x3F, 0x00, 0x4F, 0x00, 0x00,
    0x8C, 0x00, 0x00, 0x00, 0x00, 0x20, 0x3F, 0x00, 0x4F, 0x00, 0x00, 0xA9, 0x00, 0x00, 0x00, 0x00,
    0x20, 0x3F, 0x00, 0x4F, 0x00, 0x00, 0xE5, 0x00, 0x00, 0x00, 0x00, 0x20, 0x3F, 0x00, 0x4F, 0x00,
    0x00, 0xF1, 0x04, 0x00, 0x00, 0x00, 0x20, 0x3F, 0x00, 0x4F, 0x40, 0x0C, 0xA0, 0x0B, 0x00, 0x00,
    0x00, 0x20, 0x3F, 0x00, 0x4F, 0xF5, 0x09, 0x30, 0x4F, 0x40, 0x03, 0x00, 0x30, 0x3F, 0x10, 0x8F,
    0x6E, 0xC5, 0x02, 0xDA, 0x91, 0x0E, 0x00, 0x40, 0x3F, 0x30, 0xEF, 0x03, 0xB2, 0x5E, 0xD1, 0xED,
    0x0A, 0x00, 0x50, 0x3F, 0x40, 0x3D, 0x00, 0x00, 0x79, 0x30, 0xDC, 0x02,
    // Unicode: [0x4F4F]
    0x00, 0x00, 0xA0, 0x15, 0x00, 0x20, 0x00, 0x00, 0x00, 0x00, 0x00, 0x00, 0x00, 0xF1, 0x2D, 0x00,
    0xF5, 0x06, 0x00, 0x00, 0x00, 0x00, 0x00, 0x00, 0xE6, 0x02, 0x00, 0x80, 0x9F, 0x00, 0x00, 0x00,
    0x00, 0x00, 0x00, 0x8C, 0x00, 0x00, 0x00, 0xF6, 0x06, 0x00, 0x00, 0x00, 0x00, 0x40, 0x1F, 0x50,
    0x44, 0x44, 0x84, 0x44, 0x44, 0x44, 0x00, 0x00, 0xC0, 0x0E, 0xF0, 0xEE, 0xDD, 0xFE, 0xDD, 0xED,
    0xCE, 0x00, 0x00, 0xF7, 0x0E, 0x00, 0x00, 0x00, 0xE6, 0x00, 0x00, 0x00, 0x00, 0x30, 0xCF, 0x0E,
    0x00, 0x00, 0x00, 0xE6, 0x00, 0x00, 0x00, 0x00, 0xE3, 0x7B, 0x0E, 0x00, 0x00, 0x00, 0xE6, 0x00,
    0x00, 0x00, 0x00, 0xC8, 0x71, 0x0E, 0x00, 0x00, 0x00, 0xE6, 0x00, 0x00, 0x00, 0x00, 0x00, 0x70,
    0x0E, 0x10, 0x33, 0x22, 0xE7, 0x22, 0x32, 0x03, 0x00, 0x00, 0x70, 0x0E, 0x30, 0xFF, 0xFF, 0xFF,
    0xFF, 0xFF, 0x0D, 0x00, 0x00, 0x70, 0x0E, 0x00, 0x11, 0x00, 0xE6, 0x00, 0x10, 0x01, 0x00, 0x00,
    0x70, 0x0E, 0x00, 0x00, 0x00, 0xE6, 0x00, 0x00, 0x00, 0x00, 0x00, 0x70, 0x0E, 0x00, 0x00, 0x00,
    0xE6, 0x00, 0x00, 0x00, 0x00, 0x00, 0x70, 0x0E, 0x00, 0x00, 0x00, 0xE6, 0x00, 0x00, 0x00, 0x00,
    0x00, 0x70, 0x0E, 0x00, 0x00, 0x00, 0xE6, 0x00, 0x00, 0x00, 0x00, 0x00, 0x80, 0x0E, 0x00, 0x00,
    0x00, 0xE6, 0x00, 0x00, 0x00, 0x00, 0x00, 0x90, 0x0E, 0xE9, 0xDE, 0xDD, 0xFE, 0xDD, 0xED, 0xFE,
    0x01, 0x00, 0xA0, 0x0E, 0x43, 0x44, 0x44, 0x44, 0x44, 0x44, 0x54, 0x00,
    // Unicode: [0x4F50]
    0x00, 0x00, 0x20, 0x3A, 0x00, 0x00, 0x01, 0x00, 0x00, 0x00, 0x00, 0x00, 0x00, 0x60, 0x7F, 0x00,
    0x00, 0xCE, 0x00, 0x00, 0x00, 0x00, 0x00, 0x00, 0xC0, 0x09, 0x00, 0x10, 0x7F, 0x00, 0x00, 0x00,
    0x00, 0x00, 0x00, 0xE4, 0x01, 0x00, 0x40, 0x2F, 0x00, 0x00, 0x00, 0x00, 0x00, 0x00, 0x9C, 0x00,
    0x00, 0x60, 0x0D, 0x00, 0x00, 0x00, 0x00, 0x00, 0x60, 0x6F, 0xE0, 0xEF, 0xEE, 0xEF, 0xEE, 0xEE,
    0xFF, 0x06, 0x00, 0xE2, 0x6F, 0x40, 0x44, 0xE3, 0x37, 0x33, 0x33, 0x44, 0x02, 0x10, 0xBC, 0x6E,
    0x00, 0x00, 0xF3, 0x01, 0x00, 0x00, 0x00, 0x00, 0xB1, 0x2E, 0x6E, 0x00, 0x00, 0xC7, 0x00, 0x00,
    0x00, 0x00, 0x00, 0x61, 0x04, 0x6E, 0x00, 0x00, 0x8C, 0x00, 0x00, 0x00, 0x00, 0x00, 0x00, 0x00,
    0x6E, 0x00, 0x40, 0x6F, 0x44, 0x33, 0x43, 0x25, 0x00, 0x00, 0x00, 0x6E, 0x00, 0xA0, 0xCB, 0xDE,
    0xEE, 0xDD, 0x6E, 0x00, 0x00, 0x00, 0x6E, 0x00, 0xF4, 0x04, 0x00, 0xAA, 0x00, 0x00, 0x00, 0x00,
    0x00, 0x6E, 0x00, 0xBD, 0x00, 0x00, 0xAA, 0x00, 0x00, 0x00, 0x00, 0x00, 0x6E, 0x80, 0x3F, 0x00,
    0x00, 0xAA, 0x00, 0x00, 0x00, 0x00, 0x00, 0x6E, 0xF5, 0x08, 0x00, 0x00, 0xAA, 0x00, 0x00, 0x00,
    0x00, 0x00, 0x7F, 0xCA, 0x00, 0x00, 0x00, 0xAA, 0x00, 0x00, 0x00, 0x00, 0x00, 0x6F, 0x00, 0x00,
    0x00, 0x00, 0xAA, 0x00, 0x00, 0x00, 0x00, 0x10, 0x6F, 0x00, 0x21, 0x12, 0x11, 0xBA, 0x11, 0x22,
    0x02, 0x00, 0x20, 0x6F, 0x00, 0xF5, 0xFF, 0xFF, 0xFF, 0xFF, 0xFF, 0x0C,
    // Unicode: [0x4F51]
    0x00, 0x00, 0x00, 0x01, 0x00, 0x00, 0x00, 0x00, 0x00, 0x00, 0x00, 0x00, 0x00, 0x20, 0x8E, 0x00,
    0x00, 0x21, 0x00, 0x00, 0x00, 0x00, 0x00, 0x00, 0x60, 0x4F, 0x00, 0x00, 0xF5, 0x0B, 0x00, 0x00,
    0x00, 0x00, 0x00, 0xB0, 0x0A, 0x00, 0x00, 0xF8, 0x02, 0x00, 0x00, 0x00, 0x00, 0x00, 0xF3, 0x03,
    0x00, 0x00, 0xBB, 0x00, 0x00, 0x00, 0x00, 0x00, 0x00, 0xBA, 0x00, 0x00, 0x00, 0x6E, 0x00, 0x00,
    0x00, 0x00, 0x00, 0x40, 0x6F, 0xE0, 0xDE, 0xDD, 0xDF, 0xDD, 0xDD, 0xED, 0x0D, 0x00, 0xD0, 0x6F,
    0x50, 0x45, 0xC4, 0x3B, 0x33, 0x44, 0x44, 0x05, 0x00, 0xE9, 0x6F, 0x00, 0x00, 0xF2, 0x04, 0x00,
    0x00, 0x00, 0x00, 0x70, 0x7F, 0x6E, 0x00, 0x00, 0xD8, 0x00, 0x00, 0x00, 0x00, 0x00, 0xF5, 0x0B,
    0x6E, 0x00, 0x20, 0x6F, 0x00, 0x00, 0x00, 0x00, 0x00, 0x20, 0x01, 0x6E, 0x00, 0xB0, 0x2E, 0x11,
    0x11, 0x22, 0x02, 0x00, 0x00, 0x00, 0x6E, 0x00, 0xF6, 0xFD, 0xEE, 0xEE, 0xFE, 0x2F, 0x00, 0x00,
    0x00, 0x6E, 0x30, 0x8F, 0xA9, 0x00, 0x00, 0x40, 0x2F, 0x00, 0x00, 0x00, 0x6E, 0xE4, 0x0C, 0xA9,
    0x00, 0x00, 0x40, 0x2F, 0x00, 0x00, 0x00, 0x6E, 0xDA, 0x01, 0xA9, 0x00, 0x00, 0x40, 0x2F, 0x00,
    0x00, 0x00, 0x6E, 0x10, 0x00, 0xA9, 0x00, 0x00, 0x40, 0x2F, 0x00, 0x00, 0x00, 0x6F, 0x00, 0x00,
    0xA9, 0x00, 0x00, 0x40, 0x2F, 0x00, 0x00, 0x10, 0x6F, 0x00, 0x00, 0xE9, 0xCC, 0xCC, 0xDC, 0x2F,
    0x00, 0x00, 0x10, 0x6F, 0x00, 0x00, 0xBA, 0x33, 0x33, 0x63, 0x2F, 0x00, 0x00, 0x20, 0x6F, 0x00,
    0x00, 0x9A, 0x00, 0x00, 0x40, 0x3F, 0x00,
    // Unicode: [0x4F52]
    0x00, 0x00, 0x34, 0x00, 0x00, 0x30, 0x58, 0x00, 0x00, 0x00, 0x00, 0x00, 0x00, 0xDC, 0x01, 0x00,
    0x40, 0x6F, 0x00, 0x00, 0x00, 0x00, 0x00, 0x20, 0x5F, 0x00, 0x00, 0x30, 0x2F, 0x00, 0x00, 0x00,
    0x00, 0x00, 0x70, 0x0D, 0x10, 0x01, 0x30, 0x1F, 0x00, 0x11, 0x00, 0x00, 0x00, 0xD0, 0x08, 0xD0,
    0xFF, 0xEF, 0xEF, 0xFF, 0xEF, 0x00, 0x00, 0x00, 0xF6, 0x04, 0xD0, 0x27, 0x42, 0x2F, 0x22, 0xE6,
    0x00, 0x00, 0x00, 0xFD, 0x04, 0xD0, 0x06, 0x30, 0x0F, 0x00, 0xE5, 0x00, 0x00, 0x70, 0xFF, 0x04,
    0xD0, 0x06, 0x30, 0x0E, 0x00, 0xE5, 0x00, 0x00, 0xF3, 0xF9, 0x04, 0xD0, 0x06, 0x40, 0x0D, 0x00,
    0xE5, 0x00, 0x00, 0xDC, 0xF1, 0x04, 0xD0, 0x06, 0x70, 0x0C, 0x00, 0xE5, 0x00, 0x00, 0x43, 0xF1,
    0x45, 0xD3, 0x27, 0xA2, 0x2B, 0x22, 0xE6, 0x43, 0x00, 0x00, 0xF1, 0xF6, 0xDE, 0xDD, 0xFD, 0xEE,
    0xDE, 0xDD, 0xDE, 0x00, 0x00, 0xF1, 0x04, 0x00, 0x00, 0xF1, 0x54, 0x0C, 0x00, 0x00, 0x00, 0x00,
    0xF1, 0x04, 0x00, 0x00, 0xD8, 0x00, 0x4E, 0x00, 0x00, 0x00, 0x00, 0xF1, 0x04, 0x00, 0x20, 0x5E,
    0x00, 0xD7, 0x01, 0x00, 0x00, 0x00, 0xF1, 0x04, 0x00, 0xC1, 0x0A, 0x00, 0xD0, 0x0A, 0x00, 0x00,
    0x00, 0xF2, 0x04, 0x10, 0xDB, 0x01, 0x00, 0x30, 0x8F, 0x00, 0x00, 0x00, 0xF2, 0x04, 0xD4, 0x2D,
    0x00, 0x00, 0x00, 0xF5, 0x19, 0x00, 0x00, 0xF3, 0xB6, 0xBF, 0x01, 0x00, 0x00, 0x00, 0x70, 0xCF,
    0x01, 0x00, 0xF4, 0x84, 0x06, 0x00, 0x00, 0x00, 0x00, 0x00, 0x26, 0x00,
    // Unicode: [0x4F53]
    0x00, 0x00, 0x60, 0x03, 0x00, 0x00, 0x84, 0x03, 0x00, 0x00, 0x00, 0x00, 0x00, 0xE0, 0x1C, 0x00,
    0x00, 0xF6, 0x01, 0x00, 0x00, 0x00, 0x00, 0x00, 0xF5, 0x02, 0x00, 0x00, 0xE6, 0x00, 0x00, 0x00,
    0x00, 0x00, 0x00, 0x9B, 0x00, 0x00, 0x00, 0xE5, 0x00, 0x00, 0x00, 0x00, 0x00, 0x30, 0x2F, 0x00,
    0x00, 0x00, 0xE5, 0x00, 0x00, 0x00, 0x00, 0x00, 0xB0, 0x0E, 0xFB, 0xEE, 0xDD, 0xFE, 0xDD, 0xED,
    0xFE, 0x06, 0x00, 0xF5, 0x0E, 0x43, 0x44, 0xF4, 0xE8, 0xA9, 0x43, 0x44, 0x02, 0x10, 0xDE, 0x0E,
    0x00, 0x00, 0xB6, 0xE5, 0xE2, 0x01, 0x00, 0x00, 0xB0, 0x6D, 0x0E, 0x00, 0x00, 0x6C, 0xE5, 0xC0,
    0x07, 0x00, 0x00, 0xF4, 0x64, 0x0E, 0x00, 0x50, 0x1E, 0xE5, 0x60, 0x1E, 0x00, 0x00, 0x30, 0x60,
    0x0E, 0x00, 0xD0, 0x08, 0xE5, 0x00, 0x9D, 0x00, 0x00, 0x00, 0x60, 0x0E, 0x00, 0xE7, 0x01, 0xE5,
    0x00, 0xF6, 0x04, 0x00, 0x00, 0x60, 0x0E, 0x20, 0x6E, 0x00, 0xE5, 0x00, 0xA0, 0x2E, 0x00, 0x00,
    0x60, 0x0E, 0xD1, 0x0B, 0x00, 0xE5, 0x00, 0x10, 0xDE, 0x02, 0x00, 0x60, 0x1E, 0xDC, 0xF3, 0xDE,
    0xFE, 0xDD, 0xFE, 0xE5, 0x2D, 0x00, 0x60, 0x5E, 0x3D, 0x51, 0x34, 0xE7, 0x33, 0x54, 0x41, 0x08,
    0x00, 0x70, 0x0E, 0x00, 0x00, 0x00, 0xE6, 0x00, 0x00, 0x00, 0x00, 0x00, 0x80, 0x0E, 0x00, 0x00,
    0x00, 0xF6, 0x00, 0x00, 0x00, 0x00, 0x00, 0x90, 0x0E, 0x00, 0x00, 0x00, 0xF7, 0x01, 0x00, 0x00,
    0x00, 0x00, 0x80, 0x0C, 0x00, 0x00, 0x00, 0xF8, 0x02, 0x00, 0x00, 0x00,
    // Unicode: [0x4F54]
    0x00, 0x00, 0x40, 0x00, 0x00, 0x30, 0x24, 0x00, 0x00, 0x00, 0x00, 0x00, 0x00, 0xF1, 0x1D, 0x00,
    0x70, 0x5F, 0x00, 0x00, 0x00, 0x00, 0x00, 0x00, 0xF7, 0x05, 0x00, 0x60, 0x1F, 0x00, 0x00, 0x00,
    0x00, 0x00, 0x10, 0xAE, 0x00, 0x00, 0x60, 0x1F, 0x00, 0x00, 0x00, 0x00, 0x00, 0x80, 0x1F, 0x00,
    0x00, 0x60, 0x5F, 0x44, 0x44, 0x65, 0x01, 0x00, 0xE2, 0x0E, 0x00, 0x00, 0x60, 0xDF, 0xDD, 0xDD,
    0xED, 0x01, 0x00, 0xFC, 0x0E, 0x00, 0x00, 0x60, 0x1F, 0x00, 0x00, 0x00, 0x00, 0x80, 0xAF, 0x0E,
    0x00, 0x00, 0x60, 0x1F, 0x00, 0x00, 0x00, 0x00, 0xF6, 0x68, 0x0E, 0x00, 0x00, 0x60, 0x1F, 0x00,
    0x00, 0x00, 0x00, 0xCA, 0x60, 0x0E, 0x10, 0x33, 0x72, 0x3F, 0x32, 0x33, 0x02, 0x00, 0x10, 0x60,
    0x0E, 0x30, 0xFF, 0xEE, 0xEE, 0xEE, 0xFE, 0x08, 0x00, 0x00, 0x60, 0x0E, 0x20, 0x4F, 0x00, 0x00,
    0x00, 0xF0, 0x07, 0x00, 0x00, 0x60, 0x0E, 0x20, 0x4F, 0x00, 0x00, 0x00, 0xF0, 0x06, 0x00, 0x00,
    0x60, 0x0E, 0x20, 0x4F, 0x00, 0x00, 0x00, 0xF0, 0x06, 0x00, 0x00, 0x60, 0x0E, 0x20, 0x4F, 0x00,
    0x00, 0x00, 0xF0, 0x06, 0x00, 0x00, 0x60, 0x0E, 0x20, 0x4F, 0x00, 0x00, 0x00, 0xF0, 0x06, 0x00,
    0x00, 0x70, 0x0E, 0x20, 0x4F, 0x00, 0x00, 0x00, 0xF0, 0x06, 0x00, 0x00, 0x70, 0x0E, 0x30, 0xFF,
    0xEE, 0xEE, 0xEE, 0xFE, 0x07, 0x00, 0x00, 0x80, 0x0E, 0x40, 0x6F, 0x33, 0x33, 0x33, 0xF3, 0x08,
    0x00, 0x00, 0x90, 0x0E, 0x40, 0x4F, 0x00, 0x00, 0x00, 0xC0, 0x07, 0x00,
    // Unicode: [0x4F55]
    0x00, 0x00, 0x80, 0x3B, 0x00, 0x00, 0x00, 0x00, 0x00, 0x00, 0x00, 0x00, 0x00, 0xD0, 0x1D, 0x00,
    0x00, 0x00, 0x00, 0x00, 0x00, 0x00, 0x00, 0x00, 0xF3, 0xF5, 0xEF, 0xEE, 0xDE, 0xED, 0xEE, 0xFE,
    0x0E, 0x00, 0x00, 0xBA, 0x50, 0x45, 0x44, 0x33, 0x33, 0xE3, 0x59, 0x05, 0x00, 0x20, 0x6F, 0x00,
    0x00, 0x00, 0x00, 0x00, 0xE0, 0x06, 0x00, 0x00, 0xA0, 0x5F, 0x00, 0x00, 0x00, 0x00, 0x00, 0xE0,
    0x06, 0x00, 0x00, 0xF4, 0x5F, 0x00, 0x52, 0x44, 0x54, 0x05, 0xE0, 0x06, 0x00, 0x10, 0xCD, 0x5E,
    0x00, 0xF6, 0xDD, 0xED, 0x0F, 0xE0, 0x06, 0x00, 0xA0, 0x2E, 0x5E, 0x00, 0xE5, 0x00, 0x50, 0x0E,
    0xE0, 0x06, 0x00, 0xE4, 0x06, 0x5E, 0x00, 0xE5, 0x00, 0x50, 0x0E, 0xE0, 0x06, 0x00, 0x10, 0x00,
    0x5E, 0x00, 0xE5, 0x00, 0x50, 0x0E, 0xE0, 0x06, 0x00, 0x00, 0x00, 0x5E, 0x00, 0xE5, 0x00, 0x50,
    0x0E, 0xE0, 0x06, 0x00, 0x00, 0x00, 0x5E, 0x00, 0xE5, 0x00, 0x50, 0x0E, 0xE0, 0x06, 0x00, 0x00,
    0x00, 0x5E, 0x00, 0xF5, 0xEE, 0xFE, 0x0E, 0xE0, 0x06, 0x00, 0x00, 0x00, 0x5E, 0x00, 0xE6, 0x11,
    0x61, 0x0F, 0xE0, 0x06, 0x00, 0x00, 0x00, 0x5E, 0x00, 0xE7, 0x00, 0x40, 0x1C, 0xE0, 0x06, 0x00,
    0x00, 0x00, 0x5F, 0x00, 0x43, 0x00, 0x00, 0x00, 0xE0, 0x06, 0x00, 0x00, 0x00, 0x5F, 0x00, 0x00,
    0x00, 0x00, 0x00, 0xE0, 0x06, 0x00, 0x00, 0x10, 0x5F, 0x00, 0x00, 0x00, 0x00, 0xA5, 0xFB, 0x05,
    0x00, 0x00, 0x20, 0x5F, 0x00, 0x00, 0x00, 0x00, 0xD2, 0x8C, 0x00, 0x00,
    // Unicode: [0x4F56]
    0x00, 0x00, 0x70, 0x4D, 0x00, 0x30, 0x02, 0x00, 0x00, 0x00, 0x00, 0x00, 0x00, 0xC0, 0x0B, 0x00,
    0xB0, 0x1D, 0x00, 0x20, 0x00, 0x00, 0x00, 0x00, 0xF2, 0x03, 0x00, 0x10, 0xCD, 0x00, 0xB0, 0x1E,
    0x00, 0x00, 0x00, 0xBA, 0x00, 0x00, 0x00, 0xE2, 0x09, 0xE0, 0x0A, 0x00, 0x00, 0x20, 0x4F, 0x00,
    0x00, 0x00, 0x50, 0x5F, 0xF1, 0x05, 0x00, 0x00, 0xB0, 0x3F, 0x00, 0x00, 0xC7, 0x04, 0x16, 0xE5,
    0x01, 0x00, 0x00, 0xF6, 0x3F, 0x00, 0x00, 0xE7, 0x00, 0x00, 0xAA, 0x00, 0x00, 0x30, 0xAF, 0x3F,
    0x10, 0x00, 0xD6, 0x00, 0x00, 0x5E, 0x00, 0x00, 0xE2, 0x2C, 0x3F, 0x70, 0x1F, 0xD6, 0x00, 0x50,
    0x1E, 0x00, 0x00, 0x80, 0x23, 0x3F, 0x80, 0x0B, 0xD6, 0x00, 0xC0, 0x78, 0x0A, 0x00, 0x00, 0x20,
    0x3F, 0xA0, 0x08, 0xD6, 0x00, 0xE5, 0x31, 0x6F, 0x00, 0x00, 0x20, 0x3F, 0xC0, 0x05, 0xD6, 0x10,
    0x8D, 0x00, 0xE7, 0x01, 0x00, 0x20, 0x3F, 0xF1, 0x03, 0xD6, 0xB0, 0x0C, 0x00, 0xD0, 0x09, 0x00,
    0x20, 0x3F, 0xE5, 0x00, 0xD6, 0xE9, 0x02, 0x00, 0x50, 0x0C, 0x00, 0x20, 0x3F, 0x75, 0x00, 0xF6,
    0x4E, 0x00, 0x00, 0x01, 0x00, 0x00, 0x20, 0x3F, 0x00, 0x20, 0xFB, 0x04, 0x00, 0x20, 0x3C, 0x00,
    0x00, 0x30, 0x3F, 0x00, 0xE5, 0xDF, 0x00, 0x00, 0x60, 0x2F, 0x00, 0x00, 0x40, 0x3F, 0xC4, 0x8F,
    0xF6, 0x47, 0x44, 0xE7, 0x0A, 0x00, 0x00, 0x50, 0x4F, 0x9B, 0x02, 0xA0, 0xFE, 0xEF, 0x9D, 0x01,
    0x00,
    // Unicode: [0x4F57]
    0x00, 0x00, 0x30, 0x4A, 0x00, 0x00, 0xA5, 0x00, 0x00, 0x00, 0x00, 0x00, 0x00, 0x70, 0x6F, 0x00,
    0x00, 0xF4, 0x06, 0x00, 0x00, 0x00, 0x00, 0x00, 0xD0, 0x0A, 0x11, 0x00, 0x90, 0x0D, 0x00, 0x10,
    0x01, 0x00, 0x00, 0xF5, 0x23, 0xFF, 0xFF, 0xEE, 0xFF, 0xFF, 0xFF, 0x07, 0x00, 0x00, 0xAD, 0x10,
    0x7F, 0x33, 0x33, 0x33, 0x33, 0xF3, 0x06, 0x00, 0x70, 0x6F, 0x10, 0x5F, 0x00, 0x00, 0x00, 0x00,
    0xF0, 0x06, 0x00, 0xF2, 0x6F, 0x20, 0x4C, 0x22, 0x01, 0x00, 0x00, 0xC0, 0x06, 0x10, 0xCC, 0x6E,
    0x00, 0x00, 0xF7, 0x04, 0x00, 0x00, 0x00, 0x00, 0xB1, 0x3F, 0x6E, 0x00, 0x00, 0xF7, 0x00, 0x00,
    0x00, 0x00, 0x00, 0xC2, 0x06, 0x6E, 0x00, 0x00, 0xE7, 0x00, 0x00, 0x50, 0x1D, 0x00, 0x00, 0x00,
    0x6E, 0x00, 0x00, 0xE7, 0x00, 0x61, 0xFC, 0x7E, 0x00, 0x00, 0x00, 0x6E, 0x00, 0x00, 0xE7, 0x94,
    0xCE, 0x27, 0x00, 0x00, 0x00, 0x00, 0x6E, 0x00, 0x00, 0xF7, 0x8D, 0x02, 0x00, 0x00, 0x00, 0x00,
    0x00, 0x6E, 0x00, 0x00, 0xE7, 0x00, 0x00, 0x00, 0x00, 0x00, 0x00, 0x00, 0x6E, 0x00, 0x00, 0xE7,
    0x00, 0x00, 0x00, 0x00, 0x00, 0x00, 0x00, 0x6E, 0x00, 0x00, 0xE7, 0x00, 0x00, 0x00, 0x00, 0x00,
    0x00, 0x00, 0x6F, 0x00, 0x00, 0xE7, 0x00, 0x00, 0x00, 0x90, 0x03, 0x00, 0x00, 0x6F, 0x00, 0x00,
    0xF6, 0x01, 0x00, 0x00, 0xF1, 0x08, 0x00, 0x10, 0x6F, 0x00, 0x00, 0xE2, 0x7D, 0x55, 0x75, 0xFC,
    0x02, 0x00, 0x20, 0x6F, 0x00, 0x00, 0x30, 0xDA, 0xFF, 0xDF, 0x4B, 0x00,
    // Unicode: [0x4F58]
    0x00, 0x00, 0x00, 0x00, 0x20, 0x05, 0x00, 0x00, 0x00, 0x00, 0x00, 0x00, 0x00, 0x00, 0xB0, 0x3E,
    0x00, 0x00, 0x00, 0x00, 0x00, 0x00, 0x00, 0x00, 0xD8, 0x6D, 0x00, 0x00, 0x00, 0x00, 0x00, 0x00,
    0x00, 0x80, 0x2D, 0xE2, 0x08, 0x00, 0x00, 0x00, 0x00, 0x00, 0x00, 0xD9, 0x02, 0x20, 0xBD, 0x02,
    0x00, 0x00, 0x00, 0x00, 0xC2, 0x1B, 0x00, 0x00, 0xB1, 0x7E, 0x00, 0x00, 0x00, 0x71, 0x8E, 0x00,
    0x00, 0x00, 0x00, 0xE6, 0x6D, 0x00, 0x71, 0xDE, 0x64, 0x45, 0x44, 0x44, 0x54, 0x55, 0xFA, 0x8E,
    0xEA, 0x07, 0xD1, 0xCC, 0xBB, 0xBB, 0xCC, 0x7C, 0x40, 0x4C, 0x20, 0x00, 0x00, 0x00, 0x00, 0x00,
    0x00, 0x00, 0x00, 0x00, 0x00, 0x00, 0x00, 0x00, 0x00, 0x00, 0x00, 0x00, 0x00, 0x00, 0x00, 0xFD,
    0xEE, 0xDE, 0xDD, 0xDD, 0xED, 0xEE, 0xCF, 0x00, 0x00, 0x44, 0x34, 0x33, 0x93, 0x3E, 0x33, 0x43,
    0x44, 0x00, 0x00, 0x00, 0x90, 0x06, 0x80, 0x0E, 0x20, 0x06, 0x00, 0x00, 0x00, 0x00, 0xF7, 0x19,
    0x80, 0x0E, 0x50, 0xAF, 0x01, 0x00, 0x00, 0x80, 0x4F, 0x00, 0x80, 0x0E, 0x00, 0xE3, 0x2C, 0x00,
    0x30, 0xEC, 0x03, 0x00, 0x80, 0x0E, 0x00, 0x20, 0xDD, 0x03, 0xE2, 0x2B, 0x00, 0x00, 0x80, 0x0E,
    0x00, 0x00, 0xD2, 0x03, 0x10, 0x00, 0x00, 0x83, 0xE9, 0x0C, 0x00, 0x00, 0x00, 0x00, 0x00, 0x00,
    0x00, 0xE1, 0xAE, 0x02, 0x00, 0x00, 0x00, 0x00,
    // Unicode: [0x4F59]
    0x00, 0x00, 0x00, 0x00, 0xC0, 0x29, 0x00, 0x00, 0x00, 0x00, 0x00, 0x00, 0x00, 0x00, 0xF6, 0x1C,
    0x00, 0x00, 0x00, 0x00, 0x00, 0x00, 0x00, 0x30, 0x9E, 0x9C, 0x00, 0x00, 0x00, 0x00, 0x00, 0x00,
    0x00, 0xE4, 0x0A, 0xA1, 0x3C, 0x00, 0x00, 0x00, 0x00, 0x00, 0x60, 0xAF, 0x00, 0x00, 0xF7, 0x08,
    0x00, 0x00, 0x00, 0x30, 0xFB, 0x09, 0x00, 0x00, 0x40, 0xDD, 0x05, 0x00, 0x30, 0xF9, 0x5E, 0x00,
    0x00, 0x00, 0x00, 0xA1, 0xDF, 0x27, 0xE5, 0x9F, 0xD7, 0xDD, 0xCC, 0xCC, 0xDD, 0x8D, 0xD4, 0xBF,
    0x50, 0x03, 0x42, 0x34, 0x93, 0x3F, 0x43, 0x34, 0x00, 0x36, 0x00, 0x00, 0x00, 0x00, 0x70, 0x0F,
    0x00, 0x00, 0x00, 0x00, 0x00, 0x00, 0x00, 0x00, 0x70, 0x0F, 0x00, 0x00, 0x00, 0x00, 0x00, 0x75,
    0x56, 0x45, 0x94, 0x4F, 0x54, 0x65, 0x57, 0x00, 0x00, 0xE9, 0xDE, 0xCD, 0xEC, 0xCF, 0xDC, 0xDD,
    0xAE, 0x00, 0x00, 0x00, 0x30, 0x00, 0x70, 0x0F, 0x00, 0x00, 0x00, 0x00, 0x00, 0x00, 0xF5, 0x07,
    0x70, 0x0F, 0x80, 0x3B, 0x00, 0x00, 0x00, 0x30, 0x6E, 0x00, 0x70, 0x0F, 0x10, 0xF9, 0x2A, 0x00,
    0x00, 0xF6, 0x07, 0x00, 0x70, 0x0F, 0x00, 0x20, 0xEB, 0x07, 0xC1, 0x7F, 0x00, 0x00, 0x70, 0x0F,
    0x00, 0x00, 0x70, 0x2D, 0x30, 0x06, 0x00, 0x81, 0xC7, 0x0E, 0x00, 0x00, 0x00, 0x01, 0x00, 0x00,
    0x00, 0xC0, 0xDE, 0x07, 0x00, 0x00, 0x00, 0x00,
    // Unicode: [0x4F5A]
    0x00, 0x00, 0x30, 0x15, 0x00, 0x00, 0x70, 0x17, 0x00, 0x00, 0x00, 0x00, 0x00, 0x80, 0x4E, 0x00,
    0x00, 0xC0, 0x0D, 0x00, 0x00, 0x00, 0x00, 0x00, 0xD0, 0x08, 0x90, 0x1A, 0xB0, 0x0B, 0x00, 0x00,
    0x00, 0x00, 0x00, 0xE5, 0x01, 0xD0, 0x0B, 0xB0, 0x0B, 0x00, 0x00, 0x00, 0x00, 0x00, 0x8D, 0x00,
    0xF2, 0x04, 0xB0, 0x0A, 0x00, 0x10, 0x00, 0x00, 0x70, 0x4F, 0x00, 0xF7, 0xEE, 0xFE, 0xEF, 0xFF,
    0xCF, 0x00, 0x00, 0xF3, 0x4F, 0x10, 0x8E, 0x22, 0xB2, 0x2B, 0x32, 0x33, 0x00, 0x10, 0xCD, 0x4F,
    0xA0, 0x1E, 0x00, 0xB0, 0x0A, 0x00, 0x00, 0x00, 0xC1, 0x2D, 0x4F, 0x61, 0x05, 0x00, 0xB0, 0x09,
    0x00, 0x00, 0x00, 0x30, 0x13, 0x4F, 0x00, 0x00, 0x00, 0xC0, 0x08, 0x00, 0x00, 0x00, 0x00, 0x10,
    0x4F, 0xF3, 0xEE, 0xDD, 0xFD, 0xDE, 0xED, 0xFE, 0x0E, 0x00, 0x10, 0x4F, 0x61, 0x55, 0x45, 0xF6,
    0x5F, 0x54, 0x65, 0x06, 0x00, 0x10, 0x4F, 0x00, 0x00, 0x00, 0xF6, 0x99, 0x00, 0x00, 0x00, 0x00,
    0x10, 0x4F, 0x00, 0x00, 0x00, 0xAC, 0xE2, 0x02, 0x00, 0x00, 0x00, 0x10, 0x4F, 0x00, 0x00, 0x50,
    0x3F, 0x90, 0x0C, 0x00, 0x00, 0x00, 0x10, 0x4F, 0x00, 0x00, 0xE2, 0x08, 0x10, 0x9D, 0x00, 0x00,
    0x00, 0x10, 0x4F, 0x00, 0x30, 0xBD, 0x00, 0x00, 0xF4, 0x09, 0x00, 0x00, 0x20, 0x4F, 0x00, 0xE7,
    0x1B, 0x00, 0x00, 0x60, 0xAF, 0x01, 0x00, 0x30, 0x4F, 0xD4, 0x8F, 0x00, 0x00, 0x00, 0x00, 0xF6,
    0x2E, 0x00, 0x40, 0x4F, 0xA1, 0x04, 0x00, 0x00, 0x00, 0x00, 0x40, 0x06,
    // Unicode: [0x4F5B]
    0x00, 0x00, 0x02, 0x00, 0x00, 0x01, 0x10, 0x01, 0x00, 0x00, 0x00, 0x20, 0x9F, 0x00, 0x30, 0x8F,
    0x60, 0x1F, 0x00, 0x00, 0x00, 0x70, 0x2F, 0x00, 0x10, 0x4F, 0x50, 0x0E, 0x00, 0x00, 0x00, 0xC0,
    0x19, 0x45, 0x44, 0x6F, 0x73, 0x3E, 0x44, 0x02, 0x00, 0xF3, 0x35, 0xEE, 0xDD, 0xEF, 0xED, 0xDF,
    0xFD, 0x06, 0x00, 0xFA, 0x04, 0x00, 0x10, 0x4F, 0x50, 0x0E, 0xD0, 0x05, 0x30, 0xFF, 0x04, 0x00,
    0x10, 0x4F, 0x50, 0x0E, 0xD0, 0x05, 0xC0, 0xFC, 0x04, 0x34, 0x32, 0x5F, 0x62, 0x2E, 0xE2, 0x06,
    0xF7, 0xF4, 0x04, 0xFD, 0xEE, 0xEF, 0xFE, 0xEF, 0xFF, 0x06, 0x9D, 0xF0, 0x04, 0x4D, 0x10, 0x4F,
    0x50, 0x0E, 0x00, 0x00, 0x11, 0xF0, 0x04, 0x4E, 0x10, 0x4F, 0x50, 0x0E, 0x00, 0x00, 0x00, 0xF0,
    0x04, 0x3E, 0x10, 0x4F, 0x50, 0x0E, 0x10, 0x12, 0x00, 0xF0, 0x04, 0xFF, 0xFF, 0xFF, 0xFF, 0xFF,
    0xFF, 0x6F, 0x00, 0xF0, 0x04, 0x23, 0x32, 0x3F, 0x51, 0x1E, 0x21, 0x5F, 0x00, 0xF0, 0x04, 0x00,
    0x40, 0x0F, 0x50, 0x0E, 0x20, 0x3F, 0x00, 0xF0, 0x04, 0x00, 0x90, 0x0C, 0x50, 0x0E, 0x40, 0x1F,
    0x00, 0xF1, 0x04, 0x00, 0xF2, 0x06, 0x50, 0x4E, 0xEA, 0x0D, 0x00, 0xF2, 0x04, 0x20, 0xCC, 0x00,
    0x50, 0x1F, 0x8B, 0x02, 0x00, 0xF3, 0x04, 0xE6, 0x2D, 0x00, 0x50, 0x0F, 0x00, 0x00, 0x00, 0xF4,
    0x04, 0xA8, 0x01, 0x00, 0x60, 0x1F, 0x00, 0x00, 0x00, 0x00, 0x00, 0x00, 0x00, 0x00, 0x10, 0x02,
    0x00, 0x00,
    // Unicode: [0x4F5C]
    0x00, 0x00, 0x40, 0x28, 0x00, 0x10, 0x15, 0x00, 0x00, 0x00, 0x00, 0x00, 0x00, 0x90, 0x6F, 0x00,
    0x30, 0xAF, 0x00, 0x00, 0x00, 0x00, 0x00, 0x00, 0xF2, 0x07, 0x00, 0x80, 0x1E, 0x00, 0x00, 0x00,
    0x00, 0x00, 0x00, 0xC9, 0x00, 0x00, 0xE1, 0x07, 0x00, 0x00, 0x00, 0x00, 0x00, 0x40, 0x7F, 0x00,
    0x00, 0xE9, 0x23, 0x22, 0x22, 0x33, 0x03, 0x00, 0xD1, 0x7F, 0x00, 0x40, 0xEF, 0xFF, 0xEE, 0xEE,
    0xFF, 0x0B, 0x00, 0xDB, 0x7E, 0x00, 0xE2, 0x0A, 0x6F, 0x00, 0x00, 0x10, 0x01, 0xA0, 0x3F, 0x7E,
    0x20, 0xDD, 0x01, 0x6F, 0x00, 0x00, 0x00, 0x00, 0x92, 0x06, 0x7E, 0xE4, 0x2D, 0x00, 0x6F, 0x00,
    0x00, 0x10, 0x00, 0x00, 0x00, 0x7E, 0x50, 0x02, 0x00, 0xEF, 0xDD, 0xFE, 0xBF, 0x00, 0x00, 0x00,
    0x7E, 0x00, 0x00, 0x00, 0x7F, 0x22, 0x32, 0x44, 0x00, 0x00, 0x00, 0x7E, 0x00, 0x00, 0x00, 0x6F,
    0x00, 0x00, 0x00, 0x00, 0x00, 0x00, 0x7E, 0x00, 0x00, 0x00, 0x6F, 0x00, 0x00, 0x00, 0x00, 0x00,
    0x00, 0x7E, 0x00, 0x00, 0x00, 0x7F, 0x22, 0x22, 0x43, 0x03, 0x00, 0x00, 0x7E, 0x00, 0x00, 0x00,
    0xFF, 0xEE, 0xFF, 0xFF, 0x08, 0x00, 0x00, 0x7E, 0x00, 0x00, 0x00, 0x6F, 0x00, 0x00, 0x11, 0x01,
    0x00, 0x00, 0x7F, 0x00, 0x00, 0x00, 0x6F, 0x00, 0x00, 0x00, 0x00, 0x00, 0x00, 0x7F, 0x00, 0x00,
    0x10, 0x7F, 0x00, 0x00, 0x00, 0x00, 0x00, 0x10, 0x7F, 0x00, 0x00, 0x20, 0x8F, 0x00, 0x00, 0x00,
    0x00, 0x00, 0x20, 0x7F, 0x00, 0x00, 0x30, 0x9F, 0x00, 0x00, 0x00, 0x00,
    // Unicode: [0x4F5D]
    0x00, 0x00, 0x40, 0x00, 0x00, 0x02, 0x00, 0x00, 0x00, 0x00, 0x00, 0x00, 0xF2, 0x0B, 0x00, 0xCD,
    0x02, 0x00, 0x00, 0x00, 0x00, 0x00, 0xF7, 0x02, 0x20, 0x7F, 0x00, 0x00, 0x00, 0x00, 0x00, 0x00,
    0x9C, 0x00, 0x90, 0x4F, 0x44, 0x44, 0x44, 0x56, 0x00, 0x40, 0x3F, 0x00, 0xF2, 0xEE, 0xEE, 0xEE,
    0xEE, 0xAF, 0x00, 0xB0, 0x2F, 0x00, 0xD9, 0x01, 0x00, 0x00, 0x00, 0x9C, 0x00, 0xF5, 0x2F, 0x40,
    0x5F, 0x00, 0x00, 0x00, 0x00, 0x9C, 0x10, 0xCD, 0x2F, 0xD2, 0x4B, 0x33, 0x33, 0x43, 0x00, 0x9D,
    0xA0, 0x4E, 0x3F, 0xED, 0xF3, 0xEF, 0xEE, 0xEF, 0x00, 0x8D, 0xD2, 0x36, 0x2F, 0x44, 0xF1, 0x04,
    0x00, 0xE6, 0x00, 0x8D, 0x10, 0x30, 0x2F, 0x00, 0xF1, 0x04, 0x00, 0xE6, 0x00, 0x8E, 0x00, 0x30,
    0x2F, 0x00, 0xF1, 0x04, 0x00, 0xE6, 0x00, 0x8E, 0x00, 0x30, 0x2F, 0x00, 0xF1, 0x04, 0x00, 0xE6,
    0x00, 0x7F, 0x00, 0x30, 0x2F, 0x00, 0xF1, 0x04, 0x00, 0xE6, 0x00, 0x7F, 0x00, 0x30, 0x2F, 0x00,
    0xF1, 0xFF, 0xFF, 0xEF, 0x00, 0x7F, 0x00, 0x30, 0x2F, 0x00, 0xF1, 0x15, 0x11, 0xF7, 0x10, 0x6F,
    0x00, 0x30, 0x2F, 0x00, 0xF2, 0x04, 0x00, 0x93, 0x10, 0x6F, 0x00, 0x40, 0x2F, 0x00, 0x20, 0x01,
    0x00, 0x00, 0x30, 0x5F, 0x00, 0x50, 0x2F, 0x00, 0x00, 0x00, 0x00, 0xB1, 0xEB, 0x2F, 0x00, 0x60,
    0x2F, 0x00, 0x00, 0x00, 0x00, 0xA0, 0x9B, 0x03,
    // Unicode: [0x4F5E]
    0x00, 0x00, 0x50, 0x17, 0x00, 0x00, 0x00, 0x00, 0x00, 0x00, 0x00, 0x00, 0x00, 0xA0, 0x5F, 0x00,
    0x00, 0x00, 0x00, 0x00, 0x00, 0x00, 0x00, 0x00, 0xE1, 0x07, 0xF3, 0xEE, 0xDE, 0xED, 0xEE, 0x2F,
    0x00, 0x00, 0x00, 0xD8, 0x00, 0x41, 0x33, 0x23, 0x22, 0x32, 0x03, 0x00, 0x00, 0x20, 0x6F, 0x00,
    0x00, 0x00, 0x00, 0x00, 0x00, 0x00, 0x00, 0x00, 0xA0, 0x3F, 0x40, 0x44, 0x33, 0x33, 0x33, 0x33,
    0x44, 0x02, 0x00, 0xF5, 0x3F, 0xD0, 0xEE, 0xEE, 0xDE, 0xDD, 0xEE, 0xEE, 0x07, 0x20, 0xBE, 0x3F,
    0x00, 0x00, 0x30, 0x04, 0x00, 0x00, 0x00, 0x00, 0xC1, 0x2D, 0x3F, 0x00, 0x00, 0xA0, 0x4F, 0x00,
    0x00, 0x00, 0x00, 0x91, 0x13, 0x3F, 0x00, 0x00, 0xE1, 0x08, 0x00, 0x00, 0x00, 0x00, 0x00, 0x10,
    0x3F, 0x22, 0x12, 0xE7, 0x12, 0x11, 0x11, 0x22, 0x03, 0x00, 0x10, 0x3F, 0xFA, 0xEE, 0xEF, 0xEE,
    0xEE, 0xFF, 0xEE, 0x0F, 0x00, 0x10, 0x3F, 0x00, 0x80, 0x0C, 0x00, 0x00, 0x7C, 0x00, 0x00, 0x00,
    0x10, 0x3F, 0x00, 0xF3, 0x04, 0x00, 0x40, 0x1E, 0x00, 0x00, 0x00, 0x10, 0x3F, 0x00, 0xFC, 0x49,
    0x00, 0xD2, 0x07, 0x00, 0x00, 0x00, 0x10, 0x3F, 0x00, 0x30, 0xC7, 0xAE, 0xAC, 0x00, 0x00, 0x00,
    0x00, 0x20, 0x3F, 0x00, 0x00, 0x00, 0xF8, 0xEE, 0x28, 0x00, 0x00, 0x00, 0x30, 0x3F, 0x00, 0x40,
    0xE9, 0x5D, 0x50, 0xFC, 0x2A, 0x00, 0x00, 0x40, 0x3F, 0xC5, 0xEF, 0x4A, 0x00, 0x00, 0x50, 0xFD,
    0x03, 0x00, 0x50, 0x3F, 0x70, 0x14, 0x00, 0x00, 0x00, 0x00, 0x30, 0x00,
    // Unicode: [0x4F5F]
    0x00, 0x00, 0x80, 0x15, 0x00, 0x45, 0x00, 0x00, 0x00, 0x00, 0x00, 0x00, 0x00, 0xF2, 0x0B, 0x00,
    0xDD, 0x01, 0x00, 0x00, 0x00, 0x00, 0x00, 0x00, 0xF6, 0x02, 0x20, 0x3F, 0x00, 0x00, 0x00, 0x11,
    0x00, 0x00, 0x00, 0xAC, 0x00, 0x90, 0xEF, 0xEE, 0xEE, 0xFF, 0x1E, 0x00, 0x00, 0x30, 0x3F, 0x00,
    0xF3, 0x36, 0x33, 0x33, 0xE4, 0x07, 0x00, 0x00, 0xA0, 0x2F, 0x10, 0xAD, 0x86, 0x00, 0x00, 0xDA,
    0x00, 0x00, 0x00, 0xF4, 0x2F, 0xB1, 0x2E, 0xF3, 0x05, 0x50, 0x3E, 0x00, 0x00, 0x00, 0xDC, 0x2F,
    0xD3, 0x04, 0x60, 0x3E, 0xF4, 0x05, 0x00, 0x00, 0x90, 0x5F, 0x2F, 0x00, 0x00, 0x00, 0xE7, 0x6F,
    0x00, 0x00, 0x00, 0xF3, 0x38, 0x2F, 0x00, 0x00, 0x20, 0xFB, 0x8F, 0x00, 0x00, 0x00, 0x40, 0x30,
    0x2F, 0x00, 0x20, 0xF9, 0x3C, 0xD3, 0x7E, 0x01, 0x00, 0x00, 0x30, 0x2F, 0x51, 0xFB, 0x5D, 0x00,
    0x00, 0xE7, 0xBF, 0x16, 0x00, 0x30, 0x3F, 0xFC, 0x5C, 0x50, 0x28, 0x00, 0x10, 0xD7, 0x0C, 0x00,
    0x30, 0x2F, 0x42, 0x00, 0x50, 0xFC, 0x4B, 0x00, 0x00, 0x01, 0x00, 0x30, 0x2F, 0x00, 0x00, 0x00,
    0x30, 0xFA, 0x2C, 0x00, 0x00, 0x00, 0x30, 0x2F, 0x00, 0x10, 0x03, 0x00, 0x30, 0x09, 0x00, 0x00,
    0x00, 0x40, 0x2F, 0x00, 0x70, 0xCF, 0x17, 0x00, 0x00, 0x00, 0x00, 0x00, 0x50, 0x2F, 0x00, 0x00,
    0x72, 0xFD, 0x3A, 0x00, 0x00, 0x00, 0x00, 0x50, 0x2F, 0x00, 0x00, 0x00, 0x50, 0xFC, 0x3A, 0x00,
    0x00, 0x00, 0x60, 0x2F, 0x00, 0x00, 0x00, 0x00, 0x50, 0x3C, 0x00, 0x00,
    // Unicode: [0x4F60]
    0x00, 0x00, 0x56, 0x01, 0x10, 0x03, 0x00, 0x00, 0x00, 0x00, 0x00, 0x00, 0xEC, 0x03, 0x70, 0x5F,
    0x00, 0x00, 0x00, 0x00, 0x00, 0x20, 0x6F, 0x00, 0xB0, 0x0B, 0x00, 0x00, 0x00, 0x00, 0x00, 0x90,
    0x0D, 0x00, 0xF2, 0x38, 0x33, 0x33, 0x44, 0x35, 0x00, 0xE1, 0x06, 0x00, 0xF8, 0xEE, 0xEE, 0xEE,
    0xFE, 0x3F, 0x00, 0xFA, 0x02, 0x10, 0x7E, 0x00, 0x00, 0x00, 0x80, 0x0C, 0x50, 0xFF, 0x02, 0x90,
    0x1E, 0x00, 0x00, 0x00, 0xE0, 0x06, 0xE3, 0xFB, 0x02, 0xF5, 0x05, 0x10, 0x8C, 0x00, 0xE4, 0x01,
    0xCC, 0xF3, 0x22, 0xAD, 0x00, 0x00, 0x6F, 0x00, 0x10, 0x00, 0x21, 0xF3, 0x02, 0x10, 0x00, 0x00,
    0x6E, 0x00, 0x00, 0x00, 0x00, 0xF3, 0x02, 0x00, 0x71, 0x02, 0x6E, 0x80, 0x03, 0x00, 0x00, 0xF3,
    0x02, 0x00, 0xF6, 0x05, 0x6E, 0x90, 0x1D, 0x00, 0x00, 0xF3, 0x02, 0x10, 0x8E, 0x00, 0x6E, 0x00,
    0xBC, 0x00, 0x00, 0xF3, 0x02, 0xB0, 0x0D, 0x00, 0x6E, 0x00, 0xE2, 0x06, 0x00, 0xF3, 0x02, 0xE9,
    0x03, 0x00, 0x6E, 0x00, 0x70, 0x2E, 0x00, 0xF3, 0x72, 0x5F, 0x00, 0x00, 0x6E, 0x00, 0x00, 0xAD,
    0x00, 0xF4, 0x02, 0x01, 0x00, 0x00, 0x6E, 0x00, 0x00, 0x34, 0x00, 0xF5, 0x02, 0x00, 0x00, 0x00,
    0x6E, 0x00, 0x00, 0x00, 0x00, 0xF5, 0x02, 0x00, 0xA1, 0xB9, 0x5F, 0x00, 0x00, 0x00, 0x00, 0xF6,
    0x02, 0x00, 0x90, 0xCD, 0x08, 0x00, 0x00, 0x00,
    // Unicode: [0x4F61]
    0x00, 0x00, 0x20, 0x02, 0x00, 0x00, 0x20, 0x00, 0x00, 0x00, 0x00, 0x00, 0x00, 0x70, 0x4F, 0x00,
    0x00, 0xF1, 0x09, 0x00, 0x00, 0x00, 0x00, 0x00, 0xC0, 0x09, 0x00, 0x00, 0xF8, 0x07, 0x00, 0x00,
    0x00, 0x00, 0x00, 0xF2, 0x02, 0x00, 0x20, 0x5E, 0x4D, 0x00, 0x00, 0x00, 0x00, 0x00, 0xC9, 0x00,
    0x00, 0xC0, 0x09, 0xE4, 0x03, 0x00, 0x00, 0x00, 0x10, 0x6E, 0x00, 0x00, 0xCA, 0x00, 0x70, 0x3E,
    0x00, 0x00, 0x00, 0x90, 0x1F, 0x00, 0xB1, 0x1D, 0x00, 0x00, 0xF8, 0x06, 0x00, 0x00, 0xF3, 0x1F,
    0x50, 0xCD, 0x01, 0xD1, 0x06, 0x60, 0xCF, 0x04, 0x00, 0xEC, 0x1F, 0xFA, 0x19, 0x00, 0xF0, 0x04,
    0x00, 0xE4, 0x2E, 0x90, 0x6F, 0x1F, 0x52, 0x00, 0x00, 0xF0, 0x04, 0x00, 0x10, 0x03, 0xD2, 0x38,
    0x1F, 0x00, 0x67, 0x00, 0xF0, 0x04, 0x30, 0x05, 0x00, 0x10, 0x30, 0x1F, 0x00, 0x8E, 0x00, 0xF0,
    0x04, 0x70, 0x0E, 0x00, 0x00, 0x30, 0x1F, 0x00, 0x5D, 0x00, 0xF0, 0x04, 0x60, 0x0E, 0x00, 0x00,
    0x30, 0x1F, 0x00, 0x5D, 0x00, 0xF0, 0x04, 0x50, 0x0E, 0x00, 0x00, 0x30, 0x1F, 0x00, 0x5D, 0x00,
    0xF0, 0x04, 0x50, 0x0E, 0x00, 0x00, 0x30, 0x1F, 0x00, 0x5D, 0x00, 0xF0, 0x04, 0x50, 0x0E, 0x00,
    0x00, 0x40, 0x1F, 0x00, 0x5E, 0x00, 0xF0, 0x04, 0x50, 0x0E, 0x00, 0x00, 0x50, 0x1F, 0x00, 0x7E,
    0x33, 0xF3, 0x36, 0x73, 0x0E, 0x00, 0x00, 0x60, 0x1F, 0x10, 0xEF, 0xDE, 0xDD, 0xDD, 0xED, 0x0E,
    0x00, 0x00, 0x60, 0x1F, 0x00, 0x00, 0x00, 0x00, 0x00, 0x60, 0x0E, 0x00, 0x00, 0x00, 0x00, 0x00,
    0x00, 0x00, 0x00, 0x00, 0x30, 0x09, 0x00,
    // Unicode: [0x4F62]
    0x00, 0x00, 0xB0, 0x17, 0x00, 0x00, 0x00, 0x00, 0x00, 0x00, 0x00, 0x00, 0x00, 0xF2, 0x07, 0x01,
    0x00, 0x00, 0x00, 0x00, 0x10, 0x01, 0x00, 0x00, 0xD7, 0x00, 0xF7, 0xFF, 0xEE, 0xEE, 0xFF, 0xFF,
    0x06, 0x00, 0x00, 0x7D, 0x00, 0xE7, 0x33, 0x33, 0x33, 0x33, 0x33, 0x01, 0x00, 0x40, 0x4F, 0x00,
    0xE6, 0x00, 0x00, 0x00, 0x00, 0x00, 0x00, 0x00, 0xC0, 0x4F, 0x00, 0xE6, 0x00, 0x00, 0x00, 0x00,
    0x00, 0x00, 0x00, 0xF5, 0x4F, 0x00, 0xE6, 0x00, 0x00, 0x00, 0x10, 0x02, 0x00, 0x10, 0xAD, 0x4F,
    0x00, 0xF6, 0xEE, 0xEE, 0xFE, 0xFF, 0x0F, 0x00, 0xA0, 0x3E, 0x4F, 0x00, 0xE6, 0x33, 0x33, 0x33,
    0x83, 0x0E, 0x00, 0xD2, 0x27, 0x4F, 0x00, 0xE6, 0x00, 0x00, 0x00, 0x60, 0x0E, 0x00, 0x10, 0x20,
    0x4F, 0x00, 0xE6, 0x00, 0x00, 0x00, 0x60, 0x0E, 0x00, 0x00, 0x20, 0x4F, 0x00, 0xE6, 0x00, 0x00,
    0x00, 0x60, 0x0E, 0x00, 0x00, 0x20, 0x4F, 0x00, 0xE6, 0x55, 0x55, 0x55, 0x95, 0x0E, 0x00, 0x00,
    0x20, 0x4F, 0x00, 0xF6, 0xCC, 0xCC, 0xCC, 0xDD, 0x1E, 0x00, 0x00, 0x20, 0x4F, 0x00, 0xE6, 0x00,
    0x00, 0x00, 0x00, 0x00, 0x00, 0x00, 0x20, 0x4F, 0x00, 0xE6, 0x00, 0x00, 0x00, 0x00, 0x00, 0x00,
    0x00, 0x20, 0x4F, 0x00, 0xE6, 0x00, 0x00, 0x00, 0x00, 0x00, 0x00, 0x00, 0x30, 0x4F, 0x00, 0xE7,
    0x00, 0x00, 0x00, 0x00, 0x00, 0x00, 0x00, 0x40, 0x4F, 0x00, 0xF7, 0xEE, 0xEE, 0xEE, 0xEE, 0xEE,
    0x0D, 0x00, 0x50, 0x4F, 0x00, 0x42, 0x44, 0x33, 0x33, 0x43, 0x44, 0x04,
    // Unicode: [0x4F63]
    0x00, 0x00, 0x80, 0x2A, 0x00, 0x00, 0x00, 0x00, 0x00, 0x00, 0x00, 0x00, 0xD0, 0x1C, 0x00, 0x00,
    0x00, 0x00, 0x00, 0x00, 0x00, 0x00, 0xF4, 0x02, 0xEF, 0xEE, 0xDD, 0xED, 0xEE, 0x8F, 0x00, 0x00,
    0x9B, 0x00, 0x7E, 0x22, 0xE2, 0x27, 0x22, 0x7E, 0x00, 0x40, 0x3F, 0x00, 0x5E, 0x00, 0xE0, 0x05,
    0x00, 0x6E, 0x00, 0xC0, 0x2F, 0x00, 0x5E, 0x00, 0xE0, 0x05, 0x00, 0x6E, 0x00, 0xF7, 0x2F, 0x00,
    0x5E, 0x00, 0xE0, 0x05, 0x00, 0x6E, 0x30, 0xAF, 0x2F, 0x00, 0xCE, 0xBB, 0xFB, 0xBC, 0xBB, 0x6F,
    0xE2, 0x3C, 0x2F, 0x00, 0x8E, 0x44, 0xE4, 0x48, 0x44, 0x6E, 0x91, 0x33, 0x2F, 0x00, 0x5E, 0x00,
    0xE0, 0x05, 0x00, 0x6E, 0x00, 0x30, 0x2F, 0x00, 0x5E, 0x00, 0xE0, 0x05, 0x00, 0x6E, 0x00, 0x30,
    0x2F, 0x00, 0x5E, 0x00, 0xE0, 0x05, 0x00, 0x6E, 0x00, 0x30, 0x2F, 0x00, 0xFE, 0xEE, 0xFE, 0xEF,
    0xEE, 0x6F, 0x00, 0x30, 0x2F, 0x00, 0x4F, 0x11, 0xE1, 0x16, 0x11, 0x6E, 0x00, 0x30, 0x2F, 0x10,
    0x3F, 0x00, 0xE0, 0x05, 0x00, 0x6E, 0x00, 0x30, 0x2F, 0x20, 0x1F, 0x00, 0xE0, 0x05, 0x00, 0x6E,
    0x00, 0x30, 0x2F, 0x50, 0x0D, 0x00, 0xE0, 0x05, 0x00, 0x6E, 0x00, 0x40, 0x2F, 0xA0, 0x09, 0x00,
    0xF0, 0x06, 0x00, 0x6E, 0x00, 0x50, 0x2F, 0xF2, 0x03, 0x00, 0xC0, 0x45, 0xA8, 0x5F, 0x00, 0x60,
    0x2F, 0xBC, 0x00, 0x00, 0x00, 0x20, 0xDE, 0x1A,
    // Unicode: [0x4F64]
    0x00, 0x00, 0x30, 0x01, 0x00, 0x00, 0x00, 0x00, 0x00, 0x00, 0x00, 0x00, 0x00, 0xD0, 0x3E, 0x00,
    0x00, 0x00, 0x00, 0x00, 0x00, 0x00, 0x00, 0x00, 0xF3, 0x67, 0x55, 0x45, 0x44, 0x44, 0x54, 0x65,
    0x04, 0x00, 0x00, 0xCA, 0xE1, 0xDD, 0xEF, 0xCC, 0xCC, 0xCC, 0xDD, 0x09, 0x00, 0x20, 0x4F, 0x00,
    0x00, 0x7D, 0x00, 0x00, 0x00, 0x00, 0x00, 0x00, 0x90, 0x2F, 0x00, 0x00, 0x5F, 0x00, 0x00, 0x00,
    0x00, 0x00, 0x00, 0xF3, 0x2F, 0x00, 0x20, 0x4F, 0x11, 0x11, 0x22, 0x00, 0x00, 0x10, 0xEC, 0x2F,
    0x00, 0x30, 0xEF, 0xEE, 0xEE, 0xCF, 0x00, 0x00, 0xA0, 0x6E, 0x2F, 0x00, 0x50, 0x0F, 0x00, 0x00,
    0xBA, 0x00, 0x00, 0xA1, 0x46, 0x2F, 0x00, 0x60, 0x0D, 0x00, 0x00, 0x9C, 0x00, 0x00, 0x00, 0x40,
    0x2F, 0x00, 0x80, 0x7B, 0x02, 0x00, 0x8D, 0x00, 0x00, 0x00, 0x40, 0x2F, 0x00, 0xA0, 0x89, 0x4E,
    0x00, 0x7E, 0x00, 0x00, 0x00, 0x40, 0x2F, 0x00, 0xB0, 0x07, 0xE7, 0x14, 0x5F, 0x00, 0x00, 0x00,
    0x40, 0x2F, 0x00, 0xD0, 0x06, 0x90, 0x2B, 0x4F, 0x00, 0x00, 0x00, 0x40, 0x2F, 0x00, 0xF0, 0x04,
    0x00, 0x30, 0x2F, 0x00, 0x00, 0x00, 0x50, 0x2F, 0x00, 0xF1, 0x02, 0x00, 0x50, 0x1F, 0x00, 0x00,
    0x00, 0x50, 0x2F, 0x00, 0xF3, 0x00, 0x61, 0x65, 0x0F, 0x30, 0x19, 0x00, 0x60, 0x2F, 0x00, 0xE8,
    0xB7, 0xEE, 0x75, 0x0E, 0x70, 0x1F, 0x00, 0x70, 0x2F, 0x20, 0xFF, 0x7C, 0x03, 0x60, 0x8F, 0xE7,
    0x0A, 0x00, 0x80, 0x2F, 0x00, 0x35, 0x00, 0x00, 0x10, 0xFC, 0xCF, 0x02,
    // Unicode: [0x4F65]
    0x00, 0x00, 0x00, 0x00, 0x00, 0x45, 0x00, 0x00, 0x00, 0x00, 0x00, 0x00, 0x00, 0x00, 0x00, 0x10,
    0xDE, 0x01, 0x00, 0x00, 0x00, 0x00, 0x00, 0x00, 0x00, 0x00, 0xA0, 0xDC, 0x07, 0x00, 0x00, 0x00,
    0x00, 0x00, 0x00, 0x00, 0x00, 0xE8, 0x22, 0x7E, 0x00, 0x00, 0x00, 0x00, 0x00, 0x00, 0x00, 0x90,
    0x3E, 0x00, 0xE3, 0x1A, 0x00, 0x00, 0x00, 0x00, 0x00, 0x20, 0xDB, 0x02, 0x00, 0x20, 0xDD, 0x03,
    0x00, 0x00, 0x00, 0x10, 0xE7, 0x1B, 0x00, 0x00, 0x00, 0xA1, 0xAF, 0x03, 0x00, 0x10, 0xE7, 0xBF,
    0x67, 0x55, 0x55, 0x55, 0x66, 0xC6, 0xCF, 0x18, 0xC1, 0xAF, 0x82, 0xDE, 0xCC, 0xCC, 0xCC, 0xED,
    0x05, 0xB4, 0x0B, 0x20, 0x03, 0x00, 0x00, 0x10, 0x00, 0x00, 0x00, 0x00, 0x00, 0x00, 0x00, 0x00,
    0x00, 0x00, 0xD0, 0x05, 0x00, 0x00, 0x8C, 0x01, 0x00, 0x00, 0x00, 0x7C, 0x00, 0x70, 0x0C, 0x00,
    0x30, 0x9F, 0x00, 0x00, 0x00, 0x00, 0xE5, 0x02, 0x10, 0x5E, 0x00, 0x80, 0x0D, 0x00, 0x00, 0x00,
    0x00, 0x90, 0x0C, 0x00, 0xB8, 0x00, 0xE1, 0x05, 0x00, 0x00, 0x00, 0x00, 0x10, 0x6E, 0x00, 0xF2,
    0x03, 0xD7, 0x00, 0x00, 0x00, 0x00, 0x00, 0x00, 0xD7, 0x01, 0xC0, 0x18, 0x5E, 0x00, 0x00, 0x00,
    0x00, 0x00, 0x00, 0xE1, 0x04, 0x10, 0x90, 0x0B, 0x00, 0x00, 0x00, 0x00, 0x00, 0x00, 0x10, 0x00,
    0x00, 0xF4, 0x02, 0x00, 0x10, 0x00, 0x00, 0xFA, 0xEE, 0xDE, 0xDD, 0xDD, 0xFE, 0xED, 0xEE, 0xEF,
    0x00, 0x00, 0x64, 0x55, 0x44, 0x44, 0x44, 0x44, 0x44, 0x54, 0x65, 0x00,
    // Unicode: [0x4F66]
    0x00, 0x00, 0x50, 0x02, 0x00, 0x00, 0x00, 0x00, 0x00, 0x00, 0x00, 0x00, 0xF1, 0x0B, 0x00, 0x00,
    0x00, 0x00, 0x00, 0x00, 0x00, 0x00, 0xE6, 0x52, 0x67, 0x56, 0x55, 0x55, 0x65, 0x77, 0x00, 0x00,
    0x9C, 0x90, 0xEE, 0xED, 0xCF, 0xDC, 0xDD, 0xEE, 0x00, 0x30, 0x3F, 0x00, 0x00, 0x80, 0x0C, 0x00,
    0x00, 0x00, 0x00, 0xB0, 0x0E, 0x00, 0x00, 0xB0, 0x08, 0x00, 0x00, 0x00, 0x00, 0xF3, 0x0E, 0x00,
    0x00, 0xF1, 0x04, 0x00, 0x00, 0x00, 0x00, 0xFB, 0x0E, 0x00, 0x00, 0xD6, 0x00, 0x00, 0x00, 0x00,
    0x50, 0xBF, 0x0E, 0x00, 0x00, 0x8C, 0x00, 0x00, 0x00, 0x00, 0xE2, 0x7A, 0x0E, 0x00, 0x30, 0xFF,
    0xEE, 0xEE, 0xFF, 0x07, 0xEB, 0x71, 0x0E, 0x00, 0xB0, 0xBF, 0x44, 0x44, 0xE4, 0x06, 0x41, 0x70,
    0x0E, 0x00, 0xF4, 0x9E, 0x00, 0x00, 0xE0, 0x06, 0x00, 0x70, 0x0E, 0x10, 0xAD, 0x9B, 0x00, 0x00,
    0xE0, 0x06, 0x00, 0x70, 0x0E, 0x90, 0x3F, 0x9B, 0x00, 0x00, 0xE0, 0x06, 0x00, 0x70, 0x0E, 0xF7,
    0x08, 0x9B, 0x00, 0x00, 0xE0, 0x06, 0x00, 0x70, 0x2E, 0xBC, 0x00, 0x9B, 0x00, 0x00, 0xE0, 0x06,
    0x00, 0x80, 0x0E, 0x10, 0x00, 0xAB, 0x00, 0x00, 0xE0, 0x06, 0x00, 0x80, 0x0E, 0x00, 0x00, 0xFB,
    0xFF, 0xFF, 0xFF, 0x06, 0x00, 0x90, 0x0E, 0x00, 0x00, 0xAC, 0x22, 0x22, 0xE2, 0x07, 0x00, 0xA0,
    0x0E, 0x00, 0x00, 0x9D, 0x00, 0x00, 0xE0, 0x08,
    // Unicode: [0x4F67]
    0x00, 0x00, 0x30, 0x03, 0x00, 0x20, 0x48, 0x00, 0x00, 0x00, 0x00, 0x00, 0x00, 0xA0, 0x4F, 0x00,
    0x30, 0x3F, 0x00, 0x00, 0x00, 0x00, 0x00, 0x00, 0xE1, 0x08, 0x00, 0x20, 0x3F, 0x00, 0x00, 0x00,
    0x00, 0x00, 0x00, 0xE7, 0x01, 0x00, 0x20, 0x3F, 0x00, 0x00, 0x12, 0x00, 0x00, 0x10, 0x8E, 0x00,
    0x00, 0x20, 0xFF, 0xFF, 0xFF, 0x6F, 0x00, 0x00, 0x70, 0x6F, 0x00, 0x00, 0x20, 0x4F, 0x22, 0x22,
    0x23, 0x00, 0x00, 0xE2, 0x6F, 0x00, 0x00, 0x20, 0x3F, 0x00, 0x00, 0x00, 0x00, 0x00, 0xDB, 0x6E,
    0x00, 0x00, 0x20, 0x3F, 0x00, 0x00, 0x00, 0x00, 0x90, 0x3F, 0x6E, 0x52, 0x34, 0x53, 0x5F, 0x33,
    0x33, 0x44, 0x04, 0xE3, 0x08, 0x6E, 0xF7, 0xEE, 0xEE, 0xDF, 0xDD, 0xEE, 0xFE, 0x0C, 0x30, 0x00,
    0x6E, 0x00, 0x00, 0x20, 0x3F, 0x00, 0x00, 0x00, 0x00, 0x00, 0x00, 0x6E, 0x00, 0x00, 0x20, 0x3F,
    0x32, 0x00, 0x00, 0x00, 0x00, 0x00, 0x6E, 0x00, 0x00, 0x20, 0x3F, 0xF6, 0x06, 0x00, 0x00, 0x00,
    0x00, 0x6E, 0x00, 0x00, 0x20, 0x3F, 0x50, 0x8F, 0x00, 0x00, 0x00, 0x00, 0x6E, 0x00, 0x00, 0x20,
    0x3F, 0x00, 0xE3, 0x0A, 0x00, 0x00, 0x00, 0x6E, 0x00, 0x00, 0x20, 0x3F, 0x00, 0x40, 0xAE, 0x00,
    0x00, 0x00, 0x6E, 0x00, 0x00, 0x20, 0x3F, 0x00, 0x00, 0x34, 0x00, 0x00, 0x00, 0x6E, 0x00, 0x00,
    0x30, 0x4F, 0x00, 0x00, 0x00, 0x00, 0x00, 0x00, 0x6F, 0x00, 0x00, 0x40, 0x4F, 0x00, 0x00, 0x00,
    0x00, 0x00, 0x20, 0x6F, 0x00, 0x00, 0x40, 0x4D, 0x00, 0x00, 0x00, 0x00,
    // Unicode: [0x4F68]
    0x00, 0x00, 0x10, 0x04, 0x00, 0x02, 0x00, 0x00, 0x00, 0x00, 0x00, 0x00, 0x00, 0x60, 0x8F, 0x00,
    0xDE, 0x02, 0x00, 0x00, 0x00, 0x00, 0x00, 0x00, 0xC0, 0x0B, 0x40, 0x5F, 0x00, 0x00, 0x00, 0x00,
    0x00, 0x00, 0x00, 0xF4, 0x02, 0xA0, 0x5E, 0x55, 0x55, 0x55, 0x56, 0x00, 0x00, 0x00, 0xAC, 0x00,
    0xF3, 0xCD, 0xCC, 0xCC, 0xCC, 0x9F, 0x00, 0x00, 0x50, 0x7F, 0x00, 0xCB, 0x00, 0x00, 0x00, 0x00,
    0x8D, 0x00, 0x00, 0xD1, 0x7F, 0x50, 0x4F, 0x01, 0x00, 0x10, 0x00, 0x7E, 0x00, 0x00, 0xE9, 0x7E,
    0xE2, 0xF9, 0xFF, 0xFF, 0xFF, 0x03, 0x6E, 0x00, 0x70, 0x5F, 0x7E, 0xD5, 0xE1, 0x06, 0x00, 0xF3,
    0x02, 0x5F, 0x00, 0xB1, 0x0A, 0x7E, 0x00, 0xE0, 0x06, 0x00, 0xF3, 0x02, 0x5F, 0x00, 0x00, 0x01,
    0x7E, 0x00, 0xE0, 0x06, 0x00, 0xF3, 0x12, 0x4F, 0x00, 0x00, 0x00, 0x7E, 0x00, 0xE0, 0x17, 0x11,
    0xF4, 0x23, 0x3F, 0x00, 0x00, 0x00, 0x7E, 0x00, 0xE0, 0xEF, 0xEE, 0xEE, 0x24, 0x3F, 0x00, 0x00,
    0x00, 0x7E, 0x00, 0xE0, 0x06, 0x00, 0x00, 0x30, 0x2F, 0x00, 0x00, 0x00, 0x7E, 0x00, 0xE0, 0x06,
    0x00, 0x00, 0x70, 0x1F, 0x00, 0x00, 0x00, 0x7E, 0x00, 0xE0, 0x06, 0x00, 0xE1, 0xFF, 0x09, 0x00,
    0x00, 0x00, 0x7F, 0x00, 0xE0, 0x06, 0x00, 0x70, 0x47, 0x30, 0x02, 0x00, 0x00, 0x7F, 0x00, 0xE0,
    0x06, 0x00, 0x00, 0x00, 0x80, 0x1F, 0x00, 0x10, 0x7F, 0x00, 0xC0, 0x4C, 0x23, 0x22, 0x43, 0xF8,
    0x0A, 0x00, 0x20, 0x7F, 0x00, 0x40, 0xEB, 0xFF, 0xFF, 0xFF, 0x9D, 0x01, 0x00, 0x00, 0x00, 0x00,
    0x00, 0x00, 0x10, 0x11, 0x01, 0x00, 0x00,
    // Unicode: [0x4F69]
    0x00, 0x00, 0x70, 0x16, 0x00, 0x00, 0x00, 0x00, 0x00, 0x00, 0x00, 0x00, 0x00, 0xE0, 0x29, 0x01,
    0x00, 0x00, 0x00, 0x00, 0x11, 0x00, 0x00, 0x00, 0xE5, 0xF1, 0xFF, 0xEF, 0xEE, 0xFE, 0xFF, 0x7F,
    0x00, 0x00, 0x00, 0x7C, 0xF0, 0x15, 0x11, 0x11, 0x11, 0x11, 0x5F, 0x00, 0x00, 0x40, 0x1F, 0xE0,
    0x04, 0x00, 0x00, 0x00, 0x00, 0x4F, 0x00, 0x00, 0xB0, 0x0E, 0xD0, 0xA5, 0xBC, 0xBB, 0xCB, 0x4C,
    0x3F, 0x00, 0x00, 0xF5, 0x0E, 0xD0, 0x35, 0x33, 0xE6, 0x32, 0x24, 0x2F, 0x00, 0x10, 0xCD, 0x0E,
    0xD0, 0x05, 0x00, 0xD4, 0x00, 0x10, 0x1F, 0x00, 0x90, 0x5D, 0x0E, 0xD0, 0x05, 0x00, 0xD4, 0x00,
    0x20, 0x1F, 0x00, 0xE2, 0x54, 0x0E, 0xD0, 0x45, 0xEF, 0xFE, 0xEE, 0x2E, 0x0F, 0x00, 0x20, 0x50,
    0x0E, 0xD0, 0x35, 0x1E, 0xD5, 0x41, 0x2D, 0x0F, 0x00, 0x00, 0x50, 0x0E, 0xD0, 0x35, 0x0E, 0xD4,
    0x40, 0x2D, 0x0F, 0x00, 0x00, 0x50, 0x0E, 0xE0, 0x34, 0x0E, 0xD4, 0x40, 0x1D, 0x0F, 0x00, 0x00,
    0x50, 0x0E, 0xE0, 0x33, 0x0E, 0xD4, 0x40, 0x1D, 0x1F, 0x00, 0x00, 0x50, 0x0E, 0xF1, 0x32, 0x0E,
    0xD4, 0x40, 0x0D, 0x2F, 0x00, 0x00, 0x50, 0x0E, 0xF3, 0x41, 0x0E, 0xD4, 0x61, 0x0D, 0x4D, 0x00,
    0x00, 0x50, 0x0E, 0xD6, 0x40, 0x0D, 0xE5, 0xF7, 0x07, 0x7B, 0x01, 0x00, 0x50, 0x0E, 0x9B, 0x00,
    0x00, 0xF5, 0x11, 0x00, 0xC8, 0x86, 0x00, 0x70, 0x3E, 0x4F, 0x00, 0x00, 0xF6, 0x00, 0x00, 0xF2,
    0x9D, 0x00, 0x80, 0x6E, 0x0A, 0x00, 0x00, 0xF7, 0x01, 0x00, 0x60, 0x3E,
    // Unicode: [0x4F6A]
    0x00, 0x00, 0x10, 0x00, 0x00, 0x00, 0x00, 0x00, 0x00, 0x00, 0x00, 0x00, 0xC0, 0x1B, 0x00, 0x00,
    0x00, 0x00, 0x00, 0x00, 0x00, 0x00, 0xF3, 0x17, 0x55, 0x44, 0x44, 0x44, 0x54, 0x35, 0x00, 0x00,
    0xC9, 0x20, 0xDF, 0xDD, 0xDD, 0xDD, 0xDD, 0x7F, 0x00, 0x20, 0x4F, 0x20, 0x3F, 0x00, 0x00, 0x00,
    0x00, 0x6D, 0x00, 0xB0, 0x2F, 0x20, 0x3F, 0x00, 0x00, 0x00, 0x00, 0x6D, 0x00, 0xF6, 0x2F, 0x20,
    0x3F, 0x40, 0x33, 0x43, 0x02, 0x6D, 0x30, 0xBF, 0x2F, 0x20, 0x3F, 0xF0, 0xDE, 0xFD, 0x06, 0x6D,
    0xE2, 0x4B, 0x2F, 0x20, 0x3F, 0xE0, 0x04, 0xE0, 0x05, 0x6D, 0xA2, 0x41, 0x2F, 0x20, 0x3F, 0xE0,
    0x04, 0xE0, 0x05, 0x6D, 0x00, 0x40, 0x2F, 0x20, 0x3F, 0xE0, 0x04, 0xE0, 0x04, 0x6D, 0x00, 0x40,
    0x2F, 0x20, 0x3F, 0xE0, 0x04, 0xE0, 0x05, 0x6D, 0x00, 0x40, 0x2F, 0x20, 0x3F, 0xE0, 0x04, 0xE0,
    0x05, 0x6D, 0x00, 0x40, 0x2F, 0x20, 0x3F, 0xF0, 0xCD, 0xFC, 0x05, 0x6D, 0x00, 0x40, 0x2F, 0x20,
    0x3F, 0x60, 0x45, 0x54, 0x03, 0x6D, 0x00, 0x40, 0x2F, 0x20, 0x3F, 0x00, 0x00, 0x00, 0x00, 0x6D,
    0x00, 0x40, 0x2F, 0x20, 0x3F, 0x00, 0x00, 0x00, 0x00, 0x6D, 0x00, 0x40, 0x2F, 0x20, 0x7F, 0x55,
    0x55, 0x55, 0x55, 0x6E, 0x00, 0x50, 0x2F, 0x20, 0xDF, 0xDD, 0xDD, 0xDD, 0xDD, 0x6F, 0x00, 0x70,
    0x2F, 0x20, 0x3D, 0x00, 0x00, 0x00, 0x00, 0x7D,
    // Unicode: [0x4F6B]
    0x00, 0x00, 0x30, 0x02, 0x00, 0x47, 0x00, 0x00, 0x00, 0x00, 0x00, 0x00, 0x00, 0xB0, 0x2E, 0x20,
    0x7F, 0x00, 0x00, 0x00, 0x00, 0x00, 0x00, 0x00, 0xF1, 0x07, 0x60, 0x0D, 0x00, 0x00, 0x00, 0x01,
    0x00, 0x00, 0x00, 0xE6, 0x01, 0xB0, 0xFF, 0xFF, 0xFF, 0xFF, 0x1E, 0x00, 0x00, 0x00, 0x8D, 0x00,
    0xF2, 0x15, 0x11, 0x11, 0xE3, 0x08, 0x00, 0x00, 0x50, 0x4F, 0x00, 0xE9, 0x1D, 0x00, 0x00, 0xE9,
    0x01, 0x00, 0x00, 0xD0, 0x4F, 0x40, 0x3F, 0xAA, 0x00, 0x40, 0x5F, 0x00, 0x00, 0x00, 0xF7, 0x4F,
    0x60, 0x08, 0xC1, 0x1B, 0xF4, 0x07, 0x00, 0x00, 0x30, 0x9F, 0x4F, 0x00, 0x00, 0x10, 0xCC, 0x8F,
    0x00, 0x00, 0x00, 0xD1, 0x1C, 0x4F, 0x00, 0x00, 0x20, 0xFA, 0x8F, 0x01, 0x00, 0x00, 0x60, 0x13,
    0x4F, 0x00, 0x10, 0xE8, 0x3C, 0xD5, 0x9E, 0x03, 0x00, 0x00, 0x10, 0x4F, 0x51, 0xFA, 0x6D, 0x00,
    0x00, 0xD6, 0xDF, 0x07, 0x00, 0x10, 0x4F, 0xF9, 0xAC, 0x34, 0x33, 0x33, 0x44, 0xC7, 0x04, 0x00,
    0x10, 0x4F, 0x21, 0xE0, 0xCD, 0xCC, 0xCC, 0xFC, 0x06, 0x00, 0x00, 0x10, 0x4F, 0x00, 0xD0, 0x06,
    0x00, 0x00, 0xE0, 0x06, 0x00, 0x00, 0x10, 0x4F, 0x00, 0xD0, 0x06, 0x00, 0x00, 0xE0, 0x06, 0x00,
    0x00, 0x20, 0x4F, 0x00, 0xD0, 0x06, 0x00, 0x00, 0xE0, 0x06, 0x00, 0x00, 0x30, 0x4F, 0x00, 0xD0,
    0x38, 0x33, 0x33, 0xE3, 0x06, 0x00, 0x00, 0x40, 0x4F, 0x00, 0xD0, 0xEF, 0xEE, 0xEE, 0xFE, 0x06,
    0x00, 0x00, 0x50, 0x4F, 0x00, 0xE0, 0x06, 0x00, 0x00, 0xE0, 0x06, 0x00,
    // Unicode: [0x4F6C]
    0x00, 0x00, 0x30, 0x03, 0x00, 0x30, 0x24, 0x00, 0x00, 0x00, 0x00, 0x00, 0x00, 0x80, 0x4F, 0x00,
    0x60, 0x4F, 0x00, 0x00, 0x02, 0x00, 0x00, 0x00, 0xE0, 0x08, 0x00, 0x50, 0x0F, 0x00, 0x00, 0xDD,
    0x02, 0x00, 0x00, 0xE6, 0x11, 0x34, 0x62, 0x3F, 0x32, 0x42, 0x4F, 0x00, 0x00, 0x00, 0x7D, 0x40,
    0xDE, 0xDD, 0xDF, 0xED, 0xC8, 0x09, 0x00, 0x00, 0x60, 0x1F, 0x00, 0x00, 0x50, 0x0F, 0x00, 0xD7,
    0x01, 0x00, 0x00, 0xE1, 0x0E, 0x00, 0x00, 0x50, 0x0F, 0x30, 0x4E, 0x00, 0x00, 0x00, 0xFA, 0x0E,
    0x12, 0x00, 0x50, 0x0F, 0xD1, 0x08, 0x10, 0x02, 0x70, 0x9F, 0x2E, 0xFF, 0xFF, 0xFE, 0xEF, 0xFF,
    0xFE, 0xFF, 0x0C, 0xF4, 0x58, 0x0E, 0x24, 0x12, 0x11, 0xD2, 0x1B, 0x22, 0x32, 0x03, 0x40, 0x50,
    0x0E, 0x00, 0x00, 0x20, 0xBD, 0x00, 0x00, 0x00, 0x00, 0x00, 0x50, 0x0E, 0x00, 0x00, 0xE5, 0x09,
    0x00, 0x20, 0x02, 0x00, 0x00, 0x50, 0x0E, 0x00, 0x91, 0xFF, 0x02, 0x10, 0xE7, 0x2D, 0x00, 0x00,
    0x50, 0x0E, 0x71, 0xCE, 0xF6, 0x32, 0xE9, 0x8D, 0x24, 0x00, 0x00, 0x50, 0x5E, 0xFE, 0x07, 0xF3,
    0xDE, 0x38, 0x00, 0x00, 0x00, 0x00, 0x50, 0x0E, 0x28, 0x00, 0xF3, 0x04, 0x00, 0x00, 0x00, 0x00,
    0x00, 0x50, 0x0E, 0x00, 0x00, 0xF3, 0x02, 0x00, 0x00, 0x70, 0x01, 0x00, 0x60, 0x0E, 0x00, 0x00,
    0xF3, 0x02, 0x00, 0x00, 0xF2, 0x07, 0x00, 0x70, 0x0E, 0x00, 0x00, 0xF1, 0x5A, 0x33, 0x53, 0xEB,
    0x01, 0x00, 0x80, 0x0E, 0x00, 0x00, 0x60, 0xEC, 0xFF, 0xEF, 0x3B, 0x00,
    // Unicode: [0x4F6D]
    0x00, 0x00, 0x10, 0x00, 0x00, 0x11, 0x00, 0x00, 0x00, 0x00, 0x00, 0x00, 0x00, 0x70, 0x5E, 0x00,
    0xE7, 0x05, 0x00, 0x00, 0x00, 0x00, 0x00, 0x00, 0xD0, 0x0B, 0x20, 0xBE, 0x22, 0x22, 0x32, 0x04,
    0x00, 0x00, 0x00, 0xF4, 0x02, 0xB0, 0xEE, 0xEE, 0xEE, 0xFE, 0x06, 0x00, 0x00, 0x00, 0xAB, 0x00,
    0xEB, 0x54, 0x00, 0x00, 0xA9, 0x00, 0x00, 0x00, 0x40, 0x4F, 0xC3, 0x3E, 0xD2, 0x06, 0x80, 0x1B,
    0x00, 0x00, 0x00, 0xD0, 0x4F, 0x60, 0x02, 0x10, 0x9C, 0xAB, 0x01, 0x00, 0x00, 0x00, 0xF9, 0x4F,
    0x00, 0x00, 0x40, 0xEB, 0x9E, 0x03, 0x00, 0x00, 0x60, 0x7F, 0x4F, 0x31, 0x96, 0xCD, 0x16, 0x82,
    0xEE, 0x8B, 0x06, 0xD1, 0x2A, 0x4F, 0xFA, 0x8C, 0x03, 0xD0, 0x1D, 0x40, 0xC8, 0x08, 0x10, 0x21,
    0x4F, 0x21, 0x11, 0x00, 0xC0, 0x09, 0x10, 0x02, 0x00, 0x00, 0x20, 0x4F, 0x70, 0xFF, 0xFF, 0xFF,
    0xFF, 0xFF, 0x3F, 0x00, 0x00, 0x20, 0x4F, 0x10, 0x73, 0x02, 0xB0, 0x08, 0x10, 0x01, 0x00, 0x00,
    0x20, 0x4F, 0x00, 0xE5, 0x01, 0xB0, 0x08, 0x00, 0x00, 0x00, 0x00, 0x20, 0x4F, 0x00, 0xA9, 0x00,
    0xB0, 0x08, 0x00, 0x00, 0x00, 0x00, 0x20, 0x4F, 0x10, 0xDE, 0xCC, 0xEC, 0xCE, 0xCC, 0xDD, 0x03,
    0x00, 0x30, 0x4F, 0x10, 0x44, 0x33, 0xC3, 0x3A, 0x33, 0x43, 0x01, 0x00, 0x40, 0x4F, 0x00, 0x00,
    0x00, 0xC0, 0x09, 0x00, 0x00, 0x00, 0x00, 0x40, 0x4F, 0x00, 0x00, 0x00, 0xD0, 0x0A, 0x00, 0x00,
    0x00, 0x00, 0x50, 0x4F, 0x00, 0x00, 0x00, 0xE0, 0x0C, 0x00, 0x00, 0x00, 0x00, 0x00, 0x00, 0x00,
    0x00, 0x00, 0x10, 0x01, 0x00, 0x00, 0x00,
    // Unicode: [0x4F6E]
    0x00, 0x00, 0x30, 0x15, 0x00, 0x00, 0x51, 0x01, 0x00, 0x00, 0x00, 0x00, 0x00, 0x90, 0x4F, 0x00,
    0x00, 0xF6, 0x06, 0x00, 0x00, 0x00, 0x00, 0x00, 0xE1, 0x08, 0x00, 0x00, 0xFB, 0x09, 0x00, 0x00,
    0x00, 0x00, 0x00, 0xE7, 0x01, 0x00, 0x30, 0x4F, 0x3E, 0x00, 0x00, 0x00, 0x00, 0x00, 0x8D, 0x00,
    0x00, 0xB0, 0x09, 0xD6, 0x01, 0x00, 0x00, 0x00, 0x70, 0x4F, 0x00, 0x00, 0xE6, 0x01, 0xA0, 0x0B,
    0x00, 0x00, 0x00, 0xE2, 0x4F, 0x00, 0x50, 0x4F, 0x00, 0x10, 0xBD, 0x01, 0x00, 0x00, 0xDB, 0x4F,
    0x00, 0xF4, 0x06, 0x00, 0x00, 0xD1, 0x2D, 0x00, 0x80, 0x4F, 0x4F, 0x80, 0xAF, 0x56, 0x44, 0x54,
    0x65, 0xEC, 0x07, 0xD2, 0x17, 0x4F, 0xF9, 0x66, 0xEF, 0xDD, 0xDD, 0xBE, 0xA1, 0x2E, 0x20, 0x10,
    0x4F, 0x41, 0x00, 0x00, 0x00, 0x00, 0x00, 0x00, 0x02, 0x00, 0x10, 0x4F, 0x00, 0x00, 0x00, 0x00,
    0x00, 0x00, 0x00, 0x00, 0x00, 0x10, 0x4F, 0x00, 0xF2, 0xFF, 0xEE, 0xFE, 0xFF, 0x05, 0x00, 0x00,
    0x10, 0x4F, 0x00, 0xF1, 0x25, 0x22, 0x22, 0xF2, 0x04, 0x00, 0x00, 0x10, 0x4F, 0x00, 0xF1, 0x03,
    0x00, 0x00, 0xF0, 0x04, 0x00, 0x00, 0x10, 0x4F, 0x00, 0xF1, 0x03, 0x00, 0x00, 0xF0, 0x04, 0x00,
    0x00, 0x20, 0x4F, 0x00, 0xF1, 0x03, 0x00, 0x00, 0xF0, 0x04, 0x00, 0x00, 0x30, 0x4F, 0x00, 0xF1,
    0xCD, 0xCC, 0xCC, 0xFC, 0x04, 0x00, 0x00, 0x40, 0x4F, 0x00, 0xF2, 0x57, 0x55, 0x55, 0xF5, 0x04,
    0x00, 0x00, 0x50, 0x4F, 0x00, 0xF2, 0x03, 0x00, 0x00, 0xC0, 0x04, 0x00,
    // Unicode: [0x4F6F]
    0x00, 0x00, 0x80, 0x2A, 0x40, 0x03, 0x00, 0x00, 0x57, 0x00, 0x00, 0x00, 0x00, 0xC0, 0x1C, 0xC0,
    0x4E, 0x00, 0x10, 0xDF, 0x01, 0x00, 0x00, 0x00, 0xF2, 0x03, 0x00, 0xEA, 0x04, 0x70, 0x2E, 0x00,
    0x00, 0x00, 0x00, 0xB9, 0x00, 0x00, 0x90, 0x02, 0xF3, 0x05, 0x00, 0x00, 0x00, 0x20, 0x5F, 0xB0,
    0xEE, 0xDD, 0xDD, 0xFE, 0xDD, 0xFE, 0x03, 0x00, 0xB0, 0x4F, 0x40, 0x34, 0x23, 0xE2, 0x27, 0x33,
    0x54, 0x01, 0x00, 0xF6, 0x4F, 0x00, 0x00, 0x00, 0xE0, 0x06, 0x00, 0x00, 0x00, 0x30, 0xAE, 0x4F,
    0x00, 0x00, 0x00, 0xE0, 0x06, 0x00, 0x00, 0x00, 0xD3, 0x2E, 0x4F, 0x00, 0x53, 0x34, 0xE3, 0x38,
    0x44, 0x06, 0x00, 0x61, 0x15, 0x4F, 0x00, 0xF7, 0xDE, 0xFD, 0xDE, 0xEE, 0x0F, 0x00, 0x00, 0x10,
    0x4F, 0x00, 0x00, 0x00, 0xE0, 0x06, 0x00, 0x00, 0x00, 0x00, 0x10, 0x4F, 0x00, 0x00, 0x00, 0xE0,
    0x06, 0x00, 0x00, 0x00, 0x00, 0x10, 0x4F, 0x00, 0x00, 0x00, 0xE0, 0x06, 0x00, 0x00, 0x00, 0x00,
    0x10, 0x4F, 0xF5, 0xEE, 0xDD, 0xFD, 0xDE, 0xDD, 0xEE, 0x0D, 0x00, 0x10, 0x4F, 0x62, 0x56, 0x45,
    0xE4, 0x48, 0x54, 0x65, 0x06, 0x00, 0x10, 0x4F, 0x00, 0x00, 0x00, 0xE0, 0x06, 0x00, 0x00, 0x00,
    0x00, 0x20, 0x4F, 0x00, 0x00, 0x00, 0xE0, 0x06, 0x00, 0x00, 0x00, 0x00, 0x20, 0x4F, 0x00, 0x00,
    0x00, 0xF0, 0x07, 0x00, 0x00, 0x00, 0x00, 0x30, 0x4F, 0x00, 0x00, 0x00, 0xF1, 0x08, 0x00, 0x00,
    0x00, 0x00, 0x40, 0x4F, 0x00, 0x00, 0x00, 0xE1, 0x08, 0x00, 0x00, 0x00,
    // Unicode: [0x4F70]
    0x00, 0x00, 0x40, 0x15, 0x00, 0x00, 0x00, 0x00, 0x00, 0x00, 0x00, 0x00, 0x00, 0xA0, 0x6F, 0x00,
    0x00, 0x00, 0x00, 0x00, 0x00, 0x00, 0x00, 0x00, 0xE1, 0x79, 0xEF, 0xEE, 0xDD, 0xDD, 0xEE, 0xFE,
    0x0E, 0x00, 0x00, 0xF6, 0x22, 0x44, 0x33, 0xC3, 0x3D, 0x33, 0x43, 0x04, 0x00, 0x00, 0x9D, 0x00,
    0x00, 0x00, 0xE0, 0x08, 0x00, 0x00, 0x00, 0x00, 0x60, 0x5F, 0x00, 0x00, 0x00, 0xF3, 0x03, 0x00,
    0x00, 0x00, 0x00, 0xE1, 0x5F, 0x00, 0x11, 0x01, 0xD8, 0x00, 0x10, 0x11, 0x00, 0x00, 0xE8, 0x5F,
    0x00, 0xF5, 0xFF, 0xFF, 0xFF, 0xFF, 0x8F, 0x00, 0x40, 0x6F, 0x5F, 0x00, 0xF4, 0x01, 0x00, 0x00,
    0x00, 0x7D, 0x00, 0xE2, 0x0B, 0x5F, 0x00, 0xF4, 0x00, 0x00, 0x00, 0x00, 0x7C, 0x00, 0xA0, 0x02,
    0x5F, 0x00, 0xF4, 0x00, 0x00, 0x00, 0x00, 0x7C, 0x00, 0x00, 0x00, 0x5F, 0x00, 0xF4, 0x01, 0x00,
    0x00, 0x00, 0x7C, 0x00, 0x00, 0x00, 0x5F, 0x00, 0xF4, 0xFF, 0xFF, 0xFF, 0xFF, 0x7F, 0x00, 0x00,
    0x00, 0x5F, 0x00, 0xF4, 0x01, 0x00, 0x00, 0x00, 0x7C, 0x00, 0x00, 0x00, 0x5F, 0x00, 0xF4, 0x00,
    0x00, 0x00, 0x00, 0x7C, 0x00, 0x00, 0x00, 0x5F, 0x00, 0xF4, 0x00, 0x00, 0x00, 0x00, 0x7C, 0x00,
    0x00, 0x00, 0x5F, 0x00, 0xF4, 0x00, 0x00, 0x00, 0x00, 0x7C, 0x00, 0x00, 0x10, 0x5F, 0x00, 0xF4,
    0xFF, 0xFF, 0xFF, 0xFF, 0x7F, 0x00, 0x00, 0x20, 0x5F, 0x00, 0xF4, 0x12, 0x11, 0x11, 0x11, 0x7D,
    0x00, 0x00, 0x30, 0x5F, 0x00, 0xF5, 0x00, 0x00, 0x00, 0x00, 0x8C, 0x00,
    // Unicode: [0x4F71]
    0x00, 0x00, 0x00, 0x00, 0x40, 0x3A, 0x00, 0x00, 0x00, 0x00, 0x00, 0x00, 0x00, 0x00, 0x00, 0xB0,
    0x6F, 0x00, 0x00, 0x00, 0x00, 0x00, 0x00, 0x00, 0x00, 0x00, 0xE7, 0xD6, 0x02, 0x00, 0x00, 0x00,
    0x00, 0x00, 0x00, 0x00, 0x50, 0x4F, 0x70, 0x2D, 0x00, 0x00, 0x00, 0x00, 0x00, 0x00, 0x00, 0xE6,
    0x05, 0x00, 0xD9, 0x03, 0x00, 0x00, 0x00, 0x00, 0x00, 0x91, 0x4F, 0x00, 0x00, 0x80, 0x7F, 0x01,
    0x00, 0x00, 0x00, 0x50, 0xDD, 0x46, 0x34, 0x33, 0x44, 0xE6, 0x6D, 0x01, 0x00, 0x61, 0xFC, 0x1A,
    0xE9, 0xDD, 0xDD, 0xED, 0x22, 0xFA, 0xAF, 0x01, 0xF4, 0x4C, 0x00, 0x00, 0x00, 0x00, 0x00, 0x00,
    0x30, 0x9A, 0x00, 0x30, 0x20, 0x11, 0x00, 0x00, 0x00, 0x00, 0x00, 0x21, 0x00, 0x00, 0x00, 0xF0,
    0xFF, 0xFF, 0xFF, 0xFF, 0xFF, 0xFF, 0xFF, 0x02, 0x00, 0x00, 0x40, 0x23, 0x12, 0x31, 0x4F, 0x11,
    0x22, 0x33, 0x01, 0x00, 0x00, 0x00, 0x53, 0x01, 0x20, 0x3F, 0x00, 0x00, 0x00, 0x00, 0x00, 0x00,
    0x00, 0xF7, 0x00, 0x20, 0x4F, 0x22, 0x32, 0x15, 0x00, 0x00, 0x00, 0x00, 0xE7, 0x00, 0x20, 0xEF,
    0xEE, 0xFF, 0x1F, 0x00, 0x00, 0x00, 0x00, 0xE7, 0x00, 0x20, 0x3F, 0x00, 0x00, 0x01, 0x00, 0x00,
    0x00, 0x00, 0xE7, 0x00, 0x20, 0x3F, 0x00, 0x00, 0x00, 0x00, 0x00, 0x00, 0x00, 0xE7, 0x00, 0x20,
    0x3F, 0x00, 0x00, 0x00, 0x00, 0x00, 0xE0, 0xEE, 0xFE, 0xDD, 0xDD, 0xDF, 0xDD, 0xDD, 0xEE, 0x9F,
    0x00, 0x50, 0x55, 0x44, 0x44, 0x44, 0x44, 0x44, 0x44, 0x54, 0x35, 0x00,
    // Unicode: [0x4F72]
    0x00, 0x00, 0x40, 0x02, 0x00, 0x20, 0x00, 0x00, 0x00, 0x00, 0x00, 0x00, 0xC0, 0x4F, 0x00, 0xD0,
    0x4E, 0x00, 0x00, 0x00, 0x00, 0x00, 0xF4, 0x07, 0x00, 0xF4, 0x07, 0x00, 0x00, 0x00, 0x00, 0x00,
    0xCB, 0x00, 0x00, 0xEB, 0x44, 0x44, 0x54, 0x15, 0x00, 0x50, 0x3F, 0x00, 0x60, 0xCF, 0xCC, 0xCC,
    0xFC, 0x0B, 0x00, 0xD1, 0x0D, 0x00, 0xE2, 0x08, 0x00, 0x00, 0xF3, 0x03, 0x00, 0xFA, 0x0D, 0x10,
    0xCD, 0x01, 0x00, 0x00, 0x9C, 0x00, 0x60, 0xBF, 0x0D, 0xC1, 0x2E, 0xAC, 0x00, 0x80, 0x1D, 0x00,
    0xF5, 0x69, 0x0D, 0x82, 0x04, 0xE5, 0x09, 0xE6, 0x03, 0x00, 0xB7, 0x60, 0x0D, 0x00, 0x00, 0x40,
    0xAE, 0x4F, 0x00, 0x00, 0x00, 0x60, 0x0D, 0x00, 0x00, 0x10, 0xEB, 0x05, 0x00, 0x00, 0x00, 0x60,
    0x0D, 0x00, 0x00, 0xD4, 0x3D, 0x00, 0x00, 0x11, 0x00, 0x60, 0x0D, 0x00, 0xB3, 0xFF, 0xFF, 0xFF,
    0xFF, 0x7F, 0x00, 0x60, 0x0D, 0xB4, 0xFF, 0x1E, 0x11, 0x11, 0x11, 0x7E, 0x00, 0x60, 0x1D, 0xEA,
    0x87, 0x0E, 0x00, 0x00, 0x00, 0x7E, 0x00, 0x60, 0x0D, 0x10, 0x70, 0x0E, 0x00, 0x00, 0x00, 0x7E,
    0x00, 0x70, 0x0D, 0x00, 0x70, 0x0E, 0x00, 0x00, 0x00, 0x7E, 0x00, 0x80, 0x0D, 0x00, 0x70, 0x0E,
    0x00, 0x00, 0x00, 0x7E, 0x00, 0x90, 0x0D, 0x00, 0x90, 0xFF, 0xFF, 0xFF, 0xFF, 0x7F, 0x00, 0xA0,
    0x0D, 0x00, 0x80, 0x2C, 0x22, 0x22, 0x22, 0x9E,
    // Unicode: [0x4F73]
    0x00, 0x00, 0x50, 0x02, 0x00, 0x00, 0x61, 0x04, 0x00, 0x00, 0x00, 0x00, 0x00, 0xE0, 0x1D, 0x00,
    0x00, 0xF2, 0x05, 0x00, 0x00, 0x00, 0x00, 0x00, 0xF5, 0x04, 0x00, 0x00, 0xF1, 0x04, 0x00, 0x00,
    0x00, 0x00, 0x00, 0xBA, 0x00, 0x00, 0x00, 0xF1, 0x04, 0x00, 0x00, 0x00, 0x00, 0x20, 0x4F, 0x00,
    0xEF, 0xDD, 0xFD, 0xDE, 0xED, 0x3F, 0x00, 0x00, 0x80, 0x2F, 0x00, 0x56, 0x44, 0xF4, 0x47, 0x54,
    0x16, 0x00, 0x00, 0xF2, 0x2F, 0x00, 0x00, 0x00, 0xF1, 0x04, 0x00, 0x00, 0x00, 0x00, 0xEA, 0x2F,
    0x00, 0x00, 0x00, 0xF1, 0x04, 0x00, 0x00, 0x00, 0x50, 0x6F, 0x2F, 0x40, 0x34, 0x22, 0xF3, 0x26,
    0x32, 0x44, 0x01, 0xE2, 0x29, 0x2F, 0xE0, 0xFF, 0xEF, 0xEE, 0xEE, 0xFE, 0xFF, 0x03, 0x60, 0x21,
    0x2F, 0x10, 0x00, 0x00, 0x92, 0x05, 0x00, 0x10, 0x00, 0x00, 0x20, 0x2F, 0x00, 0x00, 0x00, 0xF2,
    0x05, 0x00, 0x00, 0x00, 0x00, 0x20, 0x2F, 0x00, 0x00, 0x00, 0xF1, 0x04, 0x00, 0x00, 0x00, 0x00,
    0x20, 0x2F, 0x30, 0xEF, 0xDD, 0xFD, 0xDE, 0xED, 0x0F, 0x00, 0x00, 0x20, 0x2F, 0x10, 0x56, 0x44,
    0xF4, 0x47, 0x54, 0x06, 0x00, 0x00, 0x20, 0x2F, 0x00, 0x00, 0x00, 0xF1, 0x04, 0x00, 0x00, 0x00,
    0x00, 0x30, 0x2F, 0x00, 0x00, 0x00, 0xF1, 0x04, 0x00, 0x00, 0x00, 0x00, 0x30, 0x2F, 0x01, 0x00,
    0x00, 0xF1, 0x04, 0x00, 0x00, 0x01, 0x00, 0x40, 0x2F, 0xF8, 0xFF, 0xEE, 0xFE, 0xEF, 0xFE, 0xFF,
    0x0F, 0x00, 0x50, 0x2F, 0x43, 0x34, 0x33, 0x33, 0x33, 0x33, 0x43, 0x04,
    // Unicode: [0x4F74]
    0x00, 0x00, 0x10, 0x00, 0x00, 0x00, 0x00, 0x00, 0x00, 0x00, 0x00, 0x00, 0x00, 0x90, 0x4D, 0x00,
    0x00, 0x00, 0x00, 0x00, 0x00, 0x00, 0x00, 0x00, 0xE0, 0x5A, 0x44, 0x33, 0x33, 0x33, 0x43, 0x54,
    0x02, 0x00, 0x00, 0xE6, 0xE3, 0xFD, 0xDD, 0xDD, 0xDD, 0xFD, 0xEE, 0x06, 0x00, 0x00, 0x8D, 0x00,
    0xE0, 0x05, 0x00, 0x00, 0xE0, 0x05, 0x00, 0x00, 0x70, 0x5F, 0x00, 0xE0, 0x05, 0x00, 0x00, 0xE0,
    0x05, 0x00, 0x00, 0xE1, 0x5F, 0x00, 0xE0, 0x16, 0x11, 0x11, 0xE1, 0x05, 0x00, 0x00, 0xDB, 0x5F,
    0x00, 0xE0, 0xEF, 0xEE, 0xEE, 0xFE, 0x05, 0x00, 0x80, 0x3F, 0x5F, 0x00, 0xE0, 0x05, 0x00, 0x00,
    0xE0, 0x05, 0x00, 0xD2, 0x07, 0x5F, 0x00, 0xE0, 0x05, 0x00, 0x00, 0xE0, 0x05, 0x00, 0x10, 0x00,
    0x5F, 0x00, 0xE0, 0x05, 0x00, 0x00, 0xE0, 0x05, 0x00, 0x00, 0x00, 0x5F, 0x00, 0xE0, 0xEF, 0xEE,
    0xEE, 0xFE, 0x05, 0x00, 0x00, 0x00, 0x5F, 0x00, 0xE0, 0x16, 0x11, 0x11, 0xE1, 0x05, 0x00, 0x00,
    0x00, 0x5F, 0x00, 0xE0, 0x05, 0x00, 0x00, 0xE0, 0x05, 0x00, 0x00, 0x00, 0x5F, 0x00, 0xE0, 0x05,
    0x00, 0x00, 0xE0, 0x05, 0x00, 0x00, 0x00, 0x5F, 0x11, 0xE1, 0x37, 0x54, 0x65, 0xE7, 0xAB, 0x1D,
    0x00, 0x00, 0x5F, 0xF9, 0xFF, 0xEE, 0xCD, 0xAB, 0xFA, 0x8B, 0x18, 0x00, 0x10, 0x5F, 0x22, 0x01,
    0x00, 0x00, 0x00, 0xE0, 0x06, 0x00, 0x00, 0x20, 0x5F, 0x00, 0x00, 0x00, 0x00, 0x00, 0xF0, 0x06,
    0x00, 0x00, 0x30, 0x5F, 0x00, 0x00, 0x00, 0x00, 0x00, 0xF1, 0x08, 0x00,
    // Unicode: [0x4F75]
    0x00, 0x00, 0x20, 0x02, 0x10, 0x01, 0x00, 0x00, 0x13, 0x00, 0x00, 0x00, 0x00, 0x90, 0x4F, 0xB0,
    0x0A, 0x00, 0x00, 0xEB, 0x03, 0x00, 0x00, 0x00, 0xE1, 0x09, 0x40, 0x6F, 0x00, 0x20, 0x7F, 0x00,
    0x00, 0x00, 0x00, 0xE6, 0x01, 0x00, 0xE7, 0x02, 0xA0, 0x0A, 0x00, 0x00, 0x00, 0x00, 0x8D, 0x10,
    0x00, 0x70, 0x00, 0xE4, 0x02, 0x00, 0x00, 0x00, 0x70, 0x3F, 0xB0, 0xFF, 0xEE, 0xEE, 0xFE, 0xEE,
    0xFF, 0x01, 0x00, 0xE1, 0x3F, 0x40, 0x34, 0xAD, 0x33, 0x43, 0x6F, 0x54, 0x01, 0x00, 0xFA, 0x3F,
    0x00, 0x00, 0x9C, 0x00, 0x20, 0x3F, 0x00, 0x00, 0x70, 0x8F, 0x3F, 0x00, 0x00, 0x9C, 0x00, 0x20,
    0x3F, 0x00, 0x00, 0xE2, 0x2B, 0x3F, 0x00, 0x00, 0x9C, 0x00, 0x20, 0x3F, 0x00, 0x00, 0x30, 0x21,
    0x3F, 0x53, 0x44, 0xAD, 0x44, 0x54, 0x6F, 0x54, 0x05, 0x00, 0x20, 0x3F, 0xF6, 0xEE, 0xEF, 0xEE,
    0xEE, 0xEF, 0xFF, 0x0E, 0x00, 0x20, 0x3F, 0x00, 0x00, 0x8D, 0x00, 0x20, 0x3F, 0x00, 0x01, 0x00,
    0x20, 0x3F, 0x00, 0x00, 0x6E, 0x00, 0x20, 0x3F, 0x00, 0x00, 0x00, 0x20, 0x3F, 0x00, 0x20, 0x4F,
    0x00, 0x20, 0x3F, 0x00, 0x00, 0x00, 0x20, 0x3F, 0x00, 0x70, 0x1F, 0x00, 0x20, 0x3F, 0x00, 0x00,
    0x00, 0x30, 0x3F, 0x00, 0xE1, 0x09, 0x00, 0x20, 0x3F, 0x00, 0x00, 0x00, 0x40, 0x3F, 0x10, 0xEC,
    0x02, 0x00, 0x20, 0x4F, 0x00, 0x00, 0x00, 0x40, 0x3F, 0xD3, 0x4F, 0x00, 0x00, 0x30, 0x5F, 0x00,
    0x00, 0x00, 0x50, 0x3E, 0x70, 0x04, 0x00, 0x00, 0x40, 0x5F, 0x00, 0x00,
    // Unicode: [0x4F76]
    0x00, 0x00, 0x50, 0x17, 0x00, 0x00, 0x90, 0x07, 0x00, 0x00, 0x00, 0x00, 0x00, 0x90, 0x4F, 0x00,
    0x00, 0xE0, 0x07, 0x00, 0x00, 0x00, 0x00, 0x00, 0xE0, 0x09, 0x00, 0x00, 0xE0, 0x07, 0x00, 0x00,
    0x00, 0x00, 0x00, 0xF5, 0x23, 0x01, 0x00, 0xE0, 0x07, 0x00, 0x10, 0x02, 0x00, 0x00, 0x9C, 0xF6,
    0xFF, 0xEF, 0xFE, 0xEF, 0xFF, 0xFF, 0x0D, 0x00, 0x50, 0x6F, 0x52, 0x34, 0x23, 0xE2, 0x28, 0x32,
    0x43, 0x04, 0x00, 0xD1, 0x6F, 0x00, 0x00, 0x00, 0xE0, 0x07, 0x00, 0x00, 0x00, 0x00, 0xE9, 0x6E,
    0x00, 0x00, 0x00, 0xE0, 0x07, 0x00, 0x00, 0x00, 0x50, 0x6F, 0x6E, 0x40, 0x45, 0x33, 0xE3, 0x38,
    0x43, 0x55, 0x00, 0xD1, 0x0B, 0x6E, 0xA0, 0xEF, 0xDD, 0xDD, 0xDD, 0xED, 0xEE, 0x00, 0x10, 0x01,
    0x6E, 0x00, 0x00, 0x00, 0x00, 0x00, 0x00, 0x00, 0x00, 0x00, 0x00, 0x6E, 0x00, 0x21, 0x12, 0x11,
    0x11, 0x21, 0x02, 0x00, 0x00, 0x00, 0x6E, 0x00, 0xF5, 0xFF, 0xFF, 0xFF, 0xFF, 0x2F, 0x00, 0x00,
    0x00, 0x6E, 0x00, 0xF4, 0x12, 0x11, 0x11, 0x51, 0x1F, 0x00, 0x00, 0x00, 0x6E, 0x00, 0xF4, 0x01,
    0x00, 0x00, 0x40, 0x1F, 0x00, 0x00, 0x00, 0x6E, 0x00, 0xF4, 0x01, 0x00, 0x00, 0x40, 0x1F, 0x00,
    0x00, 0x00, 0x6F, 0x00, 0xF4, 0x01, 0x00, 0x00, 0x40, 0x1F, 0x00, 0x00, 0x00, 0x6F, 0x00, 0xF4,
    0xCC, 0xCC, 0xCC, 0xDC, 0x1F, 0x00, 0x00, 0x10, 0x6F, 0x00, 0xF5, 0x45, 0x44, 0x44, 0x74, 0x2F,
    0x00, 0x00, 0x20, 0x6F, 0x00, 0xC6, 0x01, 0x00, 0x00, 0x40, 0x3F, 0x00,
    // Unicode: [0x4F77]
    0x00, 0x00, 0x32, 0x00, 0x00, 0x00, 0x00, 0x00, 0x00, 0x00, 0x00, 0x00, 0xF8, 0x25, 0x33, 0x22,
    0x11, 0x22, 0x43, 0x01, 0x00, 0x00, 0xAD, 0x60, 0xFF, 0xFF, 0xFF, 0xFF, 0xFF, 0x02, 0x00, 0x40,
    0x3F, 0x50, 0x1F, 0x00, 0x00, 0x00, 0xF4, 0x02, 0x00, 0xA0, 0x0B, 0x50, 0x1F, 0x00, 0x00, 0x00,
    0xF4, 0x02, 0x00, 0xF3, 0x06, 0x50, 0x2F, 0x22, 0x22, 0x22, 0xF5, 0x02, 0x00, 0xFB, 0x06, 0x50,
    0xEF, 0xEE, 0xEE, 0xEE, 0xFF, 0x02, 0x50, 0xFF, 0x06, 0x50, 0x1F, 0x00, 0x00, 0x00, 0xF4, 0x02,
    0xE2, 0xEA, 0x06, 0x50, 0x1F, 0x00, 0x00, 0x00, 0xF4, 0x02, 0xEB, 0xE1, 0x06, 0x50, 0x4F, 0x44,
    0x44, 0x44, 0xF7, 0x02, 0x54, 0xE0, 0x06, 0x50, 0xDF, 0xDD, 0xEF, 0xDD, 0xEE, 0x03, 0x00, 0xE0,
    0x06, 0x50, 0x1F, 0x00, 0x7C, 0x00, 0x00, 0x04, 0x00, 0xE0, 0x06, 0x50, 0x1F, 0x00, 0xC7, 0x00,
    0x80, 0x6F, 0x00, 0xE0, 0x06, 0x50, 0x1F, 0x00, 0xE1, 0x14, 0xDA, 0x05, 0x00, 0xE0, 0x06, 0x50,
    0x1F, 0x00, 0x80, 0xDC, 0x08, 0x00, 0x00, 0xE0, 0x06, 0x50, 0x1F, 0x00, 0x10, 0xBD, 0x00, 0x00,
    0x00, 0xF0, 0x06, 0x50, 0x1F, 0x30, 0x0A, 0xE2, 0x2B, 0x00, 0x00, 0xF0, 0x06, 0x60, 0x4F, 0xFB,
    0x1A, 0x20, 0xFC, 0x39, 0x00, 0xF1, 0x06, 0xD1, 0xFF, 0x29, 0x00, 0x00, 0x80, 0x9F, 0x00, 0xF2,
    0x06, 0x80, 0x2A, 0x00, 0x00, 0x00, 0x00, 0x02,
    // Unicode: [0x4F78]
    0x00, 0x00, 0x40, 0x15, 0x00, 0x00, 0x00, 0x00, 0x00, 0x00, 0x00, 0x00, 0xA0, 0x3E, 0x00, 0x00,
    0x00, 0x63, 0xE9, 0x05, 0x00, 0x00, 0xF1, 0x17, 0x98, 0xBA, 0xFD, 0xCE, 0x8A, 0x09, 0x00, 0x00,
    0xE7, 0x01, 0xA8, 0x68, 0xF7, 0x01, 0x00, 0x00, 0x00, 0x10, 0x7E, 0x00, 0x00, 0x00, 0xF4, 0x01,
    0x00, 0x00, 0x00, 0x70, 0x1F, 0x00, 0x00, 0x00, 0xF4, 0x01, 0x00, 0x00, 0x00, 0xE2, 0x0E, 0x00,
    0x00, 0x00, 0xF4, 0x01, 0x00, 0x10, 0x00, 0xFB, 0x0E, 0xF6, 0xEF, 0xEE, 0xFE, 0xEE, 0xFE, 0xDF,
    0x50, 0xBF, 0x0E, 0x42, 0x33, 0x22, 0xF6, 0x23, 0x32, 0x43, 0xE3, 0x6B, 0x0E, 0x00, 0x00, 0x00,
    0xF4, 0x01, 0x00, 0x00, 0xEA, 0x62, 0x0E, 0x00, 0x00, 0x00, 0xF4, 0x01, 0x00, 0x00, 0x40, 0x60,
    0x0E, 0x00, 0x32, 0x22, 0xF6, 0x23, 0x32, 0x02, 0x00, 0x60, 0x0E, 0x00, 0xF6, 0xEE, 0xEE, 0xEE,
    0xFE, 0x05, 0x00, 0x60, 0x0E, 0x00, 0xF5, 0x00, 0x00, 0x00, 0xF0, 0x04, 0x00, 0x60, 0x0E, 0x00,
    0xF5, 0x00, 0x00, 0x00, 0xF0, 0x04, 0x00, 0x60, 0x0E, 0x00, 0xF5, 0x00, 0x00, 0x00, 0xF0, 0x04,
    0x00, 0x70, 0x0E, 0x00, 0xF5, 0x00, 0x00, 0x00, 0xF0, 0x04, 0x00, 0x80, 0x0E, 0x00, 0xF5, 0x44,
    0x44, 0x44, 0xF4, 0x04, 0x00, 0x90, 0x0E, 0x00, 0xF6, 0xCC, 0xCC, 0xCC, 0xFD, 0x05, 0x00, 0x90,
    0x0E, 0x00, 0xF7, 0x00, 0x00, 0x00, 0xF0, 0x06, 0x00, 0x00, 0x00, 0x00, 0x21, 0x00, 0x00, 0x00,
    0x00, 0x00,
    // Unicode: [0x4F79]
    0x00, 0x00, 0x30, 0x01, 0x00, 0x20, 0x00, 0x00, 0x00, 0x00, 0x00, 0x00, 0x00, 0xC0, 0x1D, 0x00,
    0xF2, 0x0A, 0x00, 0x00, 0x00, 0x00, 0x00, 0x00, 0xF3, 0x05, 0x00, 0xD9, 0x22, 0x22, 0x32, 0x00,
    0x00, 0x00, 0x00, 0xC9, 0x00, 0x40, 0xEF, 0xEE, 0xEE, 0xAF, 0x00, 0x00, 0x00, 0x10, 0x5F, 0x00,
    0xD1, 0x08, 0x00, 0x50, 0x1E, 0x00, 0x00, 0x00, 0x80, 0x3F, 0x10, 0xCC, 0x00, 0x00, 0xE1, 0x06,
    0x00, 0x00, 0x00, 0xF2, 0x3F, 0xC1, 0x6F, 0x45, 0x44, 0xEA, 0x44, 0x55, 0x04, 0x00, 0xEB, 0x3F,
    0xE7, 0xDF, 0xCC, 0xCC, 0xCC, 0xCC, 0xDC, 0x09, 0x80, 0x7F, 0x3F, 0x10, 0x6E, 0x00, 0x00, 0x00,
    0x00, 0x00, 0x00, 0xB1, 0x39, 0x3F, 0x00, 0x7D, 0x10, 0x11, 0x11, 0x21, 0x02, 0x00, 0x00, 0x30,
    0x3F, 0x00, 0x7C, 0x70, 0xEF, 0xEE, 0xFE, 0x0A, 0x00, 0x00, 0x30, 0x3F, 0x00, 0x7C, 0x60, 0x0D,
    0x00, 0x90, 0x09, 0x00, 0x00, 0x30, 0x3F, 0x00, 0x7C, 0x60, 0x0D, 0x00, 0xA0, 0x08, 0x00, 0x00,
    0x30, 0x3F, 0x00, 0x6D, 0x60, 0x0D, 0x00, 0xC0, 0x07, 0x00, 0x00, 0x30, 0x3F, 0x00, 0x4E, 0x60,
    0x0D, 0xC0, 0xFE, 0x03, 0x00, 0x00, 0x30, 0x3F, 0x10, 0x2F, 0x60, 0x0D, 0x40, 0x25, 0x10, 0x00,
    0x00, 0x40, 0x3F, 0x40, 0x0D, 0x60, 0x0D, 0x00, 0x00, 0xA0, 0x05, 0x00, 0x50, 0x3F, 0xA0, 0x07,
    0x60, 0x0D, 0x00, 0x00, 0xE1, 0x08, 0x00, 0x60, 0x3F, 0xE3, 0x01, 0x50, 0x8F, 0x34, 0x53, 0xFC,
    0x02, 0x00, 0x60, 0x3F, 0x6D, 0x00, 0x10, 0xEA, 0xFF, 0xEF, 0x4C, 0x00,
    // Unicode: [0x4F7A]
    0x00, 0x00, 0x70, 0x03, 0x00, 0x00, 0x36, 0x00, 0x00, 0x00, 0x00, 0x00, 0xF1, 0x09, 0x00, 0x20,
    0xBF, 0x01, 0x00, 0x00, 0x00, 0x00, 0xD7, 0x00, 0x00, 0xA0, 0xBF, 0x00, 0x00, 0x00, 0x00, 0x00,
    0x6E, 0x00, 0x00, 0xF5, 0xC3, 0x08, 0x00, 0x00, 0x00, 0x70, 0x0E, 0x00, 0x30, 0x6E, 0x20, 0x7E,
    0x00, 0x00, 0x00, 0xE1, 0x07, 0x00, 0xE3, 0x08, 0x00, 0xE3, 0x08, 0x00, 0x00, 0xF9, 0x06, 0x40,
    0x8E, 0x00, 0x00, 0x30, 0xBE, 0x01, 0x40, 0xFF, 0x06, 0xF8, 0x08, 0x00, 0x00, 0x00, 0xD2, 0x6E,
    0xE2, 0xEA, 0x46, 0x6E, 0xDB, 0xCC, 0xCC, 0xDC, 0x7D, 0x69, 0xEC, 0xE1, 0x06, 0x02, 0x55, 0x44,
    0x8E, 0x44, 0x35, 0x00, 0x46, 0xE0, 0x06, 0x00, 0x00, 0x00, 0x7E, 0x00, 0x00, 0x00, 0x00, 0xE0,
    0x06, 0x00, 0x00, 0x00, 0x7E, 0x00, 0x00, 0x00, 0x00, 0xE0, 0x06, 0x10, 0x12, 0x11, 0x7E, 0x11,
    0x21, 0x00, 0x00, 0xE0, 0x06, 0x60, 0xFF, 0xFF, 0xFF, 0xFF, 0xFF, 0x01, 0x00, 0xE0, 0x06, 0x10,
    0x23, 0x11, 0x7E, 0x11, 0x32, 0x00, 0x00, 0xE0, 0x06, 0x00, 0x00, 0x00, 0x7E, 0x00, 0x00, 0x00,
    0x00, 0xF0, 0x06, 0x00, 0x00, 0x00, 0x7E, 0x00, 0x00, 0x00, 0x00, 0xF1, 0x06, 0x00, 0x00, 0x00,
    0x7E, 0x00, 0x00, 0x00, 0x00, 0xF1, 0x06, 0xEB, 0xDE, 0xDD, 0xEF, 0xDD, 0xED, 0x6F, 0x00, 0xF2,
    0x06, 0x54, 0x44, 0x33, 0x33, 0x33, 0x44, 0x25,
    // Unicode: [0x4F7B]
    0x00, 0x00, 0x20, 0x03, 0x00, 0x01, 0x00, 0x23, 0x00, 0x00, 0x00, 0x00, 0x00, 0x60, 0x7F, 0x00,
    0xF8, 0x07, 0xAF, 0x00, 0x00, 0x00, 0x00, 0x00, 0xB0, 0x0B, 0x00, 0xF7, 0x02, 0x7E, 0x00, 0x00,
    0x00, 0x00, 0x00, 0xF2, 0x03, 0x00, 0xF6, 0x01, 0x7E, 0x00, 0x00, 0x00, 0x00, 0x00, 0xA9, 0x51,
    0x00, 0xF5, 0x00, 0x7E, 0x00, 0x89, 0x00, 0x00, 0x20, 0x3F, 0xF5, 0x04, 0xF5, 0x00, 0x7E, 0x20,
    0xBF, 0x01, 0x00, 0xB0, 0x1F, 0x80, 0x2E, 0xF5, 0x00, 0x7E, 0xB0, 0x0C, 0x00, 0x00, 0xF6, 0x1F,
    0x00, 0xBC, 0xF5, 0x00, 0x7E, 0xE8, 0x02, 0x00, 0x50, 0xCF, 0x1F, 0x00, 0x94, 0xF6, 0x00, 0x8E,
    0x5A, 0x00, 0x00, 0x81, 0x4B, 0x1F, 0x00, 0x00, 0xF5, 0x00, 0x7E, 0x00, 0x00, 0x00, 0x00, 0x40,
    0x1F, 0x00, 0x00, 0xE8, 0x00, 0xBE, 0x01, 0x00, 0x00, 0x00, 0x40, 0x1F, 0x00, 0xB2, 0xDF, 0x00,
    0xEE, 0x8E, 0x01, 0x00, 0x00, 0x40, 0x1F, 0xA3, 0xAF, 0xC9, 0x00, 0x7E, 0xE5, 0x5E, 0x00, 0x00,
    0x40, 0x6F, 0xEF, 0x06, 0xBA, 0x00, 0x7E, 0x10, 0xFB, 0x06, 0x00, 0x40, 0x1F, 0x26, 0x00, 0x7D,
    0x00, 0x7E, 0x00, 0x70, 0x00, 0x00, 0x40, 0x1F, 0x00, 0x40, 0x3F, 0x00, 0x7E, 0x00, 0x00, 0x00,
    0x00, 0x50, 0x1F, 0x00, 0xC1, 0x0B, 0x00, 0x7E, 0x00, 0x10, 0x00, 0x00, 0x60, 0x1F, 0x20, 0xEC,
    0x03, 0x00, 0x9D, 0x00, 0x60, 0x2D, 0x00, 0x70, 0x1F, 0xE6, 0x5F, 0x00, 0x00, 0xFA, 0x68, 0xD7,
    0x0D, 0x00, 0x80, 0x1F, 0x80, 0x04, 0x00, 0x00, 0x81, 0xDC, 0xBD, 0x03,
    // Unicode: [0x4F7C]
    0x00, 0x00, 0x00, 0x39, 0x00, 0x40, 0x09, 0x00, 0x00, 0x00, 0x00, 0x00, 0x00, 0x30, 0xAF, 0x00,
    0x30, 0xBD, 0x01, 0x00, 0x00, 0x00, 0x00, 0x00, 0xA0, 0x0D, 0x00, 0x00, 0xD2, 0x0B, 0x00, 0x00,
    0x00, 0x00, 0x00, 0xF2, 0x04, 0x00, 0x00, 0x30, 0x06, 0x00, 0x00, 0x00, 0x00, 0x00, 0xBA, 0xC0,
    0xEF, 0xEE, 0xDD, 0xDD, 0xEE, 0xFE, 0x0F, 0x00, 0x40, 0x6F, 0x40, 0x34, 0x37, 0x33, 0x33, 0x34,
    0x43, 0x04, 0x00, 0xD1, 0x6F, 0x00, 0x10, 0xAE, 0x00, 0x40, 0x4E, 0x00, 0x00, 0x00, 0xEA, 0x6F,
    0x00, 0xB0, 0x0B, 0x00, 0x00, 0xF7, 0x07, 0x00, 0x80, 0x4F, 0x6E, 0x00, 0xD9, 0x01, 0x00, 0x00,
    0x50, 0x7F, 0x00, 0xC2, 0x08, 0x6E, 0xA1, 0x3E, 0x00, 0x00, 0x00, 0x02, 0xF6, 0x04, 0x10, 0x00,
    0x6E, 0xA1, 0x43, 0x0C, 0x00, 0x10, 0xAF, 0x30, 0x00, 0x00, 0x00, 0x6E, 0x00, 0x10, 0x6E, 0x00,
    0x60, 0x2E, 0x00, 0x00, 0x00, 0x00, 0x6E, 0x00, 0x00, 0xE6, 0x01, 0xD1, 0x06, 0x00, 0x00, 0x00,
    0x00, 0x6E, 0x00, 0x00, 0xB0, 0x0C, 0xC9, 0x00, 0x00, 0x00, 0x00, 0x00, 0x6E, 0x00, 0x00, 0x10,
    0xCD, 0x3F, 0x00, 0x00, 0x00, 0x00, 0x00, 0x6E, 0x00, 0x00, 0x00, 0xF8, 0x1C, 0x00, 0x00, 0x00,
    0x00, 0x00, 0x6F, 0x00, 0x00, 0x91, 0x8F, 0xCC, 0x02, 0x00, 0x00, 0x00, 0x10, 0x6F, 0x00, 0x50,
    0xED, 0x05, 0x90, 0x8F, 0x01, 0x00, 0x00, 0x20, 0x6F, 0x71, 0xFD, 0x1A, 0x00, 0x00, 0xD5, 0xAF,
    0x03, 0x00, 0x20, 0x6F, 0xC1, 0x3A, 0x00, 0x00, 0x00, 0x00, 0xC7, 0x01,
    // Unicode: [0x4F7D]
    0x00, 0x00, 0x10, 0x00, 0x00, 0x00, 0x20, 0x00, 0x00, 0x00, 0x00, 0x00, 0x00, 0xD0, 0x0C, 0x00,
    0x00, 0xF1, 0x09, 0x00, 0x00, 0x00, 0x00, 0x00, 0xF3, 0x33, 0x00, 0x00, 0xF4, 0x02, 0x00, 0x00,
    0x00, 0x00, 0x00, 0xB9, 0xF4, 0x04, 0x00, 0xC8, 0x00, 0x00, 0x00, 0x00, 0x00, 0x10, 0x5E, 0x90,
    0x1D, 0x00, 0xAC, 0x44, 0x44, 0x65, 0x04, 0x00, 0x70, 0x0F, 0x10, 0x8E, 0x20, 0xEF, 0xEE, 0xEE,
    0xFE, 0x06, 0x00, 0xE1, 0x0F, 0x00, 0xF6, 0x82, 0x0D, 0x00, 0x00, 0xF4, 0x01, 0x00, 0xFA, 0x0F,
    0x00, 0x50, 0xE1, 0x08, 0x43, 0x01, 0xB9, 0x00, 0x60, 0x9F, 0x0F, 0x00, 0x00, 0xF7, 0x02, 0xD7,
    0x00, 0x7E, 0x00, 0xE1, 0x5A, 0x0F, 0x00, 0x10, 0x87, 0x00, 0xA8, 0x00, 0x12, 0x00, 0x30, 0x51,
    0x0F, 0x00, 0xB3, 0x00, 0x00, 0xA9, 0x00, 0x00, 0x00, 0x00, 0x50, 0x0F, 0x00, 0xC8, 0x00, 0x00,
    0xEB, 0x00, 0x00, 0x00, 0x00, 0x50, 0x0F, 0x00, 0x6D, 0x00, 0x00, 0xCE, 0x04, 0x00, 0x00, 0x00,
    0x50, 0x0F, 0x40, 0x1E, 0x00, 0x40, 0x4D, 0x0B, 0x00, 0x00, 0x00, 0x50, 0x0F, 0xB0, 0x09, 0x00,
    0xA0, 0x08, 0x4D, 0x00, 0x00, 0x00, 0x50, 0x0F, 0xF3, 0x03, 0x00, 0xE4, 0x01, 0xD4, 0x01, 0x00,
    0x00, 0x60, 0x0F, 0xCB, 0x00, 0x20, 0x7D, 0x00, 0xA0, 0x1C, 0x00, 0x00, 0x70, 0x1F, 0x79, 0x00,
    0xD3, 0x0A, 0x00, 0x10, 0xDC, 0x03, 0x00, 0x80, 0x0F, 0x00, 0xA1, 0xAF, 0x00, 0x00, 0x00, 0xC1,
    0x3F, 0x00, 0x90, 0x0F, 0x00, 0x70, 0x06, 0x00, 0x00, 0x00, 0x10, 0x06,
    // Unicode: [0x4F7E]
    0x00, 0x00, 0x50, 0x02, 0x00, 0x20, 0x00, 0x15, 0x00, 0x00, 0x00, 0x00, 0x00, 0xE0, 0x2E, 0x00,
    0xF1, 0x09, 0x7C, 0x00, 0x00, 0x00, 0x00, 0x00, 0xF3, 0x05, 0x00, 0xE6, 0x02, 0xE5, 0x01, 0x00,
    0x00, 0x00, 0x00, 0xB9, 0x00, 0x00, 0x7D, 0x00, 0xC0, 0x09, 0x00, 0x00, 0x00, 0x20, 0x4F, 0x00,
    0x70, 0x1D, 0x00, 0x40, 0x5F, 0x00, 0x00, 0x00, 0xA0, 0x1F, 0x00, 0xF3, 0x05, 0x00, 0x00, 0xF7,
    0x05, 0x00, 0x00, 0xF4, 0x1F, 0x20, 0x9E, 0x00, 0x00, 0x00, 0x80, 0x7F, 0x00, 0x10, 0xDD, 0x1F,
    0xE4, 0x0B, 0x00, 0x00, 0x00, 0x00, 0xF8, 0x2C, 0xB0, 0x6E, 0x3F, 0xCB, 0xE3, 0xDD, 0xDD, 0xDD,
    0xED, 0x76, 0x08, 0xA3, 0x47, 0x1F, 0x10, 0xF2, 0x46, 0x44, 0x44, 0xF4, 0x05, 0x00, 0x00, 0x40,
    0x1F, 0x00, 0xF1, 0x04, 0x00, 0x00, 0xF0, 0x05, 0x00, 0x00, 0x40, 0x1F, 0x00, 0xF1, 0x47, 0x44,
    0x44, 0xF4, 0x05, 0x00, 0x00, 0x40, 0x1F, 0x00, 0xF1, 0xBC, 0xBB, 0xBB, 0xFB, 0x05, 0x00, 0x00,
    0x40, 0x1F, 0x00, 0xF1, 0x04, 0x00, 0x00, 0xF0, 0x05, 0x00, 0x00, 0x40, 0x1F, 0x00, 0xF1, 0x36,
    0x33, 0x33, 0xF3, 0x05, 0x00, 0x00, 0x40, 0x1F, 0x00, 0xF1, 0xCD, 0xCC, 0xCC, 0xFC, 0x05, 0x00,
    0x00, 0x50, 0x1F, 0x00, 0xF1, 0x04, 0x00, 0x00, 0xF0, 0x05, 0x00, 0x00, 0x60, 0x1F, 0x00, 0xF2,
    0x04, 0x00, 0x00, 0xF0, 0x05, 0x00, 0x00, 0x70, 0x1F, 0x00, 0xF2, 0x04, 0x00, 0x86, 0xFA, 0x04,
    0x00, 0x00, 0x80, 0x1F, 0x00, 0xD2, 0x03, 0x00, 0xF6, 0xAD, 0x01, 0x00,
    // Unicode: [0x4F7F]
    0x00, 0x00, 0xD4, 0x06, 0x00, 0x00, 0xD1, 0x09, 0x00, 0x00, 0x00, 0x00, 0x00, 0xF6, 0x02, 0x00,
    0x00, 0xE0, 0x07, 0x00, 0x00, 0x00, 0x00, 0x00, 0xA9, 0x00, 0x00, 0x00, 0xE0, 0x05, 0x00, 0x00,
    0x00, 0x00, 0x00, 0x4E, 0xEA, 0xDD, 0xCC, 0xFC, 0xCD, 0xCC, 0xDD, 0x0E, 0x00, 0x50, 0x1F, 0x54,
    0x44, 0x34, 0xE3, 0x37, 0x44, 0x54, 0x06, 0x00, 0xB0, 0x1F, 0x00, 0x00, 0x00, 0xE0, 0x04, 0x00,
    0x00, 0x00, 0x00, 0xF3, 0x1F, 0x10, 0x34, 0x22, 0xE1, 0x25, 0x32, 0x34, 0x00, 0x00, 0xFB, 0x1F,
    0x20, 0xEF, 0xDD, 0xFD, 0xDE, 0xDD, 0x7F, 0x00, 0x50, 0x9F, 0x1F, 0x20, 0x3F, 0x00, 0xE0, 0x04,
    0x00, 0x6E, 0x00, 0xE2, 0x4A, 0x1F, 0x10, 0x3F, 0x00, 0xE0, 0x04, 0x00, 0x6E, 0x00, 0x91, 0x41,
    0x1F, 0x20, 0x3F, 0x11, 0xF1, 0x14, 0x11, 0x6E, 0x00, 0x00, 0x40, 0x1F, 0x30, 0xFF, 0xFF, 0xFE,
    0xFE, 0xFF, 0x7F, 0x00, 0x00, 0x40, 0x1F, 0x10, 0x22, 0x00, 0xF2, 0x01, 0x10, 0x12, 0x00, 0x00,
    0x40, 0x1F, 0x00, 0xE3, 0x03, 0xE5, 0x00, 0x00, 0x00, 0x00, 0x00, 0x40, 0x1F, 0x00, 0x70, 0x2D,
    0xAA, 0x00, 0x00, 0x00, 0x00, 0x00, 0x40, 0x1F, 0x00, 0x00, 0xE8, 0x4F, 0x00, 0x00, 0x00, 0x00,
    0x00, 0x50, 0x1F, 0x00, 0x00, 0xE3, 0xAF, 0x02, 0x00, 0x00, 0x00, 0x00, 0x60, 0x1F, 0x00, 0x71,
    0x8E, 0xA2, 0xAF, 0x04, 0x00, 0x00, 0x00, 0x60, 0x1F, 0x95, 0xBE, 0x03, 0x00, 0x93, 0xEE, 0x8A,
    0x04, 0x00, 0x70, 0x1F, 0xA5, 0x04, 0x00, 0x00, 0x00, 0x50, 0xD9, 0x02,
    // Unicode: [0x4F80]
    0x00, 0x30, 0x8E, 0x00, 0x00, 0x00, 0x00, 0x00, 0x50, 0x38, 0x00, 0x70, 0x2E, 0x34, 0x22, 0x32,
    0x14, 0x00, 0x70, 0x0E, 0x00, 0xD0, 0x18, 0xEE, 0xCF, 0xFD, 0x3E, 0x00, 0x60, 0x0E, 0x00, 0xF4,
    0x01, 0x50, 0x0D, 0xF3, 0x00, 0xE6, 0x60, 0x0E, 0x00, 0xFB, 0x00, 0x50, 0x0D, 0xF3, 0x00, 0xD5,
    0x60, 0x0E, 0x40, 0xFF, 0x00, 0x50, 0x0D, 0xF3, 0x00, 0xD5, 0x60, 0x0E, 0xD1, 0xFD, 0x00, 0x40,
    0x0D, 0xF3, 0x00, 0xD5, 0x60, 0x0E, 0xEA, 0xF6, 0x00, 0x50, 0x0D, 0xF3, 0x00, 0xD5, 0x60, 0x0E,
    0x65, 0xF4, 0x30, 0x74, 0x2D, 0xF5, 0x44, 0xD5, 0x60, 0x0E, 0x00, 0xF4, 0xA0, 0xEE, 0xDF, 0xFD,
    0xDE, 0xD5, 0x60, 0x0E, 0x00, 0xF4, 0x00, 0x60, 0x0C, 0xF3, 0x00, 0xD5, 0x60, 0x0E, 0x00, 0xF4,
    0x00, 0x70, 0x0B, 0xF3, 0x00, 0xD5, 0x60, 0x0E, 0x00, 0xF4, 0x00, 0x80, 0x0A, 0xF3, 0x00, 0xD5,
    0x60, 0x0E, 0x00, 0xF4, 0x00, 0x90, 0x09, 0xF3, 0x00, 0xD6, 0x60, 0x0E, 0x00, 0xF4, 0x00, 0xC0,
    0x07, 0xF3, 0x00, 0xE7, 0x60, 0x0E, 0x00, 0xF5, 0x00, 0xF0, 0x04, 0xF3, 0x00, 0x10, 0x60, 0x0E,
    0x00, 0xF6, 0x00, 0xE6, 0x01, 0xF3, 0x01, 0x00, 0x60, 0x0E, 0x00, 0xF6, 0x10, 0xAD, 0x00, 0xF4,
    0x01, 0x00, 0x60, 0x0E, 0x00, 0xF7, 0xB0, 0x2F, 0x00, 0xF5, 0x02, 0x70, 0xD8, 0x0C, 0x00, 0xF8,
    0x60, 0x08, 0x00, 0xF6, 0x03, 0x60, 0xCE, 0x04,
    // Unicode: [0x4F81]
    0x00, 0x00, 0x80, 0x03, 0x00, 0x00, 0x82, 0x04, 0x00, 0x00, 0x00, 0x00, 0x00, 0xF4, 0x07, 0x30,
    0x00, 0xF2, 0x05, 0x00, 0x00, 0x00, 0x00, 0x00, 0xB9, 0x00, 0xE0, 0x0A, 0xF1, 0x04, 0x00, 0x00,
    0x00, 0x00, 0x10, 0x4E, 0x00, 0xF2, 0x03, 0xF0, 0x04, 0x00, 0x00, 0x00, 0x00, 0x60, 0x2F, 0x00,
    0xF7, 0xDD, 0xFD, 0xDD, 0xED, 0x6E, 0x00, 0x00, 0xD1, 0x2F, 0x00, 0x8C, 0x33, 0xF3, 0x36, 0x43,
    0x25, 0x00, 0x00, 0xF7, 0x2F, 0x40, 0x2F, 0x00, 0xF0, 0x04, 0x00, 0x00, 0x00, 0x20, 0xAE, 0x2F,
    0xC0, 0x0A, 0x00, 0xF0, 0x04, 0x00, 0x00, 0x00, 0xC1, 0x3E, 0x2F, 0x10, 0x02, 0x00, 0xF0, 0x04,
    0x00, 0x00, 0x00, 0x81, 0x26, 0x2F, 0xD0, 0xCD, 0xCC, 0xFC, 0xCC, 0xCC, 0xDD, 0x06, 0x00, 0x20,
    0x2F, 0x70, 0x55, 0xF6, 0x46, 0xF7, 0x55, 0x65, 0x03, 0x00, 0x20, 0x2F, 0x00, 0x00, 0xF2, 0x01,
    0xF4, 0x00, 0x00, 0x00, 0x00, 0x20, 0x2F, 0x00, 0x00, 0xF3, 0x00, 0xF4, 0x00, 0x00, 0x00, 0x00,
    0x20, 0x2F, 0x00, 0x00, 0xE4, 0x00, 0xF4, 0x00, 0x00, 0x00, 0x00, 0x20, 0x2F, 0x00, 0x00, 0xB7,
    0x00, 0xF4, 0x00, 0x00, 0x00, 0x00, 0x20, 0x2F, 0x00, 0x00, 0x7C, 0x00, 0xF4, 0x00, 0x00, 0x00,
    0x00, 0x30, 0x2F, 0x00, 0x50, 0x1E, 0x00, 0xF4, 0x00, 0x30, 0x00, 0x00, 0x30, 0x2F, 0x00, 0xE3,
    0x06, 0x00, 0xF4, 0x00, 0xA0, 0x0B, 0x00, 0x40, 0x2F, 0x50, 0x7E, 0x00, 0x00, 0xF3, 0x36, 0xE5,
    0x09, 0x00, 0x50, 0x2F, 0xD5, 0x05, 0x00, 0x00, 0xB1, 0xFE, 0xCE, 0x02,
    // Unicode: [0x4F82]
    0x00, 0x00, 0x50, 0x02, 0x00, 0x00, 0x60, 0x04, 0x00, 0x00, 0x00, 0x00, 0x00, 0xF1, 0x0C, 0x00,
    0x00, 0xC0, 0x0D, 0x00, 0x00, 0x00, 0x00, 0x00, 0xF6, 0x02, 0x00, 0x00, 0x20, 0x4F, 0x00, 0x00,
    0x00, 0x00, 0x00, 0xAC, 0x10, 0xDE, 0xDD, 0xDD, 0xEF, 0xDD, 0xDD, 0x0D, 0x00, 0x40, 0x6F, 0x10,
    0x8F, 0x44, 0x44, 0x44, 0x54, 0x55, 0x05, 0x00, 0xB0, 0x6F, 0x00, 0x5F, 0x00, 0x00, 0x00, 0x20,
    0x04, 0x00, 0x00, 0xF5, 0x6F, 0x00, 0x5F, 0x00, 0x10, 0x63, 0xEA, 0x1C, 0x00, 0x10, 0x9E, 0x6E,
    0x00, 0x5E, 0xB0, 0xEF, 0xED, 0x15, 0x00, 0x00, 0xB0, 0x2E, 0x6E, 0x00, 0x5E, 0x20, 0x02, 0xE5,
    0x00, 0x00, 0x00, 0x91, 0x06, 0x6E, 0x00, 0x5E, 0x00, 0x00, 0xE5, 0x00, 0x00, 0x00, 0x00, 0x00,
    0x6E, 0x00, 0x5E, 0x00, 0x00, 0xE5, 0x00, 0x10, 0x01, 0x00, 0x00, 0x6E, 0x00, 0x5E, 0x11, 0x32,
    0xE8, 0xB9, 0xFD, 0x08, 0x00, 0x00, 0x6E, 0x00, 0x4E, 0xF8, 0xDF, 0xED, 0x57, 0x24, 0x01, 0x00,
    0x00, 0x6E, 0x00, 0x4F, 0x33, 0x00, 0xE5, 0x00, 0x00, 0x00, 0x00, 0x00, 0x6E, 0x10, 0x3F, 0x00,
    0x00, 0xE5, 0x00, 0x00, 0x00, 0x00, 0x00, 0x6E, 0x30, 0x1F, 0x00, 0x00, 0xE5, 0x00, 0x00, 0x00,
    0x00, 0x00, 0x6F, 0x60, 0x0D, 0x00, 0x00, 0xE5, 0x00, 0x20, 0x00, 0x00, 0x00, 0x6F, 0xB0, 0x09,
    0x00, 0x00, 0xE5, 0x00, 0x80, 0x0A, 0x00, 0x10, 0x6F, 0xF2, 0x04, 0x00, 0x00, 0xF4, 0x46, 0xD5,
    0x08, 0x00, 0x20, 0x6F, 0xC8, 0x00, 0x00, 0x00, 0xA0, 0xFE, 0xBE, 0x01,
    // Unicode: [0x4F83]
    0x00, 0x00, 0x80, 0x03, 0x00, 0x00, 0x00, 0x00, 0x00, 0x00, 0x00, 0x00, 0x00, 0xF3, 0x0A, 0x01,
    0x00, 0x00, 0x00, 0x10, 0x01, 0x00, 0x00, 0x00, 0xE6, 0x01, 0xFE, 0xFF, 0xFF, 0xFF, 0xFF, 0x07,
    0x00, 0x00, 0x00, 0x8B, 0x00, 0x7E, 0x00, 0x00, 0x00, 0xB0, 0x06, 0x00, 0x00, 0x20, 0x2F, 0x00,
    0x7D, 0x00, 0x00, 0x00, 0xB0, 0x06, 0x00, 0x00, 0x90, 0x0F, 0x00, 0x7D, 0x00, 0x00, 0x00, 0xB0,
    0x06, 0x00, 0x00, 0xE1, 0x0F, 0x00, 0x7D, 0x00, 0x00, 0x00, 0xB0, 0x06, 0x00, 0x00, 0xF9, 0x0F,
    0x00, 0x8E, 0x22, 0x22, 0x22, 0xC2, 0x06, 0x00, 0x30, 0x9F, 0x0F, 0x00, 0xDD, 0xCC, 0xCC, 0xCC,
    0xDC, 0x06, 0x00, 0xD1, 0x4C, 0x0F, 0x00, 0x00, 0x00, 0x00, 0x00, 0x00, 0x00, 0x00, 0x30, 0x44,
    0x0F, 0x00, 0x85, 0x04, 0x73, 0x02, 0x85, 0x00, 0x00, 0x00, 0x40, 0x0F, 0x00, 0xF7, 0x03, 0xF5,
    0x01, 0xE7, 0x00, 0x00, 0x00, 0x40, 0x0F, 0x00, 0xF7, 0x00, 0xE5, 0x00, 0xD6, 0x00, 0x00, 0x00,
    0x40, 0x0F, 0x00, 0xE7, 0x00, 0xE5, 0x00, 0xD6, 0x00, 0x00, 0x00, 0x40, 0x0F, 0x00, 0xC8, 0x00,
    0xE5, 0x00, 0xD6, 0x00, 0x00, 0x00, 0x40, 0x0F, 0x00, 0xB9, 0x00, 0xE5, 0x00, 0xD6, 0x00, 0x00,
    0x00, 0x40, 0x0F, 0x00, 0x7D, 0x00, 0xF5, 0x00, 0xD6, 0x00, 0x00, 0x00, 0x50, 0x0F, 0x30, 0x2E,
    0x00, 0xF5, 0x00, 0xD6, 0x00, 0x5B, 0x00, 0x60, 0x0F, 0xD1, 0x06, 0x00, 0xF6, 0x01, 0xF5, 0x53,
    0x6F, 0x00, 0x70, 0x1F, 0x7C, 0x00, 0x00, 0xF7, 0x01, 0xC1, 0xEF, 0x0A,
    // Unicode: [0x4F84]
    0x00, 0x00, 0x90, 0x04, 0x00, 0x00, 0x00, 0x00, 0x00, 0x00, 0x00, 0x00, 0x00, 0xF3, 0x19, 0x00,
    0x00, 0x00, 0x00, 0x00, 0x10, 0x00, 0x00, 0x00, 0xD7, 0xE0, 0xFF, 0xEE, 0xEE, 0xEE, 0xFE, 0xFF,
    0x04, 0x00, 0x00, 0x7C, 0x40, 0x33, 0x52, 0x6F, 0x22, 0x22, 0x43, 0x01, 0x00, 0x30, 0x2F, 0x00,
    0x00, 0xC0, 0x0A, 0x00, 0x00, 0x00, 0x00, 0x00, 0xA0, 0x2F, 0x00, 0x00, 0xD7, 0x01, 0x00, 0x07,
    0x00, 0x00, 0x00, 0xF3, 0x2F, 0x00, 0x30, 0x4F, 0x00, 0x20, 0xAE, 0x00, 0x00, 0x00, 0xCC, 0x2F,
    0x00, 0xD2, 0x08, 0x00, 0x00, 0xE3, 0x08, 0x00, 0xA0, 0x4E, 0x2F, 0x40, 0xDE, 0x33, 0x33, 0x33,
    0xA4, 0x5F, 0x00, 0x71, 0x36, 0x2F, 0x40, 0xFF, 0xEF, 0xFE, 0xCD, 0xBC, 0xED, 0x03, 0x00, 0x30,
    0x2F, 0x00, 0x12, 0x00, 0xF3, 0x04, 0x00, 0x81, 0x01, 0x00, 0x30, 0x2F, 0x00, 0x00, 0x00, 0xF3,
    0x04, 0x00, 0x00, 0x00, 0x00, 0x30, 0x2F, 0x00, 0x00, 0x00, 0xF3, 0x04, 0x00, 0x00, 0x00, 0x00,
    0x30, 0x2F, 0x20, 0xEF, 0xDD, 0xFD, 0xDD, 0xED, 0x4F, 0x00, 0x00, 0x30, 0x2F, 0x10, 0x45, 0x44,
    0xF5, 0x36, 0x44, 0x25, 0x00, 0x00, 0x30, 0x2F, 0x00, 0x00, 0x00, 0xF3, 0x04, 0x00, 0x00, 0x00,
    0x00, 0x40, 0x2F, 0x00, 0x00, 0x00, 0xF3, 0x04, 0x00, 0x00, 0x00, 0x00, 0x50, 0x2F, 0x00, 0x00,
    0x00, 0xF3, 0x04, 0x00, 0x00, 0x00, 0x00, 0x50, 0x2F, 0xFE, 0xEE, 0xDD, 0xFD, 0xDD, 0xDD, 0xEE,
    0x1F, 0x00, 0x60, 0x2F, 0x55, 0x44, 0x34, 0x33, 0x33, 0x44, 0x54, 0x15,
    // Unicode: [0x4F85]
    0x00, 0x00, 0x20, 0x03, 0x00, 0x10, 0x19, 0x00, 0x00, 0x00, 0x00, 0x00, 0x00, 0x90, 0x4F, 0x00,
    0x20, 0xDC, 0x01, 0x00, 0x00, 0x00, 0x00, 0x00, 0xE0, 0x08, 0x00, 0x00, 0xC1, 0x0C, 0x00, 0x00,
    0x00, 0x00, 0x00, 0xE6, 0x41, 0x34, 0x33, 0x42, 0x27, 0x33, 0x43, 0x04, 0x00, 0x00, 0x8D, 0xE0,
    0xEF, 0xEE, 0xEE, 0xEE, 0xEE, 0xFF, 0x0B, 0x00, 0x60, 0x4F, 0x10, 0x00, 0xA0, 0x3E, 0x00, 0x00,
    0x00, 0x01, 0x00, 0xD1, 0x4F, 0x00, 0x00, 0xF3, 0x06, 0x00, 0x12, 0x00, 0x00, 0x00, 0xE9, 0x4F,
    0x00, 0x00, 0xAC, 0x00, 0x00, 0xDC, 0x01, 0x00, 0x50, 0x6F, 0x4F, 0x00, 0xA0, 0x1D, 0x00, 0x60,
    0x3E, 0x00, 0x00, 0xE2, 0x1A, 0x4F, 0x10, 0xFA, 0x46, 0x54, 0xE6, 0x05, 0x00, 0x00, 0x50, 0x11,
    0x4F, 0x20, 0xEF, 0xCD, 0xCB, 0x6F, 0x00, 0x05, 0x00, 0x00, 0x10, 0x4F, 0x00, 0x02, 0x00, 0xD3,
    0x06, 0x40, 0x9F, 0x00, 0x00, 0x10, 0x4F, 0x00, 0x00, 0x70, 0x5E, 0x00, 0xE2, 0x09, 0x00, 0x00,
    0x10, 0x4F, 0x00, 0x40, 0xCC, 0x03, 0x20, 0x9D, 0x00, 0x00, 0x00, 0x10, 0x4F, 0x30, 0xFC, 0x08,
    0x00, 0xE3, 0x0A, 0x00, 0x00, 0x00, 0x10, 0x4F, 0x00, 0x27, 0x00, 0x70, 0x7E, 0x4D, 0x00, 0x00,
    0x00, 0x20, 0x4F, 0x00, 0x00, 0x30, 0xCC, 0x02, 0xD3, 0x09, 0x00, 0x00, 0x30, 0x4F, 0x00, 0x40,
    0xFB, 0x07, 0x00, 0x20, 0xBD, 0x01, 0x00, 0x40, 0x4F, 0x91, 0xFE, 0x29, 0x00, 0x00, 0x00, 0xE3,
    0x06, 0x00, 0x50, 0x4F, 0x50, 0x28, 0x00, 0x00, 0x00, 0x00, 0x10, 0x00,
    // Unicode: [0x4F86]
    0x00, 0x00, 0x00, 0x00, 0x70, 0x05, 0x00, 0x00, 0x00, 0x00, 0x00, 0x00, 0x00, 0x00, 0xE0, 0x0A,
    0x00, 0x00, 0x00, 0x00, 0x00, 0x00, 0x00, 0x00, 0xE0, 0x07, 0x00, 0x00, 0x00, 0x00, 0x40, 0x56,
    0x45, 0x44, 0xE4, 0x49, 0x44, 0x54, 0x65, 0x03, 0x80, 0xEF, 0xDE, 0xDD, 0xFD, 0xDE, 0xDD, 0xED,
    0xFE, 0x06, 0x00, 0x00, 0x12, 0x00, 0xE0, 0x07, 0x00, 0x02, 0x00, 0x00, 0x00, 0x00, 0xEA, 0x02,
    0xE0, 0x07, 0x20, 0x8F, 0x00, 0x00, 0x00, 0x30, 0x4F, 0x00, 0xE0, 0x07, 0x90, 0x0D, 0x00, 0x00,
    0x00, 0xC0, 0xCD, 0x03, 0xE0, 0x07, 0xE3, 0xC9, 0x03, 0x00, 0x00, 0xCA, 0x80, 0x4E, 0xE0, 0x27,
    0x7D, 0x40, 0x6E, 0x00, 0xB1, 0x2E, 0x00, 0x36, 0xF8, 0x5D, 0x0A, 0x00, 0xD4, 0x01, 0x30, 0x03,
    0x00, 0x60, 0xED, 0xCD, 0x01, 0x00, 0x00, 0x00, 0x00, 0x00, 0x00, 0xE6, 0xE2, 0xA7, 0x1C, 0x00,
    0x00, 0x00, 0x00, 0x00, 0x80, 0x3E, 0xE0, 0x07, 0xDA, 0x03, 0x00, 0x00, 0x00, 0x10, 0xDB, 0x02,
    0xE0, 0x07, 0x80, 0x7F, 0x00, 0x00, 0x10, 0xE7, 0x1A, 0x00, 0xE0, 0x07, 0x00, 0xD4, 0x6D, 0x01,
    0xE8, 0x6E, 0x00, 0x00, 0xE0, 0x07, 0x00, 0x10, 0xE8, 0x5F, 0x92, 0x01, 0x00, 0x00, 0xE0, 0x07,
    0x00, 0x00, 0x10, 0x07, 0x00, 0x00, 0x00, 0x00, 0xF0, 0x08, 0x00, 0x00, 0x00, 0x00, 0x00, 0x00,
    0x00, 0x00, 0xF1, 0x09, 0x00, 0x00, 0x00, 0x00,
    // Unicode: [0x4F87]
    0x00, 0x00, 0x40, 0x02, 0x00, 0x00, 0x51, 0x03, 0x00, 0x00, 0x00, 0x00, 0x00, 0xC0, 0x2E, 0x00,
    0x00, 0xF1, 0x0A, 0x00, 0x00, 0x00, 0x00, 0x00, 0xF2, 0x26, 0x11, 0x00, 0xF0, 0x04, 0x00, 0x11,
    0x01, 0x00, 0x00, 0xD8, 0xE0, 0xFF, 0xFF, 0xFF, 0xFF, 0xFF, 0xFF, 0x09, 0x00, 0x10, 0x7E, 0x30,
    0x12, 0x01, 0xF0, 0x04, 0x10, 0x21, 0x02, 0x00, 0x80, 0x2F, 0x00, 0x34, 0x22, 0xF2, 0x25, 0x32,
    0x04, 0x00, 0x00, 0xF2, 0x2F, 0x10, 0xFF, 0xEE, 0xFD, 0xDE, 0xED, 0x1F, 0x00, 0x00, 0xFB, 0x2F,
    0x00, 0x00, 0x00, 0xF0, 0x03, 0x30, 0x1F, 0x00, 0x70, 0x7F, 0x2F, 0x00, 0x00, 0x00, 0xF0, 0x02,
    0x30, 0x1F, 0x00, 0xE1, 0x39, 0x2F, 0x00, 0xEE, 0xEE, 0xFE, 0xEE, 0xEE, 0x1F, 0x00, 0x30, 0x30,
    0x2F, 0x00, 0x6F, 0x11, 0xF2, 0x23, 0x22, 0x02, 0x00, 0x00, 0x30, 0x2F, 0x00, 0x5E, 0x00, 0xF2,
    0x00, 0x00, 0x00, 0x00, 0x00, 0x30, 0x2F, 0x00, 0xCF, 0xBB, 0xFC, 0xBB, 0xCC, 0xED, 0x00, 0x00,
    0x30, 0x2F, 0x00, 0x44, 0x33, 0xFB, 0x36, 0x33, 0xE7, 0x00, 0x00, 0x30, 0x2F, 0x00, 0x00, 0x10,
    0x7E, 0x1D, 0x00, 0xC7, 0x00, 0x00, 0x30, 0x2F, 0x00, 0x00, 0x90, 0x0C, 0xB9, 0xB3, 0x8E, 0x00,
    0x00, 0x40, 0x2F, 0x00, 0x00, 0xE8, 0x03, 0xC1, 0x8B, 0x05, 0x00, 0x00, 0x40, 0x2F, 0x00, 0xC4,
    0x4E, 0x00, 0x20, 0xDD, 0x05, 0x00, 0x00, 0x50, 0x3F, 0xD7, 0xCF, 0x02, 0x00, 0x00, 0xA1, 0xDF,
    0x07, 0x00, 0x60, 0x2F, 0xD6, 0x05, 0x00, 0x00, 0x00, 0x00, 0xD5, 0x06,
    // Unicode: [0x4F88]
    0x00, 0x00, 0xB0, 0x06, 0x00, 0xA2, 0x05, 0x00, 0x00, 0x00, 0x00, 0x00, 0xF3, 0x08, 0x00, 0xF7,
    0x03, 0x00, 0x00, 0x00, 0x00, 0x00, 0xD8, 0x00, 0x00, 0x8D, 0x00, 0x00, 0x00, 0x00, 0x00, 0x00,
    0x7E, 0x00, 0x70, 0xEF, 0xEE, 0xEE, 0xFF, 0x02, 0x00, 0x60, 0x1F, 0x00, 0xF4, 0x26, 0x22, 0x32,
    0x8E, 0x00, 0x00, 0xD1, 0x0E, 0x30, 0x8E, 0x75, 0x00, 0xA0, 0x1D, 0x00, 0x00, 0xF8, 0x0E, 0xE4,
    0x09, 0xF7, 0x08, 0xEA, 0x02, 0x00, 0x30, 0xBF, 0x0E, 0x61, 0x00, 0x40, 0xDE, 0x2D, 0x00, 0x00,
    0xD1, 0x6A, 0x0E, 0x00, 0x00, 0x81, 0xAE, 0x01, 0x00, 0x00, 0xEC, 0x61, 0x0E, 0x00, 0x72, 0xDE,
    0x85, 0x4C, 0x00, 0x00, 0x42, 0x60, 0x0E, 0xB4, 0xDF, 0x17, 0xF2, 0x09, 0x00, 0x00, 0x00, 0x60,
    0x0E, 0xB1, 0x06, 0x20, 0xFD, 0xEE, 0xEE, 0xCF, 0x00, 0x60, 0x0E, 0x00, 0x00, 0xD4, 0x2B, 0x11,
    0x21, 0x5E, 0x00, 0x60, 0x0E, 0x00, 0x92, 0x9F, 0x03, 0x00, 0xA0, 0x0C, 0x00, 0x60, 0x0E, 0xA0,
    0xDF, 0x45, 0x6F, 0x00, 0xE7, 0x02, 0x00, 0x60, 0x0E, 0x30, 0x17, 0x00, 0xF6, 0x86, 0x4E, 0x00,
    0x00, 0x70, 0x0E, 0x00, 0x00, 0x00, 0x80, 0xDF, 0x02, 0x00, 0x00, 0x80, 0x0E, 0x00, 0x00, 0x62,
    0xFB, 0x19, 0x00, 0x00, 0x00, 0x80, 0x1E, 0x98, 0xEB, 0xEF, 0x29, 0x00, 0x00, 0x00, 0x00, 0x90,
    0x0E, 0xD9, 0x8B, 0x04, 0x00, 0x00, 0x00, 0x00,
    // Unicode: [0x4F89]
    0x00, 0x00, 0x70, 0x03, 0x00, 0x00, 0x83, 0x04, 0x00, 0x00, 0x00, 0x00, 0x00, 0xF2, 0x0A, 0x00,
    0x00, 0xF6, 0x02, 0x00, 0x00, 0x00, 0x00, 0x00, 0xE6, 0x01, 0x00, 0x00, 0x9A, 0x00, 0x00, 0x00,
    0x00, 0x00, 0x00, 0x7C, 0xE0, 0xEF, 0xDD, 0xEF, 0xDD, 0xED, 0xFE, 0x03, 0x00, 0x40, 0x1F, 0x40,
    0x33, 0xC2, 0x29, 0x8B, 0x32, 0x43, 0x01, 0x00, 0xB0, 0x0F, 0x00, 0x00, 0xD8, 0x01, 0xD1, 0x05,
    0x00, 0x00, 0x00, 0xF5, 0x0F, 0x00, 0x90, 0x2D, 0x00, 0x30, 0x7E, 0x00, 0x00, 0x10, 0xBD, 0x0F,
    0x30, 0xEC, 0x35, 0x23, 0x33, 0xF6, 0x4C, 0x00, 0xA0, 0x4E, 0x2F, 0xFA, 0x8A, 0xDE, 0xDD, 0xDD,
    0x8E, 0xE7, 0x1D, 0xC2, 0x45, 0x1F, 0x5A, 0x00, 0x00, 0x00, 0x00, 0x00, 0x10, 0x04, 0x00, 0x40,
    0x0F, 0x20, 0x11, 0x00, 0x00, 0x00, 0x10, 0x21, 0x00, 0x00, 0x40, 0x0F, 0xF2, 0xFF, 0xFF, 0xFF,
    0xFF, 0xFF, 0xFF, 0x03, 0x00, 0x40, 0x0F, 0x20, 0x11, 0x4F, 0x11, 0x11, 0x11, 0x22, 0x00, 0x00,
    0x40, 0x0F, 0x00, 0x20, 0x1F, 0x00, 0x00, 0x10, 0x01, 0x00, 0x00, 0x40, 0x0F, 0x00, 0x60, 0xEF,
    0xEE, 0xEE, 0xFF, 0x09, 0x00, 0x00, 0x40, 0x0F, 0x00, 0x30, 0x34, 0x12, 0x11, 0xE1, 0x06, 0x00,
    0x00, 0x40, 0x0F, 0x00, 0x00, 0x00, 0x00, 0x00, 0xF1, 0x04, 0x00, 0x00, 0x50, 0x0F, 0x00, 0x00,
    0x00, 0x00, 0x00, 0xF5, 0x01, 0x00, 0x00, 0x60, 0x0F, 0x00, 0x00, 0x00, 0x96, 0x98, 0xBE, 0x00,
    0x00, 0x00, 0x70, 0x0F, 0x00, 0x00, 0x00, 0xD3, 0xBC, 0x18, 0x00, 0x00,
    // Unicode: [0x4F8A]
    0x00, 0x00, 0x22, 0x00, 0x00, 0x00, 0x01, 0x00, 0x00, 0x00, 0x00, 0x00, 0x00, 0xF8, 0x05, 0x00,
    0x10, 0x8F, 0x00, 0x00, 0x00, 0x00, 0x00, 0x00, 0xAC, 0x40, 0x00, 0x00, 0x5F, 0x00, 0x50, 0x01,
    0x00, 0x00, 0x40, 0x3F, 0xE1, 0x07, 0x00, 0x5F, 0x00, 0xE0, 0x0D, 0x00, 0x00, 0xA0, 0x0B, 0x50,
    0x3F, 0x00, 0x5F, 0x00, 0xE6, 0x02, 0x00, 0x00, 0xF3, 0x06, 0x00, 0xCA, 0x00, 0x5F, 0x10, 0x6E,
    0x00, 0x00, 0x00, 0xFB, 0x06, 0x00, 0xF2, 0x06, 0x5F, 0xA0, 0x0C, 0x00, 0x00, 0x50, 0xFF, 0x06,
    0x00, 0x70, 0x04, 0x5F, 0xA1, 0x02, 0x00, 0x00, 0xE2, 0xEA, 0x06, 0x55, 0x44, 0x33, 0x7F, 0x33,
    0x44, 0x25, 0x00, 0xEC, 0xE1, 0x06, 0xFC, 0xDE, 0xDF, 0xDD, 0xDF, 0xED, 0x5F, 0x00, 0x53, 0xE0,
    0x06, 0x01, 0x20, 0x1F, 0x10, 0x3F, 0x00, 0x00, 0x00, 0x00, 0xE0, 0x06, 0x00, 0x20, 0x1F, 0x10,
    0x3F, 0x00, 0x00, 0x00, 0x00, 0xE0, 0x06, 0x00, 0x30, 0x0F, 0x10, 0x3F, 0x00, 0x00, 0x00, 0x00,
    0xE0, 0x06, 0x00, 0x40, 0x0E, 0x10, 0x3F, 0x00, 0x00, 0x00, 0x00, 0xE0, 0x06, 0x00, 0x60, 0x0C,
    0x10, 0x3F, 0x00, 0x00, 0x00, 0x00, 0xE0, 0x06, 0x00, 0xA0, 0x08, 0x10, 0x3F, 0x00, 0x00, 0x00,
    0x00, 0xF0, 0x06, 0x00, 0xE2, 0x03, 0x10, 0x3F, 0x00, 0x53, 0x00, 0x00, 0xF0, 0x06, 0x00, 0x7B,
    0x00, 0x10, 0x3F, 0x00, 0xF6, 0x01, 0x00, 0xF1, 0x06, 0xC3, 0x08, 0x00, 0x00, 0x8F, 0x43, 0xBD,
    0x00, 0x00, 0xF2, 0x36, 0x5C, 0x00, 0x00, 0x00, 0xE8, 0xEF, 0x2B, 0x00,
    // Unicode: [0x4F8B]
    0x00, 0x00, 0xB3, 0x06, 0x00, 0x00, 0x00, 0x00, 0x00, 0x32, 0x01, 0x00, 0x00, 0xF7, 0x03, 0x00,
    0x00, 0x00, 0x00, 0x00, 0xF6, 0x02, 0x00, 0x00, 0x9C, 0xF6, 0xDE, 0xDD, 0xED, 0x0E, 0x00, 0xE5,
    0x00, 0x00, 0x20, 0x3F, 0x52, 0xD4, 0x38, 0x44, 0x05, 0x00, 0xE5, 0x00, 0x00, 0x80, 0x0E, 0x00,
    0xE0, 0x05, 0x00, 0x20, 0x01, 0xE4, 0x00, 0x00, 0xE1, 0x0E, 0x00, 0xF2, 0x02, 0x00, 0x70, 0x1D,
    0xE4, 0x00, 0x00, 0xF8, 0x0E, 0x00, 0xE6, 0x00, 0x00, 0x60, 0x0B, 0xE4, 0x00, 0x20, 0xBE, 0x0E,
    0x00, 0xEB, 0xCC, 0xDC, 0x62, 0x0B, 0xE4, 0x00, 0xB0, 0x5D, 0x0E, 0x20, 0x6F, 0x44, 0xF6, 0x60,
    0x0B, 0xE4, 0x00, 0xD2, 0x55, 0x0E, 0xA0, 0x0C, 0x00, 0xD5, 0x60, 0x0B, 0xE4, 0x00, 0x10, 0x50,
    0x0E, 0xF6, 0x05, 0x00, 0xA8, 0x60, 0x0B, 0xE4, 0x00, 0x00, 0x50, 0x1E, 0xAC, 0xC8, 0x01, 0x7B,
    0x60, 0x0B, 0xE4, 0x00, 0x00, 0x50, 0x0E, 0x10, 0xB1, 0x3D, 0x3F, 0x60, 0x0C, 0xE4, 0x00, 0x00,
    0x50, 0x0E, 0x00, 0x00, 0xF9, 0x0D, 0x70, 0x0C, 0xE4, 0x00, 0x00, 0x50, 0x0E, 0x00, 0x00, 0xE1,
    0x07, 0x80, 0x0D, 0xE4, 0x00, 0x00, 0x50, 0x0E, 0x00, 0x00, 0xD9, 0x00, 0x10, 0x02, 0xE4, 0x00,
    0x00, 0x50, 0x0E, 0x00, 0x70, 0x3F, 0x00, 0x00, 0x00, 0xE4, 0x00, 0x00, 0x50, 0x0E, 0x10, 0xFA,
    0x05, 0x00, 0x00, 0x00, 0xE5, 0x00, 0x00, 0x60, 0x0E, 0xE4, 0x4E, 0x00, 0x00, 0x50, 0x99, 0xCD,
    0x00, 0x00, 0x80, 0x0E, 0x70, 0x02, 0x00, 0x00, 0x30, 0xDE, 0x3A, 0x00,
    // Unicode: [0x4F8C]
    0x00, 0x00, 0x00, 0x00, 0x80, 0x3A, 0x00, 0x00, 0x00, 0x00, 0x00, 0x00, 0x00, 0x00, 0xF4, 0x3E,
    0x00, 0x00, 0x00, 0x00, 0x00, 0x00, 0x00, 0x30, 0x6E, 0xD5, 0x02, 0x00, 0x00, 0x00, 0x00, 0x00,
    0x00, 0xE4, 0x27, 0x60, 0x4D, 0x00, 0x00, 0x00, 0x00, 0x00, 0x91, 0x5E, 0xF3, 0x05, 0xE5, 0x18,
    0x00, 0x00, 0x00, 0x60, 0xDE, 0x03, 0x50, 0x3F, 0x30, 0xEC, 0x28, 0x00, 0x72, 0xED, 0x07, 0x00,
    0x00, 0x04, 0x00, 0x60, 0xFE, 0x8D, 0xFB, 0x19, 0xFE, 0xEE, 0xEE, 0xEE, 0xEE, 0x4E, 0x50, 0x8C,
    0x21, 0x00, 0x22, 0x11, 0x11, 0x11, 0xE6, 0x04, 0x00, 0x00, 0x00, 0x00, 0x00, 0x00, 0x00, 0x50,
    0x3E, 0x00, 0x00, 0x00, 0x00, 0x80, 0xCD, 0xBC, 0xBB, 0xFB, 0xCD, 0xDC, 0x0D, 0x00, 0x00, 0x20,
    0x34, 0x22, 0x22, 0x22, 0x22, 0x33, 0x04, 0x00, 0x00, 0x00, 0x00, 0x00, 0x00, 0x00, 0x00, 0x00,
    0x00, 0x01, 0xB0, 0xFF, 0xEE, 0xDE, 0xDD, 0xDD, 0xED, 0xEE, 0xFF, 0x0E, 0x20, 0x22, 0x11, 0x21,
    0xAD, 0x11, 0x11, 0x11, 0x22, 0x03, 0x00, 0x00, 0x00, 0xD2, 0x09, 0x00, 0x69, 0x00, 0x00, 0x00,
    0x00, 0x00, 0x40, 0x7E, 0x00, 0x00, 0xF7, 0x1A, 0x00, 0x00, 0x00, 0x10, 0xE8, 0x05, 0x00, 0x11,
    0x52, 0xDE, 0x02, 0x00, 0x00, 0xE4, 0xEF, 0xED, 0xFF, 0xEF, 0xCD, 0xCB, 0x4E, 0x00, 0x00, 0xA1,
    0x57, 0x34, 0x12, 0x00, 0x00, 0x00, 0xBB, 0x00, 0x00, 0x00, 0x00, 0x00, 0x00, 0x00, 0x00, 0x00,
    0x11, 0x00,
    // Unicode: [0x4F8D]
    0x00, 0x00, 0x70, 0x03, 0x00, 0x00, 0x84, 0x04, 0x00, 0x00, 0x00, 0x00, 0x00, 0xF1, 0x1D, 0x00,
    0x00, 0xF6, 0x02, 0x00, 0x00, 0x00, 0x00, 0x00, 0xF6, 0x03, 0x00, 0x00, 0xF5, 0x01, 0x00, 0x00,
    0x00, 0x00, 0x00, 0x9D, 0x00, 0x55, 0x34, 0xF7, 0x34, 0x54, 0x05, 0x00, 0x00, 0x50, 0x2F, 0x00,
    0xFD, 0xDE, 0xFE, 0xDD, 0xFE, 0x0C, 0x00, 0x00, 0xD0, 0x0E, 0x00, 0x01, 0x00, 0xF5, 0x01, 0x00,
    0x01, 0x00, 0x00, 0xF7, 0x0E, 0x00, 0x00, 0x00, 0xF5, 0x01, 0x00, 0x00, 0x00, 0x30, 0xDF, 0x0E,
    0x55, 0x34, 0x33, 0xF7, 0x33, 0x43, 0x54, 0x03, 0xE2, 0x7B, 0x0E, 0xFD, 0xEE, 0xDD, 0xDD, 0xDD,
    0xEE, 0xFF, 0x07, 0xB4, 0x71, 0x0E, 0x01, 0x00, 0x00, 0x00, 0x70, 0x28, 0x10, 0x01, 0x00, 0x70,
    0x0E, 0x00, 0x00, 0x00, 0x00, 0xA0, 0x0D, 0x00, 0x00, 0x00, 0x70, 0x0E, 0x31, 0x22, 0x22, 0x22,
    0xA2, 0x2C, 0x32, 0x00, 0x00, 0x70, 0x0E, 0xF4, 0xEE, 0xEE, 0xEE, 0xFE, 0xEF, 0xDF, 0x00, 0x00,
    0x70, 0x0E, 0x00, 0x10, 0x00, 0x00, 0x90, 0x0C, 0x00, 0x00, 0x00, 0x70, 0x0E, 0x00, 0xE1, 0x07,
    0x00, 0x90, 0x0C, 0x00, 0x00, 0x00, 0x70, 0x0E, 0x00, 0x40, 0x8E, 0x00, 0x90, 0x0C, 0x00, 0x00,
    0x00, 0x70, 0x0E, 0x00, 0x00, 0xF4, 0x04, 0x90, 0x0C, 0x00, 0x00, 0x00, 0x80, 0x0E, 0x00, 0x00,
    0x30, 0x00, 0xA0, 0x0C, 0x00, 0x00, 0x00, 0x90, 0x0E, 0x00, 0x00, 0x00, 0x62, 0xE7, 0x0A, 0x00,
    0x00, 0x00, 0xA0, 0x0E, 0x00, 0x00, 0x00, 0xE0, 0xCF, 0x03, 0x00, 0x00,
    // Unicode: [0x4F8E]
    0x00, 0x00, 0x62, 0x00, 0x00, 0x10, 0x47, 0x00, 0x00, 0x00, 0x00, 0x00, 0xF8, 0x06, 0x00, 0x10,
    0x5F, 0x00, 0x10, 0x00, 0x00, 0x10, 0x9E, 0x70, 0x04, 0x00, 0x4F, 0x00, 0xD4, 0x05, 0x00, 0x70,
    0x1E, 0x90, 0x1D, 0x00, 0x4F, 0x00, 0xDA, 0x02, 0x00, 0xE1, 0x07, 0x10, 0x9D, 0x00, 0x4F, 0x20,
    0x5F, 0x00, 0x00, 0xFA, 0x05, 0x00, 0xF4, 0x04, 0x4F, 0xA0, 0x0C, 0x00, 0x50, 0xFF, 0x05, 0x00,
    0xB0, 0x06, 0x4F, 0xE2, 0x03, 0x00, 0xE2, 0xEB, 0x05, 0x12, 0x00, 0x00, 0x4F, 0x10, 0x00, 0x11,
    0xEC, 0xE2, 0x05, 0xFF, 0xFF, 0xFF, 0xFF, 0xFF, 0xFF, 0x8F, 0x57, 0xE0, 0x05, 0x34, 0x22, 0x99,
    0x9F, 0x2C, 0x32, 0x23, 0x00, 0xE0, 0x05, 0x00, 0x10, 0x2E, 0x5F, 0x3D, 0x00, 0x00, 0x00, 0xE0,
    0x05, 0x00, 0x70, 0x0A, 0x4F, 0xA7, 0x00, 0x00, 0x00, 0xE0, 0x05, 0x00, 0xE2, 0x03, 0x4F, 0xE1,
    0x04, 0x00, 0x00, 0xE0, 0x05, 0x00, 0xAB, 0x00, 0x4F, 0x70, 0x1D, 0x00, 0x00, 0xE0, 0x05, 0x70,
    0x1E, 0x00, 0x4F, 0x10, 0xAD, 0x00, 0x00, 0xE0, 0x05, 0xF5, 0x05, 0x00, 0x4F, 0x00, 0xF4, 0x07,
    0x00, 0xF0, 0x65, 0x9F, 0x00, 0x00, 0x5F, 0x00, 0x80, 0x7F, 0x00, 0xF0, 0x85, 0x0B, 0x00, 0x10,
    0x5F, 0x00, 0x00, 0x29, 0x00, 0xF1, 0x05, 0x00, 0x00, 0x10, 0x6F, 0x00, 0x00, 0x00, 0x00, 0xF2,
    0x05, 0x00, 0x00, 0x30, 0x7F, 0x00, 0x00, 0x00,
    // Unicode: [0x4F8F]
    0x00, 0x00, 0x10, 0x00, 0x00, 0x00, 0x32, 0x02, 0x00, 0x00, 0x00, 0x00, 0x00, 0x90, 0x3D, 0x00,
    0x00, 0xF5, 0x04, 0x00, 0x00, 0x00, 0x00, 0x00, 0xE0, 0x0B, 0xA0, 0x1A, 0xF4, 0x02, 0x00, 0x00,
    0x00, 0x00, 0x00, 0xF5, 0x02, 0xE0, 0x06, 0xF4, 0x02, 0x00, 0x00, 0x00, 0x00, 0x00, 0x8C, 0x00,
    0xF5, 0x12, 0xF5, 0x23, 0x32, 0x03, 0x00, 0x00, 0x50, 0x1F, 0x00, 0xFC, 0xEE, 0xFF, 0xFF, 0xFF,
    0x0E, 0x00, 0x00, 0xE1, 0x0E, 0x60, 0x2E, 0x00, 0xF4, 0x02, 0x10, 0x01, 0x00, 0x00, 0xFB, 0x0E,
    0xD2, 0x08, 0x00, 0xF4, 0x02, 0x00, 0x00, 0x00, 0xA0, 0xAF, 0x0E, 0x20, 0x12, 0x00, 0xF4, 0x02,
    0x00, 0x21, 0x00, 0x71, 0x68, 0x0E, 0xF1, 0xFF, 0xFF, 0xFF, 0xFF, 0xFF, 0xFF, 0x00, 0x00, 0x60,
    0x0E, 0x30, 0x22, 0xE2, 0xF7, 0xD4, 0x22, 0x32, 0x00, 0x00, 0x60, 0x0E, 0x00, 0x00, 0xC7, 0xF4,
    0xC2, 0x07, 0x00, 0x00, 0x00, 0x60, 0x0E, 0x00, 0x20, 0x5E, 0xF4, 0x52, 0x3E, 0x00, 0x00, 0x00,
    0x60, 0x0E, 0x00, 0xB0, 0x0B, 0xF4, 0x02, 0xDB, 0x01, 0x00, 0x00, 0x60, 0x0E, 0x00, 0xE8, 0x02,
    0xF4, 0x02, 0xE2, 0x2D, 0x00, 0x00, 0x60, 0x0E, 0x70, 0x5F, 0x00, 0xF4, 0x02, 0x40, 0xEF, 0x05,
    0x00, 0x70, 0x1E, 0xF9, 0x08, 0x00, 0xF4, 0x02, 0x00, 0xE4, 0x2D, 0x00, 0x80, 0x2E, 0x7A, 0x00,
    0x00, 0xF5, 0x02, 0x00, 0x20, 0x03, 0x00, 0x80, 0x0E, 0x00, 0x00, 0x00, 0xF5, 0x03, 0x00, 0x00,
    0x00, 0x00, 0x90, 0x0E, 0x00, 0x00, 0x00, 0xF7, 0x04, 0x00, 0x00, 0x00,
    // Unicode: [0x4F90]
    0x00, 0x00, 0x20, 0x03, 0x00, 0x10, 0x00, 0x00, 0x00, 0x00, 0x00, 0x00, 0x00, 0x90, 0x3E, 0x00,
    0xA0, 0x4B, 0x00, 0x00, 0x00, 0x00, 0x00, 0x00, 0xD0, 0x07, 0x00, 0xE1, 0x2B, 0x00, 0x00, 0x00,
    0x00, 0x00, 0x00, 0xE4, 0x01, 0x00, 0xD7, 0x01, 0x00, 0x00, 0x00, 0x00, 0x00, 0x00, 0x8B, 0x00,
    0x22, 0x5E, 0x11, 0x11, 0x21, 0x02, 0x00, 0x00, 0x30, 0x3F, 0x10, 0xFF, 0xFF, 0xFF, 0xFF, 0xFF,
    0x1F, 0x00, 0x00, 0xC0, 0x3F, 0x10, 0x4F, 0xD0, 0x05, 0xE4, 0x40, 0x0F, 0x00, 0x00, 0xF8, 0x3F,
    0x00, 0x4F, 0xD0, 0x05, 0xE4, 0x40, 0x0F, 0x00, 0x50, 0x9F, 0x3F, 0x00, 0x4F, 0xD0, 0x05, 0xE4,
    0x40, 0x0F, 0x00, 0xE2, 0x2D, 0x3F, 0x00, 0x4F, 0xD0, 0x05, 0xE4, 0x40, 0x0F, 0x00, 0x30, 0x23,
    0x3F, 0x00, 0x4F, 0xD0, 0x05, 0xE4, 0x40, 0x0F, 0x00, 0x00, 0x20, 0x3F, 0x00, 0x4F, 0xD0, 0x05,
    0xE4, 0x40, 0x0F, 0x00, 0x00, 0x20, 0x3F, 0x00, 0x4F, 0xD0, 0x05, 0xE4, 0x40, 0x0F, 0x00, 0x00,
    0x20, 0x3F, 0x00, 0x4F, 0xD0, 0x05, 0xE4, 0x40, 0x0F, 0x00, 0x00, 0x20, 0x3F, 0x00, 0x4F, 0xD0,
    0x05, 0xE4, 0x40, 0x0F, 0x00, 0x00, 0x20, 0x3F, 0x00, 0x4F, 0xD0, 0x05, 0xE4, 0x40, 0x0F, 0x00,
    0x00, 0x20, 0x3F, 0x00, 0x4F, 0xD0, 0x05, 0xE4, 0x40, 0x0F, 0x00, 0x00, 0x30, 0x3F, 0x55, 0x6F,
    0xD3, 0x37, 0xE7, 0x73, 0x4F, 0x05, 0x00, 0x40, 0x3F, 0xEF, 0xEE, 0xEE, 0xEE, 0xEE, 0xEE, 0xEE,
    0x0F, 0x00, 0x50, 0x3F, 0x00, 0x00, 0x00, 0x00, 0x00, 0x00, 0x00, 0x00,
    // Unicode: [0x4F91]
    0x00, 0x00, 0xB0, 0x19, 0x00, 0x00, 0x88, 0x03, 0x00, 0x00, 0x00, 0x00, 0x00, 0xF1, 0x0A, 0x00,
    0x00, 0xDB, 0x01, 0x00, 0x00, 0x00, 0x00, 0x00, 0xE7, 0x01, 0x00, 0x00, 0x6E, 0x00, 0x00, 0x00,
    0x00, 0x00, 0x00, 0x7D, 0xF2, 0xDE, 0xDD, 0xDF, 0xCC, 0xCC, 0xDD, 0x0E, 0x00, 0x60, 0x4F, 0x51,
    0x34, 0xB3, 0x3B, 0x33, 0x33, 0x43, 0x05, 0x00, 0xD1, 0x4F, 0x00, 0x00, 0xF2, 0x04, 0x00, 0x00,
    0x00, 0x00, 0x00, 0xE9, 0x4F, 0x00, 0x00, 0xAB, 0x00, 0x00, 0x10, 0x12, 0x00, 0x50, 0x7F, 0x4F,
    0x00, 0x60, 0xFF, 0xEE, 0xEE, 0xFF, 0x6F, 0x00, 0xE3, 0x1B, 0x4F, 0x00, 0xF6, 0x3F, 0x11, 0x11,
    0x11, 0x5F, 0x00, 0x30, 0x12, 0x4F, 0x91, 0xAF, 0x1F, 0x00, 0x00, 0x00, 0x5F, 0x00, 0x00, 0x10,
    0x4F, 0xF7, 0x37, 0x5F, 0x44, 0x44, 0x44, 0x5F, 0x00, 0x00, 0x10, 0x4F, 0x20, 0x30, 0xCF, 0xCC,
    0xCC, 0xCC, 0x5F, 0x00, 0x00, 0x10, 0x4F, 0x00, 0x30, 0x1F, 0x00, 0x00, 0x00, 0x5F, 0x00, 0x00,
    0x10, 0x4F, 0x00, 0x30, 0x3F, 0x11, 0x11, 0x11, 0x5F, 0x00, 0x00, 0x10, 0x4F, 0x00, 0x30, 0xEF,
    0xEE, 0xEE, 0xEE, 0x5F, 0x00, 0x00, 0x10, 0x4F, 0x00, 0x30, 0x1F, 0x00, 0x00, 0x00, 0x5F, 0x00,
    0x00, 0x20, 0x4F, 0x00, 0x30, 0x1F, 0x00, 0x00, 0x00, 0x5F, 0x00, 0x00, 0x30, 0x4F, 0x00, 0x30,
    0x1F, 0x00, 0x00, 0x00, 0x5F, 0x00, 0x00, 0x30, 0x4F, 0x00, 0x40, 0x1F, 0x00, 0x10, 0x54, 0x4F,
    0x00, 0x00, 0x40, 0x4F, 0x00, 0x50, 0x1F, 0x00, 0x00, 0xDC, 0x09, 0x00,
    // Unicode: [0x4F92]
    0x00, 0x00, 0x53, 0x01, 0x00, 0x00, 0x01, 0x00, 0x00, 0x00, 0x00, 0x00, 0x00, 0xF7, 0x07, 0x00,
    0x10, 0x6D, 0x00, 0x00, 0x00, 0x00, 0x00, 0x00, 0xAC, 0x00, 0x00, 0x00, 0xE7, 0x01, 0x00, 0x00,
    0x00, 0x00, 0x20, 0x3F, 0x40, 0x34, 0x33, 0xE3, 0x38, 0x33, 0x44, 0x02, 0x00, 0x90, 0x0E, 0xC0,
    0xEF, 0xEE, 0xEE, 0xEE, 0xEE, 0xFE, 0x07, 0x00, 0xF2, 0x0E, 0xC0, 0x07, 0x00, 0x01, 0x00, 0x00,
    0xC0, 0x07, 0x00, 0xFA, 0x0E, 0xC0, 0x07, 0x00, 0xDD, 0x01, 0x00, 0xC0, 0x07, 0x40, 0xAF, 0x0E,
    0x80, 0x05, 0x10, 0x7F, 0x00, 0x00, 0x60, 0x04, 0xE2, 0x5B, 0x0E, 0x00, 0x00, 0x50, 0x1E, 0x00,
    0x00, 0x00, 0x00, 0x91, 0x52, 0x0E, 0x41, 0x34, 0xB3, 0x3B, 0x33, 0x33, 0x43, 0x04, 0x00, 0x50,
    0x0E, 0xE4, 0xDD, 0xFD, 0xDD, 0xDD, 0xFE, 0xED, 0x0D, 0x00, 0x50, 0x0E, 0x00, 0x00, 0xC8, 0x00,
    0x00, 0xA9, 0x00, 0x00, 0x00, 0x50, 0x0E, 0x00, 0x10, 0x4E, 0x00, 0x10, 0x5E, 0x00, 0x00, 0x00,
    0x50, 0x0E, 0x00, 0xA0, 0x0B, 0x00, 0x70, 0x0D, 0x00, 0x00, 0x00, 0x50, 0x0E, 0x00, 0xA1, 0xBF,
    0x05, 0xE2, 0x05, 0x00, 0x00, 0x00, 0x50, 0x0E, 0x00, 0x00, 0x82, 0xDE, 0xAD, 0x00, 0x00, 0x00,
    0x00, 0x60, 0x0E, 0x00, 0x00, 0x00, 0xF7, 0xEE, 0x29, 0x00, 0x00, 0x00, 0x60, 0x0E, 0x00, 0x41,
    0xE8, 0x5D, 0x60, 0xFE, 0x3A, 0x00, 0x00, 0x70, 0x0E, 0xD2, 0xFF, 0x6B, 0x00, 0x00, 0x81, 0xAF,
    0x00, 0x00, 0x80, 0x0E, 0x50, 0x15, 0x00, 0x00, 0x00, 0x00, 0x12, 0x00,
    // Unicode: [0x4F93]
    0x00, 0x00, 0x30, 0x03, 0x00, 0x00, 0xA5, 0x02, 0x00, 0x00, 0x00, 0x00, 0x00, 0xA0, 0x3F, 0x00,
    0x00, 0xF5, 0x01, 0x00, 0x00, 0x00, 0x00, 0x00, 0xE1, 0x07, 0x23, 0x11, 0xF5, 0x11, 0x21, 0x03,
    0x00, 0x00, 0x00, 0xE6, 0x01, 0xFF, 0xEF, 0xFF, 0xEE, 0xFE, 0x0F, 0x00, 0x00, 0x00, 0x7D, 0x00,
    0x01, 0x00, 0xF5, 0x00, 0x60, 0x0E, 0x00, 0x00, 0x50, 0x4F, 0x21, 0x12, 0x11, 0xF5, 0x11, 0x61,
    0x1E, 0x12, 0x00, 0xD1, 0x4F, 0xF6, 0xFF, 0xEE, 0xFF, 0xEE, 0xFE, 0xFF, 0x5F, 0x00, 0xE8, 0x4F,
    0x11, 0x00, 0x00, 0xF5, 0x00, 0x60, 0x0E, 0x00, 0x40, 0x7F, 0x4F, 0x00, 0x23, 0x11, 0xF5, 0x11,
    0x61, 0x0E, 0x00, 0xE1, 0x1B, 0x4F, 0x00, 0xFE, 0xEF, 0xFE, 0xEE, 0xFF, 0x0F, 0x00, 0x40, 0x12,
    0x4F, 0x00, 0x01, 0x00, 0xF5, 0x00, 0x00, 0x01, 0x00, 0x00, 0x10, 0x4F, 0x10, 0x01, 0x00, 0xF5,
    0x00, 0x00, 0x10, 0x00, 0x00, 0x10, 0x4F, 0x80, 0xFF, 0xEF, 0xFF, 0xEE, 0xFF, 0xDF, 0x00, 0x00,
    0x10, 0x4F, 0x10, 0x12, 0x11, 0xF5, 0x00, 0x11, 0x21, 0x00, 0x00, 0x10, 0x4F, 0x00, 0x00, 0x00,
    0xF5, 0x00, 0x00, 0x00, 0x00, 0x00, 0x10, 0x4F, 0xFE, 0xEE, 0xDE, 0xFE, 0xDD, 0xEE, 0xEE, 0x2F,
    0x00, 0x20, 0x4F, 0x44, 0x33, 0x23, 0xF6, 0x23, 0x33, 0x33, 0x14, 0x00, 0x30, 0x4F, 0x00, 0x00,
    0x00, 0xF5, 0x01, 0x00, 0x00, 0x00, 0x00, 0x40, 0x4F, 0x00, 0x00, 0x00, 0xF5, 0x01, 0x00, 0x00,
    0x00, 0x00, 0x50, 0x4F, 0x00, 0x00, 0x00, 0xF6, 0x02, 0x00, 0x00, 0x00,
    // Unicode: [0x4F94]
    0x00, 0x00, 0x50, 0x39, 0x00, 0x00, 0xB7, 0x02, 0x00, 0x00, 0x00, 0x00, 0x00, 0xA0, 0x3E, 0x00,
    0x20, 0x9E, 0x01, 0x00, 0x00, 0x00, 0x00, 0x00, 0xE1, 0x05, 0x00, 0xD2, 0x08, 0x10, 0x18, 0x00,
    0x00, 0x00, 0x00, 0xC8, 0x00, 0x10, 0x9C, 0x00, 0x10, 0xCB, 0x01, 0x00, 0x00, 0x10, 0x5E, 0x00,
    0xD2, 0x09, 0x00, 0x00, 0xB1, 0x0B, 0x00, 0x00, 0x80, 0x4F, 0x70, 0xFF, 0xDC, 0xDD, 0xED, 0xEE,
    0x9F, 0x00, 0x00, 0xF3, 0x4F, 0x60, 0x7A, 0x45, 0x23, 0x12, 0x11, 0xF2, 0x06, 0x10, 0xAC, 0x4F,
    0x00, 0x30, 0x00, 0x80, 0x08, 0x00, 0x70, 0x04, 0xB0, 0x2E, 0x4F, 0x00, 0xD0, 0x0B, 0xC0, 0x09,
    0x00, 0x00, 0x00, 0xB2, 0x06, 0x4F, 0x00, 0xF5, 0x23, 0xC2, 0x29, 0x22, 0x23, 0x00, 0x00, 0x00,
    0x4F, 0x10, 0xED, 0xEE, 0xFE, 0xEF, 0xEE, 0x9F, 0x00, 0x00, 0x00, 0x4F, 0xA0, 0x0C, 0x00, 0xC0,
    0x08, 0x00, 0x00, 0x00, 0x00, 0x00, 0x4F, 0xF7, 0x03, 0x00, 0xC0, 0x08, 0x00, 0x00, 0x00, 0x00,
    0x00, 0x4F, 0x20, 0x00, 0x00, 0xC0, 0x08, 0x00, 0x00, 0x00, 0x00, 0x00, 0x4F, 0xE6, 0xDE, 0xDD,
    0xFD, 0xDE, 0xDD, 0xEE, 0x0E, 0x00, 0x00, 0x4F, 0x63, 0x45, 0x34, 0xC3, 0x3A, 0x43, 0x54, 0x06,
    0x00, 0x00, 0x4F, 0x00, 0x00, 0x00, 0xC0, 0x09, 0x00, 0x00, 0x00, 0x00, 0x10, 0x4F, 0x00, 0x00,
    0x00, 0xC0, 0x09, 0x00, 0x00, 0x00, 0x00, 0x20, 0x4F, 0x00, 0x00, 0x00, 0xD0, 0x0A, 0x00, 0x00,
    0x00, 0x00, 0x30, 0x4F, 0x00, 0x00, 0x00, 0xE0, 0x0A, 0x00, 0x00, 0x00,
    // Unicode: [0x4F95]
    0x00, 0x00, 0x02, 0x00, 0x00, 0x00, 0x00, 0x00, 0x00, 0x00, 0x00, 0x00, 0xDB, 0x01, 0x00, 0x00,
    0x00, 0x00, 0x00, 0x00, 0x00, 0x10, 0x6F, 0x64, 0x56, 0x55, 0x55, 0x55, 0x65, 0x66, 0x00, 0x70,
    0x1E, 0xD8, 0xCC, 0xCC, 0xCF, 0xCB, 0xCC, 0xCD, 0x00, 0xD0, 0x08, 0x00, 0x00, 0x70, 0x1E, 0x00,
    0x00, 0x00, 0x00, 0xF6, 0x06, 0x00, 0x00, 0xD0, 0x08, 0x00, 0x00, 0x00, 0x10, 0xFD, 0x06, 0x00,
    0x00, 0xE5, 0x01, 0x00, 0x00, 0x00, 0x80, 0xFE, 0x06, 0xC0, 0xEE, 0xFF, 0xDD, 0xED, 0xEE, 0x0F,
    0xF5, 0xF6, 0x06, 0xB0, 0x29, 0xE5, 0x22, 0x5E, 0x82, 0x0E, 0xBC, 0xF0, 0x06, 0xB0, 0x09, 0xE4,
    0x00, 0x4D, 0x70, 0x0E, 0x21, 0xF0, 0x06, 0xA0, 0x09, 0xE4, 0x00, 0x4D, 0x70, 0x0D, 0x00, 0xF0,
    0x06, 0xA0, 0x09, 0xE4, 0x00, 0x4D, 0x70, 0x0D, 0x00, 0xF0, 0x06, 0xA0, 0x09, 0xE4, 0x00, 0x4D,
    0x70, 0x0D, 0x00, 0xF0, 0x06, 0xA0, 0x09, 0xE4, 0x00, 0x4D, 0x70, 0x0D, 0x00, 0xF0, 0x06, 0xA0,
    0x09, 0xE4, 0x00, 0x4E, 0x70, 0x0D, 0x00, 0xF0, 0x06, 0xA0, 0x09, 0xE4, 0x00, 0x4E, 0x70, 0x0D,
    0x00, 0xF1, 0x06, 0xB0, 0x09, 0xF5, 0x00, 0x5F, 0x70, 0x0D, 0x00, 0xF2, 0x06, 0xC0, 0x09, 0xF6,
    0x11, 0x6F, 0x70, 0x0D, 0x00, 0xF2, 0x06, 0xD0, 0x0A, 0x31, 0x00, 0x42, 0xD8, 0x0D, 0x00, 0xF3,
    0x06, 0xC0, 0x09, 0x00, 0x00, 0x00, 0xBC, 0x05,
    // Unicode: [0x4F96]
    0x00, 0x00, 0x00, 0x00, 0x00, 0x7A, 0x01, 0x00, 0x00, 0x00, 0x00, 0x00, 0x00, 0x00, 0x00, 0x50,
    0xDF, 0x01, 0x00, 0x00, 0x00, 0x00, 0x00, 0x00, 0x00, 0x00, 0xE3, 0xD8, 0x09, 0x00, 0x00, 0x00,
    0x00, 0x00, 0x00, 0x00, 0x30, 0xAE, 0x10, 0x9C, 0x00, 0x00, 0x00, 0x00, 0x00, 0x00, 0x00, 0xE4,
    0x0A, 0x00, 0xC1, 0x2C, 0x00, 0x00, 0x00, 0x00, 0x00, 0x80, 0x8F, 0x00, 0x00, 0x10, 0xE9, 0x18,
    0x00, 0x00, 0x00, 0x50, 0xED, 0x05, 0x00, 0x00, 0x00, 0x50, 0xEE, 0x38, 0x00, 0x50, 0xFC, 0xCB,
    0xEF, 0xEE, 0xEE, 0xEE, 0xFE, 0x87, 0xFF, 0x0A, 0xD2, 0x5D, 0x30, 0x34, 0x23, 0x22, 0x32, 0x43,
    0x02, 0x81, 0x02, 0x20, 0x11, 0x12, 0x00, 0x00, 0x00, 0x00, 0x00, 0x11, 0x01, 0x00, 0x00, 0x70,
    0xFF, 0xFF, 0xFF, 0xFF, 0xFF, 0xFF, 0xFF, 0x07, 0x00, 0x00, 0x60, 0x1E, 0x11, 0x7C, 0x11, 0xD6,
    0x11, 0xE1, 0x06, 0x00, 0x00, 0x60, 0x0E, 0x00, 0x7C, 0x00, 0xD5, 0x00, 0xE0, 0x06, 0x00, 0x00,
    0x60, 0x2E, 0x22, 0x8C, 0x22, 0xD7, 0x22, 0xE2, 0x06, 0x00, 0x00, 0x60, 0xFF, 0xFF, 0xFF, 0xFF,
    0xFF, 0xFF, 0xFF, 0x06, 0x00, 0x00, 0x60, 0x0E, 0x00, 0x7C, 0x00, 0xD6, 0x00, 0xE0, 0x06, 0x00,
    0x00, 0x60, 0x0E, 0x00, 0x7C, 0x00, 0xE7, 0x00, 0xE0, 0x06, 0x00, 0x00, 0x60, 0x0E, 0x00, 0x8D,
    0x00, 0xE7, 0x00, 0xE0, 0x06, 0x00, 0x00, 0x70, 0x0E, 0x00, 0x9E, 0x00, 0xF8, 0x51, 0xF6, 0x05,
    0x00, 0x00, 0x80, 0x0E, 0x00, 0x23, 0x00, 0x32, 0xC0, 0xCF, 0x01, 0x00, 0x00, 0x00, 0x00, 0x00,
    0x00, 0x00, 0x00, 0x10, 0x01, 0x00, 0x00,
    // Unicode: [0x4F97]
    0x00, 0x00, 0x70, 0x02, 0x00, 0x00, 0x00, 0x00, 0x00, 0x00, 0x00, 0x00, 0xF1, 0x1D, 0x22, 0x11,
    0x11, 0x11, 0x22, 0x32, 0x00, 0x00, 0xF5, 0x23, 0xEF, 0xEE, 0xEE, 0xEE, 0xEE, 0xFF, 0x00, 0x00,
    0xAA, 0x20, 0x3F, 0x00, 0x00, 0x00, 0x00, 0xE6, 0x00, 0x10, 0x4F, 0x20, 0x3F, 0x00, 0x00, 0x00,
    0x00, 0xE6, 0x00, 0x80, 0x2F, 0x20, 0x3F, 0x34, 0x23, 0x32, 0x24, 0xE6, 0x00, 0xF2, 0x2F, 0x20,
    0x3F, 0xED, 0xDD, 0xDD, 0x7E, 0xE6, 0x00, 0xFB, 0x2F, 0x20, 0x3F, 0x00, 0x00, 0x00, 0x00, 0xE6,
    0x70, 0x8F, 0x2F, 0x20, 0x3F, 0x11, 0x00, 0x10, 0x01, 0xE6, 0xF3, 0x3A, 0x2F, 0x20, 0x3F, 0xF7,
    0xEE, 0xFE, 0x0D, 0xE6, 0x40, 0x31, 0x2F, 0x20, 0x3F, 0xD6, 0x00, 0x60, 0x0C, 0xE6, 0x00, 0x30,
    0x2F, 0x20, 0x3F, 0xD6, 0x00, 0x60, 0x0C, 0xE6, 0x00, 0x30, 0x2F, 0x20, 0x3F, 0xD5, 0x00, 0x60,
    0x0C, 0xE6, 0x00, 0x30, 0x2F, 0x20, 0x3F, 0xD6, 0x00, 0x60, 0x0C, 0xE6, 0x00, 0x30, 0x2F, 0x20,
    0x3F, 0xE7, 0x44, 0x84, 0x0C, 0xE6, 0x00, 0x30, 0x2F, 0x20, 0x3F, 0xC6, 0xBB, 0xBB, 0x0A, 0xE6,
    0x00, 0x40, 0x2F, 0x20, 0x3F, 0x00, 0x00, 0x00, 0x00, 0xE6, 0x00, 0x50, 0x2F, 0x20, 0x4F, 0x00,
    0x00, 0x00, 0x00, 0xE6, 0x00, 0x60, 0x2F, 0x30, 0x4F, 0x00, 0x00, 0x10, 0x57, 0xDB, 0x00, 0x60,
    0x2F, 0x40, 0x5F, 0x00, 0x00, 0x00, 0xFC, 0x7E,
    // Unicode: [0x4F98]
    0x00, 0x00, 0x72, 0x02, 0x00, 0xA2, 0x01, 0x00, 0x00, 0x00, 0x00, 0x00, 0xF7, 0x05, 0x00, 0xE2,
    0x09, 0x00, 0x00, 0x00, 0x00, 0x00, 0xAC, 0x00, 0x00, 0x50, 0x2F, 0x00, 0x00, 0x00, 0x00, 0x40,
    0x3F, 0xF7, 0xEE, 0xDD, 0xEF, 0xDD, 0xEE, 0x1F, 0x00, 0xB0, 0x0E, 0xE6, 0x22, 0x22, 0x22, 0x22,
    0x62, 0x0F, 0x00, 0xF3, 0x0E, 0xE7, 0x00, 0x00, 0x00, 0x00, 0x50, 0x1F, 0x00, 0xFC, 0x0E, 0xB6,
    0x00, 0x00, 0x00, 0x72, 0x41, 0x1C, 0x60, 0x9F, 0x0E, 0x00, 0x00, 0x53, 0xC8, 0xFF, 0x1B, 0x00,
    0xE3, 0x69, 0x0E, 0x40, 0xFE, 0xFF, 0x6B, 0x02, 0x00, 0x00, 0xD8, 0x61, 0x0E, 0x00, 0x47, 0xE1,
    0x06, 0x00, 0x00, 0x00, 0x20, 0x60, 0x0E, 0x00, 0x00, 0xE0, 0x06, 0x00, 0x00, 0x00, 0x00, 0x60,
    0x0E, 0x00, 0x00, 0xE0, 0x06, 0x41, 0x86, 0x5B, 0x00, 0x60, 0x0E, 0x21, 0x64, 0xF8, 0xEE, 0xEF,
    0xBC, 0x49, 0x00, 0x60, 0x0E, 0xF4, 0xDF, 0xFA, 0x39, 0x01, 0x00, 0x00, 0x00, 0x60, 0x0E, 0x41,
    0x01, 0xE0, 0x06, 0x00, 0x00, 0x00, 0x00, 0x60, 0x0E, 0x00, 0x00, 0xE0, 0x06, 0x00, 0x00, 0x00,
    0x00, 0x60, 0x0E, 0x00, 0x00, 0xE0, 0x06, 0x00, 0x00, 0x04, 0x00, 0x70, 0x0E, 0x00, 0x00, 0xE0,
    0x07, 0x00, 0x00, 0xCB, 0x00, 0x80, 0x0E, 0x00, 0x00, 0xC0, 0x5C, 0x33, 0x84, 0x6F, 0x00, 0x90,
    0x0E, 0x00, 0x00, 0x40, 0xEB, 0xFF, 0xDE, 0x07,
    // Unicode: [0x4F99]
    0x00, 0x00, 0x20, 0x3A, 0x00, 0x00, 0x00, 0x79, 0x00, 0x00, 0x00, 0x00, 0x00, 0x70, 0x3E, 0x00,
    0x00, 0x00, 0x8D, 0x94, 0x00, 0x00, 0x00, 0x00, 0xC0, 0x08, 0x00, 0x00, 0x00, 0x7C, 0xE2, 0x09,
    0x00, 0x00, 0x00, 0xF4, 0x01, 0x00, 0x00, 0x00, 0x7C, 0x30, 0x4F, 0x00, 0x00, 0x00, 0x9B, 0x00,
    0x00, 0x00, 0x00, 0x8B, 0x00, 0x03, 0x00, 0x00, 0x40, 0x7F, 0xE3, 0xDE, 0xDD, 0xDD, 0xEE, 0xDD,
    0xEE, 0x00, 0x00, 0xD0, 0x7F, 0x51, 0x44, 0x33, 0x33, 0xAB, 0x43, 0x54, 0x00, 0x00, 0xF8, 0x7F,
    0x00, 0x00, 0x00, 0x00, 0x8A, 0x00, 0x00, 0x00, 0x30, 0x8F, 0x7E, 0x20, 0x01, 0x00, 0x11, 0x99,
    0x00, 0x00, 0x00, 0xD1, 0x1D, 0x7E, 0xC0, 0xFF, 0xFF, 0x9F, 0xA8, 0x00, 0x00, 0x00, 0x92, 0x04,
    0x7E, 0x20, 0x11, 0x4F, 0x21, 0xB7, 0x00, 0x00, 0x00, 0x00, 0x00, 0x7E, 0x00, 0x00, 0x4F, 0x00,
    0xD5, 0x00, 0x00, 0x00, 0x00, 0x00, 0x7E, 0x00, 0x00, 0x4F, 0x00, 0xF3, 0x01, 0x00, 0x00, 0x00,
    0x00, 0x7E, 0x00, 0x00, 0x4F, 0x00, 0xE0, 0x04, 0x00, 0x00, 0x00, 0x00, 0x7E, 0x00, 0x00, 0x4F,
    0x00, 0xB0, 0x08, 0x00, 0x00, 0x00, 0x00, 0x7E, 0x00, 0x00, 0x5F, 0xB6, 0x63, 0x0E, 0x00, 0x00,
    0x00, 0x00, 0x7F, 0x52, 0xA7, 0xEF, 0x7B, 0x12, 0x6E, 0x20, 0x00, 0x00, 0x00, 0x7F, 0xF5, 0x8C,
    0x04, 0x00, 0x00, 0xE8, 0x72, 0x0B, 0x00, 0x10, 0x7F, 0x21, 0x00, 0x00, 0x00, 0x00, 0xC0, 0xEE,
    0x06, 0x00, 0x20, 0x7F, 0x00, 0x00, 0x00, 0x00, 0x00, 0x10, 0xCB, 0x01,
    // Unicode: [0x4F9A]
    0x00, 0x00, 0x10, 0x01, 0x00, 0x03, 0x00, 0x00, 0x00, 0x00, 0x00, 0x00, 0x60, 0x4E, 0x30, 0x8F,
    0x00, 0x00, 0x00, 0x00, 0x00, 0x00, 0xB0, 0x0A, 0x70, 0x0D, 0x00, 0x00, 0x00, 0x00, 0x00, 0x00,
    0xF3, 0x02, 0xE0, 0x4A, 0x44, 0x44, 0x44, 0x35, 0x00, 0x00, 0xAA, 0x00, 0xF7, 0xDD, 0xDD, 0xDD,
    0xDD, 0x8F, 0x00, 0x30, 0x6F, 0x20, 0x8E, 0x00, 0x00, 0x00, 0x00, 0x8E, 0x00, 0xD0, 0x6F, 0xB0,
    0x1E, 0x00, 0x00, 0x10, 0x00, 0x7D, 0x00, 0xD8, 0x6E, 0xF7, 0xF8, 0xEF, 0xEE, 0xFF, 0x00, 0x7D,
    0x60, 0x6F, 0x6E, 0x30, 0xF2, 0x12, 0x11, 0xE5, 0x00, 0x7D, 0xF3, 0x0C, 0x6E, 0x00, 0xF2, 0x02,
    0x00, 0xE5, 0x00, 0x7D, 0x50, 0x03, 0x6E, 0x00, 0xF2, 0x35, 0x33, 0xE7, 0x00, 0x7D, 0x00, 0x00,
    0x6E, 0x00, 0xF2, 0xCC, 0xCC, 0xED, 0x00, 0x6D, 0x00, 0x00, 0x6E, 0x00, 0xF2, 0x02, 0x00, 0xE5,
    0x00, 0x6D, 0x00, 0x00, 0x6E, 0x00, 0xF2, 0x02, 0x00, 0xE5, 0x00, 0x6D, 0x00, 0x00, 0x6E, 0x00,
    0xF2, 0xEE, 0xEE, 0xEE, 0x00, 0x6E, 0x00, 0x00, 0x6E, 0x00, 0xF3, 0x12, 0x11, 0xF5, 0x00, 0x6E,
    0x00, 0x00, 0x6F, 0x00, 0x82, 0x01, 0x00, 0x82, 0x00, 0x6F, 0x00, 0x00, 0x6F, 0x00, 0x00, 0x00,
    0x00, 0x00, 0x20, 0x5F, 0x00, 0x10, 0x6F, 0x00, 0x00, 0x00, 0x00, 0x70, 0xC8, 0x2F, 0x00, 0x20,
    0x6F, 0x00, 0x00, 0x00, 0x00, 0x40, 0xBE, 0x04, 0x00, 0x00, 0x13, 0x00, 0x00, 0x00, 0x00, 0x00,
    0x00, 0x00,
    // Unicode: [0x4F9B]
    0x00, 0x00, 0x4A, 0x00, 0x21, 0x01, 0x00, 0x42, 0x01, 0x00, 0x00, 0x00, 0x20, 0xBF, 0x00, 0xF2,
    0x06, 0x00, 0xF7, 0x01, 0x00, 0x00, 0x00, 0x60, 0x2F, 0x00, 0xF2, 0x04, 0x00, 0xE6, 0x00, 0x00,
    0x00, 0x00, 0xD0, 0x08, 0x00, 0xF1, 0x04, 0x00, 0xE6, 0x00, 0x00, 0x00, 0x00, 0xF5, 0x01, 0x00,
    0xF1, 0x04, 0x00, 0xE6, 0x00, 0x00, 0x00, 0x10, 0xFD, 0x50, 0xDD, 0xFD, 0xCD, 0xCC, 0xFD, 0xDC,
    0x1D, 0x00, 0x90, 0xFF, 0x20, 0x56, 0xF6, 0x57, 0x55, 0xE9, 0x65, 0x06, 0x00, 0xF6, 0xFA, 0x00,
    0x00, 0xF1, 0x04, 0x00, 0xE6, 0x00, 0x00, 0x00, 0x9B, 0xF5, 0x00, 0x00, 0xF1, 0x04, 0x00, 0xE6,
    0x00, 0x00, 0x00, 0x10, 0xF5, 0x00, 0x00, 0xF1, 0x04, 0x00, 0xE6, 0x00, 0x00, 0x00, 0x00, 0xF5,
    0x00, 0x00, 0xF1, 0x04, 0x00, 0xE6, 0x00, 0x00, 0x00, 0x00, 0xF5, 0xF2, 0xDE, 0xFD, 0xCD, 0xCC,
    0xFD, 0xDD, 0xFE, 0x02, 0x00, 0xF5, 0x71, 0x66, 0x55, 0x55, 0x54, 0x55, 0x55, 0x76, 0x01, 0x00,
    0xF5, 0x00, 0x00, 0xA0, 0x18, 0x00, 0x37, 0x00, 0x00, 0x00, 0x00, 0xF5, 0x00, 0x00, 0xF3, 0x09,
    0x00, 0xDA, 0x02, 0x00, 0x00, 0x00, 0xF5, 0x00, 0x00, 0xCB, 0x00, 0x00, 0xC0, 0x1C, 0x00, 0x00,
    0x00, 0xF6, 0x00, 0x60, 0x3F, 0x00, 0x00, 0x20, 0xAE, 0x00, 0x00, 0x00, 0xF7, 0x00, 0xF5, 0x06,
    0x00, 0x00, 0x00, 0xF4, 0x06, 0x00, 0x00, 0xF7, 0x70, 0x9F, 0x00, 0x00, 0x00, 0x00, 0x90, 0x3F,
    0x00, 0x00, 0xF8, 0x20, 0x09, 0x00, 0x00, 0x00, 0x00, 0x10, 0x19, 0x00,
    // Unicode: [0x4F9C]
    0x00, 0x00, 0x70, 0x03, 0x00, 0x00, 0x59, 0x00, 0x00, 0x00, 0x00, 0x00, 0x00, 0xF3, 0x07, 0x00,
    0x30, 0x6F, 0x00, 0x00, 0x00, 0x00, 0x00, 0x00, 0xC8, 0x00, 0x00, 0x90, 0x0B, 0x00, 0x00, 0x00,
    0x00, 0x00, 0x10, 0x4E, 0x00, 0xE2, 0xFE, 0xEE, 0xEE, 0xEE, 0x00, 0x00, 0x00, 0x80, 0x0E, 0x00,
    0xF1, 0x35, 0x33, 0x33, 0xE7, 0x00, 0x00, 0x00, 0xE2, 0x0E, 0x00, 0xF1, 0x62, 0x1B, 0x00, 0xE6,
    0x00, 0x00, 0x00, 0xFB, 0x0E, 0x00, 0xF1, 0x12, 0xCB, 0x01, 0xE6, 0x00, 0x00, 0x60, 0x8F, 0x0E,
    0x00, 0xF1, 0x02, 0xB0, 0x1C, 0xE6, 0x00, 0x00, 0xF4, 0x69, 0x0E, 0x00, 0xF1, 0x02, 0x10, 0x1A,
    0xE6, 0x00, 0x00, 0xD7, 0x61, 0x0E, 0x01, 0xF1, 0x02, 0x00, 0x00, 0xE6, 0x10, 0x00, 0x10, 0x60,
    0x0E, 0xFC, 0xFE, 0xEE, 0xEE, 0xEE, 0xFE, 0xFF, 0x04, 0x00, 0x60, 0x0E, 0x33, 0xF3, 0x24, 0x22,
    0x22, 0xE7, 0x43, 0x01, 0x00, 0x60, 0x0E, 0x00, 0xF2, 0x91, 0x05, 0x00, 0xE6, 0x00, 0x00, 0x00,
    0x60, 0x0E, 0x00, 0xF3, 0x30, 0x8E, 0x00, 0xE6, 0x00, 0x00, 0x00, 0x60, 0x0E, 0x00, 0xD6, 0x00,
    0xD2, 0x0A, 0xE6, 0x00, 0x00, 0x00, 0x60, 0x0E, 0x00, 0xAA, 0x00, 0x10, 0x1A, 0xE6, 0x00, 0x00,
    0x00, 0x60, 0x0E, 0x10, 0x6E, 0x00, 0x00, 0x00, 0xE6, 0x00, 0x00, 0x00, 0x60, 0x0E, 0x80, 0x1E,
    0x00, 0x00, 0x00, 0xD8, 0x00, 0x00, 0x00, 0x70, 0x0E, 0xF4, 0x08, 0x00, 0x10, 0xED, 0x9F, 0x00,
    0x00, 0x00, 0x80, 0x0E, 0xB5, 0x01, 0x00, 0x00, 0x76, 0x03, 0x00, 0x00,
    // Unicode: [0x4F9D]
    0x00, 0x00, 0xB0, 0x07, 0x00, 0x70, 0x01, 0x00, 0x00, 0x00, 0x00, 0x00, 0x00, 0xF3, 0x07, 0x00,
    0xD2, 0x1C, 0x00, 0x00, 0x00, 0x00, 0x00, 0x00, 0xC9, 0x00, 0x00, 0x10, 0xCC, 0x01, 0x00, 0x00,
    0x00, 0x00, 0x20, 0x4F, 0x00, 0x00, 0x00, 0xA1, 0x01, 0x00, 0x00, 0x00, 0x00, 0x90, 0x1E, 0xDE,
    0xCC, 0xCC, 0xCC, 0xCC, 0xCC, 0xED, 0x04, 0x00, 0xF3, 0x1E, 0x56, 0x44, 0xF4, 0x46, 0x44, 0x44,
    0x65, 0x02, 0x00, 0xEC, 0x0E, 0x00, 0x00, 0xD5, 0x10, 0x00, 0x00, 0x00, 0x00, 0x90, 0x7E, 0x0E,
    0x00, 0x00, 0x7B, 0xD5, 0x00, 0x30, 0x01, 0x00, 0xF7, 0x66, 0x0E, 0x00, 0x30, 0x4F, 0xF3, 0x01,
    0xD1, 0x1D, 0x00, 0x97, 0x60, 0x0E, 0x00, 0xA0, 0x4F, 0xE0, 0x04, 0xCA, 0x01, 0x00, 0x00, 0x60,
    0x0E, 0x00, 0xE5, 0x4F, 0x90, 0x99, 0x1C, 0x00, 0x00, 0x00, 0x60, 0x0E, 0x20, 0x6E, 0x4F, 0x40,
    0xCF, 0x01, 0x00, 0x00, 0x00, 0x60, 0x0E, 0xD2, 0x0B, 0x4F, 0x00, 0x8D, 0x00, 0x00, 0x00, 0x00,
    0x60, 0x2E, 0xDD, 0x01, 0x4F, 0x00, 0xE6, 0x02, 0x00, 0x00, 0x00, 0x60, 0x0E, 0x38, 0x00, 0x4F,
    0x00, 0xC0, 0x0B, 0x00, 0x00, 0x00, 0x60, 0x0E, 0x00, 0x00, 0x4F, 0x30, 0x23, 0x9E, 0x00, 0x00,
    0x00, 0x70, 0x0E, 0x00, 0x00, 0x4F, 0xF6, 0x08, 0xE4, 0x1B, 0x00, 0x00, 0x80, 0x0E, 0x00, 0x20,
    0xCF, 0x6E, 0x00, 0x40, 0xCE, 0x00, 0x00, 0x80, 0x0E, 0x00, 0x90, 0xCF, 0x02, 0x00, 0x00, 0x23,
    0x00, 0x00, 0x90, 0x0E, 0x00, 0x20, 0x08, 0x00, 0x00, 0x00, 0x00, 0x00,
    // Unicode: [0x4F9E]
    0x00, 0x00, 0x50, 0x00, 0x50, 0x02, 0x00, 0x00, 0x00, 0x00, 0x00, 0x00, 0x00, 0xF4, 0x04, 0xF0,
    0x0A, 0x00, 0x00, 0x00, 0x00, 0x00, 0x00, 0x00, 0xA9, 0x00, 0xF2, 0x04, 0x00, 0x00, 0x00, 0x00,
    0x00, 0x00, 0x10, 0x4E, 0x00, 0xF4, 0x00, 0x00, 0xD5, 0xCC, 0xDC, 0x01, 0x00, 0x60, 0x0F, 0x44,
    0xD8, 0x43, 0x14, 0xE5, 0x55, 0xF8, 0x00, 0x00, 0xD0, 0x0F, 0xEB, 0xEE, 0xDD, 0x1F, 0xE5, 0x00,
    0xE4, 0x00, 0x00, 0xF6, 0x0F, 0x00, 0x7B, 0x40, 0x0F, 0xE5, 0x00, 0xE4, 0x00, 0x10, 0xCE, 0x0F,
    0x00, 0x4E, 0x60, 0x0D, 0xE5, 0x00, 0xE4, 0x00, 0xB0, 0x5D, 0x0F, 0x30, 0x1F, 0x80, 0x0A, 0xE5,
    0x00, 0xE4, 0x00, 0xA1, 0x54, 0x0F, 0x60, 0x0C, 0xB0, 0x07, 0xE5, 0x00, 0xE4, 0x00, 0x00, 0x50,
    0x0F, 0xB0, 0x08, 0xE0, 0x04, 0xE5, 0x00, 0xE4, 0x00, 0x00, 0x50, 0x0F, 0xE1, 0x04, 0xF3, 0x01,
    0xE5, 0x00, 0xE4, 0x00, 0x00, 0x50, 0x0F, 0xF3, 0x1A, 0xB8, 0x00, 0xE5, 0x00, 0xE4, 0x00, 0x00,
    0x50, 0x0F, 0x20, 0xDC, 0x5E, 0x00, 0xE5, 0x00, 0xE4, 0x00, 0x00, 0x50, 0x0F, 0x00, 0xC0, 0x5F,
    0x00, 0xE5, 0x00, 0xE4, 0x00, 0x00, 0x50, 0x0F, 0x00, 0xF4, 0xFA, 0x06, 0xE5, 0x22, 0xE6, 0x00,
    0x00, 0x50, 0x0F, 0x20, 0x8E, 0x70, 0x2E, 0xF5, 0xEE, 0xEF, 0x00, 0x00, 0x60, 0x0F, 0xD2, 0x0B,
    0x00, 0x01, 0xE5, 0x00, 0xF4, 0x00, 0x00, 0x70, 0x3F, 0xBD, 0x01, 0x00, 0x00, 0xE7, 0x00, 0xC4,
    0x01, 0x00, 0x80, 0x1F, 0x06, 0x00, 0x00, 0x00, 0x32, 0x00, 0x00, 0x00,
    // Unicode: [0x4F9F]
    0x00, 0x00, 0x32, 0x00, 0x00, 0x00, 0x04, 0x00, 0x00, 0x00, 0x00, 0x00, 0x00, 0xF8, 0x05, 0x00,
    0x50, 0x9F, 0x00, 0x00, 0x00, 0x00, 0x00, 0x00, 0xBC, 0x00, 0x00, 0xA0, 0x0D, 0x00, 0x00, 0x00,
    0x00, 0x00, 0x30, 0x4F, 0x75, 0x67, 0xE6, 0x6A, 0x66, 0x66, 0x77, 0x08, 0x00, 0x90, 0x0E, 0xD9,
    0xCC, 0xEE, 0xBB, 0xCB, 0xCC, 0xDC, 0x0D, 0x00, 0xF2, 0x0E, 0x00, 0x00, 0x6D, 0x00, 0x00, 0x00,
    0x00, 0x00, 0x00, 0xFA, 0x0E, 0x00, 0x70, 0x0C, 0x00, 0x00, 0x00, 0x00, 0x00, 0x40, 0xAF, 0x0E,
    0x00, 0xE2, 0x33, 0xDE, 0xCC, 0xCC, 0xCD, 0x00, 0xE2, 0x6B, 0x0E, 0x00, 0xBA, 0x10, 0x56, 0x44,
    0xC5, 0x5E, 0x00, 0x71, 0x63, 0x0E, 0x70, 0xBF, 0x00, 0x00, 0x00, 0xE9, 0x03, 0x00, 0x00, 0x60,
    0x0E, 0xF6, 0xBC, 0x00, 0x00, 0x80, 0x2E, 0x00, 0x00, 0x00, 0x60, 0x6E, 0x8F, 0xB8, 0x00, 0x00,
    0xB0, 0x09, 0x00, 0x00, 0x00, 0x60, 0x1E, 0x09, 0xB8, 0x63, 0x45, 0xC4, 0x4A, 0x65, 0x05, 0x00,
    0x60, 0x0E, 0x00, 0xB8, 0xF6, 0xDE, 0xED, 0xDE, 0xED, 0x0B, 0x00, 0x60, 0x0E, 0x00, 0xB8, 0x00,
    0x00, 0xB0, 0x09, 0x00, 0x00, 0x00, 0x60, 0x0E, 0x00, 0xB8, 0x00, 0x00, 0xB0, 0x09, 0x00, 0x00,
    0x00, 0x60, 0x0E, 0x00, 0xB8, 0x00, 0x00, 0xB0, 0x09, 0x00, 0x00, 0x00, 0x60, 0x0E, 0x00, 0xC9,
    0x00, 0x00, 0xB0, 0x09, 0x00, 0x00, 0x00, 0x80, 0x0E, 0x00, 0xCA, 0x00, 0x72, 0xE7, 0x08, 0x00,
    0x00, 0x00, 0x80, 0x0D, 0x00, 0xDA, 0x00, 0xD0, 0xCE, 0x03, 0x00, 0x00,
    // Unicode: [0x4FA0]
    0x00, 0x00, 0x60, 0x01, 0x00, 0x00, 0x54, 0x01, 0x00, 0x00, 0x00, 0x00, 0x00, 0xF1, 0x1D, 0x00,
    0x00, 0xF9, 0x02, 0x00, 0x00, 0x00, 0x00, 0x00, 0xF6, 0x03, 0x00, 0x00, 0xD7, 0x00, 0x00, 0x00,
    0x00, 0x00, 0x00, 0xBC, 0x40, 0x44, 0x33, 0xD8, 0x33, 0x43, 0x44, 0x00, 0x00, 0x30, 0x4F, 0xB0,
    0xEE, 0xDD, 0xFE, 0xDD, 0xED, 0xCE, 0x00, 0x00, 0xB0, 0x0E, 0x00, 0x00, 0x00, 0xC7, 0x00, 0x10,
    0x00, 0x00, 0x00, 0xF5, 0x0E, 0x00, 0x48, 0x00, 0xC7, 0x00, 0xC0, 0x08, 0x00, 0x20, 0xEE, 0x0E,
    0x00, 0xD7, 0x01, 0xC7, 0x00, 0xF3, 0x04, 0x00, 0xC1, 0x7D, 0x0E, 0x00, 0xC0, 0x09, 0xC7, 0x00,
    0x9C, 0x00, 0x00, 0x91, 0x64, 0x0E, 0x00, 0x30, 0x07, 0xC8, 0x40, 0x1C, 0x00, 0x00, 0x00, 0x60,
    0x0E, 0x55, 0x34, 0x33, 0xCB, 0x33, 0x43, 0x54, 0x02, 0x00, 0x60, 0x0E, 0xFE, 0xDE, 0xDD, 0xFF,
    0xDE, 0xED, 0xFE, 0x05, 0x00, 0x60, 0x0E, 0x00, 0x00, 0x20, 0xBF, 0x0A, 0x00, 0x00, 0x00, 0x00,
    0x60, 0x0E, 0x00, 0x00, 0x80, 0x1C, 0x4E, 0x00, 0x00, 0x00, 0x00, 0x60, 0x0E, 0x00, 0x00, 0xE2,
    0x06, 0xD6, 0x01, 0x00, 0x00, 0x00, 0x60, 0x0E, 0x00, 0x00, 0xBC, 0x00, 0xA0, 0x1C, 0x00, 0x00,
    0x00, 0x60, 0x0E, 0x00, 0xB1, 0x2E, 0x00, 0x10, 0xCC, 0x02, 0x00, 0x00, 0x70, 0x0E, 0x30, 0xEC,
    0x03, 0x00, 0x00, 0xB1, 0x6E, 0x00, 0x00, 0x80, 0x0E, 0xF9, 0x3D, 0x00, 0x00, 0x00, 0x00, 0xF8,
    0x07, 0x00, 0x90, 0x0E, 0x81, 0x01, 0x00, 0x00, 0x00, 0x00, 0x30, 0x00,
    // Unicode: [0x4FA1]
    0x00, 0x00, 0x65, 0x01, 0x00, 0x00, 0x00, 0x00, 0x00, 0x00, 0x00, 0x00, 0xCB, 0x01, 0x00, 0x00,
    0x00, 0x00, 0x00, 0x00, 0x00, 0x10, 0x4F, 0xE6, 0xDD, 0xCC, 0xCC, 0xCC, 0xDD, 0x9E, 0x00, 0x70,
    0x0D, 0x52, 0x45, 0xE6, 0x44, 0x6F, 0x54, 0x35, 0x00, 0xD0, 0x07, 0x00, 0x00, 0xE3, 0x00, 0x3F,
    0x00, 0x00, 0x00, 0xF5, 0x06, 0x00, 0x00, 0xE3, 0x00, 0x3F, 0x00, 0x00, 0x00, 0xFD, 0x06, 0x40,
    0x23, 0xE5, 0x22, 0x4F, 0x32, 0x04, 0x70, 0xFF, 0x06, 0xE0, 0xEF, 0xFE, 0xEE, 0xEF, 0xFE, 0x0D,
    0xF3, 0xE9, 0x06, 0xD0, 0x06, 0xE3, 0x00, 0x3F, 0x60, 0x0D, 0xEB, 0xE1, 0x06, 0xD0, 0x06, 0xE3,
    0x00, 0x3F, 0x60, 0x0C, 0x20, 0xE0, 0x06, 0xD0, 0x06, 0xE3, 0x00, 0x3F, 0x60, 0x0C, 0x00, 0xE0,
    0x06, 0xD0, 0x06, 0xE3, 0x00, 0x3F, 0x60, 0x0C, 0x00, 0xE0, 0x06, 0xD0, 0x06, 0xE3, 0x00, 0x3F,
    0x60, 0x0C, 0x00, 0xE0, 0x06, 0xD0, 0x06, 0xE3, 0x00, 0x3F, 0x60, 0x0C, 0x00, 0xE0, 0x06, 0xD0,
    0x06, 0xE3, 0x00, 0x3F, 0x60, 0x0C, 0x00, 0xE0, 0x06, 0xD0, 0x06, 0xE3, 0x00, 0x3F, 0x60, 0x0D,
    0x00, 0xF0, 0x06, 0xD0, 0x06, 0xE3, 0x00, 0x3F, 0x60, 0x0D, 0x00, 0xF0, 0x06, 0xE0, 0xEF, 0xFE,
    0xEE, 0xEF, 0xFE, 0x0E, 0x00, 0xF1, 0x06, 0xE0, 0x16, 0x11, 0x11, 0x11, 0x71, 0x0E, 0x00, 0xF2,
    0x06, 0xF0, 0x06, 0x00, 0x00, 0x00, 0x60, 0x0F, 0x00, 0x00, 0x00, 0x20, 0x01, 0x00, 0x00, 0x00,
    0x00, 0x00,
    // Unicode: [0x4FA2]
    0x00, 0x00, 0x91, 0x02, 0x00, 0x00, 0x00, 0x00, 0x00, 0x00, 0x00, 0x00, 0x00, 0xF5, 0x04, 0x00,
    0x00, 0x00, 0x00, 0x00, 0x00, 0x00, 0x00, 0x00, 0xA9, 0xD0, 0xDE, 0xCC, 0xCC, 0xCC, 0xCC, 0xED,
    0x08, 0x00, 0x10, 0x3E, 0x60, 0x56, 0x44, 0xF4, 0x47, 0x44, 0x65, 0x04, 0x00, 0x60, 0x1F, 0x00,
    0x00, 0x00, 0xF0, 0x04, 0x00, 0x00, 0x00, 0x00, 0xD0, 0x1F, 0x00, 0x34, 0x22, 0xF2, 0x25, 0x32,
    0x04, 0x00, 0x00, 0xF6, 0x1F, 0x00, 0xFE, 0xEE, 0xFE, 0xEF, 0xFE, 0x0F, 0x00, 0x10, 0xDD, 0x1F,
    0x00, 0x6E, 0x00, 0xF0, 0x04, 0x50, 0x0E, 0x00, 0xA0, 0x6E, 0x1F, 0x00, 0x6E, 0x00, 0xF0, 0x04,
    0x50, 0x0E, 0x00, 0xD1, 0x57, 0x1F, 0x00, 0x7E, 0x22, 0xF2, 0x25, 0x62, 0x0E, 0x00, 0x10, 0x51,
    0x1F, 0x00, 0xEE, 0xEE, 0xFE, 0xEE, 0xEE, 0x0E, 0x00, 0x00, 0x50, 0x1F, 0x00, 0x6E, 0x00, 0xF0,
    0x04, 0x50, 0x0E, 0x00, 0x00, 0x50, 0x1F, 0x00, 0x6E, 0x00, 0xF0, 0x04, 0x50, 0x0E, 0x00, 0x00,
    0x50, 0x1F, 0x56, 0x8E, 0x44, 0xF4, 0x47, 0x74, 0x4E, 0x05, 0x00, 0x50, 0x2F, 0xDE, 0xDF, 0xCC,
    0xCC, 0xCC, 0xDC, 0xDF, 0x0C, 0x00, 0x50, 0x1F, 0x00, 0x6E, 0x00, 0x00, 0x00, 0x50, 0x0E, 0x00,
    0x00, 0x50, 0x1F, 0x00, 0x6E, 0x00, 0x00, 0x00, 0x50, 0x0E, 0x00, 0x00, 0x60, 0x1F, 0x00, 0x6E,
    0x00, 0x00, 0x00, 0x50, 0x0E, 0x00, 0x00, 0x60, 0x1F, 0x00, 0x6E, 0x00, 0x00, 0x00, 0xB8, 0x0D,
    0x00, 0x00, 0x80, 0x1F, 0x00, 0x5C, 0x00, 0x00, 0x00, 0xC9, 0x06, 0x00,
    // Unicode: [0x4FA3]
    0x00, 0x00, 0x30, 0x39, 0x00, 0x00, 0x00, 0x00, 0x00, 0x00, 0x00, 0x00, 0x70, 0x6F, 0x10, 0x00,
    0x00, 0x00, 0x00, 0x01, 0x00, 0x00, 0xC0, 0x0A, 0xF1, 0xFF, 0xEE, 0xEE, 0xFF, 0x0F, 0x00, 0x00,
    0xF4, 0x02, 0xF0, 0x17, 0x11, 0x11, 0x71, 0x0F, 0x00, 0x00, 0xAB, 0x00, 0xF0, 0x06, 0x00, 0x00,
    0x60, 0x0F, 0x00, 0x50, 0x7F, 0x00, 0xF0, 0x06, 0x00, 0x00, 0x60, 0x0E, 0x00, 0xD1, 0x7F, 0x00,
    0xF0, 0x06, 0x00, 0x00, 0x60, 0x0E, 0x00, 0xE8, 0x7E, 0x00, 0xF1, 0x38, 0x33, 0x33, 0x73, 0x0F,
    0x60, 0x7F, 0x7E, 0x00, 0xF1, 0xEF, 0xEE, 0xEE, 0xEE, 0x0F, 0xF3, 0x0C, 0x7E, 0x00, 0x00, 0x00,
    0x00, 0x00, 0x00, 0x00, 0xA2, 0x02, 0x7E, 0x00, 0x01, 0x00, 0x00, 0x00, 0x00, 0x10, 0x00, 0x00,
    0x7E, 0x00, 0xFF, 0xFF, 0xFF, 0xFF, 0xFF, 0xEF, 0x00, 0x00, 0x7E, 0x00, 0x8E, 0x33, 0x33, 0x33,
    0x33, 0xD8, 0x00, 0x00, 0x7E, 0x00, 0x6E, 0x00, 0x00, 0x00, 0x00, 0xD6, 0x00, 0x00, 0x7E, 0x00,
    0x6E, 0x00, 0x00, 0x00, 0x00, 0xD6, 0x00, 0x00, 0x7E, 0x00, 0x6E, 0x00, 0x00, 0x00, 0x00, 0xD6,
    0x00, 0x00, 0x7F, 0x00, 0x6E, 0x00, 0x00, 0x00, 0x00, 0xD6, 0x00, 0x00, 0x7F, 0x00, 0xEE, 0xEE,
    0xEE, 0xEE, 0xEE, 0xDE, 0x00, 0x10, 0x7F, 0x00, 0x8F, 0x33, 0x33, 0x33, 0x33, 0xE8, 0x00, 0x20,
    0x7F, 0x00, 0x6F, 0x00, 0x00, 0x00, 0x00, 0xC5,
    // Unicode: [0x4FA4]
    0x00, 0x00, 0x30, 0x03, 0x00, 0x30, 0x48, 0x00, 0x00, 0x00, 0x00, 0x00, 0x00, 0xA0, 0x4F, 0x00,
    0x40, 0x2F, 0x00, 0x00, 0x58, 0x00, 0x00, 0x00, 0xE1, 0x08, 0x00, 0x30, 0x1F, 0x00, 0x20, 0xAF,
    0x01, 0x00, 0x00, 0xE7, 0x31, 0xFF, 0xEE, 0xDF, 0xFE, 0xA9, 0x0C, 0x00, 0x00, 0x10, 0x8E, 0x10,
    0x34, 0x52, 0x3F, 0x33, 0xF7, 0x03, 0x00, 0x00, 0x80, 0x2F, 0x00, 0x00, 0x30, 0x1F, 0x20, 0x7E,
    0x00, 0x00, 0x00, 0xF3, 0x2F, 0x21, 0x11, 0x31, 0x2F, 0xC1, 0x1A, 0x21, 0x02, 0x10, 0xEC, 0x2F,
    0xF7, 0xFF, 0xFF, 0xFF, 0xFF, 0xFF, 0xFF, 0x0C, 0xA0, 0x5E, 0x2F, 0x11, 0x01, 0x00, 0xB1, 0x1A,
    0x00, 0x10, 0x01, 0xE2, 0x26, 0x2F, 0x00, 0x00, 0x20, 0x8D, 0x00, 0x00, 0x00, 0x00, 0x20, 0x20,
    0x2F, 0x00, 0x00, 0xE5, 0xBE, 0xBB, 0xCB, 0xAC, 0x00, 0x00, 0x20, 0x2F, 0x00, 0xA2, 0x6D, 0x6F,
    0x44, 0x54, 0x55, 0x00, 0x00, 0x20, 0x2F, 0x92, 0xAF, 0x71, 0x0C, 0x00, 0x00, 0x00, 0x00, 0x00,
    0x20, 0x5F, 0xDE, 0x05, 0xE2, 0x16, 0x11, 0x21, 0x13, 0x00, 0x00, 0x20, 0x2F, 0x13, 0x00, 0xFA,
    0xFF, 0xFF, 0xFF, 0x0F, 0x00, 0x00, 0x20, 0x2F, 0x00, 0x00, 0x22, 0x00, 0x00, 0x70, 0x0C, 0x00,
    0x00, 0x30, 0x2F, 0x00, 0x00, 0x00, 0x00, 0x00, 0x90, 0x0A, 0x00, 0x00, 0x40, 0x2F, 0x00, 0x00,
    0x00, 0x00, 0x00, 0xC0, 0x08, 0x00, 0x00, 0x40, 0x2F, 0x00, 0x00, 0x00, 0x93, 0x77, 0xFA, 0x03,
    0x00, 0x00, 0x50, 0x2F, 0x00, 0x00, 0x00, 0xF0, 0xDE, 0x4A, 0x00, 0x00,
    // Unicode: [0x4FA5]
    0x00, 0x00, 0x50, 0x28, 0x00, 0x41, 0x03, 0x00, 0x00, 0x00, 0x00, 0x00, 0x00, 0xA0, 0x3E, 0x00,
    0xF0, 0x08, 0x00, 0x00, 0x00, 0x00, 0x00, 0x00, 0xE1, 0x07, 0x00, 0xC0, 0x07, 0x20, 0x74, 0xDA,
    0x01, 0x00, 0x00, 0xD7, 0x00, 0x42, 0xC6, 0xCD, 0xEE, 0xAB, 0x68, 0x01, 0x00, 0x10, 0x7E, 0xF2,
    0xDF, 0x9A, 0x4F, 0x01, 0x70, 0x2C, 0x00, 0x00, 0x90, 0x5F, 0x50, 0x02, 0x00, 0x8D, 0x10, 0xFA,
    0x18, 0x00, 0x00, 0xF4, 0x5F, 0x00, 0x00, 0x00, 0xE5, 0xE7, 0x3C, 0x00, 0x00, 0x20, 0xBE, 0x5F,
    0x00, 0x00, 0x00, 0xF5, 0x8F, 0x00, 0x00, 0x00, 0xC1, 0x2E, 0x5F, 0x00, 0x20, 0xD7, 0x8E, 0xCD,
    0x02, 0x50, 0x03, 0x00, 0x02, 0x5F, 0xA1, 0xFD, 0x6D, 0x01, 0xC2, 0x7E, 0xD5, 0x0C, 0x00, 0x00,
    0x5F, 0x70, 0x39, 0x00, 0x00, 0x00, 0xD6, 0xEF, 0x03, 0x00, 0x00, 0x5F, 0x12, 0x01, 0x00, 0x00,
    0x00, 0x00, 0x22, 0x02, 0x00, 0x00, 0x5F, 0xFD, 0xFF, 0xFF, 0xFF, 0xFF, 0xFF, 0xFF, 0x0E, 0x00,
    0x00, 0x5F, 0x22, 0x11, 0xF4, 0x12, 0xE6, 0x11, 0x21, 0x02, 0x00, 0x00, 0x5F, 0x00, 0x00, 0xD5,
    0x00, 0xE5, 0x00, 0x00, 0x00, 0x00, 0x00, 0x5F, 0x00, 0x00, 0xA9, 0x00, 0xE5, 0x00, 0x00, 0x00,
    0x00, 0x10, 0x5F, 0x00, 0x20, 0x4E, 0x00, 0xE5, 0x00, 0x00, 0x00, 0x00, 0x20, 0x5F, 0x00, 0xC1,
    0x0B, 0x00, 0xE5, 0x00, 0xB0, 0x04, 0x00, 0x20, 0x5F, 0x40, 0xEC, 0x01, 0x00, 0xF5, 0x35, 0xF6,
    0x06, 0x00, 0x30, 0x5F, 0xD3, 0x2D, 0x00, 0x00, 0xD2, 0xFF, 0x9E, 0x00, 0x00, 0x00, 0x00, 0x20,
    0x01, 0x00, 0x00, 0x00, 0x00, 0x00, 0x00,
    // Unicode: [0x4FA6]
    0x00, 0x00, 0x50, 0x00, 0x00, 0x40, 0x27, 0x00, 0x00, 0x00, 0x00, 0x00, 0x00, 0xF3, 0x0C, 0x00,
    0x70, 0x1F, 0x00, 0x00, 0x00, 0x00, 0x00, 0x00, 0xE8, 0x02, 0x00, 0x60, 0x1E, 0x11, 0x22, 0x43,
    0x00, 0x00, 0x10, 0x6E, 0x00, 0x00, 0x60, 0xEF, 0xEE, 0xFF, 0xFF, 0x01, 0x00, 0x90, 0x0E, 0x00,
    0x00, 0x60, 0x0E, 0x00, 0x00, 0x11, 0x00, 0x00, 0xF3, 0x0D, 0x00, 0x01, 0x60, 0x0E, 0x00, 0x00,
    0x01, 0x00, 0x10, 0xED, 0x0D, 0x30, 0xFF, 0xFF, 0xFF, 0xFF, 0xFF, 0x08, 0x00, 0xA0, 0x7E, 0x0D,
    0x30, 0x4F, 0x11, 0x11, 0x11, 0xF1, 0x06, 0x00, 0xF7, 0x65, 0x0D, 0x30, 0x3F, 0x00, 0x12, 0x00,
    0xF0, 0x06, 0x00, 0x20, 0x60, 0x0D, 0x30, 0x3F, 0x00, 0xCA, 0x00, 0xF0, 0x06, 0x00, 0x00, 0x60,
    0x0D, 0x30, 0x3F, 0x00, 0x7A, 0x00, 0xF0, 0x06, 0x00, 0x00, 0x60, 0x0D, 0x30, 0x3F, 0x00, 0x6B,
    0x00, 0xF0, 0x06, 0x00, 0x00, 0x60, 0x0D, 0x30, 0x3F, 0x00, 0x5C, 0x00, 0xF0, 0x06, 0x00, 0x00,
    0x60, 0x0D, 0x40, 0x3F, 0x00, 0x3E, 0x00, 0xF0, 0x07, 0x00, 0x00, 0x60, 0x0D, 0x50, 0x3F, 0x30,
    0x0F, 0x00, 0xF0, 0x09, 0x00, 0x00, 0x60, 0x0D, 0x00, 0x01, 0xB0, 0x1A, 0x7D, 0x10, 0x00, 0x00,
    0x00, 0x70, 0x0D, 0x00, 0x00, 0xE7, 0x02, 0xE5, 0x2C, 0x00, 0x00, 0x00, 0x80, 0x0D, 0x00, 0x80,
    0x5F, 0x00, 0x10, 0xEB, 0x06, 0x00, 0x00, 0x80, 0x0D, 0x61, 0xED, 0x05, 0x00, 0x00, 0x80, 0x9F,
    0x00, 0x00, 0x90, 0x1D, 0xFA, 0x2C, 0x00, 0x00, 0x00, 0x00, 0xC7, 0x00, 0x00, 0x00, 0x00, 0x40,
    0x00, 0x00, 0x00, 0x00, 0x00, 0x00, 0x00,
    // Unicode: [0x4FA7]
    0x00, 0x00, 0xA5, 0x03, 0x00, 0x00, 0x00, 0x00, 0x00, 0xA4, 0x03, 0x00, 0x00, 0xD8, 0x41, 0x23,
    0x22, 0x43, 0x02, 0x00, 0xF4, 0x01, 0x00, 0x00, 0x6D, 0xF0, 0xCD, 0xCC, 0xFD, 0x05, 0x00, 0xF3,
    0x01, 0x00, 0x40, 0x1F, 0xE0, 0x06, 0x00, 0xF1, 0x44, 0x5F, 0xF3, 0x01, 0x00, 0xB0, 0x0E, 0xE0,
    0x06, 0x00, 0xF1, 0x24, 0x3F, 0xF3, 0x01, 0x00, 0xF4, 0x0E, 0xE0, 0x16, 0x48, 0xF1, 0x24, 0x3F,
    0xF3, 0x01, 0x10, 0xDD, 0x0E, 0xE0, 0x16, 0x5F, 0xF1, 0x24, 0x3F, 0xF3, 0x01, 0xB0, 0x6E, 0x0E,
    0xE0, 0x06, 0x5F, 0xF1, 0x24, 0x3F, 0xF3, 0x01, 0x61, 0x55, 0x0E, 0xE0, 0x06, 0x5F, 0xF1, 0x24,
    0x3F, 0xF3, 0x01, 0x00, 0x50, 0x0E, 0xE0, 0x06, 0x4F, 0xF1, 0x24, 0x3F, 0xF3, 0x01, 0x00, 0x50,
    0x0E, 0xE0, 0x06, 0x4F, 0xF1, 0x24, 0x3F, 0xF3, 0x01, 0x00, 0x50, 0x0E, 0xE0, 0x16, 0x3F, 0xF1,
    0x24, 0x3F, 0xF3, 0x01, 0x00, 0x50, 0x0E, 0xF0, 0x26, 0x1F, 0xF1, 0x25, 0x3F, 0xF3, 0x01, 0x00,
    0x50, 0x0E, 0xF1, 0x46, 0x0E, 0xE1, 0x36, 0x4F, 0xF3, 0x01, 0x00, 0x50, 0x0E, 0x10, 0x90, 0x7A,
    0x05, 0x40, 0x5F, 0xF3, 0x01, 0x00, 0x60, 0x0E, 0x00, 0xE1, 0x55, 0x5F, 0x10, 0x25, 0xF3, 0x01,
    0x00, 0x60, 0x0E, 0x00, 0xCA, 0x00, 0xF5, 0x05, 0x00, 0xF3, 0x01, 0x00, 0x70, 0x0E, 0x90, 0x3E,
    0x00, 0x70, 0x1E, 0x00, 0xF3, 0x01, 0x00, 0x80, 0x1E, 0xFB, 0x05, 0x00, 0x00, 0x12, 0x89, 0xFC,
    0x00, 0x00, 0x90, 0x2E, 0x6B, 0x00, 0x00, 0x00, 0x00, 0xEA, 0x7D, 0x00,
    // Unicode: [0x4FA8]
    0x00, 0x00, 0x63, 0x02, 0x00, 0x00, 0x00, 0x00, 0x00, 0x00, 0x00, 0x00, 0x00, 0xF6, 0x08, 0x00,
    0x00, 0x00, 0x10, 0xA4, 0x04, 0x00, 0x00, 0x00, 0xD9, 0x00, 0x74, 0x87, 0xB9, 0xFD, 0xCF, 0x0B,
    0x00, 0x00, 0x00, 0x8D, 0x00, 0xD3, 0xBC, 0xFA, 0x35, 0x00, 0x00, 0x00, 0x00, 0x50, 0x3F, 0x00,
    0x00, 0x00, 0xE4, 0x00, 0x00, 0x00, 0x00, 0x00, 0xB0, 0x2F, 0x10, 0x00, 0x00, 0xA8, 0x00, 0x00,
    0x00, 0x00, 0x00, 0xF4, 0x2F, 0xE0, 0xEF, 0xEE, 0xEF, 0xEE, 0xEE, 0xFE, 0x0A, 0x00, 0xEC, 0x2F,
    0x30, 0x23, 0x92, 0x2C, 0xB8, 0x22, 0x32, 0x02, 0x70, 0x6F, 0x2F, 0x00, 0x00, 0xE6, 0x03, 0xB0,
    0x09, 0x00, 0x00, 0xF2, 0x39, 0x2F, 0x00, 0xA2, 0x3E, 0x00, 0x10, 0xBC, 0x03, 0x00, 0x60, 0x31,
    0x2F, 0x82, 0xBE, 0x15, 0x00, 0x10, 0xA1, 0xBF, 0x15, 0x00, 0x30, 0x2F, 0xD9, 0x06, 0xAD, 0x00,
    0x70, 0x2F, 0xC4, 0x0C, 0x00, 0x30, 0x2F, 0x10, 0x00, 0x7D, 0x00, 0x60, 0x0E, 0x00, 0x01, 0x00,
    0x30, 0x2F, 0x00, 0x00, 0x5E, 0x00, 0x50, 0x0E, 0x00, 0x00, 0x00, 0x30, 0x2F, 0x00, 0x00, 0x4F,
    0x00, 0x50, 0x0E, 0x00, 0x00, 0x00, 0x30, 0x2F, 0x00, 0x20, 0x2F, 0x00, 0x50, 0x0E, 0x00, 0x00,
    0x00, 0x40, 0x2F, 0x00, 0x60, 0x0D, 0x00, 0x50, 0x0E, 0x00, 0x00, 0x00, 0x50, 0x2F, 0x00, 0xD1,
    0x08, 0x00, 0x60, 0x0E, 0x00, 0x00, 0x00, 0x60, 0x2F, 0x20, 0xDC, 0x01, 0x00, 0x70, 0x0F, 0x00,
    0x00, 0x00, 0x60, 0x2F, 0x70, 0x2C, 0x00, 0x00, 0x60, 0x1C, 0x00, 0x00,
    // Unicode: [0x4FA9]
    0x00, 0x00, 0x00, 0x02, 0x00, 0x00, 0x40, 0x00, 0x00, 0x00, 0x00, 0x00, 0x00, 0x10, 0xAE, 0x00,
    0x00, 0xF2, 0x0B, 0x00, 0x00, 0x00, 0x00, 0x00, 0x60, 0x4F, 0x00, 0x00, 0xF7, 0x05, 0x00, 0x00,
    0x00, 0x00, 0x00, 0xC0, 0x0A, 0x00, 0x10, 0xBE, 0x2E, 0x00, 0x00, 0x00, 0x00, 0x00, 0xF6, 0x02,
    0x00, 0xA0, 0x0D, 0xC9, 0x01, 0x00, 0x00, 0x00, 0x10, 0x8E, 0x00, 0x00, 0xF5, 0x03, 0xB0, 0x1C,
    0x00, 0x00, 0x00, 0xA0, 0x6F, 0x00, 0x50, 0x5F, 0x00, 0x10, 0xCC, 0x02, 0x00, 0x00, 0xF6, 0x6F,
    0x00, 0xF6, 0x06, 0x00, 0x00, 0xB1, 0x6E, 0x00, 0x40, 0x9F, 0x6E, 0xB2, 0x8F, 0x67, 0x55, 0x65,
    0x76, 0xF8, 0x0A, 0xE2, 0x0C, 0x6E, 0xD3, 0x44, 0xDE, 0xCC, 0xCC, 0xCD, 0x40, 0x02, 0x40, 0x01,
    0x6E, 0x00, 0x00, 0x00, 0x00, 0x00, 0x00, 0x00, 0x00, 0x00, 0x00, 0x6E, 0x00, 0x00, 0x00, 0x00,
    0x00, 0x00, 0x00, 0x00, 0x00, 0x00, 0x6E, 0x90, 0xEF, 0xDE, 0xDD, 0xDD, 0xED, 0xFE, 0x01, 0x00,
    0x00, 0x6E, 0x40, 0x56, 0x94, 0x5F, 0x44, 0x55, 0x76, 0x01, 0x00, 0x00, 0x6E, 0x00, 0x00, 0xD0,
    0x08, 0x00, 0x00, 0x00, 0x00, 0x00, 0x00, 0x6E, 0x00, 0x00, 0xE7, 0x01, 0x50, 0x07, 0x00, 0x00,
    0x00, 0x00, 0x6F, 0x00, 0x20, 0x6E, 0x00, 0x50, 0x5F, 0x00, 0x00, 0x00, 0x00, 0x6F, 0x00, 0xD2,
    0x0C, 0x00, 0x10, 0xF8, 0x03, 0x00, 0x00, 0x10, 0x6F, 0x00, 0xFC, 0xDE, 0xEE, 0xFF, 0xEE, 0x1D,
    0x00, 0x00, 0x20, 0x6F, 0x00, 0x64, 0x45, 0x23, 0x01, 0x10, 0x5D, 0x00,
    // Unicode: [0x4FAA]
    0x00, 0x00, 0x3A, 0x00, 0x00, 0x92, 0x02, 0x00, 0x00, 0x00, 0x00, 0x40, 0x9F, 0x00, 0x00, 0xD1,
    0x0A, 0x00, 0x00, 0x00, 0x00, 0x80, 0x0C, 0x11, 0x00, 0x30, 0x3F, 0x00, 0x00, 0x11, 0x00, 0xE0,
    0x06, 0xFE, 0xFF, 0xEE, 0xEF, 0xEE, 0xFF, 0x8F, 0x00, 0xF6, 0x02, 0x34, 0x22, 0x11, 0x11, 0x41,
    0x4F, 0x24, 0x00, 0xFD, 0x02, 0x00, 0xC4, 0x01, 0x00, 0xD1, 0x08, 0x00, 0x70, 0xFF, 0x02, 0x00,
    0x90, 0x2D, 0x10, 0xBB, 0x00, 0x00, 0xF3, 0xF8, 0x02, 0x00, 0x00, 0xE7, 0xC6, 0x1B, 0x00, 0x00,
    0xBD, 0xF3, 0x02, 0x00, 0x00, 0x90, 0xEF, 0x03, 0x00, 0x00, 0x24, 0xF3, 0x02, 0x00, 0x40, 0xEB,
    0x86, 0xBE, 0x15, 0x00, 0x00, 0xF3, 0x22, 0x95, 0xED, 0x18, 0x00, 0x92, 0xEF, 0x7B, 0x00, 0xF3,
    0x52, 0xBF, 0x46, 0x01, 0x00, 0x40, 0x63, 0x9B, 0x00, 0xF3, 0x02, 0x01, 0xF0, 0x09, 0x00, 0xD0,
    0x0A, 0x00, 0x00, 0xF3, 0x02, 0x00, 0xE0, 0x04, 0x00, 0xC0, 0x08, 0x00, 0x00, 0xF3, 0x02, 0x00,
    0xF0, 0x03, 0x00, 0xC0, 0x08, 0x00, 0x00, 0xF3, 0x02, 0x00, 0xF2, 0x02, 0x00, 0xC0, 0x08, 0x00,
    0x00, 0xF4, 0x02, 0x00, 0xE6, 0x00, 0x00, 0xC0, 0x08, 0x00, 0x00, 0xF5, 0x02, 0x10, 0x7D, 0x00,
    0x00, 0xC0, 0x08, 0x00, 0x00, 0xF6, 0x02, 0xD5, 0x0B, 0x00, 0x00, 0xD0, 0x09, 0x00, 0x00, 0xF6,
    0x12, 0x99, 0x00, 0x00, 0x00, 0xE0, 0x0A, 0x00,
    // Unicode: [0x4FAB]
    0x00, 0x00, 0x52, 0x01, 0x00, 0x00, 0x82, 0x00, 0x00, 0x00, 0x00, 0x00, 0x00, 0xF7, 0x07, 0x00,
    0x00, 0xF3, 0x06, 0x00, 0x00, 0x00, 0x00, 0x00, 0xBB, 0x20, 0x11, 0x00, 0x70, 0x0D, 0x00, 0x10,
    0x02, 0x00, 0x20, 0x4F, 0xF1, 0xFF, 0xFF, 0xEE, 0xEF, 0xFF, 0xFF, 0x1F, 0x00, 0x90, 0x1F, 0x20,
    0xC1, 0x07, 0x00, 0x00, 0x00, 0x10, 0x02, 0x00, 0xE1, 0x1F, 0x00, 0xC0, 0x07, 0x00, 0x00, 0x00,
    0x00, 0x00, 0x00, 0xF9, 0x1F, 0x00, 0xC0, 0x07, 0x00, 0x00, 0x00, 0x11, 0x00, 0x40, 0xAF, 0x1F,
    0x00, 0xD0, 0xEF, 0xEE, 0xEE, 0xFE, 0x8F, 0x00, 0xD1, 0x4D, 0x1F, 0x00, 0x10, 0x11, 0xCB, 0x12,
    0x11, 0x01, 0x00, 0xB1, 0x45, 0x1F, 0x00, 0x00, 0x20, 0x7F, 0x00, 0x00, 0x00, 0x00, 0x00, 0x40,
    0x1F, 0x00, 0x00, 0x90, 0x0B, 0x00, 0x00, 0x00, 0x00, 0x00, 0x40, 0x1F, 0xF4, 0xEF, 0xFE, 0xEF,
    0xEE, 0xEE, 0xFE, 0x0E, 0x00, 0x40, 0x1F, 0x21, 0x12, 0x9C, 0x11, 0x11, 0xE2, 0x24, 0x02, 0x00,
    0x40, 0x1F, 0x00, 0x70, 0x1E, 0x00, 0x00, 0xA8, 0x00, 0x00, 0x00, 0x40, 0x1F, 0x00, 0x90, 0xBF,
    0x05, 0x50, 0x1E, 0x00, 0x00, 0x00, 0x40, 0x1F, 0x00, 0x00, 0x81, 0xDE, 0xE8, 0x04, 0x00, 0x00,
    0x00, 0x40, 0x1F, 0x00, 0x00, 0x00, 0xD2, 0xEF, 0x06, 0x00, 0x00, 0x00, 0x50, 0x1F, 0x00, 0x00,
    0x93, 0xCE, 0x73, 0xDE, 0x05, 0x00, 0x00, 0x60, 0x1F, 0x72, 0xEA, 0xBF, 0x05, 0x00, 0xA2, 0xCF,
    0x02, 0x00, 0x70, 0x1F, 0xE1, 0x7B, 0x02, 0x00, 0x00, 0x00, 0x94, 0x00,
    // Unicode: [0x4FAC]
    0x00, 0x00, 0x30, 0x00, 0x00, 0x00, 0x20, 0x03, 0x00, 0x00, 0x00, 0x00, 0x00, 0xD0, 0x1D, 0x00,
    0x00, 0x50, 0x6F, 0x00, 0x00, 0x00, 0x00, 0x00, 0xF3, 0x05, 0x00, 0x00, 0x70, 0x0E, 0x00, 0x00,
    0x00, 0x00, 0x00, 0xC8, 0x00, 0x34, 0x33, 0xB2, 0x2B, 0x32, 0x43, 0x01, 0x00, 0x10, 0x6E, 0x20,
    0xEF, 0xEE, 0xFE, 0xEE, 0xEE, 0xFE, 0x05, 0x00, 0x60, 0x5F, 0x20, 0x3F, 0x00, 0xE5, 0x01, 0x00,
    0xF0, 0x05, 0x00, 0xE1, 0x5F, 0x20, 0x3F, 0x00, 0x9B, 0x00, 0x00, 0xF0, 0x05, 0x00, 0xE9, 0x5F,
    0x20, 0x3F, 0x30, 0x3F, 0x03, 0x00, 0xF0, 0x05, 0x50, 0x5F, 0x5F, 0x10, 0x28, 0xB0, 0x09, 0x3F,
    0x00, 0x10, 0x00, 0xE1, 0x0A, 0x5F, 0x00, 0x00, 0xF5, 0x01, 0x6C, 0x00, 0x30, 0x00, 0x20, 0x01,
    0x5F, 0x00, 0x20, 0xEE, 0x00, 0x98, 0x00, 0xF7, 0x04, 0x00, 0x00, 0x5F, 0x00, 0xD1, 0xED, 0x00,
    0xD4, 0x50, 0x5E, 0x00, 0x00, 0x00, 0x5F, 0x20, 0xCC, 0xE5, 0x00, 0xE0, 0xC8, 0x02, 0x00, 0x00,
    0x00, 0x5F, 0xE4, 0x1C, 0xE5, 0x00, 0x80, 0x1E, 0x00, 0x00, 0x00, 0x00, 0x5F, 0xC7, 0x01, 0xE5,
    0x00, 0x20, 0x5F, 0x00, 0x00, 0x00, 0x00, 0x5F, 0x00, 0x00, 0xE5, 0x00, 0x02, 0xE7, 0x02, 0x00,
    0x00, 0x10, 0x5F, 0x00, 0x00, 0xE5, 0x70, 0x2E, 0xB0, 0x2D, 0x00, 0x00, 0x10, 0x5F, 0x00, 0x00,
    0xE6, 0xEC, 0x05, 0x10, 0xEC, 0x06, 0x00, 0x20, 0x5F, 0x00, 0x10, 0xFD, 0x1A, 0x00, 0x00, 0xA1,
    0x0A, 0x00, 0x30, 0x5F, 0x00, 0x00, 0x59, 0x00, 0x00, 0x00, 0x00, 0x00,
    // Unicode: [0x4FAD]
    0x00, 0x00, 0x50, 0x02, 0x00, 0x00, 0x00, 0x00, 0x00, 0x00, 0x00, 0x00, 0x00, 0xD0, 0x2E, 0x20,
    0x01, 0x00, 0x00, 0x10, 0x02, 0x00, 0x00, 0x00, 0xF3, 0x06, 0xF1, 0xFF, 0xFF, 0xFF, 0xFF, 0x1F,
    0x00, 0x00, 0x00, 0xD9, 0x00, 0xF0, 0x17, 0x11, 0x11, 0x61, 0x0F, 0x00, 0x00, 0x10, 0x6F, 0x00,
    0xE0, 0x06, 0x00, 0x00, 0x50, 0x0F, 0x00, 0x00, 0x80, 0x2F, 0x00, 0xE0, 0x06, 0x00, 0x00, 0x50,
    0x0F, 0x00, 0x00, 0xE2, 0x2F, 0x00, 0xF0, 0x17, 0x11, 0x11, 0x61, 0x1F, 0x00, 0x00, 0xFA, 0x2F,
    0x00, 0xF1, 0xEF, 0xEE, 0xEF, 0xFF, 0x1F, 0x00, 0x50, 0x8F, 0x2F, 0x00, 0xF3, 0x03, 0x00, 0x6C,
    0x00, 0x01, 0x00, 0xE2, 0x3B, 0x2F, 0x00, 0xE7, 0x00, 0x00, 0xE3, 0x01, 0x00, 0x00, 0x60, 0x32,
    0x2F, 0x00, 0xAC, 0x00, 0x00, 0x90, 0x1C, 0x00, 0x00, 0x00, 0x30, 0x2F, 0x40, 0x4F, 0xA0, 0x06,
    0x00, 0xCB, 0x02, 0x00, 0x00, 0x30, 0x2F, 0xD1, 0x0B, 0x60, 0xDD, 0x05, 0xB1, 0x6E, 0x00, 0x00,
    0x30, 0x3F, 0xEC, 0x02, 0x00, 0x70, 0xBF, 0x02, 0xF9, 0x0B, 0x00, 0x30, 0x2F, 0x44, 0x00, 0x00,
    0x00, 0xA3, 0x01, 0x40, 0x02, 0x00, 0x30, 0x2F, 0x00, 0x20, 0x3A, 0x00, 0x00, 0x00, 0x00, 0x00,
    0x00, 0x40, 0x2F, 0x00, 0x20, 0xFA, 0x4B, 0x00, 0x00, 0x00, 0x00, 0x00, 0x40, 0x2F, 0x00, 0x00,
    0x20, 0xF9, 0x2B, 0x00, 0x00, 0x00, 0x00, 0x50, 0x2F, 0x00, 0x00, 0x00, 0x30, 0xFB, 0x18, 0x00,
    0x00, 0x00, 0x60, 0x2F, 0x00, 0x00, 0x00, 0x00, 0x60, 0x2D, 0x00, 0x00,
    // Unicode: [0x4FAE]
    0x00, 0x00, 0xA0, 0x18, 0x00, 0x99, 0x01, 0x00, 0x00, 0x00, 0x00, 0x00, 0x00, 0xF1, 0x09, 0x10,
    0x8F, 0x00, 0x00, 0x00, 0x00, 0x00, 0x00, 0x00, 0xF6, 0x02, 0x70, 0x2E, 0x22, 0x22, 0x22, 0x32,
    0x02, 0x00, 0x00, 0x9B, 0x00, 0xE1, 0xEE, 0xEE, 0xEE, 0xFE, 0xFF, 0x08, 0x00, 0x30, 0x3F, 0x00,
    0xD9, 0x00, 0x00, 0x00, 0x00, 0x00, 0x01, 0x00, 0xA0, 0x0F, 0x50, 0x4F, 0x00, 0x00, 0x00, 0x00,
    0x00, 0x00, 0x00, 0xF3, 0x0F, 0xF3, 0xA8, 0xFF, 0xEE, 0xEE, 0xFF, 0x0F, 0x00, 0x00, 0xDC, 0x0F,
    0x60, 0xB0, 0x18, 0x21, 0x11, 0x41, 0x0E, 0x00, 0x90, 0x5E, 0x0F, 0x00, 0xC0, 0x06, 0xC6, 0x01,
    0x40, 0x0E, 0x00, 0xC2, 0x47, 0x0F, 0x00, 0xD0, 0x05, 0xB0, 0x0C, 0x50, 0x0D, 0x00, 0x00, 0x40,
    0x0F, 0x00, 0xE0, 0x04, 0x10, 0x19, 0x50, 0x0D, 0x00, 0x00, 0x40, 0x0F, 0xEB, 0xFE, 0xEE, 0xEE,
    0xEE, 0xEE, 0xEF, 0x5E, 0x00, 0x40, 0x0F, 0x22, 0xF4, 0x23, 0x42, 0x22, 0x72, 0x2C, 0x13, 0x00,
    0x40, 0x0F, 0x00, 0xF3, 0x00, 0xE6, 0x02, 0x70, 0x0C, 0x00, 0x00, 0x40, 0x0F, 0x00, 0xE4, 0x00,
    0x90, 0x0C, 0x70, 0x0B, 0x00, 0x00, 0x40, 0x0F, 0x00, 0xD5, 0x00, 0x00, 0x04, 0x80, 0x0B, 0x00,
    0x00, 0x40, 0x0F, 0x00, 0xF6, 0xEE, 0xEE, 0xEE, 0xEE, 0xEF, 0x0A, 0x00, 0x50, 0x0F, 0x00, 0x42,
    0x33, 0x33, 0x33, 0xB3, 0x3A, 0x02, 0x00, 0x60, 0x0F, 0x00, 0x00, 0x00, 0x00, 0x65, 0xF8, 0x06,
    0x00, 0x00, 0x70, 0x0F, 0x00, 0x00, 0x00, 0x00, 0xE6, 0x7C, 0x00, 0x00,
    // Unicode: [0x4FAF]
    0x00, 0x00, 0x30, 0x01, 0x00, 0x00, 0x00, 0x00, 0x00, 0x00, 0x00, 0x00, 0x00, 0xC0, 0x4F, 0x40,
    0x23, 0x22, 0x22, 0x33, 0x00, 0x00, 0x00, 0x00, 0xF2, 0x08, 0xF0, 0xFF, 0xEE, 0xEE, 0xAF, 0x00,
    0x00, 0x00, 0x00, 0xD8, 0x01, 0x10, 0x00, 0x00, 0x10, 0x3F, 0x00, 0x00, 0x00, 0x10, 0x5E, 0x00,
    0x00, 0x00, 0x00, 0x70, 0x0C, 0x00, 0x00, 0x00, 0x70, 0x1F, 0xE3, 0xDD, 0xCC, 0xCC, 0xEC, 0xDE,
    0xED, 0x0B, 0x00, 0xE1, 0x1F, 0x51, 0x44, 0x67, 0x33, 0x33, 0x44, 0x54, 0x05, 0x00, 0xFA, 0x1F,
    0x00, 0x00, 0xCC, 0x01, 0x00, 0x00, 0x00, 0x00, 0x60, 0x8F, 0x1F, 0x00, 0x50, 0x4F, 0x22, 0x22,
    0x22, 0x03, 0x00, 0xE2, 0x4A, 0x1F, 0x00, 0xD1, 0xEF, 0xFE, 0xEF, 0xFF, 0x1F, 0x00, 0x30, 0x41,
    0x1F, 0x00, 0xDA, 0x01, 0xA0, 0x08, 0x00, 0x00, 0x00, 0x00, 0x40, 0x1F, 0x30, 0x4E, 0x00, 0xB0,
    0x07, 0x00, 0x00, 0x00, 0x00, 0x40, 0x1F, 0x40, 0x34, 0x22, 0xD2, 0x27, 0x32, 0x43, 0x04, 0x00,
    0x40, 0x1F, 0xF1, 0xFF, 0xFF, 0xFF, 0xFF, 0xFF, 0xFF, 0x0E, 0x00, 0x40, 0x1F, 0x20, 0x01, 0x00,
    0xF5, 0x1C, 0x00, 0x10, 0x02, 0x00, 0x50, 0x1F, 0x00, 0x00, 0x00, 0x7D, 0xBB, 0x01, 0x00, 0x00,
    0x00, 0x50, 0x1F, 0x00, 0x00, 0xA1, 0x1D, 0xC1, 0x2C, 0x00, 0x00, 0x00, 0x60, 0x1F, 0x00, 0x40,
    0xED, 0x02, 0x10, 0xFB, 0x18, 0x00, 0x00, 0x70, 0x1F, 0x61, 0xFC, 0x2B, 0x00, 0x00, 0x70, 0xFF,
    0x09, 0x00, 0x80, 0x1F, 0xD2, 0x4C, 0x00, 0x00, 0x00, 0x00, 0x92, 0x05, 0x00, 0x00, 0x00, 0x10,
    0x00, 0x00, 0x00, 0x00, 0x00, 0x00, 0x00,
    // Unicode: [0x4FB0]
    0x00, 0x00, 0x70, 0x16, 0x00, 0x00, 0x00, 0x00, 0x00, 0x00, 0x00, 0x00, 0x00, 0xD0, 0x1D, 0x01,
    0x00, 0x00, 0x00, 0x00, 0x00, 0x00, 0x00, 0x00, 0xF3, 0x03, 0xFA, 0xDE, 0xDD, 0xDD, 0xEE, 0x1F,
    0x00, 0x00, 0x00, 0xB9, 0x00, 0x43, 0x43, 0x4F, 0x33, 0x63, 0x0F, 0x00, 0x00, 0x10, 0x6E, 0x00,
    0x00, 0x30, 0x0F, 0x00, 0x50, 0x0F, 0x00, 0x00, 0x80, 0x6F, 0x10, 0x00, 0x40, 0x0E, 0x00, 0x50,
    0x0F, 0x00, 0x00, 0xF2, 0x6F, 0xE0, 0xEF, 0xEE, 0xEF, 0xEE, 0xEE, 0xEF, 0x1F, 0x00, 0xDB, 0x6F,
    0x40, 0x33, 0xA2, 0x2A, 0x22, 0x62, 0x3F, 0x04, 0x70, 0x5F, 0x6E, 0x00, 0x00, 0xC0, 0x06, 0x00,
    0x50, 0x0F, 0x00, 0xD1, 0x0B, 0x6E, 0x00, 0x45, 0xF5, 0x46, 0x44, 0x74, 0x0F, 0x00, 0x00, 0x01,
    0x6E, 0x00, 0xDC, 0xEE, 0xCC, 0xCC, 0xDC, 0x1E, 0x00, 0x00, 0x00, 0x6E, 0x00, 0x00, 0x6D, 0x00,
    0x00, 0x00, 0x00, 0x00, 0x00, 0x00, 0x6E, 0x00, 0x60, 0x0D, 0x00, 0x00, 0x00, 0x00, 0x00, 0x00,
    0x00, 0x6E, 0x00, 0xE2, 0xEF, 0xEE, 0xEE, 0xFE, 0x4F, 0x00, 0x00, 0x00, 0x6E, 0x10, 0xAC, 0x6E,
    0x11, 0x11, 0x31, 0x3F, 0x00, 0x00, 0x00, 0x6E, 0xA0, 0x1E, 0x5E, 0x00, 0x00, 0x20, 0x3F, 0x00,
    0x00, 0x00, 0x7F, 0xFB, 0x04, 0x5E, 0x00, 0x00, 0x20, 0x3F, 0x00, 0x00, 0x00, 0x6F, 0x77, 0x00,
    0x6E, 0x22, 0x22, 0x42, 0x3F, 0x00, 0x00, 0x10, 0x6F, 0x00, 0x00, 0xFF, 0xEE, 0xEE, 0xEE, 0x4F,
    0x00, 0x00, 0x20, 0x6F, 0x00, 0x10, 0x5F, 0x00, 0x00, 0x20, 0x5F, 0x00,
    // Unicode: [0x4FB1]
    0x00, 0x00, 0x20, 0x02, 0x00, 0x00, 0x00, 0x00, 0x00, 0x00, 0x00, 0x00, 0x00, 0x80, 0x5F, 0x21,
    0x12, 0x11, 0x11, 0x21, 0x13, 0x00, 0x00, 0x00, 0xD0, 0x0A, 0xF6, 0xFF, 0xFF, 0xFF, 0xFF, 0x2F,
    0x00, 0x00, 0x00, 0xF6, 0x02, 0xF5, 0x00, 0x00, 0x00, 0x30, 0x2F, 0x00, 0x00, 0x00, 0x9D, 0x00,
    0xF4, 0x00, 0x00, 0x00, 0x30, 0x1F, 0x00, 0x00, 0x70, 0x5F, 0x00, 0xF4, 0x00, 0x00, 0x00, 0x30,
    0x1F, 0x00, 0x00, 0xE2, 0x5F, 0x00, 0xF5, 0x01, 0x00, 0x00, 0x30, 0x2F, 0x00, 0x00, 0xEB, 0x5F,
    0x00, 0xF6, 0xFF, 0xFF, 0xFF, 0xFF, 0x3F, 0x00, 0x90, 0x5F, 0x5F, 0x00, 0x21, 0x12, 0x11, 0x11,
    0x21, 0x13, 0x00, 0xE2, 0x19, 0x5F, 0x00, 0x00, 0x00, 0x00, 0x00, 0x00, 0x00, 0x00, 0x40, 0x10,
    0x5F, 0x80, 0xEF, 0xDE, 0xDD, 0xDD, 0xED, 0xFE, 0x04, 0x00, 0x10, 0x5F, 0x30, 0x45, 0x34, 0xE3,
    0x38, 0x43, 0x54, 0x02, 0x00, 0x10, 0x5F, 0x00, 0x00, 0x00, 0xE0, 0x07, 0x00, 0x00, 0x00, 0x00,
    0x10, 0x5F, 0x00, 0x00, 0x00, 0xE0, 0x07, 0x00, 0x00, 0x00, 0x00, 0x10, 0x5F, 0x00, 0xEB, 0xDE,
    0xFD, 0xDE, 0xED, 0x4F, 0x00, 0x00, 0x10, 0x5F, 0x00, 0x44, 0x33, 0xE2, 0x38, 0x33, 0x24, 0x00,
    0x00, 0x10, 0x5F, 0x00, 0x00, 0x00, 0xE0, 0x07, 0x00, 0x00, 0x00, 0x00, 0x20, 0x5F, 0x00, 0x00,
    0x00, 0xE0, 0x07, 0x00, 0x00, 0x00, 0x00, 0x30, 0x5F, 0xF7, 0xEE, 0xDD, 0xFD, 0xDE, 0xDD, 0xEE,
    0x0D, 0x00, 0x40, 0x5F, 0x52, 0x44, 0x33, 0x33, 0x33, 0x33, 0x44, 0x04,
    // Unicode: [0x4FB2]
    0x00, 0x00, 0x30, 0x15, 0x00, 0x00, 0x00, 0x00, 0x00, 0x00, 0x00, 0x00, 0x00, 0x90, 0x5F, 0x01,
    0x00, 0x00, 0x00, 0x00, 0x00, 0x00, 0x00, 0x00, 0xE1, 0x09, 0xFE, 0xEF, 0xEE, 0xEE, 0xFE, 0xFF,
    0x05, 0x00, 0x00, 0xF7, 0x02, 0x8E, 0x22, 0x22, 0x22, 0x22, 0x32, 0x01, 0x00, 0x10, 0xAE, 0x00,
    0x7E, 0x00, 0x00, 0x00, 0x00, 0x00, 0x00, 0x00, 0x80, 0x5F, 0x00, 0x8E, 0x50, 0x34, 0x33, 0x43,
    0x05, 0x00, 0x00, 0xF3, 0x5F, 0x00, 0x7D, 0xE0, 0xDD, 0xCC, 0xDD, 0x0E, 0x00, 0x10, 0xEC, 0x5F,
    0x00, 0x7D, 0x00, 0x00, 0x00, 0x00, 0x00, 0x00, 0xA0, 0x5F, 0x5F, 0x00, 0x7D, 0x00, 0x00, 0x00,
    0x00, 0x10, 0x01, 0xD2, 0x17, 0x5F, 0x00, 0xFD, 0xEE, 0xEE, 0xEE, 0xFE, 0xFF, 0x0D, 0x20, 0x10,
    0x5F, 0x00, 0x7E, 0x81, 0x1B, 0xC6, 0x21, 0x32, 0x03, 0x00, 0x10, 0x5F, 0x00, 0x6E, 0x80, 0x0B,
    0xF2, 0x01, 0xA1, 0x02, 0x00, 0x10, 0x5F, 0x00, 0x5F, 0x80, 0x0B, 0xD0, 0x15, 0xEB, 0x06, 0x00,
    0x10, 0x5F, 0x20, 0x3F, 0x80, 0x0B, 0x80, 0xCB, 0x1B, 0x00, 0x00, 0x10, 0x5F, 0x40, 0x1F, 0x80,
    0x0B, 0x20, 0x8F, 0x00, 0x00, 0x00, 0x10, 0x5F, 0x80, 0x0E, 0x80, 0x0B, 0x00, 0xB9, 0x00, 0x00,
    0x00, 0x20, 0x5F, 0xC0, 0x0A, 0x80, 0x0B, 0x60, 0xE1, 0x08, 0x00, 0x00, 0x20, 0x5F, 0xF3, 0x06,
    0x90, 0x6B, 0xED, 0x41, 0x8F, 0x00, 0x00, 0x30, 0x5F, 0xFA, 0x01, 0xE2, 0xDF, 0x17, 0x00, 0xF6,
    0x0B, 0x00, 0x40, 0x5F, 0x73, 0x00, 0xB0, 0x07, 0x00, 0x00, 0x50, 0x06,
    // Unicode: [0x4FB3]
    0x00, 0x00, 0x81, 0x03, 0x00, 0x00, 0x33, 0x01, 0x00, 0x00, 0x00, 0x00, 0x00, 0xF5, 0x08, 0x00,
    0x00, 0xF8, 0x02, 0x00, 0x00, 0x00, 0x00, 0x00, 0xCA, 0x00, 0x30, 0x00, 0xD7, 0x00, 0x00, 0x00,
    0x00, 0x00, 0x20, 0x5F, 0x00, 0xF1, 0x0A, 0xD7, 0x00, 0xAA, 0x00, 0x00, 0x00, 0x80, 0x0E, 0x00,
    0xF3, 0x02, 0xD6, 0x00, 0x8D, 0x00, 0x00, 0x00, 0xE1, 0x0E, 0x00, 0xB7, 0x00, 0xD6, 0x10, 0x2F,
    0x00, 0x00, 0x00, 0xF9, 0x0E, 0x00, 0x6B, 0x00, 0xD6, 0x60, 0x0C, 0x00, 0x00, 0x30, 0xBF, 0x0E,
    0x10, 0xCF, 0x02, 0xD6, 0xA0, 0x9E, 0x01, 0x00, 0xD1, 0x6C, 0x0E, 0x70, 0x9C, 0x3E, 0xD6, 0xF1,
    0x93, 0x2C, 0x00, 0xF6, 0x53, 0x0E, 0xE1, 0x06, 0xDC, 0xD6, 0xC7, 0x00, 0xDB, 0x01, 0x30, 0x50,
    0x0E, 0xE8, 0x01, 0x22, 0xE6, 0x7D, 0x00, 0x62, 0x00, 0x00, 0x50, 0x0E, 0x41, 0x00, 0x00, 0xD6,
    0x10, 0x00, 0x00, 0x00, 0x00, 0x50, 0x0E, 0x20, 0x45, 0x44, 0xE8, 0x44, 0x54, 0x05, 0x00, 0x00,
    0x50, 0x0E, 0x60, 0xEE, 0xDD, 0xFE, 0xDD, 0xEE, 0x0C, 0x00, 0x00, 0x50, 0x0E, 0x00, 0x00, 0x00,
    0xD6, 0x00, 0x00, 0x00, 0x00, 0x00, 0x50, 0x0E, 0x00, 0x00, 0x00, 0xD6, 0x00, 0x00, 0x00, 0x00,
    0x00, 0x60, 0x0E, 0x00, 0x00, 0x00, 0xD6, 0x00, 0x00, 0x00, 0x00, 0x00, 0x60, 0x0E, 0x22, 0x01,
    0x00, 0xD6, 0x00, 0x00, 0x21, 0x01, 0x00, 0x70, 0x0E, 0xF9, 0xFF, 0xFF, 0xFF, 0xFF, 0xFF, 0xFF,
    0x07, 0x00, 0x80, 0x0E, 0x32, 0x22, 0x11, 0x11, 0x11, 0x21, 0x32, 0x02,
    // Unicode: [0x4FB4]
    0x00, 0x00, 0x00, 0x00, 0x00, 0x9A, 0x01, 0x00, 0x00, 0x00, 0x00, 0x00, 0x00, 0x00, 0x00, 0x50,
    0xEF, 0x02, 0x00, 0x00, 0x00, 0x00, 0x00, 0x00, 0x00, 0x00, 0xE4, 0x97, 0x2D, 0x00, 0x00, 0x00,
    0x00, 0x00, 0x00, 0x00, 0x40, 0x7E, 0x00, 0xE8, 0x04, 0x00, 0x00, 0x00, 0x00, 0x00, 0x00, 0xE7,
    0x05, 0x00, 0x60, 0x9E, 0x01, 0x00, 0x00, 0x00, 0x00, 0xD5, 0x3D, 0x00, 0x00, 0x00, 0xD3, 0x6D,
    0x00, 0x00, 0x10, 0xD6, 0x7F, 0xF5, 0xFF, 0xFF, 0xFF, 0x7F, 0xE6, 0x8D, 0x14, 0xE1, 0xAF, 0x02,
    0x21, 0x11, 0x11, 0x11, 0x12, 0x10, 0xE8, 0x0C, 0x40, 0x03, 0x00, 0x00, 0x00, 0x00, 0x00, 0x00,
    0xD1, 0x18, 0x02, 0x00, 0xE2, 0xEE, 0xDD, 0xED, 0xEE, 0x10, 0x01, 0xF0, 0x06, 0x00, 0x00, 0x40,
    0x33, 0x5F, 0x22, 0xD7, 0x40, 0x4F, 0xE0, 0x06, 0x00, 0x00, 0x00, 0x20, 0x1F, 0x00, 0xB7, 0x30,
    0x1F, 0xE0, 0x06, 0x00, 0x00, 0x00, 0x40, 0x0E, 0x00, 0xA8, 0x30, 0x1F, 0xE0, 0x06, 0x00, 0x00,
    0x30, 0x73, 0x3C, 0x33, 0x8A, 0x30, 0x1F, 0xE0, 0x06, 0x00, 0x00, 0xD0, 0xED, 0xDE, 0xDD, 0x7E,
    0x30, 0x1F, 0xE0, 0x06, 0x00, 0x00, 0x00, 0xA0, 0x07, 0x00, 0x6C, 0x30, 0x1F, 0xE0, 0x06, 0x00,
    0x00, 0x00, 0xC0, 0x05, 0x00, 0x5D, 0x40, 0x2F, 0xE0, 0x06, 0x00, 0x00, 0x00, 0xE0, 0x03, 0x10,
    0x6E, 0x13, 0x13, 0xE0, 0x06, 0x00, 0x10, 0xAA, 0xFB, 0xED, 0xFF, 0xDE, 0x0A, 0x76, 0xF9, 0x05,
    0x00, 0x00, 0x9A, 0x68, 0x35, 0x12, 0x00, 0x00, 0xF8, 0x9D, 0x00, 0x00,
    // Unicode: [0x4FB5]
    0x00, 0x00, 0x20, 0x01, 0x00, 0x00, 0x00, 0x00, 0x00, 0x00, 0x00, 0x00, 0x00, 0x90, 0x2E, 0x33,
    0x12, 0x11, 0x11, 0x22, 0x04, 0x00, 0x00, 0x00, 0xE0, 0x08, 0xFB, 0xEF, 0xEE, 0xEE, 0xFE, 0x0E,
    0x00, 0x00, 0x00, 0xF4, 0x01, 0x01, 0x00, 0x00, 0x00, 0x60, 0x0E, 0x00, 0x00, 0x00, 0xAB, 0x00,
    0x40, 0x34, 0x33, 0x33, 0x83, 0x0E, 0x00, 0x00, 0x30, 0x4F, 0x00, 0xC0, 0xCC, 0xCC, 0xCC, 0xDC,
    0x0E, 0x00, 0x00, 0xA0, 0x3F, 0x00, 0x01, 0x00, 0x00, 0x00, 0x60, 0x0E, 0x00, 0x00, 0xF4, 0x3F,
    0x00, 0xFF, 0xEE, 0xEE, 0xEE, 0xFE, 0x0F, 0x00, 0x00, 0xAD, 0x3F, 0x00, 0x23, 0x12, 0x11, 0x11,
    0x22, 0x03, 0x00, 0x80, 0x2D, 0x3F, 0x52, 0x45, 0x44, 0x44, 0x44, 0x44, 0x54, 0x04, 0xC1, 0x25,
    0x3F, 0xF5, 0xBB, 0xBB, 0xBB, 0xBB, 0xBB, 0xEB, 0x0A, 0x00, 0x20, 0x3F, 0xF5, 0x00, 0x00, 0x00,
    0x00, 0x00, 0xA0, 0x0A, 0x00, 0x20, 0x3F, 0xF5, 0xD0, 0xEE, 0xEE, 0xEE, 0xFE, 0xA3, 0x0A, 0x00,
    0x20, 0x3F, 0x00, 0x30, 0x7C, 0x22, 0x22, 0xBC, 0x10, 0x01, 0x00, 0x20, 0x3F, 0x00, 0x00, 0xE3,
    0x02, 0x50, 0x2E, 0x00, 0x00, 0x00, 0x20, 0x3F, 0x00, 0x00, 0x60, 0x2D, 0xE4, 0x05, 0x00, 0x00,
    0x00, 0x20, 0x3F, 0x00, 0x00, 0x00, 0xD7, 0x6F, 0x00, 0x00, 0x00, 0x00, 0x30, 0x3F, 0x00, 0x00,
    0x50, 0xEC, 0xCD, 0x26, 0x00, 0x00, 0x00, 0x40, 0x3F, 0x62, 0xA7, 0xDE, 0x17, 0x60, 0xFD, 0xAD,
    0x07, 0x00, 0x50, 0x3F, 0xC0, 0x8B, 0x03, 0x00, 0x00, 0x30, 0xA7, 0x04,
    // Unicode: [0x4FB6]
    0x00, 0x00, 0x20, 0x39, 0x00, 0x00, 0x00, 0x00, 0x00, 0x00, 0x00, 0x00, 0x60, 0x7F, 0x10, 0x00,
    0x00, 0x00, 0x00, 0x01, 0x00, 0x00, 0xC0, 0x0A, 0xD0, 0xFF, 0xEE, 0xEE, 0xFF, 0x0F, 0x00, 0x00,
    0xF3, 0x02, 0xD0, 0x19, 0x11, 0x11, 0x71, 0x0F, 0x00, 0x00, 0x9B, 0x00, 0xC0, 0x08, 0x00, 0x00,
    0x60, 0x0E, 0x00, 0x40, 0x7F, 0x00, 0xC0, 0x08, 0x00, 0x00, 0x60, 0x0E, 0x00, 0xD0, 0x7F, 0x00,
    0xD0, 0x08, 0x00, 0x00, 0x60, 0x0E, 0x00, 0xE8, 0x7E, 0x00, 0xD0, 0xCE, 0xCC, 0xCC, 0xDC, 0x0F,
    0x40, 0x6F, 0x7E, 0x00, 0x50, 0x45, 0xBB, 0x44, 0x54, 0x05, 0xE2, 0x0C, 0x7E, 0x00, 0x00, 0x00,
    0x6C, 0x00, 0x00, 0x00, 0xB2, 0x03, 0x7E, 0x00, 0x00, 0x00, 0x3E, 0x00, 0x00, 0x00, 0x00, 0x00,
    0x7E, 0x10, 0x56, 0x65, 0x5F, 0x55, 0x55, 0x65, 0x00, 0x00, 0x7E, 0x10, 0xEF, 0xDD, 0xDD, 0xDD,
    0xDD, 0xDE, 0x00, 0x00, 0x7E, 0x00, 0x5F, 0x00, 0x00, 0x00, 0x00, 0xD6, 0x00, 0x00, 0x7E, 0x00,
    0x5F, 0x00, 0x00, 0x00, 0x00, 0xD6, 0x00, 0x00, 0x7E, 0x00, 0x5F, 0x00, 0x00, 0x00, 0x00, 0xD6,
    0x00, 0x00, 0x7F, 0x00, 0x5F, 0x00, 0x00, 0x00, 0x00, 0xD6, 0x00, 0x00, 0x7F, 0x00, 0xEF, 0xEE,
    0xEE, 0xEE, 0xEE, 0xDE, 0x00, 0x10, 0x7F, 0x00, 0x7F, 0x33, 0x33, 0x33, 0x33, 0xE8, 0x00, 0x20,
    0x7F, 0x10, 0x5F, 0x00, 0x00, 0x00, 0x00, 0xC5,
    // Unicode: [0x4FB7]
    0x00, 0x00, 0xA0, 0x17, 0x00, 0x00, 0x00, 0x00, 0x00, 0x00, 0x00, 0x00, 0x00, 0xF1, 0x0A, 0x01,
    0x00, 0x00, 0x00, 0x00, 0x11, 0x00, 0x00, 0x00, 0xE6, 0x21, 0xFF, 0xFF, 0xEE, 0xEE, 0xFF, 0x5F,
    0x00, 0x00, 0x00, 0x8D, 0x10, 0x6F, 0x22, 0x22, 0x22, 0x32, 0x4F, 0x00, 0x00, 0x50, 0x3F, 0x00,
    0x4F, 0x00, 0x00, 0x00, 0x20, 0x4F, 0x00, 0x00, 0xD1, 0x3F, 0x00, 0x4E, 0x00, 0x00, 0x00, 0x20,
    0x4F, 0x00, 0x00, 0xF9, 0x3F, 0x00, 0xFE, 0xEE, 0xEE, 0xEE, 0xEE, 0x5F, 0x00, 0x50, 0x8F, 0x3F,
    0x00, 0x6E, 0x11, 0x11, 0x21, 0x22, 0x13, 0x00, 0xD1, 0x2A, 0x3F, 0x00, 0x5E, 0x00, 0x00, 0x00,
    0x00, 0x10, 0x00, 0x10, 0x21, 0x3F, 0x00, 0xEE, 0xEE, 0xEE, 0xEE, 0xFE, 0xFF, 0x04, 0x00, 0x20,
    0x3F, 0x00, 0x6F, 0x22, 0x22, 0x22, 0x22, 0xF3, 0x04, 0x00, 0x20, 0x3F, 0x00, 0x4F, 0x10, 0x01,
    0x10, 0x01, 0xF0, 0x04, 0x00, 0x20, 0x3F, 0x10, 0x3F, 0xF4, 0xEE, 0xEE, 0x3F, 0xF0, 0x04, 0x00,
    0x20, 0x3F, 0x30, 0x2F, 0xF3, 0x01, 0x20, 0x2F, 0xF0, 0x04, 0x00, 0x20, 0x3F, 0x50, 0x0E, 0xF3,
    0x01, 0x20, 0x1F, 0xF0, 0x04, 0x00, 0x20, 0x3F, 0x90, 0x0B, 0xF3, 0x12, 0x41, 0x1F, 0xF0, 0x04,
    0x00, 0x30, 0x3F, 0xE1, 0x07, 0xF4, 0xEE, 0xEE, 0x2F, 0xF0, 0x04, 0x00, 0x40, 0x3F, 0xF8, 0x02,
    0xF5, 0x01, 0x20, 0x4F, 0xF1, 0x03, 0x00, 0x40, 0x4F, 0xBE, 0x00, 0x10, 0x00, 0x30, 0x66, 0xEB,
    0x01, 0x00, 0x50, 0x3F, 0x21, 0x00, 0x00, 0x00, 0x10, 0xCD, 0x39, 0x00,
    // Unicode: [0x4FB8]
    0x00, 0x00, 0x10, 0x00, 0x00, 0x00, 0x00, 0x00, 0x00, 0x00, 0x00, 0x00, 0x00, 0xD0, 0x1C, 0x00,
    0x00, 0x00, 0x00, 0x00, 0x00, 0x00, 0x00, 0x00, 0xF3, 0x45, 0x45, 0x44, 0x44, 0x44, 0x44, 0x35,
    0x00, 0x00, 0x00, 0xCA, 0xB0, 0xEE, 0xDD, 0xDD, 0xDD, 0xED, 0x8F, 0x00, 0x00, 0x30, 0x4F, 0x00,
    0x00, 0x00, 0x00, 0x00, 0x00, 0x00, 0x00, 0x00, 0xB0, 0x0E, 0x00, 0x11, 0x00, 0x00, 0x00, 0x10,
    0x01, 0x00, 0x00, 0xF6, 0x0E, 0x00, 0xFB, 0xFF, 0xEE, 0xFE, 0xFF, 0x08, 0x00, 0x20, 0xEE, 0x0E,
    0x00, 0xBA, 0x22, 0x22, 0x22, 0xD2, 0x07, 0x00, 0xD1, 0x7D, 0x0E, 0x00, 0xB9, 0x00, 0x00, 0x00,
    0xD0, 0x06, 0x00, 0xE5, 0x63, 0x0E, 0x00, 0xB9, 0x00, 0x00, 0x00, 0xD0, 0x06, 0x00, 0x20, 0x60,
    0x0E, 0x00, 0xBA, 0x00, 0x00, 0x00, 0xD0, 0x07, 0x00, 0x00, 0x60, 0x0E, 0x00, 0xFB, 0xEE, 0xEE,
    0xEE, 0xFE, 0x08, 0x00, 0x00, 0x60, 0x0E, 0x00, 0x54, 0x23, 0x22, 0x32, 0x46, 0x03, 0x00, 0x00,
    0x60, 0x0E, 0x00, 0xE1, 0x05, 0x00, 0x00, 0xED, 0x02, 0x00, 0x00, 0x60, 0x0E, 0x00, 0x90, 0x1E,
    0x00, 0x30, 0x6F, 0x00, 0x00, 0x00, 0x60, 0x0E, 0x00, 0x00, 0x9D, 0x00, 0x80, 0x0C, 0x00, 0x00,
    0x00, 0x70, 0x0E, 0x00, 0x00, 0xF6, 0x02, 0xE1, 0x05, 0x00, 0x00, 0x00, 0x80, 0x0E, 0x11, 0x00,
    0x70, 0x01, 0xD7, 0x00, 0x21, 0x00, 0x00, 0x90, 0x0E, 0xF9, 0xFF, 0xEE, 0xEE, 0xFF, 0xFF, 0xFF,
    0x01, 0x00, 0x90, 0x0E, 0x32, 0x23, 0x22, 0x22, 0x22, 0x22, 0x33, 0x00,
    // Unicode: [0x4FB9]
    0x00, 0x00, 0x50, 0x01, 0x00, 0x00, 0x00, 0x00, 0x00, 0x00, 0x00, 0x00, 0x00, 0xF1, 0x0A, 0x00,
    0x00, 0x00, 0x00, 0x00, 0x11, 0x00, 0x00, 0x00, 0xE5, 0x01, 0x00, 0x00, 0x53, 0x86, 0xDA, 0x9F,
    0x00, 0x00, 0x00, 0x8C, 0xA0, 0xDD, 0xCD, 0xD3, 0xBB, 0x4E, 0x12, 0x00, 0x00, 0x30, 0x3F, 0x30,
    0x34, 0x8C, 0x00, 0x60, 0x0E, 0x00, 0x00, 0x00, 0xB0, 0x3F, 0x00, 0x30, 0x1E, 0x00, 0x60, 0x0E,
    0x00, 0x00, 0x00, 0xF4, 0x3F, 0x00, 0xB0, 0x08, 0x00, 0x60, 0x0E, 0x00, 0x00, 0x10, 0xCD, 0x3F,
    0x00, 0xF3, 0x02, 0x11, 0x60, 0x0E, 0x10, 0x01, 0xA0, 0x5F, 0x3F, 0x00, 0x9B, 0x00, 0xF7, 0xFF,
    0xFF, 0xFF, 0x05, 0xB1, 0x29, 0x3F, 0xA0, 0x5F, 0x44, 0x32, 0x72, 0x1E, 0x32, 0x01, 0x00, 0x21,
    0x3F, 0x90, 0xBC, 0xCD, 0x00, 0x60, 0x0E, 0x00, 0x00, 0x00, 0x20, 0x3F, 0x00, 0x00, 0xB8, 0x00,
    0x60, 0x0E, 0x00, 0x00, 0x00, 0x20, 0x3F, 0x61, 0x00, 0x8A, 0x00, 0x60, 0x0E, 0x00, 0x00, 0x00,
    0x20, 0x3F, 0xF2, 0x03, 0x5D, 0x00, 0x60, 0x0E, 0x00, 0x00, 0x00, 0x20, 0x3F, 0x90, 0x3B, 0x1F,
    0xEF, 0xED, 0xDF, 0xED, 0x0D, 0x00, 0x20, 0x3F, 0x10, 0xDE, 0x0B, 0x45, 0x33, 0x33, 0x43, 0x05,
    0x00, 0x30, 0x3F, 0x00, 0xF6, 0x07, 0x00, 0x00, 0x00, 0x00, 0x00, 0x00, 0x30, 0x3F, 0x10, 0xFC,
    0x7F, 0x01, 0x00, 0x00, 0x00, 0x00, 0x00, 0x40, 0x3F, 0xB1, 0x2D, 0xE7, 0xBE, 0x68, 0x55, 0x66,
    0x37, 0x00, 0x50, 0x4F, 0xAC, 0x01, 0x00, 0x84, 0xDB, 0xFE, 0xFF, 0x1F,
    // Unicode: [0x4FBA]
    0x00, 0x00, 0x82, 0x03, 0x00, 0x00, 0xA3, 0x04, 0x00, 0x00, 0x00, 0x00, 0x00, 0xF7, 0x24, 0x38,
    0x00, 0xF3, 0x02, 0x20, 0x38, 0x00, 0x00, 0x00, 0xAB, 0x30, 0x1F, 0x00, 0xF3, 0x01, 0x20, 0x3F,
    0x00, 0x00, 0x20, 0x3F, 0x30, 0x0F, 0x00, 0xF3, 0x01, 0x20, 0x2F, 0x00, 0x00, 0x80, 0x0E, 0x30,
    0x0F, 0x00, 0xF3, 0x01, 0x20, 0x2F, 0x00, 0x00, 0xE1, 0x0E, 0x40, 0xEF, 0xEE, 0xFE, 0xEE, 0xEE,
    0x2F, 0x00, 0x00, 0xF8, 0x0E, 0x10, 0x23, 0x11, 0xD2, 0x16, 0x21, 0x13, 0x00, 0x30, 0xBF, 0x0E,
    0x00, 0x00, 0x00, 0xFB, 0x06, 0x00, 0x00, 0x00, 0xC0, 0x6C, 0x0E, 0x00, 0x00, 0xB1, 0x6D, 0x5E,
    0x00, 0x00, 0x00, 0xA1, 0x54, 0x0E, 0x00, 0x50, 0xBD, 0x01, 0xE4, 0x1A, 0x00, 0x00, 0x00, 0x50,
    0x0E, 0x30, 0xFB, 0x38, 0x1B, 0x20, 0xFC, 0x39, 0x00, 0x00, 0x50, 0x2E, 0xFC, 0x3C, 0x10, 0xDB,
    0x02, 0x60, 0xFE, 0x1C, 0x00, 0x50, 0x0E, 0x66, 0x00, 0x00, 0xB0, 0x0C, 0x00, 0x61, 0x07, 0x00,
    0x50, 0x0E, 0x10, 0x34, 0x33, 0x32, 0x34, 0x43, 0x02, 0x00, 0x00, 0x50, 0x0E, 0x40, 0xFF, 0xEF,
    0xEE, 0xEE, 0xFF, 0x02, 0x00, 0x00, 0x50, 0x0E, 0x00, 0x00, 0x00, 0x00, 0x10, 0x7E, 0x00, 0x00,
    0x00, 0x60, 0x0E, 0x00, 0x00, 0x00, 0x00, 0xB0, 0x0C, 0x00, 0x00, 0x00, 0x60, 0x0E, 0x00, 0x00,
    0x00, 0x00, 0xE9, 0x02, 0x00, 0x00, 0x00, 0x70, 0x0E, 0x00, 0x00, 0x00, 0xB2, 0x3E, 0x00, 0x00,
    0x00, 0x00, 0x80, 0x0E, 0x00, 0x00, 0x20, 0xEE, 0x03, 0x00, 0x00, 0x00, 0x00, 0x00, 0x00, 0x00,
    0x00, 0x00, 0x23, 0x00, 0x00, 0x00, 0x00,
    // Unicode: [0x4FBB]
    0x00, 0x00, 0x50, 0x04, 0x20, 0x00, 0x00, 0x00, 0x28, 0x00, 0x00, 0x00, 0x00, 0xE0, 0x1D, 0xF4,
    0x05, 0x00, 0x40, 0xDF, 0x02, 0x00, 0x00, 0x00, 0xF5, 0x03, 0x70, 0x5F, 0x00, 0xB0, 0x1D, 0x00,
    0x00, 0x00, 0x00, 0xAB, 0x00, 0x00, 0xE9, 0x02, 0xE5, 0x03, 0x00, 0x00, 0x00, 0x40, 0x3F, 0x00,
    0x00, 0x50, 0x10, 0x6D, 0x00, 0x00, 0x00, 0x00, 0xC0, 0x0E, 0x30, 0xEF, 0xEE, 0xEE, 0xEF, 0xFE,
    0x0E, 0x00, 0x00, 0xF6, 0x0E, 0x20, 0x4F, 0x22, 0x22, 0x22, 0x72, 0x0E, 0x00, 0x20, 0xDE, 0x0E,
    0x20, 0x3F, 0x00, 0x00, 0x00, 0x50, 0x0E, 0x00, 0xD1, 0x7D, 0x0E, 0x10, 0x3F, 0x00, 0x00, 0x00,
    0x50, 0x0E, 0x00, 0xF8, 0x64, 0x0E, 0x10, 0x3F, 0x00, 0x00, 0x00, 0x50, 0x0E, 0x00, 0x40, 0x60,
    0x0E, 0x20, 0x3F, 0x00, 0x00, 0x00, 0x50, 0x0E, 0x00, 0x00, 0x60, 0x0E, 0x20, 0xFF, 0xFF, 0xFF,
    0xFF, 0xFF, 0x0E, 0x00, 0x00, 0x60, 0x0E, 0x10, 0x23, 0xF5, 0x11, 0x7D, 0x22, 0x02, 0x00, 0x00,
    0x60, 0x0E, 0x00, 0x00, 0xE4, 0x00, 0x6D, 0x00, 0x00, 0x00, 0x00, 0x60, 0x0E, 0x00, 0x00, 0xC6,
    0x00, 0x6D, 0x00, 0x00, 0x00, 0x00, 0x60, 0x0E, 0x00, 0x00, 0x9A, 0x00, 0x6D, 0x00, 0x00, 0x00,
    0x00, 0x70, 0x0E, 0x00, 0x20, 0x3E, 0x00, 0x6D, 0x00, 0x40, 0x00, 0x00, 0x80, 0x0E, 0x00, 0xD3,
    0x08, 0x00, 0x6D, 0x00, 0xF1, 0x06, 0x00, 0x80, 0x0E, 0x82, 0x7E, 0x00, 0x00, 0xAD, 0x44, 0xE9,
    0x01, 0x00, 0x90, 0x1E, 0xAB, 0x02, 0x00, 0x00, 0xD6, 0xFF, 0x5D, 0x00,
    // Unicode: [0x4FBC]
    0x00, 0x00, 0x30, 0x16, 0x00, 0x00, 0x61, 0x03, 0x00, 0x00, 0x00, 0x00, 0x00, 0x90, 0x2E, 0x00,
    0x00, 0xF2, 0x06, 0x00, 0x00, 0x00, 0x00, 0x00, 0xE1, 0x06, 0x00, 0x00, 0xF1, 0x04, 0x00, 0x00,
    0x00, 0x00, 0x00, 0xD7, 0xF2, 0xEE, 0xDD, 0xFD, 0xDD, 0xED, 0xFE, 0x09, 0x00, 0x00, 0x7D, 0x51,
    0x44, 0x33, 0xF3, 0x36, 0x33, 0x44, 0x03, 0x00, 0x70, 0x3F, 0x00, 0x00, 0x00, 0xF1, 0x04, 0x00,
    0x00, 0x00, 0x00, 0xE2, 0x3F, 0xD0, 0xDD, 0xCD, 0xFD, 0xCD, 0xDD, 0xED, 0x03, 0x00, 0xDA, 0x3F,
    0xE0, 0x38, 0x33, 0x33, 0x33, 0x33, 0xF5, 0x03, 0x70, 0x5F, 0x3F, 0xE0, 0x06, 0x00, 0x00, 0x00,
    0x00, 0xF3, 0x03, 0xF2, 0x28, 0x3F, 0xE0, 0x36, 0x34, 0x33, 0x33, 0x43, 0xF3, 0x03, 0x50, 0x21,
    0x3F, 0x60, 0x83, 0xCD, 0xCC, 0xEC, 0xEF, 0xA3, 0x02, 0x00, 0x20, 0x3F, 0x00, 0x00, 0x00, 0x00,
    0xE7, 0x18, 0x00, 0x00, 0x00, 0x20, 0x3F, 0x00, 0x00, 0x00, 0xC0, 0x3C, 0x00, 0x00, 0x00, 0x00,
    0x20, 0x3F, 0x51, 0x44, 0x33, 0xE3, 0x37, 0x33, 0x44, 0x04, 0x00, 0x20, 0x3F, 0xF1, 0xEE, 0xDE,
    0xFD, 0xDE, 0xDD, 0xEE, 0x0C, 0x00, 0x20, 0x3F, 0x00, 0x00, 0x00, 0xE0, 0x05, 0x00, 0x00, 0x00,
    0x00, 0x30, 0x3F, 0x00, 0x00, 0x00, 0xE0, 0x05, 0x00, 0x00, 0x00, 0x00, 0x40, 0x3F, 0x00, 0x00,
    0x00, 0xE0, 0x05, 0x00, 0x00, 0x00, 0x00, 0x40, 0x3F, 0x00, 0x00, 0x74, 0xF7, 0x05, 0x00, 0x00,
    0x00, 0x00, 0x50, 0x3F, 0x00, 0x00, 0xF3, 0xBE, 0x01, 0x00, 0x00, 0x00,
    // Unicode: [0x4FBD]
    0x00, 0x00, 0x40, 0x00, 0x00, 0x00, 0x00, 0x00, 0x00, 0x00, 0x00, 0x00, 0xF3, 0x1B, 0x23, 0x11,
    0x11, 0x11, 0x21, 0x03, 0x00, 0x00, 0xD8, 0x21, 0xEF, 0xEE, 0xFF, 0xEE, 0xFE, 0x0E, 0x00, 0x10,
    0x6E, 0x10, 0x3F, 0x00, 0xF4, 0x00, 0x60, 0x0D, 0x00, 0x60, 0x0E, 0x10, 0x3F, 0x00, 0xF4, 0x00,
    0x60, 0x0D, 0x00, 0xD1, 0x0E, 0x10, 0xDF, 0xCC, 0xFD, 0xCC, 0xDC, 0x0D, 0x00, 0xF8, 0x0E, 0x10,
    0x4F, 0x22, 0xF5, 0x22, 0x72, 0x0D, 0x30, 0xBF, 0x0E, 0x10, 0x3F, 0x00, 0xF4, 0x00, 0x60, 0x0D,
    0xD1, 0x5C, 0x0E, 0x10, 0x3F, 0x11, 0xF4, 0x11, 0x61, 0x0E, 0xE4, 0x53, 0x0E, 0x20, 0xFF, 0xEF,
    0xEE, 0xEE, 0xFF, 0x0F, 0x20, 0x50, 0x0E, 0x00, 0x01, 0x30, 0x38, 0x00, 0x00, 0x01, 0x00, 0x50,
    0x0E, 0x00, 0x00, 0x40, 0x2F, 0x00, 0x00, 0x00, 0x00, 0x50, 0x0E, 0x53, 0x44, 0x74, 0x4E, 0x44,
    0x44, 0x45, 0x00, 0x50, 0x0E, 0xE8, 0xCD, 0xEC, 0xCE, 0xCC, 0xCC, 0xCE, 0x00, 0x50, 0x0E, 0x00,
    0x00, 0xC0, 0x08, 0x00, 0x00, 0xAA, 0x00, 0x50, 0x0E, 0x00, 0x00, 0xF3, 0x02, 0x00, 0x00, 0x8B,
    0x00, 0x60, 0x0E, 0x00, 0x10, 0x8C, 0x00, 0x00, 0x00, 0x6D, 0x00, 0x60, 0x0E, 0x00, 0xB1, 0x0B,
    0x00, 0x00, 0x10, 0x4F, 0x00, 0x70, 0x0E, 0x50, 0x9E, 0x00, 0x00, 0x86, 0xC8, 0x0E, 0x00, 0x80,
    0x1E, 0xDA, 0x05, 0x00, 0x00, 0xF6, 0xAD, 0x03,
    // Unicode: [0x4FBE]
    0x00, 0x00, 0x10, 0x03, 0x00, 0x00, 0xB5, 0x04, 0x00, 0x00, 0x00, 0x00, 0x00, 0x60, 0x7F, 0x00,
    0x00, 0xF5, 0x00, 0x00, 0x14, 0x00, 0x00, 0x00, 0xC0, 0x0B, 0x00, 0x00, 0xF5, 0x00, 0x00, 0xED,
    0x02, 0x00, 0x00, 0xF4, 0x03, 0xF0, 0xDE, 0xFD, 0xED, 0x5D, 0x4F, 0x00, 0x00, 0x00, 0xAB, 0x00,
    0x40, 0x23, 0xF6, 0x32, 0xD5, 0x07, 0x00, 0x00, 0x40, 0x6F, 0x00, 0x00, 0x00, 0xF5, 0x00, 0xB9,
    0x00, 0x00, 0x00, 0xD1, 0x6F, 0x52, 0x34, 0x23, 0xF6, 0x62, 0x4E, 0x43, 0x05, 0x00, 0xE9, 0x6F,
    0xF5, 0xDE, 0xDD, 0xCC, 0xFE, 0xCC, 0xED, 0x1F, 0x60, 0x6F, 0x6E, 0x00, 0x00, 0x00, 0x30, 0x6E,
    0x00, 0x00, 0x00, 0xE1, 0x0A, 0x6E, 0x00, 0x00, 0x00, 0xE3, 0x08, 0x00, 0x00, 0x00, 0x20, 0x01,
    0x6E, 0x00, 0x00, 0xE7, 0xFF, 0xEE, 0xEE, 0x0E, 0x00, 0x00, 0x00, 0x6E, 0x00, 0x00, 0xF7, 0x17,
    0x21, 0xCD, 0x03, 0x00, 0x00, 0x00, 0x6E, 0x00, 0x80, 0x6F, 0x00, 0xC2, 0x1B, 0x00, 0x00, 0x00,
    0x00, 0x6E, 0x30, 0xEC, 0x04, 0x00, 0xD8, 0x00, 0x00, 0x00, 0x00, 0x00, 0x6E, 0xF9, 0x9C, 0x55,
    0x44, 0xC9, 0x44, 0x65, 0x05, 0x00, 0x00, 0x6E, 0x76, 0xE1, 0xDD, 0xCC, 0xED, 0xCC, 0xDC, 0x0B,
    0x00, 0x00, 0x6F, 0x00, 0x00, 0x00, 0x00, 0xC8, 0x00, 0x00, 0x00, 0x00, 0x10, 0x6F, 0x00, 0x00,
    0x00, 0x00, 0xC8, 0x00, 0x00, 0x00, 0x00, 0x20, 0x6F, 0x00, 0x00, 0x10, 0x34, 0xBB, 0x00, 0x00,
    0x00, 0x00, 0x20, 0x6F, 0x00, 0x00, 0x00, 0xFB, 0x5D, 0x00, 0x00, 0x00, 0x00, 0x00, 0x00, 0x00,
    0x00, 0x00, 0x01, 0x00, 0x00, 0x00, 0x00,
    // Unicode: [0x4FBF]
    0x00, 0x00, 0x60, 0x01, 0x00, 0x00, 0x00, 0x00, 0x00, 0x00, 0x00, 0x00, 0x00, 0xF3, 0x16, 0x00,
    0x00, 0x00, 0x00, 0x00, 0x00, 0x01, 0x00, 0x00, 0xD7, 0xF0, 0xFF, 0xEE, 0xEE, 0xEE, 0xEE, 0xFF,
    0x0B, 0x00, 0x00, 0x7C, 0x40, 0x33, 0x22, 0xE2, 0x27, 0x22, 0x33, 0x03, 0x00, 0x20, 0x3F, 0x00,
    0x00, 0x00, 0xE0, 0x06, 0x00, 0x00, 0x00, 0x00, 0x80, 0x3F, 0x10, 0xFF, 0xEE, 0xFE, 0xEE, 0xEE,
    0xFF, 0x00, 0x00, 0xE1, 0x3F, 0x00, 0x6F, 0x22, 0xD2, 0x27, 0x22, 0xE7, 0x00, 0x00, 0xE9, 0x3F,
    0x00, 0x5E, 0x00, 0xD0, 0x06, 0x00, 0xE6, 0x00, 0x30, 0x8F, 0x3F, 0x00, 0x7E, 0x33, 0xE3, 0x38,
    0x33, 0xE8, 0x00, 0xC0, 0x2D, 0x3F, 0x00, 0xEE, 0xDD, 0xFD, 0xDE, 0xDD, 0xEE, 0x00, 0xE2, 0x25,
    0x3F, 0x00, 0x5E, 0x00, 0xE0, 0x05, 0x00, 0xE6, 0x00, 0x20, 0x20, 0x3F, 0x00, 0x6E, 0x11, 0xE1,
    0x15, 0x11, 0xE6, 0x00, 0x00, 0x20, 0x3F, 0x10, 0xFF, 0xFF, 0xFE, 0xEE, 0xFF, 0xFF, 0x00, 0x00,
    0x20, 0x3F, 0x00, 0x01, 0x00, 0xF3, 0x01, 0x00, 0x10, 0x00, 0x00, 0x20, 0x3F, 0x30, 0x6E, 0x00,
    0xC7, 0x00, 0x00, 0x00, 0x00, 0x00, 0x20, 0x3F, 0x00, 0xD4, 0x4C, 0x6D, 0x00, 0x00, 0x00, 0x00,
    0x00, 0x30, 0x3F, 0x00, 0x10, 0xF8, 0x6F, 0x01, 0x00, 0x00, 0x00, 0x00, 0x30, 0x3F, 0x00, 0x40,
    0xDC, 0xD7, 0xBF, 0x68, 0x23, 0x00, 0x00, 0x40, 0x3F, 0x84, 0xED, 0x18, 0x00, 0x73, 0xEB, 0xFF,
    0x0B, 0x00, 0x50, 0x3F, 0xB2, 0x17, 0x00, 0x00, 0x00, 0x00, 0x31, 0x02,
    // Unicode: [0x4FC0]
    0x00, 0x00, 0x10, 0x00, 0x00, 0x00, 0x00, 0x00, 0x00, 0x00, 0x00, 0x00, 0x00, 0x70, 0x5E, 0x00,
    0x00, 0x00, 0x00, 0x10, 0x25, 0x00, 0x00, 0x00, 0xD0, 0x5B, 0x55, 0x65, 0x86, 0xB9, 0xFD, 0xCF,
    0x00, 0x00, 0x00, 0xF4, 0x52, 0xDE, 0xBC, 0x9A, 0x57, 0x23, 0x00, 0x00, 0x00, 0x00, 0xAC, 0x00,
    0x00, 0x00, 0x48, 0x00, 0x00, 0x6A, 0x00, 0x00, 0x50, 0x4F, 0x00, 0x28, 0x00, 0xD8, 0x01, 0x30,
    0x7F, 0x00, 0x00, 0xD1, 0x3F, 0x00, 0xD9, 0x01, 0xC0, 0x08, 0xA0, 0x0A, 0x00, 0x00, 0xF9, 0x3F,
    0x00, 0xA0, 0x0B, 0x50, 0x0C, 0xE5, 0x01, 0x00, 0x60, 0x8F, 0x3F, 0x00, 0x10, 0x29, 0x49, 0x10,
    0x6E, 0x00, 0x00, 0xE2, 0x2B, 0x3F, 0x00, 0x00, 0x60, 0x6F, 0x00, 0x02, 0x00, 0x00, 0x20, 0x21,
    0x3F, 0x32, 0x23, 0xD2, 0x2A, 0x22, 0x22, 0x32, 0x03, 0x00, 0x20, 0x3F, 0xEA, 0xEE, 0xEE, 0xDD,
    0xDD, 0xFE, 0xEE, 0x0E, 0x00, 0x20, 0x3F, 0x00, 0x20, 0x5E, 0x00, 0x00, 0xAA, 0x00, 0x00, 0x00,
    0x20, 0x3F, 0x00, 0xC0, 0x0A, 0x00, 0x30, 0x2F, 0x00, 0x00, 0x00, 0x20, 0x3F, 0x00, 0xF6, 0x7D,
    0x01, 0xD1, 0x07, 0x00, 0x00, 0x00, 0x20, 0x3F, 0x00, 0x10, 0xB5, 0xAF, 0xBC, 0x00, 0x00, 0x00,
    0x00, 0x20, 0x3F, 0x00, 0x00, 0x00, 0xF7, 0xDF, 0x06, 0x00, 0x00, 0x00, 0x30, 0x3F, 0x00, 0x10,
    0xD6, 0x6E, 0x71, 0xDE, 0x06, 0x00, 0x00, 0x40, 0x3F, 0x85, 0xFC, 0x7D, 0x01, 0x00, 0x91, 0xDF,
    0x01, 0x00, 0x50, 0x3F, 0xE7, 0x49, 0x00, 0x00, 0x00, 0x00, 0x43, 0x00,
    // Unicode: [0x4FC1]
    0x00, 0x00, 0x40, 0x01, 0x00, 0x00, 0x00, 0x00, 0x00, 0x00, 0x00, 0x00, 0x00, 0xC0, 0x3E, 0x00,
    0x31, 0x22, 0x22, 0x22, 0x03, 0x00, 0x00, 0x00, 0xF2, 0x07, 0x00, 0xF5, 0xEE, 0xEE, 0xFE, 0x0E,
    0x00, 0x00, 0x00, 0xC9, 0x10, 0x02, 0xF5, 0x00, 0x00, 0x60, 0x0E, 0x00, 0x00, 0x30, 0x4F, 0x50,
    0x1F, 0xF4, 0x00, 0x00, 0x60, 0x0E, 0x00, 0x00, 0xB0, 0x0F, 0x40, 0x0E, 0xF5, 0x11, 0x11, 0x71,
    0x0E, 0x00, 0x00, 0xF6, 0x0F, 0x40, 0x0E, 0xF5, 0xEF, 0xEE, 0xFE, 0x0E, 0x00, 0x30, 0xCF, 0x0F,
    0x40, 0x0E, 0x00, 0x00, 0x00, 0x00, 0x00, 0x00, 0xE1, 0x5B, 0x0F, 0x60, 0xCF, 0xCC, 0xCC, 0xCC,
    0xCC, 0x7C, 0x00, 0x30, 0x51, 0x0F, 0x20, 0x44, 0x44, 0xF7, 0x44, 0x44, 0x8B, 0x00, 0x00, 0x50,
    0x0F, 0x00, 0x00, 0x00, 0xE4, 0x00, 0x00, 0x8A, 0x00, 0x00, 0x50, 0x0F, 0x00, 0x00, 0x00, 0xD6,
    0x00, 0x00, 0x8A, 0x00, 0x00, 0x50, 0x0F, 0xD9, 0xCD, 0xCC, 0xED, 0xCC, 0xCC, 0xEE, 0x1D, 0x00,
    0x50, 0x0F, 0x64, 0x56, 0x55, 0xDD, 0x5D, 0x55, 0x65, 0x06, 0x00, 0x50, 0x0F, 0x00, 0x00, 0x20,
    0x4F, 0x6C, 0x00, 0x00, 0x00, 0x00, 0x50, 0x0F, 0x00, 0x00, 0xB0, 0x0C, 0xE4, 0x04, 0x00, 0x00,
    0x00, 0x60, 0x0F, 0x00, 0x00, 0xF8, 0x03, 0x60, 0x5F, 0x00, 0x00, 0x00, 0x70, 0x0F, 0x00, 0xB2,
    0x5F, 0x00, 0x00, 0xF7, 0x1A, 0x00, 0x00, 0x80, 0x0F, 0x92, 0xEF, 0x04, 0x00, 0x00, 0x50, 0xFE,
    0x09, 0x00, 0x90, 0x0F, 0xC2, 0x19, 0x00, 0x00, 0x00, 0x00, 0x81, 0x06,
    // Unicode: [0x4FC2]
    0x00, 0x00, 0x60, 0x03, 0x00, 0x00, 0x00, 0x00, 0x00, 0x00, 0x00, 0x00, 0x00, 0xE0, 0x0C, 0x00,
    0x00, 0x00, 0x30, 0x96, 0x7D, 0x00, 0x00, 0x00, 0xF4, 0x64, 0x76, 0xA8, 0xDB, 0xCE, 0x9A, 0xA9,
    0x01, 0x00, 0x00, 0xAA, 0xC0, 0xAC, 0x78, 0xEE, 0x02, 0x00, 0x00, 0x00, 0x00, 0x20, 0x4F, 0x00,
    0x00, 0xA0, 0x3D, 0x00, 0x00, 0x00, 0x00, 0x00, 0x80, 0x4F, 0x00, 0x10, 0xCB, 0x01, 0x00, 0x94,
    0x01, 0x00, 0x00, 0xF2, 0x4F, 0x00, 0xD5, 0x09, 0x00, 0x51, 0xCE, 0x04, 0x00, 0x00, 0xCA, 0x4F,
    0x20, 0xEF, 0xDC, 0xEE, 0xFF, 0x08, 0x00, 0x00, 0x60, 0x4F, 0x4F, 0x00, 0x35, 0x12, 0xB2, 0x4E,
    0x00, 0x00, 0x00, 0xD1, 0x1A, 0x4F, 0x00, 0x00, 0x40, 0xBE, 0x02, 0x60, 0x00, 0x00, 0x10, 0x11,
    0x4F, 0x00, 0x10, 0xE9, 0x06, 0x00, 0xC0, 0x0A, 0x00, 0x00, 0x10, 0x4F, 0x30, 0xE8, 0x2A, 0x21,
    0x43, 0x85, 0x7F, 0x00, 0x00, 0x10, 0x4F, 0xD0, 0xFF, 0xEE, 0xFE, 0xBD, 0x9A, 0xF9, 0x02, 0x00,
    0x10, 0x4F, 0x40, 0x23, 0x01, 0xD0, 0x07, 0x00, 0xA0, 0x06, 0x00, 0x10, 0x4F, 0x00, 0x40, 0x4E,
    0xD0, 0x07, 0x93, 0x00, 0x00, 0x00, 0x10, 0x4F, 0x00, 0xE3, 0x3A, 0xD0, 0x07, 0xD2, 0x0A, 0x00,
    0x00, 0x20, 0x4F, 0x50, 0x8E, 0x00, 0xD0, 0x07, 0x10, 0xAD, 0x00, 0x00, 0x30, 0x4F, 0xF4, 0x06,
    0x00, 0xD0, 0x07, 0x00, 0xF3, 0x04, 0x00, 0x40, 0x4F, 0x30, 0x00, 0x42, 0xF4, 0x07, 0x00, 0x20,
    0x00, 0x00, 0x50, 0x4F, 0x00, 0x00, 0xF1, 0xCE, 0x03, 0x00, 0x00, 0x00,
    // Unicode: [0x4FC3]
    0x00, 0x00, 0x42, 0x00, 0x00, 0x00, 0x00, 0x00, 0x00, 0x00, 0x00, 0x00, 0x00, 0xF6, 0x07, 0x23,
    0x11, 0x11, 0x11, 0x32, 0x01, 0x00, 0x00, 0x00, 0xBB, 0x00, 0xFE, 0xEE, 0xEE, 0xEE, 0xFE, 0x03,
    0x00, 0x00, 0x30, 0x4F, 0x00, 0x7D, 0x00, 0x00, 0x00, 0xF4, 0x02, 0x00, 0x00, 0xA0, 0x0B, 0x00,
    0x7D, 0x00, 0x00, 0x00, 0xF4, 0x02, 0x00, 0x00, 0xF3, 0x07, 0x00, 0x7D, 0x00, 0x00, 0x00, 0xF4,
    0x02, 0x00, 0x00, 0xFC, 0x07, 0x00, 0x7D, 0x00, 0x00, 0x00, 0xF4, 0x02, 0x00, 0x80, 0xEE, 0x07,
    0x00, 0xEE, 0xCC, 0xCC, 0xCC, 0xFD, 0x02, 0x00, 0xF7, 0xE6, 0x07, 0x00, 0x55, 0x44, 0xE9, 0x44,
    0x65, 0x01, 0x00, 0x95, 0xE0, 0x07, 0x00, 0x00, 0x00, 0xE7, 0x00, 0x00, 0x00, 0x00, 0x00, 0xE0,
    0x07, 0x00, 0x33, 0x00, 0xE7, 0x00, 0x00, 0x00, 0x00, 0x00, 0xE0, 0x07, 0x00, 0xF7, 0x06, 0xE7,
    0x11, 0x21, 0x13, 0x00, 0x00, 0xE0, 0x07, 0x00, 0xCA, 0x00, 0xF7, 0xFF, 0xFF, 0x2F, 0x00, 0x00,
    0xE0, 0x07, 0x00, 0x7D, 0x00, 0xE7, 0x11, 0x21, 0x02, 0x00, 0x00, 0xE0, 0x07, 0x30, 0x4F, 0x00,
    0xE7, 0x00, 0x00, 0x00, 0x00, 0x00, 0xE0, 0x07, 0x90, 0xBF, 0x00, 0xE7, 0x00, 0x00, 0x00, 0x00,
    0x00, 0xF0, 0x07, 0xE1, 0xFA, 0x07, 0xE7, 0x00, 0x00, 0x00, 0x00, 0x00, 0xF1, 0x07, 0xE9, 0x71,
    0x9F, 0xE8, 0x00, 0x00, 0x00, 0x00, 0x00, 0xF1, 0x47, 0x5F, 0x00, 0xE6, 0xFF, 0x89, 0x88, 0xA9,
    0x02, 0x00, 0xF2, 0x97, 0x09, 0x00, 0x10, 0x95, 0xCB, 0xEE, 0xDE, 0x00,
    // Unicode: [0x4FC4]
    0x00, 0x00, 0x90, 0x05, 0x00, 0x00, 0x00, 0x23, 0x00, 0x00, 0x00, 0x00, 0x00, 0xF2, 0x09, 0x00,
    0x00, 0x02, 0xBD, 0x00, 0x00, 0x00, 0x00, 0x00, 0xE7, 0x01, 0x30, 0xC7, 0x3E, 0x8C, 0xA5, 0x00,
    0x00, 0x00, 0x00, 0x7C, 0xC0, 0xEF, 0x6E, 0x14, 0x7C, 0xC1, 0x09, 0x00, 0x00, 0x40, 0x1E, 0x30,
    0x62, 0x0E, 0x00, 0x6C, 0x20, 0x7E, 0x00, 0x00, 0xC0, 0x0E, 0x00, 0x60, 0x0E, 0x00, 0x6B, 0x00,
    0x34, 0x00, 0x00, 0xF6, 0x0E, 0x34, 0x72, 0x1E, 0x11, 0x7C, 0x32, 0x43, 0x01, 0x20, 0xEE, 0x0E,
    0xFF, 0xFF, 0xEF, 0xEE, 0xFF, 0xFE, 0xFF, 0x05, 0xC1, 0x8E, 0x0E, 0x01, 0x60, 0x0E, 0x00, 0x8B,
    0x00, 0x10, 0x00, 0x40, 0x75, 0x0E, 0x00, 0x60, 0x0E, 0x00, 0x99, 0x50, 0x07, 0x00, 0x00, 0x70,
    0x0E, 0x00, 0x60, 0x0E, 0x42, 0xA8, 0xA0, 0x1C, 0x00, 0x00, 0x70, 0x0E, 0x00, 0x60, 0x9E, 0x8F,
    0xC6, 0xE0, 0x04, 0x00, 0x00, 0x70, 0x0E, 0x10, 0xC5, 0x9F, 0x02, 0xE3, 0xD6, 0x00, 0x00, 0x00,
    0x70, 0x0E, 0xFB, 0xBE, 0x0E, 0x00, 0xE0, 0x7E, 0x00, 0x00, 0x00, 0x70, 0x0E, 0x68, 0x60, 0x0E,
    0x00, 0xC0, 0x0D, 0x00, 0x00, 0x00, 0x70, 0x0E, 0x00, 0x60, 0x0E, 0x00, 0xF3, 0x0D, 0x00, 0x00,
    0x00, 0x70, 0x0E, 0x00, 0x60, 0x0E, 0x30, 0x8E, 0x6F, 0x10, 0x00, 0x00, 0x80, 0x0E, 0x00, 0x60,
    0x0E, 0xE6, 0x07, 0xE8, 0x72, 0x0C, 0x00, 0x80, 0x0E, 0x60, 0xC6, 0x0D, 0x55, 0x00, 0xC1, 0xDD,
    0x09, 0x00, 0x90, 0x0E, 0x80, 0xCE, 0x04, 0x00, 0x00, 0x10, 0xD9, 0x02,
    // Unicode: [0x4FC5]
    0x00, 0x00, 0x40, 0x03, 0x00, 0x00, 0x52, 0x03, 0x00, 0x00, 0x00, 0x00, 0x00, 0xB0, 0x3F, 0x00,
    0x00, 0xF3, 0x47, 0x05, 0x00, 0x00, 0x00, 0x00, 0xF2, 0x05, 0x00, 0x00, 0xF1, 0x54, 0x8E, 0x00,
    0x00, 0x00, 0x00, 0xB9, 0x00, 0x00, 0x00, 0xF1, 0x04, 0xE3, 0x07, 0x00, 0x00, 0x20, 0x6F, 0x10,
    0x01, 0x00, 0xF1, 0x04, 0x30, 0x12, 0x01, 0x00, 0xB0, 0x6F, 0xF0, 0xFF, 0xEF, 0xFE, 0xEE, 0xFF,
    0xFF, 0x06, 0x00, 0xF5, 0x6F, 0x40, 0x23, 0x22, 0xF2, 0x25, 0x22, 0x32, 0x01, 0x20, 0x9E, 0x6E,
    0x00, 0x33, 0x00, 0xF1, 0x04, 0x30, 0x2B, 0x00, 0xD1, 0x1D, 0x6E, 0x00, 0xE9, 0x05, 0xF1, 0x07,
    0xC0, 0x5E, 0x00, 0x70, 0x03, 0x6E, 0x00, 0x60, 0x7F, 0xF1, 0x0D, 0xDA, 0x02, 0x00, 0x00, 0x00,
    0x6E, 0x00, 0x00, 0x86, 0xF1, 0xCD, 0x1C, 0x00, 0x00, 0x00, 0x00, 0x6E, 0x00, 0x00, 0x00, 0xF4,
    0xF7, 0x02, 0x00, 0x00, 0x00, 0x00, 0x6E, 0x00, 0x00, 0x80, 0xFE, 0xB4, 0x08, 0x00, 0x00, 0x00,
    0x00, 0x6E, 0x00, 0x30, 0xCC, 0xF3, 0x24, 0x4E, 0x00, 0x00, 0x00, 0x00, 0x6E, 0x20, 0xFA, 0x08,
    0xF1, 0x04, 0xE7, 0x03, 0x00, 0x00, 0x00, 0x6E, 0xF6, 0x5E, 0x00, 0xF1, 0x04, 0xB0, 0x4E, 0x00,
    0x00, 0x00, 0x6F, 0xB1, 0x02, 0x00, 0xF1, 0x04, 0x10, 0xFC, 0x07, 0x00, 0x10, 0x6F, 0x00, 0x00,
    0x00, 0xF1, 0x04, 0x00, 0xC1, 0x08, 0x00, 0x20, 0x6F, 0x00, 0x00, 0x83, 0xF9, 0x03, 0x00, 0x10,
    0x01, 0x00, 0x20, 0x6F, 0x00, 0x00, 0xD1, 0x8C, 0x00, 0x00, 0x00, 0x00,
    // Unicode: [0x4FC6]
    0x00, 0x00, 0x10, 0x00, 0x00, 0x00, 0x63, 0x01, 0x00, 0x00, 0x00, 0x00, 0x00, 0x90, 0x4E, 0x00,
    0x00, 0xF9, 0x04, 0x00, 0x00, 0x00, 0x00, 0x00, 0xD0, 0x0A, 0x00, 0x20, 0xCF, 0x09, 0x00, 0x00,
    0x00, 0x00, 0x00, 0xF5, 0x02, 0x00, 0xB0, 0x09, 0x7C, 0x00, 0x00, 0x00, 0x00, 0x00, 0x9C, 0x00,
    0x00, 0xD9, 0x01, 0xD2, 0x07, 0x00, 0x00, 0x00, 0x40, 0x4F, 0x00, 0x80, 0x3E, 0x00, 0x20, 0x9D,
    0x00, 0x00, 0x00, 0xD0, 0x4F, 0x00, 0xE9, 0x03, 0x00, 0x00, 0xD2, 0x3C, 0x00, 0x00, 0xF7, 0x4F,
    0xC3, 0x9E, 0x44, 0x44, 0x44, 0x64, 0xFB, 0x09, 0x40, 0x9F, 0x6F, 0xDE, 0xC3, 0xCC, 0xFD, 0xBB,
    0xCC, 0x70, 0x05, 0xD1, 0x1C, 0x4F, 0x13, 0x00, 0x00, 0xE6, 0x00, 0x00, 0x00, 0x00, 0x10, 0x12,
    0x4F, 0x00, 0x00, 0x00, 0xE6, 0x00, 0x00, 0x00, 0x00, 0x00, 0x10, 0x4F, 0x80, 0xEF, 0xDE, 0xFE,
    0xDD, 0xED, 0xCE, 0x00, 0x00, 0x10, 0x4F, 0x30, 0x44, 0x33, 0xE7, 0x33, 0x33, 0x44, 0x00, 0x00,
    0x10, 0x4F, 0x00, 0x20, 0x00, 0xE6, 0x00, 0x00, 0x00, 0x00, 0x00, 0x10, 0x4F, 0x00, 0xF2, 0x08,
    0xE6, 0x20, 0x3D, 0x00, 0x00, 0x00, 0x10, 0x4F, 0x00, 0xBB, 0x01, 0xE6, 0x00, 0xE8, 0x05, 0x00,
    0x00, 0x20, 0x4F, 0x80, 0x1E, 0x00, 0xE6, 0x00, 0x60, 0x5F, 0x00, 0x00, 0x20, 0x4F, 0xF9, 0x04,
    0x00, 0xE6, 0x00, 0x00, 0xE8, 0x01, 0x00, 0x30, 0x4F, 0x52, 0x00, 0x85, 0xEC, 0x00, 0x00, 0x30,
    0x00, 0x00, 0x40, 0x4F, 0x00, 0x00, 0xF4, 0x7D, 0x00, 0x00, 0x00, 0x00, 0x00, 0x10, 0x13, 0x00,
    0x00, 0x00, 0x00, 0x00, 0x00, 0x00, 0x00,
    // Unicode: [0x4FC7]
    0x00, 0x00, 0x30, 0x00, 0x00, 0x00, 0x00, 0x00, 0x00, 0x00, 0x00, 0x00, 0x00, 0xF3, 0x57, 0x00,
    0x90, 0x01, 0x00, 0x00, 0x00, 0x00, 0x00, 0x00, 0xD8, 0xD2, 0x08, 0xE7, 0x35, 0x23, 0x22, 0x32,
    0x02, 0x00, 0x00, 0x5D, 0x20, 0x7E, 0x4E, 0xF7, 0xDE, 0xEF, 0xEE, 0x0B, 0x00, 0x50, 0x0E, 0x00,
    0xF7, 0x07, 0x00, 0x20, 0x3F, 0x00, 0x00, 0x00, 0xB0, 0x0E, 0x30, 0xFD, 0x06, 0x00, 0x20, 0x3F,
    0x00, 0x00, 0x00, 0xF4, 0x0E, 0xE5, 0x7B, 0x0C, 0x00, 0x20, 0x3F, 0x00, 0x00, 0x00, 0xDD, 0x1E,
    0xAC, 0x10, 0x1F, 0x00, 0x20, 0x3F, 0x00, 0x00, 0x90, 0x6E, 0x0E, 0x01, 0x00, 0x5D, 0x00, 0x20,
    0x3F, 0x00, 0x00, 0xB1, 0x57, 0x0E, 0x00, 0x10, 0x7E, 0x51, 0x54, 0x6F, 0x54, 0x01, 0x00, 0x50,
    0x0E, 0x00, 0xB0, 0xAE, 0xE2, 0xDD, 0xDF, 0xED, 0x02, 0x00, 0x50, 0x0E, 0x00, 0xCA, 0xB7, 0x00,
    0x20, 0x3F, 0x00, 0x00, 0x00, 0x50, 0x0E, 0xA1, 0x2E, 0xB5, 0x00, 0x20, 0x3F, 0x00, 0x00, 0x00,
    0x50, 0x0E, 0xEB, 0x03, 0xB5, 0x00, 0x20, 0x3F, 0x00, 0x00, 0x00, 0x50, 0x0E, 0x31, 0x00, 0xA6,
    0x00, 0x20, 0x3F, 0x00, 0x00, 0x00, 0x50, 0x0E, 0x00, 0x00, 0x88, 0x00, 0x20, 0x3F, 0x00, 0x00,
    0x00, 0x50, 0x0E, 0x00, 0x00, 0x6C, 0x00, 0x20, 0x3F, 0x00, 0x00, 0x00, 0x60, 0x0E, 0x00, 0x30,
    0x4F, 0x45, 0x54, 0x6F, 0x54, 0x06, 0x00, 0x70, 0x0E, 0x91, 0xEA, 0x58, 0xEE, 0xDD, 0xDD, 0xED,
    0x0F, 0x00, 0x80, 0x0E, 0x70, 0x37, 0x00, 0x00, 0x00, 0x00, 0x00, 0x00,
    // Unicode: [0x4FC8]
    0x00, 0x00, 0x73, 0x02, 0x00, 0x00, 0x96, 0x03, 0x00, 0x00, 0x00, 0x00, 0x00, 0xF8, 0x03, 0x93,
    0x03, 0xE8, 0x00, 0x00, 0x00, 0x00, 0x00, 0x00, 0x8D, 0x00, 0xE6, 0x02, 0xE7, 0x00, 0x00, 0x00,
    0x00, 0x00, 0x50, 0x1E, 0x00, 0x8B, 0x00, 0xE7, 0x00, 0x00, 0x00, 0x00, 0x00, 0xC0, 0x08, 0x20,
    0xEF, 0xDD, 0xFE, 0xDD, 0xED, 0x0E, 0x00, 0x00, 0xF4, 0x05, 0x90, 0x4B, 0x44, 0xE9, 0x44, 0x54,
    0x05, 0x00, 0x00, 0xFC, 0x05, 0xF4, 0x03, 0x00, 0xE6, 0x00, 0x00, 0x00, 0x00, 0x60, 0xFF, 0x05,
    0x95, 0x00, 0x00, 0xE6, 0x00, 0x00, 0x00, 0x00, 0xE3, 0xF7, 0x05, 0x01, 0x00, 0x00, 0xE6, 0x00,
    0x00, 0x00, 0x00, 0xCC, 0xF0, 0x15, 0xFF, 0xEE, 0xDD, 0xFE, 0xDD, 0xED, 0xFE, 0x01, 0x32, 0xF0,
    0x05, 0x45, 0x34, 0x33, 0x33, 0x33, 0x33, 0x54, 0x00, 0x00, 0xF0, 0x05, 0x00, 0x00, 0x00, 0x00,
    0x00, 0x00, 0x00, 0x00, 0x00, 0xF0, 0x05, 0x00, 0xDE, 0xCD, 0xCC, 0xDC, 0xED, 0x03, 0x00, 0x00,
    0xF0, 0x05, 0x00, 0x8E, 0x44, 0x44, 0x44, 0xF5, 0x03, 0x00, 0x00, 0xF0, 0x05, 0x00, 0x6E, 0x00,
    0x00, 0x00, 0xF2, 0x03, 0x00, 0x00, 0xF0, 0x05, 0x00, 0x6E, 0x00, 0x00, 0x00, 0xF2, 0x03, 0x00,
    0x00, 0xF0, 0x05, 0x00, 0x6E, 0x00, 0x00, 0x00, 0xF2, 0x03, 0x00, 0x00, 0xF1, 0x05, 0x00, 0xDE,
    0xCC, 0xCC, 0xCC, 0xFC, 0x03, 0x00, 0x00, 0xF2, 0x05, 0x00, 0x9E, 0x55, 0x55, 0x55, 0xF6, 0x03,
    0x00, 0x00, 0xF3, 0x05, 0x00, 0x5D, 0x00, 0x00, 0x00, 0xF2, 0x04, 0x00,
    // Unicode: [0x4FC9]
    0x00, 0x00, 0x50, 0x17, 0x00, 0x00, 0x00, 0x00, 0x00, 0x00, 0x00, 0x00, 0x00, 0xA0, 0x3E, 0x00,
    0x00, 0x00, 0x00, 0x00, 0x00, 0x00, 0x00, 0x00, 0xE1, 0x86, 0xEE, 0xDD, 0xDD, 0xDD, 0xED, 0xEE,
    0x00, 0x00, 0x00, 0xD7, 0x30, 0x34, 0x63, 0x2F, 0x32, 0x33, 0x54, 0x00, 0x00, 0x10, 0x6E, 0x00,
    0x00, 0x60, 0x0C, 0x00, 0x00, 0x00, 0x00, 0x00, 0x80, 0x2F, 0x10, 0x23, 0x92, 0x1B, 0x21, 0x32,
    0x01, 0x00, 0x00, 0xF2, 0x2F, 0x30, 0xFF, 0xFF, 0xEE, 0xEE, 0xFE, 0x04, 0x00, 0x00, 0xEC, 0x2F,
    0x00, 0x01, 0xD0, 0x05, 0x00, 0xF1, 0x03, 0x00, 0x80, 0x6F, 0x2F, 0x00, 0x00, 0xF1, 0x02, 0x00,
    0xF3, 0x02, 0x00, 0xC2, 0x38, 0x2F, 0x42, 0x23, 0xF5, 0x22, 0x22, 0xF5, 0x33, 0x04, 0x00, 0x30,
    0x2F, 0xF6, 0xEE, 0xDD, 0xDD, 0xDD, 0xDD, 0xEE, 0x0F, 0x00, 0x30, 0x2F, 0x00, 0x00, 0x00, 0x00,
    0x00, 0x00, 0x00, 0x00, 0x00, 0x30, 0x2F, 0x00, 0x31, 0x23, 0x22, 0x22, 0x33, 0x02, 0x00, 0x00,
    0x30, 0x2F, 0x00, 0xF4, 0xDD, 0xDD, 0xDD, 0xFD, 0x06, 0x00, 0x00, 0x30, 0x2F, 0x00, 0xF4, 0x00,
    0x00, 0x00, 0xD0, 0x06, 0x00, 0x00, 0x30, 0x2F, 0x00, 0xF4, 0x00, 0x00, 0x00, 0xD0, 0x06, 0x00,
    0x00, 0x30, 0x2F, 0x00, 0xF4, 0x00, 0x00, 0x00, 0xD0, 0x06, 0x00, 0x00, 0x40, 0x2F, 0x00, 0xF4,
    0xEE, 0xEE, 0xEE, 0xFE, 0x06, 0x00, 0x00, 0x50, 0x2F, 0x00, 0xF5, 0x23, 0x22, 0x22, 0xD2, 0x06,
    0x00, 0x00, 0x60, 0x2F, 0x00, 0xC5, 0x00, 0x00, 0x00, 0xD0, 0x07, 0x00,
    // Unicode: [0x4FCA]
    0x00, 0x00, 0x60, 0x28, 0x00, 0x00, 0x28, 0x00, 0x00, 0x00, 0x00, 0x00, 0x00, 0xC0, 0x1D, 0x00,
    0x70, 0x9F, 0x00, 0x01, 0x00, 0x00, 0x00, 0x00, 0xF2, 0x05, 0x00, 0xF4, 0x07, 0x90, 0x1B, 0x00,
    0x00, 0x00, 0x00, 0xC8, 0x00, 0x30, 0x6E, 0x00, 0x10, 0xBD, 0x01, 0x00, 0x00, 0x10, 0x6E, 0x00,
    0xE4, 0x07, 0x00, 0x10, 0xE3, 0x0A, 0x00, 0x00, 0x90, 0x6F, 0x60, 0xFF, 0xDD, 0xEE, 0xFF, 0xDE,
    0x8E, 0x00, 0x00, 0xF3, 0x6F, 0x20, 0x58, 0x65, 0x12, 0x30, 0x01, 0xE4, 0x02, 0x10, 0xBD, 0x6E,
    0x00, 0x00, 0xEB, 0x03, 0xB0, 0x4D, 0x10, 0x00, 0xB0, 0x2E, 0x6E, 0x00, 0xA1, 0x2D, 0x02, 0x00,
    0xF7, 0x08, 0x00, 0x81, 0x06, 0x6E, 0x40, 0xCD, 0x52, 0x5F, 0x00, 0x30, 0xCD, 0x02, 0x00, 0x00,
    0x6E, 0xC1, 0x1A, 0xE1, 0x08, 0x00, 0x00, 0xC2, 0x04, 0x00, 0x00, 0x6E, 0x10, 0x10, 0xFC, 0xEE,
    0xEE, 0xEE, 0x0B, 0x00, 0x00, 0x00, 0x6E, 0x00, 0xC1, 0x3D, 0x22, 0x22, 0xF6, 0x03, 0x00, 0x00,
    0x00, 0x6E, 0x50, 0xDD, 0x55, 0x00, 0x10, 0x9D, 0x00, 0x00, 0x00, 0x00, 0x6E, 0x50, 0x1B, 0xE4,
    0x05, 0xA0, 0x1D, 0x00, 0x00, 0x00, 0x00, 0x6E, 0x00, 0x00, 0x50, 0x7E, 0xDA, 0x02, 0x00, 0x00,
    0x00, 0x00, 0x6E, 0x00, 0x00, 0x00, 0xF8, 0x5F, 0x00, 0x00, 0x00, 0x00, 0x00, 0x6F, 0x00, 0x20,
    0xC7, 0x7E, 0xF9, 0x6C, 0x02, 0x00, 0x00, 0x10, 0x6F, 0x95, 0xFD, 0x8D, 0x01, 0x20, 0xE8, 0xDF,
    0x08, 0x00, 0x20, 0x6F, 0xD3, 0x49, 0x00, 0x00, 0x00, 0x00, 0x94, 0x03,
    // Unicode: [0x4FCB]
    0x00, 0x00, 0x50, 0x02, 0x00, 0x00, 0x00, 0x00, 0x00, 0x00, 0x00, 0x00, 0x00, 0xF1, 0x1B, 0x01,
    0x00, 0x00, 0x00, 0x11, 0x00, 0x00, 0x00, 0x00, 0xF5, 0x42, 0xFF, 0xFF, 0xFF, 0xFF, 0xFF, 0x00,
    0x00, 0x00, 0x00, 0xAB, 0x30, 0x2F, 0x00, 0x00, 0x00, 0xE7, 0x00, 0x00, 0x00, 0x30, 0x4F, 0x30,
    0x2F, 0x00, 0x00, 0x00, 0xE7, 0x00, 0x00, 0x00, 0xA0, 0x0F, 0x30, 0x3F, 0x11, 0x11, 0x11, 0xE7,
    0x00, 0x00, 0x00, 0xF4, 0x0F, 0x40, 0xFF, 0xFF, 0xFF, 0xFF, 0xFF, 0x00, 0x00, 0x00, 0xFC, 0x0F,
    0x00, 0x00, 0x00, 0x00, 0x00, 0x10, 0x00, 0x00, 0x90, 0x8F, 0x0F, 0xD0, 0xCC, 0xCC, 0xCC, 0xCC,
    0xCC, 0x0D, 0x00, 0xE2, 0x57, 0x0F, 0xE0, 0x48, 0x44, 0xE9, 0x44, 0x94, 0x0E, 0x00, 0x30, 0x50,
    0x0F, 0xE0, 0x06, 0x00, 0xE6, 0x00, 0x60, 0x0E, 0x00, 0x00, 0x50, 0x0F, 0xE0, 0x06, 0x00, 0xE6,
    0x00, 0x60, 0x0E, 0x00, 0x00, 0x50, 0x0F, 0xE0, 0x06, 0x00, 0xE6, 0x00, 0x60, 0x0E, 0x00, 0x00,
    0x50, 0x0F, 0xE0, 0xEF, 0xEE, 0xFF, 0xEE, 0xFE, 0x0E, 0x00, 0x00, 0x50, 0x0F, 0xE0, 0x17, 0x11,
    0x11, 0x11, 0x71, 0x0F, 0x00, 0x00, 0x50, 0x0F, 0xE0, 0x06, 0x00, 0x00, 0x00, 0x10, 0x12, 0x00,
    0x00, 0x60, 0x0F, 0xE0, 0x06, 0x00, 0x00, 0x00, 0x00, 0x70, 0x19, 0x00, 0x70, 0x0F, 0xE0, 0x07,
    0x00, 0x00, 0x00, 0x00, 0xD0, 0x1E, 0x00, 0x80, 0x0F, 0xC0, 0x6D, 0x34, 0x33, 0x33, 0x53, 0xFB,
    0x06, 0x00, 0x90, 0x0F, 0x30, 0xDA, 0xFE, 0xFF, 0xFF, 0xDE, 0x5B, 0x00,
    // Unicode: [0x4FCC]
    0x00, 0x00, 0x43, 0x00, 0x00, 0x10, 0x9A, 0x30, 0x02, 0x00, 0x00, 0x00, 0xF8, 0x04, 0x00, 0x00,
    0x7F, 0xA0, 0x6F, 0x00, 0x00, 0x00, 0x9D, 0x00, 0x00, 0x00, 0x6E, 0x00, 0xF7, 0x06, 0x00, 0x40,
    0x2F, 0x43, 0x33, 0x22, 0x8E, 0x22, 0x83, 0x24, 0x00, 0xB0, 0x0B, 0xF9, 0xEF, 0xEE, 0xEF, 0xEE,
    0xFE, 0x6F, 0x00, 0xF3, 0x06, 0x01, 0x00, 0x00, 0x6E, 0x00, 0x00, 0x11, 0x00, 0xFB, 0x06, 0x10,
    0x00, 0x00, 0x6E, 0x00, 0x00, 0x01, 0x50, 0xFF, 0x06, 0xF0, 0xFF, 0xEF, 0xFF, 0xFE, 0xFF, 0x0F,
    0xE2, 0xE9, 0x06, 0xE0, 0x27, 0x22, 0x7E, 0x22, 0x72, 0x0E, 0xDB, 0xE1, 0x06, 0xE0, 0x06, 0x00,
    0x6E, 0x00, 0x60, 0x0E, 0x43, 0xE0, 0x06, 0xE0, 0x17, 0x11, 0x7E, 0x11, 0x71, 0x0E, 0x00, 0xE0,
    0x06, 0xE0, 0xEF, 0xEE, 0xFF, 0xEE, 0xFE, 0x0E, 0x00, 0xE0, 0x06, 0xE0, 0x06, 0x00, 0x6E, 0x00,
    0x60, 0x0E, 0x00, 0xE0, 0x06, 0xE0, 0x06, 0x00, 0x6E, 0x00, 0x60, 0x0E, 0x00, 0xE0, 0x06, 0xE0,
    0x59, 0x55, 0x9E, 0x55, 0x95, 0x0E, 0x00, 0xE0, 0x06, 0xE0, 0xCD, 0xCC, 0xDF, 0xCC, 0xDC, 0x0E,
    0x00, 0xF0, 0x05, 0xE0, 0x06, 0x00, 0x7E, 0x00, 0x60, 0x0E, 0x00, 0xF0, 0x05, 0xF0, 0x06, 0x00,
    0x7F, 0x00, 0x60, 0x0E, 0x00, 0xF1, 0x05, 0xF1, 0x06, 0x00, 0x8F, 0x70, 0xB7, 0x0D, 0x00, 0xF2,
    0x05, 0xF2, 0x06, 0x10, 0x9F, 0x80, 0xDF, 0x06, 0x00, 0x10, 0x00, 0x00, 0x00, 0x00, 0x00, 0x00,
    0x00, 0x00,
    // Unicode: [0x4FCD]
    0x00, 0x00, 0x50, 0x03, 0x00, 0xB1, 0x04, 0x00, 0x00, 0x00, 0x00, 0x00, 0xC0, 0x1D, 0x00, 0xA0,
    0x1D, 0x00, 0x00, 0x00, 0x00, 0x00, 0xF2, 0x05, 0x01, 0x10, 0x8D, 0x00, 0x10, 0x00, 0x00, 0x00,
    0xD8, 0x30, 0xFF, 0xEE, 0xFF, 0xEE, 0xFF, 0x03, 0x00, 0x10, 0x5E, 0x30, 0x2F, 0x22, 0x22, 0x22,
    0xF4, 0x02, 0x00, 0x90, 0x0E, 0x30, 0x0F, 0x00, 0x00, 0x00, 0xF2, 0x02, 0x00, 0xF3, 0x0E, 0x30,
    0x2F, 0x22, 0x22, 0x22, 0xF4, 0x02, 0x10, 0xFD, 0x0E, 0x30, 0xEF, 0xEE, 0xEE, 0xEE, 0xFE, 0x02,
    0xA0, 0x8E, 0x0E, 0x30, 0x0F, 0x00, 0x00, 0x00, 0xF2, 0x02, 0xF8, 0x65, 0x0E, 0x30, 0x0F, 0x00,
    0x00, 0x00, 0xF2, 0x02, 0x73, 0x60, 0x0E, 0x30, 0xCF, 0xCC, 0xCC, 0xCC, 0xFD, 0x02, 0x00, 0x60,
    0x0E, 0x30, 0x4F, 0x33, 0x9B, 0x33, 0x44, 0x01, 0x00, 0x60, 0x0E, 0x30, 0x0F, 0x00, 0xD4, 0x00,
    0x30, 0x2C, 0x00, 0x60, 0x0E, 0x30, 0x0F, 0x00, 0xC0, 0x07, 0xE5, 0x4A, 0x00, 0x60, 0x0E, 0x30,
    0x0F, 0x00, 0x30, 0xAE, 0x4D, 0x00, 0x00, 0x60, 0x0E, 0x30, 0x0F, 0x00, 0x00, 0xF8, 0x03, 0x00,
    0x00, 0x70, 0x0E, 0x30, 0x0F, 0x71, 0x0B, 0xA0, 0x4E, 0x00, 0x00, 0x80, 0x0E, 0x40, 0x6F, 0xDD,
    0x05, 0x00, 0xF9, 0x2A, 0x00, 0x80, 0x0E, 0x90, 0xEF, 0x06, 0x00, 0x00, 0x60, 0x9E, 0x00, 0x90,
    0x0E, 0x70, 0x19, 0x00, 0x00, 0x00, 0x00, 0x02,
    // Unicode: [0x4FCE]
    0x00, 0x00, 0x9D, 0x00, 0x30, 0x33, 0x22, 0x22, 0x43, 0x01, 0x00, 0x00, 0x20, 0x6F, 0x00, 0x80,
    0xFF, 0xFF, 0xFF, 0xFF, 0x04, 0x00, 0x00, 0x60, 0x0E, 0x00, 0x70, 0x1E, 0x11, 0x11, 0xF5, 0x02,
    0x00, 0x00, 0xD0, 0x8E, 0x00, 0x70, 0x0E, 0x00, 0x00, 0xF4, 0x02, 0x00, 0x00, 0xF6, 0xB3, 0x1B,
    0x70, 0x0E, 0x00, 0x00, 0xF4, 0x02, 0x00, 0x20, 0x8E, 0x00, 0xDB, 0x73, 0x0E, 0x00, 0x00, 0xF4,
    0x02, 0x00, 0xD2, 0x1D, 0x00, 0xC1, 0x74, 0xDF, 0xDD, 0xDD, 0xFD, 0x02, 0x00, 0xE6, 0x03, 0x00,
    0x00, 0x70, 0x3E, 0x33, 0x33, 0xF6, 0x02, 0x00, 0x20, 0x20, 0x9D, 0x00, 0x70, 0x0E, 0x00, 0x00,
    0xF4, 0x02, 0x00, 0x00, 0x30, 0x5F, 0x00, 0x70, 0x0E, 0x00, 0x00, 0xF4, 0x02, 0x00, 0x00, 0x60,
    0x0E, 0x00, 0x70, 0x0E, 0x00, 0x00, 0xF4, 0x02, 0x00, 0x00, 0xA0, 0x0D, 0x00, 0x70, 0x1E, 0x11,
    0x11, 0xF5, 0x02, 0x00, 0x00, 0xE1, 0xAE, 0x00, 0x70, 0xEF, 0xEE, 0xEE, 0xFF, 0x02, 0x00, 0x00,
    0xF7, 0xB2, 0x0B, 0x70, 0x0E, 0x00, 0x00, 0xF4, 0x02, 0x00, 0x10, 0xAE, 0x10, 0xBD, 0x70, 0x0E,
    0x00, 0x00, 0xF4, 0x02, 0x00, 0xB0, 0x2E, 0x00, 0xF3, 0x75, 0x0E, 0x00, 0x00, 0xF4, 0x02, 0x00,
    0xFA, 0x06, 0x00, 0x20, 0x70, 0x0E, 0x00, 0x00, 0xF4, 0x02, 0x00, 0x98, 0x00, 0x00, 0xB0, 0xEE,
    0xCF, 0xCC, 0xCC, 0xFD, 0xED, 0x04, 0x00, 0x00, 0x00, 0x40, 0x34, 0x33, 0x33, 0x33, 0x33, 0x54,
    0x01,
    // Unicode: [0x4FCF]
    0x00, 0x00, 0x70, 0x05, 0x00, 0x00, 0x81, 0x06, 0x00, 0x00, 0x00, 0x00, 0xE0, 0x1E, 0x00, 0x00,
    0xF0, 0x08, 0x00, 0x02, 0x00, 0x00, 0xF4, 0x24, 0x3C, 0x00, 0xE0, 0x05, 0x10, 0xBE, 0x00, 0x00,
    0xBB, 0x00, 0xDA, 0x01, 0xE0, 0x05, 0x90, 0x5E, 0x00, 0x30, 0x6F, 0x00, 0xC0, 0x0B, 0xE0, 0x05,
    0xE8, 0x03, 0x00, 0xB0, 0x6F, 0x00, 0x30, 0x1A, 0xE0, 0x35, 0x3E, 0x00, 0x00, 0xF5, 0x6F, 0x00,
    0x56, 0x44, 0xE4, 0x48, 0x45, 0x45, 0x20, 0xDE, 0x6E, 0x00, 0xDF, 0xCC, 0xCC, 0xCC, 0xCC, 0x9F,
    0xC1, 0x3F, 0x6E, 0x00, 0x7F, 0x00, 0x00, 0x00, 0x00, 0x8E, 0x93, 0x07, 0x6E, 0x00, 0x7E, 0x00,
    0x00, 0x00, 0x00, 0x7E, 0x00, 0x00, 0x6E, 0x00, 0xDE, 0xCC, 0xCC, 0xCC, 0xCC, 0x7F, 0x00, 0x00,
    0x6E, 0x00, 0x8E, 0x22, 0x22, 0x22, 0x22, 0x7E, 0x00, 0x00, 0x6E, 0x00, 0x7E, 0x00, 0x00, 0x00,
    0x00, 0x7E, 0x00, 0x00, 0x6E, 0x00, 0x7E, 0x00, 0x00, 0x00, 0x00, 0x7E, 0x00, 0x00, 0x6E, 0x00,
    0xFE, 0xEE, 0xEE, 0xEE, 0xEE, 0x7F, 0x00, 0x00, 0x6E, 0x00, 0x7E, 0x11, 0x11, 0x11, 0x11, 0x7E,
    0x00, 0x00, 0x6F, 0x00, 0x7E, 0x00, 0x00, 0x00, 0x00, 0x7E, 0x00, 0x00, 0x6F, 0x00, 0x7E, 0x00,
    0x00, 0x00, 0x00, 0x7E, 0x00, 0x10, 0x6F, 0x00, 0x7F, 0x00, 0x00, 0x20, 0x99, 0x7F, 0x00, 0x20,
    0x6F, 0x10, 0x6E, 0x00, 0x00, 0x00, 0xED, 0x2B,
    // Unicode: [0x4FD0]
    0x00, 0x00, 0x50, 0x01, 0x00, 0x00, 0x00, 0x00, 0x00, 0x00, 0x00, 0x00, 0x00, 0xE1, 0x1C, 0x00,
    0x00, 0x30, 0x01, 0x00, 0xA5, 0x02, 0x00, 0x00, 0xF5, 0x02, 0x20, 0x84, 0xFC, 0x0A, 0x00, 0xE6,
    0x00, 0x00, 0x00, 0x9B, 0xE3, 0xDF, 0xAF, 0x25, 0x01, 0x00, 0xE6, 0x00, 0x00, 0x30, 0x1F, 0x30,
    0x01, 0x5F, 0x00, 0x60, 0x1E, 0xE5, 0x00, 0x00, 0xB0, 0x0E, 0x00, 0x00, 0x5F, 0x00, 0x40, 0x0E,
    0xE5, 0x00, 0x00, 0xF6, 0x0E, 0x00, 0x00, 0x5F, 0x00, 0x40, 0x0E, 0xE5, 0x00, 0x20, 0xDE, 0x0E,
    0xFC, 0xEE, 0xEF, 0xFE, 0x49, 0x0E, 0xE5, 0x00, 0xD1, 0x7C, 0x0E, 0x33, 0x43, 0x6F, 0x32, 0x43,
    0x0E, 0xE5, 0x00, 0x30, 0x72, 0x0E, 0x00, 0x80, 0x7F, 0x00, 0x40, 0x0E, 0xE5, 0x00, 0x00, 0x70,
    0x0E, 0x00, 0xE1, 0xFF, 0x08, 0x40, 0x0E, 0xE5, 0x00, 0x00, 0x70, 0x0E, 0x00, 0x99, 0x7F, 0xBD,
    0x41, 0x0E, 0xE5, 0x00, 0x00, 0x70, 0x0E, 0x50, 0x2E, 0x5F, 0xE2, 0x56, 0x0E, 0xE5, 0x00, 0x00,
    0x70, 0x0E, 0xE2, 0x07, 0x5F, 0x10, 0x60, 0x0F, 0xE5, 0x00, 0x00, 0x70, 0x2E, 0xBD, 0x00, 0x5F,
    0x00, 0x20, 0x05, 0xE5, 0x00, 0x00, 0x70, 0x3E, 0x1B, 0x00, 0x5F, 0x00, 0x00, 0x00, 0xE5, 0x00,
    0x00, 0x70, 0x0E, 0x00, 0x00, 0x5F, 0x00, 0x00, 0x00, 0xE5, 0x00, 0x00, 0x80, 0x0E, 0x00, 0x10,
    0x5F, 0x00, 0x00, 0x00, 0xE6, 0x00, 0x00, 0x90, 0x0E, 0x00, 0x10, 0x6F, 0x00, 0x00, 0x96, 0xCD,
    0x00, 0x00, 0xA0, 0x0E, 0x00, 0x20, 0x6D, 0x00, 0x00, 0xC5, 0x2A, 0x00,
    // Unicode: [0x4FD1]
    0x00, 0x00, 0x80, 0x05, 0x00, 0x00, 0x00, 0x00, 0x00, 0x00, 0x00, 0x00, 0xE0, 0x2D, 0x22, 0x11,
    0x11, 0x11, 0x11, 0x12, 0x00, 0x00, 0xF5, 0x02, 0xFE, 0xEF, 0xEE, 0xEE, 0xFF, 0x3F, 0x00, 0x00,
    0x9B, 0x00, 0x01, 0x00, 0x00, 0x10, 0xDC, 0x03, 0x00, 0x40, 0x6F, 0x00, 0x00, 0x70, 0x05, 0xD2,
    0x1B, 0x00, 0x00, 0xC0, 0x6F, 0x00, 0x00, 0x60, 0xCD, 0xAD, 0x00, 0x00, 0x00, 0xF6, 0x6F, 0x00,
    0x12, 0x11, 0x91, 0x8F, 0x11, 0x21, 0x20, 0x9E, 0x6E, 0x20, 0xFF, 0xFF, 0xFF, 0xFF, 0xFF, 0xFF,
    0xD2, 0x1D, 0x6E, 0x10, 0x4F, 0x00, 0xE0, 0x06, 0x00, 0xE7, 0x61, 0x03, 0x6E, 0x00, 0x4F, 0x00,
    0xE0, 0x06, 0x00, 0xE7, 0x00, 0x00, 0x6E, 0x00, 0xCF, 0xBB, 0xFB, 0xBD, 0xBB, 0xED, 0x00, 0x00,
    0x6E, 0x00, 0x7F, 0x44, 0xE4, 0x49, 0x44, 0xEA, 0x00, 0x00, 0x6E, 0x00, 0x4F, 0x00, 0xE0, 0x06,
    0x00, 0xE7, 0x00, 0x00, 0x6E, 0x00, 0x4F, 0x00, 0xE0, 0x06, 0x00, 0xE7, 0x00, 0x00, 0x6E, 0x00,
    0xFF, 0xFF, 0xFF, 0xFF, 0xFF, 0xEF, 0x00, 0x00, 0x6E, 0x00, 0x4F, 0x00, 0xE0, 0x06, 0x00, 0xE7,
    0x00, 0x00, 0x6F, 0x10, 0x4F, 0x00, 0xE0, 0x06, 0x00, 0xE7, 0x00, 0x00, 0x6F, 0x10, 0x4F, 0x00,
    0xE0, 0x06, 0x00, 0xE7, 0x00, 0x10, 0x6F, 0x20, 0x4F, 0x00, 0xF0, 0x07, 0x00, 0xC8, 0x00, 0x20,
    0x6F, 0x20, 0x4D, 0x00, 0x70, 0x03, 0xC7, 0x4D, 0x00, 0x00, 0x00, 0x00, 0x00, 0x00, 0x00, 0x00,
    0x21, 0x00,
    // Unicode: [0x4FD2]
    0x00, 0x00, 0x80, 0x06, 0x00, 0x50, 0x06, 0x00, 0x00, 0x00, 0x00, 0x00, 0x00, 0xF1, 0x09, 0x00,
    0x90, 0x3F, 0x00, 0x00, 0x00, 0x00, 0x00, 0x00, 0xE6, 0x11, 0x00, 0x00, 0xBC, 0x00, 0x00, 0x00,
    0x00, 0x00, 0x00, 0x8C, 0xD0, 0xFF, 0xEE, 0xFE, 0xEE, 0xFE, 0x5F, 0x00, 0x00, 0x40, 0x1F, 0xD0,
    0x26, 0x22, 0x22, 0x22, 0x22, 0x5E, 0x00, 0x00, 0xC0, 0x0F, 0xD0, 0x05, 0x00, 0x00, 0x00, 0x00,
    0x5E, 0x00, 0x00, 0xF5, 0x0F, 0xC0, 0x25, 0x23, 0x22, 0x32, 0x04, 0x5E, 0x00, 0x10, 0xCE, 0x0F,
    0x00, 0x70, 0xEF, 0xDE, 0xEE, 0x1F, 0x00, 0x00, 0xB0, 0x5D, 0x0F, 0x00, 0x00, 0x00, 0x00, 0x00,
    0x00, 0x00, 0x00, 0x91, 0x45, 0x0F, 0x00, 0x00, 0x00, 0x00, 0x00, 0x00, 0x00, 0x00, 0x00, 0x40,
    0x0F, 0x30, 0x34, 0x23, 0x22, 0x22, 0x33, 0x24, 0x00, 0x00, 0x40, 0x0F, 0xB0, 0xDE, 0xFE, 0xDD,
    0xFE, 0xED, 0x7E, 0x00, 0x00, 0x40, 0x0F, 0x00, 0x00, 0xF4, 0x00, 0xD6, 0x00, 0x00, 0x00, 0x00,
    0x40, 0x0F, 0x00, 0x00, 0xE5, 0x00, 0xD6, 0x00, 0x00, 0x00, 0x00, 0x40, 0x0F, 0x00, 0x00, 0xC7,
    0x00, 0xD6, 0x00, 0x00, 0x00, 0x00, 0x50, 0x0F, 0x00, 0x00, 0x8B, 0x00, 0xD6, 0x00, 0x00, 0x00,
    0x00, 0x50, 0x0F, 0x00, 0x20, 0x2E, 0x00, 0xD6, 0x00, 0x20, 0x00, 0x00, 0x60, 0x0F, 0x00, 0xC1,
    0x07, 0x00, 0xE6, 0x00, 0xF2, 0x03, 0x00, 0x70, 0x0F, 0x60, 0x6D, 0x00, 0x00, 0xF5, 0x35, 0xE9,
    0x00, 0x00, 0x80, 0x1F, 0x8B, 0x01, 0x00, 0x00, 0xB1, 0xFE, 0x6E, 0x00,
    // Unicode: [0x4FD3]
    0x00, 0x00, 0x30, 0x03, 0x00, 0x00, 0x00, 0x00, 0x00, 0x00, 0x00, 0x00, 0x00, 0x90, 0x4F, 0x00,
    0x00, 0x00, 0x00, 0x00, 0x00, 0x00, 0x00, 0x00, 0xE1, 0x48, 0xEF, 0xDE, 0xDD, 0xDD, 0xED, 0xFE,
    0x03, 0x00, 0x00, 0xE7, 0x11, 0x75, 0x34, 0x43, 0x33, 0x43, 0x54, 0x01, 0x00, 0x00, 0x7D, 0x00,
    0xA0, 0x1E, 0x60, 0x3E, 0x40, 0x3C, 0x00, 0x00, 0x70, 0x3F, 0x00, 0xF1, 0x05, 0xD0, 0x08, 0xB0,
    0x1A, 0x00, 0x00, 0xE2, 0x3F, 0x00, 0xA9, 0x00, 0xD6, 0x01, 0xD4, 0x01, 0x00, 0x00, 0xEB, 0x3F,
    0x40, 0x2E, 0x20, 0x4E, 0x10, 0x4D, 0x00, 0x00, 0x80, 0x6F, 0x3F, 0x30, 0x5F, 0x00, 0x8C, 0x00,
    0x9C, 0x00, 0x00, 0xF3, 0x28, 0x3F, 0x00, 0xE7, 0x01, 0xE2, 0x05, 0xD1, 0x07, 0x00, 0x60, 0x20,
    0x3F, 0x00, 0xD0, 0x09, 0x70, 0x1D, 0x50, 0x4F, 0x00, 0x00, 0x20, 0x3F, 0x00, 0x70, 0x08, 0x20,
    0x18, 0x00, 0x06, 0x00, 0x00, 0x20, 0x3F, 0x20, 0x56, 0x34, 0x33, 0x33, 0x44, 0x45, 0x00, 0x00,
    0x20, 0x3F, 0x40, 0xEF, 0xDD, 0xFD, 0xDE, 0xDD, 0xBE, 0x00, 0x00, 0x20, 0x3F, 0x00, 0x00, 0x00,
    0xE0, 0x07, 0x00, 0x00, 0x00, 0x00, 0x20, 0x3F, 0x00, 0x00, 0x00, 0xE0, 0x07, 0x00, 0x00, 0x00,
    0x00, 0x30, 0x3F, 0x00, 0x00, 0x00, 0xE0, 0x07, 0x00, 0x00, 0x00, 0x00, 0x40, 0x3F, 0x00, 0x00,
    0x00, 0xE0, 0x07, 0x00, 0x00, 0x00, 0x00, 0x50, 0x3F, 0xF6, 0xEE, 0xDD, 0xFD, 0xDE, 0xDD, 0xFE,
    0x0F, 0x00, 0x50, 0x3F, 0x63, 0x55, 0x44, 0x44, 0x44, 0x44, 0x55, 0x06,
    // Unicode: [0x4FD4]
    0x00, 0x00, 0x41, 0x00, 0x00, 0x00, 0x00, 0x00, 0x00, 0x00, 0x00, 0x00, 0x00, 0xF5, 0x08, 0x12,
    0x00, 0x00, 0x00, 0x11, 0x01, 0x00, 0x00, 0x00, 0xDA, 0x00, 0xFF, 0xFF, 0xFF, 0xFF, 0xFF, 0x06,
    0x00, 0x00, 0x10, 0x6E, 0x00, 0x8E, 0x22, 0x22, 0x22, 0xF2, 0x05, 0x00, 0x00, 0x70, 0x2F, 0x00,
    0x6E, 0x00, 0x00, 0x00, 0xF0, 0x05, 0x00, 0x00, 0xD1, 0x2F, 0x00, 0x9E, 0x55, 0x55, 0x55, 0xF5,
    0x05, 0x00, 0x00, 0xF8, 0x2F, 0x00, 0xDE, 0xCC, 0xCC, 0xCC, 0xFC, 0x05, 0x00, 0x30, 0xDF, 0x2F,
    0x00, 0x6E, 0x00, 0x00, 0x00, 0xF0, 0x05, 0x00, 0xD1, 0x6E, 0x2F, 0x00, 0x7E, 0x22, 0x22, 0x22,
    0xF2, 0x05, 0x00, 0xC2, 0x55, 0x2F, 0x00, 0xFE, 0xFF, 0xFF, 0xFF, 0xFF, 0x05, 0x00, 0x10, 0x50,
    0x2F, 0x00, 0x6E, 0x00, 0x00, 0x00, 0xF0, 0x05, 0x00, 0x00, 0x50, 0x2F, 0x00, 0x6E, 0x00, 0x00,
    0x00, 0xF0, 0x05, 0x00, 0x00, 0x50, 0x2F, 0x00, 0x9E, 0x55, 0x55, 0x55, 0xF5, 0x05, 0x00, 0x00,
    0x50, 0x2F, 0x00, 0xCD, 0xED, 0xBB, 0xFD, 0xCC, 0x05, 0x00, 0x00, 0x50, 0x2F, 0x00, 0x00, 0xC7,
    0x00, 0xE5, 0x00, 0x00, 0x00, 0x00, 0x50, 0x2F, 0x00, 0x00, 0x99, 0x00, 0xE5, 0x00, 0x00, 0x00,
    0x00, 0x50, 0x2F, 0x00, 0x00, 0x5D, 0x00, 0xE5, 0x00, 0x10, 0x00, 0x00, 0x60, 0x2F, 0x00, 0x80,
    0x0D, 0x00, 0xE5, 0x00, 0x90, 0x0B, 0x00, 0x70, 0x2F, 0x40, 0xCC, 0x02, 0x00, 0xF4, 0x36, 0xE5,
    0x08, 0x00, 0x80, 0x3F, 0xDC, 0x06, 0x00, 0x00, 0xB1, 0xFE, 0xAE, 0x01, 0x00, 0x00, 0x00, 0x01,
    0x00, 0x00, 0x00, 0x00, 0x00, 0x00, 0x00,
    // Unicode: [0x4FD5]
    0x00, 0x00, 0x50, 0x01, 0x00, 0x10, 0x07, 0x00, 0x00, 0x00, 0x00, 0x00, 0xF4, 0x08, 0x00, 0x30,
    0x4F, 0x00, 0x00, 0x00, 0x00, 0x00, 0xC9, 0x10, 0x00, 0x00, 0xAA, 0x00, 0x00, 0x00, 0x00, 0x10,
    0x5E, 0xE0, 0xFF, 0xEE, 0xFF, 0xEE, 0xFF, 0x3F, 0x00, 0x70, 0x0E, 0xE0, 0x15, 0x11, 0x11, 0x11,
    0x31, 0x3F, 0x00, 0xE1, 0x0E, 0xE0, 0x05, 0x00, 0x65, 0x00, 0x20, 0x3F, 0x00, 0xF8, 0x0E, 0xE0,
    0x05, 0x00, 0xC9, 0x00, 0x20, 0x3F, 0x20, 0xBF, 0x0E, 0x20, 0x01, 0x00, 0xB8, 0x00, 0x00, 0x02,
    0xD1, 0x5C, 0x0E, 0x42, 0x33, 0x23, 0xB9, 0x22, 0x33, 0x44, 0xF6, 0x53, 0x0E, 0xF5, 0xEF, 0xFE,
    0xFF, 0xEF, 0xFE, 0xBF, 0x30, 0x50, 0x0E, 0x11, 0x00, 0xD1, 0xB8, 0x2C, 0x00, 0x11, 0x00, 0x50,
    0x0E, 0x00, 0x00, 0x88, 0xB8, 0x96, 0x00, 0x00, 0x00, 0x50, 0x0E, 0x00, 0x20, 0x2E, 0xB8, 0xD1,
    0x02, 0x00, 0x00, 0x50, 0x0E, 0x00, 0xB0, 0x09, 0xB8, 0x60, 0x0C, 0x00, 0x00, 0x50, 0x0E, 0x00,
    0xE7, 0x01, 0xB8, 0x00, 0x9C, 0x00, 0x00, 0x50, 0x0E, 0x60, 0x4F, 0x00, 0xB8, 0x00, 0xE2, 0x07,
    0x00, 0x60, 0x0E, 0xF7, 0x08, 0x00, 0xB8, 0x00, 0x50, 0x9F, 0x00, 0x60, 0x1E, 0x9C, 0x00, 0x00,
    0xB8, 0x00, 0x00, 0xA7, 0x00, 0x70, 0x0E, 0x01, 0x00, 0x00, 0xC9, 0x00, 0x00, 0x00, 0x00, 0x80,
    0x0E, 0x00, 0x00, 0x00, 0xB9, 0x00, 0x00, 0x00,
    // Unicode: [0x4FD6]
    0x00, 0x00, 0x20, 0x27, 0x00, 0x00, 0x00, 0x00, 0x00, 0x00, 0x00, 0x00, 0x00, 0x70, 0x7F, 0x00,
    0x00, 0x00, 0x00, 0x00, 0x00, 0x00, 0x00, 0x00, 0xC0, 0x1A, 0xDE, 0xDD, 0xDD, 0xDD, 0xDD, 0xED,
    0x0A, 0x00, 0x00, 0xF4, 0x12, 0x56, 0x44, 0x64, 0x4F, 0x44, 0x54, 0x04, 0x00, 0x00, 0xAC, 0x00,
    0x00, 0x00, 0xA0, 0x0B, 0x00, 0x00, 0x00, 0x00, 0x50, 0x6F, 0x00, 0x00, 0x00, 0xF6, 0x0B, 0x02,
    0x00, 0x00, 0x00, 0xD1, 0x6F, 0x00, 0x00, 0x50, 0xBE, 0x4B, 0x6F, 0x00, 0x00, 0x00, 0xEA, 0x6F,
    0x00, 0x00, 0xF8, 0x85, 0x0B, 0xE4, 0x0A, 0x00, 0x90, 0x5F, 0x6E, 0x00, 0xB2, 0x4E, 0x80, 0x0B,
    0x20, 0xCD, 0x01, 0xC1, 0x09, 0x6E, 0xA1, 0xCF, 0x02, 0x80, 0x0B, 0x00, 0xD2, 0x0C, 0x10, 0x00,
    0x6E, 0x80, 0x06, 0x00, 0x90, 0x0B, 0x00, 0x20, 0x03, 0x00, 0x00, 0x6E, 0x00, 0x00, 0x00, 0x80,
    0x0B, 0x00, 0x00, 0x00, 0x00, 0x00, 0x6E, 0x00, 0x60, 0x45, 0x33, 0x33, 0x54, 0x17, 0x00, 0x00,
    0x00, 0x6E, 0x00, 0xC0, 0xEF, 0xEE, 0xEE, 0xEE, 0x1F, 0x00, 0x00, 0x00, 0x6E, 0x00, 0xB0, 0x08,
    0x00, 0x00, 0x40, 0x0F, 0x00, 0x00, 0x00, 0x6E, 0x00, 0xB0, 0x08, 0x00, 0x00, 0x40, 0x0F, 0x00,
    0x00, 0x00, 0x6F, 0x00, 0xB0, 0x08, 0x00, 0x00, 0x40, 0x0F, 0x00, 0x00, 0x10, 0x6F, 0x00, 0xB0,
    0x4A, 0x44, 0x44, 0x74, 0x0F, 0x00, 0x00, 0x20, 0x6F, 0x00, 0xB0, 0xDE, 0xDD, 0xDD, 0xED, 0x0F,
    0x00, 0x00, 0x20, 0x6F, 0x00, 0xA0, 0x07, 0x00, 0x00, 0x40, 0x1F, 0x00,
    // Unicode: [0x4FD7]
    0x00, 0x00, 0x40, 0x02, 0x00, 0x00, 0x00, 0x00, 0x00, 0x00, 0x00, 0x00, 0x00, 0xD0, 0x2E, 0x00,
    0xA6, 0x02, 0xC1, 0x05, 0x00, 0x00, 0x00, 0x00, 0xF3, 0x05, 0x10, 0xBD, 0x01, 0x80, 0x6F, 0x00,
    0x00, 0x00, 0x00, 0xC9, 0x00, 0x90, 0x1D, 0x00, 0x00, 0xF7, 0x05, 0x00, 0x00, 0x10, 0x5F, 0x00,
    0xF6, 0x03, 0x70, 0x02, 0x80, 0x4F, 0x00, 0x00, 0x90, 0x3F, 0x70, 0x6F, 0x00, 0xF6, 0x06, 0x00,
    0x7B, 0x00, 0x00, 0xF3, 0x3F, 0x40, 0x06, 0x10, 0xFD, 0x07, 0x00, 0x00, 0x00, 0x00, 0xDC, 0x3F,
    0x00, 0x00, 0xA0, 0x3D, 0x7E, 0x00, 0x00, 0x00, 0x90, 0x5F, 0x3F, 0x00, 0x00, 0xF8, 0x04, 0xE4,
    0x09, 0x00, 0x00, 0xE2, 0x28, 0x3F, 0x00, 0xA1, 0x5F, 0x00, 0x30, 0xCE, 0x03, 0x00, 0x20, 0x20,
    0x3F, 0x50, 0xED, 0x05, 0x00, 0x00, 0xC2, 0xAF, 0x04, 0x00, 0x20, 0x3F, 0xF9, 0x3D, 0x00, 0x00,
    0x00, 0x00, 0xE8, 0x0B, 0x00, 0x20, 0x3F, 0x71, 0xE1, 0xDE, 0xDD, 0xDD, 0xEE, 0x27, 0x02, 0x00,
    0x20, 0x3F, 0x00, 0xF0, 0x48, 0x44, 0x44, 0xF4, 0x06, 0x00, 0x00, 0x20, 0x3F, 0x00, 0xF0, 0x06,
    0x00, 0x00, 0xF0, 0x05, 0x00, 0x00, 0x20, 0x3F, 0x00, 0xF0, 0x06, 0x00, 0x00, 0xF0, 0x05, 0x00,
    0x00, 0x20, 0x3F, 0x00, 0xF0, 0x06, 0x00, 0x00, 0xF0, 0x05, 0x00, 0x00, 0x30, 0x3F, 0x00, 0xF0,
    0xDE, 0xDD, 0xDD, 0xFD, 0x06, 0x00, 0x00, 0x30, 0x3F, 0x00, 0xF1, 0x59, 0x55, 0x55, 0xF5, 0x07,
    0x00, 0x00, 0x50, 0x3F, 0x00, 0xF2, 0x06, 0x00, 0x00, 0xF0, 0x08, 0x00,
    // Unicode: [0x4FD8]
    0x00, 0x00, 0x20, 0x00, 0x00, 0x00, 0x00, 0x00, 0x00, 0x00, 0x00, 0x00, 0x00, 0xC0, 0x1C, 0x00,
    0x00, 0x00, 0x00, 0x62, 0x7A, 0x00, 0x00, 0x00, 0xF3, 0x57, 0x77, 0x87, 0xBA, 0xFD, 0xEF, 0xAC,
    0x01, 0x00, 0x00, 0xCA, 0x60, 0xCD, 0xAB, 0x78, 0x35, 0x01, 0x00, 0x00, 0x00, 0x20, 0x5F, 0x00,
    0x10, 0x00, 0x76, 0x00, 0x00, 0x9D, 0x00, 0x00, 0xA0, 0x4F, 0x00, 0xC9, 0x00, 0xF4, 0x03, 0x60,
    0x5F, 0x00, 0x00, 0xF5, 0x4F, 0x00, 0xE2, 0x07, 0x90, 0x0C, 0xE1, 0x07, 0x00, 0x10, 0xAE, 0x4F,
    0x00, 0x70, 0x0E, 0x20, 0x1A, 0xBA, 0x00, 0x00, 0xB0, 0x2D, 0x4F, 0x00, 0x10, 0x02, 0x00, 0x00,
    0x16, 0x00, 0x00, 0xD1, 0x14, 0x4F, 0x40, 0xFF, 0xEE, 0xEE, 0xEE, 0xEE, 0x4F, 0x00, 0x10, 0x10,
    0x4F, 0x10, 0x33, 0x22, 0x22, 0x52, 0xBE, 0x04, 0x00, 0x00, 0x10, 0x4F, 0x00, 0x00, 0x00, 0x00,
    0xE6, 0x07, 0x00, 0x00, 0x00, 0x10, 0x4F, 0x00, 0x00, 0x00, 0x60, 0x4F, 0x00, 0x00, 0x00, 0x00,
    0x10, 0x4F, 0x54, 0x44, 0x33, 0x93, 0x3E, 0x33, 0x54, 0x16, 0x00, 0x10, 0x4F, 0xFB, 0xEE, 0xDD,
    0xED, 0xDF, 0xDD, 0xEE, 0x4F, 0x00, 0x10, 0x4F, 0x00, 0x00, 0x00, 0x70, 0x0E, 0x00, 0x00, 0x00,
    0x00, 0x10, 0x4F, 0x00, 0x00, 0x00, 0x70, 0x0E, 0x00, 0x00, 0x00, 0x00, 0x20, 0x4F, 0x00, 0x00,
    0x00, 0x70, 0x0E, 0x00, 0x00, 0x00, 0x00, 0x30, 0x4F, 0x00, 0x00, 0x91, 0xD8, 0x0C, 0x00, 0x00,
    0x00, 0x00, 0x40, 0x4F, 0x00, 0x00, 0x70, 0x7A, 0x02, 0x00, 0x00, 0x00,
    // Unicode: [0x4FD9]
    0x00, 0x00, 0x20, 0x03, 0x00, 0x00, 0x00, 0x00, 0x20, 0x00, 0x00, 0x00, 0x00, 0x80, 0x5F, 0x92,
    0x03, 0x00, 0x00, 0xF6, 0x07, 0x00, 0x00, 0x00, 0xD0, 0x09, 0x93, 0xCE, 0x16, 0xA1, 0x8E, 0x02,
    0x00, 0x00, 0x00, 0xF4, 0x02, 0x00, 0x40, 0xEA, 0xCE, 0x02, 0x00, 0x00, 0x00, 0x00, 0xAB, 0x00,
    0x00, 0x60, 0xCD, 0xE8, 0x5B, 0x00, 0x00, 0x00, 0x30, 0x6F, 0x00, 0x83, 0xDE, 0x55, 0x10, 0xE7,
    0x5C, 0x00, 0x00, 0xC0, 0x6F, 0x60, 0xCF, 0x05, 0xF5, 0x06, 0x10, 0xA9, 0x00, 0x00, 0xF6, 0x6F,
    0x00, 0x03, 0x00, 0x9C, 0x00, 0x00, 0x00, 0x00, 0x30, 0x9F, 0x6E, 0xE0, 0xEE, 0xDD, 0xDF, 0xDD,
    0xDD, 0xED, 0x0B, 0xE2, 0x1D, 0x6E, 0x40, 0x34, 0xF5, 0x36, 0x34, 0x33, 0x43, 0x04, 0x20, 0x03,
    0x6E, 0x00, 0x00, 0xAB, 0x30, 0x6F, 0x00, 0x00, 0x00, 0x00, 0x00, 0x6E, 0x00, 0x80, 0x2E, 0x31,
    0x4F, 0x22, 0x23, 0x00, 0x00, 0x00, 0x6E, 0x00, 0xF6, 0xEF, 0xEE, 0xEF, 0xEE, 0x9F, 0x00, 0x00,
    0x00, 0x6E, 0x70, 0xCF, 0x0B, 0x10, 0x3F, 0x00, 0x9A, 0x00, 0x00, 0x00, 0x7E, 0xFA, 0x86, 0x0B,
    0x10, 0x3F, 0x00, 0x8A, 0x00, 0x00, 0x00, 0x6E, 0x64, 0x80, 0x0B, 0x10, 0x3F, 0x00, 0x8A, 0x00,
    0x00, 0x00, 0x6F, 0x00, 0x90, 0x0B, 0x10, 0x3F, 0x00, 0x8B, 0x00, 0x00, 0x10, 0x6F, 0x00, 0xA0,
    0x0B, 0x10, 0x3F, 0xED, 0x6F, 0x00, 0x00, 0x10, 0x6F, 0x00, 0x60, 0x06, 0x20, 0x3F, 0x55, 0x02,
    0x00, 0x00, 0x20, 0x6F, 0x00, 0x00, 0x00, 0x30, 0x5F, 0x00, 0x00, 0x00, 0x00, 0x00, 0x00, 0x00,
    0x00, 0x00, 0x00, 0x11, 0x00, 0x00, 0x00,
    // Unicode: [0x4FDA]
    0x00, 0x00, 0x70, 0x06, 0x00, 0x00, 0x00, 0x00, 0x00, 0x00, 0x00, 0x00, 0x00, 0xD0, 0x0B, 0x23,
    0x11, 0x11, 0x11, 0x21, 0x13, 0x00, 0x00, 0x00, 0xE4, 0x02, 0xEE, 0xEE, 0xFE, 0xEE, 0xEE, 0x5F,
    0x00, 0x00, 0x00, 0x8C, 0x00, 0x6E, 0x00, 0xE0, 0x05, 0x00, 0x4E, 0x00, 0x00, 0x50, 0x2F, 0x00,
    0x6D, 0x00, 0xE0, 0x05, 0x00, 0x4E, 0x00, 0x00, 0xE1, 0x0E, 0x00, 0x6D, 0x00, 0xE0, 0x05, 0x00,
    0x4E, 0x00, 0x00, 0xFA, 0x0E, 0x00, 0xFD, 0xFF, 0xFF, 0xFF, 0xFF, 0x4F, 0x00, 0x70, 0xAF, 0x0E,
    0x00, 0x7D, 0x11, 0xE1, 0x16, 0x11, 0x4E, 0x00, 0xF4, 0x59, 0x0E, 0x00, 0x6D, 0x00, 0xE0, 0x05,
    0x00, 0x4E, 0x00, 0x70, 0x51, 0x0E, 0x00, 0x6E, 0x00, 0xE0, 0x05, 0x00, 0x5E, 0x00, 0x00, 0x50,
    0x0E, 0x00, 0xFE, 0xEE, 0xFE, 0xEF, 0xEE, 0x5F, 0x00, 0x00, 0x50, 0x0E, 0x00, 0x23, 0x12, 0xE1,
    0x16, 0x11, 0x12, 0x00, 0x00, 0x50, 0x0E, 0x00, 0x00, 0x00, 0xE0, 0x05, 0x00, 0x00, 0x00, 0x00,
    0x50, 0x0E, 0x30, 0x56, 0x44, 0xE3, 0x37, 0x44, 0x55, 0x00, 0x00, 0x50, 0x0E, 0x70, 0xEF, 0xDD,
    0xFD, 0xDD, 0xED, 0xDF, 0x00, 0x00, 0x50, 0x0E, 0x00, 0x00, 0x00, 0xE0, 0x05, 0x00, 0x00, 0x00,
    0x00, 0x60, 0x0E, 0x00, 0x00, 0x00, 0xE0, 0x05, 0x00, 0x00, 0x00, 0x00, 0x70, 0x0E, 0x00, 0x00,
    0x00, 0xE0, 0x05, 0x00, 0x00, 0x00, 0x00, 0x80, 0x0E, 0xEB, 0xDE, 0xDD, 0xFD, 0xDD, 0xDD, 0xED,
    0x3F, 0x00, 0x90, 0x0E, 0x44, 0x33, 0x33, 0x22, 0x22, 0x33, 0x43, 0x15,
    // Unicode: [0x4FDB]
    0x00, 0x00, 0x40, 0x01, 0x00, 0x51, 0x00, 0x00, 0x00, 0x00, 0x00, 0x00, 0x00, 0xD0, 0x2E, 0x00,
    0xF7, 0x07, 0x00, 0x00, 0x00, 0x00, 0x00, 0x00, 0xF5, 0x04, 0x20, 0xBE, 0x33, 0x43, 0x54, 0x00,
    0x00, 0x00, 0x10, 0x9D, 0x00, 0xC1, 0xDE, 0xDD, 0xED, 0x6F, 0x00, 0x00, 0x00, 0x80, 0x1E, 0x00,
    0xDB, 0x02, 0x00, 0xA0, 0x0A, 0x00, 0x00, 0x00, 0xF4, 0x0E, 0xB1, 0x2D, 0x00, 0x00, 0xD7, 0x01,
    0x00, 0x00, 0x10, 0xED, 0x0E, 0xEB, 0xDE, 0xCC, 0xCC, 0xEF, 0xDC, 0x3E, 0x00, 0xB0, 0x7E, 0x0E,
    0x32, 0x7F, 0x44, 0xF7, 0x44, 0x54, 0x2F, 0x00, 0xF9, 0x65, 0x0E, 0x00, 0x4F, 0x00, 0xE4, 0x00,
    0x20, 0x2F, 0x00, 0x71, 0x60, 0x0E, 0x00, 0x4E, 0x00, 0xD5, 0x00, 0x20, 0x2F, 0x00, 0x00, 0x60,
    0x0E, 0x00, 0x4E, 0x00, 0xC6, 0x00, 0x20, 0x2F, 0x00, 0x00, 0x60, 0x0E, 0x00, 0x7F, 0x44, 0xBA,
    0x44, 0x64, 0x2F, 0x00, 0x00, 0x60, 0x0E, 0x00, 0xCC, 0xBC, 0xCF, 0xBB, 0xCC, 0x2C, 0x00, 0x00,
    0x60, 0x0E, 0x00, 0x00, 0x20, 0x6F, 0x3C, 0x00, 0x00, 0x00, 0x00, 0x60, 0x0E, 0x00, 0x00, 0xA0,
    0x5A, 0x0E, 0x00, 0x00, 0x00, 0x00, 0x60, 0x0E, 0x00, 0x00, 0xE5, 0x52, 0x0D, 0x00, 0x00, 0x00,
    0x00, 0x60, 0x0E, 0x00, 0x40, 0x5F, 0x50, 0x0D, 0x00, 0x20, 0x00, 0x00, 0x60, 0x0E, 0x00, 0xF7,
    0x07, 0x50, 0x0D, 0x00, 0xE0, 0x06, 0x00, 0x70, 0x0E, 0xB3, 0x5E, 0x00, 0x40, 0x4F, 0x32, 0xE9,
    0x02, 0x00, 0x80, 0x1E, 0xBC, 0x02, 0x00, 0x10, 0xEB, 0xFF, 0x5C, 0x00, 0x00, 0x00, 0x00, 0x01,
    0x00, 0x00, 0x00, 0x00, 0x00, 0x00, 0x00,
    // Unicode: [0x4FDC]
    0x00, 0x00, 0x60, 0x02, 0x00, 0x00, 0x72, 0x03, 0x00, 0x00, 0x00, 0x00, 0x00, 0xD0, 0x0C, 0x00,
    0x00, 0xF2, 0x04, 0x00, 0x00, 0x00, 0x00, 0x00, 0xF3, 0x23, 0x23, 0x22, 0xF3, 0x24, 0x22, 0x33,
    0x00, 0x00, 0x00, 0xAA, 0x70, 0xEF, 0xEE, 0xFE, 0xEE, 0xEE, 0x8F, 0x00, 0x00, 0x30, 0x3F, 0x70,
    0x0E, 0x00, 0xF2, 0x02, 0x00, 0x8D, 0x00, 0x00, 0xC0, 0x0F, 0x60, 0x1E, 0x11, 0xF2, 0x13, 0x11,
    0x8D, 0x00, 0x00, 0xF7, 0x0F, 0x60, 0xEF, 0xEE, 0xFE, 0xEE, 0xEE, 0x8F, 0x00, 0x30, 0xBF, 0x0F,
    0x60, 0x0E, 0x00, 0xF2, 0x02, 0x00, 0x8D, 0x00, 0xE2, 0x5B, 0x0F, 0x70, 0x1E, 0x11, 0xF2, 0x13,
    0x11, 0x9D, 0x00, 0x91, 0x41, 0x0F, 0x70, 0xFF, 0xEF, 0xEE, 0xEE, 0xFF, 0xAF, 0x00, 0x00, 0x40,
    0x0F, 0x10, 0x00, 0x00, 0x00, 0x00, 0x00, 0x10, 0x00, 0x00, 0x40, 0x0F, 0xED, 0xDD, 0xDD, 0xCC,
    0xDC, 0xDD, 0xED, 0x1E, 0x00, 0x40, 0x0F, 0x44, 0x94, 0x3E, 0x33, 0x33, 0x33, 0x43, 0x04, 0x00,
    0x40, 0x0F, 0x00, 0xA0, 0x0A, 0x00, 0x00, 0x00, 0x00, 0x00, 0x00, 0x40, 0x0F, 0x00, 0xF1, 0xDE,
    0xDD, 0xDD, 0xED, 0x0D, 0x00, 0x00, 0x50, 0x0F, 0x00, 0x42, 0x34, 0x33, 0x33, 0xA3, 0x0B, 0x00,
    0x00, 0x50, 0x0F, 0x00, 0x00, 0x00, 0x00, 0x00, 0xB0, 0x08, 0x00, 0x00, 0x60, 0x0F, 0x00, 0x00,
    0x00, 0x00, 0x00, 0xE0, 0x06, 0x00, 0x00, 0x70, 0x0F, 0x00, 0x00, 0x00, 0xA2, 0x88, 0xFB, 0x02,
    0x00, 0x00, 0x80, 0x0F, 0x00, 0x00, 0x00, 0xD0, 0xBC, 0x38, 0x00, 0x00,
    // Unicode: [0x4FDD]
    0x00, 0x00, 0x20, 0x01, 0x00, 0x00, 0x00, 0x00, 0x00, 0x00, 0x00, 0x00, 0x00, 0x80, 0x5F, 0x31,
    0x22, 0x12, 0x21, 0x22, 0x13, 0x00, 0x00, 0x00, 0xE0, 0x0B, 0xF5, 0xEE, 0xEE, 0xEE, 0xEE, 0x4F,
    0x00, 0x00, 0x00, 0xF6, 0x02, 0xF4, 0x00, 0x00, 0x00, 0x20, 0x3F, 0x00, 0x00, 0x10, 0x8E, 0x00,
    0xF4, 0x00, 0x00, 0x00, 0x20, 0x3F, 0x00, 0x00, 0x90, 0x4F, 0x00, 0xF4, 0x00, 0x00, 0x00, 0x20,
    0x3F, 0x00, 0x00, 0xF4, 0x4F, 0x00, 0xF5, 0x00, 0x00, 0x00, 0x20, 0x3F, 0x00, 0x20, 0xAE, 0x4F,
    0x00, 0xF5, 0xEE, 0xEE, 0xEE, 0xEE, 0x4F, 0x00, 0xD2, 0x1D, 0x4F, 0x00, 0x31, 0x22, 0xE2, 0x27,
    0x22, 0x13, 0x00, 0xB1, 0x02, 0x4F, 0x00, 0x00, 0x00, 0xE0, 0x06, 0x00, 0x00, 0x00, 0x00, 0x00,
    0x4F, 0x21, 0x01, 0x00, 0xE0, 0x06, 0x00, 0x10, 0x02, 0x00, 0x00, 0x4F, 0xF5, 0xFF, 0xFF, 0xFF,
    0xFF, 0xFF, 0xFF, 0x0B, 0x00, 0x00, 0x4F, 0x31, 0x22, 0xA2, 0xE8, 0xE7, 0x23, 0x22, 0x02, 0x00,
    0x00, 0x4F, 0x00, 0x00, 0xE3, 0xE1, 0x96, 0x0A, 0x00, 0x00, 0x00, 0x00, 0x4F, 0x00, 0x10, 0x7C,
    0xE0, 0x26, 0x5E, 0x00, 0x00, 0x00, 0x00, 0x4F, 0x00, 0xA0, 0x0C, 0xE0, 0x06, 0xE7, 0x03, 0x00,
    0x00, 0x00, 0x4F, 0x00, 0xD9, 0x02, 0xE0, 0x06, 0xB0, 0x4E, 0x00, 0x00, 0x10, 0x4F, 0xB2, 0x2E,
    0x00, 0xE0, 0x06, 0x10, 0xFC, 0x08, 0x00, 0x20, 0x5F, 0xDB, 0x02, 0x00, 0xE0, 0x06, 0x00, 0xA1,
    0x06, 0x00, 0x30, 0x4F, 0x11, 0x00, 0x00, 0xF1, 0x07, 0x00, 0x00, 0x00,
    // Unicode: [0x4FDE]
    0x00, 0x00, 0x00, 0x00, 0x00, 0x01, 0x00, 0x00, 0x00, 0x00, 0x00, 0x00, 0x00, 0x00, 0x00, 0x00,
    0xCA, 0x03, 0x00, 0x00, 0x00, 0x00, 0x00, 0x00, 0x00, 0x00, 0x30, 0xEF, 0x01, 0x00, 0x00, 0x00,
    0x00, 0x00, 0x00, 0x00, 0x00, 0xD2, 0x78, 0x2D, 0x00, 0x00, 0x00, 0x00, 0x00, 0x00, 0x00, 0x20,
    0xAD, 0x00, 0xE7, 0x05, 0x00, 0x00, 0x00, 0x00, 0x00, 0x00, 0xE5, 0x09, 0x00, 0x50, 0x9E, 0x01,
    0x00, 0x00, 0x00, 0x00, 0xA2, 0x8F, 0x00, 0x00, 0x00, 0xD3, 0x7E, 0x01, 0x00, 0x00, 0x93, 0xCF,
    0xF5, 0xFF, 0xFF, 0xFF, 0xAF, 0xE7, 0x9E, 0x04, 0xC1, 0xEF, 0x07, 0x20, 0x11, 0x11, 0x11, 0x22,
    0x10, 0xF9, 0x1D, 0x40, 0x26, 0x34, 0x33, 0x33, 0x24, 0x00, 0x00, 0xD1, 0x18, 0x03, 0x00, 0x60,
    0xCF, 0xCC, 0xCC, 0x6F, 0x10, 0x01, 0xF0, 0x06, 0x00, 0x00, 0x60, 0x0E, 0x00, 0x00, 0x5F, 0x40,
    0x4F, 0xE0, 0x06, 0x00, 0x00, 0x60, 0x3E, 0x33, 0x33, 0x5F, 0x30, 0x1F, 0xE0, 0x06, 0x00, 0x00,
    0x60, 0xCF, 0xCC, 0xCC, 0x5F, 0x30, 0x1F, 0xE0, 0x06, 0x00, 0x00, 0x60, 0x0E, 0x00, 0x00, 0x5F,
    0x30, 0x1F, 0xE0, 0x06, 0x00, 0x00, 0x60, 0x3E, 0x33, 0x33, 0x5F, 0x30, 0x1F, 0xE0, 0x06, 0x00,
    0x00, 0x60, 0xBF, 0xBB, 0xBB, 0x5F, 0x30, 0x1F, 0xE0, 0x06, 0x00, 0x00, 0x60, 0x0E, 0x00, 0x00,
    0x5F, 0x40, 0x2F, 0xE0, 0x06, 0x00, 0x00, 0x60, 0x0E, 0x00, 0x00, 0x5F, 0x10, 0x13, 0xE0, 0x06,
    0x00, 0x00, 0x60, 0x0E, 0x10, 0x65, 0x5F, 0x00, 0x75, 0xF9, 0x05, 0x00, 0x00, 0x70, 0x0E, 0x00,
    0xFC, 0x1C, 0x00, 0xF4, 0x9D, 0x00, 0x00, 0x00, 0x00, 0x01, 0x00, 0x01, 0x00, 0x00, 0x00, 0x00,
    0x00, 0x00,
    // Unicode: [0x4FDF]
    0x00, 0x00, 0x80, 0x28, 0x00, 0x00, 0x58, 0x00, 0x00, 0x00, 0x00, 0x00, 0x00, 0xD0, 0x2D, 0x00,
    0x40, 0xBF, 0x02, 0x00, 0x00, 0x00, 0x00, 0x00, 0xF2, 0x05, 0x00, 0xE2, 0x08, 0x10, 0x07, 0x00,
    0x00, 0x00, 0x00, 0xC7, 0x00, 0x20, 0x9D, 0x00, 0x30, 0xBE, 0x01, 0x00, 0x00, 0x00, 0x6D, 0x00,
    0xD3, 0x0A, 0x00, 0x00, 0xC1, 0x2D, 0x00, 0x00, 0x50, 0x5F, 0x20, 0xFF, 0xBA, 0xCB, 0xDC, 0xED,
    0xDF, 0x02, 0x00, 0xD1, 0x5F, 0x00, 0x98, 0x47, 0x33, 0x12, 0x01, 0xC0, 0x07, 0x00, 0xE8, 0x5E,
    0x00, 0x80, 0x3E, 0x00, 0x00, 0x00, 0x10, 0x00, 0x50, 0x7F, 0x5E, 0x00, 0xD0, 0x0A, 0x00, 0x00,
    0x00, 0x01, 0x00, 0xC1, 0x0C, 0x5E, 0x00, 0xF6, 0xEE, 0xFE, 0xEE, 0xEE, 0x5F, 0x00, 0x00, 0x01,
    0x5E, 0x30, 0x9E, 0x00, 0xE0, 0x06, 0x00, 0x00, 0x00, 0x00, 0x00, 0x5E, 0x60, 0x1B, 0x00, 0xF0,
    0x05, 0x00, 0x00, 0x00, 0x00, 0x00, 0x5E, 0x51, 0x34, 0x23, 0xF3, 0x25, 0x32, 0x43, 0x04, 0x00,
    0x00, 0x5E, 0xF4, 0xDE, 0xDD, 0xFD, 0xCE, 0xDD, 0xED, 0x0E, 0x00, 0x00, 0x5E, 0x00, 0x00, 0x00,
    0xDA, 0x2E, 0x00, 0x00, 0x00, 0x00, 0x00, 0x5E, 0x00, 0x00, 0x30, 0x5F, 0xD6, 0x02, 0x00, 0x00,
    0x00, 0x00, 0x5F, 0x00, 0x00, 0xD2, 0x0A, 0x80, 0x3D, 0x00, 0x00, 0x00, 0x00, 0x5F, 0x00, 0x60,
    0xBE, 0x01, 0x00, 0xF7, 0x19, 0x00, 0x00, 0x10, 0x5F, 0x82, 0xFD, 0x07, 0x00, 0x00, 0x40, 0xFD,
    0x1A, 0x00, 0x20, 0x5F, 0x80, 0x2A, 0x00, 0x00, 0x00, 0x00, 0x70, 0x04,
    // Unicode: [0x4FE0]
    0x00, 0x00, 0x20, 0x00, 0x00, 0x00, 0x72, 0x04, 0x00, 0x00, 0x00, 0x00, 0x00, 0xC0, 0x0D, 0x00,
    0x00, 0xF4, 0x04, 0x00, 0x00, 0x00, 0x00, 0x00, 0xF2, 0x07, 0x00, 0x00, 0xF3, 0x02, 0x00, 0x00,
    0x00, 0x00, 0x00, 0xD8, 0x50, 0x55, 0x44, 0xF5, 0x35, 0x44, 0x55, 0x03, 0x00, 0x10, 0x6E, 0xC0,
    0xEE, 0xDD, 0xFD, 0xDD, 0xDD, 0xFE, 0x08, 0x00, 0x90, 0x4F, 0x00, 0x00, 0x00, 0xF3, 0x02, 0x00,
    0x00, 0x00, 0x00, 0xF4, 0x4F, 0x00, 0xC0, 0x08, 0xF2, 0x02, 0xA0, 0x06, 0x00, 0x20, 0xBD, 0x4F,
    0x00, 0xF2, 0x03, 0xF2, 0x01, 0xF0, 0x03, 0x00, 0xC1, 0x2E, 0x4F, 0x00, 0xC7, 0x00, 0xF3, 0x01,
    0xE4, 0x00, 0x00, 0x82, 0x14, 0x4F, 0x00, 0xED, 0x06, 0xF3, 0x01, 0xEA, 0x09, 0x00, 0x00, 0x10,
    0x4F, 0x60, 0x2D, 0x6E, 0xF5, 0x35, 0x2E, 0x9C, 0x00, 0x00, 0x10, 0x4F, 0xE2, 0x06, 0xE5, 0xF9,
    0xDB, 0x08, 0xE2, 0x07, 0x00, 0x10, 0x5F, 0xDA, 0x00, 0x20, 0x7B, 0x7E, 0x01, 0x50, 0x03, 0x00,
    0x10, 0x4F, 0x10, 0x00, 0x20, 0x2F, 0xB7, 0x00, 0x00, 0x00, 0x00, 0x10, 0x4F, 0x00, 0x00, 0xB0,
    0x0A, 0xD1, 0x05, 0x00, 0x00, 0x00, 0x10, 0x4F, 0x00, 0x00, 0xE8, 0x02, 0x40, 0x3E, 0x00, 0x00,
    0x00, 0x20, 0x4F, 0x00, 0x80, 0x5F, 0x00, 0x00, 0xE8, 0x03, 0x00, 0x00, 0x20, 0x4F, 0x10, 0xFB,
    0x05, 0x00, 0x00, 0xA0, 0x5E, 0x00, 0x00, 0x30, 0x5F, 0xE6, 0x4E, 0x00, 0x00, 0x00, 0x10, 0xFB,
    0x09, 0x00, 0x40, 0x5F, 0xA5, 0x01, 0x00, 0x00, 0x00, 0x00, 0x80, 0x01,
    // Unicode: [0x4FE1]
    0x00, 0x00, 0x90, 0x16, 0x00, 0x70, 0x04, 0x00, 0x00, 0x00, 0x00, 0x00, 0x00, 0xF1, 0x2D, 0x00,
    0x80, 0x9F, 0x00, 0x00, 0x00, 0x00, 0x00, 0x00, 0xF6, 0x02, 0x00, 0x00, 0xE4, 0x0B, 0x00, 0x00,
    0x00, 0x00, 0x00, 0x9D, 0x42, 0x33, 0x22, 0x52, 0x27, 0x32, 0x33, 0x04, 0x00, 0x50, 0x3F, 0xF7,
    0xEE, 0xEE, 0xEE, 0xEE, 0xEE, 0xEE, 0x0F, 0x00, 0xD0, 0x3F, 0x00, 0x00, 0x00, 0x00, 0x00, 0x00,
    0x00, 0x00, 0x00, 0xF7, 0x3F, 0x00, 0x00, 0x00, 0x00, 0x00, 0x00, 0x00, 0x00, 0x20, 0xBE, 0x3F,
    0x00, 0xF4, 0xEF, 0xEE, 0xEE, 0xFF, 0x0C, 0x00, 0xC1, 0x3E, 0x3F, 0x00, 0x21, 0x12, 0x11, 0x11,
    0x21, 0x02, 0x00, 0x41, 0x25, 0x3F, 0x00, 0x00, 0x00, 0x00, 0x00, 0x00, 0x00, 0x00, 0x00, 0x20,
    0x3F, 0x00, 0xD4, 0xDD, 0xCC, 0xCC, 0xDC, 0x0B, 0x00, 0x00, 0x20, 0x3F, 0x00, 0x41, 0x44, 0x33,
    0x33, 0x44, 0x04, 0x00, 0x00, 0x20, 0x3F, 0x00, 0x00, 0x00, 0x00, 0x00, 0x00, 0x00, 0x00, 0x00,
    0x20, 0x3F, 0x00, 0x22, 0x22, 0x22, 0x22, 0x22, 0x02, 0x00, 0x00, 0x20, 0x3F, 0x00, 0xF9, 0xEE,
    0xEE, 0xEE, 0xEE, 0x0F, 0x00, 0x00, 0x20, 0x3F, 0x00, 0xB9, 0x00, 0x00, 0x00, 0x60, 0x0F, 0x00,
    0x00, 0x20, 0x3F, 0x00, 0xB9, 0x00, 0x00, 0x00, 0x60, 0x0F, 0x00, 0x00, 0x30, 0x3F, 0x00, 0xB9,
    0x22, 0x22, 0x22, 0x72, 0x0F, 0x00, 0x00, 0x40, 0x3F, 0x00, 0xF9, 0xEE, 0xEE, 0xEE, 0xFE, 0x0F,
    0x00, 0x00, 0x50, 0x3F, 0x00, 0x98, 0x00, 0x00, 0x00, 0x60, 0x1F, 0x00,
    // Unicode: [0x4FE2]
    0x00, 0x00, 0x50, 0x04, 0x00, 0x88, 0x00, 0x00, 0x00, 0x00, 0x00, 0x00, 0x00, 0xD0, 0x1D, 0x10,
    0x7F, 0x00, 0x00, 0x00, 0x00, 0x00, 0x00, 0x00, 0xF4, 0x02, 0x90, 0xBF, 0xBB, 0xBB, 0xCB, 0x09,
    0x00, 0x00, 0x00, 0x9B, 0x00, 0xF4, 0x46, 0x44, 0x44, 0xEB, 0x01, 0x00, 0x00, 0x30, 0x2F, 0x20,
    0x8E, 0x37, 0x00, 0x40, 0x4F, 0x00, 0x00, 0x00, 0xC0, 0x0F, 0xD1, 0x0B, 0xE6, 0x05, 0xE4, 0x06,
    0x00, 0x00, 0x00, 0xF5, 0x0F, 0x20, 0x01, 0x40, 0xAE, 0x5E, 0x00, 0x00, 0x00, 0x10, 0xDE, 0x0F,
    0x00, 0x00, 0x30, 0xEC, 0x6E, 0x00, 0x00, 0x00, 0xB0, 0x6E, 0x0F, 0x00, 0x30, 0xFA, 0x19, 0xC4,
    0x9E, 0x15, 0x00, 0xE3, 0x55, 0x0F, 0x85, 0xFD, 0x2A, 0x00, 0x59, 0x94, 0xFE, 0x1C, 0x20, 0x50,
    0x0F, 0xC7, 0x17, 0x00, 0xC2, 0x6D, 0x00, 0x40, 0x04, 0x00, 0x50, 0x0F, 0x00, 0x00, 0x82, 0x8E,
    0x01, 0x67, 0x00, 0x00, 0x00, 0x50, 0x0F, 0x20, 0xB7, 0xAF, 0x02, 0x91, 0x7E, 0x00, 0x00, 0x00,
    0x50, 0x0F, 0x10, 0x7B, 0x01, 0x40, 0xBD, 0x02, 0x12, 0x00, 0x00, 0x50, 0x0F, 0x00, 0x00, 0x61,
    0xDC, 0x05, 0x20, 0xCD, 0x01, 0x00, 0x50, 0x0F, 0x00, 0xC5, 0xDF, 0x16, 0x00, 0xE6, 0x1A, 0x00,
    0x00, 0x60, 0x0F, 0x00, 0x70, 0x03, 0x00, 0xC4, 0x4D, 0x00, 0x00, 0x00, 0x70, 0x0F, 0x00, 0x00,
    0x30, 0xD8, 0x6D, 0x00, 0x00, 0x00, 0x00, 0x80, 0x0F, 0x40, 0xB8, 0xEE, 0x5A, 0x00, 0x00, 0x00,
    0x00, 0x00, 0x90, 0x0F, 0x30, 0x7A, 0x04, 0x00, 0x00, 0x00, 0x00, 0x00,
    // Unicode: [0x4FE3]
    0x00, 0x00, 0x50, 0x03, 0x00, 0x00, 0x00, 0x00, 0x00, 0x00, 0x00, 0x00, 0x00, 0xB0, 0x3F, 0x21,
    0x22, 0x11, 0x21, 0x22, 0x02, 0x00, 0x00, 0x00, 0xF2, 0x05, 0xF5, 0xFF, 0xFF, 0xFF, 0xFF, 0x08,
    0x00, 0x00, 0x00, 0xC8, 0x00, 0xF5, 0x00, 0x00, 0x00, 0xC0, 0x08, 0x00, 0x00, 0x20, 0x5E, 0x00,
    0xF5, 0x00, 0x00, 0x00, 0xC0, 0x07, 0x00, 0x00, 0xA0, 0x0F, 0x00, 0xF5, 0x11, 0x11, 0x11, 0xD1,
    0x07, 0x00, 0x00, 0xF5, 0x0F, 0x00, 0xF6, 0xFF, 0xEE, 0xFE, 0xFF, 0x08, 0x00, 0x20, 0xDE, 0x0F,
    0x00, 0x00, 0x00, 0x00, 0x00, 0x00, 0x00, 0x00, 0xD1, 0x6C, 0x0F, 0x10, 0x11, 0x00, 0x00, 0x00,
    0x00, 0x21, 0x00, 0x60, 0x52, 0x0F, 0x80, 0xFF, 0xFF, 0xFF, 0xFF, 0xFF, 0xFF, 0x00, 0x00, 0x50,
    0x0F, 0x20, 0x12, 0x11, 0xF1, 0x14, 0x11, 0x32, 0x00, 0x00, 0x50, 0x0F, 0x00, 0x00, 0x00, 0xF1,
    0x03, 0x00, 0x00, 0x00, 0x00, 0x50, 0x0F, 0x11, 0x01, 0x00, 0xF3, 0x02, 0x00, 0x11, 0x02, 0x00,
    0x50, 0x0F, 0xF8, 0xFF, 0xFF, 0xFF, 0xFF, 0xFF, 0xFF, 0x0E, 0x00, 0x50, 0x0F, 0x32, 0x22, 0x21,
    0x8E, 0x6B, 0x21, 0x32, 0x03, 0x00, 0x50, 0x0F, 0x00, 0x00, 0x80, 0x1D, 0xE2, 0x03, 0x00, 0x00,
    0x00, 0x60, 0x0F, 0x00, 0x00, 0xE7, 0x03, 0x60, 0x4E, 0x00, 0x00, 0x00, 0x70, 0x0F, 0x00, 0xA2,
    0x4E, 0x00, 0x00, 0xF7, 0x3A, 0x00, 0x00, 0x80, 0x0F, 0x92, 0xCF, 0x02, 0x00, 0x00, 0x40, 0xFD,
    0x1B, 0x00, 0x90, 0x0F, 0xC2, 0x06, 0x00, 0x00, 0x00, 0x00, 0x50, 0x04,
    // Unicode: [0x4FE4]
    0x00, 0x00, 0x40, 0x15, 0x20, 0x03, 0x00, 0x00, 0x65, 0x01, 0x00, 0x00, 0x00, 0xB0, 0x2E, 0x90,
    0x3E, 0x00, 0x00, 0xCD, 0x02, 0x00, 0x00, 0x00, 0xF1, 0x06, 0x00, 0xE9, 0x02, 0x60, 0x2E, 0x00,
    0x00, 0x00, 0x00, 0xD8, 0x00, 0x00, 0xA1, 0x02, 0xE1, 0x05, 0x00, 0x00, 0x00, 0x10, 0x7E, 0xB0,
    0xEE, 0xDD, 0xDD, 0xFE, 0xED, 0x6F, 0x00, 0x00, 0x90, 0x4F, 0x40, 0x44, 0x33, 0xE3, 0x38, 0x33,
    0x6E, 0x00, 0x00, 0xF3, 0x4F, 0x00, 0x00, 0x00, 0xE0, 0x06, 0x00, 0x5E, 0x00, 0x10, 0xDC, 0x4F,
    0x00, 0x34, 0x22, 0xE2, 0x27, 0x22, 0x6E, 0x00, 0xB0, 0x4F, 0x4F, 0x00, 0xEF, 0xEE, 0xFE, 0xFF,
    0xFF, 0x6F, 0x00, 0xD2, 0x17, 0x4F, 0x00, 0x3F, 0x00, 0xE0, 0x06, 0x00, 0x01, 0x00, 0x10, 0x10,
    0x4F, 0x10, 0x3F, 0x00, 0xE0, 0x06, 0x00, 0x00, 0x00, 0x00, 0x10, 0x4F, 0x20, 0x4F, 0x22, 0xE2,
    0x27, 0x22, 0x33, 0x02, 0x00, 0x10, 0x4F, 0x40, 0xFF, 0xFF, 0xFF, 0xEF, 0xEE, 0xFE, 0x06, 0x00,
    0x10, 0x4F, 0x00, 0x01, 0x60, 0xED, 0x06, 0x00, 0xF0, 0x05, 0x00, 0x10, 0x4F, 0x00, 0x00, 0xE3,
    0xE3, 0x06, 0x00, 0xF1, 0x03, 0x00, 0x10, 0x4F, 0x00, 0x20, 0x6E, 0xE0, 0x06, 0x00, 0xF2, 0x02,
    0x00, 0x20, 0x4F, 0x00, 0xD3, 0x08, 0xE0, 0x06, 0x23, 0xF8, 0x01, 0x00, 0x30, 0x4F, 0x50, 0x8E,
    0x00, 0xE0, 0x06, 0xFA, 0x8F, 0x00, 0x00, 0x40, 0x4F, 0xFA, 0x06, 0x00, 0xF0, 0x06, 0x42, 0x02,
    0x00, 0x00, 0x40, 0x3F, 0x31, 0x00, 0x00, 0xF1, 0x08, 0x00, 0x00, 0x00,
    // Unicode: [0x4FE5]
    0x00, 0x00, 0x30, 0x02, 0x00, 0x00, 0x74, 0x02, 0x00, 0x00, 0x00, 0x00, 0x00, 0xD0, 0x3E, 0x00,
    0x00, 0xE8, 0x00, 0x00, 0x00, 0x00, 0x00, 0x00, 0xF3, 0x06, 0x00, 0x00, 0xE7, 0x00, 0x00, 0x00,
    0x00, 0x00, 0x00, 0xCA, 0xF0, 0xDE, 0xDD, 0xFE, 0xDD, 0xED, 0xDE, 0x00, 0x00, 0x20, 0x4F, 0x60,
    0x55, 0x44, 0xE9, 0x44, 0x55, 0x65, 0x00, 0x00, 0xB0, 0x0E, 0x10, 0x11, 0x11, 0xE7, 0x11, 0x11,
    0x02, 0x00, 0x00, 0xF6, 0x0E, 0x70, 0xEF, 0xEE, 0xFF, 0xEE, 0xFE, 0x0F, 0x00, 0x20, 0xFE, 0x0E,
    0x60, 0x0E, 0x00, 0xE7, 0x00, 0x60, 0x0E, 0x00, 0xD1, 0x9E, 0x0E, 0x60, 0x0E, 0x00, 0xE7, 0x00,
    0x60, 0x0E, 0x00, 0xF6, 0x84, 0x0E, 0x60, 0xFF, 0xFF, 0xFF, 0xFF, 0xFF, 0x0E, 0x00, 0x40, 0x80,
    0x0E, 0x60, 0x1E, 0x11, 0xE7, 0x11, 0x71, 0x0E, 0x00, 0x00, 0x80, 0x0E, 0x60, 0x0E, 0x00, 0xE7,
    0x00, 0x60, 0x0E, 0x00, 0x00, 0x80, 0x0E, 0x70, 0xEF, 0xEE, 0xFF, 0xEE, 0xEE, 0x1F, 0x00, 0x00,
    0x80, 0x0E, 0x10, 0x12, 0x11, 0xE7, 0x11, 0x11, 0x02, 0x00, 0x00, 0x80, 0x0E, 0x01, 0x00, 0x00,
    0xE7, 0x00, 0x00, 0x00, 0x00, 0x00, 0x80, 0x0E, 0xFC, 0xDE, 0xDD, 0xFE, 0xDD, 0xED, 0xFE, 0x07,
    0x00, 0x80, 0x0E, 0x44, 0x34, 0x33, 0xE8, 0x33, 0x33, 0x54, 0x03, 0x00, 0x90, 0x0E, 0x00, 0x00,
    0x00, 0xE7, 0x00, 0x00, 0x00, 0x00, 0x00, 0xA0, 0x0E, 0x00, 0x00, 0x00, 0xF8, 0x00, 0x00, 0x00,
    0x00, 0x00, 0xB0, 0x0E, 0x00, 0x00, 0x00, 0xF8, 0x01, 0x00, 0x00, 0x00, 0x00, 0x00, 0x00, 0x00,
    0x00, 0x00, 0x10, 0x00, 0x00, 0x00, 0x00,
    // Unicode: [0x4FE6]
    0x00, 0x00, 0x71, 0x02, 0x00, 0x00, 0x67, 0x00, 0x00, 0x00, 0x00, 0x00, 0x00, 0xF5, 0x07, 0x00,
    0x00, 0x9C, 0x00, 0x00, 0x00, 0x00, 0x00, 0x00, 0xC9, 0x20, 0x22, 0x11, 0x7B, 0x00, 0x10, 0x31,
    0x00, 0x00, 0x00, 0x5E, 0x90, 0xFF, 0xEF, 0xEF, 0xEE, 0xFE, 0xFF, 0x01, 0x00, 0x60, 0x2F, 0x10,
    0x01, 0x00, 0x6C, 0x00, 0x00, 0x20, 0x00, 0x00, 0xD0, 0x2F, 0x00, 0x45, 0x34, 0x7E, 0x33, 0x43,
    0x25, 0x00, 0x00, 0xF7, 0x2F, 0x00, 0xEE, 0xDE, 0xDF, 0xDD, 0xDD, 0x6E, 0x00, 0x30, 0xAE, 0x2F,
    0x00, 0x00, 0x30, 0x0F, 0x00, 0x00, 0x00, 0x00, 0xE2, 0x3D, 0x2F, 0xE8, 0xEE, 0xED, 0xDF, 0xDD,
    0xDD, 0xED, 0x0F, 0x60, 0x34, 0x2F, 0x53, 0x34, 0xC3, 0x28, 0x22, 0x33, 0x43, 0x06, 0x00, 0x30,
    0x2F, 0x00, 0x00, 0xF2, 0x03, 0x00, 0xF3, 0x06, 0x00, 0x00, 0x30, 0x2F, 0x00, 0x00, 0xD7, 0x00,
    0x00, 0xF2, 0x04, 0x00, 0x00, 0x30, 0x2F, 0x00, 0x00, 0xED, 0xDD, 0xDD, 0xFD, 0xEE, 0x08, 0x00,
    0x30, 0x2F, 0x00, 0x70, 0x3E, 0x34, 0x33, 0xF3, 0x36, 0x02, 0x00, 0x30, 0x2F, 0x00, 0xE1, 0x07,
    0x8B, 0x00, 0xF1, 0x04, 0x00, 0x00, 0x30, 0x2F, 0x00, 0xDB, 0x00, 0xE2, 0x04, 0xF1, 0x04, 0x00,
    0x00, 0x30, 0x2F, 0x80, 0x4F, 0x00, 0x70, 0x0C, 0xF1, 0x04, 0x00, 0x00, 0x30, 0x2F, 0xF8, 0x06,
    0x00, 0x00, 0x02, 0xF1, 0x03, 0x00, 0x00, 0x40, 0x2F, 0x74, 0x00, 0x00, 0x00, 0x64, 0xFA, 0x01,
    0x00, 0x00, 0x50, 0x2F, 0x00, 0x00, 0x00, 0x00, 0xF5, 0x4C, 0x00, 0x00, 0x00, 0x00, 0x00, 0x00,
    0x00, 0x00, 0x00, 0x10, 0x00, 0x00, 0x00,
    // Unicode: [0x4FE7]
    0x00, 0x00, 0x81, 0x02, 0x00, 0x00, 0x46, 0x00, 0x00, 0x00, 0x00, 0x00, 0xF5, 0x06, 0x00, 0x00,
    0x8F, 0x00, 0x00, 0x00, 0x00, 0x00, 0xBA, 0x00, 0x00, 0x00, 0x6E, 0x00, 0x00, 0x00, 0x00, 0x10,
    0x5F, 0x00, 0x00, 0x00, 0x6E, 0x00, 0x00, 0x00, 0x00, 0x70, 0x0E, 0xED, 0xDE, 0xDD, 0xEF, 0xDD,
    0xED, 0x9E, 0x00, 0xE1, 0x0D, 0x55, 0x44, 0x44, 0x8E, 0x44, 0x54, 0x45, 0x00, 0xF8, 0x0D, 0x00,
    0x00, 0x00, 0x6E, 0x00, 0x00, 0x00, 0x20, 0xDF, 0x0D, 0x00, 0x00, 0x00, 0x6E, 0x00, 0x00, 0x00,
    0xC0, 0x7D, 0x0D, 0x10, 0x00, 0x00, 0x6E, 0x00, 0x00, 0x00, 0xF7, 0x65, 0x0D, 0xA0, 0xEF, 0xEE,
    0xEF, 0xEE, 0xFE, 0x02, 0x50, 0x60, 0x0D, 0x30, 0x34, 0x23, 0x22, 0x33, 0x44, 0x01, 0x00, 0x60,
    0x0D, 0x00, 0x00, 0x20, 0x06, 0x00, 0x00, 0x00, 0x00, 0x60, 0x0D, 0x00, 0x00, 0x20, 0x3E, 0x00,
    0x21, 0x00, 0x00, 0x60, 0x0D, 0x61, 0x51, 0x2A, 0xC8, 0x00, 0xC8, 0x00, 0x00, 0x60, 0x0D, 0xF4,
    0x60, 0x0E, 0xE1, 0x05, 0xE1, 0x07, 0x00, 0x60, 0x0D, 0xC7, 0x50, 0x0E, 0x80, 0x04, 0x50, 0x2E,
    0x00, 0x60, 0x0D, 0x8A, 0x50, 0x0E, 0x00, 0x00, 0x04, 0x9D, 0x00, 0x70, 0x1D, 0x4F, 0x50, 0x0E,
    0x00, 0x10, 0x5F, 0x86, 0x00, 0x80, 0x5D, 0x0E, 0x50, 0x4F, 0x11, 0x93, 0x1E, 0x00, 0x00, 0x90,
    0x0D, 0x01, 0x10, 0xEC, 0xFF, 0xCE, 0x04, 0x00,
    // Unicode: [0x4FE8]
    0x00, 0x00, 0x50, 0x03, 0x00, 0x00, 0x00, 0x00, 0x00, 0x00, 0x00, 0x00, 0x00, 0xC0, 0x2E, 0x11,
    0x00, 0x00, 0x00, 0x00, 0x10, 0x01, 0x00, 0x00, 0xF2, 0x25, 0xFF, 0xFF, 0xEE, 0xEE, 0xFE, 0xFF,
    0x06, 0x00, 0x00, 0xB9, 0x10, 0x23, 0x51, 0x0E, 0xF0, 0x13, 0x31, 0x01, 0x00, 0x20, 0x4F, 0x00,
    0x03, 0x40, 0x0E, 0xF0, 0x03, 0x22, 0x00, 0x00, 0xA0, 0x2F, 0x60, 0x3E, 0x40, 0x0E, 0xF0, 0x03,
    0xEB, 0x02, 0x00, 0xF5, 0x2F, 0x00, 0xDA, 0x41, 0x0E, 0xF0, 0x63, 0x4F, 0x00, 0x20, 0xBE, 0x2F,
    0x00, 0xD1, 0x4A, 0x0E, 0xF0, 0xF5, 0x06, 0x00, 0xD1, 0x3D, 0x2F, 0x00, 0x30, 0x42, 0x0E, 0xF0,
    0x63, 0x00, 0x00, 0xB2, 0x24, 0x2F, 0x00, 0x23, 0x52, 0x1E, 0xF1, 0x14, 0x32, 0x02, 0x00, 0x20,
    0x2F, 0x00, 0xEF, 0xEE, 0xEE, 0xEE, 0xEE, 0xFE, 0x0B, 0x00, 0x20, 0x2F, 0x00, 0x5E, 0x00, 0x00,
    0x00, 0x00, 0x00, 0x00, 0x00, 0x20, 0x2F, 0x00, 0x5E, 0x00, 0x00, 0x00, 0x00, 0x00, 0x00, 0x00,
    0x20, 0x2F, 0x00, 0x4E, 0x00, 0x00, 0x00, 0x00, 0x00, 0x00, 0x00, 0x20, 0x2F, 0x00, 0x4F, 0x00,
    0x00, 0x00, 0x00, 0x00, 0x00, 0x00, 0x20, 0x2F, 0x10, 0x2F, 0x00, 0x00, 0x00, 0x00, 0x00, 0x00,
    0x00, 0x30, 0x2F, 0x50, 0x0E, 0x00, 0x00, 0x00, 0x00, 0x00, 0x00, 0x00, 0x40, 0x2F, 0xC0, 0x0A,
    0x00, 0x00, 0x00, 0x00, 0x00, 0x00, 0x00, 0x50, 0x2F, 0xF7, 0x04, 0x00, 0x00, 0x00, 0x00, 0x00,
    0x00, 0x00, 0x50, 0x2F, 0x99, 0x00, 0x00, 0x00, 0x00, 0x00, 0x00, 0x00,
    // Unicode: [0x4FE9]
    0x00, 0x00, 0x52, 0x01, 0x00, 0x00, 0x00, 0x00, 0x00, 0x00, 0x00, 0x00, 0x00, 0xF6, 0x15, 0x00,
    0x00, 0x00, 0x00, 0x00, 0x00, 0x00, 0x00, 0x00, 0xCA, 0xE0, 0xEF, 0xDE, 0xDD, 0xDD, 0xED, 0xFE,
    0x0B, 0x00, 0x10, 0x5E, 0x50, 0x45, 0xB3, 0x3A, 0xF3, 0x36, 0x54, 0x04, 0x00, 0x50, 0x0E, 0x00,
    0x00, 0x90, 0x08, 0xF0, 0x03, 0x00, 0x00, 0x00, 0xB0, 0x0E, 0x00, 0x00, 0xA0, 0x08, 0xF0, 0x03,
    0x00, 0x00, 0x00, 0xF4, 0x0E, 0x30, 0x55, 0xB5, 0x4A, 0xF4, 0x57, 0x65, 0x00, 0x00, 0xFB, 0x0E,
    0x60, 0xCF, 0xEC, 0xCD, 0xFC, 0xCC, 0xED, 0x00, 0x60, 0x8F, 0x0E, 0x50, 0x0E, 0xB0, 0x05, 0xF0,
    0x02, 0xE5, 0x00, 0xE2, 0x5A, 0x0E, 0x50, 0x0E, 0xD0, 0x04, 0xF1, 0x00, 0xE5, 0x00, 0x91, 0x52,
    0x0E, 0x50, 0x0E, 0xE0, 0x03, 0xE2, 0x00, 0xE5, 0x00, 0x00, 0x50, 0x0E, 0x50, 0x0E, 0xF3, 0x1C,
    0xF4, 0x05, 0xE5, 0x00, 0x00, 0x50, 0x0E, 0x50, 0x0E, 0xB7, 0xB9, 0xC7, 0x2E, 0xE5, 0x00, 0x00,
    0x50, 0x0E, 0x50, 0x0E, 0x7C, 0x61, 0x6C, 0xC9, 0xE5, 0x00, 0x00, 0x50, 0x0E, 0x50, 0x4E, 0x1F,
    0x30, 0x2F, 0xD1, 0xE8, 0x00, 0x00, 0x50, 0x0E, 0x50, 0x8E, 0x0A, 0xC0, 0x0B, 0x00, 0xE5, 0x00,
    0x00, 0x50, 0x0E, 0x50, 0x0E, 0x00, 0x10, 0x02, 0x00, 0xE5, 0x00, 0x00, 0x60, 0x0E, 0x50, 0x0E,
    0x00, 0x00, 0x00, 0x00, 0xE6, 0x00, 0x00, 0x70, 0x0E, 0x60, 0x0E, 0x00, 0x00, 0x10, 0x99, 0xBE,
    0x00, 0x00, 0x80, 0x0E, 0x70, 0x0D, 0x00, 0x00, 0x00, 0x99, 0x16, 0x00,
    // Unicode: [0x4FEA]
    0x00, 0x00, 0x80, 0x04, 0x00, 0x00, 0x00, 0x00, 0x00, 0x00, 0x00, 0x00, 0x00, 0xF2, 0x49, 0x33,
    0x22, 0x22, 0x22, 0x22, 0x43, 0x04, 0x00, 0x00, 0xE7, 0xF2, 0xFF, 0xFF, 0xFF, 0xFF, 0xFF, 0xFF,
    0x0F, 0x00, 0x00, 0x7D, 0x30, 0x12, 0x00, 0x00, 0x00, 0x00, 0x21, 0x03, 0x00, 0x60, 0x1F, 0x00,
    0x00, 0x00, 0x00, 0x00, 0x00, 0x00, 0x00, 0x00, 0xD0, 0x0F, 0x30, 0x45, 0x44, 0x15, 0x44, 0x44,
    0x54, 0x01, 0x00, 0xF7, 0x0F, 0x70, 0xCF, 0xCC, 0x3F, 0xEA, 0xCC, 0xFC, 0x03, 0x20, 0xCE, 0x0F,
    0x60, 0x0C, 0x00, 0x2F, 0x99, 0x00, 0xF0, 0x03, 0xD1, 0x5D, 0x0F, 0x50, 0x0C, 0x00, 0x2F, 0x99,
    0x00, 0xF0, 0x02, 0x91, 0x44, 0x0F, 0x50, 0x7D, 0x01, 0x2F, 0xB9, 0x1C, 0xF0, 0x02, 0x00, 0x40,
    0x0F, 0x50, 0xBC, 0x07, 0x2F, 0x99, 0x7C, 0xF0, 0x02, 0x00, 0x40, 0x0F, 0x50, 0x3C, 0x1E, 0x2F,
    0x99, 0xE4, 0xF2, 0x02, 0x00, 0x40, 0x0F, 0x50, 0x0C, 0x7C, 0x2F, 0x99, 0xC0, 0xF9, 0x02, 0x00,
    0x40, 0x0F, 0x50, 0x0C, 0x54, 0x2F, 0x99, 0x40, 0xF3, 0x02, 0x00, 0x40, 0x0F, 0x50, 0x0C, 0x00,
    0x2F, 0x99, 0x00, 0xF0, 0x02, 0x00, 0x40, 0x0F, 0x50, 0x0C, 0x00, 0x2F, 0x99, 0x00, 0xF0, 0x02,
    0x00, 0x50, 0x0F, 0x50, 0x0C, 0x00, 0x2F, 0x99, 0x00, 0xF0, 0x02, 0x00, 0x50, 0x0F, 0x60, 0x0C,
    0x00, 0x2F, 0x9A, 0x00, 0xF0, 0x02, 0x00, 0x60, 0x0F, 0x70, 0x0C, 0x33, 0x2F, 0x9B, 0x61, 0xF7,
    0x02, 0x00, 0x80, 0x0F, 0x80, 0x0C, 0xFB, 0x0B, 0x9C, 0xB0, 0xAE, 0x00, 0x00, 0x00, 0x00, 0x10,
    0x01, 0x01, 0x00, 0x00, 0x00, 0x00, 0x00,
    // Unicode: [0x4FEB]
    0x00, 0x00, 0x60, 0x3B, 0x00, 0x00, 0xB0, 0x07, 0x00, 0x00, 0x00, 0x00, 0x00, 0xB0, 0x1D, 0x00,
    0x00, 0xE0, 0x07, 0x00, 0x00, 0x00, 0x00, 0x00, 0xF2, 0x05, 0x00, 0x00, 0xE0, 0x06, 0x00, 0x00,
    0x00, 0x00, 0x00, 0xD9, 0x10, 0xEF, 0xDD, 0xFD, 0xDE, 0xED, 0xDE, 0x00, 0x00, 0x20, 0x6F, 0x10,
    0x56, 0x44, 0xE3, 0x48, 0x44, 0x55, 0x00, 0x00, 0xB0, 0x4F, 0x00, 0x71, 0x00, 0xE0, 0x06, 0x30,
    0x03, 0x00, 0x00, 0xF5, 0x4F, 0x00, 0xE3, 0x06, 0xE0, 0x06, 0xC0, 0x1C, 0x00, 0x20, 0xAE, 0x4F,
    0x00, 0x60, 0x2E, 0xE0, 0x06, 0xD8, 0x01, 0x00, 0xD1, 0x2D, 0x4F, 0x00, 0x00, 0x9C, 0xE0, 0x56,
    0x2E, 0x00, 0x00, 0xA1, 0x13, 0x4F, 0x00, 0x00, 0x12, 0xE0, 0x26, 0x04, 0x00, 0x00, 0x00, 0x10,
    0x4F, 0xE4, 0xDD, 0xCC, 0xFC, 0xCD, 0xDC, 0xED, 0x0B, 0x00, 0x10, 0x4F, 0x62, 0x45, 0x84, 0xEC,
    0xBD, 0x44, 0x55, 0x05, 0x00, 0x10, 0x4F, 0x00, 0x00, 0xD0, 0xE5, 0xE7, 0x02, 0x00, 0x00, 0x00,
    0x10, 0x4F, 0x00, 0x00, 0xC7, 0xE0, 0x86, 0x0B, 0x00, 0x00, 0x00, 0x10, 0x4F, 0x00, 0x40, 0x3F,
    0xE0, 0x16, 0x9D, 0x00, 0x00, 0x00, 0x10, 0x4F, 0x00, 0xE3, 0x08, 0xE0, 0x06, 0xF3, 0x08, 0x00,
    0x00, 0x20, 0x4F, 0x50, 0xAE, 0x00, 0xE0, 0x06, 0x50, 0xAF, 0x01, 0x00, 0x20, 0x4F, 0xF8, 0x0A,
    0x00, 0xE0, 0x07, 0x00, 0xF6, 0x1D, 0x00, 0x30, 0x4F, 0x83, 0x00, 0x00, 0xF0, 0x07, 0x00, 0x60,
    0x05, 0x00, 0x40, 0x4F, 0x00, 0x00, 0x00, 0xF1, 0x07, 0x00, 0x00, 0x00, 0x00, 0x00, 0x00, 0x00,
    0x00, 0x00, 0x30, 0x02, 0x00, 0x00, 0x00,
    // Unicode: [0x4FEC]
    0x00, 0x00, 0x10, 0x03, 0x00, 0x00, 0x00, 0x00, 0x00, 0x00, 0x00, 0x00, 0x00, 0x70, 0x5F, 0x00,
    0x20, 0x77, 0x00, 0xB1, 0x06, 0x00, 0x00, 0x00, 0xC0, 0x89, 0xCA, 0xEE, 0x9B, 0x00, 0xF4, 0x07,
    0x00, 0x00, 0x00, 0xE4, 0x71, 0x57, 0x3F, 0x00, 0x00, 0xE6, 0x00, 0x00, 0x00, 0x00, 0x8C, 0x00,
    0x00, 0x3F, 0x00, 0x00, 0xB8, 0x00, 0x00, 0x00, 0x50, 0x4F, 0x00, 0x00, 0x3F, 0x00, 0x00, 0x7B,
    0x00, 0x00, 0x00, 0xD1, 0x4F, 0x10, 0x00, 0x3F, 0x10, 0x00, 0x3E, 0x00, 0x00, 0x00, 0xD9, 0x4F,
    0xF4, 0xFF, 0xFF, 0xFF, 0x24, 0x0E, 0x00, 0x00, 0x60, 0x4F, 0x4F, 0x31, 0x52, 0x5F, 0x32, 0x61,
    0x0B, 0x00, 0x00, 0xE2, 0x08, 0x4F, 0x00, 0x90, 0x8F, 0x00, 0x90, 0x07, 0x00, 0x00, 0x20, 0x00,
    0x4F, 0x00, 0xD1, 0xEF, 0x05, 0xD0, 0x03, 0x00, 0x00, 0x00, 0x00, 0x4F, 0x00, 0xA6, 0x6F, 0x2E,
    0xE2, 0x30, 0x02, 0x00, 0x00, 0x00, 0x4F, 0x00, 0x4D, 0x3F, 0xAA, 0xA7, 0x80, 0x0A, 0x00, 0x00,
    0x00, 0x4F, 0x70, 0x0D, 0x3F, 0x11, 0x6B, 0x20, 0x1E, 0x00, 0x00, 0x00, 0x4F, 0xE2, 0x05, 0x3F,
    0x10, 0x2F, 0x00, 0x7A, 0x00, 0x00, 0x00, 0x4F, 0xC8, 0x00, 0x3F, 0x50, 0x0D, 0x00, 0xD4, 0x00,
    0x00, 0x10, 0x4F, 0x10, 0x10, 0x3F, 0xC0, 0x08, 0x31, 0xF5, 0x04, 0x00, 0x20, 0x4F, 0x00, 0x10,
    0x4F, 0xF6, 0xFE, 0xBD, 0xC9, 0x09, 0x00, 0x20, 0x4F, 0x00, 0x20, 0x4F, 0x81, 0x14, 0x00, 0x60,
    0x0E, 0x00, 0x30, 0x4F, 0x00, 0x20, 0x5F, 0x00, 0x00, 0x00, 0x20, 0x05,
    // Unicode: [0x4FED]
    0x00, 0x00, 0x50, 0x03, 0x00, 0x00, 0x64, 0x01, 0x00, 0x00, 0x00, 0x00, 0x00, 0xC0, 0x5F, 0x00,
    0x00, 0xFB, 0x07, 0x00, 0x00, 0x00, 0x00, 0x00, 0xF2, 0x07, 0x00, 0x30, 0xDF, 0x02, 0x00, 0x00,
    0x00, 0x00, 0x00, 0xD9, 0x00, 0x00, 0xC0, 0x5A, 0x2D, 0x00, 0x00, 0x00, 0x00, 0x20, 0x7F, 0x00,
    0x00, 0xD8, 0x01, 0xD6, 0x02, 0x00, 0x00, 0x00, 0x90, 0x1F, 0x00, 0x50, 0x3E, 0x00, 0x60, 0x4E,
    0x00, 0x00, 0x00, 0xF3, 0x0F, 0x00, 0xF5, 0x05, 0x00, 0x00, 0xF6, 0x07, 0x00, 0x10, 0xED, 0x0F,
    0x70, 0x6F, 0x00, 0x00, 0x00, 0x50, 0xCE, 0x03, 0xB1, 0x7E, 0x1F, 0xFB, 0x96, 0xDE, 0xDD, 0xDD,
    0x9E, 0xD3, 0x0C, 0xD2, 0x46, 0x0F, 0x64, 0x40, 0x55, 0x44, 0x54, 0x45, 0x10, 0x03, 0x10, 0x40,
    0x0F, 0x00, 0x00, 0x00, 0x01, 0x00, 0x00, 0x00, 0x00, 0x00, 0x40, 0x0F, 0x00, 0x00, 0x10, 0x3E,
    0x00, 0x90, 0x29, 0x00, 0x00, 0x40, 0x0F, 0x00, 0xA7, 0x00, 0xB9, 0x00, 0xC0, 0x1C, 0x00, 0x00,
    0x40, 0x0F, 0x00, 0xF3, 0x03, 0xE1, 0x04, 0xF1, 0x05, 0x00, 0x00, 0x40, 0x0F, 0x00, 0x90, 0x0B,
    0x90, 0x0B, 0xE5, 0x00, 0x00, 0x00, 0x50, 0x0F, 0x00, 0x20, 0x3F, 0x20, 0x05, 0x8A, 0x00, 0x00,
    0x00, 0x50, 0x0F, 0x00, 0x00, 0x6A, 0x00, 0x20, 0x2F, 0x00, 0x00, 0x00, 0x60, 0x0F, 0x00, 0x00,
    0x00, 0x00, 0x80, 0x0B, 0x00, 0x00, 0x00, 0x70, 0x0F, 0xE0, 0xDE, 0xDD, 0xDD, 0xFD, 0xDE, 0xFE,
    0x03, 0x00, 0x80, 0x0F, 0x50, 0x45, 0x44, 0x44, 0x44, 0x44, 0x55, 0x01,
    // Unicode: [0x4FEE]
    0x00, 0x00, 0x80, 0x15, 0x00, 0x10, 0x3A, 0x00, 0x00, 0x00, 0x00, 0x00, 0x00, 0xF2, 0x0A, 0x00,
    0x50, 0x2E, 0x00, 0x00, 0x00, 0x00, 0x00, 0x00, 0xE7, 0x01, 0x00, 0xC0, 0xBD, 0xBB, 0xBB, 0x6C,
    0x00, 0x00, 0x00, 0x7D, 0x00, 0x00, 0xD6, 0x44, 0x44, 0xA4, 0x0C, 0x00, 0x00, 0x50, 0x1E, 0x00,
    0x30, 0x5E, 0x08, 0x00, 0xE3, 0x03, 0x00, 0x00, 0xC0, 0x0E, 0xE5, 0xD3, 0x18, 0xAB, 0x21, 0x6D,
    0x00, 0x00, 0x00, 0xF6, 0x0E, 0xE4, 0x30, 0x00, 0xA0, 0xDC, 0x08, 0x00, 0x00, 0x20, 0xBE, 0x0E,
    0xE3, 0x00, 0x00, 0x60, 0xEF, 0x18, 0x00, 0x00, 0xC0, 0x5D, 0x0E, 0xE3, 0x00, 0x40, 0xCC, 0x23,
    0xEB, 0x49, 0x00, 0xA1, 0x43, 0x0E, 0xE3, 0x84, 0xED, 0x07, 0x70, 0x35, 0xFA, 0x4F, 0x00, 0x40,
    0x0E, 0xE3, 0xB2, 0x05, 0x10, 0xE9, 0x06, 0x10, 0x06, 0x00, 0x40, 0x0E, 0xE3, 0x00, 0x00, 0xD4,
    0x1A, 0x60, 0x02, 0x00, 0x00, 0x40, 0x0E, 0xE3, 0x20, 0xC7, 0x5D, 0x00, 0xE8, 0x06, 0x00, 0x00,
    0x40, 0x0E, 0xE4, 0x40, 0x6C, 0x00, 0xB2, 0x2C, 0x20, 0x00, 0x00, 0x40, 0x0E, 0xF4, 0x00, 0x00,
    0x93, 0x8E, 0x00, 0xF7, 0x04, 0x00, 0x40, 0x0E, 0xF5, 0x01, 0xD7, 0xAF, 0x03, 0x91, 0x5E, 0x00,
    0x00, 0x50, 0x0E, 0x63, 0x01, 0x84, 0x02, 0x50, 0xBD, 0x02, 0x00, 0x00, 0x50, 0x0E, 0x00, 0x00,
    0x00, 0x72, 0xDD, 0x05, 0x00, 0x00, 0x00, 0x60, 0x0E, 0x00, 0x60, 0xDA, 0xBF, 0x05, 0x00, 0x00,
    0x00, 0x00, 0x70, 0x0E, 0x00, 0x50, 0x58, 0x01, 0x00, 0x00, 0x00, 0x00,
    // Unicode: [0x4FEF]
    0x00, 0x00, 0x80, 0x14, 0x00, 0x00, 0x82, 0x00, 0x00, 0x00, 0x00, 0x00, 0x00, 0xF2, 0x2C, 0x00,
    0x00, 0xF4, 0x07, 0x00, 0x00, 0x00, 0x00, 0x00, 0xF6, 0x12, 0x01, 0x00, 0x60, 0x1E, 0x00, 0x00,
    0x01, 0x00, 0x00, 0x9C, 0x70, 0xFF, 0xFF, 0xFF, 0xFF, 0xFF, 0xFF, 0x3F, 0x00, 0x30, 0x2F, 0x70,
    0x0D, 0x00, 0x57, 0x00, 0x10, 0x12, 0x12, 0x00, 0xB0, 0x0F, 0x70, 0x0D, 0x00, 0xAE, 0x00, 0x50,
    0x4F, 0x00, 0x00, 0xF5, 0x0F, 0x60, 0x0D, 0x50, 0x1E, 0x00, 0x50, 0x0E, 0x00, 0x10, 0xCD, 0x0F,
    0x60, 0x0D, 0xC0, 0x06, 0x00, 0x50, 0x0E, 0x00, 0xA0, 0x4E, 0x0F, 0x50, 0x0D, 0xF7, 0x53, 0x44,
    0x74, 0x4E, 0x15, 0xD2, 0x36, 0x0F, 0x50, 0x3D, 0xFE, 0xE4, 0xDD, 0xED, 0xDF, 0x2E, 0x10, 0x30,
    0x0F, 0x50, 0xCD, 0xF8, 0x02, 0x00, 0x50, 0x0E, 0x00, 0x00, 0x30, 0x0F, 0x60, 0x2C, 0xF1, 0x82,
    0x0B, 0x50, 0x0E, 0x00, 0x00, 0x30, 0x0F, 0x60, 0x0C, 0xF0, 0x42, 0x5F, 0x50, 0x0E, 0x00, 0x00,
    0x30, 0x0F, 0x80, 0x0B, 0xF0, 0x02, 0xD9, 0x50, 0x0E, 0x00, 0x00, 0x30, 0x0F, 0x90, 0x0A, 0xF0,
    0x02, 0xF2, 0x55, 0x0E, 0x00, 0x00, 0x30, 0x0F, 0xC0, 0x09, 0xF0, 0x02, 0x40, 0x50, 0x0E, 0x00,
    0x00, 0x40, 0x0F, 0xF1, 0x06, 0xF1, 0x02, 0x00, 0x50, 0x0E, 0x00, 0x00, 0x40, 0x0F, 0xF5, 0x03,
    0xF2, 0x02, 0x00, 0x50, 0x0E, 0x00, 0x00, 0x50, 0x0F, 0xEB, 0x00, 0xF3, 0x02, 0x70, 0xC8, 0x0D,
    0x00, 0x00, 0x60, 0x1F, 0x99, 0x00, 0xC3, 0x02, 0x70, 0xCE, 0x05, 0x00,
    // Unicode: [0x4FF0]
    0x00, 0x00, 0x31, 0x00, 0x00, 0x00, 0x00, 0x00, 0x00, 0x00, 0x00, 0x00, 0x00, 0xF6, 0x06, 0x00,
    0x30, 0x19, 0x00, 0x00, 0x00, 0x00, 0x00, 0x00, 0xCA, 0x72, 0xB8, 0xFE, 0x7D, 0x00, 0x00, 0x00,
    0x00, 0x00, 0x10, 0x5F, 0x90, 0x9A, 0x1F, 0x00, 0x42, 0x33, 0x43, 0x01, 0x00, 0x70, 0x0E, 0x00,
    0x40, 0x1F, 0x00, 0xF5, 0xEE, 0xFE, 0x02, 0x00, 0xD0, 0x0E, 0x00, 0x40, 0x1F, 0x00, 0xE5, 0x00,
    0xF3, 0x01, 0x00, 0xF7, 0x0E, 0x01, 0x40, 0x1F, 0x10, 0xE4, 0x00, 0xF3, 0x00, 0x20, 0xDE, 0x0E,
    0xFB, 0xFF, 0xFF, 0xFF, 0xE5, 0x00, 0xF3, 0x00, 0xB0, 0x6E, 0x0E, 0x22, 0x82, 0x2F, 0x32, 0xE4,
    0x00, 0xF3, 0x00, 0xB1, 0x57, 0x0E, 0x00, 0xD0, 0x8F, 0x00, 0xE4, 0x00, 0xF3, 0x00, 0x00, 0x50,
    0x0E, 0x00, 0xF4, 0xDF, 0x07, 0xE4, 0x00, 0xF3, 0x00, 0x00, 0x50, 0x0E, 0x00, 0xAB, 0x4F, 0x4F,
    0xE4, 0x00, 0xF3, 0x00, 0x00, 0x50, 0x0E, 0x40, 0x4E, 0x1F, 0xE8, 0xE6, 0x00, 0xF3, 0x00, 0x00,
    0x50, 0x0E, 0xD0, 0x48, 0x1F, 0x71, 0xE4, 0x00, 0xF3, 0x00, 0x00, 0x50, 0x0E, 0xE8, 0x41, 0x1F,
    0x00, 0xE4, 0x00, 0xF3, 0x00, 0x00, 0x50, 0x4E, 0x7F, 0x40, 0x1F, 0x00, 0xE4, 0x44, 0xF6, 0x00,
    0x00, 0x60, 0x1E, 0x18, 0x40, 0x1F, 0x00, 0xF5, 0xDD, 0xFD, 0x01, 0x00, 0x60, 0x0E, 0x00, 0x40,
    0x1F, 0x00, 0xE5, 0x00, 0xF3, 0x02, 0x00, 0x70, 0x0E, 0x00, 0x40, 0x1F, 0x00, 0xD5, 0x00, 0x81,
    0x01, 0x00, 0x80, 0x0E, 0x00, 0x40, 0x2D, 0x00, 0x00, 0x00, 0x00, 0x00,
    // Unicode: [0x4FF1]
    0x00, 0x00, 0x40, 0x03, 0x00, 0x00, 0x00, 0x00, 0x00, 0x00, 0x00, 0x00, 0x00, 0xB0, 0x3E, 0x20,
    0x12, 0x11, 0x11, 0x21, 0x01, 0x00, 0x00, 0x00, 0xF1, 0x07, 0xF0, 0xFF, 0xFF, 0xFF, 0xFF, 0x07,
    0x00, 0x00, 0x00, 0xD7, 0x00, 0xE0, 0x06, 0x00, 0x00, 0xE0, 0x06, 0x00, 0x00, 0x10, 0x7E, 0x00,
    0xD0, 0x06, 0x00, 0x00, 0xE0, 0x06, 0x00, 0x00, 0x70, 0x5F, 0x00, 0xD0, 0xFF, 0xFF, 0xFF, 0xFF,
    0x06, 0x00, 0x00, 0xE2, 0x5F, 0x00, 0xD0, 0x06, 0x00, 0x00, 0xE0, 0x06, 0x00, 0x00, 0xCB, 0x5F,
    0x00, 0xD0, 0x06, 0x00, 0x00, 0xE0, 0x06, 0x00, 0x80, 0x3F, 0x5F, 0x00, 0xD0, 0xEF, 0xEE, 0xEE,
    0xFE, 0x06, 0x00, 0xC1, 0x08, 0x5F, 0x00, 0xD0, 0x17, 0x11, 0x11, 0xE1, 0x06, 0x00, 0x00, 0x00,
    0x5F, 0x00, 0xD0, 0x06, 0x00, 0x00, 0xE0, 0x06, 0x00, 0x00, 0x00, 0x5F, 0x00, 0xD0, 0xEF, 0xEE,
    0xEE, 0xFE, 0x06, 0x00, 0x00, 0x00, 0x5F, 0x00, 0xD0, 0x17, 0x11, 0x11, 0xE1, 0x06, 0x00, 0x00,
    0x00, 0x5F, 0x11, 0xD0, 0x06, 0x00, 0x00, 0xE0, 0x06, 0x01, 0x00, 0x00, 0x5F, 0xF7, 0xFF, 0xEF,
    0xEE, 0xEE, 0xFE, 0xFF, 0x1F, 0x00, 0x00, 0x5F, 0x32, 0x22, 0x84, 0x22, 0x62, 0x26, 0x22, 0x03,
    0x00, 0x00, 0x5F, 0x00, 0x10, 0xDD, 0x03, 0x70, 0x8F, 0x00, 0x00, 0x00, 0x00, 0x5F, 0x00, 0xC1,
    0x1C, 0x00, 0x00, 0xE4, 0x1B, 0x00, 0x00, 0x10, 0x5F, 0x40, 0xCD, 0x01, 0x00, 0x00, 0x20, 0xDD,
    0x02, 0x00, 0x30, 0x5F, 0xD2, 0x1B, 0x00, 0x00, 0x00, 0x00, 0xC1, 0x03, 0x00, 0x00, 0x00, 0x20,
    0x00, 0x00, 0x00, 0x00, 0x00, 0x00, 0x00,
    // Unicode: [0x4FF2]
    0x00, 0x00, 0x02, 0x00, 0x05, 0x00, 0x00, 0x50, 0x04, 0x00, 0x00, 0x00, 0xDA, 0x01, 0x7D, 0x00,
    0x00, 0xC0, 0x0C, 0x00, 0x00, 0x10, 0x6E, 0x00, 0xE4, 0x01, 0x00, 0xC0, 0x09, 0x00, 0x00, 0x60,
    0x0D, 0x00, 0xA0, 0x03, 0x00, 0xB0, 0x08, 0x00, 0x00, 0xD0, 0x87, 0x9A, 0x99, 0xA9, 0x1B, 0xB0,
    0x07, 0x00, 0x00, 0xF6, 0x66, 0x88, 0x88, 0x88, 0x49, 0xC5, 0x59, 0x45, 0x00, 0xFD, 0x06, 0x70,
    0x04, 0x12, 0x70, 0xED, 0xCE, 0x9E, 0x90, 0xEE, 0x06, 0xE1, 0x07, 0xC9, 0x00, 0xC0, 0x06, 0x9A,
    0xF5, 0xE6, 0x06, 0xD7, 0x00, 0xB0, 0x09, 0xC0, 0x06, 0x8A, 0x61, 0xE0, 0x26, 0x5E, 0x00, 0x20,
    0x3E, 0xD0, 0x05, 0x7B, 0x00, 0xE0, 0xB6, 0x0B, 0x00, 0x60, 0x01, 0xE0, 0x04, 0x7C, 0x00, 0xE0,
    0x16, 0x92, 0x01, 0xF3, 0x04, 0xF0, 0x03, 0x6C, 0x00, 0xE0, 0x06, 0x90, 0x0B, 0xB8, 0x00, 0xF2,
    0x01, 0x5D, 0x00, 0xE0, 0x06, 0x00, 0x8B, 0x3E, 0x00, 0xE5, 0x00, 0x5E, 0x00, 0xE0, 0x06, 0x00,
    0xE1, 0x0B, 0x00, 0xB9, 0x00, 0x4E, 0x00, 0xE0, 0x06, 0x00, 0xF5, 0x2E, 0x00, 0x7E, 0x00, 0x3F,
    0x00, 0xF0, 0x06, 0x40, 0x6E, 0xBA, 0x70, 0x1E, 0x10, 0x3F, 0x00, 0xF0, 0x06, 0xF7, 0x07, 0xD1,
    0xE3, 0x18, 0x72, 0x1F, 0x00, 0xF1, 0x96, 0x6F, 0x00, 0x10, 0xEB, 0x01, 0xFD, 0x0A, 0x00, 0xF2,
    0x16, 0x03, 0x00, 0x30, 0x4C, 0x00, 0x33, 0x00,
    // Unicode: [0x4FF3]
    0x00, 0x00, 0x50, 0x03, 0x00, 0x00, 0x00, 0x41, 0x03, 0x00, 0x00, 0x00, 0x00, 0xD0, 0x2D, 0x00,
    0xF0, 0x0A, 0xF2, 0x07, 0x00, 0x00, 0x00, 0x00, 0xF4, 0x04, 0x00, 0xE0, 0x06, 0xF1, 0x04, 0x00,
    0x00, 0x00, 0x00, 0xAB, 0x00, 0x00, 0xE0, 0x06, 0xF1, 0x04, 0x00, 0x00, 0x00, 0x30, 0x6F, 0xE1,
    0xDD, 0xFD, 0x06, 0xF0, 0xEE, 0xFE, 0x07, 0x00, 0xC0, 0x6F, 0x60, 0x55, 0xE5, 0x06, 0xF0, 0x47,
    0x44, 0x02, 0x00, 0xF7, 0x6F, 0x00, 0x00, 0xE0, 0x06, 0xF0, 0x04, 0x00, 0x00, 0x30, 0x8F, 0x6E,
    0x00, 0x00, 0xE0, 0x06, 0xF0, 0x04, 0x00, 0x00, 0xD1, 0x1D, 0x6E, 0x00, 0x00, 0xE0, 0x06, 0xF0,
    0x04, 0x00, 0x00, 0xB1, 0x03, 0x6E, 0x90, 0xDE, 0xFD, 0x06, 0xF0, 0xDE, 0xFE, 0x00, 0x00, 0x00,
    0x6E, 0x30, 0x34, 0xE3, 0x06, 0xF0, 0x37, 0x54, 0x00, 0x00, 0x00, 0x6E, 0x00, 0x00, 0xE0, 0x06,
    0xF0, 0x04, 0x00, 0x00, 0x00, 0x00, 0x6E, 0x00, 0x00, 0xE0, 0x06, 0xF0, 0x04, 0x00, 0x00, 0x00,
    0x00, 0x6E, 0x00, 0x00, 0xE0, 0x06, 0xF0, 0x04, 0x00, 0x00, 0x00, 0x00, 0x6E, 0xD7, 0xCC, 0xFC,
    0x06, 0xF0, 0xDE, 0xED, 0x2E, 0x00, 0x00, 0x6E, 0x63, 0x56, 0xE5, 0x06, 0xF0, 0x57, 0x55, 0x16,
    0x00, 0x00, 0x6E, 0x00, 0x00, 0xE0, 0x06, 0xF1, 0x04, 0x00, 0x00, 0x00, 0x00, 0x6F, 0x00, 0x00,
    0xE0, 0x06, 0xF1, 0x05, 0x00, 0x00, 0x00, 0x10, 0x6F, 0x00, 0x00, 0xF0, 0x07, 0xF1, 0x05, 0x00,
    0x00, 0x00, 0x20, 0x6F, 0x00, 0x00, 0xD1, 0x07, 0xE2, 0x06, 0x00, 0x00,
    // Unicode: [0x4FF4]
    0x00, 0x00, 0x20, 0x02, 0x00, 0x21, 0x00, 0x00, 0x00, 0x00, 0x00, 0x00, 0x00, 0x90, 0x4F, 0x00,
    0x9C, 0x70, 0x8D, 0x02, 0x00, 0x00, 0x00, 0x00, 0xE0, 0x08, 0x00, 0x99, 0x00, 0x93, 0x0A, 0x00,
    0x00, 0x00, 0x00, 0xE6, 0x01, 0x00, 0xD5, 0x00, 0x42, 0x96, 0x7B, 0x00, 0x00, 0x00, 0x8D, 0x41,
    0x75, 0xF9, 0xFD, 0xCE, 0x8A, 0x36, 0x00, 0x00, 0x60, 0x3F, 0xE0, 0x9C, 0xA7, 0x1D, 0x00, 0x9A,
    0x00, 0x00, 0x00, 0xE1, 0x3F, 0x00, 0x00, 0x10, 0x9D, 0xA1, 0x5D, 0x00, 0x00, 0x00, 0xF9, 0x3F,
    0x00, 0x00, 0x00, 0xF2, 0xBF, 0x01, 0x62, 0x01, 0x60, 0x8F, 0x3F, 0x00, 0x10, 0x94, 0xBE, 0xFA,
    0x6B, 0xF9, 0x02, 0xE1, 0x2B, 0x3F, 0x90, 0xFD, 0x8C, 0x02, 0x20, 0xC8, 0x6D, 0x00, 0x30, 0x21,
    0x3F, 0x40, 0x25, 0x62, 0x04, 0xCC, 0x05, 0x00, 0x00, 0x00, 0x20, 0x3F, 0x00, 0x00, 0xF1, 0x05,
    0x61, 0x1C, 0x42, 0x00, 0x00, 0x20, 0x3F, 0x00, 0x00, 0xC0, 0x48, 0x96, 0xEB, 0xDF, 0x00, 0x00,
    0x20, 0x3F, 0x81, 0xA9, 0xFC, 0xCF, 0x79, 0x45, 0x01, 0x00, 0x00, 0x20, 0x3F, 0xB0, 0x7A, 0x24,
    0x5E, 0x00, 0xE3, 0x08, 0x00, 0x00, 0x20, 0x3F, 0x00, 0x00, 0x00, 0xD7, 0x61, 0x9E, 0x02, 0x00,
    0x00, 0x30, 0x3F, 0x00, 0x00, 0x00, 0xC0, 0xCE, 0x03, 0x00, 0x00, 0x00, 0x40, 0x3F, 0x00, 0x00,
    0x62, 0xCC, 0xCB, 0x02, 0x80, 0x06, 0x00, 0x50, 0x3F, 0x82, 0xEB, 0xBF, 0x04, 0x80, 0x9E, 0xD5,
    0x09, 0x00, 0x50, 0x3F, 0xB0, 0x6A, 0x01, 0x00, 0x00, 0x82, 0xCD, 0x01,
    // Unicode: [0x4FF5]
    0x00, 0x00, 0x40, 0x16, 0x00, 0x00, 0x71, 0x04, 0x00, 0x00, 0x00, 0x00, 0x00, 0x90, 0x7F, 0x00,
    0x00, 0xF0, 0x07, 0x00, 0x00, 0x00, 0x00, 0x00, 0xE0, 0x09, 0x00, 0x00, 0xF0, 0x05, 0x00, 0x00,
    0x00, 0x00, 0x00, 0xF5, 0x42, 0xDE, 0xCD, 0xFC, 0xCD, 0xDC, 0x7E, 0x00, 0x00, 0x00, 0x9C, 0x20,
    0x67, 0x55, 0xF5, 0x58, 0x65, 0x47, 0x00, 0x00, 0x60, 0x3F, 0x00, 0x00, 0x00, 0xF0, 0x05, 0x00,
    0x00, 0x00, 0x00, 0xE1, 0x2F, 0x00, 0x62, 0x55, 0xF4, 0x48, 0x65, 0x05, 0x00, 0x00, 0xFA, 0x2F,
    0x00, 0xD4, 0xCC, 0xFC, 0xCD, 0xCC, 0x08, 0x00, 0x70, 0xBF, 0x2F, 0x00, 0x00, 0x00, 0xF0, 0x05,
    0x00, 0x00, 0x00, 0xE2, 0x3C, 0x2F, 0x41, 0x33, 0x22, 0xF2, 0x26, 0x22, 0x33, 0x02, 0x20, 0x32,
    0x2F, 0xF4, 0xFF, 0xEE, 0xEF, 0xEF, 0xEE, 0xFF, 0x06, 0x00, 0x30, 0x2F, 0x10, 0x00, 0xB0, 0x09,
    0x97, 0x00, 0x20, 0x00, 0x00, 0x30, 0x2F, 0x00, 0x10, 0xEB, 0x00, 0xE2, 0x00, 0xE8, 0x05, 0x00,
    0x30, 0x2F, 0x00, 0xD3, 0xEE, 0x00, 0xC0, 0x96, 0x5D, 0x00, 0x00, 0x30, 0x2F, 0x92, 0x9F, 0xE6,
    0x00, 0x50, 0xAF, 0x01, 0x00, 0x00, 0x30, 0x3F, 0xDD, 0x05, 0xE5, 0x00, 0x00, 0x9C, 0x00, 0x00,
    0x00, 0x30, 0x2F, 0x12, 0x00, 0xE5, 0x00, 0x46, 0xF3, 0x08, 0x00, 0x00, 0x40, 0x2F, 0x00, 0x00,
    0xE7, 0xD6, 0x4D, 0x60, 0xBF, 0x02, 0x00, 0x50, 0x2F, 0x00, 0x20, 0xFD, 0x5C, 0x00, 0x00, 0xF6,
    0x0B, 0x00, 0x60, 0x2F, 0x00, 0x10, 0x5A, 0x00, 0x00, 0x00, 0x30, 0x01,
    // Unicode: [0x4FF6]
    0x00, 0x00, 0x70, 0x05, 0x80, 0x06, 0x00, 0x00, 0x00, 0x00, 0x00, 0x00, 0x00, 0xE0, 0x0A, 0xE0,
    0x07, 0x00, 0x00, 0x00, 0x00, 0x00, 0x00, 0x00, 0xF2, 0x03, 0xE0, 0x06, 0xE3, 0xDD, 0xDD, 0xDD,
    0x04, 0x00, 0x00, 0xD7, 0x00, 0xE0, 0x06, 0x51, 0xD8, 0x44, 0xF5, 0x02, 0x00, 0x00, 0x7D, 0x00,
    0xE0, 0xCD, 0x1C, 0xD5, 0x00, 0xF4, 0x00, 0x00, 0x30, 0x2F, 0x00, 0xE0, 0x48, 0x16, 0xD4, 0x00,
    0xD5, 0x00, 0x00, 0xA0, 0x0E, 0x00, 0xE0, 0x06, 0x00, 0xF3, 0x00, 0xA8, 0x00, 0x00, 0xF2, 0x0E,
    0x00, 0xE0, 0x06, 0x00, 0xF1, 0x02, 0x7B, 0x00, 0x00, 0xFA, 0x0E, 0x44, 0xE3, 0x27, 0x43, 0xE0,
    0x04, 0x4E, 0x00, 0x40, 0xAF, 0x0E, 0xEF, 0xED, 0xDF, 0xEE, 0xB0, 0x37, 0x1F, 0x00, 0xD1, 0x5C,
    0x0E, 0x00, 0x70, 0x0D, 0x00, 0x80, 0x7A, 0x0C, 0x00, 0x20, 0x52, 0x0E, 0x50, 0x75, 0x3D, 0x0B,
    0x40, 0xCE, 0x07, 0x00, 0x00, 0x50, 0x0E, 0xD0, 0x78, 0x0D, 0x5E, 0x00, 0xFE, 0x02, 0x00, 0x00,
    0x50, 0x0E, 0xF3, 0x71, 0x0D, 0xB8, 0x00, 0xCA, 0x00, 0x00, 0x00, 0x50, 0x0E, 0x9A, 0x70, 0x0D,
    0xD3, 0x21, 0xEE, 0x02, 0x00, 0x00, 0x50, 0x3E, 0x3F, 0x70, 0x0D, 0x00, 0xC0, 0x89, 0x0A, 0x00,
    0x00, 0x60, 0x4E, 0x07, 0x70, 0x0D, 0x00, 0xDA, 0x11, 0x5E, 0x00, 0x00, 0x70, 0x0E, 0x00, 0x90,
    0x0D, 0x90, 0x3E, 0x00, 0xE6, 0x02, 0x00, 0x70, 0x0E, 0x60, 0xFF, 0x19, 0xFA, 0x04, 0x00, 0xC0,
    0x2D, 0x00, 0x80, 0x0E, 0x10, 0x25, 0x20, 0x5B, 0x00, 0x00, 0x20, 0x07,
    // Unicode: [0x4FF7]
    0x00, 0x10, 0x47, 0x00, 0x00, 0x00, 0x00, 0x00, 0x00, 0x00, 0x00, 0x00, 0x30, 0x7F, 0x10, 0x00,
    0x01, 0x00, 0x00, 0x00, 0x00, 0x00, 0x00, 0x60, 0x1E, 0xF5, 0xFF, 0x5F, 0xE5, 0xDD, 0xDD, 0x6D,
    0x00, 0x00, 0xA0, 0x09, 0xE5, 0x00, 0x4E, 0xE4, 0x53, 0x3E, 0x5D, 0x00, 0x00, 0xE1, 0x05, 0xE5,
    0x00, 0x4E, 0xE4, 0x30, 0x0E, 0x5D, 0x00, 0x00, 0xF5, 0x05, 0xE5, 0x00, 0x4E, 0xE4, 0x30, 0x0E,
    0x5D, 0x00, 0x00, 0xFC, 0x05, 0xE5, 0x11, 0x4E, 0xE4, 0x30, 0x0E, 0x5D, 0x00, 0x40, 0xFF, 0x05,
    0xF5, 0xFF, 0x4F, 0xE4, 0x30, 0x0E, 0x5D, 0x00, 0xC0, 0xEB, 0x05, 0xE5, 0x00, 0x4E, 0xE4, 0x30,
    0x0E, 0x5D, 0x00, 0xE3, 0xE4, 0x05, 0xE5, 0x00, 0x4E, 0xE4, 0x30, 0x0E, 0x5D, 0x00, 0x20, 0xE0,
    0x05, 0xE5, 0x00, 0x4E, 0xF4, 0xBA, 0xAF, 0x5E, 0x00, 0x00, 0xE0, 0x05, 0xE5, 0x22, 0x4E, 0xE4,
    0x77, 0x77, 0x5E, 0x00, 0x00, 0xE0, 0x05, 0xF5, 0xFF, 0x4F, 0xE4, 0x00, 0x00, 0x6C, 0x00, 0x00,
    0xE0, 0x05, 0xD5, 0x00, 0x4E, 0xE4, 0x00, 0x00, 0x00, 0x00, 0x00, 0xE0, 0x05, 0xD6, 0x00, 0x4E,
    0xE4, 0x00, 0x00, 0x00, 0x00, 0x00, 0xE0, 0x05, 0xB8, 0x00, 0x4E, 0xE4, 0x00, 0x00, 0x00, 0x00,
    0x00, 0xE0, 0x05, 0x8A, 0x00, 0x4E, 0xE4, 0x00, 0x00, 0x40, 0x01, 0x00, 0xF0, 0x15, 0x4E, 0x00,
    0x4E, 0xE4, 0x00, 0x00, 0xA0, 0x0D, 0x00, 0xF0, 0x65, 0x0E, 0x10, 0x4F, 0xF3, 0x36, 0x43, 0xF7,
    0x08, 0x00, 0xF2, 0xC6, 0x09, 0xC8, 0x08, 0xA0, 0xFE, 0xEF, 0x9D, 0x01,
    // Unicode: [0x4FF8]
    0x00, 0x00, 0x50, 0x01, 0x00, 0x00, 0x54, 0x02, 0x00, 0x00, 0x00, 0x00, 0x00, 0xE0, 0x1D, 0x00,
    0x00, 0xF7, 0x02, 0x00, 0x00, 0x00, 0x00, 0x00, 0xF4, 0x44, 0x33, 0x23, 0xD9, 0x22, 0x33, 0x24,
    0x00, 0x00, 0x00, 0xBA, 0xF1, 0xDE, 0xDD, 0xEE, 0xDD, 0xED, 0x8E, 0x00, 0x00, 0x20, 0x6F, 0x00,
    0x00, 0x00, 0x6C, 0x00, 0x00, 0x00, 0x00, 0x00, 0x90, 0x6F, 0x10, 0x33, 0x32, 0x5F, 0x22, 0x32,
    0x03, 0x00, 0x00, 0xF3, 0x6F, 0x50, 0xDE, 0xED, 0xCF, 0xCC, 0xED, 0x0A, 0x00, 0x00, 0xCC, 0x6E,
    0x00, 0x00, 0xB0, 0x09, 0x00, 0x00, 0x00, 0x00, 0x90, 0x3F, 0x6E, 0x43, 0x34, 0xF4, 0x36, 0x33,
    0x33, 0x54, 0x00, 0xB1, 0x08, 0x6E, 0xD7, 0xCC, 0xDF, 0xCC, 0xDC, 0xCF, 0xDD, 0x01, 0x00, 0x00,
    0x6E, 0x00, 0x90, 0x1D, 0x60, 0x13, 0x6D, 0x00, 0x00, 0x00, 0x00, 0x6E, 0x00, 0xE9, 0x03, 0xE0,
    0x06, 0xE3, 0x08, 0x00, 0x00, 0x00, 0x6E, 0xC4, 0x5D, 0x23, 0xE2, 0x36, 0x63, 0xDE, 0x06, 0x00,
    0x00, 0x7E, 0xBD, 0x91, 0xDD, 0xFC, 0xDD, 0x8D, 0xA2, 0x05, 0x00, 0x00, 0x6E, 0x01, 0x00, 0x00,
    0xD0, 0x05, 0x00, 0x00, 0x00, 0x00, 0x00, 0x6E, 0x30, 0x23, 0x22, 0xE1, 0x26, 0x32, 0x23, 0x00,
    0x00, 0x00, 0x6E, 0xA0, 0xEF, 0xEE, 0xFD, 0xEE, 0xFE, 0x8F, 0x00, 0x00, 0x00, 0x6F, 0x00, 0x00,
    0x00, 0xE0, 0x05, 0x00, 0x00, 0x00, 0x00, 0x10, 0x6F, 0x00, 0x00, 0x00, 0xE0, 0x06, 0x00, 0x00,
    0x00, 0x00, 0x20, 0x6F, 0x00, 0x00, 0x00, 0xF0, 0x07, 0x00, 0x00, 0x00, 0x00, 0x00, 0x00, 0x00,
    0x00, 0x00, 0x10, 0x01, 0x00, 0x00, 0x00,
    // Unicode: [0x4FF9]
    0x00, 0x00, 0x50, 0x01, 0x00, 0x00, 0x00, 0x00, 0x00, 0x00, 0x00, 0x00, 0x00, 0xF1, 0x0A, 0x00,
    0x00, 0x00, 0x00, 0x00, 0x00, 0x00, 0x00, 0x00, 0xE6, 0xE2, 0xDD, 0xCD, 0xCC, 0xCC, 0xDC, 0xDD,
    0x06, 0x00, 0x00, 0x9C, 0x60, 0x45, 0xD4, 0x48, 0xE8, 0x44, 0x54, 0x03, 0x00, 0x30, 0x3F, 0x00,
    0x00, 0xC0, 0x06, 0xE5, 0x00, 0x00, 0x00, 0x00, 0xA0, 0x0F, 0x00, 0x00, 0xC0, 0x06, 0xE5, 0x00,
    0x00, 0x00, 0x00, 0xF3, 0x0F, 0x00, 0x00, 0xC0, 0x06, 0xE6, 0x00, 0x10, 0x00, 0x00, 0xFC, 0x0F,
    0x20, 0xEF, 0xFE, 0x07, 0xF7, 0xEE, 0x6F, 0x00, 0x80, 0x8F, 0x0F, 0x00, 0x4F, 0x11, 0x01, 0x11,
    0x11, 0x5F, 0x00, 0xF4, 0x58, 0x0F, 0x00, 0x4F, 0x00, 0x00, 0x00, 0x00, 0x5F, 0x00, 0x40, 0x50,
    0x0F, 0x00, 0x4F, 0x00, 0x00, 0x00, 0x00, 0x5F, 0x00, 0x00, 0x50, 0x0F, 0x00, 0x4F, 0x00, 0x00,
    0x00, 0x00, 0x5F, 0x00, 0x00, 0x50, 0x0F, 0x20, 0xEF, 0xFE, 0x06, 0xF7, 0xEE, 0x6F, 0x00, 0x00,
    0x50, 0x0F, 0x10, 0x12, 0xE1, 0x06, 0xD6, 0x11, 0x12, 0x00, 0x00, 0x50, 0x0F, 0x00, 0x00, 0xE0,
    0x05, 0xD5, 0x00, 0x00, 0x00, 0x00, 0x50, 0x0F, 0x00, 0x00, 0xE0, 0x05, 0xD5, 0x00, 0x00, 0x00,
    0x00, 0x60, 0x0F, 0x00, 0x00, 0xE0, 0x05, 0xD5, 0x00, 0x00, 0x00, 0x00, 0x70, 0x0F, 0x00, 0x00,
    0xE0, 0x05, 0xD5, 0x00, 0x00, 0x00, 0x00, 0x80, 0x0F, 0xED, 0xDE, 0xFD, 0xDE, 0xFE, 0xDD, 0xEE,
    0x0F, 0x00, 0x90, 0x0F, 0x54, 0x44, 0x44, 0x44, 0x44, 0x44, 0x54, 0x05,
    // Unicode: [0x4FFA]
    0x00, 0x00, 0x82, 0x03, 0x00, 0x00, 0x59, 0x01, 0x00, 0x00, 0x00, 0x00, 0x00, 0xF5, 0x09, 0x00,
    0x10, 0xBF, 0x01, 0x00, 0x00, 0x00, 0x00, 0x00, 0xC9, 0x00, 0x00, 0x60, 0x1E, 0x00, 0x00, 0x00,
    0x00, 0x00, 0x00, 0x5E, 0xE9, 0xCD, 0xEC, 0xBE, 0xBB, 0xCC, 0xDC, 0x0E, 0x00, 0x60, 0x0F, 0x54,
    0x45, 0xF9, 0x44, 0xCA, 0x44, 0x54, 0x06, 0x00, 0xD0, 0x0F, 0x00, 0x20, 0x8E, 0x00, 0xD1, 0x07,
    0x00, 0x00, 0x00, 0xF5, 0x0F, 0x00, 0xD1, 0x0C, 0x54, 0x32, 0x7E, 0x00, 0x00, 0x10, 0xDD, 0x0F,
    0x20, 0xDC, 0x01, 0xF6, 0x02, 0xE3, 0x2B, 0x00, 0x90, 0x6E, 0x0F, 0xE4, 0x1D, 0x00, 0xF5, 0x00,
    0x20, 0xFB, 0x2A, 0xD3, 0x57, 0x5F, 0xBF, 0xEE, 0xEE, 0xFE, 0xEE, 0xEE, 0x6A, 0x0C, 0x00, 0x50,
    0x0F, 0x04, 0x6E, 0x00, 0xF4, 0x00, 0xA0, 0x09, 0x00, 0x00, 0x50, 0x0F, 0x00, 0x6D, 0x00, 0xF4,
    0x00, 0xA0, 0x09, 0x00, 0x00, 0x50, 0x0F, 0x00, 0xFD, 0xFF, 0xFF, 0xFF, 0xFF, 0x09, 0x00, 0x00,
    0x50, 0x0F, 0x00, 0x6D, 0x00, 0xF4, 0x00, 0xA0, 0x09, 0x00, 0x00, 0x50, 0x0F, 0x00, 0x6D, 0x00,
    0xF4, 0x00, 0xA0, 0x0A, 0x00, 0x00, 0x50, 0x0F, 0x00, 0xFE, 0xEE, 0xFF, 0xEE, 0xFE, 0x0B, 0x00,
    0x00, 0x60, 0x0F, 0x00, 0x7F, 0x11, 0xF4, 0x11, 0x11, 0x11, 0x00, 0x00, 0x70, 0x0F, 0x10, 0x6D,
    0x00, 0xF4, 0x00, 0x00, 0x80, 0x09, 0x00, 0x70, 0x0F, 0x00, 0x00, 0x00, 0xF3, 0x26, 0x22, 0xD4,
    0x09, 0x00, 0x80, 0x0E, 0x00, 0x00, 0x00, 0x80, 0xFD, 0xFF, 0xAE, 0x01,
    // Unicode: [0x4FFB]
    0x00, 0x00, 0x10, 0x15, 0x00, 0x01, 0x00, 0x00, 0x00, 0x00, 0x00, 0x00, 0x00, 0x70, 0x8F, 0x00,
    0xDA, 0x01, 0x00, 0x00, 0x00, 0x00, 0x00, 0x00, 0xC0, 0x0C, 0x10, 0x7F, 0x11, 0x11, 0x22, 0x04,
    0x00, 0x00, 0x00, 0xF4, 0x04, 0x90, 0xEF, 0xEE, 0xEE, 0xFE, 0x0B, 0x00, 0x00, 0x00, 0xBB, 0x00,
    0xF4, 0x1C, 0x00, 0x00, 0xF5, 0x03, 0x00, 0x00, 0x50, 0x4F, 0x30, 0x9E, 0xC8, 0x01, 0x20, 0x7E,
    0x00, 0x00, 0x00, 0xE2, 0x3F, 0xD1, 0x0C, 0x80, 0x4D, 0xD3, 0x08, 0x00, 0x00, 0x10, 0xEC, 0x3F,
    0x20, 0x02, 0x00, 0xF8, 0x9F, 0x00, 0x00, 0x00, 0xC1, 0x6F, 0x3F, 0x00, 0x10, 0xB6, 0x9F, 0xE8,
    0x7D, 0x03, 0x00, 0x90, 0x36, 0x3F, 0xA8, 0xFD, 0x8D, 0x02, 0x10, 0xC6, 0xFF, 0x1C, 0x00, 0x30,
    0x3F, 0xB8, 0x38, 0x00, 0x00, 0x00, 0x00, 0x73, 0x08, 0x00, 0x30, 0x3F, 0x00, 0xF6, 0xEF, 0xEE,
    0xEE, 0xFF, 0x0E, 0x00, 0x00, 0x30, 0x3F, 0x00, 0xE6, 0x11, 0xE1, 0x16, 0x61, 0x0E, 0x00, 0x00,
    0x30, 0x3F, 0x00, 0xE6, 0x00, 0xE0, 0x05, 0x60, 0x0E, 0x00, 0x00, 0x30, 0x3F, 0x00, 0xE6, 0x44,
    0xE4, 0x48, 0x84, 0x0E, 0x00, 0x00, 0x30, 0x3F, 0x00, 0xF6, 0xBB, 0xFB, 0xBD, 0xDB, 0x0E, 0x00,
    0x00, 0x40, 0x3F, 0x00, 0xE6, 0x00, 0xE0, 0x05, 0x60, 0x0E, 0x00, 0x00, 0x50, 0x3F, 0x00, 0xE6,
    0x00, 0xE0, 0x06, 0x60, 0x0E, 0x00, 0x00, 0x60, 0x3F, 0x00, 0xF6, 0xFF, 0xFF, 0xFF, 0xFF, 0x0E,
    0x00, 0x00, 0x60, 0x3F, 0x00, 0xC6, 0x11, 0x11, 0x11, 0x61, 0x0F, 0x00,
    // Unicode: [0x4FFC]
    0x00, 0x00, 0x10, 0x04, 0x00, 0x00, 0x28, 0x00, 0x00, 0x00, 0x00, 0x00, 0x00, 0x60, 0x7F, 0x00,
    0x10, 0xEA, 0x04, 0x00, 0x00, 0x00, 0x00, 0x00, 0xB0, 0x2B, 0x12, 0x01, 0x70, 0x2E, 0x10, 0x21,
    0x03, 0x00, 0x00, 0xF3, 0xB2, 0xFF, 0xEE, 0xEF, 0xEE, 0xFE, 0xFF, 0x0F, 0x00, 0x00, 0x9A, 0x10,
    0x00, 0x50, 0x6F, 0x00, 0x02, 0x00, 0x01, 0x00, 0x30, 0x5F, 0x00, 0x00, 0xF6, 0x07, 0x00, 0x8B,
    0x00, 0x00, 0x00, 0xC0, 0x5F, 0x00, 0xC6, 0x5E, 0x00, 0x00, 0xD2, 0x09, 0x00, 0x00, 0xE7, 0x5E,
    0x00, 0xF6, 0xDE, 0xED, 0xEF, 0xDE, 0x9E, 0x00, 0x40, 0x7F, 0x5E, 0x00, 0x72, 0x35, 0x12, 0x00,
    0x00, 0x44, 0x00, 0xD1, 0x0D, 0x5E, 0x00, 0x42, 0x33, 0x22, 0x22, 0x33, 0x14, 0x00, 0x30, 0x03,
    0x5E, 0x00, 0xF4, 0xDD, 0xDD, 0xDD, 0xDD, 0x1F, 0x00, 0x00, 0x00, 0x5E, 0x00, 0xF3, 0x02, 0x00,
    0x00, 0x40, 0x1F, 0x00, 0x00, 0x00, 0x5E, 0x00, 0xF3, 0xBC, 0xBB, 0xBB, 0xCB, 0x0F, 0x00, 0x00,
    0x00, 0x5E, 0x00, 0xF3, 0x45, 0x44, 0x44, 0x74, 0x0F, 0x00, 0x00, 0x00, 0x5E, 0x00, 0xF3, 0x02,
    0x00, 0x00, 0x40, 0x0F, 0x00, 0x00, 0x00, 0x5E, 0x00, 0xF3, 0xBC, 0xBB, 0xBB, 0xCB, 0x0F, 0x00,
    0x00, 0x00, 0x5F, 0x00, 0xF3, 0x46, 0x44, 0x44, 0x74, 0x0F, 0x00, 0x00, 0x00, 0x5F, 0x00, 0xF3,
    0x02, 0x00, 0x00, 0x40, 0x0F, 0x00, 0x00, 0x10, 0x5F, 0x00, 0xF4, 0x02, 0x00, 0x40, 0xA6, 0x0F,
    0x00, 0x00, 0x20, 0x5F, 0x00, 0xE5, 0x02, 0x00, 0x40, 0xEF, 0x08, 0x00,
    // Unicode: [0x4FFD]
    0x00, 0x00, 0x30, 0x02, 0x00, 0x00, 0x00, 0x61, 0x02, 0x00, 0x00, 0x00, 0x00, 0xB0, 0x3E, 0x00,
    0x00, 0x25, 0xF3, 0x06, 0x00, 0x00, 0x00, 0x00, 0xF1, 0x16, 0x64, 0xE9, 0xAF, 0xE5, 0x00, 0x00,
    0x00, 0x00, 0x00, 0xD7, 0x40, 0xBF, 0x48, 0x01, 0xA9, 0x00, 0x00, 0x00, 0x00, 0x00, 0x6D, 0x30,
    0x2F, 0x00, 0x00, 0x7D, 0x11, 0x32, 0x03, 0x00, 0x60, 0x3F, 0x20, 0x2F, 0x00, 0x30, 0xEF, 0xEE,
    0xFE, 0x0A, 0x00, 0xD1, 0x3F, 0x20, 0x2F, 0x00, 0xA0, 0x0C, 0x00, 0xE1, 0x04, 0x00, 0xE8, 0x3F,
    0x10, 0x3F, 0x11, 0xB3, 0x66, 0x16, 0xD6, 0x00, 0x40, 0x7F, 0x3F, 0x10, 0xEF, 0xFE, 0xAF, 0xA0,
    0x0C, 0x8B, 0x00, 0xD1, 0x2B, 0x3F, 0x20, 0x2F, 0xF1, 0x02, 0xA0, 0x09, 0x10, 0x00, 0x30, 0x22,
    0x3F, 0x20, 0x1F, 0xF1, 0x02, 0xB0, 0x07, 0x00, 0x00, 0x00, 0x20, 0x3F, 0x30, 0x1F, 0xF1, 0x02,
    0xC0, 0x09, 0x00, 0x00, 0x00, 0x20, 0x3F, 0x40, 0x0F, 0xF1, 0x02, 0xE0, 0x0D, 0x00, 0x00, 0x00,
    0x20, 0x3F, 0x60, 0x0E, 0xF1, 0x02, 0xF1, 0x3C, 0x00, 0x00, 0x00, 0x20, 0x3F, 0x70, 0x0C, 0xF1,
    0x02, 0xC5, 0xA6, 0x00, 0x00, 0x00, 0x20, 0x3F, 0xA0, 0x09, 0xF1, 0x03, 0x7B, 0xE1, 0x02, 0x00,
    0x00, 0x30, 0x3F, 0xE1, 0x05, 0xF1, 0x43, 0x1F, 0x80, 0x0B, 0x00, 0x00, 0x40, 0x3F, 0xE6, 0x01,
    0xF2, 0xE6, 0x08, 0x10, 0x7D, 0x00, 0x00, 0x40, 0x4F, 0x9E, 0x00, 0x60, 0xBE, 0x00, 0x00, 0xF3,
    0x09, 0x00, 0x50, 0x4F, 0x25, 0x00, 0x80, 0x1C, 0x00, 0x00, 0x50, 0x18,
    // Unicode: [0x4FFE]
    0x00, 0x00, 0x40, 0x15, 0x00, 0x00, 0x46, 0x00, 0x00, 0x00, 0x00, 0x00, 0x00, 0xB0, 0x3E, 0x00,
    0x10, 0xBF, 0x01, 0x00, 0x00, 0x00, 0x00, 0x00, 0xF2, 0x15, 0x01, 0x70, 0x1C, 0x00, 0x00, 0x11,
    0x00, 0x00, 0x00, 0xC9, 0x50, 0xFF, 0xFF, 0xEF, 0xEE, 0xFF, 0x5F, 0x00, 0x00, 0x20, 0x6F, 0x40,
    0x1F, 0x11, 0xF4, 0x11, 0x11, 0x5F, 0x00, 0x00, 0x90, 0x5F, 0x40, 0x0F, 0x00, 0xE4, 0x00, 0x00,
    0x5F, 0x00, 0x00, 0xF4, 0x5F, 0x40, 0x0F, 0x00, 0xD5, 0x00, 0x00, 0x5F, 0x00, 0x00, 0xCD, 0x5E,
    0x40, 0xEF, 0xEE, 0xFF, 0xEE, 0xEE, 0x5F, 0x00, 0x90, 0x3F, 0x5E, 0x40, 0x1F, 0x11, 0x99, 0x11,
    0x11, 0x5F, 0x00, 0xF6, 0x09, 0x5E, 0x40, 0x0F, 0x00, 0x6D, 0x00, 0x00, 0x5F, 0x00, 0xA1, 0x01,
    0x5E, 0x40, 0x0F, 0x20, 0x2F, 0x00, 0x00, 0x5F, 0x00, 0x00, 0x00, 0x5E, 0x50, 0xEF, 0xEE, 0xEF,
    0xEE, 0xEE, 0x5F, 0x00, 0x00, 0x00, 0x5E, 0x10, 0x12, 0xD1, 0x06, 0x99, 0x11, 0x12, 0x00, 0x00,
    0x00, 0x5E, 0x00, 0x00, 0xD7, 0x00, 0x99, 0x00, 0x00, 0x00, 0x00, 0x00, 0x5E, 0x00, 0x40, 0x3F,
    0x00, 0x99, 0x00, 0x00, 0x00, 0x00, 0x00, 0x5E, 0xEF, 0xFE, 0xEF, 0xEE, 0xEF, 0xEE, 0xEE, 0x3F,
    0x00, 0x00, 0x5E, 0x23, 0x22, 0x22, 0x22, 0xAA, 0x22, 0x22, 0x13, 0x00, 0x00, 0x5F, 0x00, 0x00,
    0x00, 0x00, 0x9A, 0x00, 0x00, 0x00, 0x00, 0x10, 0x5F, 0x00, 0x00, 0x00, 0x00, 0xAA, 0x00, 0x00,
    0x00, 0x00, 0x20, 0x4D, 0x00, 0x00, 0x00, 0x00, 0xBB, 0x00, 0x00, 0x00,
    // Unicode: [0x4FFF]
    0x00, 0x00, 0x42, 0x01, 0x00, 0x00, 0x77, 0x00, 0x00, 0x00, 0x00, 0x00, 0x00, 0xF8, 0x05, 0x00,
    0x00, 0xCB, 0x11, 0x22, 0x13, 0x00, 0x00, 0x00, 0xBC, 0x00, 0x00, 0x00, 0xFA, 0xEE, 0xFF, 0x3F,
    0x00, 0x00, 0x20, 0x4F, 0x00, 0x00, 0x00, 0xAA, 0x00, 0x00, 0x01, 0x00, 0x00, 0x80, 0x0E, 0x10,
    0x23, 0x22, 0xBB, 0x22, 0x22, 0x32, 0x02, 0x00, 0xE1, 0x0E, 0x40, 0xEF, 0xEE, 0xEF, 0xEE, 0xEE,
    0xFF, 0x04, 0x00, 0xF7, 0x0E, 0x30, 0x1F, 0x00, 0x5C, 0x00, 0x00, 0xD8, 0x00, 0x10, 0xDE, 0x0E,
    0x20, 0x2F, 0x00, 0x5C, 0x10, 0x33, 0x6A, 0x00, 0xB0, 0x6E, 0x0E, 0x20, 0x3F, 0xA9, 0xEE, 0xFE,
    0x7E, 0x00, 0x00, 0xD2, 0x56, 0x0E, 0x20, 0x2F, 0x79, 0x7D, 0x01, 0x00, 0x26, 0x00, 0x10, 0x50,
    0x0E, 0x20, 0x1F, 0x00, 0xAB, 0x44, 0x64, 0x7E, 0x00, 0x00, 0x50, 0x0E, 0x30, 0x1F, 0x00, 0xA3,
    0xDC, 0xCD, 0x19, 0x00, 0x00, 0x50, 0x0E, 0x40, 0x0F, 0x10, 0x00, 0x00, 0x12, 0x00, 0x00, 0x00,
    0x50, 0x0E, 0x50, 0x0D, 0xE0, 0xFF, 0xFF, 0x4F, 0x00, 0x00, 0x00, 0x50, 0x0E, 0x60, 0x0C, 0xD0,
    0x05, 0x00, 0x3F, 0x00, 0x00, 0x00, 0x50, 0x0E, 0x80, 0x0A, 0xE0, 0x04, 0x00, 0x3F, 0x00, 0x00,
    0x00, 0x60, 0x0E, 0xC0, 0x06, 0xF0, 0x02, 0x00, 0x3F, 0x20, 0x01, 0x00, 0x60, 0x0E, 0xF3, 0x02,
    0xD4, 0x00, 0x00, 0x3F, 0x70, 0x0D, 0x00, 0x70, 0x0E, 0xAB, 0x10, 0x5D, 0x00, 0x00, 0x8D, 0xD3,
    0x09, 0x00, 0x80, 0x4E, 0x2C, 0xB1, 0x06, 0x00, 0x00, 0xE7, 0xBF, 0x01
};
