#include <touchgfx/hal/Types.hpp>

FONT_GLYPH_LOCATION_FLASH_PRAGMA
KEEP extern const uint8_t unicodes_STXIHEI_TTF_24_4bpp_0[] FONT_GLYPH_LOCATION_FLASH_ATTRIBUTE = {
    // Unicode: [0x0020]
    // (Has no glyph data)
    // Unicode: [0x0021]
    0xF5, 0x06, 0xF5, 0x06, 0xF5, 0x06, 0xF5, 0x06, 0xF5, 0x06, 0xF5, 0x06, 0xF5, 0x06, 0xF5, 0x06,
    0xF5, 0x06, 0xF5, 0x06, 0xF5, 0x06, 0xF5, 0x06, 0xF5, 0x06, 0x41, 0x01, 0x00, 0x00, 0xC6, 0x06,
    0xFD, 0x0E, 0xE7, 0x08,
    // Unicode: [0x0022]
    0xF6, 0x04, 0xD0, 0x0C, 0xF6, 0x03, 0xC0, 0x0C, 0xF5, 0x03, 0xC0, 0x0B, 0xF4, 0x02, 0xB0, 0x0A,
    0xF3, 0x01, 0xA0, 0x09, 0x61, 0x00, 0x40, 0x03,
    // Unicode: [0x0023]
    0x00, 0x00, 0xF3, 0x00, 0x10, 0x3F, 0x00, 0x00, 0x00, 0xD5, 0x00, 0x30, 0x1F, 0x00, 0x00, 0x00,
    0xB7, 0x00, 0x50, 0x0E, 0x00, 0x00, 0x00, 0x9A, 0x00, 0x70, 0x0C, 0x00, 0x00, 0x00, 0x7C, 0x00,
    0x90, 0x0A, 0x00, 0x00, 0x00, 0x6E, 0x00, 0xB0, 0x09, 0x00, 0xF2, 0xFF, 0xFF, 0xFF, 0xFF, 0xFF,
    0x2F, 0x30, 0x63, 0x4F, 0x33, 0xF4, 0x36, 0x03, 0x00, 0x60, 0x0E, 0x00, 0xF3, 0x02, 0x00, 0x00,
    0x80, 0x0B, 0x00, 0xE5, 0x00, 0x00, 0x00, 0xA0, 0x09, 0x00, 0xC8, 0x00, 0x00, 0xFD, 0xFF, 0xFF,
    0xFF, 0xFF, 0xFF, 0x07, 0x33, 0xF4, 0x37, 0x33, 0x9D, 0x33, 0x01, 0x00, 0xF2, 0x02, 0x00, 0x5E,
    0x00, 0x00, 0x00, 0xF5, 0x00, 0x20, 0x3F, 0x00, 0x00, 0x00, 0xD7, 0x00, 0x40, 0x1F, 0x00, 0x00,
    0x00, 0xA9, 0x00, 0x60, 0x0E, 0x00, 0x00, 0x00, 0x8C, 0x00, 0x80, 0x0C, 0x00, 0x00,
    // Unicode: [0x0024]
    0x00, 0x00, 0x90, 0x09, 0x00, 0x00, 0x00, 0x91, 0xFE, 0x7F, 0x00, 0x00, 0x10, 0xFD, 0xFE, 0xFF,
    0x1C, 0x00, 0x80, 0x9F, 0xC0, 0xAC, 0xAF, 0x00, 0xB0, 0x1F, 0xC0, 0x0B, 0x17, 0x00, 0xA0, 0x2F,
    0xC0, 0x0B, 0x00, 0x00, 0x50, 0xBF, 0xC0, 0x0B, 0x00, 0x00, 0x00, 0xF9, 0xEC, 0x0B, 0x00, 0x00,
    0x00, 0x70, 0xFF, 0x0F, 0x00, 0x00, 0x00, 0x00, 0xF3, 0x9F, 0x00, 0x00, 0x00, 0x00, 0xD0, 0xFF,
    0x0A, 0x00, 0x00, 0x00, 0xC0, 0xAB, 0x7F, 0x00, 0x00, 0x00, 0xC0, 0x1B, 0xEE, 0x00, 0x10, 0x00,
    0xC0, 0x0B, 0xFA, 0x03, 0xE8, 0x03, 0xC0, 0x0B, 0xFD, 0x02, 0xF3, 0x3D, 0xC0, 0x9C, 0xBF, 0x00,
    0x50, 0xFF, 0xFC, 0xFF, 0x2D, 0x00, 0x00, 0xA3, 0xFD, 0x8F, 0x01, 0x00, 0x00, 0x00, 0xC0, 0x0B,
    0x00, 0x00, 0x00, 0x00, 0xC0, 0x0B, 0x00, 0x00, 0x00, 0x00, 0xC0, 0x0B, 0x00, 0x00, 0x00, 0x00,
    0xC0, 0x0B, 0x00, 0x00,
    // Unicode: [0x0025]
    0x00, 0x00, 0x00, 0x00, 0x00, 0x32, 0xA5, 0xCE, 0x00, 0x00, 0xD7, 0xFF, 0xFF, 0xFF, 0xFF, 0xFF,
    0x3F, 0x00, 0xB0, 0xAF, 0x97, 0xFF, 0x45, 0x44, 0xC4, 0x07, 0x00, 0xF4, 0x06, 0x00, 0xF3, 0x08,
    0x00, 0xC5, 0x00, 0x00, 0xF7, 0x01, 0x00, 0xD0, 0x09, 0x20, 0x2E, 0x00, 0x00, 0xF4, 0x07, 0x00,
    0xF4, 0x06, 0xB0, 0x07, 0x00, 0x00, 0xB0, 0xBF, 0xA8, 0xCF, 0x00, 0xB7, 0x00, 0x00, 0x00, 0x00,
    0xD8, 0xDF, 0x18, 0x30, 0x2E, 0x00, 0x00, 0x00, 0x00, 0x00, 0x00, 0x00, 0xD1, 0x06, 0x00, 0x00,
    0x00, 0x00, 0x00, 0x00, 0x00, 0xB9, 0x00, 0x10, 0x01, 0x00, 0x00, 0x00, 0x00, 0x40, 0x2E, 0x40,
    0xFC, 0xDF, 0x04, 0x00, 0x00, 0x00, 0xE1, 0x06, 0xF3, 0x6D, 0xD6, 0x4F, 0x00, 0x00, 0x00, 0xAB,
    0x00, 0xDC, 0x01, 0x10, 0xCD, 0x00, 0x00, 0x60, 0x1E, 0x00, 0x8F, 0x00, 0x00, 0xF8, 0x00, 0x00,
    0xE2, 0x05, 0x00, 0x8F, 0x00, 0x00, 0xF8, 0x00, 0x00, 0xAC, 0x00, 0x00, 0xEB, 0x02, 0x20, 0xBE,
    0x00, 0x80, 0x1E, 0x00, 0x00, 0xE2, 0x9E, 0xE9, 0x2E, 0x00, 0xF4, 0x05, 0x00, 0x00, 0x20, 0xEA,
    0xAE, 0x02, 0x00, 0x66, 0x00, 0x00, 0x00, 0x00, 0x00, 0x00, 0x00,
    // Unicode: [0x0026]
    0x00, 0x50, 0xEC, 0xAE, 0x02, 0x00, 0x00, 0x00, 0x00, 0xF7, 0xAE, 0xFB, 0x2E, 0x00, 0x00, 0x00,
    0x00, 0xED, 0x01, 0x50, 0x8F, 0x00, 0x00, 0x00, 0x00, 0xCE, 0x00, 0x30, 0x9F, 0x00, 0x00, 0x00,
    0x00, 0xFA, 0x04, 0xB0, 0x4F, 0x00, 0x00, 0x00, 0x00, 0xE2, 0x2E, 0xFA, 0x0A, 0x00, 0x00, 0x00,
    0x00, 0x50, 0xFF, 0xAF, 0x00, 0x00, 0x00, 0x00, 0x00, 0x40, 0xFE, 0x0D, 0x00, 0x00, 0x00, 0x00,
    0x00, 0xF5, 0xBF, 0xAF, 0x00, 0x00, 0x00, 0x00, 0x50, 0xEF, 0x03, 0xFA, 0x09, 0x00, 0x00, 0x00,
    0xE2, 0x2D, 0x00, 0xA0, 0x9F, 0x00, 0x64, 0x00, 0xF9, 0x04, 0x00, 0x00, 0xFB, 0x69, 0xEF, 0x01,
    0xDD, 0x00, 0x00, 0x00, 0xB1, 0xFF, 0x3D, 0x00, 0xED, 0x00, 0x00, 0x00, 0xB2, 0xFF, 0x09, 0x00,
    0xF9, 0x09, 0x00, 0x71, 0xFE, 0xD9, 0x7F, 0x00, 0xD1, 0xDF, 0xAA, 0xFE, 0x4D, 0x20, 0xFE, 0x04,
    0x10, 0xD9, 0xEF, 0x6B, 0x01, 0x00, 0xF4, 0x3E,
    // Unicode: [0x0027]
    0xF7, 0x03, 0xF6, 0x02, 0xF5, 0x02, 0xF5, 0x01, 0xF4, 0x00, 0x61, 0x00,
    // Unicode: [0x0028]
    0x00, 0xFA, 0x03, 0x10, 0xCF, 0x00, 0x60, 0x6F, 0x00, 0xB0, 0x2F, 0x00, 0xE0, 0x0D, 0x00, 0xF3,
    0x09, 0x00, 0xF6, 0x06, 0x00, 0xF8, 0x04, 0x00, 0xFA, 0x01, 0x00, 0xFB, 0x00, 0x00, 0xEC, 0x00,
    0x00, 0xDD, 0x00, 0x00, 0xDD, 0x00, 0x00, 0xEC, 0x00, 0x00, 0xFC, 0x00, 0x00, 0xFB, 0x01, 0x00,
    0xF9, 0x03, 0x00, 0xF7, 0x05, 0x00, 0xF4, 0x08, 0x00, 0xF1, 0x0B, 0x00, 0xC0, 0x0E, 0x00, 0x80,
    0x5F, 0x00, 0x20, 0xAF, 0x00,
    // Unicode: [0x0029]
    0xF5, 0x08, 0x00, 0xE0, 0x0D, 0x00, 0x80, 0x4F, 0x00, 0x40, 0x8F, 0x00, 0x00, 0xCE, 0x00, 0x00,
    0xFB, 0x01, 0x00, 0xF8, 0x04, 0x00, 0xF6, 0x06, 0x00, 0xF3, 0x08, 0x00, 0xF2, 0x09, 0x00, 0xF1,
    0x0A, 0x00, 0xF1, 0x0B, 0x00, 0xF1, 0x0B, 0x00, 0xF1, 0x0A, 0x00, 0xF2, 0x0A, 0x00, 0xF3, 0x09,
    0x00, 0xF5, 0x07, 0x00, 0xF7, 0x05, 0x00, 0xFA, 0x02, 0x00, 0xED, 0x00, 0x20, 0xAF, 0x00, 0x70,
    0x5F, 0x00, 0xC0, 0x1E, 0x00,
    // Unicode: [0x002A]
    0x00, 0xA0, 0x0C, 0x00, 0x23, 0x80, 0x0B, 0x41, 0xEB, 0x66, 0x49, 0xDD, 0x50, 0xDC, 0xDD, 0x17,
    0x10, 0xE7, 0x9F, 0x02, 0xE8, 0x7B, 0x99, 0xAF, 0x66, 0x70, 0x0A, 0x84, 0x00, 0x90, 0x0C, 0x00,
    0x00, 0x40, 0x05, 0x00,
    // Unicode: [0x002B]
    0x00, 0x00, 0x50, 0x1A, 0x00, 0x00, 0x00, 0x00, 0x00, 0x80, 0x1F, 0x00, 0x00, 0x00, 0x00, 0x00,
    0x80, 0x1F, 0x00, 0x00, 0x00, 0x00, 0x00, 0x80, 0x1F, 0x00, 0x00, 0x00, 0x00, 0x00, 0x80, 0x1F,
    0x00, 0x00, 0x00, 0x96, 0x99, 0xC9, 0x9F, 0x99, 0x99, 0x02, 0xFA, 0xFF, 0xFF, 0xFF, 0xFF, 0xFF,
    0x03, 0x00, 0x00, 0x80, 0x1F, 0x00, 0x00, 0x00, 0x00, 0x00, 0x80, 0x1F, 0x00, 0x00, 0x00, 0x00,
    0x00, 0x80, 0x1F, 0x00, 0x00, 0x00, 0x00, 0x00, 0x80, 0x1F, 0x00, 0x00, 0x00, 0x00, 0x00, 0x80,
    0x1F, 0x00, 0x00, 0x00,
    // Unicode: [0x002C]
    0x00, 0xAC, 0x40, 0x8F, 0xA0, 0x1E, 0xF2, 0x07, 0xC4, 0x01,
    // Unicode: [0x002D]
    0x20, 0x22, 0x22, 0x02, 0xF4, 0xFF, 0xFF, 0x3F, 0x51, 0x55, 0x55, 0x15,
    // Unicode: [0x002E]
    0xC4, 0x07, 0xFB, 0x0F, 0xE6, 0x09,
    // Unicode: [0x002F]
    0x00, 0x00, 0x00, 0xF3, 0x09, 0x00, 0x00, 0x00, 0xF8, 0x04, 0x00, 0x00, 0x00, 0xDD, 0x00, 0x00,
    0x00, 0x40, 0x8F, 0x00, 0x00, 0x00, 0x90, 0x3F, 0x00, 0x00, 0x00, 0xE1, 0x0C, 0x00, 0x00, 0x00,
    0xF5, 0x07, 0x00, 0x00, 0x00, 0xFA, 0x02, 0x00, 0x00, 0x10, 0xBF, 0x00, 0x00, 0x00, 0x60, 0x6F,
    0x00, 0x00, 0x00, 0xC0, 0x1F, 0x00, 0x00, 0x00, 0xF2, 0x0A, 0x00, 0x00, 0x00, 0xF7, 0x05, 0x00,
    0x00, 0x00, 0xED, 0x00, 0x00, 0x00, 0x30, 0x9F, 0x00, 0x00, 0x00, 0x80, 0x4F, 0x00, 0x00, 0x00,
    0xD0, 0x0D, 0x00, 0x00, 0x00, 0xF4, 0x08, 0x00, 0x00, 0x00, 0xF9, 0x03, 0x00, 0x00, 0x00, 0xCE,
    0x00, 0x00, 0x00, 0x00,
    // Unicode: [0x0030]
    0x00, 0x20, 0xD9, 0xDF, 0x29, 0x00, 0x00, 0x00, 0xE3, 0xCF, 0xCA, 0xEF, 0x04, 0x00, 0x00, 0xFD,
    0x05, 0x00, 0xE3, 0x2E, 0x00, 0x60, 0x7F, 0x00, 0x00, 0x40, 0x9F, 0x00, 0xB0, 0x1E, 0x00, 0x00,
    0x00, 0xEB, 0x01, 0xE0, 0x0B, 0x00, 0x00, 0x00, 0xF6, 0x04, 0xF2, 0x08, 0x00, 0x00, 0x00, 0xF3,
    0x06, 0xF3, 0x07, 0x00, 0x00, 0x00, 0xF2, 0x07, 0xF3, 0x06, 0x00, 0x00, 0x00, 0xF1, 0x08, 0xF3,
    0x07, 0x00, 0x00, 0x00, 0xF2, 0x07, 0xF2, 0x08, 0x00, 0x00, 0x00, 0xF3, 0x06, 0xF0, 0x0A, 0x00,
    0x00, 0x00, 0xF6, 0x04, 0xB0, 0x0E, 0x00, 0x00, 0x00, 0xEA, 0x01, 0x60, 0x5F, 0x00, 0x00, 0x30,
    0x9F, 0x00, 0x10, 0xED, 0x03, 0x00, 0xD2, 0x2E, 0x00, 0x00, 0xE3, 0xBF, 0xA9, 0xEF, 0x04, 0x00,
    0x00, 0x20, 0xD9, 0xDF, 0x29, 0x00, 0x00,
    // Unicode: [0x0031]
    0xD0, 0xFF, 0x0C, 0xA4, 0xEA, 0x0C, 0x00, 0xD0, 0x0C, 0x00, 0xD0, 0x0C, 0x00, 0xD0, 0x0C, 0x00,
    0xD0, 0x0C, 0x00, 0xD0, 0x0C, 0x00, 0xD0, 0x0C, 0x00, 0xD0, 0x0C, 0x00, 0xD0, 0x0C, 0x00, 0xD0,
    0x0C, 0x00, 0xD0, 0x0C, 0x00, 0xD0, 0x0C, 0x00, 0xD0, 0x0C, 0x00, 0xD0, 0x0C, 0x00, 0xD0, 0x0C,
    0x00, 0xD0, 0x0C,
    // Unicode: [0x0032]
    0x00, 0x10, 0xC8, 0xEF, 0x5B, 0x00, 0x00, 0x00, 0xD2, 0xCF, 0xBA, 0xFE, 0x0A, 0x00, 0x00, 0xFD,
    0x05, 0x00, 0xB1, 0x7F, 0x00, 0x60, 0x7F, 0x00, 0x00, 0x10, 0xED, 0x00, 0xB0, 0x1F, 0x00, 0x00,
    0x00, 0xF8, 0x02, 0x80, 0x08, 0x00, 0x00, 0x00, 0xF8, 0x02, 0x00, 0x00, 0x00, 0x00, 0x00, 0xEC,
    0x00, 0x00, 0x00, 0x00, 0x00, 0x60, 0x7F, 0x00, 0x00, 0x00, 0x00, 0x00, 0xE3, 0x0C, 0x00, 0x00,
    0x00, 0x00, 0x20, 0xEE, 0x02, 0x00, 0x00, 0x00, 0x00, 0xD2, 0x3E, 0x00, 0x00, 0x00, 0x00, 0x20,
    0xED, 0x04, 0x00, 0x00, 0x00, 0x00, 0xD1, 0x4F, 0x00, 0x00, 0x00, 0x00, 0x10, 0xFC, 0x04, 0x00,
    0x00, 0x00, 0x00, 0xC1, 0x5F, 0x00, 0x00, 0x00, 0x00, 0x10, 0xFC, 0xAD, 0xAA, 0xAA, 0xAA, 0x04,
    0xB1, 0xFF, 0xFF, 0xFF, 0xFF, 0xFF, 0x07,
    // Unicode: [0x0033]
    0x00, 0x20, 0xEA, 0xDF, 0x3A, 0x00, 0x00, 0x00, 0xE3, 0xCF, 0xCA, 0xFF, 0x05, 0x00, 0x10, 0xFE,
    0x04, 0x00, 0xE4, 0x1E, 0x00, 0x60, 0x7F, 0x00, 0x00, 0x70, 0x5F, 0x00, 0x00, 0x00, 0x00, 0x00,
    0x70, 0x5F, 0x00, 0x00, 0x00, 0x00, 0x00, 0xE5, 0x1E, 0x00, 0x00, 0x00, 0x40, 0xDA, 0xDF, 0x03,
    0x00, 0x00, 0x00, 0x60, 0xFF, 0xCF, 0x03, 0x00, 0x00, 0x00, 0x00, 0x31, 0xE8, 0x3E, 0x00, 0x00,
    0x00, 0x00, 0x00, 0x20, 0xDE, 0x00, 0x00, 0x00, 0x00, 0x00, 0x00, 0xF8, 0x03, 0x00, 0x00, 0x00,
    0x00, 0x00, 0xF5, 0x05, 0xE1, 0x0A, 0x00, 0x00, 0x00, 0xF7, 0x04, 0xB0, 0x2F, 0x00, 0x00, 0x10,
    0xED, 0x01, 0x40, 0xDF, 0x03, 0x00, 0xB2, 0x7F, 0x00, 0x00, 0xF7, 0xCF, 0xBA, 0xFF, 0x08, 0x00,
    0x00, 0x40, 0xEA, 0xEF, 0x4A, 0x00, 0x00,
    // Unicode: [0x0034]
    0x00, 0x00, 0x00, 0x00, 0x20, 0x08, 0x00, 0x00, 0x00, 0x00, 0x00, 0xC0, 0x08, 0x00, 0x00, 0x00,
    0x00, 0x00, 0xF8, 0x08, 0x00, 0x00, 0x00, 0x00, 0x30, 0xFF, 0x08, 0x00, 0x00, 0x00, 0x00, 0xD1,
    0xFF, 0x08, 0x00, 0x00, 0x00, 0x00, 0xF9, 0xFA, 0x08, 0x00, 0x00, 0x00, 0x40, 0xCF, 0xF2, 0x08,
    0x00, 0x00, 0x00, 0xD1, 0x2E, 0xF2, 0x08, 0x00, 0x00, 0x00, 0xF9, 0x06, 0xF2, 0x08, 0x00, 0x00,
    0x50, 0xBF, 0x00, 0xF2, 0x08, 0x00, 0x00, 0xE1, 0x2E, 0x00, 0xF2, 0x08, 0x00, 0x00, 0xFA, 0x05,
    0x00, 0xF2, 0x08, 0x00, 0x60, 0xEF, 0xAA, 0xAA, 0xFA, 0xAD, 0x06, 0xE2, 0xFF, 0xFF, 0xFF, 0xFF,
    0xFF, 0x0A, 0x00, 0x00, 0x00, 0x00, 0xF2, 0x08, 0x00, 0x00, 0x00, 0x00, 0x00, 0xF2, 0x08, 0x00,
    0x00, 0x00, 0x00, 0x00, 0xF2, 0x08, 0x00, 0x00, 0x00, 0x00, 0x00, 0xF2, 0x08, 0x00,
    // Unicode: [0x0035]
    0x00, 0xB0, 0xFF, 0xFF, 0xFF, 0x0C, 0x00, 0xE0, 0x9D, 0x99, 0x99, 0x08, 0x00, 0xF3, 0x07, 0x00,
    0x00, 0x00, 0x00, 0xF6, 0x04, 0x00, 0x00, 0x00, 0x00, 0xF9, 0x01, 0x00, 0x00, 0x00, 0x00, 0xEC,
    0x97, 0x69, 0x01, 0x00, 0x00, 0xFE, 0xFF, 0xFF, 0x4E, 0x00, 0x20, 0x5A, 0x02, 0x72, 0xEF, 0x02,
    0x00, 0x00, 0x00, 0x00, 0xF5, 0x0B, 0x00, 0x00, 0x00, 0x00, 0xC0, 0x1F, 0x00, 0x00, 0x00, 0x00,
    0x80, 0x3F, 0x00, 0x00, 0x00, 0x00, 0x80, 0x3F, 0x89, 0x00, 0x00, 0x00, 0xC0, 0x1F, 0xFB, 0x03,
    0x00, 0x00, 0xF4, 0x0B, 0xF5, 0x2D, 0x00, 0x40, 0xFE, 0x03, 0x80, 0xFF, 0xAB, 0xFC, 0x5F, 0x00,
    0x00, 0xB4, 0xFE, 0x9D, 0x02, 0x00,
    // Unicode: [0x0036]
    0x00, 0x00, 0x00, 0x90, 0x1A, 0x00, 0x00, 0x00, 0x00, 0xF4, 0x0B, 0x00, 0x00, 0x00, 0x10, 0xED,
    0x02, 0x00, 0x00, 0x00, 0x90, 0x6F, 0x00, 0x00, 0x00, 0x00, 0xF4, 0x0B, 0x00, 0x00, 0x00, 0x10,
    0xED, 0x02, 0x00, 0x00, 0x00, 0x90, 0x6F, 0x00, 0x00, 0x00, 0x00, 0xF4, 0x6D, 0x68, 0x01, 0x00,
    0x10, 0xFD, 0xFF, 0xFF, 0x4E, 0x00, 0x70, 0xDF, 0x15, 0x61, 0xFE, 0x03, 0xE0, 0x2E, 0x00, 0x00,
    0xF3, 0x0B, 0xF4, 0x07, 0x00, 0x00, 0xA0, 0x1F, 0xF5, 0x05, 0x00, 0x00, 0x70, 0x3F, 0xF5, 0x06,
    0x00, 0x00, 0x90, 0x2F, 0xF1, 0x0C, 0x00, 0x00, 0xE1, 0x0E, 0x90, 0x9F, 0x01, 0x10, 0xFB, 0x06,
    0x10, 0xFC, 0xAE, 0xEB, 0x9F, 0x00, 0x00, 0x70, 0xFC, 0xBE, 0x05, 0x00,
    // Unicode: [0x0037]
    0xF4, 0xFF, 0xFF, 0xFF, 0xFF, 0x6F, 0x92, 0x99, 0x99, 0x99, 0xFA, 0x0D, 0x00, 0x00, 0x00, 0x00,
    0xF7, 0x05, 0x00, 0x00, 0x00, 0x10, 0xCE, 0x00, 0x00, 0x00, 0x00, 0x80, 0x4F, 0x00, 0x00, 0x00,
    0x00, 0xE1, 0x0B, 0x00, 0x00, 0x00, 0x00, 0xF9, 0x03, 0x00, 0x00, 0x00, 0x20, 0xBF, 0x00, 0x00,
    0x00, 0x00, 0x90, 0x3F, 0x00, 0x00, 0x00, 0x00, 0xF2, 0x0A, 0x00, 0x00, 0x00, 0x00, 0xFA, 0x02,
    0x00, 0x00, 0x00, 0x30, 0x9F, 0x00, 0x00, 0x00, 0x00, 0xB0, 0x2F, 0x00, 0x00, 0x00, 0x00, 0xF4,
    0x08, 0x00, 0x00, 0x00, 0x00, 0xEB, 0x01, 0x00, 0x00, 0x00, 0x40, 0x8F, 0x00, 0x00, 0x00, 0x00,
    0xC0, 0x1E, 0x00, 0x00, 0x00, 0x00, 0x20, 0x04, 0x00, 0x00, 0x00, 0x00,
    // Unicode: [0x0038]
    0x00, 0x20, 0xD9, 0xEF, 0x4B, 0x00, 0x00, 0x00, 0xE4, 0xDF, 0xCA, 0xFF, 0x07, 0x00, 0x10, 0xEE,
    0x04, 0x00, 0xC2, 0x3F, 0x00, 0x50, 0x8F, 0x00, 0x00, 0x20, 0x9F, 0x00, 0x40, 0x8F, 0x00, 0x00,
    0x30, 0xAF, 0x00, 0x00, 0xED, 0x04, 0x00, 0xC1, 0x6F, 0x00, 0x00, 0xB2, 0xCF, 0xA9, 0xFE, 0x0B,
    0x00, 0x00, 0x70, 0xFF, 0xFF, 0xAF, 0x00, 0x00, 0x00, 0xFB, 0x39, 0x10, 0xE6, 0x08, 0x00, 0x80,
    0x7F, 0x00, 0x00, 0x20, 0x9E, 0x00, 0xE0, 0x0C, 0x00, 0x00, 0x00, 0xF7, 0x03, 0xF2, 0x09, 0x00,
    0x00, 0x00, 0xF4, 0x06, 0xF2, 0x09, 0x00, 0x00, 0x00, 0xF6, 0x06, 0xD0, 0x1E, 0x00, 0x00, 0x00,
    0xFC, 0x03, 0x60, 0xCF, 0x02, 0x00, 0xA1, 0xBF, 0x00, 0x00, 0xF8, 0xBF, 0xA9, 0xFE, 0x1C, 0x00,
    0x00, 0x40, 0xEA, 0xEF, 0x6B, 0x00, 0x00,
    // Unicode: [0x0039]
    0x00, 0x92, 0xFD, 0x9E, 0x02, 0x00, 0x40, 0xFE, 0xAC, 0xFD, 0x4E, 0x00, 0xE1, 0x4E, 0x00, 0x50,
    0xEE, 0x01, 0xF8, 0x05, 0x00, 0x00, 0xF6, 0x07, 0xEB, 0x00, 0x00, 0x00, 0xF0, 0x0B, 0xDC, 0x00,
    0x00, 0x00, 0xE0, 0x0B, 0xFA, 0x01, 0x00, 0x00, 0xF1, 0x09, 0xF6, 0x09, 0x00, 0x00, 0xF9, 0x05,
    0xC0, 0x9F, 0x02, 0xA2, 0xDF, 0x00, 0x10, 0xFB, 0xFF, 0xFF, 0x5F, 0x00, 0x00, 0x40, 0x77, 0xF9,
    0x0B, 0x00, 0x00, 0x00, 0x10, 0xEE, 0x02, 0x00, 0x00, 0x00, 0xA0, 0x6F, 0x00, 0x00, 0x00, 0x00,
    0xF5, 0x0B, 0x00, 0x00, 0x00, 0x10, 0xEE, 0x01, 0x00, 0x00, 0x00, 0xA0, 0x5F, 0x00, 0x00, 0x00,
    0x00, 0xF5, 0x0A, 0x00, 0x00, 0x00, 0x00, 0xD5, 0x01, 0x00, 0x00, 0x00,
    // Unicode: [0x003A]
    0xE6, 0x09, 0xFB, 0x0F, 0xD5, 0x08, 0x00, 0x00, 0x00, 0x00, 0x00, 0x00, 0x00, 0x00, 0x00, 0x00,
    0x00, 0x00, 0x00, 0x00, 0xC4, 0x07, 0xFB, 0x0F, 0xE6, 0x09,
    // Unicode: [0x003B]
    0x60, 0x9E, 0xB0, 0xFF, 0x50, 0x8D, 0x00, 0x00, 0x00, 0x00, 0x00, 0x00, 0x00, 0x00, 0x00, 0x00,
    0x00, 0x00, 0x00, 0x00, 0x00, 0xAC, 0x40, 0x8F, 0xA0, 0x1E, 0xF2, 0x07, 0xC4, 0x01,
    // Unicode: [0x003C]
    0x00, 0x00, 0x00, 0x00, 0x00, 0x71, 0x03, 0x00, 0x00, 0x00, 0x00, 0x82, 0xFE, 0x05, 0x00, 0x00,
    0x00, 0x93, 0xFF, 0x4B, 0x00, 0x00, 0x00, 0xB4, 0xFF, 0x3A, 0x00, 0x00, 0x00, 0xC5, 0xFF, 0x29,
    0x00, 0x00, 0x00, 0xD6, 0xEF, 0x18, 0x00, 0x00, 0x00, 0x00, 0xFC, 0x2D, 0x00, 0x00, 0x00, 0x00,
    0x00, 0xC4, 0xFF, 0x39, 0x00, 0x00, 0x00, 0x00, 0x00, 0xA4, 0xFF, 0x4B, 0x00, 0x00, 0x00, 0x00,
    0x00, 0x92, 0xFE, 0x5C, 0x00, 0x00, 0x00, 0x00, 0x00, 0x71, 0xFE, 0x6D, 0x00, 0x00, 0x00, 0x00,
    0x00, 0x60, 0xFD, 0x05, 0x00, 0x00, 0x00, 0x00, 0x00, 0x40, 0x03,
    // Unicode: [0x003D]
    0x96, 0x99, 0x99, 0x99, 0x99, 0x99, 0x02, 0xFA, 0xFF, 0xFF, 0xFF, 0xFF, 0xFF, 0x03, 0x00, 0x00,
    0x00, 0x00, 0x00, 0x00, 0x00, 0x00, 0x00, 0x00, 0x00, 0x00, 0x00, 0x00, 0x00, 0x00, 0x00, 0x00,
    0x00, 0x00, 0x00, 0x96, 0x99, 0x99, 0x99, 0x99, 0x99, 0x02, 0xFA, 0xFF, 0xFF, 0xFF, 0xFF, 0xFF,
    0x03,
    // Unicode: [0x003E]
    0x37, 0x00, 0x00, 0x00, 0x00, 0x00, 0x00, 0xFC, 0x5C, 0x00, 0x00, 0x00, 0x00, 0x00, 0x81, 0xFE,
    0x6D, 0x01, 0x00, 0x00, 0x00, 0x00, 0x61, 0xFD, 0x8E, 0x01, 0x00, 0x00, 0x00, 0x00, 0x50, 0xFC,
    0x9F, 0x02, 0x00, 0x00, 0x00, 0x00, 0x40, 0xFB, 0xAF, 0x02, 0x00, 0x00, 0x00, 0x00, 0x70, 0xFF,
    0x05, 0x00, 0x00, 0x00, 0x60, 0xFC, 0x9E, 0x01, 0x00, 0x00, 0x71, 0xFD, 0x7D, 0x01, 0x00, 0x00,
    0x82, 0xFE, 0x6C, 0x00, 0x00, 0x00, 0x92, 0xFF, 0x4B, 0x00, 0x00, 0x00, 0x00, 0xFC, 0x39, 0x00,
    0x00, 0x00, 0x00, 0x00, 0x26, 0x00, 0x00, 0x00, 0x00, 0x00, 0x00,
    // Unicode: [0x003F]
    0x00, 0xC6, 0xFE, 0x9D, 0x02, 0x00, 0xB0, 0xEF, 0xAB, 0xFD, 0x3E, 0x00, 0xF7, 0x1A, 0x00, 0x60,
    0xDF, 0x00, 0xEC, 0x01, 0x00, 0x00, 0xFC, 0x01, 0x9C, 0x00, 0x00, 0x00, 0xED, 0x00, 0x00, 0x00,
    0x00, 0xB3, 0x6F, 0x00, 0x00, 0x00, 0xC6, 0xDF, 0x05, 0x00, 0x00, 0xE7, 0xBF, 0x05, 0x00, 0x00,
    0x80, 0xAF, 0x02, 0x00, 0x00, 0x00, 0xE0, 0x0D, 0x00, 0x50, 0x5D, 0x00, 0xD0, 0x3F, 0x00, 0xC1,
    0x2F, 0x00, 0x60, 0xFF, 0xAB, 0xFE, 0x09, 0x00, 0x00, 0xB4, 0xEE, 0x6C, 0x00, 0x00, 0x00, 0x00,
    0x00, 0x00, 0x00, 0x00, 0x00, 0x10, 0xCA, 0x02, 0x00, 0x00, 0x00, 0x40, 0xFF, 0x07, 0x00, 0x00,
    0x00, 0x10, 0xEC, 0x03, 0x00, 0x00,
    // Unicode: [0x0040]
    0x00, 0x00, 0x00, 0xA6, 0xFD, 0xDE, 0x4A, 0x00, 0x00, 0x00, 0x00, 0x00, 0xD4, 0x6B, 0x13, 0x21,
    0xB6, 0x4D, 0x00, 0x00, 0x00, 0x80, 0x3D, 0x00, 0x00, 0x00, 0x00, 0xD3, 0x05, 0x00, 0x00, 0xC6,
    0x01, 0x00, 0x00, 0x00, 0x00, 0x10, 0x4C, 0x00, 0x20, 0x1D, 0x00, 0x81, 0xFD, 0x7D, 0xF3, 0x01,
    0xD3, 0x00, 0x90, 0x06, 0x20, 0xED, 0x47, 0xE6, 0xDC, 0x00, 0xC0, 0x03, 0xD0, 0x01, 0xB0, 0x2E,
    0x00, 0x30, 0xAF, 0x00, 0x90, 0x06, 0xC2, 0x00, 0xF2, 0x08, 0x00, 0x00, 0x7F, 0x00, 0x80, 0x05,
    0xB3, 0x00, 0xF6, 0x04, 0x00, 0x10, 0x5F, 0x00, 0xB0, 0x02, 0xD2, 0x00, 0xF7, 0x05, 0x00, 0x40,
    0x2F, 0x00, 0xB2, 0x00, 0xE0, 0x01, 0xF4, 0x0B, 0x00, 0xC0, 0x0E, 0x10, 0x3B, 0x00, 0x90, 0x06,
    0xB0, 0xBF, 0x66, 0xFB, 0x0C, 0xB3, 0x04, 0x00, 0x30, 0x1D, 0x10, 0xFA, 0xDF, 0xC4, 0xDF, 0x18,
    0x00, 0x00, 0x00, 0xC8, 0x01, 0x00, 0x01, 0x00, 0x01, 0x50, 0x1B, 0x00, 0x00, 0x80, 0x4D, 0x00,
    0x00, 0x00, 0x00, 0xE7, 0x03, 0x00, 0x00, 0x00, 0xD5, 0x6B, 0x12, 0x21, 0xC6, 0x2C, 0x00, 0x00,
    0x00, 0x00, 0x00, 0xA5, 0xFD, 0xDE, 0x5A, 0x00, 0x00, 0x00,
    // Unicode: [0x0041]
    0x00, 0x00, 0x00, 0x00, 0x58, 0x00, 0x00, 0x00, 0x00, 0x00, 0x00, 0x00, 0x10, 0xCE, 0x00, 0x00,
    0x00, 0x00, 0x00, 0x00, 0x00, 0x60, 0xFF, 0x04, 0x00, 0x00, 0x00, 0x00, 0x00, 0x00, 0xD0, 0xFF,
    0x0B, 0x00, 0x00, 0x00, 0x00, 0x00, 0x00, 0xF5, 0xC9, 0x2F, 0x00, 0x00, 0x00, 0x00, 0x00, 0x00,
    0xFC, 0x52, 0x9F, 0x00, 0x00, 0x00, 0x00, 0x00, 0x30, 0xAF, 0x00, 0xED, 0x01, 0x00, 0x00, 0x00,
    0x00, 0xA0, 0x3F, 0x00, 0xF6, 0x07, 0x00, 0x00, 0x00, 0x00, 0xF2, 0x0C, 0x00, 0xE0, 0x0E, 0x00,
    0x00, 0x00, 0x00, 0xF9, 0x05, 0x00, 0x70, 0x6F, 0x00, 0x00, 0x00, 0x10, 0xFE, 0xBB, 0xBB, 0xCB,
    0xCF, 0x00, 0x00, 0x00, 0x70, 0xFF, 0xFF, 0xFF, 0xFF, 0xFF, 0x04, 0x00, 0x00, 0xE0, 0x1E, 0x00,
    0x00, 0x00, 0xF2, 0x0B, 0x00, 0x00, 0xF6, 0x08, 0x00, 0x00, 0x00, 0xB0, 0x3F, 0x00, 0x00, 0xFD,
    0x01, 0x00, 0x00, 0x00, 0x40, 0x9F, 0x00, 0x40, 0x9F, 0x00, 0x00, 0x00, 0x00, 0x00, 0xFC, 0x01,
    0xB0, 0x3F, 0x00, 0x00, 0x00, 0x00, 0x00, 0xF5, 0x08, 0xF3, 0x0B, 0x00, 0x00, 0x00, 0x00, 0x00,
    0xD0, 0x1E,
    // Unicode: [0x0042]
    0xFD, 0xFF, 0xCE, 0x18, 0x00, 0x00, 0xED, 0xAA, 0xEB, 0xEF, 0x02, 0x00, 0xDD, 0x00, 0x00, 0xF7,
    0x0B, 0x00, 0xDD, 0x00, 0x00, 0xD0, 0x0F, 0x00, 0xDD, 0x00, 0x00, 0xB0, 0x0F, 0x00, 0xDD, 0x00,
    0x00, 0xF2, 0x0C, 0x00, 0xDD, 0x00, 0x62, 0xFD, 0x03, 0x00, 0xFD, 0xFF, 0xFF, 0x5F, 0x00, 0x00,
    0xED, 0xBB, 0xDC, 0xFF, 0x08, 0x00, 0xDD, 0x00, 0x00, 0xB3, 0x9F, 0x00, 0xDD, 0x00, 0x00, 0x00,
    0xFC, 0x02, 0xDD, 0x00, 0x00, 0x00, 0xF6, 0x06, 0xDD, 0x00, 0x00, 0x00, 0xF6, 0x07, 0xDD, 0x00,
    0x00, 0x00, 0xFB, 0x04, 0xDD, 0x00, 0x00, 0x91, 0xCF, 0x00, 0xED, 0xAA, 0xCB, 0xFE, 0x2D, 0x00,
    0xFD, 0xFF, 0xEF, 0x7C, 0x01, 0x00,
    // Unicode: [0x0043]
    0x00, 0x00, 0x30, 0xC8, 0xFE, 0xCE, 0x49, 0x00, 0x00, 0x00, 0x10, 0xFA, 0xEF, 0xAC, 0xDB, 0xFF,
    0x2B, 0x00, 0x00, 0xD2, 0xCF, 0x05, 0x00, 0x00, 0x93, 0xEF, 0x04, 0x10, 0xFD, 0x09, 0x00, 0x00,
    0x00, 0x00, 0xE4, 0x0C, 0xA0, 0x9F, 0x00, 0x00, 0x00, 0x00, 0x00, 0x30, 0x01, 0xF2, 0x1D, 0x00,
    0x00, 0x00, 0x00, 0x00, 0x00, 0x00, 0xF7, 0x07, 0x00, 0x00, 0x00, 0x00, 0x00, 0x00, 0x00, 0xFA,
    0x03, 0x00, 0x00, 0x00, 0x00, 0x00, 0x00, 0x00, 0xFA, 0x02, 0x00, 0x00, 0x00, 0x00, 0x00, 0x00,
    0x00, 0xF9, 0x03, 0x00, 0x00, 0x00, 0x00, 0x00, 0x00, 0x00, 0xF7, 0x06, 0x00, 0x00, 0x00, 0x00,
    0x00, 0x00, 0x00, 0xF2, 0x0C, 0x00, 0x00, 0x00, 0x00, 0x00, 0x00, 0x00, 0xA0, 0x7F, 0x00, 0x00,
    0x00, 0x00, 0x00, 0x10, 0x00, 0x20, 0xFE, 0x06, 0x00, 0x00, 0x00, 0x00, 0xD2, 0x0B, 0x00, 0xE3,
    0xBF, 0x03, 0x00, 0x00, 0x81, 0xFE, 0x05, 0x00, 0x20, 0xFB, 0xEF, 0x9B, 0xCA, 0xFF, 0x4C, 0x00,
    0x00, 0x00, 0x30, 0xC8, 0xFE, 0xCE, 0x49, 0x00, 0x00,
    // Unicode: [0x0044]
    0xFE, 0xFF, 0xEF, 0xCD, 0x49, 0x00, 0x00, 0x00, 0xEE, 0xAA, 0xBB, 0xFD, 0xFF, 0x3C, 0x00, 0x00,
    0xBE, 0x00, 0x00, 0x00, 0xA4, 0xFF, 0x04, 0x00, 0xBE, 0x00, 0x00, 0x00, 0x00, 0xF5, 0x2E, 0x00,
    0xBE, 0x00, 0x00, 0x00, 0x00, 0x60, 0xAF, 0x00, 0xBE, 0x00, 0x00, 0x00, 0x00, 0x00, 0xFC, 0x01,
    0xBE, 0x00, 0x00, 0x00, 0x00, 0x00, 0xF7, 0x05, 0xBE, 0x00, 0x00, 0x00, 0x00, 0x00, 0xF4, 0x08,
    0xBE, 0x00, 0x00, 0x00, 0x00, 0x00, 0xF2, 0x09, 0xBE, 0x00, 0x00, 0x00, 0x00, 0x00, 0xF3, 0x08,
    0xBE, 0x00, 0x00, 0x00, 0x00, 0x00, 0xF5, 0x07, 0xBE, 0x00, 0x00, 0x00, 0x00, 0x00, 0xFA, 0x03,
    0xBE, 0x00, 0x00, 0x00, 0x00, 0x30, 0xCF, 0x00, 0xBE, 0x00, 0x00, 0x00, 0x00, 0xD2, 0x4F, 0x00,
    0xBE, 0x00, 0x00, 0x00, 0x61, 0xFE, 0x08, 0x00, 0xEE, 0x99, 0xAA, 0xCB, 0xFF, 0x6F, 0x00, 0x00,
    0xFE, 0xFF, 0xFF, 0xDF, 0x8B, 0x02, 0x00, 0x00,
    // Unicode: [0x0045]
    0xFD, 0xFF, 0xFF, 0xFF, 0xFF, 0xED, 0xAA, 0xAA, 0xAA, 0xAA, 0xDD, 0x00, 0x00, 0x00, 0x00, 0xDD,
    0x00, 0x00, 0x00, 0x00, 0xDD, 0x00, 0x00, 0x00, 0x00, 0xDD, 0x00, 0x00, 0x00, 0x00, 0xDD, 0x00,
    0x00, 0x00, 0x00, 0xFD, 0xFF, 0xFF, 0xFF, 0xEF, 0xED, 0xAA, 0xAA, 0xAA, 0x9A, 0xDD, 0x00, 0x00,
    0x00, 0x00, 0xDD, 0x00, 0x00, 0x00, 0x00, 0xDD, 0x00, 0x00, 0x00, 0x00, 0xDD, 0x00, 0x00, 0x00,
    0x00, 0xDD, 0x00, 0x00, 0x00, 0x00, 0xDD, 0x00, 0x00, 0x00, 0x00, 0xED, 0xAA, 0xAA, 0xAA, 0xAA,
    0xFD, 0xFF, 0xFF, 0xFF, 0xEF,
    // Unicode: [0x0046]
    0xFE, 0xFF, 0xFF, 0xFF, 0x0B, 0xEE, 0xAA, 0xAA, 0xAA, 0x08, 0xCE, 0x00, 0x00, 0x00, 0x00, 0xCE,
    0x00, 0x00, 0x00, 0x00, 0xCE, 0x00, 0x00, 0x00, 0x00, 0xCE, 0x00, 0x00, 0x00, 0x00, 0xCE, 0x00,
    0x00, 0x00, 0x00, 0xFE, 0xFF, 0xFF, 0xFF, 0x0B, 0xEE, 0xBB, 0xBB, 0xBB, 0x08, 0xCE, 0x00, 0x00,
    0x00, 0x00, 0xCE, 0x00, 0x00, 0x00, 0x00, 0xCE, 0x00, 0x00, 0x00, 0x00, 0xCE, 0x00, 0x00, 0x00,
    0x00, 0xCE, 0x00, 0x00, 0x00, 0x00, 0xCE, 0x00, 0x00, 0x00, 0x00, 0xCE, 0x00, 0x00, 0x00, 0x00,
    0xCE, 0x00, 0x00, 0x00, 0x00,
    // Unicode: [0x0047]
    0x00, 0x00, 0x10, 0xA6, 0xED, 0xDE, 0x7B, 0x02, 0x00, 0x00, 0x00, 0x00, 0xE7, 0xFF, 0xCD, 0xDB,
    0xFF, 0x9F, 0x02, 0x00, 0x00, 0xA0, 0xFF, 0x38, 0x00, 0x00, 0x61, 0xFC, 0x4E, 0x00, 0x00, 0xF9,
    0x2C, 0x00, 0x00, 0x00, 0x00, 0x60, 0x6E, 0x00, 0x50, 0xDF, 0x01, 0x00, 0x00, 0x00, 0x00, 0x00,
    0x01, 0x00, 0xC0, 0x3F, 0x00, 0x00, 0x00, 0x00, 0x00, 0x00, 0x00, 0x00, 0xF2, 0x0B, 0x00, 0x00,
    0x00, 0x00, 0x00, 0x00, 0x00, 0x00, 0xF5, 0x08, 0x00, 0x00, 0x00, 0x00, 0x00, 0x00, 0x00, 0x00,
    0xF6, 0x07, 0x00, 0x00, 0x00, 0x40, 0xAA, 0xAA, 0xAA, 0x09, 0xF5, 0x08, 0x00, 0x00, 0x00, 0x70,
    0xFF, 0xFF, 0xFF, 0x0D, 0xF2, 0x0C, 0x00, 0x00, 0x00, 0x00, 0x00, 0x00, 0xF1, 0x0B, 0xC0, 0x4F,
    0x00, 0x00, 0x00, 0x00, 0x00, 0x00, 0xF6, 0x07, 0x40, 0xDF, 0x01, 0x00, 0x00, 0x00, 0x00, 0x10,
    0xFD, 0x01, 0x00, 0xF9, 0x2C, 0x00, 0x00, 0x00, 0x00, 0xA0, 0x8F, 0x00, 0x00, 0xA0, 0xEF, 0x17,
    0x00, 0x00, 0x40, 0xFD, 0x0A, 0x00, 0x00, 0x00, 0xE6, 0xFF, 0xAC, 0xB9, 0xFE, 0x8F, 0x00, 0x00,
    0x00, 0x00, 0x10, 0xA6, 0xED, 0xEF, 0x8B, 0x02, 0x00, 0x00,
    // Unicode: [0x0048]
    0xCE, 0x00, 0x00, 0x00, 0x00, 0xF6, 0x04, 0xCE, 0x00, 0x00, 0x00, 0x00, 0xF6, 0x04, 0xCE, 0x00,
    0x00, 0x00, 0x00, 0xF6, 0x04, 0xCE, 0x00, 0x00, 0x00, 0x00, 0xF6, 0x04, 0xCE, 0x00, 0x00, 0x00,
    0x00, 0xF6, 0x04, 0xCE, 0x00, 0x00, 0x00, 0x00, 0xF6, 0x04, 0xCE, 0x00, 0x00, 0x00, 0x00, 0xF6,
    0x04, 0xFE, 0xFF, 0xFF, 0xFF, 0xFF, 0xFF, 0x04, 0xEE, 0xAA, 0xAA, 0xAA, 0xAA, 0xFC, 0x04, 0xCE,
    0x00, 0x00, 0x00, 0x00, 0xF6, 0x04, 0xCE, 0x00, 0x00, 0x00, 0x00, 0xF6, 0x04, 0xCE, 0x00, 0x00,
    0x00, 0x00, 0xF6, 0x04, 0xCE, 0x00, 0x00, 0x00, 0x00, 0xF6, 0x04, 0xCE, 0x00, 0x00, 0x00, 0x00,
    0xF6, 0x04, 0xCE, 0x00, 0x00, 0x00, 0x00, 0xF6, 0x04, 0xCE, 0x00, 0x00, 0x00, 0x00, 0xF6, 0x04,
    0xCE, 0x00, 0x00, 0x00, 0x00, 0xF6, 0x04,
    // Unicode: [0x0049]
    0xF2, 0x09, 0xF2, 0x09, 0xF2, 0x09, 0xF2, 0x09, 0xF2, 0x09, 0xF2, 0x09, 0xF2, 0x09, 0xF2, 0x09,
    0xF2, 0x09, 0xF2, 0x09, 0xF2, 0x09, 0xF2, 0x09, 0xF2, 0x09, 0xF2, 0x09, 0xF2, 0x09, 0xF2, 0x09,
    0xF2, 0x09,
    // Unicode: [0x004A]
    0x00, 0x00, 0x00, 0xF4, 0x07, 0x00, 0x00, 0x00, 0xF4, 0x07, 0x00, 0x00, 0x00, 0xF4, 0x07, 0x00,
    0x00, 0x00, 0xF4, 0x07, 0x00, 0x00, 0x00, 0xF4, 0x07, 0x00, 0x00, 0x00, 0xF4, 0x07, 0x00, 0x00,
    0x00, 0xF4, 0x07, 0x00, 0x00, 0x00, 0xF4, 0x07, 0x00, 0x00, 0x00, 0xF4, 0x07, 0x00, 0x00, 0x00,
    0xF4, 0x07, 0x00, 0x00, 0x00, 0xF4, 0x07, 0x00, 0x00, 0x00, 0xF4, 0x07, 0x00, 0x00, 0x00, 0xF5,
    0x07, 0x00, 0x00, 0x00, 0xF7, 0x05, 0xB8, 0x03, 0x10, 0xFD, 0x02, 0xF8, 0xBF, 0xEA, 0x9F, 0x00,
    0x30, 0xEA, 0xDF, 0x07, 0x00,
    // Unicode: [0x004B]
    0xDE, 0x00, 0x00, 0x10, 0xFB, 0x08, 0xDE, 0x00, 0x00, 0xC1, 0x7F, 0x00, 0xDE, 0x00, 0x20, 0xFD,
    0x05, 0x00, 0xDE, 0x00, 0xD2, 0x4E, 0x00, 0x00, 0xDE, 0x30, 0xEE, 0x04, 0x00, 0x00, 0xDE, 0xE4,
    0x3E, 0x00, 0x00, 0x00, 0xEE, 0xDF, 0x02, 0x00, 0x00, 0x00, 0xFE, 0x2E, 0x00, 0x00, 0x00, 0x00,
    0xFE, 0x9F, 0x00, 0x00, 0x00, 0x00, 0xDE, 0xFB, 0x08, 0x00, 0x00, 0x00, 0xDE, 0xB0, 0x8F, 0x00,
    0x00, 0x00, 0xDE, 0x10, 0xFC, 0x07, 0x00, 0x00, 0xDE, 0x00, 0xC1, 0x6F, 0x00, 0x00, 0xDE, 0x00,
    0x10, 0xFD, 0x06, 0x00, 0xDE, 0x00, 0x00, 0xD1, 0x5F, 0x00, 0xDE, 0x00, 0x00, 0x20, 0xFD, 0x04,
    0xDE, 0x00, 0x00, 0x00, 0xE2, 0x4F,
    // Unicode: [0x004C]
    0xDE, 0x00, 0x00, 0x00, 0x00, 0xDE, 0x00, 0x00, 0x00, 0x00, 0xDE, 0x00, 0x00, 0x00, 0x00, 0xDE,
    0x00, 0x00, 0x00, 0x00, 0xDE, 0x00, 0x00, 0x00, 0x00, 0xDE, 0x00, 0x00, 0x00, 0x00, 0xDE, 0x00,
    0x00, 0x00, 0x00, 0xDE, 0x00, 0x00, 0x00, 0x00, 0xDE, 0x00, 0x00, 0x00, 0x00, 0xDE, 0x00, 0x00,
    0x00, 0x00, 0xDE, 0x00, 0x00, 0x00, 0x00, 0xDE, 0x00, 0x00, 0x00, 0x00, 0xDE, 0x00, 0x00, 0x00,
    0x00, 0xDE, 0x00, 0x00, 0x00, 0x00, 0xDE, 0x00, 0x00, 0x00, 0x00, 0xEE, 0xAA, 0xAA, 0xAA, 0x04,
    0xFE, 0xFF, 0xFF, 0xFF, 0x07,
    // Unicode: [0x004D]
    0x00, 0x45, 0x00, 0x00, 0x00, 0x00, 0x00, 0x00, 0x54, 0x00, 0x00, 0xC7, 0x00, 0x00, 0x00, 0x00,
    0x00, 0x00, 0x7B, 0x00, 0x00, 0xF9, 0x04, 0x00, 0x00, 0x00, 0x00, 0x40, 0x9F, 0x00, 0x00, 0xFB,
    0x0C, 0x00, 0x00, 0x00, 0x00, 0xB0, 0xCF, 0x00, 0x00, 0xFD, 0x4F, 0x00, 0x00, 0x00, 0x00, 0xF4,
    0xEF, 0x00, 0x00, 0x9F, 0xCE, 0x00, 0x00, 0x00, 0x00, 0xEB, 0xF9, 0x01, 0x30, 0x6F, 0xF7, 0x04,
    0x00, 0x00, 0x40, 0x8F, 0xF6, 0x03, 0x50, 0x4F, 0xE1, 0x0C, 0x00, 0x00, 0xB0, 0x1E, 0xF4, 0x05,
    0x70, 0x2F, 0x70, 0x5F, 0x00, 0x00, 0xF4, 0x08, 0xF2, 0x07, 0x90, 0x0F, 0x10, 0xCE, 0x00, 0x00,
    0xEB, 0x01, 0xF0, 0x0A, 0xB0, 0x0D, 0x00, 0xF7, 0x05, 0x30, 0x8F, 0x00, 0xD0, 0x0C, 0xD0, 0x0B,
    0x00, 0xE1, 0x0C, 0xB0, 0x1E, 0x00, 0xB0, 0x0E, 0xF1, 0x09, 0x00, 0x70, 0x5F, 0xF3, 0x08, 0x00,
    0x90, 0x1F, 0xF3, 0x07, 0x00, 0x00, 0xCE, 0xEB, 0x01, 0x00, 0x70, 0x3F, 0xF5, 0x05, 0x00, 0x00,
    0xF6, 0x8F, 0x00, 0x00, 0x50, 0x6F, 0xF7, 0x03, 0x00, 0x00, 0xD0, 0x1E, 0x00, 0x00, 0x30, 0x8F,
    0xF9, 0x01, 0x00, 0x00, 0x60, 0x08, 0x00, 0x00, 0x10, 0xAF,
    // Unicode: [0x004E]
    0x1B, 0x00, 0x00, 0x00, 0x00, 0x10, 0xAF, 0xCD, 0x01, 0x00, 0x00, 0x00, 0x10, 0xAF, 0xFD, 0x0A,
    0x00, 0x00, 0x00, 0x10, 0xAF, 0xFD, 0x9F, 0x00, 0x00, 0x00, 0x10, 0xAF, 0xED, 0xFB, 0x07, 0x00,
    0x00, 0x10, 0xAF, 0xDD, 0xD1, 0x5F, 0x00, 0x00, 0x10, 0xAF, 0xDD, 0x20, 0xFE, 0x04, 0x00, 0x10,
    0xAF, 0xDD, 0x00, 0xE3, 0x2E, 0x00, 0x10, 0xAF, 0xDD, 0x00, 0x40, 0xDF, 0x01, 0x10, 0xAF, 0xDD,
    0x00, 0x00, 0xF6, 0x1C, 0x10, 0xAF, 0xDD, 0x00, 0x00, 0x70, 0xBF, 0x10, 0xAF, 0xDD, 0x00, 0x00,
    0x00, 0xF9, 0x19, 0xAF, 0xDD, 0x00, 0x00, 0x00, 0xB0, 0x8F, 0xAF, 0xDD, 0x00, 0x00, 0x00, 0x10,
    0xFC, 0xAF, 0xDD, 0x00, 0x00, 0x00, 0x00, 0xD1, 0xAF, 0xDD, 0x00, 0x00, 0x00, 0x00, 0x20, 0xAE,
    0xDD, 0x00, 0x00, 0x00, 0x00, 0x00, 0x93,
    // Unicode: [0x004F]
    0x00, 0x00, 0x30, 0xC8, 0xFE, 0xBE, 0x27, 0x00, 0x00, 0x00, 0x00, 0x10, 0xF9, 0xEF, 0xAB, 0xEC,
    0xFF, 0x08, 0x00, 0x00, 0x00, 0xD2, 0xBF, 0x03, 0x00, 0x00, 0xD5, 0xCF, 0x01, 0x00, 0x10, 0xFC,
    0x07, 0x00, 0x00, 0x00, 0x00, 0xFA, 0x0B, 0x00, 0x90, 0x8F, 0x00, 0x00, 0x00, 0x00, 0x00, 0xA0,
    0x7F, 0x00, 0xF1, 0x0D, 0x00, 0x00, 0x00, 0x00, 0x00, 0x10, 0xEE, 0x00, 0xF6, 0x07, 0x00, 0x00,
    0x00, 0x00, 0x00, 0x00, 0xF9, 0x04, 0xF9, 0x04, 0x00, 0x00, 0x00, 0x00, 0x00, 0x00, 0xF6, 0x07,
    0xFA, 0x02, 0x00, 0x00, 0x00, 0x00, 0x00, 0x00, 0xF5, 0x07, 0xF9, 0x03, 0x00, 0x00, 0x00, 0x00,
    0x00, 0x00, 0xF6, 0x07, 0xF6, 0x07, 0x00, 0x00, 0x00, 0x00, 0x00, 0x00, 0xF9, 0x04, 0xF2, 0x0D,
    0x00, 0x00, 0x00, 0x00, 0x00, 0x10, 0xEE, 0x00, 0x90, 0x8F, 0x00, 0x00, 0x00, 0x00, 0x00, 0x90,
    0x7F, 0x00, 0x10, 0xFD, 0x07, 0x00, 0x00, 0x00, 0x00, 0xF8, 0x0B, 0x00, 0x00, 0xD2, 0xBF, 0x03,
    0x00, 0x00, 0xC4, 0xCF, 0x01, 0x00, 0x00, 0x10, 0xF9, 0xEF, 0xAB, 0xEB, 0xFF, 0x08, 0x00, 0x00,
    0x00, 0x00, 0x30, 0xC8, 0xFE, 0xCE, 0x28, 0x00, 0x00, 0x00,
    // Unicode: [0x0050]
    0xFE, 0xFF, 0xEF, 0xBE, 0x06, 0x00, 0xEE, 0xAA, 0xBA, 0xFC, 0xAF, 0x00, 0xCE, 0x00, 0x00, 0x20,
    0xFC, 0x06, 0xCE, 0x00, 0x00, 0x00, 0xF2, 0x0B, 0xCE, 0x00, 0x00, 0x00, 0xF0, 0x0C, 0xCE, 0x00,
    0x00, 0x00, 0xF3, 0x0B, 0xCE, 0x00, 0x00, 0x10, 0xFC, 0x05, 0xEE, 0x99, 0xA9, 0xFC, 0x9F, 0x00,
    0xFE, 0xFF, 0xEF, 0xAD, 0x05, 0x00, 0xCE, 0x00, 0x00, 0x00, 0x00, 0x00, 0xCE, 0x00, 0x00, 0x00,
    0x00, 0x00, 0xCE, 0x00, 0x00, 0x00, 0x00, 0x00, 0xCE, 0x00, 0x00, 0x00, 0x00, 0x00, 0xCE, 0x00,
    0x00, 0x00, 0x00, 0x00, 0xCE, 0x00, 0x00, 0x00, 0x00, 0x00, 0xCE, 0x00, 0x00, 0x00, 0x00, 0x00,
    0xCE, 0x00, 0x00, 0x00, 0x00, 0x00,
    // Unicode: [0x0051]
    0x00, 0x00, 0x30, 0xC8, 0xFE, 0xCE, 0x27, 0x00, 0x00, 0x00, 0x00, 0x10, 0xFA, 0xEF, 0xAB, 0xEC,
    0xFF, 0x08, 0x00, 0x00, 0x00, 0xD2, 0xCF, 0x04, 0x00, 0x00, 0xC5, 0xBF, 0x01, 0x00, 0x10, 0xFD,
    0x08, 0x00, 0x00, 0x00, 0x00, 0xF9, 0x0A, 0x00, 0x90, 0x9F, 0x00, 0x00, 0x00, 0x00, 0x00, 0xA0,
    0x6F, 0x00, 0xF1, 0x1D, 0x00, 0x00, 0x00, 0x00, 0x00, 0x10, 0xDE, 0x00, 0xF5, 0x08, 0x00, 0x00,
    0x00, 0x00, 0x00, 0x00, 0xF9, 0x04, 0xF8, 0x04, 0x00, 0x00, 0x00, 0x00, 0x00, 0x00, 0xF6, 0x06,
    0xF9, 0x03, 0x00, 0x00, 0x00, 0x00, 0x00, 0x00, 0xF4, 0x07, 0xF8, 0x04, 0x00, 0x00, 0x10, 0x11,
    0x00, 0x00, 0xF5, 0x06, 0xF6, 0x07, 0x00, 0x00, 0x30, 0xCF, 0x01, 0x00, 0xF9, 0x04, 0xF1, 0x0D,
    0x00, 0x00, 0x00, 0xF5, 0x0A, 0x00, 0xED, 0x00, 0x90, 0x8F, 0x00, 0x00, 0x00, 0x70, 0x7F, 0x70,
    0x7F, 0x00, 0x10, 0xFD, 0x07, 0x00, 0x00, 0x00, 0xFA, 0xF8, 0x0C, 0x00, 0x00, 0xD2, 0xBF, 0x04,
    0x00, 0x00, 0xF5, 0xDF, 0x02, 0x00, 0x00, 0x10, 0xFA, 0xEF, 0xAB, 0xEC, 0xFF, 0xEE, 0x02, 0x00,
    0x00, 0x00, 0x20, 0xC8, 0xFE, 0xCE, 0x28, 0xF3, 0x1C, 0x00, 0x00, 0x00, 0x00, 0x00, 0x00, 0x00,
    0x00, 0x60, 0xAF, 0x00,
    // Unicode: [0x0052]
    0xFC, 0xFF, 0xEF, 0xBD, 0x06, 0x00, 0xFC, 0xAA, 0xAA, 0xFC, 0xCF, 0x01, 0xEC, 0x00, 0x00, 0x10,
    0xFA, 0x08, 0xEC, 0x00, 0x00, 0x00, 0xE1, 0x0D, 0xEC, 0x00, 0x00, 0x00, 0xD0, 0x0E, 0xEC, 0x00,
    0x00, 0x00, 0xE1, 0x0D, 0xEC, 0x00, 0x00, 0x10, 0xFA, 0x07, 0xFC, 0xAA, 0xBA, 0xFC, 0xAF, 0x00,
    0xFC, 0xFF, 0xFF, 0xAD, 0x05, 0x00, 0xEC, 0xB0, 0x6F, 0x00, 0x00, 0x00, 0xEC, 0x10, 0xFD, 0x03,
    0x00, 0x00, 0xEC, 0x00, 0xF3, 0x1D, 0x00, 0x00, 0xEC, 0x00, 0x60, 0xBF, 0x00, 0x00, 0xEC, 0x00,
    0x00, 0xF9, 0x08, 0x00, 0xEC, 0x00, 0x00, 0xC1, 0x4F, 0x00, 0xEC, 0x00, 0x00, 0x20, 0xEE, 0x02,
    0xEC, 0x00, 0x00, 0x00, 0xF5, 0x0C,
    // Unicode: [0x0053]
    0x00, 0x80, 0xFD, 0x8D, 0x01, 0x00, 0x00, 0xFB, 0xCE, 0xFE, 0x2D, 0x00, 0x50, 0xBF, 0x01, 0x80,
    0xCF, 0x00, 0x80, 0x4F, 0x00, 0x00, 0x36, 0x00, 0x70, 0x5F, 0x00, 0x00, 0x00, 0x00, 0x20, 0xDF,
    0x01, 0x00, 0x00, 0x00, 0x00, 0xF6, 0x3D, 0x00, 0x00, 0x00, 0x00, 0x50, 0xFE, 0x07, 0x00, 0x00,
    0x00, 0x00, 0xC2, 0xBF, 0x01, 0x00, 0x00, 0x00, 0x00, 0xF9, 0x1C, 0x00, 0x00, 0x00, 0x00, 0x80,
    0xAF, 0x00, 0x00, 0x00, 0x00, 0x00, 0xFC, 0x03, 0x10, 0x00, 0x00, 0x00, 0xF8, 0x06, 0xF6, 0x05,
    0x00, 0x00, 0xFA, 0x05, 0xE2, 0x5E, 0x00, 0x60, 0xDF, 0x01, 0x30, 0xFE, 0xBC, 0xFD, 0x3E, 0x00,
    0x00, 0x82, 0xFD, 0x9E, 0x02, 0x00,
    // Unicode: [0x0054]
    0xF9, 0xFF, 0xFF, 0xFF, 0xDF, 0xA6, 0xAA, 0xFE, 0xAA, 0x9A, 0x00, 0x00, 0xFB, 0x00, 0x00, 0x00,
    0x00, 0xFB, 0x00, 0x00, 0x00, 0x00, 0xFB, 0x00, 0x00, 0x00, 0x00, 0xFB, 0x00, 0x00, 0x00, 0x00,
    0xFB, 0x00, 0x00, 0x00, 0x00, 0xFB, 0x00, 0x00, 0x00, 0x00, 0xFB, 0x00, 0x00, 0x00, 0x00, 0xFB,
    0x00, 0x00, 0x00, 0x00, 0xFB, 0x00, 0x00, 0x00, 0x00, 0xFB, 0x00, 0x00, 0x00, 0x00, 0xFB, 0x00,
    0x00, 0x00, 0x00, 0xFB, 0x00, 0x00, 0x00, 0x00, 0xFB, 0x00, 0x00, 0x00, 0x00, 0xFB, 0x00, 0x00,
    0x00, 0x00, 0xFB, 0x00, 0x00,
    // Unicode: [0x0055]
    0xDD, 0x00, 0x00, 0x00, 0x20, 0x8F, 0xDD, 0x00, 0x00, 0x00, 0x20, 0x8F, 0xDD, 0x00, 0x00, 0x00,
    0x20, 0x8F, 0xDD, 0x00, 0x00, 0x00, 0x20, 0x8F, 0xDD, 0x00, 0x00, 0x00, 0x20, 0x8F, 0xDD, 0x00,
    0x00, 0x00, 0x20, 0x8F, 0xDD, 0x00, 0x00, 0x00, 0x20, 0x8F, 0xDD, 0x00, 0x00, 0x00, 0x20, 0x8F,
    0xDD, 0x00, 0x00, 0x00, 0x20, 0x8F, 0xDD, 0x00, 0x00, 0x00, 0x20, 0x8F, 0xDD, 0x00, 0x00, 0x00,
    0x20, 0x8F, 0xEC, 0x00, 0x00, 0x00, 0x30, 0x7F, 0xFB, 0x01, 0x00, 0x00, 0x50, 0x6F, 0xF8, 0x06,
    0x00, 0x00, 0xB0, 0x2F, 0xE2, 0x5E, 0x00, 0x00, 0xF9, 0x0A, 0x40, 0xFE, 0xAD, 0xEA, 0xCF, 0x01,
    0x00, 0x82, 0xED, 0xCE, 0x06, 0x00,
    // Unicode: [0x0056]
    0xE1, 0x0D, 0x00, 0x00, 0x00, 0x00, 0x10, 0xDE, 0x80, 0x5F, 0x00, 0x00, 0x00, 0x00, 0x70, 0x6F,
    0x20, 0xBF, 0x00, 0x00, 0x00, 0x00, 0xD0, 0x1E, 0x00, 0xFA, 0x03, 0x00, 0x00, 0x00, 0xF5, 0x08,
    0x00, 0xF4, 0x09, 0x00, 0x00, 0x00, 0xFC, 0x01, 0x00, 0xC0, 0x1E, 0x00, 0x00, 0x30, 0x9F, 0x00,
    0x00, 0x60, 0x7F, 0x00, 0x00, 0xA0, 0x3F, 0x00, 0x00, 0x00, 0xDE, 0x00, 0x00, 0xF2, 0x0B, 0x00,
    0x00, 0x00, 0xF8, 0x05, 0x00, 0xF8, 0x05, 0x00, 0x00, 0x00, 0xF1, 0x0B, 0x10, 0xDE, 0x00, 0x00,
    0x00, 0x00, 0xA0, 0x3F, 0x60, 0x6F, 0x00, 0x00, 0x00, 0x00, 0x30, 0x9F, 0xD0, 0x1E, 0x00, 0x00,
    0x00, 0x00, 0x00, 0xFC, 0xF6, 0x08, 0x00, 0x00, 0x00, 0x00, 0x00, 0xF5, 0xFF, 0x02, 0x00, 0x00,
    0x00, 0x00, 0x00, 0xD0, 0xAF, 0x00, 0x00, 0x00, 0x00, 0x00, 0x00, 0x70, 0x3F, 0x00, 0x00, 0x00,
    0x00, 0x00, 0x00, 0x10, 0x0B, 0x00, 0x00, 0x00,
    // Unicode: [0x0057]
    0xFB, 0x01, 0x00, 0x00, 0x00, 0x0B, 0x00, 0x00, 0x00, 0xE0, 0x0B, 0xF7, 0x05, 0x00, 0x00, 0x40,
    0x4F, 0x00, 0x00, 0x00, 0xF4, 0x07, 0xF2, 0x09, 0x00, 0x00, 0xA0, 0xAF, 0x00, 0x00, 0x00, 0xF9,
    0x03, 0xD0, 0x0D, 0x00, 0x00, 0xF1, 0xFF, 0x01, 0x00, 0x00, 0xDD, 0x00, 0x90, 0x3F, 0x00, 0x00,
    0xF7, 0xFA, 0x07, 0x00, 0x20, 0x9F, 0x00, 0x40, 0x7F, 0x00, 0x00, 0xED, 0xD1, 0x0D, 0x00, 0x70,
    0x5F, 0x00, 0x10, 0xBF, 0x00, 0x40, 0x8F, 0x80, 0x4F, 0x00, 0xB0, 0x1F, 0x00, 0x00, 0xFB, 0x01,
    0xA0, 0x2F, 0x20, 0xAF, 0x00, 0xF1, 0x0B, 0x00, 0x00, 0xF7, 0x05, 0xF1, 0x0B, 0x00, 0xFB, 0x01,
    0xF5, 0x07, 0x00, 0x00, 0xF2, 0x09, 0xF7, 0x05, 0x00, 0xF5, 0x07, 0xF9, 0x02, 0x00, 0x00, 0xD0,
    0x0D, 0xED, 0x00, 0x00, 0xE0, 0x0D, 0xDD, 0x00, 0x00, 0x00, 0x90, 0x6F, 0x8F, 0x00, 0x00, 0x80,
    0x6F, 0x8F, 0x00, 0x00, 0x00, 0x40, 0xEF, 0x2F, 0x00, 0x00, 0x20, 0xEF, 0x4F, 0x00, 0x00, 0x00,
    0x10, 0xFF, 0x0B, 0x00, 0x00, 0x00, 0xFB, 0x0E, 0x00, 0x00, 0x00, 0x00, 0xFB, 0x05, 0x00, 0x00,
    0x00, 0xF5, 0x0A, 0x00, 0x00, 0x00, 0x00, 0xD6, 0x00, 0x00, 0x00, 0x00, 0xE0, 0x06, 0x00, 0x00,
    0x00, 0x00, 0x82, 0x00, 0x00, 0x00, 0x00, 0x90, 0x02, 0x00, 0x00,
    // Unicode: [0x0058]
    0xF8, 0x07, 0x00, 0x00, 0x00, 0xFC, 0x03, 0xD0, 0x2F, 0x00, 0x00, 0x70, 0x8F, 0x00, 0x40, 0xBF,
    0x00, 0x00, 0xE2, 0x1D, 0x00, 0x00, 0xFA, 0x05, 0x00, 0xFB, 0x05, 0x00, 0x00, 0xE1, 0x1E, 0x50,
    0xAF, 0x00, 0x00, 0x00, 0x60, 0x9F, 0xE1, 0x2E, 0x00, 0x00, 0x00, 0x00, 0xFC, 0xFB, 0x07, 0x00,
    0x00, 0x00, 0x00, 0xF3, 0xCF, 0x00, 0x00, 0x00, 0x00, 0x00, 0xD0, 0x8F, 0x00, 0x00, 0x00, 0x00,
    0x00, 0xF7, 0xFF, 0x03, 0x00, 0x00, 0x00, 0x20, 0xDF, 0xF5, 0x0B, 0x00, 0x00, 0x00, 0xB0, 0x4F,
    0xA0, 0x6F, 0x00, 0x00, 0x00, 0xF5, 0x0A, 0x10, 0xEE, 0x01, 0x00, 0x10, 0xEE, 0x01, 0x00, 0xF6,
    0x0A, 0x00, 0x90, 0x6F, 0x00, 0x00, 0xB0, 0x4F, 0x00, 0xF4, 0x0C, 0x00, 0x00, 0x20, 0xDF, 0x00,
    0xFD, 0x02, 0x00, 0x00, 0x00, 0xF8, 0x08,
    // Unicode: [0x0059]
    0xD1, 0x2E, 0x00, 0x00, 0x00, 0xC0, 0x3F, 0x50, 0xAF, 0x00, 0x00, 0x00, 0xF7, 0x08, 0x00, 0xFA,
    0x04, 0x00, 0x20, 0xDE, 0x01, 0x00, 0xE2, 0x1D, 0x00, 0xA0, 0x5F, 0x00, 0x00, 0x60, 0x8F, 0x00,
    0xF5, 0x0A, 0x00, 0x00, 0x00, 0xFC, 0x13, 0xED, 0x02, 0x00, 0x00, 0x00, 0xF3, 0x9C, 0x7F, 0x00,
    0x00, 0x00, 0x00, 0x80, 0xFF, 0x0C, 0x00, 0x00, 0x00, 0x00, 0x10, 0xFD, 0x03, 0x00, 0x00, 0x00,
    0x00, 0x00, 0xFA, 0x00, 0x00, 0x00, 0x00, 0x00, 0x00, 0xFA, 0x00, 0x00, 0x00, 0x00, 0x00, 0x00,
    0xFA, 0x00, 0x00, 0x00, 0x00, 0x00, 0x00, 0xFA, 0x00, 0x00, 0x00, 0x00, 0x00, 0x00, 0xFA, 0x00,
    0x00, 0x00, 0x00, 0x00, 0x00, 0xFA, 0x00, 0x00, 0x00, 0x00, 0x00, 0x00, 0xFA, 0x00, 0x00, 0x00,
    0x00, 0x00, 0x00, 0xFA, 0x00, 0x00, 0x00,
    // Unicode: [0x005A]
    0x80, 0xFF, 0xFF, 0xFF, 0xFF, 0x04, 0x50, 0xAA, 0xAA, 0xBA, 0xCF, 0x00, 0x00, 0x00, 0x00, 0x70,
    0x5F, 0x00, 0x00, 0x00, 0x00, 0xE1, 0x0D, 0x00, 0x00, 0x00, 0x00, 0xF7, 0x06, 0x00, 0x00, 0x00,
    0x00, 0xED, 0x00, 0x00, 0x00, 0x00, 0x60, 0x7F, 0x00, 0x00, 0x00, 0x00, 0xD0, 0x1E, 0x00, 0x00,
    0x00, 0x00, 0xF5, 0x08, 0x00, 0x00, 0x00, 0x00, 0xEC, 0x01, 0x00, 0x00, 0x00, 0x40, 0x9F, 0x00,
    0x00, 0x00, 0x00, 0xB0, 0x2F, 0x00, 0x00, 0x00, 0x00, 0xF3, 0x0A, 0x00, 0x00, 0x00, 0x00, 0xFB,
    0x03, 0x00, 0x00, 0x00, 0x30, 0xBF, 0x00, 0x00, 0x00, 0x00, 0xA0, 0xCF, 0xAA, 0xAA, 0xAA, 0x02,
    0xF2, 0xFF, 0xFF, 0xFF, 0xFF, 0x02,
    // Unicode: [0x005B]
    0xF9, 0xFF, 0x05, 0xF9, 0xAA, 0x03, 0xF9, 0x01, 0x00, 0xF9, 0x01, 0x00, 0xF9, 0x01, 0x00, 0xF9,
    0x01, 0x00, 0xF9, 0x01, 0x00, 0xF9, 0x01, 0x00, 0xF9, 0x01, 0x00, 0xF9, 0x01, 0x00, 0xF9, 0x01,
    0x00, 0xF9, 0x01, 0x00, 0xF9, 0x01, 0x00, 0xF9, 0x01, 0x00, 0xF9, 0x01, 0x00, 0xF9, 0x01, 0x00,
    0xF9, 0x01, 0x00, 0xF9, 0x01, 0x00, 0xF9, 0x01, 0x00, 0xF9, 0x01, 0x00, 0xF9, 0x99, 0x03, 0xF9,
    0xFF, 0x05,
    // Unicode: [0x005C]
    0xE1, 0x0C, 0x00, 0x00, 0x00, 0x00, 0x00, 0x60, 0x6F, 0x00, 0x00, 0x00, 0x00, 0x00, 0x00, 0xEC,
    0x01, 0x00, 0x00, 0x00, 0x00, 0x00, 0xF4, 0x08, 0x00, 0x00, 0x00, 0x00, 0x00, 0xB0, 0x2E, 0x00,
    0x00, 0x00, 0x00, 0x00, 0x30, 0x9F, 0x00, 0x00, 0x00, 0x00, 0x00, 0x00, 0xF9, 0x03, 0x00, 0x00,
    0x00, 0x00, 0x00, 0xE1, 0x0B, 0x00, 0x00, 0x00, 0x00, 0x00, 0x70, 0x5F, 0x00, 0x00, 0x00, 0x00,
    0x00, 0x10, 0xDD, 0x00, 0x00, 0x00, 0x00, 0x00, 0x00, 0xF5, 0x06, 0x00, 0x00, 0x00, 0x00, 0x00,
    0xC0, 0x1E, 0x00, 0x00, 0x00, 0x00, 0x00, 0x40, 0x8F, 0x00, 0x00, 0x00, 0x00, 0x00, 0x00, 0xFA,
    0x02, 0x00, 0x00, 0x00, 0x00, 0x00, 0xF2, 0x0A, 0x00, 0x00, 0x00, 0x00, 0x00, 0x90, 0x3F, 0x00,
    0x00, 0x00, 0x00, 0x00, 0x10, 0xCE, 0x00, 0x00, 0x00, 0x00, 0x00, 0x00, 0xF7, 0x05, 0x00, 0x00,
    0x00, 0x00, 0x00, 0xD0, 0x0D, 0x00, 0x00, 0x00, 0x00, 0x00, 0x50, 0x7F,
    // Unicode: [0x005D]
    0xFE, 0xFF, 0xA9, 0xFD, 0x00, 0xF9, 0x00, 0xF9, 0x00, 0xF9, 0x00, 0xF9, 0x00, 0xF9, 0x00, 0xF9,
    0x00, 0xF9, 0x00, 0xF9, 0x00, 0xF9, 0x00, 0xF9, 0x00, 0xF9, 0x00, 0xF9, 0x00, 0xF9, 0x00, 0xF9,
    0x00, 0xF9, 0x00, 0xF9, 0x00, 0xF9, 0x00, 0xF9, 0x98, 0xFD, 0xFE, 0xFF,
    // Unicode: [0x005E]
    0x00, 0x00, 0x00, 0xED, 0x01, 0x00, 0x00, 0x00, 0x00, 0x50, 0xFF, 0x07, 0x00, 0x00, 0x00, 0x00,
    0xC0, 0xAB, 0x0D, 0x00, 0x00, 0x00, 0x00, 0xF3, 0x34, 0x6F, 0x00, 0x00, 0x00, 0x00, 0xCA, 0x00,
    0xCB, 0x00, 0x00, 0x00, 0x20, 0x5F, 0x00, 0xF4, 0x04, 0x00, 0x00, 0x90, 0x0D, 0x00, 0xC0, 0x0B,
    0x00, 0x00, 0xF1, 0x06, 0x00, 0x50, 0x3F, 0x00, 0x00, 0xE8, 0x01, 0x00, 0x00, 0xAD, 0x00, 0x10,
    0x8E, 0x00, 0x00, 0x00, 0xF7, 0x02, 0x70, 0x1F, 0x00, 0x00, 0x00, 0xE1, 0x09, 0xD0, 0x09, 0x00,
    0x00, 0x00, 0x80, 0x1E, 0xF5, 0x02, 0x00, 0x00, 0x00, 0x10, 0x8F,
    // Unicode: [0x005F]
    0xFF, 0xFF, 0xFF, 0xFF, 0xFF, 0xFF, 0x33, 0x33, 0x33, 0x33, 0x33, 0x33,
    // Unicode: [0x0060]
    0x83, 0x07, 0x00, 0xA0, 0x8F, 0x00, 0x00, 0xFB, 0x04, 0x00, 0xB0, 0x2E,
    // Unicode: [0x0061]
    0x00, 0x20, 0xD8, 0xEE, 0x6B, 0x10, 0x8F, 0x00, 0xE5, 0xCF, 0x99, 0xFC, 0x2B, 0x8F, 0x50, 0xDF,
    0x03, 0x00, 0x40, 0xCD, 0x8F, 0xE1, 0x2E, 0x00, 0x00, 0x00, 0xE2, 0x8F, 0xF6, 0x06, 0x00, 0x00,
    0x00, 0x60, 0x8F, 0xFA, 0x01, 0x00, 0x00, 0x00, 0x20, 0x8F, 0xEB, 0x00, 0x00, 0x00, 0x00, 0x00,
    0x8F, 0xFA, 0x01, 0x00, 0x00, 0x00, 0x10, 0x8F, 0xF6, 0x05, 0x00, 0x00, 0x00, 0x60, 0x8F, 0xE1,
    0x1D, 0x00, 0x00, 0x00, 0xD1, 0x8F, 0x50, 0xCF, 0x02, 0x00, 0x30, 0xDD, 0x8F, 0x00, 0xF5, 0xBF,
    0x88, 0xFB, 0x2B, 0x8F, 0x00, 0x20, 0xD9, 0xEF, 0x5B, 0x10, 0x8F,
    // Unicode: [0x0062]
    0xF1, 0x08, 0x00, 0x00, 0x00, 0x00, 0x00, 0x00, 0xF1, 0x08, 0x00, 0x00, 0x00, 0x00, 0x00, 0x00,
    0xF1, 0x08, 0x00, 0x00, 0x00, 0x00, 0x00, 0x00, 0xF1, 0x08, 0x00, 0x00, 0x00, 0x00, 0x00, 0x00,
    0xF1, 0x08, 0x00, 0x00, 0x00, 0x00, 0x00, 0x00, 0xF1, 0x08, 0x93, 0xFD, 0xBE, 0x05, 0x00, 0x00,
    0xF1, 0x78, 0xDF, 0x89, 0xD9, 0xBF, 0x01, 0x00, 0xF1, 0xFD, 0x06, 0x00, 0x00, 0xF7, 0x0C, 0x00,
    0xF1, 0x6F, 0x00, 0x00, 0x00, 0x70, 0x7F, 0x00, 0xF1, 0x0C, 0x00, 0x00, 0x00, 0x00, 0xDD, 0x00,
    0xF1, 0x08, 0x00, 0x00, 0x00, 0x00, 0xF8, 0x02, 0xF1, 0x07, 0x00, 0x00, 0x00, 0x00, 0xF7, 0x03,
    0xF1, 0x09, 0x00, 0x00, 0x00, 0x00, 0xF9, 0x02, 0xF1, 0x0D, 0x00, 0x00, 0x00, 0x00, 0xDD, 0x00,
    0xF1, 0x8F, 0x00, 0x00, 0x00, 0x80, 0x7F, 0x00, 0xF1, 0xFC, 0x18, 0x00, 0x10, 0xF9, 0x0B, 0x00,
    0xF1, 0x58, 0xEE, 0x9A, 0xEA, 0xBF, 0x01, 0x00, 0xF1, 0x08, 0x92, 0xFD, 0xBE, 0x05, 0x00, 0x00,
    // Unicode: [0x0063]
    0x00, 0x10, 0xC8, 0xFE, 0xAD, 0x04, 0x00, 0x00, 0xE5, 0xCF, 0x99, 0xEA, 0xBF, 0x01, 0x50, 0xCF,
    0x03, 0x00, 0x00, 0xF7, 0x0C, 0xE1, 0x1C, 0x00, 0x00, 0x00, 0x50, 0x04, 0xF7, 0x04, 0x00, 0x00,
    0x00, 0x00, 0x00, 0xEB, 0x00, 0x00, 0x00, 0x00, 0x00, 0x00, 0xDC, 0x00, 0x00, 0x00, 0x00, 0x00,
    0x00, 0xEB, 0x00, 0x00, 0x00, 0x00, 0x00, 0x00, 0xF8, 0x04, 0x00, 0x00, 0x00, 0x00, 0x00, 0xF2,
    0x1D, 0x00, 0x00, 0x00, 0x40, 0x03, 0x60, 0xCF, 0x03, 0x00, 0x00, 0xF7, 0x0C, 0x00, 0xF6, 0xBF,
    0x88, 0xEA, 0xBF, 0x01, 0x00, 0x20, 0xD8, 0xEE, 0x9D, 0x04, 0x00,
    // Unicode: [0x0064]
    0x00, 0x00, 0x00, 0x00, 0x00, 0x10, 0x8F, 0x00, 0x00, 0x00, 0x00, 0x00, 0x10, 0x8F, 0x00, 0x00,
    0x00, 0x00, 0x00, 0x10, 0x8F, 0x00, 0x00, 0x00, 0x00, 0x00, 0x10, 0x8F, 0x00, 0x00, 0x00, 0x00,
    0x00, 0x10, 0x8F, 0x00, 0x20, 0xD8, 0xEE, 0x6C, 0x10, 0x8F, 0x00, 0xE5, 0xCF, 0x99, 0xFC, 0x2C,
    0x8F, 0x50, 0xDF, 0x03, 0x00, 0x30, 0xCD, 0x8F, 0xE1, 0x2E, 0x00, 0x00, 0x00, 0xE2, 0x8F, 0xF6,
    0x06, 0x00, 0x00, 0x00, 0x60, 0x8F, 0xFA, 0x01, 0x00, 0x00, 0x00, 0x10, 0x8F, 0xEB, 0x00, 0x00,
    0x00, 0x00, 0x00, 0x8F, 0xFA, 0x01, 0x00, 0x00, 0x00, 0x10, 0x8F, 0xF6, 0x05, 0x00, 0x00, 0x00,
    0x60, 0x8F, 0xE1, 0x1D, 0x00, 0x00, 0x00, 0xD2, 0x8F, 0x50, 0xDF, 0x03, 0x00, 0x30, 0xDD, 0x8F,
    0x00, 0xF5, 0xBF, 0x88, 0xFB, 0x2B, 0x8F, 0x00, 0x20, 0xD9, 0xEF, 0x5B, 0x10, 0x8F,
    // Unicode: [0x0065]
    0x00, 0x20, 0xD9, 0xEF, 0x7C, 0x01, 0x00, 0x00, 0xF6, 0xBF, 0xA9, 0xFD, 0x3E, 0x00, 0x60, 0xAF,
    0x02, 0x00, 0x40, 0xED, 0x02, 0xE1, 0x0C, 0x00, 0x00, 0x00, 0xE2, 0x0B, 0xF7, 0x26, 0x22, 0x22,
    0x22, 0xA2, 0x1F, 0xFA, 0xFF, 0xFF, 0xFF, 0xFF, 0xFF, 0x4F, 0xEB, 0x44, 0x44, 0x44, 0x44, 0x44,
    0x24, 0xFA, 0x01, 0x00, 0x00, 0x00, 0x00, 0x00, 0xF7, 0x05, 0x00, 0x00, 0x00, 0x50, 0x02, 0xE1,
    0x1D, 0x00, 0x00, 0x00, 0xF3, 0x0A, 0x60, 0xBF, 0x02, 0x00, 0x50, 0xEE, 0x01, 0x00, 0xF7, 0xAE,
    0x98, 0xFC, 0x2D, 0x00, 0x00, 0x20, 0xD9, 0xEF, 0x6C, 0x01, 0x00,
    // Unicode: [0x0066]
    0x00, 0x70, 0xEE, 0x1C, 0x00, 0xF3, 0x8D, 0x1A, 0x00, 0xF6, 0x05, 0x00, 0x00, 0xF6, 0x04, 0x00,
    0xF1, 0xFF, 0xFF, 0x0E, 0x60, 0xFA, 0x68, 0x05, 0x00, 0xF6, 0x04, 0x00, 0x00, 0xF6, 0x04, 0x00,
    0x00, 0xF6, 0x04, 0x00, 0x00, 0xF6, 0x04, 0x00, 0x00, 0xF6, 0x04, 0x00, 0x00, 0xF6, 0x04, 0x00,
    0x00, 0xF6, 0x04, 0x00, 0x00, 0xF6, 0x04, 0x00, 0x00, 0xF6, 0x04, 0x00, 0x00, 0xF6, 0x04, 0x00,
    0x00, 0xF6, 0x04, 0x00,
    // Unicode: [0x0067]
    0x00, 0x10, 0xC8, 0xEE, 0x6C, 0x00, 0xAF, 0x00, 0xE4, 0xDF, 0x9A, 0xFC, 0x2C, 0xAF, 0x30, 0xEE,
    0x05, 0x00, 0x30, 0xDD, 0xAF, 0xD0, 0x3E, 0x00, 0x00, 0x00, 0xD1, 0xAF, 0xF4, 0x08, 0x00, 0x00,
    0x00, 0x60, 0xAF, 0xF8, 0x02, 0x00, 0x00, 0x00, 0x10, 0xAF, 0xFA, 0x00, 0x00, 0x00, 0x00, 0x00,
    0xAE, 0xF9, 0x01, 0x00, 0x00, 0x00, 0x10, 0xAF, 0xF5, 0x06, 0x00, 0x00, 0x00, 0x40, 0xAF, 0xD1,
    0x1D, 0x00, 0x00, 0x00, 0xC0, 0xAF, 0x40, 0xCF, 0x02, 0x00, 0x20, 0xEB, 0x9F, 0x00, 0xF5, 0xBF,
    0x88, 0xFB, 0x3D, 0x8F, 0x00, 0x20, 0xD9, 0xEF, 0x7C, 0x20, 0x6F, 0x52, 0x02, 0x00, 0x00, 0x00,
    0x80, 0x2F, 0xD1, 0x4E, 0x00, 0x00, 0x00, 0xF6, 0x08, 0x20, 0xFC, 0x9D, 0x88, 0xD9, 0x9F, 0x00,
    0x00, 0x50, 0xDA, 0xFE, 0xAD, 0x04, 0x00,
    // Unicode: [0x0068]
    0xF3, 0x07, 0x00, 0x00, 0x00, 0x00, 0xF3, 0x07, 0x00, 0x00, 0x00, 0x00, 0xF3, 0x07, 0x00, 0x00,
    0x00, 0x00, 0xF3, 0x07, 0x00, 0x00, 0x00, 0x00, 0xF3, 0x07, 0x00, 0x00, 0x00, 0x00, 0xF3, 0x07,
    0xA3, 0xEE, 0x6C, 0x00, 0xF3, 0x77, 0xCF, 0x88, 0xFD, 0x09, 0xF3, 0xED, 0x05, 0x00, 0xA0, 0x4F,
    0xF3, 0x5F, 0x00, 0x00, 0x10, 0xAF, 0xF3, 0x0D, 0x00, 0x00, 0x00, 0xDC, 0xF3, 0x09, 0x00, 0x00,
    0x00, 0xEB, 0xF3, 0x08, 0x00, 0x00, 0x00, 0xEB, 0xF3, 0x07, 0x00, 0x00, 0x00, 0xEB, 0xF3, 0x07,
    0x00, 0x00, 0x00, 0xEB, 0xF3, 0x07, 0x00, 0x00, 0x00, 0xEB, 0xF3, 0x07, 0x00, 0x00, 0x00, 0xEB,
    0xF3, 0x07, 0x00, 0x00, 0x00, 0xEB, 0xF3, 0x07, 0x00, 0x00, 0x00, 0xEB,
    // Unicode: [0x0069]
    0xE8, 0x06, 0xFD, 0x0B, 0xA4, 0x03, 0x00, 0x00, 0xF6, 0x04, 0xF6, 0x04, 0xF6, 0x04, 0xF6, 0x04,
    0xF6, 0x04, 0xF6, 0x04, 0xF6, 0x04, 0xF6, 0x04, 0xF6, 0x04, 0xF6, 0x04, 0xF6, 0x04, 0xF6, 0x04,
    0xF6, 0x04,
    // Unicode: [0x006A]
    0x80, 0x6E, 0xD0, 0xBF, 0x40, 0x3A, 0x00, 0x00, 0x60, 0x4F, 0x60, 0x4F, 0x60, 0x4F, 0x60, 0x4F,
    0x60, 0x4F, 0x60, 0x4F, 0x60, 0x4F, 0x60, 0x4F, 0x60, 0x4F, 0x60, 0x4F, 0x60, 0x4F, 0x60, 0x4F,
    0x60, 0x4F, 0x60, 0x4F, 0x60, 0x4F, 0xCA, 0x2F, 0xEC, 0x09,
    // Unicode: [0x006B]
    0xF6, 0x04, 0x00, 0x00, 0x00, 0x00, 0xF6, 0x04, 0x00, 0x00, 0x00, 0x00, 0xF6, 0x04, 0x00, 0x00,
    0x00, 0x00, 0xF6, 0x04, 0x00, 0x00, 0x00, 0x00, 0xF6, 0x04, 0x00, 0x00, 0x00, 0x00, 0xF6, 0x04,
    0x00, 0x70, 0xDF, 0x02, 0xF6, 0x04, 0x00, 0xF8, 0x1C, 0x00, 0xF6, 0x04, 0xA0, 0xAF, 0x00, 0x00,
    0xF6, 0x14, 0xFB, 0x09, 0x00, 0x00, 0xF6, 0xC5, 0x7F, 0x00, 0x00, 0x00, 0xF6, 0xFF, 0x05, 0x00,
    0x00, 0x00, 0xF6, 0xCF, 0x01, 0x00, 0x00, 0x00, 0xF6, 0xF9, 0x2D, 0x00, 0x00, 0x00, 0xF6, 0x54,
    0xDF, 0x02, 0x00, 0x00, 0xF6, 0x04, 0xE4, 0x3E, 0x00, 0x00, 0xF6, 0x04, 0x30, 0xEE, 0x04, 0x00,
    0xF6, 0x04, 0x00, 0xD2, 0x5F, 0x00, 0xF6, 0x04, 0x00, 0x10, 0xFC, 0x06,
    // Unicode: [0x006C]
    0xF6, 0x03, 0xF6, 0x03, 0xF6, 0x03, 0xF6, 0x03, 0xF6, 0x03, 0xF6, 0x03, 0xF6, 0x03, 0xF6, 0x03,
    0xF6, 0x03, 0xF6, 0x03, 0xF6, 0x03, 0xF6, 0x03, 0xF6, 0x03, 0xF6, 0x03, 0xF6, 0x03, 0xF6, 0x03,
    0xF6, 0x03, 0xF6, 0x03,
    // Unicode: [0x006D]
    0xF3, 0x07, 0xC6, 0xDE, 0x29, 0x00, 0x71, 0xFD, 0x8D, 0x00, 0xF3, 0xA7, 0xCF, 0xC9, 0xDF, 0x22,
    0xEC, 0x9A, 0xFD, 0x0B, 0xF3, 0xED, 0x04, 0x00, 0xF6, 0xB9, 0x1B, 0x00, 0x90, 0x5F, 0xF3, 0x4F,
    0x00, 0x00, 0xC0, 0xDF, 0x01, 0x00, 0x10, 0x9F, 0xF3, 0x0C, 0x00, 0x00, 0x90, 0x7F, 0x00, 0x00,
    0x00, 0xCD, 0xF3, 0x09, 0x00, 0x00, 0x80, 0x4F, 0x00, 0x00, 0x00, 0xDC, 0xF3, 0x07, 0x00, 0x00,
    0x70, 0x3F, 0x00, 0x00, 0x00, 0xDC, 0xF3, 0x07, 0x00, 0x00, 0x70, 0x2F, 0x00, 0x00, 0x00, 0xDC,
    0xF3, 0x07, 0x00, 0x00, 0x70, 0x2F, 0x00, 0x00, 0x00, 0xDC, 0xF3, 0x07, 0x00, 0x00, 0x70, 0x2F,
    0x00, 0x00, 0x00, 0xDC, 0xF3, 0x07, 0x00, 0x00, 0x70, 0x2F, 0x00, 0x00, 0x00, 0xDC, 0xF3, 0x07,
    0x00, 0x00, 0x70, 0x2F, 0x00, 0x00, 0x00, 0xDC, 0xF3, 0x07, 0x00, 0x00, 0x70, 0x2F, 0x00, 0x00,
    0x00, 0xDC,
    // Unicode: [0x006E]
    0xF3, 0x07, 0xA3, 0xEE, 0x6C, 0x00, 0xF3, 0x77, 0xCF, 0x88, 0xFD, 0x09, 0xF3, 0xED, 0x05, 0x00,
    0xA0, 0x4F, 0xF3, 0x5F, 0x00, 0x00, 0x20, 0xAF, 0xF3, 0x0D, 0x00, 0x00, 0x00, 0xDC, 0xF3, 0x09,
    0x00, 0x00, 0x00, 0xEB, 0xF3, 0x08, 0x00, 0x00, 0x00, 0xEA, 0xF3, 0x07, 0x00, 0x00, 0x00, 0xEA,
    0xF3, 0x07, 0x00, 0x00, 0x00, 0xEA, 0xF3, 0x07, 0x00, 0x00, 0x00, 0xEA, 0xF3, 0x07, 0x00, 0x00,
    0x00, 0xEA, 0xF3, 0x07, 0x00, 0x00, 0x00, 0xEA, 0xF3, 0x07, 0x00, 0x00, 0x00, 0xEA,
    // Unicode: [0x006F]
    0x00, 0x20, 0xD8, 0xEE, 0x7C, 0x01, 0x00, 0x00, 0xF5, 0xCF, 0xA9, 0xFD, 0x3D, 0x00, 0x50, 0xDF,
    0x03, 0x00, 0x60, 0xEF, 0x02, 0xE1, 0x2E, 0x00, 0x00, 0x00, 0xF4, 0x0B, 0xF7, 0x06, 0x00, 0x00,
    0x00, 0xA0, 0x2F, 0xFA, 0x01, 0x00, 0x00, 0x00, 0x40, 0x6F, 0xEB, 0x00, 0x00, 0x00, 0x00, 0x30,
    0x7F, 0xFA, 0x00, 0x00, 0x00, 0x00, 0x40, 0x6F, 0xF7, 0x05, 0x00, 0x00, 0x00, 0x90, 0x3F, 0xE1,
    0x1C, 0x00, 0x00, 0x00, 0xF3, 0x0B, 0x60, 0xCF, 0x02, 0x00, 0x40, 0xEE, 0x02, 0x00, 0xF6, 0xBF,
    0x99, 0xFC, 0x3E, 0x00, 0x00, 0x20, 0xD9, 0xEF, 0x7C, 0x01, 0x00,
    // Unicode: [0x0070]
    0xF2, 0x07, 0x93, 0xFD, 0xAE, 0x04, 0x00, 0x00, 0xF2, 0x77, 0xEF, 0x9A, 0xEB, 0xAF, 0x00, 0x00,
    0xF2, 0xFC, 0x07, 0x00, 0x10, 0xF9, 0x0A, 0x00, 0xF2, 0x6F, 0x00, 0x00, 0x00, 0x90, 0x5F, 0x00,
    0xF2, 0x0C, 0x00, 0x00, 0x00, 0x10, 0xCE, 0x00, 0xF2, 0x07, 0x00, 0x00, 0x00, 0x00, 0xFA, 0x00,
    0xF2, 0x06, 0x00, 0x00, 0x00, 0x00, 0xF8, 0x01, 0xF2, 0x07, 0x00, 0x00, 0x00, 0x00, 0xFA, 0x00,
    0xF2, 0x0C, 0x00, 0x00, 0x00, 0x10, 0xCE, 0x00, 0xF2, 0x5F, 0x00, 0x00, 0x00, 0x80, 0x5F, 0x00,
    0xF2, 0xFD, 0x06, 0x00, 0x10, 0xF8, 0x0A, 0x00, 0xF2, 0x67, 0xDF, 0x89, 0xE9, 0xAF, 0x01, 0x00,
    0xF2, 0x07, 0x92, 0xFD, 0xBE, 0x05, 0x00, 0x00, 0xF2, 0x07, 0x00, 0x00, 0x00, 0x00, 0x00, 0x00,
    0xF2, 0x07, 0x00, 0x00, 0x00, 0x00, 0x00, 0x00, 0xF2, 0x07, 0x00, 0x00, 0x00, 0x00, 0x00, 0x00,
    0xF2, 0x07, 0x00, 0x00, 0x00, 0x00, 0x00, 0x00,
    // Unicode: [0x0071]
    0x00, 0x20, 0xD8, 0xEF, 0x6B, 0x10, 0x8F, 0x00, 0xE5, 0xCF, 0x99, 0xFC, 0x2B, 0x8F, 0x50, 0xDF,
    0x03, 0x00, 0x40, 0xCD, 0x8F, 0xE1, 0x2E, 0x00, 0x00, 0x00, 0xE2, 0x8F, 0xF6, 0x06, 0x00, 0x00,
    0x00, 0x70, 0x8F, 0xFA, 0x01, 0x00, 0x00, 0x00, 0x20, 0x8F, 0xEB, 0x00, 0x00, 0x00, 0x00, 0x00,
    0x8F, 0xFA, 0x01, 0x00, 0x00, 0x00, 0x10, 0x8F, 0xF6, 0x05, 0x00, 0x00, 0x00, 0x60, 0x8F, 0xE1,
    0x1D, 0x00, 0x00, 0x00, 0xE2, 0x8F, 0x50, 0xCF, 0x02, 0x00, 0x30, 0xDD, 0x8F, 0x00, 0xF5, 0xBF,
    0x88, 0xFC, 0x2B, 0x8F, 0x00, 0x20, 0xD9, 0xEF, 0x5B, 0x10, 0x8F, 0x00, 0x00, 0x00, 0x00, 0x00,
    0x10, 0x8F, 0x00, 0x00, 0x00, 0x00, 0x00, 0x10, 0x8F, 0x00, 0x00, 0x00, 0x00, 0x00, 0x10, 0x8F,
    0x00, 0x00, 0x00, 0x00, 0x00, 0x10, 0x8F,
    // Unicode: [0x0072]
    0xDC, 0xA1, 0xDE, 0xDC, 0xEA, 0x6A, 0xFC, 0x2E, 0x00, 0xFC, 0x07, 0x00, 0xFC, 0x02, 0x00, 0xFC,
    0x00, 0x00, 0xEC, 0x00, 0x00, 0xDC, 0x00, 0x00, 0xDC, 0x00, 0x00, 0xDC, 0x00, 0x00, 0xDC, 0x00,
    0x00, 0xDC, 0x00, 0x00, 0xDC, 0x00, 0x00,
    // Unicode: [0x0073]
    0x00, 0xC4, 0xDE, 0x18, 0x00, 0x40, 0xDF, 0xB9, 0xDF, 0x01, 0xA0, 0x1D, 0x00, 0x64, 0x00, 0xB0,
    0x0B, 0x00, 0x00, 0x00, 0x80, 0x6F, 0x00, 0x00, 0x00, 0x10, 0xFB, 0x2B, 0x00, 0x00, 0x00, 0x70,
    0xFE, 0x08, 0x00, 0x00, 0x00, 0x91, 0x9F, 0x00, 0x00, 0x00, 0x00, 0xF9, 0x01, 0x00, 0x00, 0x00,
    0xF5, 0x03, 0x90, 0x03, 0x00, 0xFB, 0x01, 0xE2, 0xAF, 0xD9, 0x8F, 0x00, 0x10, 0xD9, 0xDF, 0x06,
    0x00,
    // Unicode: [0x0074]
    0x00, 0xEB, 0x00, 0x00, 0x00, 0xEB, 0x00, 0x00, 0x00, 0xEB, 0x00, 0x00, 0x00, 0xEB, 0x00, 0x00,
    0x00, 0xEB, 0x00, 0x00, 0xFF, 0xFF, 0xFF, 0x08, 0x66, 0xED, 0x66, 0x03, 0x00, 0xEB, 0x00, 0x00,
    0x00, 0xEB, 0x00, 0x00, 0x00, 0xEB, 0x00, 0x00, 0x00, 0xEB, 0x00, 0x00, 0x00, 0xEB, 0x00, 0x00,
    0x00, 0xEB, 0x00, 0x00, 0x00, 0xEB, 0x00, 0x00, 0x00, 0xEB, 0x00, 0x00, 0x00, 0xEB, 0x00, 0x00,
    0x00, 0xEB, 0x00, 0x00, 0x00, 0xEB, 0x00, 0x00,
    // Unicode: [0x0075]
    0xF6, 0x04, 0x00, 0x00, 0x00, 0xCE, 0xF6, 0x04, 0x00, 0x00, 0x00, 0xCE, 0xF6, 0x04, 0x00, 0x00,
    0x00, 0xCE, 0xF6, 0x04, 0x00, 0x00, 0x00, 0xCE, 0xF6, 0x04, 0x00, 0x00, 0x00, 0xCE, 0xF6, 0x04,
    0x00, 0x00, 0x00, 0xCE, 0xF6, 0x04, 0x00, 0x00, 0x00, 0xBE, 0xF5, 0x05, 0x00, 0x00, 0x00, 0xBE,
    0xF3, 0x06, 0x00, 0x00, 0x10, 0x9F, 0xE1, 0x0C, 0x00, 0x00, 0x60, 0x6F, 0x80, 0x9F, 0x00, 0x00,
    0xE4, 0x1E, 0x10, 0xFB, 0xAE, 0xC9, 0xEF, 0x04, 0x00, 0x60, 0xEC, 0xDF, 0x29, 0x00,
    // Unicode: [0x0076]
    0xF2, 0x09, 0x00, 0x00, 0x00, 0xF5, 0x06, 0xB0, 0x1E, 0x00, 0x00, 0x00, 0xEC, 0x00, 0x40, 0x7F,
    0x00, 0x00, 0x40, 0x8F, 0x00, 0x00, 0xEC, 0x00, 0x00, 0xA0, 0x1F, 0x00, 0x00, 0xF5, 0x06, 0x00,
    0xF2, 0x09, 0x00, 0x00, 0xD0, 0x0C, 0x00, 0xF9, 0x02, 0x00, 0x00, 0x70, 0x4F, 0x10, 0xBE, 0x00,
    0x00, 0x00, 0x10, 0xBE, 0x70, 0x4F, 0x00, 0x00, 0x00, 0x00, 0xF8, 0xD3, 0x0C, 0x00, 0x00, 0x00,
    0x00, 0xF2, 0xFD, 0x05, 0x00, 0x00, 0x00, 0x00, 0xA0, 0xDF, 0x00, 0x00, 0x00, 0x00, 0x00, 0x30,
    0x7F, 0x00, 0x00, 0x00, 0x00, 0x00, 0x00, 0x1A, 0x00, 0x00, 0x00,
    // Unicode: [0x0077]
    0xEB, 0x01, 0x00, 0x00, 0x60, 0x04, 0x00, 0x00, 0x20, 0x9F, 0xF4, 0x06, 0x00, 0x00, 0xD0, 0x0B,
    0x00, 0x00, 0x80, 0x3F, 0xD0, 0x0C, 0x00, 0x00, 0xF4, 0x2F, 0x00, 0x00, 0xD0, 0x0C, 0x70, 0x3F,
    0x00, 0x00, 0xEB, 0x9F, 0x00, 0x00, 0xF5, 0x05, 0x10, 0x9E, 0x00, 0x20, 0x8F, 0xEA, 0x01, 0x00,
    0xEB, 0x00, 0x00, 0xF9, 0x01, 0x90, 0x2F, 0xF4, 0x06, 0x20, 0x7F, 0x00, 0x00, 0xF3, 0x07, 0xE1,
    0x0A, 0xC0, 0x0D, 0x90, 0x1F, 0x00, 0x00, 0xB0, 0x0D, 0xF7, 0x04, 0x60, 0x4F, 0xE1, 0x0A, 0x00,
    0x00, 0x50, 0x4F, 0xCD, 0x00, 0x00, 0xBE, 0xF6, 0x03, 0x00, 0x00, 0x00, 0xDE, 0x6F, 0x00, 0x00,
    0xF8, 0xCD, 0x00, 0x00, 0x00, 0x00, 0xF8, 0x0E, 0x00, 0x00, 0xF2, 0x5F, 0x00, 0x00, 0x00, 0x00,
    0xF2, 0x08, 0x00, 0x00, 0xA0, 0x0E, 0x00, 0x00, 0x00, 0x00, 0xA0, 0x01, 0x00, 0x00, 0x30, 0x08,
    0x00, 0x00,
    // Unicode: [0x0078]
    0xE2, 0x0C, 0x00, 0x00, 0xF6, 0x08, 0x60, 0x8F, 0x00, 0x20, 0xDE, 0x00, 0x00, 0xFB, 0x04, 0xB0,
    0x3F, 0x00, 0x00, 0xE2, 0x1D, 0xF7, 0x08, 0x00, 0x00, 0x60, 0xAF, 0xCF, 0x00, 0x00, 0x00, 0x00,
    0xFA, 0x3F, 0x00, 0x00, 0x00, 0x00, 0xF8, 0x1E, 0x00, 0x00, 0x00, 0x30, 0xEF, 0xAF, 0x00, 0x00,
    0x00, 0xC0, 0x3F, 0xFB, 0x05, 0x00, 0x00, 0xF8, 0x07, 0xE1, 0x2E, 0x00, 0x30, 0xCF, 0x00, 0x50,
    0xBF, 0x00, 0xD1, 0x2E, 0x00, 0x00, 0xF9, 0x06, 0xF9, 0x06, 0x00, 0x00, 0xD1, 0x2E,
    // Unicode: [0x0079]
    0xF5, 0x06, 0x00, 0x00, 0x00, 0xF6, 0x05, 0xD0, 0x0D, 0x00, 0x00, 0x00, 0xDD, 0x00, 0x60, 0x5F,
    0x00, 0x00, 0x40, 0x7F, 0x00, 0x10, 0xCE, 0x00, 0x00, 0xB0, 0x1E, 0x00, 0x00, 0xF8, 0x04, 0x00,
    0xF3, 0x08, 0x00, 0x00, 0xE1, 0x0B, 0x00, 0xF9, 0x02, 0x00, 0x00, 0x90, 0x2F, 0x10, 0xAF, 0x00,
    0x00, 0x00, 0x20, 0x9F, 0x70, 0x3F, 0x00, 0x00, 0x00, 0x00, 0xFA, 0xE2, 0x0C, 0x00, 0x00, 0x00,
    0x00, 0xF3, 0xFD, 0x05, 0x00, 0x00, 0x00, 0x00, 0xC0, 0xDF, 0x00, 0x00, 0x00, 0x00, 0x00, 0x60,
    0x6F, 0x00, 0x00, 0x00, 0x00, 0x00, 0xB0, 0x1E, 0x00, 0x00, 0x00, 0x00, 0x00, 0xF3, 0x08, 0x00,
    0x00, 0x00, 0x00, 0x00, 0xFA, 0x02, 0x00, 0x00, 0x00, 0x00, 0x20, 0xAF, 0x00, 0x00, 0x00, 0x00,
    0x00, 0x80, 0x3F, 0x00, 0x00, 0x00, 0x00,
    // Unicode: [0x007A]
    0xF3, 0xFF, 0xFF, 0xFF, 0xCF, 0x71, 0x77, 0x77, 0xE7, 0x3F, 0x00, 0x00, 0x00, 0xF5, 0x09, 0x00,
    0x00, 0x10, 0xEE, 0x01, 0x00, 0x00, 0x90, 0x5F, 0x00, 0x00, 0x00, 0xF3, 0x0B, 0x00, 0x00, 0x00,
    0xEC, 0x02, 0x00, 0x00, 0x70, 0x7F, 0x00, 0x00, 0x00, 0xE2, 0x0C, 0x00, 0x00, 0x00, 0xFB, 0x03,
    0x00, 0x00, 0x50, 0x9F, 0x00, 0x00, 0x00, 0xE1, 0x8F, 0x77, 0x77, 0x67, 0xF9, 0xFF, 0xFF, 0xFF,
    0xEF,
    // Unicode: [0x007B]
    0x00, 0x00, 0xC5, 0xAE, 0x00, 0x30, 0xFF, 0x8E, 0x00, 0x80, 0x9F, 0x00, 0x00, 0x90, 0x5F, 0x00,
    0x00, 0xA0, 0x4F, 0x00, 0x00, 0xB0, 0x4F, 0x00, 0x00, 0xB0, 0x4F, 0x00, 0x00, 0xC0, 0x3F, 0x00,
    0x00, 0xE0, 0x0F, 0x00, 0x20, 0xFA, 0x09, 0x00, 0xF2, 0x8F, 0x00, 0x00, 0xF2, 0xAF, 0x01, 0x00,
    0x10, 0xF9, 0x09, 0x00, 0x00, 0xE0, 0x1F, 0x00, 0x00, 0xC0, 0x3F, 0x00, 0x00, 0xB0, 0x4F, 0x00,
    0x00, 0xA0, 0x4F, 0x00, 0x00, 0xA0, 0x4F, 0x00, 0x00, 0x90, 0x5F, 0x00, 0x00, 0x70, 0x9F, 0x00,
    0x00, 0x30, 0xFF, 0x8E, 0x00, 0x00, 0xC5, 0xAE,
    // Unicode: [0x007C]
    0xEC, 0xEC, 0xEC, 0xEC, 0xEC, 0xEC, 0xEC, 0xEC, 0xEC, 0xEC, 0xEC, 0xEC, 0xEC, 0xEC, 0xEC, 0xEC,
    0xEC, 0xEC, 0xEC, 0xEC, 0xEC, 0xEC,
    // Unicode: [0x007D]
    0xF4, 0x9D, 0x01, 0x00, 0xD3, 0xFF, 0x09, 0x00, 0x00, 0xF3, 0x0E, 0x00, 0x00, 0xE0, 0x1F, 0x00,
    0x00, 0xD0, 0x1F, 0x00, 0x00, 0xD0, 0x2F, 0x00, 0x00, 0xC0, 0x2F, 0x00, 0x00, 0xB0, 0x3F, 0x00,
    0x00, 0x90, 0x6F, 0x00, 0x00, 0x30, 0xEF, 0x04, 0x00, 0x00, 0xD4, 0x8F, 0x00, 0x00, 0xE5, 0x8F,
    0x00, 0x30, 0xDF, 0x03, 0x00, 0x90, 0x6F, 0x00, 0x00, 0xC0, 0x3F, 0x00, 0x00, 0xD0, 0x2F, 0x00,
    0x00, 0xD0, 0x2F, 0x00, 0x00, 0xD0, 0x1F, 0x00, 0x00, 0xE0, 0x0F, 0x00, 0x00, 0xF3, 0x0E, 0x00,
    0xD3, 0xFF, 0x09, 0x00, 0xF4, 0x9D, 0x01, 0x00,
    // Unicode: [0x007E]
    0x40, 0xB9, 0x38, 0x00, 0x00, 0x00, 0x00, 0xF9, 0xFF, 0xFF, 0x4B, 0x00, 0xA2, 0x03, 0xAA, 0x13,
    0xB5, 0xFF, 0xBD, 0xFF, 0x03, 0x02, 0x00, 0x00, 0x93, 0xED, 0x4B, 0x00,
    // Unicode: [0x007F]
    // (Has no glyph data)
    // Unicode: [0x00A0]
    // (Has no glyph data)
    // Unicode: [0x00A1]
    0xE7, 0x08, 0xFD, 0x0E, 0xD6, 0x06, 0x00, 0x00, 0x41, 0x02, 0xF4, 0x06, 0xF4, 0x06, 0xF4, 0x06,
    0xF4, 0x06, 0xF4, 0x06, 0xF4, 0x06, 0xF4, 0x06, 0xF4, 0x06, 0xF4, 0x06, 0xF4, 0x06, 0xF4, 0x06,
    0xF4, 0x06, 0xF4, 0x06,
    // Unicode: [0x00A2]
    0x00, 0x00, 0x00, 0x00, 0x00, 0x16, 0x00, 0x00, 0x00, 0x00, 0x50, 0x7F, 0x00, 0x00, 0x00, 0x00,
    0xD0, 0x1E, 0x00, 0x30, 0xEA, 0xDF, 0xFB, 0x07, 0x00, 0xF8, 0xAE, 0xB9, 0xFF, 0x1A, 0x70, 0xAF,
    0x01, 0x60, 0xCF, 0x3F, 0xF2, 0x0C, 0x00, 0xE1, 0x0D, 0x02, 0xF7, 0x04, 0x00, 0xF7, 0x05, 0x00,
    0xEA, 0x00, 0x10, 0xCE, 0x00, 0x00, 0xDC, 0x00, 0x80, 0x4F, 0x00, 0x00, 0xEB, 0x00, 0xF2, 0x0B,
    0x00, 0x00, 0xF7, 0x03, 0xF9, 0x03, 0x00, 0x00, 0xF2, 0x3B, 0xAF, 0x00, 0x00, 0x00, 0x70, 0xEF,
    0x2F, 0x00, 0x91, 0x07, 0x00, 0xFA, 0xAE, 0xA8, 0xFE, 0x0A, 0x00, 0xEB, 0xEB, 0xEF, 0x4A, 0x00,
    0x40, 0x8F, 0x00, 0x00, 0x00, 0x00, 0xC0, 0x1E, 0x00, 0x00, 0x00, 0x00, 0x80, 0x06, 0x00, 0x00,
    0x00, 0x00,
    // Unicode: [0x00A3]
    0x00, 0x00, 0x81, 0xFD, 0x8D, 0x01, 0x00, 0x00, 0x10, 0xFD, 0x9B, 0xFC, 0x0A, 0x00, 0x00, 0x80,
    0x6F, 0x00, 0x80, 0x3F, 0x00, 0x00, 0xA0, 0x0F, 0x00, 0x20, 0x7F, 0x00, 0x00, 0x80, 0x1F, 0x00,
    0x00, 0x12, 0x00, 0x00, 0x50, 0x5F, 0x00, 0x00, 0x00, 0x00, 0x00, 0x10, 0xBF, 0x00, 0x00, 0x00,
    0x00, 0xD0, 0xFF, 0xFF, 0xFF, 0xAF, 0x00, 0x00, 0x60, 0x88, 0xFB, 0x8A, 0x58, 0x00, 0x00, 0x00,
    0x00, 0xF3, 0x08, 0x00, 0x00, 0x00, 0x00, 0x00, 0xF0, 0x0A, 0x00, 0x00, 0x00, 0x00, 0x00, 0xF0,
    0x0A, 0x00, 0x00, 0x00, 0x30, 0xEC, 0xFB, 0x09, 0x00, 0x81, 0x05, 0xE1, 0xAD, 0xFE, 0x0A, 0x00,
    0xF3, 0x07, 0xF4, 0x06, 0xFB, 0xCF, 0x02, 0xF7, 0x05, 0xF3, 0xDE, 0xAF, 0xF9, 0xCF, 0xEF, 0x00,
    0x70, 0xEE, 0x19, 0x30, 0xEA, 0x4D, 0x00,
    // Unicode: [0x00A4]
    0xB4, 0x01, 0x40, 0xD9, 0xFF, 0xAD, 0x05, 0x10, 0x4C, 0xD2, 0x2B, 0xFB, 0x6A, 0x44, 0x95, 0xCE,
    0xD5, 0x2D, 0x20, 0xFD, 0x2B, 0x00, 0x00, 0x00, 0x91, 0xDF, 0x01, 0x10, 0xAE, 0x00, 0x00, 0x00,
    0x00, 0x00, 0xE8, 0x02, 0xA0, 0x0C, 0x00, 0x00, 0x00, 0x00, 0x00, 0xB0, 0x0A, 0xF2, 0x04, 0x00,
    0x00, 0x00, 0x00, 0x00, 0x30, 0x2F, 0xD7, 0x00, 0x00, 0x00, 0x00, 0x00, 0x00, 0x00, 0x7D, 0xAA,
    0x00, 0x00, 0x00, 0x00, 0x00, 0x00, 0x00, 0x9A, 0x9B, 0x00, 0x00, 0x00, 0x00, 0x00, 0x00, 0x00,
    0xA9, 0xAA, 0x00, 0x00, 0x00, 0x00, 0x00, 0x00, 0x00, 0xAA, 0xC8, 0x00, 0x00, 0x00, 0x00, 0x00,
    0x00, 0x00, 0x7C, 0xF3, 0x02, 0x00, 0x00, 0x00, 0x00, 0x00, 0x20, 0x3F, 0xC0, 0x0A, 0x00, 0x00,
    0x00, 0x00, 0x00, 0xA0, 0x0B, 0x30, 0x7F, 0x00, 0x00, 0x00, 0x00, 0x00, 0xF7, 0x03, 0x10, 0xFD,
    0x08, 0x00, 0x00, 0x00, 0x80, 0xEF, 0x02, 0xD1, 0x4C, 0xDD, 0x26, 0x11, 0x72, 0xED, 0xC5, 0x2E,
    0xB3, 0x01, 0x61, 0xFC, 0xFF, 0xCF, 0x17, 0x10, 0x5C, 0x00, 0x00, 0x00, 0x10, 0x22, 0x01, 0x00,
    0x00, 0x00,
    // Unicode: [0x00A5]
    0xE1, 0x1E, 0x00, 0x00, 0x00, 0xFA, 0x04, 0x70, 0x7F, 0x00, 0x00, 0x30, 0xBF, 0x00, 0x10, 0xED,
    0x01, 0x00, 0xB0, 0x3F, 0x00, 0x00, 0xF6, 0x09, 0x00, 0xF4, 0x0A, 0x00, 0x00, 0xC0, 0x2F, 0x00,
    0xFC, 0x02, 0x00, 0x00, 0x40, 0xAF, 0x60, 0x8F, 0x00, 0x00, 0x00, 0x00, 0xFB, 0xD3, 0x1E, 0x00,
    0x00, 0x00, 0x00, 0xF3, 0xFE, 0x07, 0x00, 0x00, 0x10, 0x11, 0xB1, 0xEF, 0x12, 0x11, 0x00, 0x80,
    0xFF, 0xFF, 0xFF, 0xFF, 0xDF, 0x00, 0x20, 0x44, 0x64, 0x9F, 0x44, 0x34, 0x00, 0x10, 0x11, 0x41,
    0x8F, 0x11, 0x11, 0x00, 0x80, 0xFF, 0xFF, 0xFF, 0xFF, 0xDF, 0x00, 0x20, 0x44, 0x74, 0x9F, 0x44,
    0x44, 0x00, 0x00, 0x00, 0x30, 0x7F, 0x00, 0x00, 0x00, 0x00, 0x00, 0x30, 0x7F, 0x00, 0x00, 0x00,
    0x00, 0x00, 0x30, 0x7F, 0x00, 0x00, 0x00,
    // Unicode: [0x00A6]
    0xEC, 0xEC, 0xEC, 0xEC, 0xEC, 0xEC, 0xEC, 0xEC, 0xDC, 0x14, 0x72, 0xEC, 0xEC, 0xEC, 0xEC, 0xEC,
    0xEC, 0xEC, 0xEC, 0xEC, 0xEC, 0xEC,
    // Unicode: [0x00A7]
    0x00, 0xC6, 0xDE, 0x2A, 0x00, 0x80, 0xCF, 0x98, 0xDE, 0x01, 0xF1, 0x0A, 0x00, 0xF3, 0x07, 0xF2,
    0x07, 0x00, 0x70, 0x06, 0xE0, 0x1C, 0x00, 0x00, 0x00, 0x50, 0xCF, 0x02, 0x00, 0x00, 0x10, 0xFA,
    0x7E, 0x00, 0x00, 0xD2, 0x4B, 0xE7, 0x3D, 0x00, 0xCC, 0x00, 0x20, 0xEC, 0x04, 0x9F, 0x00, 0x00,
    0xC0, 0x0D, 0xDC, 0x01, 0x00, 0x70, 0x1F, 0xE3, 0x2C, 0x00, 0xC0, 0x0D, 0x30, 0xED, 0x67, 0xEC,
    0x03, 0x00, 0x91, 0xFF, 0x19, 0x00, 0x00, 0x00, 0xD4, 0x4F, 0x00, 0x00, 0x00, 0x10, 0xEC, 0x01,
    0x00, 0x00, 0x00, 0xF4, 0x05, 0xA6, 0x01, 0x00, 0xF4, 0x06, 0xE3, 0x3B, 0x42, 0xED, 0x01, 0x40,
    0xFC, 0xFF, 0x3C, 0x00, 0x00, 0x20, 0x23, 0x00, 0x00,
    // Unicode: [0x00A8]
    0x84, 0x08, 0x00, 0x80, 0x48, 0xF7, 0x0F, 0x00, 0xF0, 0x7F, 0xF7, 0x0F, 0x00, 0xF0, 0x7F,
    // Unicode: [0x00A9]
    0x00, 0x00, 0x00, 0xA5, 0xFD, 0xDF, 0x5A, 0x00, 0x00, 0x00, 0x00, 0x00, 0xC3, 0x9E, 0x45, 0x54,
    0xEA, 0x2C, 0x00, 0x00, 0x00, 0x50, 0x9E, 0x01, 0x00, 0x00, 0x10, 0xEA, 0x04, 0x00, 0x00, 0xF3,
    0x06, 0x00, 0x74, 0x57, 0x00, 0x70, 0x3E, 0x00, 0x10, 0x8D, 0x00, 0xC2, 0xFF, 0xFF, 0x4D, 0x00,
    0xD9, 0x00, 0x70, 0x0D, 0x00, 0xFD, 0x16, 0x41, 0xEE, 0x01, 0xE1, 0x06, 0xD0, 0x07, 0x60, 0x7F,
    0x00, 0x00, 0xF5, 0x06, 0x80, 0x0C, 0xF1, 0x03, 0xA0, 0x1F, 0x00, 0x00, 0x00, 0x00, 0x40, 0x0F,
    0xF3, 0x01, 0xC0, 0x0D, 0x00, 0x00, 0x00, 0x00, 0x20, 0x2F, 0xF3, 0x01, 0xC0, 0x0D, 0x00, 0x00,
    0x00, 0x00, 0x20, 0x2F, 0xF2, 0x03, 0xA0, 0x1F, 0x00, 0x00, 0xD3, 0x05, 0x40, 0x1F, 0xD0, 0x07,
    0x60, 0x7F, 0x00, 0x00, 0xF9, 0x01, 0x80, 0x0D, 0x80, 0x0C, 0x00, 0xFC, 0x27, 0x82, 0x7F, 0x00,
    0xD0, 0x08, 0x10, 0x7E, 0x00, 0x91, 0xFF, 0xEF, 0x08, 0x00, 0xE7, 0x01, 0x00, 0xF5, 0x04, 0x00,
    0x31, 0x13, 0x00, 0x50, 0x5F, 0x00, 0x00, 0x80, 0x6F, 0x00, 0x00, 0x00, 0x00, 0xF7, 0x07, 0x00,
    0x00, 0x00, 0xE5, 0x7C, 0x13, 0x31, 0xD7, 0x4E, 0x00, 0x00, 0x00, 0x00, 0x20, 0xD8, 0xFF, 0xFF,
    0x7D, 0x01, 0x00, 0x00, 0x00, 0x00, 0x00, 0x00, 0x31, 0x13, 0x00, 0x00, 0x00, 0x00,
    // Unicode: [0x00AA]
    0x00, 0xE8, 0x8E, 0xC8, 0x80, 0x8F, 0xB5, 0xCE, 0xF1, 0x07, 0x00, 0xCD, 0xF4, 0x02, 0x00, 0xC9,
    0xF4, 0x01, 0x00, 0xC8, 0xF1, 0x05, 0x00, 0xCC, 0x90, 0x4D, 0x81, 0xCF, 0x10, 0xFB, 0xBF, 0xB9,
    0x00, 0x20, 0x02, 0x00,
    // Unicode: [0x00AB]
    0x00, 0xF5, 0x06, 0x10, 0xBE, 0x00, 0xEB, 0x01, 0x60, 0x5F, 0x20, 0x9F, 0x00, 0xC0, 0x0E, 0x80,
    0x3F, 0x00, 0xF3, 0x08, 0xE0, 0x0C, 0x00, 0xF9, 0x02, 0xF5, 0x06, 0x10, 0xBE, 0x00, 0xFA, 0x01,
    0x40, 0x6F, 0x00, 0xF6, 0x05, 0x10, 0xBE, 0x00, 0xE0, 0x0B, 0x00, 0xF9, 0x02, 0x80, 0x3F, 0x00,
    0xF3, 0x08, 0x20, 0x9F, 0x00, 0xC0, 0x0E, 0x00, 0xEB, 0x01, 0x60, 0x5F, 0x00, 0xF5, 0x06, 0x10,
    0xBE,
    // Unicode: [0x00AC]
    0x96, 0x99, 0x99, 0x99, 0x99, 0x99, 0x02, 0xFA, 0xFF, 0xFF, 0xFF, 0xFF, 0xFF, 0x03, 0x00, 0x00,
    0x00, 0x00, 0x00, 0xF6, 0x03, 0x00, 0x00, 0x00, 0x00, 0x00, 0xF6, 0x03, 0x00, 0x00, 0x00, 0x00,
    0x00, 0xF6, 0x03, 0x00, 0x00, 0x00, 0x00, 0x00, 0xF6, 0x03, 0x00, 0x00, 0x00, 0x00, 0x00, 0xF6,
    0x03,
    // Unicode: [0x00AD]
    0x20, 0x22, 0x22, 0x02, 0xF4, 0xFF, 0xFF, 0x3F, 0x51, 0x55, 0x55, 0x15,
    // Unicode: [0x00AE]
    0x00, 0x00, 0x00, 0xA5, 0xFD, 0xDF, 0x5A, 0x00, 0x00, 0x00, 0x00, 0x00, 0xC2, 0x9E, 0x45, 0x54,
    0xE9, 0x2C, 0x00, 0x00, 0x00, 0x50, 0x9E, 0x01, 0x00, 0x00, 0x10, 0xEB, 0x04, 0x00, 0x00, 0xF3,
    0x06, 0x86, 0x88, 0x77, 0x03, 0x80, 0x2E, 0x00, 0x10, 0x8D, 0x00, 0xFD, 0xFF, 0xFF, 0x9F, 0x00,
    0xCB, 0x00, 0x70, 0x0D, 0x00, 0xCD, 0x00, 0x20, 0xFC, 0x02, 0xE1, 0x06, 0xD0, 0x07, 0x00, 0xCD,
    0x00, 0x00, 0xF6, 0x04, 0x90, 0x0B, 0xF1, 0x03, 0x00, 0xCD, 0x00, 0x00, 0xF8, 0x03, 0x40, 0x0F,
    0xF3, 0x01, 0x00, 0xED, 0x88, 0xA8, 0xAF, 0x00, 0x20, 0x2F, 0xF3, 0x01, 0x00, 0xFD, 0xFF, 0xFF,
    0x8F, 0x00, 0x20, 0x2F, 0xF2, 0x03, 0x00, 0xCD, 0x00, 0x10, 0xFB, 0x02, 0x40, 0x1F, 0xD0, 0x06,
    0x00, 0xCD, 0x00, 0x00, 0xF7, 0x03, 0x80, 0x0D, 0x80, 0x0D, 0x00, 0xCD, 0x00, 0x00, 0xF6, 0x03,
    0xD0, 0x07, 0x10, 0x7E, 0x00, 0xCD, 0x00, 0x00, 0xF4, 0x06, 0xE7, 0x01, 0x00, 0xF5, 0x04, 0x44,
    0x00, 0x00, 0x41, 0x53, 0x4F, 0x00, 0x00, 0x80, 0x7F, 0x00, 0x00, 0x00, 0x00, 0xF7, 0x07, 0x00,
    0x00, 0x00, 0xE5, 0x7D, 0x13, 0x31, 0xD7, 0x4E, 0x00, 0x00, 0x00, 0x00, 0x10, 0xD8, 0xFF, 0xFF,
    0x7D, 0x01, 0x00, 0x00, 0x00, 0x00, 0x00, 0x00, 0x31, 0x13, 0x00, 0x00, 0x00, 0x00,
    // Unicode: [0x00AF]
    0xF2, 0xFF, 0xFF, 0xFF, 0xFF, 0xFF, 0x2F, 0x30, 0x33, 0x33, 0x33, 0x33, 0x33, 0x03,
    // Unicode: [0x00B0]
    0x60, 0xDC, 0x08, 0xD5, 0x34, 0x8C, 0x6B, 0x00, 0xE3, 0x5B, 0x00, 0xE2, 0xC7, 0x12, 0xAA, 0x80,
    0xFF, 0x1A, 0x00, 0x10, 0x00,
    // Unicode: [0x00B1]
    0x00, 0x00, 0x00, 0x10, 0x01, 0x00, 0x00, 0x00, 0x00, 0x00, 0x00, 0xC0, 0x0C, 0x00, 0x00, 0x00,
    0x00, 0x00, 0x00, 0xC0, 0x0C, 0x00, 0x00, 0x00, 0x00, 0x00, 0x00, 0xC0, 0x0C, 0x00, 0x00, 0x00,
    0x00, 0x00, 0x00, 0xC0, 0x0C, 0x00, 0x00, 0x00, 0x21, 0x22, 0x22, 0xC2, 0x2C, 0x22, 0x22, 0x12,
    0xF4, 0xFF, 0xFF, 0xFF, 0xFF, 0xFF, 0xFF, 0x4F, 0x51, 0x55, 0x55, 0xD5, 0x5D, 0x55, 0x55, 0x15,
    0x00, 0x00, 0x00, 0xC0, 0x0C, 0x00, 0x00, 0x00, 0x00, 0x00, 0x00, 0xC0, 0x0C, 0x00, 0x00, 0x00,
    0x00, 0x00, 0x00, 0xC0, 0x0C, 0x00, 0x00, 0x00, 0x00, 0x00, 0x00, 0xC0, 0x0C, 0x00, 0x00, 0x00,
    0x00, 0x00, 0x00, 0xC0, 0x0C, 0x00, 0x00, 0x00, 0x00, 0x00, 0x00, 0xC0, 0x0C, 0x00, 0x00, 0x00,
    0x00, 0x00, 0x00, 0x00, 0x00, 0x00, 0x00, 0x00, 0x21, 0x22, 0x22, 0x22, 0x22, 0x22, 0x22, 0x12,
    0xF4, 0xFF, 0xFF, 0xFF, 0xFF, 0xFF, 0xFF, 0x4F, 0x51, 0x55, 0x55, 0x55, 0x55, 0x55, 0x55, 0x15,
    // Unicode: [0x00B2]
    0x10, 0xE9, 0xBE, 0x03, 0xC0, 0x3B, 0xA3, 0x1E, 0xE4, 0x01, 0x00, 0x5E, 0x21, 0x00, 0x20, 0x3F,
    0x00, 0x00, 0xD2, 0x0A, 0x00, 0x20, 0xAD, 0x00, 0x00, 0xE3, 0x09, 0x00, 0x40, 0xAE, 0x22, 0x12,
    0xF6, 0xFF, 0xFF, 0x8F,
    // Unicode: [0x00B3]
    0x20, 0xEA, 0xBE, 0x03, 0xC0, 0x3B, 0xA3, 0x0E, 0x30, 0x01, 0x92, 0x0E, 0x00, 0x90, 0xFF, 0x06,
    0x00, 0x20, 0x94, 0x3F, 0x00, 0x00, 0x00, 0x8B, 0xE5, 0x01, 0x00, 0x8C, 0xD0, 0x4B, 0x93, 0x2E,
    0x20, 0xEA, 0xBE, 0x03,
    // Unicode: [0x00B4]
    0x00, 0x70, 0x48, 0x00, 0xF7, 0x1C, 0x30, 0xCF, 0x01, 0xD1, 0x1C, 0x00,
    // Unicode: [0x00B5]
    0xF5, 0x05, 0x00, 0x00, 0x00, 0xCD, 0xF5, 0x05, 0x00, 0x00, 0x00, 0xCD, 0xF5, 0x05, 0x00, 0x00,
    0x00, 0xCD, 0xF5, 0x05, 0x00, 0x00, 0x00, 0xCD, 0xF5, 0x05, 0x00, 0x00, 0x00, 0xCD, 0xF5, 0x05,
    0x00, 0x00, 0x00, 0xCD, 0xF5, 0x05, 0x00, 0x00, 0x00, 0xCE, 0xF5, 0x06, 0x00, 0x00, 0x00, 0xCF,
    0xF5, 0x07, 0x00, 0x00, 0x30, 0xCF, 0xF5, 0x0A, 0x00, 0x00, 0xA0, 0xCF, 0xF5, 0x4F, 0x00, 0x10,
    0xE9, 0xCE, 0xF5, 0xFE, 0x8B, 0xE9, 0x3E, 0xCD, 0xF5, 0x96, 0xFE, 0x8D, 0x01, 0xCD, 0xF5, 0x05,
    0x00, 0x00, 0x00, 0x00, 0xF5, 0x05, 0x00, 0x00, 0x00, 0x00, 0xF5, 0x05, 0x00, 0x00, 0x00, 0x00,
    0xF5, 0x05, 0x00, 0x00, 0x00, 0x00,
    // Unicode: [0x00B6]
    0x00, 0xC7, 0xFE, 0xDD, 0xFE, 0x0D, 0xB0, 0xFF, 0xFF, 0x01, 0xF6, 0x00, 0xF6, 0xFF, 0xFF, 0x01,
    0xF6, 0x00, 0xFB, 0xFF, 0xFF, 0x01, 0xF6, 0x00, 0xFD, 0xFF, 0xFF, 0x01, 0xF6, 0x00, 0xFC, 0xFF,
    0xFF, 0x01, 0xF6, 0x00, 0xF9, 0xFF, 0xFF, 0x01, 0xF6, 0x00, 0xF3, 0xFF, 0xFF, 0x01, 0xF6, 0x00,
    0x50, 0xFE, 0xFF, 0x01, 0xF6, 0x00, 0x00, 0x51, 0xF9, 0x01, 0xF6, 0x00, 0x00, 0x00, 0xF5, 0x01,
    0xF6, 0x00, 0x00, 0x00, 0xF5, 0x01, 0xF6, 0x00, 0x00, 0x00, 0xF5, 0x01, 0xF6, 0x00, 0x00, 0x00,
    0xF5, 0x01, 0xF6, 0x00, 0x00, 0x00, 0xF5, 0x01, 0xF6, 0x00, 0x00, 0x00, 0xF5, 0x01, 0xF6, 0x00,
    0x00, 0x00, 0xF5, 0x01, 0xF6, 0x00, 0x00, 0x00, 0xF5, 0x01, 0xF6, 0x00, 0x00, 0x00, 0xF5, 0x01,
    0xF6, 0x00, 0x00, 0x00, 0xD5, 0x01, 0xD5, 0x00,
    // Unicode: [0x00B7]
    0xC5, 0x5C, 0xF6, 0x6F, 0xF6, 0x6F,
    // Unicode: [0x00B8]
    0x00, 0x21, 0x00, 0x00, 0x97, 0x00, 0x00, 0xE9, 0x1B, 0x10, 0x50, 0x3F, 0xD3, 0xDE, 0x06,
    // Unicode: [0x00B9]
    0xFB, 0x0C, 0x82, 0x0C, 0x70, 0x0C, 0x70, 0x0C, 0x70, 0x0C, 0x70, 0x0C, 0x70, 0x0C, 0x70, 0x0C,
    0x70, 0x0C,
    // Unicode: [0x00BA]
    0x00, 0xD6, 0xCF, 0x04, 0x00, 0x80, 0x8F, 0xA5, 0x5F, 0x00, 0xF1, 0x08, 0x00, 0xDA, 0x00, 0xF5,
    0x02, 0x00, 0xF4, 0x02, 0xF5, 0x01, 0x00, 0xF3, 0x03, 0xF2, 0x05, 0x00, 0xE7, 0x00, 0xA0, 0x4E,
    0x61, 0x8E, 0x00, 0x10, 0xFA, 0xFF, 0x08, 0x00, 0x00, 0x10, 0x13, 0x00, 0x00,
    // Unicode: [0x00BB]
    0xF9, 0x03, 0x30, 0x8F, 0x00, 0xF2, 0x09, 0x00, 0xEC, 0x00, 0xB0, 0x1E, 0x00, 0xF6, 0x05, 0x50,
    0x6F, 0x00, 0xE1, 0x0B, 0x00, 0xCE, 0x00, 0x90, 0x2F, 0x00, 0xF8, 0x03, 0x20, 0x8F, 0x00, 0xF4,
    0x07, 0x00, 0xDD, 0x00, 0xF8, 0x03, 0x30, 0x8F, 0x00, 0xCE, 0x00, 0x90, 0x2F, 0x50, 0x6F, 0x00,
    0xE1, 0x0B, 0xB0, 0x1E, 0x00, 0xF6, 0x05, 0xF2, 0x09, 0x00, 0xEC, 0x00, 0xF8, 0x03, 0x30, 0x8F,
    0x00,
    // Unicode: [0x00BC]
    0x10, 0x01, 0x00, 0x00, 0x00, 0x00, 0x00, 0x11, 0x00, 0x00, 0xF3, 0x6F, 0x00, 0x00, 0x00, 0x00,
    0x10, 0x5E, 0x00, 0x00, 0x42, 0x6E, 0x00, 0x00, 0x00, 0x00, 0x90, 0x0B, 0x00, 0x00, 0x00, 0x6E,
    0x00, 0x00, 0x00, 0x00, 0xE3, 0x02, 0x00, 0x00, 0x00, 0x6E, 0x00, 0x00, 0x00, 0x00, 0x7C, 0x00,
    0x00, 0x00, 0x00, 0x6E, 0x00, 0x00, 0x00, 0x70, 0x0D, 0x00, 0x00, 0x00, 0x00, 0x6E, 0x00, 0x00,
    0x00, 0xE2, 0x04, 0x00, 0x00, 0x00, 0x00, 0x6E, 0x00, 0x00, 0x00, 0xAA, 0x00, 0x00, 0x00, 0x00,
    0x00, 0x6E, 0x00, 0x00, 0x40, 0x1E, 0x00, 0x00, 0x00, 0x00, 0x00, 0x49, 0x00, 0x00, 0xD0, 0x06,
    0x00, 0x00, 0x33, 0x00, 0x00, 0x00, 0x00, 0x00, 0xC7, 0x00, 0x00, 0x20, 0x3E, 0x00, 0x00, 0x00,
    0x00, 0x20, 0x3E, 0x00, 0x00, 0xD1, 0x3F, 0x00, 0x00, 0x00, 0x00, 0xB0, 0x09, 0x00, 0x10, 0xBC,
    0x3F, 0x00, 0x00, 0x00, 0x00, 0xE5, 0x01, 0x00, 0xB0, 0x2B, 0x3F, 0x00, 0x00, 0x00, 0x10, 0x5D,
    0x00, 0x00, 0xCA, 0x11, 0x3F, 0x00, 0x00, 0x00, 0x80, 0x0B, 0x00, 0x80, 0xFF, 0xFF, 0xFF, 0x06,
    0x00, 0x00, 0xE3, 0x02, 0x00, 0x20, 0x22, 0x32, 0x5F, 0x01, 0x00, 0x00, 0x8C, 0x00, 0x00, 0x00,
    0x00, 0x10, 0x3F, 0x00, 0x00, 0x30, 0x19, 0x00, 0x00, 0x00, 0x00, 0x00, 0x14, 0x00,
    // Unicode: [0x00BD]
    0x10, 0x01, 0x00, 0x00, 0x00, 0x00, 0x10, 0x00, 0x00, 0xF5, 0x4F, 0x00, 0x00, 0x00, 0x00, 0xE4,
    0x01, 0x00, 0x43, 0x4F, 0x00, 0x00, 0x00, 0x00, 0x6D, 0x00, 0x00, 0x00, 0x4F, 0x00, 0x00, 0x00,
    0x80, 0x0C, 0x00, 0x00, 0x00, 0x4F, 0x00, 0x00, 0x00, 0xE2, 0x03, 0x00, 0x00, 0x00, 0x4F, 0x00,
    0x00, 0x00, 0x9B, 0x00, 0x00, 0x00, 0x00, 0x4F, 0x00, 0x00, 0x50, 0x1E, 0x00, 0x00, 0x00, 0x00,
    0x4F, 0x00, 0x00, 0xE1, 0x05, 0x00, 0x00, 0x00, 0x00, 0x4F, 0x00, 0x00, 0xB9, 0x00, 0x00, 0x00,
    0x00, 0x00, 0x26, 0x00, 0x30, 0x2E, 0x10, 0xD9, 0xAD, 0x02, 0x00, 0x00, 0x00, 0xC0, 0x08, 0xD1,
    0x3A, 0xB4, 0x1D, 0x00, 0x00, 0x00, 0xD6, 0x01, 0xE5, 0x00, 0x10, 0x4F, 0x00, 0x00, 0x10, 0x4E,
    0x00, 0x32, 0x00, 0x30, 0x3F, 0x00, 0x00, 0x90, 0x0A, 0x00, 0x00, 0x00, 0xD2, 0x0A, 0x00, 0x00,
    0xE3, 0x02, 0x00, 0x00, 0x20, 0xBD, 0x00, 0x00, 0x00, 0x7C, 0x00, 0x00, 0x00, 0xE3, 0x0A, 0x00,
    0x00, 0x70, 0x0C, 0x00, 0x00, 0x40, 0x9E, 0x00, 0x00, 0x00, 0xE2, 0x04, 0x00, 0x00, 0xF5, 0xFF,
    0xFF, 0x7F, 0x00, 0x76, 0x00, 0x00, 0x00, 0x22, 0x22, 0x22, 0x12,
    // Unicode: [0x00BE]
    0x00, 0xD6, 0xBE, 0x03, 0x00, 0x00, 0x00, 0x60, 0x0D, 0x00, 0x50, 0x6F, 0x93, 0x1E, 0x00, 0x00,
    0x00, 0xE1, 0x05, 0x00, 0x80, 0x07, 0x00, 0x5F, 0x00, 0x00, 0x00, 0xB9, 0x00, 0x00, 0x00, 0x00,
    0x81, 0x2F, 0x00, 0x00, 0x30, 0x3F, 0x00, 0x00, 0x00, 0x50, 0xFF, 0x0A, 0x00, 0x00, 0xB0, 0x09,
    0x00, 0x00, 0x00, 0x10, 0x73, 0x6F, 0x00, 0x00, 0xE5, 0x01, 0x00, 0x00, 0x00, 0x00, 0x00, 0xD7,
    0x00, 0x00, 0x6D, 0x00, 0x00, 0x00, 0xD1, 0x03, 0x00, 0xD7, 0x00, 0x70, 0x0C, 0x00, 0x00, 0x00,
    0xA0, 0x2C, 0x40, 0x7E, 0x00, 0xE2, 0x04, 0x00, 0x00, 0x00, 0x10, 0xFA, 0xEF, 0x07, 0x00, 0xAA,
    0x00, 0x00, 0x20, 0x01, 0x00, 0x10, 0x02, 0x00, 0x30, 0x2E, 0x00, 0x00, 0xD2, 0x02, 0x00, 0x00,
    0x00, 0x00, 0xC0, 0x07, 0x00, 0x10, 0xFC, 0x02, 0x00, 0x00, 0x00, 0x00, 0xD6, 0x01, 0x00, 0xC1,
    0xFC, 0x02, 0x00, 0x00, 0x00, 0x10, 0x5E, 0x00, 0x00, 0xBB, 0xF3, 0x02, 0x00, 0x00, 0x00, 0x80,
    0x0B, 0x00, 0xA0, 0x1C, 0xF3, 0x02, 0x00, 0x00, 0x00, 0xF2, 0x03, 0x00, 0xF9, 0xFF, 0xFF, 0x5F,
    0x00, 0x00, 0x00, 0x9B, 0x00, 0x00, 0x22, 0x22, 0xF4, 0x14, 0x00, 0x00, 0x40, 0x1E, 0x00, 0x00,
    0x00, 0x00, 0xF3, 0x02, 0x00, 0x00, 0x70, 0x05, 0x00, 0x00, 0x00, 0x00, 0x41, 0x01,
    // Unicode: [0x00BF]
    0x00, 0x10, 0xDC, 0x03, 0x00, 0x00, 0x00, 0x50, 0xFF, 0x07, 0x00, 0x00, 0x00, 0x10, 0xCB, 0x02,
    0x00, 0x00, 0x00, 0x00, 0x00, 0x00, 0x00, 0x00, 0x00, 0xC4, 0xEE, 0x4B, 0x00, 0x00, 0x50, 0xFF,
    0xBB, 0xFE, 0x07, 0x00, 0xD0, 0x2E, 0x00, 0xE2, 0x1E, 0x00, 0xF2, 0x09, 0x00, 0xA0, 0x2F, 0x00,
    0x21, 0x01, 0x00, 0xE4, 0x0E, 0x00, 0x00, 0x00, 0xB4, 0xEF, 0x04, 0x00, 0x00, 0xD5, 0xFF, 0x29,
    0x00, 0x00, 0xA0, 0xDF, 0x17, 0x00, 0x00, 0x00, 0xF7, 0x09, 0x00, 0x00, 0x21, 0x00, 0xFC, 0x00,
    0x00, 0x00, 0xF9, 0x02, 0xFC, 0x01, 0x00, 0x00, 0xED, 0x00, 0xF8, 0x1A, 0x00, 0x90, 0x9F, 0x00,
    0xC1, 0xEF, 0xAA, 0xFE, 0x1C, 0x00, 0x10, 0xC7, 0xFF, 0x7C, 0x01, 0x00,
    // Unicode: [0x00C0]
    0x00, 0x00, 0x10, 0xFC, 0x08, 0x00, 0x00, 0x00, 0x00, 0x00, 0x00, 0x00, 0xC1, 0x4F, 0x00, 0x00,
    0x00, 0x00, 0x00, 0x00, 0x00, 0x10, 0xEC, 0x01, 0x00, 0x00, 0x00, 0x00, 0x00, 0x00, 0x00, 0x71,
    0x04, 0x00, 0x00, 0x00, 0x00, 0x00, 0x00, 0x00, 0x58, 0x00, 0x00, 0x00, 0x00, 0x00, 0x00, 0x00,
    0x10, 0xCE, 0x00, 0x00, 0x00, 0x00, 0x00, 0x00, 0x00, 0x60, 0xFF, 0x04, 0x00, 0x00, 0x00, 0x00,
    0x00, 0x00, 0xD0, 0xFF, 0x0B, 0x00, 0x00, 0x00, 0x00, 0x00, 0x00, 0xF5, 0xC9, 0x2F, 0x00, 0x00,
    0x00, 0x00, 0x00, 0x00, 0xFC, 0x52, 0x9F, 0x00, 0x00, 0x00, 0x00, 0x00, 0x30, 0xAF, 0x00, 0xED,
    0x01, 0x00, 0x00, 0x00, 0x00, 0xA0, 0x3F, 0x00, 0xF6, 0x07, 0x00, 0x00, 0x00, 0x00, 0xF2, 0x0C,
    0x00, 0xE0, 0x0E, 0x00, 0x00, 0x00, 0x00, 0xF9, 0x05, 0x00, 0x70, 0x6F, 0x00, 0x00, 0x00, 0x10,
    0xFE, 0xBB, 0xBB, 0xCB, 0xCF, 0x00, 0x00, 0x00, 0x70, 0xFF, 0xFF, 0xFF, 0xFF, 0xFF, 0x04, 0x00,
    0x00, 0xE0, 0x1E, 0x00, 0x00, 0x00, 0xF2, 0x0B, 0x00, 0x00, 0xF6, 0x08, 0x00, 0x00, 0x00, 0xB0,
    0x3F, 0x00, 0x00, 0xFD, 0x01, 0x00, 0x00, 0x00, 0x40, 0x9F, 0x00, 0x40, 0x9F, 0x00, 0x00, 0x00,
    0x00, 0x00, 0xFC, 0x01, 0xB0, 0x3F, 0x00, 0x00, 0x00, 0x00, 0x00, 0xF5, 0x08, 0xF3, 0x0B, 0x00,
    0x00, 0x00, 0x00, 0x00, 0xD0, 0x1E,
    // Unicode: [0x00C1]
    0x00, 0x00, 0x00, 0x00, 0xA0, 0xAF, 0x00, 0x00, 0x00, 0x00, 0x00, 0x00, 0x00, 0xF6, 0x0A, 0x00,
    0x00, 0x00, 0x00, 0x00, 0x00, 0x30, 0xAF, 0x00, 0x00, 0x00, 0x00, 0x00, 0x00, 0x00, 0x50, 0x07,
    0x00, 0x00, 0x00, 0x00, 0x00, 0x00, 0x00, 0x00, 0x58, 0x00, 0x00, 0x00, 0x00, 0x00, 0x00, 0x00,
    0x10, 0xCE, 0x00, 0x00, 0x00, 0x00, 0x00, 0x00, 0x00, 0x60, 0xFF, 0x04, 0x00, 0x00, 0x00, 0x00,
    0x00, 0x00, 0xD0, 0xFF, 0x0B, 0x00, 0x00, 0x00, 0x00, 0x00, 0x00, 0xF5, 0xC9, 0x2F, 0x00, 0x00,
    0x00, 0x00, 0x00, 0x00, 0xFC, 0x52, 0x9F, 0x00, 0x00, 0x00, 0x00, 0x00, 0x30, 0xAF, 0x00, 0xED,
    0x01, 0x00, 0x00, 0x00, 0x00, 0xA0, 0x3F, 0x00, 0xF6, 0x07, 0x00, 0x00, 0x00, 0x00, 0xF2, 0x0C,
    0x00, 0xE0, 0x0E, 0x00, 0x00, 0x00, 0x00, 0xF9, 0x05, 0x00, 0x70, 0x6F, 0x00, 0x00, 0x00, 0x10,
    0xFE, 0xBB, 0xBB, 0xCB, 0xCF, 0x00, 0x00, 0x00, 0x70, 0xFF, 0xFF, 0xFF, 0xFF, 0xFF, 0x04, 0x00,
    0x00, 0xE0, 0x1E, 0x00, 0x00, 0x00, 0xF2, 0x0B, 0x00, 0x00, 0xF6, 0x08, 0x00, 0x00, 0x00, 0xB0,
    0x3F, 0x00, 0x00, 0xFD, 0x01, 0x00, 0x00, 0x00, 0x40, 0x9F, 0x00, 0x40, 0x9F, 0x00, 0x00, 0x00,
    0x00, 0x00, 0xFC, 0x01, 0xB0, 0x3F, 0x00, 0x00, 0x00, 0x00, 0x00, 0xF5, 0x08, 0xF3, 0x0B, 0x00,
    0x00, 0x00, 0x00, 0x00, 0xD0, 0x1E,
    // Unicode: [0x00C2]
    0x00, 0x00, 0x00, 0x20, 0x77, 0x01, 0x00, 0x00, 0x00, 0x00, 0x00, 0x00, 0xD3, 0xFE, 0x1C, 0x00,
    0x00, 0x00, 0x00, 0x00, 0x40, 0xDE, 0x32, 0xDE, 0x02, 0x00, 0x00, 0x00, 0x00, 0x71, 0x17, 0x00,
    0x72, 0x06, 0x00, 0x00, 0x00, 0x00, 0x00, 0x00, 0x58, 0x00, 0x00, 0x00, 0x00, 0x00, 0x00, 0x00,
    0x10, 0xCE, 0x00, 0x00, 0x00, 0x00, 0x00, 0x00, 0x00, 0x60, 0xFF, 0x04, 0x00, 0x00, 0x00, 0x00,
    0x00, 0x00, 0xD0, 0xFF, 0x0B, 0x00, 0x00, 0x00, 0x00, 0x00, 0x00, 0xF5, 0xC9, 0x2F, 0x00, 0x00,
    0x00, 0x00, 0x00, 0x00, 0xFC, 0x52, 0x9F, 0x00, 0x00, 0x00, 0x00, 0x00, 0x30, 0xAF, 0x00, 0xED,
    0x01, 0x00, 0x00, 0x00, 0x00, 0xA0, 0x3F, 0x00, 0xF6, 0x07, 0x00, 0x00, 0x00, 0x00, 0xF2, 0x0C,
    0x00, 0xE0, 0x0E, 0x00, 0x00, 0x00, 0x00, 0xF9, 0x05, 0x00, 0x70, 0x6F, 0x00, 0x00, 0x00, 0x10,
    0xFE, 0xBB, 0xBB, 0xCB, 0xCF, 0x00, 0x00, 0x00, 0x70, 0xFF, 0xFF, 0xFF, 0xFF, 0xFF, 0x04, 0x00,
    0x00, 0xE0, 0x1E, 0x00, 0x00, 0x00, 0xF2, 0x0B, 0x00, 0x00, 0xF6, 0x08, 0x00, 0x00, 0x00, 0xB0,
    0x3F, 0x00, 0x00, 0xFD, 0x01, 0x00, 0x00, 0x00, 0x40, 0x9F, 0x00, 0x40, 0x9F, 0x00, 0x00, 0x00,
    0x00, 0x00, 0xFC, 0x01, 0xB0, 0x3F, 0x00, 0x00, 0x00, 0x00, 0x00, 0xF5, 0x08, 0xF3, 0x0B, 0x00,
    0x00, 0x00, 0x00, 0x00, 0xD0, 0x1E,
    // Unicode: [0x00C3]
    0x00, 0x00, 0x80, 0xEE, 0x4A, 0x41, 0x05, 0x00, 0x00, 0x00, 0x00, 0xF3, 0x9B, 0xFE, 0xFF, 0x0D,
    0x00, 0x00, 0x00, 0x00, 0x20, 0x00, 0x50, 0x58, 0x01, 0x00, 0x00, 0x00, 0x00, 0x00, 0x00, 0x58,
    0x00, 0x00, 0x00, 0x00, 0x00, 0x00, 0x00, 0x10, 0xCE, 0x00, 0x00, 0x00, 0x00, 0x00, 0x00, 0x00,
    0x60, 0xFF, 0x04, 0x00, 0x00, 0x00, 0x00, 0x00, 0x00, 0xD0, 0xFF, 0x0B, 0x00, 0x00, 0x00, 0x00,
    0x00, 0x00, 0xF5, 0xC9, 0x2F, 0x00, 0x00, 0x00, 0x00, 0x00, 0x00, 0xFC, 0x52, 0x9F, 0x00, 0x00,
    0x00, 0x00, 0x00, 0x30, 0xAF, 0x00, 0xED, 0x01, 0x00, 0x00, 0x00, 0x00, 0xA0, 0x3F, 0x00, 0xF6,
    0x07, 0x00, 0x00, 0x00, 0x00, 0xF2, 0x0C, 0x00, 0xE0, 0x0E, 0x00, 0x00, 0x00, 0x00, 0xF9, 0x05,
    0x00, 0x70, 0x6F, 0x00, 0x00, 0x00, 0x10, 0xFE, 0xBB, 0xBB, 0xCB, 0xCF, 0x00, 0x00, 0x00, 0x70,
    0xFF, 0xFF, 0xFF, 0xFF, 0xFF, 0x04, 0x00, 0x00, 0xE0, 0x1E, 0x00, 0x00, 0x00, 0xF2, 0x0B, 0x00,
    0x00, 0xF6, 0x08, 0x00, 0x00, 0x00, 0xB0, 0x3F, 0x00, 0x00, 0xFD, 0x01, 0x00, 0x00, 0x00, 0x40,
    0x9F, 0x00, 0x40, 0x9F, 0x00, 0x00, 0x00, 0x00, 0x00, 0xFC, 0x01, 0xB0, 0x3F, 0x00, 0x00, 0x00,
    0x00, 0x00, 0xF5, 0x08, 0xF3, 0x0B, 0x00, 0x00, 0x00, 0x00, 0x00, 0xD0, 0x1E,
    // Unicode: [0x00C4]
    0x00, 0x00, 0x70, 0x7E, 0x00, 0xEA, 0x04, 0x00, 0x00, 0x00, 0x00, 0xC0, 0xCF, 0x10, 0xFF, 0x09,
    0x00, 0x00, 0x00, 0x00, 0x40, 0x4A, 0x00, 0xA6, 0x02, 0x00, 0x00, 0x00, 0x00, 0x00, 0x00, 0x58,
    0x00, 0x00, 0x00, 0x00, 0x00, 0x00, 0x00, 0x10, 0xCE, 0x00, 0x00, 0x00, 0x00, 0x00, 0x00, 0x00,
    0x60, 0xFF, 0x04, 0x00, 0x00, 0x00, 0x00, 0x00, 0x00, 0xD0, 0xFF, 0x0B, 0x00, 0x00, 0x00, 0x00,
    0x00, 0x00, 0xF5, 0xC9, 0x2F, 0x00, 0x00, 0x00, 0x00, 0x00, 0x00, 0xFC, 0x52, 0x9F, 0x00, 0x00,
    0x00, 0x00, 0x00, 0x30, 0xAF, 0x00, 0xED, 0x01, 0x00, 0x00, 0x00, 0x00, 0xA0, 0x3F, 0x00, 0xF6,
    0x07, 0x00, 0x00, 0x00, 0x00, 0xF2, 0x0C, 0x00, 0xE0, 0x0E, 0x00, 0x00, 0x00, 0x00, 0xF9, 0x05,
    0x00, 0x70, 0x6F, 0x00, 0x00, 0x00, 0x10, 0xFE, 0xBB, 0xBB, 0xCB, 0xCF, 0x00, 0x00, 0x00, 0x70,
    0xFF, 0xFF, 0xFF, 0xFF, 0xFF, 0x04, 0x00, 0x00, 0xE0, 0x1E, 0x00, 0x00, 0x00, 0xF2, 0x0B, 0x00,
    0x00, 0xF6, 0x08, 0x00, 0x00, 0x00, 0xB0, 0x3F, 0x00, 0x00, 0xFD, 0x01, 0x00, 0x00, 0x00, 0x40,
    0x9F, 0x00, 0x40, 0x9F, 0x00, 0x00, 0x00, 0x00, 0x00, 0xFC, 0x01, 0xB0, 0x3F, 0x00, 0x00, 0x00,
    0x00, 0x00, 0xF5, 0x08, 0xF3, 0x0B, 0x00, 0x00, 0x00, 0x00, 0x00, 0xD0, 0x1E,
    // Unicode: [0x00C5]
    0x00, 0x00, 0x00, 0x80, 0xDE, 0x05, 0x00, 0x00, 0x00, 0x00, 0x00, 0x00, 0xE5, 0x74, 0x2F, 0x00,
    0x00, 0x00, 0x00, 0x00, 0x00, 0x98, 0x00, 0x5E, 0x00, 0x00, 0x00, 0x00, 0x00, 0x00, 0xD5, 0x42,
    0x2F, 0x00, 0x00, 0x00, 0x00, 0x00, 0x00, 0x80, 0xDE, 0x05, 0x00, 0x00, 0x00, 0x00, 0x00, 0x00,
    0x00, 0x58, 0x00, 0x00, 0x00, 0x00, 0x00, 0x00, 0x00, 0x10, 0xCE, 0x00, 0x00, 0x00, 0x00, 0x00,
    0x00, 0x00, 0x60, 0xFF, 0x04, 0x00, 0x00, 0x00, 0x00, 0x00, 0x00, 0xD0, 0xFF, 0x0B, 0x00, 0x00,
    0x00, 0x00, 0x00, 0x00, 0xF5, 0xC9, 0x2F, 0x00, 0x00, 0x00, 0x00, 0x00, 0x00, 0xFC, 0x52, 0x9F,
    0x00, 0x00, 0x00, 0x00, 0x00, 0x30, 0xAF, 0x00, 0xED, 0x01, 0x00, 0x00, 0x00, 0x00, 0xA0, 0x3F,
    0x00, 0xF6, 0x07, 0x00, 0x00, 0x00, 0x00, 0xF2, 0x0C, 0x00, 0xE0, 0x0E, 0x00, 0x00, 0x00, 0x00,
    0xF9, 0x05, 0x00, 0x70, 0x6F, 0x00, 0x00, 0x00, 0x10, 0xFE, 0xBB, 0xBB, 0xCB, 0xCF, 0x00, 0x00,
    0x00, 0x70, 0xFF, 0xFF, 0xFF, 0xFF, 0xFF, 0x04, 0x00, 0x00, 0xE0, 0x1E, 0x00, 0x00, 0x00, 0xF2,
    0x0B, 0x00, 0x00, 0xF6, 0x08, 0x00, 0x00, 0x00, 0xB0, 0x3F, 0x00, 0x00, 0xFD, 0x01, 0x00, 0x00,
    0x00, 0x40, 0x9F, 0x00, 0x40, 0x9F, 0x00, 0x00, 0x00, 0x00, 0x00, 0xFC, 0x01, 0xB0, 0x3F, 0x00,
    0x00, 0x00, 0x00, 0x00, 0xF5, 0x08, 0xF3, 0x0B, 0x00, 0x00, 0x00, 0x00, 0x00, 0xD0, 0x1E,
    // Unicode: [0x00C6]
    0x00, 0x00, 0x00, 0x00, 0x00, 0xF3, 0xFF, 0xFF, 0xFF, 0xFF, 0xCF, 0x00, 0x00, 0x00, 0x00, 0x00,
    0xFC, 0xEF, 0xBB, 0xBB, 0xBB, 0x9B, 0x00, 0x00, 0x00, 0x00, 0x80, 0xAF, 0xAF, 0x00, 0x00, 0x00,
    0x00, 0x00, 0x00, 0x00, 0x00, 0xF3, 0x2E, 0xAF, 0x00, 0x00, 0x00, 0x00, 0x00, 0x00, 0x00, 0x00,
    0xFC, 0x15, 0xAF, 0x00, 0x00, 0x00, 0x00, 0x00, 0x00, 0x00, 0x70, 0xAF, 0x10, 0xAF, 0x00, 0x00,
    0x00, 0x00, 0x00, 0x00, 0x00, 0xF2, 0x1E, 0x10, 0xAF, 0x00, 0x00, 0x00, 0x00, 0x00, 0x00, 0x00,
    0xFC, 0x06, 0x10, 0xFF, 0xFF, 0xFF, 0xFF, 0xCF, 0x00, 0x00, 0x60, 0xBF, 0x00, 0x10, 0xEF, 0xAA,
    0xAA, 0xAA, 0x8A, 0x00, 0x00, 0xE2, 0x2E, 0x00, 0x10, 0xAF, 0x00, 0x00, 0x00, 0x00, 0x00, 0x00,
    0xFB, 0xFF, 0xFF, 0xFF, 0xAF, 0x00, 0x00, 0x00, 0x00, 0x00, 0x60, 0xCF, 0x99, 0x99, 0xA9, 0xAF,
    0x00, 0x00, 0x00, 0x00, 0x00, 0xE2, 0x2E, 0x00, 0x00, 0x10, 0xAF, 0x00, 0x00, 0x00, 0x00, 0x00,
    0xFB, 0x06, 0x00, 0x00, 0x10, 0xAF, 0x00, 0x00, 0x00, 0x00, 0x50, 0xBF, 0x00, 0x00, 0x00, 0x10,
    0xAF, 0x00, 0x00, 0x00, 0x00, 0xE1, 0x1E, 0x00, 0x00, 0x00, 0x10, 0xDF, 0xAA, 0xAA, 0xAA, 0x8A,
    0xFA, 0x05, 0x00, 0x00, 0x00, 0x10, 0xFF, 0xFF, 0xFF, 0xFF, 0xCF,
    // Unicode: [0x00C7]
    0x00, 0x00, 0x30, 0xC8, 0xFE, 0xCE, 0x49, 0x00, 0x00, 0x00, 0x10, 0xFA, 0xEF, 0xAC, 0xDB, 0xFF,
    0x3C, 0x00, 0x00, 0xD3, 0xCF, 0x04, 0x00, 0x00, 0x93, 0xEF, 0x04, 0x10, 0xFD, 0x07, 0x00, 0x00,
    0x00, 0x00, 0xE4, 0x0C, 0xA0, 0x8F, 0x00, 0x00, 0x00, 0x00, 0x00, 0x20, 0x01, 0xF2, 0x0D, 0x00,
    0x00, 0x00, 0x00, 0x00, 0x00, 0x00, 0xF7, 0x07, 0x00, 0x00, 0x00, 0x00, 0x00, 0x00, 0x00, 0xF9,
    0x03, 0x00, 0x00, 0x00, 0x00, 0x00, 0x00, 0x00, 0xFA, 0x02, 0x00, 0x00, 0x00, 0x00, 0x00, 0x00,
    0x00, 0xF9, 0x03, 0x00, 0x00, 0x00, 0x00, 0x00, 0x00, 0x00, 0xF7, 0x07, 0x00, 0x00, 0x00, 0x00,
    0x00, 0x00, 0x00, 0xF2, 0x0C, 0x00, 0x00, 0x00, 0x00, 0x00, 0x00, 0x00, 0xB0, 0x7F, 0x00, 0x00,
    0x00, 0x00, 0x00, 0x10, 0x00, 0x20, 0xFE, 0x07, 0x00, 0x00, 0x00, 0x00, 0xD3, 0x0B, 0x00, 0xE4,
    0xBF, 0x04, 0x00, 0x00, 0x82, 0xFF, 0x05, 0x00, 0x30, 0xFC, 0xEF, 0xAB, 0xDB, 0xFF, 0x3C, 0x00,
    0x00, 0x00, 0x50, 0xDA, 0xFF, 0xCE, 0x49, 0x00, 0x00, 0x00, 0x00, 0x00, 0x00, 0x79, 0x00, 0x00,
    0x00, 0x00, 0x00, 0x00, 0x00, 0x00, 0xEA, 0x0D, 0x00, 0x00, 0x00, 0x00, 0x00, 0x00, 0x11, 0x70,
    0x1F, 0x00, 0x00, 0x00, 0x00, 0x00, 0x00, 0xD5, 0xDE, 0x05, 0x00, 0x00, 0x00,
    // Unicode: [0x00C8]
    0x00, 0xF9, 0x0C, 0x00, 0x00, 0x00, 0x90, 0x8F, 0x00, 0x00, 0x00, 0x00, 0xF9, 0x04, 0x00, 0x00,
    0x00, 0x60, 0x06, 0x00, 0x00, 0x00, 0x00, 0x00, 0x00, 0xFD, 0xFF, 0xFF, 0xFF, 0xFF, 0xED, 0xAA,
    0xAA, 0xAA, 0xAA, 0xDD, 0x00, 0x00, 0x00, 0x00, 0xDD, 0x00, 0x00, 0x00, 0x00, 0xDD, 0x00, 0x00,
    0x00, 0x00, 0xDD, 0x00, 0x00, 0x00, 0x00, 0xDD, 0x00, 0x00, 0x00, 0x00, 0xFD, 0xFF, 0xFF, 0xFF,
    0xEF, 0xED, 0xAA, 0xAA, 0xAA, 0x9A, 0xDD, 0x00, 0x00, 0x00, 0x00, 0xDD, 0x00, 0x00, 0x00, 0x00,
    0xDD, 0x00, 0x00, 0x00, 0x00, 0xDD, 0x00, 0x00, 0x00, 0x00, 0xDD, 0x00, 0x00, 0x00, 0x00, 0xDD,
    0x00, 0x00, 0x00, 0x00, 0xED, 0xAA, 0xAA, 0xAA, 0xAA, 0xFD, 0xFF, 0xFF, 0xFF, 0xEF,
    // Unicode: [0x00C9]
    0x00, 0x00, 0x60, 0xDF, 0x02, 0x00, 0x00, 0xF3, 0x2D, 0x00, 0x00, 0x10, 0xDD, 0x02, 0x00, 0x00,
    0x30, 0x28, 0x00, 0x00, 0x00, 0x00, 0x00, 0x00, 0x00, 0xFD, 0xFF, 0xFF, 0xFF, 0xFF, 0xED, 0xAA,
    0xAA, 0xAA, 0xAA, 0xDD, 0x00, 0x00, 0x00, 0x00, 0xDD, 0x00, 0x00, 0x00, 0x00, 0xDD, 0x00, 0x00,
    0x00, 0x00, 0xDD, 0x00, 0x00, 0x00, 0x00, 0xDD, 0x00, 0x00, 0x00, 0x00, 0xFD, 0xFF, 0xFF, 0xFF,
    0xEF, 0xED, 0xAA, 0xAA, 0xAA, 0x9A, 0xDD, 0x00, 0x00, 0x00, 0x00, 0xDD, 0x00, 0x00, 0x00, 0x00,
    0xDD, 0x00, 0x00, 0x00, 0x00, 0xDD, 0x00, 0x00, 0x00, 0x00, 0xDD, 0x00, 0x00, 0x00, 0x00, 0xDD,
    0x00, 0x00, 0x00, 0x00, 0xED, 0xAA, 0xAA, 0xAA, 0xAA, 0xFD, 0xFF, 0xFF, 0xFF, 0xEF,
    // Unicode: [0x00CA]
    0x00, 0x00, 0x77, 0x02, 0x00, 0x00, 0xB1, 0xEF, 0x3E, 0x00, 0x20, 0xED, 0x15, 0xEC, 0x05, 0x60,
    0x38, 0x00, 0x71, 0x17, 0x00, 0x00, 0x00, 0x00, 0x00, 0xFD, 0xFF, 0xFF, 0xFF, 0xFF, 0xED, 0xAA,
    0xAA, 0xAA, 0xAA, 0xDD, 0x00, 0x00, 0x00, 0x00, 0xDD, 0x00, 0x00, 0x00, 0x00, 0xDD, 0x00, 0x00,
    0x00, 0x00, 0xDD, 0x00, 0x00, 0x00, 0x00, 0xDD, 0x00, 0x00, 0x00, 0x00, 0xFD, 0xFF, 0xFF, 0xFF,
    0xEF, 0xED, 0xAA, 0xAA, 0xAA, 0x9A, 0xDD, 0x00, 0x00, 0x00, 0x00, 0xDD, 0x00, 0x00, 0x00, 0x00,
    0xDD, 0x00, 0x00, 0x00, 0x00, 0xDD, 0x00, 0x00, 0x00, 0x00, 0xDD, 0x00, 0x00, 0x00, 0x00, 0xDD,
    0x00, 0x00, 0x00, 0x00, 0xED, 0xAA, 0xAA, 0xAA, 0xAA, 0xFD, 0xFF, 0xFF, 0xFF, 0xEF,
    // Unicode: [0x00CB]
    0x40, 0xAE, 0x00, 0xE7, 0x07, 0x80, 0xFF, 0x01, 0xFB, 0x0D, 0x20, 0x6A, 0x00, 0xA4, 0x04, 0x00,
    0x00, 0x00, 0x00, 0x00, 0xFD, 0xFF, 0xFF, 0xFF, 0xFF, 0xED, 0xAA, 0xAA, 0xAA, 0xAA, 0xDD, 0x00,
    0x00, 0x00, 0x00, 0xDD, 0x00, 0x00, 0x00, 0x00, 0xDD, 0x00, 0x00, 0x00, 0x00, 0xDD, 0x00, 0x00,
    0x00, 0x00, 0xDD, 0x00, 0x00, 0x00, 0x00, 0xFD, 0xFF, 0xFF, 0xFF, 0xEF, 0xED, 0xAA, 0xAA, 0xAA,
    0x9A, 0xDD, 0x00, 0x00, 0x00, 0x00, 0xDD, 0x00, 0x00, 0x00, 0x00, 0xDD, 0x00, 0x00, 0x00, 0x00,
    0xDD, 0x00, 0x00, 0x00, 0x00, 0xDD, 0x00, 0x00, 0x00, 0x00, 0xDD, 0x00, 0x00, 0x00, 0x00, 0xED,
    0xAA, 0xAA, 0xAA, 0xAA, 0xFD, 0xFF, 0xFF, 0xFF, 0xEF,
    // Unicode: [0x00CC]
    0xD2, 0x5F, 0x00, 0x20, 0xED, 0x02, 0x00, 0xD2, 0x0C, 0x00, 0x20, 0x38, 0x00, 0x00, 0x00, 0x00,
    0xF2, 0x09, 0x00, 0xF2, 0x09, 0x00, 0xF2, 0x09, 0x00, 0xF2, 0x09, 0x00, 0xF2, 0x09, 0x00, 0xF2,
    0x09, 0x00, 0xF2, 0x09, 0x00, 0xF2, 0x09, 0x00, 0xF2, 0x09, 0x00, 0xF2, 0x09, 0x00, 0xF2, 0x09,
    0x00, 0xF2, 0x09, 0x00, 0xF2, 0x09, 0x00, 0xF2, 0x09, 0x00, 0xF2, 0x09, 0x00, 0xF2, 0x09, 0x00,
    0xF2, 0x09,
    // Unicode: [0x00CD]
    0x10, 0xFC, 0x08, 0x90, 0x8F, 0x00, 0xF5, 0x08, 0x00, 0x66, 0x00, 0x00, 0x00, 0x00, 0x00, 0xF2,
    0x09, 0x00, 0xF2, 0x09, 0x00, 0xF2, 0x09, 0x00, 0xF2, 0x09, 0x00, 0xF2, 0x09, 0x00, 0xF2, 0x09,
    0x00, 0xF2, 0x09, 0x00, 0xF2, 0x09, 0x00, 0xF2, 0x09, 0x00, 0xF2, 0x09, 0x00, 0xF2, 0x09, 0x00,
    0xF2, 0x09, 0x00, 0xF2, 0x09, 0x00, 0xF2, 0x09, 0x00, 0xF2, 0x09, 0x00, 0xF2, 0x09, 0x00, 0xF2,
    0x09, 0x00,
    // Unicode: [0x00CE]
    0x00, 0x30, 0x68, 0x00, 0x00, 0x00, 0xE4, 0xFE, 0x0A, 0x00, 0x60, 0xBF, 0x51, 0xBF, 0x01, 0x72,
    0x07, 0x00, 0x83, 0x05, 0x00, 0x00, 0x00, 0x00, 0x00, 0x00, 0x20, 0x9F, 0x00, 0x00, 0x00, 0x20,
    0x9F, 0x00, 0x00, 0x00, 0x20, 0x9F, 0x00, 0x00, 0x00, 0x20, 0x9F, 0x00, 0x00, 0x00, 0x20, 0x9F,
    0x00, 0x00, 0x00, 0x20, 0x9F, 0x00, 0x00, 0x00, 0x20, 0x9F, 0x00, 0x00, 0x00, 0x20, 0x9F, 0x00,
    0x00, 0x00, 0x20, 0x9F, 0x00, 0x00, 0x00, 0x20, 0x9F, 0x00, 0x00, 0x00, 0x20, 0x9F, 0x00, 0x00,
    0x00, 0x20, 0x9F, 0x00, 0x00, 0x00, 0x20, 0x9F, 0x00, 0x00, 0x00, 0x20, 0x9F, 0x00, 0x00, 0x00,
    0x20, 0x9F, 0x00, 0x00, 0x00, 0x20, 0x9F, 0x00, 0x00, 0x00, 0x20, 0x9F, 0x00, 0x00,
    // Unicode: [0x00CF]
    0xE9, 0x05, 0xC1, 0x2D, 0xFF, 0x09, 0xF3, 0x6F, 0xA5, 0x02, 0x80, 0x19, 0x00, 0x00, 0x00, 0x00,
    0x00, 0xF2, 0x09, 0x00, 0x00, 0xF2, 0x09, 0x00, 0x00, 0xF2, 0x09, 0x00, 0x00, 0xF2, 0x09, 0x00,
    0x00, 0xF2, 0x09, 0x00, 0x00, 0xF2, 0x09, 0x00, 0x00, 0xF2, 0x09, 0x00, 0x00, 0xF2, 0x09, 0x00,
    0x00, 0xF2, 0x09, 0x00, 0x00, 0xF2, 0x09, 0x00, 0x00, 0xF2, 0x09, 0x00, 0x00, 0xF2, 0x09, 0x00,
    0x00, 0xF2, 0x09, 0x00, 0x00, 0xF2, 0x09, 0x00, 0x00, 0xF2, 0x09, 0x00, 0x00, 0xF2, 0x09, 0x00,
    0x00, 0xF2, 0x09, 0x00,
    // Unicode: [0x00D0]
    0x00, 0xF8, 0xFF, 0xFF, 0xDE, 0x9C, 0x05, 0x00, 0x00, 0x00, 0xF8, 0xAB, 0xAA, 0xCB, 0xFE, 0xDF,
    0x04, 0x00, 0x00, 0xF8, 0x02, 0x00, 0x00, 0x30, 0xF9, 0x6F, 0x00, 0x00, 0xF8, 0x02, 0x00, 0x00,
    0x00, 0x40, 0xFE, 0x03, 0x00, 0xF8, 0x02, 0x00, 0x00, 0x00, 0x00, 0xF5, 0x0B, 0x00, 0xF8, 0x02,
    0x00, 0x00, 0x00, 0x00, 0xB0, 0x3F, 0x00, 0xF8, 0x02, 0x00, 0x00, 0x00, 0x00, 0x50, 0x7F, 0x95,
    0xFC, 0x9A, 0x99, 0x06, 0x00, 0x00, 0x20, 0x9F, 0xF9, 0xFF, 0xFF, 0xFF, 0x0A, 0x00, 0x00, 0x10,
    0xAF, 0x00, 0xF8, 0x02, 0x00, 0x00, 0x00, 0x00, 0x10, 0xAF, 0x00, 0xF8, 0x02, 0x00, 0x00, 0x00,
    0x00, 0x30, 0x8F, 0x00, 0xF8, 0x02, 0x00, 0x00, 0x00, 0x00, 0x80, 0x4F, 0x00, 0xF8, 0x02, 0x00,
    0x00, 0x00, 0x00, 0xE1, 0x0E, 0x00, 0xF8, 0x02, 0x00, 0x00, 0x00, 0x10, 0xFB, 0x05, 0x00, 0xF8,
    0x02, 0x00, 0x00, 0x00, 0xD5, 0x9F, 0x00, 0x00, 0xF8, 0x9A, 0xA9, 0xBA, 0xEC, 0xFF, 0x08, 0x00,
    0x00, 0xF8, 0xFF, 0xFF, 0xFF, 0xCE, 0x28, 0x00, 0x00,
    // Unicode: [0x00D1]
    0x00, 0x80, 0xEE, 0x4A, 0x41, 0x05, 0x00, 0x00, 0xF3, 0x9B, 0xFE, 0xFF, 0x0D, 0x00, 0x00, 0x20,
    0x00, 0x50, 0x58, 0x01, 0x00, 0x00, 0x00, 0x00, 0x00, 0x00, 0x00, 0x00, 0x1B, 0x00, 0x00, 0x00,
    0x00, 0x10, 0xAF, 0xCD, 0x01, 0x00, 0x00, 0x00, 0x10, 0xAF, 0xFD, 0x0A, 0x00, 0x00, 0x00, 0x10,
    0xAF, 0xFD, 0x9F, 0x00, 0x00, 0x00, 0x10, 0xAF, 0xED, 0xFB, 0x07, 0x00, 0x00, 0x10, 0xAF, 0xDD,
    0xD1, 0x5F, 0x00, 0x00, 0x10, 0xAF, 0xDD, 0x20, 0xFE, 0x04, 0x00, 0x10, 0xAF, 0xDD, 0x00, 0xE3,
    0x2E, 0x00, 0x10, 0xAF, 0xDD, 0x00, 0x40, 0xDF, 0x01, 0x10, 0xAF, 0xDD, 0x00, 0x00, 0xF6, 0x1C,
    0x10, 0xAF, 0xDD, 0x00, 0x00, 0x70, 0xBF, 0x10, 0xAF, 0xDD, 0x00, 0x00, 0x00, 0xF9, 0x19, 0xAF,
    0xDD, 0x00, 0x00, 0x00, 0xB0, 0x8F, 0xAF, 0xDD, 0x00, 0x00, 0x00, 0x10, 0xFC, 0xAF, 0xDD, 0x00,
    0x00, 0x00, 0x00, 0xD1, 0xAF, 0xDD, 0x00, 0x00, 0x00, 0x00, 0x20, 0xAE, 0xDD, 0x00, 0x00, 0x00,
    0x00, 0x00, 0x93,
    // Unicode: [0x00D2]
    0x00, 0x00, 0x00, 0x84, 0x07, 0x00, 0x00, 0x00, 0x00, 0x00, 0x00, 0x00, 0x00, 0xB1, 0x7F, 0x00,
    0x00, 0x00, 0x00, 0x00, 0x00, 0x00, 0x00, 0x10, 0xFC, 0x03, 0x00, 0x00, 0x00, 0x00, 0x00, 0x00,
    0x00, 0x00, 0xC1, 0x1D, 0x00, 0x00, 0x00, 0x00, 0x00, 0x00, 0x00, 0x00, 0x00, 0x00, 0x00, 0x00,
    0x00, 0x00, 0x00, 0x00, 0x00, 0x00, 0x00, 0x00, 0x00, 0x00, 0x00, 0x00, 0x00, 0x00, 0x30, 0xC9,
    0xFE, 0xBE, 0x27, 0x00, 0x00, 0x00, 0x00, 0x10, 0xFA, 0xEF, 0xAB, 0xEC, 0xFF, 0x08, 0x00, 0x00,
    0x00, 0xD2, 0xBF, 0x04, 0x00, 0x00, 0xC5, 0xCF, 0x01, 0x00, 0x10, 0xFC, 0x07, 0x00, 0x00, 0x00,
    0x00, 0xF9, 0x0B, 0x00, 0x90, 0x8F, 0x00, 0x00, 0x00, 0x00, 0x00, 0xA0, 0x7F, 0x00, 0xF1, 0x0D,
    0x00, 0x00, 0x00, 0x00, 0x00, 0x10, 0xEE, 0x00, 0xF6, 0x07, 0x00, 0x00, 0x00, 0x00, 0x00, 0x00,
    0xF9, 0x04, 0xF9, 0x04, 0x00, 0x00, 0x00, 0x00, 0x00, 0x00, 0xF6, 0x07, 0xFA, 0x02, 0x00, 0x00,
    0x00, 0x00, 0x00, 0x00, 0xF5, 0x07, 0xF9, 0x03, 0x00, 0x00, 0x00, 0x00, 0x00, 0x00, 0xF6, 0x07,
    0xF6, 0x07, 0x00, 0x00, 0x00, 0x00, 0x00, 0x00, 0xF9, 0x04, 0xF2, 0x0D, 0x00, 0x00, 0x00, 0x00,
    0x00, 0x10, 0xEE, 0x00, 0xA0, 0x7F, 0x00, 0x00, 0x00, 0x00, 0x00, 0x90, 0x7F, 0x00, 0x10, 0xFD,
    0x07, 0x00, 0x00, 0x00, 0x00, 0xF8, 0x0B, 0x00, 0x00, 0xE3, 0xBF, 0x03, 0x00, 0x00, 0xC4, 0xCF,
    0x01, 0x00, 0x00, 0x10, 0xFA, 0xDF, 0xAB, 0xEB, 0xFF, 0x08, 0x00, 0x00, 0x00, 0x00, 0x30, 0xC9,
    0xFE, 0xCE, 0x28, 0x00, 0x00, 0x00,
    // Unicode: [0x00D3]
    0x00, 0x00, 0x00, 0x00, 0x00, 0x87, 0x04, 0x00, 0x00, 0x00, 0x00, 0x00, 0x00, 0x00, 0x80, 0xBF,
    0x00, 0x00, 0x00, 0x00, 0x00, 0x00, 0x00, 0x00, 0xF4, 0x1B, 0x00, 0x00, 0x00, 0x00, 0x00, 0x00,
    0x00, 0x10, 0xBD, 0x01, 0x00, 0x00, 0x00, 0x00, 0x00, 0x00, 0x00, 0x00, 0x00, 0x00, 0x00, 0x00,
    0x00, 0x00, 0x00, 0x00, 0x00, 0x00, 0x00, 0x00, 0x00, 0x00, 0x00, 0x00, 0x00, 0x00, 0x30, 0xC8,
    0xFE, 0xBE, 0x27, 0x00, 0x00, 0x00, 0x00, 0x10, 0xF9, 0xEF, 0xAB, 0xEC, 0xFF, 0x08, 0x00, 0x00,
    0x00, 0xD2, 0xBF, 0x04, 0x00, 0x00, 0xC5, 0xCF, 0x01, 0x00, 0x10, 0xFC, 0x08, 0x00, 0x00, 0x00,
    0x00, 0xF9, 0x0B, 0x00, 0x90, 0x8F, 0x00, 0x00, 0x00, 0x00, 0x00, 0xA0, 0x7F, 0x00, 0xF1, 0x0D,
    0x00, 0x00, 0x00, 0x00, 0x00, 0x10, 0xEE, 0x00, 0xF6, 0x07, 0x00, 0x00, 0x00, 0x00, 0x00, 0x00,
    0xF9, 0x04, 0xF9, 0x04, 0x00, 0x00, 0x00, 0x00, 0x00, 0x00, 0xF6, 0x07, 0xFA, 0x02, 0x00, 0x00,
    0x00, 0x00, 0x00, 0x00, 0xF5, 0x07, 0xF9, 0x03, 0x00, 0x00, 0x00, 0x00, 0x00, 0x00, 0xF6, 0x07,
    0xF6, 0x07, 0x00, 0x00, 0x00, 0x00, 0x00, 0x00, 0xF9, 0x04, 0xF2, 0x0D, 0x00, 0x00, 0x00, 0x00,
    0x00, 0x10, 0xEE, 0x00, 0x90, 0x7F, 0x00, 0x00, 0x00, 0x00, 0x00, 0x90, 0x7F, 0x00, 0x10, 0xFD,
    0x07, 0x00, 0x00, 0x00, 0x00, 0xF8, 0x0B, 0x00, 0x00, 0xD2, 0xBF, 0x03, 0x00, 0x00, 0xC4, 0xCF,
    0x01, 0x00, 0x00, 0x10, 0xFA, 0xDF, 0xAB, 0xEB, 0xFF, 0x08, 0x00, 0x00, 0x00, 0x00, 0x30, 0xC8,
    0xFE, 0xCE, 0x28, 0x00, 0x00, 0x00,
    // Unicode: [0x00D4]
    0x00, 0x00, 0x00, 0x20, 0xFC, 0x1C, 0x00, 0x00, 0x00, 0x00, 0x00, 0x00, 0x00, 0xE3, 0x6E, 0xDE,
    0x02, 0x00, 0x00, 0x00, 0x00, 0x00, 0x40, 0xCE, 0x02, 0xD2, 0x3E, 0x00, 0x00, 0x00, 0x00, 0x00,
    0x00, 0x00, 0x00, 0x00, 0x00, 0x00, 0x00, 0x00, 0x00, 0x00, 0x00, 0x00, 0x00, 0x00, 0x00, 0x00,
    0x00, 0x00, 0x00, 0x00, 0x30, 0xC9, 0xFE, 0xBE, 0x27, 0x00, 0x00, 0x00, 0x00, 0x10, 0xFA, 0xEF,
    0xAB, 0xEC, 0xFF, 0x08, 0x00, 0x00, 0x00, 0xD2, 0xBF, 0x04, 0x00, 0x00, 0xC5, 0xCF, 0x01, 0x00,
    0x10, 0xFC, 0x07, 0x00, 0x00, 0x00, 0x00, 0xF9, 0x0B, 0x00, 0x90, 0x8F, 0x00, 0x00, 0x00, 0x00,
    0x00, 0xA0, 0x7F, 0x00, 0xF1, 0x0D, 0x00, 0x00, 0x00, 0x00, 0x00, 0x10, 0xEE, 0x00, 0xF6, 0x07,
    0x00, 0x00, 0x00, 0x00, 0x00, 0x00, 0xF9, 0x04, 0xF9, 0x04, 0x00, 0x00, 0x00, 0x00, 0x00, 0x00,
    0xF6, 0x07, 0xFA, 0x02, 0x00, 0x00, 0x00, 0x00, 0x00, 0x00, 0xF5, 0x07, 0xF9, 0x03, 0x00, 0x00,
    0x00, 0x00, 0x00, 0x00, 0xF6, 0x07, 0xF6, 0x07, 0x00, 0x00, 0x00, 0x00, 0x00, 0x00, 0xF9, 0x04,
    0xF2, 0x0D, 0x00, 0x00, 0x00, 0x00, 0x00, 0x10, 0xEE, 0x00, 0xA0, 0x7F, 0x00, 0x00, 0x00, 0x00,
    0x00, 0x90, 0x7F, 0x00, 0x10, 0xFD, 0x07, 0x00, 0x00, 0x00, 0x00, 0xF8, 0x0B, 0x00, 0x00, 0xE3,
    0xBF, 0x03, 0x00, 0x00, 0xC4, 0xCF, 0x01, 0x00, 0x00, 0x10, 0xFA, 0xDF, 0xAB, 0xEB, 0xFF, 0x08,
    0x00, 0x00, 0x00, 0x00, 0x30, 0xC9, 0xFE, 0xCE, 0x28, 0x00, 0x00, 0x00,
    // Unicode: [0x00D5]
    0x00, 0x00, 0x00, 0x74, 0x16, 0x00, 0x00, 0x00, 0x00, 0x00, 0x00, 0x00, 0x80, 0xFF, 0xFF, 0x9A,
    0x6E, 0x00, 0x00, 0x00, 0x00, 0x00, 0x40, 0x17, 0x93, 0xEE, 0x2A, 0x00, 0x00, 0x00, 0x00, 0x00,
    0x00, 0x00, 0x00, 0x00, 0x00, 0x00, 0x00, 0x00, 0x00, 0x00, 0x00, 0x00, 0x00, 0x00, 0x00, 0x00,
    0x00, 0x00, 0x00, 0x00, 0x30, 0xC8, 0xFE, 0xBE, 0x27, 0x00, 0x00, 0x00, 0x00, 0x10, 0xF9, 0xEF,
    0xAB, 0xEC, 0xFF, 0x08, 0x00, 0x00, 0x00, 0xD2, 0xBF, 0x03, 0x00, 0x00, 0xD5, 0xCF, 0x01, 0x00,
    0x10, 0xFC, 0x07, 0x00, 0x00, 0x00, 0x00, 0xFA, 0x0B, 0x00, 0x90, 0x8F, 0x00, 0x00, 0x00, 0x00,
    0x00, 0xA0, 0x7F, 0x00, 0xF1, 0x0D, 0x00, 0x00, 0x00, 0x00, 0x00, 0x10, 0xEE, 0x00, 0xF6, 0x07,
    0x00, 0x00, 0x00, 0x00, 0x00, 0x00, 0xF9, 0x04, 0xF9, 0x04, 0x00, 0x00, 0x00, 0x00, 0x00, 0x00,
    0xF6, 0x07, 0xFA, 0x02, 0x00, 0x00, 0x00, 0x00, 0x00, 0x00, 0xF5, 0x07, 0xF9, 0x03, 0x00, 0x00,
    0x00, 0x00, 0x00, 0x00, 0xF6, 0x07, 0xF6, 0x07, 0x00, 0x00, 0x00, 0x00, 0x00, 0x00, 0xF9, 0x04,
    0xF2, 0x0D, 0x00, 0x00, 0x00, 0x00, 0x00, 0x10, 0xEE, 0x00, 0x90, 0x8F, 0x00, 0x00, 0x00, 0x00,
    0x00, 0x90, 0x7F, 0x00, 0x10, 0xFD, 0x07, 0x00, 0x00, 0x00, 0x00, 0xF8, 0x0B, 0x00, 0x00, 0xD2,
    0xBF, 0x03, 0x00, 0x00, 0xC4, 0xCF, 0x01, 0x00, 0x00, 0x10, 0xF9, 0xEF, 0xAB, 0xEB, 0xFF, 0x08,
    0x00, 0x00, 0x00, 0x00, 0x30, 0xC8, 0xFE, 0xCE, 0x28, 0x00, 0x00, 0x00,
    // Unicode: [0x00D6]
    0x00, 0x00, 0x00, 0x98, 0x01, 0x91, 0x07, 0x00, 0x00, 0x00, 0x00, 0x00, 0x40, 0xFF, 0x05, 0xF7,
    0x2F, 0x00, 0x00, 0x00, 0x00, 0x00, 0x10, 0xDD, 0x02, 0xE3, 0x0B, 0x00, 0x00, 0x00, 0x00, 0x00,
    0x00, 0x00, 0x00, 0x00, 0x00, 0x00, 0x00, 0x00, 0x00, 0x00, 0x00, 0x00, 0x00, 0x00, 0x00, 0x00,
    0x00, 0x00, 0x00, 0x00, 0x30, 0xC8, 0xFE, 0xBE, 0x27, 0x00, 0x00, 0x00, 0x00, 0x10, 0xF9, 0xEF,
    0xAB, 0xEC, 0xFF, 0x08, 0x00, 0x00, 0x00, 0xD2, 0xBF, 0x04, 0x00, 0x00, 0xD5, 0xCF, 0x01, 0x00,
    0x10, 0xFC, 0x08, 0x00, 0x00, 0x00, 0x00, 0xF9, 0x0B, 0x00, 0x90, 0x8F, 0x00, 0x00, 0x00, 0x00,
    0x00, 0xA0, 0x7F, 0x00, 0xF1, 0x0D, 0x00, 0x00, 0x00, 0x00, 0x00, 0x10, 0xEE, 0x00, 0xF6, 0x07,
    0x00, 0x00, 0x00, 0x00, 0x00, 0x00, 0xF9, 0x04, 0xF9, 0x04, 0x00, 0x00, 0x00, 0x00, 0x00, 0x00,
    0xF6, 0x07, 0xFA, 0x02, 0x00, 0x00, 0x00, 0x00, 0x00, 0x00, 0xF5, 0x07, 0xF9, 0x03, 0x00, 0x00,
    0x00, 0x00, 0x00, 0x00, 0xF6, 0x07, 0xF6, 0x07, 0x00, 0x00, 0x00, 0x00, 0x00, 0x00, 0xF9, 0x04,
    0xF2, 0x0D, 0x00, 0x00, 0x00, 0x00, 0x00, 0x10, 0xEE, 0x00, 0x90, 0x7F, 0x00, 0x00, 0x00, 0x00,
    0x00, 0xA0, 0x7F, 0x00, 0x10, 0xFD, 0x07, 0x00, 0x00, 0x00, 0x00, 0xF8, 0x0B, 0x00, 0x00, 0xD2,
    0xBF, 0x03, 0x00, 0x00, 0xC4, 0xCF, 0x01, 0x00, 0x00, 0x10, 0xFA, 0xDF, 0xAB, 0xEB, 0xFF, 0x08,
    0x00, 0x00, 0x00, 0x00, 0x30, 0xC8, 0xFE, 0xCE, 0x28, 0x00, 0x00, 0x00,
    // Unicode: [0x00D7]
    0xB1, 0x05, 0x00, 0x00, 0x00, 0x00, 0x50, 0x1B, 0xB1, 0x5F, 0x00, 0x00, 0x00, 0x00, 0xF5, 0x1C,
    0x10, 0xFB, 0x05, 0x00, 0x00, 0x50, 0xCF, 0x01, 0x00, 0xB1, 0x5F, 0x00, 0x00, 0xF5, 0x1B, 0x00,
    0x00, 0x10, 0xFB, 0x05, 0x50, 0xBF, 0x01, 0x00, 0x00, 0x00, 0xB1, 0x5F, 0xF5, 0x1B, 0x00, 0x00,
    0x00, 0x00, 0x10, 0xFB, 0xBF, 0x01, 0x00, 0x00, 0x00, 0x00, 0x00, 0xF6, 0x6F, 0x00, 0x00, 0x00,
    0x00, 0x00, 0x50, 0xBF, 0xFB, 0x05, 0x00, 0x00, 0x00, 0x00, 0xF6, 0x1B, 0xB1, 0x6F, 0x00, 0x00,
    0x00, 0x60, 0xBF, 0x01, 0x10, 0xFB, 0x06, 0x00, 0x00, 0xF6, 0x1B, 0x00, 0x00, 0xB1, 0x6F, 0x00,
    0x60, 0xBF, 0x01, 0x00, 0x00, 0x00, 0xFB, 0x06, 0xE1, 0x1B, 0x00, 0x00, 0x00, 0x00, 0xB0, 0x1E,
    0x30, 0x01, 0x00, 0x00, 0x00, 0x00, 0x00, 0x03,
    // Unicode: [0x00D8]
    0x00, 0x00, 0x00, 0x00, 0x00, 0x00, 0x00, 0x00, 0x01, 0x00, 0x00, 0x00, 0x30, 0xC8, 0xFE, 0xBE,
    0x17, 0x20, 0x7E, 0x00, 0x00, 0x10, 0xF9, 0xEF, 0xAB, 0xEC, 0xFF, 0xD8, 0x2E, 0x00, 0x00, 0xD2,
    0xCF, 0x04, 0x00, 0x00, 0xD5, 0xFF, 0x04, 0x00, 0x10, 0xFC, 0x09, 0x00, 0x00, 0x00, 0xB0, 0xDA,
    0x0B, 0x00, 0x90, 0xAF, 0x00, 0x00, 0x00, 0x00, 0xC9, 0x30, 0x7F, 0x00, 0xF1, 0x1E, 0x00, 0x00,
    0x00, 0x70, 0x1D, 0x00, 0xEB, 0x00, 0xF6, 0x08, 0x00, 0x00, 0x00, 0xE5, 0x02, 0x00, 0xF7, 0x03,
    0xF9, 0x04, 0x00, 0x00, 0x30, 0x4E, 0x00, 0x00, 0xF5, 0x06, 0xFA, 0x03, 0x00, 0x00, 0xE2, 0x06,
    0x00, 0x00, 0xF5, 0x07, 0xF8, 0x03, 0x00, 0x10, 0x8C, 0x00, 0x00, 0x00, 0xF6, 0x06, 0xF6, 0x04,
    0x00, 0xB0, 0x0A, 0x00, 0x00, 0x00, 0xFA, 0x03, 0xF1, 0x09, 0x00, 0xC9, 0x01, 0x00, 0x00, 0x20,
    0xDF, 0x00, 0x90, 0x1E, 0x70, 0x1D, 0x00, 0x00, 0x00, 0xB0, 0x6F, 0x00, 0x10, 0xBC, 0xE5, 0x03,
    0x00, 0x00, 0x00, 0xFA, 0x0B, 0x00, 0x00, 0xF2, 0xCF, 0x03, 0x00, 0x00, 0xC5, 0xCF, 0x01, 0x00,
    0x00, 0xFB, 0xFB, 0xDF, 0xAB, 0xEB, 0xFF, 0x08, 0x00, 0x00, 0x90, 0x7F, 0x20, 0xC8, 0xFE, 0xCE,
    0x28, 0x00, 0x00, 0x00, 0x20, 0x07, 0x00, 0x00, 0x00, 0x00, 0x00, 0x00, 0x00, 0x00,
    // Unicode: [0x00D9]
    0x00, 0x71, 0x38, 0x00, 0x00, 0x00, 0x00, 0x60, 0xDF, 0x01, 0x00, 0x00, 0x00, 0x00, 0xF6, 0x09,
    0x00, 0x00, 0x00, 0x00, 0x60, 0x5F, 0x00, 0x00, 0x00, 0x00, 0x00, 0x00, 0x00, 0x00, 0x00, 0x00,
    0x00, 0x00, 0x00, 0x00, 0xDD, 0x00, 0x00, 0x00, 0x20, 0x8F, 0xDD, 0x00, 0x00, 0x00, 0x20, 0x8F,
    0xDD, 0x00, 0x00, 0x00, 0x20, 0x8F, 0xDD, 0x00, 0x00, 0x00, 0x20, 0x8F, 0xDD, 0x00, 0x00, 0x00,
    0x20, 0x8F, 0xDD, 0x00, 0x00, 0x00, 0x20, 0x8F, 0xDD, 0x00, 0x00, 0x00, 0x20, 0x8F, 0xDD, 0x00,
    0x00, 0x00, 0x20, 0x8F, 0xDD, 0x00, 0x00, 0x00, 0x20, 0x8F, 0xDD, 0x00, 0x00, 0x00, 0x20, 0x8F,
    0xDD, 0x00, 0x00, 0x00, 0x20, 0x8F, 0xEC, 0x00, 0x00, 0x00, 0x30, 0x7F, 0xFB, 0x01, 0x00, 0x00,
    0x50, 0x6F, 0xF8, 0x06, 0x00, 0x00, 0xB0, 0x2F, 0xE2, 0x5E, 0x00, 0x00, 0xF9, 0x0A, 0x40, 0xFE,
    0xAD, 0xEA, 0xCF, 0x01, 0x00, 0x82, 0xED, 0xCE, 0x06, 0x00,
    // Unicode: [0x00DA]
    0x00, 0x00, 0x00, 0x84, 0x07, 0x00, 0x00, 0x00, 0x20, 0xEE, 0x04, 0x00, 0x00, 0x00, 0xC0, 0x4E,
    0x00, 0x00, 0x00, 0x00, 0xE8, 0x04, 0x00, 0x00, 0x00, 0x00, 0x00, 0x00, 0x00, 0x00, 0x00, 0x00,
    0x00, 0x00, 0x00, 0x00, 0xDD, 0x00, 0x00, 0x00, 0x20, 0x8F, 0xDD, 0x00, 0x00, 0x00, 0x20, 0x8F,
    0xDD, 0x00, 0x00, 0x00, 0x20, 0x8F, 0xDD, 0x00, 0x00, 0x00, 0x20, 0x8F, 0xDD, 0x00, 0x00, 0x00,
    0x20, 0x8F, 0xDD, 0x00, 0x00, 0x00, 0x20, 0x8F, 0xDD, 0x00, 0x00, 0x00, 0x20, 0x8F, 0xDD, 0x00,
    0x00, 0x00, 0x20, 0x8F, 0xDD, 0x00, 0x00, 0x00, 0x20, 0x8F, 0xDD, 0x00, 0x00, 0x00, 0x20, 0x8F,
    0xDD, 0x00, 0x00, 0x00, 0x20, 0x8F, 0xEC, 0x00, 0x00, 0x00, 0x30, 0x7F, 0xFB, 0x01, 0x00, 0x00,
    0x50, 0x6F, 0xF8, 0x06, 0x00, 0x00, 0xB0, 0x2F, 0xE2, 0x5E, 0x00, 0x00, 0xF9, 0x0A, 0x40, 0xFE,
    0xAD, 0xEA, 0xCF, 0x01, 0x00, 0x82, 0xED, 0xCE, 0x06, 0x00,
    // Unicode: [0x00DB]
    0x00, 0x00, 0xF8, 0x5E, 0x00, 0x00, 0x00, 0xA0, 0x9F, 0xFA, 0x06, 0x00, 0x10, 0xFB, 0x06, 0x80,
    0x8F, 0x00, 0x00, 0x00, 0x00, 0x00, 0x00, 0x00, 0x00, 0x00, 0x00, 0x00, 0x00, 0x00, 0xDD, 0x00,
    0x00, 0x00, 0x20, 0x8F, 0xDD, 0x00, 0x00, 0x00, 0x20, 0x8F, 0xDD, 0x00, 0x00, 0x00, 0x20, 0x8F,
    0xDD, 0x00, 0x00, 0x00, 0x20, 0x8F, 0xDD, 0x00, 0x00, 0x00, 0x20, 0x8F, 0xDD, 0x00, 0x00, 0x00,
    0x20, 0x8F, 0xDD, 0x00, 0x00, 0x00, 0x20, 0x8F, 0xDD, 0x00, 0x00, 0x00, 0x20, 0x8F, 0xDD, 0x00,
    0x00, 0x00, 0x20, 0x8F, 0xDD, 0x00, 0x00, 0x00, 0x20, 0x8F, 0xDD, 0x00, 0x00, 0x00, 0x20, 0x8F,
    0xEC, 0x00, 0x00, 0x00, 0x30, 0x7F, 0xFB, 0x01, 0x00, 0x00, 0x50, 0x6F, 0xF8, 0x06, 0x00, 0x00,
    0xB0, 0x2F, 0xE2, 0x5E, 0x00, 0x00, 0xF9, 0x0A, 0x40, 0xFE, 0xAD, 0xEA, 0xCF, 0x01, 0x00, 0x82,
    0xED, 0xCE, 0x06, 0x00,
    // Unicode: [0x00DC]
    0x00, 0xA4, 0x04, 0x60, 0x2A, 0x00, 0x00, 0xFD, 0x0C, 0xF1, 0x8F, 0x00, 0x00, 0xE7, 0x07, 0xA0,
    0x4E, 0x00, 0x00, 0x00, 0x00, 0x00, 0x00, 0x00, 0x00, 0x00, 0x00, 0x00, 0x00, 0x00, 0xDD, 0x00,
    0x00, 0x00, 0x20, 0x8F, 0xDD, 0x00, 0x00, 0x00, 0x20, 0x8F, 0xDD, 0x00, 0x00, 0x00, 0x20, 0x8F,
    0xDD, 0x00, 0x00, 0x00, 0x20, 0x8F, 0xDD, 0x00, 0x00, 0x00, 0x20, 0x8F, 0xDD, 0x00, 0x00, 0x00,
    0x20, 0x8F, 0xDD, 0x00, 0x00, 0x00, 0x20, 0x8F, 0xDD, 0x00, 0x00, 0x00, 0x20, 0x8F, 0xDD, 0x00,
    0x00, 0x00, 0x20, 0x8F, 0xDD, 0x00, 0x00, 0x00, 0x20, 0x8F, 0xDD, 0x00, 0x00, 0x00, 0x20, 0x8F,
    0xEC, 0x00, 0x00, 0x00, 0x30, 0x7F, 0xFB, 0x01, 0x00, 0x00, 0x50, 0x6F, 0xF8, 0x06, 0x00, 0x00,
    0xB0, 0x2F, 0xE2, 0x5E, 0x00, 0x00, 0xF9, 0x0A, 0x40, 0xFE, 0xAD, 0xEA, 0xCF, 0x01, 0x00, 0x82,
    0xED, 0xCE, 0x06, 0x00,
    // Unicode: [0x00DD]
    0x00, 0x00, 0x00, 0x70, 0xDF, 0x01, 0x00, 0x00, 0x00, 0x00, 0xF3, 0x1D, 0x00, 0x00, 0x00, 0x00,
    0x10, 0xDD, 0x01, 0x00, 0x00, 0x00, 0x00, 0x30, 0x17, 0x00, 0x00, 0x00, 0x00, 0x00, 0x00, 0x00,
    0x00, 0x00, 0x00, 0xD1, 0x2E, 0x00, 0x00, 0x00, 0xC0, 0x3F, 0x50, 0xAF, 0x00, 0x00, 0x00, 0xF7,
    0x08, 0x00, 0xFA, 0x04, 0x00, 0x20, 0xDE, 0x01, 0x00, 0xE2, 0x1D, 0x00, 0xA0, 0x5F, 0x00, 0x00,
    0x60, 0x8F, 0x00, 0xF5, 0x0A, 0x00, 0x00, 0x00, 0xFC, 0x13, 0xED, 0x02, 0x00, 0x00, 0x00, 0xF3,
    0x9C, 0x7F, 0x00, 0x00, 0x00, 0x00, 0x80, 0xFF, 0x0C, 0x00, 0x00, 0x00, 0x00, 0x10, 0xFD, 0x03,
    0x00, 0x00, 0x00, 0x00, 0x00, 0xFA, 0x00, 0x00, 0x00, 0x00, 0x00, 0x00, 0xFA, 0x00, 0x00, 0x00,
    0x00, 0x00, 0x00, 0xFA, 0x00, 0x00, 0x00, 0x00, 0x00, 0x00, 0xFA, 0x00, 0x00, 0x00, 0x00, 0x00,
    0x00, 0xFA, 0x00, 0x00, 0x00, 0x00, 0x00, 0x00, 0xFA, 0x00, 0x00, 0x00, 0x00, 0x00, 0x00, 0xFA,
    0x00, 0x00, 0x00, 0x00, 0x00, 0x00, 0xFA, 0x00, 0x00, 0x00,
    // Unicode: [0x00DE]
    0xCE, 0x00, 0x00, 0x00, 0x00, 0x00, 0xCE, 0x00, 0x00, 0x00, 0x00, 0x00, 0xCE, 0x00, 0x00, 0x00,
    0x00, 0x00, 0xCE, 0x00, 0x00, 0x00, 0x00, 0x00, 0xFE, 0xFF, 0xEF, 0xBE, 0x06, 0x00, 0xEE, 0xAA,
    0xAA, 0xFC, 0xAF, 0x00, 0xCE, 0x00, 0x00, 0x10, 0xFC, 0x06, 0xCE, 0x00, 0x00, 0x00, 0xF2, 0x0B,
    0xCE, 0x00, 0x00, 0x00, 0xF0, 0x0D, 0xCE, 0x00, 0x00, 0x00, 0xF2, 0x0B, 0xCE, 0x00, 0x00, 0x20,
    0xFC, 0x06, 0xEE, 0xAA, 0xAA, 0xFC, 0xAF, 0x00, 0xFE, 0xFF, 0xEF, 0x9C, 0x04, 0x00, 0xCE, 0x00,
    0x00, 0x00, 0x00, 0x00, 0xCE, 0x00, 0x00, 0x00, 0x00, 0x00, 0xCE, 0x00, 0x00, 0x00, 0x00, 0x00,
    0xCE, 0x00, 0x00, 0x00, 0x00, 0x00,
    // Unicode: [0x00DF]
    0x00, 0x70, 0xEC, 0xCE, 0x06, 0x00, 0x10, 0xFC, 0x9D, 0xEA, 0x9F, 0x00, 0x90, 0x9F, 0x00, 0x10,
    0xFC, 0x03, 0xD0, 0x0D, 0x00, 0x00, 0xF5, 0x06, 0xF1, 0x0A, 0x00, 0x00, 0xF7, 0x05, 0xF1, 0x08,
    0x00, 0x71, 0xBF, 0x00, 0xF2, 0x08, 0xE2, 0xDF, 0x07, 0x00, 0xF2, 0x08, 0xF3, 0xCF, 0x06, 0x00,
    0xF2, 0x08, 0x10, 0x83, 0xBF, 0x00, 0xF2, 0x08, 0x00, 0x00, 0xF5, 0x07, 0xF2, 0x08, 0x00, 0x00,
    0xC0, 0x0D, 0xF2, 0x08, 0x00, 0x00, 0x90, 0x1F, 0xF2, 0x08, 0x00, 0x00, 0xA0, 0x0F, 0xF2, 0x08,
    0x00, 0x00, 0xE1, 0x0D, 0xF2, 0x08, 0x00, 0x00, 0xFA, 0x06, 0xF2, 0x48, 0x9D, 0xD9, 0xAF, 0x00,
    0xF2, 0x38, 0xFE, 0xCF, 0x06, 0x00,
    // Unicode: [0x00E0]
    0x00, 0x00, 0xF8, 0x0C, 0x00, 0x00, 0x00, 0x00, 0x00, 0x80, 0x9F, 0x00, 0x00, 0x00, 0x00, 0x00,
    0x00, 0xF8, 0x05, 0x00, 0x00, 0x00, 0x00, 0x00, 0x60, 0x06, 0x00, 0x00, 0x00, 0x00, 0x00, 0x00,
    0x00, 0x00, 0x00, 0x00, 0x00, 0x00, 0x00, 0x00, 0x00, 0x00, 0x00, 0x20, 0xD8, 0xEE, 0x6B, 0x10,
    0x8F, 0x00, 0xE5, 0xCF, 0x99, 0xFC, 0x2B, 0x8F, 0x50, 0xDF, 0x03, 0x00, 0x40, 0xCD, 0x8F, 0xE1,
    0x2E, 0x00, 0x00, 0x00, 0xE2, 0x8F, 0xF6, 0x06, 0x00, 0x00, 0x00, 0x60, 0x8F, 0xFA, 0x01, 0x00,
    0x00, 0x00, 0x20, 0x8F, 0xEB, 0x00, 0x00, 0x00, 0x00, 0x00, 0x8F, 0xFA, 0x00, 0x00, 0x00, 0x00,
    0x10, 0x8F, 0xF6, 0x05, 0x00, 0x00, 0x00, 0x60, 0x8F, 0xE1, 0x1D, 0x00, 0x00, 0x00, 0xD1, 0x8F,
    0x50, 0xCF, 0x02, 0x00, 0x30, 0xDD, 0x8F, 0x00, 0xE5, 0xBF, 0x88, 0xFB, 0x2B, 0x8F, 0x00, 0x20,
    0xD8, 0xEE, 0x5B, 0x10, 0x8F,
    // Unicode: [0x00E1]
    0x00, 0x00, 0x00, 0x50, 0xDF, 0x02, 0x00, 0x00, 0x00, 0x00, 0xE2, 0x2D, 0x00, 0x00, 0x00, 0x00,
    0x00, 0xDC, 0x02, 0x00, 0x00, 0x00, 0x00, 0x30, 0x28, 0x00, 0x00, 0x00, 0x00, 0x00, 0x00, 0x00,
    0x00, 0x00, 0x00, 0x00, 0x00, 0x00, 0x00, 0x00, 0x00, 0x00, 0x00, 0x20, 0xD8, 0xEE, 0x6B, 0x10,
    0x8F, 0x00, 0xE5, 0xCF, 0x99, 0xFC, 0x2B, 0x8F, 0x50, 0xDF, 0x03, 0x00, 0x40, 0xCD, 0x8F, 0xE1,
    0x2E, 0x00, 0x00, 0x00, 0xE2, 0x8F, 0xF6, 0x06, 0x00, 0x00, 0x00, 0x60, 0x8F, 0xFA, 0x01, 0x00,
    0x00, 0x00, 0x20, 0x8F, 0xEB, 0x00, 0x00, 0x00, 0x00, 0x00, 0x8F, 0xFA, 0x00, 0x00, 0x00, 0x00,
    0x10, 0x8F, 0xF6, 0x05, 0x00, 0x00, 0x00, 0x60, 0x8F, 0xE1, 0x1D, 0x00, 0x00, 0x00, 0xD1, 0x8F,
    0x50, 0xCF, 0x02, 0x00, 0x30, 0xDD, 0x8F, 0x00, 0xE5, 0xBF, 0x88, 0xFB, 0x2B, 0x8F, 0x00, 0x20,
    0xD8, 0xEE, 0x5B, 0x10, 0x8F,
    // Unicode: [0x00E2]
    0x00, 0x00, 0x30, 0xFE, 0x09, 0x00, 0x00, 0x00, 0x00, 0xF5, 0x7C, 0xAF, 0x01, 0x00, 0x00, 0x70,
    0xBF, 0x01, 0xE5, 0x1C, 0x00, 0x00, 0x00, 0x00, 0x00, 0x00, 0x00, 0x00, 0x00, 0x00, 0x00, 0x00,
    0x00, 0x00, 0x00, 0x00, 0x20, 0xD8, 0xEE, 0x6B, 0x10, 0x8F, 0x00, 0xE5, 0xCF, 0x99, 0xFC, 0x2B,
    0x8F, 0x50, 0xDF, 0x03, 0x00, 0x40, 0xCD, 0x8F, 0xE1, 0x2E, 0x00, 0x00, 0x00, 0xE2, 0x8F, 0xF6,
    0x06, 0x00, 0x00, 0x00, 0x60, 0x8F, 0xFA, 0x01, 0x00, 0x00, 0x00, 0x20, 0x8F, 0xEB, 0x00, 0x00,
    0x00, 0x00, 0x00, 0x8F, 0xFA, 0x01, 0x00, 0x00, 0x00, 0x10, 0x8F, 0xF6, 0x05, 0x00, 0x00, 0x00,
    0x60, 0x8F, 0xE1, 0x1D, 0x00, 0x00, 0x00, 0xD1, 0x8F, 0x50, 0xCF, 0x02, 0x00, 0x30, 0xDD, 0x8F,
    0x00, 0xF5, 0xBF, 0x88, 0xFB, 0x2B, 0x8F, 0x00, 0x20, 0xD9, 0xEF, 0x5B, 0x10, 0x8F,
    // Unicode: [0x00E3]
    0x00, 0x00, 0x00, 0x00, 0x20, 0x06, 0x00, 0x00, 0x90, 0xFE, 0xFF, 0xFF, 0x2F, 0x00, 0x00, 0x40,
    0x88, 0x88, 0x78, 0x26, 0x00, 0x00, 0x00, 0x00, 0x00, 0x00, 0x00, 0x00, 0x00, 0x00, 0x00, 0x00,
    0x00, 0x00, 0x00, 0x00, 0x20, 0xD8, 0xEE, 0x6B, 0x10, 0x8F, 0x00, 0xE5, 0xCF, 0x99, 0xFC, 0x2B,
    0x8F, 0x50, 0xDF, 0x03, 0x00, 0x40, 0xCD, 0x8F, 0xE1, 0x2E, 0x00, 0x00, 0x00, 0xE2, 0x8F, 0xF6,
    0x06, 0x00, 0x00, 0x00, 0x60, 0x8F, 0xFA, 0x01, 0x00, 0x00, 0x00, 0x20, 0x8F, 0xEB, 0x00, 0x00,
    0x00, 0x00, 0x00, 0x8F, 0xFA, 0x01, 0x00, 0x00, 0x00, 0x10, 0x8F, 0xF6, 0x05, 0x00, 0x00, 0x00,
    0x60, 0x8F, 0xE1, 0x1D, 0x00, 0x00, 0x00, 0xD1, 0x8F, 0x50, 0xCF, 0x02, 0x00, 0x30, 0xDD, 0x8F,
    0x00, 0xF5, 0xBF, 0x88, 0xFB, 0x2B, 0x8F, 0x00, 0x20, 0xD9, 0xEF, 0x5B, 0x10, 0x8F,
    // Unicode: [0x00E4]
    0x00, 0x30, 0xBE, 0x00, 0xE6, 0x08, 0x00, 0x00, 0x70, 0xFF, 0x02, 0xFB, 0x0D, 0x00, 0x00, 0x10,
    0x79, 0x00, 0xA3, 0x04, 0x00, 0x00, 0x00, 0x00, 0x00, 0x00, 0x00, 0x00, 0x00, 0x20, 0xD8, 0xEE,
    0x6B, 0x10, 0x8F, 0x00, 0xE5, 0xCF, 0x99, 0xFC, 0x2B, 0x8F, 0x50, 0xDF, 0x03, 0x00, 0x40, 0xCD,
    0x8F, 0xE1, 0x2E, 0x00, 0x00, 0x00, 0xE2, 0x8F, 0xF6, 0x06, 0x00, 0x00, 0x00, 0x60, 0x8F, 0xFA,
    0x01, 0x00, 0x00, 0x00, 0x20, 0x8F, 0xEB, 0x00, 0x00, 0x00, 0x00, 0x00, 0x8F, 0xFA, 0x01, 0x00,
    0x00, 0x00, 0x10, 0x8F, 0xF6, 0x05, 0x00, 0x00, 0x00, 0x60, 0x8F, 0xE1, 0x1D, 0x00, 0x00, 0x00,
    0xD1, 0x8F, 0x50, 0xCF, 0x02, 0x00, 0x30, 0xDD, 0x8F, 0x00, 0xF5, 0xBF, 0x88, 0xFB, 0x2B, 0x8F,
    0x00, 0x20, 0xD9, 0xEF, 0x5B, 0x10, 0x8F,
    // Unicode: [0x00E5]
    0x00, 0x00, 0x40, 0xED, 0x08, 0x00, 0x00, 0x00, 0x00, 0xE1, 0x47, 0x6E, 0x00, 0x00, 0x00, 0x00,
    0xE4, 0x00, 0xA9, 0x00, 0x00, 0x00, 0x00, 0xF2, 0x25, 0x7D, 0x00, 0x00, 0x00, 0x00, 0x70, 0xFF,
    0x1B, 0x00, 0x00, 0x00, 0x00, 0x00, 0x21, 0x00, 0x00, 0x00, 0x00, 0x00, 0x00, 0x00, 0x00, 0x00,
    0x00, 0x00, 0x20, 0xD8, 0xEE, 0x6B, 0x10, 0x8F, 0x00, 0xE5, 0xCF, 0x99, 0xFC, 0x2B, 0x8F, 0x50,
    0xDF, 0x03, 0x00, 0x40, 0xCD, 0x8F, 0xE1, 0x2E, 0x00, 0x00, 0x00, 0xE2, 0x8F, 0xF6, 0x06, 0x00,
    0x00, 0x00, 0x60, 0x8F, 0xFA, 0x01, 0x00, 0x00, 0x00, 0x20, 0x8F, 0xEB, 0x00, 0x00, 0x00, 0x00,
    0x00, 0x8F, 0xFA, 0x01, 0x00, 0x00, 0x00, 0x10, 0x8F, 0xF6, 0x05, 0x00, 0x00, 0x00, 0x60, 0x8F,
    0xE1, 0x1D, 0x00, 0x00, 0x00, 0xD1, 0x8F, 0x50, 0xCF, 0x02, 0x00, 0x30, 0xDD, 0x8F, 0x00, 0xF5,
    0xBF, 0x88, 0xFB, 0x2B, 0x8F, 0x00, 0x20, 0xD9, 0xEF, 0x5B, 0x10, 0x8F,
    // Unicode: [0x00E6]
    0x00, 0x10, 0xC8, 0xEE, 0x6C, 0x00, 0x9E, 0x30, 0xD9, 0xEF, 0x7C, 0x01, 0x00, 0x00, 0xE4, 0xCF,
    0x99, 0xFC, 0x2D, 0x9E, 0xF6, 0xBF, 0xA9, 0xFD, 0x3D, 0x00, 0x30, 0xEF, 0x04, 0x00, 0x20, 0xEC,
    0xDF, 0xAF, 0x02, 0x00, 0x50, 0xEE, 0x02, 0xC0, 0x2E, 0x00, 0x00, 0x00, 0xC1, 0xFF, 0x0A, 0x00,
    0x00, 0x00, 0xF3, 0x0B, 0xF4, 0x07, 0x00, 0x00, 0x00, 0x40, 0xFF, 0x24, 0x22, 0x22, 0x22, 0xB2,
    0x1F, 0xF7, 0x03, 0x00, 0x00, 0x00, 0x00, 0xFF, 0xFF, 0xFF, 0xFF, 0xFF, 0xFF, 0x4F, 0xF8, 0x01,
    0x00, 0x00, 0x00, 0x00, 0xEE, 0x44, 0x44, 0x44, 0x44, 0x44, 0x14, 0xF7, 0x03, 0x00, 0x00, 0x00,
    0x00, 0xFF, 0x01, 0x00, 0x00, 0x00, 0x00, 0x00, 0xF4, 0x07, 0x00, 0x00, 0x00, 0x40, 0xFF, 0x06,
    0x00, 0x00, 0x00, 0x50, 0x01, 0xC0, 0x2E, 0x00, 0x00, 0x00, 0xC1, 0xFF, 0x1D, 0x00, 0x00, 0x00,
    0xF3, 0x0A, 0x30, 0xDE, 0x03, 0x00, 0x20, 0xBC, 0xCE, 0xCF, 0x02, 0x00, 0x40, 0xEE, 0x02, 0x00,
    0xE4, 0xBF, 0x88, 0xFA, 0x1B, 0x9E, 0xE5, 0xBF, 0x98, 0xFC, 0x2D, 0x00, 0x00, 0x10, 0xC8, 0xEE,
    0x6B, 0x00, 0x9E, 0x20, 0xD9, 0xEF, 0x6B, 0x01, 0x00,
    // Unicode: [0x00E7]
    0x00, 0x10, 0xC7, 0xFE, 0xAD, 0x05, 0x00, 0x00, 0xE4, 0xCF, 0x99, 0xEA, 0xBF, 0x02, 0x40, 0xDF,
    0x03, 0x00, 0x00, 0xF7, 0x1C, 0xE1, 0x1D, 0x00, 0x00, 0x00, 0x50, 0x05, 0xF6, 0x05, 0x00, 0x00,
    0x00, 0x00, 0x00, 0xFA, 0x00, 0x00, 0x00, 0x00, 0x00, 0x00, 0xDB, 0x00, 0x00, 0x00, 0x00, 0x00,
    0x00, 0xFB, 0x00, 0x00, 0x00, 0x00, 0x00, 0x00, 0xF7, 0x05, 0x00, 0x00, 0x00, 0x00, 0x00, 0xE2,
    0x1D, 0x00, 0x00, 0x00, 0x30, 0x03, 0x60, 0xCF, 0x02, 0x00, 0x00, 0xE6, 0x1D, 0x00, 0xF7, 0xBF,
    0x78, 0xD9, 0xDF, 0x02, 0x00, 0x20, 0xD9, 0xFF, 0xBE, 0x06, 0x00, 0x00, 0x00, 0x00, 0x79, 0x00,
    0x00, 0x00, 0x00, 0x00, 0x00, 0xEB, 0x0B, 0x00, 0x00, 0x00, 0x00, 0x10, 0x60, 0x1F, 0x00, 0x00,
    0x00, 0x00, 0xD4, 0xDE, 0x06, 0x00, 0x00,
    // Unicode: [0x00E8]
    0x00, 0x10, 0xFD, 0x07, 0x00, 0x00, 0x00, 0x00, 0x00, 0xD2, 0x3F, 0x00, 0x00, 0x00, 0x00, 0x00,
    0x20, 0xDD, 0x01, 0x00, 0x00, 0x00, 0x00, 0x00, 0x72, 0x03, 0x00, 0x00, 0x00, 0x00, 0x00, 0x00,
    0x00, 0x00, 0x00, 0x00, 0x00, 0x00, 0x00, 0x00, 0x00, 0x00, 0x00, 0x20, 0xD9, 0xEF, 0x7C, 0x01,
    0x00, 0x00, 0xF6, 0xBF, 0xA9, 0xFD, 0x3E, 0x00, 0x60, 0xAF, 0x02, 0x00, 0x40, 0xED, 0x02, 0xE1,
    0x0C, 0x00, 0x00, 0x00, 0xE2, 0x0B, 0xF7, 0x26, 0x22, 0x22, 0x22, 0xA2, 0x1F, 0xFA, 0xFF, 0xFF,
    0xFF, 0xFF, 0xFF, 0x4F, 0xEB, 0x44, 0x44, 0x44, 0x44, 0x44, 0x24, 0xFA, 0x01, 0x00, 0x00, 0x00,
    0x00, 0x00, 0xF7, 0x05, 0x00, 0x00, 0x00, 0x50, 0x02, 0xE1, 0x1D, 0x00, 0x00, 0x00, 0xF3, 0x0A,
    0x60, 0xBF, 0x02, 0x00, 0x50, 0xEE, 0x01, 0x00, 0xF7, 0xAE, 0x98, 0xFC, 0x2D, 0x00, 0x00, 0x20,
    0xD9, 0xEF, 0x6C, 0x01, 0x00,
    // Unicode: [0x00E9]
    0x00, 0x00, 0x00, 0xB0, 0x9F, 0x00, 0x00, 0x00, 0x00, 0x00, 0xF8, 0x09, 0x00, 0x00, 0x00, 0x00,
    0x40, 0xAF, 0x00, 0x00, 0x00, 0x00, 0x00, 0x60, 0x07, 0x00, 0x00, 0x00, 0x00, 0x00, 0x00, 0x00,
    0x00, 0x00, 0x00, 0x00, 0x00, 0x00, 0x00, 0x00, 0x00, 0x00, 0x00, 0x20, 0xD9, 0xEF, 0x7C, 0x01,
    0x00, 0x00, 0xF6, 0xBF, 0xA9, 0xFD, 0x3E, 0x00, 0x60, 0xAF, 0x02, 0x00, 0x40, 0xED, 0x02, 0xE1,
    0x0C, 0x00, 0x00, 0x00, 0xE2, 0x0B, 0xF7, 0x26, 0x22, 0x22, 0x22, 0xA2, 0x1F, 0xFA, 0xFF, 0xFF,
    0xFF, 0xFF, 0xFF, 0x4F, 0xEB, 0x44, 0x44, 0x44, 0x44, 0x44, 0x24, 0xFA, 0x01, 0x00, 0x00, 0x00,
    0x00, 0x00, 0xF7, 0x05, 0x00, 0x00, 0x00, 0x50, 0x02, 0xE1, 0x1D, 0x00, 0x00, 0x00, 0xF3, 0x0A,
    0x60, 0xBF, 0x02, 0x00, 0x50, 0xEE, 0x01, 0x00, 0xF7, 0xAE, 0x98, 0xFC, 0x2D, 0x00, 0x00, 0x20,
    0xD9, 0xEF, 0x6C, 0x01, 0x00,
    // Unicode: [0x00EA]
    0x00, 0x00, 0x80, 0xEF, 0x04, 0x00, 0x00, 0x00, 0x00, 0xFA, 0xB9, 0x5F, 0x00, 0x00, 0x00, 0xC1,
    0x6F, 0x00, 0xFA, 0x07, 0x00, 0x00, 0x00, 0x00, 0x00, 0x00, 0x00, 0x00, 0x00, 0x00, 0x00, 0x00,
    0x00, 0x00, 0x00, 0x00, 0x20, 0xD9, 0xEF, 0x7C, 0x01, 0x00, 0x00, 0xF6, 0xBF, 0xA9, 0xFD, 0x3E,
    0x00, 0x60, 0xAF, 0x02, 0x00, 0x40, 0xED, 0x02, 0xE1, 0x0C, 0x00, 0x00, 0x00, 0xE2, 0x0B, 0xF7,
    0x26, 0x22, 0x22, 0x22, 0xA2, 0x1F, 0xFA, 0xFF, 0xFF, 0xFF, 0xFF, 0xFF, 0x4F, 0xEB, 0x44, 0x44,
    0x44, 0x44, 0x44, 0x24, 0xFA, 0x01, 0x00, 0x00, 0x00, 0x00, 0x00, 0xF7, 0x05, 0x00, 0x00, 0x00,
    0x50, 0x02, 0xE1, 0x1D, 0x00, 0x00, 0x00, 0xF3, 0x0A, 0x60, 0xBF, 0x02, 0x00, 0x50, 0xEE, 0x01,
    0x00, 0xF7, 0xAE, 0x98, 0xFC, 0x2D, 0x00, 0x00, 0x20, 0xD9, 0xEF, 0x6C, 0x01, 0x00,
    // Unicode: [0x00EB]
    0x00, 0x80, 0x6E, 0x00, 0xEB, 0x03, 0x00, 0x00, 0xD0, 0xBF, 0x20, 0xFF, 0x07, 0x00, 0x00, 0x40,
    0x3A, 0x00, 0x97, 0x01, 0x00, 0x00, 0x00, 0x00, 0x00, 0x00, 0x00, 0x00, 0x00, 0x20, 0xD9, 0xEF,
    0x7C, 0x01, 0x00, 0x00, 0xF6, 0xBF, 0xA9, 0xFD, 0x3E, 0x00, 0x60, 0xAF, 0x02, 0x00, 0x40, 0xED,
    0x02, 0xE1, 0x0C, 0x00, 0x00, 0x00, 0xE2, 0x0B, 0xF7, 0x26, 0x22, 0x22, 0x22, 0xA2, 0x1F, 0xFA,
    0xFF, 0xFF, 0xFF, 0xFF, 0xFF, 0x4F, 0xEB, 0x44, 0x44, 0x44, 0x44, 0x44, 0x24, 0xFA, 0x01, 0x00,
    0x00, 0x00, 0x00, 0x00, 0xF7, 0x05, 0x00, 0x00, 0x00, 0x50, 0x02, 0xE1, 0x1D, 0x00, 0x00, 0x00,
    0xF3, 0x0A, 0x60, 0xBF, 0x02, 0x00, 0x50, 0xEE, 0x01, 0x00, 0xF7, 0xAE, 0x98, 0xFC, 0x2D, 0x00,
    0x00, 0x20, 0xD9, 0xEF, 0x6C, 0x01, 0x00,
    // Unicode: [0x00EC]
    0x84, 0x06, 0x00, 0xC1, 0x6F, 0x00, 0x10, 0xFC, 0x03, 0x00, 0xC1, 0x1D, 0x00, 0x00, 0x00, 0x00,
    0x00, 0x00, 0x00, 0xF6, 0x04, 0x00, 0xF6, 0x04, 0x00, 0xF6, 0x04, 0x00, 0xF6, 0x04, 0x00, 0xF6,
    0x04, 0x00, 0xF6, 0x04, 0x00, 0xF6, 0x04, 0x00, 0xF6, 0x04, 0x00, 0xF6, 0x04, 0x00, 0xF6, 0x04,
    0x00, 0xF6, 0x04, 0x00, 0xF6, 0x04, 0x00, 0xF6, 0x04,
    // Unicode: [0x00ED]
    0x00, 0x70, 0x48, 0x00, 0xF8, 0x0B, 0x40, 0xBF, 0x00, 0xE1, 0x0B, 0x00, 0x00, 0x00, 0x00, 0x00,
    0x00, 0x00, 0x60, 0x4F, 0x00, 0x60, 0x4F, 0x00, 0x60, 0x4F, 0x00, 0x60, 0x4F, 0x00, 0x60, 0x4F,
    0x00, 0x60, 0x4F, 0x00, 0x60, 0x4F, 0x00, 0x60, 0x4F, 0x00, 0x60, 0x4F, 0x00, 0x60, 0x4F, 0x00,
    0x60, 0x4F, 0x00, 0x60, 0x4F, 0x00, 0x60, 0x4F, 0x00,
    // Unicode: [0x00EE]
    0x00, 0xD2, 0xCF, 0x01, 0x00, 0x40, 0xDE, 0xD5, 0x3D, 0x00, 0xC4, 0x1A, 0x10, 0xCB, 0x03, 0x00,
    0x00, 0x00, 0x00, 0x00, 0x00, 0x00, 0x00, 0x00, 0x00, 0x00, 0x60, 0x4F, 0x00, 0x00, 0x00, 0x60,
    0x4F, 0x00, 0x00, 0x00, 0x60, 0x4F, 0x00, 0x00, 0x00, 0x60, 0x4F, 0x00, 0x00, 0x00, 0x60, 0x4F,
    0x00, 0x00, 0x00, 0x60, 0x4F, 0x00, 0x00, 0x00, 0x60, 0x4F, 0x00, 0x00, 0x00, 0x60, 0x4F, 0x00,
    0x00, 0x00, 0x60, 0x4F, 0x00, 0x00, 0x00, 0x60, 0x4F, 0x00, 0x00, 0x00, 0x60, 0x4F, 0x00, 0x00,
    0x00, 0x60, 0x4F, 0x00, 0x00, 0x00, 0x60, 0x4F, 0x00, 0x00,
    // Unicode: [0x00EF]
    0xD1, 0x2D, 0x30, 0xBE, 0x00, 0xF4, 0x5F, 0x80, 0xFF, 0x01, 0x80, 0x08, 0x10, 0x69, 0x00, 0x00,
    0x00, 0x00, 0x00, 0x00, 0x00, 0x60, 0x4F, 0x00, 0x00, 0x00, 0x60, 0x4F, 0x00, 0x00, 0x00, 0x60,
    0x4F, 0x00, 0x00, 0x00, 0x60, 0x4F, 0x00, 0x00, 0x00, 0x60, 0x4F, 0x00, 0x00, 0x00, 0x60, 0x4F,
    0x00, 0x00, 0x00, 0x60, 0x4F, 0x00, 0x00, 0x00, 0x60, 0x4F, 0x00, 0x00, 0x00, 0x60, 0x4F, 0x00,
    0x00, 0x00, 0x60, 0x4F, 0x00, 0x00, 0x00, 0x60, 0x4F, 0x00, 0x00, 0x00, 0x60, 0x4F, 0x00, 0x00,
    0x00, 0x60, 0x4F, 0x00, 0x00,
    // Unicode: [0x00F0]
    0x00, 0x00, 0xF7, 0x2C, 0x77, 0x00, 0x00, 0x00, 0x00, 0x70, 0xFF, 0xAF, 0x00, 0x00, 0x00, 0x00,
    0xFA, 0xFF, 0x2D, 0x00, 0x00, 0x00, 0x00, 0x8A, 0x51, 0xDF, 0x01, 0x00, 0x00, 0x00, 0x00, 0x00,
    0xF7, 0x0C, 0x00, 0x00, 0x30, 0xEA, 0xDF, 0xD9, 0x8F, 0x00, 0x00, 0xF7, 0xBF, 0x99, 0xFD, 0xFF,
    0x02, 0x70, 0xBF, 0x02, 0x00, 0x40, 0xFE, 0x0A, 0xF2, 0x0C, 0x00, 0x00, 0x00, 0xF3, 0x1F, 0xF8,
    0x03, 0x00, 0x00, 0x00, 0x90, 0x4F, 0xDC, 0x00, 0x00, 0x00, 0x00, 0x50, 0x6F, 0xCD, 0x00, 0x00,
    0x00, 0x00, 0x40, 0x7F, 0xEB, 0x00, 0x00, 0x00, 0x00, 0x50, 0x5F, 0xF7, 0x04, 0x00, 0x00, 0x00,
    0xA0, 0x1F, 0xF2, 0x1C, 0x00, 0x00, 0x00, 0xF4, 0x09, 0x60, 0xCF, 0x02, 0x00, 0x50, 0xDE, 0x01,
    0x00, 0xE6, 0xBF, 0x99, 0xFD, 0x2C, 0x00, 0x00, 0x20, 0xC8, 0xEE, 0x6B, 0x00, 0x00,
    // Unicode: [0x00F1]
    0x00, 0x00, 0x00, 0x00, 0x62, 0x00, 0x00, 0xD8, 0xFF, 0xFF, 0xFF, 0x04, 0x00, 0x83, 0x88, 0x88,
    0x67, 0x03, 0x00, 0x00, 0x00, 0x00, 0x00, 0x00, 0x00, 0x00, 0x00, 0x00, 0x00, 0x00, 0xF3, 0x07,
    0xA4, 0xEE, 0x6C, 0x00, 0xF3, 0x77, 0xCF, 0x88, 0xFD, 0x09, 0xF3, 0xED, 0x05, 0x00, 0xA0, 0x4F,
    0xF3, 0x5F, 0x00, 0x00, 0x20, 0xAF, 0xF3, 0x0D, 0x00, 0x00, 0x00, 0xDC, 0xF3, 0x09, 0x00, 0x00,
    0x00, 0xEB, 0xF3, 0x08, 0x00, 0x00, 0x00, 0xEA, 0xF3, 0x07, 0x00, 0x00, 0x00, 0xEA, 0xF3, 0x07,
    0x00, 0x00, 0x00, 0xEA, 0xF3, 0x07, 0x00, 0x00, 0x00, 0xEA, 0xF3, 0x07, 0x00, 0x00, 0x00, 0xEA,
    0xF3, 0x07, 0x00, 0x00, 0x00, 0xEA, 0xF3, 0x07, 0x00, 0x00, 0x00, 0xEA,
    // Unicode: [0x00F2]
    0x00, 0x10, 0xFC, 0x08, 0x00, 0x00, 0x00, 0x00, 0x00, 0xC1, 0x4F, 0x00, 0x00, 0x00, 0x00, 0x00,
    0x10, 0xDC, 0x01, 0x00, 0x00, 0x00, 0x00, 0x00, 0x71, 0x04, 0x00, 0x00, 0x00, 0x00, 0x00, 0x00,
    0x00, 0x00, 0x00, 0x00, 0x00, 0x00, 0x00, 0x00, 0x00, 0x00, 0x00, 0x20, 0xD8, 0xEE, 0x7C, 0x01,
    0x00, 0x00, 0xF5, 0xCF, 0xA9, 0xFD, 0x3D, 0x00, 0x50, 0xDF, 0x03, 0x00, 0x60, 0xEF, 0x02, 0xE1,
    0x2E, 0x00, 0x00, 0x00, 0xF4, 0x0B, 0xF7, 0x06, 0x00, 0x00, 0x00, 0xA0, 0x2F, 0xFA, 0x01, 0x00,
    0x00, 0x00, 0x40, 0x6F, 0xEB, 0x00, 0x00, 0x00, 0x00, 0x30, 0x7F, 0xFA, 0x00, 0x00, 0x00, 0x00,
    0x40, 0x6F, 0xF7, 0x04, 0x00, 0x00, 0x00, 0x90, 0x3F, 0xE1, 0x1C, 0x00, 0x00, 0x00, 0xF3, 0x0B,
    0x60, 0xCF, 0x02, 0x00, 0x50, 0xEE, 0x02, 0x00, 0xF6, 0xBF, 0x99, 0xFC, 0x3E, 0x00, 0x00, 0x20,
    0xD9, 0xEF, 0x7C, 0x01, 0x00,
    // Unicode: [0x00F3]
    0x00, 0x00, 0x00, 0xB0, 0xAF, 0x00, 0x00, 0x00, 0x00, 0x00, 0xF7, 0x0A, 0x00, 0x00, 0x00, 0x00,
    0x30, 0xAF, 0x00, 0x00, 0x00, 0x00, 0x00, 0x50, 0x07, 0x00, 0x00, 0x00, 0x00, 0x00, 0x00, 0x00,
    0x00, 0x00, 0x00, 0x00, 0x00, 0x00, 0x00, 0x00, 0x00, 0x00, 0x00, 0x20, 0xD8, 0xEE, 0x7C, 0x01,
    0x00, 0x00, 0xF5, 0xCF, 0xA9, 0xFD, 0x3D, 0x00, 0x50, 0xDF, 0x03, 0x00, 0x60, 0xEF, 0x02, 0xE1,
    0x2E, 0x00, 0x00, 0x00, 0xF4, 0x0B, 0xF7, 0x06, 0x00, 0x00, 0x00, 0xA0, 0x2F, 0xFA, 0x01, 0x00,
    0x00, 0x00, 0x40, 0x6F, 0xEB, 0x00, 0x00, 0x00, 0x00, 0x30, 0x7F, 0xFA, 0x00, 0x00, 0x00, 0x00,
    0x40, 0x6F, 0xF7, 0x04, 0x00, 0x00, 0x00, 0x90, 0x3F, 0xE1, 0x1C, 0x00, 0x00, 0x00, 0xF3, 0x0B,
    0x60, 0xCF, 0x02, 0x00, 0x50, 0xEE, 0x02, 0x00, 0xF6, 0xBF, 0x99, 0xFC, 0x3E, 0x00, 0x00, 0x20,
    0xD9, 0xEF, 0x7C, 0x01, 0x00,
    // Unicode: [0x00F4]
    0x00, 0x00, 0x70, 0xEF, 0x05, 0x00, 0x00, 0x00, 0x00, 0xF9, 0xB9, 0x6F, 0x00, 0x00, 0x00, 0xB1,
    0x7F, 0x00, 0xF9, 0x08, 0x00, 0x00, 0x00, 0x00, 0x00, 0x00, 0x00, 0x00, 0x00, 0x00, 0x00, 0x00,
    0x00, 0x00, 0x00, 0x00, 0x20, 0xD8, 0xEE, 0x7C, 0x01, 0x00, 0x00, 0xF5, 0xCF, 0xA9, 0xFD, 0x3D,
    0x00, 0x50, 0xDF, 0x03, 0x00, 0x60, 0xEF, 0x02, 0xE1, 0x2E, 0x00, 0x00, 0x00, 0xF4, 0x0B, 0xF7,
    0x06, 0x00, 0x00, 0x00, 0xA0, 0x2F, 0xFA, 0x01, 0x00, 0x00, 0x00, 0x40, 0x6F, 0xEB, 0x00, 0x00,
    0x00, 0x00, 0x30, 0x7F, 0xFA, 0x00, 0x00, 0x00, 0x00, 0x40, 0x6F, 0xF7, 0x05, 0x00, 0x00, 0x00,
    0x90, 0x3F, 0xE1, 0x1C, 0x00, 0x00, 0x00, 0xF3, 0x0B, 0x60, 0xCF, 0x02, 0x00, 0x40, 0xEE, 0x02,
    0x00, 0xF6, 0xBF, 0x99, 0xFC, 0x3E, 0x00, 0x00, 0x20, 0xD9, 0xEF, 0x7C, 0x01, 0x00,
    // Unicode: [0x00F5]
    0x00, 0x00, 0x00, 0x00, 0x40, 0x04, 0x00, 0x00, 0xC2, 0xFE, 0xFF, 0xFF, 0x0C, 0x00, 0x00, 0x70,
    0x88, 0x88, 0x78, 0x06, 0x00, 0x00, 0x00, 0x00, 0x00, 0x00, 0x00, 0x00, 0x00, 0x00, 0x00, 0x00,
    0x00, 0x00, 0x00, 0x00, 0x20, 0xD8, 0xEE, 0x7C, 0x01, 0x00, 0x00, 0xF5, 0xCF, 0xA9, 0xFD, 0x3D,
    0x00, 0x50, 0xDF, 0x03, 0x00, 0x60, 0xEF, 0x02, 0xE1, 0x2E, 0x00, 0x00, 0x00, 0xF4, 0x0B, 0xF7,
    0x06, 0x00, 0x00, 0x00, 0xA0, 0x2F, 0xFA, 0x01, 0x00, 0x00, 0x00, 0x40, 0x6F, 0xEB, 0x00, 0x00,
    0x00, 0x00, 0x30, 0x7F, 0xFA, 0x00, 0x00, 0x00, 0x00, 0x40, 0x6F, 0xF7, 0x05, 0x00, 0x00, 0x00,
    0x90, 0x3F, 0xE1, 0x1C, 0x00, 0x00, 0x00, 0xF3, 0x0B, 0x60, 0xCF, 0x02, 0x00, 0x40, 0xEE, 0x02,
    0x00, 0xF6, 0xBF, 0x99, 0xFC, 0x3E, 0x00, 0x00, 0x20, 0xD9, 0xEF, 0x7C, 0x01, 0x00,
    // Unicode: [0x00F6]
    0x00, 0x70, 0x7E, 0x00, 0xEA, 0x04, 0x00, 0x00, 0xD0, 0xCF, 0x10, 0xFF, 0x08, 0x00, 0x00, 0x40,
    0x3A, 0x00, 0x96, 0x02, 0x00, 0x00, 0x00, 0x00, 0x00, 0x00, 0x00, 0x00, 0x00, 0x20, 0xD8, 0xEE,
    0x7C, 0x01, 0x00, 0x00, 0xF5, 0xCF, 0xA9, 0xFD, 0x3D, 0x00, 0x50, 0xDF, 0x03, 0x00, 0x60, 0xEF,
    0x02, 0xE1, 0x2E, 0x00, 0x00, 0x00, 0xF4, 0x0B, 0xF7, 0x06, 0x00, 0x00, 0x00, 0xA0, 0x2F, 0xFA,
    0x01, 0x00, 0x00, 0x00, 0x40, 0x6F, 0xEB, 0x00, 0x00, 0x00, 0x00, 0x30, 0x7F, 0xFA, 0x00, 0x00,
    0x00, 0x00, 0x40, 0x6F, 0xF7, 0x05, 0x00, 0x00, 0x00, 0x90, 0x3F, 0xE1, 0x1C, 0x00, 0x00, 0x00,
    0xF3, 0x0B, 0x60, 0xCF, 0x02, 0x00, 0x40, 0xEE, 0x02, 0x00, 0xF6, 0xBF, 0x99, 0xFC, 0x3E, 0x00,
    0x00, 0x20, 0xD9, 0xEF, 0x7C, 0x01, 0x00,
    // Unicode: [0x00F7]
    0x00, 0x00, 0x00, 0x40, 0xFF, 0x05, 0x00, 0x00, 0x00, 0x00, 0x00, 0x00, 0x40, 0xFF, 0x05, 0x00,
    0x00, 0x00, 0x00, 0x00, 0x00, 0x30, 0xAA, 0x03, 0x00, 0x00, 0x00, 0x00, 0x00, 0x00, 0x00, 0x00,
    0x00, 0x00, 0x00, 0x00, 0x00, 0x00, 0x00, 0x00, 0x00, 0x00, 0x00, 0x00, 0x00, 0xF4, 0xFF, 0xFF,
    0xFF, 0xFF, 0xFF, 0xFF, 0xFF, 0x4F, 0x92, 0x99, 0x99, 0x99, 0x99, 0x99, 0x99, 0x99, 0x29, 0x00,
    0x00, 0x00, 0x00, 0x00, 0x00, 0x00, 0x00, 0x00, 0x00, 0x00, 0x00, 0x00, 0x00, 0x00, 0x00, 0x00,
    0x00, 0x00, 0x00, 0x00, 0x40, 0xFF, 0x05, 0x00, 0x00, 0x00, 0x00, 0x00, 0x00, 0x40, 0xFF, 0x05,
    0x00, 0x00, 0x00, 0x00, 0x00, 0x00, 0x30, 0xAA, 0x03, 0x00, 0x00, 0x00,
    // Unicode: [0x00F8]
    0x00, 0x00, 0x00, 0x00, 0x00, 0x00, 0x01, 0x00, 0x20, 0xD8, 0xEE, 0x7C, 0x50, 0x2E, 0x00, 0xF5,
    0xCF, 0xAA, 0xFD, 0xED, 0x0A, 0x50, 0xDF, 0x04, 0x00, 0x80, 0xFF, 0x02, 0xE1, 0x2E, 0x00, 0x00,
    0xD1, 0xEA, 0x0A, 0xF7, 0x06, 0x00, 0x00, 0xBB, 0x80, 0x2F, 0xFA, 0x01, 0x00, 0x90, 0x1D, 0x40,
    0x6F, 0xEB, 0x00, 0x00, 0xE7, 0x02, 0x30, 0x7F, 0xFA, 0x00, 0x50, 0x3E, 0x00, 0x40, 0x6F, 0xF7,
    0x03, 0xE3, 0x05, 0x00, 0x90, 0x3F, 0xE1, 0x2A, 0x7E, 0x00, 0x00, 0xF4, 0x0B, 0x50, 0xEF, 0x0A,
    0x00, 0x50, 0xEE, 0x02, 0x20, 0xFE, 0xBF, 0x99, 0xFD, 0x3E, 0x00, 0xC0, 0x2C, 0xC8, 0xEE, 0x7C,
    0x01, 0x00, 0x30, 0x02, 0x00, 0x00, 0x00, 0x00, 0x00,
    // Unicode: [0x00F9]
    0x00, 0x70, 0xDF, 0x01, 0x00, 0x00, 0x00, 0x00, 0xF7, 0x0A, 0x00, 0x00, 0x00, 0x00, 0x70, 0x6F,
    0x00, 0x00, 0x00, 0x00, 0x00, 0x75, 0x00, 0x00, 0x00, 0x00, 0x00, 0x00, 0x00, 0x00, 0x00, 0x00,
    0x00, 0x00, 0x00, 0x00, 0xF6, 0x04, 0x00, 0x00, 0x00, 0xCE, 0xF6, 0x04, 0x00, 0x00, 0x00, 0xCE,
    0xF6, 0x04, 0x00, 0x00, 0x00, 0xCE, 0xF6, 0x04, 0x00, 0x00, 0x00, 0xCE, 0xF6, 0x04, 0x00, 0x00,
    0x00, 0xCE, 0xF6, 0x04, 0x00, 0x00, 0x00, 0xCE, 0xF6, 0x04, 0x00, 0x00, 0x00, 0xBE, 0xF5, 0x05,
    0x00, 0x00, 0x00, 0xBE, 0xF3, 0x06, 0x00, 0x00, 0x10, 0x9F, 0xE1, 0x0C, 0x00, 0x00, 0x60, 0x6F,
    0x80, 0x9F, 0x00, 0x00, 0xE4, 0x1E, 0x10, 0xFB, 0xAE, 0xC9, 0xEF, 0x04, 0x00, 0x60, 0xEC, 0xDF,
    0x29, 0x00,
    // Unicode: [0x00FA]
    0x00, 0x00, 0x00, 0xFA, 0x0B, 0x00, 0x00, 0x00, 0x60, 0xBF, 0x00, 0x00, 0x00, 0x00, 0xE2, 0x0B,
    0x00, 0x00, 0x00, 0x00, 0x75, 0x00, 0x00, 0x00, 0x00, 0x00, 0x00, 0x00, 0x00, 0x00, 0x00, 0x00,
    0x00, 0x00, 0x00, 0x00, 0xF6, 0x04, 0x00, 0x00, 0x00, 0xCE, 0xF6, 0x04, 0x00, 0x00, 0x00, 0xCE,
    0xF6, 0x04, 0x00, 0x00, 0x00, 0xCE, 0xF6, 0x04, 0x00, 0x00, 0x00, 0xCE, 0xF6, 0x04, 0x00, 0x00,
    0x00, 0xCE, 0xF6, 0x04, 0x00, 0x00, 0x00, 0xCE, 0xF6, 0x04, 0x00, 0x00, 0x00, 0xBE, 0xF5, 0x05,
    0x00, 0x00, 0x00, 0xBE, 0xF3, 0x06, 0x00, 0x00, 0x10, 0x9F, 0xE1, 0x0C, 0x00, 0x00, 0x60, 0x6F,
    0x80, 0x9F, 0x00, 0x00, 0xE4, 0x1E, 0x10, 0xFB, 0xAE, 0xC9, 0xEF, 0x04, 0x00, 0x60, 0xEC, 0xDF,
    0x29, 0x00,
    // Unicode: [0x00FB]
    0x00, 0x00, 0xD3, 0xAF, 0x01, 0x00, 0x00, 0x50, 0xCF, 0xE6, 0x2C, 0x00, 0x00, 0xD6, 0x09, 0x20,
    0xBC, 0x02, 0x00, 0x00, 0x00, 0x00, 0x00, 0x00, 0x00, 0x00, 0x00, 0x00, 0x00, 0x00, 0xF6, 0x04,
    0x00, 0x00, 0x00, 0xCE, 0xF6, 0x04, 0x00, 0x00, 0x00, 0xCE, 0xF6, 0x04, 0x00, 0x00, 0x00, 0xCE,
    0xF6, 0x04, 0x00, 0x00, 0x00, 0xCE, 0xF6, 0x04, 0x00, 0x00, 0x00, 0xCE, 0xF6, 0x04, 0x00, 0x00,
    0x00, 0xCE, 0xF6, 0x04, 0x00, 0x00, 0x00, 0xBE, 0xF5, 0x05, 0x00, 0x00, 0x00, 0xBE, 0xF3, 0x06,
    0x00, 0x00, 0x10, 0x9F, 0xE1, 0x0C, 0x00, 0x00, 0x60, 0x6F, 0x80, 0x9F, 0x00, 0x00, 0xE4, 0x1E,
    0x10, 0xFB, 0xAE, 0xC9, 0xEF, 0x04, 0x00, 0x60, 0xEC, 0xDF, 0x29, 0x00,
    // Unicode: [0x00FC]
    0x00, 0xD2, 0x1C, 0x50, 0x9E, 0x00, 0x00, 0xF6, 0x3F, 0x90, 0xFF, 0x00, 0x00, 0x91, 0x07, 0x20,
    0x5A, 0x00, 0x00, 0x00, 0x00, 0x00, 0x00, 0x00, 0xF6, 0x04, 0x00, 0x00, 0x00, 0xCE, 0xF6, 0x04,
    0x00, 0x00, 0x00, 0xCE, 0xF6, 0x04, 0x00, 0x00, 0x00, 0xCE, 0xF6, 0x04, 0x00, 0x00, 0x00, 0xCE,
    0xF6, 0x04, 0x00, 0x00, 0x00, 0xCE, 0xF6, 0x04, 0x00, 0x00, 0x00, 0xCE, 0xF6, 0x04, 0x00, 0x00,
    0x00, 0xBE, 0xF5, 0x05, 0x00, 0x00, 0x00, 0xBE, 0xF3, 0x06, 0x00, 0x00, 0x10, 0x9F, 0xE1, 0x0C,
    0x00, 0x00, 0x60, 0x6F, 0x80, 0x9F, 0x00, 0x00, 0xE4, 0x1E, 0x10, 0xFB, 0xAE, 0xC9, 0xEF, 0x04,
    0x00, 0x60, 0xEC, 0xDF, 0x29, 0x00,
    // Unicode: [0x00FD]
    0x00, 0x00, 0x00, 0xF3, 0x4F, 0x00, 0x00, 0x00, 0x00, 0x10, 0xFC, 0x04, 0x00, 0x00, 0x00, 0x00,
    0x90, 0x4F, 0x00, 0x00, 0x00, 0x00, 0x00, 0x71, 0x04, 0x00, 0x00, 0x00, 0x00, 0x00, 0x00, 0x00,
    0x00, 0x00, 0x00, 0x00, 0x00, 0x00, 0x00, 0x00, 0x00, 0x00, 0xF5, 0x06, 0x00, 0x00, 0x00, 0xF6,
    0x05, 0xD0, 0x0D, 0x00, 0x00, 0x00, 0xDD, 0x00, 0x60, 0x5F, 0x00, 0x00, 0x40, 0x7F, 0x00, 0x10,
    0xCE, 0x00, 0x00, 0xB0, 0x1E, 0x00, 0x00, 0xF8, 0x04, 0x00, 0xF3, 0x08, 0x00, 0x00, 0xE1, 0x0B,
    0x00, 0xF9, 0x02, 0x00, 0x00, 0x90, 0x2F, 0x10, 0xAF, 0x00, 0x00, 0x00, 0x20, 0x9F, 0x70, 0x3F,
    0x00, 0x00, 0x00, 0x00, 0xFA, 0xE2, 0x0C, 0x00, 0x00, 0x00, 0x00, 0xF3, 0xFD, 0x05, 0x00, 0x00,
    0x00, 0x00, 0xC0, 0xDF, 0x00, 0x00, 0x00, 0x00, 0x00, 0x60, 0x6F, 0x00, 0x00, 0x00, 0x00, 0x00,
    0xB0, 0x1E, 0x00, 0x00, 0x00, 0x00, 0x00, 0xF3, 0x08, 0x00, 0x00, 0x00, 0x00, 0x00, 0xFA, 0x02,
    0x00, 0x00, 0x00, 0x00, 0x20, 0xAF, 0x00, 0x00, 0x00, 0x00, 0x00, 0x80, 0x3F, 0x00, 0x00, 0x00,
    0x00,
    // Unicode: [0x00FE]
    0xF2, 0x07, 0x00, 0x00, 0x00, 0x00, 0x00, 0x00, 0xF2, 0x07, 0x00, 0x00, 0x00, 0x00, 0x00, 0x00,
    0xF2, 0x07, 0x00, 0x00, 0x00, 0x00, 0x00, 0x00, 0xF2, 0x07, 0x00, 0x00, 0x00, 0x00, 0x00, 0x00,
    0xF2, 0x07, 0x00, 0x00, 0x00, 0x00, 0x00, 0x00, 0xF2, 0x07, 0x93, 0xFD, 0xAE, 0x04, 0x00, 0x00,
    0xF2, 0x77, 0xEF, 0x9A, 0xEB, 0xAF, 0x00, 0x00, 0xF2, 0xFC, 0x07, 0x00, 0x10, 0xFA, 0x0A, 0x00,
    0xF2, 0x6F, 0x00, 0x00, 0x00, 0x90, 0x5F, 0x00, 0xF2, 0x0C, 0x00, 0x00, 0x00, 0x10, 0xCE, 0x00,
    0xF2, 0x07, 0x00, 0x00, 0x00, 0x00, 0xFA, 0x00, 0xF2, 0x06, 0x00, 0x00, 0x00, 0x00, 0xF8, 0x01,
    0xF2, 0x07, 0x00, 0x00, 0x00, 0x00, 0xFA, 0x00, 0xF2, 0x0C, 0x00, 0x00, 0x00, 0x10, 0xCE, 0x00,
    0xF2, 0x5F, 0x00, 0x00, 0x00, 0x90, 0x5F, 0x00, 0xF2, 0xFD, 0x06, 0x00, 0x10, 0xF9, 0x0A, 0x00,
    0xF2, 0x77, 0xDF, 0x89, 0xE9, 0xAF, 0x01, 0x00, 0xF2, 0x07, 0x93, 0xFD, 0xBE, 0x05, 0x00, 0x00,
    0xF2, 0x07, 0x00, 0x00, 0x00, 0x00, 0x00, 0x00, 0xF2, 0x07, 0x00, 0x00, 0x00, 0x00, 0x00, 0x00,
    0xF2, 0x07, 0x00, 0x00, 0x00, 0x00, 0x00, 0x00, 0xF2, 0x07, 0x00, 0x00, 0x00, 0x00, 0x00, 0x00,
    // Unicode: [0x00FF]
    0x00, 0xB0, 0x3E, 0x20, 0xCD, 0x01, 0x00, 0x00, 0xF2, 0x7F, 0x50, 0xFF, 0x04, 0x00, 0x00, 0x70,
    0x19, 0x10, 0x89, 0x00, 0x00, 0x00, 0x00, 0x00, 0x00, 0x00, 0x00, 0x00, 0xF5, 0x06, 0x00, 0x00,
    0x00, 0xF6, 0x05, 0xD0, 0x0D, 0x00, 0x00, 0x00, 0xDD, 0x00, 0x60, 0x5F, 0x00, 0x00, 0x40, 0x7F,
    0x00, 0x10, 0xCE, 0x00, 0x00, 0xB0, 0x1E, 0x00, 0x00, 0xF8, 0x04, 0x00, 0xF3, 0x08, 0x00, 0x00,
    0xE1, 0x0B, 0x00, 0xF9, 0x02, 0x00, 0x00, 0x90, 0x2F, 0x10, 0xAF, 0x00, 0x00, 0x00, 0x20, 0x9F,
    0x70, 0x3F, 0x00, 0x00, 0x00, 0x00, 0xFA, 0xE2, 0x0C, 0x00, 0x00, 0x00, 0x00, 0xF3, 0xFD, 0x05,
    0x00, 0x00, 0x00, 0x00, 0xC0, 0xDF, 0x00, 0x00, 0x00, 0x00, 0x00, 0x60, 0x6F, 0x00, 0x00, 0x00,
    0x00, 0x00, 0xB0, 0x1E, 0x00, 0x00, 0x00, 0x00, 0x00, 0xF3, 0x08, 0x00, 0x00, 0x00, 0x00, 0x00,
    0xFA, 0x02, 0x00, 0x00, 0x00, 0x00, 0x20, 0xAF, 0x00, 0x00, 0x00, 0x00, 0x00, 0x80, 0x3F, 0x00,
    0x00, 0x00, 0x00,
    // Unicode: [0x0100]
    0x00, 0x00, 0x10, 0x11, 0x11, 0x11, 0x01, 0x00, 0x00, 0x00, 0x00, 0xF3, 0xFF, 0xFF, 0xFF, 0x0E,
    0x00, 0x00, 0x00, 0x00, 0x41, 0x44, 0x44, 0x44, 0x04, 0x00, 0x00, 0x00, 0x00, 0x00, 0x00, 0x00,
    0x00, 0x00, 0x00, 0x00, 0x00, 0x00, 0x00, 0x00, 0x58, 0x00, 0x00, 0x00, 0x00, 0x00, 0x00, 0x00,
    0x10, 0xCE, 0x00, 0x00, 0x00, 0x00, 0x00, 0x00, 0x00, 0x60, 0xFF, 0x04, 0x00, 0x00, 0x00, 0x00,
    0x00, 0x00, 0xD0, 0xFF, 0x0B, 0x00, 0x00, 0x00, 0x00, 0x00, 0x00, 0xF5, 0xC9, 0x2F, 0x00, 0x00,
    0x00, 0x00, 0x00, 0x00, 0xFC, 0x52, 0x9F, 0x00, 0x00, 0x00, 0x00, 0x00, 0x30, 0xAF, 0x00, 0xED,
    0x01, 0x00, 0x00, 0x00, 0x00, 0xA0, 0x3F, 0x00, 0xF6, 0x07, 0x00, 0x00, 0x00, 0x00, 0xF2, 0x0C,
    0x00, 0xE0, 0x0E, 0x00, 0x00, 0x00, 0x00, 0xF9, 0x05, 0x00, 0x70, 0x6F, 0x00, 0x00, 0x00, 0x10,
    0xFE, 0xBB, 0xBB, 0xCB, 0xCF, 0x00, 0x00, 0x00, 0x70, 0xFF, 0xFF, 0xFF, 0xFF, 0xFF, 0x04, 0x00,
    0x00, 0xE0, 0x1E, 0x00, 0x00, 0x00, 0xF2, 0x0B, 0x00, 0x00, 0xF6, 0x08, 0x00, 0x00, 0x00, 0xB0,
    0x3F, 0x00, 0x00, 0xFD, 0x01, 0x00, 0x00, 0x00, 0x40, 0x9F, 0x00, 0x40, 0x9F, 0x00, 0x00, 0x00,
    0x00, 0x00, 0xFC, 0x01, 0xB0, 0x3F, 0x00, 0x00, 0x00, 0x00, 0x00, 0xF5, 0x08, 0xF3, 0x0B, 0x00,
    0x00, 0x00, 0x00, 0x00, 0xD0, 0x1E,
    // Unicode: [0x0101]
    0x00, 0xF1, 0xFF, 0xFF, 0xFF, 0x0F, 0x00, 0x00, 0x61, 0x66, 0x66, 0x66, 0x06, 0x00, 0x00, 0x00,
    0x00, 0x00, 0x00, 0x00, 0x00, 0x00, 0x00, 0x00, 0x00, 0x00, 0x00, 0x00, 0x00, 0x20, 0xD8, 0xEE,
    0x6B, 0x10, 0x8F, 0x00, 0xE5, 0xCF, 0x99, 0xFC, 0x2B, 0x8F, 0x50, 0xDF, 0x03, 0x00, 0x40, 0xCD,
    0x8F, 0xE1, 0x2E, 0x00, 0x00, 0x00, 0xE2, 0x8F, 0xF6, 0x06, 0x00, 0x00, 0x00, 0x60, 0x8F, 0xFA,
    0x01, 0x00, 0x00, 0x00, 0x20, 0x8F, 0xEB, 0x00, 0x00, 0x00, 0x00, 0x00, 0x8F, 0xFA, 0x00, 0x00,
    0x00, 0x00, 0x10, 0x8F, 0xF6, 0x05, 0x00, 0x00, 0x00, 0x60, 0x8F, 0xE1, 0x1D, 0x00, 0x00, 0x00,
    0xD1, 0x8F, 0x50, 0xCF, 0x02, 0x00, 0x30, 0xDD, 0x8F, 0x00, 0xE5, 0xBF, 0x88, 0xFB, 0x2B, 0x8F,
    0x00, 0x20, 0xD8, 0xEE, 0x5B, 0x10, 0x8F,
    // Unicode: [0x0102]
    0x00, 0x00, 0xD1, 0x4C, 0x11, 0xC4, 0x0C, 0x00, 0x00, 0x00, 0x00, 0x20, 0xFB, 0xFF, 0xAF, 0x02,
    0x00, 0x00, 0x00, 0x00, 0x00, 0x10, 0x22, 0x01, 0x00, 0x00, 0x00, 0x00, 0x00, 0x00, 0x00, 0x58,
    0x00, 0x00, 0x00, 0x00, 0x00, 0x00, 0x00, 0x10, 0xCE, 0x00, 0x00, 0x00, 0x00, 0x00, 0x00, 0x00,
    0x60, 0xFF, 0x04, 0x00, 0x00, 0x00, 0x00, 0x00, 0x00, 0xD0, 0xFF, 0x0B, 0x00, 0x00, 0x00, 0x00,
    0x00, 0x00, 0xF5, 0xC9, 0x2F, 0x00, 0x00, 0x00, 0x00, 0x00, 0x00, 0xFC, 0x52, 0x9F, 0x00, 0x00,
    0x00, 0x00, 0x00, 0x30, 0xAF, 0x00, 0xED, 0x01, 0x00, 0x00, 0x00, 0x00, 0xA0, 0x3F, 0x00, 0xF6,
    0x07, 0x00, 0x00, 0x00, 0x00, 0xF2, 0x0C, 0x00, 0xE0, 0x0E, 0x00, 0x00, 0x00, 0x00, 0xF9, 0x05,
    0x00, 0x70, 0x6F, 0x00, 0x00, 0x00, 0x10, 0xFE, 0xBB, 0xBB, 0xCB, 0xCF, 0x00, 0x00, 0x00, 0x70,
    0xFF, 0xFF, 0xFF, 0xFF, 0xFF, 0x04, 0x00, 0x00, 0xE0, 0x1E, 0x00, 0x00, 0x00, 0xF2, 0x0B, 0x00,
    0x00, 0xF6, 0x08, 0x00, 0x00, 0x00, 0xB0, 0x3F, 0x00, 0x00, 0xFD, 0x01, 0x00, 0x00, 0x00, 0x40,
    0x9F, 0x00, 0x40, 0x9F, 0x00, 0x00, 0x00, 0x00, 0x00, 0xFC, 0x01, 0xB0, 0x3F, 0x00, 0x00, 0x00,
    0x00, 0x00, 0xF5, 0x08, 0xF3, 0x0B, 0x00, 0x00, 0x00, 0x00, 0x00, 0xD0, 0x1E,
    // Unicode: [0x0103]
    0x00, 0xE2, 0x3B, 0x11, 0xE5, 0x0A, 0x00, 0x00, 0x30, 0xFC, 0xFF, 0x9E, 0x01, 0x00, 0x00, 0x00,
    0x10, 0x23, 0x01, 0x00, 0x00, 0x00, 0x00, 0x00, 0x00, 0x00, 0x00, 0x00, 0x00, 0x00, 0x00, 0x00,
    0x00, 0x00, 0x00, 0x00, 0x20, 0xD8, 0xEE, 0x6B, 0x10, 0x8F, 0x00, 0xE5, 0xCF, 0x99, 0xFC, 0x2B,
    0x8F, 0x50, 0xDF, 0x03, 0x00, 0x40, 0xCD, 0x8F, 0xE1, 0x2E, 0x00, 0x00, 0x00, 0xE2, 0x8F, 0xF6,
    0x06, 0x00, 0x00, 0x00, 0x60, 0x8F, 0xFA, 0x01, 0x00, 0x00, 0x00, 0x20, 0x8F, 0xEB, 0x00, 0x00,
    0x00, 0x00, 0x00, 0x8F, 0xFA, 0x01, 0x00, 0x00, 0x00, 0x10, 0x8F, 0xF6, 0x05, 0x00, 0x00, 0x00,
    0x60, 0x8F, 0xE1, 0x1D, 0x00, 0x00, 0x00, 0xD1, 0x8F, 0x50, 0xCF, 0x02, 0x00, 0x30, 0xDD, 0x8F,
    0x00, 0xF5, 0xBF, 0x88, 0xFB, 0x2B, 0x8F, 0x00, 0x20, 0xD9, 0xEF, 0x5B, 0x10, 0x8F,
    // Unicode: [0x0104]
    0x00, 0x00, 0x00, 0x00, 0x58, 0x00, 0x00, 0x00, 0x00, 0x00, 0x00, 0x00, 0x10, 0xCE, 0x00, 0x00,
    0x00, 0x00, 0x00, 0x00, 0x00, 0x60, 0xFF, 0x04, 0x00, 0x00, 0x00, 0x00, 0x00, 0x00, 0xD0, 0xFE,
    0x0B, 0x00, 0x00, 0x00, 0x00, 0x00, 0x00, 0xF5, 0xA7, 0x2F, 0x00, 0x00, 0x00, 0x00, 0x00, 0x00,
    0xEC, 0x31, 0x9F, 0x00, 0x00, 0x00, 0x00, 0x00, 0x30, 0x9F, 0x00, 0xEB, 0x01, 0x00, 0x00, 0x00,
    0x00, 0xA0, 0x2F, 0x00, 0xF4, 0x07, 0x00, 0x00, 0x00, 0x00, 0xF2, 0x0A, 0x00, 0xC0, 0x0E, 0x00,
    0x00, 0x00, 0x00, 0xF9, 0x03, 0x00, 0x60, 0x6F, 0x00, 0x00, 0x00, 0x10, 0xFE, 0xFF, 0xFF, 0xFF,
    0xCF, 0x00, 0x00, 0x00, 0x70, 0xCF, 0xBB, 0xBB, 0xBB, 0xFC, 0x04, 0x00, 0x00, 0xE0, 0x0D, 0x00,
    0x00, 0x00, 0xE1, 0x0B, 0x00, 0x00, 0xF6, 0x07, 0x00, 0x00, 0x00, 0x80, 0x3F, 0x00, 0x00, 0xED,
    0x01, 0x00, 0x00, 0x00, 0x20, 0x9F, 0x00, 0x40, 0x9F, 0x00, 0x00, 0x00, 0x00, 0x00, 0xF9, 0x01,
    0xB0, 0x2F, 0x00, 0x00, 0x00, 0x00, 0x00, 0xF2, 0x08, 0xF3, 0x0B, 0x00, 0x00, 0x00, 0x00, 0x00,
    0xC0, 0x1E, 0x00, 0x00, 0x00, 0x00, 0x00, 0x00, 0x00, 0xE8, 0x02, 0x00, 0x00, 0x00, 0x00, 0x00,
    0x00, 0x00, 0x6E, 0x00, 0x00, 0x00, 0x00, 0x00, 0x00, 0x00, 0x00, 0xAD, 0x12, 0x00, 0x00, 0x00,
    0x00, 0x00, 0x00, 0x00, 0xC3, 0xAF,
    // Unicode: [0x0105]
    0x00, 0x20, 0xD8, 0xEE, 0x6B, 0x10, 0x8F, 0x00, 0x00, 0xE5, 0xCF, 0x99, 0xFC, 0x2B, 0x8F, 0x00,
    0x50, 0xDF, 0x03, 0x00, 0x30, 0xCD, 0x8F, 0x00, 0xE1, 0x1D, 0x00, 0x00, 0x00, 0xE2, 0x8F, 0x00,
    0xF6, 0x05, 0x00, 0x00, 0x00, 0x60, 0x8F, 0x00, 0xFA, 0x01, 0x00, 0x00, 0x00, 0x20, 0x8F, 0x00,
    0xEB, 0x00, 0x00, 0x00, 0x00, 0x00, 0x8F, 0x00, 0xFA, 0x01, 0x00, 0x00, 0x00, 0x10, 0x8F, 0x00,
    0xF6, 0x05, 0x00, 0x00, 0x00, 0x60, 0x8F, 0x00, 0xE1, 0x1D, 0x00, 0x00, 0x00, 0xD1, 0x8F, 0x00,
    0x50, 0xDF, 0x03, 0x00, 0x30, 0xDD, 0x8F, 0x00, 0x00, 0xF5, 0xBF, 0x88, 0xFB, 0x2B, 0x8F, 0x00,
    0x00, 0x20, 0xD9, 0xEF, 0x5B, 0x10, 0x8F, 0x00, 0x00, 0x00, 0x00, 0x00, 0x00, 0x90, 0x0A, 0x00,
    0x00, 0x00, 0x00, 0x00, 0x00, 0xF3, 0x01, 0x00, 0x00, 0x00, 0x00, 0x00, 0x00, 0xF4, 0x15, 0x00,
    0x00, 0x00, 0x00, 0x00, 0x00, 0x70, 0xFD, 0x05,
    // Unicode: [0x0106]
    0x00, 0x00, 0x00, 0x00, 0x00, 0x85, 0x06, 0x00, 0x00, 0x00, 0x00, 0x00, 0x00, 0x30, 0xEF, 0x02,
    0x00, 0x00, 0x00, 0x00, 0x00, 0x00, 0xD1, 0x3E, 0x00, 0x00, 0x00, 0x00, 0x00, 0x00, 0x00, 0xEA,
    0x03, 0x00, 0x00, 0x00, 0x00, 0x00, 0x00, 0x00, 0x00, 0x00, 0x00, 0x00, 0x00, 0x00, 0x00, 0x00,
    0x00, 0x00, 0x00, 0x00, 0x00, 0x00, 0x00, 0x00, 0x30, 0xC8, 0xFE, 0xCE, 0x49, 0x00, 0x00, 0x00,
    0x10, 0xFA, 0xEF, 0xAC, 0xDB, 0xFF, 0x2B, 0x00, 0x00, 0xD2, 0xCF, 0x04, 0x00, 0x00, 0x93, 0xEF,
    0x04, 0x10, 0xFD, 0x08, 0x00, 0x00, 0x00, 0x00, 0xE4, 0x0C, 0xA0, 0x8F, 0x00, 0x00, 0x00, 0x00,
    0x00, 0x30, 0x01, 0xF2, 0x0D, 0x00, 0x00, 0x00, 0x00, 0x00, 0x00, 0x00, 0xF7, 0x07, 0x00, 0x00,
    0x00, 0x00, 0x00, 0x00, 0x00, 0xFA, 0x03, 0x00, 0x00, 0x00, 0x00, 0x00, 0x00, 0x00, 0xFA, 0x02,
    0x00, 0x00, 0x00, 0x00, 0x00, 0x00, 0x00, 0xF9, 0x03, 0x00, 0x00, 0x00, 0x00, 0x00, 0x00, 0x00,
    0xF7, 0x06, 0x00, 0x00, 0x00, 0x00, 0x00, 0x00, 0x00, 0xF2, 0x0C, 0x00, 0x00, 0x00, 0x00, 0x00,
    0x00, 0x00, 0xA0, 0x7F, 0x00, 0x00, 0x00, 0x00, 0x00, 0x10, 0x00, 0x20, 0xFE, 0x06, 0x00, 0x00,
    0x00, 0x00, 0xD2, 0x0B, 0x00, 0xE3, 0xBF, 0x03, 0x00, 0x00, 0x81, 0xFE, 0x05, 0x00, 0x20, 0xFB,
    0xEF, 0x9B, 0xCA, 0xFF, 0x4C, 0x00, 0x00, 0x00, 0x30, 0xC8, 0xFE, 0xCE, 0x49, 0x00, 0x00,
    // Unicode: [0x0107]
    0x00, 0x00, 0x00, 0x60, 0xDF, 0x01, 0x00, 0x00, 0x00, 0x00, 0xF3, 0x1D, 0x00, 0x00, 0x00, 0x00,
    0x10, 0xDD, 0x02, 0x00, 0x00, 0x00, 0x00, 0x30, 0x27, 0x00, 0x00, 0x00, 0x00, 0x00, 0x00, 0x00,
    0x00, 0x00, 0x00, 0x00, 0x00, 0x00, 0x00, 0x00, 0x00, 0x00, 0x00, 0x10, 0xC8, 0xFE, 0xAD, 0x04,
    0x00, 0x00, 0xE5, 0xCF, 0x99, 0xEA, 0xBF, 0x01, 0x50, 0xCF, 0x03, 0x00, 0x00, 0xF7, 0x0C, 0xE1,
    0x1C, 0x00, 0x00, 0x00, 0x50, 0x04, 0xF7, 0x04, 0x00, 0x00, 0x00, 0x00, 0x00, 0xEB, 0x00, 0x00,
    0x00, 0x00, 0x00, 0x00, 0xDC, 0x00, 0x00, 0x00, 0x00, 0x00, 0x00, 0xEB, 0x00, 0x00, 0x00, 0x00,
    0x00, 0x00, 0xF8, 0x04, 0x00, 0x00, 0x00, 0x00, 0x00, 0xF2, 0x1D, 0x00, 0x00, 0x00, 0x40, 0x03,
    0x60, 0xCF, 0x03, 0x00, 0x00, 0xF7, 0x0C, 0x00, 0xF6, 0xBF, 0x88, 0xEA, 0xBF, 0x01, 0x00, 0x20,
    0xD8, 0xEE, 0x9D, 0x04, 0x00,
    // Unicode: [0x0108]
    0x00, 0x00, 0x00, 0x30, 0xFE, 0x09, 0x00, 0x00, 0x00, 0x00, 0x00, 0x00, 0xE5, 0x7C, 0xBF, 0x01,
    0x00, 0x00, 0x00, 0x00, 0x70, 0xAF, 0x01, 0xE4, 0x1C, 0x00, 0x00, 0x00, 0x00, 0x00, 0x00, 0x00,
    0x00, 0x00, 0x00, 0x00, 0x00, 0x00, 0x00, 0x00, 0x00, 0x00, 0x00, 0x00, 0x00, 0x00, 0x00, 0x30,
    0xC8, 0xFE, 0xCE, 0x49, 0x00, 0x00, 0x00, 0x10, 0xFA, 0xEF, 0xAB, 0xDB, 0xFF, 0x3B, 0x00, 0x00,
    0xE3, 0xBF, 0x04, 0x00, 0x00, 0x93, 0xEF, 0x04, 0x20, 0xFE, 0x07, 0x00, 0x00, 0x00, 0x00, 0xE4,
    0x0C, 0xA0, 0x8F, 0x00, 0x00, 0x00, 0x00, 0x00, 0x30, 0x01, 0xF2, 0x0D, 0x00, 0x00, 0x00, 0x00,
    0x00, 0x00, 0x00, 0xF7, 0x07, 0x00, 0x00, 0x00, 0x00, 0x00, 0x00, 0x00, 0xF9, 0x03, 0x00, 0x00,
    0x00, 0x00, 0x00, 0x00, 0x00, 0xFA, 0x02, 0x00, 0x00, 0x00, 0x00, 0x00, 0x00, 0x00, 0xF9, 0x03,
    0x00, 0x00, 0x00, 0x00, 0x00, 0x00, 0x00, 0xF7, 0x06, 0x00, 0x00, 0x00, 0x00, 0x00, 0x00, 0x00,
    0xF2, 0x0C, 0x00, 0x00, 0x00, 0x00, 0x00, 0x00, 0x00, 0xA0, 0x7F, 0x00, 0x00, 0x00, 0x00, 0x00,
    0x10, 0x00, 0x20, 0xFE, 0x06, 0x00, 0x00, 0x00, 0x00, 0xD2, 0x0B, 0x00, 0xE3, 0xBF, 0x03, 0x00,
    0x00, 0x81, 0xFE, 0x05, 0x00, 0x20, 0xFB, 0xEF, 0x9B, 0xCA, 0xFF, 0x4C, 0x00, 0x00, 0x00, 0x30,
    0xC8, 0xFE, 0xCE, 0x49, 0x00, 0x00,
    // Unicode: [0x0109]
    0x00, 0x00, 0x90, 0xEF, 0x03, 0x00, 0x00, 0x00, 0x10, 0xFB, 0xC8, 0x4E, 0x00, 0x00, 0x00, 0xC2,
    0x5E, 0x10, 0xFA, 0x06, 0x00, 0x00, 0x00, 0x00, 0x00, 0x00, 0x00, 0x00, 0x00, 0x00, 0x00, 0x00,
    0x00, 0x00, 0x00, 0x00, 0x10, 0xC8, 0xFE, 0xAD, 0x04, 0x00, 0x00, 0xE5, 0xCF, 0x99, 0xEA, 0xBF,
    0x01, 0x50, 0xCF, 0x03, 0x00, 0x00, 0xF7, 0x0C, 0xE1, 0x1C, 0x00, 0x00, 0x00, 0x50, 0x04, 0xF7,
    0x04, 0x00, 0x00, 0x00, 0x00, 0x00, 0xEB, 0x00, 0x00, 0x00, 0x00, 0x00, 0x00, 0xDC, 0x00, 0x00,
    0x00, 0x00, 0x00, 0x00, 0xEB, 0x00, 0x00, 0x00, 0x00, 0x00, 0x00, 0xF8, 0x04, 0x00, 0x00, 0x00,
    0x00, 0x00, 0xF2, 0x1D, 0x00, 0x00, 0x00, 0x40, 0x03, 0x60, 0xCF, 0x03, 0x00, 0x00, 0xF7, 0x0C,
    0x00, 0xF6, 0xBF, 0x88, 0xEA, 0xBF, 0x01, 0x00, 0x20, 0xD8, 0xEE, 0x9D, 0x04, 0x00,
    // Unicode: [0x010A]
    0x00, 0x00, 0x00, 0x00, 0xA6, 0x02, 0x00, 0x00, 0x00, 0x00, 0x00, 0x00, 0x00, 0xFF, 0x09, 0x00,
    0x00, 0x00, 0x00, 0x00, 0x00, 0x00, 0xEA, 0x04, 0x00, 0x00, 0x00, 0x00, 0x00, 0x00, 0x00, 0x00,
    0x00, 0x00, 0x00, 0x00, 0x00, 0x00, 0x00, 0x00, 0x00, 0x00, 0x00, 0x00, 0x00, 0x00, 0x00, 0x30,
    0xC8, 0xFE, 0xCE, 0x49, 0x00, 0x00, 0x00, 0x10, 0xFA, 0xEF, 0xAC, 0xDB, 0xFF, 0x3B, 0x00, 0x00,
    0xD2, 0xCF, 0x04, 0x00, 0x00, 0x93, 0xEF, 0x04, 0x10, 0xFD, 0x08, 0x00, 0x00, 0x00, 0x00, 0xE4,
    0x0C, 0xA0, 0x8F, 0x00, 0x00, 0x00, 0x00, 0x00, 0x30, 0x01, 0xF2, 0x0D, 0x00, 0x00, 0x00, 0x00,
    0x00, 0x00, 0x00, 0xF7, 0x07, 0x00, 0x00, 0x00, 0x00, 0x00, 0x00, 0x00, 0xFA, 0x03, 0x00, 0x00,
    0x00, 0x00, 0x00, 0x00, 0x00, 0xFA, 0x02, 0x00, 0x00, 0x00, 0x00, 0x00, 0x00, 0x00, 0xF9, 0x03,
    0x00, 0x00, 0x00, 0x00, 0x00, 0x00, 0x00, 0xF7, 0x06, 0x00, 0x00, 0x00, 0x00, 0x00, 0x00, 0x00,
    0xF2, 0x0C, 0x00, 0x00, 0x00, 0x00, 0x00, 0x00, 0x00, 0xA0, 0x7F, 0x00, 0x00, 0x00, 0x00, 0x00,
    0x10, 0x00, 0x20, 0xFE, 0x06, 0x00, 0x00, 0x00, 0x00, 0xD2, 0x0B, 0x00, 0xE3, 0xBF, 0x03, 0x00,
    0x00, 0x81, 0xFE, 0x05, 0x00, 0x20, 0xFB, 0xEF, 0x9B, 0xCA, 0xFF, 0x4C, 0x00, 0x00, 0x00, 0x30,
    0xC8, 0xFE, 0xCE, 0x49, 0x00, 0x00,
    // Unicode: [0x010B]
    0x00, 0x00, 0x20, 0xCD, 0x01, 0x00, 0x00, 0x00, 0x00, 0x60, 0xFF, 0x04, 0x00, 0x00, 0x00, 0x00,
    0x10, 0x89, 0x00, 0x00, 0x00, 0x00, 0x00, 0x00, 0x00, 0x00, 0x00, 0x00, 0x00, 0x10, 0xC8, 0xFE,
    0xAD, 0x04, 0x00, 0x00, 0xE5, 0xCF, 0x99, 0xEA, 0xBF, 0x01, 0x50, 0xCF, 0x03, 0x00, 0x00, 0xF7,
    0x0C, 0xE1, 0x1C, 0x00, 0x00, 0x00, 0x50, 0x04, 0xF7, 0x04, 0x00, 0x00, 0x00, 0x00, 0x00, 0xEB,
    0x00, 0x00, 0x00, 0x00, 0x00, 0x00, 0xDC, 0x00, 0x00, 0x00, 0x00, 0x00, 0x00, 0xEB, 0x00, 0x00,
    0x00, 0x00, 0x00, 0x00, 0xF8, 0x04, 0x00, 0x00, 0x00, 0x00, 0x00, 0xF2, 0x1D, 0x00, 0x00, 0x00,
    0x40, 0x03, 0x60, 0xCF, 0x03, 0x00, 0x00, 0xF7, 0x0C, 0x00, 0xF6, 0xBF, 0x88, 0xEA, 0xBF, 0x01,
    0x00, 0x20, 0xD8, 0xEE, 0x9D, 0x04, 0x00,
    // Unicode: [0x010C]
    0x00, 0x00, 0x30, 0xDD, 0x03, 0xC2, 0x5E, 0x00, 0x00, 0x00, 0x00, 0x00, 0xC2, 0x6E, 0xEE, 0x03,
    0x00, 0x00, 0x00, 0x00, 0x00, 0x10, 0xFB, 0x2D, 0x00, 0x00, 0x00, 0x00, 0x00, 0x00, 0x00, 0x00,
    0x00, 0x00, 0x00, 0x00, 0x00, 0x00, 0x00, 0x00, 0x00, 0x00, 0x00, 0x00, 0x00, 0x00, 0x00, 0x30,
    0xC8, 0xFE, 0xCE, 0x49, 0x00, 0x00, 0x00, 0x10, 0xFA, 0xEF, 0xAB, 0xDB, 0xFF, 0x2B, 0x00, 0x00,
    0xD2, 0xBF, 0x04, 0x00, 0x00, 0x93, 0xEF, 0x04, 0x10, 0xFD, 0x07, 0x00, 0x00, 0x00, 0x00, 0xE4,
    0x0C, 0xA0, 0x8F, 0x00, 0x00, 0x00, 0x00, 0x00, 0x30, 0x01, 0xF2, 0x0D, 0x00, 0x00, 0x00, 0x00,
    0x00, 0x00, 0x00, 0xF7, 0x07, 0x00, 0x00, 0x00, 0x00, 0x00, 0x00, 0x00, 0xFA, 0x03, 0x00, 0x00,
    0x00, 0x00, 0x00, 0x00, 0x00, 0xFA, 0x02, 0x00, 0x00, 0x00, 0x00, 0x00, 0x00, 0x00, 0xF9, 0x03,
    0x00, 0x00, 0x00, 0x00, 0x00, 0x00, 0x00, 0xF7, 0x06, 0x00, 0x00, 0x00, 0x00, 0x00, 0x00, 0x00,
    0xF2, 0x0C, 0x00, 0x00, 0x00, 0x00, 0x00, 0x00, 0x00, 0xA0, 0x7F, 0x00, 0x00, 0x00, 0x00, 0x00,
    0x10, 0x00, 0x20, 0xFE, 0x06, 0x00, 0x00, 0x00, 0x00, 0xD2, 0x0B, 0x00, 0xE3, 0xBF, 0x03, 0x00,
    0x00, 0x81, 0xFE, 0x05, 0x00, 0x20, 0xFB, 0xEF, 0x9B, 0xCA, 0xFF, 0x4C, 0x00, 0x00, 0x00, 0x30,
    0xC8, 0xFE, 0xCE, 0x49, 0x00, 0x00,
    // Unicode: [0x010D]
    0x00, 0x70, 0xAF, 0x00, 0xE5, 0x2C, 0x00, 0x00, 0x00, 0xF5, 0x8C, 0xBF, 0x01, 0x00, 0x00, 0x00,
    0x40, 0xFE, 0x09, 0x00, 0x00, 0x00, 0x00, 0x00, 0x00, 0x00, 0x00, 0x00, 0x00, 0x00, 0x00, 0x00,
    0x00, 0x00, 0x00, 0x00, 0x10, 0xC8, 0xFE, 0xAD, 0x04, 0x00, 0x00, 0xE5, 0xCF, 0x99, 0xEA, 0xBF,
    0x01, 0x50, 0xCF, 0x03, 0x00, 0x00, 0xF7, 0x0C, 0xE1, 0x1C, 0x00, 0x00, 0x00, 0x50, 0x04, 0xF7,
    0x04, 0x00, 0x00, 0x00, 0x00, 0x00, 0xEB, 0x00, 0x00, 0x00, 0x00, 0x00, 0x00, 0xDC, 0x00, 0x00,
    0x00, 0x00, 0x00, 0x00, 0xEB, 0x00, 0x00, 0x00, 0x00, 0x00, 0x00, 0xF8, 0x04, 0x00, 0x00, 0x00,
    0x00, 0x00, 0xF2, 0x1D, 0x00, 0x00, 0x00, 0x40, 0x03, 0x60, 0xCF, 0x03, 0x00, 0x00, 0xF7, 0x0C,
    0x00, 0xF6, 0xBF, 0x88, 0xEA, 0xBF, 0x01, 0x00, 0x20, 0xD8, 0xEE, 0x9D, 0x04, 0x00,
    // Unicode: [0x010E]
    0x10, 0x77, 0x00, 0x30, 0x68, 0x00, 0x00, 0x00, 0x00, 0xF5, 0x1B, 0xF5, 0x1C, 0x00, 0x00, 0x00,
    0x00, 0x40, 0xEE, 0xAF, 0x01, 0x00, 0x00, 0x00, 0x00, 0x00, 0x83, 0x06, 0x00, 0x00, 0x00, 0x00,
    0x00, 0x00, 0x00, 0x00, 0x00, 0x00, 0x00, 0x00, 0xFE, 0xFF, 0xEF, 0xCD, 0x49, 0x00, 0x00, 0x00,
    0xEE, 0xAA, 0xBB, 0xFD, 0xFF, 0x3C, 0x00, 0x00, 0xBE, 0x00, 0x00, 0x00, 0xA4, 0xFF, 0x04, 0x00,
    0xBE, 0x00, 0x00, 0x00, 0x00, 0xF5, 0x2E, 0x00, 0xBE, 0x00, 0x00, 0x00, 0x00, 0x60, 0xAF, 0x00,
    0xBE, 0x00, 0x00, 0x00, 0x00, 0x00, 0xFC, 0x01, 0xBE, 0x00, 0x00, 0x00, 0x00, 0x00, 0xF7, 0x05,
    0xBE, 0x00, 0x00, 0x00, 0x00, 0x00, 0xF4, 0x08, 0xBE, 0x00, 0x00, 0x00, 0x00, 0x00, 0xF2, 0x09,
    0xBE, 0x00, 0x00, 0x00, 0x00, 0x00, 0xF3, 0x08, 0xBE, 0x00, 0x00, 0x00, 0x00, 0x00, 0xF5, 0x07,
    0xBE, 0x00, 0x00, 0x00, 0x00, 0x00, 0xFA, 0x03, 0xBE, 0x00, 0x00, 0x00, 0x00, 0x30, 0xCF, 0x00,
    0xBE, 0x00, 0x00, 0x00, 0x00, 0xD2, 0x4F, 0x00, 0xBE, 0x00, 0x00, 0x00, 0x61, 0xFE, 0x08, 0x00,
    0xEE, 0x99, 0xAA, 0xCB, 0xFF, 0x6F, 0x00, 0x00, 0xFE, 0xFF, 0xFF, 0xDF, 0x8B, 0x02, 0x00, 0x00,
    // Unicode: [0x010F]
    0x00, 0x00, 0x00, 0x00, 0x00, 0x10, 0x8F, 0xF8, 0x04, 0x00, 0x00, 0x00, 0x00, 0x00, 0x10, 0x8F,
    0xF8, 0x03, 0x00, 0x00, 0x00, 0x00, 0x00, 0x10, 0x8F, 0xE6, 0x03, 0x00, 0x00, 0x00, 0x00, 0x00,
    0x10, 0x8F, 0xC0, 0x02, 0x00, 0x00, 0x00, 0x00, 0x00, 0x10, 0x8F, 0xD1, 0x00, 0x00, 0x20, 0xD8,
    0xEE, 0x6C, 0x10, 0x8F, 0x73, 0x00, 0x00, 0xE5, 0xCF, 0x99, 0xFC, 0x2C, 0x8F, 0x00, 0x00, 0x50,
    0xDF, 0x03, 0x00, 0x30, 0xCD, 0x8F, 0x00, 0x00, 0xE1, 0x2E, 0x00, 0x00, 0x00, 0xE2, 0x8F, 0x00,
    0x00, 0xF6, 0x06, 0x00, 0x00, 0x00, 0x60, 0x8F, 0x00, 0x00, 0xFA, 0x01, 0x00, 0x00, 0x00, 0x10,
    0x8F, 0x00, 0x00, 0xEB, 0x00, 0x00, 0x00, 0x00, 0x00, 0x8F, 0x00, 0x00, 0xFA, 0x01, 0x00, 0x00,
    0x00, 0x10, 0x8F, 0x00, 0x00, 0xF6, 0x05, 0x00, 0x00, 0x00, 0x60, 0x8F, 0x00, 0x00, 0xE1, 0x1D,
    0x00, 0x00, 0x00, 0xD2, 0x8F, 0x00, 0x00, 0x50, 0xDF, 0x03, 0x00, 0x30, 0xDD, 0x8F, 0x00, 0x00,
    0x00, 0xF5, 0xBF, 0x88, 0xFB, 0x2B, 0x8F, 0x00, 0x00, 0x00, 0x20, 0xD9, 0xEF, 0x5B, 0x10, 0x8F,
    0x00, 0x00,
    // Unicode: [0x0110]
    0x00, 0xF8, 0xFF, 0xFF, 0xDE, 0x9C, 0x05, 0x00, 0x00, 0x00, 0xF8, 0xAB, 0xAA, 0xCB, 0xFE, 0xDF,
    0x04, 0x00, 0x00, 0xF8, 0x02, 0x00, 0x00, 0x30, 0xF9, 0x6F, 0x00, 0x00, 0xF8, 0x02, 0x00, 0x00,
    0x00, 0x40, 0xFE, 0x03, 0x00, 0xF8, 0x02, 0x00, 0x00, 0x00, 0x00, 0xF5, 0x0B, 0x00, 0xF8, 0x02,
    0x00, 0x00, 0x00, 0x00, 0xB0, 0x3F, 0x00, 0xF8, 0x02, 0x00, 0x00, 0x00, 0x00, 0x50, 0x7F, 0x95,
    0xFC, 0x9A, 0x99, 0x06, 0x00, 0x00, 0x20, 0x9F, 0xF9, 0xFF, 0xFF, 0xFF, 0x0A, 0x00, 0x00, 0x10,
    0xAF, 0x00, 0xF8, 0x02, 0x00, 0x00, 0x00, 0x00, 0x10, 0xAF, 0x00, 0xF8, 0x02, 0x00, 0x00, 0x00,
    0x00, 0x30, 0x8F, 0x00, 0xF8, 0x02, 0x00, 0x00, 0x00, 0x00, 0x80, 0x4F, 0x00, 0xF8, 0x02, 0x00,
    0x00, 0x00, 0x00, 0xE1, 0x0E, 0x00, 0xF8, 0x02, 0x00, 0x00, 0x00, 0x10, 0xFB, 0x05, 0x00, 0xF8,
    0x02, 0x00, 0x00, 0x00, 0xD5, 0x9F, 0x00, 0x00, 0xF8, 0x9A, 0xA9, 0xBA, 0xEC, 0xFF, 0x08, 0x00,
    0x00, 0xF8, 0xFF, 0xFF, 0xFF, 0xCE, 0x28, 0x00, 0x00,
    // Unicode: [0x0111]
    0x00, 0x00, 0x00, 0x00, 0x00, 0x10, 0x8F, 0x00, 0x00, 0x00, 0x00, 0x00, 0x11, 0x21, 0x9F, 0x01,
    0x00, 0x00, 0x00, 0x00, 0xFA, 0xFF, 0xFF, 0x7F, 0x00, 0x00, 0x00, 0x00, 0x42, 0x44, 0xAF, 0x24,
    0x00, 0x00, 0x00, 0x00, 0x00, 0x10, 0x8F, 0x00, 0x00, 0x20, 0xD8, 0xEE, 0x6C, 0x10, 0x8F, 0x00,
    0x00, 0xE5, 0xCF, 0x99, 0xFC, 0x2C, 0x8F, 0x00, 0x50, 0xDF, 0x03, 0x00, 0x30, 0xCD, 0x8F, 0x00,
    0xE1, 0x2E, 0x00, 0x00, 0x00, 0xE2, 0x8F, 0x00, 0xF6, 0x06, 0x00, 0x00, 0x00, 0x60, 0x8F, 0x00,
    0xFA, 0x01, 0x00, 0x00, 0x00, 0x10, 0x8F, 0x00, 0xEB, 0x00, 0x00, 0x00, 0x00, 0x00, 0x8F, 0x00,
    0xFA, 0x01, 0x00, 0x00, 0x00, 0x10, 0x8F, 0x00, 0xF6, 0x05, 0x00, 0x00, 0x00, 0x60, 0x8F, 0x00,
    0xE1, 0x1D, 0x00, 0x00, 0x00, 0xD2, 0x8F, 0x00, 0x50, 0xDF, 0x03, 0x00, 0x30, 0xDD, 0x8F, 0x00,
    0x00, 0xF5, 0xBF, 0x88, 0xFB, 0x2B, 0x8F, 0x00, 0x00, 0x20, 0xD9, 0xEF, 0x5B, 0x10, 0x8F, 0x00,
    // Unicode: [0x0112]
    0x10, 0x11, 0x11, 0x11, 0x01, 0xF1, 0xFF, 0xFF, 0xFF, 0x1F, 0x40, 0x44, 0x44, 0x44, 0x04, 0x00,
    0x00, 0x00, 0x00, 0x00, 0x00, 0x00, 0x00, 0x00, 0x00, 0xFD, 0xFF, 0xFF, 0xFF, 0xFF, 0xED, 0xAA,
    0xAA, 0xAA, 0xAA, 0xDD, 0x00, 0x00, 0x00, 0x00, 0xDD, 0x00, 0x00, 0x00, 0x00, 0xDD, 0x00, 0x00,
    0x00, 0x00, 0xDD, 0x00, 0x00, 0x00, 0x00, 0xDD, 0x00, 0x00, 0x00, 0x00, 0xFD, 0xFF, 0xFF, 0xFF,
    0xEF, 0xED, 0xAA, 0xAA, 0xAA, 0x9A, 0xDD, 0x00, 0x00, 0x00, 0x00, 0xDD, 0x00, 0x00, 0x00, 0x00,
    0xDD, 0x00, 0x00, 0x00, 0x00, 0xDD, 0x00, 0x00, 0x00, 0x00, 0xDD, 0x00, 0x00, 0x00, 0x00, 0xDD,
    0x00, 0x00, 0x00, 0x00, 0xED, 0xAA, 0xAA, 0xAA, 0xAA, 0xFD, 0xFF, 0xFF, 0xFF, 0xEF,
    // Unicode: [0x0113]
    0x00, 0xF1, 0xFF, 0xFF, 0xFF, 0x0F, 0x00, 0x00, 0x61, 0x66, 0x66, 0x66, 0x06, 0x00, 0x00, 0x00,
    0x00, 0x00, 0x00, 0x00, 0x00, 0x00, 0x00, 0x00, 0x00, 0x00, 0x00, 0x00, 0x00, 0x20, 0xD9, 0xEF,
    0x7C, 0x01, 0x00, 0x00, 0xF6, 0xBF, 0xA9, 0xFD, 0x3E, 0x00, 0x60, 0xAF, 0x02, 0x00, 0x40, 0xED,
    0x02, 0xE1, 0x0C, 0x00, 0x00, 0x00, 0xE2, 0x0B, 0xF7, 0x26, 0x22, 0x22, 0x22, 0xA2, 0x1F, 0xFA,
    0xFF, 0xFF, 0xFF, 0xFF, 0xFF, 0x4F, 0xEB, 0x44, 0x44, 0x44, 0x44, 0x44, 0x24, 0xFA, 0x01, 0x00,
    0x00, 0x00, 0x00, 0x00, 0xF7, 0x05, 0x00, 0x00, 0x00, 0x50, 0x02, 0xE1, 0x1D, 0x00, 0x00, 0x00,
    0xF3, 0x0A, 0x60, 0xBF, 0x02, 0x00, 0x50, 0xEE, 0x01, 0x00, 0xF7, 0xAE, 0x98, 0xFC, 0x2D, 0x00,
    0x00, 0x20, 0xD9, 0xEF, 0x6C, 0x01, 0x00,
    // Unicode: [0x0114]
    0xF7, 0x27, 0x20, 0xF8, 0x05, 0x70, 0xFD, 0xFF, 0x6D, 0x00, 0x00, 0x20, 0x23, 0x00, 0x00, 0x00,
    0x00, 0x00, 0x00, 0x00, 0xFD, 0xFF, 0xFF, 0xFF, 0xFF, 0xED, 0xAA, 0xAA, 0xAA, 0xAA, 0xDD, 0x00,
    0x00, 0x00, 0x00, 0xDD, 0x00, 0x00, 0x00, 0x00, 0xDD, 0x00, 0x00, 0x00, 0x00, 0xDD, 0x00, 0x00,
    0x00, 0x00, 0xDD, 0x00, 0x00, 0x00, 0x00, 0xFD, 0xFF, 0xFF, 0xFF, 0xEF, 0xED, 0xAA, 0xAA, 0xAA,
    0x9A, 0xDD, 0x00, 0x00, 0x00, 0x00, 0xDD, 0x00, 0x00, 0x00, 0x00, 0xDD, 0x00, 0x00, 0x00, 0x00,
    0xDD, 0x00, 0x00, 0x00, 0x00, 0xDD, 0x00, 0x00, 0x00, 0x00, 0xDD, 0x00, 0x00, 0x00, 0x00, 0xED,
    0xAA, 0xAA, 0xAA, 0xAA, 0xFD, 0xFF, 0xFF, 0xFF, 0xEF,
    // Unicode: [0x0115]
    0x00, 0xE2, 0x3B, 0x11, 0xE5, 0x0A, 0x00, 0x00, 0x30, 0xFC, 0xFF, 0x9E, 0x01, 0x00, 0x00, 0x00,
    0x10, 0x23, 0x01, 0x00, 0x00, 0x00, 0x00, 0x00, 0x00, 0x00, 0x00, 0x00, 0x00, 0x00, 0x00, 0x00,
    0x00, 0x00, 0x00, 0x00, 0x20, 0xD9, 0xEF, 0x7C, 0x01, 0x00, 0x00, 0xF6, 0xBF, 0xA9, 0xFD, 0x3E,
    0x00, 0x60, 0xAF, 0x02, 0x00, 0x40, 0xED, 0x02, 0xE1, 0x0C, 0x00, 0x00, 0x00, 0xE2, 0x0B, 0xF7,
    0x26, 0x22, 0x22, 0x22, 0xA2, 0x1F, 0xFA, 0xFF, 0xFF, 0xFF, 0xFF, 0xFF, 0x4F, 0xEB, 0x44, 0x44,
    0x44, 0x44, 0x44, 0x24, 0xFA, 0x01, 0x00, 0x00, 0x00, 0x00, 0x00, 0xF7, 0x05, 0x00, 0x00, 0x00,
    0x50, 0x02, 0xE1, 0x1D, 0x00, 0x00, 0x00, 0xF3, 0x0A, 0x60, 0xBF, 0x02, 0x00, 0x50, 0xEE, 0x01,
    0x00, 0xF7, 0xAE, 0x98, 0xFC, 0x2D, 0x00, 0x00, 0x20, 0xD9, 0xEF, 0x6C, 0x01, 0x00,
    // Unicode: [0x0116]
    0x00, 0x10, 0xDC, 0x02, 0x00, 0x00, 0x40, 0xFF, 0x05, 0x00, 0x00, 0x00, 0x98, 0x01, 0x00, 0x00,
    0x00, 0x00, 0x00, 0x00, 0xFD, 0xFF, 0xFF, 0xFF, 0xFF, 0xED, 0xAA, 0xAA, 0xAA, 0xAA, 0xDD, 0x00,
    0x00, 0x00, 0x00, 0xDD, 0x00, 0x00, 0x00, 0x00, 0xDD, 0x00, 0x00, 0x00, 0x00, 0xDD, 0x00, 0x00,
    0x00, 0x00, 0xDD, 0x00, 0x00, 0x00, 0x00, 0xFD, 0xFF, 0xFF, 0xFF, 0xEF, 0xED, 0xAA, 0xAA, 0xAA,
    0x9A, 0xDD, 0x00, 0x00, 0x00, 0x00, 0xDD, 0x00, 0x00, 0x00, 0x00, 0xDD, 0x00, 0x00, 0x00, 0x00,
    0xDD, 0x00, 0x00, 0x00, 0x00, 0xDD, 0x00, 0x00, 0x00, 0x00, 0xDD, 0x00, 0x00, 0x00, 0x00, 0xED,
    0xAA, 0xAA, 0xAA, 0xAA, 0xFD, 0xFF, 0xFF, 0xFF, 0xEF,
    // Unicode: [0x0117]
    0x00, 0x00, 0x30, 0xBE, 0x00, 0x00, 0x00, 0x00, 0x00, 0x80, 0xFF, 0x01, 0x00, 0x00, 0x00, 0x00,
    0x10, 0x69, 0x00, 0x00, 0x00, 0x00, 0x00, 0x00, 0x00, 0x00, 0x00, 0x00, 0x00, 0x20, 0xD9, 0xEF,
    0x7C, 0x01, 0x00, 0x00, 0xF6, 0xBF, 0xA9, 0xFD, 0x3E, 0x00, 0x60, 0xAF, 0x02, 0x00, 0x40, 0xED,
    0x02, 0xE1, 0x0C, 0x00, 0x00, 0x00, 0xE2, 0x0B, 0xF7, 0x26, 0x22, 0x22, 0x22, 0xA2, 0x1F, 0xFA,
    0xFF, 0xFF, 0xFF, 0xFF, 0xFF, 0x4F, 0xEB, 0x44, 0x44, 0x44, 0x44, 0x44, 0x24, 0xFA, 0x01, 0x00,
    0x00, 0x00, 0x00, 0x00, 0xF7, 0x05, 0x00, 0x00, 0x00, 0x50, 0x02, 0xE1, 0x1D, 0x00, 0x00, 0x00,
    0xF3, 0x0A, 0x60, 0xBF, 0x02, 0x00, 0x50, 0xEE, 0x01, 0x00, 0xF7, 0xAE, 0x98, 0xFC, 0x2D, 0x00,
    0x00, 0x20, 0xD9, 0xEF, 0x6C, 0x01, 0x00,
    // Unicode: [0x0118]
    0xFD, 0xFF, 0xFF, 0xFF, 0xFF, 0xED, 0xAA, 0xAA, 0xAA, 0xAA, 0xDD, 0x00, 0x00, 0x00, 0x00, 0xDD,
    0x00, 0x00, 0x00, 0x00, 0xDD, 0x00, 0x00, 0x00, 0x00, 0xDD, 0x00, 0x00, 0x00, 0x00, 0xED, 0xAA,
    0xAA, 0xAA, 0x9A, 0xFD, 0xFF, 0xFF, 0xFF, 0xEF, 0xDD, 0x00, 0x00, 0x00, 0x00, 0xDD, 0x00, 0x00,
    0x00, 0x00, 0xDD, 0x00, 0x00, 0x00, 0x00, 0xDD, 0x00, 0x00, 0x00, 0x00, 0xDD, 0x00, 0x00, 0x00,
    0x00, 0xDD, 0x00, 0x00, 0x00, 0x00, 0xDD, 0x00, 0x00, 0x00, 0x00, 0xED, 0xAA, 0xAA, 0xAA, 0xAA,
    0xFD, 0xFF, 0xFF, 0xFF, 0xEF, 0x00, 0x00, 0x00, 0xD3, 0x03, 0x00, 0x00, 0x00, 0x8B, 0x00, 0x00,
    0x00, 0x00, 0xBB, 0x12, 0x00, 0x00, 0x00, 0xC3, 0xCE,
    // Unicode: [0x0119]
    0x00, 0x20, 0xD9, 0xEF, 0x7C, 0x01, 0x00, 0x00, 0xF6, 0xBF, 0xA9, 0xFD, 0x3E, 0x00, 0x50, 0xAF,
    0x02, 0x00, 0x40, 0xED, 0x02, 0xE1, 0x0C, 0x00, 0x00, 0x00, 0xE2, 0x0B, 0xF7, 0x26, 0x22, 0x22,
    0x22, 0xA2, 0x1F, 0xFA, 0xFF, 0xFF, 0xFF, 0xFF, 0xFF, 0x4F, 0xEB, 0x44, 0x44, 0x44, 0x44, 0x44,
    0x24, 0xFB, 0x01, 0x00, 0x00, 0x00, 0x00, 0x00, 0xF7, 0x05, 0x00, 0x00, 0x00, 0x50, 0x02, 0xF2,
    0x1D, 0x00, 0x00, 0x00, 0xF3, 0x0A, 0x70, 0xBF, 0x01, 0x00, 0x40, 0xEE, 0x02, 0x00, 0xF9, 0x9E,
    0x87, 0xFB, 0x2D, 0x00, 0x00, 0x40, 0xEA, 0xFF, 0x6B, 0x00, 0x00, 0x00, 0x00, 0x00, 0x6C, 0x00,
    0x00, 0x00, 0x00, 0x00, 0x30, 0x0F, 0x00, 0x00, 0x00, 0x00, 0x00, 0x30, 0x6F, 0x11, 0x00, 0x00,
    0x00, 0x00, 0x00, 0xD6, 0x5F, 0x00, 0x00,
    // Unicode: [0x011A]
    0x60, 0x27, 0x00, 0x71, 0x17, 0x20, 0xED, 0x23, 0xED, 0x04, 0x00, 0xC1, 0xEF, 0x3D, 0x00, 0x00,
    0x10, 0x77, 0x02, 0x00, 0x00, 0x00, 0x00, 0x00, 0x00, 0xFD, 0xFF, 0xFF, 0xFF, 0xFF, 0xED, 0xAA,
    0xAA, 0xAA, 0xAA, 0xDD, 0x00, 0x00, 0x00, 0x00, 0xDD, 0x00, 0x00, 0x00, 0x00, 0xDD, 0x00, 0x00,
    0x00, 0x00, 0xDD, 0x00, 0x00, 0x00, 0x00, 0xDD, 0x00, 0x00, 0x00, 0x00, 0xFD, 0xFF, 0xFF, 0xFF,
    0xEF, 0xED, 0xAA, 0xAA, 0xAA, 0x9A, 0xDD, 0x00, 0x00, 0x00, 0x00, 0xDD, 0x00, 0x00, 0x00, 0x00,
    0xDD, 0x00, 0x00, 0x00, 0x00, 0xDD, 0x00, 0x00, 0x00, 0x00, 0xDD, 0x00, 0x00, 0x00, 0x00, 0xDD,
    0x00, 0x00, 0x00, 0x00, 0xED, 0xAA, 0xAA, 0xAA, 0xAA, 0xFD, 0xFF, 0xFF, 0xFF, 0xEF,
    // Unicode: [0x011B]
    0x00, 0x80, 0x9F, 0x00, 0xF6, 0x1C, 0x00, 0x00, 0x00, 0xF6, 0x8B, 0xAF, 0x01, 0x00, 0x00, 0x00,
    0x40, 0xFE, 0x08, 0x00, 0x00, 0x00, 0x00, 0x00, 0x00, 0x00, 0x00, 0x00, 0x00, 0x00, 0x00, 0x00,
    0x00, 0x00, 0x00, 0x00, 0x20, 0xD9, 0xEF, 0x7C, 0x01, 0x00, 0x00, 0xF6, 0xBF, 0xA9, 0xFD, 0x3E,
    0x00, 0x60, 0xAF, 0x02, 0x00, 0x40, 0xED, 0x02, 0xE1, 0x0C, 0x00, 0x00, 0x00, 0xE2, 0x0B, 0xF7,
    0x26, 0x22, 0x22, 0x22, 0xA2, 0x1F, 0xFA, 0xFF, 0xFF, 0xFF, 0xFF, 0xFF, 0x4F, 0xEB, 0x44, 0x44,
    0x44, 0x44, 0x44, 0x24, 0xFA, 0x01, 0x00, 0x00, 0x00, 0x00, 0x00, 0xF7, 0x05, 0x00, 0x00, 0x00,
    0x50, 0x02, 0xE1, 0x1D, 0x00, 0x00, 0x00, 0xF3, 0x0A, 0x60, 0xBF, 0x02, 0x00, 0x50, 0xEE, 0x01,
    0x00, 0xF7, 0xAE, 0x98, 0xFC, 0x2D, 0x00, 0x00, 0x20, 0xD9, 0xEF, 0x6C, 0x01, 0x00,
    // Unicode: [0x011C]
    0x00, 0x00, 0x00, 0x00, 0xF8, 0x4E, 0x00, 0x00, 0x00, 0x00, 0x00, 0x00, 0x00, 0xA1, 0x8F, 0xFB,
    0x05, 0x00, 0x00, 0x00, 0x00, 0x00, 0x10, 0xFC, 0x05, 0xA0, 0x7F, 0x00, 0x00, 0x00, 0x00, 0x00,
    0x00, 0x00, 0x00, 0x00, 0x00, 0x00, 0x00, 0x00, 0x00, 0x00, 0x00, 0x00, 0x00, 0x00, 0x00, 0x00,
    0x00, 0x00, 0x00, 0x00, 0x10, 0xA6, 0xED, 0xDE, 0x7B, 0x02, 0x00, 0x00, 0x00, 0x00, 0xE7, 0xFF,
    0xCD, 0xDB, 0xFF, 0x9F, 0x02, 0x00, 0x00, 0xA0, 0xFF, 0x38, 0x00, 0x00, 0x61, 0xFC, 0x4E, 0x00,
    0x00, 0xF9, 0x2C, 0x00, 0x00, 0x00, 0x00, 0x60, 0x6E, 0x00, 0x50, 0xDF, 0x01, 0x00, 0x00, 0x00,
    0x00, 0x00, 0x01, 0x00, 0xC0, 0x3F, 0x00, 0x00, 0x00, 0x00, 0x00, 0x00, 0x00, 0x00, 0xF2, 0x0B,
    0x00, 0x00, 0x00, 0x00, 0x00, 0x00, 0x00, 0x00, 0xF5, 0x08, 0x00, 0x00, 0x00, 0x00, 0x00, 0x00,
    0x00, 0x00, 0xF6, 0x07, 0x00, 0x00, 0x00, 0x40, 0xAA, 0xAA, 0xAA, 0x09, 0xF5, 0x08, 0x00, 0x00,
    0x00, 0x70, 0xFF, 0xFF, 0xFF, 0x0D, 0xF2, 0x0C, 0x00, 0x00, 0x00, 0x00, 0x00, 0x00, 0xF1, 0x0B,
    0xC0, 0x4F, 0x00, 0x00, 0x00, 0x00, 0x00, 0x00, 0xF6, 0x07, 0x40, 0xDF, 0x01, 0x00, 0x00, 0x00,
    0x00, 0x10, 0xFD, 0x01, 0x00, 0xF9, 0x2C, 0x00, 0x00, 0x00, 0x00, 0xA0, 0x8F, 0x00, 0x00, 0xA0,
    0xEF, 0x17, 0x00, 0x00, 0x40, 0xFD, 0x0A, 0x00, 0x00, 0x00, 0xE6, 0xFF, 0xAC, 0xB9, 0xFE, 0x8F,
    0x00, 0x00, 0x00, 0x00, 0x10, 0xA6, 0xED, 0xEF, 0x8B, 0x02, 0x00, 0x00,
    // Unicode: [0x011D]
    0x00, 0x00, 0x60, 0xFF, 0x06, 0x00, 0x00, 0x00, 0x00, 0xF8, 0x9A, 0x8F, 0x00, 0x00, 0x00, 0xA0,
    0x8F, 0x00, 0xF7, 0x09, 0x00, 0x00, 0x00, 0x00, 0x00, 0x00, 0x00, 0x00, 0x00, 0x00, 0x00, 0x00,
    0x00, 0x00, 0x00, 0x00, 0x10, 0xC8, 0xEE, 0x6C, 0x00, 0xAF, 0x00, 0xE4, 0xDF, 0x9A, 0xFC, 0x2C,
    0xAF, 0x30, 0xEE, 0x05, 0x00, 0x30, 0xDD, 0xAF, 0xD0, 0x3E, 0x00, 0x00, 0x00, 0xD1, 0xAF, 0xF4,
    0x08, 0x00, 0x00, 0x00, 0x60, 0xAF, 0xF8, 0x02, 0x00, 0x00, 0x00, 0x10, 0xAF, 0xFA, 0x00, 0x00,
    0x00, 0x00, 0x00, 0xAE, 0xF9, 0x01, 0x00, 0x00, 0x00, 0x10, 0xAF, 0xF5, 0x06, 0x00, 0x00, 0x00,
    0x40, 0xAF, 0xD1, 0x1D, 0x00, 0x00, 0x00, 0xC0, 0xAF, 0x40, 0xCF, 0x02, 0x00, 0x20, 0xEB, 0x9F,
    0x00, 0xF5, 0xBF, 0x88, 0xFB, 0x3D, 0x8F, 0x00, 0x20, 0xD9, 0xEF, 0x7C, 0x20, 0x6F, 0x52, 0x02,
    0x00, 0x00, 0x00, 0x80, 0x2F, 0xD1, 0x4E, 0x00, 0x00, 0x00, 0xF6, 0x08, 0x20, 0xFC, 0x9D, 0x88,
    0xD9, 0x9F, 0x00, 0x00, 0x50, 0xDA, 0xFE, 0xAD, 0x04, 0x00,
    // Unicode: [0x011E]
    0x00, 0x00, 0x40, 0x07, 0x00, 0x10, 0x47, 0x00, 0x00, 0x00, 0x00, 0x00, 0x30, 0xBF, 0x13, 0xB2,
    0x2F, 0x00, 0x00, 0x00, 0x00, 0x00, 0x00, 0xC4, 0xFF, 0xCF, 0x04, 0x00, 0x00, 0x00, 0x00, 0x00,
    0x00, 0x00, 0x31, 0x01, 0x00, 0x00, 0x00, 0x00, 0x00, 0x00, 0x00, 0x00, 0x00, 0x00, 0x00, 0x00,
    0x00, 0x00, 0x00, 0x00, 0x20, 0xB7, 0xFD, 0xDE, 0x6A, 0x01, 0x00, 0x00, 0x00, 0x10, 0xF9, 0xFF,
    0xBC, 0xDB, 0xFF, 0x7E, 0x01, 0x00, 0x00, 0xD2, 0xDF, 0x16, 0x00, 0x00, 0x72, 0xFE, 0x2C, 0x00,
    0x10, 0xFD, 0x1A, 0x00, 0x00, 0x00, 0x00, 0x81, 0x4E, 0x00, 0x80, 0xAF, 0x00, 0x00, 0x00, 0x00,
    0x00, 0x00, 0x01, 0x00, 0xF1, 0x1E, 0x00, 0x00, 0x00, 0x00, 0x00, 0x00, 0x00, 0x00, 0xF6, 0x08,
    0x00, 0x00, 0x00, 0x00, 0x00, 0x00, 0x00, 0x00, 0xF8, 0x04, 0x00, 0x00, 0x00, 0x00, 0x00, 0x00,
    0x00, 0x00, 0xF9, 0x03, 0x00, 0x00, 0x00, 0x70, 0xAA, 0xAA, 0xAA, 0x07, 0xF8, 0x04, 0x00, 0x00,
    0x00, 0xA0, 0xFF, 0xFF, 0xFF, 0x0A, 0xF6, 0x08, 0x00, 0x00, 0x00, 0x00, 0x00, 0x00, 0xF5, 0x08,
    0xF1, 0x1E, 0x00, 0x00, 0x00, 0x00, 0x00, 0x00, 0xF9, 0x04, 0x80, 0xAF, 0x00, 0x00, 0x00, 0x00,
    0x00, 0x20, 0xCF, 0x00, 0x10, 0xFC, 0x1A, 0x00, 0x00, 0x00, 0x00, 0xD2, 0x4F, 0x00, 0x00, 0xD2,
    0xDF, 0x06, 0x00, 0x00, 0x60, 0xFE, 0x07, 0x00, 0x00, 0x10, 0xF9, 0xFF, 0xAB, 0xBA, 0xFE, 0x5E,
    0x00, 0x00, 0x00, 0x00, 0x10, 0xB7, 0xED, 0xDF, 0x6B, 0x01, 0x00, 0x00,
    // Unicode: [0x011F]
    0x00, 0x90, 0x6E, 0x12, 0xA2, 0x2F, 0x00, 0x00, 0x00, 0xE9, 0xFF, 0xCF, 0x04, 0x00, 0x00, 0x00,
    0x00, 0x32, 0x01, 0x00, 0x00, 0x00, 0x00, 0x00, 0x00, 0x00, 0x00, 0x00, 0x00, 0x00, 0x00, 0x00,
    0x00, 0x00, 0x00, 0x00, 0x10, 0xC8, 0xEE, 0x6C, 0x00, 0xAF, 0x00, 0xE4, 0xDF, 0x9A, 0xFC, 0x2C,
    0xAF, 0x30, 0xEE, 0x05, 0x00, 0x30, 0xDD, 0xAF, 0xD0, 0x3E, 0x00, 0x00, 0x00, 0xD1, 0xAF, 0xF4,
    0x08, 0x00, 0x00, 0x00, 0x60, 0xAF, 0xF8, 0x02, 0x00, 0x00, 0x00, 0x10, 0xAF, 0xFA, 0x00, 0x00,
    0x00, 0x00, 0x00, 0xAE, 0xF9, 0x01, 0x00, 0x00, 0x00, 0x10, 0xAF, 0xF5, 0x06, 0x00, 0x00, 0x00,
    0x40, 0xAF, 0xD1, 0x1D, 0x00, 0x00, 0x00, 0xC0, 0xAF, 0x40, 0xCF, 0x02, 0x00, 0x20, 0xEB, 0x9F,
    0x00, 0xF5, 0xBF, 0x88, 0xFB, 0x3D, 0x8F, 0x00, 0x20, 0xD9, 0xEF, 0x7C, 0x20, 0x6F, 0x52, 0x02,
    0x00, 0x00, 0x00, 0x80, 0x2F, 0xD1, 0x4E, 0x00, 0x00, 0x00, 0xF6, 0x08, 0x20, 0xFC, 0x9D, 0x88,
    0xD9, 0x9F, 0x00, 0x00, 0x50, 0xDA, 0xFE, 0xAD, 0x04, 0x00,
    // Unicode: [0x0120]
    0x00, 0x00, 0x00, 0x00, 0x91, 0x08, 0x00, 0x00, 0x00, 0x00, 0x00, 0x00, 0x00, 0x00, 0xF6, 0x3F,
    0x00, 0x00, 0x00, 0x00, 0x00, 0x00, 0x00, 0x00, 0xD2, 0x1C, 0x00, 0x00, 0x00, 0x00, 0x00, 0x00,
    0x00, 0x00, 0x00, 0x00, 0x00, 0x00, 0x00, 0x00, 0x00, 0x00, 0x00, 0x00, 0x00, 0x00, 0x00, 0x00,
    0x00, 0x00, 0x00, 0x00, 0x10, 0xA6, 0xED, 0xDE, 0x7B, 0x02, 0x00, 0x00, 0x00, 0x00, 0xE7, 0xFF,
    0xCD, 0xDB, 0xFF, 0x9F, 0x02, 0x00, 0x00, 0xA0, 0xFF, 0x38, 0x00, 0x00, 0x61, 0xFC, 0x4E, 0x00,
    0x00, 0xF9, 0x2C, 0x00, 0x00, 0x00, 0x00, 0x60, 0x6E, 0x00, 0x50, 0xDF, 0x01, 0x00, 0x00, 0x00,
    0x00, 0x00, 0x01, 0x00, 0xC0, 0x3F, 0x00, 0x00, 0x00, 0x00, 0x00, 0x00, 0x00, 0x00, 0xF2, 0x0B,
    0x00, 0x00, 0x00, 0x00, 0x00, 0x00, 0x00, 0x00, 0xF5, 0x08, 0x00, 0x00, 0x00, 0x00, 0x00, 0x00,
    0x00, 0x00, 0xF6, 0x07, 0x00, 0x00, 0x00, 0x40, 0xAA, 0xAA, 0xAA, 0x09, 0xF5, 0x08, 0x00, 0x00,
    0x00, 0x70, 0xFF, 0xFF, 0xFF, 0x0D, 0xF2, 0x0C, 0x00, 0x00, 0x00, 0x00, 0x00, 0x00, 0xF1, 0x0B,
    0xC0, 0x4F, 0x00, 0x00, 0x00, 0x00, 0x00, 0x00, 0xF6, 0x07, 0x40, 0xDF, 0x01, 0x00, 0x00, 0x00,
    0x00, 0x10, 0xFD, 0x01, 0x00, 0xF9, 0x2C, 0x00, 0x00, 0x00, 0x00, 0xA0, 0x8F, 0x00, 0x00, 0xA0,
    0xEF, 0x17, 0x00, 0x00, 0x40, 0xFD, 0x0A, 0x00, 0x00, 0x00, 0xE6, 0xFF, 0xAC, 0xB9, 0xFE, 0x8F,
    0x00, 0x00, 0x00, 0x00, 0x10, 0xA6, 0xED, 0xEF, 0x8B, 0x02, 0x00, 0x00,
    // Unicode: [0x0121]
    0x00, 0x00, 0x00, 0xEA, 0x04, 0x00, 0x00, 0x00, 0x00, 0x10, 0xFF, 0x09, 0x00, 0x00, 0x00, 0x00,
    0x00, 0xA6, 0x02, 0x00, 0x00, 0x00, 0x00, 0x00, 0x00, 0x00, 0x00, 0x00, 0x00, 0x10, 0xC8, 0xEE,
    0x6C, 0x00, 0xAF, 0x00, 0xE4, 0xDF, 0x9A, 0xFC, 0x2C, 0xAF, 0x30, 0xEE, 0x05, 0x00, 0x30, 0xDD,
    0xAF, 0xD0, 0x3E, 0x00, 0x00, 0x00, 0xD1, 0xAF, 0xF4, 0x08, 0x00, 0x00, 0x00, 0x60, 0xAF, 0xF8,
    0x02, 0x00, 0x00, 0x00, 0x10, 0xAF, 0xFA, 0x00, 0x00, 0x00, 0x00, 0x00, 0xAE, 0xF9, 0x01, 0x00,
    0x00, 0x00, 0x10, 0xAF, 0xF5, 0x06, 0x00, 0x00, 0x00, 0x40, 0xAF, 0xD1, 0x1D, 0x00, 0x00, 0x00,
    0xC0, 0xAF, 0x40, 0xCF, 0x02, 0x00, 0x20, 0xEB, 0x9F, 0x00, 0xF5, 0xBF, 0x88, 0xFB, 0x3D, 0x8F,
    0x00, 0x20, 0xD9, 0xEF, 0x7C, 0x20, 0x6F, 0x52, 0x02, 0x00, 0x00, 0x00, 0x80, 0x2F, 0xD1, 0x4E,
    0x00, 0x00, 0x00, 0xF6, 0x08, 0x20, 0xFC, 0x9D, 0x88, 0xD9, 0x9F, 0x00, 0x00, 0x50, 0xDA, 0xFE,
    0xAD, 0x04, 0x00,
    // Unicode: [0x0122]
    0x00, 0x00, 0x10, 0xA6, 0xED, 0xDE, 0x6B, 0x02, 0x00, 0x00, 0x00, 0x00, 0xE7, 0xFF, 0xCD, 0xDB,
    0xFF, 0x9F, 0x01, 0x00, 0x00, 0xA0, 0xFF, 0x38, 0x00, 0x00, 0x61, 0xFC, 0x4E, 0x00, 0x00, 0xF9,
    0x2C, 0x00, 0x00, 0x00, 0x00, 0x60, 0x7E, 0x00, 0x50, 0xDF, 0x01, 0x00, 0x00, 0x00, 0x00, 0x00,
    0x01, 0x00, 0xC0, 0x3F, 0x00, 0x00, 0x00, 0x00, 0x00, 0x00, 0x00, 0x00, 0xF2, 0x0B, 0x00, 0x00,
    0x00, 0x00, 0x00, 0x00, 0x00, 0x00, 0xF5, 0x08, 0x00, 0x00, 0x00, 0x00, 0x00, 0x00, 0x00, 0x00,
    0xF6, 0x07, 0x00, 0x00, 0x00, 0x40, 0xAA, 0xAA, 0xAA, 0x09, 0xF5, 0x08, 0x00, 0x00, 0x00, 0x70,
    0xFF, 0xFF, 0xFF, 0x0D, 0xF2, 0x0C, 0x00, 0x00, 0x00, 0x00, 0x00, 0x00, 0xF1, 0x0B, 0xC0, 0x4F,
    0x00, 0x00, 0x00, 0x00, 0x00, 0x00, 0xF6, 0x07, 0x40, 0xDF, 0x01, 0x00, 0x00, 0x00, 0x00, 0x10,
    0xFD, 0x02, 0x00, 0xF9, 0x2C, 0x00, 0x00, 0x00, 0x00, 0xA0, 0x8F, 0x00, 0x00, 0xA0, 0xEF, 0x17,
    0x00, 0x00, 0x40, 0xFC, 0x0B, 0x00, 0x00, 0x00, 0xE7, 0xFF, 0xAC, 0xA9, 0xFD, 0x9F, 0x00, 0x00,
    0x00, 0x00, 0x10, 0xA6, 0xFD, 0xEF, 0x8C, 0x02, 0x00, 0x00, 0x00, 0x00, 0x00, 0x00, 0xA0, 0x06,
    0x00, 0x00, 0x00, 0x00, 0x00, 0x00, 0x00, 0x00, 0xA0, 0xCE, 0x00, 0x00, 0x00, 0x00, 0x00, 0x00,
    0x00, 0x10, 0x01, 0xE8, 0x00, 0x00, 0x00, 0x00, 0x00, 0x00, 0x00, 0x50, 0xEE, 0x4C, 0x00, 0x00,
    0x00, 0x00,
    // Unicode: [0x0123]
    0x00, 0x00, 0x00, 0x10, 0x00, 0x00, 0x00, 0x00, 0x00, 0x00, 0xD3, 0x00, 0x00, 0x00, 0x00, 0x00,
    0x00, 0x89, 0x00, 0x00, 0x00, 0x00, 0x00, 0x00, 0x4C, 0x00, 0x00, 0x00, 0x00, 0x00, 0x00, 0xFD,
    0x04, 0x00, 0x00, 0x00, 0x00, 0x00, 0xFD, 0x04, 0x00, 0x00, 0x00, 0x00, 0x00, 0xFD, 0x04, 0x00,
    0x00, 0x00, 0x00, 0x00, 0x32, 0x01, 0x00, 0x00, 0x00, 0x00, 0x00, 0x00, 0x00, 0x00, 0x00, 0x00,
    0x10, 0xC8, 0xEE, 0x6C, 0x00, 0xAF, 0x00, 0xE4, 0xDF, 0x9A, 0xFC, 0x2C, 0xAF, 0x30, 0xEE, 0x05,
    0x00, 0x30, 0xDD, 0xAF, 0xD0, 0x3E, 0x00, 0x00, 0x00, 0xD1, 0xAF, 0xF4, 0x08, 0x00, 0x00, 0x00,
    0x60, 0xAF, 0xF8, 0x02, 0x00, 0x00, 0x00, 0x10, 0xAF, 0xFA, 0x00, 0x00, 0x00, 0x00, 0x00, 0xAE,
    0xF9, 0x01, 0x00, 0x00, 0x00, 0x10, 0xAF, 0xF5, 0x06, 0x00, 0x00, 0x00, 0x40, 0xAF, 0xD1, 0x1D,
    0x00, 0x00, 0x00, 0xC0, 0xAF, 0x40, 0xCF, 0x02, 0x00, 0x20, 0xEB, 0x9F, 0x00, 0xF5, 0xBF, 0x88,
    0xFB, 0x3D, 0x8F, 0x00, 0x20, 0xD9, 0xEF, 0x7C, 0x20, 0x6F, 0x52, 0x02, 0x00, 0x00, 0x00, 0x80,
    0x2F, 0xD1, 0x4E, 0x00, 0x00, 0x00, 0xF6, 0x08, 0x20, 0xFC, 0x9D, 0x88, 0xD9, 0x9F, 0x00, 0x00,
    0x50, 0xDA, 0xFE, 0xAD, 0x04, 0x00,
    // Unicode: [0x0124]
    0x00, 0x00, 0x60, 0x28, 0x00, 0x00, 0x00, 0x00, 0x10, 0xFA, 0xEE, 0x04, 0x00, 0x00, 0x00, 0xC1,
    0x5F, 0xB1, 0x5F, 0x00, 0x00, 0x00, 0x86, 0x03, 0x00, 0x77, 0x01, 0x00, 0x00, 0x00, 0x00, 0x00,
    0x00, 0x00, 0x00, 0xCE, 0x00, 0x00, 0x00, 0x00, 0xF6, 0x04, 0xCE, 0x00, 0x00, 0x00, 0x00, 0xF6,
    0x04, 0xCE, 0x00, 0x00, 0x00, 0x00, 0xF6, 0x04, 0xCE, 0x00, 0x00, 0x00, 0x00, 0xF6, 0x04, 0xCE,
    0x00, 0x00, 0x00, 0x00, 0xF6, 0x04, 0xCE, 0x00, 0x00, 0x00, 0x00, 0xF6, 0x04, 0xCE, 0x00, 0x00,
    0x00, 0x00, 0xF6, 0x04, 0xFE, 0xFF, 0xFF, 0xFF, 0xFF, 0xFF, 0x04, 0xEE, 0xAA, 0xAA, 0xAA, 0xAA,
    0xFC, 0x04, 0xCE, 0x00, 0x00, 0x00, 0x00, 0xF6, 0x04, 0xCE, 0x00, 0x00, 0x00, 0x00, 0xF6, 0x04,
    0xCE, 0x00, 0x00, 0x00, 0x00, 0xF6, 0x04, 0xCE, 0x00, 0x00, 0x00, 0x00, 0xF6, 0x04, 0xCE, 0x00,
    0x00, 0x00, 0x00, 0xF6, 0x04, 0xCE, 0x00, 0x00, 0x00, 0x00, 0xF6, 0x04, 0xCE, 0x00, 0x00, 0x00,
    0x00, 0xF6, 0x04, 0xCE, 0x00, 0x00, 0x00, 0x00, 0xF6, 0x04,
    // Unicode: [0x0125]
    0x00, 0x00, 0x60, 0x38, 0x00, 0x00, 0x00, 0x00, 0xF9, 0xFE, 0x05, 0x00, 0x00, 0xB1, 0x7F, 0xA1,
    0x7F, 0x00, 0x00, 0x85, 0x04, 0x00, 0x76, 0x02, 0xF3, 0x07, 0x00, 0x00, 0x00, 0x00, 0xF3, 0x07,
    0x00, 0x00, 0x00, 0x00, 0xF3, 0x07, 0x00, 0x00, 0x00, 0x00, 0xF3, 0x07, 0x00, 0x00, 0x00, 0x00,
    0xF3, 0x07, 0x00, 0x00, 0x00, 0x00, 0xF3, 0x07, 0xA3, 0xEE, 0x6C, 0x00, 0xF3, 0x77, 0xCF, 0x88,
    0xFD, 0x09, 0xF3, 0xED, 0x05, 0x00, 0xA0, 0x4F, 0xF3, 0x5F, 0x00, 0x00, 0x10, 0xAF, 0xF3, 0x0D,
    0x00, 0x00, 0x00, 0xDC, 0xF3, 0x09, 0x00, 0x00, 0x00, 0xEB, 0xF3, 0x08, 0x00, 0x00, 0x00, 0xEB,
    0xF3, 0x07, 0x00, 0x00, 0x00, 0xEB, 0xF3, 0x07, 0x00, 0x00, 0x00, 0xEB, 0xF3, 0x07, 0x00, 0x00,
    0x00, 0xEB, 0xF3, 0x07, 0x00, 0x00, 0x00, 0xEB, 0xF3, 0x07, 0x00, 0x00, 0x00, 0xEB, 0xF3, 0x07,
    0x00, 0x00, 0x00, 0xEB,
    // Unicode: [0x0126]
    0x00, 0xCE, 0x00, 0x00, 0x00, 0x00, 0xF6, 0x04, 0x00, 0xCE, 0x00, 0x00, 0x00, 0x00, 0xF6, 0x04,
    0x94, 0xEE, 0x99, 0x99, 0x99, 0x99, 0xFC, 0x8B, 0xF7, 0xFF, 0xFF, 0xFF, 0xFF, 0xFF, 0xFF, 0xDF,
    0x00, 0xCE, 0x00, 0x00, 0x00, 0x00, 0xF6, 0x04, 0x00, 0xCE, 0x00, 0x00, 0x00, 0x00, 0xF6, 0x04,
    0x00, 0xCE, 0x00, 0x00, 0x00, 0x00, 0xF6, 0x04, 0x00, 0xFE, 0xFF, 0xFF, 0xFF, 0xFF, 0xFF, 0x04,
    0x00, 0xEE, 0xAA, 0xAA, 0xAA, 0xAA, 0xFC, 0x04, 0x00, 0xCE, 0x00, 0x00, 0x00, 0x00, 0xF6, 0x04,
    0x00, 0xCE, 0x00, 0x00, 0x00, 0x00, 0xF6, 0x04, 0x00, 0xCE, 0x00, 0x00, 0x00, 0x00, 0xF6, 0x04,
    0x00, 0xCE, 0x00, 0x00, 0x00, 0x00, 0xF6, 0x04, 0x00, 0xCE, 0x00, 0x00, 0x00, 0x00, 0xF6, 0x04,
    0x00, 0xCE, 0x00, 0x00, 0x00, 0x00, 0xF6, 0x04, 0x00, 0xCE, 0x00, 0x00, 0x00, 0x00, 0xF6, 0x04,
    0x00, 0xCE, 0x00, 0x00, 0x00, 0x00, 0xF6, 0x04,
    // Unicode: [0x0127]
    0x30, 0x7F, 0x00, 0x00, 0x00, 0x00, 0x00, 0x41, 0x8F, 0x11, 0x11, 0x00, 0x00, 0x00, 0xFE, 0xFF,
    0xFF, 0xDF, 0x00, 0x00, 0x00, 0x64, 0x9F, 0x44, 0x34, 0x00, 0x00, 0x00, 0x30, 0x7F, 0x00, 0x00,
    0x00, 0x00, 0x00, 0x30, 0x7F, 0x30, 0xEA, 0xCE, 0x06, 0x00, 0x30, 0x7F, 0xF7, 0x8C, 0xD9, 0x9F,
    0x00, 0x30, 0xDF, 0x5E, 0x00, 0x00, 0xFA, 0x05, 0x30, 0xFF, 0x05, 0x00, 0x00, 0xF1, 0x0A, 0x30,
    0xDF, 0x00, 0x00, 0x00, 0xC0, 0x0D, 0x30, 0x9F, 0x00, 0x00, 0x00, 0xB0, 0x0E, 0x30, 0x8F, 0x00,
    0x00, 0x00, 0xB0, 0x0E, 0x30, 0x7F, 0x00, 0x00, 0x00, 0xB0, 0x0E, 0x30, 0x7F, 0x00, 0x00, 0x00,
    0xB0, 0x0E, 0x30, 0x7F, 0x00, 0x00, 0x00, 0xB0, 0x0E, 0x30, 0x7F, 0x00, 0x00, 0x00, 0xB0, 0x0E,
    0x30, 0x7F, 0x00, 0x00, 0x00, 0xB0, 0x0E, 0x30, 0x7F, 0x00, 0x00, 0x00, 0xB0, 0x0E,
    // Unicode: [0x0128]
    0x91, 0xEE, 0x39, 0x41, 0x04, 0xF5, 0x9A, 0xFE, 0xFF, 0x0B, 0x30, 0x00, 0x61, 0x58, 0x00, 0x00,
    0x00, 0x00, 0x00, 0x00, 0x00, 0x20, 0x9F, 0x00, 0x00, 0x00, 0x20, 0x9F, 0x00, 0x00, 0x00, 0x20,
    0x9F, 0x00, 0x00, 0x00, 0x20, 0x9F, 0x00, 0x00, 0x00, 0x20, 0x9F, 0x00, 0x00, 0x00, 0x20, 0x9F,
    0x00, 0x00, 0x00, 0x20, 0x9F, 0x00, 0x00, 0x00, 0x20, 0x9F, 0x00, 0x00, 0x00, 0x20, 0x9F, 0x00,
    0x00, 0x00, 0x20, 0x9F, 0x00, 0x00, 0x00, 0x20, 0x9F, 0x00, 0x00, 0x00, 0x20, 0x9F, 0x00, 0x00,
    0x00, 0x20, 0x9F, 0x00, 0x00, 0x00, 0x20, 0x9F, 0x00, 0x00, 0x00, 0x20, 0x9F, 0x00, 0x00, 0x00,
    0x20, 0x9F, 0x00, 0x00, 0x00, 0x20, 0x9F, 0x00, 0x00,
    // Unicode: [0x0129]
    0x00, 0x00, 0x00, 0x61, 0x00, 0xD7, 0xFF, 0xFF, 0xFF, 0x05, 0x83, 0x88, 0x88, 0x68, 0x03, 0x00,
    0x00, 0x00, 0x00, 0x00, 0x00, 0x00, 0x00, 0x00, 0x00, 0x00, 0x60, 0x4F, 0x00, 0x00, 0x00, 0x60,
    0x4F, 0x00, 0x00, 0x00, 0x60, 0x4F, 0x00, 0x00, 0x00, 0x60, 0x4F, 0x00, 0x00, 0x00, 0x60, 0x4F,
    0x00, 0x00, 0x00, 0x60, 0x4F, 0x00, 0x00, 0x00, 0x60, 0x4F, 0x00, 0x00, 0x00, 0x60, 0x4F, 0x00,
    0x00, 0x00, 0x60, 0x4F, 0x00, 0x00, 0x00, 0x60, 0x4F, 0x00, 0x00, 0x00, 0x60, 0x4F, 0x00, 0x00,
    0x00, 0x60, 0x4F, 0x00, 0x00, 0x00, 0x60, 0x4F, 0x00, 0x00,
    // Unicode: [0x012A]
    0x10, 0x11, 0x11, 0x11, 0x01, 0xF5, 0xFF, 0xFF, 0xFF, 0x0C, 0x41, 0x44, 0x44, 0x44, 0x03, 0x00,
    0x00, 0x00, 0x00, 0x00, 0x00, 0x00, 0x00, 0x00, 0x00, 0x00, 0x20, 0x9F, 0x00, 0x00, 0x00, 0x20,
    0x9F, 0x00, 0x00, 0x00, 0x20, 0x9F, 0x00, 0x00, 0x00, 0x20, 0x9F, 0x00, 0x00, 0x00, 0x20, 0x9F,
    0x00, 0x00, 0x00, 0x20, 0x9F, 0x00, 0x00, 0x00, 0x20, 0x9F, 0x00, 0x00, 0x00, 0x20, 0x9F, 0x00,
    0x00, 0x00, 0x20, 0x9F, 0x00, 0x00, 0x00, 0x20, 0x9F, 0x00, 0x00, 0x00, 0x20, 0x9F, 0x00, 0x00,
    0x00, 0x20, 0x9F, 0x00, 0x00, 0x00, 0x20, 0x9F, 0x00, 0x00, 0x00, 0x20, 0x9F, 0x00, 0x00, 0x00,
    0x20, 0x9F, 0x00, 0x00, 0x00, 0x20, 0x9F, 0x00, 0x00, 0x00, 0x20, 0x9F, 0x00, 0x00,
    // Unicode: [0x012B]
    0xFE, 0xFF, 0x0D, 0x65, 0x66, 0x05, 0x00, 0x00, 0x00, 0x00, 0x00, 0x00, 0x60, 0x4F, 0x00, 0x60,
    0x4F, 0x00, 0x60, 0x4F, 0x00, 0x60, 0x4F, 0x00, 0x60, 0x4F, 0x00, 0x60, 0x4F, 0x00, 0x60, 0x4F,
    0x00, 0x60, 0x4F, 0x00, 0x60, 0x4F, 0x00, 0x60, 0x4F, 0x00, 0x60, 0x4F, 0x00, 0x60, 0x4F, 0x00,
    0x60, 0x4F, 0x00,
    // Unicode: [0x012C]
    0xF3, 0x3A, 0x11, 0xE6, 0x09, 0x40, 0xFC, 0xFF, 0x8E, 0x00, 0x00, 0x10, 0x23, 0x00, 0x00, 0x00,
    0x00, 0x00, 0x00, 0x00, 0x00, 0x20, 0x9F, 0x00, 0x00, 0x00, 0x20, 0x9F, 0x00, 0x00, 0x00, 0x20,
    0x9F, 0x00, 0x00, 0x00, 0x20, 0x9F, 0x00, 0x00, 0x00, 0x20, 0x9F, 0x00, 0x00, 0x00, 0x20, 0x9F,
    0x00, 0x00, 0x00, 0x20, 0x9F, 0x00, 0x00, 0x00, 0x20, 0x9F, 0x00, 0x00, 0x00, 0x20, 0x9F, 0x00,
    0x00, 0x00, 0x20, 0x9F, 0x00, 0x00, 0x00, 0x20, 0x9F, 0x00, 0x00, 0x00, 0x20, 0x9F, 0x00, 0x00,
    0x00, 0x20, 0x9F, 0x00, 0x00, 0x00, 0x20, 0x9F, 0x00, 0x00, 0x00, 0x20, 0x9F, 0x00, 0x00, 0x00,
    0x20, 0x9F, 0x00, 0x00, 0x00, 0x20, 0x9F, 0x00, 0x00,
    // Unicode: [0x012D]
    0xF7, 0x27, 0x21, 0xF9, 0x04, 0x70, 0xFD, 0xFF, 0x5D, 0x00, 0x00, 0x20, 0x23, 0x00, 0x00, 0x00,
    0x00, 0x00, 0x00, 0x00, 0x00, 0x00, 0x00, 0x00, 0x00, 0x00, 0x60, 0x4F, 0x00, 0x00, 0x00, 0x60,
    0x4F, 0x00, 0x00, 0x00, 0x60, 0x4F, 0x00, 0x00, 0x00, 0x60, 0x4F, 0x00, 0x00, 0x00, 0x60, 0x4F,
    0x00, 0x00, 0x00, 0x60, 0x4F, 0x00, 0x00, 0x00, 0x60, 0x4F, 0x00, 0x00, 0x00, 0x60, 0x4F, 0x00,
    0x00, 0x00, 0x60, 0x4F, 0x00, 0x00, 0x00, 0x60, 0x4F, 0x00, 0x00, 0x00, 0x60, 0x4F, 0x00, 0x00,
    0x00, 0x60, 0x4F, 0x00, 0x00, 0x00, 0x60, 0x4F, 0x00, 0x00,
    // Unicode: [0x012E]
    0x20, 0x9F, 0x00, 0x20, 0x9F, 0x00, 0x20, 0x9F, 0x00, 0x20, 0x9F, 0x00, 0x20, 0x9F, 0x00, 0x20,
    0x9F, 0x00, 0x20, 0x9F, 0x00, 0x20, 0x9F, 0x00, 0x20, 0x9F, 0x00, 0x20, 0x9F, 0x00, 0x20, 0x9F,
    0x00, 0x20, 0x9F, 0x00, 0x20, 0x9F, 0x00, 0x20, 0x9F, 0x00, 0x20, 0x9F, 0x00, 0x20, 0x9F, 0x00,
    0x20, 0x9F, 0x00, 0x60, 0x2D, 0x00, 0xE0, 0x04, 0x00, 0xF1, 0x18, 0x01, 0x50, 0xFD, 0x08,
    // Unicode: [0x012F]
    0x80, 0x6E, 0x00, 0xD0, 0xBF, 0x00, 0x40, 0x3A, 0x00, 0x00, 0x00, 0x00, 0x60, 0x4F, 0x00, 0x60,
    0x4F, 0x00, 0x60, 0x4F, 0x00, 0x60, 0x4F, 0x00, 0x60, 0x4F, 0x00, 0x60, 0x4F, 0x00, 0x60, 0x4F,
    0x00, 0x60, 0x4F, 0x00, 0x60, 0x4F, 0x00, 0x60, 0x4F, 0x00, 0x60, 0x4F, 0x00, 0x60, 0x4F, 0x00,
    0x60, 0x4F, 0x00, 0xA0, 0x09, 0x00, 0xE5, 0x00, 0x00, 0xF5, 0x15, 0x00, 0x80, 0xEE, 0x04,
    // Unicode: [0x0130]
    0xE4, 0x0A, 0xF9, 0x0F, 0xA2, 0x06, 0x00, 0x00, 0xF2, 0x09, 0xF2, 0x09, 0xF2, 0x09, 0xF2, 0x09,
    0xF2, 0x09, 0xF2, 0x09, 0xF2, 0x09, 0xF2, 0x09, 0xF2, 0x09, 0xF2, 0x09, 0xF2, 0x09, 0xF2, 0x09,
    0xF2, 0x09, 0xF2, 0x09, 0xF2, 0x09, 0xF2, 0x09, 0xF2, 0x09,
    // Unicode: [0x0131]
    0xF6, 0x04, 0xF6, 0x04, 0xF6, 0x04, 0xF6, 0x04, 0xF6, 0x04, 0xF6, 0x04, 0xF6, 0x04, 0xF6, 0x04,
    0xF6, 0x04, 0xF6, 0x04, 0xF6, 0x04, 0xF6, 0x04, 0xF6, 0x04,
    // Unicode: [0x0132]
    0xF2, 0x09, 0x00, 0x00, 0x00, 0x00, 0xEC, 0xF2, 0x09, 0x00, 0x00, 0x00, 0x00, 0xEC, 0xF2, 0x09,
    0x00, 0x00, 0x00, 0x00, 0xEC, 0xF2, 0x09, 0x00, 0x00, 0x00, 0x00, 0xEC, 0xF2, 0x09, 0x00, 0x00,
    0x00, 0x00, 0xEC, 0xF2, 0x09, 0x00, 0x00, 0x00, 0x00, 0xEC, 0xF2, 0x09, 0x00, 0x00, 0x00, 0x00,
    0xEC, 0xF2, 0x09, 0x00, 0x00, 0x00, 0x00, 0xEC, 0xF2, 0x09, 0x00, 0x00, 0x00, 0x00, 0xEC, 0xF2,
    0x09, 0x00, 0x00, 0x00, 0x00, 0xEC, 0xF2, 0x09, 0x00, 0x00, 0x00, 0x00, 0xEC, 0xF2, 0x09, 0x00,
    0x00, 0x00, 0x00, 0xDD, 0xF2, 0x09, 0x00, 0x00, 0x00, 0x00, 0xDD, 0xF2, 0x09, 0x00, 0x00, 0x00,
    0x00, 0xBF, 0xF2, 0x09, 0x20, 0x6D, 0x00, 0x70, 0x8F, 0xF2, 0x09, 0x30, 0xFE, 0xAD, 0xFC, 0x2E,
    0xF2, 0x09, 0x00, 0x71, 0xFC, 0xAE, 0x02,
    // Unicode: [0x0133]
    0xE8, 0x06, 0xB0, 0x4E, 0xFD, 0x0B, 0xF1, 0x8F, 0xA4, 0x03, 0x60, 0x29, 0x00, 0x00, 0x00, 0x00,
    0xF6, 0x04, 0x80, 0x1F, 0xF6, 0x04, 0x80, 0x1F, 0xF6, 0x04, 0x80, 0x1F, 0xF6, 0x04, 0x80, 0x1F,
    0xF6, 0x04, 0x80, 0x1F, 0xF6, 0x04, 0x80, 0x1F, 0xF6, 0x04, 0x80, 0x1F, 0xF6, 0x04, 0x80, 0x1F,
    0xF6, 0x04, 0x80, 0x1F, 0xF6, 0x04, 0x80, 0x1F, 0xF6, 0x04, 0x80, 0x1F, 0xF6, 0x04, 0x80, 0x1F,
    0xF6, 0x04, 0x80, 0x1F, 0x00, 0x00, 0x80, 0x1F, 0x00, 0x00, 0x90, 0x1F, 0x00, 0x00, 0xA0, 0x0F,
    0x00, 0xA0, 0xF9, 0x0D, 0x00, 0xA0, 0xDE, 0x04,
    // Unicode: [0x0134]
    0x00, 0x00, 0xD2, 0xBF, 0x01, 0x00, 0x00, 0x40, 0xDE, 0xE7, 0x1C, 0x00, 0x00, 0xF6, 0x1C, 0x30,
    0xDE, 0x02, 0x00, 0x00, 0x00, 0x00, 0x00, 0x00, 0x00, 0x00, 0x00, 0x00, 0x00, 0x00, 0x00, 0x00,
    0x00, 0xF4, 0x07, 0x00, 0x00, 0x00, 0x00, 0xF4, 0x07, 0x00, 0x00, 0x00, 0x00, 0xF4, 0x07, 0x00,
    0x00, 0x00, 0x00, 0xF4, 0x07, 0x00, 0x00, 0x00, 0x00, 0xF4, 0x07, 0x00, 0x00, 0x00, 0x00, 0xF4,
    0x07, 0x00, 0x00, 0x00, 0x00, 0xF4, 0x07, 0x00, 0x00, 0x00, 0x00, 0xF4, 0x07, 0x00, 0x00, 0x00,
    0x00, 0xF4, 0x07, 0x00, 0x00, 0x00, 0x00, 0xF4, 0x07, 0x00, 0x00, 0x00, 0x00, 0xF4, 0x07, 0x00,
    0x00, 0x00, 0x00, 0xF4, 0x07, 0x00, 0x00, 0x00, 0x00, 0xF5, 0x07, 0x00, 0x00, 0x00, 0x00, 0xF7,
    0x05, 0x00, 0xB8, 0x02, 0x10, 0xFD, 0x02, 0x00, 0xF8, 0xBF, 0xDA, 0x9F, 0x00, 0x00, 0x30, 0xEA,
    0xDF, 0x07, 0x00, 0x00,
    // Unicode: [0x0135]
    0x00, 0xC2, 0xCF, 0x01, 0x00, 0x40, 0xDE, 0xD5, 0x3D, 0x00, 0xC4, 0x1A, 0x10, 0xCB, 0x03, 0x00,
    0x00, 0x00, 0x00, 0x00, 0x00, 0x00, 0x00, 0x00, 0x00, 0x00, 0x60, 0x4F, 0x00, 0x00, 0x00, 0x60,
    0x4F, 0x00, 0x00, 0x00, 0x60, 0x4F, 0x00, 0x00, 0x00, 0x60, 0x4F, 0x00, 0x00, 0x00, 0x60, 0x4F,
    0x00, 0x00, 0x00, 0x60, 0x4F, 0x00, 0x00, 0x00, 0x60, 0x4F, 0x00, 0x00, 0x00, 0x60, 0x4F, 0x00,
    0x00, 0x00, 0x60, 0x4F, 0x00, 0x00, 0x00, 0x60, 0x4F, 0x00, 0x00, 0x00, 0x60, 0x4F, 0x00, 0x00,
    0x00, 0x60, 0x4F, 0x00, 0x00, 0x00, 0x60, 0x4F, 0x00, 0x00, 0x00, 0x60, 0x4F, 0x00, 0x00, 0x00,
    0x60, 0x4F, 0x00, 0x00, 0x20, 0xB1, 0x3F, 0x00, 0x00, 0xB0, 0xFF, 0x0C, 0x00, 0x00, 0x20, 0x77,
    0x01, 0x00, 0x00,
    // Unicode: [0x0136]
    0xDE, 0x00, 0x00, 0x10, 0xFB, 0x08, 0xDE, 0x00, 0x00, 0xC1, 0x7F, 0x00, 0xDE, 0x00, 0x20, 0xFD,
    0x05, 0x00, 0xDE, 0x00, 0xD2, 0x4E, 0x00, 0x00, 0xDE, 0x30, 0xEE, 0x04, 0x00, 0x00, 0xDE, 0xE4,
    0x3E, 0x00, 0x00, 0x00, 0xEE, 0xDF, 0x02, 0x00, 0x00, 0x00, 0xFE, 0x2E, 0x00, 0x00, 0x00, 0x00,
    0xFE, 0x9F, 0x00, 0x00, 0x00, 0x00, 0xDE, 0xFB, 0x08, 0x00, 0x00, 0x00, 0xDE, 0xB0, 0x8F, 0x00,
    0x00, 0x00, 0xDE, 0x10, 0xFC, 0x07, 0x00, 0x00, 0xDE, 0x00, 0xC1, 0x6F, 0x00, 0x00, 0xDE, 0x00,
    0x10, 0xFD, 0x06, 0x00, 0xDE, 0x00, 0x00, 0xD1, 0x5F, 0x00, 0xDE, 0x00, 0x00, 0x20, 0xFD, 0x04,
    0xDE, 0x00, 0x00, 0x00, 0xE2, 0x4F, 0x00, 0x00, 0x00, 0x00, 0x00, 0x00, 0x00, 0x30, 0xED, 0x05,
    0x00, 0x00, 0x00, 0x10, 0xC0, 0x0A, 0x00, 0x00, 0x00, 0xE7, 0xBE, 0x02, 0x00, 0x00,
    // Unicode: [0x0137]
    0xF3, 0x07, 0x00, 0x00, 0x00, 0x00, 0xF3, 0x07, 0x00, 0x00, 0x00, 0x00, 0xF3, 0x07, 0x00, 0x00,
    0x00, 0x00, 0xF3, 0x07, 0x00, 0x00, 0x00, 0x00, 0xF3, 0x07, 0x00, 0x00, 0x00, 0x00, 0xF3, 0x07,
    0x00, 0x40, 0xEE, 0x04, 0xF3, 0x07, 0x00, 0xF5, 0x3D, 0x00, 0xF3, 0x07, 0x70, 0xDF, 0x02, 0x00,
    0xF3, 0x07, 0xF8, 0x1B, 0x00, 0x00, 0xF3, 0xA8, 0xAF, 0x00, 0x00, 0x00, 0xF3, 0xFF, 0x08, 0x00,
    0x00, 0x00, 0xF3, 0xEF, 0x03, 0x00, 0x00, 0x00, 0xF3, 0xEA, 0x4E, 0x00, 0x00, 0x00, 0xF3, 0x27,
    0xFD, 0x05, 0x00, 0x00, 0xF3, 0x07, 0xD2, 0x6F, 0x00, 0x00, 0xF3, 0x07, 0x10, 0xFC, 0x07, 0x00,
    0xF3, 0x07, 0x00, 0xB1, 0x8F, 0x00, 0xF3, 0x07, 0x00, 0x00, 0xFA, 0x09, 0x00, 0x00, 0x00, 0x00,
    0x00, 0x00, 0x00, 0x20, 0xED, 0x07, 0x00, 0x00, 0x00, 0x00, 0xA0, 0x0C, 0x00, 0x00, 0x00, 0xE5,
    0xBE, 0x03, 0x00, 0x00,
    // Unicode: [0x0138]
    0xF3, 0x07, 0x00, 0x40, 0xEE, 0x04, 0xF3, 0x07, 0x00, 0xF5, 0x3D, 0x00, 0xF3, 0x07, 0x70, 0xDF,
    0x02, 0x00, 0xF3, 0x07, 0xF8, 0x1B, 0x00, 0x00, 0xF3, 0xA8, 0xAF, 0x00, 0x00, 0x00, 0xF3, 0xFF,
    0x08, 0x00, 0x00, 0x00, 0xF3, 0xEF, 0x03, 0x00, 0x00, 0x00, 0xF3, 0xEA, 0x4E, 0x00, 0x00, 0x00,
    0xF3, 0x27, 0xFD, 0x05, 0x00, 0x00, 0xF3, 0x07, 0xD2, 0x6F, 0x00, 0x00, 0xF3, 0x07, 0x10, 0xFC,
    0x07, 0x00, 0xF3, 0x07, 0x00, 0xB1, 0x8F, 0x00, 0xF3, 0x07, 0x00, 0x00, 0xFA, 0x09,
    // Unicode: [0x0139]
    0x00, 0x10, 0xFD, 0x06, 0x00, 0x00, 0xA0, 0x7F, 0x00, 0x00, 0x00, 0xF6, 0x07, 0x00, 0x00, 0x00,
    0x57, 0x00, 0x00, 0x00, 0x00, 0x00, 0x00, 0x00, 0x00, 0xDE, 0x00, 0x00, 0x00, 0x00, 0xDE, 0x00,
    0x00, 0x00, 0x00, 0xDE, 0x00, 0x00, 0x00, 0x00, 0xDE, 0x00, 0x00, 0x00, 0x00, 0xDE, 0x00, 0x00,
    0x00, 0x00, 0xDE, 0x00, 0x00, 0x00, 0x00, 0xDE, 0x00, 0x00, 0x00, 0x00, 0xDE, 0x00, 0x00, 0x00,
    0x00, 0xDE, 0x00, 0x00, 0x00, 0x00, 0xDE, 0x00, 0x00, 0x00, 0x00, 0xDE, 0x00, 0x00, 0x00, 0x00,
    0xDE, 0x00, 0x00, 0x00, 0x00, 0xDE, 0x00, 0x00, 0x00, 0x00, 0xDE, 0x00, 0x00, 0x00, 0x00, 0xDE,
    0x00, 0x00, 0x00, 0x00, 0xEE, 0xAA, 0xAA, 0xAA, 0x04, 0xFE, 0xFF, 0xFF, 0xFF, 0x07,
    // Unicode: [0x013A]
    0x10, 0xFD, 0x08, 0x90, 0x8F, 0x00, 0xF5, 0x08, 0x00, 0x67, 0x00, 0x00, 0x00, 0x00, 0x00, 0xF6,
    0x03, 0x00, 0xF6, 0x03, 0x00, 0xF6, 0x03, 0x00, 0xF6, 0x03, 0x00, 0xF6, 0x03, 0x00, 0xF6, 0x03,
    0x00, 0xF6, 0x03, 0x00, 0xF6, 0x03, 0x00, 0xF6, 0x03, 0x00, 0xF6, 0x03, 0x00, 0xF6, 0x03, 0x00,
    0xF6, 0x03, 0x00, 0xF6, 0x03, 0x00, 0xF6, 0x03, 0x00, 0xF6, 0x03, 0x00, 0xF6, 0x03, 0x00, 0xF6,
    0x03, 0x00,
    // Unicode: [0x013B]
    0xDE, 0x00, 0x00, 0x00, 0x00, 0xDE, 0x00, 0x00, 0x00, 0x00, 0xDE, 0x00, 0x00, 0x00, 0x00, 0xDE,
    0x00, 0x00, 0x00, 0x00, 0xDE, 0x00, 0x00, 0x00, 0x00, 0xDE, 0x00, 0x00, 0x00, 0x00, 0xDE, 0x00,
    0x00, 0x00, 0x00, 0xDE, 0x00, 0x00, 0x00, 0x00, 0xDE, 0x00, 0x00, 0x00, 0x00, 0xDE, 0x00, 0x00,
    0x00, 0x00, 0xDE, 0x00, 0x00, 0x00, 0x00, 0xDE, 0x00, 0x00, 0x00, 0x00, 0xDE, 0x00, 0x00, 0x00,
    0x00, 0xDE, 0x00, 0x00, 0x00, 0x00, 0xDE, 0x00, 0x00, 0x00, 0x00, 0xEE, 0xAA, 0xAA, 0xAA, 0x04,
    0xFE, 0xFF, 0xFF, 0xFF, 0x07, 0x00, 0x00, 0x00, 0x00, 0x00, 0x00, 0xD3, 0x5E, 0x00, 0x00, 0x00,
    0x01, 0xAC, 0x00, 0x00, 0x70, 0xEE, 0x2B, 0x00, 0x00,
    // Unicode: [0x013C]
    0x00, 0xF6, 0x03, 0x00, 0xF6, 0x03, 0x00, 0xF6, 0x03, 0x00, 0xF6, 0x03, 0x00, 0xF6, 0x03, 0x00,
    0xF6, 0x03, 0x00, 0xF6, 0x03, 0x00, 0xF6, 0x03, 0x00, 0xF6, 0x03, 0x00, 0xF6, 0x03, 0x00, 0xF6,
    0x03, 0x00, 0xF6, 0x03, 0x00, 0xF6, 0x03, 0x00, 0xF6, 0x03, 0x00, 0xF6, 0x03, 0x00, 0xF6, 0x03,
    0x00, 0xF6, 0x03, 0x00, 0x00, 0x00, 0x00, 0xEA, 0x1B, 0x00, 0x51, 0x2F, 0xD1, 0xDE, 0x06,
    // Unicode: [0x013D]
    0xDE, 0x90, 0x8F, 0x00, 0x00, 0xDE, 0x90, 0x8F, 0x00, 0x00, 0xDE, 0x90, 0x8F, 0x00, 0x00, 0xDE,
    0x20, 0x7A, 0x00, 0x00, 0xDE, 0x00, 0x4C, 0x00, 0x00, 0xDE, 0x30, 0x0E, 0x00, 0x00, 0xDE, 0x00,
    0x02, 0x00, 0x00, 0xDE, 0x00, 0x00, 0x00, 0x00, 0xDE, 0x00, 0x00, 0x00, 0x00, 0xDE, 0x00, 0x00,
    0x00, 0x00, 0xDE, 0x00, 0x00, 0x00, 0x00, 0xDE, 0x00, 0x00, 0x00, 0x00, 0xDE, 0x00, 0x00, 0x00,
    0x00, 0xDE, 0x00, 0x00, 0x00, 0x00, 0xDE, 0x00, 0x00, 0x00, 0x00, 0xEE, 0xAA, 0xAA, 0xAA, 0x04,
    0xFE, 0xFF, 0xFF, 0xFF, 0x07,
    // Unicode: [0x013E]
    0xF7, 0xE3, 0x0D, 0xF7, 0xE3, 0x0D, 0xF7, 0xA3, 0x0D, 0xF7, 0x33, 0x0B, 0xF7, 0x83, 0x06, 0xF7,
    0x23, 0x01, 0xF7, 0x03, 0x00, 0xF7, 0x03, 0x00, 0xF7, 0x03, 0x00, 0xF7, 0x03, 0x00, 0xF7, 0x03,
    0x00, 0xF7, 0x03, 0x00, 0xF7, 0x03, 0x00, 0xF7, 0x03, 0x00, 0xF7, 0x03, 0x00, 0xF7, 0x03, 0x00,
    0xF7, 0x03, 0x00,
    // Unicode: [0x013F]
    0xDE, 0x00, 0x00, 0x00, 0x00, 0xDE, 0x00, 0x00, 0x00, 0x00, 0xDE, 0x00, 0x00, 0x00, 0x00, 0xDE,
    0x00, 0x00, 0x00, 0x00, 0xDE, 0x00, 0x00, 0x00, 0x00, 0xDE, 0x00, 0x00, 0x00, 0x00, 0xDE, 0x00,
    0x00, 0x00, 0x00, 0xDE, 0x00, 0xEB, 0x03, 0x00, 0xDE, 0x20, 0xFF, 0x07, 0x00, 0xDE, 0x00, 0x97,
    0x01, 0x00, 0xDE, 0x00, 0x00, 0x00, 0x00, 0xDE, 0x00, 0x00, 0x00, 0x00, 0xDE, 0x00, 0x00, 0x00,
    0x00, 0xDE, 0x00, 0x00, 0x00, 0x00, 0xDE, 0x00, 0x00, 0x00, 0x00, 0xEE, 0xAA, 0xAA, 0xAA, 0x04,
    0xFE, 0xFF, 0xFF, 0xFF, 0x07,
    // Unicode: [0x0140]
    0xF6, 0x03, 0x00, 0xF6, 0x03, 0x00, 0xF6, 0x03, 0x00, 0xF6, 0x03, 0x00, 0xF6, 0x03, 0x00, 0xF6,
    0x03, 0x00, 0xF6, 0x03, 0x00, 0xF6, 0x73, 0x7E, 0xF6, 0xC3, 0xDF, 0xF6, 0x43, 0x4A, 0xF6, 0x03,
    0x00, 0xF6, 0x03, 0x00, 0xF6, 0x03, 0x00, 0xF6, 0x03, 0x00, 0xF6, 0x03, 0x00, 0xF6, 0x03, 0x00,
    0xF6, 0x03, 0x00,
    // Unicode: [0x0141]
    0x00, 0xF9, 0x02, 0x00, 0x00, 0x00, 0x00, 0xF9, 0x02, 0x00, 0x00, 0x00, 0x00, 0xF9, 0x02, 0x00,
    0x00, 0x00, 0x00, 0xF9, 0x02, 0x00, 0x00, 0x00, 0x00, 0xF9, 0x02, 0x11, 0x00, 0x00, 0x00, 0xF9,
    0x22, 0x4C, 0x00, 0x00, 0x00, 0xF9, 0xE6, 0x2F, 0x00, 0x00, 0x00, 0xF9, 0xDF, 0x03, 0x00, 0x00,
    0x00, 0xFB, 0x1C, 0x00, 0x00, 0x00, 0xB1, 0xFF, 0x02, 0x00, 0x00, 0x00, 0xFD, 0xFD, 0x02, 0x00,
    0x00, 0x00, 0x4E, 0xF9, 0x02, 0x00, 0x00, 0x00, 0x02, 0xF9, 0x02, 0x00, 0x00, 0x00, 0x00, 0xF9,
    0x02, 0x00, 0x00, 0x00, 0x00, 0xF9, 0x02, 0x00, 0x00, 0x00, 0x00, 0xF9, 0xAA, 0xAA, 0xAA, 0x07,
    0x00, 0xF9, 0xFF, 0xFF, 0xFF, 0x0C,
    // Unicode: [0x0142]
    0x00, 0xF3, 0x06, 0x00, 0x00, 0xF3, 0x06, 0x00, 0x00, 0xF3, 0x06, 0x00, 0x00, 0xF3, 0x06, 0x00,
    0x00, 0xF3, 0x16, 0x05, 0x00, 0xF3, 0xDA, 0x0B, 0x00, 0xF4, 0xBF, 0x02, 0x60, 0xFE, 0x08, 0x00,
    0xF5, 0xFB, 0x06, 0x00, 0x44, 0xF3, 0x06, 0x00, 0x00, 0xF3, 0x06, 0x00, 0x00, 0xF3, 0x06, 0x00,
    0x00, 0xF3, 0x06, 0x00, 0x00, 0xF3, 0x06, 0x00, 0x00, 0xF3, 0x06, 0x00, 0x00, 0xF3, 0x06, 0x00,
    0x00, 0xF3, 0x06, 0x00,
    // Unicode: [0x0143]
    0x00, 0x00, 0x00, 0x40, 0xEF, 0x03, 0x00, 0x00, 0x00, 0x00, 0xE2, 0x3E, 0x00, 0x00, 0x00, 0x00,
    0x00, 0xEB, 0x03, 0x00, 0x00, 0x00, 0x00, 0x20, 0x38, 0x00, 0x00, 0x00, 0x00, 0x00, 0x00, 0x00,
    0x00, 0x00, 0x00, 0x1B, 0x00, 0x00, 0x00, 0x00, 0x10, 0xAF, 0xCD, 0x01, 0x00, 0x00, 0x00, 0x10,
    0xAF, 0xFD, 0x0A, 0x00, 0x00, 0x00, 0x10, 0xAF, 0xFD, 0x9F, 0x00, 0x00, 0x00, 0x10, 0xAF, 0xED,
    0xFB, 0x07, 0x00, 0x00, 0x10, 0xAF, 0xDD, 0xD1, 0x5F, 0x00, 0x00, 0x10, 0xAF, 0xDD, 0x20, 0xFE,
    0x04, 0x00, 0x10, 0xAF, 0xDD, 0x00, 0xE3, 0x2E, 0x00, 0x10, 0xAF, 0xDD, 0x00, 0x40, 0xDF, 0x01,
    0x10, 0xAF, 0xDD, 0x00, 0x00, 0xF6, 0x1C, 0x10, 0xAF, 0xDD, 0x00, 0x00, 0x70, 0xBF, 0x10, 0xAF,
    0xDD, 0x00, 0x00, 0x00, 0xF9, 0x19, 0xAF, 0xDD, 0x00, 0x00, 0x00, 0xB0, 0x8F, 0xAF, 0xDD, 0x00,
    0x00, 0x00, 0x10, 0xFC, 0xAF, 0xDD, 0x00, 0x00, 0x00, 0x00, 0xD1, 0xAF, 0xDD, 0x00, 0x00, 0x00,
    0x00, 0x20, 0xAE, 0xDD, 0x00, 0x00, 0x00, 0x00, 0x00, 0x93,
    // Unicode: [0x0144]
    0x00, 0x00, 0x00, 0x83, 0x07, 0x00, 0x00, 0x00, 0x10, 0xFE, 0x04, 0x00, 0x00, 0x00, 0xB0, 0x4F,
    0x00, 0x00, 0x00, 0x00, 0xF7, 0x04, 0x00, 0x00, 0x00, 0x00, 0x00, 0x00, 0x00, 0x00, 0x00, 0x00,
    0x00, 0x00, 0x00, 0x00, 0xF3, 0x07, 0xA3, 0xEE, 0x6C, 0x00, 0xF3, 0x77, 0xCF, 0x98, 0xFD, 0x09,
    0xF3, 0xED, 0x05, 0x00, 0xA0, 0x4F, 0xF3, 0x5F, 0x00, 0x00, 0x20, 0xAF, 0xF3, 0x0D, 0x00, 0x00,
    0x00, 0xDC, 0xF3, 0x09, 0x00, 0x00, 0x00, 0xEB, 0xF3, 0x08, 0x00, 0x00, 0x00, 0xEA, 0xF3, 0x07,
    0x00, 0x00, 0x00, 0xEA, 0xF3, 0x07, 0x00, 0x00, 0x00, 0xEA, 0xF3, 0x07, 0x00, 0x00, 0x00, 0xEA,
    0xF3, 0x07, 0x00, 0x00, 0x00, 0xEA, 0xF3, 0x07, 0x00, 0x00, 0x00, 0xEA, 0xF3, 0x07, 0x00, 0x00,
    0x00, 0xEA,
    // Unicode: [0x0145]
    0x1B, 0x00, 0x00, 0x00, 0x00, 0x10, 0xAF, 0xCD, 0x01, 0x00, 0x00, 0x00, 0x10, 0xAF, 0xFD, 0x0A,
    0x00, 0x00, 0x00, 0x10, 0xAF, 0xFD, 0x9F, 0x00, 0x00, 0x00, 0x10, 0xAF, 0xED, 0xFB, 0x07, 0x00,
    0x00, 0x10, 0xAF, 0xDD, 0xD1, 0x5F, 0x00, 0x00, 0x10, 0xAF, 0xDD, 0x20, 0xFE, 0x04, 0x00, 0x10,
    0xAF, 0xDD, 0x00, 0xE3, 0x2E, 0x00, 0x10, 0xAF, 0xDD, 0x00, 0x40, 0xDF, 0x01, 0x10, 0xAF, 0xDD,
    0x00, 0x00, 0xF6, 0x1C, 0x10, 0xAF, 0xDD, 0x00, 0x00, 0x70, 0xBF, 0x10, 0xAF, 0xDD, 0x00, 0x00,
    0x00, 0xF9, 0x19, 0xAF, 0xDD, 0x00, 0x00, 0x00, 0xB0, 0x8F, 0xAF, 0xDD, 0x00, 0x00, 0x00, 0x10,
    0xFC, 0xAF, 0xDD, 0x00, 0x00, 0x00, 0x00, 0xD1, 0xAF, 0xDD, 0x00, 0x00, 0x00, 0x00, 0x20, 0xAE,
    0xDD, 0x00, 0x00, 0x00, 0x00, 0x00, 0x93, 0x00, 0x00, 0x00, 0x00, 0x00, 0x00, 0x00, 0x00, 0x00,
    0x40, 0xDE, 0x04, 0x00, 0x00, 0x00, 0x00, 0x10, 0xD1, 0x09, 0x00, 0x00, 0x00, 0x00, 0xD8, 0xAE,
    0x01, 0x00, 0x00,
    // Unicode: [0x0146]
    0xF3, 0x07, 0xA3, 0xEE, 0x6C, 0x00, 0xF3, 0x77, 0xCF, 0x88, 0xFD, 0x09, 0xF3, 0xED, 0x05, 0x00,
    0xA0, 0x4F, 0xF3, 0x5F, 0x00, 0x00, 0x20, 0xAF, 0xF3, 0x0D, 0x00, 0x00, 0x00, 0xDC, 0xF3, 0x09,
    0x00, 0x00, 0x00, 0xEB, 0xF3, 0x08, 0x00, 0x00, 0x00, 0xEA, 0xF3, 0x07, 0x00, 0x00, 0x00, 0xEA,
    0xF3, 0x07, 0x00, 0x00, 0x00, 0xEA, 0xF3, 0x07, 0x00, 0x00, 0x00, 0xEA, 0xF3, 0x07, 0x00, 0x00,
    0x00, 0xEA, 0xF3, 0x07, 0x00, 0x00, 0x00, 0xEA, 0xF3, 0x07, 0x00, 0x00, 0x00, 0xEA, 0x00, 0x00,
    0x00, 0x00, 0x00, 0x00, 0x00, 0x00, 0xB0, 0xAE, 0x00, 0x00, 0x00, 0x00, 0x10, 0xF7, 0x01, 0x00,
    0x00, 0x20, 0xED, 0x5D, 0x00, 0x00,
    // Unicode: [0x0147]
    0x00, 0x71, 0x17, 0x00, 0x72, 0x07, 0x00, 0x00, 0x40, 0xDE, 0x42, 0xDE, 0x02, 0x00, 0x00, 0x00,
    0xD2, 0xFE, 0x1C, 0x00, 0x00, 0x00, 0x00, 0x10, 0x77, 0x01, 0x00, 0x00, 0x00, 0x00, 0x00, 0x00,
    0x00, 0x00, 0x00, 0x1B, 0x00, 0x00, 0x00, 0x00, 0x10, 0xAF, 0xCD, 0x01, 0x00, 0x00, 0x00, 0x10,
    0xAF, 0xFD, 0x0A, 0x00, 0x00, 0x00, 0x10, 0xAF, 0xFD, 0x9F, 0x00, 0x00, 0x00, 0x10, 0xAF, 0xED,
    0xFB, 0x07, 0x00, 0x00, 0x10, 0xAF, 0xDD, 0xD1, 0x5F, 0x00, 0x00, 0x10, 0xAF, 0xDD, 0x20, 0xFE,
    0x04, 0x00, 0x10, 0xAF, 0xDD, 0x00, 0xE3, 0x2E, 0x00, 0x10, 0xAF, 0xDD, 0x00, 0x40, 0xDF, 0x01,
    0x10, 0xAF, 0xDD, 0x00, 0x00, 0xF6, 0x1C, 0x10, 0xAF, 0xDD, 0x00, 0x00, 0x70, 0xBF, 0x10, 0xAF,
    0xDD, 0x00, 0x00, 0x00, 0xF9, 0x19, 0xAF, 0xDD, 0x00, 0x00, 0x00, 0xB0, 0x8F, 0xAF, 0xDD, 0x00,
    0x00, 0x00, 0x10, 0xFC, 0xAF, 0xDD, 0x00, 0x00, 0x00, 0x00, 0xD1, 0xAF, 0xDD, 0x00, 0x00, 0x00,
    0x00, 0x20, 0xAE, 0xDD, 0x00, 0x00, 0x00, 0x00, 0x00, 0x93,
    // Unicode: [0x0148]
    0x00, 0xE5, 0x1C, 0x30, 0xDD, 0x03, 0x00, 0x30, 0xDE, 0xF7, 0x2C, 0x00, 0x00, 0x00, 0xD2, 0xBF,
    0x01, 0x00, 0x00, 0x00, 0x00, 0x00, 0x00, 0x00, 0x00, 0x00, 0x00, 0x00, 0x00, 0x00, 0xF3, 0x07,
    0xA3, 0xEE, 0x6C, 0x00, 0xF3, 0x77, 0xCF, 0x98, 0xFD, 0x09, 0xF3, 0xED, 0x05, 0x00, 0xA0, 0x4F,
    0xF3, 0x5F, 0x00, 0x00, 0x20, 0xAF, 0xF3, 0x0D, 0x00, 0x00, 0x00, 0xDC, 0xF3, 0x09, 0x00, 0x00,
    0x00, 0xEB, 0xF3, 0x08, 0x00, 0x00, 0x00, 0xEA, 0xF3, 0x07, 0x00, 0x00, 0x00, 0xEA, 0xF3, 0x07,
    0x00, 0x00, 0x00, 0xEA, 0xF3, 0x07, 0x00, 0x00, 0x00, 0xEA, 0xF3, 0x07, 0x00, 0x00, 0x00, 0xEA,
    0xF3, 0x07, 0x00, 0x00, 0x00, 0xEA, 0xF3, 0x07, 0x00, 0x00, 0x00, 0xEA,
    // Unicode: [0x0149]
    0xFC, 0x05, 0x00, 0x00, 0x00, 0x00, 0x00, 0xFC, 0x05, 0x00, 0x00, 0x00, 0x00, 0x00, 0xFC, 0x04,
    0x00, 0x00, 0x00, 0x00, 0x00, 0xD2, 0x04, 0x00, 0x00, 0x00, 0x00, 0x00, 0xF0, 0x02, 0x00, 0x00,
    0x00, 0x00, 0x00, 0xD5, 0xF2, 0x08, 0xA3, 0xEE, 0x6C, 0x00, 0x54, 0xF2, 0x78, 0xCF, 0x98, 0xFD,
    0x0A, 0x00, 0xF2, 0xFD, 0x05, 0x00, 0x90, 0x5F, 0x00, 0xF2, 0x6F, 0x00, 0x00, 0x10, 0xBE, 0x00,
    0xF2, 0x0E, 0x00, 0x00, 0x00, 0xEB, 0x00, 0xF2, 0x0A, 0x00, 0x00, 0x00, 0xFA, 0x00, 0xF2, 0x09,
    0x00, 0x00, 0x00, 0xF9, 0x00, 0xF2, 0x08, 0x00, 0x00, 0x00, 0xF9, 0x00, 0xF2, 0x08, 0x00, 0x00,
    0x00, 0xF9, 0x00, 0xF2, 0x08, 0x00, 0x00, 0x00, 0xF9, 0x00, 0xF2, 0x08, 0x00, 0x00, 0x00, 0xF9,
    0x00, 0xF2, 0x08, 0x00, 0x00, 0x00, 0xF9, 0x00, 0xF2, 0x08, 0x00, 0x00, 0x00, 0xF9,
    // Unicode: [0x014A]
    0xCE, 0x00, 0xB6, 0xFE, 0xBD, 0x05, 0x00, 0x00, 0xCE, 0xD3, 0xDF, 0xAB, 0xFC, 0xCF, 0x02, 0x00,
    0xEE, 0xCE, 0x04, 0x00, 0x10, 0xF9, 0x2E, 0x00, 0xFE, 0x0A, 0x00, 0x00, 0x00, 0x70, 0xCF, 0x00,
    0xDE, 0x00, 0x00, 0x00, 0x00, 0x00, 0xFA, 0x06, 0xCE, 0x00, 0x00, 0x00, 0x00, 0x00, 0xF2, 0x0C,
    0xCE, 0x00, 0x00, 0x00, 0x00, 0x00, 0xC0, 0x1F, 0xCE, 0x00, 0x00, 0x00, 0x00, 0x00, 0x90, 0x3F,
    0xCE, 0x00, 0x00, 0x00, 0x00, 0x00, 0x80, 0x4F, 0xCE, 0x00, 0x00, 0x00, 0x00, 0x00, 0x90, 0x3F,
    0xCE, 0x00, 0x00, 0x00, 0x00, 0x00, 0xB0, 0x2F, 0xCE, 0x00, 0x00, 0x00, 0x00, 0x00, 0xE1, 0x0E,
    0xCE, 0x00, 0x00, 0x00, 0x00, 0x00, 0xF6, 0x08, 0xCE, 0x00, 0x00, 0x00, 0x00, 0x20, 0xEE, 0x02,
    0xCE, 0x00, 0xD5, 0x03, 0x00, 0xD3, 0x6F, 0x00, 0xCE, 0x00, 0xE4, 0xBF, 0xBA, 0xFF, 0x07, 0x00,
    0xCE, 0x00, 0x20, 0xD9, 0xDF, 0x39, 0x00, 0x00,
    // Unicode: [0x014B]
    0xF3, 0x07, 0xA4, 0xEE, 0x6C, 0x00, 0xF3, 0x77, 0xCF, 0x98, 0xFD, 0x09, 0xF3, 0xED, 0x05, 0x00,
    0x90, 0x4F, 0xF3, 0x5F, 0x00, 0x00, 0x10, 0xAF, 0xF3, 0x0D, 0x00, 0x00, 0x00, 0xCC, 0xF3, 0x09,
    0x00, 0x00, 0x00, 0xEB, 0xF3, 0x08, 0x00, 0x00, 0x00, 0xEA, 0xF3, 0x07, 0x00, 0x00, 0x00, 0xEA,
    0xF3, 0x07, 0x00, 0x00, 0x00, 0xEA, 0xF3, 0x07, 0x00, 0x00, 0x00, 0xEA, 0xF3, 0x07, 0x00, 0x00,
    0x00, 0xEA, 0xF3, 0x07, 0x00, 0x00, 0x00, 0xEA, 0xF3, 0x07, 0x00, 0x00, 0x00, 0xEA, 0x00, 0x00,
    0x00, 0x00, 0x00, 0xEA, 0x00, 0x00, 0x00, 0x00, 0x00, 0xEA, 0x00, 0x00, 0x00, 0x00, 0x00, 0xDC,
    0x00, 0x00, 0x00, 0x10, 0xAA, 0xBF, 0x00, 0x00, 0x00, 0x10, 0xEB, 0x3D,
    // Unicode: [0x014C]
    0x00, 0x00, 0x10, 0x11, 0x11, 0x11, 0x11, 0x00, 0x00, 0x00, 0x00, 0x00, 0x90, 0xFF, 0xFF, 0xFF,
    0x7F, 0x00, 0x00, 0x00, 0x00, 0x00, 0x30, 0x44, 0x44, 0x44, 0x24, 0x00, 0x00, 0x00, 0x00, 0x00,
    0x00, 0x00, 0x00, 0x00, 0x00, 0x00, 0x00, 0x00, 0x00, 0x00, 0x00, 0x00, 0x00, 0x00, 0x00, 0x00,
    0x00, 0x00, 0x00, 0x00, 0x30, 0xC8, 0xFE, 0xBE, 0x27, 0x00, 0x00, 0x00, 0x00, 0x10, 0xFA, 0xEF,
    0xAB, 0xEC, 0xFF, 0x08, 0x00, 0x00, 0x00, 0xD2, 0xBF, 0x04, 0x00, 0x00, 0xC5, 0xCF, 0x01, 0x00,
    0x10, 0xFC, 0x08, 0x00, 0x00, 0x00, 0x00, 0xF9, 0x0C, 0x00, 0x90, 0x8F, 0x00, 0x00, 0x00, 0x00,
    0x00, 0xA0, 0x7F, 0x00, 0xF1, 0x0D, 0x00, 0x00, 0x00, 0x00, 0x00, 0x10, 0xEE, 0x00, 0xF6, 0x07,
    0x00, 0x00, 0x00, 0x00, 0x00, 0x00, 0xF9, 0x04, 0xF9, 0x04, 0x00, 0x00, 0x00, 0x00, 0x00, 0x00,
    0xF6, 0x06, 0xFA, 0x02, 0x00, 0x00, 0x00, 0x00, 0x00, 0x00, 0xF5, 0x07, 0xF9, 0x03, 0x00, 0x00,
    0x00, 0x00, 0x00, 0x00, 0xF6, 0x07, 0xF6, 0x07, 0x00, 0x00, 0x00, 0x00, 0x00, 0x00, 0xF9, 0x04,
    0xF2, 0x0D, 0x00, 0x00, 0x00, 0x00, 0x00, 0x10, 0xEE, 0x00, 0x90, 0x7F, 0x00, 0x00, 0x00, 0x00,
    0x00, 0x90, 0x7F, 0x00, 0x10, 0xFD, 0x07, 0x00, 0x00, 0x00, 0x00, 0xF8, 0x0B, 0x00, 0x00, 0xD2,
    0xBF, 0x03, 0x00, 0x00, 0xC4, 0xCF, 0x01, 0x00, 0x00, 0x10, 0xF9, 0xDF, 0xAB, 0xEB, 0xFF, 0x08,
    0x00, 0x00, 0x00, 0x00, 0x30, 0xC8, 0xFE, 0xCE, 0x28, 0x00, 0x00, 0x00,
    // Unicode: [0x014D]
    0x00, 0xF1, 0xFF, 0xFF, 0xFF, 0x0F, 0x00, 0x00, 0x61, 0x66, 0x66, 0x66, 0x06, 0x00, 0x00, 0x00,
    0x00, 0x00, 0x00, 0x00, 0x00, 0x00, 0x00, 0x00, 0x00, 0x00, 0x00, 0x00, 0x00, 0x20, 0xD8, 0xEE,
    0x7C, 0x01, 0x00, 0x00, 0xF5, 0xCF, 0xA9, 0xFD, 0x3D, 0x00, 0x50, 0xDF, 0x03, 0x00, 0x60, 0xEF,
    0x02, 0xE1, 0x2E, 0x00, 0x00, 0x00, 0xF4, 0x0B, 0xF7, 0x06, 0x00, 0x00, 0x00, 0xA0, 0x2F, 0xFA,
    0x01, 0x00, 0x00, 0x00, 0x40, 0x6F, 0xEB, 0x00, 0x00, 0x00, 0x00, 0x30, 0x7F, 0xFA, 0x00, 0x00,
    0x00, 0x00, 0x40, 0x6F, 0xF7, 0x04, 0x00, 0x00, 0x00, 0x90, 0x3F, 0xE1, 0x1C, 0x00, 0x00, 0x00,
    0xF3, 0x0B, 0x60, 0xCF, 0x02, 0x00, 0x50, 0xEE, 0x02, 0x00, 0xF6, 0xBF, 0x99, 0xFC, 0x3E, 0x00,
    0x00, 0x20, 0xD9, 0xEF, 0x7C, 0x01, 0x00,
    // Unicode: [0x014E]
    0x00, 0x00, 0x50, 0x07, 0x00, 0x10, 0x37, 0x00, 0x00, 0x00, 0x00, 0x00, 0x40, 0xAF, 0x13, 0xB3,
    0x2E, 0x00, 0x00, 0x00, 0x00, 0x00, 0x00, 0xC4, 0xFF, 0xCF, 0x03, 0x00, 0x00, 0x00, 0x00, 0x00,
    0x00, 0x00, 0x31, 0x01, 0x00, 0x00, 0x00, 0x00, 0x00, 0x00, 0x00, 0x00, 0x00, 0x00, 0x00, 0x00,
    0x00, 0x00, 0x00, 0x00, 0x30, 0xC9, 0xFE, 0xBE, 0x27, 0x00, 0x00, 0x00, 0x00, 0x10, 0xFA, 0xEF,
    0xAB, 0xEC, 0xFF, 0x08, 0x00, 0x00, 0x00, 0xD2, 0xBF, 0x04, 0x00, 0x00, 0xC5, 0xCF, 0x01, 0x00,
    0x10, 0xFC, 0x08, 0x00, 0x00, 0x00, 0x00, 0xF9, 0x0B, 0x00, 0x90, 0x8F, 0x00, 0x00, 0x00, 0x00,
    0x00, 0xA0, 0x7F, 0x00, 0xF1, 0x0D, 0x00, 0x00, 0x00, 0x00, 0x00, 0x10, 0xEE, 0x00, 0xF6, 0x07,
    0x00, 0x00, 0x00, 0x00, 0x00, 0x00, 0xF9, 0x04, 0xF9, 0x04, 0x00, 0x00, 0x00, 0x00, 0x00, 0x00,
    0xF6, 0x07, 0xFA, 0x02, 0x00, 0x00, 0x00, 0x00, 0x00, 0x00, 0xF5, 0x07, 0xF9, 0x03, 0x00, 0x00,
    0x00, 0x00, 0x00, 0x00, 0xF6, 0x07, 0xF6, 0x07, 0x00, 0x00, 0x00, 0x00, 0x00, 0x00, 0xF9, 0x04,
    0xF2, 0x0D, 0x00, 0x00, 0x00, 0x00, 0x00, 0x10, 0xEE, 0x00, 0x90, 0x8F, 0x00, 0x00, 0x00, 0x00,
    0x00, 0x90, 0x7F, 0x00, 0x10, 0xFD, 0x07, 0x00, 0x00, 0x00, 0x00, 0xF8, 0x0B, 0x00, 0x00, 0xD2,
    0xBF, 0x03, 0x00, 0x00, 0xC4, 0xCF, 0x01, 0x00, 0x00, 0x10, 0xF9, 0xDF, 0xAB, 0xEB, 0xFF, 0x08,
    0x00, 0x00, 0x00, 0x00, 0x30, 0xC8, 0xFE, 0xCE, 0x28, 0x00, 0x00, 0x00,
    // Unicode: [0x014F]
    0x00, 0xE1, 0x4B, 0x11, 0xD4, 0x0B, 0x00, 0x00, 0x30, 0xFB, 0xFF, 0xAF, 0x01, 0x00, 0x00, 0x00,
    0x10, 0x23, 0x01, 0x00, 0x00, 0x00, 0x00, 0x00, 0x00, 0x00, 0x00, 0x00, 0x00, 0x00, 0x00, 0x00,
    0x00, 0x00, 0x00, 0x00, 0x20, 0xD8, 0xEE, 0x7C, 0x01, 0x00, 0x00, 0xF5, 0xCF, 0xA9, 0xFD, 0x3D,
    0x00, 0x50, 0xDF, 0x03, 0x00, 0x60, 0xEF, 0x02, 0xE1, 0x2E, 0x00, 0x00, 0x00, 0xF4, 0x0B, 0xF7,
    0x06, 0x00, 0x00, 0x00, 0xA0, 0x2F, 0xFA, 0x01, 0x00, 0x00, 0x00, 0x40, 0x6F, 0xEB, 0x00, 0x00,
    0x00, 0x00, 0x30, 0x7F, 0xFA, 0x00, 0x00, 0x00, 0x00, 0x40, 0x6F, 0xF7, 0x05, 0x00, 0x00, 0x00,
    0x90, 0x3F, 0xE1, 0x1C, 0x00, 0x00, 0x00, 0xF3, 0x0B, 0x60, 0xCF, 0x02, 0x00, 0x40, 0xEE, 0x02,
    0x00, 0xF6, 0xBF, 0x99, 0xFC, 0x3E, 0x00, 0x00, 0x20, 0xD9, 0xEF, 0x7C, 0x01, 0x00,
    // Unicode: [0x0150]
    0x00, 0x00, 0x00, 0x00, 0x92, 0x29, 0x95, 0x08, 0x00, 0x00, 0x00, 0x00, 0x00, 0x00, 0xFC, 0x26,
    0xEE, 0x03, 0x00, 0x00, 0x00, 0x00, 0x00, 0x80, 0x7F, 0xC0, 0x3E, 0x00, 0x00, 0x00, 0x00, 0x00,
    0x00, 0xF4, 0x08, 0xE8, 0x04, 0x00, 0x00, 0x00, 0x00, 0x00, 0x00, 0x00, 0x00, 0x00, 0x00, 0x00,
    0x00, 0x00, 0x00, 0x00, 0x00, 0x00, 0x00, 0x00, 0x00, 0x00, 0x00, 0x00, 0x00, 0x00, 0x30, 0xC8,
    0xFE, 0xBE, 0x27, 0x00, 0x00, 0x00, 0x00, 0x10, 0xF9, 0xEF, 0xAB, 0xEC, 0xFF, 0x08, 0x00, 0x00,
    0x00, 0xD2, 0xBF, 0x04, 0x00, 0x00, 0xC5, 0xCF, 0x01, 0x00, 0x10, 0xFC, 0x08, 0x00, 0x00, 0x00,
    0x00, 0xF9, 0x0C, 0x00, 0x90, 0x8F, 0x00, 0x00, 0x00, 0x00, 0x00, 0xA0, 0x7F, 0x00, 0xF1, 0x0D,
    0x00, 0x00, 0x00, 0x00, 0x00, 0x10, 0xEE, 0x00, 0xF6, 0x07, 0x00, 0x00, 0x00, 0x00, 0x00, 0x00,
    0xF9, 0x04, 0xF9, 0x04, 0x00, 0x00, 0x00, 0x00, 0x00, 0x00, 0xF6, 0x06, 0xFA, 0x02, 0x00, 0x00,
    0x00, 0x00, 0x00, 0x00, 0xF5, 0x07, 0xF9, 0x03, 0x00, 0x00, 0x00, 0x00, 0x00, 0x00, 0xF6, 0x07,
    0xF6, 0x07, 0x00, 0x00, 0x00, 0x00, 0x00, 0x00, 0xF9, 0x04, 0xF2, 0x0D, 0x00, 0x00, 0x00, 0x00,
    0x00, 0x10, 0xEE, 0x00, 0x90, 0x7F, 0x00, 0x00, 0x00, 0x00, 0x00, 0x90, 0x7F, 0x00, 0x10, 0xFD,
    0x07, 0x00, 0x00, 0x00, 0x00, 0xF8, 0x0B, 0x00, 0x00, 0xD2, 0xBF, 0x03, 0x00, 0x00, 0xC4, 0xCF,
    0x01, 0x00, 0x00, 0x10, 0xF9, 0xDF, 0xAB, 0xEB, 0xFF, 0x08, 0x00, 0x00, 0x00, 0x00, 0x30, 0xC8,
    0xFE, 0xCE, 0x28, 0x00, 0x00, 0x00,
    // Unicode: [0x0151]
    0x00, 0x00, 0x00, 0xFB, 0x29, 0xFE, 0x05, 0x00, 0x00, 0x70, 0xAF, 0xB0, 0x6F, 0x00, 0x00, 0x00,
    0xF3, 0x0A, 0xF7, 0x06, 0x00, 0x00, 0x00, 0x87, 0x10, 0x68, 0x00, 0x00, 0x00, 0x00, 0x00, 0x00,
    0x00, 0x00, 0x00, 0x00, 0x00, 0x00, 0x00, 0x00, 0x00, 0x00, 0x00, 0x20, 0xD8, 0xEE, 0x7C, 0x01,
    0x00, 0x00, 0xF5, 0xCF, 0xA9, 0xFD, 0x3D, 0x00, 0x50, 0xDF, 0x03, 0x00, 0x60, 0xEF, 0x02, 0xE1,
    0x2E, 0x00, 0x00, 0x00, 0xF4, 0x0B, 0xF7, 0x06, 0x00, 0x00, 0x00, 0xA0, 0x2F, 0xFA, 0x01, 0x00,
    0x00, 0x00, 0x40, 0x6F, 0xEB, 0x00, 0x00, 0x00, 0x00, 0x30, 0x7F, 0xFA, 0x00, 0x00, 0x00, 0x00,
    0x40, 0x6F, 0xF7, 0x05, 0x00, 0x00, 0x00, 0x90, 0x3F, 0xE1, 0x1C, 0x00, 0x00, 0x00, 0xF3, 0x0B,
    0x60, 0xCF, 0x02, 0x00, 0x40, 0xEE, 0x02, 0x00, 0xF6, 0xBF, 0x99, 0xFC, 0x3E, 0x00, 0x00, 0x20,
    0xD9, 0xEF, 0x7C, 0x01, 0x00,
    // Unicode: [0x0152]
    0x00, 0x00, 0x30, 0xC8, 0xFE, 0xCD, 0x37, 0x00, 0xF3, 0xFF, 0xFF, 0xFF, 0xFF, 0x0B, 0x00, 0x10,
    0xF9, 0xEF, 0xAB, 0xEC, 0xFF, 0x2A, 0xF3, 0xAD, 0xAA, 0xAA, 0xAA, 0x07, 0x00, 0xD2, 0xBF, 0x03,
    0x00, 0x00, 0xD5, 0xEF, 0xF6, 0x08, 0x00, 0x00, 0x00, 0x00, 0x10, 0xFC, 0x07, 0x00, 0x00, 0x00,
    0x00, 0xFA, 0xFF, 0x08, 0x00, 0x00, 0x00, 0x00, 0x90, 0x8F, 0x00, 0x00, 0x00, 0x00, 0x00, 0xA0,
    0xFF, 0x08, 0x00, 0x00, 0x00, 0x00, 0xF1, 0x0D, 0x00, 0x00, 0x00, 0x00, 0x00, 0x10, 0xFE, 0x08,
    0x00, 0x00, 0x00, 0x00, 0xF6, 0x07, 0x00, 0x00, 0x00, 0x00, 0x00, 0x00, 0xF9, 0xAD, 0xAA, 0xAA,
    0xAA, 0x06, 0xF9, 0x04, 0x00, 0x00, 0x00, 0x00, 0x00, 0x00, 0xF6, 0xFF, 0xFF, 0xFF, 0xFF, 0x0A,
    0xFA, 0x02, 0x00, 0x00, 0x00, 0x00, 0x00, 0x00, 0xF5, 0x08, 0x00, 0x00, 0x00, 0x00, 0xF9, 0x03,
    0x00, 0x00, 0x00, 0x00, 0x00, 0x00, 0xF6, 0x08, 0x00, 0x00, 0x00, 0x00, 0xF6, 0x07, 0x00, 0x00,
    0x00, 0x00, 0x00, 0x00, 0xF9, 0x08, 0x00, 0x00, 0x00, 0x00, 0xF2, 0x0D, 0x00, 0x00, 0x00, 0x00,
    0x00, 0x10, 0xFE, 0x08, 0x00, 0x00, 0x00, 0x00, 0x90, 0x8F, 0x00, 0x00, 0x00, 0x00, 0x00, 0x90,
    0xFF, 0x08, 0x00, 0x00, 0x00, 0x00, 0x10, 0xFD, 0x07, 0x00, 0x00, 0x00, 0x00, 0xF8, 0xFD, 0x08,
    0x00, 0x00, 0x00, 0x00, 0x00, 0xD2, 0xBF, 0x03, 0x00, 0x00, 0xC4, 0xCF, 0xF4, 0x08, 0x00, 0x00,
    0x00, 0x00, 0x00, 0x10, 0xF9, 0xEF, 0xAB, 0xEB, 0xFF, 0x18, 0xF3, 0xAD, 0xAA, 0xAA, 0xAA, 0x07,
    0x00, 0x00, 0x30, 0xC8, 0xFE, 0xBD, 0x27, 0x00, 0xF3, 0xFF, 0xFF, 0xFF, 0xFF, 0x0A,
    // Unicode: [0x0153]
    0x00, 0x20, 0xD8, 0xEE, 0x7C, 0x01, 0x00, 0x60, 0xEB, 0xEF, 0x4A, 0x00, 0x00, 0x00, 0xE5, 0xCF,
    0xA9, 0xFD, 0x3D, 0x20, 0xFC, 0xBE, 0xB9, 0xFE, 0x1A, 0x00, 0x50, 0xDF, 0x03, 0x00, 0x50, 0xEE,
    0xC3, 0x6F, 0x00, 0x00, 0x91, 0xBF, 0x00, 0xE1, 0x2E, 0x00, 0x00, 0x00, 0xF3, 0xFF, 0x06, 0x00,
    0x00, 0x00, 0xF9, 0x06, 0xF6, 0x06, 0x00, 0x00, 0x00, 0x90, 0xDF, 0x22, 0x22, 0x22, 0x22, 0xF3,
    0x0C, 0xF9, 0x01, 0x00, 0x00, 0x00, 0x40, 0xFF, 0xFF, 0xFF, 0xFF, 0xFF, 0xFF, 0x0E, 0xFA, 0x00,
    0x00, 0x00, 0x00, 0x20, 0xAF, 0x44, 0x44, 0x44, 0x44, 0x44, 0x04, 0xF9, 0x01, 0x00, 0x00, 0x00,
    0x30, 0xAF, 0x00, 0x00, 0x00, 0x00, 0x00, 0x00, 0xF5, 0x06, 0x00, 0x00, 0x00, 0x80, 0xEF, 0x01,
    0x00, 0x00, 0x00, 0x61, 0x00, 0xD0, 0x1D, 0x00, 0x00, 0x00, 0xE2, 0xFE, 0x08, 0x00, 0x00, 0x00,
    0xF8, 0x04, 0x40, 0xCF, 0x02, 0x00, 0x30, 0xDD, 0xA1, 0x7F, 0x00, 0x00, 0x81, 0xAF, 0x00, 0x00,
    0xE4, 0xBF, 0x88, 0xFB, 0x2D, 0x10, 0xFA, 0x9D, 0xA8, 0xFE, 0x0A, 0x00, 0x00, 0x10, 0xD8, 0xEE,
    0x6C, 0x01, 0x00, 0x40, 0xDA, 0xDF, 0x4A, 0x00, 0x00,
    // Unicode: [0x0154]
    0x00, 0x00, 0x10, 0xFC, 0x08, 0x00, 0x00, 0x00, 0x90, 0x8F, 0x00, 0x00, 0x00, 0x00, 0xF5, 0x08,
    0x00, 0x00, 0x00, 0x00, 0x66, 0x00, 0x00, 0x00, 0x00, 0x00, 0x00, 0x00, 0x00, 0x00, 0xFC, 0xFF,
    0xEF, 0xBD, 0x06, 0x00, 0xFC, 0xAA, 0xBA, 0xEC, 0xCF, 0x01, 0xEC, 0x00, 0x00, 0x10, 0xFA, 0x08,
    0xEC, 0x00, 0x00, 0x00, 0xE1, 0x0D, 0xEC, 0x00, 0x00, 0x00, 0xD0, 0x0E, 0xEC, 0x00, 0x00, 0x00,
    0xE1, 0x0D, 0xEC, 0x00, 0x00, 0x20, 0xFB, 0x07, 0xFC, 0xBB, 0xBB, 0xFC, 0xAF, 0x00, 0xFC, 0xFF,
    0xFF, 0xAD, 0x05, 0x00, 0xEC, 0xB0, 0x6F, 0x00, 0x00, 0x00, 0xEC, 0x10, 0xFD, 0x03, 0x00, 0x00,
    0xEC, 0x00, 0xF3, 0x1D, 0x00, 0x00, 0xEC, 0x00, 0x60, 0xBF, 0x00, 0x00, 0xEC, 0x00, 0x00, 0xF9,
    0x08, 0x00, 0xEC, 0x00, 0x00, 0xC1, 0x4F, 0x00, 0xEC, 0x00, 0x00, 0x20, 0xEE, 0x02, 0xEC, 0x00,
    0x00, 0x00, 0xF5, 0x0C,
    // Unicode: [0x0155]
    0x00, 0x20, 0x78, 0x02, 0x00, 0xC0, 0x7F, 0x00, 0x00, 0xF8, 0x07, 0x00, 0x40, 0x8F, 0x00, 0x00,
    0x00, 0x00, 0x00, 0x00, 0x00, 0x00, 0x00, 0x00, 0xDC, 0x70, 0xFD, 0x06, 0xDC, 0xF9, 0xAA, 0x01,
    0xFC, 0x3E, 0x00, 0x00, 0xFC, 0x08, 0x00, 0x00, 0xFC, 0x03, 0x00, 0x00, 0xFC, 0x01, 0x00, 0x00,
    0xEC, 0x00, 0x00, 0x00, 0xEC, 0x00, 0x00, 0x00, 0xDC, 0x00, 0x00, 0x00, 0xDC, 0x00, 0x00, 0x00,
    0xDC, 0x00, 0x00, 0x00, 0xDC, 0x00, 0x00, 0x00, 0xDC, 0x00, 0x00, 0x00,
    // Unicode: [0x0156]
    0xFC, 0xFF, 0xEF, 0xBE, 0x07, 0x00, 0xFC, 0xAA, 0xBA, 0xEC, 0xCF, 0x01, 0xEC, 0x00, 0x00, 0x10,
    0xFA, 0x08, 0xEC, 0x00, 0x00, 0x00, 0xE1, 0x0D, 0xEC, 0x00, 0x00, 0x00, 0xD0, 0x0E, 0xEC, 0x00,
    0x00, 0x00, 0xF3, 0x0C, 0xEC, 0x00, 0x00, 0x62, 0xFE, 0x05, 0xFC, 0xFF, 0xFF, 0xFF, 0x7F, 0x00,
    0xFC, 0xFA, 0xAF, 0x68, 0x01, 0x00, 0xEC, 0x70, 0xAF, 0x00, 0x00, 0x00, 0xEC, 0x00, 0xFB, 0x06,
    0x00, 0x00, 0xEC, 0x00, 0xE1, 0x3E, 0x00, 0x00, 0xEC, 0x00, 0x40, 0xDF, 0x01, 0x00, 0xEC, 0x00,
    0x00, 0xF8, 0x09, 0x00, 0xEC, 0x00, 0x00, 0xB0, 0x5F, 0x00, 0xEC, 0x00, 0x00, 0x20, 0xEE, 0x02,
    0xEC, 0x00, 0x00, 0x00, 0xF4, 0x0C, 0x00, 0x00, 0x00, 0x00, 0x00, 0x00, 0x00, 0x20, 0xED, 0x07,
    0x00, 0x00, 0x00, 0x00, 0xA0, 0x0C, 0x00, 0x00, 0x00, 0xE5, 0xCE, 0x03, 0x00, 0x00,
    // Unicode: [0x0157]
    0xDC, 0x60, 0xFD, 0x06, 0xDC, 0xF8, 0xAA, 0x01, 0xFC, 0x3E, 0x00, 0x00, 0xFC, 0x08, 0x00, 0x00,
    0xFC, 0x02, 0x00, 0x00, 0xFC, 0x00, 0x00, 0x00, 0xEC, 0x00, 0x00, 0x00, 0xDC, 0x00, 0x00, 0x00,
    0xDC, 0x00, 0x00, 0x00, 0xDC, 0x00, 0x00, 0x00, 0xDC, 0x00, 0x00, 0x00, 0xDC, 0x00, 0x00, 0x00,
    0xDC, 0x00, 0x00, 0x00, 0x00, 0x00, 0x00, 0x00, 0xA0, 0xBE, 0x01, 0x00, 0x10, 0xF5, 0x02, 0x00,
    0xED, 0x6D, 0x00, 0x00,
    // Unicode: [0x0158]
    0x71, 0x17, 0x00, 0x83, 0x06, 0x00, 0x40, 0xCE, 0x52, 0xDE, 0x02, 0x00, 0x00, 0xE3, 0xFE, 0x1B,
    0x00, 0x00, 0x00, 0x20, 0x77, 0x00, 0x00, 0x00, 0x00, 0x00, 0x00, 0x00, 0x00, 0x00, 0xFC, 0xFF,
    0xEF, 0xBD, 0x06, 0x00, 0xFC, 0xAA, 0xBA, 0xEC, 0xCF, 0x01, 0xEC, 0x00, 0x00, 0x10, 0xFA, 0x08,
    0xEC, 0x00, 0x00, 0x00, 0xE1, 0x0D, 0xEC, 0x00, 0x00, 0x00, 0xD0, 0x0E, 0xEC, 0x00, 0x00, 0x00,
    0xF1, 0x0D, 0xEC, 0x00, 0x00, 0x20, 0xFB, 0x07, 0xFC, 0xBB, 0xBB, 0xFD, 0xAF, 0x00, 0xFC, 0xFF,
    0xFF, 0xAD, 0x05, 0x00, 0xEC, 0xB0, 0x6F, 0x00, 0x00, 0x00, 0xEC, 0x10, 0xFD, 0x03, 0x00, 0x00,
    0xEC, 0x00, 0xF3, 0x1D, 0x00, 0x00, 0xEC, 0x00, 0x60, 0xBF, 0x00, 0x00, 0xEC, 0x00, 0x00, 0xF9,
    0x08, 0x00, 0xEC, 0x00, 0x00, 0xC1, 0x4F, 0x00, 0xEC, 0x00, 0x00, 0x20, 0xEE, 0x02, 0xEC, 0x00,
    0x00, 0x00, 0xF5, 0x0C,
    // Unicode: [0x0159]
    0xB1, 0x5F, 0x00, 0xF9, 0x08, 0x00, 0xFA, 0xB8, 0x6F, 0x00, 0x00, 0x80, 0xEF, 0x05, 0x00, 0x00,
    0x00, 0x00, 0x00, 0x00, 0x00, 0x00, 0x00, 0x00, 0x00, 0x00, 0xDC, 0x60, 0xFD, 0x06, 0x00, 0xDC,
    0xF8, 0xAA, 0x01, 0x00, 0xFC, 0x3F, 0x00, 0x00, 0x00, 0xFC, 0x08, 0x00, 0x00, 0x00, 0xFC, 0x02,
    0x00, 0x00, 0x00, 0xFC, 0x00, 0x00, 0x00, 0x00, 0xEC, 0x00, 0x00, 0x00, 0x00, 0xDC, 0x00, 0x00,
    0x00, 0x00, 0xDC, 0x00, 0x00, 0x00, 0x00, 0xDC, 0x00, 0x00, 0x00, 0x00, 0xDC, 0x00, 0x00, 0x00,
    0x00, 0xDC, 0x00, 0x00, 0x00, 0x00, 0xDC, 0x00, 0x00, 0x00,
    // Unicode: [0x015A]
    0x00, 0x00, 0x00, 0x85, 0x06, 0x00, 0x00, 0x00, 0x40, 0xDF, 0x02, 0x00, 0x00, 0x00, 0xE1, 0x2D,
    0x00, 0x00, 0x00, 0x00, 0xDB, 0x02, 0x00, 0x00, 0x00, 0x00, 0x00, 0x00, 0x00, 0x00, 0x00, 0x00,
    0x00, 0x00, 0x00, 0x00, 0x00, 0x80, 0xFD, 0x8D, 0x01, 0x00, 0x00, 0xFB, 0xCE, 0xFE, 0x2D, 0x00,
    0x50, 0xBF, 0x01, 0x80, 0xCF, 0x00, 0x80, 0x4F, 0x00, 0x00, 0x36, 0x00, 0x70, 0x5F, 0x00, 0x00,
    0x00, 0x00, 0x20, 0xDF, 0x01, 0x00, 0x00, 0x00, 0x00, 0xF6, 0x3D, 0x00, 0x00, 0x00, 0x00, 0x40,
    0xFE, 0x07, 0x00, 0x00, 0x00, 0x00, 0xC2, 0xBF, 0x01, 0x00, 0x00, 0x00, 0x00, 0xF9, 0x1C, 0x00,
    0x00, 0x00, 0x00, 0x80, 0xAF, 0x00, 0x00, 0x00, 0x00, 0x00, 0xFC, 0x03, 0x10, 0x00, 0x00, 0x00,
    0xF8, 0x06, 0xF6, 0x05, 0x00, 0x00, 0xFA, 0x05, 0xE1, 0x5E, 0x00, 0x70, 0xDF, 0x01, 0x30, 0xFE,
    0xBC, 0xFD, 0x3E, 0x00, 0x00, 0x92, 0xFD, 0x9D, 0x02, 0x00,
    // Unicode: [0x015B]
    0x00, 0x00, 0xFA, 0x0B, 0x00, 0x00, 0x60, 0xBF, 0x00, 0x00, 0x00, 0xE2, 0x0B, 0x00, 0x00, 0x00,
    0x75, 0x00, 0x00, 0x00, 0x00, 0x00, 0x00, 0x00, 0x00, 0x00, 0x00, 0x00, 0x00, 0x00, 0x00, 0xC4,
    0xDE, 0x18, 0x00, 0x40, 0xDF, 0xB9, 0xDF, 0x01, 0xA0, 0x1D, 0x00, 0x64, 0x00, 0xB0, 0x0B, 0x00,
    0x00, 0x00, 0x80, 0x6F, 0x00, 0x00, 0x00, 0x10, 0xFB, 0x2B, 0x00, 0x00, 0x00, 0x70, 0xFE, 0x08,
    0x00, 0x00, 0x00, 0x91, 0x9F, 0x00, 0x00, 0x00, 0x00, 0xF9, 0x01, 0x00, 0x00, 0x00, 0xF5, 0x03,
    0x90, 0x03, 0x00, 0xFB, 0x01, 0xE2, 0xAF, 0xD9, 0x8F, 0x00, 0x10, 0xD9, 0xDF, 0x06, 0x00,
    // Unicode: [0x015C]
    0x00, 0x00, 0xF6, 0x6F, 0x00, 0x00, 0x00, 0x80, 0xAF, 0xF9, 0x08, 0x00, 0x00, 0xFA, 0x08, 0x70,
    0x9F, 0x00, 0x00, 0x00, 0x00, 0x00, 0x00, 0x00, 0x00, 0x00, 0x00, 0x00, 0x00, 0x00, 0x00, 0x80,
    0xFD, 0x8D, 0x01, 0x00, 0x00, 0xFB, 0xCE, 0xFE, 0x2D, 0x00, 0x50, 0xBF, 0x01, 0x80, 0xCF, 0x00,
    0x80, 0x4F, 0x00, 0x00, 0x36, 0x00, 0x70, 0x5F, 0x00, 0x00, 0x00, 0x00, 0x20, 0xDF, 0x01, 0x00,
    0x00, 0x00, 0x00, 0xF6, 0x3D, 0x00, 0x00, 0x00, 0x00, 0x50, 0xFE, 0x07, 0x00, 0x00, 0x00, 0x00,
    0xC2, 0xBF, 0x01, 0x00, 0x00, 0x00, 0x00, 0xF9, 0x1C, 0x00, 0x00, 0x00, 0x00, 0x70, 0xAF, 0x00,
    0x00, 0x00, 0x00, 0x00, 0xFC, 0x03, 0x10, 0x00, 0x00, 0x00, 0xF8, 0x06, 0xF6, 0x05, 0x00, 0x00,
    0xFA, 0x05, 0xE1, 0x5E, 0x00, 0x60, 0xDF, 0x01, 0x30, 0xFE, 0xBC, 0xFD, 0x3E, 0x00, 0x00, 0x92,
    0xFD, 0x9D, 0x02, 0x00,
    // Unicode: [0x015D]
    0x00, 0xA0, 0xDF, 0x03, 0x00, 0x10, 0xFB, 0xC7, 0x4E, 0x00, 0xD2, 0x4E, 0x10, 0xFB, 0x05, 0x00,
    0x00, 0x00, 0x00, 0x00, 0x00, 0x00, 0x00, 0x00, 0x00, 0x00, 0xC4, 0xDE, 0x18, 0x00, 0x40, 0xDF,
    0xB9, 0xDF, 0x01, 0xA0, 0x1D, 0x00, 0x64, 0x00, 0xB0, 0x0B, 0x00, 0x00, 0x00, 0x80, 0x6F, 0x00,
    0x00, 0x00, 0x10, 0xFB, 0x2B, 0x00, 0x00, 0x00, 0x70, 0xFE, 0x08, 0x00, 0x00, 0x00, 0x91, 0x9F,
    0x00, 0x00, 0x00, 0x00, 0xF9, 0x01, 0x00, 0x00, 0x00, 0xF5, 0x03, 0x90, 0x03, 0x00, 0xFB, 0x01,
    0xE2, 0xAF, 0xD9, 0x8F, 0x00, 0x10, 0xD9, 0xDF, 0x06, 0x00,
    // Unicode: [0x015E]
    0x00, 0x70, 0xFD, 0x8D, 0x01, 0x00, 0x00, 0xFB, 0xCE, 0xFE, 0x2D, 0x00, 0x50, 0xBF, 0x01, 0x80,
    0xCF, 0x00, 0x80, 0x4F, 0x00, 0x00, 0x36, 0x00, 0x70, 0x5F, 0x00, 0x00, 0x00, 0x00, 0x20, 0xCF,
    0x01, 0x00, 0x00, 0x00, 0x00, 0xF7, 0x2D, 0x00, 0x00, 0x00, 0x00, 0x60, 0xEF, 0x06, 0x00, 0x00,
    0x00, 0x00, 0xD3, 0xAF, 0x00, 0x00, 0x00, 0x00, 0x10, 0xFA, 0x1B, 0x00, 0x00, 0x00, 0x00, 0x90,
    0x9F, 0x00, 0x00, 0x00, 0x00, 0x00, 0xFD, 0x02, 0x00, 0x00, 0x00, 0x00, 0xF8, 0x05, 0xE5, 0x03,
    0x00, 0x00, 0xF9, 0x05, 0xF2, 0x3E, 0x00, 0x40, 0xEF, 0x01, 0x50, 0xFF, 0x8A, 0xFB, 0x5F, 0x00,
    0x00, 0xC3, 0xFF, 0xCF, 0x04, 0x00, 0x00, 0x00, 0xE2, 0x02, 0x00, 0x00, 0x00, 0x00, 0xF3, 0x4D,
    0x00, 0x00, 0x00, 0x10, 0x10, 0x9D, 0x00, 0x00, 0x00, 0xB0, 0xEE, 0x1A, 0x00, 0x00,
    // Unicode: [0x015F]
    0x00, 0xC4, 0xDE, 0x18, 0x00, 0x30, 0xDF, 0xB9, 0xDF, 0x01, 0xA0, 0x1D, 0x00, 0x64, 0x00, 0xB0,
    0x0B, 0x00, 0x00, 0x00, 0x80, 0x5F, 0x00, 0x00, 0x00, 0x10, 0xFC, 0x2A, 0x00, 0x00, 0x00, 0x81,
    0xEF, 0x07, 0x00, 0x00, 0x00, 0xB2, 0x8F, 0x00, 0x00, 0x00, 0x00, 0xFA, 0x01, 0x00, 0x00, 0x00,
    0xF5, 0x03, 0x70, 0x01, 0x00, 0xFA, 0x01, 0xF2, 0x8E, 0xA6, 0x8F, 0x00, 0x30, 0xFC, 0xEF, 0x08,
    0x00, 0x00, 0x30, 0x0E, 0x00, 0x00, 0x00, 0x40, 0xDF, 0x04, 0x00, 0x00, 0x01, 0xE1, 0x08, 0x00,
    0x00, 0xEB, 0xAE, 0x01, 0x00,
    // Unicode: [0x0160]
    0x00, 0xFA, 0x06, 0x80, 0x9F, 0x00, 0x00, 0x90, 0x9F, 0xFB, 0x07, 0x00, 0x00, 0x00, 0xF7, 0x5F,
    0x00, 0x00, 0x00, 0x00, 0x00, 0x00, 0x00, 0x00, 0x00, 0x00, 0x00, 0x00, 0x00, 0x00, 0x00, 0x80,
    0xFD, 0x8D, 0x01, 0x00, 0x00, 0xFB, 0xCE, 0xFE, 0x2D, 0x00, 0x50, 0xBF, 0x01, 0x80, 0xCF, 0x00,
    0x80, 0x4F, 0x00, 0x00, 0x36, 0x00, 0x70, 0x5F, 0x00, 0x00, 0x00, 0x00, 0x20, 0xDF, 0x01, 0x00,
    0x00, 0x00, 0x00, 0xF6, 0x3D, 0x00, 0x00, 0x00, 0x00, 0x50, 0xFE, 0x07, 0x00, 0x00, 0x00, 0x00,
    0xC2, 0xBF, 0x01, 0x00, 0x00, 0x00, 0x00, 0xF9, 0x1C, 0x00, 0x00, 0x00, 0x00, 0x80, 0xAF, 0x00,
    0x00, 0x00, 0x00, 0x00, 0xFC, 0x03, 0x10, 0x00, 0x00, 0x00, 0xF8, 0x06, 0xF6, 0x05, 0x00, 0x00,
    0xFA, 0x05, 0xE2, 0x5E, 0x00, 0x60, 0xDF, 0x01, 0x30, 0xFE, 0xBC, 0xFD, 0x3E, 0x00, 0x00, 0x82,
    0xFD, 0x9E, 0x02, 0x00,
    // Unicode: [0x0161]
    0xD2, 0x3D, 0x10, 0xFC, 0x05, 0x10, 0xEC, 0xD7, 0x4E, 0x00, 0x00, 0xB1, 0xDF, 0x02, 0x00, 0x00,
    0x00, 0x00, 0x00, 0x00, 0x00, 0x00, 0x00, 0x00, 0x00, 0x00, 0xC4, 0xDE, 0x18, 0x00, 0x40, 0xDF,
    0xB9, 0xDF, 0x01, 0xA0, 0x1D, 0x00, 0x64, 0x00, 0xB0, 0x0B, 0x00, 0x00, 0x00, 0x80, 0x6F, 0x00,
    0x00, 0x00, 0x10, 0xFB, 0x2B, 0x00, 0x00, 0x00, 0x70, 0xFE, 0x08, 0x00, 0x00, 0x00, 0x91, 0x9F,
    0x00, 0x00, 0x00, 0x00, 0xF9, 0x01, 0x00, 0x00, 0x00, 0xF5, 0x03, 0x90, 0x03, 0x00, 0xFB, 0x01,
    0xE2, 0xAF, 0xD9, 0x8F, 0x00, 0x10, 0xD9, 0xDF, 0x06, 0x00,
    // Unicode: [0x0162]
    0xF9, 0xFF, 0xFF, 0xFF, 0xDF, 0xA6, 0xAA, 0xFE, 0xAA, 0x9A, 0x00, 0x00, 0xFB, 0x00, 0x00, 0x00,
    0x00, 0xFB, 0x00, 0x00, 0x00, 0x00, 0xFB, 0x00, 0x00, 0x00, 0x00, 0xFB, 0x00, 0x00, 0x00, 0x00,
    0xFB, 0x00, 0x00, 0x00, 0x00, 0xFB, 0x00, 0x00, 0x00, 0x00, 0xFB, 0x00, 0x00, 0x00, 0x00, 0xFB,
    0x00, 0x00, 0x00, 0x00, 0xFB, 0x00, 0x00, 0x00, 0x00, 0xFB, 0x00, 0x00, 0x00, 0x00, 0xFB, 0x00,
    0x00, 0x00, 0x00, 0xFB, 0x00, 0x00, 0x00, 0x00, 0xFB, 0x00, 0x00, 0x00, 0x00, 0xFB, 0x00, 0x00,
    0x00, 0x00, 0xFB, 0x00, 0x00, 0x00, 0x00, 0x00, 0x00, 0x00, 0x00, 0x00, 0xCA, 0x00, 0x00, 0x00,
    0x00, 0xFC, 0x00, 0x00, 0x00, 0x00, 0xC0, 0x00, 0x00, 0x00, 0x00, 0x61, 0x00, 0x00,
    // Unicode: [0x0163]
    0x00, 0xEB, 0x00, 0x00, 0x00, 0xEB, 0x00, 0x00, 0x00, 0xEB, 0x00, 0x00, 0x00, 0xEB, 0x00, 0x00,
    0x00, 0xEB, 0x00, 0x00, 0xFF, 0xFF, 0xFF, 0x08, 0x66, 0xED, 0x66, 0x03, 0x00, 0xEB, 0x00, 0x00,
    0x00, 0xEB, 0x00, 0x00, 0x00, 0xEB, 0x00, 0x00, 0x00, 0xEB, 0x00, 0x00, 0x00, 0xEB, 0x00, 0x00,
    0x00, 0xEB, 0x00, 0x00, 0x00, 0xEB, 0x00, 0x00, 0x00, 0xEB, 0x00, 0x00, 0x00, 0xEB, 0x00, 0x00,
    0x00, 0xEB, 0x00, 0x00, 0x00, 0xEB, 0x00, 0x00, 0x00, 0x00, 0x00, 0x00, 0x00, 0xCA, 0x00, 0x00,
    0x00, 0xED, 0x00, 0x00, 0x00, 0xC0, 0x00, 0x00, 0x00, 0x62, 0x00, 0x00,
    // Unicode: [0x0164]
    0x50, 0x38, 0x00, 0x70, 0x28, 0x10, 0xFB, 0x15, 0xFB, 0x06, 0x00, 0xA0, 0xEF, 0x4E, 0x00, 0x00,
    0x00, 0x86, 0x03, 0x00, 0x00, 0x00, 0x00, 0x00, 0x00, 0xF9, 0xFF, 0xFF, 0xFF, 0xDF, 0xA6, 0xAA,
    0xFE, 0xAA, 0x9A, 0x00, 0x00, 0xFB, 0x00, 0x00, 0x00, 0x00, 0xFB, 0x00, 0x00, 0x00, 0x00, 0xFB,
    0x00, 0x00, 0x00, 0x00, 0xFB, 0x00, 0x00, 0x00, 0x00, 0xFB, 0x00, 0x00, 0x00, 0x00, 0xFB, 0x00,
    0x00, 0x00, 0x00, 0xFB, 0x00, 0x00, 0x00, 0x00, 0xFB, 0x00, 0x00, 0x00, 0x00, 0xFB, 0x00, 0x00,
    0x00, 0x00, 0xFB, 0x00, 0x00, 0x00, 0x00, 0xFB, 0x00, 0x00, 0x00, 0x00, 0xFB, 0x00, 0x00, 0x00,
    0x00, 0xFB, 0x00, 0x00, 0x00, 0x00, 0xFB, 0x00, 0x00, 0x00, 0x00, 0xFB, 0x00, 0x00,
    // Unicode: [0x0165]
    0x00, 0xEB, 0xE0, 0x0B, 0x00, 0xEB, 0xC0, 0x0B, 0x00, 0xEB, 0x30, 0x09, 0x00, 0xEB, 0x80, 0x04,
    0x00, 0xEB, 0x00, 0x00, 0xFF, 0xFF, 0xFF, 0x08, 0x66, 0xED, 0x66, 0x03, 0x00, 0xEB, 0x00, 0x00,
    0x00, 0xEB, 0x00, 0x00, 0x00, 0xEB, 0x00, 0x00, 0x00, 0xEB, 0x00, 0x00, 0x00, 0xEB, 0x00, 0x00,
    0x00, 0xEB, 0x00, 0x00, 0x00, 0xEB, 0x00, 0x00, 0x00, 0xEB, 0x00, 0x00, 0x00, 0xEB, 0x00, 0x00,
    0x00, 0xEB, 0x00, 0x00, 0x00, 0xEB, 0x00, 0x00,
    // Unicode: [0x0166]
    0xF9, 0xFF, 0xFF, 0xFF, 0xDF, 0xA6, 0xAA, 0xFE, 0xAA, 0x9A, 0x00, 0x00, 0xFB, 0x00, 0x00, 0x00,
    0x00, 0xFB, 0x00, 0x00, 0x00, 0x00, 0xFB, 0x00, 0x00, 0x00, 0x00, 0xFB, 0x00, 0x00, 0x00, 0x00,
    0xFB, 0x00, 0x00, 0x00, 0x00, 0xFB, 0x00, 0x00, 0xF1, 0xFF, 0xFF, 0xFF, 0x4F, 0x90, 0x99, 0xFE,
    0x99, 0x39, 0x00, 0x00, 0xFB, 0x00, 0x00, 0x00, 0x00, 0xFB, 0x00, 0x00, 0x00, 0x00, 0xFB, 0x00,
    0x00, 0x00, 0x00, 0xFB, 0x00, 0x00, 0x00, 0x00, 0xFB, 0x00, 0x00, 0x00, 0x00, 0xFB, 0x00, 0x00,
    0x00, 0x00, 0xFB, 0x00, 0x00,
    // Unicode: [0x0167]
    0x00, 0xB0, 0x0E, 0x00, 0x00, 0xB0, 0x0E, 0x00, 0x00, 0xB0, 0x0E, 0x00, 0x00, 0xB0, 0x0E, 0x00,
    0x00, 0xB0, 0x0E, 0x00, 0xF0, 0xFF, 0xFF, 0x8F, 0x60, 0xD6, 0x6E, 0x36, 0x00, 0xB0, 0x0E, 0x00,
    0x00, 0xB0, 0x0E, 0x00, 0x00, 0xB0, 0x0E, 0x00, 0x10, 0xB1, 0x1E, 0x11, 0xF4, 0xFF, 0xFF, 0xCF,
    0x41, 0xC4, 0x4E, 0x34, 0x00, 0xB0, 0x0E, 0x00, 0x00, 0xB0, 0x0E, 0x00, 0x00, 0xB0, 0x0E, 0x00,
    0x00, 0xB0, 0x0E, 0x00, 0x00, 0xB0, 0x0E, 0x00,
    // Unicode: [0x0168]
    0x00, 0x00, 0x02, 0x00, 0x10, 0x00, 0x10, 0xFB, 0xFF, 0x9B, 0xCC, 0x00, 0x00, 0x7A, 0x96, 0xFD,
    0x8D, 0x01, 0x00, 0x00, 0x00, 0x00, 0x00, 0x00, 0x00, 0x00, 0x00, 0x00, 0x00, 0x00, 0xDD, 0x00,
    0x00, 0x00, 0x20, 0x8F, 0xDD, 0x00, 0x00, 0x00, 0x20, 0x8F, 0xDD, 0x00, 0x00, 0x00, 0x20, 0x8F,
    0xDD, 0x00, 0x00, 0x00, 0x20, 0x8F, 0xDD, 0x00, 0x00, 0x00, 0x20, 0x8F, 0xDD, 0x00, 0x00, 0x00,
    0x20, 0x8F, 0xDD, 0x00, 0x00, 0x00, 0x20, 0x8F, 0xDD, 0x00, 0x00, 0x00, 0x20, 0x8F, 0xDD, 0x00,
    0x00, 0x00, 0x20, 0x8F, 0xDD, 0x00, 0x00, 0x00, 0x20, 0x8F, 0xDD, 0x00, 0x00, 0x00, 0x20, 0x8F,
    0xEC, 0x00, 0x00, 0x00, 0x30, 0x7F, 0xFB, 0x01, 0x00, 0x00, 0x50, 0x6F, 0xF8, 0x06, 0x00, 0x00,
    0xB0, 0x2F, 0xE2, 0x5E, 0x00, 0x00, 0xF9, 0x0A, 0x40, 0xFE, 0xAD, 0xEA, 0xCF, 0x01, 0x00, 0x82,
    0xED, 0xCE, 0x06, 0x00,
    // Unicode: [0x0169]
    0x00, 0x00, 0x00, 0x00, 0x61, 0x00, 0x00, 0xD8, 0xFF, 0xFF, 0xFF, 0x04, 0x00, 0x84, 0x88, 0x88,
    0x67, 0x03, 0x00, 0x00, 0x00, 0x00, 0x00, 0x00, 0x00, 0x00, 0x00, 0x00, 0x00, 0x00, 0xF6, 0x04,
    0x00, 0x00, 0x00, 0xCE, 0xF6, 0x04, 0x00, 0x00, 0x00, 0xCE, 0xF6, 0x04, 0x00, 0x00, 0x00, 0xCE,
    0xF6, 0x04, 0x00, 0x00, 0x00, 0xCE, 0xF6, 0x04, 0x00, 0x00, 0x00, 0xCE, 0xF6, 0x04, 0x00, 0x00,
    0x00, 0xCE, 0xF6, 0x04, 0x00, 0x00, 0x00, 0xBE, 0xF5, 0x05, 0x00, 0x00, 0x00, 0xBE, 0xF3, 0x06,
    0x00, 0x00, 0x10, 0x9F, 0xE1, 0x0C, 0x00, 0x00, 0x60, 0x6F, 0x80, 0x9F, 0x00, 0x00, 0xE4, 0x1E,
    0x10, 0xFB, 0xAE, 0xC9, 0xEF, 0x04, 0x00, 0x60, 0xEC, 0xDF, 0x29, 0x00,
    // Unicode: [0x016A]
    0x00, 0x11, 0x11, 0x11, 0x11, 0x00, 0x30, 0xFF, 0xFF, 0xFF, 0xEF, 0x00, 0x10, 0x44, 0x44, 0x44,
    0x44, 0x00, 0x00, 0x00, 0x00, 0x00, 0x00, 0x00, 0x00, 0x00, 0x00, 0x00, 0x00, 0x00, 0xDD, 0x00,
    0x00, 0x00, 0x20, 0x8F, 0xDD, 0x00, 0x00, 0x00, 0x20, 0x8F, 0xDD, 0x00, 0x00, 0x00, 0x20, 0x8F,
    0xDD, 0x00, 0x00, 0x00, 0x20, 0x8F, 0xDD, 0x00, 0x00, 0x00, 0x20, 0x8F, 0xDD, 0x00, 0x00, 0x00,
    0x20, 0x8F, 0xDD, 0x00, 0x00, 0x00, 0x20, 0x8F, 0xDD, 0x00, 0x00, 0x00, 0x20, 0x8F, 0xDD, 0x00,
    0x00, 0x00, 0x20, 0x8F, 0xDD, 0x00, 0x00, 0x00, 0x20, 0x8F, 0xDD, 0x00, 0x00, 0x00, 0x20, 0x8F,
    0xEC, 0x00, 0x00, 0x00, 0x30, 0x7F, 0xFB, 0x01, 0x00, 0x00, 0x50, 0x6F, 0xF8, 0x06, 0x00, 0x00,
    0xB0, 0x2F, 0xE2, 0x5E, 0x00, 0x00, 0xF9, 0x0A, 0x40, 0xFE, 0xAD, 0xEA, 0xCF, 0x01, 0x00, 0x82,
    0xED, 0xCE, 0x06, 0x00,
    // Unicode: [0x016B]
    0x00, 0xFC, 0xFF, 0xFF, 0xFF, 0x05, 0x00, 0x64, 0x66, 0x66, 0x66, 0x02, 0x00, 0x00, 0x00, 0x00,
    0x00, 0x00, 0x00, 0x00, 0x00, 0x00, 0x00, 0x00, 0xF6, 0x04, 0x00, 0x00, 0x00, 0xCE, 0xF6, 0x04,
    0x00, 0x00, 0x00, 0xCE, 0xF6, 0x04, 0x00, 0x00, 0x00, 0xCE, 0xF6, 0x04, 0x00, 0x00, 0x00, 0xCE,
    0xF6, 0x04, 0x00, 0x00, 0x00, 0xCE, 0xF6, 0x04, 0x00, 0x00, 0x00, 0xCE, 0xF6, 0x04, 0x00, 0x00,
    0x00, 0xBE, 0xF5, 0x05, 0x00, 0x00, 0x00, 0xBE, 0xF3, 0x06, 0x00, 0x00, 0x10, 0x9F, 0xE1, 0x0C,
    0x00, 0x00, 0x60, 0x6F, 0x80, 0x9F, 0x00, 0x00, 0xE4, 0x1E, 0x10, 0xFB, 0xAE, 0xC9, 0xEF, 0x04,
    0x00, 0x60, 0xEC, 0xDF, 0x29, 0x00,
    // Unicode: [0x016C]
    0x10, 0x38, 0x00, 0x00, 0x75, 0x00, 0x00, 0xEC, 0x15, 0x61, 0x8F, 0x00, 0x00, 0xA1, 0xFF, 0xEF,
    0x07, 0x00, 0x00, 0x00, 0x21, 0x02, 0x00, 0x00, 0x00, 0x00, 0x00, 0x00, 0x00, 0x00, 0xDD, 0x00,
    0x00, 0x00, 0x20, 0x8F, 0xDD, 0x00, 0x00, 0x00, 0x20, 0x8F, 0xDD, 0x00, 0x00, 0x00, 0x20, 0x8F,
    0xDD, 0x00, 0x00, 0x00, 0x20, 0x8F, 0xDD, 0x00, 0x00, 0x00, 0x20, 0x8F, 0xDD, 0x00, 0x00, 0x00,
    0x20, 0x8F, 0xDD, 0x00, 0x00, 0x00, 0x20, 0x8F, 0xDD, 0x00, 0x00, 0x00, 0x20, 0x8F, 0xDD, 0x00,
    0x00, 0x00, 0x20, 0x8F, 0xDD, 0x00, 0x00, 0x00, 0x20, 0x8F, 0xDD, 0x00, 0x00, 0x00, 0x20, 0x8F,
    0xEC, 0x00, 0x00, 0x00, 0x30, 0x7F, 0xFB, 0x01, 0x00, 0x00, 0x50, 0x6F, 0xF8, 0x06, 0x00, 0x00,
    0xB0, 0x2F, 0xE2, 0x5E, 0x00, 0x00, 0xF9, 0x0A, 0x40, 0xFE, 0xAD, 0xEA, 0xCF, 0x01, 0x00, 0x82,
    0xED, 0xCE, 0x06, 0x00,
    // Unicode: [0x016D]
    0x00, 0xE9, 0x26, 0x21, 0xFA, 0x03, 0x00, 0x80, 0xFE, 0xFF, 0x4C, 0x00, 0x00, 0x00, 0x20, 0x13,
    0x00, 0x00, 0x00, 0x00, 0x00, 0x00, 0x00, 0x00, 0x00, 0x00, 0x00, 0x00, 0x00, 0x00, 0xF6, 0x04,
    0x00, 0x00, 0x00, 0xCE, 0xF6, 0x04, 0x00, 0x00, 0x00, 0xCE, 0xF6, 0x04, 0x00, 0x00, 0x00, 0xCE,
    0xF6, 0x04, 0x00, 0x00, 0x00, 0xCE, 0xF6, 0x04, 0x00, 0x00, 0x00, 0xCE, 0xF6, 0x04, 0x00, 0x00,
    0x00, 0xCE, 0xF6, 0x04, 0x00, 0x00, 0x00, 0xBE, 0xF5, 0x05, 0x00, 0x00, 0x00, 0xBE, 0xF3, 0x06,
    0x00, 0x00, 0x10, 0x9F, 0xE1, 0x0C, 0x00, 0x00, 0x60, 0x6F, 0x80, 0x9F, 0x00, 0x00, 0xE4, 0x1E,
    0x10, 0xFB, 0xAE, 0xC9, 0xEF, 0x04, 0x00, 0x60, 0xEC, 0xDF, 0x29, 0x00,
    // Unicode: [0x016E]
    0x00, 0x20, 0xEB, 0x1A, 0x00, 0x00, 0x00, 0xC0, 0x3A, 0x9C, 0x00, 0x00, 0x00, 0xF0, 0x03, 0xD5,
    0x00, 0x00, 0x00, 0xD0, 0x18, 0xBB, 0x00, 0x00, 0x00, 0x40, 0xFE, 0x2D, 0x00, 0x00, 0x00, 0x00,
    0x21, 0x00, 0x00, 0x00, 0x00, 0x00, 0x00, 0x00, 0x00, 0x00, 0xDD, 0x00, 0x00, 0x00, 0x20, 0x8F,
    0xDD, 0x00, 0x00, 0x00, 0x20, 0x8F, 0xDD, 0x00, 0x00, 0x00, 0x20, 0x8F, 0xDD, 0x00, 0x00, 0x00,
    0x20, 0x8F, 0xDD, 0x00, 0x00, 0x00, 0x20, 0x8F, 0xDD, 0x00, 0x00, 0x00, 0x20, 0x8F, 0xDD, 0x00,
    0x00, 0x00, 0x20, 0x8F, 0xDD, 0x00, 0x00, 0x00, 0x20, 0x8F, 0xDD, 0x00, 0x00, 0x00, 0x20, 0x8F,
    0xDD, 0x00, 0x00, 0x00, 0x20, 0x8F, 0xDD, 0x00, 0x00, 0x00, 0x20, 0x8F, 0xEC, 0x00, 0x00, 0x00,
    0x30, 0x7F, 0xFB, 0x01, 0x00, 0x00, 0x50, 0x6F, 0xF8, 0x06, 0x00, 0x00, 0xB0, 0x2F, 0xE2, 0x5E,
    0x00, 0x00, 0xF9, 0x0A, 0x40, 0xFE, 0xAD, 0xEA, 0xCF, 0x01, 0x00, 0x82, 0xED, 0xCE, 0x06, 0x00,
    // Unicode: [0x016F]
    0x00, 0x00, 0xE8, 0x4D, 0x00, 0x00, 0x00, 0x50, 0x4E, 0xE7, 0x01, 0x00, 0x00, 0x90, 0x09, 0xE0,
    0x04, 0x00, 0x00, 0x70, 0x2D, 0xF5, 0x02, 0x00, 0x00, 0x00, 0xFB, 0x7F, 0x00, 0x00, 0x00, 0x00,
    0x20, 0x01, 0x00, 0x00, 0x00, 0x00, 0x00, 0x00, 0x00, 0x00, 0xF6, 0x04, 0x00, 0x00, 0x00, 0xCE,
    0xF6, 0x04, 0x00, 0x00, 0x00, 0xCE, 0xF6, 0x04, 0x00, 0x00, 0x00, 0xCE, 0xF6, 0x04, 0x00, 0x00,
    0x00, 0xCE, 0xF6, 0x04, 0x00, 0x00, 0x00, 0xCE, 0xF6, 0x04, 0x00, 0x00, 0x00, 0xCE, 0xF6, 0x04,
    0x00, 0x00, 0x00, 0xBE, 0xF5, 0x05, 0x00, 0x00, 0x00, 0xBE, 0xF3, 0x06, 0x00, 0x00, 0x10, 0x9F,
    0xE1, 0x0C, 0x00, 0x00, 0x60, 0x6F, 0x80, 0x9F, 0x00, 0x00, 0xE4, 0x1E, 0x10, 0xFB, 0xAE, 0xC9,
    0xEF, 0x04, 0x00, 0x60, 0xEC, 0xDF, 0x29, 0x00,
    // Unicode: [0x0170]
    0x00, 0x00, 0x60, 0x79, 0x80, 0x59, 0x00, 0x00, 0xF3, 0x2E, 0xF7, 0x0B, 0x00, 0x10, 0xED, 0x32,
    0xCF, 0x01, 0x00, 0x90, 0x3E, 0xD1, 0x1C, 0x00, 0x00, 0x00, 0x00, 0x00, 0x00, 0x00, 0x00, 0x00,
    0x00, 0x00, 0x00, 0x00, 0xDD, 0x00, 0x00, 0x00, 0x20, 0x8F, 0xDD, 0x00, 0x00, 0x00, 0x20, 0x8F,
    0xDD, 0x00, 0x00, 0x00, 0x20, 0x8F, 0xDD, 0x00, 0x00, 0x00, 0x20, 0x8F, 0xDD, 0x00, 0x00, 0x00,
    0x20, 0x8F, 0xDD, 0x00, 0x00, 0x00, 0x20, 0x8F, 0xDD, 0x00, 0x00, 0x00, 0x20, 0x8F, 0xDD, 0x00,
    0x00, 0x00, 0x20, 0x8F, 0xDD, 0x00, 0x00, 0x00, 0x20, 0x8F, 0xDD, 0x00, 0x00, 0x00, 0x20, 0x8F,
    0xDD, 0x00, 0x00, 0x00, 0x20, 0x8F, 0xEC, 0x00, 0x00, 0x00, 0x30, 0x7F, 0xFB, 0x01, 0x00, 0x00,
    0x50, 0x6F, 0xF8, 0x06, 0x00, 0x00, 0xB0, 0x2F, 0xE2, 0x5E, 0x00, 0x00, 0xF9, 0x0A, 0x40, 0xFE,
    0xAD, 0xEA, 0xCF, 0x01, 0x00, 0x82, 0xED, 0xCE, 0x06, 0x00,
    // Unicode: [0x0171]
    0x00, 0x00, 0x50, 0xEF, 0x92, 0xBF, 0x00, 0x00, 0xE2, 0x2E, 0xF5, 0x1B, 0x00, 0x00, 0xEB, 0x23,
    0xCE, 0x01, 0x00, 0x30, 0x39, 0x60, 0x18, 0x00, 0x00, 0x00, 0x00, 0x00, 0x00, 0x00, 0x00, 0x00,
    0x00, 0x00, 0x00, 0x00, 0xF6, 0x04, 0x00, 0x00, 0x00, 0xCE, 0xF6, 0x04, 0x00, 0x00, 0x00, 0xCE,
    0xF6, 0x04, 0x00, 0x00, 0x00, 0xCE, 0xF6, 0x04, 0x00, 0x00, 0x00, 0xCE, 0xF6, 0x04, 0x00, 0x00,
    0x00, 0xCE, 0xF6, 0x04, 0x00, 0x00, 0x00, 0xCE, 0xF6, 0x04, 0x00, 0x00, 0x00, 0xBE, 0xF5, 0x05,
    0x00, 0x00, 0x00, 0xBE, 0xF3, 0x06, 0x00, 0x00, 0x10, 0x9F, 0xE1, 0x0C, 0x00, 0x00, 0x60, 0x6F,
    0x80, 0x9F, 0x00, 0x00, 0xE4, 0x1E, 0x10, 0xFB, 0xAE, 0xC9, 0xEF, 0x04, 0x00, 0x60, 0xEC, 0xDF,
    0x29, 0x00,
    // Unicode: [0x0172]
    0xDD, 0x00, 0x00, 0x00, 0x20, 0x8F, 0xDD, 0x00, 0x00, 0x00, 0x20, 0x8F, 0xDD, 0x00, 0x00, 0x00,
    0x20, 0x8F, 0xDD, 0x00, 0x00, 0x00, 0x20, 0x8F, 0xDD, 0x00, 0x00, 0x00, 0x20, 0x8F, 0xDD, 0x00,
    0x00, 0x00, 0x20, 0x8F, 0xDD, 0x00, 0x00, 0x00, 0x20, 0x8F, 0xDD, 0x00, 0x00, 0x00, 0x20, 0x8F,
    0xDD, 0x00, 0x00, 0x00, 0x20, 0x8F, 0xDD, 0x00, 0x00, 0x00, 0x20, 0x8F, 0xDD, 0x00, 0x00, 0x00,
    0x20, 0x8F, 0xEC, 0x00, 0x00, 0x00, 0x30, 0x7F, 0xFB, 0x01, 0x00, 0x00, 0x50, 0x6F, 0xF8, 0x06,
    0x00, 0x00, 0xB0, 0x2F, 0xE1, 0x5E, 0x00, 0x00, 0xF9, 0x0A, 0x30, 0xFE, 0xAD, 0xEA, 0xBF, 0x01,
    0x00, 0x81, 0xEC, 0xBF, 0x06, 0x00, 0x00, 0x00, 0xD1, 0x05, 0x00, 0x00, 0x00, 0x00, 0xE5, 0x00,
    0x00, 0x00, 0x00, 0x00, 0xF4, 0x15, 0x00, 0x00, 0x00, 0x00, 0x70, 0xEE, 0x04, 0x00,
    // Unicode: [0x0173]
    0xF6, 0x04, 0x00, 0x00, 0x00, 0xCE, 0xF6, 0x04, 0x00, 0x00, 0x00, 0xCE, 0xF6, 0x04, 0x00, 0x00,
    0x00, 0xCE, 0xF6, 0x04, 0x00, 0x00, 0x00, 0xCE, 0xF6, 0x04, 0x00, 0x00, 0x00, 0xCE, 0xF6, 0x04,
    0x00, 0x00, 0x00, 0xCE, 0xF6, 0x04, 0x00, 0x00, 0x00, 0xBE, 0xF5, 0x05, 0x00, 0x00, 0x00, 0xBE,
    0xF3, 0x06, 0x00, 0x00, 0x10, 0x9F, 0xE0, 0x0C, 0x00, 0x00, 0x60, 0x6F, 0x70, 0xAF, 0x01, 0x00,
    0xE5, 0x1D, 0x00, 0xFA, 0xBE, 0xDB, 0xEF, 0x03, 0x00, 0x50, 0xEA, 0xBF, 0x17, 0x00, 0x00, 0x00,
    0xD1, 0x06, 0x00, 0x00, 0x00, 0x00, 0xE4, 0x00, 0x00, 0x00, 0x00, 0x00, 0xF3, 0x15, 0x00, 0x00,
    0x00, 0x00, 0x70, 0xFD, 0x05, 0x00,
    // Unicode: [0x0174]
    0x00, 0x00, 0x00, 0x00, 0xB1, 0xDF, 0x02, 0x00, 0x00, 0x00, 0x00, 0x00, 0x00, 0x00, 0x20, 0xED,
    0xD7, 0x3D, 0x00, 0x00, 0x00, 0x00, 0x00, 0x00, 0x00, 0xE3, 0x3D, 0x20, 0xEC, 0x04, 0x00, 0x00,
    0x00, 0x00, 0x00, 0x00, 0x00, 0x00, 0x00, 0x00, 0x00, 0x00, 0x00, 0x00, 0x00, 0x00, 0x00, 0x00,
    0x00, 0x00, 0x00, 0x00, 0x00, 0x00, 0x00, 0xFB, 0x01, 0x00, 0x00, 0x00, 0x0B, 0x00, 0x00, 0x00,
    0xE0, 0x0B, 0xF7, 0x05, 0x00, 0x00, 0x40, 0x4F, 0x00, 0x00, 0x00, 0xF4, 0x07, 0xF2, 0x09, 0x00,
    0x00, 0xA0, 0xAF, 0x00, 0x00, 0x00, 0xF9, 0x03, 0xD0, 0x0D, 0x00, 0x00, 0xF1, 0xFF, 0x01, 0x00,
    0x00, 0xDD, 0x00, 0x90, 0x3F, 0x00, 0x00, 0xF7, 0xFA, 0x07, 0x00, 0x20, 0x9F, 0x00, 0x40, 0x7F,
    0x00, 0x00, 0xED, 0xD1, 0x0D, 0x00, 0x70, 0x5F, 0x00, 0x10, 0xBF, 0x00, 0x40, 0x8F, 0x80, 0x4F,
    0x00, 0xB0, 0x1F, 0x00, 0x00, 0xFB, 0x01, 0xA0, 0x2F, 0x20, 0xAF, 0x00, 0xF1, 0x0B, 0x00, 0x00,
    0xF7, 0x05, 0xF1, 0x0B, 0x00, 0xFB, 0x01, 0xF5, 0x07, 0x00, 0x00, 0xF2, 0x09, 0xF7, 0x05, 0x00,
    0xF5, 0x07, 0xF9, 0x02, 0x00, 0x00, 0xD0, 0x0D, 0xED, 0x00, 0x00, 0xE0, 0x0D, 0xDD, 0x00, 0x00,
    0x00, 0x90, 0x6F, 0x8F, 0x00, 0x00, 0x80, 0x6F, 0x8F, 0x00, 0x00, 0x00, 0x40, 0xEF, 0x2F, 0x00,
    0x00, 0x20, 0xEF, 0x4F, 0x00, 0x00, 0x00, 0x10, 0xFF, 0x0B, 0x00, 0x00, 0x00, 0xFB, 0x0E, 0x00,
    0x00, 0x00, 0x00, 0xFB, 0x05, 0x00, 0x00, 0x00, 0xF5, 0x0A, 0x00, 0x00, 0x00, 0x00, 0xD6, 0x00,
    0x00, 0x00, 0x00, 0xE0, 0x06, 0x00, 0x00, 0x00, 0x00, 0x82, 0x00, 0x00, 0x00, 0x00, 0x90, 0x02,
    0x00, 0x00,
    // Unicode: [0x0175]
    0x00, 0x00, 0x00, 0x00, 0xF7, 0x7F, 0x00, 0x00, 0x00, 0x00, 0x00, 0x00, 0x00, 0x90, 0x9F, 0xF8,
    0x09, 0x00, 0x00, 0x00, 0x00, 0x00, 0x00, 0xD9, 0x06, 0x50, 0x9D, 0x00, 0x00, 0x00, 0x00, 0x00,
    0x00, 0x00, 0x00, 0x00, 0x00, 0x00, 0x00, 0x00, 0x00, 0x00, 0x00, 0x00, 0x00, 0x00, 0x00, 0x00,
    0x00, 0x00, 0xEB, 0x01, 0x00, 0x00, 0x60, 0x04, 0x00, 0x00, 0x20, 0x9F, 0xF4, 0x06, 0x00, 0x00,
    0xD0, 0x0B, 0x00, 0x00, 0x80, 0x3F, 0xD0, 0x0C, 0x00, 0x00, 0xF4, 0x2F, 0x00, 0x00, 0xD0, 0x0C,
    0x70, 0x3F, 0x00, 0x00, 0xEB, 0x9F, 0x00, 0x00, 0xF5, 0x05, 0x10, 0x9E, 0x00, 0x20, 0x8F, 0xEA,
    0x01, 0x00, 0xEB, 0x00, 0x00, 0xF9, 0x01, 0x90, 0x2F, 0xF4, 0x06, 0x20, 0x7F, 0x00, 0x00, 0xF3,
    0x07, 0xE1, 0x0A, 0xC0, 0x0D, 0x90, 0x1F, 0x00, 0x00, 0xB0, 0x0D, 0xF7, 0x04, 0x60, 0x4F, 0xE1,
    0x0A, 0x00, 0x00, 0x50, 0x4F, 0xCD, 0x00, 0x00, 0xBE, 0xF6, 0x03, 0x00, 0x00, 0x00, 0xDE, 0x6F,
    0x00, 0x00, 0xF8, 0xCD, 0x00, 0x00, 0x00, 0x00, 0xF8, 0x0E, 0x00, 0x00, 0xF2, 0x5F, 0x00, 0x00,
    0x00, 0x00, 0xF2, 0x08, 0x00, 0x00, 0xA0, 0x0E, 0x00, 0x00, 0x00, 0x00, 0xA0, 0x01, 0x00, 0x00,
    0x30, 0x08, 0x00, 0x00,
    // Unicode: [0x0176]
    0x00, 0x00, 0x00, 0x77, 0x02, 0x00, 0x00, 0x00, 0x00, 0xB1, 0xEF, 0x3E, 0x00, 0x00, 0x00, 0x20,
    0xED, 0x24, 0xEC, 0x04, 0x00, 0x00, 0x60, 0x28, 0x00, 0x71, 0x17, 0x00, 0x00, 0x00, 0x00, 0x00,
    0x00, 0x00, 0x00, 0xD1, 0x2E, 0x00, 0x00, 0x00, 0xC0, 0x3F, 0x50, 0xAF, 0x00, 0x00, 0x00, 0xF7,
    0x08, 0x00, 0xFA, 0x04, 0x00, 0x20, 0xDE, 0x01, 0x00, 0xE2, 0x1D, 0x00, 0xA0, 0x5F, 0x00, 0x00,
    0x60, 0x8F, 0x00, 0xF5, 0x0A, 0x00, 0x00, 0x00, 0xFC, 0x13, 0xED, 0x02, 0x00, 0x00, 0x00, 0xF3,
    0x9C, 0x7F, 0x00, 0x00, 0x00, 0x00, 0x80, 0xFF, 0x0C, 0x00, 0x00, 0x00, 0x00, 0x10, 0xFD, 0x03,
    0x00, 0x00, 0x00, 0x00, 0x00, 0xFA, 0x00, 0x00, 0x00, 0x00, 0x00, 0x00, 0xFA, 0x00, 0x00, 0x00,
    0x00, 0x00, 0x00, 0xFA, 0x00, 0x00, 0x00, 0x00, 0x00, 0x00, 0xFA, 0x00, 0x00, 0x00, 0x00, 0x00,
    0x00, 0xFA, 0x00, 0x00, 0x00, 0x00, 0x00, 0x00, 0xFA, 0x00, 0x00, 0x00, 0x00, 0x00, 0x00, 0xFA,
    0x00, 0x00, 0x00, 0x00, 0x00, 0x00, 0xFA, 0x00, 0x00, 0x00,
    // Unicode: [0x0177]
    0x00, 0x00, 0xC2, 0xCF, 0x01, 0x00, 0x00, 0x00, 0x40, 0xDE, 0xD5, 0x3D, 0x00, 0x00, 0x00, 0xC4,
    0x1A, 0x10, 0xCB, 0x03, 0x00, 0x00, 0x00, 0x00, 0x00, 0x00, 0x00, 0x00, 0x00, 0x00, 0x00, 0x00,
    0x00, 0x00, 0x00, 0xF5, 0x06, 0x00, 0x00, 0x00, 0xF6, 0x05, 0xD0, 0x0D, 0x00, 0x00, 0x00, 0xDD,
    0x00, 0x60, 0x5F, 0x00, 0x00, 0x40, 0x7F, 0x00, 0x10, 0xCE, 0x00, 0x00, 0xB0, 0x1E, 0x00, 0x00,
    0xF8, 0x04, 0x00, 0xF3, 0x08, 0x00, 0x00, 0xE1, 0x0B, 0x00, 0xF9, 0x02, 0x00, 0x00, 0x90, 0x2F,
    0x10, 0xAF, 0x00, 0x00, 0x00, 0x20, 0x9F, 0x70, 0x3F, 0x00, 0x00, 0x00, 0x00, 0xFA, 0xE2, 0x0C,
    0x00, 0x00, 0x00, 0x00, 0xF3, 0xFD, 0x05, 0x00, 0x00, 0x00, 0x00, 0xC0, 0xDF, 0x00, 0x00, 0x00,
    0x00, 0x00, 0x60, 0x6F, 0x00, 0x00, 0x00, 0x00, 0x00, 0xB0, 0x1E, 0x00, 0x00, 0x00, 0x00, 0x00,
    0xF3, 0x08, 0x00, 0x00, 0x00, 0x00, 0x00, 0xFA, 0x02, 0x00, 0x00, 0x00, 0x00, 0x20, 0xAF, 0x00,
    0x00, 0x00, 0x00, 0x00, 0x80, 0x3F, 0x00, 0x00, 0x00, 0x00,
    // Unicode: [0x0178]
    0x00, 0x40, 0xAE, 0x00, 0xE7, 0x07, 0x00, 0x00, 0x90, 0xFF, 0x00, 0xFC, 0x0C, 0x00, 0x00, 0x20,
    0x6A, 0x00, 0xA4, 0x03, 0x00, 0x00, 0x00, 0x00, 0x00, 0x00, 0x00, 0x00, 0xD1, 0x2E, 0x00, 0x00,
    0x00, 0xC0, 0x3F, 0x50, 0xAF, 0x00, 0x00, 0x00, 0xF7, 0x08, 0x00, 0xFA, 0x04, 0x00, 0x20, 0xDE,
    0x01, 0x00, 0xE2, 0x1D, 0x00, 0xA0, 0x5F, 0x00, 0x00, 0x60, 0x8F, 0x00, 0xF5, 0x0A, 0x00, 0x00,
    0x00, 0xFC, 0x13, 0xED, 0x02, 0x00, 0x00, 0x00, 0xF3, 0x9C, 0x7F, 0x00, 0x00, 0x00, 0x00, 0x80,
    0xFF, 0x0C, 0x00, 0x00, 0x00, 0x00, 0x10, 0xFD, 0x03, 0x00, 0x00, 0x00, 0x00, 0x00, 0xFA, 0x00,
    0x00, 0x00, 0x00, 0x00, 0x00, 0xFA, 0x00, 0x00, 0x00, 0x00, 0x00, 0x00, 0xFA, 0x00, 0x00, 0x00,
    0x00, 0x00, 0x00, 0xFA, 0x00, 0x00, 0x00, 0x00, 0x00, 0x00, 0xFA, 0x00, 0x00, 0x00, 0x00, 0x00,
    0x00, 0xFA, 0x00, 0x00, 0x00, 0x00, 0x00, 0x00, 0xFA, 0x00, 0x00, 0x00, 0x00, 0x00, 0x00, 0xFA,
    0x00, 0x00, 0x00,
    // Unicode: [0x0179]
    0x00, 0x00, 0x30, 0xEF, 0x04, 0x00, 0x00, 0x00, 0xD1, 0x4E, 0x00, 0x00, 0x00, 0x00, 0xEA, 0x04,
    0x00, 0x00, 0x00, 0x10, 0x48, 0x00, 0x00, 0x00, 0x00, 0x00, 0x00, 0x00, 0x00, 0x00, 0x80, 0xFF,
    0xFF, 0xFF, 0xFF, 0x04, 0x50, 0xAA, 0xAA, 0xBA, 0xCF, 0x00, 0x00, 0x00, 0x00, 0x70, 0x5F, 0x00,
    0x00, 0x00, 0x00, 0xE1, 0x0D, 0x00, 0x00, 0x00, 0x00, 0xF7, 0x06, 0x00, 0x00, 0x00, 0x00, 0xED,
    0x00, 0x00, 0x00, 0x00, 0x60, 0x7F, 0x00, 0x00, 0x00, 0x00, 0xD0, 0x1E, 0x00, 0x00, 0x00, 0x00,
    0xF5, 0x08, 0x00, 0x00, 0x00, 0x00, 0xEC, 0x01, 0x00, 0x00, 0x00, 0x40, 0x9F, 0x00, 0x00, 0x00,
    0x00, 0xB0, 0x2F, 0x00, 0x00, 0x00, 0x00, 0xF3, 0x0A, 0x00, 0x00, 0x00, 0x00, 0xFB, 0x03, 0x00,
    0x00, 0x00, 0x30, 0xBF, 0x00, 0x00, 0x00, 0x00, 0xA0, 0xCF, 0xAA, 0xAA, 0xAA, 0x02, 0xF2, 0xFF,
    0xFF, 0xFF, 0xFF, 0x02,
    // Unicode: [0x017A]
    0x00, 0x00, 0x00, 0x87, 0x04, 0x00, 0x00, 0x80, 0xBF, 0x01, 0x00, 0x00, 0xF4, 0x1B, 0x00, 0x00,
    0x10, 0xBD, 0x01, 0x00, 0x00, 0x00, 0x00, 0x00, 0x00, 0x00, 0x00, 0x00, 0x00, 0x00, 0xF3, 0xFF,
    0xFF, 0xFF, 0xCF, 0x71, 0x77, 0x77, 0xE7, 0x3F, 0x00, 0x00, 0x00, 0xF5, 0x09, 0x00, 0x00, 0x10,
    0xEE, 0x01, 0x00, 0x00, 0x90, 0x5F, 0x00, 0x00, 0x00, 0xF3, 0x0B, 0x00, 0x00, 0x00, 0xEC, 0x02,
    0x00, 0x00, 0x70, 0x7F, 0x00, 0x00, 0x00, 0xE2, 0x0C, 0x00, 0x00, 0x00, 0xFB, 0x03, 0x00, 0x00,
    0x50, 0x9F, 0x00, 0x00, 0x00, 0xE1, 0x8F, 0x77, 0x77, 0x67, 0xF9, 0xFF, 0xFF, 0xFF, 0xEF,
    // Unicode: [0x017B]
    0x00, 0x00, 0xEA, 0x04, 0x00, 0x00, 0x00, 0x00, 0xFF, 0x09, 0x00, 0x00, 0x00, 0x00, 0xA5, 0x02,
    0x00, 0x00, 0x00, 0x00, 0x00, 0x00, 0x00, 0x00, 0x80, 0xFF, 0xFF, 0xFF, 0xFF, 0x04, 0x50, 0xAA,
    0xAA, 0xBA, 0xCF, 0x00, 0x00, 0x00, 0x00, 0x70, 0x5F, 0x00, 0x00, 0x00, 0x00, 0xE1, 0x0D, 0x00,
    0x00, 0x00, 0x00, 0xF7, 0x06, 0x00, 0x00, 0x00, 0x00, 0xED, 0x00, 0x00, 0x00, 0x00, 0x60, 0x7F,
    0x00, 0x00, 0x00, 0x00, 0xD0, 0x1E, 0x00, 0x00, 0x00, 0x00, 0xF5, 0x08, 0x00, 0x00, 0x00, 0x00,
    0xEC, 0x01, 0x00, 0x00, 0x00, 0x40, 0x9F, 0x00, 0x00, 0x00, 0x00, 0xB0, 0x2F, 0x00, 0x00, 0x00,
    0x00, 0xF3, 0x0A, 0x00, 0x00, 0x00, 0x00, 0xFB, 0x03, 0x00, 0x00, 0x00, 0x30, 0xBF, 0x00, 0x00,
    0x00, 0x00, 0xA0, 0xCF, 0xAA, 0xAA, 0xAA, 0x02, 0xF2, 0xFF, 0xFF, 0xFF, 0xFF, 0x02,
    // Unicode: [0x017C]
    0x00, 0x40, 0xAE, 0x00, 0x00, 0x00, 0x90, 0xFF, 0x00, 0x00, 0x00, 0x20, 0x6A, 0x00, 0x00, 0x00,
    0x00, 0x00, 0x00, 0x00, 0xF3, 0xFF, 0xFF, 0xFF, 0xCF, 0x71, 0x77, 0x77, 0xE7, 0x3F, 0x00, 0x00,
    0x00, 0xF5, 0x09, 0x00, 0x00, 0x10, 0xEE, 0x01, 0x00, 0x00, 0x90, 0x5F, 0x00, 0x00, 0x00, 0xF3,
    0x0B, 0x00, 0x00, 0x00, 0xEC, 0x02, 0x00, 0x00, 0x70, 0x7F, 0x00, 0x00, 0x00, 0xE2, 0x0C, 0x00,
    0x00, 0x00, 0xFB, 0x03, 0x00, 0x00, 0x50, 0x9F, 0x00, 0x00, 0x00, 0xE1, 0x8F, 0x77, 0x77, 0x67,
    0xF9, 0xFF, 0xFF, 0xFF, 0xEF,
    // Unicode: [0x017D]
    0x20, 0x77, 0x00, 0x30, 0x58, 0x00, 0x00, 0xF6, 0x1B, 0xF6, 0x1C, 0x00, 0x00, 0x40, 0xEE, 0xAF,
    0x00, 0x00, 0x00, 0x00, 0x83, 0x06, 0x00, 0x00, 0x00, 0x00, 0x00, 0x00, 0x00, 0x00, 0x80, 0xFF,
    0xFF, 0xFF, 0xFF, 0x04, 0x50, 0xAA, 0xAA, 0xBA, 0xCF, 0x00, 0x00, 0x00, 0x00, 0x70, 0x5F, 0x00,
    0x00, 0x00, 0x00, 0xE1, 0x0D, 0x00, 0x00, 0x00, 0x00, 0xF7, 0x06, 0x00, 0x00, 0x00, 0x00, 0xED,
    0x00, 0x00, 0x00, 0x00, 0x60, 0x7F, 0x00, 0x00, 0x00, 0x00, 0xD0, 0x1E, 0x00, 0x00, 0x00, 0x00,
    0xF5, 0x08, 0x00, 0x00, 0x00, 0x00, 0xEC, 0x01, 0x00, 0x00, 0x00, 0x40, 0x9F, 0x00, 0x00, 0x00,
    0x00, 0xB0, 0x2F, 0x00, 0x00, 0x00, 0x00, 0xF3, 0x0A, 0x00, 0x00, 0x00, 0x00, 0xFB, 0x03, 0x00,
    0x00, 0x00, 0x30, 0xBF, 0x00, 0x00, 0x00, 0x00, 0xA0, 0xCF, 0xAA, 0xAA, 0xAA, 0x02, 0xF2, 0xFF,
    0xFF, 0xFF, 0xFF, 0x02,
    // Unicode: [0x017E]
    0x80, 0x8F, 0x00, 0xF7, 0x1A, 0x00, 0xF6, 0xBB, 0x8F, 0x00, 0x00, 0x40, 0xDC, 0x05, 0x00, 0x00,
    0x00, 0x00, 0x00, 0x00, 0x00, 0x00, 0x00, 0x00, 0x00, 0xF3, 0xFF, 0xFF, 0xFF, 0xCF, 0x71, 0x77,
    0x77, 0xE7, 0x3F, 0x00, 0x00, 0x00, 0xF5, 0x09, 0x00, 0x00, 0x10, 0xEE, 0x01, 0x00, 0x00, 0x90,
    0x5F, 0x00, 0x00, 0x00, 0xF3, 0x0B, 0x00, 0x00, 0x00, 0xEC, 0x02, 0x00, 0x00, 0x70, 0x7F, 0x00,
    0x00, 0x00, 0xE2, 0x0C, 0x00, 0x00, 0x00, 0xFB, 0x03, 0x00, 0x00, 0x50, 0x9F, 0x00, 0x00, 0x00,
    0xE1, 0x8F, 0x77, 0x77, 0x67, 0xF9, 0xFF, 0xFF, 0xFF, 0xEF,
    // Unicode: [0x017F]
    0x70, 0xEE, 0x0C, 0xF3, 0x9D, 0x1B, 0xF6, 0x04, 0x00, 0xF6, 0x03, 0x00, 0xF6, 0x03, 0x00, 0xF6,
    0x03, 0x00, 0xF6, 0x03, 0x00, 0xF6, 0x03, 0x00, 0xF6, 0x03, 0x00, 0xF6, 0x03, 0x00, 0xF6, 0x03,
    0x00, 0xF6, 0x03, 0x00, 0xF6, 0x03, 0x00, 0xF6, 0x03, 0x00, 0xF6, 0x03, 0x00, 0xF6, 0x03, 0x00,
    0xF6, 0x03, 0x00,
    // Unicode: [0x0192]
    0x00, 0x00, 0x00, 0x60, 0xDE, 0x08, 0x00, 0x00, 0x00, 0xF2, 0x8B, 0x0D, 0x00, 0x00, 0x00, 0xF7,
    0x02, 0x01, 0x00, 0x00, 0x00, 0xEA, 0x00, 0x00, 0x00, 0x00, 0x00, 0xBC, 0x00, 0x00, 0x00, 0x00,
    0x00, 0x9E, 0x00, 0x00, 0x00, 0x00, 0x20, 0x7F, 0x00, 0x00, 0x00, 0x00, 0x52, 0x6F, 0x22, 0x00,
    0x00, 0x10, 0xFF, 0xFF, 0xEF, 0x00, 0x00, 0x10, 0xA5, 0x5F, 0x45, 0x00, 0x00, 0x00, 0xA0, 0x0D,
    0x00, 0x00, 0x00, 0x00, 0xD0, 0x0B, 0x00, 0x00, 0x00, 0x00, 0xF0, 0x09, 0x00, 0x00, 0x00, 0x00,
    0xF2, 0x06, 0x00, 0x00, 0x00, 0x00, 0xF4, 0x04, 0x00, 0x00, 0x00, 0x00, 0xF7, 0x02, 0x00, 0x00,
    0x00, 0x00, 0xE9, 0x00, 0x00, 0x00, 0x00, 0x00, 0xCB, 0x00, 0x00, 0x00, 0x00, 0x00, 0x9E, 0x00,
    0x00, 0x00, 0x00, 0x30, 0x6F, 0x00, 0x00, 0x00, 0x00, 0x90, 0x1F, 0x00, 0x00, 0x00, 0x97, 0xFB,
    0x08, 0x00, 0x00, 0x00, 0xD5, 0x8E, 0x00, 0x00, 0x00, 0x00
};
